time,_time_gateway,ACT_SNR_PMP_BO_0,ACT_SNR_PMP_BO_1,ACT_SNR_PMP_BO_2,ACT_SNR_PMP_BO_3,ACT_SNR_PMP_BO_4,SNR_NOX_PRED,SNR_STATUS_CODE,SNR_STAGE,SNR_MESSAGE,SNR_PMP_UW_S_1,BR1_EO_FG_A,ICF_CCS_FG_T_1,ICF_SCS_FG_T_2,ICF_TMS_NOX_A,ACC_SNR_AI_1A,ACT_STATUS,NOX_30m_Value,NOX_EQ_Status,NOX_Value,SNR_EQ_UW_F_1,ACT_SNR_PMP_UW_S,IncineratorStatus,SNR_UREA_SAVING_RATE,SNR_NOX_PRED_MAE
2025-11-10 07:47:51+00:00,2025-11-10 07:47:51,,,,,,,,,,19.6612492,6.46406269,936.0,1058.11877,18.9375,,,11.78,0.0,18.2,,,0.0,,
2025-11-10 07:47:52+00:00,2025-11-10 07:47:52,,,,,,,,,,19.6612492,6.46406269,936.0,1058.11877,18.9375,,,11.78,0.0,18.2,,,0.0,,
2025-11-10 07:47:53+00:00,2025-11-10 07:47:53,,,,,,,,,,19.6612492,6.5453124,936.0,1057.38745,18.8374996,,,11.78,0.0,18.2,,,0.0,,
2025-11-10 07:47:54+00:00,2025-11-10 07:47:54,,,,,,,,,,19.6612492,6.5453124,936.0,1057.38745,18.8374996,,,11.78,0.0,18.2,,,0.0,,
2025-11-10 07:47:55+00:00,2025-11-10 07:47:55,24.6612492,26.0,26.0,26.0,26.0,18.595773738719625,100.0,BO_ONLY,"BO 모델 결과만 사용 (1단계 롤백, 2~4단계에서 Hz 변화 없음)",19.6612492,6.65312481,935.0,1055.92505,18.8250008,,,11.78,0.0,18.2,,,0.0,,
2025-11-10 07:47:56+00:00,2025-11-10 07:47:56,,,,,,,,,,19.6612492,6.65312481,935.0,1055.92505,18.8250008,,,11.78,0.0,18.2,,,0.0,,
2025-11-10 07:47:57+00:00,2025-11-10 07:47:57,,,,,,,,,,19.6612492,6.6640625,936.0,1055.11255,18.9750004,,,11.78,0.0,18.2,,,0.0,,
2025-11-10 07:47:58+00:00,2025-11-10 07:47:58,,,,,,,,,,19.6612492,6.7718749,937.0,1054.7063,18.8125,,,11.78,0.0,18.2,,,0.0,,
2025-11-10 07:47:59+00:00,2025-11-10 07:47:59,,,,,,,,,,19.6612492,6.7718749,937.0,1054.7063,18.8125,,,11.78,0.0,18.2,,,0.0,,
2025-11-10 07:48:00+00:00,2025-11-10 07:48:00,24.6612492,26.0,26.0,26.0,26.0,18.773883840361822,100.0,BO_ONLY,"BO 모델 결과만 사용 (1단계 롤백, 2~4단계에서 Hz 변화 없음)",19.6612492,6.7671876,935.0,1053.97498,18.8500004,,3.0,11.78,0.0,18.2,,,0.0,,
2025-11-10 07:48:01+00:00,2025-11-10 07:48:01,,,,,,,,,,19.6612492,6.7671876,935.0,1053.97498,18.8500004,,,11.78,0.0,18.36,,,0.0,,
2025-11-10 07:48:02+00:00,2025-11-10 07:48:02,,,,,,,,,,19.6612492,6.94218731,936.0,1053.32495,18.7999992,,,11.78,0.0,18.36,,,0.0,,
2025-11-10 07:48:03+00:00,2025-11-10 07:48:03,,,,,,,,,,19.6612492,6.94218731,936.0,1053.32495,18.7999992,,,11.78,0.0,18.36,,,0.0,,
2025-11-10 07:48:04+00:00,2025-11-10 07:48:04,,,,,,,,,,19.6612492,6.9671874,936.0,1053.97498,18.9624996,,,11.78,0.0,18.36,,,0.0,,
2025-11-10 07:48:05+00:00,2025-11-10 07:48:05,24.0,24.0,24.0,24.0,24.0,18.914287055249265,100.0,BO_ONLY,"BO 모델 결과만 사용 (1단계 롤백, 2~4단계에서 Hz 변화 없음)",19.6612492,7.0328126,936.0,1053.24377,19.1375008,,,11.78,0.0,18.36,,,0.0,,
2025-11-10 07:48:06+00:00,2025-11-10 07:48:06,,,,,,,,,,19.6612492,7.0328126,935.0,1053.24377,19.1375008,,,11.78,0.0,18.36,,,0.0,,
2025-11-10 07:48:07+00:00,2025-11-10 07:48:07,,,,,,,,,,19.6612492,7.1234374,935.0,1053.40625,19.1749992,,,11.78,0.0,18.36,,,0.0,,
2025-11-10 07:48:08+00:00,2025-11-10 07:48:08,,,,,,,,,,19.6612492,7.1015625,936.0,1053.40625,19.5249996,,,11.78,0.0,18.36,,,0.0,,
2025-11-10 07:48:09+00:00,2025-11-10 07:48:09,,,,,,,,,,19.6612492,7.1015625,936.0,1054.05627,19.5249996,,,11.78,0.0,18.36,,,0.0,,
2025-11-10 07:48:10+00:00,2025-11-10 07:48:10,24.0,24.0,24.0,24.0,24.0,19.754894702033937,100.0,BO_ONLY,"BO 모델 결과만 사용 (1단계 롤백, 2~4단계에서 Hz 변화 없음)",19.6612492,7.22187519,936.0,1051.78125,19.3250008,,,11.78,0.0,18.36,,,0.0,,
2025-11-10 07:48:11+00:00,2025-11-10 07:48:11,,,,,,,,,,19.6612492,7.22187519,936.0,1051.78125,19.3250008,,,11.78,0.0,18.36,,,0.0,,
2025-11-10 07:48:12+00:00,2025-11-10 07:48:12,,,,,,,,,,19.6612492,7.23906231,936.0,1052.2688,19.6625004,,,11.78,0.0,18.43,,,0.0,,
2025-11-10 07:48:13+00:00,2025-11-10 07:48:13,,,,,,,,,,19.6612492,7.31562519,936.0,1050.4812,19.75,,,11.78,0.0,18.43,,,0.0,,
2025-11-10 07:48:14+00:00,2025-11-10 07:48:14,,,,,,,,,,19.6612492,7.31562519,936.0,1050.4812,19.75,,,11.78,0.0,18.43,,,0.0,,
2025-11-10 07:48:15+00:00,2025-11-10 07:48:15,24.0,24.0,24.0,24.0,24.0,19.82985929640119,100.0,BO_ONLY,"BO 모델 결과만 사용 (1단계 롤백, 2~4단계에서 Hz 변화 없음)",19.6612492,7.31562519,936.0,1049.8313,19.9125004,,,11.78,0.0,18.43,,,0.0,,
2025-11-10 07:48:16+00:00,2025-11-10 07:48:16,,,,,,,,,,19.6612492,7.39531231,935.0,1049.8313,19.9125004,,,11.78,0.0,18.43,,,0.0,,
2025-11-10 07:48:17+00:00,2025-11-10 07:48:17,,,,,,,,,,19.6612492,7.39531231,935.0,1049.99377,19.9500008,,,11.78,0.0,18.43,,,0.0,,
2025-11-10 07:48:18+00:00,2025-11-10 07:48:18,,,,,,,,,,19.6612492,7.4453125,935.0,1049.99377,19.9500008,,,11.78,0.0,18.43,,,0.0,,
2025-11-10 07:48:19+00:00,2025-11-10 07:48:19,,,,,,,,,,19.6612492,7.4453125,935.0,1049.99377,19.9500008,,,11.78,0.0,18.43,,,0.0,,
2025-11-10 07:48:20+00:00,2025-11-10 07:48:20,24.0,24.0,24.0,24.0,24.0,19.82841337137463,100.0,BO_ONLY,"BO 모델 결과만 사용 (1단계 롤백, 2~4단계에서 Hz 변화 없음)",19.6612492,7.5484376,933.0,1049.18127,20.5874996,,,11.78,0.0,18.43,,,0.0,,
2025-11-10 07:48:21+00:00,2025-11-10 07:48:21,,,,,,,,,,19.6612492,7.65937519,935.0,1049.34375,20.5625,,,11.78,0.0,19.24,,,0.0,,
2025-11-10 07:48:22+00:00,2025-11-10 07:48:22,,,,,,,,,,19.6612492,7.65937519,935.0,1049.34375,20.5625,,,11.78,0.0,19.24,,,0.0,,
2025-11-10 07:48:23+00:00,2025-11-10 07:48:23,,,,,,,,,,19.6612492,7.74531269,934.0,1046.5813,20.5499992,,,11.78,0.0,19.24,,,0.0,,
2025-11-10 07:48:24+00:00,2025-11-10 07:48:24,,,,,,,,,,19.6612492,7.7109375,934.0,1046.4187,20.9249992,,,11.78,0.0,19.24,,,0.0,,
2025-11-10 07:48:25+00:00,2025-11-10 07:48:25,20.0,20.0,20.0,20.0,20.0,20.26071314716999,100.0,BO_ONLY,"BO 모델 결과만 사용 (1단계 롤백, 2~4단계에서 Hz 변화 없음)",19.6612492,7.7109375,934.0,1046.4187,20.9249992,,,11.78,0.0,19.24,,,0.0,,
2025-11-10 07:48:26+00:00,2025-11-10 07:48:26,,,,,,,,,,19.6612492,7.7640624,934.0,1046.5,20.7749996,,,11.78,0.0,19.24,,,0.0,,
2025-11-10 07:48:27+00:00,2025-11-10 07:48:27,,,,,,,,,,19.6612492,7.7640624,934.0,1046.5,20.7749996,,,11.78,0.0,19.24,,,0.0,,
2025-11-10 07:48:28+00:00,2025-11-10 07:48:28,,,,,,,,,,19.6612492,7.9203124,934.0,1046.82495,21.1124992,,,11.78,0.0,19.24,,,0.0,,
2025-11-10 07:48:29+00:00,2025-11-10 07:48:29,,,,,,,,,,19.6612492,7.9281249,935.0,1047.63745,21.2124996,,,11.78,0.0,19.24,,,0.0,,
2025-11-10 07:48:30+00:00,2025-11-10 07:48:30,20.0,20.0,20.0,20.0,20.0,20.1187978754427,100.0,BO_ONLY,"BO 모델 결과만 사용 (1단계 롤백, 2~4단계에서 Hz 변화 없음)",19.6612492,7.9281249,935.0,1047.63745,21.2124996,,,11.78,0.0,19.24,,,0.0,,
2025-11-10 07:48:31+00:00,2025-11-10 07:48:31,,,,,,,,,,19.6612492,8.01718712,935.0,1044.9563,21.3624992,,,11.78,0.0,20.31,,,0.0,,
2025-11-10 07:48:32+00:00,2025-11-10 07:48:32,,,,,,,,,,19.6612492,8.07187462,933.0,1043.1687,21.3999996,,,11.78,0.0,20.31,,,0.0,,
2025-11-10 07:48:33+00:00,2025-11-10 07:48:33,,,,,,,,,,19.6612492,8.07187462,933.0,1043.1687,21.3999996,,,11.78,0.0,20.31,,,0.0,,
2025-11-10 07:48:34+00:00,2025-11-10 07:48:34,,,,,,,,,,19.6612492,8.12343788,935.0,1043.9812,22.0499992,,,11.78,0.0,20.31,,,0.0,,
2025-11-10 07:48:35+00:00,2025-11-10 07:48:35,23.0,23.0,23.0,23.0,23.0,21.610611765177286,100.0,BO_ONLY,"BO 모델 결과만 사용 (1단계 롤백, 2~4단계에서 Hz 변화 없음)",19.6612492,8.12343788,935.0,1043.9812,22.0499992,,,11.78,0.0,20.31,,,0.0,,
2025-11-10 07:48:36+00:00,2025-11-10 07:48:36,,,,,,,,,,19.6612492,8.10624981,935.0,1041.46252,21.9750004,,,11.78,0.0,20.31,,,0.0,,
2025-11-10 07:48:37+00:00,2025-11-10 07:48:37,,,,,,,,,,19.6612492,8.22812462,934.0,1040.97498,21.9750004,,,11.78,0.0,20.31,,,0.0,,
2025-11-10 07:48:38+00:00,2025-11-10 07:48:38,,,,,,,,,,19.6612492,8.2734375,934.0,1040.65002,22.0750008,,,11.78,0.0,20.31,,,0.0,,
2025-11-10 07:48:39+00:00,2025-11-10 07:48:39,,,,,,,,,,19.6612492,8.2734375,934.0,1040.65002,22.0750008,,,11.78,0.0,20.31,,,0.0,,
2025-11-10 07:48:40+00:00,2025-11-10 07:48:40,23.0,23.0,23.0,23.0,23.0,21.929873806553605,100.0,BO_ONLY,"BO 모델 결과만 사용 (1단계 롤백, 2~4단계에서 Hz 변화 없음)",19.6612492,8.32968712,934.0,1040.8938,22.3875008,,,11.78,0.0,20.31,,,0.0,,
2025-11-10 07:48:41+00:00,2025-11-10 07:48:41,,,,,,,,,,19.6612492,8.265625,934.0,1040.8938,22.2124996,,,11.78,0.0,21.09,,,0.0,,
2025-11-10 07:48:42+00:00,2025-11-10 07:48:42,,,,,,,,,,19.6612492,8.265625,934.0,1040.97498,22.2124996,,,11.78,0.0,21.09,,,0.0,,
2025-11-10 07:48:43+00:00,2025-11-10 07:48:43,,,,,,,,,,19.6612492,8.43906212,934.0,1039.83752,22.2000008,,,11.78,0.0,21.09,,,0.0,,
2025-11-10 07:48:44+00:00,2025-11-10 07:48:44,,,,,,,,,,19.6612492,8.43906212,934.0,1039.83752,22.2000008,,,11.78,0.0,21.09,,,0.0,,
2025-11-10 07:48:45+00:00,2025-11-10 07:48:45,23.0,23.0,23.0,23.0,23.0,22.001375773804842,100.0,BO_ONLY,"BO 모델 결과만 사용 (1단계 롤백, 2~4단계에서 Hz 변화 없음)",19.6612492,8.44375038,934.0,1038.05005,22.75,,,11.78,0.0,21.09,,,0.0,,
2025-11-10 07:48:46+00:00,2025-11-10 07:48:46,,,,,,,,,,19.6612492,8.44375038,934.0,1038.05005,22.75,,,11.78,0.0,21.09,,,0.0,,
2025-11-10 07:48:47+00:00,2025-11-10 07:48:47,,,,,,,,,,19.6612492,8.56875038,934.0,1037.5625,22.5249996,,,11.78,0.0,21.09,,,0.0,,
2025-11-10 07:48:48+00:00,2025-11-10 07:48:48,,,,,,,,,,19.6612492,8.56875038,936.0,1037.5625,22.5249996,,,11.78,0.0,21.09,,,0.0,,
2025-11-10 07:48:49+00:00,2025-11-10 07:48:49,,,,,,,,,,19.6612492,8.63437462,936.0,1036.91248,23.1000004,,,11.78,0.0,21.09,,,0.0,,
2025-11-10 07:48:50+00:00,2025-11-10 07:48:50,19.0,19.0,19.0,19.0,19.0,22.517270772716,100.0,BO_ONLY,"BO 모델 결과만 사용 (1단계 롤백, 2~4단계에서 Hz 변화 없음)",19.6612492,8.63437462,937.0,1036.91248,23.1000004,,,11.78,0.0,21.09,,,0.0,,
2025-11-10 07:48:51+00:00,2025-11-10 07:48:51,,,,,,,,,,19.6612492,8.62187481,937.0,1037.5625,22.7124996,,,11.78,0.0,21.79,,,0.0,,
2025-11-10 07:48:52+00:00,2025-11-10 07:48:52,,,,,,,,,,19.6612492,8.62187481,936.0,1037.5625,22.7124996,,,11.78,0.0,21.79,,,0.0,,
2025-11-10 07:48:53+00:00,2025-11-10 07:48:53,,,,,,,,,,19.6612492,8.68281269,935.0,1035.44995,22.9249992,,,11.78,0.0,21.79,,,0.0,,
2025-11-10 07:48:54+00:00,2025-11-10 07:48:54,,,,,,,,,,19.6612492,8.65468788,937.0,1036.18127,23.7250004,,,11.78,0.0,21.79,,,0.0,,
2025-11-10 07:48:55+00:00,2025-11-10 07:48:55,19.0,19.0,19.0,19.0,19.0,21.722278688100225,100.0,BO_ONLY,"BO 모델 결과만 사용 (1단계 롤백, 2~4단계에서 Hz 변화 없음)",19.6612492,8.65468788,937.0,1036.18127,23.7250004,,,11.78,0.0,21.79,,,0.0,,
2025-11-10 07:48:56+00:00,2025-11-10 07:48:56,,,,,,,,,,19.6612492,8.5859375,937.0,1034.15002,23.5750008,,,11.78,0.0,21.79,,,0.0,,
2025-11-10 07:48:57+00:00,2025-11-10 07:48:57,,,,,,,,,,19.6612492,8.5859375,937.0,1034.15002,23.5750008,,,11.78,0.0,21.79,,,0.0,,
2025-11-10 07:48:58+00:00,2025-11-10 07:48:58,,,,,,,,,,19.6612492,8.4765625,935.0,1033.82495,23.4750004,,,11.78,0.0,21.79,,,0.0,,
2025-11-10 07:48:59+00:00,2025-11-10 07:48:59,,,,,,,,,,19.6612492,8.4765625,935.0,1033.82495,23.4750004,,,11.78,0.0,21.79,,,0.0,,
2025-11-10 07:49:00+00:00,2025-11-10 07:49:00,19.0,19.0,19.0,19.0,19.0,22.54451219956045,100.0,BO_ONLY,"BO 모델 결과만 사용 (1단계 롤백, 2~4단계에서 Hz 변화 없음)",19.6612492,8.16718769,936.0,1033.33752,24.2000008,,3.0,11.78,0.0,21.79,,,0.0,,
2025-11-10 07:49:01+00:00,2025-11-10 07:49:01,,,,,,,,,,19.6612492,8.16718769,936.0,1033.33752,24.2000008,,,11.78,0.0,22.86,,,0.0,,
2025-11-10 07:49:02+00:00,2025-11-10 07:49:02,,,,,,,,,,19.6612492,7.78593731,936.0,1034.55627,23.7374992,,,11.78,0.0,22.86,,,0.0,,
2025-11-10 07:49:03+00:00,2025-11-10 07:49:03,,,,,,,,,,19.6612492,7.3046875,937.0,1034.55627,20.7875004,,,11.78,0.0,22.86,,,0.0,,
2025-11-10 07:49:04+00:00,2025-11-10 07:49:04,,,,,,,,,,19.6612492,7.3046875,937.0,1034.55627,20.7875004,,,11.78,0.0,22.86,,,0.0,,
2025-11-10 07:49:05+00:00,2025-11-10 07:49:05,23.0,23.0,23.0,23.0,23.0,21.812951256835365,100.0,BO_ONLY,"BO 모델 결과만 사용 (1단계 롤백, 2~4단계에서 Hz 변화 없음)",19.6612492,6.8499999,936.0,1033.66248,20.6625004,,,11.78,0.0,22.86,,,0.0,,
2025-11-10 07:49:06+00:00,2025-11-10 07:49:06,,,,,,,,,,19.6612492,6.8499999,936.0,1033.66248,20.6625004,,,11.78,0.0,22.86,,,0.0,,
2025-11-10 07:49:07+00:00,2025-11-10 07:49:07,,,,,,,,,,19.6612492,6.32499981,936.0,1033.5813,20.7250004,,,11.78,0.0,22.86,,,0.0,,
2025-11-10 07:49:08+00:00,2025-11-10 07:49:08,,,,,,,,,,19.6612492,6.32499981,936.0,1033.5813,20.7250004,,,11.78,0.0,22.86,,,0.0,,
2025-11-10 07:49:09+00:00,2025-11-10 07:49:09,,,,,,,,,,19.6612492,5.9156251,937.0,1034.47498,20.8500004,,,11.78,0.0,22.86,,,0.0,,
2025-11-10 07:49:10+00:00,2025-11-10 07:49:10,23.0,23.0,23.0,23.0,23.0,16.232287940924046,100.0,BO_ONLY,"BO 모델 결과만 사용 (1단계 롤백, 2~4단계에서 Hz 변화 없음)",19.6612492,5.9156251,937.0,1034.47498,20.8500004,,,11.78,0.0,22.86,,,0.0,,
2025-11-10 07:49:11+00:00,2025-11-10 07:49:11,,,,,,,,,,19.6612492,5.48124981,935.0,1034.2312,20.9874992,,,11.78,0.0,19.97,,,0.0,,
2025-11-10 07:49:12+00:00,2025-11-10 07:49:12,,,,,,,,,,19.6612492,5.1312499,936.0,1034.15002,21.8250008,,,11.78,0.0,19.97,,,0.0,,
2025-11-10 07:49:14+00:00,2025-11-10 07:49:14,,,,,,,,,,19.6612492,4.9609375,935.0,1033.4187,22.0,,,11.78,0.0,19.97,,,0.0,,
2025-11-10 07:49:15+00:00,2025-11-10 07:49:15,24.6612492,25.0,25.0,25.0,25.0,15.72429143883764,100.0,BO_ONLY,"BO 모델 결과만 사용 (1단계 롤백, 2~4단계에서 Hz 변화 없음)",19.6612492,4.9609375,935.0,1033.4187,22.0,,,11.78,0.0,19.97,,,0.0,,
2025-11-10 07:49:16+00:00,2025-11-10 07:49:16,,,,,,,,,,19.6612492,4.5796876,936.0,1034.2312,22.0750008,,,11.78,0.0,19.97,,,0.0,,
2025-11-10 07:49:17+00:00,2025-11-10 07:49:17,,,,,,,,,,19.6612492,4.5796876,936.0,1034.2312,22.0750008,,,11.78,0.0,19.97,,,0.0,,
2025-11-10 07:49:18+00:00,2025-11-10 07:49:18,,,,,,,,,,19.6612492,4.41718769,936.0,1033.5,22.0249996,,,11.78,0.0,19.97,,,0.0,,
2025-11-10 07:49:19+00:00,2025-11-10 07:49:19,,,,,,,,,,19.6612492,4.41718769,936.0,1033.5,22.0249996,,,11.78,0.0,19.97,,,0.0,,
2025-11-10 07:49:20+00:00,2025-11-10 07:49:20,23.0,23.0,23.0,23.0,23.0,15.06108832092885,100.0,BO_ONLY,"BO 모델 결과만 사용 (1단계 롤백, 2~4단계에서 Hz 변화 없음)",19.6612492,4.25,936.0,1033.33752,22.0249996,,,11.78,0.0,19.97,,,0.0,,
2025-11-10 07:49:21+00:00,2025-11-10 07:49:21,,,,,,,,,,19.6612492,4.25,936.0,1033.33752,22.3250008,,,11.78,0.0,19.97,,,0.0,,
2025-11-10 07:49:22+00:00,2025-11-10 07:49:22,,,,,,,,,,19.6612492,4.09687519,939.0,1033.5,22.3250008,,,11.78,0.0,21.01,,,0.0,,
2025-11-10 07:49:23+00:00,2025-11-10 07:49:23,,,,,,,,,,19.6612492,4.0609374,937.0,1033.5,14.9125004,,,11.78,0.0,21.01,,,0.0,,
2025-11-10 07:49:24+00:00,2025-11-10 07:49:24,,,,,,,,,,19.6612492,4.0609374,937.0,1033.98755,14.9125004,,,11.78,0.0,21.01,,,0.0,,
2025-11-10 07:49:25+00:00,2025-11-10 07:49:25,22.0,22.0,22.0,22.0,22.0,13.943336559867703,100.0,BO_ONLY,"BO 모델 결과만 사용 (1단계 롤백, 2~4단계에서 Hz 변화 없음)",19.6612492,3.9203124,939.0,1033.98755,14.9499998,,,11.78,0.0,21.01,,,0.0,,
2025-11-10 07:49:26+00:00,2025-11-10 07:49:26,,,,,,,,,,19.6612492,3.9203124,939.0,1034.3938,14.9499998,,,11.78,0.0,21.01,,,0.0,,
2025-11-10 07:49:27+00:00,2025-11-10 07:49:27,,,,,,,,,,19.6612492,3.8453126,937.0,1034.3938,14.9750004,,,11.78,0.0,21.01,,,0.0,,
2025-11-10 07:49:28+00:00,2025-11-10 07:49:28,,,,,,,,,,19.6612492,3.8578124,940.0,1034.2312,15.1750002,,,11.78,0.0,21.01,,,0.0,,
2025-11-10 07:49:29+00:00,2025-11-10 07:49:29,,,,,,,,,,19.6612492,3.8578124,940.0,1034.2312,15.1750002,,,11.78,0.0,21.01,,,0.0,,
2025-11-10 07:49:30+00:00,2025-11-10 07:49:30,18.0,22.0,22.0,18.0,18.0,11.367741083579574,304.0,BO_O2_RULE,"제어매트릭스 규칙 적용: NOX_LOW (3단계 롤백, 4단계에서 Hz 변화 없음)",19.6612492,3.71406245,940.0,1034.2312,14.8500004,,,11.78,0.0,21.01,,,0.0,,
2025-11-10 07:49:31+00:00,2025-11-10 07:49:31,,,,,,,,,,19.6612492,3.71406245,940.0,1033.66248,14.8500004,,,11.78,0.0,14.28,,,0.0,,
2025-11-10 07:49:32+00:00,2025-11-10 07:49:32,,,,,,,,,,19.6612492,3.66875005,939.0,1034.3938,15.2124996,,,11.78,0.0,14.28,,,0.0,,
2025-11-10 07:49:33+00:00,2025-11-10 07:49:33,,,,,,,,,,19.6612492,3.57343745,940.0,1033.90625,15.375,,,11.78,0.0,14.28,,,0.0,,
2025-11-10 07:49:34+00:00,2025-11-10 07:49:34,,,,,,,,,,19.6612492,3.57343745,940.0,1033.90625,15.375,,,11.78,0.0,14.28,,,0.0,,
2025-11-10 07:49:35+00:00,2025-11-10 07:49:35,18.0,22.0,22.0,18.0,18.0,10.980437301184129,304.0,BO_O2_RULE,"제어매트릭스 규칙 적용: NOX_LOW (3단계 롤백, 4단계에서 Hz 변화 없음)",19.6612492,3.48125005,939.0,1033.5,15.75,,,11.78,0.0,14.28,,,0.0,,
2025-11-10 07:49:36+00:00,2025-11-10 07:49:36,,,,,,,,,,19.6612492,3.48125005,939.0,1033.5,15.75,,,11.78,0.0,14.28,,,0.0,,
2025-11-10 07:49:37+00:00,2025-11-10 07:49:37,,,,,,,,,,19.6612492,3.4781251,939.0,1035.125,15.625,,,11.78,0.0,14.28,,,0.0,,
2025-11-10 07:49:38+00:00,2025-11-10 07:49:38,,,,,,,,,,19.6612492,3.43281245,939.0,1036.0188,16.0499992,,,11.78,0.0,14.28,,,0.0,,
2025-11-10 07:49:39+00:00,2025-11-10 07:49:39,,,,,,,,,,19.6612492,3.43281245,939.0,1036.0188,16.0499992,,,11.78,0.0,14.28,,,0.0,,
2025-11-10 07:49:40+00:00,2025-11-10 07:49:40,21.0,21.0,21.0,21.0,21.0,11.400480463860616,100.0,BO_ONLY,"BO 모델 결과만 사용 (1단계 롤백, 2~4단계에서 Hz 변화 없음)",19.6612492,3.2890625,939.0,1036.58752,16.0499992,,,11.78,0.0,14.28,,,0.0,,
2025-11-10 07:49:41+00:00,2025-11-10 07:49:41,,,,,,,,,,19.6612492,3.2890625,940.0,1036.58752,16.0499992,,,11.78,0.0,14.88,,,0.0,,
2025-11-10 07:49:42+00:00,2025-11-10 07:49:42,,,,,,,,,,19.6612492,3.1937499,940.0,1037.88745,15.7875004,,,11.78,0.0,14.88,,,0.0,,
2025-11-10 07:49:43+00:00,2025-11-10 07:49:43,,,,,,,,,,19.6612492,3.12812495,941.0,1036.8313,12.2875004,,,11.78,0.0,14.88,,,0.0,,
2025-11-10 07:49:44+00:00,2025-11-10 07:49:44,,,,,,,,,,19.6612492,3.04999995,940.0,1037.80627,12.1374998,,,11.78,0.0,14.88,,,0.0,,
2025-11-10 07:49:45+00:00,2025-11-10 07:49:45,21.0,21.0,21.0,21.0,21.0,11.447118545276227,100.0,BO_ONLY,"BO 모델 결과만 사용 (1단계 롤백, 2~4단계에서 Hz 변화 없음)",19.6612492,3.04999995,940.0,1037.80627,12.1374998,,,11.78,0.0,14.88,,,0.0,,
2025-11-10 07:49:46+00:00,2025-11-10 07:49:46,,,,,,,,,,19.6612492,2.875,941.0,1038.53748,12.0249996,,,11.78,0.0,14.88,,,0.0,,
2025-11-10 07:49:47+00:00,2025-11-10 07:49:47,,,,,,,,,,19.6612492,2.875,941.0,1038.53748,12.0249996,,,11.78,0.0,14.88,,,0.0,,
2025-11-10 07:49:48+00:00,2025-11-10 07:49:48,,,,,,,,,,19.6612492,2.74531245,941.0,1039.83752,12.5124998,,,11.78,0.0,14.88,,,0.0,,
2025-11-10 07:49:49+00:00,2025-11-10 07:49:49,,,,,,,,,,19.6612492,2.74531245,941.0,1039.83752,12.5124998,,,11.78,0.0,14.88,,,0.0,,
2025-11-10 07:49:50+00:00,2025-11-10 07:49:50,20.0,20.0,20.0,20.0,20.0,12.102129161983255,100.0,BO_ONLY,"BO 모델 결과만 사용 (1단계 롤백, 2~4단계에서 Hz 변화 없음)",19.6612492,2.4937501,941.0,1040.8125,12.4875002,,,11.78,0.0,14.88,,,0.0,,
2025-11-10 07:49:51+00:00,2025-11-10 07:49:51,,,,,,,,,,19.6612492,2.4937501,941.0,1040.8125,12.4875002,,,11.78,0.0,11.56,,,0.0,,
2025-11-10 07:49:52+00:00,2025-11-10 07:49:52,,,,,,,,,,19.6612492,2.296875,942.0,1040.24377,12.4125004,,,11.78,0.0,11.56,,,0.0,,
2025-11-10 07:49:53+00:00,2025-11-10 07:49:53,,,,,,,,,,19.6612492,2.21562505,940.0,1039.83752,12.9624996,,,11.78,0.0,11.56,,,0.0,,
2025-11-10 07:49:54+00:00,2025-11-10 07:49:54,,,,,,,,,,19.6612492,2.0640626,941.0,1041.625,12.8249998,,,11.78,0.0,11.56,,,0.0,,
2025-11-10 07:49:55+00:00,2025-11-10 07:49:55,24.6612492,19.0,19.0,28.0,28.0,12.430295701617325,308.0,BO_O2_RULE,"제어매트릭스 규칙 적용: O2_LOW (3단계 롤백, 4단계에서 Hz 변화 없음)",19.6612492,2.0640626,941.0,1041.625,12.8249998,,,11.78,0.0,11.56,,,0.0,,
2025-11-10 07:49:56+00:00,2025-11-10 07:49:56,,,,,,,,,,19.6612492,1.9921875,943.0,1044.0625,12.75,,,11.78,0.0,11.56,,,0.0,,
2025-11-10 07:49:57+00:00,2025-11-10 07:49:57,,,,,,,,,,19.6612492,1.91718745,942.0,1043.65625,13.0625,,,11.78,0.0,11.56,,,0.0,,
2025-11-10 07:49:58+00:00,2025-11-10 07:49:58,,,,,,,,,,19.6612492,1.86249995,942.0,1045.6875,13.0625,,,11.78,0.0,11.56,,,0.0,,
2025-11-10 07:49:59+00:00,2025-11-10 07:49:59,,,,,,,,,,19.6612492,1.86249995,942.0,1045.6875,13.4875002,,,11.78,0.0,11.56,,,0.0,,
2025-11-10 07:50:00+00:00,2025-11-10 07:50:00,24.6612492,18.0,18.0,28.0,28.0,14.5941133598071,308.0,BO_O2_RULE,"제어매트릭스 규칙 적용: O2_LOW (3단계 롤백, 4단계에서 Hz 변화 없음)",19.6612492,1.72812498,942.0,1047.3125,13.4875002,,3.0,11.78,0.0,11.56,,,0.0,,
2025-11-10 07:50:01+00:00,2025-11-10 07:50:01,,,,,,,,,,19.6612492,1.72812498,942.0,1047.3125,13.5124998,,,11.78,0.0,11.56,,,0.0,,
2025-11-10 07:50:02+00:00,2025-11-10 07:50:02,,,,,,,,,,19.6612492,1.703125,942.0,1047.55627,13.3999996,,,11.78,0.0,12.2,,,0.0,,
2025-11-10 07:50:03+00:00,2025-11-10 07:50:03,,,,,,,,,,19.6612492,1.66718745,941.0,1047.06873,10.8125,,,11.78,0.0,12.2,,,0.0,,
2025-11-10 07:50:04+00:00,2025-11-10 07:50:04,,,,,,,,,,19.6612492,1.66718745,941.0,1047.06873,10.8125,,,11.78,0.0,12.2,,,0.0,,
2025-11-10 07:50:05+00:00,2025-11-10 07:50:05,24.6612492,18.0,18.0,28.0,28.0,14.812796850531928,308.0,BO_O2_RULE,"제어매트릭스 규칙 적용: O2_LOW (3단계 롤백, 4단계에서 Hz 변화 없음)",19.6612492,1.66562498,942.0,1047.47498,10.7875004,,,11.78,0.0,12.2,,,0.0,,
2025-11-10 07:50:06+00:00,2025-11-10 07:50:06,,,,,,,,,,19.6612492,1.65468752,943.0,1047.88123,10.6875,,,11.78,0.0,12.2,,,0.0,,
2025-11-10 07:50:07+00:00,2025-11-10 07:50:07,,,,,,,,,,19.6612492,1.65468752,943.0,1047.88123,10.6875,,,11.78,0.0,12.2,,,0.0,,
2025-11-10 07:50:08+00:00,2025-11-10 07:50:08,,,,,,,,,,19.6612492,1.63125002,943.0,1048.77502,10.2624998,,,11.78,0.0,12.2,,,0.0,,
2025-11-10 07:50:09+00:00,2025-11-10 07:50:09,,,,,,,,,,19.6612492,1.69062495,943.0,1050.31873,9.72500038,,,11.78,0.0,12.2,,,0.0,,
2025-11-10 07:50:10+00:00,2025-11-10 07:50:10,24.6612492,18.0,18.0,28.0,28.0,15.532190690981398,308.0,BO_O2_RULE,"제어매트릭스 규칙 적용: O2_LOW (3단계 롤백, 4단계에서 Hz 변화 없음)",19.6612492,1.69062495,943.0,1050.31873,9.72500038,,,11.78,0.0,12.2,,,0.0,,
2025-11-10 07:50:11+00:00,2025-11-10 07:50:11,,,,,,,,,,19.6612492,1.69062495,943.0,1050.15625,9.82499981,,,11.78,0.0,10.05,,,0.0,,
2025-11-10 07:50:12+00:00,2025-11-10 07:50:12,,,,,,,,,,19.6612492,1.71406245,942.0,1050.15625,9.82499981,,,11.78,0.0,10.05,,,0.0,,
2025-11-10 07:50:13+00:00,2025-11-10 07:50:13,,,,,,,,,,19.6612492,1.71406245,942.0,1050.15625,9.82499981,,,11.78,0.0,10.05,,,0.0,,
2025-11-10 07:50:14+00:00,2025-11-10 07:50:14,,,,,,,,,,19.6612492,1.79531252,942.0,1052.1062,9.14999962,,,11.78,0.0,10.05,,,0.0,,
2025-11-10 07:50:15+00:00,2025-11-10 07:50:15,24.6612492,18.0,18.0,28.0,28.0,15.859420860829921,308.0,BO_O2_RULE,"제어매트릭스 규칙 적용: O2_LOW (3단계 롤백, 4단계에서 Hz 변화 없음)",19.6612492,1.79531252,942.0,1052.1062,9.14999962,,,11.78,0.0,10.05,,,0.0,,
2025-11-10 07:50:16+00:00,2025-11-10 07:50:16,,,,,,,,,,19.6612492,1.87343752,942.0,1054.05627,9.19999981,,,11.78,0.0,10.05,,,0.0,,
2025-11-10 07:50:17+00:00,2025-11-10 07:50:17,,,,,,,,,,19.6612492,1.87343752,943.0,1053.0813,9.1875,,,11.78,0.0,10.05,,,0.0,,
2025-11-10 07:50:18+00:00,2025-11-10 07:50:18,,,,,,,,,,19.6612492,1.93437505,942.0,1053.0813,8.875,,,11.78,0.0,10.05,,,0.0,,
2025-11-10 07:50:19+00:00,2025-11-10 07:50:19,,,,,,,,,,19.6612492,1.93437505,942.0,1053.0813,8.875,,,11.78,0.0,10.05,,,0.0,,
2025-11-10 07:50:20+00:00,2025-11-10 07:50:20,24.6612492,24.0,24.0,28.0,28.0,15.755439826952996,308.0,BO_O2_RULE,"제어매트릭스 규칙 적용: O2_LOW (3단계 롤백, 4단계에서 Hz 변화 없음)",19.6612492,2.02031255,943.0,1053.40625,8.77499962,,,11.78,0.0,10.05,,,0.0,,
2025-11-10 07:50:21+00:00,2025-11-10 07:50:21,,,,,,,,,,19.6612492,2.02031255,943.0,1053.40625,8.77499962,,,11.78,0.0,8.61,,,0.0,,
2025-11-10 07:50:22+00:00,2025-11-10 07:50:22,,,,,,,,,,19.6612492,2.07343745,944.0,1054.5437,8.83749962,,,11.78,0.0,8.61,,,0.0,,
2025-11-10 07:50:23+00:00,2025-11-10 07:50:23,,,,,,,,,,19.6612492,2.08281255,943.0,1054.78748,8.61250019,,,11.78,0.0,8.61,,,0.0,,
2025-11-10 07:50:24+00:00,2025-11-10 07:50:24,,,,,,,,,,19.6612492,2.08281255,943.0,1054.78748,8.61250019,,,11.78,0.0,8.61,,,0.0,,
2025-11-10 07:50:25+00:00,2025-11-10 07:50:25,24.6612492,24.0,24.0,28.0,28.0,16.336584210171903,308.0,BO_O2_RULE,"제어매트릭스 규칙 적용: O2_LOW (3단계 롤백, 4단계에서 Hz 변화 없음)",19.6612492,2.07500005,944.0,1056.81873,8.47500038,,,11.78,0.0,8.61,,,0.0,,
2025-11-10 07:50:26+00:00,2025-11-10 07:50:26,,,,,,,,,,19.6612492,2.07500005,944.0,1056.81873,8.47500038,,,11.78,0.0,8.61,,,0.0,,
2025-11-10 07:50:27+00:00,2025-11-10 07:50:27,,,,,,,,,,19.6612492,2.1343751,944.0,1058.6875,8.16250038,,,11.78,0.0,8.61,,,0.0,,
2025-11-10 07:50:28+00:00,2025-11-10 07:50:28,,,,,,,,,,19.6612492,2.1343751,944.0,1058.6875,8.16250038,,,11.78,0.0,8.61,,,0.0,,
2025-11-10 07:50:29+00:00,2025-11-10 07:50:29,,,,,,,,,,19.6612492,2.16718745,943.0,1059.66248,9.88749981,,,11.78,0.0,8.61,,,0.0,,
2025-11-10 07:50:30+00:00,2025-11-10 07:50:30,24.6612492,25.0,25.0,28.0,28.0,16.329817851149574,308.0,BO_O2_RULE,"제어매트릭스 규칙 적용: O2_LOW (3단계 롤백, 4단계에서 Hz 변화 없음)",19.6612492,2.16718745,943.0,1059.66248,9.88749981,,,11.78,0.0,8.61,,,0.0,,
2025-11-10 07:50:31+00:00,2025-11-10 07:50:31,,,,,,,,,,19.6612492,2.20000005,945.0,1059.90625,10.0124998,,,11.78,0.0,7.64,,,0.0,,
2025-11-10 07:50:32+00:00,2025-11-10 07:50:32,,,,,,,,,,19.6612492,2.20000005,945.0,1059.90625,10.0124998,,,11.78,0.0,7.64,,,0.0,,
2025-11-10 07:50:33+00:00,2025-11-10 07:50:33,,,,,,,,,,19.6612492,2.2265625,944.0,1059.4187,9.92500019,,,11.78,0.0,7.64,,,0.0,,
2025-11-10 07:50:34+00:00,2025-11-10 07:50:34,,,,,,,,,,19.6612492,2.2265625,944.0,1059.4187,9.92500019,,,11.78,0.0,7.64,,,0.0,,
2025-11-10 07:50:35+00:00,2025-11-10 07:50:35,24.6612492,26.0,26.0,28.0,28.0,17.490769819361063,308.0,BO_O2_RULE,"제어매트릭스 규칙 적용: O2_LOW (3단계 롤백, 4단계에서 Hz 변화 없음)",19.6612492,2.2109375,945.0,1059.09375,9.61250019,,,11.78,0.0,7.64,,,0.0,,
2025-11-10 07:50:36+00:00,2025-11-10 07:50:36,,,,,,,,,,19.6612492,2.2249999,946.0,1060.88123,9.5,,,11.78,0.0,7.64,,,0.0,,
2025-11-10 07:50:37+00:00,2025-11-10 07:50:37,,,,,,,,,,19.6612492,2.2249999,946.0,1060.88123,9.5,,,11.78,0.0,7.64,,,0.0,,
2025-11-10 07:50:38+00:00,2025-11-10 07:50:38,,,,,,,,,,19.6612492,2.21875,945.0,1062.58752,9.32499981,,,11.78,0.0,7.64,,,0.0,,
2025-11-10 07:50:39+00:00,2025-11-10 07:50:39,,,,,,,,,,19.6612492,2.21875,945.0,1062.58752,9.32499981,,,11.78,0.0,7.64,,,0.0,,
2025-11-10 07:50:40+00:00,2025-11-10 07:50:40,24.6612492,26.0,26.0,28.0,28.0,17.330909311905913,308.0,BO_O2_RULE,"제어매트릭스 규칙 적용: O2_LOW (3단계 롤백, 4단계에서 Hz 변화 없음)",19.6612492,2.19218755,946.0,1062.58752,9.02499962,,,11.78,0.0,7.64,,,0.0,,
2025-11-10 07:50:41+00:00,2025-11-10 07:50:41,,,,,,,,,,19.6612492,2.24531245,946.0,1062.50623,9.21249962,,,11.78,0.0,8.87,,,0.0,,
2025-11-10 07:50:42+00:00,2025-11-10 07:50:42,,,,,,,,,,19.6612492,2.2249999,948.0,1062.75,9.46249962,,,11.78,0.0,8.87,,,0.0,,
2025-11-10 07:50:43+00:00,2025-11-10 07:50:43,,,,,,,,,,19.6612492,2.2484374,948.0,1065.1062,9.0625,,,11.78,0.0,8.87,,,0.0,,
2025-11-10 07:50:44+00:00,2025-11-10 07:50:44,,,,,,,,,,19.6612492,2.2484374,948.0,1065.1062,9.0625,,,11.78,0.0,8.87,,,0.0,,
2025-11-10 07:50:45+00:00,2025-11-10 07:50:45,24.6612492,26.0,26.0,28.0,28.0,17.848782865704273,308.0,BO_O2_RULE,"제어매트릭스 규칙 적용: O2_LOW (3단계 롤백, 4단계에서 Hz 변화 없음)",19.6612492,2.1875,946.0,1066.32495,8.76249981,,,11.78,0.0,8.87,,,0.0,,
2025-11-10 07:50:46+00:00,2025-11-10 07:50:46,,,,,,,,,,19.6612492,2.2593751,947.0,1066.0813,8.8125,,,11.78,0.0,8.87,,,0.0,,
2025-11-10 07:50:47+00:00,2025-11-10 07:50:47,,,,,,,,,,19.6612492,2.2593751,947.0,1066.0813,8.8125,,,11.78,0.0,8.87,,,0.0,,
2025-11-10 07:50:48+00:00,2025-11-10 07:50:48,,,,,,,,,,19.6612492,2.2109375,948.0,1066.48755,8.94999981,,,11.78,0.0,8.87,,,0.0,,
2025-11-10 07:50:49+00:00,2025-11-10 07:50:49,,,,,,,,,,19.6612492,2.2109375,948.0,1066.48755,8.94999981,,,11.78,0.0,8.87,,,0.0,,
2025-11-10 07:50:50+00:00,2025-11-10 07:50:50,24.6612492,26.0,26.0,28.0,28.0,17.51176278725086,308.0,BO_O2_RULE,"제어매트릭스 규칙 적용: O2_LOW (3단계 롤백, 4단계에서 Hz 변화 없음)",19.6612492,2.1859374,947.0,1066.0,10.5749998,,,11.78,0.0,8.87,,,0.0,,
2025-11-10 07:50:51+00:00,2025-11-10 07:50:51,,,,,,,,,,19.6612492,2.1859374,947.0,1066.0,10.5749998,,,11.78,0.0,8.16,,,0.0,,
2025-11-10 07:50:52+00:00,2025-11-10 07:50:52,,,,,,,,,,19.6612492,2.2515626,947.0,1065.83752,10.5749998,,,11.78,0.0,8.16,,,0.0,,
2025-11-10 07:50:53+00:00,2025-11-10 07:50:53,,,,,,,,,,19.6612492,2.2484374,949.0,1067.625,10.3999996,,,11.78,0.0,8.16,,,0.0,,
2025-11-10 07:50:54+00:00,2025-11-10 07:50:54,,,,,,,,,,,,,,,,,,,,,,,,
2025-11-10 07:50:55+00:00,2025-11-10 07:50:55,24.6612492,26.0,26.0,28.0,28.0,18.01068502391287,308.0,BO_O2_RULE,"제어매트릭스 규칙 적용: O2_LOW (3단계 롤백, 4단계에서 Hz 변화 없음)",19.6612492,2.20781255,949.0,1070.22498,10.5375004,,,11.78,0.0,8.16,,,0.0,,
2025-11-10 07:50:56+00:00,2025-11-10 07:50:56,,,,,,,,,,19.6612492,2.20781255,949.0,1070.22498,10.5375004,,,11.78,0.0,8.16,,,0.0,,
2025-11-10 07:50:57+00:00,2025-11-10 07:50:57,,,,,,,,,,19.6612492,2.1468749,949.0,1070.30627,10.4375,,,11.78,0.0,8.16,,,0.0,,
2025-11-10 07:50:58+00:00,2025-11-10 07:50:58,,,,,,,,,,19.6612492,2.1468749,949.0,1070.30627,10.4375,,,11.78,0.0,8.16,,,0.0,,
2025-11-10 07:50:59+00:00,2025-11-10 07:50:59,,,,,,,,,,19.6612492,2.2203126,949.0,1071.28125,9.875,,,11.78,0.0,8.16,,,0.0,,
2025-11-10 07:51:00+00:00,2025-11-10 07:51:00,24.6612492,26.0,26.0,28.0,28.0,18.2889590547225,308.0,BO_O2_RULE,"제어매트릭스 규칙 적용: O2_LOW (3단계 롤백, 4단계에서 Hz 변화 없음)",19.6612492,2.2203126,949.0,1072.01245,9.76249981,,3.0,11.78,0.0,8.16,,,0.0,,
2025-11-10 07:51:01+00:00,2025-11-10 07:51:01,,,,,,,,,,19.6612492,2.1796875,949.0,1072.4187,10.0124998,,,11.78,0.0,8.16,,,0.0,,
2025-11-10 07:51:02+00:00,2025-11-10 07:51:02,,,,,,,,,,19.6612492,2.1640625,949.0,1072.4187,9.85000038,,,11.78,0.0,9.65,,,0.0,,
2025-11-10 07:51:03+00:00,2025-11-10 07:51:03,,,,,,,,,,19.6612492,2.1640625,949.0,1072.4187,9.85000038,,,11.78,0.0,9.65,,,0.0,,
2025-11-10 07:51:04+00:00,2025-11-10 07:51:04,,,,,,,,,,19.6612492,2.22968745,950.0,1072.98755,9.85000038,,,11.78,0.0,9.65,,,0.0,,
2025-11-10 07:51:05+00:00,2025-11-10 07:51:05,24.6612492,26.0,26.0,28.0,28.0,18.74741605867628,308.0,BO_O2_RULE,"제어매트릭스 규칙 적용: O2_LOW (3단계 롤백, 4단계에서 Hz 변화 없음)",19.6612492,2.22968745,950.0,1072.98755,9.85000038,,,11.78,0.0,9.65,,,0.0,,
2025-11-10 07:51:06+00:00,2025-11-10 07:51:06,,,,,,,,,,19.6612492,2.2265625,950.0,1072.5,9.77499962,,,11.78,0.0,9.65,,,0.0,,
2025-11-10 07:51:07+00:00,2025-11-10 07:51:07,,,,,,,,,,19.6612492,2.2265625,950.0,1072.5,9.77499962,,,11.78,0.0,9.65,,,0.0,,
2025-11-10 07:51:08+00:00,2025-11-10 07:51:08,,,,,,,,,,19.6612492,2.2421875,948.0,1072.5,12.4250002,,,11.78,0.0,9.65,,,0.0,,
2025-11-10 07:51:09+00:00,2025-11-10 07:51:09,,,,,,,,,,19.6612492,2.2421875,948.0,1074.0437,12.4250002,,,11.78,0.0,9.65,,,0.0,,
2025-11-10 07:51:10+00:00,2025-11-10 07:51:10,24.6612492,26.0,26.0,28.0,28.0,18.492781938101267,308.0,BO_O2_RULE,"제어매트릭스 규칙 적용: O2_LOW (3단계 롤백, 4단계에서 Hz 변화 없음)",19.6612492,2.1968751,949.0,1074.9375,12.6000004,,,11.78,0.0,9.65,,,0.0,,
2025-11-10 07:51:11+00:00,2025-11-10 07:51:11,,,,,,,,,,19.6612492,2.20000005,949.0,1075.6687,12.5625,,,11.78,0.0,9.11,,,0.0,,
2025-11-10 07:51:12+00:00,2025-11-10 07:51:12,,,,,,,,,,19.6612492,2.20000005,949.0,1075.6687,12.5625,,,11.78,0.0,9.11,,,0.0,,
2025-11-10 07:51:13+00:00,2025-11-10 07:51:13,,,,,,,,,,19.6612492,2.2265625,951.0,1076.31873,12.4750004,,,11.78,0.0,9.11,,,0.0,,
2025-11-10 07:51:14+00:00,2025-11-10 07:51:14,,,,,,,,,,19.6612492,2.1796875,950.0,1075.75,12.25,,,11.78,0.0,9.11,,,0.0,,
2025-11-10 07:51:15+00:00,2025-11-10 07:51:15,24.6612492,26.0,26.0,28.0,28.0,19.329756560885077,308.0,BO_O2_RULE,"제어매트릭스 규칙 적용: O2_LOW (3단계 롤백, 4단계에서 Hz 변화 없음)",19.6612492,2.1796875,950.0,1075.75,12.25,,,11.78,0.0,9.11,,,0.0,,
2025-11-10 07:51:16+00:00,2025-11-10 07:51:16,,,,,,,,,,19.6612492,2.2249999,950.0,1075.42505,12.0625,,,11.78,0.0,9.11,,,0.0,,
2025-11-10 07:51:17+00:00,2025-11-10 07:51:17,,,,,,,,,,19.6612492,2.2249999,950.0,1075.42505,12.0625,,,11.78,0.0,9.11,,,0.0,,
2025-11-10 07:51:18+00:00,2025-11-10 07:51:18,,,,,,,,,,19.6612492,2.2015624,951.0,1077.13123,12.3000002,,,11.78,0.0,9.11,,,0.0,,
2025-11-10 07:51:19+00:00,2025-11-10 07:51:19,,,,,,,,,,19.6612492,2.23906255,951.0,1077.13123,12.4875002,,,11.78,0.0,9.11,,,0.0,,
2025-11-10 07:51:20+00:00,2025-11-10 07:51:20,24.6612492,26.0,26.0,28.0,28.0,19.242826600473645,308.0,BO_O2_RULE,"제어매트릭스 규칙 적용: O2_LOW (3단계 롤백, 4단계에서 Hz 변화 없음)",19.6612492,2.23906255,951.0,1077.4563,12.4875002,,,11.78,0.0,9.11,,,0.0,,
2025-11-10 07:51:21+00:00,2025-11-10 07:51:21,,,,,,,,,,19.6612492,2.23749995,950.0,1078.51245,12.3874998,,,11.78,0.0,11.76,,,0.0,,
2025-11-10 07:51:22+00:00,2025-11-10 07:51:22,,,,,,,,,,19.6612492,2.23749995,950.0,1078.51245,12.3874998,,,11.78,0.0,11.76,,,0.0,,
2025-11-10 07:51:23+00:00,2025-11-10 07:51:23,,,,,,,,,,19.6612492,2.28125,951.0,1079.48755,11.9499998,,,11.78,0.0,11.76,,,0.0,,
2025-11-10 07:51:24+00:00,2025-11-10 07:51:24,,,,,,,,,,19.6612492,2.28125,951.0,1079.48755,11.9499998,,,11.78,0.0,11.76,,,0.0,,
2025-11-10 07:51:25+00:00,2025-11-10 07:51:25,24.6612492,26.0,26.0,28.0,28.0,18.424072596135254,308.0,BO_O2_RULE,"제어매트릭스 규칙 적용: O2_LOW (3단계 롤백, 4단계에서 Hz 변화 없음)",19.6612492,2.3265624,952.0,1079.8938,12.0625,,,11.78,0.0,11.76,,,0.0,,
2025-11-10 07:51:26+00:00,2025-11-10 07:51:26,,,,,,,,,,19.6612492,2.3265624,952.0,1079.8938,12.0625,,,11.78,0.0,11.76,,,0.0,,
2025-11-10 07:51:27+00:00,2025-11-10 07:51:27,,,,,,,,,,19.6612492,2.3968749,951.0,1079.40625,12.2875004,,,11.78,0.0,11.76,,,0.0,,
2025-11-10 07:51:28+00:00,2025-11-10 07:51:28,,,,,,,,,,19.6612492,2.4593749,952.0,1079.56873,18.2749996,,,11.78,0.0,11.76,,,0.0,,
2025-11-10 07:51:29+00:00,2025-11-10 07:51:29,,,,,,,,,,19.6612492,2.4593749,952.0,1079.56873,18.2749996,,,11.78,0.0,11.76,,,0.0,,
2025-11-10 07:51:30+00:00,2025-11-10 07:51:30,24.6612492,26.0,26.0,28.0,28.0,18.570830149295507,308.0,BO_O2_RULE,"제어매트릭스 규칙 적용: O2_LOW (3단계 롤백, 4단계에서 Hz 변화 없음)",19.6612492,2.515625,952.0,1078.9187,18.4249992,,,11.78,0.0,11.76,,,0.0,,
2025-11-10 07:51:31+00:00,2025-11-10 07:51:31,,,,,,,,,,19.6612492,2.515625,952.0,1078.9187,18.4249992,,,11.78,0.0,11.62,,,0.0,,
2025-11-10 07:51:32+00:00,2025-11-10 07:51:32,,,,,,,,,,19.6612492,2.5,953.0,1081.59998,18.4249992,,,11.78,0.0,11.62,,,0.0,,
2025-11-10 07:51:33+00:00,2025-11-10 07:51:33,,,,,,,,,,19.6612492,2.5,953.0,1081.59998,18.7374992,,,11.78,0.0,11.62,,,0.0,,
2025-11-10 07:51:34+00:00,2025-11-10 07:51:34,,,,,,,,,,19.6612492,2.5703125,953.0,1080.7063,18.7374992,,,11.78,0.0,11.62,,,0.0,,
2025-11-10 07:51:35+00:00,2025-11-10 07:51:35,24.6612492,26.0,26.0,26.0,26.0,25.014276356544386,100.0,BO_ONLY,"BO 모델 결과만 사용 (1단계 롤백, 2~4단계에서 Hz 변화 없음)",19.6612492,2.5453124,954.0,1081.3562,18.5750008,,,11.78,0.0,11.62,,,0.0,,
2025-11-10 07:51:36+00:00,2025-11-10 07:51:36,,,,,,,,,,19.6612492,2.5453124,954.0,1081.3562,18.5750008,,,11.78,0.0,11.62,,,0.0,,
2025-11-10 07:51:37+00:00,2025-11-10 07:51:37,,,,,,,,,,19.6612492,2.6015625,953.0,1081.76245,18.6375008,,,11.78,0.0,11.62,,,0.0,,
2025-11-10 07:51:38+00:00,2025-11-10 07:51:38,,,,,,,,,,19.6612492,2.5625,953.0,1082.49377,18.6625004,,,11.78,0.0,11.62,,,0.0,,
2025-11-10 07:51:39+00:00,2025-11-10 07:51:39,,,,,,,,,,19.6612492,2.6640625,953.0,1082.25,18.8250008,,,11.78,0.0,11.62,,,0.0,,
2025-11-10 07:51:40+00:00,2025-11-10 07:51:40,24.6612492,26.0,26.0,26.0,26.0,25.21926640412904,100.0,BO_ONLY,"BO 모델 결과만 사용 (1단계 롤백, 2~4단계에서 Hz 변화 없음)",19.6612492,2.6640625,953.0,1082.25,18.8250008,,,11.78,0.0,11.62,,,0.0,,
2025-11-10 07:51:41+00:00,2025-11-10 07:51:41,,,,,,,,,,19.6612492,2.6015625,953.0,1083.9563,18.8250008,,,11.78,0.0,17.92,,,0.0,,
2025-11-10 07:51:42+00:00,2025-11-10 07:51:42,,,,,,,,,,19.6612492,2.6015625,954.0,1083.9563,18.7000008,,,11.78,0.0,17.92,,,0.0,,
2025-11-10 07:51:43+00:00,2025-11-10 07:51:43,,,,,,,,,,19.6612492,2.62812495,954.0,1084.6875,18.7000008,,,11.78,0.0,17.92,,,0.0,,
2025-11-10 07:51:44+00:00,2025-11-10 07:51:44,,,,,,,,,,19.6612492,2.6546874,954.0,1084.52502,18.7625008,,,11.78,0.0,17.92,,,0.0,,
2025-11-10 07:51:45+00:00,2025-11-10 07:51:45,24.6612492,26.0,26.0,26.0,26.0,24.211094984793842,100.0,BO_ONLY,"BO 모델 결과만 사용 (1단계 롤백, 2~4단계에서 Hz 변화 없음)",19.6612492,2.6546874,954.0,1084.52502,18.7625008,,,11.78,0.0,17.92,,,0.0,,
2025-11-10 07:51:46+00:00,2025-11-10 07:51:46,,,,,,,,,,19.6612492,2.6875,954.0,1086.3938,18.9125004,,,11.78,0.0,17.92,,,0.0,,
2025-11-10 07:51:47+00:00,2025-11-10 07:51:47,,,,,,,,,,19.6612492,2.6781249,955.0,1086.3938,19.0,,,11.78,0.0,17.92,,,0.0,,
2025-11-10 07:51:48+00:00,2025-11-10 07:51:48,,,,,,,,,,19.6612492,2.6781249,955.0,1086.3125,19.0,,,11.78,0.0,17.92,,,0.0,,
2025-11-10 07:51:49+00:00,2025-11-10 07:51:49,,,,,,,,,,19.6612492,2.6484375,955.0,1086.3125,17.4125004,,,11.78,0.0,17.92,,,0.0,,
2025-11-10 07:51:50+00:00,2025-11-10 07:51:50,24.6612492,26.0,26.0,26.0,26.0,25.378239892780893,100.0,BO_ONLY,"BO 모델 결과만 사용 (1단계 롤백, 2~4단계에서 Hz 변화 없음)",19.6612492,2.73906255,955.0,1086.06873,17.625,,,11.78,0.0,17.92,,,0.0,,
2025-11-10 07:51:51+00:00,2025-11-10 07:51:51,,,,,,,,,,19.6612492,2.73906255,955.0,1086.06873,17.625,,,11.78,0.0,18.21,,,0.0,,
2025-11-10 07:51:52+00:00,2025-11-10 07:51:52,,,,,,,,,,19.6612492,2.7125001,956.0,1085.5813,17.75,,,11.78,0.0,18.21,,,0.0,,
2025-11-10 07:51:53+00:00,2025-11-10 07:51:53,,,,,,,,,,19.6612492,2.7874999,955.0,1085.66248,17.6499996,,,11.78,0.0,18.21,,,0.0,,
2025-11-10 07:51:54+00:00,2025-11-10 07:51:54,,,,,,,,,,19.6612492,2.7874999,955.0,1085.66248,17.6499996,,,11.78,0.0,18.21,,,0.0,,
2025-11-10 07:51:55+00:00,2025-11-10 07:51:55,24.6612492,26.0,26.0,26.0,26.0,23.03293055538885,100.0,BO_ONLY,"BO 모델 결과만 사용 (1단계 롤백, 2~4단계에서 Hz 변화 없음)",19.6612492,2.8578124,956.0,1085.66248,17.8875008,,,11.78,0.0,18.21,,,0.0,,
2025-11-10 07:51:56+00:00,2025-11-10 07:51:56,,,,,,,,,,19.6612492,2.80937505,955.0,1086.3938,18.0750008,,,11.78,0.0,18.21,,,0.0,,
2025-11-10 07:51:57+00:00,2025-11-10 07:51:57,,,,,,,,,,19.6612492,2.80937505,955.0,1086.3938,18.0750008,,,11.78,0.0,18.21,,,0.0,,
2025-11-10 07:51:58+00:00,2025-11-10 07:51:58,,,,,,,,,,19.6612492,2.91093755,955.0,1085.90625,17.8999996,,,11.78,0.0,18.21,,,0.0,,
2025-11-10 07:51:59+00:00,2025-11-10 07:51:59,,,,,,,,,,19.6612492,2.91093755,955.0,1085.90625,17.8999996,,,11.78,0.0,18.21,,,0.0,,
2025-11-10 07:52:00+00:00,2025-11-10 07:52:00,24.6612492,26.0,26.0,26.0,26.0,23.04852585994916,100.0,BO_ONLY,"BO 모델 결과만 사용 (1단계 롤백, 2~4단계에서 Hz 변화 없음)",19.6612492,2.9921875,956.0,1086.06873,17.9249992,,3.0,11.78,0.0,18.21,,,0.0,,
2025-11-10 07:52:01+00:00,2025-11-10 07:52:01,,,,,,,,,,19.6612492,2.9921875,956.0,1086.06873,17.875,,,11.78,0.0,17.03,,,0.0,,
2025-11-10 07:52:02+00:00,2025-11-10 07:52:02,,,,,,,,,,19.6612492,3.0171876,956.0,1086.06873,17.875,,,11.78,0.0,17.03,,,0.0,,
2025-11-10 07:52:03+00:00,2025-11-10 07:52:03,,,,,,,,,,19.6612492,3.0171876,956.0,1086.3938,17.875,,,11.78,0.0,17.03,,,0.0,,
2025-11-10 07:52:04+00:00,2025-11-10 07:52:04,,,,,,,,,,19.6612492,3.0546875,955.0,1086.3938,17.7000008,,,11.78,0.0,17.03,,,0.0,,
2025-11-10 07:52:05+00:00,2025-11-10 07:52:05,24.6612492,26.0,26.0,26.0,26.0,20.364741314573468,100.0,BO_ONLY,"BO 모델 결과만 사용 (1단계 롤백, 2~4단계에서 Hz 변화 없음)",19.6612492,3.046875,955.0,1086.06873,17.9375,,,11.78,0.0,17.03,,,0.0,,
2025-11-10 07:52:06+00:00,2025-11-10 07:52:06,,,,,,,,,,19.6612492,3.046875,955.0,1086.06873,17.9375,,,11.78,0.0,17.03,,,0.0,,
2025-11-10 07:52:07+00:00,2025-11-10 07:52:07,,,,,,,,,,19.6612492,3.16718745,954.0,1085.82495,17.9375,,,11.78,0.0,17.03,,,0.0,,
2025-11-10 07:52:08+00:00,2025-11-10 07:52:08,,,,,,,,,,19.6612492,3.16718745,954.0,1085.82495,17.9750004,,,11.78,0.0,17.03,,,0.0,,
2025-11-10 07:52:09+00:00,2025-11-10 07:52:09,,,,,,,,,,19.6612492,3.22968745,955.0,1085.82495,17.9750004,,,11.78,0.0,17.03,,,0.0,,
2025-11-10 07:52:10+00:00,2025-11-10 07:52:10,24.6612492,26.0,26.0,26.0,26.0,20.00796836553627,100.0,BO_ONLY,"BO 모델 결과만 사용 (1단계 롤백, 2~4단계에서 Hz 변화 없음)",19.6612492,3.22968745,955.0,1085.66248,15.1499996,,,11.78,0.0,17.03,,,0.0,,
2025-11-10 07:52:11+00:00,2025-11-10 07:52:11,,,,,,,,,,19.6612492,3.29999995,955.0,1085.66248,15.1499996,,,11.78,0.0,17.31,,,0.0,,
2025-11-10 07:52:12+00:00,2025-11-10 07:52:12,,,,,,,,,,19.6612492,3.31718755,956.0,1086.2312,15.1374998,,,11.78,0.0,17.31,,,0.0,,
2025-11-10 07:52:13+00:00,2025-11-10 07:52:13,,,,,,,,,,19.6612492,3.3609376,955.0,1086.2312,15.4624996,,,11.78,0.0,17.31,,,0.0,,
2025-11-10 07:52:14+00:00,2025-11-10 07:52:14,,,,,,,,,,19.6612492,3.4000001,955.0,1086.47498,15.8249998,,,11.78,0.0,17.31,,,0.0,,
2025-11-10 07:52:15+00:00,2025-11-10 07:52:15,24.6612492,26.0,26.0,26.0,26.0,17.540506831845246,100.0,BO_ONLY,"BO 모델 결과만 사용 (1단계 롤백, 2~4단계에서 Hz 변화 없음)",19.6612492,3.4000001,955.0,1086.47498,15.8249998,,,11.78,0.0,17.31,,,0.0,,
2025-11-10 07:52:16+00:00,2025-11-10 07:52:16,,,,,,,,,,19.6612492,3.46875,955.0,1085.4187,15.6499996,,,11.78,0.0,17.31,,,0.0,,
2025-11-10 07:52:17+00:00,2025-11-10 07:52:17,,,,,,,,,,19.6612492,3.46875,955.0,1085.4187,15.6499996,,,11.78,0.0,17.31,,,0.0,,
2025-11-10 07:52:18+00:00,2025-11-10 07:52:18,,,,,,,,,,19.6612492,3.515625,956.0,1087.2063,15.6999998,,,11.78,0.0,17.31,,,0.0,,
2025-11-10 07:52:19+00:00,2025-11-10 07:52:19,,,,,,,,,,19.6612492,3.52656245,956.0,1087.61255,15.625,,,11.78,0.0,17.31,,,0.0,,
2025-11-10 07:52:20+00:00,2025-11-10 07:52:20,24.6612492,26.0,26.0,26.0,26.0,18.153695723718844,100.0,BO_ONLY,"BO 모델 결과만 사용 (1단계 롤백, 2~4단계에서 Hz 변화 없음)",19.6612492,3.52656245,956.0,1087.61255,15.625,,,11.78,0.0,17.31,,,0.0,,
2025-11-10 07:52:21+00:00,2025-11-10 07:52:21,,,,,,,,,,19.6612492,3.61406255,955.0,1087.44995,15.9375,,,11.78,0.0,14.85,,,0.0,,
2025-11-10 07:52:22+00:00,2025-11-10 07:52:22,,,,,,,,,,19.6612492,3.63750005,956.0,1085.90625,15.7124996,,,11.78,0.0,14.85,,,0.0,,
2025-11-10 07:52:23+00:00,2025-11-10 07:52:23,,,,,,,,,,19.6612492,3.63750005,956.0,1085.90625,15.7124996,,,11.78,0.0,14.85,,,0.0,,
2025-11-10 07:52:24+00:00,2025-11-10 07:52:24,,,,,,,,,,19.6612492,3.65937495,955.0,1085.82495,15.6999998,,,11.78,0.0,14.85,,,0.0,,
2025-11-10 07:52:25+00:00,2025-11-10 07:52:25,24.6612492,26.0,26.0,26.0,26.0,18.349125992316775,100.0,BO_ONLY,"BO 모델 결과만 사용 (1단계 롤백, 2~4단계에서 Hz 변화 없음)",19.6612492,3.65937495,955.0,1085.82495,15.6999998,,,11.78,0.0,14.85,,,0.0,,
2025-11-10 07:52:26+00:00,2025-11-10 07:52:26,,,,,,,,,,19.6612492,3.68281245,955.0,1086.71875,15.625,,,11.78,0.0,14.85,,,0.0,,
2025-11-10 07:52:27+00:00,2025-11-10 07:52:27,,,,,,,,,,19.6612492,3.68281245,955.0,1086.71875,15.625,,,11.78,0.0,14.85,,,0.0,,
2025-11-10 07:52:28+00:00,2025-11-10 07:52:28,,,,,,,,,,19.6612492,3.84843755,956.0,1085.66248,15.625,,,11.78,0.0,14.85,,,0.0,,
2025-11-10 07:52:29+00:00,2025-11-10 07:52:29,,,,,,,,,,19.6612492,3.8687501,956.0,1085.90625,16.6000004,,,11.78,0.0,14.85,,,0.0,,
2025-11-10 07:52:30+00:00,2025-11-10 07:52:30,24.6612492,26.0,26.0,26.0,26.0,18.985880480604962,100.0,BO_ONLY,"BO 모델 결과만 사용 (1단계 롤백, 2~4단계에서 Hz 변화 없음)",19.6612492,3.92499995,956.0,1086.06873,16.8875008,,,11.78,0.0,14.85,,,0.0,,
2025-11-10 07:52:31+00:00,2025-11-10 07:52:31,,,,,,,,,,19.6612492,3.9390626,956.0,1085.5813,17.0,,,11.78,0.0,14.98,,,0.0,,
2025-11-10 07:52:33+00:00,2025-11-10 07:52:33,,,,,,,,,,19.6612492,3.96562505,955.0,1086.3938,16.9750004,,,11.78,0.0,14.98,,,0.0,,
2025-11-10 07:52:34+00:00,2025-11-10 07:52:34,,,,,,,,,,19.6612492,3.96562505,955.0,1086.3938,16.9750004,,,11.78,0.0,14.98,,,0.0,,
2025-11-10 07:52:35+00:00,2025-11-10 07:52:35,24.6612492,26.0,26.0,26.0,26.0,18.202583064643328,100.0,BO_ONLY,"BO 모델 결과만 사용 (1단계 롤백, 2~4단계에서 Hz 변화 없음)",19.6612492,4.046875,955.0,1085.98755,16.8875008,,,11.78,0.0,14.98,,,0.0,,
2025-11-10 07:52:36+00:00,2025-11-10 07:52:36,,,,,,,,,,19.6612492,4.046875,956.0,1085.98755,16.8875008,,,11.78,0.0,14.98,,,0.0,,
2025-11-10 07:52:37+00:00,2025-11-10 07:52:37,,,,,,,,,,19.6612492,4.2203126,955.0,1085.82495,16.7374992,,,11.78,0.0,14.98,,,0.0,,
2025-11-10 07:52:38+00:00,2025-11-10 07:52:38,,,,,,,,,,19.6612492,4.2093749,955.0,1085.98755,17.0,,,11.78,0.0,14.98,,,0.0,,
2025-11-10 07:52:39+00:00,2025-11-10 07:52:39,,,,,,,,,,19.6612492,4.2093749,955.0,1085.98755,17.0,,,11.78,0.0,14.98,,,0.0,,
2025-11-10 07:52:40+00:00,2025-11-10 07:52:40,24.6612492,26.0,26.0,26.0,26.0,18.05475403068679,100.0,BO_ONLY,"BO 모델 결과만 사용 (1단계 롤백, 2~4단계에서 Hz 변화 없음)",19.6612492,4.3609376,956.0,1085.98755,17.3999996,,,11.78,0.0,14.98,,,0.0,,
2025-11-10 07:52:41+00:00,2025-11-10 07:52:41,,,,,,,,,,19.6612492,4.3609376,956.0,1085.4187,17.3999996,,,11.78,0.0,16.25,,,0.0,,
2025-11-10 07:52:42+00:00,2025-11-10 07:52:42,,,,,,,,,,19.6612492,4.3984375,955.0,1086.06873,17.4624996,,,11.78,0.0,16.25,,,0.0,,
2025-11-10 07:52:43+00:00,2025-11-10 07:52:43,,,,,,,,,,19.6612492,4.3984375,955.0,1086.06873,17.4624996,,,11.78,0.0,16.25,,,0.0,,
2025-11-10 07:52:44+00:00,2025-11-10 07:52:44,,,,,,,,,,19.6612492,4.4515624,956.0,1085.66248,17.7999992,,,11.78,0.0,16.25,,,0.0,,
2025-11-10 07:52:45+00:00,2025-11-10 07:52:45,24.6612492,26.0,26.0,26.0,26.0,19.99417284754806,100.0,BO_ONLY,"BO 모델 결과만 사용 (1단계 롤백, 2~4단계에서 Hz 변화 없음)",19.6612492,4.55000019,955.0,1085.5,17.8250008,,,11.78,0.0,16.25,,,0.0,,
2025-11-10 07:52:46+00:00,2025-11-10 07:52:46,,,,,,,,,,19.6612492,4.5218749,956.0,1086.47498,18.0750008,,,11.78,0.0,16.25,,,0.0,,
2025-11-10 07:52:47+00:00,2025-11-10 07:52:47,,,,,,,,,,19.6612492,4.5218749,956.0,1086.47498,18.0750008,,,11.78,0.0,16.25,,,0.0,,
2025-11-10 07:52:48+00:00,2025-11-10 07:52:48,,,,,,,,,,19.6612492,4.6390624,955.0,1085.90625,17.7999992,,,11.78,0.0,16.25,,,0.0,,
2025-11-10 07:52:49+00:00,2025-11-10 07:52:49,,,,,,,,,,19.6612492,4.6078124,954.0,1086.71875,18.1000004,,,11.78,0.0,16.25,,,0.0,,
2025-11-10 07:52:50+00:00,2025-11-10 07:52:50,24.6612492,26.0,26.0,26.0,26.0,20.935785141221526,100.0,BO_ONLY,"BO 모델 결과만 사용 (1단계 롤백, 2~4단계에서 Hz 변화 없음)",19.6612492,4.6078124,954.0,1086.71875,18.1000004,,,11.78,0.0,16.25,,,0.0,,
2025-11-10 07:52:51+00:00,2025-11-10 07:52:51,,,,,,,,,,19.6612492,4.66093731,954.0,1085.5,17.9375,,,11.78,0.0,17.07,,,0.0,,
2025-11-10 07:52:52+00:00,2025-11-10 07:52:52,,,,,,,,,,19.6612492,4.66093731,954.0,1085.5,17.9375,,,11.78,0.0,17.07,,,0.0,,
2025-11-10 07:52:53+00:00,2025-11-10 07:52:53,,,,,,,,,,19.6612492,4.7562499,953.0,1084.11877,18.8875008,,,11.78,0.0,17.07,,,0.0,,
2025-11-10 07:52:54+00:00,2025-11-10 07:52:54,,,,,,,,,,19.6612492,4.7437501,954.0,1084.7688,19.2124996,,,11.78,0.0,17.07,,,0.0,,
2025-11-10 07:52:55+00:00,2025-11-10 07:52:55,24.6612492,26.0,26.0,26.0,26.0,20.77727867572712,100.0,BO_ONLY,"BO 모델 결과만 사용 (1단계 롤백, 2~4단계에서 Hz 변화 없음)",19.6612492,4.7437501,954.0,1084.7688,19.2124996,,,11.78,0.0,17.07,,,0.0,,
2025-11-10 07:52:56+00:00,2025-11-10 07:52:56,,,,,,,,,,19.6612492,4.796875,954.0,1084.52502,19.0625,,,11.78,0.0,17.07,,,0.0,,
2025-11-10 07:52:57+00:00,2025-11-10 07:52:57,,,,,,,,,,19.6612492,4.796875,954.0,1084.52502,19.0625,,,11.78,0.0,17.07,,,0.0,,
2025-11-10 07:52:58+00:00,2025-11-10 07:52:58,,,,,,,,,,19.6612492,4.9203124,953.0,1082.81873,18.9874992,,,11.78,0.0,17.07,,,0.0,,
2025-11-10 07:52:59+00:00,2025-11-10 07:52:59,,,,,,,,,,19.6612492,4.9203124,953.0,1082.81873,18.9874992,,,11.78,0.0,17.07,,,0.0,,
2025-11-10 07:53:00+00:00,2025-11-10 07:53:00,24.6612492,26.0,26.0,26.0,26.0,20.830996967165984,100.0,BO_ONLY,"BO 모델 결과만 사용 (1단계 롤백, 2~4단계에서 Hz 변화 없음)",19.6612492,4.96875,954.0,1082.90002,18.8500004,,3.0,11.78,0.0,17.07,,,0.0,,
2025-11-10 07:53:01+00:00,2025-11-10 07:53:01,,,,,,,,,,19.6612492,4.96875,954.0,1082.90002,18.8500004,,,11.78,0.0,18.05,,,0.0,,
2025-11-10 07:53:02+00:00,2025-11-10 07:53:02,,,,,,,,,,19.6612492,5.09375,954.0,1080.30005,19.0249996,,,11.78,0.0,18.05,,,0.0,,
2025-11-10 07:53:03+00:00,2025-11-10 07:53:03,,,,,,,,,,19.6612492,5.1015625,954.0,1081.59998,19.0,,,11.78,0.0,18.05,,,0.0,,
2025-11-10 07:53:04+00:00,2025-11-10 07:53:04,,,,,,,,,,19.6612492,5.1015625,954.0,1081.59998,19.0,,,11.78,0.0,18.05,,,0.0,,
2025-11-10 07:53:05+00:00,2025-11-10 07:53:05,24.6612492,26.0,26.0,26.0,26.0,20.91720071892211,100.0,BO_ONLY,"BO 모델 결과만 사용 (1단계 롤백, 2~4단계에서 Hz 변화 없음)",19.6612492,5.1109376,954.0,1080.46252,18.8374996,,,11.78,0.0,18.05,,,0.0,,
2025-11-10 07:53:06+00:00,2025-11-10 07:53:06,,,,,,,,,,19.6612492,5.2125001,954.0,1079.8938,19.1749992,,,11.78,0.0,18.05,,,0.0,,
2025-11-10 07:53:07+00:00,2025-11-10 07:53:07,,,,,,,,,,19.6612492,5.2125001,954.0,1079.8938,19.1749992,,,11.78,0.0,18.05,,,0.0,,
2025-11-10 07:53:08+00:00,2025-11-10 07:53:08,,,,,,,,,,19.6612492,5.2328124,954.0,1078.83752,18.7999992,,,11.78,0.0,18.05,,,0.0,,
2025-11-10 07:53:09+00:00,2025-11-10 07:53:09,,,,,,,,,,19.6612492,5.34375,955.0,1079.0,18.9125004,,,11.78,0.0,18.05,,,0.0,,
2025-11-10 07:53:10+00:00,2025-11-10 07:53:10,24.6612492,25.0,25.0,25.0,25.0,21.175040756883313,100.0,BO_ONLY,"BO 모델 결과만 사용 (1단계 롤백, 2~4단계에서 Hz 변화 없음)",19.6612492,5.34375,955.0,1079.0,18.9125004,,,11.78,0.0,18.05,,,0.0,,
2025-11-10 07:53:11+00:00,2025-11-10 07:53:11,,,,,,,,,,19.6612492,5.37187481,951.0,1080.05627,18.9750004,,,11.78,0.0,18.05,,,0.0,,
2025-11-10 07:53:12+00:00,2025-11-10 07:53:12,,,,,,,,,,19.6612492,5.37187481,951.0,1080.05627,18.9750004,,,11.78,0.0,18.05,,,0.0,,
2025-11-10 07:53:13+00:00,2025-11-10 07:53:13,,,,,,,,,,19.6612492,5.5093751,952.0,1078.67505,18.5874996,,,11.78,0.0,18.05,,,0.0,,
2025-11-10 07:53:14+00:00,2025-11-10 07:53:14,,,,,,,,,,19.6612492,5.5406251,951.0,1078.75623,18.5874996,,,11.78,0.0,18.05,,,0.0,,
2025-11-10 07:53:15+00:00,2025-11-10 07:53:15,24.6612492,25.0,25.0,25.0,25.0,20.7304645433043,100.0,BO_ONLY,"BO 모델 결과만 사용 (1단계 롤백, 2~4단계에서 Hz 변화 없음)",19.6612492,5.5406251,951.0,1078.75623,18.9249992,,,11.78,0.0,18.05,,,0.0,,
2025-11-10 07:53:16+00:00,2025-11-10 07:53:16,,,,,,,,,,19.6612492,5.6031251,951.0,1078.67505,18.9375,,,11.78,0.0,18.05,,,0.0,,
2025-11-10 07:53:17+00:00,2025-11-10 07:53:17,,,,,,,,,,19.6612492,5.6031251,953.0,1078.67505,18.9375,,,11.78,0.0,18.05,,,0.0,,
2025-11-10 07:53:18+00:00,2025-11-10 07:53:18,,,,,,,,,,19.6612492,5.7578125,952.0,1077.375,18.6749992,,,11.78,0.0,18.05,,,0.0,,
2025-11-10 07:53:19+00:00,2025-11-10 07:53:19,,,,,,,,,,19.6612492,5.7578125,952.0,1077.375,18.6749992,,,11.78,0.0,18.05,,,0.0,,
2025-11-10 07:53:20+00:00,2025-11-10 07:53:20,24.6612492,25.0,25.0,25.0,25.0,20.806782255295047,100.0,BO_ONLY,"BO 모델 결과만 사용 (1단계 롤백, 2~4단계에서 Hz 변화 없음)",19.6612492,5.79218769,951.0,1075.8313,18.7625008,,,11.78,0.0,18.05,,,0.0,,
2025-11-10 07:53:21+00:00,2025-11-10 07:53:21,,,,,,,,,,19.6612492,5.8578124,950.0,1076.15625,18.8875008,,,11.78,0.0,18.09,,,0.0,,
2025-11-10 07:53:22+00:00,2025-11-10 07:53:22,,,,,,,,,,19.6612492,5.8578124,950.0,1076.15625,18.8875008,,,11.78,0.0,18.09,,,0.0,,
2025-11-10 07:53:23+00:00,2025-11-10 07:53:23,,,,,,,,,,19.6612492,5.9375,951.0,1075.8313,19.9750004,,,11.78,0.0,18.09,,,0.0,,
2025-11-10 07:53:24+00:00,2025-11-10 07:53:24,,,,,,,,,,19.6612492,5.98906231,951.0,1075.75,19.9125004,,,11.78,0.0,18.09,,,0.0,,
2025-11-10 07:53:25+00:00,2025-11-10 07:53:25,24.6612492,25.0,25.0,25.0,25.0,20.496296162546557,100.0,BO_ONLY,"BO 모델 결과만 사용 (1단계 롤백, 2~4단계에서 Hz 변화 없음)",19.6612492,5.98906231,949.0,1075.75,19.9125004,,,11.78,0.0,18.09,,,0.0,,
2025-11-10 07:53:26+00:00,2025-11-10 07:53:26,,,,,,,,,,19.6612492,6.0999999,951.0,1074.2063,19.8374996,,,11.78,0.0,18.09,,,0.0,,
2025-11-10 07:53:27+00:00,2025-11-10 07:53:27,,,,,,,,,,19.6612492,6.1703124,950.0,1074.0437,19.9125004,,,11.78,0.0,18.09,,,0.0,,
2025-11-10 07:53:28+00:00,2025-11-10 07:53:28,,,,,,,,,,19.6612492,6.1703124,950.0,1074.0437,19.9125004,,,11.78,0.0,18.09,,,0.0,,
2025-11-10 07:53:29+00:00,2025-11-10 07:53:29,,,,,,,,,,19.6612492,6.21562481,950.0,1072.5,20.0625,,,11.78,0.0,18.09,,,0.0,,
2025-11-10 07:53:30+00:00,2025-11-10 07:53:30,24.0,24.0,24.0,24.0,24.0,20.64730807190856,100.0,BO_ONLY,"BO 모델 결과만 사용 (1단계 롤백, 2~4단계에서 Hz 변화 없음)",19.6612492,6.22968769,951.0,1072.4187,20.1000004,,,11.78,0.0,18.09,,,0.0,,
2025-11-10 07:53:31+00:00,2025-11-10 07:53:31,,,,,,,,,,19.6612492,6.22968769,951.0,1072.4187,20.1000004,,,11.78,0.0,19.21,,,0.0,,
2025-11-10 07:53:32+00:00,2025-11-10 07:53:32,,,,,,,,,,19.6612492,6.35624981,950.0,1073.3125,20.0,,,11.78,0.0,19.21,,,0.0,,
2025-11-10 07:53:33+00:00,2025-11-10 07:53:33,,,,,,,,,,19.6612492,6.3968749,950.0,1073.63745,22.8624992,,,11.78,0.0,19.21,,,0.0,,
2025-11-10 07:53:34+00:00,2025-11-10 07:53:34,,,,,,,,,,19.6612492,6.3968749,950.0,1073.63745,22.8624992,,,11.78,0.0,19.21,,,0.0,,
2025-11-10 07:53:35+00:00,2025-11-10 07:53:35,23.0,23.0,23.0,23.0,23.0,20.71375038735874,100.0,BO_ONLY,"BO 모델 결과만 사용 (1단계 롤백, 2~4단계에서 Hz 변화 없음)",19.6612492,6.4515624,951.0,1073.06873,22.8624992,,,11.78,0.0,19.21,,,0.0,,
2025-11-10 07:53:36+00:00,2025-11-10 07:53:36,,,,,,,,,,19.6612492,6.4515624,951.0,1073.06873,22.8624992,,,11.78,0.0,19.21,,,0.0,,
2025-11-10 07:53:37+00:00,2025-11-10 07:53:37,,,,,,,,,,19.6612492,6.54374981,950.0,1071.28125,22.9249992,,,11.78,0.0,19.21,,,0.0,,
2025-11-10 07:53:38+00:00,2025-11-10 07:53:38,,,,,,,,,,19.6612492,6.54374981,950.0,1071.28125,22.9249992,,,11.78,0.0,19.21,,,0.0,,
2025-11-10 07:53:39+00:00,2025-11-10 07:53:39,,,,,,,,,,19.6612492,6.5953126,948.0,1070.30627,22.75,,,11.78,0.0,19.21,,,0.0,,
2025-11-10 07:53:40+00:00,2025-11-10 07:53:40,23.0,23.0,23.0,23.0,23.0,23.220040332086285,100.0,BO_ONLY,"BO 모델 결과만 사용 (1단계 롤백, 2~4단계에서 Hz 변화 없음)",19.6612492,6.5953126,948.0,1070.30627,22.75,,,11.78,0.0,19.21,,,0.0,,
2025-11-10 07:53:41+00:00,2025-11-10 07:53:41,,,,,,,,,,19.6612492,6.7437501,950.0,1070.22498,22.7625008,,,11.78,0.0,22.13,,,0.0,,
2025-11-10 07:53:42+00:00,2025-11-10 07:53:42,,,,,,,,,,19.6612492,6.78437519,949.0,1068.03125,22.9249992,,,11.78,0.0,22.13,,,0.0,,
2025-11-10 07:53:43+00:00,2025-11-10 07:53:43,,,,,,,,,,19.6612492,6.80781269,949.0,1068.11255,22.7000008,,,11.78,0.0,22.13,,,0.0,,
2025-11-10 07:53:44+00:00,2025-11-10 07:53:44,,,,,,,,,,19.6612492,6.80781269,949.0,1068.11255,22.7000008,,,11.78,0.0,22.13,,,0.0,,
2025-11-10 07:53:45+00:00,2025-11-10 07:53:45,23.0,23.0,23.0,23.0,23.0,23.79477376727812,100.0,BO_ONLY,"BO 모델 결과만 사용 (1단계 롤백, 2~4단계에서 Hz 변화 없음)",19.6612492,6.80781269,949.0,1066.32495,22.7999992,,,11.78,0.0,22.13,,,0.0,,
2025-11-10 07:53:46+00:00,2025-11-10 07:53:46,,,,,,,,,,19.6612492,6.8125,948.0,1066.32495,22.7999992,,,11.78,0.0,22.13,,,0.0,,
2025-11-10 07:53:47+00:00,2025-11-10 07:53:47,,,,,,,,,,19.6612492,6.8125,948.0,1065.9187,22.7749996,,,11.78,0.0,22.13,,,0.0,,
2025-11-10 07:53:48+00:00,2025-11-10 07:53:48,,,,,,,,,,19.6612492,6.8734374,950.0,1065.9187,22.7749996,,,11.78,0.0,22.13,,,0.0,,
2025-11-10 07:53:49+00:00,2025-11-10 07:53:49,,,,,,,,,,19.6612492,6.97343731,950.0,1066.0813,22.9500008,,,11.78,0.0,22.13,,,0.0,,
2025-11-10 07:53:50+00:00,2025-11-10 07:53:50,23.0,23.0,23.0,23.0,23.0,24.38329342275696,100.0,BO_ONLY,"BO 모델 결과만 사용 (1단계 롤백, 2~4단계에서 Hz 변화 없음)",19.6612492,6.97343731,948.0,1066.0813,22.9500008,,,11.78,0.0,22.13,,,0.0,,
2025-11-10 07:53:51+00:00,2025-11-10 07:53:51,,,,,,,,,,19.6612492,7.0,950.0,1067.38123,23.4874992,,,11.78,0.0,22.13,,,0.0,,
2025-11-10 07:53:52+00:00,2025-11-10 07:53:52,,,,,,,,,,19.6612492,7.0,950.0,1067.38123,23.4874992,,,11.78,0.0,22.13,,,0.0,,
2025-11-10 07:53:53+00:00,2025-11-10 07:53:53,,,,,,,,,,19.6612492,7.16874981,950.0,1065.51245,23.1875,,,11.78,0.0,22.13,,,0.0,,
2025-11-10 07:53:54+00:00,2025-11-10 07:53:54,,,,,,,,,,19.6612492,7.18437481,948.0,1062.6687,23.5499992,,,11.78,0.0,22.13,,,0.0,,
2025-11-10 07:53:55+00:00,2025-11-10 07:53:55,24.0,24.0,24.0,24.0,24.0,25.732532819304378,100.0,BO_ONLY,"BO 모델 결과만 사용 (1단계 롤백, 2~4단계에서 Hz 변화 없음)",19.6612492,7.18437481,948.0,1062.6687,23.5499992,,,11.78,0.0,22.13,,,0.0,,
2025-11-10 07:53:56+00:00,2025-11-10 07:53:56,,,,,,,,,,19.6612492,7.25468731,950.0,1062.75,24.0249996,,,11.78,0.0,22.13,,,0.0,,
2025-11-10 07:53:57+00:00,2025-11-10 07:53:57,,,,,,,,,,19.6612492,7.25468731,950.0,1062.75,24.0249996,,,11.78,0.0,22.13,,,0.0,,
2025-11-10 07:53:58+00:00,2025-11-10 07:53:58,,,,,,,,,,19.6612492,7.3187499,948.0,1063.31873,23.7875004,,,11.78,0.0,22.13,,,0.0,,
2025-11-10 07:53:59+00:00,2025-11-10 07:53:59,,,,,,,,,,19.6612492,7.359375,949.0,1062.0188,24.2625008,,,11.78,0.0,22.13,,,0.0,,
2025-11-10 07:54:00+00:00,2025-11-10 07:54:00,24.0,24.0,24.0,24.0,24.0,27.095284158242492,100.0,BO_ONLY,"BO 모델 결과만 사용 (1단계 롤백, 2~4단계에서 Hz 변화 없음)",19.6612492,7.3921876,949.0,1060.71875,24.2875004,,3.0,11.78,0.0,22.13,,,0.0,,
2025-11-10 07:54:01+00:00,2025-11-10 07:54:01,,,,,,,,,,19.6612492,7.3921876,949.0,1060.71875,24.2875004,,,11.78,0.0,23.3,,,0.0,,
2025-11-10 07:54:02+00:00,2025-11-10 07:54:02,,,,,,,,,,19.6612492,7.56562519,950.0,1059.5,23.9375,,,11.78,0.0,23.3,,,0.0,,
2025-11-10 07:54:03+00:00,2025-11-10 07:54:03,,,,,,,,,,19.6612492,7.56562519,950.0,1059.5,23.9375,,,11.78,0.0,23.3,,,0.0,,
2025-11-10 07:54:04+00:00,2025-11-10 07:54:04,,,,,,,,,,19.6612492,7.640625,948.0,1060.3938,24.6625004,,,11.78,0.0,23.3,,,0.0,,
2025-11-10 07:54:05+00:00,2025-11-10 07:54:05,24.0,24.0,24.0,24.0,24.0,24.71073170697973,100.0,BO_ONLY,"BO 모델 결과만 사용 (1단계 롤백, 2~4단계에서 Hz 변화 없음)",19.6612492,7.640625,948.0,1060.3938,24.6625004,,,11.78,0.0,23.3,,,0.0,,
2025-11-10 07:54:06+00:00,2025-11-10 07:54:06,,,,,,,,,,19.6612492,7.6484375,948.0,1060.15002,24.7000008,,,11.78,0.0,23.3,,,0.0,,
2025-11-10 07:54:08+00:00,2025-11-10 07:54:08,,,,,,,,,,19.6612492,7.7249999,948.0,1058.93127,24.5874996,,,11.78,0.0,23.3,,,0.0,,
2025-11-10 07:54:09+00:00,2025-11-10 07:54:09,,,,,,,,,,19.6612492,7.78437519,947.0,1056.1687,25.0,,,11.78,0.0,23.3,,,0.0,,
2025-11-10 07:54:10+00:00,2025-11-10 07:54:10,24.0,24.0,24.0,24.0,24.0,24.351336639649865,100.0,BO_ONLY,"BO 모델 결과만 사용 (1단계 롤백, 2~4단계에서 Hz 변화 없음)",19.6612492,7.78437519,947.0,1056.1687,25.0,,,11.78,0.0,23.3,,,0.0,,
2025-11-10 07:54:11+00:00,2025-11-10 07:54:11,,,,,,,,,,19.6612492,7.9593749,948.0,1055.19373,24.7875004,,,11.78,0.0,23.84,,,0.0,,
2025-11-10 07:54:12+00:00,2025-11-10 07:54:12,,,,,,,,,,19.6612492,7.9593749,948.0,1055.19373,24.7875004,,,11.78,0.0,23.84,,,0.0,,
2025-11-10 07:54:13+00:00,2025-11-10 07:54:13,,,,,,,,,,19.6612492,8.0390625,948.0,1052.83752,24.6499996,,,11.78,0.0,23.84,,,0.0,,
2025-11-10 07:54:14+00:00,2025-11-10 07:54:14,,,,,,,,,,19.6612492,8.0390625,948.0,1052.83752,24.6499996,,,11.78,0.0,23.84,,,0.0,,
2025-11-10 07:54:15+00:00,2025-11-10 07:54:15,24.0,24.0,24.0,24.0,24.0,24.82366312591483,100.0,BO_ONLY,"BO 모델 결과만 사용 (1단계 롤백, 2~4단계에서 Hz 변화 없음)",19.6612492,8.13906288,947.0,1053.97498,22.7124996,,,11.78,0.0,23.84,,,0.0,,
2025-11-10 07:54:16+00:00,2025-11-10 07:54:16,,,,,,,,,,19.6612492,8.13906288,947.0,1053.97498,22.7124996,,,11.78,0.0,23.84,,,0.0,,
2025-11-10 07:54:17+00:00,2025-11-10 07:54:17,,,,,,,,,,19.6612492,8.234375,947.0,1053.65002,22.4375,,,11.78,0.0,23.84,,,0.0,,
2025-11-10 07:54:18+00:00,2025-11-10 07:54:18,,,,,,,,,,19.6612492,8.234375,947.0,1053.65002,22.4375,,,11.78,0.0,23.84,,,0.0,,
2025-11-10 07:54:19+00:00,2025-11-10 07:54:19,,,,,,,,,,19.6612492,8.22031212,948.0,1051.78125,22.7749996,,,11.78,0.0,23.84,,,0.0,,
2025-11-10 07:54:20+00:00,2025-11-10 07:54:20,20.0,20.0,20.0,20.0,20.0,21.023871227733654,100.0,BO_ONLY,"BO 모델 결과만 사용 (1단계 롤백, 2~4단계에서 Hz 변화 없음)",19.6612492,8.34375,947.0,1051.86255,22.8374996,,,11.78,0.0,23.84,,,0.0,,
2025-11-10 07:54:21+00:00,2025-11-10 07:54:21,,,,,,,,,,19.6612492,8.34375,947.0,1051.86255,22.8374996,,,11.78,0.0,23.84,,,0.0,,
2025-11-10 07:54:22+00:00,2025-11-10 07:54:22,,,,,,,,,,19.6612492,8.390625,947.0,1050.5625,22.7999992,,,11.78,0.0,21.9,,,0.0,,
2025-11-10 07:54:23+00:00,2025-11-10 07:54:23,,,,,,,,,,19.6612492,8.37968731,947.0,1050.72498,23.1124992,,,11.78,0.0,21.9,,,0.0,,
2025-11-10 07:54:24+00:00,2025-11-10 07:54:24,,,,,,,,,,19.6612492,8.37968731,947.0,1050.72498,23.1124992,,,11.78,0.0,21.9,,,0.0,,
2025-11-10 07:54:25+00:00,2025-11-10 07:54:25,20.0,20.0,20.0,20.0,20.0,20.873371478439235,100.0,BO_ONLY,"BO 모델 결과만 사용 (1단계 롤백, 2~4단계에서 Hz 변화 없음)",19.6612492,8.5625,946.0,1048.9375,23.1625004,,,11.78,0.0,21.9,,,0.0,,
2025-11-10 07:54:26+00:00,2025-11-10 07:54:26,,,,,,,,,,19.6612492,8.5625,946.0,1048.9375,23.1625004,,,11.78,0.0,21.9,,,0.0,,
2025-11-10 07:54:27+00:00,2025-11-10 07:54:27,,,,,,,,,,19.6612492,8.63749981,946.0,1047.2312,23.375,,,11.78,0.0,21.9,,,0.0,,
2025-11-10 07:54:28+00:00,2025-11-10 07:54:28,,,,,,,,,,19.6612492,8.63749981,945.0,1047.2312,23.375,,,11.78,0.0,21.9,,,0.0,,
2025-11-10 07:54:29+00:00,2025-11-10 07:54:29,,,,,,,,,,19.6612492,8.7109375,946.0,1046.74377,23.4624996,,,11.78,0.0,21.9,,,0.0,,
2025-11-10 07:54:30+00:00,2025-11-10 07:54:30,21.0,21.0,21.0,21.0,21.0,21.74082235322617,100.0,BO_ONLY,"BO 모델 결과만 사용 (1단계 롤백, 2~4단계에서 Hz 변화 없음)",19.6612492,8.7109375,946.0,1046.74377,23.4624996,,,11.78,0.0,21.9,,,0.0,,
2025-11-10 07:54:31+00:00,2025-11-10 07:54:31,,,,,,,,,,19.6612492,8.78593731,945.0,1047.47498,23.75,,,11.78,0.0,22.61,,,0.0,,
2025-11-10 07:54:32+00:00,2025-11-10 07:54:32,,,,,,,,,,19.6612492,8.78593731,945.0,1047.47498,23.75,,,11.78,0.0,22.61,,,0.0,,
2025-11-10 07:54:33+00:00,2025-11-10 07:54:33,,,,,,,,,,19.6612492,8.84531212,943.0,1044.46875,21.1000004,,,11.78,0.0,22.61,,,0.0,,
2025-11-10 07:54:34+00:00,2025-11-10 07:54:34,,,,,,,,,,19.6612492,8.84531212,943.0,1044.46875,21.1000004,,,11.78,0.0,22.61,,,0.0,,
2025-11-10 07:54:35+00:00,2025-11-10 07:54:35,21.0,21.0,21.0,21.0,21.0,22.278323011868764,100.0,BO_ONLY,"BO 모델 결과만 사용 (1단계 롤백, 2~4단계에서 Hz 변화 없음)",19.6612492,8.99843788,944.0,1042.03125,20.7250004,,,11.78,0.0,22.61,,,0.0,,
2025-11-10 07:54:36+00:00,2025-11-10 07:54:36,,,,,,,,,,19.6612492,8.99843788,944.0,1042.03125,20.7250004,,,11.78,0.0,22.61,,,0.0,,
2025-11-10 07:54:37+00:00,2025-11-10 07:54:37,,,,,,,,,,19.6612492,9.02812481,944.0,1040.56873,20.9375,,,11.78,0.0,22.61,,,0.0,,
2025-11-10 07:54:38+00:00,2025-11-10 07:54:38,,,,,,,,,,19.6612492,9.00937462,944.0,1039.9187,21.2749996,,,11.78,0.0,22.61,,,0.0,,
2025-11-10 07:54:39+00:00,2025-11-10 07:54:39,,,,,,,,,,19.6612492,9.00937462,944.0,1039.9187,21.2749996,,,11.78,0.0,22.61,,,0.0,,
2025-11-10 07:54:40+00:00,2025-11-10 07:54:40,20.0,20.0,20.0,20.0,20.0,18.809008730883225,100.0,BO_ONLY,"BO 모델 결과만 사용 (1단계 롤백, 2~4단계에서 Hz 변화 없음)",19.6612492,9.18437481,944.0,1040.32495,21.0625,,,11.78,0.0,22.61,,,0.0,,
2025-11-10 07:54:41+00:00,2025-11-10 07:54:41,,,,,,,,,,19.6612492,9.18437481,944.0,1040.32495,21.0625,,,11.78,0.0,20.04,,,0.0,,
2025-11-10 07:54:42+00:00,2025-11-10 07:54:42,,,,,,,,,,19.6612492,9.1875,945.0,1039.1062,21.375,,,11.78,0.0,20.04,,,0.0,,
2025-11-10 07:54:43+00:00,2025-11-10 07:54:43,,,,,,,,,,19.6612492,9.24062538,945.0,1038.69995,21.5625,,,11.78,0.0,20.04,,,0.0,,
2025-11-10 07:54:44+00:00,2025-11-10 07:54:44,,,,,,,,,,19.6612492,9.24062538,945.0,1038.69995,21.5625,,,11.78,0.0,20.04,,,0.0,,
2025-11-10 07:54:45+00:00,2025-11-10 07:54:45,20.0,20.0,20.0,20.0,20.0,18.971852421246826,100.0,BO_ONLY,"BO 모델 결과만 사용 (1단계 롤백, 2~4단계에서 Hz 변화 없음)",19.6612492,9.38593769,945.0,1036.91248,21.5499992,,,11.78,0.0,20.04,,,0.0,,
2025-11-10 07:54:46+00:00,2025-11-10 07:54:46,,,,,,,,,,19.6612492,9.38593769,945.0,1036.91248,21.5499992,,,11.78,0.0,20.04,,,0.0,,
2025-11-10 07:54:47+00:00,2025-11-10 07:54:47,,,,,,,,,,19.6612492,9.44218731,943.0,1035.2063,21.5499992,,,11.78,0.0,20.04,,,0.0,,
2025-11-10 07:54:48+00:00,2025-11-10 07:54:48,,,,,,,,,,19.6612492,9.49062538,943.0,1035.28748,21.8500004,,,11.78,0.0,20.04,,,0.0,,
2025-11-10 07:54:49+00:00,2025-11-10 07:54:49,,,,,,,,,,19.6612492,9.49062538,943.0,1035.28748,21.8500004,,,11.78,0.0,20.04,,,0.0,,
2025-11-10 07:54:50+00:00,2025-11-10 07:54:50,20.0,20.0,20.0,20.0,20.0,20.240640950570132,100.0,BO_ONLY,"BO 모델 결과만 사용 (1단계 롤백, 2~4단계에서 Hz 변화 없음)",19.6612492,9.58437538,943.0,1033.5,21.875,,,11.78,0.0,20.04,,,0.0,,
2025-11-10 07:54:51+00:00,2025-11-10 07:54:51,,,,,,,,,,19.6612492,9.58437538,943.0,1033.5,21.875,,,11.78,0.0,20.98,,,0.0,,
2025-11-10 07:54:52+00:00,2025-11-10 07:54:52,,,,,,,,,,19.6612492,9.76718712,943.0,1033.66248,21.9500008,,,11.78,0.0,20.98,,,0.0,,
2025-11-10 07:54:53+00:00,2025-11-10 07:54:53,,,,,,,,,,19.6612492,9.76718712,943.0,1033.66248,21.9500008,,,11.78,0.0,20.98,,,0.0,,
2025-11-10 07:54:54+00:00,2025-11-10 07:54:54,,,,,,,,,,19.6612492,9.80781269,942.0,1033.25623,22.5874996,,,11.78,0.0,20.98,,,0.0,,
2025-11-10 07:54:55+00:00,2025-11-10 07:54:55,20.0,20.0,20.0,20.0,20.0,20.136228522665593,100.0,BO_ONLY,"BO 모델 결과만 사용 (1단계 롤백, 2~4단계에서 Hz 변화 없음)",19.6612492,9.80781269,942.0,1033.25623,22.5874996,,,11.78,0.0,20.98,,,0.0,,
2025-11-10 07:54:56+00:00,2025-11-10 07:54:56,,,,,,,,,,19.6612492,9.91250038,942.0,1031.46875,22.9624996,,,11.78,0.0,20.98,,,0.0,,
2025-11-10 07:54:57+00:00,2025-11-10 07:54:57,,,,,,,,,,19.6612492,9.91250038,942.0,1031.46875,22.9624996,,,11.78,0.0,20.98,,,0.0,,
2025-11-10 07:54:58+00:00,2025-11-10 07:54:58,,,,,,,,,,19.6612492,10.0656252,943.0,1029.03125,16.5499992,,,11.78,0.0,20.98,,,0.0,,
2025-11-10 07:54:59+00:00,2025-11-10 07:54:59,,,,,,,,,,19.6612492,10.0656252,943.0,1029.03125,16.5499992,,,11.78,0.0,20.98,,,0.0,,
2025-11-10 07:55:00+00:00,2025-11-10 07:55:00,19.0,19.0,19.0,19.0,19.0,21.021852945482436,100.0,BO_ONLY,"BO 모델 결과만 사용 (1단계 롤백, 2~4단계에서 Hz 변화 없음)",19.6612492,10.1453123,942.0,1029.3562,16.2000008,,3.0,11.78,0.0,20.98,,,0.0,,
2025-11-10 07:55:01+00:00,2025-11-10 07:55:01,,,,,,,,,,19.6612492,10.1453123,942.0,1029.3562,16.2000008,,,11.78,0.0,20.98,,,0.0,,
2025-11-10 07:55:02+00:00,2025-11-10 07:55:02,,,,,,,,,,19.6612492,10.2093754,942.0,1027.40625,16.2250004,,,11.78,0.0,21.84,,,0.0,,
2025-11-10 07:55:03+00:00,2025-11-10 07:55:03,,,,,,,,,,19.6612492,10.1859379,942.0,1028.05627,16.0625,,,11.78,0.0,21.84,,,0.0,,
2025-11-10 07:55:04+00:00,2025-11-10 07:55:04,,,,,,,,,,19.6612492,10.1859379,942.0,1028.05627,16.0625,,,11.78,0.0,21.84,,,0.0,,
2025-11-10 07:55:05+00:00,2025-11-10 07:55:05,18.0,18.0,18.0,18.0,18.0,15.762563690948188,100.0,BO_ONLY,"BO 모델 결과만 사용 (1단계 롤백, 2~4단계에서 Hz 변화 없음)",19.6612492,10.2749996,942.0,1027.8125,16.3125,,,11.78,0.0,21.84,,,0.0,,
2025-11-10 07:55:06+00:00,2025-11-10 07:55:06,,,,,,,,,,19.6612492,10.2749996,942.0,1027.8125,16.3125,,,11.78,0.0,21.84,,,0.0,,
2025-11-10 07:55:07+00:00,2025-11-10 07:55:07,,,,,,,,,,19.6612492,10.15625,942.0,1026.43127,16.4500008,,,11.78,0.0,21.84,,,0.0,,
2025-11-10 07:55:08+00:00,2025-11-10 07:55:08,,,,,,,,,,19.6612492,10.15625,942.0,1026.43127,16.4500008,,,11.78,0.0,21.84,,,0.0,,
2025-11-10 07:55:09+00:00,2025-11-10 07:55:09,,,,,,,,,,19.6612492,9.9453125,943.0,1026.59375,15.9624996,,,11.78,0.0,21.84,,,0.0,,
2025-11-10 07:55:10+00:00,2025-11-10 07:55:10,18.0,18.0,18.0,18.0,18.0,15.380851437958619,100.0,BO_ONLY,"BO 모델 결과만 사용 (1단계 롤백, 2~4단계에서 Hz 변화 없음)",19.6612492,9.9453125,943.0,1026.59375,15.9624996,,,11.78,0.0,21.84,,,0.0,,
2025-11-10 07:55:11+00:00,2025-11-10 07:55:11,,,,,,,,,,19.6612492,9.7578125,942.0,1023.91248,16.2000008,,,11.78,0.0,15.58,,,0.0,,
2025-11-10 07:55:12+00:00,2025-11-10 07:55:12,,,,,,,,,,19.6612492,9.7578125,942.0,1023.91248,16.2000008,,,11.78,0.0,15.58,,,0.0,,
2025-11-10 07:55:13+00:00,2025-11-10 07:55:13,,,,,,,,,,19.6612492,9.3203125,942.0,1024.31873,16.1000004,,,11.78,0.0,15.58,,,0.0,,
2025-11-10 07:55:14+00:00,2025-11-10 07:55:14,,,,,,,,,,19.6612492,9.3203125,942.0,1024.31873,16.1000004,,,11.78,0.0,15.58,,,0.0,,
2025-11-10 07:55:15+00:00,2025-11-10 07:55:15,20.0,20.0,20.0,20.0,20.0,14.863373190465431,100.0,BO_ONLY,"BO 모델 결과만 사용 (1단계 롤백, 2~4단계에서 Hz 변화 없음)",19.6612492,8.90468788,942.0,1022.45001,16.0249996,,,11.78,0.0,15.58,,,0.0,,
2025-11-10 07:55:16+00:00,2025-11-10 07:55:16,,,,,,,,,,19.6612492,8.90468788,942.0,1022.45001,16.0249996,,,11.78,0.0,15.58,,,0.0,,
2025-11-10 07:55:17+00:00,2025-11-10 07:55:17,,,,,,,,,,19.6612492,8.41874981,942.0,1022.20624,15.8374996,,,11.78,0.0,15.58,,,0.0,,
2025-11-10 07:55:18+00:00,2025-11-10 07:55:18,,,,,,,,,,19.6612492,8.41874981,942.0,1022.20624,15.8374996,,,11.78,0.0,15.58,,,0.0,,
2025-11-10 07:55:19+00:00,2025-11-10 07:55:19,,,,,,,,,,19.6612492,8.0859375,942.0,1020.74377,14.0,,,11.78,0.0,15.58,,,0.0,,
2025-11-10 07:55:20+00:00,2025-11-10 07:55:20,21.0,21.0,21.0,21.0,21.0,14.225245521900966,100.0,BO_ONLY,"BO 모델 결과만 사용 (1단계 롤백, 2~4단계에서 Hz 변화 없음)",19.6612492,8.0859375,942.0,1020.74377,14.0,,,11.78,0.0,15.58,,,0.0,,
2025-11-10 07:55:21+00:00,2025-11-10 07:55:21,,,,,,,,,,19.6612492,7.6578126,943.0,1020.74377,14.1000004,,,11.78,0.0,15.44,,,0.0,,
2025-11-10 07:55:22+00:00,2025-11-10 07:55:22,,,,,,,,,,19.6612492,7.6578126,943.0,1020.74377,14.1000004,,,11.78,0.0,15.44,,,0.0,,
2025-11-10 07:55:23+00:00,2025-11-10 07:55:23,,,,,,,,,,19.6612492,7.2437501,942.0,1020.33752,14.7124996,,,11.78,0.0,15.44,,,0.0,,
2025-11-10 07:55:24+00:00,2025-11-10 07:55:24,,,,,,,,,,19.6612492,7.0953126,942.0,1020.90625,14.6875,,,11.78,0.0,15.44,,,0.0,,
2025-11-10 07:55:25+00:00,2025-11-10 07:55:25,23.0,23.0,23.0,23.0,23.0,13.254222086590687,100.0,BO_ONLY,"BO 모델 결과만 사용 (1단계 롤백, 2~4단계에서 Hz 변화 없음)",19.6612492,7.0953126,942.0,1020.90625,14.6875,,,11.78,0.0,15.44,,,0.0,,
2025-11-10 07:55:26+00:00,2025-11-10 07:55:26,,,,,,,,,,19.6612492,6.7562499,942.0,1020.90625,14.6875,,,11.78,0.0,15.44,,,0.0,,
2025-11-10 07:55:27+00:00,2025-11-10 07:55:27,,,,,,,,,,19.6612492,6.7562499,942.0,1020.41876,14.6750002,,,11.78,0.0,15.44,,,0.0,,
2025-11-10 07:55:28+00:00,2025-11-10 07:55:28,,,,,,,,,,19.6612492,6.4828124,942.0,1021.55627,15.0375004,,,11.78,0.0,15.44,,,0.0,,
2025-11-10 07:55:29+00:00,2025-11-10 07:55:29,,,,,,,,,,19.6612492,6.4828124,942.0,1021.55627,15.0375004,,,11.78,0.0,15.44,,,0.0,,
2025-11-10 07:55:30+00:00,2025-11-10 07:55:30,24.0,24.0,24.0,24.0,24.0,12.90462758668547,100.0,BO_ONLY,"BO 모델 결과만 사용 (1단계 롤백, 2~4단계에서 Hz 변화 없음)",19.6612492,6.140625,942.0,1021.47498,14.6875,,,11.78,0.0,15.44,,,0.0,,
2025-11-10 07:55:31+00:00,2025-11-10 07:55:31,,,,,,,,,,19.6612492,6.0484376,944.0,1020.41876,14.8500004,,,11.78,0.0,13.91,,,0.0,,
2025-11-10 07:55:32+00:00,2025-11-10 07:55:32,,,,,,,,,,19.6612492,6.0484376,944.0,1020.41876,14.8500004,,,11.78,0.0,13.91,,,0.0,,
2025-11-10 07:55:33+00:00,2025-11-10 07:55:33,,,,,,,,,,19.6612492,5.87187481,943.0,1019.84998,15.8249998,,,11.78,0.0,13.91,,,0.0,,
2025-11-10 07:55:34+00:00,2025-11-10 07:55:34,,,,,,,,,,19.6612492,5.87187481,943.0,1019.84998,15.8249998,,,11.78,0.0,13.91,,,0.0,,
2025-11-10 07:55:35+00:00,2025-11-10 07:55:35,18.0,26.0,26.0,18.0,18.0,11.650881238544105,304.0,BO_O2_RULE,"제어매트릭스 규칙 적용: NOX_LOW (3단계 롤백, 4단계에서 Hz 변화 없음)",19.6612492,5.87187481,943.0,1019.20001,15.7875004,,,11.78,0.0,13.91,,,0.0,,
2025-11-10 07:55:36+00:00,2025-11-10 07:55:36,,,,,,,,,,19.6612492,5.77656269,944.0,1019.20001,15.7875004,,,11.78,0.0,13.91,,,0.0,,
2025-11-10 07:55:37+00:00,2025-11-10 07:55:37,,,,,,,,,,19.6612492,5.77656269,944.0,1019.20001,15.7875004,,,11.78,0.0,13.91,,,0.0,,
2025-11-10 07:55:38+00:00,2025-11-10 07:55:38,,,,,,,,,,19.6612492,5.5390625,944.0,1019.6875,15.9125004,,,11.78,0.0,13.91,,,0.0,,
2025-11-10 07:55:39+00:00,2025-11-10 07:55:39,,,,,,,,,,19.6612492,5.5140624,944.0,1019.11877,14.4750004,,,11.78,0.0,13.91,,,0.0,,
2025-11-10 07:55:40+00:00,2025-11-10 07:55:40,24.6612492,26.0,26.0,26.0,26.0,11.280609886956798,100.0,BO_ONLY,"BO 모델 결과만 사용 (1단계 롤백, 2~4단계에서 Hz 변화 없음)",19.6612492,5.5140624,945.0,1019.11877,14.4750004,,,11.78,0.0,13.91,,,0.0,,
2025-11-10 07:55:41+00:00,2025-11-10 07:55:41,,,,,,,,,,19.6612492,5.2718749,945.0,1019.20001,14.4125004,,,11.78,0.0,15.01,,,0.0,,
2025-11-10 07:55:42+00:00,2025-11-10 07:55:42,,,,,,,,,,19.6612492,5.1640625,944.0,1019.44373,14.625,,,11.78,0.0,15.01,,,0.0,,
2025-11-10 07:55:44+00:00,2025-11-10 07:55:44,,,,,,,,,,19.6612492,5.03593731,944.0,1018.95624,14.5874996,,,11.78,0.0,15.01,,,0.0,,
2025-11-10 07:55:45+00:00,2025-11-10 07:55:45,18.0,25.0,25.0,18.0,18.0,11.272468075338223,304.0,BO_O2_RULE,"제어매트릭스 규칙 적용: NOX_LOW (3단계 롤백, 4단계에서 Hz 변화 없음)",19.6612492,5.03593731,944.0,1018.95624,14.5874996,,,11.78,0.0,15.01,,,0.0,,
2025-11-10 07:55:46+00:00,2025-11-10 07:55:46,,,,,,,,,,19.6612492,4.8109374,944.0,1019.93127,15.1499996,,,11.78,0.0,15.01,,,0.0,,
2025-11-10 07:55:47+00:00,2025-11-10 07:55:47,,,,,,,,,,19.6612492,4.8109374,944.0,1019.93127,15.1499996,,,11.78,0.0,15.01,,,0.0,,
2025-11-10 07:55:48+00:00,2025-11-10 07:55:48,,,,,,,,,,19.6612492,4.56718731,943.0,1019.93127,15.1625004,,,11.78,0.0,15.01,,,0.0,,
2025-11-10 07:55:49+00:00,2025-11-10 07:55:49,,,,,,,,,,19.6612492,4.4671874,944.0,1019.76874,15.7124996,,,11.78,0.0,15.01,,,0.0,,
2025-11-10 07:55:50+00:00,2025-11-10 07:55:50,24.0,24.0,24.0,24.0,24.0,11.016286578322942,100.0,BO_ONLY,"BO 모델 결과만 사용 (1단계 롤백, 2~4단계에서 Hz 변화 없음)",19.6612492,4.4671874,944.0,1019.76874,15.7124996,,,11.78,0.0,15.01,,,0.0,,
2025-11-10 07:55:51+00:00,2025-11-10 07:55:51,,,,,,,,,,19.6612492,4.27031231,945.0,1018.875,15.3374996,,,11.78,0.0,14.36,,,0.0,,
2025-11-10 07:55:52+00:00,2025-11-10 07:55:52,,,,,,,,,,19.6612492,4.12968731,945.0,1019.03748,15.4750004,,,11.78,0.0,14.36,,,0.0,,
2025-11-10 07:55:53+00:00,2025-11-10 07:55:53,,,,,,,,,,19.6612492,4.12968731,945.0,1019.03748,15.4750004,,,11.78,0.0,14.36,,,0.0,,
2025-11-10 07:55:54+00:00,2025-11-10 07:55:54,,,,,,,,,,19.6612492,4.0328126,944.0,1020.25623,15.8625002,,,11.78,0.0,14.36,,,0.0,,
2025-11-10 07:55:55+00:00,2025-11-10 07:55:55,22.0,22.0,22.0,22.0,22.0,11.289056690879393,100.0,BO_ONLY,"BO 모델 결과만 사용 (1단계 롤백, 2~4단계에서 Hz 변화 없음)",19.6612492,4.0328126,944.0,1020.25623,15.8625002,,,11.78,0.0,14.36,,,0.0,,
2025-11-10 07:55:56+00:00,2025-11-10 07:55:56,,,,,,,,,,19.6612492,3.9046874,944.0,1020.41876,15.8000002,,,11.78,0.0,14.36,,,0.0,,
2025-11-10 07:55:57+00:00,2025-11-10 07:55:57,,,,,,,,,,19.6612492,3.9046874,944.0,1020.41876,15.8000002,,,11.78,0.0,14.36,,,0.0,,
2025-11-10 07:55:58+00:00,2025-11-10 07:55:58,,,,,,,,,,19.6612492,3.7203126,944.0,1020.41876,15.7875004,,,11.78,0.0,14.36,,,0.0,,
2025-11-10 07:55:59+00:00,2025-11-10 07:55:59,,,,,,,,,,19.6612492,3.7203126,944.0,1021.47498,15.7875004,,,11.78,0.0,14.36,,,0.0,,
2025-11-10 07:56:00+00:00,2025-11-10 07:56:00,22.0,22.0,22.0,22.0,22.0,10.668402200359765,100.0,BO_ONLY,"BO 모델 결과만 사용 (1단계 롤백, 2~4단계에서 Hz 변화 없음)",19.6612492,3.6875,946.0,1021.47498,12.8374996,,3.0,11.78,0.0,14.36,,,0.0,,
2025-11-10 07:56:01+00:00,2025-11-10 07:56:01,,,,,,,,,,19.6612492,3.6875,946.0,1020.66248,12.8374996,,,11.78,0.0,14.36,,,0.0,,
2025-11-10 07:56:02+00:00,2025-11-10 07:56:02,,,,,,,,,,19.6612492,3.63750005,945.0,1020.66248,12.8999996,,,11.78,0.0,15.24,,,0.0,,
2025-11-10 07:56:03+00:00,2025-11-10 07:56:03,,,,,,,,,,19.6612492,3.55937505,946.0,1021.23126,13.0375004,,,11.78,0.0,15.24,,,0.0,,
2025-11-10 07:56:04+00:00,2025-11-10 07:56:04,,,,,,,,,,19.6612492,3.55937505,946.0,1021.23126,13.0375004,,,11.78,0.0,15.24,,,0.0,,
2025-11-10 07:56:05+00:00,2025-11-10 07:56:05,18.0,21.0,21.0,18.0,18.0,10.123832051092299,304.0,BO_O2_RULE,"제어매트릭스 규칙 적용: NOX_LOW (3단계 롤백, 4단계에서 Hz 변화 없음)",19.6612492,3.55781245,946.0,1021.39374,12.9250002,,,11.78,0.0,15.24,,,0.0,,
2025-11-10 07:56:06+00:00,2025-11-10 07:56:06,,,,,,,,,,19.6612492,3.5218749,946.0,1020.82501,12.9250002,,,11.78,0.0,15.24,,,0.0,,
2025-11-10 07:56:07+00:00,2025-11-10 07:56:07,,,,,,,,,,19.6612492,3.5218749,946.0,1020.82501,12.9250002,,,11.78,0.0,15.24,,,0.0,,
2025-11-10 07:56:08+00:00,2025-11-10 07:56:08,,,,,,,,,,19.6612492,3.4937501,945.0,1020.82501,13.2624998,,,11.78,0.0,15.24,,,0.0,,
2025-11-10 07:56:09+00:00,2025-11-10 07:56:09,,,,,,,,,,19.6612492,3.4937501,945.0,1020.82501,13.2624998,,,11.78,0.0,15.24,,,0.0,,
2025-11-10 07:56:10+00:00,2025-11-10 07:56:10,18.0,21.0,21.0,18.0,18.0,11.222992069053028,304.0,BO_O2_RULE,"제어매트릭스 규칙 적용: NOX_LOW (3단계 롤백, 4단계에서 Hz 변화 없음)",19.6612492,3.37812495,946.0,1020.82501,13.3500004,,,11.78,0.0,15.24,,,0.0,,
2025-11-10 07:56:11+00:00,2025-11-10 07:56:11,,,,,,,,,,19.6612492,3.41875005,946.0,1021.3125,13.2875004,,,11.78,0.0,12.44,,,0.0,,
2025-11-10 07:56:12+00:00,2025-11-10 07:56:12,,,,,,,,,,19.6612492,3.41875005,946.0,1021.3125,13.2875004,,,11.78,0.0,12.44,,,0.0,,
2025-11-10 07:56:13+00:00,2025-11-10 07:56:13,,,,,,,,,,19.6612492,3.34843755,947.0,1020.5,13.2875004,,,11.78,0.0,12.44,,,0.0,,
2025-11-10 07:56:14+00:00,2025-11-10 07:56:14,,,,,,,,,,19.6612492,3.34375,948.0,1022.9375,13.1000004,,,11.78,0.0,12.44,,,0.0,,
2025-11-10 07:56:15+00:00,2025-11-10 07:56:15,18.0,21.0,21.0,18.0,18.0,10.897883421497992,304.0,BO_O2_RULE,"제어매트릭스 규칙 적용: NOX_LOW (3단계 롤백, 4단계에서 Hz 변화 없음)",19.6612492,3.34375,948.0,1022.9375,13.1000004,,,11.78,0.0,12.44,,,0.0,,
2025-11-10 07:56:16+00:00,2025-11-10 07:56:16,,,,,,,,,,19.6612492,3.29999995,947.0,1022.9375,13.1000004,,,11.78,0.0,12.44,,,0.0,,
2025-11-10 07:56:17+00:00,2025-11-10 07:56:17,,,,,,,,,,19.6612492,3.2750001,947.0,1022.28748,13.4624996,,,11.78,0.0,12.44,,,0.0,,
2025-11-10 07:56:18+00:00,2025-11-10 07:56:18,,,,,,,,,,19.6612492,3.2750001,947.0,1022.28748,13.4624996,,,11.78,0.0,12.44,,,0.0,,
2025-11-10 07:56:19+00:00,2025-11-10 07:56:19,,,,,,,,,,19.6612492,3.21406245,947.0,1024.72498,12.8000002,,,11.78,0.0,12.44,,,0.0,,
2025-11-10 07:56:20+00:00,2025-11-10 07:56:20,18.0,21.0,21.0,18.0,18.0,11.001299263619144,304.0,BO_O2_RULE,"제어매트릭스 규칙 적용: NOX_LOW (3단계 롤백, 4단계에서 Hz 변화 없음)",19.6612492,3.21406245,947.0,1024.72498,12.8000002,,,11.78,0.0,12.44,,,0.0,,
2025-11-10 07:56:21+00:00,2025-11-10 07:56:21,,,,,,,,,,19.6612492,3.125,946.0,1023.99377,12.9125004,,,11.78,0.0,12.65,,,0.0,,
2025-11-10 07:56:22+00:00,2025-11-10 07:56:22,,,,,,,,,,19.6612492,3.1421876,947.0,1024.4812,12.9499998,,,11.78,0.0,12.65,,,0.0,,
2025-11-10 07:56:23+00:00,2025-11-10 07:56:23,,,,,,,,,,19.6612492,3.1421876,947.0,1024.4812,12.9499998,,,11.78,0.0,12.65,,,0.0,,
2025-11-10 07:56:24+00:00,2025-11-10 07:56:24,,,,,,,,,,19.6612492,3.140625,947.0,1024.15625,12.0124998,,,11.78,0.0,12.65,,,0.0,,
2025-11-10 07:56:25+00:00,2025-11-10 07:56:25,20.0,20.0,20.0,20.0,20.0,12.506235095256091,100.0,BO_ONLY,"BO 모델 결과만 사용 (1단계 롤백, 2~4단계에서 Hz 변화 없음)",19.6612492,3.140625,947.0,1024.15625,12.0124998,,,11.78,0.0,12.65,,,0.0,,
2025-11-10 07:56:26+00:00,2025-11-10 07:56:26,,,,,,,,,,19.6612492,3.1234374,947.0,1025.375,12.1999998,,,11.78,0.0,12.65,,,0.0,,
2025-11-10 07:56:27+00:00,2025-11-10 07:56:27,,,,,,,,,,19.6612492,3.1234374,947.0,1025.375,12.1999998,,,11.78,0.0,12.65,,,0.0,,
2025-11-10 07:56:28+00:00,2025-11-10 07:56:28,,,,,,,,,,19.6612492,3.11406255,947.0,1025.53748,11.4375,,,11.78,0.0,12.65,,,0.0,,
2025-11-10 07:56:29+00:00,2025-11-10 07:56:29,,,,,,,,,,19.6612492,3.1187501,948.0,1026.67505,11.5249996,,,11.78,0.0,12.65,,,0.0,,
2025-11-10 07:56:30+00:00,2025-11-10 07:56:30,20.0,20.0,20.0,20.0,20.0,12.86599785374423,100.0,BO_ONLY,"BO 모델 결과만 사용 (1단계 롤백, 2~4단계에서 Hz 변화 없음)",19.6612492,3.1187501,948.0,1026.67505,11.5249996,,,11.78,0.0,12.65,,,0.0,,
2025-11-10 07:56:31+00:00,2025-11-10 07:56:31,,,,,,,,,,19.6612492,3.06718755,947.0,1028.05627,11.3874998,,,11.78,0.0,11.61,,,0.0,,
2025-11-10 07:56:32+00:00,2025-11-10 07:56:32,,,,,,,,,,19.6612492,3.06562495,947.0,1028.21875,11.4624996,,,11.78,0.0,11.61,,,0.0,,
2025-11-10 07:56:33+00:00,2025-11-10 07:56:33,,,,,,,,,,19.6612492,3.06562495,947.0,1028.21875,11.4624996,,,11.78,0.0,11.61,,,0.0,,
2025-11-10 07:56:34+00:00,2025-11-10 07:56:34,,,,,,,,,,19.6612492,3.14531255,948.0,1027.24377,10.5375004,,,11.78,0.0,11.61,,,0.0,,
2025-11-10 07:56:35+00:00,2025-11-10 07:56:35,20.0,20.0,20.0,20.0,20.0,14.15504923015104,100.0,BO_ONLY,"BO 모델 결과만 사용 (1단계 롤백, 2~4단계에서 Hz 변화 없음)",19.6612492,3.09843755,947.0,1027.24377,10.7250004,,,11.78,0.0,11.61,,,0.0,,
2025-11-10 07:56:36+00:00,2025-11-10 07:56:36,,,,,,,,,,19.6612492,3.09843755,947.0,1028.05627,10.7250004,,,11.78,0.0,11.61,,,0.0,,
2025-11-10 07:56:37+00:00,2025-11-10 07:56:37,,,,,,,,,,19.6612492,3.18281245,947.0,1028.05627,10.7250004,,,11.78,0.0,11.61,,,0.0,,
2025-11-10 07:56:38+00:00,2025-11-10 07:56:38,,,,,,,,,,19.6612492,3.18437505,947.0,1027.56873,9.44999981,,,11.78,0.0,11.61,,,0.0,,
2025-11-10 07:56:39+00:00,2025-11-10 07:56:39,,,,,,,,,,19.6612492,3.18437505,947.0,1027.56873,9.44999981,,,11.78,0.0,11.61,,,0.0,,
2025-11-10 07:56:40+00:00,2025-11-10 07:56:40,20.0,20.0,20.0,20.0,20.0,13.530792122854331,100.0,BO_ONLY,"BO 모델 결과만 사용 (1단계 롤백, 2~4단계에서 Hz 변화 없음)",19.6612492,3.17656255,947.0,1027.24377,9.46249962,,,11.78,0.0,11.61,,,0.0,,
2025-11-10 07:56:41+00:00,2025-11-10 07:56:41,,,,,,,,,,19.6612492,3.20624995,947.0,1027.40625,9.42500019,,,11.78,0.0,9.94,,,0.0,,
2025-11-10 07:56:42+00:00,2025-11-10 07:56:42,,,,,,,,,,19.6612492,3.20624995,947.0,1027.40625,9.42500019,,,11.78,0.0,9.94,,,0.0,,
2025-11-10 07:56:43+00:00,2025-11-10 07:56:43,,,,,,,,,,19.6612492,3.1468749,947.0,1029.76245,8.96249962,,,11.78,0.0,9.94,,,0.0,,
2025-11-10 07:56:44+00:00,2025-11-10 07:56:44,,,,,,,,,,19.6612492,3.2281251,948.0,1029.4375,8.85000038,,,11.78,0.0,9.94,,,0.0,,
2025-11-10 07:56:45+00:00,2025-11-10 07:56:45,20.0,20.0,20.0,20.0,20.0,13.223299716005762,100.0,BO_ONLY,"BO 모델 결과만 사용 (1단계 롤백, 2~4단계에서 Hz 변화 없음)",19.6612492,3.2281251,948.0,1029.4375,8.85000038,,,11.78,0.0,9.94,,,0.0,,
2025-11-10 07:56:46+00:00,2025-11-10 07:56:46,,,,,,,,,,19.6612492,3.24531245,947.0,1030.90002,8.77499962,,,11.78,0.0,9.94,,,0.0,,
2025-11-10 07:56:47+00:00,2025-11-10 07:56:47,,,,,,,,,,19.6612492,3.24531245,947.0,1030.90002,8.77499962,,,11.78,0.0,9.94,,,0.0,,
2025-11-10 07:56:48+00:00,2025-11-10 07:56:48,,,,,,,,,,19.6612492,3.24531245,947.0,1030.3313,8.72500038,,,11.78,0.0,9.94,,,0.0,,
2025-11-10 07:56:49+00:00,2025-11-10 07:56:49,,,,,,,,,,19.6612492,3.23749995,947.0,1030.3313,8.72500038,,,11.78,0.0,9.94,,,0.0,,
2025-11-10 07:56:50+00:00,2025-11-10 07:56:50,21.0,21.0,21.0,21.0,21.0,13.418375761955625,100.0,BO_ONLY,"BO 모델 결과만 사용 (1단계 롤백, 2~4단계에서 Hz 변화 없음)",19.6612492,3.23749995,948.0,1032.36255,8.67500019,,,11.78,0.0,9.94,,,0.0,,
2025-11-10 07:56:51+00:00,2025-11-10 07:56:51,,,,,,,,,,19.6612492,3.3140626,949.0,1032.93127,8.69999981,,,11.78,0.0,8.3,,,0.0,,
2025-11-10 07:56:52+00:00,2025-11-10 07:56:52,,,,,,,,,,19.6612492,3.3140626,949.0,1032.93127,8.69999981,,,11.78,0.0,8.3,,,0.0,,
2025-11-10 07:56:53+00:00,2025-11-10 07:56:53,,,,,,,,,,19.6612492,3.2515626,948.0,1031.875,8.19999981,,,11.78,0.0,8.3,,,0.0,,
2025-11-10 07:56:54+00:00,2025-11-10 07:56:54,,,,,,,,,,19.6612492,3.2515626,948.0,1031.875,8.19999981,,,11.78,0.0,8.3,,,0.0,,
2025-11-10 07:56:55+00:00,2025-11-10 07:56:55,21.0,21.0,21.0,21.0,21.0,13.583192606468343,100.0,BO_ONLY,"BO 모델 결과만 사용 (1단계 롤백, 2~4단계에서 Hz 변화 없음)",19.6612492,3.34062505,948.0,1033.98755,8.10000038,,,11.78,0.0,8.3,,,0.0,,
2025-11-10 07:56:56+00:00,2025-11-10 07:56:56,,,,,,,,,,19.6612492,3.34062505,948.0,1033.98755,8.10000038,,,11.78,0.0,8.3,,,0.0,,
2025-11-10 07:56:57+00:00,2025-11-10 07:56:57,,,,,,,,,,19.6612492,3.3140626,949.0,1034.06873,8.26249981,,,11.78,0.0,8.3,,,0.0,,
2025-11-10 07:56:58+00:00,2025-11-10 07:56:58,,,,,,,,,,19.6612492,3.3687501,948.0,1033.90625,8.05000019,,,11.78,0.0,8.3,,,0.0,,
2025-11-10 07:56:59+00:00,2025-11-10 07:56:59,,,,,,,,,,19.6612492,3.3687501,948.0,1033.90625,8.05000019,,,11.78,0.0,8.3,,,0.0,,
2025-11-10 07:57:00+00:00,2025-11-10 07:57:00,21.0,21.0,21.0,21.0,21.0,13.223765265926586,100.0,BO_ONLY,"BO 모델 결과만 사용 (1단계 롤백, 2~4단계에서 Hz 변화 없음)",19.6612492,3.3843751,949.0,1033.90625,7.86250019,,3.0,11.78,0.0,8.3,,,0.0,,
2025-11-10 07:57:01+00:00,2025-11-10 07:57:01,,,,,,,,,,19.6612492,3.3843751,949.0,1033.90625,7.86250019,,,11.78,0.0,7.57,,,0.0,,
2025-11-10 07:57:02+00:00,2025-11-10 07:57:02,,,,,,,,,,19.6612492,3.41875005,949.0,1033.4187,8.22500038,,,11.78,0.0,7.57,,,0.0,,
2025-11-10 07:57:03+00:00,2025-11-10 07:57:03,,,,,,,,,,19.6612492,3.41875005,949.0,1033.4187,8.22500038,,,11.78,0.0,7.57,,,0.0,,
2025-11-10 07:57:04+00:00,2025-11-10 07:57:04,,,,,,,,,,19.6612492,3.4078126,949.0,1034.55627,8.72500038,,,11.78,0.0,7.57,,,0.0,,
2025-11-10 07:57:05+00:00,2025-11-10 07:57:05,21.0,21.0,21.0,21.0,21.0,12.87717681582513,100.0,BO_ONLY,"BO 모델 결과만 사용 (1단계 롤백, 2~4단계에서 Hz 변화 없음)",19.6612492,3.4078126,949.0,1034.55627,8.72500038,,,11.78,0.0,7.57,,,0.0,,
2025-11-10 07:57:06+00:00,2025-11-10 07:57:06,,,,,,,,,,19.6612492,3.4625001,948.0,1034.55627,8.86250019,,,11.78,0.0,7.57,,,0.0,,
2025-11-10 07:57:07+00:00,2025-11-10 07:57:07,,,,,,,,,,19.6612492,3.4625001,948.0,1034.55627,8.86250019,,,11.78,0.0,7.57,,,0.0,,
2025-11-10 07:57:08+00:00,2025-11-10 07:57:08,,,,,,,,,,19.6612492,3.51250005,949.0,1035.61255,8.96249962,,,11.78,0.0,7.57,,,0.0,,
2025-11-10 07:57:09+00:00,2025-11-10 07:57:09,,,,,,,,,,19.6612492,3.51250005,949.0,1035.61255,8.96249962,,,11.78,0.0,7.57,,,0.0,,
2025-11-10 07:57:10+00:00,2025-11-10 07:57:10,21.0,21.0,21.0,21.0,21.0,12.813681302686968,100.0,BO_ONLY,"BO 모델 결과만 사용 (1단계 롤백, 2~4단계에서 Hz 변화 없음)",19.6612492,3.5484376,949.0,1036.26245,8.8125,,,11.78,0.0,7.57,,,0.0,,
2025-11-10 07:57:11+00:00,2025-11-10 07:57:11,,,,,,,,,,19.6612492,3.578125,949.0,1035.36877,8.88749981,,,11.78,0.0,8.08,,,0.0,,
2025-11-10 07:57:12+00:00,2025-11-10 07:57:12,,,,,,,,,,19.6612492,3.609375,950.0,1036.75,8.58749962,,,11.78,0.0,8.08,,,0.0,,
2025-11-10 07:57:13+00:00,2025-11-10 07:57:13,,,,,,,,,,19.6612492,3.609375,950.0,1036.75,8.58749962,,,11.78,0.0,8.08,,,0.0,,
2025-11-10 07:57:14+00:00,2025-11-10 07:57:14,,,,,,,,,,19.6612492,3.65312505,949.0,1036.99377,8.38749981,,,11.78,0.0,8.08,,,0.0,,
2025-11-10 07:57:15+00:00,2025-11-10 07:57:15,21.0,21.0,21.0,21.0,21.0,12.399555185533002,100.0,BO_ONLY,"BO 모델 결과만 사용 (1단계 롤백, 2~4단계에서 Hz 변화 없음)",19.6612492,3.69062495,948.0,1037.88745,8.4375,,,11.78,0.0,8.08,,,0.0,,
2025-11-10 07:57:16+00:00,2025-11-10 07:57:16,,,,,,,,,,19.6612492,3.69062495,948.0,1037.88745,8.4375,,,11.78,0.0,8.08,,,0.0,,
2025-11-10 07:57:17+00:00,2025-11-10 07:57:17,,,,,,,,,,19.6612492,3.74687505,947.0,1036.58752,8.55000019,,,11.78,0.0,8.08,,,0.0,,
2025-11-10 07:57:18+00:00,2025-11-10 07:57:18,,,,,,,,,,19.6612492,3.77812505,948.0,1036.75,8.25,,,11.78,0.0,8.08,,,0.0,,
2025-11-10 07:57:19+00:00,2025-11-10 07:57:19,,,,,,,,,,19.6612492,3.796875,947.0,1037.72498,8.25,,,11.78,0.0,8.08,,,0.0,,
2025-11-10 07:57:20+00:00,2025-11-10 07:57:20,22.0,22.0,22.0,22.0,22.0,12.330392879616008,100.0,BO_ONLY,"BO 모델 결과만 사용 (1단계 롤백, 2~4단계에서 Hz 변화 없음)",19.6612492,3.796875,947.0,1037.72498,8.25,,,11.78,0.0,8.08,,,0.0,,
2025-11-10 07:57:21+00:00,2025-11-10 07:57:21,,,,,,,,,,19.6612492,3.8734374,947.0,1037.88745,8.19999981,,,11.78,0.0,7.76,,,0.0,,
2025-11-10 07:57:22+00:00,2025-11-10 07:57:22,,,,,,,,,,19.6612492,3.91718745,947.0,1037.31873,8.25,,,11.78,0.0,7.76,,,0.0,,
2025-11-10 07:57:24+00:00,2025-11-10 07:57:24,,,,,,,,,,19.6612492,3.90937495,947.0,1039.2688,9.0,,,11.78,0.0,7.76,,,0.0,,
2025-11-10 07:57:25+00:00,2025-11-10 07:57:25,22.0,22.0,22.0,22.0,22.0,12.367707344021966,100.0,BO_ONLY,"BO 모델 결과만 사용 (1단계 롤백, 2~4단계에서 Hz 변화 없음)",19.6612492,3.90937495,947.0,1039.2688,9.0,,,11.78,0.0,7.76,,,0.0,,
2025-11-10 07:57:26+00:00,2025-11-10 07:57:26,,,,,,,,,,19.6612492,3.9984374,947.0,1037.96875,8.875,,,11.78,0.0,7.76,,,0.0,,
2025-11-10 07:57:27+00:00,2025-11-10 07:57:27,,,,,,,,,,19.6612492,3.9984374,947.0,1037.96875,8.875,,,11.78,0.0,7.76,,,0.0,,
2025-11-10 07:57:28+00:00,2025-11-10 07:57:28,,,,,,,,,,19.6612492,3.9984374,947.0,1039.2688,8.61250019,,,11.78,0.0,7.76,,,0.0,,
2025-11-10 07:57:29+00:00,2025-11-10 07:57:29,,,,,,,,,,19.6612492,4.0484376,946.0,1039.2688,8.61250019,,,11.78,0.0,7.76,,,0.0,,
2025-11-10 07:57:30+00:00,2025-11-10 07:57:30,23.0,23.0,23.0,23.0,23.0,12.361532079586738,100.0,BO_ONLY,"BO 모델 결과만 사용 (1단계 롤백, 2~4단계에서 Hz 변화 없음)",19.6612492,4.0484376,946.0,1039.2688,8.61250019,,,11.78,0.0,7.76,,,0.0,,
2025-11-10 07:57:31+00:00,2025-11-10 07:57:31,,,,,,,,,,19.6612492,4.1812501,947.0,1040.0813,8.69999981,,,11.78,0.0,8.15,,,0.0,,
2025-11-10 07:57:32+00:00,2025-11-10 07:57:32,,,,,,,,,,19.6612492,4.1812501,947.0,1040.0813,8.69999981,,,11.78,0.0,8.15,,,0.0,,
2025-11-10 07:57:33+00:00,2025-11-10 07:57:33,,,,,,,,,,19.6612492,4.2796874,947.0,1040.8125,8.64999962,,,11.78,0.0,8.15,,,0.0,,2.642001113140873
2025-11-10 07:57:34+00:00,2025-11-10 07:57:34,,,,,,,,,,19.6612492,4.2796874,947.0,1040.8125,8.64999962,,,11.78,0.0,8.15,,,0.0,,
2025-11-10 07:57:35+00:00,2025-11-10 07:57:35,23.0,23.0,23.0,23.0,23.0,12.807112779171517,100.0,BO_ONLY,"BO 모델 결과만 사용 (1단계 롤백, 2~4단계에서 Hz 변화 없음)",19.6612492,4.3734374,947.0,1040.97498,8.64999962,,,11.78,0.0,8.15,,,0.0,,
2025-11-10 07:57:36+00:00,2025-11-10 07:57:36,,,,,,,,,,19.6612492,4.3734374,947.0,1040.97498,8.64999962,,,11.78,0.0,8.15,,,0.0,,
2025-11-10 07:57:37+00:00,2025-11-10 07:57:37,,,,,,,,,,19.6612492,4.46875,948.0,1040.0,8.58749962,,,11.78,0.0,8.15,,,0.0,,
2025-11-10 07:57:38+00:00,2025-11-10 07:57:38,,,,,,,,,,19.6612492,4.5078125,948.0,1039.75623,8.61250019,,,11.78,0.0,8.15,,,0.0,,
2025-11-10 07:57:39+00:00,2025-11-10 07:57:39,,,,,,,,,,19.6612492,4.5078125,948.0,1039.75623,8.61250019,,,11.78,0.0,8.15,,,0.0,,
2025-11-10 07:57:40+00:00,2025-11-10 07:57:40,24.0,24.0,24.0,24.0,24.0,12.972446479971373,100.0,BO_ONLY,"BO 모델 결과만 사용 (1단계 롤백, 2~4단계에서 Hz 변화 없음)",19.6612492,4.62968731,948.0,1040.65002,8.83749962,,,11.78,0.0,8.15,,,0.0,,
2025-11-10 07:57:41+00:00,2025-11-10 07:57:41,,,,,,,,,,19.6612492,4.62968731,948.0,1040.65002,8.83749962,,,11.78,0.0,8.15,,,0.0,,
2025-11-10 07:57:42+00:00,2025-11-10 07:57:42,,,,,,,,,,19.6612492,4.6328125,947.0,1040.65002,9.14999962,,,11.78,0.0,7.89,,,0.0,,
2025-11-10 07:57:43+00:00,2025-11-10 07:57:43,,,,,,,,,,19.6612492,4.6328125,947.0,1040.65002,9.14999962,,,11.78,0.0,7.89,,,0.0,,
2025-11-10 07:57:44+00:00,2025-11-10 07:57:44,,,,,,,,,,19.6612492,4.7281251,948.0,1040.8938,10.4624996,,,11.78,0.0,7.89,,,0.0,,
2025-11-10 07:57:45+00:00,2025-11-10 07:57:45,24.0,24.0,24.0,24.0,24.0,13.37032873722394,100.0,BO_ONLY,"BO 모델 결과만 사용 (1단계 롤백, 2~4단계에서 Hz 변화 없음)",19.6612492,4.7281251,948.0,1040.8938,10.4624996,,,11.78,0.0,7.89,,,0.0,,
2025-11-10 07:57:46+00:00,2025-11-10 07:57:46,,,,,,,,,,19.6612492,4.7515626,948.0,1039.75623,10.6875,,,11.78,0.0,7.89,,,0.0,,
2025-11-10 07:57:47+00:00,2025-11-10 07:57:47,,,,,,,,,,19.6612492,4.74687481,947.0,1040.65002,10.3999996,,,11.78,0.0,7.89,,,0.0,,
2025-11-10 07:57:48+00:00,2025-11-10 07:57:48,,,,,,,,,,19.6612492,4.74687481,947.0,1040.65002,10.3999996,,,11.78,0.0,7.89,,,0.0,,
2025-11-10 07:57:49+00:00,2025-11-10 07:57:49,,,,,,,,,,19.6612492,4.7406249,947.0,1040.97498,10.8874998,,,11.78,0.0,7.89,,,0.0,,
2025-11-10 07:57:50+00:00,2025-11-10 07:57:50,24.6612492,25.0,25.0,25.0,25.0,13.142676404068224,100.0,BO_ONLY,"BO 모델 결과만 사용 (1단계 롤백, 2~4단계에서 Hz 변화 없음)",19.6612492,4.7406249,947.0,1040.97498,10.8874998,,,11.78,0.0,7.89,,,0.0,,
2025-11-10 07:57:51+00:00,2025-11-10 07:57:51,,,,,,,,,,19.6612492,4.73750019,948.0,1040.0,10.8625002,,,11.78,0.0,10.03,,,0.0,,
2025-11-10 07:57:52+00:00,2025-11-10 07:57:52,,,,,,,,,,19.6612492,4.73750019,948.0,1040.0,10.8625002,,,11.78,0.0,10.03,,,0.0,,
2025-11-10 07:57:53+00:00,2025-11-10 07:57:53,,,,,,,,,,19.6612492,4.7421875,947.0,1041.7063,10.8000002,,,11.78,0.0,10.03,,,0.0,,
2025-11-10 07:57:54+00:00,2025-11-10 07:57:54,,,,,,,,,,19.6612492,4.74531269,948.0,1041.78748,10.7250004,,,11.78,0.0,10.03,,,0.0,,
2025-11-10 07:57:55+00:00,2025-11-10 07:57:55,24.0,24.0,24.0,24.0,24.0,13.214961985683424,100.0,BO_ONLY,"BO 모델 결과만 사용 (1단계 롤백, 2~4단계에서 Hz 변화 없음)",19.6612492,4.74531269,948.0,1041.78748,10.7250004,,,11.78,0.0,10.03,,,0.0,,
2025-11-10 07:57:56+00:00,2025-11-10 07:57:56,,,,,,,,,,19.6612492,4.6500001,948.0,1041.94995,10.8249998,,,11.78,0.0,10.03,,,0.0,,
2025-11-10 07:57:57+00:00,2025-11-10 07:57:57,,,,,,,,,,19.6612492,4.6500001,948.0,1041.94995,10.8249998,,,11.78,0.0,10.03,,,0.0,,
2025-11-10 07:57:58+00:00,2025-11-10 07:57:58,,,,,,,,,,19.6612492,4.68281269,947.0,1041.78748,10.9125004,,,11.78,0.0,10.03,,,0.0,,
2025-11-10 07:57:59+00:00,2025-11-10 07:57:59,,,,,,,,,,19.6612492,4.68281269,947.0,1041.78748,10.9125004,,,11.78,0.0,10.03,,,0.0,,
2025-11-10 07:58:00+00:00,2025-11-10 07:58:00,24.6612492,25.0,25.0,25.0,25.0,14.537575094526654,100.0,BO_ONLY,"BO 모델 결과만 사용 (1단계 롤백, 2~4단계에서 Hz 변화 없음)",19.6612492,4.65937519,947.0,1041.38123,10.9375,,3.0,11.78,0.0,10.03,,,0.0,,
2025-11-10 07:58:01+00:00,2025-11-10 07:58:01,,,,,,,,,,19.6612492,4.65937519,947.0,1041.38123,10.9375,,,11.78,0.0,9.98,,,0.0,,
2025-11-10 07:58:02+00:00,2025-11-10 07:58:02,,,,,,,,,,19.6612492,4.62968731,948.0,1043.49377,10.7124996,,,11.78,0.0,9.98,,,0.0,,
2025-11-10 07:58:03+00:00,2025-11-10 07:58:03,,,,,,,,,,19.6612492,4.62968731,948.0,1043.49377,10.7124996,,,11.78,0.0,9.98,,,0.0,,
2025-11-10 07:58:04+00:00,2025-11-10 07:58:04,,,,,,,,,,19.6612492,4.62968731,947.0,1043.73755,11.0124998,,,11.78,0.0,9.98,,,0.0,,
2025-11-10 07:58:05+00:00,2025-11-10 07:58:05,24.6612492,25.0,25.0,25.0,25.0,14.68852592416774,100.0,BO_ONLY,"BO 모델 결과만 사용 (1단계 롤백, 2~4단계에서 Hz 변화 없음)",19.6612492,4.62968731,947.0,1043.73755,11.0124998,,,11.78,0.0,9.98,,,0.0,,
2025-11-10 07:58:06+00:00,2025-11-10 07:58:06,,,,,,,,,,19.6612492,4.6156249,947.0,1044.1438,10.875,,,11.78,0.0,9.98,,,0.0,,
2025-11-10 07:58:07+00:00,2025-11-10 07:58:07,,,,,,,,,,19.6612492,4.5171876,947.0,1043.41248,10.7875004,,,11.78,0.0,9.98,,,0.0,,
2025-11-10 07:58:08+00:00,2025-11-10 07:58:08,,,,,,,,,,19.6612492,4.5171876,947.0,1043.41248,10.7875004,,,11.78,0.0,9.98,,,0.0,,
2025-11-10 07:58:09+00:00,2025-11-10 07:58:09,,,,,,,,,,19.6612492,4.5062499,947.0,1044.0625,10.875,,,11.78,0.0,9.98,,,0.0,,
2025-11-10 07:58:10+00:00,2025-11-10 07:58:10,24.6612492,25.0,25.0,25.0,25.0,14.241818576934504,100.0,BO_ONLY,"BO 모델 결과만 사용 (1단계 롤백, 2~4단계에서 Hz 변화 없음)",19.6612492,4.5062499,947.0,1044.0625,10.875,,,11.78,0.0,9.98,,,0.0,,
2025-11-10 07:58:11+00:00,2025-11-10 07:58:11,,,,,,,,,,19.6612492,4.49687481,947.0,1044.0625,10.9875002,,,11.78,0.0,10.38,,,0.0,,
2025-11-10 07:58:12+00:00,2025-11-10 07:58:12,,,,,,,,,,19.6612492,4.49687481,947.0,1045.44373,10.9875002,,,11.78,0.0,10.38,,,0.0,,
2025-11-10 07:58:13+00:00,2025-11-10 07:58:13,,,,,,,,,,19.6612492,4.390625,949.0,1045.44373,10.5375004,,,11.78,0.0,10.38,,,0.0,,
2025-11-10 07:58:14+00:00,2025-11-10 07:58:14,,,,,,,,,,19.6612492,4.390625,949.0,1045.44373,10.5375004,,,11.78,0.0,10.38,,,0.0,,
2025-11-10 07:58:15+00:00,2025-11-10 07:58:15,24.6612492,25.0,25.0,25.0,25.0,13.988981433098063,100.0,BO_ONLY,"BO 모델 결과만 사용 (1단계 롤백, 2~4단계에서 Hz 변화 없음)",19.6612492,4.41718769,949.0,1045.93127,10.8374996,,,11.78,0.0,10.38,,,0.0,,
2025-11-10 07:58:16+00:00,2025-11-10 07:58:16,,,,,,,,,,19.6612492,4.41718769,949.0,1045.93127,10.8374996,,,11.78,0.0,10.38,,,0.0,,
2025-11-10 07:58:17+00:00,2025-11-10 07:58:17,,,,,,,,,,19.6612492,4.37812519,949.0,1046.25623,10.7624998,,,11.78,0.0,10.38,,,0.0,,
2025-11-10 07:58:18+00:00,2025-11-10 07:58:18,,,,,,,,,,19.6612492,4.3359375,948.0,1045.36255,10.6999998,,,11.78,0.0,10.38,,,0.0,,
2025-11-10 07:58:19+00:00,2025-11-10 07:58:19,,,,,,,,,,19.6612492,4.30000019,950.0,1045.52502,11.1750002,,,11.78,0.0,10.38,,,0.0,,
2025-11-10 07:58:20+00:00,2025-11-10 07:58:20,24.6612492,25.0,25.0,25.0,25.0,13.775391412991253,100.0,BO_ONLY,"BO 모델 결과만 사용 (1단계 롤백, 2~4단계에서 Hz 변화 없음)",19.6612492,4.3109374,950.0,1045.52502,10.9624996,,,11.78,0.0,10.38,,,0.0,,
2025-11-10 07:58:21+00:00,2025-11-10 07:58:21,,,,,,,,,,19.6612492,4.3109374,950.0,1045.11877,10.9624996,,,11.78,0.0,10.25,,,0.0,,
2025-11-10 07:58:22+00:00,2025-11-10 07:58:22,,,,,,,,,,19.6612492,4.30937481,949.0,1045.93127,10.9375,,,11.78,0.0,10.25,,,0.0,,
2025-11-10 07:58:23+00:00,2025-11-10 07:58:23,,,,,,,,,,19.6612492,4.30937481,949.0,1045.93127,10.9375,,,11.78,0.0,10.25,,,0.0,,
2025-11-10 07:58:24+00:00,2025-11-10 07:58:24,,,,,,,,,,19.6612492,4.2359376,949.0,1047.47498,14.4499998,,,11.78,0.0,10.25,,,0.0,,
2025-11-10 07:58:25+00:00,2025-11-10 07:58:25,24.6612492,25.0,25.0,25.0,25.0,13.836907759503866,100.0,BO_ONLY,"BO 모델 결과만 사용 (1단계 롤백, 2~4단계에서 Hz 변화 없음)",19.6612492,4.2359376,949.0,1047.47498,14.4499998,,,11.78,0.0,10.25,,,0.0,,
2025-11-10 07:58:26+00:00,2025-11-10 07:58:26,,,,,,,,,,19.6612492,4.3046875,948.0,1046.5813,14.5375004,,,11.78,0.0,10.25,,,0.0,,
2025-11-10 07:58:27+00:00,2025-11-10 07:58:27,,,,,,,,,,19.6612492,4.3046875,948.0,1046.5813,14.5375004,,,11.78,0.0,10.25,,,0.0,,
2025-11-10 07:58:28+00:00,2025-11-10 07:58:28,,,,,,,,,,19.6612492,4.296875,950.0,1046.5813,14.3125,,,11.78,0.0,10.25,,,0.0,,
2025-11-10 07:58:29+00:00,2025-11-10 07:58:29,,,,,,,,,,19.6612492,4.26093769,948.0,1047.3125,14.375,,,11.78,0.0,10.25,,,0.0,,
2025-11-10 07:58:30+00:00,2025-11-10 07:58:30,24.6612492,25.0,25.0,25.0,25.0,15.89985417030178,100.0,BO_ONLY,"BO 모델 결과만 사용 (1단계 롤백, 2~4단계에서 Hz 변화 없음)",19.6612492,4.26093769,948.0,1047.3125,14.375,,,11.78,0.0,10.25,,,0.0,,
2025-11-10 07:58:31+00:00,2025-11-10 07:58:31,,,,,,,,,,19.6612492,4.2953124,950.0,1047.55627,14.4250002,,,11.78,0.0,13.73,,,0.0,,
2025-11-10 07:58:32+00:00,2025-11-10 07:58:32,,,,,,,,,,19.6612492,4.3046875,950.0,1046.66248,14.3374996,,,11.78,0.0,13.73,,,0.0,,
2025-11-10 07:58:33+00:00,2025-11-10 07:58:33,,,,,,,,,,19.6612492,4.3046875,950.0,1046.66248,14.3374996,,,11.78,0.0,13.73,,,0.0,,
2025-11-10 07:58:34+00:00,2025-11-10 07:58:34,,,,,,,,,,19.6612492,4.30781269,950.0,1046.90625,14.9250002,,,11.78,0.0,13.73,,,0.0,,
2025-11-10 07:58:35+00:00,2025-11-10 07:58:35,24.6612492,25.0,25.0,25.0,25.0,15.985822539274562,100.0,BO_ONLY,"BO 모델 결과만 사용 (1단계 롤백, 2~4단계에서 Hz 변화 없음)",19.6612492,4.30781269,950.0,1046.90625,14.9250002,,,11.78,0.0,13.73,,,0.0,,
2025-11-10 07:58:36+00:00,2025-11-10 07:58:36,,,,,,,,,,19.6612492,4.2750001,949.0,1047.3938,14.4750004,,,11.78,0.0,13.73,,,0.0,,
2025-11-10 07:58:37+00:00,2025-11-10 07:58:37,,,,,,,,,,19.6612492,4.2750001,949.0,1047.3938,14.4750004,,,11.78,0.0,13.73,,,0.0,,
2025-11-10 07:58:38+00:00,2025-11-10 07:58:38,,,,,,,,,,19.6612492,4.35624981,949.0,1047.63745,14.875,,,11.78,0.0,13.73,,,0.0,,
2025-11-10 07:58:39+00:00,2025-11-10 07:58:39,,,,,,,,,,19.6612492,4.35624981,949.0,1047.63745,14.875,,,11.78,0.0,13.73,,,0.0,,
2025-11-10 07:58:40+00:00,2025-11-10 07:58:40,24.6612492,25.0,25.0,25.0,25.0,15.854978862544495,100.0,BO_ONLY,"BO 모델 결과만 사용 (1단계 롤백, 2~4단계에서 Hz 변화 없음)",19.6612492,4.2750001,950.0,1047.63745,14.8874998,,,11.78,0.0,13.73,,,0.0,,
2025-11-10 07:58:41+00:00,2025-11-10 07:58:41,,,,,,,,,,19.6612492,4.36250019,950.0,1047.80005,14.7250004,,,11.78,0.0,13.93,,,0.0,,
2025-11-10 07:58:42+00:00,2025-11-10 07:58:42,,,,,,,,,,19.6612492,4.36250019,950.0,1047.80005,14.7250004,,,11.78,0.0,13.93,,,0.0,,
2025-11-10 07:58:43+00:00,2025-11-10 07:58:43,,,,,,,,,,19.6612492,4.41718769,951.0,1046.5,15.9375,,,11.78,0.0,13.93,,,0.0,,
2025-11-10 07:58:44+00:00,2025-11-10 07:58:44,,,,,,,,,,19.6612492,4.41718769,951.0,1046.5,15.9375,,,11.78,0.0,13.93,,,0.0,,
2025-11-10 07:58:45+00:00,2025-11-10 07:58:45,24.6612492,25.0,25.0,25.0,25.0,15.688918803070255,100.0,BO_ONLY,"BO 모델 결과만 사용 (1단계 롤백, 2~4단계에서 Hz 변화 없음)",19.6612492,4.3734374,950.0,1047.55627,16.1375008,,,11.78,0.0,13.93,,,0.0,,
2025-11-10 07:58:46+00:00,2025-11-10 07:58:46,,,,,,,,,,19.6612492,4.3734374,950.0,1047.55627,16.1375008,,,11.78,0.0,13.93,,,0.0,,
2025-11-10 07:58:47+00:00,2025-11-10 07:58:47,,,,,,,,,,19.6612492,4.5078125,950.0,1047.06873,16.2625008,,,11.78,0.0,13.93,,,0.0,,
2025-11-10 07:58:48+00:00,2025-11-10 07:58:48,,,,,,,,,,19.6612492,4.5078125,950.0,1047.06873,16.2625008,,,11.78,0.0,13.93,,,0.0,,
2025-11-10 07:58:49+00:00,2025-11-10 07:58:49,,,,,,,,,,19.6612492,4.4515624,951.0,1047.3125,16.3624992,,,11.78,0.0,13.93,,,0.0,,
2025-11-10 07:58:50+00:00,2025-11-10 07:58:50,24.6612492,25.0,25.0,25.0,25.0,16.306566374908314,100.0,BO_ONLY,"BO 모델 결과만 사용 (1단계 롤백, 2~4단계에서 Hz 변화 없음)",19.6612492,4.48750019,951.0,1047.2312,16.5249996,,,11.78,0.0,13.93,,,0.0,,
2025-11-10 07:58:51+00:00,2025-11-10 07:58:51,,,,,,,,,,19.6612492,4.48750019,950.0,1047.2312,16.5249996,,,11.78,0.0,15.47,,,0.0,,
2025-11-10 07:58:52+00:00,2025-11-10 07:58:52,,,,,,,,,,19.6612492,4.53125,950.0,1047.3938,16.5625,,,11.78,0.0,15.47,,,0.0,,
2025-11-10 07:58:53+00:00,2025-11-10 07:58:53,,,,,,,,,,19.6612492,4.5609374,951.0,1046.90625,16.4624996,,,11.78,0.0,15.47,,,0.0,,
2025-11-10 07:58:54+00:00,2025-11-10 07:58:54,,,,,,,,,,19.6612492,4.5609374,951.0,1046.90625,16.4624996,,,11.78,0.0,15.47,,,0.0,,
2025-11-10 07:58:55+00:00,2025-11-10 07:58:55,24.6612492,25.0,25.0,25.0,25.0,16.267867991783984,100.0,BO_ONLY,"BO 모델 결과만 사용 (1단계 롤백, 2~4단계에서 Hz 변화 없음)",19.6612492,4.6859374,950.0,1046.5813,16.3250008,,,11.78,0.0,15.47,,,0.0,,
2025-11-10 07:58:56+00:00,2025-11-10 07:58:56,,,,,,,,,,19.6612492,4.68437481,950.0,1046.90625,16.4249992,,,11.78,0.0,15.47,,,0.0,,
2025-11-10 07:58:58+00:00,2025-11-10 07:58:58,,,,,,,,,,19.6612492,4.68437481,950.0,1046.90625,16.4249992,,,11.78,0.0,15.47,,,0.0,,
2025-11-10 07:58:59+00:00,2025-11-10 07:58:59,,,,,,,,,,19.6612492,4.8343749,950.0,1046.5813,16.7250004,,,11.78,0.0,15.47,,,0.0,,
2025-11-10 07:59:00+00:00,2025-11-10 07:59:00,24.6612492,25.0,25.0,25.0,25.0,15.488831576658518,100.0,BO_ONLY,"BO 모델 결과만 사용 (1단계 롤백, 2~4단계에서 Hz 변화 없음)",19.6612492,4.8343749,950.0,1046.5813,16.7250004,,3.0,11.78,0.0,15.47,,,0.0,,
2025-11-10 07:59:01+00:00,2025-11-10 07:59:01,,,,,,,,,,19.6612492,5.015625,951.0,1045.19995,16.4125004,,,11.78,0.0,15.47,,,0.0,,
2025-11-10 07:59:02+00:00,2025-11-10 07:59:02,,,,,,,,,,19.6612492,5.015625,951.0,1045.19995,16.4125004,,,11.78,0.0,15.78,,,0.0,,
2025-11-10 07:59:03+00:00,2025-11-10 07:59:03,,,,,,,,,,19.6612492,5.03437519,952.0,1045.11877,18.3624992,,,11.78,0.0,15.78,,,0.0,,
2025-11-10 07:59:04+00:00,2025-11-10 07:59:04,,,,,,,,,,19.6612492,5.03437519,952.0,1045.11877,18.3624992,,,11.78,0.0,15.78,,,0.0,,
2025-11-10 07:59:05+00:00,2025-11-10 07:59:05,24.6612492,25.0,25.0,25.0,25.0,15.441444499183227,100.0,BO_ONLY,"BO 모델 결과만 사용 (1단계 롤백, 2~4단계에서 Hz 변화 없음)",19.6612492,5.1796875,952.0,1045.11877,18.4874992,,,11.78,0.0,15.78,,,0.0,,
2025-11-10 07:59:06+00:00,2025-11-10 07:59:06,,,,,,,,,,19.6612492,5.1796875,952.0,1045.11877,18.4874992,,,11.78,0.0,15.78,,,0.0,,
2025-11-10 07:59:07+00:00,2025-11-10 07:59:07,,,,,,,,,,19.6612492,5.2593751,953.0,1045.19995,18.4874992,,,11.78,0.0,15.78,,,0.0,,
2025-11-10 07:59:08+00:00,2025-11-10 07:59:08,,,,,,,,,,19.6612492,5.2984376,952.0,1043.65625,18.8374996,,,11.78,0.0,15.78,,,0.0,,
2025-11-10 07:59:09+00:00,2025-11-10 07:59:09,,,,,,,,,,19.6612492,5.2984376,952.0,1043.65625,18.8374996,,,11.78,0.0,15.78,,,0.0,,
2025-11-10 07:59:10+00:00,2025-11-10 07:59:10,24.6612492,26.0,26.0,26.0,26.0,17.24131806511601,100.0,BO_ONLY,"BO 모델 결과만 사용 (1단계 롤백, 2~4단계에서 Hz 변화 없음)",19.6612492,5.3687501,953.0,1043.57495,18.3624992,,,11.78,0.0,15.78,,,0.0,,
2025-11-10 07:59:11+00:00,2025-11-10 07:59:11,,,,,,,,,,19.6612492,5.3687501,953.0,1043.57495,18.3624992,,,11.78,0.0,17.68,,,0.0,,
2025-11-10 07:59:12+00:00,2025-11-10 07:59:12,,,,,,,,,,19.6612492,5.54374981,953.0,1043.57495,18.1499996,,,11.78,0.0,17.68,,,0.0,,
2025-11-10 07:59:13+00:00,2025-11-10 07:59:13,,,,,,,,,,19.6612492,5.5921874,953.0,1043.1687,18.3875008,,,11.78,0.0,17.68,,,0.0,,
2025-11-10 07:59:14+00:00,2025-11-10 07:59:14,,,,,,,,,,19.6612492,5.5921874,953.0,1043.1687,18.3875008,,,11.78,0.0,17.68,,,0.0,,
2025-11-10 07:59:15+00:00,2025-11-10 07:59:15,24.6612492,25.0,25.0,25.0,25.0,17.277286136518313,100.0,BO_ONLY,"BO 모델 결과만 사용 (1단계 롤백, 2~4단계에서 Hz 변화 없음)",19.6612492,5.5921874,953.0,1041.78748,18.3125,,,11.78,0.0,17.68,,,0.0,,
2025-11-10 07:59:16+00:00,2025-11-10 07:59:16,,,,,,,,,,19.6612492,5.60468769,953.0,1041.78748,18.3125,,,11.78,0.0,17.68,,,0.0,,
2025-11-10 07:59:17+00:00,2025-11-10 07:59:17,,,,,,,,,,19.6612492,5.60468769,953.0,1041.78748,18.3125,,,11.78,0.0,17.68,,,0.0,,
2025-11-10 07:59:18+00:00,2025-11-10 07:59:18,,,,,,,,,,19.6612492,5.76093769,953.0,1042.4375,18.3374996,,,11.78,0.0,17.68,,,0.0,,
2025-11-10 07:59:19+00:00,2025-11-10 07:59:19,,,,,,,,,,19.6612492,5.76093769,953.0,1042.4375,18.3374996,,,11.78,0.0,17.68,,,0.0,,
2025-11-10 07:59:20+00:00,2025-11-10 07:59:20,24.6612492,25.0,25.0,25.0,25.0,17.185855587131364,100.0,BO_ONLY,"BO 모델 결과만 사용 (1단계 롤백, 2~4단계에서 Hz 변화 없음)",19.6612492,5.7640624,953.0,1042.4375,18.2124996,,,11.78,0.0,17.68,,,0.0,,
2025-11-10 07:59:21+00:00,2025-11-10 07:59:21,,,,,,,,,,19.6612492,5.7640624,953.0,1042.4375,18.2124996,,,11.78,0.0,17.68,,,0.0,,
2025-11-10 07:59:22+00:00,2025-11-10 07:59:22,,,,,,,,,,19.6612492,5.8687501,954.0,1039.67505,18.3374996,,,11.78,0.0,17.68,,,0.0,,
2025-11-10 07:59:23+00:00,2025-11-10 07:59:23,,,,,,,,,,19.6612492,5.8687501,954.0,1039.67505,18.3374996,,,11.78,0.0,17.68,,,0.0,,
2025-11-10 07:59:24+00:00,2025-11-10 07:59:24,,,,,,,,,,19.6612492,6.00468731,954.0,1039.9187,18.1124992,,,11.78,0.0,17.68,,,0.0,,
2025-11-10 07:59:25+00:00,2025-11-10 07:59:25,24.6612492,25.0,25.0,25.0,25.0,17.5511971140544,100.0,BO_ONLY,"BO 모델 결과만 사용 (1단계 롤백, 2~4단계에서 Hz 변화 없음)",19.6612492,6.00468731,954.0,1039.9187,18.1124992,,,11.78,0.0,17.68,,,0.0,,
2025-11-10 07:59:26+00:00,2025-11-10 07:59:26,,,,,,,,,,19.6612492,6.0718751,954.0,1040.8125,18.5499992,,,11.78,0.0,17.68,,,0.0,,
2025-11-10 07:59:27+00:00,2025-11-10 07:59:27,,,,,,,,,,19.6612492,6.12187481,954.0,1039.9187,18.1499996,,,11.78,0.0,17.68,,,0.0,,
2025-11-10 07:59:28+00:00,2025-11-10 07:59:28,,,,,,,,,,19.6612492,6.1343751,954.0,1040.65002,18.0625,,,11.78,0.0,17.68,,,0.0,,
2025-11-10 07:59:29+00:00,2025-11-10 07:59:29,,,,,,,,,,19.6612492,6.1343751,954.0,1040.65002,18.0625,,,11.78,0.0,17.68,,,0.0,,
2025-11-10 07:59:30+00:00,2025-11-10 07:59:30,24.6612492,25.0,25.0,25.0,25.0,17.623170855165434,100.0,BO_ONLY,"BO 모델 결과만 사용 (1단계 롤백, 2~4단계에서 Hz 변화 없음)",19.6612492,6.15625,953.0,1040.8125,17.1875,,,11.78,0.0,17.68,,,0.0,,
2025-11-10 07:59:31+00:00,2025-11-10 07:59:31,,,,,,,,,,19.6612492,6.23124981,954.0,1039.43127,17.2000008,,,11.78,0.0,17.58,,,0.0,,
2025-11-10 07:59:32+00:00,2025-11-10 07:59:32,,,,,,,,,,19.6612492,6.22343731,954.0,1040.40625,17.1499996,,,11.78,0.0,17.58,,,0.0,,
2025-11-10 07:59:33+00:00,2025-11-10 07:59:33,,,,,,,,,,19.6612492,6.22343731,954.0,1040.40625,17.1499996,,,11.78,0.0,17.58,,,0.0,,
2025-11-10 07:59:34+00:00,2025-11-10 07:59:34,,,,,,,,,,19.6612492,6.2796874,954.0,1040.40625,17.1499996,,,11.78,0.0,17.58,,,0.0,,
2025-11-10 07:59:35+00:00,2025-11-10 07:59:35,24.0,24.0,24.0,24.0,24.0,16.561802428916554,100.0,BO_ONLY,"BO 모델 결과만 사용 (1단계 롤백, 2~4단계에서 Hz 변화 없음)",19.6612492,6.2796874,954.0,1038.69995,17.1875,,,11.78,0.0,17.58,,,0.0,,
2025-11-10 07:59:36+00:00,2025-11-10 07:59:36,,,,,,,,,,19.6612492,6.40156269,955.0,1038.69995,17.1875,,,11.78,0.0,17.58,,,0.0,,
2025-11-10 07:59:37+00:00,2025-11-10 07:59:37,,,,,,,,,,19.6612492,6.43281269,955.0,1038.53748,17.25,,,11.78,0.0,17.58,,,0.0,,
2025-11-10 07:59:38+00:00,2025-11-10 07:59:38,,,,,,,,,,19.6612492,6.43281269,955.0,1038.53748,17.25,,,11.78,0.0,17.58,,,0.0,,
2025-11-10 07:59:39+00:00,2025-11-10 07:59:39,,,,,,,,,,19.6612492,6.50468731,955.0,1037.72498,17.1000004,,,11.78,0.0,17.58,,,0.0,,
2025-11-10 07:59:40+00:00,2025-11-10 07:59:40,23.0,23.0,23.0,23.0,23.0,17.01648705330037,100.0,BO_ONLY,"BO 모델 결과만 사용 (1단계 롤백, 2~4단계에서 Hz 변화 없음)",19.6612492,6.50468731,955.0,1037.72498,17.1000004,,,11.78,0.0,17.58,,,0.0,,
2025-11-10 07:59:41+00:00,2025-11-10 07:59:41,,,,,,,,,,19.6612492,6.4749999,955.0,1037.6438,17.1749992,,,11.78,0.0,16.54,,,0.0,,
2025-11-10 07:59:42+00:00,2025-11-10 07:59:42,,,,,,,,,,19.6612492,6.4749999,955.0,1037.6438,17.1749992,,,11.78,0.0,16.54,,,0.0,,
2025-11-10 07:59:43+00:00,2025-11-10 07:59:43,,,,,,,,,,19.6612492,6.54218769,956.0,1037.07495,17.4125004,,,11.78,0.0,16.54,,,0.0,,
2025-11-10 07:59:44+00:00,2025-11-10 07:59:44,,,,,,,,,,19.6612492,6.54218769,956.0,1037.07495,17.4125004,,,11.78,0.0,16.54,,,0.0,,
2025-11-10 07:59:45+00:00,2025-11-10 07:59:45,23.0,23.0,23.0,23.0,23.0,16.605964938076117,100.0,BO_ONLY,"BO 모델 결과만 사용 (1단계 롤백, 2~4단계에서 Hz 변화 없음)",19.6612492,6.5875001,955.0,1037.72498,17.4249992,,,11.78,0.0,16.54,,,0.0,,
2025-11-10 07:59:46+00:00,2025-11-10 07:59:46,,,,,,,,,,19.6612492,6.5875001,955.0,1037.72498,17.4249992,,,11.78,0.0,16.54,,,0.0,,
2025-11-10 07:59:47+00:00,2025-11-10 07:59:47,,,,,,,,,,19.6612492,6.72968769,955.0,1035.125,17.5125008,,,11.78,0.0,16.54,,,0.0,,
2025-11-10 07:59:48+00:00,2025-11-10 07:59:48,,,,,,,,,,19.6612492,6.72968769,955.0,1035.125,17.5125008,,,11.78,0.0,16.54,,,0.0,,
2025-11-10 07:59:49+00:00,2025-11-10 07:59:49,,,,,,,,,,19.6612492,6.7953124,955.0,1033.90625,16.7124996,,,11.78,0.0,16.54,,,0.0,,
2025-11-10 07:59:50+00:00,2025-11-10 07:59:50,22.0,22.0,22.0,22.0,22.0,17.067593904174796,100.0,BO_ONLY,"BO 모델 결과만 사용 (1단계 롤백, 2~4단계에서 Hz 변화 없음)",19.6612492,6.7953124,955.0,1033.90625,16.7124996,,,11.78,0.0,16.54,,,0.0,,
2025-11-10 07:59:51+00:00,2025-11-10 07:59:51,,,,,,,,,,19.6612492,6.77656269,955.0,1034.2312,16.2374992,,,11.78,0.0,16.7,,,0.0,,
2025-11-10 07:59:52+00:00,2025-11-10 07:59:52,,,,,,,,,,19.6612492,6.77656269,955.0,1034.2312,16.2374992,,,11.78,0.0,16.7,,,0.0,,
2025-11-10 07:59:53+00:00,2025-11-10 07:59:53,,,,,,,,,,19.6612492,6.8421874,955.0,1033.5,16.4624996,,,11.78,0.0,16.7,,,0.0,,
2025-11-10 07:59:54+00:00,2025-11-10 07:59:54,,,,,,,,,,19.6612492,6.8515625,956.0,1033.4187,16.5874996,,,11.78,0.0,16.7,,,0.0,,
2025-11-10 07:59:55+00:00,2025-11-10 07:59:55,22.0,22.0,22.0,22.0,22.0,15.6243197132948,100.0,BO_ONLY,"BO 모델 결과만 사용 (1단계 롤백, 2~4단계에서 Hz 변화 없음)",19.6612492,6.8515625,956.0,1033.4187,16.5874996,,,11.78,0.0,16.7,,,0.0,,
2025-11-10 07:59:56+00:00,2025-11-10 07:59:56,,,,,,,,,,19.6612492,7.02656269,955.0,1033.90625,16.5874996,,,11.78,0.0,16.7,,,0.0,,
2025-11-10 07:59:57+00:00,2025-11-10 07:59:57,,,,,,,,,,19.6612492,7.0546875,956.0,1033.82495,16.8875008,,,11.78,0.0,16.7,,,0.0,,
2025-11-10 07:59:58+00:00,2025-11-10 07:59:58,,,,,,,,,,19.6612492,7.0546875,956.0,1033.82495,16.8875008,,,11.78,0.0,16.7,,,0.0,,
2025-11-10 07:59:59+00:00,2025-11-10 07:59:59,,,,,,,,,,19.6612492,7.0703125,955.0,1031.875,16.7625008,,,11.78,0.0,16.7,,,0.0,,
2025-11-10 08:00:00+00:00,2025-11-10 08:00:00,21.0,21.0,21.0,21.0,21.0,16.43476178489606,100.0,BO_ONLY,"BO 모델 결과만 사용 (1단계 롤백, 2~4단계에서 Hz 변화 없음)",19.6612492,7.1328125,955.0,1032.6062,16.8125,,3.0,11.78,0.0,16.7,,,0.0,,
2025-11-10 08:00:01+00:00,2025-11-10 08:00:01,,,,,,,,,,19.6612492,7.1328125,955.0,1032.6062,16.8125,,,11.78,0.0,15.86,,,0.0,,
2025-11-10 08:00:02+00:00,2025-11-10 08:00:02,,,,,,,,,,19.6612492,7.26249981,955.0,1031.22498,16.8125,,,11.78,0.0,15.86,,,0.0,,
2025-11-10 08:00:03+00:00,2025-11-10 08:00:03,,,,,,,,,,19.6612492,7.26249981,955.0,1031.22498,16.9375,,,11.78,0.0,15.86,,,0.0,,
2025-11-10 08:00:04+00:00,2025-11-10 08:00:04,,,,,,,,,,19.6612492,7.3453126,956.0,1029.11255,16.6875,,,11.78,0.0,15.86,,,0.0,,
2025-11-10 08:00:05+00:00,2025-11-10 08:00:05,21.0,21.0,21.0,21.0,21.0,16.11394861448626,100.0,BO_ONLY,"BO 모델 결과만 사용 (1단계 롤백, 2~4단계에서 Hz 변화 없음)",19.6612492,7.4609375,954.0,1028.21875,16.8125,,,11.78,0.0,15.86,,,0.0,,
2025-11-10 08:00:06+00:00,2025-11-10 08:00:06,,,,,,,,,,19.6612492,7.4609375,954.0,1028.21875,16.8125,,,11.78,0.0,15.86,,,0.0,,
2025-11-10 08:00:07+00:00,2025-11-10 08:00:07,,,,,,,,,,19.6612492,7.49531269,953.0,1027.56873,17.0,,,11.78,0.0,15.86,,,0.0,,
2025-11-10 08:00:08+00:00,2025-11-10 08:00:08,,,,,,,,,,19.6612492,7.49531269,953.0,1027.56873,17.0,,,11.78,0.0,15.86,,,0.0,,
2025-11-10 08:00:09+00:00,2025-11-10 08:00:09,,,,,,,,,,19.6612492,7.6421876,953.0,1027.97498,16.6375008,,,11.78,0.0,15.86,,,0.0,,
2025-11-10 08:00:10+00:00,2025-11-10 08:00:10,24.0,24.0,24.0,24.0,24.0,16.255685619459538,100.0,BO_ONLY,"BO 모델 결과만 사용 (1단계 롤백, 2~4단계에서 Hz 변화 없음)",19.6612492,7.76875019,953.0,1027.56873,17.0375004,,,11.78,0.0,15.86,,,0.0,,
2025-11-10 08:00:11+00:00,2025-11-10 08:00:11,,,,,,,,,,19.6612492,7.76875019,953.0,1027.56873,17.0375004,,,11.78,0.0,16.34,,,0.0,,
2025-11-10 08:00:12+00:00,2025-11-10 08:00:12,,,,,,,,,,19.6612492,7.9078126,953.0,1027.97498,16.7625008,,,11.78,0.0,16.34,,,0.0,,
2025-11-10 08:00:13+00:00,2025-11-10 08:00:13,,,,,,,,,,19.6612492,7.9078126,953.0,1027.97498,16.7625008,,,11.78,0.0,16.34,,,0.0,,
2025-11-10 08:00:14+00:00,2025-11-10 08:00:14,,,,,,,,,,19.6612492,8.04218769,953.0,1026.51245,17.0874996,,,11.78,0.0,16.34,,,0.0,,
2025-11-10 08:00:15+00:00,2025-11-10 08:00:15,23.0,23.0,23.0,23.0,23.0,16.203000861050935,100.0,BO_ONLY,"BO 모델 결과만 사용 (1단계 롤백, 2~4단계에서 Hz 변화 없음)",19.6612492,8.04218769,953.0,1026.51245,17.0874996,,,11.78,0.0,16.34,,,0.0,,
2025-11-10 08:00:16+00:00,2025-11-10 08:00:16,,,,,,,,,,19.6612492,8.09843731,953.0,1023.75,17.4500008,,,11.78,0.0,16.34,,,0.0,,
2025-11-10 08:00:17+00:00,2025-11-10 08:00:17,,,,,,,,,,19.6612492,8.09843731,954.0,1023.75,17.4500008,,,11.78,0.0,16.34,,,0.0,,
2025-11-10 08:00:18+00:00,2025-11-10 08:00:18,,,,,,,,,,19.6612492,8.27656269,954.0,1024.4812,17.7875004,,,11.78,0.0,16.34,,,0.0,,
2025-11-10 08:00:19+00:00,2025-11-10 08:00:19,,,,,,,,,,19.6612492,8.27656269,954.0,1024.4812,17.7875004,,,11.78,0.0,16.34,,,0.0,,
2025-11-10 08:00:20+00:00,2025-11-10 08:00:20,23.0,23.0,23.0,23.0,23.0,17.08244542396261,100.0,BO_ONLY,"BO 모델 결과만 사용 (1단계 롤백, 2~4단계에서 Hz 변화 없음)",19.6612492,8.43593788,954.0,1022.45001,17.7749996,,,11.78,0.0,16.34,,,0.0,,
2025-11-10 08:00:21+00:00,2025-11-10 08:00:21,,,,,,,,,,19.6612492,8.4296875,954.0,1022.45001,17.75,,,11.78,0.0,16.77,,,0.0,,
2025-11-10 08:00:22+00:00,2025-11-10 08:00:22,,,,,,,,,,19.6612492,8.4296875,954.0,1022.36877,17.75,,,11.78,0.0,16.77,,,0.0,,
2025-11-10 08:00:23+00:00,2025-11-10 08:00:23,,,,,,,,,,19.6612492,8.58906269,953.0,1022.36877,17.5499992,,,11.78,0.0,16.77,,,0.0,,
2025-11-10 08:00:24+00:00,2025-11-10 08:00:24,,,,,,,,,,19.6612492,8.640625,953.0,1020.5,17.3999996,,,11.78,0.0,16.77,,,0.0,,
2025-11-10 08:00:25+00:00,2025-11-10 08:00:25,22.0,22.0,22.0,22.0,22.0,17.467188742900227,100.0,BO_ONLY,"BO 모델 결과만 사용 (1단계 롤백, 2~4단계에서 Hz 변화 없음)",19.6612492,8.640625,954.0,1020.5,17.3999996,,,11.78,0.0,16.77,,,0.0,,
2025-11-10 08:00:26+00:00,2025-11-10 08:00:26,,,,,,,,,,19.6612492,8.68437481,954.0,1020.74377,17.5375004,,,11.78,0.0,16.77,,,0.0,,
2025-11-10 08:00:27+00:00,2025-11-10 08:00:27,,,,,,,,,,19.6612492,8.68437481,953.0,1020.74377,17.5375004,,,11.78,0.0,16.77,,,0.0,,
2025-11-10 08:00:28+00:00,2025-11-10 08:00:28,,,,,,,,,,19.6612492,8.80156231,955.0,1021.23126,13.0749998,,,11.78,0.0,16.77,,,0.0,,
2025-11-10 08:00:29+00:00,2025-11-10 08:00:29,,,,,,,,,,19.6612492,8.80156231,955.0,1021.23126,13.0749998,,,11.78,0.0,16.77,,,0.0,,
2025-11-10 08:00:30+00:00,2025-11-10 08:00:30,21.0,21.0,21.0,21.0,21.0,17.263960485208585,100.0,BO_ONLY,"BO 모델 결과만 사용 (1단계 롤백, 2~4단계에서 Hz 변화 없음)",19.6612492,8.90937519,953.0,1018.71252,13.1374998,,,11.78,0.0,16.77,,,0.0,,
2025-11-10 08:00:32+00:00,2025-11-10 08:00:32,,,,,,,,,,19.6612492,8.90937519,953.0,1018.71252,13.1374998,,,11.78,0.0,16.83,,,0.0,,
2025-11-10 08:00:33+00:00,2025-11-10 08:00:33,,,,,,,,,,19.6612492,9.02031231,953.0,1018.30627,12.8999996,,,11.78,0.0,16.83,,,0.0,,
2025-11-10 08:00:34+00:00,2025-11-10 08:00:34,,,,,,,,,,19.6612492,9.06406212,953.0,1016.03125,13.1625004,,,11.78,0.0,16.83,,,0.0,,
2025-11-10 08:00:35+00:00,2025-11-10 08:00:35,21.0,21.0,21.0,21.0,21.0,12.865037840802392,100.0,BO_ONLY,"BO 모델 결과만 사용 (1단계 롤백, 2~4단계에서 Hz 변화 없음)",19.6612492,9.07499981,954.0,1016.59998,13.1875,,,11.78,0.0,16.83,,,0.0,,
2025-11-10 08:00:36+00:00,2025-11-10 08:00:36,,,,,,,,,,19.6612492,9.07499981,954.0,1016.59998,13.1875,,,11.78,0.0,16.83,,,0.0,,
2025-11-10 08:00:37+00:00,2025-11-10 08:00:37,,,,,,,,,,19.6612492,9.04374981,953.0,1014.48749,13.1000004,,,11.78,0.0,16.83,,,0.0,,
2025-11-10 08:00:38+00:00,2025-11-10 08:00:38,,,,,,,,,,19.6612492,9.04374981,953.0,1014.48749,13.1000004,,,11.78,0.0,16.83,,,0.0,,
2025-11-10 08:00:39+00:00,2025-11-10 08:00:39,,,,,,,,,,19.6612492,9.14687538,953.0,1014.16248,13.4750004,,,11.78,0.0,16.83,,,0.0,,
2025-11-10 08:00:40+00:00,2025-11-10 08:00:40,21.0,21.0,21.0,21.0,21.0,12.617056197412483,100.0,BO_ONLY,"BO 모델 결과만 사용 (1단계 롤백, 2~4단계에서 Hz 변화 없음)",19.6612492,9.14687538,953.0,1014.16248,13.4750004,,,11.78,0.0,16.83,,,0.0,,
2025-11-10 08:00:41+00:00,2025-11-10 08:00:41,,,,,,,,,,19.6612492,9.10624981,953.0,1015.13751,13.4250002,,,11.78,0.0,12.53,,,0.0,,
2025-11-10 08:00:42+00:00,2025-11-10 08:00:42,,,,,,,,,,19.6612492,9.10624981,953.0,1015.13751,13.4250002,,,11.78,0.0,12.53,,,0.0,,
2025-11-10 08:00:43+00:00,2025-11-10 08:00:43,,,,,,,,,,19.6612492,9.21406269,952.0,1012.45624,13.875,,,11.78,0.0,12.53,,,0.0,,
2025-11-10 08:00:44+00:00,2025-11-10 08:00:44,,,,,,,,,,19.6612492,9.24687481,952.0,1012.70001,13.8500004,,,11.78,0.0,12.53,,,0.0,,
2025-11-10 08:00:45+00:00,2025-11-10 08:00:45,21.0,21.0,21.0,21.0,21.0,12.961609825567354,100.0,BO_ONLY,"BO 모델 결과만 사용 (1단계 롤백, 2~4단계에서 Hz 변화 없음)",19.6612492,9.24687481,952.0,1012.70001,13.8500004,,,11.78,0.0,12.53,,,0.0,,
2025-11-10 08:00:46+00:00,2025-11-10 08:00:46,,,,,,,,,,19.6612492,9.234375,952.0,1011.07501,14.0375004,,,11.78,0.0,12.53,,,0.0,,
2025-11-10 08:00:47+00:00,2025-11-10 08:00:47,,,,,,,,,,19.6612492,9.234375,952.0,1011.07501,14.0375004,,,11.78,0.0,12.53,,,0.0,,
2025-11-10 08:00:48+00:00,2025-11-10 08:00:48,,,,,,,,,,19.6612492,9.40312481,953.0,1010.99377,12.8125,,,11.78,0.0,12.53,,,0.0,,
2025-11-10 08:00:49+00:00,2025-11-10 08:00:49,,,,,,,,,,19.6612492,9.40312481,953.0,1010.99377,12.8125,,,11.78,0.0,12.53,,,0.0,,
2025-11-10 08:00:50+00:00,2025-11-10 08:00:50,21.0,21.0,21.0,21.0,21.0,13.215537222334525,100.0,BO_ONLY,"BO 모델 결과만 사용 (1단계 롤백, 2~4단계에서 Hz 변화 없음)",19.6612492,9.45156288,951.0,1009.36877,12.9875002,,,11.78,0.0,12.53,,,0.0,,
2025-11-10 08:00:51+00:00,2025-11-10 08:00:51,,,,,,,,,,19.6612492,9.45156288,951.0,1009.36877,12.9875002,,,11.78,0.0,13.06,,,0.0,,
2025-11-10 08:00:52+00:00,2025-11-10 08:00:52,,,,,,,,,,19.6612492,9.45156288,952.0,1008.88123,13.0375004,,,11.78,0.0,13.06,,,0.0,,
2025-11-10 08:00:53+00:00,2025-11-10 08:00:53,,,,,,,,,,19.6612492,9.52031231,952.0,1008.88123,13.0375004,,,11.78,0.0,13.06,,,0.0,,
2025-11-10 08:00:54+00:00,2025-11-10 08:00:54,,,,,,,,,,19.6612492,9.60312462,953.0,1008.71875,13.4125004,,,11.78,0.0,13.06,,,0.0,,
2025-11-10 08:00:55+00:00,2025-11-10 08:00:55,21.0,21.0,21.0,21.0,21.0,12.916565921389731,100.0,BO_ONLY,"BO 모델 결과만 사용 (1단계 롤백, 2~4단계에서 Hz 변화 없음)",19.6612492,9.60312462,953.0,1008.71875,13.4125004,,,11.78,0.0,13.06,,,0.0,,
2025-11-10 08:00:56+00:00,2025-11-10 08:00:56,,,,,,,,,,19.6612492,9.72031212,955.0,1008.06873,13.25,,,11.78,0.0,13.06,,,0.0,,
2025-11-10 08:00:57+00:00,2025-11-10 08:00:57,,,,,,,,,,19.6612492,9.72031212,955.0,1008.06873,13.25,,,11.78,0.0,13.06,,,0.0,,
2025-11-10 08:00:58+00:00,2025-11-10 08:00:58,,,,,,,,,,19.6612492,9.78281212,953.0,1007.5,13.5249996,,,11.78,0.0,13.06,,,0.0,,
2025-11-10 08:00:59+00:00,2025-11-10 08:00:59,,,,,,,,,,19.6612492,9.78281212,953.0,1007.5,13.5249996,,,11.78,0.0,13.06,,,0.0,,
2025-11-10 08:01:00+00:00,2025-11-10 08:01:00,21.0,21.0,21.0,21.0,21.0,12.853845336871407,100.0,BO_ONLY,"BO 모델 결과만 사용 (1단계 롤백, 2~4단계에서 Hz 변화 없음)",19.6612492,9.73281288,954.0,1005.95624,13.4499998,,3.0,11.78,0.0,13.06,,,0.0,,
2025-11-10 08:01:01+00:00,2025-11-10 08:01:01,,,,,,,,,,19.6612492,9.73281288,954.0,1005.95624,13.4499998,,,11.78,0.0,12.43,,,0.0,,
2025-11-10 08:01:02+00:00,2025-11-10 08:01:02,,,,,,,,,,19.6612492,9.76093769,953.0,1004.90002,13.1875,,,11.78,0.0,12.43,,,0.0,,
2025-11-10 08:01:03+00:00,2025-11-10 08:01:03,,,,,,,,,,19.6612492,9.74062538,953.0,1004.98126,14.0874996,,,11.78,0.0,12.43,,,0.0,,
2025-11-10 08:01:04+00:00,2025-11-10 08:01:04,,,,,,,,,,19.6612492,9.74062538,953.0,1004.98126,14.0874996,,,11.78,0.0,12.43,,,0.0,,
2025-11-10 08:01:05+00:00,2025-11-10 08:01:05,21.0,21.0,21.0,21.0,21.0,12.989781709965417,100.0,BO_ONLY,"BO 모델 결과만 사용 (1단계 롤백, 2~4단계에서 Hz 변화 없음)",19.6612492,9.65156269,953.0,1003.19373,13.6750002,,,11.78,0.0,12.43,,,0.0,,
2025-11-10 08:01:06+00:00,2025-11-10 08:01:06,,,,,,,,,,19.6612492,9.65156269,953.0,1003.19373,13.6750002,,,11.78,0.0,12.43,,,0.0,,
2025-11-10 08:01:07+00:00,2025-11-10 08:01:07,,,,,,,,,,19.6612492,9.65156269,953.0,1003.19373,13.6750002,,,11.78,0.0,12.43,,,0.0,,
2025-11-10 08:01:08+00:00,2025-11-10 08:01:08,,,,,,,,,,19.6612492,9.37968731,953.0,1003.19373,13.6750002,,,11.78,0.0,12.43,,,0.0,,
2025-11-10 08:01:09+00:00,2025-11-10 08:01:09,,,,,,,,,,19.6612492,9.37968731,953.0,1001.0,11.625,,,11.78,0.0,12.43,,,0.0,,
2025-11-10 08:01:10+00:00,2025-11-10 08:01:10,18.0,18.0,18.0,18.0,18.0,13.237948947938039,100.0,BO_ONLY,"BO 모델 결과만 사용 (1단계 롤백, 2~4단계에서 Hz 변화 없음)",19.6612492,8.9765625,953.0,1001.0,11.625,,,11.78,0.0,12.43,,,0.0,,
2025-11-10 08:01:11+00:00,2025-11-10 08:01:11,,,,,,,,,,19.6612492,8.9765625,953.0,1001.73126,11.4624996,,,11.78,0.0,13.09,,,0.0,,
2025-11-10 08:01:12+00:00,2025-11-10 08:01:12,,,,,,,,,,19.6612492,8.52187538,954.0,1001.73126,11.4624996,,,11.78,0.0,13.09,,,0.0,,
2025-11-10 08:01:13+00:00,2025-11-10 08:01:13,,,,,,,,,,19.6612492,8.22187519,953.0,1001.24377,11.7124996,,,11.78,0.0,13.09,,,0.0,,
2025-11-10 08:01:14+00:00,2025-11-10 08:01:14,,,,,,,,,,19.6612492,8.22187519,953.0,1001.24377,11.7124996,,,11.78,0.0,13.09,,,0.0,,
2025-11-10 08:01:15+00:00,2025-11-10 08:01:15,21.0,21.0,21.0,21.0,21.0,12.242286458512162,100.0,BO_ONLY,"BO 모델 결과만 사용 (1단계 롤백, 2~4단계에서 Hz 변화 없음)",19.6612492,7.7421875,954.0,1002.05627,11.7749996,,,11.78,0.0,13.09,,,0.0,,
2025-11-10 08:01:16+00:00,2025-11-10 08:01:16,,,,,,,,,,19.6612492,7.52031231,954.0,1001.97498,11.75,,,11.78,0.0,13.09,,,0.0,,
2025-11-10 08:01:17+00:00,2025-11-10 08:01:17,,,,,,,,,,19.6612492,7.52031231,954.0,1001.97498,11.75,,,11.78,0.0,13.09,,,0.0,,
2025-11-10 08:01:18+00:00,2025-11-10 08:01:18,,,,,,,,,,19.6612492,7.0,954.0,1002.05627,11.7624998,,,11.78,0.0,13.09,,,0.0,,
2025-11-10 08:01:19+00:00,2025-11-10 08:01:19,,,,,,,,,,19.6612492,7.0,954.0,1002.05627,11.7624998,,,11.78,0.0,13.09,,,0.0,,
2025-11-10 08:01:20+00:00,2025-11-10 08:01:20,18.0,23.0,23.0,18.0,18.0,11.83139293985827,304.0,BO_O2_RULE,"제어매트릭스 규칙 적용: NOX_LOW (3단계 롤백, 4단계에서 Hz 변화 없음)",19.6612492,6.65312481,953.0,1001.16248,12.4125004,,,11.78,0.0,13.09,,,0.0,,
2025-11-10 08:01:21+00:00,2025-11-10 08:01:21,,,,,,,,,,19.6612492,6.41874981,954.0,1001.89374,12.0625,,,11.78,0.0,11.13,,,0.0,,
2025-11-10 08:01:22+00:00,2025-11-10 08:01:22,,,,,,,,,,19.6612492,6.2906251,953.0,1001.32501,12.1875,,,11.78,0.0,11.13,,,0.0,,
2025-11-10 08:01:23+00:00,2025-11-10 08:01:23,,,,,,,,,,19.6612492,6.2906251,953.0,1001.32501,12.1875,,,11.78,0.0,11.13,,,0.0,,
2025-11-10 08:01:24+00:00,2025-11-10 08:01:24,,,,,,,,,,19.6612492,6.05156231,953.0,1002.29999,12.3249998,,,11.78,0.0,11.13,,,0.0,,
2025-11-10 08:01:25+00:00,2025-11-10 08:01:25,18.0,24.0,24.0,18.0,18.0,10.948579732179969,304.0,BO_O2_RULE,"제어매트릭스 규칙 적용: NOX_LOW (3단계 롤백, 4단계에서 Hz 변화 없음)",19.6612492,6.05156231,953.0,1002.29999,12.3249998,,,11.78,0.0,11.13,,,0.0,,
2025-11-10 08:01:26+00:00,2025-11-10 08:01:26,,,,,,,,,,19.6612492,5.7593751,953.0,1000.91876,12.1625004,,,11.78,0.0,11.13,,,0.0,,
2025-11-10 08:01:27+00:00,2025-11-10 08:01:27,,,,,,,,,,19.6612492,5.7593751,953.0,1000.91876,12.1625004,,,11.78,0.0,11.13,,,0.0,,
2025-11-10 08:01:28+00:00,2025-11-10 08:01:28,,,,,,,,,,19.6612492,5.6624999,954.0,1000.26874,12.1625004,,,11.78,0.0,11.13,,,0.0,,
2025-11-10 08:01:29+00:00,2025-11-10 08:01:29,,,,,,,,,,19.6612492,5.6624999,954.0,1000.26874,12.7624998,,,11.78,0.0,11.13,,,0.0,,
2025-11-10 08:01:30+00:00,2025-11-10 08:01:30,18.0,24.0,24.0,18.0,18.0,9.87947108034373,304.0,BO_O2_RULE,"제어매트릭스 규칙 적용: NOX_LOW (3단계 롤백, 4단계에서 Hz 변화 없음)",19.6612492,5.48750019,953.0,999.862488,12.7624998,,,11.78,0.0,11.13,,,0.0,,
2025-11-10 08:01:31+00:00,2025-11-10 08:01:31,,,,,,,,,,19.6612492,5.3656249,953.0,999.862488,12.9624996,,,11.78,0.0,11.8,,,0.0,,
2025-11-10 08:01:32+00:00,2025-11-10 08:01:32,,,,,,,,,,19.6612492,5.3656249,953.0,1000.26874,12.9624996,,,11.78,0.0,11.8,,,0.0,,
2025-11-10 08:01:33+00:00,2025-11-10 08:01:33,,,,,,,,,,19.6612492,5.24687481,953.0,999.618774,12.8374996,,,11.78,0.0,11.8,,,0.0,,
2025-11-10 08:01:34+00:00,2025-11-10 08:01:34,,,,,,,,,,19.6612492,5.24687481,953.0,999.618774,12.8374996,,,11.78,0.0,11.8,,,0.0,,
2025-11-10 08:01:35+00:00,2025-11-10 08:01:35,18.0,23.0,23.0,18.0,18.0,8.909560822957957,304.0,BO_O2_RULE,"제어매트릭스 규칙 적용: NOX_LOW (3단계 롤백, 4단계에서 Hz 변화 없음)",19.6612492,5.1171875,953.0,1000.26874,10.7124996,,,11.78,0.0,11.8,,,0.0,,
2025-11-10 08:01:36+00:00,2025-11-10 08:01:36,,,,,,,,,,19.6612492,5.1171875,953.0,1000.26874,10.7124996,,,11.78,0.0,11.8,,,0.0,,
2025-11-10 08:01:37+00:00,2025-11-10 08:01:37,,,,,,,,,,19.6612492,4.91093731,955.0,999.456238,11.1999998,,,11.78,0.0,11.8,,,0.0,,
2025-11-10 08:01:38+00:00,2025-11-10 08:01:38,,,,,,,,,,19.6612492,4.91093731,955.0,999.456238,11.1999998,,,11.78,0.0,11.8,,,0.0,,
2025-11-10 08:01:39+00:00,2025-11-10 08:01:39,,,,,,,,,,19.6612492,4.703125,956.0,999.456238,11.125,,,11.78,0.0,11.8,,,0.0,,
2025-11-10 08:01:40+00:00,2025-11-10 08:01:40,18.0,23.0,23.0,18.0,18.0,9.41493090898933,304.0,BO_O2_RULE,"제어매트릭스 규칙 적용: NOX_LOW (3단계 롤백, 4단계에서 Hz 변화 없음)",19.6612492,4.6015625,956.0,1000.51251,11.3999996,,,11.78,0.0,11.8,,,0.0,,
2025-11-10 08:01:41+00:00,2025-11-10 08:01:41,,,,,,,,,,19.6612492,4.6015625,956.0,1000.51251,11.3999996,,,11.78,0.0,10.38,,,0.0,,
2025-11-10 08:01:42+00:00,2025-11-10 08:01:42,,,,,,,,,,19.6612492,4.3375001,955.0,999.700012,11.4624996,,,11.78,0.0,10.38,,,0.0,,
2025-11-10 08:01:43+00:00,2025-11-10 08:01:43,,,,,,,,,,19.6612492,4.3375001,955.0,999.700012,11.4624996,,,11.78,0.0,10.38,,,0.0,,
2025-11-10 08:01:44+00:00,2025-11-10 08:01:44,,,,,,,,,,19.6612492,4.19218731,956.0,999.700012,11.6499996,,,11.78,0.0,10.38,,,0.0,,
2025-11-10 08:01:45+00:00,2025-11-10 08:01:45,18.0,22.0,22.0,18.0,18.0,9.073794917688138,304.0,BO_O2_RULE,"제어매트릭스 규칙 적용: NOX_LOW (3단계 롤백, 4단계에서 Hz 변화 없음)",19.6612492,4.19218731,956.0,999.700012,11.6499996,,,11.78,0.0,10.38,,,0.0,,
2025-11-10 08:01:46+00:00,2025-11-10 08:01:46,,,,,,,,,,19.6612492,4.12187481,955.0,1000.43127,11.6999998,,,11.78,0.0,10.38,,,0.0,,
2025-11-10 08:01:47+00:00,2025-11-10 08:01:47,,,,,,,,,,19.6612492,4.12187481,955.0,1000.43127,11.6999998,,,11.78,0.0,10.38,,,0.0,,
2025-11-10 08:01:48+00:00,2025-11-10 08:01:48,,,,,,,,,,19.6612492,4.0390625,956.0,999.456238,11.625,,,11.78,0.0,10.38,,,0.0,,
2025-11-10 08:01:49+00:00,2025-11-10 08:01:49,,,,,,,,,,19.6612492,4.01875019,955.0,999.700012,12.0,,,11.78,0.0,10.38,,,0.0,,
2025-11-10 08:01:50+00:00,2025-11-10 08:01:50,18.0,21.0,21.0,18.0,18.0,9.22643384744317,304.0,BO_O2_RULE,"제어매트릭스 규칙 적용: NOX_LOW (3단계 롤백, 4단계에서 Hz 변화 없음)",19.6612492,4.01875019,955.0,999.700012,12.0,,,11.78,0.0,10.38,,,0.0,,
2025-11-10 08:01:51+00:00,2025-11-10 08:01:51,,,,,,,,,,19.6612492,3.9437499,954.0,1000.75623,11.9875002,,,11.78,0.0,10.99,,,0.0,,
2025-11-10 08:01:52+00:00,2025-11-10 08:01:52,,,,,,,,,,19.6612492,3.9437499,954.0,1000.75623,11.9875002,,,11.78,0.0,10.99,,,0.0,,
2025-11-10 08:01:53+00:00,2025-11-10 08:01:53,,,,,,,,,,19.6612492,3.953125,955.0,1002.13751,12.1000004,,,11.78,0.0,10.99,,,0.0,,
2025-11-10 08:01:54+00:00,2025-11-10 08:01:54,,,,,,,,,,19.6612492,3.953125,955.0,1002.13751,12.1000004,,,11.78,0.0,10.99,,,0.0,,
2025-11-10 08:01:55+00:00,2025-11-10 08:01:55,18.0,21.0,21.0,18.0,18.0,8.865550294322288,304.0,BO_O2_RULE,"제어매트릭스 규칙 적용: NOX_LOW (3단계 롤백, 4단계에서 Hz 변화 없음)",19.6612492,4.0609374,955.0,1001.24377,11.4750004,,,11.78,0.0,10.99,,,0.0,,
2025-11-10 08:01:56+00:00,2025-11-10 08:01:56,,,,,,,,,,19.6612492,4.0609374,955.0,1001.24377,11.4750004,,,11.78,0.0,10.99,,,0.0,,
2025-11-10 08:01:57+00:00,2025-11-10 08:01:57,,,,,,,,,,19.6612492,4.0250001,956.0,1001.65002,11.2749996,,,11.78,0.0,10.99,,,0.0,,
2025-11-10 08:01:58+00:00,2025-11-10 08:01:58,,,,,,,,,,19.6612492,4.0250001,956.0,1001.65002,11.2749996,,,11.78,0.0,10.99,,,0.0,,
2025-11-10 08:01:59+00:00,2025-11-10 08:01:59,,,,,,,,,,19.6612492,4.0609374,955.0,1001.8125,11.3000002,,,11.78,0.0,10.99,,,0.0,,
2025-11-10 08:02:00+00:00,2025-11-10 08:02:00,18.0,21.0,21.0,18.0,18.0,9.741340074317307,304.0,BO_O2_RULE,"제어매트릭스 규칙 적용: NOX_LOW (3단계 롤백, 4단계에서 Hz 변화 없음)",19.6612492,4.0609374,955.0,1001.8125,11.3000002,,3.0,11.78,0.0,10.99,,,0.0,,
2025-11-10 08:02:01+00:00,2025-11-10 08:02:01,,,,,,,,,,19.6612492,4.19218731,955.0,1000.91876,11.7250004,,,11.78,0.0,10.68,,,0.0,,
2025-11-10 08:02:02+00:00,2025-11-10 08:02:02,,,,,,,,,,19.6612492,4.1500001,955.0,1001.32501,11.5,,,11.78,0.0,10.68,,,0.0,,
2025-11-10 08:02:03+00:00,2025-11-10 08:02:03,,,,,,,,,,19.6612492,4.1500001,955.0,1001.32501,11.5,,,11.78,0.0,10.68,,,0.0,,
2025-11-10 08:02:04+00:00,2025-11-10 08:02:04,,,,,,,,,,19.6612492,4.23906231,956.0,1001.16248,11.8374996,,,11.78,0.0,10.68,,,0.0,,
2025-11-10 08:02:05+00:00,2025-11-10 08:02:05,18.0,21.0,21.0,18.0,18.0,9.961605897497357,304.0,BO_O2_RULE,"제어매트릭스 규칙 적용: NOX_LOW (3단계 롤백, 4단계에서 Hz 변화 없음)",19.6612492,4.23906231,956.0,1001.16248,11.8374996,,,11.78,0.0,10.68,,,0.0,,
2025-11-10 08:02:06+00:00,2025-11-10 08:02:06,,,,,,,,,,19.6612492,4.23906231,955.0,1000.91876,11.9375,,,11.78,0.0,10.68,,,0.0,,
2025-11-10 08:02:07+00:00,2025-11-10 08:02:07,,,,,,,,,,19.6612492,4.23906231,955.0,1000.91876,11.9375,,,11.78,0.0,10.68,,,0.0,,
2025-11-10 08:02:08+00:00,2025-11-10 08:02:08,,,,,,,,,,19.6612492,4.2562499,955.0,1001.65002,11.8249998,,,11.78,0.0,10.68,,,0.0,,
2025-11-10 08:02:09+00:00,2025-11-10 08:02:09,,,,,,,,,,19.6612492,4.2562499,955.0,1001.65002,11.8249998,,,11.78,0.0,10.68,,,0.0,,
2025-11-10 08:02:10+00:00,2025-11-10 08:02:10,18.0,22.0,22.0,18.0,18.0,10.595823972668565,304.0,BO_O2_RULE,"제어매트릭스 규칙 적용: NOX_LOW (3단계 롤백, 4단계에서 Hz 변화 없음)",,,,,,,,,,,,,,,
2025-11-10 08:02:11+00:00,2025-11-10 08:02:11,,,,,,,,,,19.6612492,4.265625,956.0,1001.8125,11.6125002,,,11.78,0.0,10.68,,,0.0,,
2025-11-10 08:02:12+00:00,2025-11-10 08:02:12,,,,,,,,,,19.6612492,4.265625,955.0,1002.21875,11.9499998,,,11.78,0.0,11.07,,,0.0,,
2025-11-10 08:02:13+00:00,2025-11-10 08:02:13,,,,,,,,,,19.6612492,4.2734375,955.0,1002.21875,11.9499998,,,11.78,0.0,11.07,,,0.0,,
2025-11-10 08:02:14+00:00,2025-11-10 08:02:14,,,,,,,,,,19.6612492,4.2734375,956.0,1002.21875,12.0375004,,,11.78,0.0,11.07,,,0.0,,
2025-11-10 08:02:15+00:00,2025-11-10 08:02:15,18.0,22.0,22.0,18.0,18.0,10.504345540401587,304.0,BO_O2_RULE,"제어매트릭스 규칙 적용: NOX_LOW (3단계 롤백, 4단계에서 Hz 변화 없음)",19.6612492,4.2484374,956.0,1002.21875,11.7624998,,,11.78,0.0,11.07,,,0.0,,
2025-11-10 08:02:16+00:00,2025-11-10 08:02:16,,,,,,,,,,19.6612492,4.2484374,956.0,1001.32501,11.7624998,,,11.78,0.0,11.07,,,0.0,,
2025-11-10 08:02:17+00:00,2025-11-10 08:02:17,,,,,,,,,,19.6612492,4.27812481,955.0,1001.32501,11.875,,,11.78,0.0,11.07,,,0.0,,
2025-11-10 08:02:18+00:00,2025-11-10 08:02:18,,,,,,,,,,19.6612492,4.27812481,955.0,1003.35626,11.875,,,11.78,0.0,11.07,,,0.0,,
2025-11-10 08:02:19+00:00,2025-11-10 08:02:19,,,,,,,,,,19.6612492,4.34843731,955.0,1002.95001,10.9375,,,11.78,0.0,11.07,,,0.0,,
2025-11-10 08:02:20+00:00,2025-11-10 08:02:20,18.0,22.0,22.0,18.0,18.0,10.95871432528194,304.0,BO_O2_RULE,"제어매트릭스 규칙 적용: NOX_LOW (3단계 롤백, 4단계에서 Hz 변화 없음)",19.6612492,4.34843731,955.0,1002.95001,10.9375,,,11.78,0.0,11.07,,,0.0,,
2025-11-10 08:02:21+00:00,2025-11-10 08:02:21,,,,,,,,,,19.6612492,4.3984375,956.0,1002.78748,11.0124998,,,11.78,0.0,11.07,,,0.0,,
2025-11-10 08:02:22+00:00,2025-11-10 08:02:22,,,,,,,,,,19.6612492,4.3984375,956.0,1002.78748,11.0124998,,,11.78,0.0,11.07,,,0.0,,
2025-11-10 08:02:23+00:00,2025-11-10 08:02:23,,,,,,,,,,19.6612492,4.4296875,955.0,1002.95001,10.8500004,,,11.78,0.0,11.07,,,0.0,,
2025-11-10 08:02:24+00:00,2025-11-10 08:02:24,,,,,,,,,,19.6612492,4.4296875,955.0,1002.95001,10.8500004,,,11.78,0.0,11.07,,,0.0,,
2025-11-10 08:02:25+00:00,2025-11-10 08:02:25,18.0,22.0,22.0,18.0,18.0,11.54747600622933,304.0,BO_O2_RULE,"제어매트릭스 규칙 적용: NOX_LOW (3단계 롤백, 4단계에서 Hz 변화 없음)",19.6612492,4.4281249,955.0,1003.76251,10.4875002,,,11.78,0.0,11.07,,,0.0,,
2025-11-10 08:02:26+00:00,2025-11-10 08:02:26,,,,,,,,,,19.6612492,4.4281249,955.0,1003.76251,10.4875002,,,11.78,0.0,11.07,,,0.0,,
2025-11-10 08:02:27+00:00,2025-11-10 08:02:27,,,,,,,,,,19.6612492,4.5140624,955.0,1004.65625,10.4250002,,,11.78,0.0,11.07,,,0.0,,
2025-11-10 08:02:28+00:00,2025-11-10 08:02:28,,,,,,,,,,19.6612492,4.5140624,955.0,1004.65625,10.4250002,,,11.78,0.0,11.07,,,0.0,,
2025-11-10 08:02:29+00:00,2025-11-10 08:02:29,,,,,,,,,,19.6612492,4.5953126,955.0,1004.41248,9.98750019,,,11.78,0.0,11.07,,,0.0,,
2025-11-10 08:02:30+00:00,2025-11-10 08:02:30,22.0,22.0,22.0,22.0,22.0,12.012731446216259,100.0,BO_ONLY,"BO 모델 결과만 사용 (1단계 롤백, 2~4단계에서 Hz 변화 없음)",19.6612492,4.62187481,955.0,1004.16876,9.83749962,,,11.78,0.0,11.07,,,0.0,,
2025-11-10 08:02:31+00:00,2025-11-10 08:02:31,,,,,,,,,,19.6612492,4.62187481,955.0,1004.16876,9.83749962,,,11.78,0.0,9.82,,,0.0,,
2025-11-10 08:02:32+00:00,2025-11-10 08:02:32,,,,,,,,,,19.6612492,4.58906269,956.0,1004.65625,9.82499981,,,11.78,0.0,9.82,,,0.0,,
2025-11-10 08:02:33+00:00,2025-11-10 08:02:33,,,,,,,,,,19.6612492,4.58906269,956.0,1004.65625,9.82499981,,,11.78,0.0,9.82,,,0.0,,
2025-11-10 08:02:34+00:00,2025-11-10 08:02:34,,,,,,,,,,19.6612492,4.625,956.0,1006.20001,8.9375,,,11.78,0.0,9.82,,,0.0,,
2025-11-10 08:02:35+00:00,2025-11-10 08:02:35,18.0,22.0,22.0,18.0,18.0,11.995258356421344,304.0,BO_O2_RULE,"제어매트릭스 규칙 적용: NOX_LOW (3단계 롤백, 4단계에서 Hz 변화 없음)",19.6612492,4.6703124,955.0,1007.01251,8.82499981,,,11.78,0.0,9.82,,,0.0,,
2025-11-10 08:02:36+00:00,2025-11-10 08:02:36,,,,,,,,,,19.6612492,4.6703124,955.0,1007.01251,8.82499981,,,11.78,0.0,9.82,,,0.0,,
2025-11-10 08:02:37+00:00,2025-11-10 08:02:37,,,,,,,,,,19.6612492,4.6546874,955.0,1006.03748,8.97500038,,,11.78,0.0,9.82,,,0.0,,
2025-11-10 08:02:38+00:00,2025-11-10 08:02:38,,,,,,,,,,19.6612492,4.66718769,955.0,1006.6875,8.25,,,11.78,0.0,9.82,,,0.0,,
2025-11-10 08:02:39+00:00,2025-11-10 08:02:39,,,,,,,,,,19.6612492,4.66718769,955.0,1006.6875,8.25,,,11.78,0.0,9.82,,,0.0,,
2025-11-10 08:02:40+00:00,2025-11-10 08:02:40,18.0,23.0,23.0,18.0,18.0,11.416334768285392,304.0,BO_O2_RULE,"제어매트릭스 규칙 적용: NOX_LOW (3단계 롤백, 4단계에서 Hz 변화 없음)",19.6612492,4.7484374,956.0,1008.63751,8.27499962,,,11.78,0.0,9.82,,,0.0,,
2025-11-10 08:02:41+00:00,2025-11-10 08:02:41,,,,,,,,,,19.6612492,4.7484374,956.0,1008.63751,8.27499962,,,11.78,0.0,8.32,,,0.0,,
2025-11-10 08:02:42+00:00,2025-11-10 08:02:42,,,,,,,,,,19.6612492,4.76249981,956.0,1007.90625,8.47500038,,,11.78,0.0,8.32,,,0.0,,
2025-11-10 08:02:43+00:00,2025-11-10 08:02:43,,,,,,,,,,19.6612492,4.71406269,956.0,1007.82501,7.92500019,,,11.78,0.0,8.32,,,0.0,,
2025-11-10 08:02:44+00:00,2025-11-10 08:02:44,,,,,,,,,,19.6612492,4.71406269,954.0,1007.82501,7.92500019,,,11.78,0.0,8.32,,,0.0,,
2025-11-10 08:02:45+00:00,2025-11-10 08:02:45,18.0,23.0,23.0,18.0,18.0,11.740986624588942,304.0,BO_O2_RULE,"제어매트릭스 규칙 적용: NOX_LOW (3단계 롤백, 4단계에서 Hz 변화 없음)",19.6612492,4.7484374,954.0,1007.5,7.92500019,,,11.78,0.0,8.32,,,0.0,,
2025-11-10 08:02:46+00:00,2025-11-10 08:02:46,,,,,,,,,,19.6612492,4.7484374,953.0,1007.5,8.22500038,,,11.78,0.0,8.32,,,0.0,,
2025-11-10 08:02:47+00:00,2025-11-10 08:02:47,,,,,,,,,,19.6612492,4.7421875,954.0,1008.55627,7.9124999,,,11.78,0.0,8.32,,,0.0,,
2025-11-10 08:02:48+00:00,2025-11-10 08:02:48,,,,,,,,,,19.6612492,4.7421875,954.0,1008.55627,7.9124999,,,11.78,0.0,8.32,,,0.0,,
2025-11-10 08:02:49+00:00,2025-11-10 08:02:49,,,,,,,,,,19.6612492,4.8125,953.0,1007.98749,7.73750019,,,11.78,0.0,8.32,,,0.0,,
2025-11-10 08:02:50+00:00,2025-11-10 08:02:50,18.0,23.0,23.0,18.0,18.0,11.401638908616995,304.0,BO_O2_RULE,"제어매트릭스 규칙 적용: NOX_LOW (3단계 롤백, 4단계에서 Hz 변화 없음)",19.6612492,4.8140626,954.0,1008.63751,7.5875001,,,11.78,0.0,8.32,,,0.0,,
2025-11-10 08:02:51+00:00,2025-11-10 08:02:51,,,,,,,,,,19.6612492,4.8140626,954.0,1008.63751,7.5875001,,,11.78,0.0,7.24,,,0.0,,
2025-11-10 08:02:52+00:00,2025-11-10 08:02:52,,,,,,,,,,19.6612492,4.8453126,954.0,1008.3125,7.75,,,11.78,0.0,7.24,,,0.0,,
2025-11-10 08:02:53+00:00,2025-11-10 08:02:53,,,,,,,,,,19.6612492,4.8453126,954.0,1008.3125,7.75,,,11.78,0.0,7.24,,,0.0,,
2025-11-10 08:02:54+00:00,2025-11-10 08:02:54,,,,,,,,,,19.6612492,4.86250019,954.0,1008.3125,9.8125,,,11.78,0.0,7.24,,,0.0,,
2025-11-10 08:02:55+00:00,2025-11-10 08:02:55,18.0,23.0,23.0,18.0,18.0,11.204059670956752,304.0,BO_O2_RULE,"제어매트릭스 규칙 적용: NOX_LOW (3단계 롤백, 4단계에서 Hz 변화 없음)",19.6612492,4.8734374,954.0,1008.06873,9.71249962,,,11.78,0.0,7.24,,,0.0,,
2025-11-10 08:02:56+00:00,2025-11-10 08:02:56,,,,,,,,,,19.6612492,4.8734374,953.0,1008.06873,9.71249962,,,11.78,0.0,7.24,,,0.0,,
2025-11-10 08:02:57+00:00,2025-11-10 08:02:57,,,,,,,,,,19.6612492,4.7718749,953.0,1008.39374,9.78750038,,,11.78,0.0,7.24,,,0.0,,
2025-11-10 08:02:58+00:00,2025-11-10 08:02:58,,,,,,,,,,19.6612492,4.7718749,953.0,1008.39374,9.78750038,,,11.78,0.0,7.24,,,0.0,,
2025-11-10 08:02:59+00:00,2025-11-10 08:02:59,,,,,,,,,,19.6612492,4.828125,953.0,1008.63751,10.0375004,,,11.78,0.0,7.24,,,0.0,,
2025-11-10 08:03:00+00:00,2025-11-10 08:03:00,23.0,23.0,23.0,23.0,23.0,12.180230547097647,100.0,BO_ONLY,"BO 모델 결과만 사용 (1단계 롤백, 2~4단계에서 Hz 변화 없음)",19.6612492,4.828125,953.0,1008.63751,10.0375004,,3.0,11.78,0.0,7.24,,,0.0,,
2025-11-10 08:03:01+00:00,2025-11-10 08:03:01,,,,,,,,,,19.6612492,4.78125,954.0,1008.71875,9.57499981,,,11.78,0.0,7.24,,,0.0,,
2025-11-10 08:03:02+00:00,2025-11-10 08:03:02,,,,,,,,,,19.6612492,4.8359375,954.0,1009.61249,9.83749962,,,11.78,0.0,9.37,,,0.0,,
2025-11-10 08:03:03+00:00,2025-11-10 08:03:03,,,,,,,,,,19.6612492,4.8359375,954.0,1009.61249,9.83749962,,,11.78,0.0,9.37,,,0.0,,
2025-11-10 08:03:04+00:00,2025-11-10 08:03:04,,,,,,,,,,19.6612492,4.8359375,954.0,1009.61249,9.83749962,,,11.78,0.0,9.37,,,0.0,,
2025-11-10 08:03:05+00:00,2025-11-10 08:03:05,23.0,23.0,23.0,23.0,23.0,12.151429575031887,100.0,BO_ONLY,"BO 모델 결과만 사용 (1단계 롤백, 2~4단계에서 Hz 변화 없음)",19.6612492,4.82499981,953.0,1009.61249,10.0124998,,,11.78,0.0,9.37,,,0.0,,
2025-11-10 08:03:06+00:00,2025-11-10 08:03:06,,,,,,,,,,19.6612492,4.82499981,953.0,1009.61249,10.0124998,,,11.78,0.0,9.37,,,0.0,,
2025-11-10 08:03:07+00:00,2025-11-10 08:03:07,,,,,,,,,,19.6612492,4.80156231,953.0,1010.26251,10.0874996,,,11.78,0.0,9.37,,,0.0,,
2025-11-10 08:03:08+00:00,2025-11-10 08:03:08,,,,,,,,,,19.6612492,4.80156231,953.0,1010.26251,10.0874996,,,11.78,0.0,9.37,,,0.0,,
2025-11-10 08:03:09+00:00,2025-11-10 08:03:09,,,,,,,,,,19.6612492,4.80156231,954.0,1009.77502,10.0249996,,,11.78,0.0,9.37,,,0.0,,
2025-11-10 08:03:10+00:00,2025-11-10 08:03:10,23.0,23.0,23.0,23.0,23.0,12.022804150764538,100.0,BO_ONLY,"BO 모델 결과만 사용 (1단계 롤백, 2~4단계에서 Hz 변화 없음)",19.6612492,4.72187519,954.0,1009.77502,10.0249996,,,11.78,0.0,9.37,,,0.0,,
2025-11-10 08:03:11+00:00,2025-11-10 08:03:11,,,,,,,,,,19.6612492,4.7203126,953.0,1010.75,9.80000019,,,11.78,0.0,9.25,,,0.0,,
2025-11-10 08:03:12+00:00,2025-11-10 08:03:12,,,,,,,,,,19.6612492,4.7203126,953.0,1010.75,9.80000019,,,11.78,0.0,9.25,,,0.0,,
2025-11-10 08:03:13+00:00,2025-11-10 08:03:13,,,,,,,,,,19.6612492,4.6156249,953.0,1011.88751,10.1000004,,,11.78,0.0,9.25,,,0.0,,
2025-11-10 08:03:14+00:00,2025-11-10 08:03:14,,,,,,,,,,19.6612492,4.6156249,953.0,1011.88751,10.1000004,,,11.78,0.0,9.25,,,0.0,,
2025-11-10 08:03:15+00:00,2025-11-10 08:03:15,18.0,23.0,23.0,18.0,18.0,11.892024408798804,304.0,BO_O2_RULE,"제어매트릭스 규칙 적용: NOX_LOW (3단계 롤백, 4단계에서 Hz 변화 없음)",19.6612492,4.58125019,954.0,1011.5625,12.3374996,,,11.78,0.0,9.25,,,0.0,,
2025-11-10 08:03:16+00:00,2025-11-10 08:03:16,,,,,,,,,,19.6612492,4.58125019,954.0,1011.5625,12.3374996,,,11.78,0.0,9.25,,,0.0,,
2025-11-10 08:03:17+00:00,2025-11-10 08:03:17,,,,,,,,,,19.6612492,4.5703125,953.0,1010.99377,12.3625002,,,11.78,0.0,9.25,,,0.0,,
2025-11-10 08:03:18+00:00,2025-11-10 08:03:18,,,,,,,,,,19.6612492,4.56562519,953.0,1011.15625,12.3249998,,,11.78,0.0,9.25,,,0.0,,
2025-11-10 08:03:19+00:00,2025-11-10 08:03:19,,,,,,,,,,19.6612492,4.56562519,953.0,1011.15625,12.3249998,,,11.78,0.0,9.25,,,0.0,,
2025-11-10 08:03:20+00:00,2025-11-10 08:03:20,23.0,23.0,23.0,23.0,23.0,12.312019472525401,100.0,BO_ONLY,"BO 모델 결과만 사용 (1단계 롤백, 2~4단계에서 Hz 변화 없음)",19.6612492,4.5453124,952.0,1011.15625,11.8625002,,,11.78,0.0,9.25,,,0.0,,
2025-11-10 08:03:21+00:00,2025-11-10 08:03:21,,,,,,,,,,19.6612492,4.5453124,952.0,1011.15625,11.8625002,,,11.78,0.0,11.42,,,0.0,,
2025-11-10 08:03:22+00:00,2025-11-10 08:03:22,,,,,,,,,,19.6612492,4.6156249,952.0,1011.72498,11.8999996,,,11.78,0.0,11.42,,,0.0,,
2025-11-10 08:03:23+00:00,2025-11-10 08:03:23,,,,,,,,,,19.6612492,4.6109376,952.0,1010.99377,11.6999998,,,11.78,0.0,11.42,,,0.0,,
2025-11-10 08:03:24+00:00,2025-11-10 08:03:24,,,,,,,,,,19.6612492,4.6109376,952.0,1010.99377,11.6999998,,,11.78,0.0,11.42,,,0.0,,
2025-11-10 08:03:25+00:00,2025-11-10 08:03:25,23.0,23.0,23.0,23.0,23.0,12.656088053826645,100.0,BO_ONLY,"BO 모델 결과만 사용 (1단계 롤백, 2~4단계에서 Hz 변화 없음)",19.6612492,4.6484375,952.0,1010.99377,11.5500002,,,11.78,0.0,11.42,,,0.0,,
2025-11-10 08:03:26+00:00,2025-11-10 08:03:26,,,,,,,,,,19.6612492,4.64531231,951.0,1011.07501,11.6125002,,,11.78,0.0,11.42,,,0.0,,
2025-11-10 08:03:27+00:00,2025-11-10 08:03:27,,,,,,,,,,19.6612492,4.64531231,951.0,1011.07501,11.6125002,,,11.78,0.0,11.42,,,0.0,,
2025-11-10 08:03:28+00:00,2025-11-10 08:03:28,,,,,,,,,,19.6612492,4.6484375,952.0,1012.70001,11.6125002,,,11.78,0.0,11.42,,,0.0,,
2025-11-10 08:03:29+00:00,2025-11-10 08:03:29,,,,,,,,,,19.6612492,4.6484375,952.0,1012.70001,11.8625002,,,11.78,0.0,11.42,,,0.0,,
2025-11-10 08:03:30+00:00,2025-11-10 08:03:30,23.0,23.0,23.0,23.0,23.0,12.258209751136658,100.0,BO_ONLY,"BO 모델 결과만 사용 (1단계 롤백, 2~4단계에서 Hz 변화 없음)",19.6612492,4.67500019,951.0,1013.59375,11.9375,,,11.78,0.0,11.42,,,0.0,,
2025-11-10 08:03:31+00:00,2025-11-10 08:03:31,,,,,,,,,,19.6612492,4.67500019,951.0,1013.59375,11.9375,,,11.78,0.0,11.14,,,0.0,,
2025-11-10 08:03:32+00:00,2025-11-10 08:03:32,,,,,,,,,,19.6612492,4.66718769,953.0,1013.51251,11.9375,,,11.78,0.0,11.14,,,0.0,,
2025-11-10 08:03:33+00:00,2025-11-10 08:03:33,,,,,,,,,,19.6612492,4.66718769,953.0,1013.51251,11.8249998,,,11.78,0.0,11.14,,,0.0,,
2025-11-10 08:03:34+00:00,2025-11-10 08:03:34,,,,,,,,,,19.6612492,4.70781231,952.0,1012.86249,11.7624998,,,11.78,0.0,11.14,,,0.0,,
2025-11-10 08:03:35+00:00,2025-11-10 08:03:35,23.0,23.0,23.0,23.0,23.0,12.575553226578101,100.0,BO_ONLY,"BO 모델 결과만 사용 (1단계 롤백, 2~4단계에서 Hz 변화 없음)",19.6612492,4.70781231,952.0,1012.86249,11.7624998,,,11.78,0.0,11.14,,,0.0,,
2025-11-10 08:03:36+00:00,2025-11-10 08:03:36,,,,,,,,,,19.6612492,4.73750019,952.0,1012.70001,11.9375,,,11.78,0.0,11.14,,,0.0,,
2025-11-10 08:03:37+00:00,2025-11-10 08:03:37,,,,,,,,,,19.6612492,4.73750019,952.0,1012.70001,11.9375,,,11.78,0.0,11.14,,,0.0,,
2025-11-10 08:03:38+00:00,2025-11-10 08:03:38,,,,,,,,,,19.6612492,4.73906231,952.0,1014.97498,11.9375,,,11.78,0.0,11.14,,,0.0,,
2025-11-10 08:03:39+00:00,2025-11-10 08:03:39,,,,,,,,,,19.6612492,4.73906231,952.0,1014.97498,15.9375,,,11.78,0.0,11.14,,,0.0,,
2025-11-10 08:03:40+00:00,2025-11-10 08:03:40,23.0,23.0,23.0,23.0,23.0,12.15453514750376,100.0,BO_ONLY,"BO 모델 결과만 사용 (1단계 롤백, 2~4단계에서 Hz 변화 없음)",19.6612492,4.76249981,950.0,1015.05627,16.2250004,,,11.78,0.0,11.14,,,0.0,,
2025-11-10 08:03:41+00:00,2025-11-10 08:03:41,,,,,,,,,,19.6612492,4.76249981,950.0,1015.05627,16.2250004,,,11.78,0.0,11.1,,,0.0,,
2025-11-10 08:03:42+00:00,2025-11-10 08:03:42,,,,,,,,,,19.6612492,4.76249981,950.0,1014.24377,16.25,,,11.78,0.0,11.1,,,0.0,,
2025-11-10 08:03:43+00:00,2025-11-10 08:03:43,,,,,,,,,,19.6612492,4.76249981,950.0,1014.24377,16.25,,,11.78,0.0,11.1,,,0.0,,
2025-11-10 08:03:44+00:00,2025-11-10 08:03:44,,,,,,,,,,19.6612492,4.7046876,950.0,1013.83752,16.0874996,,,11.78,0.0,11.1,,,0.0,,
2025-11-10 08:03:45+00:00,2025-11-10 08:03:45,24.0,24.0,24.0,24.0,24.0,14.914323004223474,100.0,BO_ONLY,"BO 모델 결과만 사용 (1단계 롤백, 2~4단계에서 Hz 변화 없음)",19.6612492,4.7046876,950.0,1013.83752,16.0874996,,,11.78,0.0,11.1,,,0.0,,
2025-11-10 08:03:46+00:00,2025-11-10 08:03:46,,,,,,,,,,19.6612492,4.73750019,951.0,1015.05627,16.2124996,,,11.78,0.0,11.1,,,0.0,,
2025-11-10 08:03:47+00:00,2025-11-10 08:03:47,,,,,,,,,,19.6612492,4.6890626,950.0,1014.24377,16.0750008,,,11.78,0.0,11.1,,,0.0,,
2025-11-10 08:03:48+00:00,2025-11-10 08:03:48,,,,,,,,,,19.6612492,4.6890626,950.0,1014.24377,16.0750008,,,11.78,0.0,11.1,,,0.0,,
2025-11-10 08:03:50+00:00,2025-11-10 08:03:50,24.0,24.0,24.0,24.0,24.0,15.042356424582609,100.0,BO_ONLY,"BO 모델 결과만 사용 (1단계 롤백, 2~4단계에서 Hz 변화 없음)",19.6612492,4.70781231,950.0,1014.97498,15.9875002,,,11.78,0.0,11.1,,,0.0,,
2025-11-10 08:03:51+00:00,2025-11-10 08:03:51,,,,,,,,,,19.6612492,4.7125001,950.0,1015.13751,16.0125008,,,11.78,0.0,15.56,,,0.0,,
2025-11-10 08:03:52+00:00,2025-11-10 08:03:52,,,,,,,,,,19.6612492,4.7125001,950.0,1015.13751,16.0125008,,,11.78,0.0,15.56,,,0.0,,
2025-11-10 08:03:53+00:00,2025-11-10 08:03:53,,,,,,,,,,19.6612492,4.7249999,950.0,1014.97498,15.7875004,,,11.78,0.0,15.56,,,0.0,,
2025-11-10 08:03:54+00:00,2025-11-10 08:03:54,,,,,,,,,,19.6612492,4.7249999,950.0,1014.97498,15.7875004,,,11.78,0.0,15.56,,,0.0,,
2025-11-10 08:03:55+00:00,2025-11-10 08:03:55,24.0,24.0,24.0,24.0,24.0,14.816598418655916,100.0,BO_ONLY,"BO 모델 결과만 사용 (1단계 롤백, 2~4단계에서 Hz 변화 없음)",19.6612492,4.73750019,950.0,1014.0,15.6875,,,11.78,0.0,15.56,,,0.0,,
2025-11-10 08:03:56+00:00,2025-11-10 08:03:56,,,,,,,,,,19.6612492,4.73750019,950.0,1014.0,15.6875,,,11.78,0.0,15.56,,,0.0,,
2025-11-10 08:03:57+00:00,2025-11-10 08:03:57,,,,,,,,,,19.6612492,4.828125,951.0,1014.0,16.1375008,,,11.78,0.0,15.56,,,0.0,,
2025-11-10 08:03:58+00:00,2025-11-10 08:03:58,,,,,,,,,,19.6612492,4.828125,951.0,1014.24377,16.1375008,,,11.78,0.0,15.56,,,0.0,,
2025-11-10 08:03:59+00:00,2025-11-10 08:03:59,,,,,,,,,,19.6612492,4.83281231,951.0,1014.24377,16.7374992,,,11.78,0.0,15.56,,,0.0,,
2025-11-10 08:04:00+00:00,2025-11-10 08:04:00,24.0,24.0,24.0,24.0,24.0,15.050043210695998,100.0,BO_ONLY,"BO 모델 결과만 사용 (1단계 롤백, 2~4단계에서 Hz 변화 없음)",19.6612492,4.83281231,951.0,1014.65002,16.7374992,,3.0,11.78,0.0,15.56,,,0.0,,
2025-11-10 08:04:01+00:00,2025-11-10 08:04:01,,,,,,,,,,19.6612492,4.8359375,951.0,1014.89374,17.0,,,11.78,0.0,15.2,,,0.0,,
2025-11-10 08:04:02+00:00,2025-11-10 08:04:02,,,,,,,,,,19.6612492,4.8359375,951.0,1014.89374,17.0,,,11.78,0.0,15.2,,,0.0,,
2025-11-10 08:04:03+00:00,2025-11-10 08:04:03,,,,,,,,,,19.6612492,4.82343769,950.0,1014.48749,17.1749992,,,11.78,0.0,15.2,,,0.0,,
2025-11-10 08:04:04+00:00,2025-11-10 08:04:04,,,,,,,,,,19.6612492,4.8187499,951.0,1015.21875,17.0375004,,,11.78,0.0,15.2,,,0.0,,
2025-11-10 08:04:05+00:00,2025-11-10 08:04:05,24.0,24.0,24.0,24.0,24.0,14.982727718274036,100.0,BO_ONLY,"BO 모델 결과만 사용 (1단계 롤백, 2~4단계에서 Hz 변화 없음)",19.6612492,4.76875019,950.0,1014.08124,16.9500008,,,11.78,0.0,15.2,,,0.0,,
2025-11-10 08:04:06+00:00,2025-11-10 08:04:06,,,,,,,,,,19.6612492,4.76875019,950.0,1014.08124,16.9500008,,,11.78,0.0,15.2,,,0.0,,
2025-11-10 08:04:07+00:00,2025-11-10 08:04:07,,,,,,,,,,19.6612492,4.7562499,951.0,1014.97498,16.8624992,,,11.78,0.0,15.2,,,0.0,,
2025-11-10 08:04:08+00:00,2025-11-10 08:04:08,,,,,,,,,,19.6612492,4.7562499,951.0,1014.97498,16.8624992,,,11.78,0.0,15.2,,,0.0,,
2025-11-10 08:04:09+00:00,2025-11-10 08:04:09,,,,,,,,,,19.6612492,4.82343769,950.0,1014.8125,16.8500004,,,11.78,0.0,15.2,,,0.0,,
2025-11-10 08:04:10+00:00,2025-11-10 08:04:10,24.0,24.0,24.0,24.0,24.0,15.16800993457657,100.0,BO_ONLY,"BO 모델 결과만 사용 (1단계 롤백, 2~4단계에서 Hz 변화 없음)",19.6612492,4.82343769,950.0,1014.8125,16.8500004,,,11.78,0.0,15.2,,,0.0,,
2025-11-10 08:04:11+00:00,2025-11-10 08:04:11,,,,,,,,,,19.6612492,4.8187499,950.0,1014.97498,16.875,,,11.78,0.0,16.02,,,0.0,,
2025-11-10 08:04:12+00:00,2025-11-10 08:04:12,,,,,,,,,,19.6612492,4.8187499,950.0,1014.97498,16.875,,,11.78,0.0,16.02,,,0.0,,
2025-11-10 08:04:13+00:00,2025-11-10 08:04:13,,,,,,,,,,19.6612492,4.82343769,951.0,1014.97498,16.7999992,,,11.78,0.0,16.02,,,0.0,,
2025-11-10 08:04:14+00:00,2025-11-10 08:04:14,,,,,,,,,,19.6612492,4.82343769,951.0,1014.65002,16.7999992,,,11.78,0.0,16.02,,,0.0,,
2025-11-10 08:04:15+00:00,2025-11-10 08:04:15,24.0,24.0,24.0,24.0,24.0,14.818957159421029,100.0,BO_ONLY,"BO 모델 결과만 사용 (1단계 롤백, 2~4단계에서 Hz 변화 없음)",19.6612492,4.8046875,951.0,1015.78748,16.9874992,,,11.78,0.0,16.02,,,0.0,,
2025-11-10 08:04:16+00:00,2025-11-10 08:04:16,,,,,,,,,,19.6612492,4.8046875,951.0,1015.78748,16.9874992,,,11.78,0.0,16.02,,,0.0,,
2025-11-10 08:04:17+00:00,2025-11-10 08:04:17,,,,,,,,,,19.6612492,4.7953124,950.0,1015.95001,17.2250004,,,11.78,0.0,16.02,,,0.0,,
2025-11-10 08:04:18+00:00,2025-11-10 08:04:18,,,,,,,,,,19.6612492,4.7953124,950.0,1015.95001,17.2250004,,,11.78,0.0,16.02,,,0.0,,
2025-11-10 08:04:19+00:00,2025-11-10 08:04:19,,,,,,,,,,19.6612492,4.80000019,950.0,1015.95001,17.4500008,,,11.78,0.0,16.02,,,0.0,,
2025-11-10 08:04:20+00:00,2025-11-10 08:04:20,24.0,24.0,24.0,24.0,24.0,15.114018325241958,100.0,BO_ONLY,"BO 모델 결과만 사용 (1단계 롤백, 2~4단계에서 Hz 변화 없음)",19.6612492,4.8062501,951.0,1016.4375,17.3999996,,,11.78,0.0,16.02,,,0.0,,
2025-11-10 08:04:21+00:00,2025-11-10 08:04:21,,,,,,,,,,19.6612492,4.8062501,951.0,1016.4375,17.3999996,,,11.78,0.0,16.04,,,0.0,,
2025-11-10 08:04:22+00:00,2025-11-10 08:04:22,,,,,,,,,,19.6612492,4.828125,951.0,1016.03125,17.2749996,,,11.78,0.0,16.04,,,0.0,,
2025-11-10 08:04:23+00:00,2025-11-10 08:04:23,,,,,,,,,,19.6612492,4.7828126,951.0,1016.4375,17.2000008,,,11.78,0.0,16.04,,,0.0,,
2025-11-10 08:04:24+00:00,2025-11-10 08:04:24,,,,,,,,,,19.6612492,4.7828126,951.0,1016.4375,17.2000008,,,11.78,0.0,16.04,,,0.0,,
2025-11-10 08:04:25+00:00,2025-11-10 08:04:25,24.0,24.0,24.0,24.0,24.0,15.61284434771821,100.0,BO_ONLY,"BO 모델 결과만 사용 (1단계 롤백, 2~4단계에서 Hz 변화 없음)",19.6612492,4.8296876,950.0,1016.4375,17.3999996,,,11.78,0.0,16.04,,,0.0,,
2025-11-10 08:04:26+00:00,2025-11-10 08:04:26,,,,,,,,,,19.6612492,4.8296876,950.0,1015.70624,17.3999996,,,11.78,0.0,16.04,,,0.0,,
2025-11-10 08:04:27+00:00,2025-11-10 08:04:27,,,,,,,,,,19.6612492,4.80156231,951.0,1015.70624,17.4500008,,,11.78,0.0,16.04,,,0.0,,
2025-11-10 08:04:28+00:00,2025-11-10 08:04:28,,,,,,,,,,19.6612492,4.80156231,951.0,1015.78748,17.4500008,,,11.78,0.0,16.04,,,0.0,,
2025-11-10 08:04:29+00:00,2025-11-10 08:04:29,,,,,,,,,,19.6612492,4.83281231,951.0,1015.54376,17.4375,,,11.78,0.0,16.04,,,0.0,,
2025-11-10 08:04:30+00:00,2025-11-10 08:04:30,24.0,24.0,24.0,24.0,24.0,15.553736826077223,100.0,BO_ONLY,"BO 모델 결과만 사용 (1단계 롤백, 2~4단계에서 Hz 변화 없음)",19.6612492,4.83281231,951.0,1015.54376,17.4375,,,11.78,0.0,16.04,,,0.0,,
2025-11-10 08:04:31+00:00,2025-11-10 08:04:31,,,,,,,,,,19.6612492,4.7421875,951.0,1016.68127,17.4249992,,,11.78,0.0,16.64,,,0.0,,
2025-11-10 08:04:32+00:00,2025-11-10 08:04:32,,,,,,,,,,19.6612492,4.7890625,951.0,1016.76251,17.4249992,,,11.78,0.0,16.64,,,0.0,,
2025-11-10 08:04:33+00:00,2025-11-10 08:04:33,,,,,,,,,,19.6612492,4.8421874,951.0,1016.4375,17.0,,,11.78,0.0,16.64,,,0.0,,
2025-11-10 08:04:34+00:00,2025-11-10 08:04:34,,,,,,,,,,19.6612492,4.8421874,951.0,1016.4375,17.0,,,11.78,0.0,16.64,,,0.0,,
2025-11-10 08:04:35+00:00,2025-11-10 08:04:35,24.0,24.0,24.0,24.0,24.0,15.453885710560456,100.0,BO_ONLY,"BO 모델 결과만 사용 (1단계 롤백, 2~4단계에서 Hz 변화 없음)",19.6612492,4.8453126,950.0,1015.54376,16.9750004,,,11.78,0.0,16.64,,,0.0,,
2025-11-10 08:04:36+00:00,2025-11-10 08:04:36,,,,,,,,,,19.6612492,4.8453126,950.0,1015.54376,16.9750004,,,11.78,0.0,16.64,,,0.0,,
2025-11-10 08:04:37+00:00,2025-11-10 08:04:37,,,,,,,,,,19.6612492,4.76875019,949.0,1016.76251,17.0874996,,,11.78,0.0,16.64,,,0.0,,
2025-11-10 08:04:38+00:00,2025-11-10 08:04:38,,,,,,,,,,19.6612492,4.7984376,949.0,1015.95001,17.2749996,,,11.78,0.0,16.64,,,0.0,,
2025-11-10 08:04:39+00:00,2025-11-10 08:04:39,,,,,,,,,,19.6612492,4.8656249,949.0,1015.95001,16.9500008,,,11.78,0.0,16.64,,,0.0,,
2025-11-10 08:04:40+00:00,2025-11-10 08:04:40,24.0,24.0,24.0,24.0,24.0,15.385274476217912,100.0,BO_ONLY,"BO 모델 결과만 사용 (1단계 롤백, 2~4단계에서 Hz 변화 없음)",19.6612492,4.8656249,949.0,1016.76251,16.9500008,,,11.78,0.0,16.64,,,0.0,,
2025-11-10 08:04:41+00:00,2025-11-10 08:04:41,,,,,,,,,,19.6612492,4.8109374,949.0,1015.95001,16.9750004,,,11.78,0.0,16.61,,,0.0,,
2025-11-10 08:04:42+00:00,2025-11-10 08:04:42,,,,,,,,,,19.6612492,4.88593769,948.0,1015.95001,16.5499992,,,11.78,0.0,16.61,,,0.0,,
2025-11-10 08:04:43+00:00,2025-11-10 08:04:43,,,,,,,,,,19.6612492,4.8828125,948.0,1016.76251,16.6875,,,11.78,0.0,16.61,,,0.0,,
2025-11-10 08:04:44+00:00,2025-11-10 08:04:44,,,,,,,,,,19.6612492,4.8828125,948.0,1016.76251,16.6875,,,11.78,0.0,16.61,,,0.0,,
2025-11-10 08:04:45+00:00,2025-11-10 08:04:45,24.0,24.0,24.0,24.0,24.0,15.420180155309312,100.0,BO_ONLY,"BO 모델 결과만 사용 (1단계 롤백, 2~4단계에서 Hz 변화 없음)",19.6612492,4.8296876,950.0,1016.59998,16.8875008,,,11.78,0.0,16.61,,,0.0,,
2025-11-10 08:04:46+00:00,2025-11-10 08:04:46,,,,,,,,,,19.6612492,4.8296876,950.0,1016.59998,16.8875008,,,11.78,0.0,16.61,,,0.0,,
2025-11-10 08:04:47+00:00,2025-11-10 08:04:47,,,,,,,,,,19.6612492,4.9375,950.0,1015.78748,16.6375008,,,11.78,0.0,16.61,,,0.0,,
2025-11-10 08:04:48+00:00,2025-11-10 08:04:48,,,,,,,,,,19.6612492,4.9375,950.0,1016.4375,17.0625,,,11.78,0.0,16.61,,,0.0,,
2025-11-10 08:04:49+00:00,2025-11-10 08:04:49,,,,,,,,,,19.6612492,4.92500019,950.0,1016.4375,17.0625,,,11.78,0.0,16.61,,,0.0,,
2025-11-10 08:04:50+00:00,2025-11-10 08:04:50,24.0,24.0,24.0,24.0,24.0,15.515996570988296,100.0,BO_ONLY,"BO 모델 결과만 사용 (1단계 롤백, 2~4단계에서 Hz 변화 없음)",19.6612492,4.92500019,950.0,1016.4375,16.875,,,11.78,0.0,16.61,,,0.0,,
2025-11-10 08:04:51+00:00,2025-11-10 08:04:51,,,,,,,,,,19.6612492,4.9515624,949.0,1016.4375,16.875,,,11.78,0.0,16.17,,,0.0,,
2025-11-10 08:04:52+00:00,2025-11-10 08:04:52,,,,,,,,,,19.6612492,4.9515624,949.0,1016.4375,16.875,,,11.78,0.0,16.17,,,0.0,,
2025-11-10 08:04:53+00:00,2025-11-10 08:04:53,,,,,,,,,,19.6612492,4.9906249,949.0,1015.95001,17.0375004,,,11.78,0.0,16.17,,,0.0,,
2025-11-10 08:04:54+00:00,2025-11-10 08:04:54,,,,,,,,,,19.6612492,4.9906249,949.0,1015.95001,17.0375004,,,11.78,0.0,16.17,,,0.0,,
2025-11-10 08:04:55+00:00,2025-11-10 08:04:55,24.6612492,25.0,25.0,25.0,25.0,15.39206549796852,100.0,BO_ONLY,"BO 모델 결과만 사용 (1단계 롤백, 2~4단계에서 Hz 변화 없음)",19.6612492,4.9906249,948.0,1017.16876,16.6124992,,,11.78,0.0,16.17,,,0.0,,
2025-11-10 08:04:56+00:00,2025-11-10 08:04:56,,,,,,,,,,19.6612492,4.9781251,948.0,1017.16876,16.6124992,,,11.78,0.0,16.17,,,0.0,,
2025-11-10 08:04:57+00:00,2025-11-10 08:04:57,,,,,,,,,,19.6612492,4.9781251,948.0,1017.16876,16.8374996,,,11.78,0.0,16.17,,,0.0,,
2025-11-10 08:04:58+00:00,2025-11-10 08:04:58,,,,,,,,,,19.6612492,4.9921875,949.0,1018.14374,17.1875,,,11.78,0.0,16.17,,,0.0,,
2025-11-10 08:04:59+00:00,2025-11-10 08:04:59,,,,,,,,,,19.6612492,4.9921875,949.0,1018.14374,17.1875,,,11.78,0.0,16.17,,,0.0,,
2025-11-10 08:05:00+00:00,2025-11-10 08:05:00,24.6612492,25.0,25.0,25.0,25.0,15.395744022609968,100.0,BO_ONLY,"BO 모델 결과만 사용 (1단계 롤백, 2~4단계에서 Hz 변화 없음)",19.6612492,5.1312499,948.0,1018.30627,15.9125004,,3.0,11.78,0.0,16.17,,,0.0,,
2025-11-10 08:05:01+00:00,2025-11-10 08:05:01,,,,,,,,,,19.6612492,5.1312499,948.0,1018.30627,15.9125004,,,11.78,0.0,16.32,,,0.0,,
2025-11-10 08:05:02+00:00,2025-11-10 08:05:02,,,,,,,,,,19.6612492,5.1781249,948.0,1017.33124,16.125,,,11.78,0.0,16.32,,,0.0,,
2025-11-10 08:05:03+00:00,2025-11-10 08:05:03,,,,,,,,,,19.6612492,5.1781249,948.0,1017.33124,16.125,,,11.78,0.0,16.32,,,0.0,,
2025-11-10 08:05:04+00:00,2025-11-10 08:05:04,,,,,,,,,,19.6612492,5.23124981,948.0,1017.41248,16.1749992,,,11.78,0.0,16.32,,,0.0,,
2025-11-10 08:05:05+00:00,2025-11-10 08:05:05,24.6612492,25.0,25.0,25.0,25.0,14.775602222690848,100.0,BO_ONLY,"BO 모델 결과만 사용 (1단계 롤백, 2~4단계에서 Hz 변화 없음)",19.6612492,5.23124981,948.0,1017.41248,16.1749992,,,11.78,0.0,16.32,,,0.0,,
2025-11-10 08:05:06+00:00,2025-11-10 08:05:06,,,,,,,,,,19.6612492,5.28437519,949.0,1015.78748,16.1375008,,,11.78,0.0,16.32,,,0.0,,
2025-11-10 08:05:07+00:00,2025-11-10 08:05:07,,,,,,,,,,19.6612492,5.2281251,949.0,1015.625,16.2374992,,,11.78,0.0,16.32,,,0.0,,
2025-11-10 08:05:08+00:00,2025-11-10 08:05:08,,,,,,,,,,19.6612492,5.2281251,949.0,1015.625,16.2374992,,,11.78,0.0,16.32,,,0.0,,
2025-11-10 08:05:09+00:00,2025-11-10 08:05:09,,,,,,,,,,19.6612492,5.3812499,949.0,1015.78748,15.9624996,,,11.78,0.0,16.32,,,0.0,,
2025-11-10 08:05:10+00:00,2025-11-10 08:05:10,24.6612492,25.0,25.0,25.0,25.0,15.131792131203767,100.0,BO_ONLY,"BO 모델 결과만 사용 (1단계 롤백, 2~4단계에서 Hz 변화 없음)",19.6612492,5.40156269,949.0,1016.4375,16.5,,,11.78,0.0,16.32,,,0.0,,
2025-11-10 08:05:11+00:00,2025-11-10 08:05:11,,,,,,,,,,19.6612492,5.40156269,949.0,1016.4375,16.5,,,11.78,0.0,15.58,,,0.0,,
2025-11-10 08:05:12+00:00,2025-11-10 08:05:12,,,,,,,,,,19.6612492,5.4828124,949.0,1015.95001,15.9499998,,,11.78,0.0,15.58,,,0.0,,
2025-11-10 08:05:13+00:00,2025-11-10 08:05:13,,,,,,,,,,19.6612492,5.4828124,949.0,1015.95001,15.9499998,,,11.78,0.0,15.58,,,0.0,,
2025-11-10 08:05:14+00:00,2025-11-10 08:05:14,,,,,,,,,,19.6612492,5.53593731,948.0,1016.59998,16.2124996,,,11.78,0.0,15.58,,,0.0,,
2025-11-10 08:05:15+00:00,2025-11-10 08:05:15,24.6612492,26.0,26.0,26.0,26.0,15.236998849482466,100.0,BO_ONLY,"BO 모델 결과만 사용 (1단계 롤백, 2~4단계에서 Hz 변화 없음)",19.6612492,5.60624981,947.0,1015.78748,16.3374996,,,11.78,0.0,15.58,,,0.0,,
2025-11-10 08:05:16+00:00,2025-11-10 08:05:16,,,,,,,,,,19.6612492,5.60624981,947.0,1015.78748,16.3374996,,,11.78,0.0,15.58,,,0.0,,
2025-11-10 08:05:17+00:00,2025-11-10 08:05:17,,,,,,,,,,19.6612492,5.6890626,947.0,1016.59998,16.2250004,,,11.78,0.0,15.58,,,0.0,,
2025-11-10 08:05:18+00:00,2025-11-10 08:05:18,,,,,,,,,,19.6612492,5.6890626,947.0,1016.59998,16.2250004,,,11.78,0.0,15.58,,,0.0,,
2025-11-10 08:05:19+00:00,2025-11-10 08:05:19,,,,,,,,,,19.6612492,5.7015624,947.0,1015.95001,15.8374996,,,11.78,0.0,15.58,,,0.0,,
2025-11-10 08:05:20+00:00,2025-11-10 08:05:20,24.6612492,26.0,26.0,26.0,26.0,15.285677812169427,100.0,BO_ONLY,"BO 모델 결과만 사용 (1단계 롤백, 2~4단계에서 Hz 변화 없음)",19.6612492,5.7015624,947.0,1015.95001,15.8374996,,,11.78,0.0,15.58,,,0.0,,
2025-11-10 08:05:21+00:00,2025-11-10 08:05:21,,,,,,,,,,19.6612492,5.80781269,947.0,1015.95001,15.8874998,,,11.78,0.0,15.57,,,0.0,,
2025-11-10 08:05:22+00:00,2025-11-10 08:05:22,,,,,,,,,,19.6612492,5.83906269,947.0,1014.08124,16.0874996,,,11.78,0.0,15.57,,,0.0,,
2025-11-10 08:05:23+00:00,2025-11-10 08:05:23,,,,,,,,,,19.6612492,5.8812499,947.0,1014.24377,16.0499992,,,11.78,0.0,15.57,,,0.0,,
2025-11-10 08:05:24+00:00,2025-11-10 08:05:24,,,,,,,,,,19.6612492,5.8812499,947.0,1014.24377,16.0499992,,,11.78,0.0,15.57,,,0.0,,
2025-11-10 08:05:25+00:00,2025-11-10 08:05:25,24.6612492,26.0,26.0,26.0,26.0,14.958560382479865,100.0,BO_ONLY,"BO 모델 결과만 사용 (1단계 롤백, 2~4단계에서 Hz 변화 없음)",19.6612492,5.9546876,947.0,1014.89374,16.0125008,,,11.78,0.0,15.57,,,0.0,,
2025-11-10 08:05:26+00:00,2025-11-10 08:05:26,,,,,,,,,,19.6612492,6.06562519,947.0,1014.16248,16.1124992,,,11.78,0.0,15.57,,,0.0,,
2025-11-10 08:05:27+00:00,2025-11-10 08:05:27,,,,,,,,,,19.6612492,6.06562519,947.0,1014.16248,16.1124992,,,11.78,0.0,15.57,,,0.0,,
2025-11-10 08:05:28+00:00,2025-11-10 08:05:28,,,,,,,,,,19.6612492,6.1156249,947.0,1014.0,16.2374992,,,11.78,0.0,15.57,,,0.0,,
2025-11-10 08:05:29+00:00,2025-11-10 08:05:29,,,,,,,,,,19.6612492,6.125,947.0,1014.56873,16.1875,,,11.78,0.0,15.57,,,0.0,,
2025-11-10 08:05:30+00:00,2025-11-10 08:05:30,24.6612492,26.0,26.0,26.0,26.0,15.052842204724888,100.0,BO_ONLY,"BO 모델 결과만 사용 (1단계 롤백, 2~4단계에서 Hz 변화 없음)",19.6612492,6.125,947.0,1014.56873,16.1875,,,11.78,0.0,15.57,,,0.0,,
2025-11-10 08:05:32+00:00,2025-11-10 08:05:32,,,,,,,,,,19.6612492,6.29218769,946.0,1014.56873,16.3125,,,11.78,0.0,15.48,,,0.0,,
2025-11-10 08:05:33+00:00,2025-11-10 08:05:33,,,,,,,,,,19.6612492,6.30937481,945.0,1014.65002,16.375,,,11.78,0.0,15.48,,,0.0,,
2025-11-10 08:05:34+00:00,2025-11-10 08:05:34,,,,,,,,,,19.6612492,6.390625,945.0,1014.8125,16.4624996,,,11.78,0.0,15.48,,,0.0,,
2025-11-10 08:05:35+00:00,2025-11-10 08:05:35,24.6612492,26.0,26.0,26.0,26.0,15.381505118832672,100.0,BO_ONLY,"BO 모델 결과만 사용 (1단계 롤백, 2~4단계에서 Hz 변화 없음)",19.6612492,6.390625,945.0,1014.8125,16.4624996,,,11.78,0.0,15.48,,,0.0,,
2025-11-10 08:05:36+00:00,2025-11-10 08:05:36,,,,,,,,,,19.6612492,6.4312501,946.0,1015.13751,16.25,,,11.78,0.0,15.48,,,0.0,,
2025-11-10 08:05:37+00:00,2025-11-10 08:05:37,,,,,,,,,,19.6612492,6.46562481,945.0,1014.8125,16.0125008,,,11.78,0.0,15.48,,,0.0,,
2025-11-10 08:05:38+00:00,2025-11-10 08:05:38,,,,,,,,,,19.6612492,6.46562481,945.0,1014.8125,16.0125008,,,11.78,0.0,15.48,,,0.0,,
2025-11-10 08:05:39+00:00,2025-11-10 08:05:39,,,,,,,,,,19.6612492,6.52656269,946.0,1013.91876,15.7875004,,,11.78,0.0,15.48,,,0.0,,
2025-11-10 08:05:40+00:00,2025-11-10 08:05:40,24.6612492,25.0,25.0,25.0,25.0,15.454199813035718,100.0,BO_ONLY,"BO 모델 결과만 사용 (1단계 롤백, 2~4단계에서 Hz 변화 없음)",19.6612492,6.52656269,946.0,1013.91876,15.7875004,,,11.78,0.0,15.48,,,0.0,,
2025-11-10 08:05:41+00:00,2025-11-10 08:05:41,,,,,,,,,,19.6612492,6.6421876,944.0,1014.65002,16.25,,,11.78,0.0,15.42,,,0.0,,
2025-11-10 08:05:42+00:00,2025-11-10 08:05:42,,,,,,,,,,19.6612492,6.7734375,945.0,1014.48749,15.8625002,,,11.78,0.0,15.42,,,0.0,,
2025-11-10 08:05:43+00:00,2025-11-10 08:05:43,,,,,,,,,,19.6612492,6.7734375,945.0,1014.48749,15.8625002,,,11.78,0.0,15.42,,,0.0,,
2025-11-10 08:05:44+00:00,2025-11-10 08:05:44,,,,,,,,,,19.6612492,6.8359375,944.0,1012.61877,13.3374996,,,11.78,0.0,15.42,,,0.0,,
2025-11-10 08:05:45+00:00,2025-11-10 08:05:45,24.0,24.0,24.0,24.0,24.0,15.380608966332812,100.0,BO_ONLY,"BO 모델 결과만 사용 (1단계 롤백, 2~4단계에서 Hz 변화 없음)",19.6612492,6.8359375,944.0,1012.61877,13.3374996,,,11.78,0.0,15.42,,,0.0,,
2025-11-10 08:05:46+00:00,2025-11-10 08:05:46,,,,,,,,,,19.6612492,6.9390626,945.0,1013.59375,13.5749998,,,11.78,0.0,15.42,,,0.0,,
2025-11-10 08:05:47+00:00,2025-11-10 08:05:47,,,,,,,,,,19.6612492,6.9000001,944.0,1013.02502,13.4499998,,,11.78,0.0,15.42,,,0.0,,
2025-11-10 08:05:48+00:00,2025-11-10 08:05:48,,,,,,,,,,19.6612492,6.9000001,944.0,1013.02502,13.4499998,,,11.78,0.0,15.42,,,0.0,,
2025-11-10 08:05:49+00:00,2025-11-10 08:05:49,,,,,,,,,,19.6612492,7.0250001,944.0,1012.13123,13.3999996,,,11.78,0.0,15.42,,,0.0,,
2025-11-10 08:05:50+00:00,2025-11-10 08:05:50,24.0,24.0,24.0,24.0,24.0,12.985405275063922,100.0,BO_ONLY,"BO 모델 결과만 사용 (1단계 롤백, 2~4단계에서 Hz 변화 없음)",19.6612492,7.0250001,944.0,1012.13123,13.3999996,,,11.78,0.0,15.42,,,0.0,,
2025-11-10 08:05:51+00:00,2025-11-10 08:05:51,,,,,,,,,,19.6612492,7.1703124,943.0,1011.80627,13.2250004,,,11.78,0.0,12.64,,,0.0,,
2025-11-10 08:05:52+00:00,2025-11-10 08:05:52,,,,,,,,,,19.6612492,7.2828126,944.0,1011.96875,13.5124998,,,11.78,0.0,12.64,,,0.0,,
2025-11-10 08:05:53+00:00,2025-11-10 08:05:53,,,,,,,,,,19.6612492,7.3062501,944.0,1010.91248,13.2375002,,,11.78,0.0,12.64,,,0.0,,
2025-11-10 08:05:54+00:00,2025-11-10 08:05:54,,,,,,,,,,19.6612492,7.3062501,944.0,1010.91248,13.2375002,,,11.78,0.0,12.64,,,0.0,,
2025-11-10 08:05:55+00:00,2025-11-10 08:05:55,24.0,24.0,24.0,24.0,24.0,13.06427145162344,100.0,BO_ONLY,"BO 모델 결과만 사용 (1단계 롤백, 2~4단계에서 Hz 변화 없음)",19.6612492,7.43281269,944.0,1011.15625,13.2875004,,,11.78,0.0,12.64,,,0.0,,
2025-11-10 08:05:56+00:00,2025-11-10 08:05:56,,,,,,,,,,19.6612492,7.4937501,945.0,1011.23749,13.6750002,,,11.78,0.0,12.64,,,0.0,,
2025-11-10 08:05:57+00:00,2025-11-10 08:05:57,,,,,,,,,,19.6612492,7.4937501,945.0,1011.23749,13.6750002,,,11.78,0.0,12.64,,,0.0,,
2025-11-10 08:05:58+00:00,2025-11-10 08:05:58,,,,,,,,,,19.6612492,7.609375,945.0,1009.77502,13.125,,,11.78,0.0,12.64,,,0.0,,
2025-11-10 08:05:59+00:00,2025-11-10 08:05:59,,,,,,,,,,19.6612492,7.64531231,944.0,1009.9375,13.5249996,,,11.78,0.0,12.64,,,0.0,,
2025-11-10 08:06:00+00:00,2025-11-10 08:06:00,24.6612492,25.0,25.0,25.0,25.0,13.957194718256511,100.0,BO_ONLY,"BO 모델 결과만 사용 (1단계 롤백, 2~4단계에서 Hz 변화 없음)",19.6612492,7.64531231,944.0,1009.9375,13.5249996,,3.0,11.78,0.0,12.64,,,0.0,,
2025-11-10 08:06:01+00:00,2025-11-10 08:06:01,,,,,,,,,,19.6612492,7.66874981,944.0,1009.36877,13.4624996,,,12.77,0.0,12.69,,,0.0,,
2025-11-10 08:06:02+00:00,2025-11-10 08:06:02,,,,,,,,,,19.6612492,7.66874981,944.0,1009.36877,13.4624996,,,12.77,0.0,12.69,,,0.0,,
2025-11-10 08:06:03+00:00,2025-11-10 08:06:03,,,,,,,,,,19.6612492,7.8515625,944.0,1007.82501,13.4624996,,,12.77,0.0,12.69,,,0.0,,
2025-11-10 08:06:04+00:00,2025-11-10 08:06:04,,,,,,,,,,19.6612492,7.86406231,945.0,1008.47498,13.6000004,,,12.77,0.0,12.69,,,0.0,,
2025-11-10 08:06:05+00:00,2025-11-10 08:06:05,21.0,21.0,21.0,21.0,21.0,13.848581574915213,100.0,BO_ONLY,"BO 모델 결과만 사용 (1단계 롤백, 2~4단계에서 Hz 변화 없음)",19.6612492,7.9281249,944.0,1007.66248,13.8874998,,,12.77,0.0,12.69,,,0.0,,
2025-11-10 08:06:06+00:00,2025-11-10 08:06:06,,,,,,,,,,19.6612492,7.9281249,944.0,1007.66248,13.8874998,,,12.77,0.0,12.69,,,0.0,,
2025-11-10 08:06:07+00:00,2025-11-10 08:06:07,,,,,,,,,,19.6612492,7.99531269,942.0,1007.82501,13.6125002,,,12.77,0.0,12.69,,,0.0,,
2025-11-10 08:06:08+00:00,2025-11-10 08:06:08,,,,,,,,,,19.6612492,7.99531269,942.0,1007.66248,13.5249996,,,12.77,0.0,12.69,,,0.0,,
2025-11-10 08:06:09+00:00,2025-11-10 08:06:09,,,,,,,,,,19.6612492,8.08437538,943.0,1007.66248,13.5124998,,,12.77,0.0,12.69,,,0.0,,
2025-11-10 08:06:10+00:00,2025-11-10 08:06:10,21.0,21.0,21.0,21.0,21.0,14.262454792350407,100.0,BO_ONLY,"BO 모델 결과만 사용 (1단계 롤백, 2~4단계에서 Hz 변화 없음)",19.6612492,8.08437538,943.0,1008.88123,13.5124998,,,12.77,0.0,12.69,,,0.0,,
2025-11-10 08:06:11+00:00,2025-11-10 08:06:11,,,,,,,,,,19.6612492,8.125,942.0,1008.88123,13.7749996,,,12.77,0.0,12.86,,,0.0,,
2025-11-10 08:06:12+00:00,2025-11-10 08:06:12,,,,,,,,,,19.6612492,8.125,942.0,1007.98749,13.7749996,,,12.77,0.0,12.86,,,0.0,,
2025-11-10 08:06:13+00:00,2025-11-10 08:06:13,,,,,,,,,,19.6612492,8.15937519,942.0,1007.98749,13.6125002,,,12.77,0.0,12.86,,,0.0,,
2025-11-10 08:06:14+00:00,2025-11-10 08:06:14,,,,,,,,,,19.6612492,8.15937519,942.0,1006.03748,13.6125002,,,12.77,0.0,12.86,,,0.0,,
2025-11-10 08:06:15+00:00,2025-11-10 08:06:15,21.0,21.0,21.0,21.0,21.0,14.018606792401494,100.0,BO_ONLY,"BO 모델 결과만 사용 (1단계 롤백, 2~4단계에서 Hz 변화 없음)",19.6612492,8.28125,943.0,1006.03748,13.7749996,,,12.77,0.0,12.86,,,0.0,,
2025-11-10 08:06:16+00:00,2025-11-10 08:06:16,,,,,,,,,,19.6612492,8.28125,943.0,1004.73749,13.7749996,,,12.77,0.0,12.86,,,0.0,,
2025-11-10 08:06:17+00:00,2025-11-10 08:06:17,,,,,,,,,,19.6612492,8.29218769,943.0,1004.08752,13.2749996,,,12.77,0.0,12.86,,,0.0,,
2025-11-10 08:06:18+00:00,2025-11-10 08:06:18,,,,,,,,,,19.6612492,8.29218769,943.0,1004.08752,13.2749996,,,12.77,0.0,12.86,,,0.0,,
2025-11-10 08:06:19+00:00,2025-11-10 08:06:19,,,,,,,,,,19.6612492,8.3671875,942.0,1005.30627,13.9624996,,,12.77,0.0,12.86,,,0.0,,
2025-11-10 08:06:20+00:00,2025-11-10 08:06:20,21.0,21.0,21.0,21.0,21.0,14.013011439981987,100.0,BO_ONLY,"BO 모델 결과만 사용 (1단계 롤백, 2~4단계에서 Hz 변화 없음)",19.6612492,8.42656231,942.0,1003.27502,13.7875004,,,12.77,0.0,12.86,,,0.0,,
2025-11-10 08:06:21+00:00,2025-11-10 08:06:21,,,,,,,,,,19.6612492,8.42656231,942.0,1003.27502,13.7875004,,,12.77,0.0,12.86,,,0.0,,
2025-11-10 08:06:22+00:00,2025-11-10 08:06:22,,,,,,,,,,19.6612492,8.48593712,942.0,1002.625,13.6999998,,,12.77,0.0,12.97,,,0.0,,
2025-11-10 08:06:23+00:00,2025-11-10 08:06:23,,,,,,,,,,19.6612492,8.48593712,942.0,1002.625,13.6999998,,,12.77,0.0,12.97,,,0.0,,
2025-11-10 08:06:24+00:00,2025-11-10 08:06:24,,,,,,,,,,19.6612492,8.66250038,942.0,1000.75623,13.8500004,,,12.77,0.0,12.97,,,0.0,,
2025-11-10 08:06:25+00:00,2025-11-10 08:06:25,21.0,21.0,21.0,21.0,21.0,14.026591572867353,100.0,BO_ONLY,"BO 모델 결과만 사용 (1단계 롤백, 2~4단계에서 Hz 변화 없음)",19.6612492,8.66874981,942.0,1001.89374,13.6374998,,,12.77,0.0,12.97,,,0.0,,
2025-11-10 08:06:26+00:00,2025-11-10 08:06:26,,,,,,,,,,19.6612492,8.66874981,943.0,1001.89374,13.6374998,,,12.77,0.0,12.97,,,0.0,,
2025-11-10 08:06:27+00:00,2025-11-10 08:06:27,,,,,,,,,,19.6612492,8.69218731,943.0,1000.91876,13.3625002,,,12.77,0.0,12.97,,,0.0,,
2025-11-10 08:06:28+00:00,2025-11-10 08:06:28,,,,,,,,,,19.6612492,8.69218731,943.0,1000.91876,13.3625002,,,12.77,0.0,12.97,,,0.0,,
2025-11-10 08:06:29+00:00,2025-11-10 08:06:29,,,,,,,,,,19.6612492,8.77031231,942.0,1001.08124,13.8999996,,,12.77,0.0,12.97,,,0.0,,
2025-11-10 08:06:30+00:00,2025-11-10 08:06:30,21.0,21.0,21.0,21.0,21.0,13.692422863956926,100.0,BO_ONLY,"BO 모델 결과만 사용 (1단계 롤백, 2~4단계에서 Hz 변화 없음)",19.6612492,8.77031231,942.0,1001.08124,13.8999996,,,12.77,0.0,12.97,,,0.0,,
2025-11-10 08:06:31+00:00,2025-11-10 08:06:31,,,,,,,,,,19.6612492,8.90468788,943.0,1001.32501,13.6875,,,12.77,0.0,12.95,,,0.0,,
2025-11-10 08:06:32+00:00,2025-11-10 08:06:32,,,,,,,,,,19.6612492,8.95625019,942.0,999.456238,14.0249996,,,12.77,0.0,12.95,,,0.0,,
2025-11-10 08:06:33+00:00,2025-11-10 08:06:33,,,,,,,,,,19.6612492,8.95625019,942.0,999.456238,14.0249996,,,12.77,0.0,12.95,,,0.0,,
2025-11-10 08:06:34+00:00,2025-11-10 08:06:34,,,,,,,,,,19.6612492,9.03125,943.0,999.537476,14.1499996,,,12.77,0.0,12.95,,,0.0,,
2025-11-10 08:06:35+00:00,2025-11-10 08:06:35,21.0,21.0,21.0,21.0,21.0,13.768290816120226,100.0,BO_ONLY,"BO 모델 결과만 사용 (1단계 롤백, 2~4단계에서 Hz 변화 없음)",19.6612492,9.03125,943.0,999.537476,14.1499996,,,12.77,0.0,12.95,,,0.0,,
2025-11-10 08:06:36+00:00,2025-11-10 08:06:36,,,,,,,,,,19.6612492,9.046875,942.0,997.75,13.5749998,,,12.77,0.0,12.95,,,0.0,,
2025-11-10 08:06:37+00:00,2025-11-10 08:06:37,,,,,,,,,,19.6612492,9.046875,942.0,997.75,13.5749998,,,12.77,0.0,12.95,,,0.0,,
2025-11-10 08:06:38+00:00,2025-11-10 08:06:38,,,,,,,,,,19.6612492,9.09843731,943.0,997.75,13.9125004,,,12.77,0.0,12.95,,,0.0,,
2025-11-10 08:06:39+00:00,2025-11-10 08:06:39,,,,,,,,,,19.6612492,9.09843731,943.0,998.481262,13.9125004,,,12.77,0.0,12.95,,,0.0,,
2025-11-10 08:06:40+00:00,2025-11-10 08:06:40,21.0,21.0,21.0,21.0,21.0,13.352682867325914,100.0,BO_ONLY,"BO 모델 결과만 사용 (1단계 롤백, 2~4단계에서 Hz 변화 없음)",19.6612492,9.09843731,943.0,998.481262,13.9624996,,,12.77,0.0,12.95,,,0.0,,
2025-11-10 08:06:41+00:00,2025-11-10 08:06:41,,,,,,,,,,19.6612492,9.12968731,942.0,998.481262,13.9624996,,,12.77,0.0,13.27,,,0.0,,
2025-11-10 08:06:42+00:00,2025-11-10 08:06:42,,,,,,,,,,19.6612492,9.12968731,942.0,997.099976,13.9624996,,,12.77,0.0,13.27,,,0.0,,
2025-11-10 08:06:43+00:00,2025-11-10 08:06:43,,,,,,,,,,19.6612492,9.23750019,943.0,997.099976,14.0500002,,,12.77,0.0,13.27,,,0.0,,
2025-11-10 08:06:44+00:00,2025-11-10 08:06:44,,,,,,,,,,19.6612492,9.2734375,943.0,995.474976,13.6625004,,,12.77,0.0,13.27,,,0.0,,
2025-11-10 08:06:45+00:00,2025-11-10 08:06:45,21.0,21.0,21.0,21.0,21.0,13.015993454590324,100.0,BO_ONLY,"BO 모델 결과만 사용 (1단계 롤백, 2~4단계에서 Hz 변화 없음)",19.6612492,9.2734375,942.0,995.474976,13.6625004,,,12.77,0.0,13.27,,,0.0,,
2025-11-10 08:06:46+00:00,2025-11-10 08:06:46,,,,,,,,,,19.6612492,9.29374981,943.0,995.068726,13.6499996,,,12.77,0.0,13.27,,,0.0,,
2025-11-10 08:06:47+00:00,2025-11-10 08:06:47,,,,,,,,,,19.6612492,9.29374981,943.0,995.068726,13.6499996,,,12.77,0.0,13.27,,,0.0,,
2025-11-10 08:06:48+00:00,2025-11-10 08:06:48,,,,,,,,,,19.6612492,9.39999962,943.0,994.987488,13.7624998,,,12.77,0.0,13.27,,,0.0,,
2025-11-10 08:06:49+00:00,2025-11-10 08:06:49,,,,,,,,,,19.6612492,9.39999962,943.0,994.987488,13.7624998,,,12.77,0.0,13.27,,,0.0,,
2025-11-10 08:06:50+00:00,2025-11-10 08:06:50,18.0,18.0,18.0,18.0,18.0,13.531796064261464,100.0,BO_ONLY,"BO 모델 결과만 사용 (1단계 롤백, 2~4단계에서 Hz 변화 없음)",19.6612492,9.48750019,943.0,995.799988,14.2124996,,,12.77,0.0,13.27,,,0.0,,
2025-11-10 08:06:51+00:00,2025-11-10 08:06:51,,,,,,,,,,19.6612492,9.43593788,943.0,995.799988,13.8000002,,,12.77,0.0,12.88,,,0.0,,
2025-11-10 08:06:52+00:00,2025-11-10 08:06:52,,,,,,,,,,19.6612492,9.43593788,943.0,993.037476,13.8000002,,,12.77,0.0,12.88,,,0.0,,
2025-11-10 08:06:53+00:00,2025-11-10 08:06:53,,,,,,,,,,19.6612492,9.57968712,942.0,993.037476,13.9375,,,12.77,0.0,12.88,,,0.0,,
2025-11-10 08:06:54+00:00,2025-11-10 08:06:54,,,,,,,,,,19.6612492,9.59843731,942.0,992.0625,13.9624996,,,12.77,0.0,12.88,,,0.0,,
2025-11-10 08:06:55+00:00,2025-11-10 08:06:55,18.0,18.0,18.0,18.0,18.0,13.621423074609977,100.0,BO_ONLY,"BO 모델 결과만 사용 (1단계 롤백, 2~4단계에서 Hz 변화 없음)",19.6612492,9.64375019,942.0,991.493774,14.1000004,,,12.77,0.0,12.88,,,0.0,,
2025-11-10 08:06:56+00:00,2025-11-10 08:06:56,,,,,,,,,,19.6612492,9.64375019,942.0,991.493774,14.1000004,,,12.77,0.0,12.88,,,0.0,,
2025-11-10 08:06:57+00:00,2025-11-10 08:06:57,,,,,,,,,,19.6612492,9.67343712,943.0,990.762512,14.1999998,,,12.77,0.0,12.88,,,0.0,,
2025-11-10 08:06:58+00:00,2025-11-10 08:06:58,,,,,,,,,,19.6612492,9.72500038,942.0,989.706238,13.875,,,12.77,0.0,12.88,,,0.0,,
2025-11-10 08:06:59+00:00,2025-11-10 08:06:59,,,,,,,,,,19.6612492,9.72500038,942.0,989.706238,13.875,,,12.77,0.0,12.88,,,0.0,,
2025-11-10 08:07:00+00:00,2025-11-10 08:07:00,18.0,18.0,18.0,18.0,18.0,14.363520974440268,100.0,BO_ONLY,"BO 모델 결과만 사용 (1단계 롤백, 2~4단계에서 Hz 변화 없음)",19.6612492,9.69843769,942.0,988.325012,14.6875,,3.0,12.77,0.0,12.88,,,0.0,,
2025-11-10 08:07:01+00:00,2025-11-10 08:07:01,,,,,,,,,,19.6612492,9.75,943.0,989.299988,14.6625004,,,12.77,0.0,12.88,,,0.0,,
2025-11-10 08:07:02+00:00,2025-11-10 08:07:02,,,,,,,,,,19.6612492,9.75,943.0,989.299988,14.6625004,,,12.77,0.0,13.47,,,0.0,,
2025-11-10 08:07:03+00:00,2025-11-10 08:07:03,,,,,,,,,,19.6612492,9.8671875,942.0,988.40625,14.6125002,,,12.77,0.0,13.47,,,0.0,,
2025-11-10 08:07:04+00:00,2025-11-10 08:07:04,,,,,,,,,,19.6612492,9.86406231,942.0,988.40625,12.8874998,,,12.77,0.0,13.47,,,0.0,,
2025-11-10 08:07:05+00:00,2025-11-10 08:07:05,18.0,18.0,18.0,18.0,18.0,15.063047087287929,100.0,BO_ONLY,"BO 모델 결과만 사용 (1단계 롤백, 2~4단계에서 Hz 변화 없음)",19.6612492,9.86406231,942.0,988.568726,12.8874998,,,12.77,0.0,13.47,,,0.0,,
2025-11-10 08:07:06+00:00,2025-11-10 08:07:06,,,,,,,,,,19.6612492,9.90937519,942.0,988.40625,13.0375004,,,12.77,0.0,13.47,,,0.0,,
2025-11-10 08:07:08+00:00,2025-11-10 08:07:08,,,,,,,,,,19.6612492,9.94218731,943.0,988.40625,13.0500002,,,12.77,0.0,13.47,,,0.0,,
2025-11-10 08:07:09+00:00,2025-11-10 08:07:09,,,,,,,,,,19.6612492,9.94218731,943.0,984.75,13.0500002,,,12.77,0.0,13.47,,,0.0,,
2025-11-10 08:07:10+00:00,2025-11-10 08:07:10,18.0,18.0,18.0,18.0,18.0,13.416619555958242,100.0,BO_ONLY,"BO 모델 결과만 사용 (1단계 롤백, 2~4단계에서 Hz 변화 없음)",19.6612492,9.96875,942.0,984.75,13.9624996,,,12.77,0.0,13.47,,,0.0,,
2025-11-10 08:07:11+00:00,2025-11-10 08:07:11,,,,,,,,,,19.6612492,9.99843788,942.0,984.993774,13.875,,,12.77,0.0,12.59,,,0.0,,
2025-11-10 08:07:12+00:00,2025-11-10 08:07:12,,,,,,,,,,19.6612492,9.99843788,942.0,984.993774,13.875,,,12.77,0.0,12.59,,,0.0,,
2025-11-10 08:07:13+00:00,2025-11-10 08:07:13,,,,,,,,,,19.6612492,10.0984373,943.0,984.668762,13.875,,,12.77,0.0,12.59,,,0.0,,
2025-11-10 08:07:14+00:00,2025-11-10 08:07:14,,,,,,,,,,19.6612492,10.0984373,943.0,984.668762,13.6625004,,,12.77,0.0,12.59,,,0.0,,
2025-11-10 08:07:15+00:00,2025-11-10 08:07:15,18.0,18.0,18.0,18.0,18.0,13.470299534376489,100.0,BO_ONLY,"BO 모델 결과만 사용 (1단계 롤백, 2~4단계에서 Hz 변화 없음)",19.6612492,10.1859379,943.0,984.34375,13.6625004,,,12.77,0.0,12.59,,,0.0,,
2025-11-10 08:07:16+00:00,2025-11-10 08:07:16,,,,,,,,,,19.6612492,10.1484375,943.0,981.987488,13.6999998,,,12.77,0.0,12.59,,,0.0,,
2025-11-10 08:07:17+00:00,2025-11-10 08:07:17,,,,,,,,,,19.6612492,10.1484375,943.0,981.987488,13.6999998,,,12.77,0.0,12.59,,,0.0,,
2025-11-10 08:07:18+00:00,2025-11-10 08:07:18,,,,,,,,,,19.6612492,10.171875,942.0,982.231262,13.9624996,,,12.77,0.0,12.59,,,0.0,,
2025-11-10 08:07:19+00:00,2025-11-10 08:07:19,,,,,,,,,,19.6612492,10.171875,942.0,982.231262,13.9624996,,,12.77,0.0,12.59,,,0.0,,
2025-11-10 08:07:20+00:00,2025-11-10 08:07:20,19.0,19.0,19.0,19.0,19.0,13.737465743622458,100.0,BO_ONLY,"BO 모델 결과만 사용 (1단계 롤백, 2~4단계에서 Hz 변화 없음)",19.6612492,10.2421875,943.0,982.556274,13.8874998,,,12.77,0.0,12.59,,,0.0,,
2025-11-10 08:07:21+00:00,2025-11-10 08:07:21,,,,,,,,,,19.6612492,10.2421875,943.0,982.556274,13.8874998,,,12.77,0.0,13.09,,,0.0,,
2025-11-10 08:07:22+00:00,2025-11-10 08:07:22,,,,,,,,,,19.6612492,10.3781252,943.0,982.068726,14.0749998,,,12.77,0.0,13.09,,,0.0,,
2025-11-10 08:07:23+00:00,2025-11-10 08:07:23,,,,,,,,,,19.6612492,10.3781252,943.0,982.068726,14.0749998,,,12.77,0.0,13.09,,,0.0,,
2025-11-10 08:07:24+00:00,2025-11-10 08:07:24,,,,,,,,,,19.6612492,10.4015627,944.0,980.768738,11.1499996,,,12.77,0.0,13.09,,,0.0,,
2025-11-10 08:07:25+00:00,2025-11-10 08:07:25,19.0,19.0,19.0,19.0,19.0,13.5259331428256,100.0,BO_ONLY,"BO 모델 결과만 사용 (1단계 롤백, 2~4단계에서 Hz 변화 없음)",19.6612492,10.4015627,944.0,980.768738,11.1499996,,,12.77,0.0,13.09,,,0.0,,
2025-11-10 08:07:26+00:00,2025-11-10 08:07:26,,,,,,,,,,19.6612492,10.4499998,944.0,979.549988,10.8500004,,,12.77,0.0,13.09,,,0.0,,
2025-11-10 08:07:27+00:00,2025-11-10 08:07:27,,,,,,,,,,19.6612492,10.4499998,944.0,979.549988,10.8500004,,,12.77,0.0,13.09,,,0.0,,
2025-11-10 08:07:28+00:00,2025-11-10 08:07:28,,,,,,,,,,19.6612492,10.4609375,944.0,979.549988,11.2375002,,,12.77,0.0,13.09,,,0.0,,
2025-11-10 08:07:29+00:00,2025-11-10 08:07:29,,,,,,,,,,19.6612492,10.3734379,945.0,977.03125,11.0249996,,,12.77,0.0,13.09,,,0.0,,
2025-11-10 08:07:30+00:00,2025-11-10 08:07:30,19.0,19.0,19.0,19.0,19.0,12.99996080229537,100.0,BO_ONLY,"BO 모델 결과만 사용 (1단계 롤백, 2~4단계에서 Hz 변화 없음)",19.6612492,10.3734379,945.0,977.03125,11.0249996,,,12.77,0.0,13.09,,,0.0,,
2025-11-10 08:07:31+00:00,2025-11-10 08:07:31,,,,,,,,,,19.6612492,10.3484373,945.0,976.868774,11.0500002,,,12.77,0.0,13.09,,,0.0,,
2025-11-10 08:07:32+00:00,2025-11-10 08:07:32,,,,,,,,,,19.6612492,10.2687502,943.0,975.650024,11.1499996,,,12.77,0.0,10.34,,,0.0,,
2025-11-10 08:07:33+00:00,2025-11-10 08:07:33,,,,,,,,,,19.6612492,10.2687502,943.0,975.650024,11.1499996,,,12.77,0.0,10.34,,,0.0,,
2025-11-10 08:07:34+00:00,2025-11-10 08:07:34,,,,,,,,,,19.6612492,10.046875,945.0,975.974976,11.7624998,,,12.77,0.0,10.34,,,0.0,,
2025-11-10 08:07:35+00:00,2025-11-10 08:07:35,19.0,19.0,19.0,19.0,19.0,13.364789430024972,100.0,BO_ONLY,"BO 모델 결과만 사용 (1단계 롤백, 2~4단계에서 Hz 변화 없음)",19.6612492,10.046875,945.0,975.974976,11.7624998,,,12.77,0.0,10.34,,,0.0,,
2025-11-10 08:07:36+00:00,2025-11-10 08:07:36,,,,,,,,,,19.6612492,9.73281288,944.0,975.162476,11.3125,,,12.77,0.0,10.34,,,0.0,,
2025-11-10 08:07:37+00:00,2025-11-10 08:07:37,,,,,,,,,,19.6612492,9.58281231,945.0,975.8125,11.6999998,,,12.77,0.0,10.34,,,0.0,,
2025-11-10 08:07:38+00:00,2025-11-10 08:07:38,,,,,,,,,,19.6612492,9.58281231,945.0,975.8125,11.6999998,,,12.77,0.0,10.34,,,0.0,,
2025-11-10 08:07:39+00:00,2025-11-10 08:07:39,,,,,,,,,,19.6612492,9.26406288,944.0,975.325012,11.9750004,,,12.77,0.0,10.34,,,0.0,,
2025-11-10 08:07:40+00:00,2025-11-10 08:07:40,19.0,19.0,19.0,19.0,19.0,13.403425349702413,100.0,BO_ONLY,"BO 모델 결과만 사용 (1단계 롤백, 2~4단계에서 Hz 변화 없음)",19.6612492,9.26406288,944.0,975.325012,11.9750004,,,12.77,0.0,10.34,,,0.0,,
2025-11-10 08:07:41+00:00,2025-11-10 08:07:41,,,,,,,,,,19.6612492,8.98124981,945.0,976.299988,12.0375004,,,12.77,0.0,10.94,,,0.0,,
2025-11-10 08:07:42+00:00,2025-11-10 08:07:42,,,,,,,,,,19.6612492,8.81093788,944.0,976.056274,12.0749998,,,12.77,0.0,10.94,,,0.0,,
2025-11-10 08:07:43+00:00,2025-11-10 08:07:43,,,,,,,,,,19.6612492,8.81093788,944.0,976.056274,12.0749998,,,12.77,0.0,10.94,,,0.0,,
2025-11-10 08:07:44+00:00,2025-11-10 08:07:44,,,,,,,,,,19.6612492,8.36250019,944.0,973.131226,10.3000002,,,12.77,0.0,10.94,,,0.0,,
2025-11-10 08:07:45+00:00,2025-11-10 08:07:45,20.0,20.0,20.0,20.0,20.0,12.512126537295204,100.0,BO_ONLY,"BO 모델 결과만 사용 (1단계 롤백, 2~4단계에서 Hz 변화 없음)",19.6612492,8.296875,943.0,974.106262,10.5375004,,,12.77,0.0,10.94,,,0.0,,
2025-11-10 08:07:46+00:00,2025-11-10 08:07:46,,,,,,,,,,19.6612492,8.296875,943.0,974.106262,10.5375004,,,12.77,0.0,10.94,,,0.0,,
2025-11-10 08:07:47+00:00,2025-11-10 08:07:47,,,,,,,,,,19.6612492,8.03593731,944.0,973.456238,10.375,,,12.77,0.0,10.94,,,0.0,,
2025-11-10 08:07:48+00:00,2025-11-10 08:07:48,,,,,,,,,,19.6612492,8.03593731,944.0,973.456238,10.375,,,12.77,0.0,10.94,,,0.0,,
2025-11-10 08:07:49+00:00,2025-11-10 08:07:49,,,,,,,,,,19.6612492,7.71406269,944.0,971.912476,10.625,,,12.77,0.0,10.94,,,0.0,,
2025-11-10 08:07:50+00:00,2025-11-10 08:07:50,21.0,21.0,21.0,21.0,21.0,12.970671928687986,100.0,BO_ONLY,"BO 모델 결과만 사용 (1단계 롤백, 2~4단계에서 Hz 변화 없음)",19.6612492,7.71406269,944.0,971.912476,10.625,,,12.77,0.0,10.94,,,0.0,,
2025-11-10 08:07:51+00:00,2025-11-10 08:07:51,,,,,,,,,,19.6612492,7.56718731,943.0,972.887512,10.5625,,,12.77,0.0,9.67,,,0.0,,
2025-11-10 08:07:52+00:00,2025-11-10 08:07:52,,,,,,,,,,19.6612492,7.4515624,945.0,971.831238,10.6000004,,,12.77,0.0,9.67,,,0.0,,
2025-11-10 08:07:53+00:00,2025-11-10 08:07:53,,,,,,,,,,19.6612492,7.36406231,944.0,973.131226,10.8999996,,,12.77,0.0,9.67,,,0.0,,
2025-11-10 08:07:54+00:00,2025-11-10 08:07:54,,,,,,,,,,19.6612492,7.36406231,944.0,973.131226,10.8999996,,,12.77,0.0,9.67,,,0.0,,
2025-11-10 08:07:55+00:00,2025-11-10 08:07:55,22.0,22.0,22.0,22.0,22.0,12.285694768282415,100.0,BO_ONLY,"BO 모델 결과만 사용 (1단계 롤백, 2~4단계에서 Hz 변화 없음)",19.6612492,7.2796874,944.0,971.75,10.6374998,,,12.77,0.0,9.67,,,0.0,,
2025-11-10 08:07:56+00:00,2025-11-10 08:07:56,,,,,,,,,,19.6612492,7.2796874,944.0,971.75,10.6374998,,,12.77,0.0,9.67,,,0.0,,
2025-11-10 08:07:57+00:00,2025-11-10 08:07:57,,,,,,,,,,19.6612492,7.171875,946.0,972.96875,10.6000004,,,12.77,0.0,9.67,,,0.0,,
2025-11-10 08:07:58+00:00,2025-11-10 08:07:58,,,,,,,,,,19.6612492,7.09062481,945.0,973.131226,10.5,,,12.77,0.0,9.67,,,0.0,,
2025-11-10 08:07:59+00:00,2025-11-10 08:07:59,,,,,,,,,,19.6612492,6.97343731,946.0,972.318726,10.2624998,,,12.77,0.0,9.67,,,0.0,,
2025-11-10 08:08:00+00:00,2025-11-10 08:08:00,18.0,22.0,22.0,18.0,18.0,11.30368708649868,304.0,BO_O2_RULE,"제어매트릭스 규칙 적용: NOX_LOW (3단계 롤백, 4단계에서 Hz 변화 없음)",19.6612492,6.97343731,946.0,972.318726,10.2624998,,3.0,12.77,0.0,9.67,,,0.0,,
2025-11-10 08:08:01+00:00,2025-11-10 08:08:01,,,,,,,,,,19.6612492,6.9140625,945.0,972.15625,10.0874996,,,12.77,0.0,9.87,,,0.0,,
2025-11-10 08:08:02+00:00,2025-11-10 08:08:02,,,,,,,,,,19.6612492,6.76093769,945.0,972.5625,10.4624996,,,12.77,0.0,9.87,,,0.0,,
2025-11-10 08:08:03+00:00,2025-11-10 08:08:03,,,,,,,,,,19.6612492,6.7281251,945.0,971.993774,10.75,,,12.77,0.0,9.87,,,0.0,,
2025-11-10 08:08:04+00:00,2025-11-10 08:08:04,,,,,,,,,,19.6612492,6.7281251,945.0,971.993774,10.75,,,12.77,0.0,9.87,,,0.0,,
2025-11-10 08:08:05+00:00,2025-11-10 08:08:05,18.0,23.0,23.0,18.0,18.0,10.405028243708697,304.0,BO_O2_RULE,"제어매트릭스 규칙 적용: NOX_LOW (3단계 롤백, 4단계에서 Hz 변화 없음)",19.6612492,6.5531249,947.0,972.481262,10.3374996,,,12.77,0.0,9.87,,,0.0,,
2025-11-10 08:08:06+00:00,2025-11-10 08:08:06,,,,,,,,,,19.6612492,6.4703126,947.0,971.912476,10.5749998,,,12.77,0.0,9.87,,,0.0,,
2025-11-10 08:08:07+00:00,2025-11-10 08:08:07,,,,,,,,,,19.6612492,6.4703126,947.0,971.912476,10.5749998,,,12.77,0.0,9.87,,,0.0,,
2025-11-10 08:08:08+00:00,2025-11-10 08:08:08,,,,,,,,,,19.6612492,6.22187519,947.0,971.993774,10.1374998,,,12.77,0.0,9.87,,,0.0,,
2025-11-10 08:08:09+00:00,2025-11-10 08:08:09,,,,,,,,,,19.6612492,6.22187519,947.0,971.993774,10.1374998,,,12.77,0.0,9.87,,,0.0,,
2025-11-10 08:08:10+00:00,2025-11-10 08:08:10,18.0,23.0,23.0,18.0,18.0,10.19763051149454,304.0,BO_O2_RULE,"제어매트릭스 규칙 적용: NOX_LOW (3단계 롤백, 4단계에서 Hz 변화 없음)",19.6612492,6.1187501,947.0,972.318726,10.1999998,,,12.77,0.0,9.87,,,0.0,,
2025-11-10 08:08:11+00:00,2025-11-10 08:08:11,,,,,,,,,,19.6612492,5.95625019,947.0,972.15625,9.97500038,,,12.77,0.0,9.91,,,0.0,,
2025-11-10 08:08:12+00:00,2025-11-10 08:08:12,,,,,,,,,,19.6612492,5.95625019,947.0,972.15625,9.97500038,,,12.77,0.0,9.91,,,0.0,,
2025-11-10 08:08:13+00:00,2025-11-10 08:08:13,,,,,,,,,,19.6612492,5.81718731,948.0,972.643738,10.3625002,,,12.77,0.0,9.91,,,0.0,,
2025-11-10 08:08:14+00:00,2025-11-10 08:08:14,,,,,,,,,,19.6612492,5.81718731,948.0,972.643738,10.3625002,,,12.77,0.0,9.91,,,0.0,,
2025-11-10 08:08:15+00:00,2025-11-10 08:08:15,18.0,23.0,23.0,18.0,18.0,9.98890094069869,304.0,BO_O2_RULE,"제어매트릭스 규칙 적용: NOX_LOW (3단계 롤백, 4단계에서 Hz 변화 없음)",19.6612492,5.6390624,948.0,972.724976,10.75,,,12.77,0.0,9.91,,,0.0,,
2025-11-10 08:08:16+00:00,2025-11-10 08:08:16,,,,,,,,,,19.6612492,5.5703125,947.0,971.831238,10.6125002,,,12.77,0.0,9.91,,,0.0,,
2025-11-10 08:08:17+00:00,2025-11-10 08:08:17,,,,,,,,,,19.6612492,5.5062499,947.0,971.912476,10.6125002,,,12.77,0.0,9.91,,,0.0,,
2025-11-10 08:08:18+00:00,2025-11-10 08:08:18,,,,,,,,,,19.6612492,5.5062499,947.0,971.912476,10.7250004,,,12.77,0.0,9.91,,,0.0,,
2025-11-10 08:08:19+00:00,2025-11-10 08:08:19,,,,,,,,,,19.6612492,5.40312481,948.0,971.75,10.8500004,,,12.77,0.0,9.91,,,0.0,,
2025-11-10 08:08:20+00:00,2025-11-10 08:08:20,18.0,23.0,23.0,18.0,18.0,9.953235691551555,304.0,BO_O2_RULE,"제어매트릭스 규칙 적용: NOX_LOW (3단계 롤백, 4단계에서 Hz 변화 없음)",19.6612492,5.40312481,948.0,971.75,10.8500004,,,12.77,0.0,9.91,,,0.0,,
2025-11-10 08:08:21+00:00,2025-11-10 08:08:21,,,,,,,,,,19.6612492,5.2281251,947.0,972.075012,10.6374998,,,12.77,0.0,9.9,,,0.0,,
2025-11-10 08:08:22+00:00,2025-11-10 08:08:22,,,,,,,,,,19.6612492,5.2281251,947.0,972.075012,10.6374998,,,12.77,0.0,9.9,,,0.0,,
2025-11-10 08:08:23+00:00,2025-11-10 08:08:23,,,,,,,,,,19.6612492,5.1640625,949.0,973.700012,11.0249996,,,12.77,0.0,9.9,,,0.0,,
2025-11-10 08:08:24+00:00,2025-11-10 08:08:24,,,,,,,,,,19.6612492,5.0875001,948.0,973.943726,11.4125004,,,12.77,0.0,9.9,,,0.0,,
2025-11-10 08:08:25+00:00,2025-11-10 08:08:25,18.0,23.0,23.0,18.0,18.0,9.933145490114596,304.0,BO_O2_RULE,"제어매트릭스 규칙 적용: NOX_LOW (3단계 롤백, 4단계에서 Hz 변화 없음)",19.6612492,5.0875001,948.0,973.943726,11.4125004,,,12.77,0.0,9.9,,,0.0,,
2025-11-10 08:08:26+00:00,2025-11-10 08:08:26,,,,,,,,,,19.6612492,4.9609375,950.0,973.78125,11.4750004,,,12.77,0.0,9.9,,,0.0,,
2025-11-10 08:08:27+00:00,2025-11-10 08:08:27,,,,,,,,,,19.6612492,4.9609375,950.0,973.78125,11.4750004,,,12.77,0.0,9.9,,,0.0,,
2025-11-10 08:08:28+00:00,2025-11-10 08:08:28,,,,,,,,,,19.6612492,4.7437501,949.0,974.674988,12.875,,,12.77,0.0,9.9,,,0.0,,
2025-11-10 08:08:29+00:00,2025-11-10 08:08:29,,,,,,,,,,19.6612492,4.7437501,949.0,974.674988,12.875,,,12.77,0.0,9.9,,,0.0,,
2025-11-10 08:08:30+00:00,2025-11-10 08:08:30,18.0,23.0,23.0,18.0,18.0,9.884976029525447,304.0,BO_O2_RULE,"제어매트릭스 규칙 적용: NOX_LOW (3단계 롤백, 4단계에서 Hz 변화 없음)",19.6612492,4.6484375,948.0,976.21875,12.8999996,,,12.77,0.0,9.9,,,0.0,,
2025-11-10 08:08:31+00:00,2025-11-10 08:08:31,,,,,,,,,,19.6612492,4.6484375,948.0,976.21875,12.8999996,,,12.77,0.0,10.62,,,0.0,,
2025-11-10 08:08:32+00:00,2025-11-10 08:08:32,,,,,,,,,,19.6612492,4.5328126,948.0,975.40625,12.9250002,,,12.77,0.0,10.62,,,0.0,,
2025-11-10 08:08:33+00:00,2025-11-10 08:08:33,,,,,,,,,,19.6612492,4.5328126,948.0,975.162476,13.1000004,,,12.77,0.0,10.62,,,0.0,,
2025-11-10 08:08:34+00:00,2025-11-10 08:08:34,,,,,,,,,,19.6612492,4.4156251,949.0,975.162476,13.1000004,,,12.77,0.0,10.62,,,0.0,,
2025-11-10 08:08:35+00:00,2025-11-10 08:08:35,18.0,22.0,22.0,18.0,18.0,10.33576792367464,304.0,BO_O2_RULE,"제어매트릭스 규칙 적용: NOX_LOW (3단계 롤백, 4단계에서 Hz 변화 없음)",19.6612492,4.4156251,949.0,975.162476,13.1000004,,,12.77,0.0,10.62,,,0.0,,
2025-11-10 08:08:36+00:00,2025-11-10 08:08:36,,,,,,,,,,19.6612492,4.3687501,948.0,975.487488,13.1125002,,,12.77,0.0,10.62,,,0.0,,
2025-11-10 08:08:37+00:00,2025-11-10 08:08:37,,,,,,,,,,19.6612492,4.3687501,948.0,975.487488,13.1125002,,,12.77,0.0,10.62,,,0.0,,
2025-11-10 08:08:38+00:00,2025-11-10 08:08:38,,,,,,,,,,19.6612492,4.27031231,948.0,975.325012,13.0500002,,,12.77,0.0,10.62,,,0.0,,
2025-11-10 08:08:39+00:00,2025-11-10 08:08:39,,,,,,,,,,19.6612492,4.27031231,948.0,975.325012,13.0500002,,,12.77,0.0,10.62,,,0.0,,
2025-11-10 08:08:40+00:00,2025-11-10 08:08:40,18.0,22.0,22.0,18.0,18.0,10.8193475488131,304.0,BO_O2_RULE,"제어매트릭스 규칙 적용: NOX_LOW (3단계 롤백, 4단계에서 Hz 변화 없음)",19.6612492,4.1796875,949.0,976.381226,13.4250002,,,12.77,0.0,10.62,,,0.0,,
2025-11-10 08:08:41+00:00,2025-11-10 08:08:41,,,,,,,,,,19.6612492,4.1796875,949.0,976.381226,13.4250002,,,12.77,0.0,12.57,,,0.0,,
2025-11-10 08:08:42+00:00,2025-11-10 08:08:42,,,,,,,,,,19.6612492,4.15312481,949.0,975.325012,13.0874996,,,12.77,0.0,12.57,,,0.0,,
2025-11-10 08:08:43+00:00,2025-11-10 08:08:43,,,,,,,,,,19.6612492,4.15312481,949.0,975.325012,13.0874996,,,12.77,0.0,12.57,,,0.0,,
2025-11-10 08:08:44+00:00,2025-11-10 08:08:44,,,,,,,,,,19.6612492,4.0250001,950.0,977.599976,12.75,,,12.77,0.0,12.57,,,0.0,,
2025-11-10 08:08:45+00:00,2025-11-10 08:08:45,18.0,18.0,18.0,18.0,18.0,10.956073730806578,100.0,BO_ONLY,"BO 모델 결과만 사용 (1단계 롤백, 2~4단계에서 Hz 변화 없음)",19.6612492,4.0390625,950.0,977.03125,13.0124998,,,12.77,0.0,12.57,,,0.0,,
2025-11-10 08:08:47+00:00,2025-11-10 08:08:47,,,,,,,,,,19.6612492,4.0390625,950.0,977.03125,13.0124998,,,12.77,0.0,12.57,,,0.0,,
2025-11-10 08:08:48+00:00,2025-11-10 08:08:48,,,,,,,,,,19.6612492,3.88750005,950.0,978.331238,12.9499998,,,12.77,0.0,12.57,,,0.0,,
2025-11-10 08:08:49+00:00,2025-11-10 08:08:49,,,,,,,,,,19.6612492,3.88750005,950.0,978.331238,12.9499998,,,12.77,0.0,12.57,,,0.0,,
2025-11-10 08:08:50+00:00,2025-11-10 08:08:50,18.0,18.0,18.0,18.0,18.0,11.708315911952038,100.0,BO_ONLY,"BO 모델 결과만 사용 (1단계 롤백, 2~4단계에서 Hz 변화 없음)",19.6612492,3.79218745,951.0,979.0625,11.4624996,,,12.77,0.0,12.57,,,0.0,,
2025-11-10 08:08:51+00:00,2025-11-10 08:08:51,,,,,,,,,,19.6612492,3.79218745,951.0,979.0625,11.4624996,,,12.77,0.0,12.21,,,0.0,,
2025-11-10 08:08:52+00:00,2025-11-10 08:08:52,,,,,,,,,,19.6612492,3.69062495,951.0,979.875,11.375,,,12.77,0.0,12.21,,,0.0,,
2025-11-10 08:08:53+00:00,2025-11-10 08:08:53,,,,,,,,,,19.6612492,3.69062495,951.0,979.875,11.375,,,12.77,0.0,12.21,,,0.0,,
2025-11-10 08:08:54+00:00,2025-11-10 08:08:54,,,,,,,,,,19.6612492,3.6109376,951.0,981.581238,10.75,,,12.77,0.0,12.21,,,0.0,,
2025-11-10 08:08:55+00:00,2025-11-10 08:08:55,18.0,18.0,18.0,18.0,18.0,12.40154490106312,100.0,BO_ONLY,"BO 모델 결과만 사용 (1단계 롤백, 2~4단계에서 Hz 변화 없음)",19.6612492,3.6109376,951.0,981.581238,10.75,,,12.77,0.0,12.21,,,0.0,,
2025-11-10 08:08:56+00:00,2025-11-10 08:08:56,,,,,,,,,,19.6612492,3.4749999,950.0,982.799988,10.875,,,12.77,0.0,12.21,,,0.0,,
2025-11-10 08:08:57+00:00,2025-11-10 08:08:57,,,,,,,,,,19.6612492,3.4749999,950.0,982.799988,10.875,,,12.77,0.0,12.21,,,0.0,,
2025-11-10 08:08:58+00:00,2025-11-10 08:08:58,,,,,,,,,,19.6612492,3.4828124,953.0,981.743774,10.7250004,,,12.77,0.0,12.21,,,0.0,,
2025-11-10 08:08:59+00:00,2025-11-10 08:08:59,,,,,,,,,,19.6612492,3.4828124,953.0,981.743774,10.7250004,,,12.77,0.0,12.21,,,0.0,,
2025-11-10 08:09:00+00:00,2025-11-10 08:09:00,18.0,18.0,18.0,18.0,18.0,11.843381213848607,100.0,BO_ONLY,"BO 모델 결과만 사용 (1단계 롤백, 2~4단계에서 Hz 변화 없음)",19.6612492,3.3828125,952.0,982.150024,10.6999998,,3.0,12.77,0.0,12.21,,,0.0,,
2025-11-10 08:09:01+00:00,2025-11-10 08:09:01,,,,,,,,,,19.6612492,3.3609376,952.0,982.393738,10.1875,,,12.77,0.0,10.3,,,0.0,,
2025-11-10 08:09:02+00:00,2025-11-10 08:09:02,,,,,,,,,,19.6612492,3.3609376,952.0,982.393738,10.1875,,,12.77,0.0,10.3,,,0.0,,
2025-11-10 08:09:03+00:00,2025-11-10 08:09:03,,,,,,,,,,19.6612492,3.29999995,953.0,983.53125,10.3125,,,12.77,0.0,10.3,,,0.0,,
2025-11-10 08:09:04+00:00,2025-11-10 08:09:04,,,,,,,,,,19.6612492,3.2953124,953.0,983.53125,9.625,,,12.77,0.0,10.3,,,0.0,,
2025-11-10 08:09:05+00:00,2025-11-10 08:09:05,18.0,18.0,18.0,18.0,18.0,11.812303304250632,100.0,BO_ONLY,"BO 모델 결과만 사용 (1단계 롤백, 2~4단계에서 Hz 변화 없음)",19.6612492,3.2953124,953.0,984.75,9.625,,,12.77,0.0,10.3,,,0.0,,
2025-11-10 08:09:06+00:00,2025-11-10 08:09:06,,,,,,,,,,19.6612492,3.2437501,954.0,984.75,9.91250038,,,12.77,0.0,10.3,,,0.0,,
2025-11-10 08:09:07+00:00,2025-11-10 08:09:07,,,,,,,,,,19.6612492,3.1640625,954.0,985.481262,9.4375,,,12.77,0.0,10.3,,,0.0,,
2025-11-10 08:09:08+00:00,2025-11-10 08:09:08,,,,,,,,,,19.6612492,3.2093749,954.0,984.75,9.51249981,,,12.77,0.0,10.3,,,0.0,,
2025-11-10 08:09:09+00:00,2025-11-10 08:09:09,,,,,,,,,,19.6612492,3.2093749,954.0,984.75,9.51249981,,,12.77,0.0,10.3,,,0.0,,
2025-11-10 08:09:10+00:00,2025-11-10 08:09:10,18.0,18.0,18.0,18.0,18.0,11.710509221818047,100.0,BO_ONLY,"BO 모델 결과만 사용 (1단계 롤백, 2~4단계에서 Hz 변화 없음)",19.6612492,3.1546874,953.0,987.512512,9.66250038,,,12.77,0.0,10.3,,,0.0,,
2025-11-10 08:09:11+00:00,2025-11-10 08:09:11,,,,,,,,,,19.6612492,3.125,953.0,986.862488,9.4375,,,12.77,0.0,10.3,,,0.0,,
2025-11-10 08:09:12+00:00,2025-11-10 08:09:12,,,,,,,,,,19.6612492,3.125,953.0,986.862488,9.4375,,,12.77,0.0,9.03,,,0.0,,
2025-11-10 08:09:13+00:00,2025-11-10 08:09:13,,,,,,,,,,19.6612492,3.00468755,953.0,988.081238,9.75,,,12.77,0.0,9.03,,,0.0,,
2025-11-10 08:09:14+00:00,2025-11-10 08:09:14,,,,,,,,,,19.6612492,3.00468755,953.0,988.081238,9.75,,,12.77,0.0,9.03,,,0.0,,
2025-11-10 08:09:15+00:00,2025-11-10 08:09:15,18.0,18.0,18.0,18.0,18.0,11.599994641760674,100.0,BO_ONLY,"BO 모델 결과만 사용 (1단계 롤백, 2~4단계에서 Hz 변화 없음)",19.6612492,3.01093745,953.0,988.974976,9.07499981,,,12.77,0.0,9.03,,,0.0,,
2025-11-10 08:09:16+00:00,2025-11-10 08:09:16,,,,,,,,,,19.6612492,3.01093745,953.0,988.974976,9.07499981,,,12.77,0.0,9.03,,,0.0,,
2025-11-10 08:09:17+00:00,2025-11-10 08:09:17,,,,,,,,,,19.6612492,2.97343755,953.0,988.650024,9.26249981,,,12.77,0.0,9.03,,,0.0,,
2025-11-10 08:09:18+00:00,2025-11-10 08:09:18,,,,,,,,,,19.6612492,2.97343755,953.0,988.650024,9.26249981,,,12.77,0.0,9.03,,,0.0,,
2025-11-10 08:09:19+00:00,2025-11-10 08:09:19,,,,,,,,,,19.6612492,2.8812499,954.0,989.137512,8.83749962,,,12.77,0.0,9.03,,,0.0,,
2025-11-10 08:09:20+00:00,2025-11-10 08:09:20,18.0,18.0,18.0,18.0,18.0,11.741694612502776,100.0,BO_ONLY,"BO 모델 결과만 사용 (1단계 롤백, 2~4단계에서 Hz 변화 없음)",19.6612492,2.89531255,953.0,990.193726,8.86250019,,,12.77,0.0,9.03,,,0.0,,
2025-11-10 08:09:21+00:00,2025-11-10 08:09:21,,,,,,,,,,19.6612492,2.8609376,955.0,990.762512,9.125,,,12.77,0.0,8.51,,,0.0,,
2025-11-10 08:09:22+00:00,2025-11-10 08:09:22,,,,,,,,,,19.6612492,2.8609376,955.0,990.762512,9.125,,,12.77,0.0,8.51,,,0.0,,
2025-11-10 08:09:23+00:00,2025-11-10 08:09:23,,,,,,,,,,19.6612492,2.8421874,956.0,991.331238,8.33749962,,,12.77,0.0,8.51,,,0.0,,
2025-11-10 08:09:24+00:00,2025-11-10 08:09:24,,,,,,,,,,19.6612492,2.8421874,956.0,991.331238,8.33749962,,,12.77,0.0,8.51,,,0.0,,
2025-11-10 08:09:25+00:00,2025-11-10 08:09:25,18.0,18.0,18.0,18.0,18.0,12.244042374274054,100.0,BO_ONLY,"BO 모델 결과만 사용 (1단계 롤백, 2~4단계에서 Hz 변화 없음)",19.6612492,2.828125,955.0,994.09375,8.35000038,,,12.77,0.0,8.51,,,0.0,,
2025-11-10 08:09:26+00:00,2025-11-10 08:09:26,,,,,,,,,,19.6612492,2.828125,955.0,994.09375,8.35000038,,,12.77,0.0,8.51,,,0.0,,
2025-11-10 08:09:27+00:00,2025-11-10 08:09:27,,,,,,,,,,19.6612492,2.83281255,956.0,995.068726,8.19999981,,,12.77,0.0,8.51,,,0.0,,
2025-11-10 08:09:28+00:00,2025-11-10 08:09:28,,,,,,,,,,19.6612492,2.83281255,956.0,995.068726,8.19999981,,,12.77,0.0,8.51,,,0.0,,
2025-11-10 08:09:29+00:00,2025-11-10 08:09:29,,,,,,,,,,19.6612492,2.8031249,955.0,994.825012,9.4375,,,12.77,0.0,8.51,,,0.0,,
2025-11-10 08:09:30+00:00,2025-11-10 08:09:30,18.0,18.0,18.0,18.0,18.0,14.029245379593242,100.0,BO_ONLY,"BO 모델 결과만 사용 (1단계 롤백, 2~4단계에서 Hz 변화 없음)",19.6612492,2.8609376,956.0,994.987488,9.16250038,,,12.77,0.0,8.51,,,0.0,,
2025-11-10 08:09:31+00:00,2025-11-10 08:09:31,,,,,,,,,,19.6612492,2.8687501,955.0,995.637512,9.36250019,,,12.77,0.0,7.78,,,0.0,,
2025-11-10 08:09:32+00:00,2025-11-10 08:09:32,,,,,,,,,,19.6612492,2.8687501,955.0,995.637512,9.36250019,,,12.77,0.0,7.78,,,0.0,,
2025-11-10 08:09:33+00:00,2025-11-10 08:09:33,,,,,,,,,,19.6612492,2.8218751,955.0,997.018738,8.9375,,,12.77,0.0,7.78,,,0.0,,
2025-11-10 08:09:34+00:00,2025-11-10 08:09:34,,,,,,,,,,19.6612492,2.9140625,955.0,997.018738,8.85000038,,,12.77,0.0,7.78,,,0.0,,
2025-11-10 08:09:35+00:00,2025-11-10 08:09:35,18.0,18.0,18.0,18.0,18.0,14.327765525130125,100.0,BO_ONLY,"BO 모델 결과만 사용 (1단계 롤백, 2~4단계에서 Hz 변화 없음)",19.6612492,2.9140625,955.0,996.612488,8.85000038,,,12.77,0.0,7.78,,,0.0,,
2025-11-10 08:09:36+00:00,2025-11-10 08:09:36,,,,,,,,,,19.6612492,2.86249995,955.0,996.612488,9.17500019,,,12.77,0.0,7.78,,,0.0,,
2025-11-10 08:09:37+00:00,2025-11-10 08:09:37,,,,,,,,,,19.6612492,2.9546876,955.0,998.724976,8.86250019,,,12.77,0.0,7.78,,,0.0,,
2025-11-10 08:09:38+00:00,2025-11-10 08:09:38,,,,,,,,,,19.6612492,2.9546876,955.0,998.724976,8.86250019,,,12.77,0.0,7.78,,,0.0,,
2025-11-10 08:09:39+00:00,2025-11-10 08:09:39,,,,,,,,,,19.6612492,2.9390626,954.0,998.5625,8.86250019,,,12.77,0.0,7.78,,,0.0,,
2025-11-10 08:09:40+00:00,2025-11-10 08:09:40,18.0,18.0,18.0,18.0,18.0,13.844214666078443,100.0,BO_ONLY,"BO 모델 결과만 사용 (1단계 롤백, 2~4단계에서 Hz 변화 없음)",19.6612492,2.94062495,956.0,999.293762,8.91250038,,,12.77,0.0,7.78,,,0.0,,
2025-11-10 08:09:41+00:00,2025-11-10 08:09:41,,,,,,,,,,19.6612492,2.94062495,956.0,999.293762,8.91250038,,,12.77,0.0,8.48,,,0.0,,
2025-11-10 08:09:42+00:00,2025-11-10 08:09:42,,,,,,,,,,19.6612492,2.98906255,956.0,1000.43127,8.8125,,,12.77,0.0,8.48,,,0.0,,
2025-11-10 08:09:43+00:00,2025-11-10 08:09:43,,,,,,,,,,19.6612492,2.99531245,956.0,1001.08124,8.375,,,12.77,0.0,8.48,,,0.0,,
2025-11-10 08:09:44+00:00,2025-11-10 08:09:44,,,,,,,,,,19.6612492,2.99531245,956.0,1001.08124,8.375,,,12.77,0.0,8.48,,,0.0,,
2025-11-10 08:09:45+00:00,2025-11-10 08:09:45,19.0,19.0,19.0,19.0,19.0,13.643712217974667,100.0,BO_ONLY,"BO 모델 결과만 사용 (1단계 롤백, 2~4단계에서 Hz 변화 없음)",19.6612492,3.0171876,955.0,1001.16248,8.67500019,,,12.77,0.0,8.48,,,0.0,,
2025-11-10 08:09:46+00:00,2025-11-10 08:09:46,,,,,,,,,,19.6612492,3.0171876,955.0,1001.16248,8.67500019,,,12.77,0.0,8.48,,,0.0,,
2025-11-10 08:09:47+00:00,2025-11-10 08:09:47,,,,,,,,,,19.6612492,3.0078125,956.0,1001.08124,8.61250019,,,12.77,0.0,8.48,,,0.0,,
2025-11-10 08:09:48+00:00,2025-11-10 08:09:48,,,,,,,,,,19.6612492,3.0078125,956.0,1001.08124,8.61250019,,,12.77,0.0,8.48,,,0.0,,
2025-11-10 08:09:49+00:00,2025-11-10 08:09:49,,,,,,,,,,19.6612492,3.03593755,955.0,1001.65002,11.6999998,,,12.77,0.0,8.48,,,0.0,,
2025-11-10 08:09:50+00:00,2025-11-10 08:09:50,19.0,19.0,19.0,19.0,19.0,13.431163540085151,100.0,BO_ONLY,"BO 모델 결과만 사용 (1단계 롤백, 2~4단계에서 Hz 변화 없음)",19.6612492,2.97343755,955.0,1002.54376,11.6000004,,,12.77,0.0,8.48,,,0.0,,
2025-11-10 08:09:51+00:00,2025-11-10 08:09:51,,,,,,,,,,19.6612492,2.97343755,955.0,1002.54376,11.6000004,,,12.77,0.0,7.95,,,0.0,,
2025-11-10 08:09:52+00:00,2025-11-10 08:09:52,,,,,,,,,,19.6612492,3.0296874,957.0,1004.41248,11.6125002,,,12.77,0.0,7.95,,,0.0,,
2025-11-10 08:09:53+00:00,2025-11-10 08:09:53,,,,,,,,,,19.6612492,3.00468755,957.0,1005.30627,11.3874998,,,12.77,0.0,7.95,,,0.0,,
2025-11-10 08:09:54+00:00,2025-11-10 08:09:54,,,,,,,,,,19.6612492,3.00468755,957.0,1005.30627,11.3874998,,,12.77,0.0,7.95,,,0.0,,
2025-11-10 08:09:55+00:00,2025-11-10 08:09:55,19.0,19.0,19.0,19.0,19.0,16.219335281687748,100.0,BO_ONLY,"BO 모델 결과만 사용 (1단계 롤백, 2~4단계에서 Hz 변화 없음)",19.6612492,3.0406251,957.0,1006.28125,11.3000002,,,12.77,0.0,7.95,,,0.0,,
2025-11-10 08:09:56+00:00,2025-11-10 08:09:56,,,,,,,,,,19.6612492,3.0406251,957.0,1006.28125,11.3000002,,,12.77,0.0,7.95,,,0.0,,
2025-11-10 08:09:57+00:00,2025-11-10 08:09:57,,,,,,,,,,19.6612492,3.1187501,957.0,1007.90625,11.4750004,,,12.77,0.0,7.95,,,0.0,,
2025-11-10 08:09:58+00:00,2025-11-10 08:09:58,,,,,,,,,,19.6612492,3.1312499,957.0,1007.82501,11.4125004,,,12.77,0.0,7.95,,,0.0,,
2025-11-10 08:09:59+00:00,2025-11-10 08:09:59,,,,,,,,,,19.6612492,3.1312499,957.0,1007.82501,11.4125004,,,12.77,0.0,7.95,,,0.0,,
2025-11-10 08:10:00+00:00,2025-11-10 08:10:00,19.0,19.0,19.0,19.0,19.0,16.41114306571812,100.0,BO_ONLY,"BO 모델 결과만 사용 (1단계 롤백, 2~4단계에서 Hz 변화 없음)",19.6612492,3.0640626,957.0,1007.66248,10.9875002,,3.0,12.77,0.0,7.95,,,0.0,,
2025-11-10 08:10:01+00:00,2025-11-10 08:10:01,,,,,,,,,,19.6612492,3.0640626,957.0,1007.66248,10.9875002,,,12.77,0.0,10.79,,,0.0,,
2025-11-10 08:10:02+00:00,2025-11-10 08:10:02,,,,,,,,,,19.6612492,3.15156245,956.0,1008.39374,11.3999996,,,12.77,0.0,10.79,,,0.0,,
2025-11-10 08:10:03+00:00,2025-11-10 08:10:03,,,,,,,,,,19.6612492,3.1624999,959.0,1008.06873,11.1374998,,,12.77,0.0,10.79,,,0.0,,
2025-11-10 08:10:04+00:00,2025-11-10 08:10:04,,,,,,,,,,19.6612492,3.1624999,959.0,1008.06873,11.1374998,,,12.77,0.0,10.79,,,0.0,,
2025-11-10 08:10:05+00:00,2025-11-10 08:10:05,20.0,20.0,20.0,20.0,20.0,16.60380822126662,100.0,BO_ONLY,"BO 모델 결과만 사용 (1단계 롤백, 2~4단계에서 Hz 변화 없음)",19.6612492,3.1734376,959.0,1009.20624,11.0874996,,,12.77,0.0,10.79,,,0.0,,
2025-11-10 08:10:06+00:00,2025-11-10 08:10:06,,,,,,,,,,19.6612492,3.16718745,959.0,1009.36877,11.2124996,,,12.77,0.0,10.79,,,0.0,,
2025-11-10 08:10:07+00:00,2025-11-10 08:10:07,,,,,,,,,,19.6612492,3.1968751,959.0,1009.125,11.1125002,,,12.77,0.0,10.79,,,0.0,,
2025-11-10 08:10:08+00:00,2025-11-10 08:10:08,,,,,,,,,,19.6612492,3.1968751,959.0,1009.125,11.1125002,,,12.77,0.0,10.79,,,0.0,,
2025-11-10 08:10:09+00:00,2025-11-10 08:10:09,,,,,,,,,,19.6612492,3.2265625,958.0,1011.72498,10.6125002,,,12.77,0.0,10.79,,,0.0,,
2025-11-10 08:10:10+00:00,2025-11-10 08:10:10,20.0,20.0,20.0,20.0,20.0,16.545547882583495,100.0,BO_ONLY,"BO 모델 결과만 사용 (1단계 롤백, 2~4단계에서 Hz 변화 없음)",19.6612492,3.2265625,958.0,1011.72498,10.6125002,,,12.77,0.0,10.79,,,0.0,,
2025-11-10 08:10:11+00:00,2025-11-10 08:10:11,,,,,,,,,,19.6612492,3.2640624,958.0,1011.07501,10.9375,,,12.77,0.0,10.54,,,0.0,,
2025-11-10 08:10:12+00:00,2025-11-10 08:10:12,,,,,,,,,,19.6612492,3.2890625,959.0,1010.99377,10.8125,,,12.77,0.0,10.54,,,0.0,,
2025-11-10 08:10:13+00:00,2025-11-10 08:10:13,,,,,,,,,,19.6612492,3.2890625,959.0,1010.99377,10.8125,,,12.77,0.0,10.54,,,0.0,,
2025-11-10 08:10:14+00:00,2025-11-10 08:10:14,,,,,,,,,,19.6612492,3.21875,959.0,1012.61877,11.8249998,,,12.77,0.0,10.54,,,0.0,,
2025-11-10 08:10:15+00:00,2025-11-10 08:10:15,20.0,20.0,20.0,20.0,20.0,16.774292417950964,100.0,BO_ONLY,"BO 모델 결과만 사용 (1단계 롤백, 2~4단계에서 Hz 변화 없음)",19.6612492,3.25,959.0,1014.48749,11.9750004,,,12.77,0.0,10.54,,,0.0,,
2025-11-10 08:10:16+00:00,2025-11-10 08:10:16,,,,,,,,,,19.6612492,3.25,959.0,1014.48749,11.9750004,,,12.77,0.0,10.54,,,0.0,,
2025-11-10 08:10:17+00:00,2025-11-10 08:10:17,,,,,,,,,,19.6612492,3.2515626,958.0,1014.24377,11.7875004,,,12.77,0.0,10.54,,,0.0,,
2025-11-10 08:10:18+00:00,2025-11-10 08:10:18,,,,,,,,,,19.6612492,3.2515626,958.0,1014.24377,11.7875004,,,12.77,0.0,10.54,,,0.0,,
2025-11-10 08:10:19+00:00,2025-11-10 08:10:19,,,,,,,,,,19.6612492,3.3218751,957.0,1014.40625,11.5249996,,,12.77,0.0,10.54,,,0.0,,
2025-11-10 08:10:20+00:00,2025-11-10 08:10:20,20.0,20.0,20.0,20.0,20.0,17.007991757769354,100.0,BO_ONLY,"BO 모델 결과만 사용 (1단계 롤백, 2~4단계에서 Hz 변화 없음)",19.6612492,3.3218751,957.0,1014.40625,11.5249996,,,12.77,0.0,10.54,,,0.0,,
2025-11-10 08:10:21+00:00,2025-11-10 08:10:21,,,,,,,,,,19.6612492,3.29218745,956.0,1014.89374,11.6999998,,,12.77,0.0,11.04,,,0.0,,
2025-11-10 08:10:22+00:00,2025-11-10 08:10:22,,,,,,,,,,19.6612492,3.29218745,956.0,1014.89374,11.6999998,,,12.77,0.0,11.04,,,0.0,,
2025-11-10 08:10:23+00:00,2025-11-10 08:10:23,,,,,,,,,,19.6612492,3.2484374,957.0,1015.38123,11.7250004,,,12.77,0.0,11.04,,,0.0,,
2025-11-10 08:10:24+00:00,2025-11-10 08:10:24,,,,,,,,,,19.6612492,3.2484374,957.0,1015.38123,11.7250004,,,12.77,0.0,11.04,,,0.0,,
2025-11-10 08:10:25+00:00,2025-11-10 08:10:25,20.0,20.0,20.0,20.0,20.0,13.796556300326621,100.0,BO_ONLY,"BO 모델 결과만 사용 (1단계 롤백, 2~4단계에서 Hz 변화 없음)",19.6612492,3.2593751,957.0,1015.54376,11.6750002,,,12.77,0.0,11.04,,,0.0,,
2025-11-10 08:10:27+00:00,2025-11-10 08:10:27,,,,,,,,,,19.6612492,3.2593751,957.0,1015.54376,11.6750002,,,12.77,0.0,11.04,,,0.0,,
2025-11-10 08:10:28+00:00,2025-11-10 08:10:28,,,,,,,,,,19.6612492,3.2093749,956.0,1018.0625,11.7749996,,,12.77,0.0,11.04,,,0.0,,
2025-11-10 08:10:29+00:00,2025-11-10 08:10:29,,,,,,,,,,19.6612492,3.2093749,956.0,1018.0625,11.7749996,,,12.77,0.0,11.04,,,0.0,,
2025-11-10 08:10:30+00:00,2025-11-10 08:10:30,20.0,20.0,20.0,20.0,20.0,13.454986083894552,100.0,BO_ONLY,"BO 모델 결과만 사용 (1단계 롤백, 2~4단계에서 Hz 변화 없음)",19.6612492,3.27031255,958.0,1018.14374,11.9875002,,,12.77,0.0,11.04,,,0.0,,
2025-11-10 08:10:31+00:00,2025-11-10 08:10:31,,,,,,,,,,19.6612492,3.27031255,958.0,1018.14374,11.9875002,,,12.77,0.0,10.98,,,0.0,,
2025-11-10 08:10:32+00:00,2025-11-10 08:10:32,,,,,,,,,,19.6612492,3.22968745,957.0,1018.63123,11.8625002,,,12.77,0.0,10.98,,,0.0,,
2025-11-10 08:10:33+00:00,2025-11-10 08:10:33,,,,,,,,,,19.6612492,3.22968745,957.0,1018.63123,11.8625002,,,12.77,0.0,10.98,,,0.0,,
2025-11-10 08:10:34+00:00,2025-11-10 08:10:34,,,,,,,,,,19.6612492,3.2671876,957.0,1019.11877,14.5749998,,,12.77,0.0,10.98,,,0.0,,
2025-11-10 08:10:35+00:00,2025-11-10 08:10:35,20.0,20.0,20.0,20.0,20.0,13.45649097325438,100.0,BO_ONLY,"BO 모델 결과만 사용 (1단계 롤백, 2~4단계에서 Hz 변화 없음)",19.6612492,3.2671876,957.0,1019.11877,14.5749998,,,12.77,0.0,10.98,,,0.0,,
2025-11-10 08:10:36+00:00,2025-11-10 08:10:36,,,,,,,,,,19.6612492,3.3343749,956.0,1020.5,14.6875,,,12.77,0.0,10.98,,,0.0,,
2025-11-10 08:10:37+00:00,2025-11-10 08:10:37,,,,,,,,,,19.6612492,3.3343749,956.0,1020.5,14.6875,,,12.77,0.0,10.98,,,0.0,,
2025-11-10 08:10:38+00:00,2025-11-10 08:10:38,,,,,,,,,,19.6612492,3.4593749,958.0,1020.41876,14.5249996,,,12.77,0.0,10.98,,,0.0,,
2025-11-10 08:10:39+00:00,2025-11-10 08:10:39,,,,,,,,,,19.6612492,3.48749995,957.0,1020.98749,15.1000004,,,12.77,0.0,10.98,,,0.0,,
2025-11-10 08:10:40+00:00,2025-11-10 08:10:40,21.0,21.0,21.0,21.0,21.0,16.36663400582776,100.0,BO_ONLY,"BO 모델 결과만 사용 (1단계 롤백, 2~4단계에서 Hz 변화 없음)",19.6612492,3.48749995,957.0,1020.98749,15.1000004,,,12.77,0.0,10.98,,,0.0,,
2025-11-10 08:10:41+00:00,2025-11-10 08:10:41,,,,,,,,,,19.6612492,3.54218745,956.0,1021.39374,14.7624998,,,12.77,0.0,13.96,,,0.0,,
2025-11-10 08:10:42+00:00,2025-11-10 08:10:42,,,,,,,,,,19.6612492,3.54218745,956.0,1021.39374,14.7624998,,,12.77,0.0,13.96,,,0.0,,
2025-11-10 08:10:43+00:00,2025-11-10 08:10:43,,,,,,,,,,19.6612492,3.5687499,958.0,1020.41876,14.6875,,,12.77,0.0,13.96,,,0.0,,
2025-11-10 08:10:44+00:00,2025-11-10 08:10:44,,,,,,,,,,19.6612492,3.6546874,957.0,1020.33752,15.6875,,,12.77,0.0,13.96,,,0.0,,
2025-11-10 08:10:45+00:00,2025-11-10 08:10:45,21.0,21.0,21.0,21.0,21.0,16.6892313802902,100.0,BO_ONLY,"BO 모델 결과만 사용 (1단계 롤백, 2~4단계에서 Hz 변화 없음)",19.6612492,3.6546874,957.0,1020.33752,15.6875,,,12.77,0.0,13.96,,,0.0,,
2025-11-10 08:10:46+00:00,2025-11-10 08:10:46,,,,,,,,,,19.6612492,3.71562505,957.0,1020.5,15.6125002,,,12.77,0.0,13.96,,,0.0,,
2025-11-10 08:10:47+00:00,2025-11-10 08:10:47,,,,,,,,,,19.6612492,3.71562505,957.0,1020.5,15.6125002,,,12.77,0.0,13.96,,,0.0,,
2025-11-10 08:10:48+00:00,2025-11-10 08:10:48,,,,,,,,,,19.6612492,3.74687505,957.0,1022.61249,15.7624998,,,12.77,0.0,13.96,,,0.0,,
2025-11-10 08:10:49+00:00,2025-11-10 08:10:49,,,,,,,,,,19.6612492,3.74687505,957.0,1022.61249,15.7624998,,,12.77,0.0,13.96,,,0.0,,
2025-11-10 08:10:50+00:00,2025-11-10 08:10:50,21.0,21.0,21.0,21.0,21.0,15.91334877425958,100.0,BO_ONLY,"BO 모델 결과만 사용 (1단계 롤백, 2~4단계에서 Hz 변화 없음)",19.6612492,3.7906251,957.0,1022.20624,16.0874996,,,12.77,0.0,13.96,,,0.0,,
2025-11-10 08:10:51+00:00,2025-11-10 08:10:51,,,,,,,,,,19.6612492,3.7906251,957.0,1022.20624,16.0874996,,,12.77,0.0,13.96,,,0.0,,
2025-11-10 08:10:52+00:00,2025-11-10 08:10:52,,,,,,,,,,19.6612492,3.7578125,958.0,1024.72498,15.7875004,,,12.77,0.0,14.95,,,0.0,,
2025-11-10 08:10:53+00:00,2025-11-10 08:10:53,,,,,,,,,,19.6612492,3.7578125,958.0,1024.72498,15.7875004,,,12.77,0.0,14.95,,,0.0,,
2025-11-10 08:10:54+00:00,2025-11-10 08:10:54,,,,,,,,,,19.6612492,3.8828125,957.0,1023.75,15.8374996,,,12.77,0.0,14.95,,,0.0,,
2025-11-10 08:10:55+00:00,2025-11-10 08:10:55,21.0,21.0,21.0,21.0,21.0,15.941671503508863,100.0,BO_ONLY,"BO 모델 결과만 사용 (1단계 롤백, 2~4단계에서 Hz 변화 없음)",19.6612492,3.8828125,957.0,1023.75,15.8374996,,,12.77,0.0,14.95,,,0.0,,
2025-11-10 08:10:56+00:00,2025-11-10 08:10:56,,,,,,,,,,19.6612492,3.83281255,957.0,1024.31873,16.0249996,,,12.77,0.0,14.95,,,0.0,,
2025-11-10 08:10:57+00:00,2025-11-10 08:10:57,,,,,,,,,,19.6612492,3.8421874,958.0,1024.72498,15.9250002,,,12.77,0.0,14.95,,,0.0,,
2025-11-10 08:10:58+00:00,2025-11-10 08:10:58,,,,,,,,,,19.6612492,3.8421874,958.0,1024.72498,15.9250002,,,12.77,0.0,14.95,,,0.0,,
2025-11-10 08:10:59+00:00,2025-11-10 08:10:59,,,,,,,,,,19.6612492,3.87968755,957.0,1024.40002,15.9499998,,,12.77,0.0,14.95,,,0.0,,
2025-11-10 08:11:00+00:00,2025-11-10 08:11:00,22.0,22.0,22.0,22.0,22.0,15.972119933923912,100.0,BO_ONLY,"BO 모델 결과만 사용 (1단계 롤백, 2~4단계에서 Hz 변화 없음)",19.6612492,3.87968755,957.0,1024.40002,15.9499998,,3.0,12.77,0.0,14.95,,,0.0,,
2025-11-10 08:11:01+00:00,2025-11-10 08:11:01,,,,,,,,,,19.6612492,3.95000005,957.0,1023.91248,15.9499998,,,12.77,0.0,14.95,,,0.0,,
2025-11-10 08:11:02+00:00,2025-11-10 08:11:02,,,,,,,,,,19.6612492,3.95000005,957.0,1023.91248,15.625,,,12.77,0.0,15.17,,,0.0,,
2025-11-10 08:11:03+00:00,2025-11-10 08:11:03,,,,,,,,,,19.6612492,3.9312501,956.0,1026.43127,15.6875,,,12.77,0.0,15.17,,,0.0,,
2025-11-10 08:11:04+00:00,2025-11-10 08:11:04,,,,,,,,,,19.6612492,3.9312501,956.0,1026.43127,15.6875,,,12.77,0.0,15.17,,,0.0,,
2025-11-10 08:11:05+00:00,2025-11-10 08:11:05,22.0,22.0,22.0,22.0,22.0,16.155932054952597,100.0,BO_ONLY,"BO 모델 결과만 사용 (1단계 롤백, 2~4단계에서 Hz 변화 없음)",19.6612492,3.8296876,958.0,1025.69995,15.3374996,,,12.77,0.0,15.17,,,0.0,,
2025-11-10 08:11:06+00:00,2025-11-10 08:11:06,,,,,,,,,,19.6612492,3.8609376,956.0,1025.69995,15.5500002,,,12.77,0.0,15.17,,,0.0,,
2025-11-10 08:11:07+00:00,2025-11-10 08:11:07,,,,,,,,,,19.6612492,3.8609376,956.0,1025.69995,15.5500002,,,12.77,0.0,15.17,,,0.0,,
2025-11-10 08:11:08+00:00,2025-11-10 08:11:08,,,,,,,,,,19.6612492,3.8515625,956.0,1026.75623,15.2875004,,,12.77,0.0,15.17,,,0.0,,
2025-11-10 08:11:09+00:00,2025-11-10 08:11:09,,,,,,,,,,19.6612492,3.8515625,956.0,1026.75623,15.2875004,,,12.77,0.0,15.17,,,0.0,,
2025-11-10 08:11:10+00:00,2025-11-10 08:11:10,22.0,22.0,22.0,22.0,22.0,14.65759998294368,100.0,BO_ONLY,"BO 모델 결과만 사용 (1단계 롤백, 2~4단계에서 Hz 변화 없음)",19.6612492,3.84687495,957.0,1026.75623,15.0625,,,12.77,0.0,15.17,,,0.0,,
2025-11-10 08:11:11+00:00,2025-11-10 08:11:11,,,,,,,,,,19.6612492,3.84687495,957.0,1027.0,15.0625,,,12.77,0.0,14.63,,,0.0,,
2025-11-10 08:11:12+00:00,2025-11-10 08:11:12,,,,,,,,,,19.6612492,3.84843755,955.0,1027.97498,14.8000002,,,12.77,0.0,14.63,,,0.0,,
2025-11-10 08:11:13+00:00,2025-11-10 08:11:13,,,,,,,,,,19.6612492,3.84843755,955.0,1027.97498,14.8000002,,,12.77,0.0,14.63,,,0.0,,
2025-11-10 08:11:14+00:00,2025-11-10 08:11:14,,,,,,,,,,19.6612492,3.9078126,955.0,1027.0813,12.7375002,,,12.77,0.0,14.63,,,0.0,,
2025-11-10 08:11:15+00:00,2025-11-10 08:11:15,22.0,22.0,22.0,22.0,22.0,13.906858941368176,100.0,BO_ONLY,"BO 모델 결과만 사용 (1단계 롤백, 2~4단계에서 Hz 변화 없음)",19.6612492,3.9078126,955.0,1027.0813,12.7375002,,,12.77,0.0,14.63,,,0.0,,
2025-11-10 08:11:16+00:00,2025-11-10 08:11:16,,,,,,,,,,19.6612492,3.9046874,956.0,1028.05627,12.8249998,,,12.77,0.0,14.63,,,0.0,,
2025-11-10 08:11:17+00:00,2025-11-10 08:11:17,,,,,,,,,,19.6612492,3.9046874,956.0,1028.05627,12.8249998,,,12.77,0.0,14.63,,,0.0,,
2025-11-10 08:11:18+00:00,2025-11-10 08:11:18,,,,,,,,,,19.6612492,3.8968749,956.0,1028.21875,12.7375002,,,12.77,0.0,14.63,,,0.0,,
2025-11-10 08:11:19+00:00,2025-11-10 08:11:19,,,,,,,,,,19.6612492,3.875,955.0,1027.24377,12.7250004,,,12.77,0.0,14.63,,,0.0,,
2025-11-10 08:11:20+00:00,2025-11-10 08:11:20,22.0,22.0,22.0,22.0,22.0,12.226672654404217,100.0,BO_ONLY,"BO 모델 결과만 사용 (1단계 롤백, 2~4단계에서 Hz 변화 없음)",19.6612492,3.875,955.0,1027.24377,12.7250004,,,12.77,0.0,14.63,,,0.0,,
2025-11-10 08:11:21+00:00,2025-11-10 08:11:21,,,,,,,,,,19.6612492,3.9593749,955.0,1027.16248,12.7624998,,,12.77,0.0,12.04,,,0.0,,
2025-11-10 08:11:22+00:00,2025-11-10 08:11:22,,,,,,,,,,19.6612492,3.9593749,955.0,1027.16248,12.7624998,,,12.77,0.0,12.04,,,0.0,,
2025-11-10 08:11:23+00:00,2025-11-10 08:11:23,,,,,,,,,,19.6612492,3.94218755,955.0,1027.16248,12.3500004,,,12.77,0.0,12.04,,,0.0,,
2025-11-10 08:11:24+00:00,2025-11-10 08:11:24,,,,,,,,,,19.6612492,3.9984374,955.0,1028.21875,12.4750004,,,12.77,0.0,12.04,,,0.0,,
2025-11-10 08:11:25+00:00,2025-11-10 08:11:25,18.0,22.0,22.0,18.0,18.0,11.518970348059293,304.0,BO_O2_RULE,"제어매트릭스 규칙 적용: NOX_LOW (3단계 롤백, 4단계에서 Hz 변화 없음)",19.6612492,3.9984374,955.0,1028.21875,12.4750004,,,12.77,0.0,12.04,,,0.0,,
2025-11-10 08:11:26+00:00,2025-11-10 08:11:26,,,,,,,,,,19.6612492,3.94843745,954.0,1028.30005,12.4624996,,,12.77,0.0,12.04,,,0.0,,
2025-11-10 08:11:27+00:00,2025-11-10 08:11:27,,,,,,,,,,19.6612492,3.9593749,955.0,1028.13745,12.3874998,,,12.77,0.0,12.04,,,0.0,,
2025-11-10 08:11:28+00:00,2025-11-10 08:11:28,,,,,,,,,,19.6612492,3.9593749,955.0,1028.13745,12.3874998,,,12.77,0.0,12.04,,,0.0,,
2025-11-10 08:11:29+00:00,2025-11-10 08:11:29,,,,,,,,,,19.6612492,4.0640626,955.0,1027.0,12.5249996,,,12.77,0.0,12.04,,,0.0,,
2025-11-10 08:11:30+00:00,2025-11-10 08:11:30,18.0,22.0,22.0,18.0,18.0,11.772244679181673,304.0,BO_O2_RULE,"제어매트릭스 규칙 적용: NOX_LOW (3단계 롤백, 4단계에서 Hz 변화 없음)",19.6612492,4.0640626,955.0,1027.0,12.5249996,,,12.77,0.0,12.04,,,0.0,,
2025-11-10 08:11:31+00:00,2025-11-10 08:11:31,,,,,,,,,,19.6612492,4.0062499,955.0,1027.8125,12.4499998,,,12.77,0.0,11.79,,,0.0,,
2025-11-10 08:11:32+00:00,2025-11-10 08:11:32,,,,,,,,,,19.6612492,4.0062499,955.0,1027.8125,12.4499998,,,12.77,0.0,11.79,,,0.0,,
2025-11-10 08:11:33+00:00,2025-11-10 08:11:33,,,,,,,,,,19.6612492,4.0843749,955.0,1027.40625,14.6499996,,,12.77,0.0,11.79,,,0.0,,
2025-11-10 08:11:34+00:00,2025-11-10 08:11:34,,,,,,,,,,19.6612492,4.0531249,956.0,1027.24377,14.6000004,,,12.77,0.0,11.79,,,0.0,,
2025-11-10 08:11:35+00:00,2025-11-10 08:11:35,18.0,22.0,22.0,18.0,18.0,11.765549334326439,304.0,BO_O2_RULE,"제어매트릭스 규칙 적용: NOX_LOW (3단계 롤백, 4단계에서 Hz 변화 없음)",19.6612492,4.0531249,956.0,1027.24377,14.6000004,,,12.77,0.0,11.79,,,0.0,,
2025-11-10 08:11:36+00:00,2025-11-10 08:11:36,,,,,,,,,,19.6612492,4.13749981,955.0,1027.48755,14.6875,,,12.77,0.0,11.79,,,0.0,,
2025-11-10 08:11:37+00:00,2025-11-10 08:11:37,,,,,,,,,,19.6612492,4.13749981,955.0,1027.48755,14.6875,,,12.77,0.0,11.79,,,0.0,,
2025-11-10 08:11:38+00:00,2025-11-10 08:11:38,,,,,,,,,,19.6612492,4.2093749,955.0,1027.8125,14.7749996,,,12.77,0.0,11.79,,,0.0,,
2025-11-10 08:11:39+00:00,2025-11-10 08:11:39,,,,,,,,,,19.6612492,4.2093749,955.0,1027.8125,14.7749996,,,12.77,0.0,11.79,,,0.0,,
2025-11-10 08:11:40+00:00,2025-11-10 08:11:40,22.0,22.0,22.0,22.0,22.0,13.785260537022552,100.0,BO_ONLY,"BO 모델 결과만 사용 (1단계 롤백, 2~4단계에서 Hz 변화 없음)",19.6612492,4.20781231,955.0,1028.46252,14.4499998,,,12.77,0.0,11.79,,,0.0,,
2025-11-10 08:11:41+00:00,2025-11-10 08:11:41,,,,,,,,,,19.6612492,4.20781231,955.0,1028.46252,14.4499998,,,12.77,0.0,13.95,,,0.0,,
2025-11-10 08:11:42+00:00,2025-11-10 08:11:42,,,,,,,,,,19.6612492,4.234375,955.0,1028.46252,14.6750002,,,12.77,0.0,13.95,,,0.0,,
2025-11-10 08:11:43+00:00,2025-11-10 08:11:43,,,,,,,,,,19.6612492,4.234375,955.0,1028.625,14.6750002,,,12.77,0.0,13.95,,,0.0,,
2025-11-10 08:11:44+00:00,2025-11-10 08:11:44,,,,,,,,,,19.6612492,4.30000019,956.0,1028.625,14.6625004,,,12.77,0.0,13.95,,,0.0,,
2025-11-10 08:11:45+00:00,2025-11-10 08:11:45,22.0,22.0,22.0,22.0,22.0,13.095591507263272,100.0,BO_ONLY,"BO 모델 결과만 사용 (1단계 롤백, 2~4단계에서 Hz 변화 없음)",19.6612492,4.30000019,956.0,1028.46252,14.6625004,,,12.77,0.0,13.95,,,0.0,,
2025-11-10 08:11:46+00:00,2025-11-10 08:11:46,,,,,,,,,,19.6612492,4.3296876,956.0,1028.5437,14.5625,,,12.77,0.0,13.95,,,0.0,,
2025-11-10 08:11:47+00:00,2025-11-10 08:11:47,,,,,,,,,,19.6612492,4.3296876,956.0,1028.5437,14.5625,,,12.77,0.0,13.95,,,0.0,,
2025-11-10 08:11:48+00:00,2025-11-10 08:11:48,,,,,,,,,,19.6612492,4.328125,956.0,1029.4375,15.0625,,,12.77,0.0,13.95,,,0.0,,
2025-11-10 08:11:49+00:00,2025-11-10 08:11:49,,,,,,,,,,19.6612492,4.3843751,955.0,1029.59998,14.9499998,,,12.77,0.0,13.95,,,0.0,,
2025-11-10 08:11:50+00:00,2025-11-10 08:11:50,,,,,,,,,,,,,,,,,,,,,,,,
