time,_time_gateway,ACT_SNR_PMP_BO_0,ACT_SNR_PMP_BO_1,ACT_SNR_PMP_BO_2,ACT_SNR_PMP_BO_3,ACT_SNR_PMP_BO_4,SNR_NOX_PRED,SNR_STATUS_CODE,SNR_STAGE,SNR_MESSAGE,SNR_PMP_UW_S_1,BR1_EO_FG_A,ICF_CCS_FG_T_1,ICF_SCS_FG_T_2,ICF_TMS_NOX_A,ACC_SNR_AI_1A,ACT_STATUS,NOX_30m_Value,NOX_EQ_Status,NOX_Value,SNR_EQ_UW_F_1,ACT_SNR_PMP_UW_S,SNR_EQ_UW_F_1_1,SNR_EQ_DW_F_1,SNR_EQ_UW_F_2,IncineratorStatus,SNR_UREA_SAVING_RATE,SNR_NOX_PRED_MAE
2025-11-05 05:38:47+00:00,2025-11-05 05:38:47,,,,,,,,,,19.6612492,0.03125,947.0,1032.36255,13.7875004,,,14.87,0.0,19.16,,,,,,0.0,,
2025-11-05 05:38:48+00:00,2025-11-05 05:38:48,,,,,,,,,,19.6612492,0.0,946.0,1030.9812,13.5249996,,,14.87,0.0,19.16,,,,,,0.0,,
2025-11-05 05:38:49+00:00,2025-11-05 05:38:49,,,,,,,,,,19.6612492,0.0,946.0,1030.9812,13.5249996,,,14.87,0.0,19.16,,,,,,0.0,,
2025-11-05 05:38:50+00:00,2025-11-05 05:38:50,24.6612492,18.0,18.0,28.0,28.0,13.408566078117174,308.0,BO_O2_RULE,"제어매트릭스 규칙 적용: O2_LOW (3단계 롤백, 4단계에서 Hz 변화 없음)",19.6612492,0.0171875004,947.0,1030.57495,13.8625002,,,14.87,0.0,19.16,,,,,,0.0,,
2025-11-05 05:38:51+00:00,2025-11-05 05:38:51,,,,,,,,,,19.6612492,0.0171875004,947.0,1030.57495,13.8625002,,,14.87,0.0,13.24,,,,,,0.0,,
2025-11-05 05:38:52+00:00,2025-11-05 05:38:52,,,,,,,,,,19.6612492,0.0140624996,948.0,1028.625,13.8249998,,,14.87,0.0,13.24,,,,,,0.0,,
2025-11-05 05:38:53+00:00,2025-11-05 05:38:53,,,,,,,,,,19.6612492,0.0,948.0,1027.24377,13.875,,,14.87,0.0,13.24,,,,,,0.0,,
2025-11-05 05:38:54+00:00,2025-11-05 05:38:54,,,,,,,,,,19.6612492,0.0,948.0,1027.24377,13.875,,,14.87,0.0,13.24,,,,,,0.0,,
2025-11-05 05:38:55+00:00,2025-11-05 05:38:55,24.6612492,18.0,18.0,28.0,28.0,13.986843639502272,308.0,BO_O2_RULE,"제어매트릭스 규칙 적용: O2_LOW (3단계 롤백, 4단계에서 Hz 변화 없음)",19.6612492,0.0,950.0,1027.0,14.1750002,,,14.87,0.0,13.24,,,,,,0.0,,
2025-11-05 05:38:56+00:00,2025-11-05 05:38:56,,,,,,,,,,19.6612492,0.0,950.0,1027.0,14.1750002,,,14.87,0.0,13.24,,,,,,0.0,,
2025-11-05 05:38:57+00:00,2025-11-05 05:38:57,,,,,,,,,,19.6612492,0.0250000004,948.0,1027.0,14.0,,,14.87,0.0,13.24,,,,,,0.0,,
2025-11-05 05:38:58+00:00,2025-11-05 05:38:58,,,,,,,,,,19.6612492,0.0281249993,948.0,1028.21875,14.5249996,,,14.87,0.0,13.24,,,,,,0.0,,
2025-11-05 05:38:59+00:00,2025-11-05 05:38:59,,,,,,,,,,19.6612492,0.0281249993,948.0,1028.21875,14.5249996,,,14.87,0.0,13.24,,,,,,0.0,,
2025-11-05 05:39:00+00:00,2025-11-05 05:39:00,24.6612492,18.0,18.0,28.0,28.0,13.78894456308467,308.0,BO_O2_RULE,"제어매트릭스 규칙 적용: O2_LOW (3단계 롤백, 4단계에서 Hz 변화 없음)",19.6612492,0.0,949.0,1027.40625,14.4125004,,3.0,14.87,0.0,13.62,,,,,,0.0,,
2025-11-05 05:39:01+00:00,2025-11-05 05:39:01,,,,,,,,,,19.6612492,0.00156250002,949.0,1027.40625,14.5874996,,,14.87,0.0,13.62,,,,,,0.0,,
2025-11-05 05:39:02+00:00,2025-11-05 05:39:02,,,,,,,,,,19.6612492,0.00156250002,949.0,1027.16248,14.5874996,,,14.87,0.0,13.62,,,,,,0.0,,
2025-11-05 05:39:03+00:00,2025-11-05 05:39:03,,,,,,,,,,19.6612492,0.0187500007,949.0,1027.16248,14.6750002,,,14.87,0.0,13.62,,,,,,0.0,,
2025-11-05 05:39:04+00:00,2025-11-05 05:39:04,,,,,,,,,,19.6612492,0.0,948.0,1026.2688,14.4499998,,,14.87,0.0,13.62,,,,,,0.0,,
2025-11-05 05:39:05+00:00,2025-11-05 05:39:05,24.6612492,18.0,18.0,28.0,28.0,14.50992928053957,308.0,BO_O2_RULE,"제어매트릭스 규칙 적용: O2_LOW (3단계 롤백, 4단계에서 Hz 변화 없음)",19.6612492,0.0,948.0,1026.2688,14.4499998,,,14.87,0.0,13.62,,,,,,0.0,,
2025-11-05 05:39:07+00:00,2025-11-05 05:39:07,,,,,,,,,,19.6612492,0.00312500005,948.0,1026.59375,12.7250004,,,14.87,0.0,13.62,,,,,,0.0,,
2025-11-05 05:39:08+00:00,2025-11-05 05:39:08,,,,,,,,,,19.6612492,0.00312500005,948.0,1026.59375,12.7250004,,,14.87,0.0,13.62,,,,,,0.0,,
2025-11-05 05:39:09+00:00,2025-11-05 05:39:09,,,,,,,,,,19.6612492,0.0187500007,948.0,1024.72498,12.4875002,,,14.87,0.0,13.62,,,,,,0.0,,
2025-11-05 05:39:10+00:00,2025-11-05 05:39:10,24.6612492,18.0,18.0,28.0,28.0,12.24393851413732,308.0,BO_O2_RULE,"제어매트릭스 규칙 적용: O2_LOW (3단계 롤백, 4단계에서 Hz 변화 없음)",19.6612492,0.0187500007,948.0,1024.72498,12.4875002,,,14.87,0.0,13.62,,,,,,0.0,,
2025-11-05 05:39:11+00:00,2025-11-05 05:39:11,,,,,,,,,,19.6612492,0.0,949.0,1024.15625,12.7749996,,,14.87,0.0,13.62,,,,,,0.0,,
2025-11-05 05:39:12+00:00,2025-11-05 05:39:12,,,,,,,,,,19.6612492,0.0,949.0,1024.15625,12.7749996,,,14.87,0.0,11.82,,,,,,0.0,,
2025-11-05 05:39:13+00:00,2025-11-05 05:39:13,,,,,,,,,,19.6612492,0.0,949.0,1023.99377,12.9875002,,,14.87,0.0,11.82,,,,,,0.0,,
2025-11-05 05:39:14+00:00,2025-11-05 05:39:14,,,,,,,,,,19.6612492,0.0,949.0,1023.99377,12.9875002,,,14.87,0.0,11.82,,,,,,0.0,,
2025-11-05 05:39:15+00:00,2025-11-05 05:39:15,20.0,20.0,20.0,20.0,20.0,,2.0,FALLBACK,Fallback Hz 사용: 20.0Hz (essential_range_violation),19.6612492,0.0125000002,949.0,1024.72498,12.9499998,,,14.87,0.0,11.82,,,,,,0.0,,
2025-11-05 05:39:16+00:00,2025-11-05 05:39:16,,,,,,,,,,19.6612492,0.0125000002,949.0,1024.72498,12.9499998,,,14.87,0.0,11.82,,,,,,0.0,,
2025-11-05 05:39:17+00:00,2025-11-05 05:39:17,,,,,,,,,,19.6612492,0.0,950.0,1024.6438,12.9125004,,,14.87,0.0,11.82,,,,,,0.0,,
2025-11-05 05:39:18+00:00,2025-11-05 05:39:18,,,,,,,,,,19.6612492,0.0,950.0,1024.6438,12.9125004,,,14.87,0.0,11.82,,,,,,0.0,,
2025-11-05 05:39:19+00:00,2025-11-05 05:39:19,,,,,,,,,,19.6612492,0.0,949.0,1022.45001,12.9499998,,,14.87,0.0,11.82,,,,,,0.0,,
2025-11-05 05:39:20+00:00,2025-11-05 05:39:20,24.6612492,18.0,18.0,28.0,28.0,12.705365725768516,308.0,BO_O2_RULE,"제어매트릭스 규칙 적용: O2_LOW (3단계 롤백, 4단계에서 Hz 변화 없음)",19.6612492,0.0,949.0,1022.45001,12.9499998,,,14.87,0.0,11.82,,,,,,0.0,,
2025-11-05 05:39:21+00:00,2025-11-05 05:39:21,,,,,,,,,,19.6612492,0.0,949.0,1022.04376,13.3374996,,,14.87,0.0,11.82,,,,,,0.0,,
2025-11-05 05:39:22+00:00,2025-11-05 05:39:22,,,,,,,,,,19.6612492,0.0,949.0,1022.04376,13.3374996,,,14.87,0.0,12.38,,,,,,0.0,,
2025-11-05 05:39:23+00:00,2025-11-05 05:39:23,,,,,,,,,,19.6612492,0.0125000002,949.0,1022.9375,13.2749996,,,14.87,0.0,12.38,,,,,,0.0,,
2025-11-05 05:39:24+00:00,2025-11-05 05:39:24,,,,,,,,,,19.6612492,0.0125000002,949.0,1022.9375,13.2749996,,,14.87,0.0,12.38,,,,,,0.0,,
2025-11-05 05:39:25+00:00,2025-11-05 05:39:25,24.6612492,18.0,18.0,28.0,28.0,12.993531080116016,308.0,BO_O2_RULE,"제어매트릭스 규칙 적용: O2_LOW (3단계 롤백, 4단계에서 Hz 변화 없음)",19.6612492,0.00937500037,949.0,1022.28748,13.25,,,14.87,0.0,12.38,,,,,,0.0,,
2025-11-05 05:39:26+00:00,2025-11-05 05:39:26,,,,,,,,,,19.6612492,0.00937500037,949.0,1022.28748,13.25,,,14.87,0.0,12.38,,,,,,0.0,,
2025-11-05 05:39:27+00:00,2025-11-05 05:39:27,,,,,,,,,,19.6612492,0.0203124993,950.0,1021.23126,11.75,,,14.87,0.0,12.38,,,,,,0.0,,
2025-11-05 05:39:28+00:00,2025-11-05 05:39:28,,,,,,,,,,19.6612492,0.0203124993,950.0,1021.23126,11.75,,,14.87,0.0,12.38,,,,,,0.0,,
2025-11-05 05:39:29+00:00,2025-11-05 05:39:29,,,,,,,,,,19.6612492,0.015625,950.0,1021.23126,11.75,,,14.87,0.0,12.38,,,,,,0.0,,
2025-11-05 05:39:30+00:00,2025-11-05 05:39:30,24.6612492,18.0,18.0,28.0,28.0,12.792091489919581,308.0,BO_O2_RULE,"제어매트릭스 규칙 적용: O2_LOW (3단계 롤백, 4단계에서 Hz 변화 없음)",19.6612492,0.0,950.0,1021.06873,11.75,,,14.87,0.0,12.38,,,,,,0.0,,
2025-11-05 05:39:31+00:00,2025-11-05 05:39:31,,,,,,,,,,19.6612492,0.0,950.0,1021.06873,11.9750004,,,14.87,0.0,11.34,,,,,,0.0,,
2025-11-05 05:39:32+00:00,2025-11-05 05:39:32,,,,,,,,,,19.6612492,0.0,950.0,1020.25623,11.9750004,,,14.87,0.0,11.34,,,,,,0.0,,
2025-11-05 05:39:33+00:00,2025-11-05 05:39:33,,,,,,,,,,19.6612492,0.0,950.0,1020.25623,12.1374998,,,14.87,0.0,11.34,,,,,,0.0,,
2025-11-05 05:39:34+00:00,2025-11-05 05:39:34,,,,,,,,,,19.6612492,0.0,950.0,1021.3125,11.7124996,,,14.87,0.0,11.34,,,,,,0.0,,
2025-11-05 05:39:35+00:00,2025-11-05 05:39:35,20.0,20.0,20.0,20.0,20.0,,2.0,FALLBACK,Fallback Hz 사용: 20.0Hz (essential_range_violation),19.6612492,0.0125000002,950.0,1021.3125,11.7124996,,,14.87,0.0,11.34,,,,,,0.0,,
2025-11-05 05:39:36+00:00,2025-11-05 05:39:36,,,,,,,,,,19.6612492,0.0125000002,951.0,1021.06873,12.5625,,,14.87,0.0,11.34,,,,,,0.0,,
2025-11-05 05:39:37+00:00,2025-11-05 05:39:37,,,,,,,,,,19.6612492,0.0250000004,951.0,1021.06873,12.5625,,,14.87,0.0,11.34,,,,,,0.0,,
2025-11-05 05:39:38+00:00,2025-11-05 05:39:38,,,,,,,,,,19.6612492,0.0250000004,950.0,1021.06873,12.6125002,,,14.87,0.0,11.34,,,,,,0.0,,
2025-11-05 05:39:39+00:00,2025-11-05 05:39:39,,,,,,,,,,19.6612492,0.0234375,951.0,1021.23126,12.6875,,,14.87,0.0,11.34,,,,,,0.0,,
2025-11-05 05:39:40+00:00,2025-11-05 05:39:40,24.6612492,18.0,18.0,28.0,28.0,13.008716889766951,308.0,BO_O2_RULE,"제어매트릭스 규칙 적용: O2_LOW (3단계 롤백, 4단계에서 Hz 변화 없음)",19.6612492,0.0203124993,951.0,1021.47498,12.6625004,,,14.87,0.0,11.34,,,,,,0.0,,
2025-11-05 05:39:41+00:00,2025-11-05 05:39:41,,,,,,,,,,19.6612492,0.0203124993,951.0,1021.47498,12.6625004,,,14.87,0.0,11.34,,,,,,0.0,,
2025-11-05 05:39:42+00:00,2025-11-05 05:39:42,,,,,,,,,,19.6612492,0.0203124993,951.0,1021.23126,12.8874998,,,14.87,0.0,11.86,,,,,,0.0,,
2025-11-05 05:39:43+00:00,2025-11-05 05:39:43,,,,,,,,,,19.6612492,0.0234375,951.0,1021.23126,12.8874998,,,14.87,0.0,11.86,,,,,,0.0,,
2025-11-05 05:39:44+00:00,2025-11-05 05:39:44,,,,,,,,,,19.6612492,0.0234375,951.0,1020.82501,13.2250004,,,14.87,0.0,11.86,,,,,,0.0,,
2025-11-05 05:39:45+00:00,2025-11-05 05:39:45,24.6612492,18.0,18.0,28.0,28.0,12.834442103968966,308.0,BO_O2_RULE,"제어매트릭스 규칙 적용: O2_LOW (3단계 롤백, 4단계에서 Hz 변화 없음)",19.6612492,0.0250000004,952.0,1020.33752,12.8374996,,,14.87,0.0,11.86,,,,,,0.0,,
2025-11-05 05:39:46+00:00,2025-11-05 05:39:46,,,,,,,,,,19.6612492,0.0250000004,952.0,1020.33752,12.8374996,,,14.87,0.0,11.86,,,,,,0.0,,
2025-11-05 05:39:47+00:00,2025-11-05 05:39:47,,,,,,,,,,19.6612492,0.0,952.0,1020.66248,11.625,,,14.87,0.0,11.86,,,,,,0.0,,
2025-11-05 05:39:48+00:00,2025-11-05 05:39:48,,,,,,,,,,19.6612492,0.0,952.0,1020.66248,11.625,,,14.87,0.0,11.86,,,,,,0.0,,
2025-11-05 05:39:49+00:00,2025-11-05 05:39:49,,,,,,,,,,19.6612492,0.0,952.0,1021.23126,11.75,,,14.87,0.0,11.86,,,,,,0.0,,
2025-11-05 05:39:50+00:00,2025-11-05 05:39:50,24.6612492,18.0,18.0,28.0,28.0,12.73585345800804,308.0,BO_O2_RULE,"제어매트릭스 규칙 적용: O2_LOW (3단계 롤백, 4단계에서 Hz 변화 없음)",19.6612492,0.0,952.0,1021.23126,11.75,,,14.87,0.0,11.86,,,,,,0.0,,
2025-11-05 05:39:51+00:00,2025-11-05 05:39:51,,,,,,,,,,19.6612492,0.0,952.0,1021.23126,11.75,,,14.87,0.0,11.86,,,,,,0.0,,
2025-11-05 05:39:52+00:00,2025-11-05 05:39:52,,,,,,,,,,19.6612492,0.0,952.0,1020.25623,11.9125004,,,14.87,0.0,11.23,,,,,,0.0,,
2025-11-05 05:39:53+00:00,2025-11-05 05:39:53,,,,,,,,,,19.6612492,0.0,952.0,1020.25623,11.9125004,,,14.87,0.0,11.23,,,,,,0.0,,
2025-11-05 05:39:54+00:00,2025-11-05 05:39:54,,,,,,,,,,19.6612492,0.0187500007,951.0,1021.39374,12.1875,,,14.87,0.0,11.23,,,,,,0.0,,
2025-11-05 05:39:55+00:00,2025-11-05 05:39:55,20.0,20.0,20.0,20.0,20.0,,2.0,FALLBACK,Fallback Hz 사용: 20.0Hz (essential_range_violation),19.6612492,0.0187500007,951.0,1021.39374,12.1875,,,14.87,0.0,11.23,,,,,,0.0,,
2025-11-05 05:39:56+00:00,2025-11-05 05:39:56,,,,,,,,,,19.6612492,0.0,952.0,1021.06873,12.0,,,14.87,0.0,11.23,,,,,,0.0,,
2025-11-05 05:39:57+00:00,2025-11-05 05:39:57,,,,,,,,,,19.6612492,0.0,953.0,1021.06873,12.6000004,,,14.87,0.0,11.23,,,,,,0.0,,
2025-11-05 05:39:58+00:00,2025-11-05 05:39:58,,,,,,,,,,19.6612492,0.0,954.0,1022.61249,12.4875002,,,14.87,0.0,11.23,,,,,,0.0,,
2025-11-05 05:39:59+00:00,2025-11-05 05:39:59,,,,,,,,,,19.6612492,0.0,954.0,1022.61249,12.4875002,,,14.87,0.0,11.23,,,,,,0.0,,
2025-11-05 05:40:00+00:00,2025-11-05 05:40:00,20.0,20.0,20.0,20.0,20.0,,2.0,FALLBACK,Fallback Hz 사용: 20.0Hz (essential_range_violation),19.6612492,0.0140624996,954.0,1022.36877,12.4125004,,3.0,14.87,0.0,11.23,,,,,,0.0,,
2025-11-05 05:40:01+00:00,2025-11-05 05:40:01,,,,,,,,,,19.6612492,0.0140624996,954.0,1022.36877,12.4125004,,,14.87,0.0,11.89,,,,,,0.0,,
2025-11-05 05:40:02+00:00,2025-11-05 05:40:02,,,,,,,,,,19.6612492,0.00937500037,953.0,1023.01874,12.875,,,14.87,0.0,11.89,,,,,,0.0,,
2025-11-05 05:40:03+00:00,2025-11-05 05:40:03,,,,,,,,,,19.6612492,0.00937500037,953.0,1023.01874,12.875,,,14.87,0.0,11.89,,,,,,0.0,,
2025-11-05 05:40:04+00:00,2025-11-05 05:40:04,,,,,,,,,,19.6612492,0.0,954.0,1023.18127,12.6625004,,,14.87,0.0,11.89,,,,,,0.0,,
2025-11-05 05:40:05+00:00,2025-11-05 05:40:05,24.6612492,18.0,18.0,28.0,28.0,14.009901368971853,308.0,BO_O2_RULE,"제어매트릭스 규칙 적용: O2_LOW (3단계 롤백, 4단계에서 Hz 변화 없음)",19.6612492,0.0,954.0,1023.18127,12.6625004,,,14.87,0.0,11.89,,,,,,0.0,,
2025-11-05 05:40:06+00:00,2025-11-05 05:40:06,,,,,,,,,,19.6612492,0.0,954.0,1022.36877,12.4250002,,,14.87,0.0,11.89,,,,,,0.0,,
2025-11-05 05:40:07+00:00,2025-11-05 05:40:07,,,,,,,,,,19.6612492,0.0,954.0,1022.36877,12.4250002,,,14.87,0.0,11.89,,,,,,0.0,,
2025-11-05 05:40:08+00:00,2025-11-05 05:40:08,,,,,,,,,,19.6612492,0.0296874996,954.0,1023.01874,12.3125,,,14.87,0.0,11.89,,,,,,0.0,,
2025-11-05 05:40:09+00:00,2025-11-05 05:40:09,,,,,,,,,,19.6612492,0.0296874996,954.0,1023.01874,12.3125,,,14.87,0.0,11.89,,,,,,0.0,,
2025-11-05 05:40:10+00:00,2025-11-05 05:40:10,20.0,20.0,20.0,20.0,20.0,,2.0,FALLBACK,Fallback Hz 사용: 20.0Hz (essential_range_violation),19.6612492,0.0,954.0,1023.09998,12.3000002,,,14.87,0.0,11.7,,,,,,0.0,,
2025-11-05 05:40:11+00:00,2025-11-05 05:40:11,,,,,,,,,,19.6612492,0.0,954.0,1023.09998,12.3000002,,,14.87,0.0,11.7,,,,,,0.0,,
2025-11-05 05:40:12+00:00,2025-11-05 05:40:12,,,,,,,,,,19.6612492,0.0,953.0,1024.40002,11.8125,,,14.87,0.0,11.7,,,,,,0.0,,
2025-11-05 05:40:13+00:00,2025-11-05 05:40:13,,,,,,,,,,19.6612492,0.0,953.0,1024.40002,11.8125,,,14.87,0.0,11.7,,,,,,0.0,,
2025-11-05 05:40:14+00:00,2025-11-05 05:40:14,,,,,,,,,,19.6612492,0.0,953.0,1024.72498,11.8125,,,14.87,0.0,11.7,,,,,,0.0,,
2025-11-05 05:40:15+00:00,2025-11-05 05:40:15,20.0,20.0,20.0,20.0,20.0,,2.0,FALLBACK,Fallback Hz 사용: 20.0Hz (essential_range_violation),19.6612492,0.0,953.0,1024.4812,11.8999996,,,14.87,0.0,11.7,,,,,,0.0,,
2025-11-05 05:40:16+00:00,2025-11-05 05:40:16,,,,,,,,,,19.6612492,0.0,953.0,1023.99377,11.0874996,,,14.87,0.0,11.7,,,,,,0.0,,
2025-11-05 05:40:17+00:00,2025-11-05 05:40:17,,,,,,,,,,19.6612492,0.0,953.0,1023.99377,11.0874996,,,14.87,0.0,11.7,,,,,,0.0,,
2025-11-05 05:40:18+00:00,2025-11-05 05:40:18,,,,,,,,,,19.6612492,0.00156250002,953.0,1023.91248,11.4125004,,,14.87,0.0,11.7,,,,,,0.0,,
2025-11-05 05:40:19+00:00,2025-11-05 05:40:19,,,,,,,,,,19.6612492,0.00156250002,953.0,1023.91248,11.4125004,,,14.87,0.0,11.7,,,,,,0.0,,
2025-11-05 05:40:20+00:00,2025-11-05 05:40:20,20.0,20.0,20.0,20.0,20.0,,2.0,FALLBACK,Fallback Hz 사용: 20.0Hz (essential_range_violation),19.6612492,0.00156250002,953.0,1023.83124,10.6875,,,14.87,0.0,11.7,,,,,,0.0,,
2025-11-05 05:40:21+00:00,2025-11-05 05:40:21,,,,,,,,,,19.6612492,0.00156250002,955.0,1023.75,10.75,,,14.87,0.0,10.71,,,,,,0.0,,
2025-11-05 05:40:22+00:00,2025-11-05 05:40:22,,,,,,,,,,19.6612492,0.015625,955.0,1023.75,10.75,,,14.87,0.0,10.71,,,,,,0.0,,
2025-11-05 05:40:23+00:00,2025-11-05 05:40:23,,,,,,,,,,19.6612492,0.015625,955.0,1023.66876,10.7749996,,,14.87,0.0,10.71,,,,,,0.0,,
2025-11-05 05:40:24+00:00,2025-11-05 05:40:24,,,,,,,,,,19.6612492,0.00156250002,955.0,1023.66876,10.7749996,,,14.87,0.0,10.71,,,,,,0.0,,
2025-11-05 05:40:25+00:00,2025-11-05 05:40:25,24.6612492,18.0,18.0,28.0,28.0,12.989394062991739,308.0,BO_O2_RULE,"제어매트릭스 규칙 적용: O2_LOW (3단계 롤백, 4단계에서 Hz 변화 없음)",19.6612492,0.00156250002,955.0,1024.6438,9.19999981,,,14.87,0.0,10.71,,,,,,0.0,,
2025-11-05 05:40:26+00:00,2025-11-05 05:40:26,,,,,,,,,,19.6612492,0.0234375,955.0,1024.6438,9.19999981,,,14.87,0.0,10.71,,,,,,0.0,,
2025-11-05 05:40:27+00:00,2025-11-05 05:40:27,,,,,,,,,,19.6612492,0.0234375,956.0,1024.4812,9.41250038,,,14.87,0.0,10.71,,,,,,0.0,,
2025-11-05 05:40:28+00:00,2025-11-05 05:40:28,,,,,,,,,,19.6612492,0.0,956.0,1024.80627,9.36250019,,,14.87,0.0,10.71,,,,,,0.0,,
2025-11-05 05:40:29+00:00,2025-11-05 05:40:29,,,,,,,,,,19.6612492,0.0,956.0,1024.80627,9.36250019,,,14.87,0.0,10.71,,,,,,0.0,,
2025-11-05 05:40:30+00:00,2025-11-05 05:40:30,24.6612492,18.0,18.0,28.0,28.0,17.00833288428439,308.0,BO_O2_RULE,"제어매트릭스 규칙 적용: O2_LOW (3단계 롤백, 4단계에서 Hz 변화 없음)",19.6612492,0.0,955.0,1024.23755,8.96249962,,,14.87,0.0,8.73,,,,,,0.0,,
2025-11-05 05:40:31+00:00,2025-11-05 05:40:31,,,,,,,,,,19.6612492,0.0,955.0,1024.23755,8.96249962,,,14.87,0.0,8.73,,,,,,0.0,,
2025-11-05 05:40:32+00:00,2025-11-05 05:40:32,,,,,,,,,,19.6612492,0.0187500007,954.0,1025.375,8.73750019,,,14.87,0.0,8.73,,,,,,0.0,,
2025-11-05 05:40:33+00:00,2025-11-05 05:40:33,,,,,,,,,,19.6612492,0.0187500007,954.0,1025.375,8.73750019,,,14.87,0.0,8.73,,,,,,0.0,,
2025-11-05 05:40:34+00:00,2025-11-05 05:40:34,,,,,,,,,,19.6612492,0.0187500007,955.0,1025.78125,8.875,,,14.87,0.0,8.73,,,,,,0.0,,
2025-11-05 05:40:35+00:00,2025-11-05 05:40:35,24.6612492,18.0,18.0,28.0,28.0,12.475971559076756,308.0,BO_O2_RULE,"제어매트릭스 규칙 적용: O2_LOW (3단계 롤백, 4단계에서 Hz 변화 없음)",19.6612492,0.0,955.0,1025.78125,8.875,,,14.87,0.0,8.73,,,,,,0.0,,
2025-11-05 05:40:36+00:00,2025-11-05 05:40:36,,,,,,,,,,19.6612492,0.0234375,956.0,1026.51245,8.61250019,,,14.87,0.0,8.73,,,,,,0.0,,
2025-11-05 05:40:37+00:00,2025-11-05 05:40:37,,,,,,,,,,19.6612492,0.0234375,956.0,1026.51245,8.61250019,,,14.87,0.0,8.73,,,,,,0.0,,
2025-11-05 05:40:38+00:00,2025-11-05 05:40:38,,,,,,,,,,19.6612492,0.0203124993,955.0,1025.69995,8.75,,,14.87,0.0,8.73,,,,,,0.0,,
2025-11-05 05:40:39+00:00,2025-11-05 05:40:39,,,,,,,,,,19.6612492,0.00625000009,956.0,1025.4563,8.80000019,,,14.87,0.0,8.73,,,,,,0.0,,
2025-11-05 05:40:40+00:00,2025-11-05 05:40:40,18.0,18.0,18.0,18.0,18.0,11.966248782384884,100.0,BO_ONLY,"BO 모델 결과만 사용 (1단계 롤백, 2~4단계에서 Hz 변화 없음)",19.6612492,0.00625000009,956.0,1025.4563,8.80000019,,,14.87,0.0,7.86,,,,,,0.0,,
2025-11-05 05:40:41+00:00,2025-11-05 05:40:41,,,,,,,,,,19.6612492,0.0234375,956.0,1025.69995,8.05000019,,,14.87,0.0,7.86,,,,,,0.0,,
2025-11-05 05:40:42+00:00,2025-11-05 05:40:42,,,,,,,,,,19.6612492,0.0250000004,955.0,1026.59375,8.11250019,,,14.87,0.0,7.86,,,,,,0.0,,
2025-11-05 05:40:43+00:00,2025-11-05 05:40:43,,,,,,,,,,19.6612492,0.0250000004,955.0,1026.59375,8.11250019,,,14.87,0.0,7.86,,,,,,0.0,,
2025-11-05 05:40:44+00:00,2025-11-05 05:40:44,,,,,,,,,,19.6612492,0.0250000004,955.0,1026.9187,7.8375001,,,14.87,0.0,7.86,,,,,,0.0,,
2025-11-05 05:40:45+00:00,2025-11-05 05:40:45,24.6612492,18.0,18.0,28.0,28.0,16.49204123440203,308.0,BO_O2_RULE,"제어매트릭스 규칙 적용: O2_LOW (3단계 롤백, 4단계에서 Hz 변화 없음)",,,,,,,,,,,,,,,,,,
2025-11-05 05:40:46+00:00,2025-11-05 05:40:46,,,,,,,,,,19.6612492,0.0250000004,955.0,1026.9187,7.8375001,,,14.87,0.0,7.86,,,,,,0.0,,
2025-11-05 05:40:47+00:00,2025-11-05 05:40:47,,,,,,,,,,19.6612492,0.0250000004,955.0,1027.48755,7.98750019,,,14.87,0.0,7.86,,,,,,0.0,,
2025-11-05 05:40:48+00:00,2025-11-05 05:40:48,,,,,,,,,,19.6612492,0.0250000004,956.0,1027.48755,7.98750019,,,14.87,0.0,7.86,,,,,,0.0,,
2025-11-05 05:40:49+00:00,2025-11-05 05:40:49,,,,,,,,,,19.6612492,0.0,956.0,1028.21875,7.9000001,,,14.87,0.0,7.86,,,,,,0.0,,
2025-11-05 05:40:50+00:00,2025-11-05 05:40:50,24.6612492,18.0,18.0,28.0,28.0,16.428092492987165,308.0,BO_O2_RULE,"제어매트릭스 규칙 적용: O2_LOW (3단계 롤백, 4단계에서 Hz 변화 없음)",19.6612492,0.0140624996,954.0,1027.40625,7.73750019,,,14.87,0.0,7.86,,,,,,0.0,,
2025-11-05 05:40:51+00:00,2025-11-05 05:40:51,,,,,,,,,,19.6612492,0.0140624996,954.0,1027.40625,7.73750019,,,14.87,0.0,7.86,,,,,,0.0,,
2025-11-05 05:40:52+00:00,2025-11-05 05:40:52,,,,,,,,,,19.6612492,0.0140624996,954.0,1027.40625,8.80000019,,,14.87,0.0,7.2,,,,,,0.0,,
2025-11-05 05:40:53+00:00,2025-11-05 05:40:53,,,,,,,,,,19.6612492,0.0250000004,955.0,1027.40625,8.80000019,,,14.87,0.0,7.2,,,,,,0.0,,
2025-11-05 05:40:54+00:00,2025-11-05 05:40:54,,,,,,,,,,19.6612492,0.0250000004,955.0,1027.0813,8.96249962,,,14.87,0.0,7.2,,,,,,0.0,,
2025-11-05 05:40:55+00:00,2025-11-05 05:40:55,24.6612492,18.0,18.0,28.0,28.0,12.420167388447805,308.0,BO_O2_RULE,"제어매트릭스 규칙 적용: O2_LOW (3단계 롤백, 4단계에서 Hz 변화 없음)",19.6612492,0.0,954.0,1027.40625,8.82499981,,,14.87,0.0,7.2,,,,,,0.0,,
2025-11-05 05:40:56+00:00,2025-11-05 05:40:56,,,,,,,,,,19.6612492,0.0,954.0,1027.40625,8.82499981,,,14.87,0.0,7.2,,,,,,0.0,,
2025-11-05 05:40:57+00:00,2025-11-05 05:40:57,,,,,,,,,,19.6612492,0.0171875004,955.0,1027.0813,8.73750019,,,14.87,0.0,7.2,,,,,,0.0,,
2025-11-05 05:40:58+00:00,2025-11-05 05:40:58,,,,,,,,,,19.6612492,0.0171875004,955.0,1027.0813,8.73750019,,,14.87,0.0,7.2,,,,,,0.0,,
2025-11-05 05:40:59+00:00,2025-11-05 05:40:59,,,,,,,,,,19.6612492,0.0,955.0,1027.0813,8.82499981,,,14.87,0.0,7.2,,,,,,0.0,,
2025-11-05 05:41:00+00:00,2025-11-05 05:41:00,24.6612492,18.0,18.0,28.0,28.0,12.30427511186465,308.0,BO_O2_RULE,"제어매트릭스 규칙 적용: O2_LOW (3단계 롤백, 4단계에서 Hz 변화 없음)",19.6612492,0.0,958.0,1027.8938,8.78750038,,3.0,14.87,0.0,7.2,,,,,,0.0,,
2025-11-05 05:41:01+00:00,2025-11-05 05:41:01,,,,,,,,,,19.6612492,0.0,956.0,1027.65002,8.52499962,,,14.87,0.0,7.2,,,,,,0.0,,
2025-11-05 05:41:02+00:00,2025-11-05 05:41:02,,,,,,,,,,19.6612492,0.00312500005,956.0,1027.65002,8.52499962,,,14.87,0.0,8.17,,,,,,0.0,,
2025-11-05 05:41:03+00:00,2025-11-05 05:41:03,,,,,,,,,,19.6612492,0.00156250002,958.0,1027.40625,8.6875,,,14.87,0.0,8.17,,,,,,0.0,,
2025-11-05 05:41:04+00:00,2025-11-05 05:41:04,,,,,,,,,,19.6612492,0.00156250002,958.0,1027.40625,8.6875,,,14.87,0.0,8.17,,,,,,0.0,,
2025-11-05 05:41:05+00:00,2025-11-05 05:41:05,18.0,18.0,18.0,18.0,18.0,11.723419060286968,100.0,BO_ONLY,"BO 모델 결과만 사용 (1단계 롤백, 2~4단계에서 Hz 변화 없음)",19.6612492,0.0218749996,957.0,1027.0813,8.48750019,,,14.87,0.0,8.17,,,,,,0.0,,
2025-11-05 05:41:06+00:00,2025-11-05 05:41:06,,,,,,,,,,19.6612492,0.0140624996,958.0,1027.48755,8.63749981,,,14.87,0.0,8.17,,,,,,0.0,,
2025-11-05 05:41:07+00:00,2025-11-05 05:41:07,,,,,,,,,,19.6612492,0.0,957.0,1027.97498,8.96249962,,,14.87,0.0,8.17,,,,,,0.0,,
2025-11-05 05:41:08+00:00,2025-11-05 05:41:08,,,,,,,,,,19.6612492,0.0,957.0,1027.97498,8.96249962,,,14.87,0.0,8.17,,,,,,0.0,,
2025-11-05 05:41:09+00:00,2025-11-05 05:41:09,,,,,,,,,,19.6612492,0.0203124993,958.0,1027.40625,8.28750038,,,14.87,0.0,8.17,,,,,,0.0,,
2025-11-05 05:41:10+00:00,2025-11-05 05:41:10,18.0,18.0,18.0,18.0,18.0,11.531882425905136,100.0,BO_ONLY,"BO 모델 결과만 사용 (1단계 롤백, 2~4단계에서 Hz 변화 없음)",19.6612492,0.0250000004,957.0,1027.65002,8.72500038,,,14.87,0.0,8.17,,,,,,0.0,,
2025-11-05 05:41:11+00:00,2025-11-05 05:41:11,,,,,,,,,,19.6612492,0.0250000004,957.0,1027.65002,8.72500038,,,14.87,0.0,7.89,,,,,,0.0,,
2025-11-05 05:41:12+00:00,2025-11-05 05:41:12,,,,,,,,,,19.6612492,0.0250000004,958.0,1027.24377,9.80000019,,,14.87,0.0,7.89,,,,,,0.0,,
2025-11-05 05:41:13+00:00,2025-11-05 05:41:13,,,,,,,,,,19.6612492,0.00625000009,958.0,1027.24377,9.80000019,,,14.87,0.0,7.89,,,,,,0.0,,
2025-11-05 05:41:14+00:00,2025-11-05 05:41:14,,,,,,,,,,19.6612492,0.00625000009,958.0,1027.32495,10.3000002,,,14.87,0.0,7.89,,,,,,0.0,,
2025-11-05 05:41:15+00:00,2025-11-05 05:41:15,18.0,18.0,18.0,18.0,18.0,11.95766653866584,100.0,BO_ONLY,"BO 모델 결과만 사용 (1단계 롤백, 2~4단계에서 Hz 변화 없음)",19.6612492,0.0078125,958.0,1027.32495,10.3000002,,,14.87,0.0,7.89,,,,,,0.0,,
2025-11-05 05:41:16+00:00,2025-11-05 05:41:16,,,,,,,,,,19.6612492,0.0078125,959.0,1027.16248,10.2624998,,,14.87,0.0,7.89,,,,,,0.0,,
2025-11-05 05:41:17+00:00,2025-11-05 05:41:17,,,,,,,,,,19.6612492,0.0,959.0,1028.05627,9.97500038,,,14.87,0.0,7.89,,,,,,0.0,,
2025-11-05 05:41:18+00:00,2025-11-05 05:41:18,,,,,,,,,,19.6612492,0.0,959.0,1028.05627,9.97500038,,,14.87,0.0,7.89,,,,,,0.0,,
2025-11-05 05:41:19+00:00,2025-11-05 05:41:19,,,,,,,,,,19.6612492,0.015625,959.0,1027.24377,10.1374998,,,14.87,0.0,7.89,,,,,,0.0,,
2025-11-05 05:41:20+00:00,2025-11-05 05:41:20,24.6612492,18.0,18.0,28.0,28.0,12.54357092167476,308.0,BO_O2_RULE,"제어매트릭스 규칙 적용: O2_LOW (3단계 롤백, 4단계에서 Hz 변화 없음)",19.6612492,0.015625,959.0,1027.24377,10.1374998,,,14.87,0.0,7.89,,,,,,0.0,,
2025-11-05 05:41:21+00:00,2025-11-05 05:41:21,,,,,,,,,,19.6612492,0.015625,959.0,1027.0813,9.35000038,,,14.87,0.0,7.89,,,,,,0.0,,
2025-11-05 05:41:22+00:00,2025-11-05 05:41:22,,,,,,,,,,19.6612492,0.015625,959.0,1027.0813,9.35000038,,,14.87,0.0,9.45,,,,,,0.0,,
2025-11-05 05:41:23+00:00,2025-11-05 05:41:23,,,,,,,,,,19.6612492,0.015625,959.0,1027.48755,9.75,,,14.87,0.0,9.45,,,,,,0.0,,
2025-11-05 05:41:24+00:00,2025-11-05 05:41:24,,,,,,,,,,19.6612492,0.015625,959.0,1027.48755,9.75,,,14.87,0.0,9.45,,,,,,0.0,,
2025-11-05 05:41:25+00:00,2025-11-05 05:41:25,24.6612492,18.0,18.0,28.0,28.0,12.090951329714256,308.0,BO_O2_RULE,"제어매트릭스 규칙 적용: O2_LOW (3단계 롤백, 4단계에서 Hz 변화 없음)",19.6612492,0.0218749996,959.0,1027.7312,9.82499981,,,14.87,0.0,9.45,,,,,,0.0,,
2025-11-05 05:41:26+00:00,2025-11-05 05:41:26,,,,,,,,,,19.6612492,0.0218749996,958.0,1027.7312,9.82499981,,,14.87,0.0,9.45,,,,,,0.0,,
2025-11-05 05:41:27+00:00,2025-11-05 05:41:27,,,,,,,,,,19.6612492,0.0218749996,959.0,1028.38123,10.0124998,,,14.87,0.0,9.45,,,,,,0.0,,
2025-11-05 05:41:28+00:00,2025-11-05 05:41:28,,,,,,,,,,19.6612492,0.0218749996,959.0,1028.38123,10.0124998,,,14.87,0.0,9.45,,,,,,0.0,,
2025-11-05 05:41:29+00:00,2025-11-05 05:41:29,,,,,,,,,,19.6612492,0.0265625007,959.0,1027.0813,9.82499981,,,14.87,0.0,9.45,,,,,,0.0,,
2025-11-05 05:41:30+00:00,2025-11-05 05:41:30,24.6612492,18.0,18.0,28.0,28.0,12.143495826804932,308.0,BO_O2_RULE,"제어매트릭스 규칙 적용: O2_LOW (3단계 롤백, 4단계에서 Hz 변화 없음)",19.6612492,0.0265625007,959.0,1027.0813,9.82499981,,,14.87,0.0,9.45,,,,,,0.0,,
2025-11-05 05:41:31+00:00,2025-11-05 05:41:31,,,,,,,,,,19.6612492,0.0,958.0,1027.65002,11.0,,,14.87,0.0,9.45,,,,,,0.0,,
2025-11-05 05:41:32+00:00,2025-11-05 05:41:32,,,,,,,,,,19.6612492,0.0,958.0,1027.65002,11.0,,,14.87,0.0,9.38,,,,,,0.0,,
2025-11-05 05:41:33+00:00,2025-11-05 05:41:33,,,,,,,,,,19.6612492,0.0234375,958.0,1028.30005,11.0749998,,,14.87,0.0,9.38,,,,,,0.0,,
2025-11-05 05:41:34+00:00,2025-11-05 05:41:34,,,,,,,,,,19.6612492,0.0234375,958.0,1028.30005,11.0749998,,,14.87,0.0,9.38,,,,,,0.0,,
2025-11-05 05:41:35+00:00,2025-11-05 05:41:35,24.6612492,18.0,18.0,28.0,28.0,12.712455749560615,308.0,BO_O2_RULE,"제어매트릭스 규칙 적용: O2_LOW (3단계 롤백, 4단계에서 Hz 변화 없음)",19.6612492,0.00156250002,958.0,1027.0813,11.0375004,,,14.87,0.0,9.38,,,,,,0.0,,
2025-11-05 05:41:36+00:00,2025-11-05 05:41:36,,,,,,,,,,19.6612492,0.00156250002,958.0,1029.68127,11.1000004,,,14.87,0.0,9.38,,,,,,0.0,,
2025-11-05 05:41:37+00:00,2025-11-05 05:41:37,,,,,,,,,,19.6612492,0.0281249993,959.0,1029.68127,11.1000004,,,14.87,0.0,9.38,,,,,,0.0,,
2025-11-05 05:41:38+00:00,2025-11-05 05:41:38,,,,,,,,,,19.6612492,0.00468750019,959.0,1029.68127,11.2624998,,,14.87,0.0,9.38,,,,,,0.0,,
2025-11-05 05:41:39+00:00,2025-11-05 05:41:39,,,,,,,,,,19.6612492,0.00468750019,959.0,1029.68127,11.2624998,,,14.87,0.0,9.38,,,,,,0.0,,
2025-11-05 05:41:40+00:00,2025-11-05 05:41:40,18.0,18.0,18.0,18.0,18.0,11.88330866705183,100.0,BO_ONLY,"BO 모델 결과만 사용 (1단계 롤백, 2~4단계에서 Hz 변화 없음)",19.6612492,0.0,959.0,1028.38123,10.8125,,,14.87,0.0,10.46,,,,,,0.0,,
2025-11-05 05:41:41+00:00,2025-11-05 05:41:41,,,,,,,,,,19.6612492,0.0218749996,959.0,1029.76245,11.0874996,,,14.87,0.0,10.46,,,,,,0.0,,
2025-11-05 05:41:42+00:00,2025-11-05 05:41:42,,,,,,,,,,19.6612492,0.0218749996,959.0,1029.76245,11.0874996,,,14.87,0.0,10.46,,,,,,0.0,,
2025-11-05 05:41:43+00:00,2025-11-05 05:41:43,,,,,,,,,,19.6612492,0.0,958.0,1029.5188,11.4250002,,,14.87,0.0,10.46,,,,,,0.0,,
2025-11-05 05:41:44+00:00,2025-11-05 05:41:44,,,,,,,,,,19.6612492,0.0,959.0,1028.78748,11.1374998,,,14.87,0.0,10.46,,,,,,0.0,,
2025-11-05 05:41:45+00:00,2025-11-05 05:41:45,18.0,18.0,18.0,18.0,18.0,11.91052196828035,100.0,BO_ONLY,"BO 모델 결과만 사용 (1단계 롤백, 2~4단계에서 Hz 변화 없음)",19.6612492,0.00937500037,959.0,1028.78748,11.1374998,,,14.87,0.0,10.46,,,,,,0.0,,
2025-11-05 05:41:46+00:00,2025-11-05 05:41:46,,,,,,,,,,19.6612492,0.0,961.0,1028.78748,11.0749998,,,14.87,0.0,10.46,,,,,,0.0,,
2025-11-05 05:41:47+00:00,2025-11-05 05:41:47,,,,,,,,,,19.6612492,0.0,961.0,1028.78748,11.0749998,,,14.87,0.0,10.46,,,,,,0.0,,
2025-11-05 05:41:48+00:00,2025-11-05 05:41:48,,,,,,,,,,19.6612492,0.0,960.0,1029.19373,11.1999998,,,14.87,0.0,10.46,,,,,,0.0,,
2025-11-05 05:41:49+00:00,2025-11-05 05:41:49,,,,,,,,,,19.6612492,0.0,960.0,1029.76245,11.1499996,,,14.87,0.0,10.46,,,,,,0.0,,
2025-11-05 05:41:50+00:00,2025-11-05 05:41:50,20.0,20.0,20.0,20.0,20.0,,2.0,FALLBACK,Fallback Hz 사용: 20.0Hz (essential_range_violation),19.6612492,0.0,960.0,1029.76245,11.1499996,,,14.87,0.0,10.59,,,,,,0.0,,
2025-11-05 05:41:51+00:00,2025-11-05 05:41:51,,,,,,,,,,19.6612492,0.0,960.0,1028.78748,11.9750004,,,14.87,0.0,10.59,,,,,,0.0,,
2025-11-05 05:41:52+00:00,2025-11-05 05:41:52,,,,,,,,,,19.6612492,0.0,960.0,1029.76245,11.8625002,,,14.87,0.0,10.59,,,,,,0.0,,
2025-11-05 05:41:53+00:00,2025-11-05 05:41:53,,,,,,,,,,19.6612492,0.0,960.0,1029.76245,11.8625002,,,14.87,0.0,10.59,,,,,,0.0,,
2025-11-05 05:41:54+00:00,2025-11-05 05:41:54,,,,,,,,,,19.6612492,0.0,960.0,1028.625,11.7124996,,,14.87,0.0,10.59,,,,,,0.0,,
2025-11-05 05:41:55+00:00,2025-11-05 05:41:55,20.0,20.0,20.0,20.0,20.0,,2.0,FALLBACK,Fallback Hz 사용: 20.0Hz (essential_range_violation),19.6612492,0.0171875004,960.0,1028.625,11.7124996,,,14.87,0.0,10.59,,,,,,0.0,,
2025-11-05 05:41:56+00:00,2025-11-05 05:41:56,,,,,,,,,,19.6612492,0.0234375,961.0,1029.5188,11.9875002,,,14.87,0.0,10.59,,,,,,0.0,,
2025-11-05 05:41:57+00:00,2025-11-05 05:41:57,,,,,,,,,,19.6612492,0.0234375,961.0,1029.5188,11.9875002,,,14.87,0.0,10.59,,,,,,0.0,,
2025-11-05 05:41:58+00:00,2025-11-05 05:41:58,,,,,,,,,,19.6612492,0.0125000002,961.0,1029.4375,11.9875002,,,14.87,0.0,10.59,,,,,,0.0,,
2025-11-05 05:41:59+00:00,2025-11-05 05:41:59,,,,,,,,,,19.6612492,0.015625,959.0,1029.19373,12.2124996,,,14.87,0.0,10.59,,,,,,0.0,,
2025-11-05 05:42:00+00:00,2025-11-05 05:42:00,24.6612492,18.0,18.0,28.0,28.0,12.569237188502372,308.0,BO_O2_RULE,"제어매트릭스 규칙 적용: O2_LOW (3단계 롤백, 4단계에서 Hz 변화 없음)",19.6612492,0.015625,959.0,1029.19373,12.2124996,,3.0,14.87,0.0,10.59,,,,,,0.0,,
2025-11-05 05:42:01+00:00,2025-11-05 05:42:01,,,,,,,,,,19.6612492,0.015625,960.0,1029.03125,12.4750004,,,14.87,0.0,11.6,,,,,,0.0,,
2025-11-05 05:42:02+00:00,2025-11-05 05:42:02,,,,,,,,,,19.6612492,0.015625,960.0,1029.03125,12.4750004,,,14.87,0.0,11.6,,,,,,0.0,,
2025-11-05 05:42:03+00:00,2025-11-05 05:42:03,,,,,,,,,,19.6612492,0.0250000004,960.0,1029.4375,12.0749998,,,14.87,0.0,11.6,,,,,,0.0,,
2025-11-05 05:42:04+00:00,2025-11-05 05:42:04,,,,,,,,,,19.6612492,0.0250000004,960.0,1029.4375,12.0749998,,,14.87,0.0,11.6,,,,,,0.0,,
2025-11-05 05:42:05+00:00,2025-11-05 05:42:05,24.6612492,18.0,18.0,28.0,28.0,12.471835585276004,308.0,BO_O2_RULE,"제어매트릭스 규칙 적용: O2_LOW (3단계 롤백, 4단계에서 Hz 변화 없음)",19.6612492,0.0203124993,962.0,1028.78748,12.0249996,,,14.87,0.0,11.6,,,,,,0.0,,
2025-11-05 05:42:06+00:00,2025-11-05 05:42:06,,,,,,,,,,19.6612492,0.0203124993,962.0,1028.78748,12.0249996,,,14.87,0.0,11.6,,,,,,0.0,,
2025-11-05 05:42:07+00:00,2025-11-05 05:42:07,,,,,,,,,,19.6612492,0.00468750019,962.0,1028.5437,12.0749998,,,14.87,0.0,11.6,,,,,,0.0,,
2025-11-05 05:42:08+00:00,2025-11-05 05:42:08,,,,,,,,,,19.6612492,0.00468750019,962.0,1028.5437,12.0749998,,,14.87,0.0,11.6,,,,,,0.0,,
2025-11-05 05:42:09+00:00,2025-11-05 05:42:09,,,,,,,,,,19.6612492,0.0250000004,962.0,1029.19373,12.1000004,,,14.87,0.0,11.6,,,,,,0.0,,
2025-11-05 05:42:10+00:00,2025-11-05 05:42:10,24.6612492,18.0,18.0,28.0,28.0,12.027552294513727,308.0,BO_O2_RULE,"제어매트릭스 규칙 적용: O2_LOW (3단계 롤백, 4단계에서 Hz 변화 없음)",19.6612492,0.0250000004,962.0,1029.19373,12.1000004,,,14.87,0.0,11.6,,,,,,0.0,,
2025-11-05 05:42:11+00:00,2025-11-05 05:42:11,,,,,,,,,,19.6612492,0.0218749996,963.0,1028.625,11.5375004,,,14.87,0.0,11.48,,,,,,0.0,,
2025-11-05 05:42:12+00:00,2025-11-05 05:42:12,,,,,,,,,,19.6612492,0.0218749996,963.0,1028.625,11.5375004,,,14.87,0.0,11.48,,,,,,0.0,,
2025-11-05 05:42:13+00:00,2025-11-05 05:42:13,,,,,,,,,,19.6612492,0.0218749996,963.0,1029.03125,11.8374996,,,14.87,0.0,11.48,,,,,,0.0,,
2025-11-05 05:42:14+00:00,2025-11-05 05:42:14,,,,,,,,,,19.6612492,0.0250000004,963.0,1029.5188,11.7124996,,,14.87,0.0,11.48,,,,,,0.0,,
2025-11-05 05:42:15+00:00,2025-11-05 05:42:15,18.0,18.0,18.0,18.0,18.0,11.500688720173148,100.0,BO_ONLY,"BO 모델 결과만 사용 (1단계 롤백, 2~4단계에서 Hz 변화 없음)",19.6612492,0.0250000004,961.0,1029.5188,11.7124996,,,14.87,0.0,11.48,,,,,,0.0,,
2025-11-05 05:42:16+00:00,2025-11-05 05:42:16,,,,,,,,,,19.6612492,0.0,961.0,1028.86877,11.5874996,,,14.87,0.0,11.48,,,,,,0.0,,
2025-11-05 05:42:17+00:00,2025-11-05 05:42:17,,,,,,,,,,19.6612492,0.0171875004,963.0,1029.03125,11.5,,,14.87,0.0,11.48,,,,,,0.0,,
2025-11-05 05:42:18+00:00,2025-11-05 05:42:18,,,,,,,,,,19.6612492,0.0171875004,963.0,1029.03125,11.5,,,14.87,0.0,11.48,,,,,,0.0,,
2025-11-05 05:42:19+00:00,2025-11-05 05:42:19,,,,,,,,,,19.6612492,0.0140624996,962.0,1029.03125,11.5625,,,14.87,0.0,11.48,,,,,,0.0,,
2025-11-05 05:42:20+00:00,2025-11-05 05:42:20,18.0,18.0,18.0,18.0,18.0,11.707717934507295,100.0,BO_ONLY,"BO 모델 결과만 사용 (1단계 롤백, 2~4단계에서 Hz 변화 없음)",19.6612492,0.0218749996,962.0,1029.68127,11.8125,,,14.87,0.0,10.91,,,,,,0.0,,
2025-11-05 05:42:21+00:00,2025-11-05 05:42:21,,,,,,,,,,19.6612492,0.0218749996,962.0,1029.68127,11.8125,,,14.87,0.0,10.91,,,,,,0.0,,
2025-11-05 05:42:22+00:00,2025-11-05 05:42:22,,,,,,,,,,19.6612492,0.0171875004,961.0,1029.3562,11.7124996,,,14.87,0.0,10.91,,,,,,0.0,,
2025-11-05 05:42:23+00:00,2025-11-05 05:42:23,,,,,,,,,,19.6612492,0.0171875004,961.0,1029.3562,11.7124996,,,14.87,0.0,10.91,,,,,,0.0,,
2025-11-05 05:42:24+00:00,2025-11-05 05:42:24,,,,,,,,,,19.6612492,0.0125000002,961.0,1029.4375,11.3874998,,,14.87,0.0,10.91,,,,,,0.0,,
2025-11-05 05:42:25+00:00,2025-11-05 05:42:25,24.6612492,18.0,18.0,28.0,28.0,12.04056098545396,308.0,BO_O2_RULE,"제어매트릭스 규칙 적용: O2_LOW (3단계 롤백, 4단계에서 Hz 변화 없음)",19.6612492,0.0125000002,961.0,1029.4375,11.3874998,,,14.87,0.0,10.91,,,,,,0.0,,
2025-11-05 05:42:26+00:00,2025-11-05 05:42:26,,,,,,,,,,19.6612492,0.0125000002,962.0,1030.00623,11.6875,,,14.87,0.0,10.91,,,,,,0.0,,
2025-11-05 05:42:27+00:00,2025-11-05 05:42:27,,,,,,,,,,19.6612492,0.0125000002,962.0,1030.00623,11.6875,,,14.87,0.0,10.91,,,,,,0.0,,
2025-11-05 05:42:29+00:00,2025-11-05 05:42:29,,,,,,,,,,19.6612492,0.0078125,963.0,1029.03125,11.3249998,,,14.87,0.0,10.91,,,,,,0.0,,
2025-11-05 05:42:30+00:00,2025-11-05 05:42:30,24.6612492,18.0,18.0,28.0,28.0,12.200075264083262,308.0,BO_O2_RULE,"제어매트릭스 규칙 적용: O2_LOW (3단계 롤백, 4단계에서 Hz 변화 없음)",19.6612492,0.0078125,963.0,1029.03125,11.3249998,,,14.87,0.0,10.91,,,,,,0.0,,
2025-11-05 05:42:31+00:00,2025-11-05 05:42:31,,,,,,,,,,19.6612492,0.0,961.0,1029.11255,11.8999996,,,14.87,0.0,10.98,,,,,,0.0,,
2025-11-05 05:42:32+00:00,2025-11-05 05:42:32,,,,,,,,,,19.6612492,0.0281249993,962.0,1029.5188,12.1000004,,,14.87,0.0,10.98,,,,,,0.0,,
2025-11-05 05:42:33+00:00,2025-11-05 05:42:33,,,,,,,,,,19.6612492,0.0281249993,962.0,1029.5188,12.1000004,,,14.87,0.0,10.98,,,,,,0.0,,
2025-11-05 05:42:34+00:00,2025-11-05 05:42:34,,,,,,,,,,19.6612492,0.0281249993,962.0,1029.03125,11.7624998,,,14.87,0.0,10.98,,,,,,0.0,,
2025-11-05 05:42:35+00:00,2025-11-05 05:42:35,24.6612492,18.0,18.0,28.0,28.0,12.155452419553708,308.0,BO_O2_RULE,"제어매트릭스 규칙 적용: O2_LOW (3단계 롤백, 4단계에서 Hz 변화 없음)",19.6612492,0.0281249993,962.0,1029.03125,11.7624998,,,14.87,0.0,10.98,,,,,,0.0,,
2025-11-05 05:42:36+00:00,2025-11-05 05:42:36,,,,,,,,,,19.6612492,0.0,961.0,1027.32495,11.5874996,,,14.87,0.0,10.98,,,,,,0.0,,
2025-11-05 05:42:37+00:00,2025-11-05 05:42:37,,,,,,,,,,19.6612492,0.0203124993,963.0,1027.48755,11.75,,,14.87,0.0,10.98,,,,,,0.0,,
2025-11-05 05:42:38+00:00,2025-11-05 05:42:38,,,,,,,,,,19.6612492,0.0203124993,963.0,1027.48755,11.75,,,14.87,0.0,10.98,,,,,,0.0,,
2025-11-05 05:42:39+00:00,2025-11-05 05:42:39,,,,,,,,,,19.6612492,0.015625,963.0,1027.65002,11.7875004,,,14.87,0.0,10.98,,,,,,0.0,,
2025-11-05 05:42:40+00:00,2025-11-05 05:42:40,24.6612492,18.0,18.0,28.0,28.0,12.401107199876922,308.0,BO_O2_RULE,"제어매트릭스 규칙 적용: O2_LOW (3단계 롤백, 4단계에서 Hz 변화 없음)",19.6612492,0.0,963.0,1027.48755,11.8000002,,,14.87,0.0,10.98,,,,,,0.0,,
2025-11-05 05:42:41+00:00,2025-11-05 05:42:41,,,,,,,,,,19.6612492,0.0,963.0,1027.48755,11.8000002,,,14.87,0.0,10.98,,,,,,0.0,,
2025-11-05 05:42:42+00:00,2025-11-05 05:42:42,,,,,,,,,,19.6612492,0.0296874996,963.0,1027.7312,12.0,,,14.87,0.0,11.33,,,,,,0.0,,
2025-11-05 05:42:43+00:00,2025-11-05 05:42:43,,,,,,,,,,19.6612492,0.0265625007,962.0,1027.0813,12.0375004,,,14.87,0.0,11.33,,,,,,0.0,,
2025-11-05 05:42:44+00:00,2025-11-05 05:42:44,,,,,,,,,,19.6612492,0.0218749996,962.0,1028.05627,11.8500004,,,14.87,0.0,11.33,,,,,,0.0,,
2025-11-05 05:42:45+00:00,2025-11-05 05:42:45,24.6612492,18.0,18.0,28.0,28.0,12.594602186123634,308.0,BO_O2_RULE,"제어매트릭스 규칙 적용: O2_LOW (3단계 롤백, 4단계에서 Hz 변화 없음)",19.6612492,0.0218749996,961.0,1028.05627,11.8500004,,,14.87,0.0,11.33,,,,,,0.0,,
2025-11-05 05:42:46+00:00,2025-11-05 05:42:46,,,,,,,,,,19.6612492,0.0218749996,961.0,1027.32495,11.8000002,,,14.87,0.0,11.33,,,,,,0.0,,
2025-11-05 05:42:47+00:00,2025-11-05 05:42:47,,,,,,,,,,19.6612492,0.00625000009,961.0,1027.32495,11.8000002,,,14.87,0.0,11.33,,,,,,0.0,,
2025-11-05 05:42:48+00:00,2025-11-05 05:42:48,,,,,,,,,,19.6612492,0.0078125,962.0,1027.40625,11.6374998,,,14.87,0.0,11.33,,,,,,0.0,,
2025-11-05 05:42:49+00:00,2025-11-05 05:42:49,,,,,,,,,,19.6612492,0.0078125,962.0,1027.40625,11.6374998,,,14.87,0.0,11.33,,,,,,0.0,,
2025-11-05 05:42:50+00:00,2025-11-05 05:42:50,24.6612492,18.0,18.0,28.0,28.0,12.594602186123634,308.0,BO_O2_RULE,"제어매트릭스 규칙 적용: O2_LOW (3단계 롤백, 4단계에서 Hz 변화 없음)",19.6612492,0.0171875004,962.0,1027.8125,11.7624998,,,14.87,0.0,11.33,,,,,,0.0,,
2025-11-05 05:42:51+00:00,2025-11-05 05:42:51,,,,,,,,,,19.6612492,0.0171875004,962.0,1027.8125,11.7624998,,,14.87,0.0,11.33,,,,,,0.0,,
2025-11-05 05:42:52+00:00,2025-11-05 05:42:52,,,,,,,,,,19.6612492,0.0234375,961.0,1027.24377,11.9499998,,,14.87,0.0,11.34,,,,,,0.0,,
2025-11-05 05:42:53+00:00,2025-11-05 05:42:53,,,,,,,,,,19.6612492,0.0171875004,963.0,1027.97498,11.8249998,,,14.87,0.0,11.34,,,,,,0.0,,
2025-11-05 05:42:54+00:00,2025-11-05 05:42:54,,,,,,,,,,19.6612492,0.0171875004,963.0,1027.97498,11.8249998,,,14.87,0.0,11.34,,,,,,0.0,,
2025-11-05 05:42:55+00:00,2025-11-05 05:42:55,18.0,18.0,18.0,18.0,18.0,11.965032039854933,100.0,BO_ONLY,"BO 모델 결과만 사용 (1단계 롤백, 2~4단계에서 Hz 변화 없음)",19.6612492,0.0171875004,961.0,1028.13745,11.8625002,,,14.87,0.0,11.34,,,,,,0.0,,
2025-11-05 05:42:56+00:00,2025-11-05 05:42:56,,,,,,,,,,19.6612492,0.0171875004,961.0,1028.13745,11.8625002,,,14.87,0.0,11.34,,,,,,0.0,,
2025-11-05 05:42:57+00:00,2025-11-05 05:42:57,,,,,,,,,,19.6612492,0.0171875004,962.0,1028.21875,12.125,,,14.87,0.0,11.34,,,,,,0.0,,
2025-11-05 05:42:58+00:00,2025-11-05 05:42:58,,,,,,,,,,19.6612492,0.0218749996,961.0,1027.8938,12.0,,,14.87,0.0,11.34,,,,,,0.0,,
2025-11-05 05:42:59+00:00,2025-11-05 05:42:59,,,,,,,,,,19.6612492,0.0218749996,961.0,1027.8938,12.0,,,14.87,0.0,11.34,,,,,,0.0,,
2025-11-05 05:43:00+00:00,2025-11-05 05:43:00,18.0,18.0,18.0,18.0,18.0,11.965032039854933,100.0,BO_ONLY,"BO 모델 결과만 사용 (1단계 롤백, 2~4단계에서 Hz 변화 없음)",19.6612492,0.0140624996,960.0,1028.21875,12.3374996,,3.0,14.87,0.0,11.34,,,,,,0.0,,
2025-11-05 05:43:01+00:00,2025-11-05 05:43:01,,,,,,,,,,19.6612492,0.0140624996,960.0,1028.21875,12.3374996,,,14.87,0.0,11.43,,,,,,0.0,,
2025-11-05 05:43:02+00:00,2025-11-05 05:43:02,,,,,,,,,,19.6612492,0.0171875004,960.0,1027.8125,12.1000004,,,14.87,0.0,11.43,,,,,,0.0,,
2025-11-05 05:43:03+00:00,2025-11-05 05:43:03,,,,,,,,,,19.6612492,0.0171875004,960.0,1027.8125,12.1000004,,,14.87,0.0,11.43,,,,,,0.0,,
2025-11-05 05:43:04+00:00,2025-11-05 05:43:04,,,,,,,,,,19.6612492,0.0,960.0,1027.48755,11.9624996,,,14.87,0.0,11.43,,,,,,0.0,,
2025-11-05 05:43:05+00:00,2025-11-05 05:43:05,24.6612492,18.0,18.0,28.0,28.0,12.083866183775976,308.0,BO_O2_RULE,"제어매트릭스 규칙 적용: O2_LOW (3단계 롤백, 4단계에서 Hz 변화 없음)",19.6612492,0.0,960.0,1027.48755,11.9624996,,,14.87,0.0,11.43,,,,,,0.0,,
2025-11-05 05:43:06+00:00,2025-11-05 05:43:06,,,,,,,,,,19.6612492,0.015625,960.0,1027.32495,12.5874996,,,14.87,0.0,11.43,,,,,,0.0,,
2025-11-05 05:43:07+00:00,2025-11-05 05:43:07,,,,,,,,,,19.6612492,0.015625,960.0,1027.32495,12.5874996,,,14.87,0.0,11.43,,,,,,0.0,,
2025-11-05 05:43:08+00:00,2025-11-05 05:43:08,,,,,,,,,,19.6612492,0.0,960.0,1027.0813,12.4750004,,,14.87,0.0,11.43,,,,,,0.0,,
2025-11-05 05:43:09+00:00,2025-11-05 05:43:09,,,,,,,,,,19.6612492,0.0,960.0,1027.0813,12.4750004,,,14.87,0.0,11.43,,,,,,0.0,,
2025-11-05 05:43:10+00:00,2025-11-05 05:43:10,24.6612492,18.0,18.0,28.0,28.0,12.327084925585945,308.0,BO_O2_RULE,"제어매트릭스 규칙 적용: O2_LOW (3단계 롤백, 4단계에서 Hz 변화 없음)",19.6612492,0.0,960.0,1027.40625,12.6875,,,14.87,0.0,11.43,,,,,,0.0,,
2025-11-05 05:43:11+00:00,2025-11-05 05:43:11,,,,,,,,,,19.6612492,0.00625000009,960.0,1028.05627,12.8999996,,,14.87,0.0,11.89,,,,,,0.0,,
2025-11-05 05:43:12+00:00,2025-11-05 05:43:12,,,,,,,,,,19.6612492,0.00625000009,960.0,1028.05627,12.8999996,,,14.87,0.0,11.89,,,,,,0.0,,
2025-11-05 05:43:13+00:00,2025-11-05 05:43:13,,,,,,,,,,19.6612492,0.015625,959.0,1025.375,12.6999998,,,14.87,0.0,11.89,,,,,,0.0,,
2025-11-05 05:43:14+00:00,2025-11-05 05:43:14,,,,,,,,,,19.6612492,0.0343750007,959.0,1026.75623,12.9125004,,,14.87,0.0,11.89,,,,,,0.0,,
2025-11-05 05:43:15+00:00,2025-11-05 05:43:15,24.6612492,18.0,18.0,28.0,28.0,12.327084925585945,308.0,BO_O2_RULE,"제어매트릭스 규칙 적용: O2_LOW (3단계 롤백, 4단계에서 Hz 변화 없음)",19.6612492,0.0343750007,959.0,1026.75623,12.9125004,,,14.87,0.0,11.89,,,,,,0.0,,
2025-11-05 05:43:16+00:00,2025-11-05 05:43:16,,,,,,,,,,19.6612492,0.0,958.0,1026.1875,12.7375002,,,14.87,0.0,11.89,,,,,,0.0,,
2025-11-05 05:43:17+00:00,2025-11-05 05:43:17,,,,,,,,,,19.6612492,0.0,958.0,1026.1875,12.7375002,,,14.87,0.0,11.89,,,,,,0.0,,
2025-11-05 05:43:18+00:00,2025-11-05 05:43:18,,,,,,,,,,19.6612492,0.0,958.0,1025.13123,12.9875002,,,14.87,0.0,11.89,,,,,,0.0,,
2025-11-05 05:43:19+00:00,2025-11-05 05:43:19,,,,,,,,,,19.6612492,0.00937500037,959.0,1024.4812,12.8125,,,14.87,0.0,11.89,,,,,,0.0,,
2025-11-05 05:43:20+00:00,2025-11-05 05:43:20,20.0,20.0,20.0,20.0,20.0,,2.0,FALLBACK,Fallback Hz 사용: 20.0Hz (essential_range_violation),19.6612492,0.0187500007,959.0,1024.4812,12.8125,,,14.87,0.0,11.89,,,,,,0.0,,
2025-11-05 05:43:21+00:00,2025-11-05 05:43:21,,,,,,,,,,19.6612492,0.015625,959.0,1023.42499,13.2749996,,,14.87,0.0,12.1,,,,,,0.0,,
2025-11-05 05:43:22+00:00,2025-11-05 05:43:22,,,,,,,,,,19.6612492,0.015625,959.0,1023.42499,13.2749996,,,14.87,0.0,12.1,,,,,,0.0,,
2025-11-05 05:43:23+00:00,2025-11-05 05:43:23,,,,,,,,,,19.6612492,0.0,959.0,1023.91248,12.7375002,,,14.87,0.0,12.1,,,,,,0.0,,
2025-11-05 05:43:24+00:00,2025-11-05 05:43:24,,,,,,,,,,19.6612492,0.0,959.0,1023.91248,12.7375002,,,14.87,0.0,12.1,,,,,,0.0,,
2025-11-05 05:43:25+00:00,2025-11-05 05:43:25,24.6612492,18.0,18.0,28.0,28.0,12.846305034087505,308.0,BO_O2_RULE,"제어매트릭스 규칙 적용: O2_LOW (3단계 롤백, 4단계에서 Hz 변화 없음)",19.6612492,0.0,958.0,1024.31873,12.6625004,,,14.87,0.0,12.1,,,,,,0.0,,
2025-11-05 05:43:26+00:00,2025-11-05 05:43:26,,,,,,,,,,19.6612492,0.0,958.0,1024.31873,12.6625004,,,14.87,0.0,12.1,,,,,,0.0,,
2025-11-05 05:43:27+00:00,2025-11-05 05:43:27,,,,,,,,,,19.6612492,0.0,958.0,1024.31873,12.6374998,,,14.87,0.0,12.1,,,,,,0.0,,
2025-11-05 05:43:28+00:00,2025-11-05 05:43:28,,,,,,,,,,19.6612492,0.0140624996,958.0,1024.31873,12.6374998,,,14.87,0.0,12.1,,,,,,0.0,,
2025-11-05 05:43:29+00:00,2025-11-05 05:43:29,,,,,,,,,,19.6612492,0.0250000004,958.0,1024.07495,12.6625004,,,14.87,0.0,12.1,,,,,,0.0,,
2025-11-05 05:43:30+00:00,2025-11-05 05:43:30,20.0,20.0,20.0,20.0,20.0,,2.0,FALLBACK,Fallback Hz 사용: 20.0Hz (essential_range_violation),19.6612492,0.0140624996,959.0,1022.77502,12.625,,,14.87,0.0,12.1,,,,,,0.0,,
2025-11-05 05:43:31+00:00,2025-11-05 05:43:31,,,,,,,,,,19.6612492,0.0140624996,959.0,1022.77502,12.625,,,14.87,0.0,12.03,,,,,,0.0,,
2025-11-05 05:43:32+00:00,2025-11-05 05:43:32,,,,,,,,,,19.6612492,0.0140624996,959.0,1022.61249,12.5874996,,,14.87,0.0,12.03,,,,,,0.0,,
2025-11-05 05:43:33+00:00,2025-11-05 05:43:33,,,,,,,,,,19.6612492,0.0,957.0,1022.61249,12.5874996,,,14.87,0.0,12.03,,,,,,0.0,,
2025-11-05 05:43:34+00:00,2025-11-05 05:43:34,,,,,,,,,,19.6612492,0.0171875004,958.0,1021.88123,12.375,,,14.87,0.0,12.03,,,,,,0.0,,
2025-11-05 05:43:35+00:00,2025-11-05 05:43:35,24.6612492,18.0,18.0,28.0,28.0,12.262067703689938,308.0,BO_O2_RULE,"제어매트릭스 규칙 적용: O2_LOW (3단계 롤백, 4단계에서 Hz 변화 없음)",19.6612492,0.0171875004,958.0,1021.88123,12.375,,,14.87,0.0,12.03,,,,,,0.0,,
2025-11-05 05:43:36+00:00,2025-11-05 05:43:36,,,,,,,,,,19.6612492,0.0078125,958.0,1021.63751,11.8249998,,,14.87,0.0,12.03,,,,,,0.0,,
2025-11-05 05:43:37+00:00,2025-11-05 05:43:37,,,,,,,,,,19.6612492,0.0078125,958.0,1021.63751,11.8249998,,,14.87,0.0,12.03,,,,,,0.0,,
2025-11-05 05:43:38+00:00,2025-11-05 05:43:38,,,,,,,,,,19.6612492,0.0078125,957.0,1021.39374,11.7749996,,,14.87,0.0,12.03,,,,,,0.0,,
2025-11-05 05:43:39+00:00,2025-11-05 05:43:39,,,,,,,,,,19.6612492,0.0140624996,957.0,1021.39374,11.7749996,,,14.87,0.0,12.03,,,,,,0.0,,
2025-11-05 05:43:40+00:00,2025-11-05 05:43:40,18.0,18.0,18.0,18.0,18.0,11.806590275625663,100.0,BO_ONLY,"BO 모델 결과만 사용 (1단계 롤백, 2~4단계에서 Hz 변화 없음)",19.6612492,0.0140624996,957.0,1020.82501,11.625,,,14.87,0.0,11.11,,,,,,0.0,,
2025-11-05 05:43:41+00:00,2025-11-05 05:43:41,,,,,,,,,,19.6612492,0.0,957.0,1021.23126,11.8999996,,,14.87,0.0,11.11,,,,,,0.0,,
2025-11-05 05:43:42+00:00,2025-11-05 05:43:42,,,,,,,,,,19.6612492,0.0,957.0,1021.23126,11.8999996,,,14.87,0.0,11.11,,,,,,0.0,,
2025-11-05 05:43:43+00:00,2025-11-05 05:43:43,,,,,,,,,,19.6612492,0.0234375,955.0,1020.82501,11.6999998,,,14.87,0.0,11.11,,,,,,0.0,,
2025-11-05 05:43:44+00:00,2025-11-05 05:43:44,,,,,,,,,,19.6612492,0.0234375,955.0,1020.82501,11.6999998,,,14.87,0.0,11.11,,,,,,0.0,,
2025-11-05 05:43:45+00:00,2025-11-05 05:43:45,20.0,20.0,20.0,20.0,20.0,,2.0,FALLBACK,Fallback Hz 사용: 20.0Hz (essential_range_violation),19.6612492,0.0,955.0,1020.5,11.9125004,,,14.87,0.0,11.11,,,,,,0.0,,
2025-11-05 05:43:46+00:00,2025-11-05 05:43:46,,,,,,,,,,19.6612492,0.0,955.0,1020.5,11.9125004,,,14.87,0.0,11.11,,,,,,0.0,,
2025-11-05 05:43:47+00:00,2025-11-05 05:43:47,,,,,,,,,,19.6612492,0.0125000002,955.0,1018.71252,11.9125004,,,14.87,0.0,11.11,,,,,,0.0,,
2025-11-05 05:43:48+00:00,2025-11-05 05:43:48,,,,,,,,,,19.6612492,0.0125000002,955.0,1018.71252,11.8625002,,,14.87,0.0,11.11,,,,,,0.0,,
2025-11-05 05:43:49+00:00,2025-11-05 05:43:49,,,,,,,,,,19.6612492,0.0,955.0,1019.11877,11.8625002,,,14.87,0.0,11.11,,,,,,0.0,,
2025-11-05 05:43:50+00:00,2025-11-05 05:43:50,24.6612492,18.0,18.0,28.0,28.0,12.10490487913512,308.0,BO_O2_RULE,"제어매트릭스 규칙 적용: O2_LOW (3단계 롤백, 4단계에서 Hz 변화 없음)",19.6612492,0.0,954.0,1019.6875,11.8249998,,,14.87,0.0,11.11,,,,,,0.0,,
2025-11-05 05:43:51+00:00,2025-11-05 05:43:51,,,,,,,,,,19.6612492,0.00312500005,954.0,1019.6875,11.8249998,,,14.87,0.0,11.16,,,,,,0.0,,
2025-11-05 05:43:52+00:00,2025-11-05 05:43:52,,,,,,,,,,19.6612492,0.00312500005,956.0,1017.25,11.8874998,,,14.87,0.0,11.16,,,,,,0.0,,
2025-11-05 05:43:53+00:00,2025-11-05 05:43:53,,,,,,,,,,19.6612492,0.0125000002,956.0,1017.25,11.8874998,,,14.87,0.0,11.16,,,,,,0.0,,
2025-11-05 05:43:54+00:00,2025-11-05 05:43:54,,,,,,,,,,19.6612492,0.0,956.0,1017.57501,11.7375002,,,14.87,0.0,11.16,,,,,,0.0,,
2025-11-05 05:43:55+00:00,2025-11-05 05:43:55,24.6612492,18.0,18.0,28.0,28.0,12.508934952098551,308.0,BO_O2_RULE,"제어매트릭스 규칙 적용: O2_LOW (3단계 롤백, 4단계에서 Hz 변화 없음)",19.6612492,0.0,956.0,1016.03125,11.375,,,14.87,0.0,11.16,,,,,,0.0,,
2025-11-05 05:43:56+00:00,2025-11-05 05:43:56,,,,,,,,,,19.6612492,0.0187500007,955.0,1015.95001,11.6499996,,,14.87,0.0,11.16,,,,,,0.0,,
2025-11-05 05:43:57+00:00,2025-11-05 05:43:57,,,,,,,,,,19.6612492,0.0187500007,955.0,1015.95001,11.6499996,,,14.87,0.0,11.16,,,,,,0.0,,
2025-11-05 05:43:58+00:00,2025-11-05 05:43:58,,,,,,,,,,19.6612492,0.0,956.0,1014.40625,11.5625,,,14.87,0.0,11.16,,,,,,0.0,,
2025-11-05 05:43:59+00:00,2025-11-05 05:43:59,,,,,,,,,,19.6612492,0.0,956.0,1014.40625,11.5625,,,14.87,0.0,11.16,,,,,,0.0,,
2025-11-05 05:44:00+00:00,2025-11-05 05:44:00,24.6612492,18.0,18.0,28.0,28.0,12.904166268162722,308.0,BO_O2_RULE,"제어매트릭스 규칙 적용: O2_LOW (3단계 롤백, 4단계에서 Hz 변화 없음)",19.6612492,0.0,955.0,1014.08124,11.5124998,,3.0,14.87,0.0,11.16,,,,,,0.0,,
2025-11-05 05:44:01+00:00,2025-11-05 05:44:01,,,,,,,,,,19.6612492,0.0,955.0,1014.08124,11.5124998,,,14.87,0.0,10.82,,,,,,0.0,,
2025-11-05 05:44:02+00:00,2025-11-05 05:44:02,,,,,,,,,,19.6612492,0.0,955.0,1013.83752,11.4875002,,,14.87,0.0,10.82,,,,,,0.0,,
2025-11-05 05:44:03+00:00,2025-11-05 05:44:03,,,,,,,,,,19.6612492,0.0234375,955.0,1013.83752,11.4875002,,,14.87,0.0,10.82,,,,,,0.0,,
2025-11-05 05:44:04+00:00,2025-11-05 05:44:04,,,,,,,,,,19.6612492,0.0,955.0,1014.16248,11.5,,,14.87,0.0,10.82,,,,,,0.0,,
2025-11-05 05:44:05+00:00,2025-11-05 05:44:05,20.0,20.0,20.0,20.0,20.0,,2.0,FALLBACK,Fallback Hz 사용: 20.0Hz (essential_range_violation),19.6612492,0.0,955.0,1014.16248,11.5,,,14.87,0.0,10.82,,,,,,0.0,,
2025-11-05 05:44:06+00:00,2025-11-05 05:44:06,,,,,,,,,,19.6612492,0.00468750019,955.0,1014.8125,11.8999996,,,14.87,0.0,10.82,,,,,,0.0,,
2025-11-05 05:44:07+00:00,2025-11-05 05:44:07,,,,,,,,,,19.6612492,0.00625000009,955.0,1014.16248,11.5124998,,,14.87,0.0,10.82,,,,,,0.0,,
2025-11-05 05:44:08+00:00,2025-11-05 05:44:08,,,,,,,,,,19.6612492,0.00625000009,955.0,1014.16248,11.5124998,,,14.87,0.0,10.82,,,,,,0.0,,
2025-11-05 05:44:10+00:00,2025-11-05 05:44:10,24.6612492,18.0,18.0,28.0,28.0,12.72264137776225,308.0,BO_O2_RULE,"제어매트릭스 규칙 적용: O2_LOW (3단계 롤백, 4단계에서 Hz 변화 없음)",19.6612492,0.00625000009,955.0,1012.86249,11.6125002,,,14.87,0.0,10.82,,,,,,0.0,,
2025-11-05 05:44:11+00:00,2025-11-05 05:44:11,,,,,,,,,,19.6612492,0.00625000009,955.0,1012.29376,11.2875004,,,14.87,0.0,10.91,,,,,,0.0,,
2025-11-05 05:44:12+00:00,2025-11-05 05:44:12,,,,,,,,,,19.6612492,0.0,955.0,1012.29376,11.2875004,,,14.87,0.0,10.91,,,,,,0.0,,
2025-11-05 05:44:13+00:00,2025-11-05 05:44:13,,,,,,,,,,19.6612492,0.0265625007,955.0,1011.07501,11.6499996,,,14.87,0.0,10.91,,,,,,0.0,,
2025-11-05 05:44:14+00:00,2025-11-05 05:44:14,,,,,,,,,,19.6612492,0.0265625007,955.0,1011.07501,11.6499996,,,14.87,0.0,10.91,,,,,,0.0,,
2025-11-05 05:44:15+00:00,2025-11-05 05:44:15,24.6612492,18.0,18.0,28.0,28.0,12.334353900307558,308.0,BO_O2_RULE,"제어매트릭스 규칙 적용: O2_LOW (3단계 롤백, 4단계에서 Hz 변화 없음)",19.6612492,0.0125000002,955.0,1010.91248,11.4750004,,,14.87,0.0,10.91,,,,,,0.0,,
2025-11-05 05:44:16+00:00,2025-11-05 05:44:16,,,,,,,,,,19.6612492,0.0234375,955.0,1011.15625,11.6125002,,,14.87,0.0,10.91,,,,,,0.0,,
2025-11-05 05:44:17+00:00,2025-11-05 05:44:17,,,,,,,,,,19.6612492,0.0234375,955.0,1011.15625,11.6125002,,,14.87,0.0,10.91,,,,,,0.0,,
2025-11-05 05:44:18+00:00,2025-11-05 05:44:18,,,,,,,,,,19.6612492,0.0,956.0,1010.91248,11.5249996,,,14.87,0.0,10.91,,,,,,0.0,,
2025-11-05 05:44:19+00:00,2025-11-05 05:44:19,,,,,,,,,,19.6612492,0.0218749996,955.0,1010.99377,11.6999998,,,14.87,0.0,10.91,,,,,,0.0,,
2025-11-05 05:44:20+00:00,2025-11-05 05:44:20,24.6612492,18.0,18.0,28.0,28.0,12.45979634753365,308.0,BO_O2_RULE,"제어매트릭스 규칙 적용: O2_LOW (3단계 롤백, 4단계에서 Hz 변화 없음)",19.6612492,0.0218749996,955.0,1010.99377,11.6999998,,,14.87,0.0,10.91,,,,,,0.0,,
2025-11-05 05:44:21+00:00,2025-11-05 05:44:21,,,,,,,,,,19.6612492,0.0125000002,955.0,1011.31873,11.875,,,14.87,0.0,10.91,,,,,,0.0,,
2025-11-05 05:44:22+00:00,2025-11-05 05:44:22,,,,,,,,,,19.6612492,0.0125000002,955.0,1011.31873,11.875,,,14.87,0.0,10.92,,,,,,0.0,,
2025-11-05 05:44:23+00:00,2025-11-05 05:44:23,,,,,,,,,,19.6612492,0.0281249993,955.0,1010.99377,11.7375002,,,14.87,0.0,10.92,,,,,,0.0,,
2025-11-05 05:44:24+00:00,2025-11-05 05:44:24,,,,,,,,,,19.6612492,0.0281249993,955.0,1010.99377,11.7375002,,,14.87,0.0,10.92,,,,,,0.0,,
2025-11-05 05:44:25+00:00,2025-11-05 05:44:25,24.6612492,18.0,18.0,28.0,28.0,12.685635333804685,308.0,BO_O2_RULE,"제어매트릭스 규칙 적용: O2_LOW (3단계 롤백, 4단계에서 Hz 변화 없음)",19.6612492,0.00937500037,955.0,1011.72498,11.75,,,14.87,0.0,10.92,,,,,,0.0,,
2025-11-05 05:44:26+00:00,2025-11-05 05:44:26,,,,,,,,,,19.6612492,0.00937500037,955.0,1011.72498,11.75,,,14.87,0.0,10.92,,,,,,0.0,,
2025-11-05 05:44:27+00:00,2025-11-05 05:44:27,,,,,,,,,,19.6612492,0.015625,955.0,1011.15625,11.9125004,,,14.87,0.0,10.92,,,,,,0.0,,
2025-11-05 05:44:28+00:00,2025-11-05 05:44:28,,,,,,,,,,19.6612492,0.0250000004,956.0,1011.88751,11.8249998,,,14.87,0.0,10.92,,,,,,0.0,,
2025-11-05 05:44:29+00:00,2025-11-05 05:44:29,,,,,,,,,,19.6612492,0.0250000004,956.0,1011.88751,11.8249998,,,14.87,0.0,10.92,,,,,,0.0,,
2025-11-05 05:44:30+00:00,2025-11-05 05:44:30,18.0,18.0,18.0,18.0,18.0,11.915873855868789,100.0,BO_ONLY,"BO 모델 결과만 사용 (1단계 롤백, 2~4단계에서 Hz 변화 없음)",19.6612492,0.0,955.0,1011.07501,11.7749996,,,14.87,0.0,10.92,,,,,,0.0,,
2025-11-05 05:44:31+00:00,2025-11-05 05:44:31,,,,,,,,,,19.6612492,0.0,955.0,1011.07501,11.7749996,,,14.87,0.0,10.92,,,,,,0.0,,
2025-11-05 05:44:32+00:00,2025-11-05 05:44:32,,,,,,,,,,19.6612492,0.0,955.0,1011.40002,11.9375,,,14.87,0.0,11.27,,,,,,0.0,,
2025-11-05 05:44:33+00:00,2025-11-05 05:44:33,,,,,,,,,,19.6612492,0.0,955.0,1011.40002,11.9375,,,14.87,0.0,11.27,,,,,,0.0,,
2025-11-05 05:44:34+00:00,2025-11-05 05:44:34,,,,,,,,,,19.6612492,0.0,956.0,1011.40002,12.1374998,,,14.87,0.0,11.27,,,,,,0.0,,
2025-11-05 05:44:35+00:00,2025-11-05 05:44:35,20.0,20.0,20.0,20.0,20.0,,2.0,FALLBACK,Fallback Hz 사용: 20.0Hz (essential_range_violation),19.6612492,0.00937500037,956.0,1011.31873,11.6875,,,14.87,0.0,11.27,,,,,,0.0,,
2025-11-05 05:44:36+00:00,2025-11-05 05:44:36,,,,,,,,,,19.6612492,0.00937500037,956.0,1011.31873,11.6875,,,14.87,0.0,11.27,,,,,,0.0,,
2025-11-05 05:44:37+00:00,2025-11-05 05:44:37,,,,,,,,,,19.6612492,0.0250000004,956.0,1010.91248,11.8249998,,,14.87,0.0,11.27,,,,,,0.0,,
2025-11-05 05:44:38+00:00,2025-11-05 05:44:38,,,,,,,,,,19.6612492,0.0171875004,956.0,1011.5625,11.7375002,,,14.87,0.0,11.27,,,,,,0.0,,
2025-11-05 05:44:39+00:00,2025-11-05 05:44:39,,,,,,,,,,19.6612492,0.0171875004,956.0,1011.5625,11.7375002,,,14.87,0.0,11.27,,,,,,0.0,,
2025-11-05 05:44:40+00:00,2025-11-05 05:44:40,18.0,18.0,18.0,18.0,18.0,11.848566469335891,100.0,BO_ONLY,"BO 모델 결과만 사용 (1단계 롤백, 2~4단계에서 Hz 변화 없음)",19.6612492,0.0265625007,955.0,1011.5625,11.8249998,,,14.87,0.0,11.27,,,,,,0.0,,
2025-11-05 05:44:41+00:00,2025-11-05 05:44:41,,,,,,,,,,19.6612492,0.0265625007,955.0,1011.5625,11.8249998,,,14.87,0.0,11.15,,,,,,0.0,,
2025-11-05 05:44:42+00:00,2025-11-05 05:44:42,,,,,,,,,,19.6612492,0.0203124993,956.0,1010.75,11.8249998,,,14.87,0.0,11.15,,,,,,0.0,,
2025-11-05 05:44:43+00:00,2025-11-05 05:44:43,,,,,,,,,,19.6612492,0.0203124993,956.0,1010.75,11.6875,,,14.87,0.0,11.15,,,,,,0.0,,
2025-11-05 05:44:44+00:00,2025-11-05 05:44:44,,,,,,,,,,19.6612492,0.0203124993,955.0,1010.91248,11.6875,,,14.87,0.0,11.15,,,,,,0.0,,
2025-11-05 05:44:45+00:00,2025-11-05 05:44:45,24.6612492,18.0,18.0,28.0,28.0,12.059181297733597,308.0,BO_O2_RULE,"제어매트릭스 규칙 적용: O2_LOW (3단계 롤백, 4단계에서 Hz 변화 없음)",19.6612492,0.0203124993,955.0,1010.91248,12.0625,,,14.87,0.0,11.15,,,,,,0.0,,
2025-11-05 05:44:46+00:00,2025-11-05 05:44:46,,,,,,,,,,19.6612492,0.0,955.0,1011.15625,12.0625,,,14.87,0.0,11.15,,,,,,0.0,,
2025-11-05 05:44:47+00:00,2025-11-05 05:44:47,,,,,,,,,,19.6612492,0.0,956.0,1012.04999,12.0749998,,,14.87,0.0,11.15,,,,,,0.0,,
2025-11-05 05:44:48+00:00,2025-11-05 05:44:48,,,,,,,,,,19.6612492,0.0,956.0,1011.80627,12.0749998,,,14.87,0.0,11.15,,,,,,0.0,,
2025-11-05 05:44:49+00:00,2025-11-05 05:44:49,,,,,,,,,,19.6612492,0.0,956.0,1011.80627,11.7375002,,,14.87,0.0,11.15,,,,,,0.0,,
2025-11-05 05:44:50+00:00,2025-11-05 05:44:50,20.0,20.0,20.0,20.0,20.0,,2.0,FALLBACK,Fallback Hz 사용: 20.0Hz (essential_range_violation),19.6612492,0.0,956.0,1010.99377,12.1374998,,,14.87,0.0,11.15,,,,,,0.0,,
2025-11-05 05:44:51+00:00,2025-11-05 05:44:51,,,,,,,,,,19.6612492,0.0,956.0,1010.99377,12.1374998,,,14.87,0.0,11.56,,,,,,0.0,,
2025-11-05 05:44:52+00:00,2025-11-05 05:44:52,,,,,,,,,,19.6612492,0.00937500037,955.0,1012.53748,12.1750002,,,14.87,0.0,11.56,,,,,,0.0,,
2025-11-05 05:44:53+00:00,2025-11-05 05:44:53,,,,,,,,,,19.6612492,0.00625000009,955.0,1012.45624,12.0249996,,,14.87,0.0,11.56,,,,,,0.0,,
2025-11-05 05:44:54+00:00,2025-11-05 05:44:54,,,,,,,,,,19.6612492,0.00625000009,955.0,1012.45624,12.0249996,,,14.87,0.0,11.56,,,,,,0.0,,
2025-11-05 05:44:55+00:00,2025-11-05 05:44:55,24.6612492,18.0,18.0,28.0,28.0,12.541027958454995,308.0,BO_O2_RULE,"제어매트릭스 규칙 적용: O2_LOW (3단계 롤백, 4단계에서 Hz 변화 없음)",19.6612492,0.0,956.0,1015.05627,12.1374998,,,14.87,0.0,11.56,,,,,,0.0,,
2025-11-05 05:44:56+00:00,2025-11-05 05:44:56,,,,,,,,,,19.6612492,0.0,955.0,1014.24377,12.7749996,,,14.87,0.0,11.56,,,,,,0.0,,
2025-11-05 05:44:57+00:00,2025-11-05 05:44:57,,,,,,,,,,19.6612492,0.00468750019,955.0,1014.24377,12.7749996,,,14.87,0.0,11.56,,,,,,0.0,,
2025-11-05 05:44:58+00:00,2025-11-05 05:44:58,,,,,,,,,,19.6612492,0.00468750019,956.0,1014.89374,12.8500004,,,14.87,0.0,11.56,,,,,,0.0,,
2025-11-05 05:44:59+00:00,2025-11-05 05:44:59,,,,,,,,,,19.6612492,0.0171875004,954.0,1014.0,12.7124996,,,14.87,0.0,11.56,,,,,,0.0,,
2025-11-05 05:45:00+00:00,2025-11-05 05:45:00,24.6612492,18.0,18.0,28.0,28.0,12.327720094384839,308.0,BO_O2_RULE,"제어매트릭스 규칙 적용: O2_LOW (3단계 롤백, 4단계에서 Hz 변화 없음)",19.6612492,0.0140624996,956.0,1014.97498,12.1374998,,3.0,14.87,0.0,11.56,,,,,,0.0,,
2025-11-05 05:45:01+00:00,2025-11-05 05:45:01,,,,,,,,,,19.6612492,0.0140624996,956.0,1014.24377,11.8625002,,,14.87,0.0,12.04,,,,,,0.0,,
2025-11-05 05:45:02+00:00,2025-11-05 05:45:02,,,,,,,,,,19.6612492,0.00156250002,956.0,1014.24377,11.8625002,,,14.87,0.0,12.04,,,,,,0.0,,
2025-11-05 05:45:03+00:00,2025-11-05 05:45:03,,,,,,,,,,19.6612492,0.00156250002,956.0,1015.21875,12.0625,,,14.87,0.0,12.04,,,,,,0.0,,
2025-11-05 05:45:04+00:00,2025-11-05 05:45:04,,,,,,,,,,19.6612492,0.0,955.0,1014.89374,11.9499998,,,14.87,0.0,12.04,,,,,,0.0,,
2025-11-05 05:45:05+00:00,2025-11-05 05:45:05,18.0,18.0,18.0,18.0,18.0,11.793202700380611,100.0,BO_ONLY,"BO 모델 결과만 사용 (1단계 롤백, 2~4단계에서 Hz 변화 없음)",19.6612492,0.0,955.0,1014.89374,11.9499998,,,14.87,0.0,12.04,,,,,,0.0,,
2025-11-05 05:45:06+00:00,2025-11-05 05:45:06,,,,,,,,,,19.6612492,0.0234375,956.0,1015.70624,12.1000004,,,14.87,0.0,12.04,,,,,,0.0,,
2025-11-05 05:45:07+00:00,2025-11-05 05:45:07,,,,,,,,,,19.6612492,0.0234375,956.0,1015.70624,12.1000004,,,14.87,0.0,12.04,,,,,,0.0,,
2025-11-05 05:45:08+00:00,2025-11-05 05:45:08,,,,,,,,,,19.6612492,0.0234375,956.0,1017.16876,12.0,,,14.87,0.0,12.04,,,,,,0.0,,
2025-11-05 05:45:09+00:00,2025-11-05 05:45:09,,,,,,,,,,19.6612492,0.0,955.0,1017.16876,12.0,,,14.87,0.0,12.04,,,,,,0.0,,
2025-11-05 05:45:10+00:00,2025-11-05 05:45:10,18.0,18.0,18.0,18.0,18.0,11.945689884703967,100.0,BO_ONLY,"BO 모델 결과만 사용 (1단계 롤백, 2~4단계에서 Hz 변화 없음)",19.6612492,0.0,955.0,1017.16876,12.0,,,14.87,0.0,11.61,,,,,,0.0,,
2025-11-05 05:45:11+00:00,2025-11-05 05:45:11,,,,,,,,,,19.6612492,0.0,955.0,1017.49377,12.8000002,,,14.87,0.0,11.61,,,,,,0.0,,
2025-11-05 05:45:12+00:00,2025-11-05 05:45:12,,,,,,,,,,19.6612492,0.00937500037,956.0,1017.49377,12.8000002,,,14.87,0.0,11.61,,,,,,0.0,,
2025-11-05 05:45:13+00:00,2025-11-05 05:45:13,,,,,,,,,,19.6612492,0.00937500037,956.0,1019.11877,12.7124996,,,14.87,0.0,11.61,,,,,,0.0,,
2025-11-05 05:45:14+00:00,2025-11-05 05:45:14,,,,,,,,,,19.6612492,0.0,955.0,1019.28125,12.7124996,,,14.87,0.0,11.61,,,,,,0.0,,
2025-11-05 05:45:15+00:00,2025-11-05 05:45:15,24.6612492,18.0,18.0,28.0,28.0,12.02671125392429,308.0,BO_O2_RULE,"제어매트릭스 규칙 적용: O2_LOW (3단계 롤백, 4단계에서 Hz 변화 없음)",19.6612492,0.0,955.0,1019.28125,12.7124996,,,14.87,0.0,11.61,,,,,,0.0,,
2025-11-05 05:45:16+00:00,2025-11-05 05:45:16,,,,,,,,,,19.6612492,0.0109374998,955.0,1020.66248,12.7124996,,,14.87,0.0,11.61,,,,,,0.0,,
2025-11-05 05:45:17+00:00,2025-11-05 05:45:17,,,,,,,,,,19.6612492,0.0203124993,955.0,1020.66248,13.0874996,,,14.87,0.0,11.61,,,,,,0.0,,
2025-11-05 05:45:18+00:00,2025-11-05 05:45:18,,,,,,,,,,19.6612492,0.0203124993,955.0,1020.5,13.0874996,,,14.87,0.0,11.61,,,,,,0.0,,
2025-11-05 05:45:19+00:00,2025-11-05 05:45:19,,,,,,,,,,19.6612492,0.00625000009,955.0,1020.5,12.7749996,,,14.87,0.0,11.61,,,,,,0.0,,
2025-11-05 05:45:20+00:00,2025-11-05 05:45:20,24.6612492,18.0,18.0,28.0,28.0,12.096879748385781,308.0,BO_O2_RULE,"제어매트릭스 규칙 적용: O2_LOW (3단계 롤백, 4단계에서 Hz 변화 없음)",19.6612492,0.00625000009,955.0,1021.47498,12.7749996,,,14.87,0.0,12.17,,,,,,0.0,,
2025-11-05 05:45:21+00:00,2025-11-05 05:45:21,,,,,,,,,,19.6612492,0.00625000009,955.0,1021.47498,12.125,,,14.87,0.0,12.17,,,,,,0.0,,
2025-11-05 05:45:22+00:00,2025-11-05 05:45:22,,,,,,,,,,19.6612492,0.0171875004,955.0,1020.66248,12.125,,,14.87,0.0,12.17,,,,,,0.0,,
2025-11-05 05:45:23+00:00,2025-11-05 05:45:23,,,,,,,,,,19.6612492,0.0,955.0,1020.90625,11.9624996,,,14.87,0.0,12.17,,,,,,0.0,,
2025-11-05 05:45:24+00:00,2025-11-05 05:45:24,,,,,,,,,,19.6612492,0.0,955.0,1020.90625,11.9624996,,,14.87,0.0,12.17,,,,,,0.0,,
2025-11-05 05:45:25+00:00,2025-11-05 05:45:25,24.6612492,18.0,18.0,28.0,28.0,12.277378741353973,308.0,BO_O2_RULE,"제어매트릭스 규칙 적용: O2_LOW (3단계 롤백, 4단계에서 Hz 변화 없음)",19.6612492,0.0,956.0,1022.04376,12.1374998,,,14.87,0.0,12.17,,,,,,0.0,,
2025-11-05 05:45:26+00:00,2025-11-05 05:45:26,,,,,,,,,,19.6612492,0.0234375,956.0,1023.09998,12.3874998,,,14.87,0.0,12.17,,,,,,0.0,,
2025-11-05 05:45:27+00:00,2025-11-05 05:45:27,,,,,,,,,,19.6612492,0.0234375,956.0,1023.09998,12.3874998,,,14.87,0.0,12.17,,,,,,0.0,,
2025-11-05 05:45:28+00:00,2025-11-05 05:45:28,,,,,,,,,,19.6612492,0.0218749996,955.0,1024.5625,12.3874998,,,14.87,0.0,12.17,,,,,,0.0,,
2025-11-05 05:45:29+00:00,2025-11-05 05:45:29,,,,,,,,,,19.6612492,0.0218749996,955.0,1024.5625,12.3874998,,,14.87,0.0,12.17,,,,,,0.0,,
2025-11-05 05:45:30+00:00,2025-11-05 05:45:30,24.6612492,18.0,18.0,28.0,28.0,12.264716455181674,308.0,BO_O2_RULE,"제어매트릭스 규칙 적용: O2_LOW (3단계 롤백, 4단계에서 Hz 변화 없음)",19.6612492,0.0281249993,956.0,1024.31873,12.3374996,,,14.87,0.0,12.17,,,,,,0.0,,
2025-11-05 05:45:31+00:00,2025-11-05 05:45:31,,,,,,,,,,19.6612492,0.0265625007,955.0,1023.75,11.7875004,,,14.87,0.0,11.71,,,,,,0.0,,
2025-11-05 05:45:32+00:00,2025-11-05 05:45:32,,,,,,,,,,19.6612492,0.0265625007,955.0,1023.75,11.7875004,,,14.87,0.0,11.71,,,,,,0.0,,
2025-11-05 05:45:33+00:00,2025-11-05 05:45:33,,,,,,,,,,19.6612492,0.0,955.0,1025.86255,11.8874998,,,14.87,0.0,11.71,,,,,,0.0,,
2025-11-05 05:45:34+00:00,2025-11-05 05:45:34,,,,,,,,,,19.6612492,0.0,955.0,1025.86255,11.8874998,,,14.87,0.0,11.71,,,,,,0.0,,
2025-11-05 05:45:35+00:00,2025-11-05 05:45:35,24.6612492,18.0,18.0,28.0,28.0,12.50511163717598,308.0,BO_O2_RULE,"제어매트릭스 규칙 적용: O2_LOW (3단계 롤백, 4단계에서 Hz 변화 없음)",19.6612492,0.0,955.0,1026.2688,11.8999996,,,14.87,0.0,11.71,,,,,,0.0,,
2025-11-05 05:45:36+00:00,2025-11-05 05:45:36,,,,,,,,,,19.6612492,0.00625000009,955.0,1026.2688,11.8999996,,,14.87,0.0,11.71,,,,,,0.0,,
2025-11-05 05:45:37+00:00,2025-11-05 05:45:37,,,,,,,,,,19.6612492,0.0,954.0,1026.2688,11.1750002,,,14.87,0.0,11.71,,,,,,0.0,,
2025-11-05 05:45:38+00:00,2025-11-05 05:45:38,,,,,,,,,,19.6612492,0.00937500037,955.0,1027.40625,11.4750004,,,14.87,0.0,11.71,,,,,,0.0,,
2025-11-05 05:45:39+00:00,2025-11-05 05:45:39,,,,,,,,,,19.6612492,0.00937500037,955.0,1027.40625,11.4750004,,,14.87,0.0,11.71,,,,,,0.0,,
2025-11-05 05:45:40+00:00,2025-11-05 05:45:40,24.6612492,18.0,18.0,28.0,28.0,12.65795797665095,308.0,BO_O2_RULE,"제어매트릭스 규칙 적용: O2_LOW (3단계 롤백, 4단계에서 Hz 변화 없음)",19.6612492,0.0109374998,955.0,1027.40625,9.80000019,,,14.87,0.0,11.71,,,,,,0.0,,
2025-11-05 05:45:41+00:00,2025-11-05 05:45:41,,,,,,,,,,19.6612492,0.0,956.0,1028.13745,9.80000019,,,14.87,0.0,10.73,,,,,,0.0,,
2025-11-05 05:45:42+00:00,2025-11-05 05:45:42,,,,,,,,,,19.6612492,0.0,956.0,1028.13745,9.97500038,,,14.87,0.0,10.73,,,,,,0.0,,
2025-11-05 05:45:43+00:00,2025-11-05 05:45:43,,,,,,,,,,19.6612492,0.0,956.0,1027.24377,9.92500019,,,14.87,0.0,10.73,,,,,,0.0,,
2025-11-05 05:45:44+00:00,2025-11-05 05:45:44,,,,,,,,,,19.6612492,0.0,956.0,1027.24377,9.92500019,,,14.87,0.0,10.73,,,,,,0.0,,
2025-11-05 05:45:45+00:00,2025-11-05 05:45:45,20.0,20.0,20.0,20.0,20.0,,2.0,FALLBACK,Fallback Hz 사용: 20.0Hz (essential_range_violation),19.6612492,0.0,955.0,1029.11255,9.52499962,,,14.87,0.0,10.73,,,,,,0.0,,
2025-11-05 05:45:46+00:00,2025-11-05 05:45:46,,,,,,,,,,19.6612492,0.0,955.0,1028.94995,9.17500019,,,14.87,0.0,10.73,,,,,,0.0,,
2025-11-05 05:45:47+00:00,2025-11-05 05:45:47,,,,,,,,,,19.6612492,0.0,955.0,1028.94995,9.17500019,,,14.87,0.0,10.73,,,,,,0.0,,
2025-11-05 05:45:48+00:00,2025-11-05 05:45:48,,,,,,,,,,19.6612492,0.0,955.0,1029.03125,9.67500019,,,14.87,0.0,10.73,,,,,,0.0,,
2025-11-05 05:45:49+00:00,2025-11-05 05:45:49,,,,,,,,,,19.6612492,0.0218749996,955.0,1029.03125,9.67500019,,,14.87,0.0,10.73,,,,,,0.0,,
2025-11-05 05:45:50+00:00,2025-11-05 05:45:50,20.0,20.0,20.0,20.0,20.0,,2.0,FALLBACK,Fallback Hz 사용: 20.0Hz (essential_range_violation),19.6612492,0.0218749996,956.0,1029.03125,8.85000038,,,14.87,0.0,8.71,,,,,,0.0,,
2025-11-05 05:45:51+00:00,2025-11-05 05:45:51,,,,,,,,,,19.6612492,0.0,956.0,1030.57495,8.85000038,,,14.87,0.0,8.71,,,,,,0.0,,
2025-11-05 05:45:53+00:00,2025-11-05 05:45:53,,,,,,,,,,19.6612492,0.0,954.0,1031.38745,8.71249962,,,14.87,0.0,8.71,,,,,,0.0,,
2025-11-05 05:45:54+00:00,2025-11-05 05:45:54,,,,,,,,,,19.6612492,0.0,954.0,1031.38745,8.71249962,,,14.87,0.0,8.71,,,,,,0.0,,
2025-11-05 05:45:55+00:00,2025-11-05 05:45:55,20.0,20.0,20.0,20.0,20.0,,2.0,FALLBACK,Fallback Hz 사용: 20.0Hz (essential_range_violation),19.6612492,0.0250000004,955.0,1032.36255,9.05000019,,,14.87,0.0,8.71,,,,,,0.0,,
2025-11-05 05:45:56+00:00,2025-11-05 05:45:56,,,,,,,,,,19.6612492,0.0250000004,955.0,1032.36255,9.05000019,,,14.87,0.0,8.71,,,,,,0.0,,
2025-11-05 05:45:57+00:00,2025-11-05 05:45:57,,,,,,,,,,19.6612492,0.0250000004,955.0,1031.7937,8.23750019,,,14.87,0.0,8.71,,,,,,0.0,,
2025-11-05 05:45:58+00:00,2025-11-05 05:45:58,,,,,,,,,,19.6612492,0.0250000004,955.0,1031.7937,8.23750019,,,14.87,0.0,8.71,,,,,,0.0,,
2025-11-05 05:45:59+00:00,2025-11-05 05:45:59,,,,,,,,,,19.6612492,0.0140624996,955.0,1034.2312,8.375,,,14.87,0.0,8.71,,,,,,0.0,,
2025-11-05 05:46:00+00:00,2025-11-05 05:46:00,18.0,18.0,18.0,18.0,18.0,11.939164636673429,100.0,BO_ONLY,"BO 모델 결과만 사용 (1단계 롤백, 2~4단계에서 Hz 변화 없음)",19.6612492,0.00156250002,955.0,1033.74377,8.21249962,,3.0,14.87,0.0,8.71,,,,,,0.0,,
2025-11-05 05:46:01+00:00,2025-11-05 05:46:01,,,,,,,,,,19.6612492,0.00156250002,955.0,1033.74377,8.21249962,,,14.87,0.0,8.71,,,,,,0.0,,
2025-11-05 05:46:02+00:00,2025-11-05 05:46:02,,,,,,,,,,19.6612492,0.0250000004,955.0,1034.55627,9.36250019,,,14.87,0.0,7.73,,,,,,0.0,,
2025-11-05 05:46:03+00:00,2025-11-05 05:46:03,,,,,,,,,,19.6612492,0.0250000004,956.0,1034.55627,9.36250019,,,14.87,0.0,7.73,,,,,,0.0,,
2025-11-05 05:46:04+00:00,2025-11-05 05:46:04,,,,,,,,,,19.6612492,0.0,956.0,1034.55627,9.23750019,,,14.87,0.0,7.73,,,,,,0.0,,
2025-11-05 05:46:05+00:00,2025-11-05 05:46:05,24.6612492,18.0,18.0,28.0,28.0,12.186126626266706,308.0,BO_O2_RULE,"제어매트릭스 규칙 적용: O2_LOW (3단계 롤백, 4단계에서 Hz 변화 없음)",19.6612492,0.0,955.0,1033.90625,9.32499981,,,14.87,0.0,7.73,,,,,,0.0,,
2025-11-05 05:46:06+00:00,2025-11-05 05:46:06,,,,,,,,,,19.6612492,0.0,955.0,1033.90625,9.32499981,,,14.87,0.0,7.73,,,,,,0.0,,
2025-11-05 05:46:07+00:00,2025-11-05 05:46:07,,,,,,,,,,19.6612492,0.0078125,955.0,1033.90625,9.05000019,,,14.87,0.0,7.73,,,,,,0.0,,
2025-11-05 05:46:08+00:00,2025-11-05 05:46:08,,,,,,,,,,19.6612492,0.0078125,955.0,1033.82495,9.05000019,,,14.87,0.0,7.73,,,,,,0.0,,
2025-11-05 05:46:09+00:00,2025-11-05 05:46:09,,,,,,,,,,19.6612492,0.0,955.0,1033.25623,9.05000019,,,14.87,0.0,7.73,,,,,,0.0,,
2025-11-05 05:46:10+00:00,2025-11-05 05:46:10,24.6612492,18.0,18.0,28.0,28.0,12.084792146329544,308.0,BO_O2_RULE,"제어매트릭스 규칙 적용: O2_LOW (3단계 롤백, 4단계에서 Hz 변화 없음)",19.6612492,0.0,955.0,1033.25623,8.85000038,,,14.87,0.0,7.73,,,,,,0.0,,
2025-11-05 05:46:11+00:00,2025-11-05 05:46:11,,,,,,,,,,19.6612492,0.0125000002,955.0,1035.53125,8.85000038,,,14.87,0.0,7.73,,,,,,0.0,,
2025-11-05 05:46:12+00:00,2025-11-05 05:46:12,,,,,,,,,,19.6612492,0.0125000002,955.0,1035.53125,8.47500038,,,14.87,0.0,8.34,,,,,,0.0,,
2025-11-05 05:46:13+00:00,2025-11-05 05:46:13,,,,,,,,,,19.6612492,0.0,955.0,1035.2063,8.47500038,,,14.87,0.0,8.34,,,,,,0.0,,
2025-11-05 05:46:14+00:00,2025-11-05 05:46:14,,,,,,,,,,19.6612492,0.0,955.0,1035.2063,8.48750019,,,14.87,0.0,8.34,,,,,,0.0,,
2025-11-05 05:46:15+00:00,2025-11-05 05:46:15,18.0,18.0,18.0,18.0,18.0,11.698114864155778,100.0,BO_ONLY,"BO 모델 결과만 사용 (1단계 롤백, 2~4단계에서 Hz 변화 없음)",19.6612492,0.0,956.0,1036.0188,8.48750019,,,14.87,0.0,8.34,,,,,,0.0,,
2025-11-05 05:46:16+00:00,2025-11-05 05:46:16,,,,,,,,,,19.6612492,0.015625,955.0,1035.61255,8.5,,,14.87,0.0,8.34,,,,,,0.0,,
2025-11-05 05:46:17+00:00,2025-11-05 05:46:17,,,,,,,,,,19.6612492,0.015625,955.0,1035.61255,8.5,,,14.87,0.0,8.34,,,,,,0.0,,
2025-11-05 05:46:18+00:00,2025-11-05 05:46:18,,,,,,,,,,19.6612492,0.0,955.0,1037.4812,8.26249981,,,14.87,0.0,8.34,,,,,,0.0,,
2025-11-05 05:46:19+00:00,2025-11-05 05:46:19,,,,,,,,,,19.6612492,0.0250000004,955.0,1036.99377,8.35000038,,,14.87,0.0,8.34,,,,,,0.0,,
2025-11-05 05:46:20+00:00,2025-11-05 05:46:20,18.0,18.0,18.0,18.0,18.0,11.31786377748338,100.0,BO_ONLY,"BO 모델 결과만 사용 (1단계 롤백, 2~4단계에서 Hz 변화 없음)",19.6612492,0.0250000004,955.0,1036.99377,8.35000038,,,14.87,0.0,8.34,,,,,,0.0,,
2025-11-05 05:46:21+00:00,2025-11-05 05:46:21,,,,,,,,,,19.6612492,0.0250000004,956.0,1037.5625,8.92500019,,,14.87,0.0,7.74,,,,,,0.0,,
2025-11-05 05:46:22+00:00,2025-11-05 05:46:22,,,,,,,,,,19.6612492,0.0250000004,956.0,1037.5625,8.92500019,,,14.87,0.0,7.74,,,,,,0.0,,
2025-11-05 05:46:23+00:00,2025-11-05 05:46:23,,,,,,,,,,19.6612492,0.0250000004,955.0,1036.42505,9.35000038,,,14.87,0.0,7.74,,,,,,0.0,,
2025-11-05 05:46:24+00:00,2025-11-05 05:46:24,,,,,,,,,,19.6612492,0.0250000004,955.0,1036.75,9.35000038,,,14.87,0.0,7.74,,,,,,0.0,,
2025-11-05 05:46:25+00:00,2025-11-05 05:46:25,18.0,18.0,18.0,18.0,18.0,11.254647332534457,100.0,BO_ONLY,"BO 모델 결과만 사용 (1단계 롤백, 2~4단계에서 Hz 변화 없음)",19.6612492,0.0,955.0,1036.75,9.39999962,,,14.87,0.0,7.74,,,,,,0.0,,
2025-11-05 05:46:26+00:00,2025-11-05 05:46:26,,,,,,,,,,19.6612492,0.0,956.0,1036.75,9.39999962,,,14.87,0.0,7.74,,,,,,0.0,,
2025-11-05 05:46:27+00:00,2025-11-05 05:46:27,,,,,,,,,,19.6612492,0.0,955.0,1038.86255,9.125,,,14.87,0.0,7.74,,,,,,0.0,,
2025-11-05 05:46:28+00:00,2025-11-05 05:46:28,,,,,,,,,,19.6612492,0.0125000002,955.0,1038.86255,9.125,,,14.87,0.0,7.74,,,,,,0.0,,
2025-11-05 05:46:29+00:00,2025-11-05 05:46:29,,,,,,,,,,19.6612492,0.0,956.0,1039.51245,9.01249981,,,14.87,0.0,7.74,,,,,,0.0,,
2025-11-05 05:46:30+00:00,2025-11-05 05:46:30,18.0,18.0,18.0,18.0,18.0,11.030861611871037,100.0,BO_ONLY,"BO 모델 결과만 사용 (1단계 롤백, 2~4단계에서 Hz 변화 없음)",19.6612492,0.0,956.0,1039.51245,9.01249981,,,14.87,0.0,7.74,,,,,,0.0,,
2025-11-05 05:46:31+00:00,2025-11-05 05:46:31,,,,,,,,,,19.6612492,0.0203124993,955.0,1038.94373,8.97500038,,,14.87,0.0,8.59,,,,,,0.0,,
2025-11-05 05:46:32+00:00,2025-11-05 05:46:32,,,,,,,,,,19.6612492,0.0203124993,955.0,1038.94373,8.97500038,,,14.87,0.0,8.59,,,,,,0.0,,
2025-11-05 05:46:33+00:00,2025-11-05 05:46:33,,,,,,,,,,19.6612492,0.0234375,955.0,1040.65002,9.07499981,,,14.87,0.0,8.59,,,,,,0.0,,
2025-11-05 05:46:34+00:00,2025-11-05 05:46:34,,,,,,,,,,19.6612492,0.0234375,955.0,1040.65002,9.07499981,,,14.87,0.0,8.59,,,,,,0.0,,
2025-11-05 05:46:35+00:00,2025-11-05 05:46:35,18.0,18.0,18.0,18.0,18.0,10.650372318574066,100.0,BO_ONLY,"BO 모델 결과만 사용 (1단계 롤백, 2~4단계에서 Hz 변화 없음)",19.6612492,0.00468750019,956.0,1040.8938,9.05000019,,,14.87,0.0,8.59,,,,,,0.0,,
2025-11-05 05:46:36+00:00,2025-11-05 05:46:36,,,,,,,,,,19.6612492,0.00468750019,956.0,1040.8938,9.05000019,,,14.87,0.0,8.59,,,,,,0.0,,
2025-11-05 05:46:37+00:00,2025-11-05 05:46:37,,,,,,,,,,19.6612492,0.00468750019,956.0,1039.67505,8.89999962,,,14.87,0.0,8.59,,,,,,0.0,,
2025-11-05 05:46:38+00:00,2025-11-05 05:46:38,,,,,,,,,,19.6612492,0.00468750019,956.0,1039.67505,8.89999962,,,14.87,0.0,8.59,,,,,,0.0,,
2025-11-05 05:46:39+00:00,2025-11-05 05:46:39,,,,,,,,,,19.6612492,0.0,956.0,1040.8125,9.0,,,14.87,0.0,8.59,,,,,,0.0,,
2025-11-05 05:46:40+00:00,2025-11-05 05:46:40,18.0,18.0,18.0,18.0,18.0,10.5473719704801,100.0,BO_ONLY,"BO 모델 결과만 사용 (1단계 롤백, 2~4단계에서 Hz 변화 없음)",19.6612492,0.0,956.0,1040.8125,9.0,,,14.87,0.0,8.59,,,,,,0.0,,
2025-11-05 05:46:41+00:00,2025-11-05 05:46:41,,,,,,,,,,19.6612492,0.0,956.0,1040.0813,10.8625002,,,14.87,0.0,8.59,,,,,,0.0,,
2025-11-05 05:46:42+00:00,2025-11-05 05:46:42,,,,,,,,,,19.6612492,0.0250000004,955.0,1040.0,10.7375002,,,14.87,0.0,8.53,,,,,,0.0,,
2025-11-05 05:46:43+00:00,2025-11-05 05:46:43,,,,,,,,,,19.6612492,0.00156250002,955.0,1040.65002,11.0874996,,,14.87,0.0,8.53,,,,,,0.0,,
2025-11-05 05:46:44+00:00,2025-11-05 05:46:44,,,,,,,,,,19.6612492,0.00156250002,955.0,1040.65002,11.0874996,,,14.87,0.0,8.53,,,,,,0.0,,
2025-11-05 05:46:45+00:00,2025-11-05 05:46:45,24.6612492,18.0,18.0,28.0,28.0,13.2525206147617,308.0,BO_O2_RULE,"제어매트릭스 규칙 적용: O2_LOW (3단계 롤백, 4단계에서 Hz 변화 없음)",19.6612492,0.00156250002,956.0,1039.83752,10.8000002,,,14.87,0.0,8.53,,,,,,0.0,,
2025-11-05 05:46:46+00:00,2025-11-05 05:46:46,,,,,,,,,,19.6612492,0.00156250002,956.0,1039.83752,10.8000002,,,14.87,0.0,8.53,,,,,,0.0,,
2025-11-05 05:46:47+00:00,2025-11-05 05:46:47,,,,,,,,,,19.6612492,0.00156250002,955.0,1039.9187,10.7875004,,,14.87,0.0,8.53,,,,,,0.0,,
2025-11-05 05:46:48+00:00,2025-11-05 05:46:48,,,,,,,,,,19.6612492,0.00156250002,955.0,1039.9187,10.7875004,,,14.87,0.0,8.53,,,,,,0.0,,
2025-11-05 05:46:49+00:00,2025-11-05 05:46:49,,,,,,,,,,19.6612492,0.0,955.0,1039.83752,10.7375002,,,14.87,0.0,8.53,,,,,,0.0,,
2025-11-05 05:46:50+00:00,2025-11-05 05:46:50,24.6612492,18.0,18.0,28.0,28.0,13.796001124819064,308.0,BO_O2_RULE,"제어매트릭스 규칙 적용: O2_LOW (3단계 롤백, 4단계에서 Hz 변화 없음)",19.6612492,0.0125000002,955.0,1039.83752,10.7375002,,,14.87,0.0,10.34,,,,,,0.0,,
2025-11-05 05:46:51+00:00,2025-11-05 05:46:51,,,,,,,,,,19.6612492,0.0,955.0,1040.0813,11.3249998,,,14.87,0.0,10.34,,,,,,0.0,,
2025-11-05 05:46:52+00:00,2025-11-05 05:46:52,,,,,,,,,,19.6612492,0.0,955.0,1040.0813,11.3249998,,,14.87,0.0,10.34,,,,,,0.0,,
2025-11-05 05:46:53+00:00,2025-11-05 05:46:53,,,,,,,,,,19.6612492,0.0187500007,955.0,1041.38123,11.0749998,,,14.87,0.0,10.34,,,,,,0.0,,
2025-11-05 05:46:54+00:00,2025-11-05 05:46:54,,,,,,,,,,19.6612492,0.0187500007,955.0,1041.38123,11.0749998,,,14.87,0.0,10.34,,,,,,0.0,,
2025-11-05 05:46:55+00:00,2025-11-05 05:46:55,20.0,20.0,20.0,20.0,20.0,,2.0,FALLBACK,Fallback Hz 사용: 20.0Hz (essential_range_violation),19.6612492,0.0187500007,955.0,1042.68127,11.0749998,,,14.87,0.0,10.34,,,,,,0.0,,
2025-11-05 05:46:56+00:00,2025-11-05 05:46:56,,,,,,,,,,19.6612492,0.0,955.0,1042.68127,11.0749998,,,14.87,0.0,10.34,,,,,,0.0,,
2025-11-05 05:46:57+00:00,2025-11-05 05:46:57,,,,,,,,,,19.6612492,0.0,954.0,1042.19373,11.0749998,,,14.87,0.0,10.34,,,,,,0.0,,
2025-11-05 05:46:58+00:00,2025-11-05 05:46:58,,,,,,,,,,19.6612492,0.0140624996,956.0,1042.3562,10.8374996,,,14.87,0.0,10.34,,,,,,0.0,,
2025-11-05 05:46:59+00:00,2025-11-05 05:46:59,,,,,,,,,,19.6612492,0.0,956.0,1041.46252,11.2375002,,,14.87,0.0,10.34,,,,,,0.0,,
2025-11-05 05:47:00+00:00,2025-11-05 05:47:00,20.0,20.0,20.0,20.0,20.0,,2.0,FALLBACK,Fallback Hz 사용: 20.0Hz (essential_range_violation),19.6612492,0.0,956.0,1041.46252,11.2375002,,3.0,14.87,0.0,10.61,,,,,,0.0,,
2025-11-05 05:47:01+00:00,2025-11-05 05:47:01,,,,,,,,,,19.6612492,0.0,956.0,1041.46252,11.2375002,,,14.87,0.0,10.61,,,,,,0.0,,
2025-11-05 05:47:02+00:00,2025-11-05 05:47:02,,,,,,,,,,19.6612492,0.0,955.0,1041.78748,14.6875,,,14.87,0.0,10.61,,,,,,0.0,,
2025-11-05 05:47:03+00:00,2025-11-05 05:47:03,,,,,,,,,,19.6612492,0.0,955.0,1041.78748,14.6875,,,14.87,0.0,10.61,,,,,,0.0,,
2025-11-05 05:47:04+00:00,2025-11-05 05:47:04,,,,,,,,,,19.6612492,0.0,956.0,1042.59998,14.5249996,,,14.87,0.0,10.61,,,,,,0.0,,
2025-11-05 05:47:05+00:00,2025-11-05 05:47:05,20.0,20.0,20.0,20.0,20.0,,2.0,FALLBACK,Fallback Hz 사용: 20.0Hz (essential_range_violation),19.6612492,0.0,955.0,1042.59998,14.5749998,,,14.87,0.0,10.61,,,,,,0.0,,
2025-11-05 05:47:06+00:00,2025-11-05 05:47:06,,,,,,,,,,19.6612492,0.0,955.0,1043.49377,14.5749998,,,14.87,0.0,10.61,,,,,,0.0,,
2025-11-05 05:47:07+00:00,2025-11-05 05:47:07,,,,,,,,,,19.6612492,0.0234375,956.0,1043.49377,14.9250002,,,14.87,0.0,10.61,,,,,,0.0,,
2025-11-05 05:47:08+00:00,2025-11-05 05:47:08,,,,,,,,,,19.6612492,0.0187500007,955.0,1043.1687,14.8625002,,,14.87,0.0,10.61,,,,,,0.0,,
2025-11-05 05:47:09+00:00,2025-11-05 05:47:09,,,,,,,,,,19.6612492,0.0187500007,955.0,1043.1687,14.8625002,,,14.87,0.0,10.61,,,,,,0.0,,
2025-11-05 05:47:10+00:00,2025-11-05 05:47:10,24.6612492,18.0,18.0,28.0,28.0,15.667876486755649,308.0,BO_O2_RULE,"제어매트릭스 규칙 적용: O2_LOW (3단계 롤백, 4단계에서 Hz 변화 없음)",19.6612492,0.0187500007,954.0,1044.0625,14.8874998,,,14.87,0.0,10.61,,,,,,0.0,,
2025-11-05 05:47:11+00:00,2025-11-05 05:47:11,,,,,,,,,,19.6612492,0.0187500007,954.0,1044.0625,14.8874998,,,14.87,0.0,14.07,,,,,,0.0,,
2025-11-05 05:47:12+00:00,2025-11-05 05:47:12,,,,,,,,,,19.6612492,0.0187500007,953.0,1043.3313,15.0625,,,14.87,0.0,14.07,,,,,,0.0,,
2025-11-05 05:47:13+00:00,2025-11-05 05:47:13,,,,,,,,,,19.6612492,0.0187500007,953.0,1043.3313,15.0625,,,14.87,0.0,14.07,,,,,,0.0,,
2025-11-05 05:47:14+00:00,2025-11-05 05:47:14,,,,,,,,,,19.6612492,0.0140624996,953.0,1043.65625,14.9624996,,,14.87,0.0,14.07,,,,,,0.0,,
2025-11-05 05:47:15+00:00,2025-11-05 05:47:15,24.6612492,18.0,18.0,28.0,28.0,15.665445816846058,308.0,BO_O2_RULE,"제어매트릭스 규칙 적용: O2_LOW (3단계 롤백, 4단계에서 Hz 변화 없음)",19.6612492,0.0140624996,953.0,1043.65625,14.9624996,,,14.87,0.0,14.07,,,,,,0.0,,
2025-11-05 05:47:16+00:00,2025-11-05 05:47:16,,,,,,,,,,19.6612492,0.0125000002,953.0,1043.25,14.9624996,,,14.87,0.0,14.07,,,,,,0.0,,
2025-11-05 05:47:17+00:00,2025-11-05 05:47:17,,,,,,,,,,19.6612492,0.00468750019,954.0,1043.41248,14.6999998,,,14.87,0.0,14.07,,,,,,0.0,,
2025-11-05 05:47:18+00:00,2025-11-05 05:47:18,,,,,,,,,,19.6612492,0.00468750019,954.0,1043.41248,14.6999998,,,14.87,0.0,14.07,,,,,,0.0,,
2025-11-05 05:47:19+00:00,2025-11-05 05:47:19,,,,,,,,,,19.6612492,0.00468750019,954.0,1043.57495,14.75,,,14.87,0.0,14.07,,,,,,0.0,,
2025-11-05 05:47:20+00:00,2025-11-05 05:47:20,24.6612492,18.0,18.0,28.0,28.0,15.694592910257255,308.0,BO_O2_RULE,"제어매트릭스 규칙 적용: O2_LOW (3단계 롤백, 4단계에서 Hz 변화 없음)",19.6612492,0.00468750019,954.0,1043.57495,14.75,,,14.87,0.0,14.07,,,,,,0.0,,
2025-11-05 05:47:21+00:00,2025-11-05 05:47:21,,,,,,,,,,19.6612492,0.0203124993,953.0,1044.30627,15.0,,,14.87,0.0,14.35,,,,,,0.0,,
2025-11-05 05:47:22+00:00,2025-11-05 05:47:22,,,,,,,,,,19.6612492,0.0203124993,953.0,1044.30627,15.0,,,14.87,0.0,14.35,,,,,,0.0,,
2025-11-05 05:47:23+00:00,2025-11-05 05:47:23,,,,,,,,,,19.6612492,0.0203124993,954.0,1043.9812,15.0500002,,,14.87,0.0,14.35,,,,,,0.0,,
2025-11-05 05:47:24+00:00,2025-11-05 05:47:24,,,,,,,,,,19.6612492,0.0203124993,954.0,1043.9812,15.0500002,,,14.87,0.0,14.35,,,,,,0.0,,
2025-11-05 05:47:25+00:00,2025-11-05 05:47:25,24.6612492,18.0,18.0,28.0,28.0,16.153970106440344,308.0,BO_O2_RULE,"제어매트릭스 규칙 적용: O2_LOW (3단계 롤백, 4단계에서 Hz 변화 없음)",19.6612492,0.0,954.0,1044.71252,14.9375,,,14.87,0.0,14.35,,,,,,0.0,,
2025-11-05 05:47:26+00:00,2025-11-05 05:47:26,,,,,,,,,,19.6612492,0.0,953.0,1044.875,15.25,,,14.87,0.0,14.35,,,,,,0.0,,
2025-11-05 05:47:27+00:00,2025-11-05 05:47:27,,,,,,,,,,19.6612492,0.0265625007,953.0,1046.01245,15.2749996,,,14.87,0.0,14.35,,,,,,0.0,,
2025-11-05 05:47:28+00:00,2025-11-05 05:47:28,,,,,,,,,,19.6612492,0.0265625007,953.0,1046.01245,15.2749996,,,14.87,0.0,14.35,,,,,,0.0,,
2025-11-05 05:47:29+00:00,2025-11-05 05:47:29,,,,,,,,,,19.6612492,0.0265625007,953.0,1045.11877,15.4125004,,,14.87,0.0,14.35,,,,,,0.0,,
2025-11-05 05:47:30+00:00,2025-11-05 05:47:30,24.6612492,18.0,18.0,28.0,28.0,16.378732457734863,308.0,BO_O2_RULE,"제어매트릭스 규칙 적용: O2_LOW (3단계 롤백, 4단계에서 Hz 변화 없음)",19.6612492,0.0187500007,953.0,1045.11877,15.4125004,,,14.87,0.0,14.77,,,,,,0.0,,
2025-11-05 05:47:31+00:00,2025-11-05 05:47:31,,,,,,,,,,19.6612492,0.0,953.0,1045.44373,15.6125002,,,14.87,0.0,14.77,,,,,,0.0,,
2025-11-05 05:47:33+00:00,2025-11-05 05:47:33,,,,,,,,,,19.6612492,0.0,954.0,1045.11877,15.5874996,,,14.87,0.0,14.77,,,,,,0.0,,
2025-11-05 05:47:34+00:00,2025-11-05 05:47:34,,,,,,,,,,19.6612492,0.0187500007,954.0,1045.11877,15.5874996,,,14.87,0.0,14.77,,,,,,0.0,,
2025-11-05 05:47:35+00:00,2025-11-05 05:47:35,20.0,20.0,20.0,20.0,20.0,,2.0,FALLBACK,Fallback Hz 사용: 20.0Hz (essential_range_violation),19.6612492,0.00468750019,954.0,1046.25623,15.6875,,,14.87,0.0,14.77,,,,,,0.0,,
2025-11-05 05:47:36+00:00,2025-11-05 05:47:36,,,,,,,,,,19.6612492,0.00468750019,954.0,1046.25623,15.6875,,,14.87,0.0,14.77,,,,,,0.0,,
2025-11-05 05:47:37+00:00,2025-11-05 05:47:37,,,,,,,,,,19.6612492,0.015625,953.0,1045.84998,15.5249996,,,14.87,0.0,14.77,,,,,,0.0,,
2025-11-05 05:47:38+00:00,2025-11-05 05:47:38,,,,,,,,,,19.6612492,0.0171875004,953.0,1044.9563,15.4125004,,,14.87,0.0,14.77,,,,,,0.0,,
2025-11-05 05:47:39+00:00,2025-11-05 05:47:39,,,,,,,,,,19.6612492,0.0171875004,953.0,1044.9563,15.4125004,,,14.87,0.0,14.77,,,,,,0.0,,
2025-11-05 05:47:40+00:00,2025-11-05 05:47:40,24.6612492,18.0,18.0,28.0,28.0,15.172832783270147,308.0,BO_O2_RULE,"제어매트릭스 규칙 적용: O2_LOW (3단계 롤백, 4단계에서 Hz 변화 없음)",19.6612492,0.0171875004,953.0,1045.93127,15.5124998,,,14.87,0.0,14.77,,,,,,0.0,,
2025-11-05 05:47:41+00:00,2025-11-05 05:47:41,,,,,,,,,,19.6612492,0.0,953.0,1045.93127,15.5124998,,,14.87,0.0,14.77,,,,,,0.0,,
2025-11-05 05:47:42+00:00,2025-11-05 05:47:42,,,,,,,,,,19.6612492,0.0,954.0,1045.7688,15.5625,,,14.87,0.0,14.95,,,,,,0.0,,
2025-11-05 05:47:43+00:00,2025-11-05 05:47:43,,,,,,,,,,19.6612492,0.00937500037,953.0,1045.11877,15.625,,,14.87,0.0,14.95,,,,,,0.0,,
2025-11-05 05:47:44+00:00,2025-11-05 05:47:44,,,,,,,,,,19.6612492,0.00937500037,953.0,1045.11877,15.625,,,14.87,0.0,14.95,,,,,,0.0,,
2025-11-05 05:47:45+00:00,2025-11-05 05:47:45,24.6612492,18.0,18.0,28.0,28.0,15.74348852139129,308.0,BO_O2_RULE,"제어매트릭스 규칙 적용: O2_LOW (3단계 롤백, 4단계에서 Hz 변화 없음)",19.6612492,0.0250000004,953.0,1044.9563,15.7749996,,,14.87,0.0,14.95,,,,,,0.0,,
2025-11-05 05:47:46+00:00,2025-11-05 05:47:46,,,,,,,,,,19.6612492,0.0250000004,953.0,1044.9563,15.7749996,,,14.87,0.0,14.95,,,,,,0.0,,
2025-11-05 05:47:47+00:00,2025-11-05 05:47:47,,,,,,,,,,19.6612492,0.0203124993,954.0,1045.44373,16.7875004,,,14.87,0.0,14.95,,,,,,0.0,,
2025-11-05 05:47:48+00:00,2025-11-05 05:47:48,,,,,,,,,,19.6612492,0.0203124993,954.0,1045.44373,16.7875004,,,14.87,0.0,14.95,,,,,,0.0,,
2025-11-05 05:47:49+00:00,2025-11-05 05:47:49,,,,,,,,,,19.6612492,0.0203124993,953.0,1045.03748,17.0874996,,,14.87,0.0,14.95,,,,,,0.0,,
2025-11-05 05:47:50+00:00,2025-11-05 05:47:50,24.6612492,18.0,18.0,28.0,28.0,15.991121579501758,308.0,BO_O2_RULE,"제어매트릭스 규칙 적용: O2_LOW (3단계 롤백, 4단계에서 Hz 변화 없음)",19.6612492,0.0203124993,953.0,1045.03748,17.0874996,,,14.87,0.0,14.95,,,,,,0.0,,
2025-11-05 05:47:51+00:00,2025-11-05 05:47:51,,,,,,,,,,19.6612492,0.0203124993,953.0,1045.93127,17.0125008,,,14.87,0.0,14.95,,,,,,0.0,,
2025-11-05 05:47:52+00:00,2025-11-05 05:47:52,,,,,,,,,,19.6612492,0.0203124993,953.0,1045.93127,17.0125008,,,14.87,0.0,16.46,,,,,,0.0,,
2025-11-05 05:47:53+00:00,2025-11-05 05:47:53,,,,,,,,,,19.6612492,0.0203124993,955.0,1045.93127,17.2999992,,,14.87,0.0,16.46,,,,,,0.0,,
2025-11-05 05:47:54+00:00,2025-11-05 05:47:54,,,,,,,,,,19.6612492,0.0,956.0,1045.93127,16.9375,,,14.87,0.0,16.46,,,,,,0.0,,
2025-11-05 05:47:55+00:00,2025-11-05 05:47:55,24.6612492,18.0,18.0,28.0,28.0,16.11874358359746,308.0,BO_O2_RULE,"제어매트릭스 규칙 적용: O2_LOW (3단계 롤백, 4단계에서 Hz 변화 없음)",19.6612492,0.0,956.0,1045.93127,16.9375,,,14.87,0.0,16.46,,,,,,0.0,,
2025-11-05 05:47:56+00:00,2025-11-05 05:47:56,,,,,,,,,,19.6612492,0.0140624996,955.0,1046.09375,16.9500008,,,14.87,0.0,16.46,,,,,,0.0,,
2025-11-05 05:47:57+00:00,2025-11-05 05:47:57,,,,,,,,,,19.6612492,0.0,955.0,1044.9563,16.9500008,,,14.87,0.0,16.46,,,,,,0.0,,
2025-11-05 05:47:58+00:00,2025-11-05 05:47:58,,,,,,,,,,19.6612492,0.0,955.0,1044.9563,17.1499996,,,14.87,0.0,16.46,,,,,,0.0,,
2025-11-05 05:47:59+00:00,2025-11-05 05:47:59,,,,,,,,,,19.6612492,0.0,954.0,1044.875,17.2374992,,,14.87,0.0,16.46,,,,,,0.0,,
2025-11-05 05:48:00+00:00,2025-11-05 05:48:00,24.6612492,18.0,18.0,28.0,28.0,16.18874087950315,308.0,BO_O2_RULE,"제어매트릭스 규칙 적용: O2_LOW (3단계 롤백, 4단계에서 Hz 변화 없음)",19.6612492,0.0,954.0,1044.875,17.2374992,,3.0,14.87,0.0,16.46,,,,,,0.0,,
2025-11-05 05:48:01+00:00,2025-11-05 05:48:01,,,,,,,,,,19.6612492,0.015625,954.0,1044.875,16.9750004,,,14.87,0.0,16.46,,,,,,0.0,,
2025-11-05 05:48:02+00:00,2025-11-05 05:48:02,,,,,,,,,,19.6612492,0.0,955.0,1044.875,17.1375008,,,14.87,0.0,16.51,,,,,,0.0,,
2025-11-05 05:48:03+00:00,2025-11-05 05:48:03,,,,,,,,,,19.6612492,0.0,955.0,1044.875,17.1375008,,,14.87,0.0,16.51,,,,,,0.0,,
2025-11-05 05:48:04+00:00,2025-11-05 05:48:04,,,,,,,,,,19.6612492,0.0,954.0,1044.875,17.0,,,14.87,0.0,16.51,,,,,,0.0,,
2025-11-05 05:48:05+00:00,2025-11-05 05:48:05,24.6612492,18.0,18.0,28.0,28.0,16.081895100720804,308.0,BO_O2_RULE,"제어매트릭스 규칙 적용: O2_LOW (3단계 롤백, 4단계에서 Hz 변화 없음)",19.6612492,0.0,954.0,1044.9563,17.0,,,14.87,0.0,16.51,,,,,,0.0,,
2025-11-05 05:48:06+00:00,2025-11-05 05:48:06,,,,,,,,,,19.6612492,0.0,956.0,1044.9563,18.1000004,,,14.87,0.0,16.51,,,,,,0.0,,
2025-11-05 05:48:07+00:00,2025-11-05 05:48:07,,,,,,,,,,19.6612492,0.0,955.0,1045.11877,17.7374992,,,14.87,0.0,16.51,,,,,,0.0,,
2025-11-05 05:48:08+00:00,2025-11-05 05:48:08,,,,,,,,,,19.6612492,0.0,955.0,1045.11877,17.7374992,,,14.87,0.0,16.51,,,,,,0.0,,
2025-11-05 05:48:09+00:00,2025-11-05 05:48:09,,,,,,,,,,19.6612492,0.0343750007,955.0,1047.47498,17.9125004,,,14.87,0.0,16.51,,,,,,0.0,,
2025-11-05 05:48:10+00:00,2025-11-05 05:48:10,20.0,20.0,20.0,20.0,20.0,,2.0,FALLBACK,Fallback Hz 사용: 20.0Hz (essential_range_violation),19.6612492,0.0343750007,955.0,1047.47498,17.9125004,,,14.87,0.0,16.51,,,,,,0.0,,
2025-11-05 05:48:11+00:00,2025-11-05 05:48:11,,,,,,,,,,19.6612492,0.0171875004,956.0,1046.82495,17.9500008,,,14.87,0.0,17.13,,,,,,0.0,,
2025-11-05 05:48:12+00:00,2025-11-05 05:48:12,,,,,,,,,,19.6612492,0.00937500037,956.0,1047.47498,17.8875008,,,14.87,0.0,17.13,,,,,,0.0,,
2025-11-05 05:48:13+00:00,2025-11-05 05:48:13,,,,,,,,,,19.6612492,0.00937500037,956.0,1047.47498,17.8875008,,,14.87,0.0,17.13,,,,,,0.0,,
2025-11-05 05:48:14+00:00,2025-11-05 05:48:14,,,,,,,,,,19.6612492,0.0,955.0,1047.15002,17.8624992,,,14.87,0.0,17.13,,,,,,0.0,,
2025-11-05 05:48:15+00:00,2025-11-05 05:48:15,24.6612492,18.0,18.0,28.0,28.0,17.26054984054753,308.0,BO_O2_RULE,"제어매트릭스 규칙 적용: O2_LOW (3단계 롤백, 4단계에서 Hz 변화 없음)",19.6612492,0.0,955.0,1047.15002,17.8624992,,,14.87,0.0,17.13,,,,,,0.0,,
2025-11-05 05:48:16+00:00,2025-11-05 05:48:16,,,,,,,,,,19.6612492,0.00468750019,955.0,1047.47498,18.0,,,14.87,0.0,17.13,,,,,,0.0,,
2025-11-05 05:48:17+00:00,2025-11-05 05:48:17,,,,,,,,,,19.6612492,0.0250000004,956.0,1046.74377,18.0499992,,,14.87,0.0,17.13,,,,,,0.0,,
2025-11-05 05:48:18+00:00,2025-11-05 05:48:18,,,,,,,,,,19.6612492,0.0250000004,956.0,1046.74377,18.0499992,,,14.87,0.0,17.13,,,,,,0.0,,
2025-11-05 05:48:19+00:00,2025-11-05 05:48:19,,,,,,,,,,19.6612492,0.0296874996,955.0,1046.82495,18.0499992,,,14.87,0.0,17.13,,,,,,0.0,,
2025-11-05 05:48:20+00:00,2025-11-05 05:48:20,24.6612492,18.0,18.0,28.0,28.0,17.29905704484022,308.0,BO_O2_RULE,"제어매트릭스 규칙 적용: O2_LOW (3단계 롤백, 4단계에서 Hz 변화 없음)",19.6612492,0.0296874996,955.0,1046.82495,18.0499992,,,14.87,0.0,17.13,,,,,,0.0,,
2025-11-05 05:48:21+00:00,2025-11-05 05:48:21,,,,,,,,,,19.6612492,0.0281249993,956.0,1046.66248,18.2250004,,,14.87,0.0,17.13,,,,,,0.0,,
2025-11-05 05:48:22+00:00,2025-11-05 05:48:22,,,,,,,,,,19.6612492,0.0140624996,955.0,1046.4187,18.0625,,,14.87,0.0,17.43,,,,,,0.0,,
2025-11-05 05:48:23+00:00,2025-11-05 05:48:23,,,,,,,,,,19.6612492,0.0140624996,956.0,1046.5,18.1499996,,,14.87,0.0,17.43,,,,,,0.0,,
2025-11-05 05:48:24+00:00,2025-11-05 05:48:24,,,,,,,,,,19.6612492,0.0281249993,955.0,1047.15002,18.0249996,,,14.87,0.0,17.43,,,,,,0.0,,
2025-11-05 05:48:25+00:00,2025-11-05 05:48:25,24.6612492,18.0,18.0,28.0,28.0,17.29905704484022,308.0,BO_O2_RULE,"제어매트릭스 규칙 적용: O2_LOW (3단계 롤백, 4단계에서 Hz 변화 없음)",19.6612492,0.0281249993,955.0,1047.15002,18.0249996,,,14.87,0.0,17.43,,,,,,0.0,,
2025-11-05 05:48:26+00:00,2025-11-05 05:48:26,,,,,,,,,,19.6612492,0.0,956.0,1045.28125,18.125,,,14.87,0.0,17.43,,,,,,0.0,,
2025-11-05 05:48:27+00:00,2025-11-05 05:48:27,,,,,,,,,,19.6612492,0.00937500037,957.0,1045.84998,18.125,,,14.87,0.0,17.43,,,,,,0.0,,
2025-11-05 05:48:28+00:00,2025-11-05 05:48:28,,,,,,,,,,19.6612492,0.00937500037,957.0,1045.84998,18.3250008,,,14.87,0.0,17.43,,,,,,0.0,,
2025-11-05 05:48:29+00:00,2025-11-05 05:48:29,,,,,,,,,,19.6612492,0.0,957.0,1045.6875,18.3250008,,,14.87,0.0,17.43,,,,,,0.0,,
2025-11-05 05:48:30+00:00,2025-11-05 05:48:30,24.6612492,18.0,18.0,28.0,28.0,17.749392292516887,308.0,BO_O2_RULE,"제어매트릭스 규칙 적용: O2_LOW (3단계 롤백, 4단계에서 Hz 변화 없음)",19.6612492,0.00625000009,957.0,1044.9563,18.3250008,,,14.87,0.0,17.43,,,,,,0.0,,
2025-11-05 05:48:31+00:00,2025-11-05 05:48:31,,,,,,,,,,19.6612492,0.00625000009,957.0,1044.9563,18.1875,,,14.87,0.0,17.4,,,,,,0.0,,
2025-11-05 05:48:32+00:00,2025-11-05 05:48:32,,,,,,,,,,19.6612492,0.00625000009,957.0,1046.09375,18.0499992,,,14.87,0.0,17.4,,,,,,0.0,,
2025-11-05 05:48:33+00:00,2025-11-05 05:48:33,,,,,,,,,,19.6612492,0.00625000009,957.0,1046.09375,18.0499992,,,14.87,0.0,17.4,,,,,,0.0,,
2025-11-05 05:48:34+00:00,2025-11-05 05:48:34,,,,,,,,,,19.6612492,0.00312500005,957.0,1046.09375,18.1000004,,,14.87,0.0,17.4,,,,,,0.0,,
2025-11-05 05:48:35+00:00,2025-11-05 05:48:35,24.6612492,18.0,18.0,28.0,28.0,17.716799958126206,308.0,BO_O2_RULE,"제어매트릭스 규칙 적용: O2_LOW (3단계 롤백, 4단계에서 Hz 변화 없음)",19.6612492,0.00312500005,957.0,1046.09375,18.1000004,,,14.87,0.0,17.4,,,,,,0.0,,
2025-11-05 05:48:36+00:00,2025-11-05 05:48:36,,,,,,,,,,19.6612492,0.0,957.0,1045.6875,17.9375,,,14.87,0.0,17.4,,,,,,0.0,,
2025-11-05 05:48:37+00:00,2025-11-05 05:48:37,,,,,,,,,,19.6612492,0.0,957.0,1045.6875,17.9375,,,14.87,0.0,17.4,,,,,,0.0,,
2025-11-05 05:48:38+00:00,2025-11-05 05:48:38,,,,,,,,,,19.6612492,0.0218749996,958.0,1045.19995,17.9874992,,,14.87,0.0,17.4,,,,,,0.0,,
2025-11-05 05:48:39+00:00,2025-11-05 05:48:39,,,,,,,,,,19.6612492,0.0,959.0,1045.44373,18.3999996,,,14.87,0.0,17.4,,,,,,0.0,,
2025-11-05 05:48:40+00:00,2025-11-05 05:48:40,20.0,20.0,20.0,20.0,20.0,,2.0,FALLBACK,Fallback Hz 사용: 20.0Hz (essential_range_violation),19.6612492,0.0,959.0,1045.44373,18.3999996,,,14.87,0.0,17.54,,,,,,0.0,,
2025-11-05 05:48:41+00:00,2025-11-05 05:48:41,,,,,,,,,,19.6612492,0.0203124993,959.0,1045.44373,18.0499992,,,14.87,0.0,17.54,,,,,,0.0,,
2025-11-05 05:48:42+00:00,2025-11-05 05:48:42,,,,,,,,,,19.6612492,0.0203124993,959.0,1045.44373,18.0499992,,,14.87,0.0,17.54,,,,,,0.0,,
2025-11-05 05:48:43+00:00,2025-11-05 05:48:43,,,,,,,,,,19.6612492,0.0234375,958.0,1045.6875,18.375,,,14.87,0.0,17.54,,,,,,0.0,,
2025-11-05 05:48:44+00:00,2025-11-05 05:48:44,,,,,,,,,,19.6612492,0.0234375,958.0,1045.6875,18.375,,,14.87,0.0,17.54,,,,,,0.0,,
2025-11-05 05:48:45+00:00,2025-11-05 05:48:45,24.6612492,18.0,18.0,28.0,28.0,17.697266164068264,308.0,BO_O2_RULE,"제어매트릭스 규칙 적용: O2_LOW (3단계 롤백, 4단계에서 Hz 변화 없음)",19.6612492,0.0281249993,959.0,1044.875,18.5375004,,,14.87,0.0,17.54,,,,,,0.0,,
2025-11-05 05:48:46+00:00,2025-11-05 05:48:46,,,,,,,,,,19.6612492,0.0171875004,958.0,1043.65625,18.4874992,,,14.87,0.0,17.54,,,,,,0.0,,
2025-11-05 05:48:47+00:00,2025-11-05 05:48:47,,,,,,,,,,19.6612492,0.0171875004,958.0,1043.65625,18.4874992,,,14.87,0.0,17.54,,,,,,0.0,,
2025-11-05 05:48:48+00:00,2025-11-05 05:48:48,,,,,,,,,,19.6612492,0.0,959.0,1043.25,18.8374996,,,14.87,0.0,17.54,,,,,,0.0,,
2025-11-05 05:48:49+00:00,2025-11-05 05:48:49,,,,,,,,,,19.6612492,0.0,959.0,1043.25,18.8374996,,,14.87,0.0,17.54,,,,,,0.0,,
2025-11-05 05:48:50+00:00,2025-11-05 05:48:50,24.6612492,18.0,18.0,28.0,28.0,17.844146593853257,308.0,BO_O2_RULE,"제어매트릭스 규칙 적용: O2_LOW (3단계 롤백, 4단계에서 Hz 변화 없음)",19.6612492,0.0125000002,959.0,1043.25,18.3125,,,14.87,0.0,17.85,,,,,,0.0,,
2025-11-05 05:48:51+00:00,2025-11-05 05:48:51,,,,,,,,,,19.6612492,0.0125000002,959.0,1043.25,18.3125,,,14.87,0.0,17.85,,,,,,0.0,,
2025-11-05 05:48:52+00:00,2025-11-05 05:48:52,,,,,,,,,,19.6612492,0.0125000002,959.0,1043.3313,18.5750008,,,14.87,0.0,17.85,,,,,,0.0,,
2025-11-05 05:48:53+00:00,2025-11-05 05:48:53,,,,,,,,,,19.6612492,0.0125000002,959.0,1043.3313,18.5750008,,,14.87,0.0,17.85,,,,,,0.0,,
2025-11-05 05:48:54+00:00,2025-11-05 05:48:54,,,,,,,,,,19.6612492,0.00625000009,959.0,1043.25,18.6499996,,,14.87,0.0,17.85,,,,,,0.0,,
2025-11-05 05:48:55+00:00,2025-11-05 05:48:55,24.6612492,18.0,18.0,28.0,28.0,17.427190977779187,308.0,BO_O2_RULE,"제어매트릭스 규칙 적용: O2_LOW (3단계 롤백, 4단계에서 Hz 변화 없음)",19.6612492,0.00625000009,959.0,1043.25,18.6499996,,,14.87,0.0,17.85,,,,,,0.0,,
2025-11-05 05:48:56+00:00,2025-11-05 05:48:56,,,,,,,,,,19.6612492,0.00625000009,959.0,1042.92505,18.3125,,,14.87,0.0,17.85,,,,,,0.0,,
2025-11-05 05:48:57+00:00,2025-11-05 05:48:57,,,,,,,,,,19.6612492,0.0140624996,958.0,1042.92505,18.3125,,,14.87,0.0,17.85,,,,,,0.0,,
2025-11-05 05:48:58+00:00,2025-11-05 05:48:58,,,,,,,,,,19.6612492,0.0140624996,958.0,1042.92505,18.3125,,,14.87,0.0,17.85,,,,,,0.0,,
2025-11-05 05:48:59+00:00,2025-11-05 05:48:59,,,,,,,,,,19.6612492,0.0203124993,959.0,1041.46252,18.2000008,,,14.87,0.0,17.85,,,,,,0.0,,
2025-11-05 05:49:00+00:00,2025-11-05 05:49:00,24.6612492,18.0,18.0,28.0,28.0,17.36673186520103,308.0,BO_O2_RULE,"제어매트릭스 규칙 적용: O2_LOW (3단계 롤백, 4단계에서 Hz 변화 없음)",19.6612492,0.0,958.0,1042.4375,18.5249996,,3.0,14.87,0.0,17.85,,,,,,0.0,,
2025-11-05 05:49:01+00:00,2025-11-05 05:49:01,,,,,,,,,,19.6612492,0.0,958.0,1042.4375,18.5249996,,,14.87,0.0,17.6,,,,,,0.0,,
2025-11-05 05:49:02+00:00,2025-11-05 05:49:02,,,,,,,,,,19.6612492,0.0,959.0,1042.3562,17.6749992,,,14.87,0.0,17.6,,,,,,0.0,,
2025-11-05 05:49:03+00:00,2025-11-05 05:49:03,,,,,,,,,,19.6612492,0.0,959.0,1042.5188,17.8624992,,,14.87,0.0,17.6,,,,,,0.0,,
2025-11-05 05:49:04+00:00,2025-11-05 05:49:04,,,,,,,,,,19.6612492,0.0,959.0,1042.5188,17.8624992,,,14.87,0.0,17.6,,,,,,0.0,,
2025-11-05 05:49:05+00:00,2025-11-05 05:49:05,20.0,20.0,20.0,20.0,20.0,,2.0,FALLBACK,Fallback Hz 사용: 20.0Hz (essential_range_violation),19.6612492,0.0171875004,958.0,1039.67505,17.7124996,,,14.87,0.0,17.6,,,,,,0.0,,
2025-11-05 05:49:06+00:00,2025-11-05 05:49:06,,,,,,,,,,19.6612492,0.0171875004,958.0,1039.67505,17.7124996,,,14.87,0.0,17.6,,,,,,0.0,,
2025-11-05 05:49:07+00:00,2025-11-05 05:49:07,,,,,,,,,,19.6612492,0.0203124993,958.0,1040.0813,17.3999996,,,14.87,0.0,17.6,,,,,,0.0,,
2025-11-05 05:49:08+00:00,2025-11-05 05:49:08,,,,,,,,,,19.6612492,0.0203124993,958.0,1040.0813,17.3999996,,,14.87,0.0,17.6,,,,,,0.0,,
2025-11-05 05:49:09+00:00,2025-11-05 05:49:09,,,,,,,,,,19.6612492,0.0140624996,961.0,1040.40625,17.3624992,,,14.87,0.0,17.6,,,,,,0.0,,
2025-11-05 05:49:10+00:00,2025-11-05 05:49:10,24.6612492,18.0,18.0,28.0,28.0,16.70807983300866,308.0,BO_O2_RULE,"제어매트릭스 규칙 적용: O2_LOW (3단계 롤백, 4단계에서 Hz 변화 없음)",19.6612492,0.0140624996,961.0,1040.40625,17.3624992,,,14.87,0.0,16.63,,,,,,0.0,,
2025-11-05 05:49:11+00:00,2025-11-05 05:49:11,,,,,,,,,,19.6612492,0.00468750019,960.0,1040.8125,17.0750008,,,14.87,0.0,16.63,,,,,,0.0,,
2025-11-05 05:49:13+00:00,2025-11-05 05:49:13,,,,,,,,,,19.6612492,0.00468750019,960.0,1040.8125,17.0750008,,,14.87,0.0,16.63,,,,,,0.0,,
2025-11-05 05:49:14+00:00,2025-11-05 05:49:14,,,,,,,,,,19.6612492,0.0203124993,960.0,1039.83752,17.1749992,,,14.87,0.0,16.63,,,,,,0.0,,
2025-11-05 05:49:15+00:00,2025-11-05 05:49:15,24.6612492,18.0,18.0,28.0,28.0,15.829682031628632,308.0,BO_O2_RULE,"제어매트릭스 규칙 적용: O2_LOW (3단계 롤백, 4단계에서 Hz 변화 없음)",19.6612492,0.0203124993,960.0,1039.83752,17.1749992,,,14.87,0.0,16.63,,,,,,0.0,,
2025-11-05 05:49:16+00:00,2025-11-05 05:49:16,,,,,,,,,,19.6612492,0.00937500037,961.0,1040.40625,16.9375,,,14.87,0.0,16.63,,,,,,0.0,,
2025-11-05 05:49:17+00:00,2025-11-05 05:49:17,,,,,,,,,,19.6612492,0.0218749996,960.0,1040.56873,16.9750004,,,14.87,0.0,16.63,,,,,,0.0,,
2025-11-05 05:49:18+00:00,2025-11-05 05:49:18,,,,,,,,,,19.6612492,0.0218749996,960.0,1040.56873,16.9750004,,,14.87,0.0,16.63,,,,,,0.0,,
2025-11-05 05:49:19+00:00,2025-11-05 05:49:19,,,,,,,,,,19.6612492,0.00312500005,961.0,1040.40625,17.0,,,14.87,0.0,16.63,,,,,,0.0,,
2025-11-05 05:49:20+00:00,2025-11-05 05:49:20,24.6612492,18.0,18.0,28.0,28.0,15.78561040562488,308.0,BO_O2_RULE,"제어매트릭스 규칙 적용: O2_LOW (3단계 롤백, 4단계에서 Hz 변화 없음)",19.6612492,0.00312500005,961.0,1040.40625,17.0,,,14.87,0.0,16.63,,,,,,0.0,,
2025-11-05 05:49:21+00:00,2025-11-05 05:49:21,,,,,,,,,,19.6612492,0.0281249993,960.0,1040.56873,17.4249992,,,14.87,0.0,16.42,,,,,,0.0,,
2025-11-05 05:49:22+00:00,2025-11-05 05:49:22,,,,,,,,,,19.6612492,0.0281249993,960.0,1040.56873,17.4249992,,,14.87,0.0,16.42,,,,,,0.0,,
2025-11-05 05:49:23+00:00,2025-11-05 05:49:23,,,,,,,,,,19.6612492,0.0,960.0,1039.51245,16.7250004,,,14.87,0.0,16.42,,,,,,0.0,,
2025-11-05 05:49:24+00:00,2025-11-05 05:49:24,,,,,,,,,,19.6612492,0.0,960.0,1039.51245,16.7250004,,,14.87,0.0,16.42,,,,,,0.0,,
2025-11-05 05:49:25+00:00,2025-11-05 05:49:25,24.6612492,18.0,18.0,28.0,28.0,15.51440060709698,308.0,BO_O2_RULE,"제어매트릭스 규칙 적용: O2_LOW (3단계 롤백, 4단계에서 Hz 변화 없음)",19.6612492,0.0,960.0,1038.4563,16.9874992,,,14.87,0.0,16.42,,,,,,0.0,,
2025-11-05 05:49:26+00:00,2025-11-05 05:49:26,,,,,,,,,,19.6612492,0.0250000004,961.0,1038.78125,16.6749992,,,14.87,0.0,16.42,,,,,,0.0,,
2025-11-05 05:49:27+00:00,2025-11-05 05:49:27,,,,,,,,,,19.6612492,0.0250000004,961.0,1038.78125,16.6749992,,,14.87,0.0,16.42,,,,,,0.0,,
2025-11-05 05:49:28+00:00,2025-11-05 05:49:28,,,,,,,,,,19.6612492,0.0265625007,960.0,1037.4812,16.8875008,,,14.87,0.0,16.42,,,,,,0.0,,
2025-11-05 05:49:29+00:00,2025-11-05 05:49:29,,,,,,,,,,19.6612492,0.0265625007,960.0,1037.4812,16.8875008,,,14.87,0.0,16.42,,,,,,0.0,,
2025-11-05 05:49:30+00:00,2025-11-05 05:49:30,24.6612492,18.0,18.0,28.0,28.0,15.517370479385555,308.0,BO_O2_RULE,"제어매트릭스 규칙 적용: O2_LOW (3단계 롤백, 4단계에서 Hz 변화 없음)",19.6612492,0.0203124993,960.0,1036.6687,16.875,,,14.87,0.0,16.42,,,,,,0.0,,
2025-11-05 05:49:31+00:00,2025-11-05 05:49:31,,,,,,,,,,19.6612492,0.0203124993,960.0,1036.6687,16.875,,,14.87,0.0,16.42,,,,,,0.0,,
2025-11-05 05:49:32+00:00,2025-11-05 05:49:32,,,,,,,,,,19.6612492,0.0187500007,961.0,1036.6687,16.9125004,,,14.87,0.0,16.37,,,,,,0.0,,
2025-11-05 05:49:33+00:00,2025-11-05 05:49:33,,,,,,,,,,19.6612492,0.0187500007,961.0,1036.6687,16.9125004,,,14.87,0.0,16.37,,,,,,0.0,,
2025-11-05 05:49:34+00:00,2025-11-05 05:49:34,,,,,,,,,,19.6612492,0.0171875004,960.0,1037.6438,16.6749992,,,14.87,0.0,16.37,,,,,,0.0,,
2025-11-05 05:49:35+00:00,2025-11-05 05:49:35,24.6612492,18.0,18.0,28.0,28.0,15.803910416749677,308.0,BO_O2_RULE,"제어매트릭스 규칙 적용: O2_LOW (3단계 롤백, 4단계에서 Hz 변화 없음)",19.6612492,0.0171875004,960.0,1037.6438,16.6749992,,,14.87,0.0,16.37,,,,,,0.0,,
2025-11-05 05:49:36+00:00,2025-11-05 05:49:36,,,,,,,,,,19.6612492,0.0,961.0,1035.36877,16.8374996,,,14.87,0.0,16.37,,,,,,0.0,,
2025-11-05 05:49:37+00:00,2025-11-05 05:49:37,,,,,,,,,,19.6612492,0.0187500007,961.0,1035.44995,16.7999992,,,14.87,0.0,16.37,,,,,,0.0,,
2025-11-05 05:49:38+00:00,2025-11-05 05:49:38,,,,,,,,,,19.6612492,0.0187500007,961.0,1035.44995,16.7999992,,,14.87,0.0,16.37,,,,,,0.0,,
2025-11-05 05:49:39+00:00,2025-11-05 05:49:39,,,,,,,,,,19.6612492,0.00156250002,960.0,1035.77502,16.5750008,,,14.87,0.0,16.37,,,,,,0.0,,
2025-11-05 05:49:40+00:00,2025-11-05 05:49:40,24.6612492,18.0,18.0,28.0,28.0,15.817365488089093,308.0,BO_O2_RULE,"제어매트릭스 규칙 적용: O2_LOW (3단계 롤백, 4단계에서 Hz 변화 없음)",19.6612492,0.00156250002,960.0,1035.77502,16.5750008,,,14.87,0.0,16.37,,,,,,0.0,,
2025-11-05 05:49:41+00:00,2025-11-05 05:49:41,,,,,,,,,,19.6612492,0.00625000009,960.0,1033.5,17.125,,,14.87,0.0,16.37,,,,,,0.0,,
2025-11-05 05:49:42+00:00,2025-11-05 05:49:42,,,,,,,,,,19.6612492,0.0265625007,961.0,1033.98755,17.0249996,,,14.87,0.0,16.39,,,,,,0.0,,
2025-11-05 05:49:43+00:00,2025-11-05 05:49:43,,,,,,,,,,19.6612492,0.0265625007,961.0,1033.98755,17.0249996,,,14.87,0.0,16.39,,,,,,0.0,,
2025-11-05 05:49:44+00:00,2025-11-05 05:49:44,,,,,,,,,,19.6612492,0.0203124993,960.0,1034.47498,16.8624992,,,14.87,0.0,16.39,,,,,,0.0,,
2025-11-05 05:49:45+00:00,2025-11-05 05:49:45,24.6612492,18.0,18.0,28.0,28.0,15.87450806332936,308.0,BO_O2_RULE,"제어매트릭스 규칙 적용: O2_LOW (3단계 롤백, 4단계에서 Hz 변화 없음)",19.6612492,0.0203124993,960.0,1034.47498,16.8624992,,,14.87,0.0,16.39,,,,,,0.0,,
2025-11-05 05:49:46+00:00,2025-11-05 05:49:46,,,,,,,,,,19.6612492,0.0203124993,960.0,1033.5813,17.3125,,,14.87,0.0,16.39,,,,,,0.0,,
2025-11-05 05:49:47+00:00,2025-11-05 05:49:47,,,,,,,,,,19.6612492,0.0125000002,960.0,1034.55627,17.1875,,,14.87,0.0,16.39,,,,,,0.0,,
2025-11-05 05:49:48+00:00,2025-11-05 05:49:48,,,,,,,,,,19.6612492,0.0125000002,960.0,1034.55627,17.1875,,,14.87,0.0,16.39,,,,,,0.0,,
2025-11-05 05:49:49+00:00,2025-11-05 05:49:49,,,,,,,,,,19.6612492,0.0,961.0,1034.47498,17.1875,,,14.87,0.0,16.39,,,,,,0.0,,
2025-11-05 05:49:50+00:00,2025-11-05 05:49:50,24.6612492,18.0,18.0,28.0,28.0,15.959504962563027,308.0,BO_O2_RULE,"제어매트릭스 규칙 적용: O2_LOW (3단계 롤백, 4단계에서 Hz 변화 없음)",19.6612492,0.0,961.0,1034.47498,17.5249996,,,14.87,0.0,16.39,,,,,,0.0,,
2025-11-05 05:49:51+00:00,2025-11-05 05:49:51,,,,,,,,,,19.6612492,0.0,960.0,1034.15002,17.5249996,,,14.87,0.0,16.7,,,,,,0.0,,
2025-11-05 05:49:52+00:00,2025-11-05 05:49:52,,,,,,,,,,19.6612492,0.0,960.0,1034.15002,17.0375004,,,14.87,0.0,16.7,,,,,,0.0,,
2025-11-05 05:49:53+00:00,2025-11-05 05:49:53,,,,,,,,,,19.6612492,0.0,961.0,1032.11877,17.0375004,,,14.87,0.0,16.7,,,,,,0.0,,
2025-11-05 05:49:54+00:00,2025-11-05 05:49:54,,,,,,,,,,19.6612492,0.0,961.0,1032.11877,17.2250004,,,14.87,0.0,16.7,,,,,,0.0,,
2025-11-05 05:49:55+00:00,2025-11-05 05:49:55,20.0,20.0,20.0,20.0,20.0,,2.0,FALLBACK,Fallback Hz 사용: 20.0Hz (essential_range_violation),19.6612492,0.0,960.0,1031.1438,17.2749996,,,14.87,0.0,16.7,,,,,,0.0,,
2025-11-05 05:49:56+00:00,2025-11-05 05:49:56,,,,,,,,,,19.6612492,0.0,960.0,1031.1438,17.2749996,,,14.87,0.0,16.7,,,,,,0.0,,
2025-11-05 05:49:57+00:00,2025-11-05 05:49:57,,,,,,,,,,19.6612492,0.0,960.0,1031.38745,17.6749992,,,14.87,0.0,16.7,,,,,,0.0,,
2025-11-05 05:49:58+00:00,2025-11-05 05:49:58,,,,,,,,,,19.6612492,0.0203124993,960.0,1031.38745,17.6749992,,,14.87,0.0,16.7,,,,,,0.0,,
2025-11-05 05:49:59+00:00,2025-11-05 05:49:59,,,,,,,,,,19.6612492,0.0203124993,959.0,1029.3562,17.4125004,,,14.87,0.0,16.7,,,,,,0.0,,
2025-11-05 05:50:00+00:00,2025-11-05 05:50:00,24.6612492,18.0,18.0,28.0,28.0,16.943342521732166,308.0,BO_O2_RULE,"제어매트릭스 규칙 적용: O2_LOW (3단계 롤백, 4단계에서 Hz 변화 없음)",19.6612492,0.0218749996,960.0,1029.4375,17.4125004,,3.0,14.87,0.0,16.7,,,,,,0.0,,
2025-11-05 05:50:01+00:00,2025-11-05 05:50:01,,,,,,,,,,19.6612492,0.0218749996,960.0,1029.4375,17.4125004,,,14.87,0.0,16.75,,,,,,0.0,,
2025-11-05 05:50:02+00:00,2025-11-05 05:50:02,,,,,,,,,,19.6612492,0.0218749996,960.0,1028.78748,17.7124996,,,14.87,0.0,16.75,,,,,,0.0,,
2025-11-05 05:50:03+00:00,2025-11-05 05:50:03,,,,,,,,,,19.6612492,0.0218749996,960.0,1028.78748,17.7124996,,,14.87,0.0,16.75,,,,,,0.0,,
2025-11-05 05:50:04+00:00,2025-11-05 05:50:04,,,,,,,,,,19.6612492,0.0171875004,961.0,1028.05627,17.5375004,,,14.87,0.0,16.75,,,,,,0.0,,
2025-11-05 05:50:05+00:00,2025-11-05 05:50:05,24.6612492,18.0,18.0,28.0,28.0,17.206297404915645,308.0,BO_O2_RULE,"제어매트릭스 규칙 적용: O2_LOW (3단계 롤백, 4단계에서 Hz 변화 없음)",19.6612492,0.0,962.0,1028.46252,17.8374996,,,14.87,0.0,16.75,,,,,,0.0,,
2025-11-05 05:50:06+00:00,2025-11-05 05:50:06,,,,,,,,,,19.6612492,0.0,962.0,1028.46252,17.8374996,,,14.87,0.0,16.75,,,,,,0.0,,
2025-11-05 05:50:07+00:00,2025-11-05 05:50:07,,,,,,,,,,19.6612492,0.0296874996,962.0,1028.13745,17.6625004,,,14.87,0.0,16.75,,,,,,0.0,,
2025-11-05 05:50:08+00:00,2025-11-05 05:50:08,,,,,,,,,,19.6612492,0.0296874996,962.0,1028.13745,17.6625004,,,14.87,0.0,16.75,,,,,,0.0,,
2025-11-05 05:50:09+00:00,2025-11-05 05:50:09,,,,,,,,,,19.6612492,0.0125000002,963.0,1027.8125,17.875,,,14.87,0.0,16.75,,,,,,0.0,,
2025-11-05 05:50:10+00:00,2025-11-05 05:50:10,20.0,20.0,20.0,20.0,20.0,,2.0,FALLBACK,Fallback Hz 사용: 20.0Hz (essential_range_violation),19.6612492,0.0125000002,963.0,1027.8125,17.875,,,14.87,0.0,16.75,,,,,,0.0,,
2025-11-05 05:50:11+00:00,2025-11-05 05:50:11,,,,,,,,,,19.6612492,0.0125000002,963.0,1027.48755,14.2875004,,,14.87,0.0,17.16,,,,,,0.0,,
2025-11-05 05:50:12+00:00,2025-11-05 05:50:12,,,,,,,,,,19.6612492,0.0,963.0,1027.8125,14.1999998,,,14.87,0.0,17.16,,,,,,0.0,,
2025-11-05 05:50:13+00:00,2025-11-05 05:50:13,,,,,,,,,,19.6612492,0.0,963.0,1027.8125,14.1999998,,,14.87,0.0,17.16,,,,,,0.0,,
2025-11-05 05:50:14+00:00,2025-11-05 05:50:14,,,,,,,,,,19.6612492,0.0,963.0,1027.40625,14.1000004,,,14.87,0.0,17.16,,,,,,0.0,,
2025-11-05 05:50:15+00:00,2025-11-05 05:50:15,24.6612492,18.0,18.0,28.0,28.0,12.756328345686146,308.0,BO_O2_RULE,"제어매트릭스 규칙 적용: O2_LOW (3단계 롤백, 4단계에서 Hz 변화 없음)",19.6612492,0.0,963.0,1027.40625,14.1000004,,,14.87,0.0,17.16,,,,,,0.0,,
2025-11-05 05:50:16+00:00,2025-11-05 05:50:16,,,,,,,,,,19.6612492,0.0,961.0,1027.8125,14.2250004,,,14.87,0.0,17.16,,,,,,0.0,,
2025-11-05 05:50:17+00:00,2025-11-05 05:50:17,,,,,,,,,,19.6612492,0.0,961.0,1027.8125,14.2250004,,,14.87,0.0,17.16,,,,,,0.0,,
2025-11-05 05:50:18+00:00,2025-11-05 05:50:18,,,,,,,,,,19.6612492,0.0250000004,962.0,1025.61877,14.5375004,,,14.87,0.0,17.16,,,,,,0.0,,
2025-11-05 05:50:19+00:00,2025-11-05 05:50:19,,,,,,,,,,19.6612492,0.00937500037,962.0,1026.43127,14.0,,,14.87,0.0,17.16,,,,,,0.0,,
2025-11-05 05:50:20+00:00,2025-11-05 05:50:20,20.0,20.0,20.0,20.0,20.0,,2.0,FALLBACK,Fallback Hz 사용: 20.0Hz (essential_range_violation),19.6612492,0.00937500037,962.0,1026.43127,14.0,,,14.87,0.0,17.16,,,,,,0.0,,
2025-11-05 05:50:21+00:00,2025-11-05 05:50:21,,,,,,,,,,19.6612492,0.00937500037,962.0,1026.67505,14.3125,,,14.87,0.0,13.62,,,,,,0.0,,
2025-11-05 05:50:22+00:00,2025-11-05 05:50:22,,,,,,,,,,19.6612492,0.00937500037,962.0,1026.67505,14.3125,,,14.87,0.0,13.62,,,,,,0.0,,
2025-11-05 05:50:23+00:00,2025-11-05 05:50:23,,,,,,,,,,19.6612492,0.0343750007,962.0,1026.2688,14.5625,,,14.87,0.0,13.62,,,,,,0.0,,
2025-11-05 05:50:24+00:00,2025-11-05 05:50:24,,,,,,,,,,19.6612492,0.0343750007,962.0,1026.2688,14.5625,,,14.87,0.0,13.62,,,,,,0.0,,
2025-11-05 05:50:25+00:00,2025-11-05 05:50:25,24.6612492,18.0,18.0,28.0,28.0,12.551647163213264,308.0,BO_O2_RULE,"제어매트릭스 규칙 적용: O2_LOW (3단계 롤백, 4단계에서 Hz 변화 없음)",19.6612492,0.0234375,963.0,1026.2688,14.8000002,,,14.87,0.0,13.62,,,,,,0.0,,
2025-11-05 05:50:26+00:00,2025-11-05 05:50:26,,,,,,,,,,19.6612492,0.0250000004,962.0,1025.69995,14.8500004,,,14.87,0.0,13.62,,,,,,0.0,,
2025-11-05 05:50:27+00:00,2025-11-05 05:50:27,,,,,,,,,,19.6612492,0.0250000004,962.0,1025.69995,14.8500004,,,14.87,0.0,13.62,,,,,,0.0,,
2025-11-05 05:50:28+00:00,2025-11-05 05:50:28,,,,,,,,,,19.6612492,0.0281249993,963.0,1023.83124,14.5,,,14.87,0.0,13.62,,,,,,0.0,,
2025-11-05 05:50:29+00:00,2025-11-05 05:50:29,,,,,,,,,,19.6612492,0.0281249993,963.0,1023.83124,14.5,,,14.87,0.0,13.62,,,,,,0.0,,
2025-11-05 05:50:30+00:00,2025-11-05 05:50:30,24.6612492,18.0,18.0,28.0,28.0,13.64026416364797,308.0,BO_O2_RULE,"제어매트릭스 규칙 적용: O2_LOW (3단계 롤백, 4단계에서 Hz 변화 없음)",19.6612492,0.0140624996,962.0,1024.4812,13.9125004,,,14.87,0.0,13.86,,,,,,0.0,,
2025-11-05 05:50:31+00:00,2025-11-05 05:50:31,,,,,,,,,,19.6612492,0.0,962.0,1024.07495,13.7749996,,,14.87,0.0,13.86,,,,,,0.0,,
2025-11-05 05:50:32+00:00,2025-11-05 05:50:32,,,,,,,,,,19.6612492,0.0,962.0,1024.07495,13.7749996,,,14.87,0.0,13.86,,,,,,0.0,,
2025-11-05 05:50:33+00:00,2025-11-05 05:50:33,,,,,,,,,,19.6612492,0.0218749996,962.0,1023.91248,13.8000002,,,14.87,0.0,13.86,,,,,,0.0,,
2025-11-05 05:50:34+00:00,2025-11-05 05:50:34,,,,,,,,,,19.6612492,0.00937500037,961.0,1024.07495,13.6999998,,,14.87,0.0,13.86,,,,,,0.0,,
2025-11-05 05:50:35+00:00,2025-11-05 05:50:35,20.0,20.0,20.0,20.0,20.0,,2.0,FALLBACK,Fallback Hz 사용: 20.0Hz (essential_range_violation),19.6612492,0.00937500037,961.0,1024.07495,13.6999998,,,14.87,0.0,13.86,,,,,,0.0,,
2025-11-05 05:50:36+00:00,2025-11-05 05:50:36,,,,,,,,,,19.6612492,0.0234375,961.0,1024.72498,14.0874996,,,14.87,0.0,13.86,,,,,,0.0,,
2025-11-05 05:50:37+00:00,2025-11-05 05:50:37,,,,,,,,,,19.6612492,0.0234375,961.0,1024.72498,14.0874996,,,14.87,0.0,13.86,,,,,,0.0,,
2025-11-05 05:50:38+00:00,2025-11-05 05:50:38,,,,,,,,,,19.6612492,0.0234375,961.0,1024.80627,14.0500002,,,14.87,0.0,13.86,,,,,,0.0,,
2025-11-05 05:50:39+00:00,2025-11-05 05:50:39,,,,,,,,,,19.6612492,0.0,962.0,1024.80627,14.0500002,,,14.87,0.0,13.86,,,,,,0.0,,
2025-11-05 05:50:40+00:00,2025-11-05 05:50:40,24.6612492,18.0,18.0,28.0,28.0,12.94401603879772,308.0,BO_O2_RULE,"제어매트릭스 규칙 적용: O2_LOW (3단계 롤백, 4단계에서 Hz 변화 없음)",19.6612492,0.0250000004,961.0,1023.99377,14.2624998,,,14.87,0.0,13.86,,,,,,0.0,,
2025-11-05 05:50:41+00:00,2025-11-05 05:50:41,,,,,,,,,,19.6612492,0.0250000004,961.0,1023.99377,14.2624998,,,14.87,0.0,13.52,,,,,,0.0,,
2025-11-05 05:50:42+00:00,2025-11-05 05:50:42,,,,,,,,,,19.6612492,0.0,962.0,1023.83124,14.3000002,,,14.87,0.0,13.52,,,,,,0.0,,
2025-11-05 05:50:43+00:00,2025-11-05 05:50:43,,,,,,,,,,19.6612492,0.0,962.0,1023.83124,14.3000002,,,14.87,0.0,13.52,,,,,,0.0,,
2025-11-05 05:50:44+00:00,2025-11-05 05:50:44,,,,,,,,,,19.6612492,0.00937500037,962.0,1024.72498,14.3625002,,,14.87,0.0,13.52,,,,,,0.0,,
2025-11-05 05:50:45+00:00,2025-11-05 05:50:45,24.6612492,18.0,18.0,28.0,28.0,13.3000516708965,308.0,BO_O2_RULE,"제어매트릭스 규칙 적용: O2_LOW (3단계 롤백, 4단계에서 Hz 변화 없음)",19.6612492,0.00937500037,962.0,1024.72498,14.3625002,,,14.87,0.0,13.52,,,,,,0.0,,
2025-11-05 05:50:46+00:00,2025-11-05 05:50:46,,,,,,,,,,19.6612492,0.0203124993,963.0,1026.51245,15.0375004,,,14.87,0.0,13.52,,,,,,0.0,,
2025-11-05 05:50:47+00:00,2025-11-05 05:50:47,,,,,,,,,,19.6612492,0.0,963.0,1026.67505,14.625,,,14.87,0.0,13.52,,,,,,0.0,,
2025-11-05 05:50:48+00:00,2025-11-05 05:50:48,,,,,,,,,,19.6612492,0.0,964.0,1026.67505,14.625,,,14.87,0.0,13.52,,,,,,0.0,,
2025-11-05 05:50:50+00:00,2025-11-05 05:50:50,24.6612492,18.0,18.0,28.0,28.0,12.948530166727105,308.0,BO_O2_RULE,"제어매트릭스 규칙 적용: O2_LOW (3단계 롤백, 4단계에서 Hz 변화 없음)",19.6612492,0.0171875004,964.0,1026.67505,14.8625002,,,14.87,0.0,13.52,,,,,,0.0,,
2025-11-05 05:50:51+00:00,2025-11-05 05:50:51,,,,,,,,,,19.6612492,0.0171875004,963.0,1025.78125,14.8625002,,,14.87,0.0,13.52,,,,,,0.0,,
2025-11-05 05:50:52+00:00,2025-11-05 05:50:52,,,,,,,,,,19.6612492,0.0078125,963.0,1025.94373,12.6499996,,,14.87,0.0,14.04,,,,,,0.0,,
2025-11-05 05:50:53+00:00,2025-11-05 05:50:53,,,,,,,,,,19.6612492,0.0078125,964.0,1025.94373,12.6499996,,,14.87,0.0,14.04,,,,,,0.0,,
2025-11-05 05:50:54+00:00,2025-11-05 05:50:54,,,,,,,,,,19.6612492,0.0,964.0,1025.94373,12.3000002,,,14.87,0.0,14.04,,,,,,0.0,,
2025-11-05 05:50:55+00:00,2025-11-05 05:50:55,24.6612492,18.0,18.0,28.0,28.0,12.463601958547821,308.0,BO_O2_RULE,"제어매트릭스 규칙 적용: O2_LOW (3단계 롤백, 4단계에서 Hz 변화 없음)",19.6612492,0.0,965.0,1025.94373,12.3000002,,,14.87,0.0,14.04,,,,,,0.0,,
2025-11-05 05:50:56+00:00,2025-11-05 05:50:56,,,,,,,,,,19.6612492,0.0265625007,965.0,1025.94373,12.3625002,,,14.87,0.0,14.04,,,,,,0.0,,
2025-11-05 05:50:57+00:00,2025-11-05 05:50:57,,,,,,,,,,19.6612492,0.0265625007,966.0,1027.48755,12.3625002,,,14.87,0.0,14.04,,,,,,0.0,,
2025-11-05 05:50:58+00:00,2025-11-05 05:50:58,,,,,,,,,,19.6612492,0.0203124993,964.0,1027.48755,12.4750004,,,14.87,0.0,14.04,,,,,,0.0,,
2025-11-05 05:50:59+00:00,2025-11-05 05:50:59,,,,,,,,,,19.6612492,0.0203124993,964.0,1027.0,12.4750004,,,14.87,0.0,14.04,,,,,,0.0,,
2025-11-05 05:51:00+00:00,2025-11-05 05:51:00,24.6612492,18.0,18.0,28.0,28.0,12.056819652644052,308.0,BO_O2_RULE,"제어매트릭스 규칙 적용: O2_LOW (3단계 롤백, 4단계에서 Hz 변화 없음)",19.6612492,0.0203124993,966.0,1027.0,12.6374998,,3.0,14.87,0.0,14.04,,,,,,0.0,,
2025-11-05 05:51:01+00:00,2025-11-05 05:51:01,,,,,,,,,,19.6612492,0.0203124993,966.0,1028.21875,12.6374998,,,14.87,0.0,11.97,,,,,,0.0,,
2025-11-05 05:51:02+00:00,2025-11-05 05:51:02,,,,,,,,,,19.6612492,0.0203124993,964.0,1028.46252,12.8625002,,,14.87,0.0,11.97,,,,,,0.0,,
2025-11-05 05:51:03+00:00,2025-11-05 05:51:03,,,,,,,,,,19.6612492,0.0203124993,966.0,1027.40625,12.7875004,,,14.87,0.0,11.97,,,,,,0.0,,
2025-11-05 05:51:04+00:00,2025-11-05 05:51:04,,,,,,,,,,19.6612492,0.0203124993,966.0,1027.40625,12.7875004,,,14.87,0.0,11.97,,,,,,0.0,,
2025-11-05 05:51:05+00:00,2025-11-05 05:51:05,18.0,18.0,18.0,18.0,18.0,11.746917873913716,100.0,BO_ONLY,"BO 모델 결과만 사용 (1단계 롤백, 2~4단계에서 Hz 변화 없음)",19.6612492,0.0203124993,966.0,1027.32495,12.8625002,,,14.87,0.0,11.97,,,,,,0.0,,
2025-11-05 05:51:06+00:00,2025-11-05 05:51:06,,,,,,,,,,19.6612492,0.00625000009,966.0,1027.32495,12.8625002,,,14.87,0.0,11.97,,,,,,0.0,,
2025-11-05 05:51:07+00:00,2025-11-05 05:51:07,,,,,,,,,,19.6612492,0.0,965.0,1027.65002,13.2250004,,,14.87,0.0,11.97,,,,,,0.0,,
2025-11-05 05:51:08+00:00,2025-11-05 05:51:08,,,,,,,,,,19.6612492,0.0,965.0,1027.32495,13.1875,,,14.87,0.0,11.97,,,,,,0.0,,
2025-11-05 05:51:09+00:00,2025-11-05 05:51:09,,,,,,,,,,19.6612492,0.0140624996,965.0,1027.32495,13.1875,,,14.87,0.0,11.97,,,,,,0.0,,
2025-11-05 05:51:10+00:00,2025-11-05 05:51:10,24.6612492,18.0,18.0,28.0,28.0,12.91388978719761,308.0,BO_O2_RULE,"제어매트릭스 규칙 적용: O2_LOW (3단계 롤백, 4단계에서 Hz 변화 없음)",19.6612492,0.00937500037,967.0,1027.65002,13.0749998,,,14.87,0.0,11.97,,,,,,0.0,,
2025-11-05 05:51:11+00:00,2025-11-05 05:51:11,,,,,,,,,,19.6612492,0.00937500037,967.0,1027.65002,13.0749998,,,14.87,0.0,11.97,,,,,,0.0,,
2025-11-05 05:51:12+00:00,2025-11-05 05:51:12,,,,,,,,,,19.6612492,0.0171875004,967.0,1027.24377,11.8000002,,,14.87,0.0,12.53,,,,,,0.0,,
2025-11-05 05:51:13+00:00,2025-11-05 05:51:13,,,,,,,,,,19.6612492,0.0171875004,967.0,1027.24377,11.8000002,,,14.87,0.0,12.53,,,,,,0.0,,
2025-11-05 05:51:14+00:00,2025-11-05 05:51:14,,,,,,,,,,19.6612492,0.0187500007,967.0,1028.7063,11.6875,,,14.87,0.0,12.53,,,,,,0.0,,
2025-11-05 05:51:15+00:00,2025-11-05 05:51:15,24.6612492,18.0,18.0,28.0,28.0,12.802232820517,308.0,BO_O2_RULE,"제어매트릭스 규칙 적용: O2_LOW (3단계 롤백, 4단계에서 Hz 변화 없음)",19.6612492,0.0187500007,966.0,1028.7063,11.6875,,,14.87,0.0,12.53,,,,,,0.0,,
2025-11-05 05:51:16+00:00,2025-11-05 05:51:16,,,,,,,,,,19.6612492,0.0140624996,966.0,1029.5188,11.7875004,,,14.87,0.0,12.53,,,,,,0.0,,
2025-11-05 05:51:17+00:00,2025-11-05 05:51:17,,,,,,,,,,19.6612492,0.0187500007,968.0,1028.7063,12.0874996,,,14.87,0.0,12.53,,,,,,0.0,,
2025-11-05 05:51:18+00:00,2025-11-05 05:51:18,,,,,,,,,,19.6612492,0.0187500007,968.0,1028.7063,12.0874996,,,14.87,0.0,12.53,,,,,,0.0,,
2025-11-05 05:51:19+00:00,2025-11-05 05:51:19,,,,,,,,,,19.6612492,0.0234375,968.0,1030.65625,12.1875,,,14.87,0.0,12.53,,,,,,0.0,,
2025-11-05 05:51:20+00:00,2025-11-05 05:51:20,24.6612492,18.0,18.0,28.0,28.0,12.396846405888606,308.0,BO_O2_RULE,"제어매트릭스 규칙 적용: O2_LOW (3단계 롤백, 4단계에서 Hz 변화 없음)",19.6612492,0.0234375,968.0,1030.65625,12.1875,,,14.87,0.0,12.53,,,,,,0.0,,
2025-11-05 05:51:21+00:00,2025-11-05 05:51:21,,,,,,,,,,19.6612492,0.0234375,968.0,1030.90002,11.8874998,,,14.87,0.0,12.53,,,,,,0.0,,
2025-11-05 05:51:22+00:00,2025-11-05 05:51:22,,,,,,,,,,19.6612492,0.0234375,968.0,1031.875,11.5249996,,,14.87,0.0,11.31,,,,,,0.0,,
2025-11-05 05:51:23+00:00,2025-11-05 05:51:23,,,,,,,,,,19.6612492,0.0,968.0,1031.875,11.5249996,,,14.87,0.0,11.31,,,,,,0.0,,
2025-11-05 05:51:24+00:00,2025-11-05 05:51:24,,,,,,,,,,19.6612492,0.0,968.0,1032.03748,11.5249996,,,14.87,0.0,11.31,,,,,,0.0,,
2025-11-05 05:51:25+00:00,2025-11-05 05:51:25,24.6612492,18.0,18.0,28.0,28.0,12.543705385093766,308.0,BO_O2_RULE,"제어매트릭스 규칙 적용: O2_LOW (3단계 롤백, 4단계에서 Hz 변화 없음)",19.6612492,0.0,968.0,1032.03748,11.5249996,,,14.87,0.0,11.31,,,,,,0.0,,
2025-11-05 05:51:26+00:00,2025-11-05 05:51:26,,,,,,,,,,19.6612492,0.0,969.0,1032.93127,11.4499998,,,14.87,0.0,11.31,,,,,,0.0,,
2025-11-05 05:51:27+00:00,2025-11-05 05:51:27,,,,,,,,,,19.6612492,0.0140624996,969.0,1034.2312,11.6750002,,,14.87,0.0,11.31,,,,,,0.0,,
2025-11-05 05:51:28+00:00,2025-11-05 05:51:28,,,,,,,,,,19.6612492,0.0140624996,969.0,1034.2312,11.6750002,,,14.87,0.0,11.31,,,,,,0.0,,
2025-11-05 05:51:29+00:00,2025-11-05 05:51:29,,,,,,,,,,19.6612492,0.0,968.0,1033.82495,11.4750004,,,14.87,0.0,11.31,,,,,,0.0,,
2025-11-05 05:51:30+00:00,2025-11-05 05:51:30,24.6612492,18.0,18.0,28.0,28.0,13.233000772439667,308.0,BO_O2_RULE,"제어매트릭스 규칙 적용: O2_LOW (3단계 롤백, 4단계에서 Hz 변화 없음)",19.6612492,0.0,968.0,1033.82495,11.4750004,,,14.87,0.0,11.31,,,,,,0.0,,
2025-11-05 05:51:31+00:00,2025-11-05 05:51:31,,,,,,,,,,19.6612492,0.0203124993,969.0,1033.4187,11.4125004,,,14.87,0.0,10.96,,,,,,0.0,,
2025-11-05 05:51:32+00:00,2025-11-05 05:51:32,,,,,,,,,,19.6612492,0.0203124993,969.0,1033.4187,11.4125004,,,14.87,0.0,10.96,,,,,,0.0,,
2025-11-05 05:51:33+00:00,2025-11-05 05:51:33,,,,,,,,,,19.6612492,0.0203124993,968.0,1034.47498,11.2250004,,,14.87,0.0,10.96,,,,,,0.0,,
2025-11-05 05:51:34+00:00,2025-11-05 05:51:34,,,,,,,,,,19.6612492,0.0203124993,968.0,1033.33752,11.0749998,,,14.87,0.0,10.96,,,,,,0.0,,
2025-11-05 05:51:35+00:00,2025-11-05 05:51:35,24.6612492,18.0,18.0,28.0,28.0,13.266815763293085,308.0,BO_O2_RULE,"제어매트릭스 규칙 적용: O2_LOW (3단계 롤백, 4단계에서 Hz 변화 없음)",19.6612492,0.0125000002,968.0,1033.33752,11.0749998,,,14.87,0.0,10.96,,,,,,0.0,,
2025-11-05 05:51:36+00:00,2025-11-05 05:51:36,,,,,,,,,,19.6612492,0.0125000002,969.0,1034.55627,10.125,,,14.87,0.0,10.96,,,,,,0.0,,
2025-11-05 05:51:37+00:00,2025-11-05 05:51:37,,,,,,,,,,19.6612492,0.0171875004,967.0,1034.55627,10.3999996,,,14.87,0.0,10.96,,,,,,0.0,,
2025-11-05 05:51:38+00:00,2025-11-05 05:51:38,,,,,,,,,,19.6612492,0.0,969.0,1035.2063,10.3249998,,,14.87,0.0,10.96,,,,,,0.0,,
2025-11-05 05:51:39+00:00,2025-11-05 05:51:39,,,,,,,,,,19.6612492,0.0,969.0,1035.2063,10.3249998,,,14.87,0.0,10.96,,,,,,0.0,,
2025-11-05 05:51:40+00:00,2025-11-05 05:51:40,24.6612492,18.0,18.0,28.0,28.0,12.774612285223258,308.0,BO_O2_RULE,"제어매트릭스 규칙 적용: O2_LOW (3단계 롤백, 4단계에서 Hz 변화 없음)",19.6612492,0.0,968.0,1035.2063,10.3125,,,14.87,0.0,10.96,,,,,,0.0,,
2025-11-05 05:51:41+00:00,2025-11-05 05:51:41,,,,,,,,,,19.6612492,0.0203124993,968.0,1037.72498,9.72500038,,,14.87,0.0,9.67,,,,,,0.0,,
2025-11-05 05:51:42+00:00,2025-11-05 05:51:42,,,,,,,,,,19.6612492,0.0203124993,968.0,1037.72498,9.72500038,,,14.87,0.0,9.67,,,,,,0.0,,
2025-11-05 05:51:43+00:00,2025-11-05 05:51:43,,,,,,,,,,19.6612492,0.0203124993,967.0,1037.5625,9.78750038,,,14.87,0.0,9.67,,,,,,0.0,,
2025-11-05 05:51:44+00:00,2025-11-05 05:51:44,,,,,,,,,,19.6612492,0.0203124993,969.0,1037.72498,9.83749962,,,14.87,0.0,9.67,,,,,,0.0,,
2025-11-05 05:51:45+00:00,2025-11-05 05:51:45,24.6612492,18.0,18.0,28.0,28.0,13.09901661977848,308.0,BO_O2_RULE,"제어매트릭스 규칙 적용: O2_LOW (3단계 롤백, 4단계에서 Hz 변화 없음)",19.6612492,0.0078125,969.0,1037.72498,9.83749962,,,14.87,0.0,9.67,,,,,,0.0,,
2025-11-05 05:51:46+00:00,2025-11-05 05:51:46,,,,,,,,,,19.6612492,0.0078125,969.0,1036.6687,9.64999962,,,14.87,0.0,9.67,,,,,,0.0,,
2025-11-05 05:51:47+00:00,2025-11-05 05:51:47,,,,,,,,,,19.6612492,0.0,969.0,1037.72498,9.46249962,,,14.87,0.0,9.67,,,,,,0.0,,
2025-11-05 05:51:48+00:00,2025-11-05 05:51:48,,,,,,,,,,19.6612492,0.0,969.0,1037.72498,9.46249962,,,14.87,0.0,9.67,,,,,,0.0,,
2025-11-05 05:51:49+00:00,2025-11-05 05:51:49,,,,,,,,,,19.6612492,0.0250000004,970.0,1039.2688,9.625,,,14.87,0.0,9.67,,,,,,0.0,,
2025-11-05 05:51:50+00:00,2025-11-05 05:51:50,24.6612492,18.0,18.0,28.0,28.0,12.8045772723507,308.0,BO_O2_RULE,"제어매트릭스 규칙 적용: O2_LOW (3단계 롤백, 4단계에서 Hz 변화 없음)",19.6612492,0.0250000004,970.0,1038.2937,9.11250019,,,14.87,0.0,9.67,,,,,,0.0,,
2025-11-05 05:51:51+00:00,2025-11-05 05:51:51,,,,,,,,,,19.6612492,0.0296874996,970.0,1038.2937,9.11250019,,,14.87,0.0,8.96,,,,,,0.0,,
2025-11-05 05:51:52+00:00,2025-11-05 05:51:52,,,,,,,,,,19.6612492,0.0296874996,969.0,1040.97498,9.08749962,,,14.87,0.0,8.96,,,,,,0.0,,
2025-11-05 05:51:53+00:00,2025-11-05 05:51:53,,,,,,,,,,19.6612492,0.015625,969.0,1040.97498,9.08749962,,,14.87,0.0,8.96,,,,,,0.0,,
2025-11-05 05:51:54+00:00,2025-11-05 05:51:54,,,,,,,,,,19.6612492,0.015625,969.0,1039.83752,8.78750038,,,14.87,0.0,8.96,,,,,,0.0,,
2025-11-05 05:51:55+00:00,2025-11-05 05:51:55,24.6612492,18.0,18.0,28.0,28.0,12.495715921859807,308.0,BO_O2_RULE,"제어매트릭스 규칙 적용: O2_LOW (3단계 롤백, 4단계에서 Hz 변화 없음)",19.6612492,0.015625,969.0,1039.83752,8.78750038,,,14.87,0.0,8.96,,,,,,0.0,,
2025-11-05 05:51:56+00:00,2025-11-05 05:51:56,,,,,,,,,,19.6612492,0.0218749996,970.0,1039.9187,9.44999981,,,14.87,0.0,8.96,,,,,,0.0,,
2025-11-05 05:51:57+00:00,2025-11-05 05:51:57,,,,,,,,,,19.6612492,0.0187500007,969.0,1040.8938,9.42500019,,,14.87,0.0,8.96,,,,,,0.0,,
2025-11-05 05:51:58+00:00,2025-11-05 05:51:58,,,,,,,,,,19.6612492,0.0187500007,969.0,1040.8938,9.42500019,,,14.87,0.0,8.96,,,,,,0.0,,
2025-11-05 05:51:59+00:00,2025-11-05 05:51:59,,,,,,,,,,19.6612492,0.0234375,970.0,1040.16248,9.42500019,,,14.87,0.0,8.96,,,,,,0.0,,
2025-11-05 05:52:00+00:00,2025-11-05 05:52:00,24.6612492,18.0,18.0,28.0,28.0,13.243342110666045,308.0,BO_O2_RULE,"제어매트릭스 규칙 적용: O2_LOW (3단계 롤백, 4단계에서 Hz 변화 없음)",19.6612492,0.0234375,970.0,1040.16248,9.42500019,,3.0,14.87,0.0,8.96,,,,,,0.0,,
2025-11-05 05:52:01+00:00,2025-11-05 05:52:01,,,,,,,,,,19.6612492,0.0,970.0,1040.0813,8.9375,,,14.87,0.0,8.77,,,,,,0.0,,
2025-11-05 05:52:02+00:00,2025-11-05 05:52:02,,,,,,,,,,19.6612492,0.0,970.0,1040.0813,8.9375,,,14.87,0.0,8.77,,,,,,0.0,,
2025-11-05 05:52:03+00:00,2025-11-05 05:52:03,,,,,,,,,,19.6612492,0.0250000004,970.0,1040.8125,9.19999981,,,14.87,0.0,8.77,,,,,,0.0,,
2025-11-05 05:52:04+00:00,2025-11-05 05:52:04,,,,,,,,,,19.6612492,0.0296874996,969.0,1041.46252,9.05000019,,,14.87,0.0,8.77,,,,,,0.0,,
2025-11-05 05:52:05+00:00,2025-11-05 05:52:05,20.0,20.0,20.0,20.0,20.0,,2.0,FALLBACK,Fallback Hz 사용: 20.0Hz (essential_range_violation),19.6612492,0.0296874996,969.0,1041.46252,9.05000019,,,14.87,0.0,8.77,,,,,,0.0,,
2025-11-05 05:52:06+00:00,2025-11-05 05:52:06,,,,,,,,,,19.6612492,0.0,969.0,1042.4375,8.8125,,,14.87,0.0,8.77,,,,,,0.0,,
2025-11-05 05:52:07+00:00,2025-11-05 05:52:07,,,,,,,,,,19.6612492,0.0,969.0,1042.4375,8.8125,,,14.87,0.0,8.77,,,,,,0.0,,
2025-11-05 05:52:08+00:00,2025-11-05 05:52:08,,,,,,,,,,19.6612492,0.0140624996,970.0,1041.38123,8.875,,,14.87,0.0,8.77,,,,,,0.0,,
2025-11-05 05:52:09+00:00,2025-11-05 05:52:09,,,,,,,,,,19.6612492,0.0140624996,969.0,1043.81873,8.75,,,14.87,0.0,8.77,,,,,,0.0,,
2025-11-05 05:52:10+00:00,2025-11-05 05:52:10,20.0,20.0,20.0,20.0,20.0,,2.0,FALLBACK,Fallback Hz 사용: 20.0Hz (essential_range_violation),19.6612492,0.0265625007,969.0,1043.81873,8.75,,,14.87,0.0,8.28,,,,,,0.0,,
2025-11-05 05:52:11+00:00,2025-11-05 05:52:11,,,,,,,,,,19.6612492,0.0265625007,970.0,1044.1438,8.75,,,14.87,0.0,8.28,,,,,,0.0,,
2025-11-05 05:52:12+00:00,2025-11-05 05:52:12,,,,,,,,,,19.6612492,0.0,970.0,1044.1438,8.75,,,14.87,0.0,8.28,,,,,,0.0,,
2025-11-05 05:52:13+00:00,2025-11-05 05:52:13,,,,,,,,,,19.6612492,0.0250000004,970.0,1043.1687,8.73750019,,,14.87,0.0,8.28,,,,,,0.0,,
2025-11-05 05:52:14+00:00,2025-11-05 05:52:14,,,,,,,,,,19.6612492,0.0250000004,969.0,1043.1687,8.73750019,,,14.87,0.0,8.28,,,,,,0.0,,
2025-11-05 05:52:15+00:00,2025-11-05 05:52:15,24.6612492,18.0,18.0,28.0,28.0,12.811931289022612,308.0,BO_O2_RULE,"제어매트릭스 규칙 적용: O2_LOW (3단계 롤백, 4단계에서 Hz 변화 없음)",19.6612492,0.0218749996,969.0,1045.6875,10.6000004,,,14.87,0.0,8.28,,,,,,0.0,,
2025-11-05 05:52:16+00:00,2025-11-05 05:52:16,,,,,,,,,,19.6612492,0.00468750019,970.0,1045.6062,10.7875004,,,14.87,0.0,8.28,,,,,,0.0,,
2025-11-05 05:52:17+00:00,2025-11-05 05:52:17,,,,,,,,,,19.6612492,0.00468750019,970.0,1045.6062,10.7875004,,,14.87,0.0,8.28,,,,,,0.0,,
2025-11-05 05:52:18+00:00,2025-11-05 05:52:18,,,,,,,,,,19.6612492,0.0140624996,969.0,1045.44373,10.875,,,14.87,0.0,8.28,,,,,,0.0,,
2025-11-05 05:52:19+00:00,2025-11-05 05:52:19,,,,,,,,,,19.6612492,0.0140624996,969.0,1045.44373,10.875,,,14.87,0.0,8.28,,,,,,0.0,,
2025-11-05 05:52:20+00:00,2025-11-05 05:52:20,24.6612492,18.0,18.0,28.0,28.0,15.175855011801989,308.0,BO_O2_RULE,"제어매트릭스 규칙 적용: O2_LOW (3단계 롤백, 4단계에서 Hz 변화 없음)",19.6612492,0.00937500037,969.0,1046.74377,10.6125002,,,14.87,0.0,8.28,,,,,,0.0,,
2025-11-05 05:52:21+00:00,2025-11-05 05:52:21,,,,,,,,,,19.6612492,0.00937500037,968.0,1046.74377,10.6125002,,,14.87,0.0,10.13,,,,,,0.0,,
2025-11-05 05:52:22+00:00,2025-11-05 05:52:22,,,,,,,,,,19.6612492,0.00937500037,968.0,1046.5,10.5749998,,,14.87,0.0,10.13,,,,,,0.0,,
2025-11-05 05:52:23+00:00,2025-11-05 05:52:23,,,,,,,,,,19.6612492,0.00937500037,968.0,1046.5,10.5749998,,,14.87,0.0,10.13,,,,,,0.0,,
2025-11-05 05:52:24+00:00,2025-11-05 05:52:24,,,,,,,,,,19.6612492,0.00937500037,968.0,1046.5,10.6750002,,,14.87,0.0,10.13,,,,,,0.0,,
2025-11-05 05:52:25+00:00,2025-11-05 05:52:25,24.6612492,18.0,18.0,28.0,28.0,15.058319894455098,308.0,BO_O2_RULE,"제어매트릭스 규칙 적용: O2_LOW (3단계 롤백, 4단계에서 Hz 변화 없음)",19.6612492,0.0,968.0,1047.63745,10.5124998,,,14.87,0.0,10.13,,,,,,0.0,,
2025-11-05 05:52:26+00:00,2025-11-05 05:52:26,,,,,,,,,,19.6612492,0.0,968.0,1047.63745,10.5124998,,,14.87,0.0,10.13,,,,,,0.0,,
2025-11-05 05:52:27+00:00,2025-11-05 05:52:27,,,,,,,,,,19.6612492,0.0,969.0,1047.63745,10.7624998,,,14.87,0.0,10.13,,,,,,0.0,,
2025-11-05 05:52:28+00:00,2025-11-05 05:52:28,,,,,,,,,,19.6612492,0.0,968.0,1047.3938,10.5749998,,,14.87,0.0,10.13,,,,,,0.0,,
2025-11-05 05:52:29+00:00,2025-11-05 05:52:29,,,,,,,,,,19.6612492,0.00937500037,968.0,1047.3938,10.5749998,,,14.87,0.0,10.13,,,,,,0.0,,
2025-11-05 05:52:30+00:00,2025-11-05 05:52:30,20.0,20.0,20.0,20.0,20.0,,2.0,FALLBACK,Fallback Hz 사용: 20.0Hz (essential_range_violation),,,,,,,,,,,,,,,,,,
2025-11-05 05:52:31+00:00,2025-11-05 05:52:31,,,,,,,,,,19.6612492,0.00937500037,968.0,1046.5,10.4624996,,,14.87,0.0,10.13,,,,,,0.0,,
2025-11-05 05:52:32+00:00,2025-11-05 05:52:32,,,,,,,,,,19.6612492,0.00937500037,968.0,1046.5,10.4624996,,,14.87,0.0,9.85,,,,,,0.0,,
2025-11-05 05:52:33+00:00,2025-11-05 05:52:33,,,,,,,,,,19.6612492,0.0187500007,967.0,1047.2312,10.5124998,,,14.87,0.0,9.85,,,,,,0.0,,
2025-11-05 05:52:34+00:00,2025-11-05 05:52:34,,,,,,,,,,19.6612492,0.0187500007,967.0,1047.2312,10.5124998,,,14.87,0.0,9.85,,,,,,0.0,,
2025-11-05 05:52:35+00:00,2025-11-05 05:52:35,24.6612492,18.0,18.0,28.0,28.0,15.186599428632384,308.0,BO_O2_RULE,"제어매트릭스 규칙 적용: O2_LOW (3단계 롤백, 4단계에서 Hz 변화 없음)",19.6612492,0.0140624996,969.0,1047.47498,10.5124998,,,14.87,0.0,9.85,,,,,,0.0,,
2025-11-05 05:52:36+00:00,2025-11-05 05:52:36,,,,,,,,,,19.6612492,0.0140624996,969.0,1047.47498,10.5124998,,,14.87,0.0,9.85,,,,,,0.0,,
2025-11-05 05:52:37+00:00,2025-11-05 05:52:37,,,,,,,,,,19.6612492,0.0,968.0,1046.33752,10.5124998,,,14.87,0.0,9.85,,,,,,0.0,,
2025-11-05 05:52:38+00:00,2025-11-05 05:52:38,,,,,,,,,,19.6612492,0.0,968.0,1046.33752,10.8000002,,,14.87,0.0,9.85,,,,,,0.0,,
2025-11-05 05:52:39+00:00,2025-11-05 05:52:39,,,,,,,,,,19.6612492,0.0,968.0,1047.06873,10.8999996,,,14.87,0.0,9.85,,,,,,0.0,,
2025-11-05 05:52:40+00:00,2025-11-05 05:52:40,24.6612492,18.0,18.0,28.0,28.0,15.499122535190486,308.0,BO_O2_RULE,"제어매트릭스 규칙 적용: O2_LOW (3단계 롤백, 4단계에서 Hz 변화 없음)",19.6612492,0.0,968.0,1047.06873,10.8999996,,,14.87,0.0,9.85,,,,,,0.0,,
2025-11-05 05:52:41+00:00,2025-11-05 05:52:41,,,,,,,,,,19.6612492,0.0171875004,969.0,1046.66248,10.8249998,,,14.87,0.0,10.16,,,,,,0.0,,
2025-11-05 05:52:42+00:00,2025-11-05 05:52:42,,,,,,,,,,19.6612492,0.00625000009,969.0,1048.28748,10.6750002,,,14.87,0.0,10.16,,,,,,0.0,,
2025-11-05 05:52:43+00:00,2025-11-05 05:52:43,,,,,,,,,,19.6612492,0.00625000009,969.0,1048.28748,10.6750002,,,14.87,0.0,10.16,,,,,,0.0,,
2025-11-05 05:52:44+00:00,2025-11-05 05:52:44,,,,,,,,,,19.6612492,0.0234375,969.0,1048.36877,10.6125002,,,14.87,0.0,10.16,,,,,,0.0,,
2025-11-05 05:52:45+00:00,2025-11-05 05:52:45,24.6612492,18.0,18.0,28.0,28.0,14.759748426653779,308.0,BO_O2_RULE,"제어매트릭스 규칙 적용: O2_LOW (3단계 롤백, 4단계에서 Hz 변화 없음)",19.6612492,0.0234375,969.0,1048.36877,10.6125002,,,14.87,0.0,10.16,,,,,,0.0,,
2025-11-05 05:52:46+00:00,2025-11-05 05:52:46,,,,,,,,,,19.6612492,0.00937500037,969.0,1049.26245,10.5500002,,,14.87,0.0,10.16,,,,,,0.0,,
2025-11-05 05:52:47+00:00,2025-11-05 05:52:47,,,,,,,,,,19.6612492,0.00937500037,969.0,1049.26245,10.5500002,,,14.87,0.0,10.16,,,,,,0.0,,
2025-11-05 05:52:48+00:00,2025-11-05 05:52:48,,,,,,,,,,19.6612492,0.00937500037,968.0,1048.53125,10.6625004,,,14.87,0.0,10.16,,,,,,0.0,,
2025-11-05 05:52:49+00:00,2025-11-05 05:52:49,,,,,,,,,,19.6612492,0.00937500037,968.0,1048.53125,10.6625004,,,14.87,0.0,10.16,,,,,,0.0,,
2025-11-05 05:52:50+00:00,2025-11-05 05:52:50,24.6612492,18.0,18.0,28.0,28.0,13.548932694878976,308.0,BO_O2_RULE,"제어매트릭스 규칙 적용: O2_LOW (3단계 롤백, 4단계에서 Hz 변화 없음)",19.6612492,0.00937500037,968.0,1048.77502,10.4875002,,,14.87,0.0,10.16,,,,,,0.0,,
2025-11-05 05:52:51+00:00,2025-11-05 05:52:51,,,,,,,,,,19.6612492,0.00937500037,968.0,1048.77502,10.4875002,,,14.87,0.0,9.86,,,,,,0.0,,
2025-11-05 05:52:52+00:00,2025-11-05 05:52:52,,,,,,,,,,19.6612492,0.0,969.0,1049.18127,10.2875004,,,14.87,0.0,9.86,,,,,,0.0,,
2025-11-05 05:52:53+00:00,2025-11-05 05:52:53,,,,,,,,,,19.6612492,0.0,969.0,1049.18127,10.2875004,,,14.87,0.0,9.86,,,,,,0.0,,
2025-11-05 05:52:54+00:00,2025-11-05 05:52:54,,,,,,,,,,19.6612492,0.0125000002,968.0,1050.96875,10.3000002,,,14.87,0.0,9.86,,,,,,0.0,,
2025-11-05 05:52:55+00:00,2025-11-05 05:52:55,24.6612492,18.0,18.0,28.0,28.0,13.142249923258001,308.0,BO_O2_RULE,"제어매트릭스 규칙 적용: O2_LOW (3단계 롤백, 4단계에서 Hz 변화 없음)",19.6612492,0.0125000002,968.0,1050.96875,10.3000002,,,14.87,0.0,9.86,,,,,,0.0,,
2025-11-05 05:52:56+00:00,2025-11-05 05:52:56,,,,,,,,,,19.6612492,0.0125000002,968.0,1049.75,10.1875,,,14.87,0.0,9.86,,,,,,0.0,,
2025-11-05 05:52:57+00:00,2025-11-05 05:52:57,,,,,,,,,,19.6612492,0.0,968.0,1049.75,10.1875,,,14.87,0.0,9.86,,,,,,0.0,,
2025-11-05 05:52:58+00:00,2025-11-05 05:52:58,,,,,,,,,,19.6612492,0.0,968.0,1050.23755,13.9499998,,,14.87,0.0,9.86,,,,,,0.0,,
2025-11-05 05:52:59+00:00,2025-11-05 05:52:59,,,,,,,,,,19.6612492,0.0,968.0,1049.99377,13.9375,,,14.87,0.0,9.86,,,,,,0.0,,
2025-11-05 05:53:00+00:00,2025-11-05 05:53:00,24.6612492,18.0,18.0,28.0,28.0,14.233176958499191,308.0,BO_O2_RULE,"제어매트릭스 규칙 적용: O2_LOW (3단계 롤백, 4단계에서 Hz 변화 없음)",19.6612492,0.0,968.0,1049.99377,13.9375,,3.0,14.87,0.0,9.86,,,,,,0.0,,
2025-11-05 05:53:01+00:00,2025-11-05 05:53:01,,,,,,,,,,19.6612492,0.0,968.0,1050.6438,14.0625,,,14.87,0.0,9.86,,,,,,0.0,,
2025-11-05 05:53:02+00:00,2025-11-05 05:53:02,,,,,,,,,,19.6612492,0.0203124993,968.0,1049.8313,14.2875004,,,14.87,0.0,13.49,,,,,,0.0,,
2025-11-05 05:53:03+00:00,2025-11-05 05:53:03,,,,,,,,,,19.6612492,0.0,968.0,1050.07495,14.1374998,,,14.87,0.0,13.49,,,,,,0.0,,
2025-11-05 05:53:04+00:00,2025-11-05 05:53:04,,,,,,,,,,19.6612492,0.0,968.0,1050.07495,14.1374998,,,14.87,0.0,13.49,,,,,,0.0,,
2025-11-05 05:53:05+00:00,2025-11-05 05:53:05,24.6612492,18.0,18.0,28.0,28.0,16.072977985649494,308.0,BO_O2_RULE,"제어매트릭스 규칙 적용: O2_LOW (3단계 롤백, 4단계에서 Hz 변화 없음)",19.6612492,0.0,967.0,1049.99377,14.0625,,,14.87,0.0,13.49,,,,,,0.0,,
2025-11-05 05:53:06+00:00,2025-11-05 05:53:06,,,,,,,,,,19.6612492,0.0,968.0,1050.5625,14.1999998,,,14.87,0.0,13.49,,,,,,0.0,,
2025-11-05 05:53:07+00:00,2025-11-05 05:53:07,,,,,,,,,,19.6612492,0.0,968.0,1050.5625,14.1999998,,,14.87,0.0,13.49,,,,,,0.0,,
2025-11-05 05:53:08+00:00,2025-11-05 05:53:08,,,,,,,,,,19.6612492,0.0234375,968.0,1050.07495,14.1999998,,,14.87,0.0,13.49,,,,,,0.0,,
2025-11-05 05:53:09+00:00,2025-11-05 05:53:09,,,,,,,,,,19.6612492,0.00312500005,968.0,1049.42505,13.7124996,,,14.87,0.0,13.49,,,,,,0.0,,
2025-11-05 05:53:10+00:00,2025-11-05 05:53:10,24.6612492,18.0,18.0,28.0,28.0,16.399877757580093,308.0,BO_O2_RULE,"제어매트릭스 규칙 적용: O2_LOW (3단계 롤백, 4단계에서 Hz 변화 없음)",19.6612492,0.00312500005,968.0,1049.42505,13.7124996,,,14.87,0.0,13.49,,,,,,0.0,,
2025-11-05 05:53:11+00:00,2025-11-05 05:53:11,,,,,,,,,,19.6612492,0.00468750019,968.0,1050.15625,14.125,,,14.87,0.0,13.49,,,,,,0.0,,
2025-11-05 05:53:12+00:00,2025-11-05 05:53:12,,,,,,,,,,19.6612492,0.00468750019,968.0,1050.15625,14.125,,,14.87,0.0,13.47,,,,,,0.0,,
2025-11-05 05:53:13+00:00,2025-11-05 05:53:13,,,,,,,,,,19.6612492,0.00468750019,969.0,1049.75,14.0,,,14.87,0.0,13.47,,,,,,0.0,,
2025-11-05 05:53:14+00:00,2025-11-05 05:53:14,,,,,,,,,,19.6612492,0.00468750019,968.0,1050.31873,13.7624998,,,14.87,0.0,13.47,,,,,,0.0,,
2025-11-05 05:53:15+00:00,2025-11-05 05:53:15,24.6612492,18.0,18.0,28.0,28.0,16.231246322155997,308.0,BO_O2_RULE,"제어매트릭스 규칙 적용: O2_LOW (3단계 롤백, 4단계에서 Hz 변화 없음)",19.6612492,0.0140624996,968.0,1050.96875,14.1125002,,,14.87,0.0,13.47,,,,,,0.0,,
2025-11-05 05:53:16+00:00,2025-11-05 05:53:16,,,,,,,,,,19.6612492,0.0140624996,968.0,1050.96875,14.1125002,,,14.87,0.0,13.47,,,,,,0.0,,
2025-11-05 05:53:17+00:00,2025-11-05 05:53:17,,,,,,,,,,19.6612492,0.0140624996,969.0,1050.5625,16.6749992,,,14.87,0.0,13.47,,,,,,0.0,,
2025-11-05 05:53:18+00:00,2025-11-05 05:53:18,,,,,,,,,,19.6612492,0.0140624996,969.0,1050.5625,16.6749992,,,14.87,0.0,13.47,,,,,,0.0,,
2025-11-05 05:53:19+00:00,2025-11-05 05:53:19,,,,,,,,,,19.6612492,0.0140624996,968.0,1050.4812,16.4874992,,,14.87,0.0,13.47,,,,,,0.0,,
2025-11-05 05:53:20+00:00,2025-11-05 05:53:20,24.6612492,18.0,18.0,28.0,28.0,17.330323883772532,308.0,BO_O2_RULE,"제어매트릭스 규칙 적용: O2_LOW (3단계 롤백, 4단계에서 Hz 변화 없음)",19.6612492,0.0125000002,968.0,1050.4812,16.4874992,,,14.87,0.0,15.9,,,,,,0.0,,
2025-11-05 05:53:21+00:00,2025-11-05 05:53:21,,,,,,,,,,19.6612492,0.0250000004,969.0,1051.05005,16.9624996,,,14.87,0.0,15.9,,,,,,0.0,,
2025-11-05 05:53:22+00:00,2025-11-05 05:53:22,,,,,,,,,,19.6612492,0.0,969.0,1050.72498,17.0,,,14.87,0.0,15.9,,,,,,0.0,,
2025-11-05 05:53:23+00:00,2025-11-05 05:53:23,,,,,,,,,,19.6612492,0.0,969.0,1050.72498,17.0,,,14.87,0.0,15.9,,,,,,0.0,,
2025-11-05 05:53:24+00:00,2025-11-05 05:53:24,,,,,,,,,,19.6612492,0.00468750019,968.0,1050.07495,16.7625008,,,14.87,0.0,15.9,,,,,,0.0,,
2025-11-05 05:53:25+00:00,2025-11-05 05:53:25,24.6612492,18.0,18.0,28.0,28.0,17.595855656068426,308.0,BO_O2_RULE,"제어매트릭스 규칙 적용: O2_LOW (3단계 롤백, 4단계에서 Hz 변화 없음)",19.6612492,0.00468750019,968.0,1050.07495,16.7625008,,,14.87,0.0,15.9,,,,,,0.0,,
2025-11-05 05:53:26+00:00,2025-11-05 05:53:26,,,,,,,,,,19.6612492,0.00625000009,968.0,1049.99377,16.9500008,,,14.87,0.0,15.9,,,,,,0.0,,
2025-11-05 05:53:27+00:00,2025-11-05 05:53:27,,,,,,,,,,19.6612492,0.00625000009,968.0,1049.99377,16.9500008,,,14.87,0.0,15.9,,,,,,0.0,,
2025-11-05 05:53:28+00:00,2025-11-05 05:53:28,,,,,,,,,,19.6612492,0.0,969.0,1050.96875,16.8500004,,,14.87,0.0,15.9,,,,,,0.0,,
2025-11-05 05:53:29+00:00,2025-11-05 05:53:29,,,,,,,,,,19.6612492,0.0,969.0,1050.96875,16.8500004,,,14.87,0.0,15.9,,,,,,0.0,,
2025-11-05 05:53:30+00:00,2025-11-05 05:53:30,24.6612492,18.0,18.0,28.0,28.0,17.88082655483335,308.0,BO_O2_RULE,"제어매트릭스 규칙 적용: O2_LOW (3단계 롤백, 4단계에서 Hz 변화 없음)",19.6612492,0.0140624996,967.0,1049.8313,16.7374992,,,14.87,0.0,15.9,,,,,,0.0,,
2025-11-05 05:53:31+00:00,2025-11-05 05:53:31,,,,,,,,,,19.6612492,0.0140624996,967.0,1049.8313,16.7374992,,,14.87,0.0,16.25,,,,,,0.0,,
2025-11-05 05:53:32+00:00,2025-11-05 05:53:32,,,,,,,,,,19.6612492,0.0171875004,968.0,1049.8313,16.7999992,,,14.87,0.0,16.25,,,,,,0.0,,
2025-11-05 05:53:33+00:00,2025-11-05 05:53:33,,,,,,,,,,19.6612492,0.0171875004,968.0,1050.6438,16.7999992,,,14.87,0.0,16.25,,,,,,0.0,,
2025-11-05 05:53:34+00:00,2025-11-05 05:53:34,,,,,,,,,,19.6612492,0.0171875004,968.0,1050.6438,16.7250004,,,14.87,0.0,16.25,,,,,,0.0,,
2025-11-05 05:53:35+00:00,2025-11-05 05:53:35,24.6612492,18.0,18.0,28.0,28.0,17.78649479264079,308.0,BO_O2_RULE,"제어매트릭스 규칙 적용: O2_LOW (3단계 롤백, 4단계에서 Hz 변화 없음)",19.6612492,0.0281249993,968.0,1050.6438,16.7250004,,,14.87,0.0,16.25,,,,,,0.0,,
2025-11-05 05:53:36+00:00,2025-11-05 05:53:36,,,,,,,,,,19.6612492,0.0,969.0,1050.88745,17.1375008,,,14.87,0.0,16.25,,,,,,0.0,,
2025-11-05 05:53:37+00:00,2025-11-05 05:53:37,,,,,,,,,,19.6612492,0.0,969.0,1050.88745,17.1375008,,,14.87,0.0,16.25,,,,,,0.0,,
2025-11-05 05:53:38+00:00,2025-11-05 05:53:38,,,,,,,,,,19.6612492,0.0218749996,968.0,1049.91248,16.9500008,,,14.87,0.0,16.25,,,,,,0.0,,
2025-11-05 05:53:39+00:00,2025-11-05 05:53:39,,,,,,,,,,19.6612492,0.0203124993,969.0,1050.72498,16.9874992,,,14.87,0.0,16.25,,,,,,0.0,,
2025-11-05 05:53:40+00:00,2025-11-05 05:53:40,20.0,20.0,20.0,20.0,20.0,,2.0,FALLBACK,Fallback Hz 사용: 20.0Hz (essential_range_violation),19.6612492,0.0203124993,969.0,1050.72498,16.9874992,,,14.87,0.0,16.25,,,,,,0.0,,
2025-11-05 05:53:41+00:00,2025-11-05 05:53:41,,,,,,,,,,19.6612492,0.0078125,969.0,1049.58752,18.7875004,,,14.87,0.0,16.55,,,,,,0.0,,
2025-11-05 05:53:42+00:00,2025-11-05 05:53:42,,,,,,,,,,19.6612492,0.0078125,969.0,1049.58752,18.7875004,,,14.87,0.0,16.55,,,,,,0.0,,
2025-11-05 05:53:43+00:00,2025-11-05 05:53:43,,,,,,,,,,19.6612492,0.015625,968.0,1050.07495,18.9125004,,,14.87,0.0,16.55,,,,,,0.0,,
2025-11-05 05:53:44+00:00,2025-11-05 05:53:44,,,,,,,,,,19.6612492,0.015625,968.0,1050.07495,18.9125004,,,14.87,0.0,16.55,,,,,,0.0,,
2025-11-05 05:53:45+00:00,2025-11-05 05:53:45,24.6612492,18.0,18.0,28.0,28.0,20.188986702092496,308.0,BO_O2_RULE,"제어매트릭스 규칙 적용: O2_LOW (3단계 롤백, 4단계에서 Hz 변화 없음)",19.6612492,0.0203124993,967.0,1050.07495,18.8999996,,,14.87,0.0,16.55,,,,,,0.0,,
2025-11-05 05:53:46+00:00,2025-11-05 05:53:46,,,,,,,,,,19.6612492,0.0203124993,967.0,1050.5625,18.8999996,,,14.87,0.0,16.55,,,,,,0.0,,
2025-11-05 05:53:47+00:00,2025-11-05 05:53:47,,,,,,,,,,19.6612492,0.00156250002,969.0,1050.5625,19.0874996,,,14.87,0.0,16.55,,,,,,0.0,,
2025-11-05 05:53:48+00:00,2025-11-05 05:53:48,,,,,,,,,,19.6612492,0.00625000009,968.0,1050.80627,19.125,,,14.87,0.0,16.55,,,,,,0.0,,
2025-11-05 05:53:49+00:00,2025-11-05 05:53:49,,,,,,,,,,19.6612492,0.00625000009,968.0,1050.80627,19.125,,,14.87,0.0,16.55,,,,,,0.0,,
2025-11-05 05:53:50+00:00,2025-11-05 05:53:50,24.6612492,18.0,18.0,28.0,28.0,20.316683977850126,308.0,BO_O2_RULE,"제어매트릭스 규칙 적용: O2_LOW (3단계 롤백, 4단계에서 Hz 변화 없음)",19.6612492,0.0140624996,968.0,1049.6687,19.2374992,,,14.87,0.0,18.51,,,,,,0.0,,
2025-11-05 05:53:51+00:00,2025-11-05 05:53:51,,,,,,,,,,19.6612492,0.0125000002,968.0,1049.91248,19.3374996,,,14.87,0.0,18.51,,,,,,0.0,,
2025-11-05 05:53:52+00:00,2025-11-05 05:53:52,,,,,,,,,,19.6612492,0.0125000002,968.0,1049.91248,19.3374996,,,14.87,0.0,18.51,,,,,,0.0,,
2025-11-05 05:53:53+00:00,2025-11-05 05:53:53,,,,,,,,,,19.6612492,0.0140624996,968.0,1049.91248,19.2875004,,,14.87,0.0,18.51,,,,,,0.0,,
2025-11-05 05:53:54+00:00,2025-11-05 05:53:54,,,,,,,,,,19.6612492,0.00156250002,968.0,1049.8313,19.2374992,,,14.87,0.0,18.51,,,,,,0.0,,
2025-11-05 05:53:55+00:00,2025-11-05 05:53:55,24.6612492,18.0,18.0,28.0,28.0,21.08243818088815,308.0,BO_O2_RULE,"제어매트릭스 규칙 적용: O2_LOW (3단계 롤백, 4단계에서 Hz 변화 없음)",19.6612492,0.00156250002,968.0,1049.8313,19.2374992,,,14.87,0.0,18.51,,,,,,0.0,,
2025-11-05 05:53:56+00:00,2025-11-05 05:53:56,,,,,,,,,,19.6612492,0.0,968.0,1050.5625,19.625,,,14.87,0.0,18.51,,,,,,0.0,,
2025-11-05 05:53:57+00:00,2025-11-05 05:53:57,,,,,,,,,,19.6612492,0.00625000009,968.0,1050.15625,19.625,,,14.87,0.0,18.51,,,,,,0.0,,
2025-11-05 05:53:58+00:00,2025-11-05 05:53:58,,,,,,,,,,19.6612492,0.00625000009,968.0,1050.15625,19.5,,,14.87,0.0,18.51,,,,,,0.0,,
2025-11-05 05:53:59+00:00,2025-11-05 05:53:59,,,,,,,,,,19.6612492,0.00625000009,969.0,1049.99377,19.5,,,14.87,0.0,18.51,,,,,,0.0,,
2025-11-05 05:54:00+00:00,2025-11-05 05:54:00,24.6612492,18.0,18.0,28.0,28.0,21.24405710392041,308.0,BO_O2_RULE,"제어매트릭스 규칙 적용: O2_LOW (3단계 롤백, 4단계에서 Hz 변화 없음)",19.6612492,0.0,969.0,1049.99377,21.1124992,,3.0,14.87,0.0,18.88,,,,,,0.0,,
2025-11-05 05:54:01+00:00,2025-11-05 05:54:01,,,,,,,,,,19.6612492,0.0203124993,967.0,1050.80627,21.0625,,,14.87,0.0,18.88,,,,,,0.0,,
2025-11-05 05:54:02+00:00,2025-11-05 05:54:02,,,,,,,,,,19.6612492,0.0203124993,967.0,1050.80627,21.0625,,,14.87,0.0,18.88,,,,,,0.0,,
2025-11-05 05:54:03+00:00,2025-11-05 05:54:03,,,,,,,,,,19.6612492,0.0203124993,968.0,1050.88745,20.9874992,,,14.87,0.0,18.88,,,,,,0.0,,
2025-11-05 05:54:04+00:00,2025-11-05 05:54:04,,,,,,,,,,19.6612492,0.015625,968.0,1050.72498,20.9874992,,,14.87,0.0,18.88,,,,,,0.0,,
2025-11-05 05:54:05+00:00,2025-11-05 05:54:05,24.6612492,18.0,18.0,28.0,28.0,21.586688401045773,308.0,BO_O2_RULE,"제어매트릭스 규칙 적용: O2_LOW (3단계 롤백, 4단계에서 Hz 변화 없음)",19.6612492,0.015625,968.0,1050.72498,21.4874992,,,14.87,0.0,18.88,,,,,,0.0,,
2025-11-05 05:54:06+00:00,2025-11-05 05:54:06,,,,,,,,,,19.6612492,0.015625,968.0,1051.05005,21.4874992,,,14.87,0.0,18.88,,,,,,0.0,,
2025-11-05 05:54:07+00:00,2025-11-05 05:54:07,,,,,,,,,,19.6612492,0.0,969.0,1049.99377,21.4874992,,,14.87,0.0,18.88,,,,,,0.0,,
2025-11-05 05:54:08+00:00,2025-11-05 05:54:08,,,,,,,,,,19.6612492,0.0187500007,967.0,1049.99377,21.3999996,,,14.87,0.0,18.88,,,,,,0.0,,
2025-11-05 05:54:09+00:00,2025-11-05 05:54:09,,,,,,,,,,19.6612492,0.0187500007,967.0,1049.75,21.3999996,,,14.87,0.0,18.88,,,,,,0.0,,
2025-11-05 05:54:10+00:00,2025-11-05 05:54:10,24.6612492,18.0,18.0,28.0,28.0,22.138565887949024,308.0,BO_O2_RULE,"제어매트릭스 규칙 적용: O2_LOW (3단계 롤백, 4단계에서 Hz 변화 없음)",19.6612492,0.0,967.0,1049.75,21.5375004,,,14.87,0.0,18.88,,,,,,0.0,,
2025-11-05 05:54:12+00:00,2025-11-05 05:54:12,,,,,,,,,,19.6612492,0.0,967.0,1049.34375,21.5375004,,,14.87,0.0,20.69,,,,,,0.0,,
2025-11-05 05:54:13+00:00,2025-11-05 05:54:13,,,,,,,,,,19.6612492,0.0,966.0,1049.34375,21.375,,,14.87,0.0,20.69,,,,,,0.0,,
2025-11-05 05:54:14+00:00,2025-11-05 05:54:14,,,,,,,,,,19.6612492,0.0171875004,966.0,1048.77502,21.2749996,,,14.87,0.0,20.69,,,,,,0.0,,
2025-11-05 05:54:15+00:00,2025-11-05 05:54:15,20.0,20.0,20.0,20.0,20.0,,2.0,FALLBACK,Fallback Hz 사용: 20.0Hz (essential_range_violation),19.6612492,0.0171875004,966.0,1048.77502,21.2749996,,,14.87,0.0,20.69,,,,,,0.0,,
2025-11-05 05:54:16+00:00,2025-11-05 05:54:16,,,,,,,,,,19.6612492,0.0171875004,966.0,1048.77502,21.4125004,,,14.87,0.0,20.69,,,,,,0.0,,
2025-11-05 05:54:17+00:00,2025-11-05 05:54:17,,,,,,,,,,19.6612492,0.0171875004,967.0,1048.77502,21.4125004,,,14.87,0.0,20.69,,,,,,0.0,,
2025-11-05 05:54:18+00:00,2025-11-05 05:54:18,,,,,,,,,,19.6612492,0.00156250002,966.0,1048.61255,21.7250004,,,14.87,0.0,20.69,,,,,,0.0,,
2025-11-05 05:54:19+00:00,2025-11-05 05:54:19,,,,,,,,,,19.6612492,0.00156250002,966.0,1048.61255,21.7250004,,,14.87,0.0,20.69,,,,,,0.0,,
2025-11-05 05:54:20+00:00,2025-11-05 05:54:20,24.6612492,18.0,18.0,28.0,28.0,20.340446525079383,308.0,BO_O2_RULE,"제어매트릭스 규칙 적용: O2_LOW (3단계 롤백, 4단계에서 Hz 변화 없음)",19.6612492,0.0234375,966.0,1047.3938,21.6000004,,,14.87,0.0,20.69,,,,,,0.0,,
2025-11-05 05:54:21+00:00,2025-11-05 05:54:21,,,,,,,,,,19.6612492,0.0281249993,966.0,1047.2312,21.5874996,,,14.87,0.0,20.69,,,,,,0.0,,
2025-11-05 05:54:22+00:00,2025-11-05 05:54:22,,,,,,,,,,19.6612492,0.0281249993,966.0,1047.2312,21.5874996,,,14.87,0.0,20.83,,,,,,0.0,,
2025-11-05 05:54:23+00:00,2025-11-05 05:54:23,,,,,,,,,,19.6612492,0.0,966.0,1046.98755,20.4249992,,,14.87,0.0,20.83,,,,,,0.0,,
2025-11-05 05:54:24+00:00,2025-11-05 05:54:24,,,,,,,,,,19.6612492,0.00468750019,967.0,1047.15002,20.6000004,,,14.87,0.0,20.83,,,,,,0.0,,
2025-11-05 05:54:25+00:00,2025-11-05 05:54:25,24.6612492,18.0,18.0,28.0,28.0,19.581242836325693,308.0,BO_O2_RULE,"제어매트릭스 규칙 적용: O2_LOW (3단계 롤백, 4단계에서 Hz 변화 없음)",19.6612492,0.00468750019,967.0,1047.15002,20.6000004,,,14.87,0.0,20.83,,,,,,0.0,,
2025-11-05 05:54:26+00:00,2025-11-05 05:54:26,,,,,,,,,,19.6612492,0.00468750019,965.0,1047.2312,20.1625004,,,14.87,0.0,20.83,,,,,,0.0,,
2025-11-05 05:54:27+00:00,2025-11-05 05:54:27,,,,,,,,,,19.6612492,0.0,965.0,1047.2312,20.1625004,,,14.87,0.0,20.83,,,,,,0.0,,
2025-11-05 05:54:28+00:00,2025-11-05 05:54:28,,,,,,,,,,19.6612492,0.0,965.0,1047.71875,20.2749996,,,14.87,0.0,20.83,,,,,,0.0,,
2025-11-05 05:54:29+00:00,2025-11-05 05:54:29,,,,,,,,,,19.6612492,0.0,965.0,1047.71875,20.2749996,,,14.87,0.0,20.83,,,,,,0.0,,
2025-11-05 05:54:30+00:00,2025-11-05 05:54:30,24.6612492,18.0,18.0,28.0,28.0,18.651392598191105,308.0,BO_O2_RULE,"제어매트릭스 규칙 적용: O2_LOW (3단계 롤백, 4단계에서 Hz 변화 없음)",19.6612492,0.0,966.0,1046.4187,20.2749996,,,14.87,0.0,20.83,,,,,,0.0,,
2025-11-05 05:54:31+00:00,2025-11-05 05:54:31,,,,,,,,,,19.6612492,0.0171875004,966.0,1046.4187,20.4249992,,,14.87,0.0,19.69,,,,,,0.0,,
2025-11-05 05:54:32+00:00,2025-11-05 05:54:32,,,,,,,,,,19.6612492,0.0171875004,965.0,1047.06873,20.4249992,,,14.87,0.0,19.69,,,,,,0.0,,
2025-11-05 05:54:33+00:00,2025-11-05 05:54:33,,,,,,,,,,19.6612492,0.0203124993,965.0,1047.06873,20.3250008,,,14.87,0.0,19.69,,,,,,0.0,,
2025-11-05 05:54:34+00:00,2025-11-05 05:54:34,,,,,,,,,,19.6612492,0.03125,965.0,1047.06873,20.2749996,,,14.87,0.0,19.69,,,,,,0.0,,
2025-11-05 05:54:35+00:00,2025-11-05 05:54:35,24.6612492,18.0,18.0,28.0,28.0,18.401421134307768,308.0,BO_O2_RULE,"제어매트릭스 규칙 적용: O2_LOW (3단계 롤백, 4단계에서 Hz 변화 없음)",19.6612492,0.03125,965.0,1046.5813,20.2749996,,,14.87,0.0,19.69,,,,,,0.0,,
2025-11-05 05:54:36+00:00,2025-11-05 05:54:36,,,,,,,,,,19.6612492,0.03125,965.0,1046.5813,20.2749996,,,14.87,0.0,19.69,,,,,,0.0,,
2025-11-05 05:54:37+00:00,2025-11-05 05:54:37,,,,,,,,,,19.6612492,0.0203124993,965.0,1045.93127,20.7250004,,,14.87,0.0,19.69,,,,,,0.0,,
2025-11-05 05:54:38+00:00,2025-11-05 05:54:38,,,,,,,,,,19.6612492,0.0203124993,965.0,1045.93127,20.7250004,,,14.87,0.0,19.69,,,,,,0.0,,
2025-11-05 05:54:39+00:00,2025-11-05 05:54:39,,,,,,,,,,19.6612492,0.015625,964.0,1046.09375,20.6625004,,,14.87,0.0,19.69,,,,,,0.0,,
2025-11-05 05:54:40+00:00,2025-11-05 05:54:40,24.6612492,18.0,18.0,28.0,28.0,18.401421134307768,308.0,BO_O2_RULE,"제어매트릭스 규칙 적용: O2_LOW (3단계 롤백, 4단계에서 Hz 변화 없음)",19.6612492,0.015625,964.0,1046.09375,20.6625004,,,14.87,0.0,19.69,,,,,,0.0,,
2025-11-05 05:54:41+00:00,2025-11-05 05:54:41,,,,,,,,,,19.6612492,0.00156250002,964.0,1044.0625,20.6000004,,,14.87,0.0,19.69,,,,,,0.0,,
2025-11-05 05:54:42+00:00,2025-11-05 05:54:42,,,,,,,,,,19.6612492,0.00156250002,964.0,1044.0625,20.6000004,,,14.87,0.0,19.85,,,,,,0.0,,
2025-11-05 05:54:43+00:00,2025-11-05 05:54:43,,,,,,,,,,19.6612492,0.00937500037,965.0,1043.73755,19.4375,,,14.87,0.0,19.85,,,,,,0.0,,
2025-11-05 05:54:44+00:00,2025-11-05 05:54:44,,,,,,,,,,19.6612492,0.00937500037,965.0,1043.73755,19.4375,,,14.87,0.0,19.85,,,,,,0.0,,
2025-11-05 05:54:45+00:00,2025-11-05 05:54:45,24.6612492,18.0,18.0,28.0,28.0,18.753703708810736,308.0,BO_O2_RULE,"제어매트릭스 규칙 적용: O2_LOW (3단계 롤백, 4단계에서 Hz 변화 없음)",19.6612492,0.0,966.0,1040.97498,19.2000008,,,14.87,0.0,19.85,,,,,,0.0,,
2025-11-05 05:54:46+00:00,2025-11-05 05:54:46,,,,,,,,,,19.6612492,0.0,966.0,1040.97498,19.2000008,,,14.87,0.0,19.85,,,,,,0.0,,
2025-11-05 05:54:47+00:00,2025-11-05 05:54:47,,,,,,,,,,19.6612492,0.0218749996,963.0,1042.4375,19.3875008,,,14.87,0.0,19.85,,,,,,0.0,,
2025-11-05 05:54:48+00:00,2025-11-05 05:54:48,,,,,,,,,,19.6612492,0.0218749996,963.0,1042.4375,19.3875008,,,14.87,0.0,19.85,,,,,,0.0,,
2025-11-05 05:54:49+00:00,2025-11-05 05:54:49,,,,,,,,,,19.6612492,0.0,963.0,1039.75623,19.3875008,,,14.87,0.0,19.85,,,,,,0.0,,
2025-11-05 05:54:50+00:00,2025-11-05 05:54:50,24.6612492,18.0,18.0,28.0,28.0,17.73921239848856,308.0,BO_O2_RULE,"제어매트릭스 규칙 적용: O2_LOW (3단계 롤백, 4단계에서 Hz 변화 없음)",19.6612492,0.0,963.0,1039.75623,19.3875008,,,14.87,0.0,19.85,,,,,,0.0,,
2025-11-05 05:54:51+00:00,2025-11-05 05:54:51,,,,,,,,,,19.6612492,0.0,962.0,1040.16248,19.2374992,,,14.87,0.0,19.85,,,,,,0.0,,
2025-11-05 05:54:52+00:00,2025-11-05 05:54:52,,,,,,,,,,19.6612492,0.0,964.0,1039.83752,19.4125004,,,14.87,0.0,18.78,,,,,,0.0,,
2025-11-05 05:54:53+00:00,2025-11-05 05:54:53,,,,,,,,,,19.6612492,0.0,964.0,1039.83752,19.4125004,,,14.87,0.0,18.78,,,,,,0.0,,
2025-11-05 05:54:54+00:00,2025-11-05 05:54:54,,,,,,,,,,19.6612492,0.0281249993,964.0,1039.83752,19.4750004,,,14.87,0.0,18.78,,,,,,0.0,,
2025-11-05 05:54:55+00:00,2025-11-05 05:54:55,20.0,20.0,20.0,20.0,20.0,,2.0,FALLBACK,Fallback Hz 사용: 20.0Hz (essential_range_violation),19.6612492,0.0281249993,964.0,1039.83752,19.4750004,,,14.87,0.0,18.78,,,,,,0.0,,
2025-11-05 05:54:56+00:00,2025-11-05 05:54:56,,,,,,,,,,19.6612492,0.0281249993,962.0,1040.0813,19.1625004,,,14.87,0.0,18.78,,,,,,0.0,,
2025-11-05 05:54:57+00:00,2025-11-05 05:54:57,,,,,,,,,,19.6612492,0.0171875004,962.0,1040.0813,19.1625004,,,14.87,0.0,18.78,,,,,,0.0,,
2025-11-05 05:54:58+00:00,2025-11-05 05:54:58,,,,,,,,,,19.6612492,0.0281249993,961.0,1038.86255,19.4375,,,14.87,0.0,18.78,,,,,,0.0,,
2025-11-05 05:54:59+00:00,2025-11-05 05:54:59,,,,,,,,,,19.6612492,0.0281249993,961.0,1038.86255,19.4375,,,14.87,0.0,18.78,,,,,,0.0,,
2025-11-05 05:55:00+00:00,2025-11-05 05:55:00,24.6612492,18.0,18.0,28.0,28.0,17.67551545971965,308.0,BO_O2_RULE,"제어매트릭스 규칙 적용: O2_LOW (3단계 롤백, 4단계에서 Hz 변화 없음)",19.6612492,0.0,962.0,1038.86255,18.9375,,3.0,14.87,0.0,18.78,,,,,,0.0,,
2025-11-05 05:55:01+00:00,2025-11-05 05:55:01,,,,,,,,,,19.6612492,0.0,962.0,1037.6438,18.9375,,,14.87,0.0,18.56,,,,,,0.0,,
2025-11-05 05:55:02+00:00,2025-11-05 05:55:02,,,,,,,,,,19.6612492,0.0,961.0,1037.6438,18.7124996,,,14.87,0.0,18.56,,,,,,0.0,,
2025-11-05 05:55:03+00:00,2025-11-05 05:55:03,,,,,,,,,,19.6612492,0.00625000009,961.0,1037.23755,18.625,,,14.87,0.0,18.56,,,,,,0.0,,
2025-11-05 05:55:04+00:00,2025-11-05 05:55:04,,,,,,,,,,19.6612492,0.00625000009,961.0,1037.23755,18.625,,,14.87,0.0,18.56,,,,,,0.0,,
2025-11-05 05:55:05+00:00,2025-11-05 05:55:05,20.0,20.0,20.0,20.0,20.0,,2.0,FALLBACK,Fallback Hz 사용: 20.0Hz (essential_range_violation),19.6612492,0.0203124993,962.0,1037.07495,18.6875,,,14.87,0.0,18.56,,,,,,0.0,,
2025-11-05 05:55:06+00:00,2025-11-05 05:55:06,,,,,,,,,,19.6612492,0.0203124993,962.0,1037.07495,18.6875,,,14.87,0.0,18.56,,,,,,0.0,,
2025-11-05 05:55:07+00:00,2025-11-05 05:55:07,,,,,,,,,,19.6612492,0.0234375,962.0,1036.26245,18.6499996,,,14.87,0.0,18.56,,,,,,0.0,,
2025-11-05 05:55:08+00:00,2025-11-05 05:55:08,,,,,,,,,,19.6612492,0.0,962.0,1035.2063,18.7250004,,,14.87,0.0,18.56,,,,,,0.0,,
2025-11-05 05:55:09+00:00,2025-11-05 05:55:09,,,,,,,,,,19.6612492,0.0,962.0,1035.2063,18.7250004,,,14.87,0.0,18.56,,,,,,0.0,,
2025-11-05 05:55:10+00:00,2025-11-05 05:55:10,24.6612492,18.0,18.0,28.0,28.0,17.185311441835278,308.0,BO_O2_RULE,"제어매트릭스 규칙 적용: O2_LOW (3단계 롤백, 4단계에서 Hz 변화 없음)",19.6612492,0.0,962.0,1034.3938,18.7875004,,,14.87,0.0,18.56,,,,,,0.0,,
2025-11-05 05:55:11+00:00,2025-11-05 05:55:11,,,,,,,,,,19.6612492,0.0234375,962.0,1033.82495,18.7875004,,,14.87,0.0,17.91,,,,,,0.0,,
2025-11-05 05:55:12+00:00,2025-11-05 05:55:12,,,,,,,,,,19.6612492,0.00625000009,963.0,1033.66248,18.8374996,,,14.87,0.0,17.91,,,,,,0.0,,
2025-11-05 05:55:13+00:00,2025-11-05 05:55:13,,,,,,,,,,19.6612492,0.00625000009,963.0,1033.66248,18.8374996,,,14.87,0.0,17.91,,,,,,0.0,,
2025-11-05 05:55:14+00:00,2025-11-05 05:55:14,,,,,,,,,,19.6612492,0.00156250002,962.0,1033.5,18.7000008,,,14.87,0.0,17.91,,,,,,0.0,,
2025-11-05 05:55:15+00:00,2025-11-05 05:55:15,24.6612492,18.0,18.0,28.0,28.0,17.6596071473385,308.0,BO_O2_RULE,"제어매트릭스 규칙 적용: O2_LOW (3단계 롤백, 4단계에서 Hz 변화 없음)",19.6612492,0.00156250002,962.0,1033.5,18.7000008,,,14.87,0.0,17.91,,,,,,0.0,,
2025-11-05 05:55:16+00:00,2025-11-05 05:55:16,,,,,,,,,,19.6612492,0.0,962.0,1034.2312,18.875,,,14.87,0.0,17.91,,,,,,0.0,,
2025-11-05 05:55:17+00:00,2025-11-05 05:55:17,,,,,,,,,,19.6612492,0.0,962.0,1034.2312,18.875,,,14.87,0.0,17.91,,,,,,0.0,,
2025-11-05 05:55:18+00:00,2025-11-05 05:55:18,,,,,,,,,,19.6612492,0.0203124993,962.0,1031.9563,19.0249996,,,14.87,0.0,17.91,,,,,,0.0,,
2025-11-05 05:55:19+00:00,2025-11-05 05:55:19,,,,,,,,,,19.6612492,0.0234375,961.0,1032.28125,18.9624996,,,14.87,0.0,17.91,,,,,,0.0,,
2025-11-05 05:55:20+00:00,2025-11-05 05:55:20,20.0,20.0,20.0,20.0,20.0,,2.0,FALLBACK,Fallback Hz 사용: 20.0Hz (essential_range_violation),19.6612492,0.0234375,961.0,1032.28125,18.9624996,,,14.87,0.0,17.91,,,,,,0.0,,
2025-11-05 05:55:21+00:00,2025-11-05 05:55:21,,,,,,,,,,19.6612492,0.0203124993,962.0,1031.1438,18.6124992,,,14.87,0.0,18.22,,,,,,0.0,,
2025-11-05 05:55:22+00:00,2025-11-05 05:55:22,,,,,,,,,,19.6612492,0.0265625007,961.0,1030.9812,18.7000008,,,14.87,0.0,18.22,,,,,,0.0,,
2025-11-05 05:55:23+00:00,2025-11-05 05:55:23,,,,,,,,,,19.6612492,0.0171875004,963.0,1028.78748,18.4375,,,14.87,0.0,18.22,,,,,,0.0,,
2025-11-05 05:55:24+00:00,2025-11-05 05:55:24,,,,,,,,,,19.6612492,0.0171875004,963.0,1028.78748,18.4375,,,14.87,0.0,18.22,,,,,,0.0,,
2025-11-05 05:55:25+00:00,2025-11-05 05:55:25,24.6612492,18.0,18.0,28.0,28.0,17.41477326779806,308.0,BO_O2_RULE,"제어매트릭스 규칙 적용: O2_LOW (3단계 롤백, 4단계에서 Hz 변화 없음)",19.6612492,0.0171875004,961.0,1028.86877,18.8125,,,14.87,0.0,18.22,,,,,,0.0,,
2025-11-05 05:55:26+00:00,2025-11-05 05:55:26,,,,,,,,,,19.6612492,0.0171875004,963.0,1028.13745,18.9125004,,,14.87,0.0,18.22,,,,,,0.0,,
2025-11-05 05:55:27+00:00,2025-11-05 05:55:27,,,,,,,,,,19.6612492,0.0171875004,963.0,1028.13745,18.9125004,,,14.87,0.0,18.22,,,,,,0.0,,
2025-11-05 05:55:28+00:00,2025-11-05 05:55:28,,,,,,,,,,19.6612492,0.0171875004,963.0,1028.13745,18.5125008,,,14.87,0.0,18.22,,,,,,0.0,,
2025-11-05 05:55:29+00:00,2025-11-05 05:55:29,,,,,,,,,,19.6612492,0.0171875004,963.0,1027.0,18.5125008,,,14.87,0.0,18.22,,,,,,0.0,,
2025-11-05 05:55:30+00:00,2025-11-05 05:55:30,24.6612492,18.0,18.0,28.0,28.0,18.037458969109167,308.0,BO_O2_RULE,"제어매트릭스 규칙 적용: O2_LOW (3단계 롤백, 4단계에서 Hz 변화 없음)",19.6612492,0.0203124993,962.0,1027.0,19.4125004,,,14.87,0.0,18.34,,,,,,0.0,,
2025-11-05 05:55:31+00:00,2025-11-05 05:55:31,,,,,,,,,,19.6612492,0.0203124993,962.0,1027.32495,19.4125004,,,14.87,0.0,18.34,,,,,,0.0,,
2025-11-05 05:55:32+00:00,2025-11-05 05:55:32,,,,,,,,,,19.6612492,0.0125000002,961.0,1028.46252,19.6749992,,,14.87,0.0,18.34,,,,,,0.0,,
2025-11-05 05:55:33+00:00,2025-11-05 05:55:33,,,,,,,,,,19.6612492,0.0125000002,961.0,1028.46252,19.6749992,,,14.87,0.0,18.34,,,,,,0.0,,
2025-11-05 05:55:34+00:00,2025-11-05 05:55:34,,,,,,,,,,19.6612492,0.015625,961.0,1028.46252,19.4500008,,,14.87,0.0,18.34,,,,,,0.0,,
2025-11-05 05:55:35+00:00,2025-11-05 05:55:35,24.6612492,18.0,18.0,28.0,28.0,19.035858264670644,308.0,BO_O2_RULE,"제어매트릭스 규칙 적용: O2_LOW (3단계 롤백, 4단계에서 Hz 변화 없음)",19.6612492,0.015625,961.0,1025.13123,19.4500008,,,14.87,0.0,18.34,,,,,,0.0,,
2025-11-05 05:55:36+00:00,2025-11-05 05:55:36,,,,,,,,,,19.6612492,0.0,961.0,1025.13123,20.5750008,,,14.87,0.0,18.34,,,,,,0.0,,
2025-11-05 05:55:37+00:00,2025-11-05 05:55:37,,,,,,,,,,19.6612492,0.0,960.0,1024.6438,20.8374996,,,14.87,0.0,18.34,,,,,,0.0,,
2025-11-05 05:55:38+00:00,2025-11-05 05:55:38,,,,,,,,,,19.6612492,0.0187500007,960.0,1024.6438,20.8374996,,,14.87,0.0,18.34,,,,,,0.0,,
2025-11-05 05:55:39+00:00,2025-11-05 05:55:39,,,,,,,,,,19.6612492,0.0187500007,961.0,1024.80627,20.3374996,,,14.87,0.0,18.34,,,,,,0.0,,
2025-11-05 05:55:40+00:00,2025-11-05 05:55:40,20.0,20.0,20.0,20.0,20.0,,2.0,FALLBACK,Fallback Hz 사용: 20.0Hz (essential_range_violation),19.6612492,0.0140624996,960.0,1023.75,15.7749996,,,14.87,0.0,19.81,,,,,,0.0,,
2025-11-05 05:55:41+00:00,2025-11-05 05:55:41,,,,,,,,,,19.6612492,0.0140624996,960.0,1023.75,15.7749996,,,14.87,0.0,19.81,,,,,,0.0,,
2025-11-05 05:55:42+00:00,2025-11-05 05:55:42,,,,,,,,,,19.6612492,0.0140624996,960.0,1023.09998,15.75,,,14.87,0.0,19.81,,,,,,0.0,,
2025-11-05 05:55:43+00:00,2025-11-05 05:55:43,,,,,,,,,,19.6612492,0.0203124993,960.0,1020.41876,15.6999998,,,14.87,0.0,19.81,,,,,,0.0,,
2025-11-05 05:55:44+00:00,2025-11-05 05:55:44,,,,,,,,,,19.6612492,0.0203124993,960.0,1020.41876,15.6999998,,,14.87,0.0,19.81,,,,,,0.0,,
2025-11-05 05:55:45+00:00,2025-11-05 05:55:45,24.6612492,18.0,18.0,28.0,28.0,14.366333428125412,308.0,BO_O2_RULE,"제어매트릭스 규칙 적용: O2_LOW (3단계 롤백, 4단계에서 Hz 변화 없음)",19.6612492,0.0203124993,961.0,1021.47498,15.5749998,,,14.87,0.0,19.81,,,,,,0.0,,
2025-11-05 05:55:47+00:00,2025-11-05 05:55:47,,,,,,,,,,19.6612492,0.0203124993,961.0,1021.47498,15.5749998,,,14.87,0.0,19.81,,,,,,0.0,,
2025-11-05 05:55:48+00:00,2025-11-05 05:55:48,,,,,,,,,,19.6612492,0.0250000004,960.0,1020.82501,15.5625,,,14.87,0.0,19.81,,,,,,0.0,,
2025-11-05 05:55:49+00:00,2025-11-05 05:55:49,,,,,,,,,,19.6612492,0.0250000004,960.0,1020.82501,15.5625,,,14.87,0.0,19.81,,,,,,0.0,,
2025-11-05 05:55:50+00:00,2025-11-05 05:55:50,24.6612492,18.0,18.0,28.0,28.0,14.352806958632751,308.0,BO_O2_RULE,"제어매트릭스 규칙 적용: O2_LOW (3단계 롤백, 4단계에서 Hz 변화 없음)",19.6612492,0.0171875004,958.0,1021.39374,15.5874996,,,14.87,0.0,19.81,,,,,,0.0,,
2025-11-05 05:55:51+00:00,2025-11-05 05:55:51,,,,,,,,,,19.6612492,0.0171875004,958.0,1021.39374,15.5874996,,,14.87,0.0,19.81,,,,,,0.0,,
2025-11-05 05:55:52+00:00,2025-11-05 05:55:52,,,,,,,,,,19.6612492,0.00156250002,958.0,1018.79376,15.5874996,,,14.87,0.0,14.88,,,,,,0.0,,
2025-11-05 05:55:53+00:00,2025-11-05 05:55:53,,,,,,,,,,19.6612492,0.00156250002,958.0,1018.79376,15.5874996,,,14.87,0.0,14.88,,,,,,0.0,,
2025-11-05 05:55:54+00:00,2025-11-05 05:55:54,,,,,,,,,,19.6612492,0.00156250002,959.0,1017.08752,15.7375002,,,14.87,0.0,14.88,,,,,,0.0,,
2025-11-05 05:55:55+00:00,2025-11-05 05:55:55,24.6612492,18.0,18.0,28.0,28.0,14.479490420746728,308.0,BO_O2_RULE,"제어매트릭스 규칙 적용: O2_LOW (3단계 롤백, 4단계에서 Hz 변화 없음)",19.6612492,0.00625000009,959.0,1017.08752,15.7375002,,,14.87,0.0,14.88,,,,,,0.0,,
2025-11-05 05:55:56+00:00,2025-11-05 05:55:56,,,,,,,,,,19.6612492,0.00625000009,958.0,1015.95001,15.8249998,,,14.87,0.0,14.88,,,,,,0.0,,
2025-11-05 05:55:57+00:00,2025-11-05 05:55:57,,,,,,,,,,19.6612492,0.00625000009,959.0,1016.59998,15.8374996,,,14.87,0.0,14.88,,,,,,0.0,,
2025-11-05 05:55:58+00:00,2025-11-05 05:55:58,,,,,,,,,,19.6612492,0.00625000009,959.0,1016.59998,15.8374996,,,14.87,0.0,14.88,,,,,,0.0,,
2025-11-05 05:55:59+00:00,2025-11-05 05:55:59,,,,,,,,,,19.6612492,0.00625000009,959.0,1014.56873,15.75,,,14.87,0.0,14.88,,,,,,0.0,,
2025-11-05 05:56:00+00:00,2025-11-05 05:56:00,24.6612492,18.0,18.0,28.0,28.0,15.628429603752348,308.0,BO_O2_RULE,"제어매트릭스 규칙 적용: O2_LOW (3단계 롤백, 4단계에서 Hz 변화 없음)",19.6612492,0.0265625007,958.0,1015.21875,15.9375,,3.0,14.87,0.0,14.88,,,,,,0.0,,
2025-11-05 05:56:01+00:00,2025-11-05 05:56:01,,,,,,,,,,19.6612492,0.0265625007,958.0,1015.21875,15.9375,,,14.87,0.0,14.88,,,,,,0.0,,
2025-11-05 05:56:02+00:00,2025-11-05 05:56:02,,,,,,,,,,19.6612492,0.0125000002,959.0,1014.08124,16.0499992,,,14.87,0.0,15.34,,,,,,0.0,,
2025-11-05 05:56:03+00:00,2025-11-05 05:56:03,,,,,,,,,,19.6612492,0.0125000002,959.0,1014.08124,16.0499992,,,14.87,0.0,15.34,,,,,,0.0,,
2025-11-05 05:56:04+00:00,2025-11-05 05:56:04,,,,,,,,,,19.6612492,0.0234375,959.0,1014.8125,16.3374996,,,14.87,0.0,15.34,,,,,,0.0,,
2025-11-05 05:56:05+00:00,2025-11-05 05:56:05,24.6612492,18.0,18.0,28.0,28.0,15.951521657862799,308.0,BO_O2_RULE,"제어매트릭스 규칙 적용: O2_LOW (3단계 롤백, 4단계에서 Hz 변화 없음)",19.6612492,0.0234375,959.0,1014.8125,16.3374996,,,14.87,0.0,15.34,,,,,,0.0,,
2025-11-05 05:56:06+00:00,2025-11-05 05:56:06,,,,,,,,,,19.6612492,0.0078125,959.0,1012.53748,14.1374998,,,14.87,0.0,15.34,,,,,,0.0,,
2025-11-05 05:56:07+00:00,2025-11-05 05:56:07,,,,,,,,,,19.6612492,0.0078125,959.0,1012.53748,14.1374998,,,14.87,0.0,15.34,,,,,,0.0,,
2025-11-05 05:56:08+00:00,2025-11-05 05:56:08,,,,,,,,,,19.6612492,0.0078125,959.0,1010.91248,13.9375,,,14.87,0.0,15.34,,,,,,0.0,,
2025-11-05 05:56:09+00:00,2025-11-05 05:56:09,,,,,,,,,,19.6612492,0.0078125,959.0,1010.91248,13.9375,,,14.87,0.0,15.34,,,,,,0.0,,
2025-11-05 05:56:10+00:00,2025-11-05 05:56:10,24.6612492,18.0,18.0,28.0,28.0,13.691978499592143,308.0,BO_O2_RULE,"제어매트릭스 규칙 적용: O2_LOW (3단계 롤백, 4단계에서 Hz 변화 없음)",19.6612492,0.0078125,959.0,1010.99377,13.9750004,,,14.87,0.0,15.34,,,,,,0.0,,
2025-11-05 05:56:11+00:00,2025-11-05 05:56:11,,,,,,,,,,19.6612492,0.0250000004,959.0,1010.99377,13.9750004,,,14.87,0.0,13.49,,,,,,0.0,,
2025-11-05 05:56:12+00:00,2025-11-05 05:56:12,,,,,,,,,,19.6612492,0.0250000004,959.0,1010.99377,13.9750004,,,14.87,0.0,13.49,,,,,,0.0,,
2025-11-05 05:56:13+00:00,2025-11-05 05:56:13,,,,,,,,,,19.6612492,0.0250000004,961.0,1011.15625,14.0500002,,,14.87,0.0,13.49,,,,,,0.0,,
2025-11-05 05:56:14+00:00,2025-11-05 05:56:14,,,,,,,,,,19.6612492,0.0234375,961.0,1010.09998,14.4499998,,,14.87,0.0,13.49,,,,,,0.0,,
2025-11-05 05:56:15+00:00,2025-11-05 05:56:15,24.6612492,18.0,18.0,28.0,28.0,14.823298517264462,308.0,BO_O2_RULE,"제어매트릭스 규칙 적용: O2_LOW (3단계 롤백, 4단계에서 Hz 변화 없음)",19.6612492,0.0234375,961.0,1010.09998,14.4499998,,,14.87,0.0,13.49,,,,,,0.0,,
2025-11-05 05:56:16+00:00,2025-11-05 05:56:16,,,,,,,,,,19.6612492,0.0,959.0,1010.01874,14.375,,,14.87,0.0,13.49,,,,,,0.0,,
2025-11-05 05:56:17+00:00,2025-11-05 05:56:17,,,,,,,,,,19.6612492,0.0,959.0,1010.01874,14.375,,,14.87,0.0,13.49,,,,,,0.0,,
2025-11-05 05:56:18+00:00,2025-11-05 05:56:18,,,,,,,,,,19.6612492,0.0296874996,960.0,1008.71875,14.8625002,,,14.87,0.0,13.49,,,,,,0.0,,
2025-11-05 05:56:19+00:00,2025-11-05 05:56:19,,,,,,,,,,19.6612492,0.0296874996,960.0,1008.71875,14.8625002,,,14.87,0.0,13.49,,,,,,0.0,,
2025-11-05 05:56:20+00:00,2025-11-05 05:56:20,24.6612492,18.0,18.0,28.0,28.0,15.655671099348972,308.0,BO_O2_RULE,"제어매트릭스 규칙 적용: O2_LOW (3단계 롤백, 4단계에서 Hz 변화 없음)",19.6612492,0.0203124993,960.0,1008.71875,15.1374998,,,14.87,0.0,13.49,,,,,,0.0,,
2025-11-05 05:56:21+00:00,2025-11-05 05:56:21,,,,,,,,,,19.6612492,0.0203124993,960.0,1008.71875,15.1374998,,,14.87,0.0,13.49,,,,,,0.0,,
2025-11-05 05:56:22+00:00,2025-11-05 05:56:22,,,,,,,,,,19.6612492,0.0203124993,962.0,1008.23126,14.8374996,,,14.87,0.0,14.06,,,,,,0.0,,
2025-11-05 05:56:23+00:00,2025-11-05 05:56:23,,,,,,,,,,19.6612492,0.0250000004,962.0,1008.23126,14.8374996,,,14.87,0.0,14.06,,,,,,0.0,,
2025-11-05 05:56:24+00:00,2025-11-05 05:56:24,,,,,,,,,,19.6612492,0.0250000004,962.0,1008.06873,14.8000002,,,14.87,0.0,14.06,,,,,,0.0,,
2025-11-05 05:56:25+00:00,2025-11-05 05:56:25,24.6612492,18.0,18.0,28.0,28.0,15.927332093543992,308.0,BO_O2_RULE,"제어매트릭스 규칙 적용: O2_LOW (3단계 롤백, 4단계에서 Hz 변화 없음)",19.6612492,0.0281249993,961.0,1008.39374,15.125,,,14.87,0.0,14.06,,,,,,0.0,,
2025-11-05 05:56:26+00:00,2025-11-05 05:56:26,,,,,,,,,,19.6612492,0.0281249993,961.0,1008.39374,15.125,,,14.87,0.0,14.06,,,,,,0.0,,
2025-11-05 05:56:27+00:00,2025-11-05 05:56:27,,,,,,,,,,19.6612492,0.0,961.0,1006.52502,13.8999996,,,14.87,0.0,14.06,,,,,,0.0,,
2025-11-05 05:56:28+00:00,2025-11-05 05:56:28,,,,,,,,,,19.6612492,0.0187500007,961.0,1006.76874,14.0749998,,,14.87,0.0,14.06,,,,,,0.0,,
2025-11-05 05:56:29+00:00,2025-11-05 05:56:29,,,,,,,,,,19.6612492,0.0187500007,961.0,1006.76874,14.0749998,,,14.87,0.0,14.06,,,,,,0.0,,
2025-11-05 05:56:30+00:00,2025-11-05 05:56:30,24.6612492,18.0,18.0,28.0,28.0,15.424977617297587,308.0,BO_O2_RULE,"제어매트릭스 규칙 적용: O2_LOW (3단계 롤백, 4단계에서 Hz 변화 없음)",19.6612492,0.00468750019,961.0,1004.33124,13.7250004,,,14.87,0.0,14.06,,,,,,0.0,,
2025-11-05 05:56:31+00:00,2025-11-05 05:56:31,,,,,,,,,,19.6612492,0.0,962.0,1005.22498,13.8999996,,,14.87,0.0,14.06,,,,,,0.0,,
2025-11-05 05:56:32+00:00,2025-11-05 05:56:32,,,,,,,,,,19.6612492,0.0,962.0,1005.22498,13.8999996,,,14.87,0.0,13.04,,,,,,0.0,,
2025-11-05 05:56:33+00:00,2025-11-05 05:56:33,,,,,,,,,,19.6612492,0.0125000002,963.0,1004.33124,13.7375002,,,14.87,0.0,13.04,,,,,,0.0,,
2025-11-05 05:56:34+00:00,2025-11-05 05:56:34,,,,,,,,,,19.6612492,0.0125000002,963.0,1004.33124,13.7375002,,,14.87,0.0,13.04,,,,,,0.0,,
2025-11-05 05:56:35+00:00,2025-11-05 05:56:35,24.6612492,18.0,18.0,28.0,28.0,15.610773224456178,308.0,BO_O2_RULE,"제어매트릭스 규칙 적용: O2_LOW (3단계 롤백, 4단계에서 Hz 변화 없음)",19.6612492,0.03125,962.0,1003.11249,13.9624996,,,14.87,0.0,13.04,,,,,,0.0,,
2025-11-05 05:56:36+00:00,2025-11-05 05:56:36,,,,,,,,,,19.6612492,0.03125,962.0,1003.11249,13.9624996,,,14.87,0.0,13.04,,,,,,0.0,,
2025-11-05 05:56:37+00:00,2025-11-05 05:56:37,,,,,,,,,,19.6612492,0.0,962.0,1003.4375,14.3000002,,,14.87,0.0,13.04,,,,,,0.0,,
2025-11-05 05:56:38+00:00,2025-11-05 05:56:38,,,,,,,,,,19.6612492,0.0,962.0,1003.4375,14.3000002,,,14.87,0.0,13.04,,,,,,0.0,,
2025-11-05 05:56:39+00:00,2025-11-05 05:56:39,,,,,,,,,,19.6612492,0.0,962.0,1001.08124,14.2624998,,,14.87,0.0,13.04,,,,,,0.0,,
2025-11-05 05:56:40+00:00,2025-11-05 05:56:40,24.6612492,18.0,18.0,28.0,28.0,16.50152663353349,308.0,BO_O2_RULE,"제어매트릭스 규칙 적용: O2_LOW (3단계 롤백, 4단계에서 Hz 변화 없음)",19.6612492,0.0,962.0,1001.56873,14.1125002,,,14.87,0.0,13.72,,,,,,0.0,,
2025-11-05 05:56:41+00:00,2025-11-05 05:56:41,,,,,,,,,,19.6612492,0.0,962.0,1001.97498,14.5500002,,,14.87,0.0,13.72,,,,,,0.0,,
2025-11-05 05:56:42+00:00,2025-11-05 05:56:42,,,,,,,,,,19.6612492,0.0,961.0,1001.0,14.6499996,,,14.87,0.0,13.72,,,,,,0.0,,
2025-11-05 05:56:43+00:00,2025-11-05 05:56:43,,,,,,,,,,19.6612492,0.0,961.0,1001.0,14.6499996,,,14.87,0.0,13.72,,,,,,0.0,,
2025-11-05 05:56:44+00:00,2025-11-05 05:56:44,,,,,,,,,,19.6612492,0.0109374998,962.0,1000.83752,14.5500002,,,14.87,0.0,13.72,,,,,,0.0,,
2025-11-05 05:56:45+00:00,2025-11-05 05:56:45,20.0,20.0,20.0,20.0,20.0,,2.0,FALLBACK,Fallback Hz 사용: 20.0Hz (essential_range_violation),19.6612492,0.0281249993,963.0,1001.40625,13.1374998,,,14.87,0.0,13.72,,,,,,0.0,,
2025-11-05 05:56:46+00:00,2025-11-05 05:56:46,,,,,,,,,,19.6612492,0.0,962.0,1001.08124,13.0625,,,14.87,0.0,13.72,,,,,,0.0,,
2025-11-05 05:56:47+00:00,2025-11-05 05:56:47,,,,,,,,,,19.6612492,0.0,962.0,1001.08124,13.0625,,,14.87,0.0,13.72,,,,,,0.0,,
2025-11-05 05:56:48+00:00,2025-11-05 05:56:48,,,,,,,,,,19.6612492,0.0,961.0,1002.13751,13.2749996,,,14.87,0.0,13.72,,,,,,0.0,,
2025-11-05 05:56:49+00:00,2025-11-05 05:56:49,,,,,,,,,,19.6612492,5.20625019,961.0,1002.13751,13.2749996,,,14.87,0.0,13.72,,,,,,0.0,,
2025-11-05 05:56:50+00:00,2025-11-05 05:56:50,20.0,20.0,20.0,20.0,20.0,,2.0,FALLBACK,Fallback Hz 사용: 20.0Hz (essential_range_violation),19.6612492,5.20625019,961.0,1002.78748,13.5625,,,14.87,0.0,12.59,,,,,,0.0,,
2025-11-05 05:56:51+00:00,2025-11-05 05:56:51,,,,,,,,,,19.6612492,6.04374981,964.0,1003.59998,13.3374996,,,14.87,0.0,12.59,,,,,,0.0,,
2025-11-05 05:56:52+00:00,2025-11-05 05:56:52,,,,,,,,,,19.6612492,6.04374981,964.0,1003.59998,13.3374996,,,14.87,0.0,12.59,,,,,,0.0,,
2025-11-05 05:56:53+00:00,2025-11-05 05:56:53,,,,,,,,,,19.6612492,5.828125,964.0,1003.35626,13.3374996,,,14.87,0.0,12.59,,,,,,0.0,,
2025-11-05 05:56:54+00:00,2025-11-05 05:56:54,,,,,,,,,,19.6612492,5.828125,964.0,1003.35626,13.5500002,,,14.87,0.0,12.59,,,,,,0.0,,
2025-11-05 05:56:55+00:00,2025-11-05 05:56:55,24.0,24.0,24.0,24.0,24.0,13.977764177831924,100.0,BO_ONLY,"BO 모델 결과만 사용 (1단계 롤백, 2~4단계에서 Hz 변화 없음)",19.6612492,5.7484374,963.0,1004.49377,13.5500002,,,14.87,0.0,12.59,,,,,,0.0,,
2025-11-05 05:56:56+00:00,2025-11-05 05:56:56,,,,,,,,,,19.6612492,5.7484374,963.0,1004.49377,13.6625004,,,14.87,0.0,12.59,,,,,,0.0,,
2025-11-05 05:56:57+00:00,2025-11-05 05:56:57,,,,,,,,,,19.6612492,5.5406251,965.0,1005.875,13.5874996,,,14.87,0.0,12.59,,,,,,0.0,,
2025-11-05 05:56:58+00:00,2025-11-05 05:56:58,,,,,,,,,,19.6612492,5.5406251,965.0,1005.875,13.5874996,,,14.87,0.0,12.59,,,,,,0.0,,
2025-11-05 05:56:59+00:00,2025-11-05 05:56:59,,,,,,,,,,19.6612492,5.2421875,965.0,1007.09375,13.75,,,14.87,0.0,12.59,,,,,,0.0,,
2025-11-05 05:57:00+00:00,2025-11-05 05:57:00,24.0,24.0,24.0,24.0,24.0,13.732205993948497,100.0,BO_ONLY,"BO 모델 결과만 사용 (1단계 롤백, 2~4단계에서 Hz 변화 없음)",19.6612492,5.1484375,965.0,1008.79999,14.1000004,,3.0,14.87,0.0,12.59,,,,,,0.0,,
2025-11-05 05:57:01+00:00,2025-11-05 05:57:01,,,,,,,,,,19.6612492,5.1484375,965.0,1008.79999,14.1000004,,,14.87,0.0,13.26,,,,,,0.0,,
2025-11-05 05:57:02+00:00,2025-11-05 05:57:02,,,,,,,,,,19.6612492,4.734375,965.0,1008.71875,14.2375002,,,14.87,0.0,13.26,,,,,,0.0,,
2025-11-05 05:57:03+00:00,2025-11-05 05:57:03,,,,,,,,,,19.6612492,4.734375,965.0,1008.71875,14.2375002,,,14.87,0.0,13.26,,,,,,0.0,,
2025-11-05 05:57:04+00:00,2025-11-05 05:57:04,,,,,,,,,,19.6612492,4.3140626,966.0,1008.47498,14.0625,,,14.87,0.0,13.26,,,,,,0.0,,
2025-11-05 05:57:05+00:00,2025-11-05 05:57:05,23.0,23.0,23.0,23.0,23.0,13.505403867581657,100.0,BO_ONLY,"BO 모델 결과만 사용 (1단계 롤백, 2~4단계에서 Hz 변화 없음)",19.6612492,4.3140626,966.0,1008.47498,14.0625,,,14.87,0.0,13.26,,,,,,0.0,,
2025-11-05 05:57:06+00:00,2025-11-05 05:57:06,,,,,,,,,,19.6612492,3.84843755,966.0,1008.71875,13.7250004,,,14.87,0.0,13.26,,,,,,0.0,,
2025-11-05 05:57:07+00:00,2025-11-05 05:57:07,,,,,,,,,,19.6612492,3.52031255,965.0,1009.36877,13.9750004,,,14.87,0.0,13.26,,,,,,0.0,,
2025-11-05 05:57:08+00:00,2025-11-05 05:57:08,,,,,,,,,,19.6612492,3.52031255,965.0,1009.36877,13.9750004,,,14.87,0.0,13.26,,,,,,0.0,,
2025-11-05 05:57:09+00:00,2025-11-05 05:57:09,,,,,,,,,,19.6612492,3.0328126,965.0,1011.07501,13.9750004,,,14.87,0.0,13.26,,,,,,0.0,,
2025-11-05 05:57:10+00:00,2025-11-05 05:57:10,21.0,21.0,21.0,21.0,21.0,13.477259219695835,100.0,BO_ONLY,"BO 모델 결과만 사용 (1단계 롤백, 2~4단계에서 Hz 변화 없음)",19.6612492,2.82500005,964.0,1011.5625,13.9125004,,,14.87,0.0,13.26,,,,,,0.0,,
2025-11-05 05:57:11+00:00,2025-11-05 05:57:11,,,,,,,,,,19.6612492,2.82500005,964.0,1011.5625,13.9125004,,,14.87,0.0,13.29,,,,,,0.0,,
2025-11-05 05:57:12+00:00,2025-11-05 05:57:12,,,,,,,,,,19.6612492,2.3921876,966.0,1012.70001,13.9624996,,,14.87,0.0,13.29,,,,,,0.0,,
2025-11-05 05:57:13+00:00,2025-11-05 05:57:13,,,,,,,,,,19.6612492,2.3921876,966.0,1012.70001,13.9624996,,,14.87,0.0,13.29,,,,,,0.0,,
2025-11-05 05:57:14+00:00,2025-11-05 05:57:14,,,,,,,,,,19.6612492,1.98281252,965.0,1014.32501,13.8249998,,,14.87,0.0,13.29,,,,,,0.0,,
2025-11-05 05:57:15+00:00,2025-11-05 05:57:15,19.0,19.0,19.0,19.0,19.0,13.15544960281029,100.0,BO_ONLY,"BO 모델 결과만 사용 (1단계 롤백, 2~4단계에서 Hz 변화 없음)",19.6612492,1.98281252,965.0,1014.32501,13.8249998,,,14.87,0.0,13.29,,,,,,0.0,,
2025-11-05 05:57:16+00:00,2025-11-05 05:57:16,,,,,,,,,,19.6612492,1.64374995,965.0,1014.08124,13.5500002,,,14.87,0.0,13.29,,,,,,0.0,,
2025-11-05 05:57:17+00:00,2025-11-05 05:57:17,,,,,,,,,,19.6612492,1.64374995,965.0,1014.08124,13.5500002,,,14.87,0.0,13.29,,,,,,0.0,,
2025-11-05 05:57:18+00:00,2025-11-05 05:57:18,,,,,,,,,,19.6612492,1.36406255,965.0,1014.89374,13.6374998,,,14.87,0.0,13.29,,,,,,0.0,,
2025-11-05 05:57:19+00:00,2025-11-05 05:57:19,,,,,,,,,,19.6612492,1.29843748,965.0,1014.24377,13.5500002,,,14.87,0.0,13.29,,,,,,0.0,,
2025-11-05 05:57:20+00:00,2025-11-05 05:57:20,24.6612492,18.0,18.0,28.0,28.0,14.12418707805577,308.0,BO_O2_RULE,"제어매트릭스 규칙 적용: O2_LOW (3단계 롤백, 4단계에서 Hz 변화 없음)",19.6612492,1.29843748,965.0,1014.24377,13.5500002,,,14.87,0.0,13.0,,,,,,0.0,,
2025-11-05 05:57:21+00:00,2025-11-05 05:57:21,,,,,,,,,,19.6612492,1.21562505,965.0,1015.38123,13.9624996,,,14.87,0.0,13.0,,,,,,0.0,,
2025-11-05 05:57:22+00:00,2025-11-05 05:57:22,,,,,,,,,,19.6612492,1.21562505,965.0,1015.38123,13.9624996,,,14.87,0.0,13.0,,,,,,0.0,,
2025-11-05 05:57:23+00:00,2025-11-05 05:57:23,,,,,,,,,,19.6612492,1.24687505,964.0,1017.33124,13.875,,,14.87,0.0,13.0,,,,,,0.0,,
2025-11-05 05:57:24+00:00,2025-11-05 05:57:24,,,,,,,,,,19.6612492,1.27656245,965.0,1018.14374,13.8249998,,,14.87,0.0,13.0,,,,,,0.0,,
2025-11-05 05:57:25+00:00,2025-11-05 05:57:25,24.6612492,18.0,18.0,28.0,28.0,13.437076328353328,308.0,BO_O2_RULE,"제어매트릭스 규칙 적용: O2_LOW (3단계 롤백, 4단계에서 Hz 변화 없음)",19.6612492,1.31718755,964.0,1019.52502,14.5249996,,,14.87,0.0,13.0,,,,,,0.0,,
2025-11-05 05:57:27+00:00,2025-11-05 05:57:27,,,,,,,,,,19.6612492,1.31718755,964.0,1019.52502,14.5249996,,,14.87,0.0,13.0,,,,,,0.0,,
2025-11-05 05:57:28+00:00,2025-11-05 05:57:28,,,,,,,,,,19.6612492,1.42343748,965.0,1021.47498,14.5749998,,,14.87,0.0,13.0,,,,,,0.0,,
2025-11-05 05:57:29+00:00,2025-11-05 05:57:29,,,,,,,,,,19.6612492,1.453125,964.0,1020.74377,14.6374998,,,14.87,0.0,13.0,,,,,,0.0,,
2025-11-05 05:57:30+00:00,2025-11-05 05:57:30,24.6612492,18.0,18.0,28.0,28.0,13.709383063015057,308.0,BO_O2_RULE,"제어매트릭스 규칙 적용: O2_LOW (3단계 롤백, 4단계에서 Hz 변화 없음)",19.6612492,1.453125,964.0,1020.74377,14.6374998,,,14.87,0.0,13.0,,,,,,0.0,,
2025-11-05 05:57:31+00:00,2025-11-05 05:57:31,,,,,,,,,,19.6612492,1.59531248,965.0,1021.47498,14.6374998,,,14.87,0.0,13.0,,,,,,0.0,,
2025-11-05 05:57:32+00:00,2025-11-05 05:57:32,,,,,,,,,,19.6612492,1.59531248,965.0,1021.47498,14.8125,,,14.87,0.0,13.82,,,,,,0.0,,
2025-11-05 05:57:33+00:00,2025-11-05 05:57:33,,,,,,,,,,19.6612492,1.75156248,965.0,1021.55627,14.8874998,,,14.87,0.0,13.82,,,,,,0.0,,
2025-11-05 05:57:34+00:00,2025-11-05 05:57:34,,,,,,,,,,19.6612492,1.75156248,965.0,1021.55627,14.8874998,,,14.87,0.0,13.82,,,,,,0.0,,
2025-11-05 05:57:35+00:00,2025-11-05 05:57:35,24.6612492,18.0,18.0,28.0,28.0,13.380818809022095,308.0,BO_O2_RULE,"제어매트릭스 규칙 적용: O2_LOW (3단계 롤백, 4단계에서 Hz 변화 없음)",19.6612492,1.95156252,968.0,1022.9375,15.0874996,,,14.87,0.0,13.82,,,,,,0.0,,
2025-11-05 05:57:36+00:00,2025-11-05 05:57:36,,,,,,,,,,19.6612492,2.0171876,966.0,1023.58752,14.5874996,,,14.87,0.0,13.82,,,,,,0.0,,
2025-11-05 05:57:37+00:00,2025-11-05 05:57:37,,,,,,,,,,19.6612492,2.09375,967.0,1023.75,14.25,,,14.87,0.0,13.82,,,,,,0.0,,
2025-11-05 05:57:38+00:00,2025-11-05 05:57:38,,,,,,,,,,19.6612492,2.09375,967.0,1023.75,14.25,,,14.87,0.0,13.82,,,,,,0.0,,
2025-11-05 05:57:39+00:00,2025-11-05 05:57:39,,,,,,,,,,19.6612492,2.27812505,966.0,1024.80627,14.7749996,,,14.87,0.0,13.82,,,,,,0.0,,
2025-11-05 05:57:40+00:00,2025-11-05 05:57:40,24.6612492,18.0,18.0,28.0,28.0,13.524262019594632,308.0,BO_O2_RULE,"제어매트릭스 규칙 적용: O2_LOW (3단계 롤백, 4단계에서 Hz 변화 없음)",19.6612492,2.27812505,966.0,1024.80627,14.7749996,,,14.87,0.0,13.82,,,,,,0.0,,
2025-11-05 05:57:41+00:00,2025-11-05 05:57:41,,,,,,,,,,19.6612492,2.4359374,967.0,1025.61877,13.8249998,,,14.87,0.0,13.82,,,,,,0.0,,
2025-11-05 05:57:42+00:00,2025-11-05 05:57:42,,,,,,,,,,19.6612492,2.4359374,967.0,1025.61877,13.8249998,,,14.87,0.0,13.9,,,,,,0.0,,
2025-11-05 05:57:43+00:00,2025-11-05 05:57:43,,,,,,,,,,19.6612492,2.5703125,966.0,1027.56873,13.8249998,,,14.87,0.0,13.9,,,,,,0.0,,
2025-11-05 05:57:44+00:00,2025-11-05 05:57:44,,,,,,,,,,19.6612492,2.5703125,966.0,1027.56873,13.8249998,,,14.87,0.0,13.9,,,,,,0.0,,
2025-11-05 05:57:45+00:00,2025-11-05 05:57:45,24.6612492,19.0,19.0,28.0,28.0,14.90424696914752,308.0,BO_O2_RULE,"제어매트릭스 규칙 적용: O2_LOW (3단계 롤백, 4단계에서 Hz 변화 없음)",19.6612492,2.7015624,967.0,1027.8125,13.7624998,,,14.87,0.0,13.9,,,,,,0.0,,
2025-11-05 05:57:46+00:00,2025-11-05 05:57:46,,,,,,,,,,19.6612492,2.7015624,967.0,1027.8125,13.7624998,,,14.87,0.0,13.9,,,,,,0.0,,
2025-11-05 05:57:47+00:00,2025-11-05 05:57:47,,,,,,,,,,19.6612492,2.7890625,967.0,1027.24377,12.1625004,,,14.87,0.0,13.9,,,,,,0.0,,
2025-11-05 05:57:48+00:00,2025-11-05 05:57:48,,,,,,,,,,19.6612492,2.7890625,967.0,1027.24377,12.1625004,,,14.87,0.0,13.9,,,,,,0.0,,
2025-11-05 05:57:49+00:00,2025-11-05 05:57:49,,,,,,,,,,19.6612492,2.81718755,966.0,1027.8938,12.375,,,14.87,0.0,13.9,,,,,,0.0,,
2025-11-05 05:57:50+00:00,2025-11-05 05:57:50,20.0,20.0,20.0,20.0,20.0,14.598972104309164,100.0,BO_ONLY,"BO 모델 결과만 사용 (1단계 롤백, 2~4단계에서 Hz 변화 없음)",19.6612492,2.81718755,966.0,1027.8938,12.375,,,14.87,0.0,13.9,,,,,,0.0,,
2025-11-05 05:57:51+00:00,2025-11-05 05:57:51,,,,,,,,,,19.6612492,2.95000005,966.0,1029.3562,11.9375,,,14.87,0.0,11.74,,,,,,0.0,,
2025-11-05 05:57:52+00:00,2025-11-05 05:57:52,,,,,,,,,,19.6612492,2.9234376,966.0,1029.27502,11.3125,,,14.87,0.0,11.74,,,,,,0.0,,
2025-11-05 05:57:53+00:00,2025-11-05 05:57:53,,,,,,,,,,19.6612492,2.9234376,968.0,1029.27502,11.3125,,,14.87,0.0,11.74,,,,,,0.0,,
2025-11-05 05:57:54+00:00,2025-11-05 05:57:54,,,,,,,,,,19.6612492,3.0140624,967.0,1030.65625,11.625,,,14.87,0.0,11.74,,,,,,0.0,,
2025-11-05 05:57:55+00:00,2025-11-05 05:57:55,20.0,20.0,20.0,20.0,20.0,16.57517753242688,100.0,BO_ONLY,"BO 모델 결과만 사용 (1단계 롤백, 2~4단계에서 Hz 변화 없음)",19.6612492,3.00312495,968.0,1030.49377,11.6125002,,,14.87,0.0,11.74,,,,,,0.0,,
2025-11-05 05:57:56+00:00,2025-11-05 05:57:56,,,,,,,,,,19.6612492,3.00312495,968.0,1030.49377,11.6125002,,,14.87,0.0,11.74,,,,,,0.0,,
2025-11-05 05:57:57+00:00,2025-11-05 05:57:57,,,,,,,,,,19.6612492,3.1078124,968.0,1032.28125,10.7875004,,,14.87,0.0,11.74,,,,,,0.0,,
2025-11-05 05:57:58+00:00,2025-11-05 05:57:58,,,,,,,,,,19.6612492,3.1078124,968.0,1032.28125,10.7875004,,,14.87,0.0,11.74,,,,,,0.0,,
2025-11-05 05:57:59+00:00,2025-11-05 05:57:59,,,,,,,,,,19.6612492,3.2109375,969.0,1033.25623,10.7375002,,,14.87,0.0,11.74,,,,,,0.0,,
2025-11-05 05:58:00+00:00,2025-11-05 05:58:00,20.0,20.0,20.0,20.0,20.0,16.84059171322129,100.0,BO_ONLY,"BO 모델 결과만 사용 (1단계 롤백, 2~4단계에서 Hz 변화 없음)",19.6612492,3.2109375,969.0,1033.25623,10.7375002,,3.0,14.87,0.0,11.74,,,,,,0.0,,
2025-11-05 05:58:01+00:00,2025-11-05 05:58:01,,,,,,,,,,19.6612492,3.2109375,969.0,1033.25623,10.0625,,,14.87,0.0,10.25,,,,,,0.0,,
2025-11-05 05:58:02+00:00,2025-11-05 05:58:02,,,,,,,,,,19.6612492,3.2906251,968.0,1033.5,10.0625,,,14.87,0.0,10.25,,,,,,0.0,,
2025-11-05 05:58:03+00:00,2025-11-05 05:58:03,,,,,,,,,,19.6612492,3.2906251,968.0,1033.5,10.0625,,,14.87,0.0,10.25,,,,,,0.0,,
2025-11-05 05:58:04+00:00,2025-11-05 05:58:04,,,,,,,,,,19.6612492,3.37187505,968.0,1033.4187,10.0375004,,,14.87,0.0,10.25,,,,,,0.0,,
2025-11-05 05:58:05+00:00,2025-11-05 05:58:05,21.0,21.0,21.0,21.0,21.0,16.82349684655216,100.0,BO_ONLY,"BO 모델 결과만 사용 (1단계 롤백, 2~4단계에서 Hz 변화 없음)",19.6612492,3.37187505,968.0,1033.4187,10.0375004,,,14.87,0.0,10.25,,,,,,0.0,,
2025-11-05 05:58:06+00:00,2025-11-05 05:58:06,,,,,,,,,,19.6612492,3.46406245,968.0,1033.90625,10.1999998,,,14.87,0.0,10.25,,,,,,0.0,,
2025-11-05 05:58:07+00:00,2025-11-05 05:58:07,,,,,,,,,,19.6612492,3.56718755,968.0,1034.63745,9.47500038,,,14.87,0.0,10.25,,,,,,0.0,,
2025-11-05 05:58:08+00:00,2025-11-05 05:58:08,,,,,,,,,,19.6612492,3.56718755,968.0,1034.63745,9.47500038,,,14.87,0.0,10.25,,,,,,0.0,,
2025-11-05 05:58:09+00:00,2025-11-05 05:58:09,,,,,,,,,,19.6612492,3.65625,968.0,1034.47498,9.58749962,,,14.87,0.0,10.25,,,,,,0.0,,
2025-11-05 05:58:10+00:00,2025-11-05 05:58:10,21.0,21.0,21.0,21.0,21.0,16.782391308761497,100.0,BO_ONLY,"BO 모델 결과만 사용 (1단계 롤백, 2~4단계에서 Hz 변화 없음)",19.6612492,3.65625,968.0,1034.47498,9.58749962,,,14.87,0.0,10.25,,,,,,0.0,,
2025-11-05 05:58:11+00:00,2025-11-05 05:58:11,,,,,,,,,,19.6612492,3.6484375,968.0,1035.8562,9.67500019,,,14.87,0.0,10.25,,,,,,0.0,,
2025-11-05 05:58:12+00:00,2025-11-05 05:58:12,,,,,,,,,,19.6612492,3.6484375,968.0,1035.8562,9.67500019,,,14.87,0.0,8.96,,,,,,0.0,,
2025-11-05 05:58:13+00:00,2025-11-05 05:58:13,,,,,,,,,,19.6612492,3.79375005,968.0,1034.71875,10.125,,,14.87,0.0,8.96,,,,,,0.0,,
2025-11-05 05:58:14+00:00,2025-11-05 05:58:14,,,,,,,,,,19.6612492,3.796875,969.0,1035.61255,10.1875,,,14.87,0.0,8.96,,,,,,0.0,,
2025-11-05 05:58:15+00:00,2025-11-05 05:58:15,22.0,22.0,22.0,22.0,22.0,16.5093711983873,100.0,BO_ONLY,"BO 모델 결과만 사용 (1단계 롤백, 2~4단계에서 Hz 변화 없음)",19.6612492,3.796875,969.0,1035.61255,10.1875,,,14.87,0.0,8.96,,,,,,0.0,,
2025-11-05 05:58:16+00:00,2025-11-05 05:58:16,,,,,,,,,,19.6612492,3.8609376,969.0,1036.6687,9.78750038,,,14.87,0.0,8.96,,,,,,0.0,,
2025-11-05 05:58:17+00:00,2025-11-05 05:58:17,,,,,,,,,,19.6612492,3.8609376,967.0,1037.31873,9.47500038,,,14.87,0.0,8.96,,,,,,0.0,,
2025-11-05 05:58:18+00:00,2025-11-05 05:58:18,,,,,,,,,,19.6612492,3.8515625,968.0,1037.40002,9.4375,,,14.87,0.0,8.96,,,,,,0.0,,
2025-11-05 05:58:19+00:00,2025-11-05 05:58:19,,,,,,,,,,19.6612492,3.92656255,968.0,1036.50623,9.11250019,,,14.87,0.0,8.96,,,,,,0.0,,
2025-11-05 05:58:20+00:00,2025-11-05 05:58:20,22.0,22.0,22.0,22.0,22.0,15.937812245551838,100.0,BO_ONLY,"BO 모델 결과만 사용 (1단계 롤백, 2~4단계에서 Hz 변화 없음)",19.6612492,3.92656255,968.0,1036.50623,9.11250019,,,14.87,0.0,8.96,,,,,,0.0,,
2025-11-05 05:58:21+00:00,2025-11-05 05:58:21,,,,,,,,,,19.6612492,3.88593745,968.0,1036.91248,8.77499962,,,14.87,0.0,8.79,,,,,,0.0,,
2025-11-05 05:58:22+00:00,2025-11-05 05:58:22,,,,,,,,,,19.6612492,3.88593745,968.0,1036.91248,8.77499962,,,14.87,0.0,8.79,,,,,,0.0,,
2025-11-05 05:58:23+00:00,2025-11-05 05:58:23,,,,,,,,,,19.6612492,3.95624995,967.0,1038.4563,8.63749981,,,14.87,0.0,8.79,,,,,,0.0,,
2025-11-05 05:58:24+00:00,2025-11-05 05:58:24,,,,,,,,,,19.6612492,3.95624995,967.0,1038.4563,8.63749981,,,14.87,0.0,8.79,,,,,,0.0,,
2025-11-05 05:58:25+00:00,2025-11-05 05:58:25,22.0,22.0,22.0,22.0,22.0,15.56540836657664,100.0,BO_ONLY,"BO 모델 결과만 사용 (1단계 롤백, 2~4단계에서 Hz 변화 없음)",19.6612492,3.9546876,969.0,1038.4563,8.69999981,,,14.87,0.0,8.79,,,,,,0.0,,
2025-11-05 05:58:26+00:00,2025-11-05 05:58:26,,,,,,,,,,19.6612492,3.9546876,969.0,1038.4563,8.69999981,,,14.87,0.0,8.79,,,,,,0.0,,
2025-11-05 05:58:27+00:00,2025-11-05 05:58:27,,,,,,,,,,19.6612492,3.97968745,969.0,1039.1062,8.19999981,,,14.87,0.0,8.79,,,,,,0.0,,
2025-11-05 05:58:28+00:00,2025-11-05 05:58:28,,,,,,,,,,19.6612492,4.00468731,968.0,1039.9187,8.44999981,,,14.87,0.0,8.79,,,,,,0.0,,
2025-11-05 05:58:29+00:00,2025-11-05 05:58:29,,,,,,,,,,19.6612492,4.00468731,968.0,1039.9187,8.44999981,,,14.87,0.0,8.79,,,,,,0.0,,
2025-11-05 05:58:30+00:00,2025-11-05 05:58:30,23.0,23.0,23.0,23.0,23.0,14.58428072183267,100.0,BO_ONLY,"BO 모델 결과만 사용 (1단계 롤백, 2~4단계에서 Hz 변화 없음)",19.6612492,3.9609375,968.0,1039.9187,8.46249962,,,14.87,0.0,7.65,,,,,,0.0,,
2025-11-05 05:58:31+00:00,2025-11-05 05:58:31,,,,,,,,,,19.6612492,4.0250001,967.0,1040.0813,15.8874998,,,14.87,0.0,7.65,,,,,,0.0,,
2025-11-05 05:58:32+00:00,2025-11-05 05:58:32,,,,,,,,,,19.6612492,4.0250001,967.0,1040.0813,15.8874998,,,14.87,0.0,7.65,,,,,,0.0,,
2025-11-05 05:58:33+00:00,2025-11-05 05:58:33,,,,,,,,,,19.6612492,4.04218769,968.0,1040.8125,15.9375,,,14.87,0.0,7.65,,,,,,0.0,,
2025-11-05 05:58:34+00:00,2025-11-05 05:58:34,,,,,,,,,,19.6612492,4.04218769,968.0,1040.8125,15.9375,,,14.87,0.0,7.65,,,,,,0.0,,
2025-11-05 05:58:35+00:00,2025-11-05 05:58:35,23.0,23.0,23.0,23.0,23.0,13.897679788955067,100.0,BO_ONLY,"BO 모델 결과만 사용 (1단계 롤백, 2~4단계에서 Hz 변화 없음)",19.6612492,3.9828124,970.0,1039.83752,15.4250002,,,14.87,0.0,7.65,,,,,,0.0,,
2025-11-05 05:58:36+00:00,2025-11-05 05:58:36,,,,,,,,,,19.6612492,3.9828124,970.0,1039.83752,15.4250002,,,14.87,0.0,7.65,,,,,,0.0,,
2025-11-05 05:58:37+00:00,2025-11-05 05:58:37,,,,,,,,,,19.6612492,4.04374981,970.0,1040.48755,15.2250004,,,14.87,0.0,7.65,,,,,,0.0,,
2025-11-05 05:58:38+00:00,2025-11-05 05:58:38,,,,,,,,,,19.6612492,3.97968745,969.0,1041.05627,14.9875002,,,14.87,0.0,7.65,,,,,,0.0,,
2025-11-05 05:58:39+00:00,2025-11-05 05:58:39,,,,,,,,,,19.6612492,4.03125,969.0,1039.83752,15.2749996,,,14.87,0.0,7.65,,,,,,0.0,,
2025-11-05 05:58:40+00:00,2025-11-05 05:58:40,23.0,23.0,23.0,23.0,23.0,18.27947653600358,100.0,BO_ONLY,"BO 모델 결과만 사용 (1단계 롤백, 2~4단계에서 Hz 변화 없음)",19.6612492,4.03125,969.0,1039.83752,15.2749996,,,14.87,0.0,7.65,,,,,,0.0,,
2025-11-05 05:58:41+00:00,2025-11-05 05:58:41,,,,,,,,,,19.6612492,4.05781269,969.0,1039.83752,15.1750002,,,14.87,0.0,14.77,,,,,,0.0,,
2025-11-05 05:58:42+00:00,2025-11-05 05:58:42,,,,,,,,,,19.6612492,4.0687499,971.0,1040.8125,15.1499996,,,14.87,0.0,14.77,,,,,,0.0,,
2025-11-05 05:58:43+00:00,2025-11-05 05:58:43,,,,,,,,,,19.6612492,4.0687499,971.0,1040.8125,15.1499996,,,14.87,0.0,14.77,,,,,,0.0,,
2025-11-05 05:58:44+00:00,2025-11-05 05:58:44,,,,,,,,,,19.6612492,4.06562519,970.0,1041.05627,15.0749998,,,14.87,0.0,14.77,,,,,,0.0,,
2025-11-05 05:58:45+00:00,2025-11-05 05:58:45,23.0,23.0,23.0,23.0,23.0,17.704708139040086,100.0,BO_ONLY,"BO 모델 결과만 사용 (1단계 롤백, 2~4단계에서 Hz 변화 없음)",19.6612492,4.06562519,970.0,1041.05627,15.0749998,,,14.87,0.0,14.77,,,,,,0.0,,
2025-11-05 05:58:46+00:00,2025-11-05 05:58:46,,,,,,,,,,19.6612492,3.9828124,970.0,1040.97498,14.7250004,,,14.87,0.0,14.77,,,,,,0.0,,
2025-11-05 05:58:47+00:00,2025-11-05 05:58:47,,,,,,,,,,19.6612492,3.9828124,970.0,1040.97498,14.7250004,,,14.87,0.0,14.77,,,,,,0.0,,
2025-11-05 05:58:48+00:00,2025-11-05 05:58:48,,,,,,,,,,19.6612492,4.05000019,969.0,1041.78748,14.8999996,,,14.87,0.0,14.77,,,,,,0.0,,
2025-11-05 05:58:49+00:00,2025-11-05 05:58:49,,,,,,,,,,19.6612492,4.05000019,969.0,1041.78748,14.8999996,,,14.87,0.0,14.77,,,,,,0.0,,
2025-11-05 05:58:50+00:00,2025-11-05 05:58:50,23.0,23.0,23.0,23.0,23.0,17.012524345882884,100.0,BO_ONLY,"BO 모델 결과만 사용 (1단계 롤백, 2~4단계에서 Hz 변화 없음)",19.6612492,4.1078124,971.0,1042.59998,21.7749996,,,14.87,0.0,14.77,,,,,,0.0,,
2025-11-05 05:58:51+00:00,2025-11-05 05:58:51,,,,,,,,,,19.6612492,4.11250019,969.0,1042.11255,21.9874992,,,14.87,0.0,14.38,,,,,,0.0,,
2025-11-05 05:58:52+00:00,2025-11-05 05:58:52,,,,,,,,,,19.6612492,4.11250019,969.0,1042.11255,21.9874992,,,14.87,0.0,14.38,,,,,,0.0,,
2025-11-05 05:58:53+00:00,2025-11-05 05:58:53,,,,,,,,,,19.6612492,4.1812501,969.0,1041.78748,22.0625,,,14.87,0.0,14.38,,,,,,0.0,,
2025-11-05 05:58:54+00:00,2025-11-05 05:58:54,,,,,,,,,,19.6612492,4.1546874,969.0,1041.38123,21.8125,,,14.87,0.0,14.38,,,,,,0.0,,
2025-11-05 05:58:55+00:00,2025-11-05 05:58:55,24.0,24.0,24.0,24.0,24.0,23.47209966079347,100.0,BO_ONLY,"BO 모델 결과만 사용 (1단계 롤백, 2~4단계에서 Hz 변화 없음)",19.6612492,4.1546874,969.0,1041.38123,21.8125,,,14.87,0.0,14.38,,,,,,0.0,,
2025-11-05 05:58:56+00:00,2025-11-05 05:58:56,,,,,,,,,,19.6612492,4.2015624,970.0,1041.94995,22.2374992,,,14.87,0.0,14.38,,,,,,0.0,,
2025-11-05 05:58:57+00:00,2025-11-05 05:58:57,,,,,,,,,,19.6612492,4.2015624,970.0,1041.94995,22.2374992,,,14.87,0.0,14.38,,,,,,0.0,,
2025-11-05 05:58:58+00:00,2025-11-05 05:58:58,,,,,,,,,,19.6612492,4.2406249,969.0,1042.4375,22.25,,,14.87,0.0,14.38,,,,,,0.0,,
2025-11-05 05:58:59+00:00,2025-11-05 05:58:59,,,,,,,,,,19.6612492,4.2406249,969.0,1042.4375,22.25,,,14.87,0.0,14.38,,,,,,0.0,,
2025-11-05 05:59:00+00:00,2025-11-05 05:59:00,24.0,24.0,24.0,24.0,24.0,25.023260125271932,100.0,BO_ONLY,"BO 모델 결과만 사용 (1단계 롤백, 2~4단계에서 Hz 변화 없음)",19.6612492,4.34687519,970.0,1041.38123,23.1625004,,3.0,14.87,0.0,21.63,,,,,,0.0,,
2025-11-05 05:59:01+00:00,2025-11-05 05:59:01,,,,,,,,,,19.6612492,4.34687519,970.0,1041.38123,23.1625004,,,14.87,0.0,21.63,,,,,,0.0,,
2025-11-05 05:59:02+00:00,2025-11-05 05:59:02,,,,,,,,,,19.6612492,4.40312481,970.0,1041.7063,23.1875,,,14.87,0.0,21.63,,,,,,0.0,,
2025-11-05 05:59:04+00:00,2025-11-05 05:59:04,,,,,,,,,,19.6612492,4.40312481,970.0,1041.7063,23.1875,,,14.87,0.0,21.63,,,,,,0.0,,
2025-11-05 05:59:05+00:00,2025-11-05 05:59:05,24.0,24.0,24.0,24.0,24.0,23.80423084238574,100.0,BO_ONLY,"BO 모델 결과만 사용 (1단계 롤백, 2~4단계에서 Hz 변화 없음)",19.6612492,4.44843769,971.0,1042.19373,23.6124992,,,14.87,0.0,21.63,,,,,,0.0,,
2025-11-05 05:59:06+00:00,2025-11-05 05:59:06,,,,,,,,,,19.6612492,4.47968769,971.0,1043.3313,24.0499992,,,14.87,0.0,21.63,,,,,,0.0,,
2025-11-05 05:59:07+00:00,2025-11-05 05:59:07,,,,,,,,,,19.6612492,4.47968769,971.0,1043.3313,24.0499992,,,14.87,0.0,21.63,,,,,,0.0,,
2025-11-05 05:59:08+00:00,2025-11-05 05:59:08,,,,,,,,,,19.6612492,4.48124981,972.0,1042.68127,23.7625008,,,14.87,0.0,21.63,,,,,,0.0,,
2025-11-05 05:59:09+00:00,2025-11-05 05:59:09,,,,,,,,,,19.6612492,4.48124981,972.0,1042.68127,23.7625008,,,14.87,0.0,21.63,,,,,,0.0,,
2025-11-05 05:59:10+00:00,2025-11-05 05:59:10,24.6612492,25.0,25.0,25.0,25.0,22.543648017122827,100.0,BO_ONLY,"BO 모델 결과만 사용 (1단계 롤백, 2~4단계에서 Hz 변화 없음)",19.6612492,4.54374981,971.0,1043.9812,23.8250008,,,14.87,0.0,21.63,,,,,,0.0,,
2025-11-05 05:59:11+00:00,2025-11-05 05:59:11,,,,,,,,,,19.6612492,4.54374981,971.0,1043.9812,23.8250008,,,14.87,0.0,21.63,,,,,,0.0,,
2025-11-05 05:59:12+00:00,2025-11-05 05:59:12,,,,,,,,,,19.6612492,4.57499981,971.0,1041.21875,23.8250008,,,14.87,0.0,23.32,,,,,,0.0,,
2025-11-05 05:59:13+00:00,2025-11-05 05:59:13,,,,,,,,,,19.6612492,4.57499981,971.0,1041.21875,18.9624996,,,14.87,0.0,23.32,,,,,,0.0,,
2025-11-05 05:59:14+00:00,2025-11-05 05:59:14,,,,,,,,,,19.6612492,4.66718769,971.0,1042.11255,18.9624996,,,14.87,0.0,23.32,,,,,,0.0,,
2025-11-05 05:59:15+00:00,2025-11-05 05:59:15,24.6612492,25.0,25.0,25.0,25.0,20.623913038673003,100.0,BO_ONLY,"BO 모델 결과만 사용 (1단계 롤백, 2~4단계에서 Hz 변화 없음)",19.6612492,4.66718769,971.0,1042.11255,18.8374996,,,14.87,0.0,23.32,,,,,,0.0,,
2025-11-05 05:59:16+00:00,2025-11-05 05:59:16,,,,,,,,,,19.6612492,4.703125,971.0,1041.625,18.9125004,,,14.87,0.0,23.32,,,,,,0.0,,
2025-11-05 05:59:17+00:00,2025-11-05 05:59:17,,,,,,,,,,19.6612492,4.703125,971.0,1041.625,18.9125004,,,14.87,0.0,23.32,,,,,,0.0,,
2025-11-05 05:59:18+00:00,2025-11-05 05:59:18,,,,,,,,,,19.6612492,4.78125,971.0,1041.625,18.9125004,,,14.87,0.0,23.32,,,,,,0.0,,
2025-11-05 05:59:19+00:00,2025-11-05 05:59:19,,,,,,,,,,19.6612492,4.8578124,972.0,1041.5437,18.9249992,,,14.87,0.0,23.32,,,,,,0.0,,
2025-11-05 05:59:20+00:00,2025-11-05 05:59:20,24.6612492,25.0,25.0,25.0,25.0,19.200889989315137,100.0,BO_ONLY,"BO 모델 결과만 사용 (1단계 롤백, 2~4단계에서 Hz 변화 없음)",19.6612492,4.8578124,972.0,1041.5437,18.9249992,,,14.87,0.0,23.32,,,,,,0.0,,
2025-11-05 05:59:21+00:00,2025-11-05 05:59:21,,,,,,,,,,19.6612492,4.8687501,972.0,1042.4375,19.0874996,,,14.87,0.0,23.32,,,,,,0.0,,
2025-11-05 05:59:22+00:00,2025-11-05 05:59:22,,,,,,,,,,19.6612492,4.8687501,972.0,1042.4375,19.0874996,,,14.87,0.0,18.17,,,,,,0.0,,
2025-11-05 05:59:23+00:00,2025-11-05 05:59:23,,,,,,,,,,19.6612492,5.0015626,969.0,1041.30005,19.0625,,,14.87,0.0,18.17,,,,,,0.0,,
2025-11-05 05:59:24+00:00,2025-11-05 05:59:24,,,,,,,,,,19.6612492,5.0015626,969.0,1041.30005,19.0625,,,14.87,0.0,18.17,,,,,,0.0,,
2025-11-05 05:59:25+00:00,2025-11-05 05:59:25,24.6612492,25.0,25.0,25.0,25.0,17.234138743575823,100.0,BO_ONLY,"BO 모델 결과만 사용 (1단계 롤백, 2~4단계에서 Hz 변화 없음)",19.6612492,5.0687499,969.0,1041.5437,19.0750008,,,14.87,0.0,18.17,,,,,,0.0,,
2025-11-05 05:59:26+00:00,2025-11-05 05:59:26,,,,,,,,,,19.6612492,5.0687499,969.0,1041.5437,19.0750008,,,14.87,0.0,18.17,,,,,,0.0,,
2025-11-05 05:59:27+00:00,2025-11-05 05:59:27,,,,,,,,,,19.6612492,5.06718731,969.0,1041.94995,19.2999992,,,14.87,0.0,18.17,,,,,,0.0,,
2025-11-05 05:59:28+00:00,2025-11-05 05:59:28,,,,,,,,,,19.6612492,5.06718731,969.0,1041.94995,19.2999992,,,14.87,0.0,18.17,,,,,,0.0,,
2025-11-05 05:59:29+00:00,2025-11-05 05:59:29,,,,,,,,,,19.6612492,5.1953125,970.0,1042.59998,19.2625008,,,14.87,0.0,18.17,,,,,,0.0,,
2025-11-05 05:59:30+00:00,2025-11-05 05:59:30,24.6612492,25.0,25.0,25.0,25.0,17.423467718850226,100.0,BO_ONLY,"BO 모델 결과만 사용 (1단계 롤백, 2~4단계에서 Hz 변화 없음)",19.6612492,5.2203126,971.0,1040.65002,19.7250004,,,14.87,0.0,18.17,,,,,,0.0,,
2025-11-05 05:59:31+00:00,2025-11-05 05:59:31,,,,,,,,,,19.6612492,5.2203126,971.0,1040.65002,19.7250004,,,14.87,0.0,18.73,,,,,,0.0,,
2025-11-05 05:59:32+00:00,2025-11-05 05:59:32,,,,,,,,,,19.6612492,5.3499999,970.0,1040.40625,15.5874996,,,14.87,0.0,18.73,,,,,,0.0,,
2025-11-05 05:59:33+00:00,2025-11-05 05:59:33,,,,,,,,,,19.6612492,5.40625,970.0,1040.32495,15.4499998,,,14.87,0.0,18.73,,,,,,0.0,,
2025-11-05 05:59:34+00:00,2025-11-05 05:59:34,,,,,,,,,,19.6612492,5.40625,970.0,1040.32495,15.4499998,,,14.87,0.0,18.73,,,,,,0.0,,
2025-11-05 05:59:35+00:00,2025-11-05 05:59:35,24.6612492,25.0,25.0,25.0,25.0,15.939982955505748,100.0,BO_ONLY,"BO 모델 결과만 사용 (1단계 롤백, 2~4단계에서 Hz 변화 없음)",19.6612492,5.44843769,971.0,1040.16248,15.5749998,,,14.87,0.0,18.73,,,,,,0.0,,
2025-11-05 05:59:36+00:00,2025-11-05 05:59:36,,,,,,,,,,19.6612492,5.44843769,971.0,1040.16248,15.5749998,,,14.87,0.0,18.73,,,,,,0.0,,
2025-11-05 05:59:37+00:00,2025-11-05 05:59:37,,,,,,,,,,19.6612492,5.54374981,970.0,1040.8125,15.9250002,,,14.87,0.0,18.73,,,,,,0.0,,
2025-11-05 05:59:38+00:00,2025-11-05 05:59:38,,,,,,,,,,19.6612492,5.5218749,969.0,1040.8125,15.8874998,,,14.87,0.0,18.73,,,,,,0.0,,
2025-11-05 05:59:39+00:00,2025-11-05 05:59:39,,,,,,,,,,19.6612492,5.5218749,969.0,1041.05627,15.8874998,,,14.87,0.0,18.73,,,,,,0.0,,
2025-11-05 05:59:40+00:00,2025-11-05 05:59:40,24.6612492,25.0,25.0,25.0,25.0,15.584055700147005,100.0,BO_ONLY,"BO 모델 결과만 사용 (1단계 롤백, 2~4단계에서 Hz 변화 없음)",19.6612492,5.60624981,971.0,1041.05627,16.0249996,,,14.87,0.0,18.73,,,,,,0.0,,
2025-11-05 05:59:41+00:00,2025-11-05 05:59:41,,,,,,,,,,19.6612492,5.59843731,970.0,1041.05627,16.5125008,,,14.87,0.0,15.17,,,,,,0.0,,
2025-11-05 05:59:42+00:00,2025-11-05 05:59:42,,,,,,,,,,19.6612492,5.59843731,970.0,1039.83752,16.5125008,,,14.87,0.0,15.17,,,,,,0.0,,
2025-11-05 05:59:43+00:00,2025-11-05 05:59:43,,,,,,,,,,19.6612492,5.6656251,970.0,1039.67505,16.2875004,,,14.87,0.0,15.17,,,,,,0.0,,
2025-11-05 05:59:44+00:00,2025-11-05 05:59:44,,,,,,,,,,19.6612492,5.6656251,970.0,1039.67505,16.2875004,,,14.87,0.0,15.17,,,,,,0.0,,
2025-11-05 05:59:45+00:00,2025-11-05 05:59:45,24.6612492,25.0,25.0,25.0,25.0,15.731201204711164,100.0,BO_ONLY,"BO 모델 결과만 사용 (1단계 롤백, 2~4단계에서 Hz 변화 없음)",19.6612492,5.7437501,970.0,1040.97498,16.2625008,,,14.87,0.0,15.17,,,,,,0.0,,
2025-11-05 05:59:46+00:00,2025-11-05 05:59:46,,,,,,,,,,19.6612492,5.7171874,971.0,1040.97498,16.5625,,,14.87,0.0,15.17,,,,,,0.0,,
2025-11-05 05:59:47+00:00,2025-11-05 05:59:47,,,,,,,,,,19.6612492,5.7171874,971.0,1040.48755,16.5625,,,14.87,0.0,15.17,,,,,,0.0,,
2025-11-05 05:59:48+00:00,2025-11-05 05:59:48,,,,,,,,,,19.6612492,5.7828126,970.0,1040.48755,16.6749992,,,14.87,0.0,15.17,,,,,,0.0,,
2025-11-05 05:59:49+00:00,2025-11-05 05:59:49,,,,,,,,,,19.6612492,5.7828126,970.0,1040.24377,16.6749992,,,14.87,0.0,15.17,,,,,,0.0,,
2025-11-05 05:59:50+00:00,2025-11-05 05:59:50,24.6612492,25.0,25.0,25.0,25.0,16.61284479340014,100.0,BO_ONLY,"BO 모델 결과만 사용 (1단계 롤백, 2~4단계에서 Hz 변화 없음)",19.6612492,5.7828126,970.0,1039.75623,16.6000004,,,14.87,0.0,15.17,,,,,,0.0,,
2025-11-05 05:59:51+00:00,2025-11-05 05:59:51,,,,,,,,,,19.6612492,5.7750001,970.0,1039.75623,16.6000004,,,14.87,0.0,15.17,,,,,,0.0,,
2025-11-05 05:59:52+00:00,2025-11-05 05:59:52,,,,,,,,,,19.6612492,5.7750001,970.0,1039.75623,16.6000004,,,14.87,0.0,15.98,,,,,,0.0,,
2025-11-05 05:59:53+00:00,2025-11-05 05:59:53,,,,,,,,,,19.6612492,5.81718731,970.0,1040.48755,15.7875004,,,14.87,0.0,15.98,,,,,,0.0,,
2025-11-05 05:59:54+00:00,2025-11-05 05:59:54,,,,,,,,,,19.6612492,5.81718731,969.0,1040.48755,15.7875004,,,14.87,0.0,15.98,,,,,,0.0,,
2025-11-05 05:59:55+00:00,2025-11-05 05:59:55,24.6612492,25.0,25.0,25.0,25.0,15.905660315285376,100.0,BO_ONLY,"BO 모델 결과만 사용 (1단계 롤백, 2~4단계에서 Hz 변화 없음)",19.6612492,5.8515625,969.0,1039.2688,15.7875004,,,14.87,0.0,15.98,,,,,,0.0,,
2025-11-05 05:59:56+00:00,2025-11-05 05:59:56,,,,,,,,,,19.6612492,5.76875019,970.0,1038.2937,15.1875,,,14.87,0.0,15.98,,,,,,0.0,,
2025-11-05 05:59:57+00:00,2025-11-05 05:59:57,,,,,,,,,,19.6612492,5.76875019,970.0,1038.2937,15.1875,,,14.87,0.0,15.98,,,,,,0.0,,
2025-11-05 05:59:58+00:00,2025-11-05 05:59:58,,,,,,,,,,19.6612492,5.79374981,969.0,1038.2937,15.2124996,,,14.87,0.0,15.98,,,,,,0.0,,
2025-11-05 05:59:59+00:00,2025-11-05 05:59:59,,,,,,,,,,19.6612492,5.87968731,969.0,1037.96875,15.4499998,,,14.87,0.0,15.98,,,,,,0.0,,
2025-11-05 06:00:00+00:00,2025-11-05 06:00:00,24.6612492,25.0,25.0,25.0,25.0,14.859822455321813,100.0,BO_ONLY,"BO 모델 결과만 사용 (1단계 롤백, 2~4단계에서 Hz 변화 없음)",19.6612492,5.87968731,970.0,1037.96875,15.4499998,,3.0,14.87,0.0,15.98,,,,,,0.0,,
2025-11-05 06:00:01+00:00,2025-11-05 06:00:01,,,,,,,,,,19.6612492,5.875,970.0,1037.4812,15.3874998,,,14.87,0.0,14.81,,,,,,0.0,,
2025-11-05 06:00:02+00:00,2025-11-05 06:00:02,,,,,,,,,,19.6612492,5.8734374,970.0,1036.6687,15.3625002,,,14.87,0.0,14.81,,,,,,0.0,,
2025-11-05 06:00:03+00:00,2025-11-05 06:00:03,,,,,,,,,,19.6612492,5.8734374,970.0,1036.6687,15.3625002,,,14.87,0.0,14.81,,,,,,0.0,,
2025-11-05 06:00:04+00:00,2025-11-05 06:00:04,,,,,,,,,,19.6612492,5.80000019,970.0,1037.6438,15.0375004,,,14.87,0.0,14.81,,,,,,0.0,,
2025-11-05 06:00:05+00:00,2025-11-05 06:00:05,24.6612492,25.0,25.0,25.0,25.0,15.474203320388229,100.0,BO_ONLY,"BO 모델 결과만 사용 (1단계 롤백, 2~4단계에서 Hz 변화 없음)",19.6612492,5.8140626,969.0,1036.8313,15.1625004,,,14.87,0.0,14.81,,,,,,0.0,,
2025-11-05 06:00:06+00:00,2025-11-05 06:00:06,,,,,,,,,,19.6612492,5.8140626,969.0,1036.8313,15.1625004,,,14.87,0.0,14.81,,,,,,0.0,,
2025-11-05 06:00:07+00:00,2025-11-05 06:00:07,,,,,,,,,,19.6612492,5.8140626,970.0,1037.80627,15.3625002,,,14.87,0.0,14.81,,,,,,0.0,,
2025-11-05 06:00:08+00:00,2025-11-05 06:00:08,,,,,,,,,,19.6612492,5.8984375,971.0,1037.40002,15.625,,,14.87,0.0,14.81,,,,,,0.0,,
2025-11-05 06:00:09+00:00,2025-11-05 06:00:09,,,,,,,,,,19.6612492,5.8984375,971.0,1037.40002,15.625,,,14.87,0.0,14.81,,,,,,0.0,,
2025-11-05 06:00:10+00:00,2025-11-05 06:00:10,24.6612492,25.0,25.0,25.0,25.0,15.8457504569579,100.0,BO_ONLY,"BO 모델 결과만 사용 (1단계 롤백, 2~4단계에서 Hz 변화 없음)",19.6612492,5.875,971.0,1036.8313,15.4250002,,,14.87,0.0,14.76,,,,,,0.0,,
2025-11-05 06:00:11+00:00,2025-11-05 06:00:11,,,,,,,,,,19.6612492,5.90312481,969.0,1037.4812,15.4499998,,,14.87,0.0,14.76,,,,,,0.0,,
2025-11-05 06:00:12+00:00,2025-11-05 06:00:12,,,,,,,,,,19.6612492,5.90312481,969.0,1037.4812,15.4499998,,,14.87,0.0,14.76,,,,,,0.0,,
2025-11-05 06:00:13+00:00,2025-11-05 06:00:13,,,,,,,,,,19.6612492,5.86250019,971.0,1035.2063,15.3374996,,,14.87,0.0,14.76,,,,,,0.0,,
2025-11-05 06:00:14+00:00,2025-11-05 06:00:14,,,,,,,,,,19.6612492,5.86250019,971.0,1035.2063,15.3374996,,,14.87,0.0,14.76,,,,,,0.0,,
2025-11-05 06:00:15+00:00,2025-11-05 06:00:15,24.6612492,25.0,25.0,25.0,25.0,15.83496070418602,100.0,BO_ONLY,"BO 모델 결과만 사용 (1단계 롤백, 2~4단계에서 Hz 변화 없음)",19.6612492,5.8671875,969.0,1036.18127,15.3374996,,,14.87,0.0,14.76,,,,,,0.0,,
2025-11-05 06:00:16+00:00,2025-11-05 06:00:16,,,,,,,,,,19.6612492,5.8671875,969.0,1036.18127,16.1375008,,,14.87,0.0,14.76,,,,,,0.0,,
2025-11-05 06:00:17+00:00,2025-11-05 06:00:17,,,,,,,,,,19.6612492,5.81718731,970.0,1036.18127,15.9624996,,,14.87,0.0,14.76,,,,,,0.0,,
2025-11-05 06:00:18+00:00,2025-11-05 06:00:18,,,,,,,,,,19.6612492,5.81718731,970.0,1034.88123,15.9624996,,,14.87,0.0,14.76,,,,,,0.0,,
2025-11-05 06:00:19+00:00,2025-11-05 06:00:19,,,,,,,,,,19.6612492,5.81718731,971.0,1034.88123,15.8125,,,14.87,0.0,14.76,,,,,,0.0,,
2025-11-05 06:00:20+00:00,2025-11-05 06:00:20,24.6612492,25.0,25.0,25.0,25.0,15.985098153302323,100.0,BO_ONLY,"BO 모델 결과만 사용 (1단계 롤백, 2~4단계에서 Hz 변화 없음)",19.6612492,5.8890624,971.0,1033.66248,15.9250002,,,14.87,0.0,14.76,,,,,,0.0,,
2025-11-05 06:00:21+00:00,2025-11-05 06:00:21,,,,,,,,,,19.6612492,5.84375,972.0,1033.82495,15.8374996,,,14.87,0.0,15.08,,,,,,0.0,,
2025-11-05 06:00:22+00:00,2025-11-05 06:00:22,,,,,,,,,,19.6612492,5.84375,972.0,1033.82495,15.8374996,,,14.87,0.0,15.08,,,,,,0.0,,
2025-11-05 06:00:23+00:00,2025-11-05 06:00:23,,,,,,,,,,19.6612492,5.8531251,971.0,1033.82495,15.8999996,,,14.87,0.0,15.08,,,,,,0.0,,
2025-11-05 06:00:24+00:00,2025-11-05 06:00:24,,,,,,,,,,19.6612492,5.8531251,971.0,1033.5813,15.8999996,,,14.87,0.0,15.08,,,,,,0.0,,
2025-11-05 06:00:25+00:00,2025-11-05 06:00:25,24.6612492,26.0,26.0,26.0,26.0,15.924429543262132,100.0,BO_ONLY,"BO 모델 결과만 사용 (1단계 롤백, 2~4단계에서 Hz 변화 없음)",19.6612492,5.9765625,972.0,1033.5813,16.2250004,,,14.87,0.0,15.08,,,,,,0.0,,
2025-11-05 06:00:26+00:00,2025-11-05 06:00:26,,,,,,,,,,19.6612492,5.94062519,971.0,1034.2312,15.8999996,,,14.87,0.0,15.08,,,,,,0.0,,
2025-11-05 06:00:27+00:00,2025-11-05 06:00:27,,,,,,,,,,19.6612492,5.94062519,971.0,1034.2312,15.8999996,,,14.87,0.0,15.08,,,,,,0.0,,
2025-11-05 06:00:28+00:00,2025-11-05 06:00:28,,,,,,,,,,19.6612492,5.96562481,972.0,1033.25623,15.9875002,,,14.87,0.0,15.08,,,,,,0.0,,
2025-11-05 06:00:29+00:00,2025-11-05 06:00:29,,,,,,,,,,19.6612492,5.97343731,972.0,1034.47498,15.9875002,,,14.87,0.0,15.08,,,,,,0.0,,
2025-11-05 06:00:30+00:00,2025-11-05 06:00:30,24.6612492,25.0,25.0,25.0,25.0,15.992147897971916,100.0,BO_ONLY,"BO 모델 결과만 사용 (1단계 롤백, 2~4단계에서 Hz 변화 없음)",19.6612492,5.97343731,971.0,1034.47498,16.2999992,,,14.87,0.0,15.51,,,,,,0.0,,
2025-11-05 06:00:31+00:00,2025-11-05 06:00:31,,,,,,,,,,19.6612492,5.9515624,971.0,1033.5,16.2999992,,,14.87,0.0,15.51,,,,,,0.0,,
2025-11-05 06:00:32+00:00,2025-11-05 06:00:32,,,,,,,,,,19.6612492,5.9515624,971.0,1033.5,16.3250008,,,14.87,0.0,15.51,,,,,,0.0,,
2025-11-05 06:00:33+00:00,2025-11-05 06:00:33,,,,,,,,,,19.6612492,5.9593749,972.0,1032.7688,16.3125,,,14.87,0.0,15.51,,,,,,0.0,,
2025-11-05 06:00:34+00:00,2025-11-05 06:00:34,,,,,,,,,,19.6612492,5.9593749,972.0,1032.7688,16.3125,,,14.87,0.0,15.51,,,,,,0.0,,
2025-11-05 06:00:35+00:00,2025-11-05 06:00:35,24.6612492,25.0,25.0,25.0,25.0,16.065471699154777,100.0,BO_ONLY,"BO 모델 결과만 사용 (1단계 롤백, 2~4단계에서 Hz 변화 없음)",19.6612492,6.0390625,971.0,1032.84998,16.5,,,14.87,0.0,15.51,,,,,,0.0,,
2025-11-05 06:00:36+00:00,2025-11-05 06:00:36,,,,,,,,,,19.6612492,6.046875,971.0,1032.52502,16.5625,,,14.87,0.0,15.51,,,,,,0.0,,
2025-11-05 06:00:37+00:00,2025-11-05 06:00:37,,,,,,,,,,19.6612492,6.046875,971.0,1032.52502,16.5625,,,14.87,0.0,15.51,,,,,,0.0,,
2025-11-05 06:00:38+00:00,2025-11-05 06:00:38,,,,,,,,,,19.6612492,6.08125019,971.0,1030.41248,16.7625008,,,14.87,0.0,15.51,,,,,,0.0,,
2025-11-05 06:00:39+00:00,2025-11-05 06:00:39,,,,,,,,,,19.6612492,6.08125019,971.0,1030.41248,16.7625008,,,14.87,0.0,15.51,,,,,,0.0,,
2025-11-05 06:00:40+00:00,2025-11-05 06:00:40,24.6612492,25.0,25.0,25.0,25.0,15.983428519260361,100.0,BO_ONLY,"BO 모델 결과만 사용 (1단계 롤백, 2~4단계에서 Hz 변화 없음)",,,,,,,,,,,,,,,,,,
2025-11-05 06:00:41+00:00,2025-11-05 06:00:41,,,,,,,,,,19.6612492,6.13593769,972.0,1030.3313,16.5375004,,,14.87,0.0,16.02,,,,,,0.0,,
2025-11-05 06:00:42+00:00,2025-11-05 06:00:42,,,,,,,,,,19.6612492,6.13593769,972.0,1030.3313,16.5375004,,,14.87,0.0,16.02,,,,,,0.0,,
2025-11-05 06:00:43+00:00,2025-11-05 06:00:43,,,,,,,,,,19.6612492,6.19062519,971.0,1028.78748,16.7124996,,,14.87,0.0,16.02,,,,,,0.0,,
2025-11-05 06:00:44+00:00,2025-11-05 06:00:44,,,,,,,,,,19.6612492,6.19062519,971.0,1028.78748,16.7124996,,,14.87,0.0,16.02,,,,,,0.0,,
2025-11-05 06:00:45+00:00,2025-11-05 06:00:45,24.6612492,26.0,26.0,26.0,26.0,16.422145768447397,100.0,BO_ONLY,"BO 모델 결과만 사용 (1단계 롤백, 2~4단계에서 Hz 변화 없음)",19.6612492,6.19062519,972.0,1029.84375,16.7374992,,,14.87,0.0,16.02,,,,,,0.0,,
2025-11-05 06:00:46+00:00,2025-11-05 06:00:46,,,,,,,,,,19.6612492,6.20781231,972.0,1029.84375,16.7374992,,,14.87,0.0,16.02,,,,,,0.0,,
2025-11-05 06:00:47+00:00,2025-11-05 06:00:47,,,,,,,,,,19.6612492,6.23124981,971.0,1028.05627,17.0125008,,,14.87,0.0,16.02,,,,,,0.0,,
2025-11-05 06:00:48+00:00,2025-11-05 06:00:48,,,,,,,,,,19.6612492,6.23124981,971.0,1028.05627,17.0125008,,,14.87,0.0,16.02,,,,,,0.0,,
2025-11-05 06:00:49+00:00,2025-11-05 06:00:49,,,,,,,,,,19.6612492,6.2874999,972.0,1028.21875,16.7374992,,,14.87,0.0,16.02,,,,,,0.0,,
2025-11-05 06:00:50+00:00,2025-11-05 06:00:50,24.6612492,26.0,26.0,26.0,26.0,16.228583981742073,100.0,BO_ONLY,"BO 모델 결과만 사용 (1단계 롤백, 2~4단계에서 Hz 변화 없음)",19.6612492,6.2874999,972.0,1028.21875,16.7374992,,,14.87,0.0,16.02,,,,,,0.0,,
2025-11-05 06:00:51+00:00,2025-11-05 06:00:51,,,,,,,,,,19.6612492,6.375,970.0,1028.30005,16.9750004,,,14.87,0.0,16.02,,,,,,0.0,,
2025-11-05 06:00:52+00:00,2025-11-05 06:00:52,,,,,,,,,,19.6612492,6.375,970.0,1028.30005,16.9750004,,,14.87,0.0,16.41,,,,,,0.0,,
2025-11-05 06:00:53+00:00,2025-11-05 06:00:53,,,,,,,,,,19.6612492,6.53125,970.0,1027.97498,17.2124996,,,14.87,0.0,16.41,,,,,,0.0,,
2025-11-05 06:00:54+00:00,2025-11-05 06:00:54,,,,,,,,,,19.6612492,6.53125,970.0,1027.97498,17.2124996,,,14.87,0.0,16.41,,,,,,0.0,,
2025-11-05 06:00:55+00:00,2025-11-05 06:00:55,24.6612492,25.0,25.0,25.0,25.0,16.448515342752554,100.0,BO_ONLY,"BO 모델 결과만 사용 (1단계 롤백, 2~4단계에서 Hz 변화 없음)",19.6612492,6.5531249,970.0,1027.7312,17.0874996,,,14.87,0.0,16.41,,,,,,0.0,,
2025-11-05 06:00:56+00:00,2025-11-05 06:00:56,,,,,,,,,,19.6612492,6.5531249,970.0,1027.7312,17.0874996,,,14.87,0.0,16.41,,,,,,0.0,,
2025-11-05 06:00:57+00:00,2025-11-05 06:00:57,,,,,,,,,,19.6612492,6.6781249,970.0,1026.43127,13.9499998,,,14.87,0.0,16.41,,,,,,0.0,,
2025-11-05 06:00:58+00:00,2025-11-05 06:00:58,,,,,,,,,,19.6612492,6.66093731,970.0,1025.4563,13.6625004,,,14.87,0.0,16.41,,,,,,0.0,,
2025-11-05 06:00:59+00:00,2025-11-05 06:00:59,,,,,,,,,,19.6612492,6.66093731,970.0,1025.4563,13.6625004,,,14.87,0.0,16.41,,,,,,0.0,,
2025-11-05 06:01:00+00:00,2025-11-05 06:01:00,24.0,24.0,24.0,24.0,24.0,14.723510632966267,100.0,BO_ONLY,"BO 모델 결과만 사용 (1단계 롤백, 2~4단계에서 Hz 변화 없음)",19.6612492,6.75,971.0,1025.69995,13.75,,3.0,14.87,0.0,16.41,,,,,,0.0,,
2025-11-05 06:01:01+00:00,2025-11-05 06:01:01,,,,,,,,,,19.6612492,6.75,971.0,1025.69995,13.75,,,14.87,0.0,16.41,,,,,,0.0,,
2025-11-05 06:01:02+00:00,2025-11-05 06:01:02,,,,,,,,,,19.6612492,6.87812519,971.0,1023.83124,13.875,,,14.87,0.0,13.24,,,,,,0.0,,
2025-11-05 06:01:03+00:00,2025-11-05 06:01:03,,,,,,,,,,19.6612492,6.87812519,971.0,1023.83124,13.875,,,14.87,0.0,13.24,,,,,,0.0,,
2025-11-05 06:01:04+00:00,2025-11-05 06:01:04,,,,,,,,,,19.6612492,6.98124981,970.0,1023.91248,13.8625002,,,14.87,0.0,13.24,,,,,,0.0,,
2025-11-05 06:01:05+00:00,2025-11-05 06:01:05,24.0,24.0,24.0,24.0,24.0,13.651802907205644,100.0,BO_ONLY,"BO 모델 결과만 사용 (1단계 롤백, 2~4단계에서 Hz 변화 없음)",19.6612492,6.99531269,969.0,1023.75,13.7375002,,,14.87,0.0,13.24,,,,,,0.0,,
2025-11-05 06:01:06+00:00,2025-11-05 06:01:06,,,,,,,,,,19.6612492,6.99531269,969.0,1023.75,13.7375002,,,14.87,0.0,13.24,,,,,,0.0,,
2025-11-05 06:01:07+00:00,2025-11-05 06:01:07,,,,,,,,,,19.6612492,6.99531269,969.0,1022.20624,14.1499996,,,14.87,0.0,13.24,,,,,,0.0,,
2025-11-05 06:01:08+00:00,2025-11-05 06:01:08,,,,,,,,,,19.6612492,7.06562519,970.0,1023.01874,13.8999996,,,14.87,0.0,13.24,,,,,,0.0,,
2025-11-05 06:01:09+00:00,2025-11-05 06:01:09,,,,,,,,,,19.6612492,7.06562519,970.0,1023.01874,13.8999996,,,14.87,0.0,13.24,,,,,,0.0,,
2025-11-05 06:01:10+00:00,2025-11-05 06:01:10,23.0,23.0,23.0,23.0,23.0,13.720007411793778,100.0,BO_ONLY,"BO 모델 결과만 사용 (1단계 롤백, 2~4단계에서 Hz 변화 없음)",19.6612492,7.18437481,969.0,1020.5,14.0874996,,,14.87,0.0,13.24,,,,,,0.0,,
2025-11-05 06:01:11+00:00,2025-11-05 06:01:11,,,,,,,,,,19.6612492,7.18437481,969.0,1020.5,14.0874996,,,14.87,0.0,13.46,,,,,,0.0,,
2025-11-05 06:01:12+00:00,2025-11-05 06:01:12,,,,,,,,,,19.6612492,7.2562499,969.0,1020.5,14.1750002,,,14.87,0.0,13.46,,,,,,0.0,,
2025-11-05 06:01:13+00:00,2025-11-05 06:01:13,,,,,,,,,,19.6612492,7.2562499,969.0,1020.5,14.1750002,,,14.87,0.0,13.46,,,,,,0.0,,
2025-11-05 06:01:14+00:00,2025-11-05 06:01:14,,,,,,,,,,19.6612492,7.2640624,970.0,1020.66248,14.0375004,,,14.87,0.0,13.46,,,,,,0.0,,
2025-11-05 06:01:15+00:00,2025-11-05 06:01:15,23.0,23.0,23.0,23.0,23.0,14.236035840650013,100.0,BO_ONLY,"BO 모델 결과만 사용 (1단계 롤백, 2~4단계에서 Hz 변화 없음)",19.6612492,7.3515625,970.0,1021.15002,13.8999996,,,14.87,0.0,13.46,,,,,,0.0,,
2025-11-05 06:01:16+00:00,2025-11-05 06:01:16,,,,,,,,,,19.6612492,7.3812499,969.0,1021.47498,13.0874996,,,14.87,0.0,13.46,,,,,,0.0,,
2025-11-05 06:01:17+00:00,2025-11-05 06:01:17,,,,,,,,,,19.6612492,7.3812499,969.0,1021.47498,13.0874996,,,14.87,0.0,13.46,,,,,,0.0,,
2025-11-05 06:01:18+00:00,2025-11-05 06:01:18,,,,,,,,,,19.6612492,7.36406231,969.0,1021.63751,13.0500002,,,14.87,0.0,13.46,,,,,,0.0,,
2025-11-05 06:01:19+00:00,2025-11-05 06:01:19,,,,,,,,,,19.6612492,7.36406231,969.0,1021.63751,13.0500002,,,14.87,0.0,13.46,,,,,,0.0,,
2025-11-05 06:01:20+00:00,2025-11-05 06:01:20,23.0,23.0,23.0,23.0,23.0,13.24871974786451,100.0,BO_ONLY,"BO 모델 결과만 사용 (1단계 롤백, 2~4단계에서 Hz 변화 없음)",19.6612492,7.4984374,969.0,1018.875,13.1875,,,14.87,0.0,13.46,,,,,,0.0,,
2025-11-05 06:01:21+00:00,2025-11-05 06:01:21,,,,,,,,,,19.6612492,7.4984374,969.0,1018.875,13.1875,,,14.87,0.0,13.46,,,,,,0.0,,
2025-11-05 06:01:22+00:00,2025-11-05 06:01:22,,,,,,,,,,19.6612492,7.5218749,969.0,1019.84998,13.125,,,14.87,0.0,12.59,,,,,,0.0,,
2025-11-05 06:01:23+00:00,2025-11-05 06:01:23,,,,,,,,,,19.6612492,7.5218749,969.0,1019.84998,13.125,,,14.87,0.0,12.59,,,,,,0.0,,
2025-11-05 06:01:24+00:00,2025-11-05 06:01:24,,,,,,,,,,19.6612492,7.62968731,969.0,1017.49377,13.0749998,,,14.87,0.0,12.59,,,,,,0.0,,
2025-11-05 06:01:25+00:00,2025-11-05 06:01:25,23.0,23.0,23.0,23.0,23.0,13.401839562606492,100.0,BO_ONLY,"BO 모델 결과만 사용 (1단계 롤백, 2~4단계에서 Hz 변화 없음)",19.6612492,7.68281269,969.0,1016.51874,12.9499998,,,14.87,0.0,12.59,,,,,,0.0,,
2025-11-05 06:01:26+00:00,2025-11-05 06:01:26,,,,,,,,,,19.6612492,7.68281269,969.0,1016.51874,12.9499998,,,14.87,0.0,12.59,,,,,,0.0,,
2025-11-05 06:01:27+00:00,2025-11-05 06:01:27,,,,,,,,,,19.6612492,7.75,969.0,1015.38123,13.1625004,,,14.87,0.0,12.59,,,,,,0.0,,
2025-11-05 06:01:28+00:00,2025-11-05 06:01:28,,,,,,,,,,19.6612492,7.75,969.0,1015.38123,13.1625004,,,14.87,0.0,12.59,,,,,,0.0,,
2025-11-05 06:01:29+00:00,2025-11-05 06:01:29,,,,,,,,,,19.6612492,7.8265624,969.0,1014.0,13.3374996,,,14.87,0.0,12.59,,,,,,0.0,,
2025-11-05 06:01:30+00:00,2025-11-05 06:01:30,22.0,22.0,22.0,22.0,22.0,13.81581239681075,100.0,BO_ONLY,"BO 모델 결과만 사용 (1단계 롤백, 2~4단계에서 Hz 변화 없음)",19.6612492,7.86250019,969.0,1014.16248,13.3625002,,,14.87,0.0,12.59,,,,,,0.0,,
2025-11-05 06:01:31+00:00,2025-11-05 06:01:31,,,,,,,,,,19.6612492,7.86250019,969.0,1014.16248,13.3625002,,,14.87,0.0,12.59,,,,,,0.0,,
2025-11-05 06:01:32+00:00,2025-11-05 06:01:32,,,,,,,,,,19.6612492,7.90312481,970.0,1015.13751,13.0625,,,14.87,0.0,12.63,,,,,,0.0,,
2025-11-05 06:01:33+00:00,2025-11-05 06:01:33,,,,,,,,,,19.6612492,7.9124999,968.0,1014.16248,13.3874998,,,14.87,0.0,12.63,,,,,,0.0,,
2025-11-05 06:01:34+00:00,2025-11-05 06:01:34,,,,,,,,,,19.6612492,7.99531269,969.0,1015.05627,13.2875004,,,14.87,0.0,12.63,,,,,,0.0,,
2025-11-05 06:01:35+00:00,2025-11-05 06:01:35,21.0,21.0,21.0,21.0,21.0,14.255927043342002,100.0,BO_ONLY,"BO 모델 결과만 사용 (1단계 롤백, 2~4단계에서 Hz 변화 없음)",19.6612492,7.99531269,969.0,1015.05627,13.2875004,,,14.87,0.0,12.63,,,,,,0.0,,
2025-11-05 06:01:36+00:00,2025-11-05 06:01:36,,,,,,,,,,19.6612492,8.06718731,968.0,1012.94373,12.8625002,,,14.87,0.0,12.63,,,,,,0.0,,
2025-11-05 06:01:37+00:00,2025-11-05 06:01:37,,,,,,,,,,19.6612492,8.16562462,969.0,1013.51251,12.6999998,,,14.87,0.0,12.63,,,,,,0.0,,
2025-11-05 06:01:38+00:00,2025-11-05 06:01:38,,,,,,,,,,19.6612492,8.16562462,969.0,1013.51251,12.6999998,,,14.87,0.0,12.63,,,,,,0.0,,
2025-11-05 06:01:39+00:00,2025-11-05 06:01:39,,,,,,,,,,19.6612492,8.16562462,969.0,1010.91248,12.9125004,,,14.87,0.0,12.63,,,,,,0.0,,
2025-11-05 06:01:40+00:00,2025-11-05 06:01:40,21.0,21.0,21.0,21.0,21.0,14.031876473445072,100.0,BO_ONLY,"BO 모델 결과만 사용 (1단계 롤백, 2~4단계에서 Hz 변화 없음)",19.6612492,8.25937462,967.0,1010.91248,12.9125004,,,14.87,0.0,12.19,,,,,,0.0,,
2025-11-05 06:01:41+00:00,2025-11-05 06:01:41,,,,,,,,,,19.6612492,8.25937462,967.0,1010.91248,12.9125004,,,14.87,0.0,12.19,,,,,,0.0,,
2025-11-05 06:01:42+00:00,2025-11-05 06:01:42,,,,,,,,,,19.6612492,8.36093712,968.0,1011.80627,12.6499996,,,14.87,0.0,12.19,,,,,,0.0,,
2025-11-05 06:01:43+00:00,2025-11-05 06:01:43,,,,,,,,,,19.6612492,8.43124962,968.0,1010.75,12.8999996,,,14.87,0.0,12.19,,,,,,0.0,,
2025-11-05 06:01:44+00:00,2025-11-05 06:01:44,,,,,,,,,,19.6612492,8.43124962,968.0,1010.75,12.8999996,,,14.87,0.0,12.19,,,,,,0.0,,
2025-11-05 06:01:45+00:00,2025-11-05 06:01:45,21.0,21.0,21.0,21.0,21.0,14.42851566264511,100.0,BO_ONLY,"BO 모델 결과만 사용 (1단계 롤백, 2~4단계에서 Hz 변화 없음)",19.6612492,8.50937462,968.0,1009.61249,12.8125,,,14.87,0.0,12.19,,,,,,0.0,,
2025-11-05 06:01:46+00:00,2025-11-05 06:01:46,,,,,,,,,,19.6612492,8.50937462,968.0,1009.61249,12.8125,,,14.87,0.0,12.19,,,,,,0.0,,
2025-11-05 06:01:47+00:00,2025-11-05 06:01:47,,,,,,,,,,19.6612492,8.55000019,968.0,1008.23126,12.9125004,,,14.87,0.0,12.19,,,,,,0.0,,
2025-11-05 06:01:48+00:00,2025-11-05 06:01:48,,,,,,,,,,19.6612492,8.55000019,968.0,1008.23126,12.9125004,,,14.87,0.0,12.19,,,,,,0.0,,
2025-11-05 06:01:49+00:00,2025-11-05 06:01:49,,,,,,,,,,19.6612492,8.63906288,968.0,1008.63751,12.875,,,14.87,0.0,12.19,,,,,,0.0,,
2025-11-05 06:01:50+00:00,2025-11-05 06:01:50,21.0,21.0,21.0,21.0,21.0,14.706183164549849,100.0,BO_ONLY,"BO 모델 결과만 사용 (1단계 롤백, 2~4단계에서 Hz 변화 없음)",19.6612492,8.75,969.0,1008.47498,12.9624996,,,14.87,0.0,12.42,,,,,,0.0,,
2025-11-05 06:01:51+00:00,2025-11-05 06:01:51,,,,,,,,,,19.6612492,8.75,969.0,1008.47498,12.9624996,,,14.87,0.0,12.42,,,,,,0.0,,
2025-11-05 06:01:52+00:00,2025-11-05 06:01:52,,,,,,,,,,19.6612492,8.81875038,969.0,1008.15002,13.0124998,,,14.87,0.0,12.42,,,,,,0.0,,
2025-11-05 06:01:53+00:00,2025-11-05 06:01:53,,,,,,,,,,19.6612492,8.81093788,968.0,1008.23126,13.0124998,,,14.87,0.0,12.42,,,,,,0.0,,
2025-11-05 06:01:54+00:00,2025-11-05 06:01:54,,,,,,,,,,19.6612492,8.81093788,968.0,1008.23126,13.1499996,,,14.87,0.0,12.42,,,,,,0.0,,
2025-11-05 06:01:55+00:00,2025-11-05 06:01:55,21.0,21.0,21.0,21.0,21.0,14.8776947411441,100.0,BO_ONLY,"BO 모델 결과만 사용 (1단계 롤백, 2~4단계에서 Hz 변화 없음)",19.6612492,8.9140625,967.0,1006.20001,13.1499996,,,14.87,0.0,12.42,,,,,,0.0,,
2025-11-05 06:01:56+00:00,2025-11-05 06:01:56,,,,,,,,,,19.6612492,8.9140625,967.0,1006.20001,12.9624996,,,14.87,0.0,12.42,,,,,,0.0,,
2025-11-05 06:01:57+00:00,2025-11-05 06:01:57,,,,,,,,,,19.6612492,9.06406212,969.0,1006.52502,12.9624996,,,14.87,0.0,12.42,,,,,,0.0,,
2025-11-05 06:01:58+00:00,2025-11-05 06:01:58,,,,,,,,,,19.6612492,9.046875,968.0,1004.98126,12.8874998,,,14.87,0.0,12.42,,,,,,0.0,,
2025-11-05 06:01:59+00:00,2025-11-05 06:01:59,,,,,,,,,,19.6612492,9.046875,968.0,1004.98126,12.8874998,,,14.87,0.0,12.42,,,,,,0.0,,
2025-11-05 06:02:00+00:00,2025-11-05 06:02:00,21.0,21.0,21.0,21.0,21.0,14.742408845886436,100.0,BO_ONLY,"BO 모델 결과만 사용 (1단계 롤백, 2~4단계에서 Hz 변화 없음)",19.6612492,9.046875,966.0,1002.54376,12.875,,3.0,14.87,0.0,12.42,,,,,,0.0,,
2025-11-05 06:02:01+00:00,2025-11-05 06:02:01,,,,,,,,,,19.6612492,9.27812481,966.0,1002.54376,12.875,,,14.87,0.0,12.04,,,,,,0.0,,
2025-11-05 06:02:02+00:00,2025-11-05 06:02:02,,,,,,,,,,19.6612492,9.27812481,967.0,1002.95001,13.0,,,14.87,0.0,12.04,,,,,,0.0,,
2025-11-05 06:02:03+00:00,2025-11-05 06:02:03,,,,,,,,,,19.6612492,9.31562519,967.0,1002.95001,13.0,,,14.87,0.0,12.04,,,,,,0.0,,
2025-11-05 06:02:04+00:00,2025-11-05 06:02:04,,,,,,,,,,19.6612492,9.31562519,966.0,1001.65002,12.6875,,,14.87,0.0,12.04,,,,,,0.0,,
2025-11-05 06:02:05+00:00,2025-11-05 06:02:05,21.0,21.0,21.0,21.0,21.0,14.562100393134203,100.0,BO_ONLY,"BO 모델 결과만 사용 (1단계 롤백, 2~4단계에서 Hz 변화 없음)",19.6612492,9.37187481,967.0,1001.56873,12.9250002,,,14.87,0.0,12.04,,,,,,0.0,,
2025-11-05 06:02:06+00:00,2025-11-05 06:02:06,,,,,,,,,,19.6612492,9.43906212,966.0,1002.05627,12.9250002,,,14.87,0.0,12.04,,,,,,0.0,,
2025-11-05 06:02:07+00:00,2025-11-05 06:02:07,,,,,,,,,,19.6612492,9.43906212,966.0,1002.05627,12.9624996,,,14.87,0.0,12.04,,,,,,0.0,,
2025-11-05 06:02:08+00:00,2025-11-05 06:02:08,,,,,,,,,,19.6612492,9.53281212,965.0,1001.16248,12.9624996,,,14.87,0.0,12.04,,,,,,0.0,,
2025-11-05 06:02:09+00:00,2025-11-05 06:02:09,,,,,,,,,,19.6612492,9.46249962,965.0,1000.26874,12.5500002,,,14.87,0.0,12.04,,,,,,0.0,,
2025-11-05 06:02:10+00:00,2025-11-05 06:02:10,18.0,18.0,18.0,18.0,18.0,14.53597359905343,100.0,BO_ONLY,"BO 모델 결과만 사용 (1단계 롤백, 2~4단계에서 Hz 변화 없음)",19.6612492,9.46249962,965.0,1000.26874,12.5500002,,,14.87,0.0,12.24,,,,,,0.0,,
2025-11-05 06:02:11+00:00,2025-11-05 06:02:11,,,,,,,,,,19.6612492,9.62656212,965.0,998.5625,13.1875,,,14.87,0.0,12.24,,,,,,0.0,,
2025-11-05 06:02:12+00:00,2025-11-05 06:02:12,,,,,,,,,,19.6612492,9.62656212,965.0,998.5625,13.1875,,,14.87,0.0,12.24,,,,,,0.0,,
2025-11-05 06:02:13+00:00,2025-11-05 06:02:13,,,,,,,,,,19.6612492,9.68593788,965.0,998.643738,12.9499998,,,14.87,0.0,12.24,,,,,,0.0,,
2025-11-05 06:02:14+00:00,2025-11-05 06:02:14,,,,,,,,,,19.6612492,9.68593788,965.0,998.643738,12.9499998,,,14.87,0.0,12.24,,,,,,0.0,,
2025-11-05 06:02:15+00:00,2025-11-05 06:02:15,18.0,18.0,18.0,18.0,18.0,14.52458081638771,100.0,BO_ONLY,"BO 모델 결과만 사용 (1단계 롤백, 2~4단계에서 Hz 변화 없음)",19.6612492,9.65156269,966.0,997.831238,12.5124998,,,14.87,0.0,12.24,,,,,,0.0,,
2025-11-05 06:02:17+00:00,2025-11-05 06:02:17,,,,,,,,,,19.6612492,9.76249981,965.0,996.206238,12.6750002,,,14.87,0.0,12.24,,,,,,0.0,,
2025-11-05 06:02:18+00:00,2025-11-05 06:02:18,,,,,,,,,,19.6612492,9.76249981,965.0,996.206238,12.6750002,,,14.87,0.0,12.24,,,,,,0.0,,
2025-11-05 06:02:19+00:00,2025-11-05 06:02:19,,,,,,,,,,19.6612492,9.72968769,964.0,994.256226,12.5749998,,,14.87,0.0,12.24,,,,,,0.0,,
2025-11-05 06:02:20+00:00,2025-11-05 06:02:20,18.0,18.0,18.0,18.0,18.0,14.08859106497065,100.0,BO_ONLY,"BO 모델 결과만 사용 (1단계 롤백, 2~4단계에서 Hz 변화 없음)",19.6612492,9.72968769,964.0,994.256226,12.5749998,,,14.87,0.0,12.24,,,,,,0.0,,
2025-11-05 06:02:21+00:00,2025-11-05 06:02:21,,,,,,,,,,19.6612492,9.88593769,964.0,995.231262,12.7375002,,,14.87,0.0,12.0,,,,,,0.0,,
2025-11-05 06:02:22+00:00,2025-11-05 06:02:22,,,,,,,,,,19.6612492,9.88593769,964.0,995.231262,12.7375002,,,14.87,0.0,12.0,,,,,,0.0,,
2025-11-05 06:02:23+00:00,2025-11-05 06:02:23,,,,,,,,,,19.6612492,9.89687538,965.0,995.068726,12.7375002,,,14.87,0.0,12.0,,,,,,0.0,,
2025-11-05 06:02:24+00:00,2025-11-05 06:02:24,,,,,,,,,,19.6612492,9.89687538,965.0,995.068726,12.8249998,,,14.87,0.0,12.0,,,,,,0.0,,
2025-11-05 06:02:25+00:00,2025-11-05 06:02:25,18.0,18.0,18.0,18.0,18.0,14.039580168417258,100.0,BO_ONLY,"BO 모델 결과만 사용 (1단계 롤백, 2~4단계에서 Hz 변화 없음)",19.6612492,9.98906231,965.0,995.393738,12.8249998,,,14.87,0.0,12.0,,,,,,0.0,,
2025-11-05 06:02:26+00:00,2025-11-05 06:02:26,,,,,,,,,,19.6612492,9.98906231,965.0,995.393738,13.6625004,,,14.87,0.0,12.0,,,,,,0.0,,
2025-11-05 06:02:27+00:00,2025-11-05 06:02:27,,,,,,,,,,19.6612492,10.03125,963.0,994.012512,13.6374998,,,14.87,0.0,12.0,,,,,,0.0,,
2025-11-05 06:02:28+00:00,2025-11-05 06:02:28,,,,,,,,,,19.6612492,9.98593712,964.0,993.443726,13.7250004,,,14.87,0.0,12.0,,,,,,0.0,,
2025-11-05 06:02:29+00:00,2025-11-05 06:02:29,,,,,,,,,,19.6612492,9.98593712,964.0,993.443726,13.7250004,,,14.87,0.0,12.0,,,,,,0.0,,
2025-11-05 06:02:30+00:00,2025-11-05 06:02:30,18.0,18.0,18.0,18.0,18.0,14.49115859547788,100.0,BO_ONLY,"BO 모델 결과만 사용 (1단계 롤백, 2~4단계에서 Hz 변화 없음)",19.6612492,10.0703125,964.0,993.443726,13.9375,,,14.87,0.0,12.0,,,,,,0.0,,
2025-11-05 06:02:31+00:00,2025-11-05 06:02:31,,,,,,,,,,19.6612492,10.1078129,963.0,990.193726,13.7624998,,,14.87,0.0,12.0,,,,,,0.0,,
2025-11-05 06:02:32+00:00,2025-11-05 06:02:32,,,,,,,,,,19.6612492,10.1078129,963.0,990.193726,13.7624998,,,14.87,0.0,12.94,,,,,,0.0,,
2025-11-05 06:02:33+00:00,2025-11-05 06:02:33,,,,,,,,,,19.6612492,10.1125002,964.0,990.193726,13.8500004,,,14.87,0.0,12.94,,,,,,0.0,,
2025-11-05 06:02:34+00:00,2025-11-05 06:02:34,,,,,,,,,,19.6612492,10.1125002,964.0,988.650024,13.8500004,,,14.87,0.0,12.94,,,,,,0.0,,
2025-11-05 06:02:35+00:00,2025-11-05 06:02:35,18.0,18.0,18.0,18.0,18.0,14.54916601647199,100.0,BO_ONLY,"BO 모델 결과만 사용 (1단계 롤백, 2~4단계에서 Hz 변화 없음)",19.6612492,10.15625,963.0,988.162476,13.875,,,14.87,0.0,12.94,,,,,,0.0,,
2025-11-05 06:02:36+00:00,2025-11-05 06:02:36,,,,,,,,,,19.6612492,10.1499996,963.0,989.462524,14.1999998,,,14.87,0.0,12.94,,,,,,0.0,,
2025-11-05 06:02:37+00:00,2025-11-05 06:02:37,,,,,,,,,,19.6612492,10.1499996,963.0,989.462524,14.1999998,,,14.87,0.0,12.94,,,,,,0.0,,
2025-11-05 06:02:38+00:00,2025-11-05 06:02:38,,,,,,,,,,19.6612492,10.2265625,961.0,989.462524,14.0874996,,,14.87,0.0,12.94,,,,,,0.0,,
2025-11-05 06:02:39+00:00,2025-11-05 06:02:39,,,,,,,,,,19.6612492,10.2265625,961.0,989.462524,14.0874996,,,14.87,0.0,12.94,,,,,,0.0,,
2025-11-05 06:02:40+00:00,2025-11-05 06:02:40,18.0,18.0,18.0,18.0,18.0,15.022901354476373,100.0,BO_ONLY,"BO 모델 결과만 사용 (1단계 롤백, 2~4단계에서 Hz 변화 없음)",19.6612492,10.3671875,961.0,987.674988,13.9125004,,,14.87,0.0,12.94,,,,,,0.0,,
2025-11-05 06:02:41+00:00,2025-11-05 06:02:41,,,,,,,,,,19.6612492,10.3671875,961.0,987.674988,13.9125004,,,14.87,0.0,12.94,,,,,,0.0,,
2025-11-05 06:02:42+00:00,2025-11-05 06:02:42,,,,,,,,,,19.6612492,10.4250002,962.0,985.887512,13.2749996,,,14.87,0.0,13.45,,,,,,0.0,,
2025-11-05 06:02:43+00:00,2025-11-05 06:02:43,,,,,,,,,,19.6612492,10.4250002,962.0,985.887512,13.2749996,,,14.87,0.0,13.45,,,,,,0.0,,
2025-11-05 06:02:44+00:00,2025-11-05 06:02:44,,,,,,,,,,19.6612492,10.4671879,962.0,985.724976,13.3374996,,,14.87,0.0,13.45,,,,,,0.0,,
2025-11-05 06:02:45+00:00,2025-11-05 06:02:45,18.0,18.0,18.0,18.0,18.0,14.477040023917747,100.0,BO_ONLY,"BO 모델 결과만 사용 (1단계 롤백, 2~4단계에서 Hz 변화 없음)",19.6612492,10.4671879,962.0,985.724976,13.3374996,,,14.87,0.0,13.45,,,,,,0.0,,
2025-11-05 06:02:46+00:00,2025-11-05 06:02:46,,,,,,,,,,19.6612492,10.4578123,961.0,984.912476,13.8500004,,,14.87,0.0,13.45,,,,,,0.0,,
2025-11-05 06:02:47+00:00,2025-11-05 06:02:47,,,,,,,,,,19.6612492,10.5359373,963.0,984.181274,13.5749998,,,14.87,0.0,13.45,,,,,,0.0,,
2025-11-05 06:02:48+00:00,2025-11-05 06:02:48,,,,,,,,,,19.6612492,10.5359373,963.0,984.181274,13.5749998,,,14.87,0.0,13.45,,,,,,0.0,,
2025-11-05 06:02:49+00:00,2025-11-05 06:02:49,,,,,,,,,,19.6612492,10.6453123,961.0,981.581238,13.3625002,,,14.87,0.0,13.45,,,,,,0.0,,
2025-11-05 06:02:50+00:00,2025-11-05 06:02:50,18.0,18.0,18.0,18.0,18.0,14.452909527967297,100.0,BO_ONLY,"BO 모델 결과만 사용 (1단계 롤백, 2~4단계에서 Hz 변화 없음)",19.6612492,10.6453123,961.0,981.581238,13.3625002,,,14.87,0.0,13.45,,,,,,0.0,,
2025-11-05 06:02:51+00:00,2025-11-05 06:02:51,,,,,,,,,,19.6612492,10.6499996,962.0,981.90625,13.9375,,,14.87,0.0,12.89,,,,,,0.0,,
2025-11-05 06:02:52+00:00,2025-11-05 06:02:52,,,,,,,,,,19.6612492,10.6499996,962.0,981.90625,13.9375,,,14.87,0.0,12.89,,,,,,0.0,,
2025-11-05 06:02:53+00:00,2025-11-05 06:02:53,,,,,,,,,,19.6612492,10.7328129,962.0,982.3125,14.0249996,,,14.87,0.0,12.89,,,,,,0.0,,
2025-11-05 06:02:54+00:00,2025-11-05 06:02:54,,,,,,,,,,19.6612492,10.7328129,962.0,982.3125,14.0249996,,,14.87,0.0,12.89,,,,,,0.0,,
2025-11-05 06:02:55+00:00,2025-11-05 06:02:55,18.0,18.0,18.0,18.0,18.0,14.522196796255086,100.0,BO_ONLY,"BO 모델 결과만 사용 (1단계 롤백, 2~4단계에서 Hz 변화 없음)",19.6612492,10.8015623,962.0,982.393738,13.8125,,,14.87,0.0,12.89,,,,,,0.0,,
2025-11-05 06:02:56+00:00,2025-11-05 06:02:56,,,,,,,,,,19.6612492,10.8828125,962.0,980.606262,13.9875002,,,14.87,0.0,12.89,,,,,,0.0,,
2025-11-05 06:02:57+00:00,2025-11-05 06:02:57,,,,,,,,,,19.6612492,10.9125004,961.0,980.768738,13.9624996,,,14.87,0.0,12.89,,,,,,0.0,,
2025-11-05 06:02:58+00:00,2025-11-05 06:02:58,,,,,,,,,,19.6612492,10.9125004,961.0,980.768738,13.9624996,,,14.87,0.0,12.89,,,,,,0.0,,
2025-11-05 06:02:59+00:00,2025-11-05 06:02:59,,,,,,,,,,19.6612492,10.9250002,962.0,978.412476,13.9375,,,14.87,0.0,12.89,,,,,,0.0,,
2025-11-05 06:03:00+00:00,2025-11-05 06:03:00,18.0,18.0,18.0,18.0,18.0,14.492760484691525,100.0,BO_ONLY,"BO 모델 결과만 사용 (1단계 롤백, 2~4단계에서 Hz 변화 없음)",19.6612492,10.9250002,962.0,978.412476,13.9375,,3.0,14.87,0.0,12.89,,,,,,0.0,,
2025-11-05 06:03:01+00:00,2025-11-05 06:03:01,,,,,,,,,,19.6612492,11.0500002,962.0,977.112488,13.9125004,,,14.87,0.0,13.54,,,,,,0.0,,
2025-11-05 06:03:02+00:00,2025-11-05 06:03:02,,,,,,,,,,19.6612492,11.0500002,962.0,977.112488,13.9125004,,,14.87,0.0,13.54,,,,,,0.0,,
2025-11-05 06:03:03+00:00,2025-11-05 06:03:03,,,,,,,,,,19.6612492,11.0484371,962.0,976.381226,13.7875004,,,14.87,0.0,13.54,,,,,,0.0,,
2025-11-05 06:03:04+00:00,2025-11-05 06:03:04,,,,,,,,,,19.6612492,11.0484371,962.0,976.381226,13.7875004,,,14.87,0.0,13.54,,,,,,0.0,,
2025-11-05 06:03:05+00:00,2025-11-05 06:03:05,19.0,19.0,19.0,19.0,19.0,14.34082630522465,100.0,BO_ONLY,"BO 모델 결과만 사용 (1단계 롤백, 2~4단계에서 Hz 변화 없음)",19.6612492,11.2109375,961.0,976.381226,14.1374998,,,14.87,0.0,13.54,,,,,,0.0,,
2025-11-05 06:03:06+00:00,2025-11-05 06:03:06,,,,,,,,,,19.6612492,11.2109375,961.0,976.21875,14.1374998,,,14.87,0.0,13.54,,,,,,0.0,,
2025-11-05 06:03:07+00:00,2025-11-05 06:03:07,,,,,,,,,,19.6612492,11.2281246,961.0,976.21875,14.1625004,,,14.87,0.0,13.54,,,,,,0.0,,
2025-11-05 06:03:08+00:00,2025-11-05 06:03:08,,,,,,,,,,19.6612492,11.3031254,961.0,974.674988,14.0500002,,,14.87,0.0,13.54,,,,,,0.0,,
2025-11-05 06:03:09+00:00,2025-11-05 06:03:09,,,,,,,,,,19.6612492,11.3031254,961.0,974.674988,14.0500002,,,14.87,0.0,13.54,,,,,,0.0,,
2025-11-05 06:03:10+00:00,2025-11-05 06:03:10,19.0,19.0,19.0,19.0,19.0,14.743925922840598,100.0,BO_ONLY,"BO 모델 결과만 사용 (1단계 롤백, 2~4단계에서 Hz 변화 없음)",19.6612492,11.2718754,960.0,973.293762,14.4750004,,,14.87,0.0,13.54,,,,,,0.0,,
2025-11-05 06:03:11+00:00,2025-11-05 06:03:11,,,,,,,,,,19.6612492,11.2718754,960.0,973.293762,14.4750004,,,14.87,0.0,13.6,,,,,,0.0,,
2025-11-05 06:03:12+00:00,2025-11-05 06:03:12,,,,,,,,,,19.6612492,11.4078121,960.0,972.5625,14.375,,,14.87,0.0,13.6,,,,,,0.0,,
2025-11-05 06:03:13+00:00,2025-11-05 06:03:13,,,,,,,,,,19.6612492,11.4078121,960.0,972.5625,14.375,,,14.87,0.0,13.6,,,,,,0.0,,
2025-11-05 06:03:14+00:00,2025-11-05 06:03:14,,,,,,,,,,19.6612492,11.4125004,961.0,972.481262,14.8625002,,,14.87,0.0,13.6,,,,,,0.0,,
2025-11-05 06:03:15+00:00,2025-11-05 06:03:15,19.0,19.0,19.0,19.0,19.0,15.819692476651287,100.0,BO_ONLY,"BO 모델 결과만 사용 (1단계 롤백, 2~4단계에서 Hz 변화 없음)",19.6612492,11.4125004,961.0,972.481262,14.8625002,,,14.87,0.0,13.6,,,,,,0.0,,
2025-11-05 06:03:16+00:00,2025-11-05 06:03:16,,,,,,,,,,19.6612492,11.4640627,960.0,971.424988,14.8249998,,,14.87,0.0,13.6,,,,,,0.0,,
2025-11-05 06:03:17+00:00,2025-11-05 06:03:17,,,,,,,,,,19.6612492,11.4640627,960.0,971.424988,14.8249998,,,14.87,0.0,13.6,,,,,,0.0,,
2025-11-05 06:03:18+00:00,2025-11-05 06:03:18,,,,,,,,,,19.6612492,11.4421873,961.0,968.987488,14.8874998,,,14.87,0.0,13.6,,,,,,0.0,,
2025-11-05 06:03:19+00:00,2025-11-05 06:03:19,,,,,,,,,,19.6612492,11.4421873,962.0,968.987488,14.8249998,,,14.87,0.0,13.6,,,,,,0.0,,
2025-11-05 06:03:20+00:00,2025-11-05 06:03:20,19.0,19.0,19.0,19.0,19.0,16.06664963662714,100.0,BO_ONLY,"BO 모델 결과만 사용 (1단계 롤백, 2~4단계에서 Hz 변화 없음)",19.6612492,11.5296879,962.0,968.987488,14.8249998,,,14.87,0.0,14.4,,,,,,0.0,,
2025-11-05 06:03:21+00:00,2025-11-05 06:03:21,,,,,,,,,,19.6612492,11.5296879,961.0,968.825012,16.2000008,,,14.87,0.0,14.4,,,,,,0.0,,
2025-11-05 06:03:22+00:00,2025-11-05 06:03:22,,,,,,,,,,19.6612492,11.5453129,961.0,968.825012,16.2000008,,,14.87,0.0,14.4,,,,,,0.0,,
2025-11-05 06:03:23+00:00,2025-11-05 06:03:23,,,,,,,,,,19.6612492,11.5484371,962.0,968.987488,16.4375,,,14.87,0.0,14.4,,,,,,0.0,,
2025-11-05 06:03:24+00:00,2025-11-05 06:03:24,,,,,,,,,,19.6612492,11.5484371,962.0,968.987488,16.4375,,,14.87,0.0,14.4,,,,,,0.0,,
2025-11-05 06:03:25+00:00,2025-11-05 06:03:25,19.0,19.0,19.0,19.0,19.0,18.12373289782097,100.0,BO_ONLY,"BO 모델 결과만 사용 (1단계 롤백, 2~4단계에서 Hz 변화 없음)",19.6612492,11.5984373,961.0,967.849976,16.7875004,,,14.87,0.0,14.4,,,,,,0.0,,
2025-11-05 06:03:26+00:00,2025-11-05 06:03:26,,,,,,,,,,19.6612492,11.5984373,961.0,967.849976,16.7875004,,,14.87,0.0,14.4,,,,,,0.0,,
2025-11-05 06:03:27+00:00,2025-11-05 06:03:27,,,,,,,,,,19.6612492,11.5203123,962.0,966.224976,17.0625,,,14.87,0.0,14.4,,,,,,0.0,,
2025-11-05 06:03:28+00:00,2025-11-05 06:03:28,,,,,,,,,,19.6612492,11.5390625,962.0,965.493774,16.5499992,,,14.87,0.0,14.4,,,,,,0.0,,
2025-11-05 06:03:29+00:00,2025-11-05 06:03:29,,,,,,,,,,19.6612492,11.5390625,962.0,965.493774,16.5499992,,,14.87,0.0,14.4,,,,,,0.0,,
2025-11-05 06:03:30+00:00,2025-11-05 06:03:30,19.0,19.0,19.0,19.0,19.0,18.719323344707384,100.0,BO_ONLY,"BO 모델 결과만 사용 (1단계 롤백, 2~4단계에서 Hz 변화 없음)",19.6612492,11.3562498,962.0,963.706238,17.1124992,,,14.87,0.0,16.09,,,,,,0.0,,
2025-11-05 06:03:31+00:00,2025-11-05 06:03:31,,,,,,,,,,19.6612492,11.3562498,962.0,963.706238,17.1124992,,,14.87,0.0,16.09,,,,,,0.0,,
2025-11-05 06:03:32+00:00,2025-11-05 06:03:32,,,,,,,,,,19.6612492,11.3562498,962.0,963.706238,17.1124992,,,14.87,0.0,16.09,,,,,,0.0,,
2025-11-05 06:03:33+00:00,2025-11-05 06:03:33,,,,,,,,,,19.6612492,11.2359371,962.0,962.974976,16.8250008,,,14.87,0.0,16.09,,,,,,0.0,,
2025-11-05 06:03:34+00:00,2025-11-05 06:03:34,,,,,,,,,,19.6612492,11.1750002,962.0,962.40625,16.9500008,,,14.87,0.0,16.09,,,,,,0.0,,
2025-11-05 06:03:35+00:00,2025-11-05 06:03:35,19.0,19.0,19.0,19.0,19.0,18.299592208174342,100.0,BO_ONLY,"BO 모델 결과만 사용 (1단계 롤백, 2~4단계에서 Hz 변화 없음)",19.6612492,11.1750002,962.0,962.40625,16.9500008,,,14.87,0.0,16.09,,,,,,0.0,,
2025-11-05 06:03:36+00:00,2025-11-05 06:03:36,,,,,,,,,,19.6612492,10.9234371,962.0,962.40625,17.4500008,,,14.87,0.0,16.09,,,,,,0.0,,
2025-11-05 06:03:37+00:00,2025-11-05 06:03:37,,,,,,,,,,19.6612492,10.78125,962.0,962.243774,17.3500004,,,14.87,0.0,16.09,,,,,,0.0,,
2025-11-05 06:03:38+00:00,2025-11-05 06:03:38,,,,,,,,,,19.6612492,10.78125,962.0,962.243774,17.3500004,,,14.87,0.0,16.09,,,,,,0.0,,
2025-11-05 06:03:39+00:00,2025-11-05 06:03:39,,,,,,,,,,19.6612492,10.3718748,962.0,962.974976,17.2749996,,,14.87,0.0,16.09,,,,,,0.0,,
2025-11-05 06:03:40+00:00,2025-11-05 06:03:40,19.0,19.0,19.0,19.0,19.0,17.84705325908459,100.0,BO_ONLY,"BO 모델 결과만 사용 (1단계 롤백, 2~4단계에서 Hz 변화 없음)",19.6612492,10.2671871,962.0,962.8125,17.2625008,,,14.87,0.0,16.09,,,,,,0.0,,
2025-11-05 06:03:41+00:00,2025-11-05 06:03:41,,,,,,,,,,19.6612492,10.2671871,962.0,962.8125,17.2625008,,,14.87,0.0,16.79,,,,,,0.0,,
2025-11-05 06:03:42+00:00,2025-11-05 06:03:42,,,,,,,,,,19.6612492,9.87968731,962.0,961.431274,16.875,,,14.87,0.0,16.79,,,,,,0.0,,
2025-11-05 06:03:43+00:00,2025-11-05 06:03:43,,,,,,,,,,19.6612492,9.87968731,962.0,961.431274,16.875,,,14.87,0.0,16.79,,,,,,0.0,,
2025-11-05 06:03:44+00:00,2025-11-05 06:03:44,,,,,,,,,,19.6612492,9.68437481,962.0,961.431274,16.8125,,,14.87,0.0,16.79,,,,,,0.0,,
2025-11-05 06:03:45+00:00,2025-11-05 06:03:45,19.0,19.0,19.0,19.0,19.0,17.13074984314939,100.0,BO_ONLY,"BO 모델 결과만 사용 (1단계 롤백, 2~4단계에서 Hz 변화 없음)",19.6612492,9.5390625,961.0,958.75,16.6124992,,,14.87,0.0,16.79,,,,,,0.0,,
2025-11-05 06:03:46+00:00,2025-11-05 06:03:46,,,,,,,,,,19.6612492,9.5390625,961.0,958.75,16.6124992,,,14.87,0.0,16.79,,,,,,0.0,,
2025-11-05 06:03:47+00:00,2025-11-05 06:03:47,,,,,,,,,,19.6612492,9.22812462,962.0,959.96875,17.1749992,,,14.87,0.0,16.79,,,,,,0.0,,
2025-11-05 06:03:48+00:00,2025-11-05 06:03:48,,,,,,,,,,19.6612492,9.22812462,962.0,959.96875,17.1749992,,,14.87,0.0,16.79,,,,,,0.0,,
2025-11-05 06:03:49+00:00,2025-11-05 06:03:49,,,,,,,,,,19.6612492,9.09062481,961.0,959.724976,17.0750008,,,14.87,0.0,16.79,,,,,,0.0,,
2025-11-05 06:03:50+00:00,2025-11-05 06:03:50,20.0,20.0,20.0,20.0,20.0,16.93321007019598,100.0,BO_ONLY,"BO 모델 결과만 사용 (1단계 롤백, 2~4단계에서 Hz 변화 없음)",19.6612492,9.09062481,961.0,959.724976,17.0750008,,,14.87,0.0,16.79,,,,,,0.0,,
2025-11-05 06:03:51+00:00,2025-11-05 06:03:51,,,,,,,,,,19.6612492,8.97812462,961.0,959.724976,17.5499992,,,14.87,0.0,16.61,,,,,,0.0,,
2025-11-05 06:03:52+00:00,2025-11-05 06:03:52,,,,,,,,,,19.6612492,8.86406231,962.0,958.75,17.5750008,,,14.87,0.0,16.61,,,,,,0.0,,
2025-11-05 06:03:54+00:00,2025-11-05 06:03:54,,,,,,,,,,19.6612492,8.86406231,962.0,958.75,17.5750008,,,14.87,0.0,16.61,,,,,,0.0,,
2025-11-05 06:03:55+00:00,2025-11-05 06:03:55,20.0,20.0,20.0,20.0,20.0,15.559676727658946,100.0,BO_ONLY,"BO 모델 결과만 사용 (1단계 롤백, 2~4단계에서 Hz 변화 없음)",19.6612492,8.67812538,962.0,957.368774,17.6499996,,,14.87,0.0,16.61,,,,,,0.0,,
2025-11-05 06:03:56+00:00,2025-11-05 06:03:56,,,,,,,,,,19.6612492,8.70781231,963.0,958.181274,17.4750004,,,14.87,0.0,16.61,,,,,,0.0,,
2025-11-05 06:03:57+00:00,2025-11-05 06:03:57,,,,,,,,,,19.6612492,8.70781231,963.0,958.181274,17.4750004,,,14.87,0.0,16.61,,,,,,0.0,,
2025-11-05 06:03:58+00:00,2025-11-05 06:03:58,,,,,,,,,,19.6612492,8.53281212,962.0,955.743774,17.5874996,,,14.87,0.0,16.61,,,,,,0.0,,
2025-11-05 06:03:59+00:00,2025-11-05 06:03:59,,,,,,,,,,19.6612492,8.53281212,962.0,955.743774,17.5874996,,,14.87,0.0,16.61,,,,,,0.0,,
2025-11-05 06:04:00+00:00,2025-11-05 06:04:00,20.0,20.0,20.0,20.0,20.0,15.255327138056195,100.0,BO_ONLY,"BO 모델 결과만 사용 (1단계 롤백, 2~4단계에서 Hz 변화 없음)",19.6612492,8.44999981,962.0,955.743774,17.8125,,3.0,14.87,0.0,16.61,,,,,,0.0,,
2025-11-05 06:04:01+00:00,2025-11-05 06:04:01,,,,,,,,,,19.6612492,8.3515625,962.0,956.393738,17.7999992,,,14.87,0.0,17.24,,,,,,0.0,,
2025-11-05 06:04:02+00:00,2025-11-05 06:04:02,,,,,,,,,,19.6612492,8.3515625,962.0,956.393738,17.7999992,,,14.87,0.0,17.24,,,,,,0.0,,
2025-11-05 06:04:03+00:00,2025-11-05 06:04:03,,,,,,,,,,19.6612492,8.30781269,961.0,955.825012,17.8875008,,,14.87,0.0,17.24,,,,,,0.0,,
2025-11-05 06:04:04+00:00,2025-11-05 06:04:04,,,,,,,,,,19.6612492,8.30781269,961.0,955.825012,17.8875008,,,14.87,0.0,17.24,,,,,,0.0,,
2025-11-05 06:04:05+00:00,2025-11-05 06:04:05,20.0,20.0,20.0,20.0,20.0,15.250474889013315,100.0,BO_ONLY,"BO 모델 결과만 사용 (1단계 롤백, 2~4단계에서 Hz 변화 없음)",19.6612492,8.2109375,962.0,956.231262,18.2124996,,,14.87,0.0,17.24,,,,,,0.0,,
2025-11-05 06:04:06+00:00,2025-11-05 06:04:06,,,,,,,,,,19.6612492,8.2109375,962.0,956.231262,18.2124996,,,14.87,0.0,17.24,,,,,,0.0,,
2025-11-05 06:04:07+00:00,2025-11-05 06:04:07,,,,,,,,,,19.6612492,8.0390625,962.0,956.3125,18.2875004,,,14.87,0.0,17.24,,,,,,0.0,,
2025-11-05 06:04:08+00:00,2025-11-05 06:04:08,,,,,,,,,,19.6612492,8.01718712,962.0,956.393738,18.1875,,,14.87,0.0,17.24,,,,,,0.0,,
2025-11-05 06:04:09+00:00,2025-11-05 06:04:09,,,,,,,,,,19.6612492,8.01718712,962.0,956.393738,18.1875,,,14.87,0.0,17.24,,,,,,0.0,,
2025-11-05 06:04:10+00:00,2025-11-05 06:04:10,20.0,20.0,20.0,20.0,20.0,14.686403087049126,100.0,BO_ONLY,"BO 모델 결과만 사용 (1단계 롤백, 2~4단계에서 Hz 변화 없음)",19.6612492,7.9859376,962.0,956.231262,18.2625008,,,14.87,0.0,17.24,,,,,,0.0,,
2025-11-05 06:04:11+00:00,2025-11-05 06:04:11,,,,,,,,,,19.6612492,7.93437481,963.0,955.012512,18.7875004,,,14.87,0.0,17.24,,,,,,0.0,,
2025-11-05 06:04:12+00:00,2025-11-05 06:04:12,,,,,,,,,,19.6612492,7.93437481,963.0,955.012512,18.7875004,,,14.87,0.0,17.75,,,,,,0.0,,
2025-11-05 06:04:13+00:00,2025-11-05 06:04:13,,,,,,,,,,19.6612492,7.81718731,962.0,954.6875,19.1499996,,,14.87,0.0,17.75,,,,,,0.0,,
2025-11-05 06:04:14+00:00,2025-11-05 06:04:14,,,,,,,,,,19.6612492,7.81718731,962.0,954.6875,19.1499996,,,14.87,0.0,17.75,,,,,,0.0,,
2025-11-05 06:04:15+00:00,2025-11-05 06:04:15,21.0,21.0,21.0,21.0,21.0,13.968100408727965,100.0,BO_ONLY,"BO 모델 결과만 사용 (1단계 롤백, 2~4단계에서 Hz 변화 없음)",19.6612492,7.6875,962.0,954.443726,18.7625008,,,14.87,0.0,17.75,,,,,,0.0,,
2025-11-05 06:04:16+00:00,2025-11-05 06:04:16,,,,,,,,,,19.6612492,7.68281269,962.0,954.443726,19.4750004,,,14.87,0.0,17.75,,,,,,0.0,,
2025-11-05 06:04:17+00:00,2025-11-05 06:04:17,,,,,,,,,,19.6612492,7.68281269,962.0,954.28125,19.4750004,,,14.87,0.0,17.75,,,,,,0.0,,
2025-11-05 06:04:18+00:00,2025-11-05 06:04:18,,,,,,,,,,19.6612492,7.54218769,962.0,954.28125,19.2999992,,,14.87,0.0,17.75,,,,,,0.0,,
2025-11-05 06:04:19+00:00,2025-11-05 06:04:19,,,,,,,,,,19.6612492,7.54218769,962.0,953.46875,19.2999992,,,14.87,0.0,17.75,,,,,,0.0,,
2025-11-05 06:04:20+00:00,2025-11-05 06:04:20,21.0,21.0,21.0,21.0,21.0,14.87007612897946,100.0,BO_ONLY,"BO 모델 결과만 사용 (1단계 롤백, 2~4단계에서 Hz 변화 없음)",19.6612492,7.54218769,961.0,953.712524,19.4624996,,,14.87,0.0,17.75,,,,,,0.0,,
2025-11-05 06:04:21+00:00,2025-11-05 06:04:21,,,,,,,,,,19.6612492,7.54218769,961.0,953.712524,19.4624996,,,14.87,0.0,17.75,,,,,,0.0,,
2025-11-05 06:04:22+00:00,2025-11-05 06:04:22,,,,,,,,,,19.6612492,7.42500019,961.0,953.143738,18.1625004,,,14.87,0.0,18.72,,,,,,0.0,,
2025-11-05 06:04:23+00:00,2025-11-05 06:04:23,,,,,,,,,,19.6612492,7.42500019,961.0,953.143738,18.1625004,,,14.87,0.0,18.72,,,,,,0.0,,
2025-11-05 06:04:24+00:00,2025-11-05 06:04:24,,,,,,,,,,19.6612492,7.42656231,962.0,952.006226,17.9750004,,,14.87,0.0,18.72,,,,,,0.0,,
2025-11-05 06:04:25+00:00,2025-11-05 06:04:25,21.0,21.0,21.0,21.0,21.0,15.761571484228847,100.0,BO_ONLY,"BO 모델 결과만 사용 (1단계 롤백, 2~4단계에서 Hz 변화 없음)",19.6612492,7.4515624,963.0,951.03125,18.0499992,,,14.87,0.0,18.72,,,,,,0.0,,
2025-11-05 06:04:26+00:00,2025-11-05 06:04:26,,,,,,,,,,19.6612492,7.40625,962.0,951.84375,17.9874992,,,14.87,0.0,18.72,,,,,,0.0,,
2025-11-05 06:04:27+00:00,2025-11-05 06:04:27,,,,,,,,,,19.6612492,7.40625,962.0,951.84375,17.9874992,,,14.87,0.0,18.72,,,,,,0.0,,
2025-11-05 06:04:28+00:00,2025-11-05 06:04:28,,,,,,,,,,19.6612492,7.3890624,962.0,951.03125,17.875,,,14.87,0.0,18.72,,,,,,0.0,,
2025-11-05 06:04:29+00:00,2025-11-05 06:04:29,,,,,,,,,,19.6612492,7.3890624,962.0,951.03125,17.875,,,14.87,0.0,18.72,,,,,,0.0,,
2025-11-05 06:04:30+00:00,2025-11-05 06:04:30,21.0,21.0,21.0,21.0,21.0,14.90386653184914,100.0,BO_ONLY,"BO 모델 결과만 사용 (1단계 롤백, 2~4단계에서 Hz 변화 없음)",19.6612492,7.4234376,962.0,952.25,17.8999996,,,14.87,0.0,18.72,,,,,,0.0,,
2025-11-05 06:04:31+00:00,2025-11-05 06:04:31,,,,,,,,,,19.6612492,7.453125,962.0,949.568726,17.8250008,,,14.87,0.0,17.21,,,,,,0.0,,
2025-11-05 06:04:32+00:00,2025-11-05 06:04:32,,,,,,,,,,19.6612492,7.453125,962.0,949.568726,17.8250008,,,14.87,0.0,17.21,,,,,,0.0,,
2025-11-05 06:04:33+00:00,2025-11-05 06:04:33,,,,,,,,,,19.6612492,7.421875,962.0,950.21875,17.7124996,,,14.87,0.0,17.21,,,,,,0.0,,
2025-11-05 06:04:34+00:00,2025-11-05 06:04:34,,,,,,,,,,19.6612492,7.421875,962.0,950.21875,17.7124996,,,14.87,0.0,17.21,,,,,,0.0,,
2025-11-05 06:04:35+00:00,2025-11-05 06:04:35,21.0,21.0,21.0,21.0,21.0,15.390438417253739,100.0,BO_ONLY,"BO 모델 결과만 사용 (1단계 롤백, 2~4단계에서 Hz 변화 없음)",19.6612492,7.4296875,961.0,950.21875,17.9750004,,,14.87,0.0,17.21,,,,,,0.0,,
2025-11-05 06:04:36+00:00,2025-11-05 06:04:36,,,,,,,,,,19.6612492,7.4296875,961.0,950.299988,17.9750004,,,14.87,0.0,17.21,,,,,,0.0,,
2025-11-05 06:04:37+00:00,2025-11-05 06:04:37,,,,,,,,,,19.6612492,7.4515624,962.0,949.325012,17.8875008,,,14.87,0.0,17.21,,,,,,0.0,,
2025-11-05 06:04:38+00:00,2025-11-05 06:04:38,,,,,,,,,,19.6612492,7.4515624,962.0,949.325012,17.8875008,,,14.87,0.0,17.21,,,,,,0.0,,
2025-11-05 06:04:39+00:00,2025-11-05 06:04:39,,,,,,,,,,19.6612492,7.44843769,962.0,949.325012,17.8374996,,,14.87,0.0,17.21,,,,,,0.0,,
2025-11-05 06:04:40+00:00,2025-11-05 06:04:40,21.0,21.0,21.0,21.0,21.0,15.32069851002514,100.0,BO_ONLY,"BO 모델 결과만 사용 (1단계 롤백, 2~4단계에서 Hz 변화 없음)",19.6612492,7.5453124,962.0,950.21875,17.8374996,,,14.87,0.0,17.21,,,,,,0.0,,
2025-11-05 06:04:41+00:00,2025-11-05 06:04:41,,,,,,,,,,19.6612492,7.5453124,962.0,950.21875,17.4125004,,,14.87,0.0,17.21,,,,,,0.0,,
2025-11-05 06:04:42+00:00,2025-11-05 06:04:42,,,,,,,,,,19.6612492,7.4765625,961.0,949.243774,17.4125004,,,14.87,0.0,17.11,,,,,,0.0,,
2025-11-05 06:04:43+00:00,2025-11-05 06:04:43,,,,,,,,,,19.6612492,7.4765625,961.0,949.243774,17.6499996,,,14.87,0.0,17.11,,,,,,0.0,,
2025-11-05 06:04:44+00:00,2025-11-05 06:04:44,,,,,,,,,,19.6612492,7.4859376,963.0,950.21875,17.6499996,,,14.87,0.0,17.11,,,,,,0.0,,
2025-11-05 06:04:45+00:00,2025-11-05 06:04:45,21.0,21.0,21.0,21.0,21.0,14.802020333397532,100.0,BO_ONLY,"BO 모델 결과만 사용 (1단계 롤백, 2~4단계에서 Hz 변화 없음)",19.6612492,7.4906249,962.0,950.462524,17.5750008,,,14.87,0.0,17.11,,,,,,0.0,,
2025-11-05 06:04:46+00:00,2025-11-05 06:04:46,,,,,,,,,,19.6612492,7.5484376,962.0,949.568726,17.4375,,,14.87,0.0,17.11,,,,,,0.0,,
2025-11-05 06:04:47+00:00,2025-11-05 06:04:47,,,,,,,,,,19.6612492,7.5453124,961.0,949.487488,17.5750008,,,14.87,0.0,17.11,,,,,,0.0,,
2025-11-05 06:04:48+00:00,2025-11-05 06:04:48,,,,,,,,,,19.6612492,7.5453124,961.0,949.487488,17.5750008,,,14.87,0.0,17.11,,,,,,0.0,,
2025-11-05 06:04:49+00:00,2025-11-05 06:04:49,,,,,,,,,,19.6612492,7.578125,962.0,949.243774,17.3999996,,,14.87,0.0,17.11,,,,,,0.0,,
2025-11-05 06:04:50+00:00,2025-11-05 06:04:50,21.0,21.0,21.0,21.0,21.0,15.41340309105232,100.0,BO_ONLY,"BO 모델 결과만 사용 (1단계 롤백, 2~4단계에서 Hz 변화 없음)",19.6612492,7.5234375,962.0,949.650024,16.6749992,,,14.87,0.0,17.11,,,,,,0.0,,
2025-11-05 06:04:51+00:00,2025-11-05 06:04:51,,,,,,,,,,19.6612492,7.5531249,961.0,949.487488,16.6499996,,,14.87,0.0,16.76,,,,,,0.0,,
2025-11-05 06:04:52+00:00,2025-11-05 06:04:52,,,,,,,,,,19.6612492,7.5531249,961.0,949.487488,16.6499996,,,14.87,0.0,16.76,,,,,,0.0,,
2025-11-05 06:04:53+00:00,2025-11-05 06:04:53,,,,,,,,,,19.6612492,7.6171875,962.0,950.056274,16.6375008,,,14.87,0.0,16.76,,,,,,0.0,,
2025-11-05 06:04:54+00:00,2025-11-05 06:04:54,,,,,,,,,,19.6612492,7.6171875,962.0,950.056274,16.6375008,,,14.87,0.0,16.76,,,,,,0.0,,
2025-11-05 06:04:55+00:00,2025-11-05 06:04:55,21.0,21.0,21.0,21.0,21.0,15.307313299143683,100.0,BO_ONLY,"BO 모델 결과만 사용 (1단계 롤백, 2~4단계에서 Hz 변화 없음)",19.6612492,7.62187481,962.0,948.431274,15.5249996,,,14.87,0.0,16.76,,,,,,0.0,,
2025-11-05 06:04:56+00:00,2025-11-05 06:04:56,,,,,,,,,,19.6612492,7.62187481,962.0,948.431274,15.5249996,,,14.87,0.0,16.76,,,,,,0.0,,
2025-11-05 06:04:57+00:00,2025-11-05 06:04:57,,,,,,,,,,19.6612492,7.62031269,962.0,948.837524,15.5249996,,,14.87,0.0,16.76,,,,,,0.0,,
2025-11-05 06:04:58+00:00,2025-11-05 06:04:58,,,,,,,,,,19.6612492,7.62031269,962.0,948.837524,15.5249996,,,14.87,0.0,16.76,,,,,,0.0,,
2025-11-05 06:04:59+00:00,2025-11-05 06:04:59,,,,,,,,,,19.6612492,7.58125019,962.0,948.756226,15.6000004,,,14.87,0.0,16.76,,,,,,0.0,,
2025-11-05 06:05:00+00:00,2025-11-05 06:05:00,21.0,21.0,21.0,21.0,21.0,14.549863007046213,100.0,BO_ONLY,"BO 모델 결과만 사용 (1단계 롤백, 2~4단계에서 Hz 변화 없음)",19.6612492,7.59375,962.0,949.0,14.5625,,3.0,14.87,0.0,14.91,,,,,,0.0,,
2025-11-05 06:05:01+00:00,2025-11-05 06:05:01,,,,,,,,,,19.6612492,7.59375,962.0,949.0,14.5625,,,14.87,0.0,14.91,,,,,,0.0,,
2025-11-05 06:05:02+00:00,2025-11-05 06:05:02,,,,,,,,,,19.6612492,7.69062519,961.0,947.700012,14.5625,,,14.87,0.0,14.91,,,,,,0.0,,
2025-11-05 06:05:03+00:00,2025-11-05 06:05:03,,,,,,,,,,19.6612492,7.703125,962.0,948.756226,14.5124998,,,14.87,0.0,14.91,,,,,,0.0,,
2025-11-05 06:05:04+00:00,2025-11-05 06:05:04,,,,,,,,,,19.6612492,7.703125,962.0,948.756226,14.5124998,,,14.87,0.0,14.91,,,,,,0.0,,
2025-11-05 06:05:05+00:00,2025-11-05 06:05:05,21.0,21.0,21.0,21.0,21.0,14.13591078825191,100.0,BO_ONLY,"BO 모델 결과만 사용 (1단계 롤백, 2~4단계에서 Hz 변화 없음)",19.6612492,7.62031269,962.0,946.724976,14.0249996,,,14.87,0.0,14.91,,,,,,0.0,,
2025-11-05 06:05:06+00:00,2025-11-05 06:05:06,,,,,,,,,,19.6612492,7.61406231,961.0,946.887512,14.1125002,,,14.87,0.0,14.91,,,,,,0.0,,
2025-11-05 06:05:07+00:00,2025-11-05 06:05:07,,,,,,,,,,19.6612492,7.61406231,961.0,946.887512,14.1125002,,,14.87,0.0,14.91,,,,,,0.0,,
2025-11-05 06:05:08+00:00,2025-11-05 06:05:08,,,,,,,,,,19.6612492,7.5625,963.0,945.831238,14.0249996,,,14.87,0.0,14.91,,,,,,0.0,,
2025-11-05 06:05:09+00:00,2025-11-05 06:05:09,,,,,,,,,,19.6612492,7.5625,963.0,945.831238,14.0249996,,,14.87,0.0,14.91,,,,,,0.0,,
2025-11-05 06:05:10+00:00,2025-11-05 06:05:10,21.0,21.0,21.0,21.0,21.0,13.175531089154148,100.0,BO_ONLY,"BO 모델 결과만 사용 (1단계 롤백, 2~4단계에서 Hz 변화 없음)",19.6612492,7.59375,963.0,946.96875,13.3999996,,,14.87,0.0,13.6,,,,,,0.0,,
2025-11-05 06:05:11+00:00,2025-11-05 06:05:11,,,,,,,,,,19.6612492,7.58906269,963.0,945.75,13.3874998,,,14.87,0.0,13.6,,,,,,0.0,,
2025-11-05 06:05:12+00:00,2025-11-05 06:05:12,,,,,,,,,,19.6612492,7.58906269,963.0,945.75,13.3874998,,,14.87,0.0,13.6,,,,,,0.0,,
2025-11-05 06:05:13+00:00,2025-11-05 06:05:13,,,,,,,,,,19.6612492,7.4593749,964.0,946.806274,13.3125,,,14.87,0.0,13.6,,,,,,0.0,,
2025-11-05 06:05:14+00:00,2025-11-05 06:05:14,,,,,,,,,,19.6612492,7.48750019,963.0,945.993774,13.3500004,,,14.87,0.0,13.6,,,,,,0.0,,
2025-11-05 06:05:15+00:00,2025-11-05 06:05:15,21.0,21.0,21.0,21.0,21.0,13.12560964274656,100.0,BO_ONLY,"BO 모델 결과만 사용 (1단계 롤백, 2~4단계에서 Hz 변화 없음)",19.6612492,7.4749999,962.0,946.237488,12.7124996,,,14.87,0.0,13.6,,,,,,0.0,,
2025-11-05 06:05:16+00:00,2025-11-05 06:05:16,,,,,,,,,,19.6612492,7.4749999,962.0,946.237488,12.7124996,,,14.87,0.0,13.6,,,,,,0.0,,
2025-11-05 06:05:17+00:00,2025-11-05 06:05:17,,,,,,,,,,19.6612492,7.48750019,963.0,945.831238,12.6000004,,,14.87,0.0,13.6,,,,,,0.0,,
2025-11-05 06:05:18+00:00,2025-11-05 06:05:18,,,,,,,,,,19.6612492,7.41093731,963.0,946.075012,13.0,,,14.87,0.0,13.6,,,,,,0.0,,
2025-11-05 06:05:19+00:00,2025-11-05 06:05:19,,,,,,,,,,19.6612492,7.41093731,963.0,946.075012,13.0,,,14.87,0.0,13.6,,,,,,0.0,,
2025-11-05 06:05:20+00:00,2025-11-05 06:05:20,21.0,21.0,21.0,21.0,21.0,12.907265079047567,100.0,BO_ONLY,"BO 모델 결과만 사용 (1단계 롤백, 2~4단계에서 Hz 변화 없음)",19.6612492,7.44218731,964.0,946.5625,12.25,,,14.87,0.0,13.6,,,,,,0.0,,
2025-11-05 06:05:21+00:00,2025-11-05 06:05:21,,,,,,,,,,19.6612492,7.44218731,964.0,946.5625,12.25,,,14.87,0.0,12.16,,,,,,0.0,,
2025-11-05 06:05:22+00:00,2025-11-05 06:05:22,,,,,,,,,,19.6612492,7.44218731,964.0,947.049988,12.4125004,,,14.87,0.0,12.16,,,,,,0.0,,
2025-11-05 06:05:23+00:00,2025-11-05 06:05:23,,,,,,,,,,19.6612492,7.4781251,963.0,947.049988,12.4125004,,,14.87,0.0,12.16,,,,,,0.0,,
2025-11-05 06:05:24+00:00,2025-11-05 06:05:24,,,,,,,,,,19.6612492,7.453125,964.0,946.400024,12.3000002,,,14.87,0.0,12.16,,,,,,0.0,,
2025-11-05 06:05:25+00:00,2025-11-05 06:05:25,21.0,21.0,21.0,21.0,21.0,13.171166118428287,100.0,BO_ONLY,"BO 모델 결과만 사용 (1단계 롤백, 2~4단계에서 Hz 변화 없음)",19.6612492,7.453125,964.0,946.400024,12.3000002,,,14.87,0.0,12.16,,,,,,0.0,,
2025-11-05 06:05:26+00:00,2025-11-05 06:05:26,,,,,,,,,,19.6612492,7.48124981,964.0,945.018738,11.7124996,,,14.87,0.0,12.16,,,,,,0.0,,
2025-11-05 06:05:27+00:00,2025-11-05 06:05:27,,,,,,,,,,19.6612492,7.51093769,963.0,944.9375,11.8249998,,,14.87,0.0,12.16,,,,,,0.0,,
2025-11-05 06:05:28+00:00,2025-11-05 06:05:28,,,,,,,,,,19.6612492,7.51093769,963.0,944.9375,11.8249998,,,14.87,0.0,12.16,,,,,,0.0,,
2025-11-05 06:05:29+00:00,2025-11-05 06:05:29,,,,,,,,,,19.6612492,7.51249981,964.0,945.262512,11.75,,,14.87,0.0,12.16,,,,,,0.0,,
2025-11-05 06:05:30+00:00,2025-11-05 06:05:30,21.0,21.0,21.0,21.0,21.0,13.092784671510056,100.0,BO_ONLY,"BO 모델 결과만 사용 (1단계 롤백, 2~4단계에서 Hz 변화 없음)",19.6612492,7.51249981,964.0,945.262512,11.75,,,14.87,0.0,11.04,,,,,,0.0,,
2025-11-05 06:05:31+00:00,2025-11-05 06:05:31,,,,,,,,,,19.6612492,7.43437481,965.0,945.424988,11.5249996,,,14.87,0.0,11.04,,,,,,0.0,,
2025-11-05 06:05:33+00:00,2025-11-05 06:05:33,,,,,,,,,,19.6612492,7.43437481,965.0,945.424988,11.5249996,,,14.87,0.0,11.04,,,,,,0.0,,
2025-11-05 06:05:34+00:00,2025-11-05 06:05:34,,,,,,,,,,19.6612492,7.5171876,966.0,944.206238,11.3000002,,,14.87,0.0,11.04,,,,,,0.0,,
2025-11-05 06:05:35+00:00,2025-11-05 06:05:35,21.0,21.0,21.0,21.0,21.0,12.702532596013004,100.0,BO_ONLY,"BO 모델 결과만 사용 (1단계 롤백, 2~4단계에서 Hz 변화 없음)",19.6612492,7.5171876,966.0,944.206238,11.3000002,,,14.87,0.0,11.04,,,,,,0.0,,
2025-11-05 06:05:36+00:00,2025-11-05 06:05:36,,,,,,,,,,19.6612492,7.53125,964.0,944.53125,11.3249998,,,14.87,0.0,11.04,,,,,,0.0,,
2025-11-05 06:05:37+00:00,2025-11-05 06:05:37,,,,,,,,,,19.6612492,7.54218769,965.0,942.825012,11.2875004,,,14.87,0.0,11.04,,,,,,0.0,,
2025-11-05 06:05:38+00:00,2025-11-05 06:05:38,,,,,,,,,,19.6612492,7.54218769,965.0,942.825012,11.2875004,,,14.87,0.0,11.04,,,,,,0.0,,
2025-11-05 06:05:39+00:00,2025-11-05 06:05:39,,,,,,,,,,19.6612492,7.5765624,966.0,943.150024,11.3125,,,14.87,0.0,11.04,,,,,,0.0,,
2025-11-05 06:05:40+00:00,2025-11-05 06:05:40,21.0,21.0,21.0,21.0,21.0,12.634988176381013,100.0,BO_ONLY,"BO 모델 결과만 사용 (1단계 롤백, 2~4단계에서 Hz 변화 없음)",19.6612492,7.5765624,966.0,943.150024,11.3125,,,14.87,0.0,11.04,,,,,,0.0,,
2025-11-05 06:05:41+00:00,2025-11-05 06:05:41,,,,,,,,,,19.6612492,7.59843731,966.0,942.662476,11.2624998,,,14.87,0.0,10.62,,,,,,0.0,,
2025-11-05 06:05:42+00:00,2025-11-05 06:05:42,,,,,,,,,,19.6612492,7.59843731,964.0,942.662476,11.2624998,,,14.87,0.0,10.62,,,,,,0.0,,
2025-11-05 06:05:43+00:00,2025-11-05 06:05:43,,,,,,,,,,19.6612492,7.61250019,964.0,942.581238,11.1000004,,,14.87,0.0,10.62,,,,,,0.0,,
2025-11-05 06:05:44+00:00,2025-11-05 06:05:44,,,,,,,,,,19.6612492,7.61250019,964.0,942.581238,11.1000004,,,14.87,0.0,10.62,,,,,,0.0,,
2025-11-05 06:05:45+00:00,2025-11-05 06:05:45,21.0,21.0,21.0,21.0,21.0,12.426387371935439,100.0,BO_ONLY,"BO 모델 결과만 사용 (1단계 롤백, 2~4단계에서 Hz 변화 없음)",19.6612492,7.59062481,964.0,942.662476,10.9624996,,,14.87,0.0,10.62,,,,,,0.0,,
2025-11-05 06:05:46+00:00,2025-11-05 06:05:46,,,,,,,,,,19.6612492,7.59062481,965.0,942.662476,10.9624996,,,14.87,0.0,10.62,,,,,,0.0,,
2025-11-05 06:05:47+00:00,2025-11-05 06:05:47,,,,,,,,,,19.6612492,7.625,965.0,942.743774,11.6625004,,,14.87,0.0,10.62,,,,,,0.0,,
2025-11-05 06:05:48+00:00,2025-11-05 06:05:48,,,,,,,,,,19.6612492,7.5609374,965.0,942.5,11.6499996,,,14.87,0.0,10.62,,,,,,0.0,,
2025-11-05 06:05:49+00:00,2025-11-05 06:05:49,,,,,,,,,,19.6612492,7.5609374,965.0,942.5,11.6499996,,,14.87,0.0,10.62,,,,,,0.0,,
2025-11-05 06:05:50+00:00,2025-11-05 06:05:50,18.0,21.0,21.0,18.0,18.0,11.952040209789914,304.0,BO_O2_RULE,"제어매트릭스 규칙 적용: NOX_LOW (3단계 롤백, 4단계에서 Hz 변화 없음)",19.6612492,7.6796875,966.0,943.3125,11.6999998,,,14.87,0.0,10.62,,,,,,0.0,,
2025-11-05 06:05:51+00:00,2025-11-05 06:05:51,,,,,,,,,,19.6612492,7.66093731,964.0,942.825012,11.6499996,,,14.87,0.0,10.62,,,,,,0.0,,
2025-11-05 06:05:52+00:00,2025-11-05 06:05:52,,,,,,,,,,19.6612492,7.66093731,964.0,942.825012,11.6499996,,,14.87,0.0,10.9,,,,,,0.0,,
2025-11-05 06:05:53+00:00,2025-11-05 06:05:53,,,,,,,,,,19.6612492,7.6109376,965.0,943.474976,11.7375002,,,14.87,0.0,10.9,,,,,,0.0,,
2025-11-05 06:05:54+00:00,2025-11-05 06:05:54,,,,,,,,,,19.6612492,7.70781231,965.0,942.662476,12.0625,,,14.87,0.0,10.9,,,,,,0.0,,
2025-11-05 06:05:55+00:00,2025-11-05 06:05:55,20.0,20.0,20.0,20.0,20.0,12.1546078920765,100.0,BO_ONLY,"BO 모델 결과만 사용 (1단계 롤백, 2~4단계에서 Hz 변화 없음)",19.6612492,7.70781231,965.0,942.662476,12.0625,,,14.87,0.0,10.9,,,,,,0.0,,
2025-11-05 06:05:56+00:00,2025-11-05 06:05:56,,,,,,,,,,19.6612492,7.62968731,964.0,942.5,11.6499996,,,14.87,0.0,10.9,,,,,,0.0,,
2025-11-05 06:05:57+00:00,2025-11-05 06:05:57,,,,,,,,,,19.6612492,7.6781249,964.0,943.068726,11.9125004,,,14.87,0.0,10.9,,,,,,0.0,,
2025-11-05 06:05:58+00:00,2025-11-05 06:05:58,,,,,,,,,,19.6612492,7.6781249,964.0,943.068726,11.9125004,,,14.87,0.0,10.9,,,,,,0.0,,
2025-11-05 06:05:59+00:00,2025-11-05 06:05:59,,,,,,,,,,19.6612492,7.7562499,965.0,942.825012,11.6999998,,,14.87,0.0,10.9,,,,,,0.0,,
2025-11-05 06:06:00+00:00,2025-11-05 06:06:00,18.0,20.0,20.0,18.0,18.0,11.933403937893866,304.0,BO_O2_RULE,"제어매트릭스 규칙 적용: NOX_LOW (3단계 롤백, 4단계에서 Hz 변화 없음)",19.6612492,7.7562499,965.0,942.825012,11.6999998,,3.0,14.87,0.0,10.9,,,,,,0.0,,
2025-11-05 06:06:01+00:00,2025-11-05 06:06:01,,,,,,,,,,19.6612492,7.7046876,966.0,943.474976,11.6999998,,,14.87,0.0,10.9,,,,,,0.0,,
2025-11-05 06:06:02+00:00,2025-11-05 06:06:02,,,,,,,,,,19.6612492,7.7046876,966.0,943.474976,11.6999998,,,13.64,0.0,11.31,,,,,,0.0,,
2025-11-05 06:06:03+00:00,2025-11-05 06:06:03,,,,,,,,,,19.6612492,7.8203125,965.0,943.637512,11.7375002,,,13.64,0.0,11.31,,,,,,0.0,,
2025-11-05 06:06:04+00:00,2025-11-05 06:06:04,,,,,,,,,,19.6612492,7.8203125,965.0,943.637512,11.7375002,,,13.64,0.0,11.31,,,,,,0.0,,
2025-11-05 06:06:05+00:00,2025-11-05 06:06:05,18.0,20.0,20.0,18.0,18.0,11.821092284938937,304.0,BO_O2_RULE,"제어매트릭스 규칙 적용: NOX_LOW (3단계 롤백, 4단계에서 Hz 변화 없음)",19.6612492,7.8421874,964.0,942.012512,11.7375002,,,13.64,0.0,11.31,,,,,,0.0,,
2025-11-05 06:06:06+00:00,2025-11-05 06:06:06,,,,,,,,,,19.6612492,7.77656269,965.0,942.012512,10.8999996,,,13.64,0.0,11.31,,,,,,0.0,,
2025-11-05 06:06:07+00:00,2025-11-05 06:06:07,,,,,,,,,,19.6612492,7.77656269,965.0,942.174988,10.8999996,,,13.64,0.0,11.31,,,,,,0.0,,
2025-11-05 06:06:08+00:00,2025-11-05 06:06:08,,,,,,,,,,19.6612492,7.78437519,964.0,942.174988,10.8125,,,13.64,0.0,11.31,,,,,,0.0,,
2025-11-05 06:06:09+00:00,2025-11-05 06:06:09,,,,,,,,,,19.6612492,7.78437519,964.0,941.037476,10.8125,,,13.64,0.0,11.31,,,,,,0.0,,
2025-11-05 06:06:10+00:00,2025-11-05 06:06:10,18.0,20.0,20.0,18.0,18.0,11.778266577777934,304.0,BO_O2_RULE,"제어매트릭스 규칙 적용: NOX_LOW (3단계 롤백, 4단계에서 Hz 변화 없음)",19.6612492,7.90156269,965.0,940.956238,10.7749996,,,13.64,0.0,11.31,,,,,,0.0,,
2025-11-05 06:06:11+00:00,2025-11-05 06:06:11,,,,,,,,,,19.6612492,7.90156269,965.0,940.956238,10.7749996,,,13.64,0.0,10.15,,,,,,0.0,,
2025-11-05 06:06:12+00:00,2025-11-05 06:06:12,,,,,,,,,,19.6612492,7.9906249,965.0,941.037476,10.7875004,,,13.64,0.0,10.15,,,,,,0.0,,
2025-11-05 06:06:13+00:00,2025-11-05 06:06:13,,,,,,,,,,19.6612492,7.9906249,965.0,941.037476,10.7875004,,,13.64,0.0,10.15,,,,,,0.0,,
2025-11-05 06:06:14+00:00,2025-11-05 06:06:14,,,,,,,,,,19.6612492,8.078125,965.0,939.65625,10.8500004,,,13.64,0.0,10.15,,,,,,0.0,,
2025-11-05 06:06:15+00:00,2025-11-05 06:06:15,18.0,20.0,20.0,18.0,18.0,11.492312097851682,304.0,BO_O2_RULE,"제어매트릭스 규칙 적용: NOX_LOW (3단계 롤백, 4단계에서 Hz 변화 없음)",19.6612492,8.078125,965.0,939.65625,10.8500004,,,13.64,0.0,10.15,,,,,,0.0,,
2025-11-05 06:06:16+00:00,2025-11-05 06:06:16,,,,,,,,,,19.6612492,8.0625,964.0,939.900024,11.0,,,13.64,0.0,10.15,,,,,,0.0,,
2025-11-05 06:06:17+00:00,2025-11-05 06:06:17,,,,,,,,,,19.6612492,8.171875,965.0,940.306274,10.8999996,,,13.64,0.0,10.15,,,,,,0.0,,
2025-11-05 06:06:18+00:00,2025-11-05 06:06:18,,,,,,,,,,19.6612492,8.171875,965.0,940.306274,10.8999996,,,13.64,0.0,10.15,,,,,,0.0,,
2025-11-05 06:06:19+00:00,2025-11-05 06:06:19,,,,,,,,,,19.6612492,8.22343731,964.0,939.575012,10.6000004,,,13.64,0.0,10.15,,,,,,0.0,,
2025-11-05 06:06:20+00:00,2025-11-05 06:06:20,18.0,20.0,20.0,18.0,18.0,11.622277747769807,304.0,BO_O2_RULE,"제어매트릭스 규칙 적용: NOX_LOW (3단계 롤백, 4단계에서 Hz 변화 없음)",19.6612492,8.18124962,965.0,939.900024,10.9375,,,13.64,0.0,10.15,,,,,,0.0,,
2025-11-05 06:06:21+00:00,2025-11-05 06:06:21,,,,,,,,,,19.6612492,8.30312538,966.0,938.03125,10.6125002,,,13.64,0.0,10.13,,,,,,0.0,,
2025-11-05 06:06:22+00:00,2025-11-05 06:06:22,,,,,,,,,,19.6612492,8.24843788,965.0,937.950012,10.75,,,13.64,0.0,10.13,,,,,,0.0,,
2025-11-05 06:06:23+00:00,2025-11-05 06:06:23,,,,,,,,,,19.6612492,8.24843788,965.0,937.950012,10.75,,,13.64,0.0,10.13,,,,,,0.0,,
2025-11-05 06:06:24+00:00,2025-11-05 06:06:24,,,,,,,,,,19.6612492,8.38749981,965.0,937.950012,10.875,,,13.64,0.0,10.13,,,,,,0.0,,
2025-11-05 06:06:25+00:00,2025-11-05 06:06:25,18.0,20.0,20.0,18.0,18.0,11.284723675970364,304.0,BO_O2_RULE,"제어매트릭스 규칙 적용: NOX_LOW (3단계 롤백, 4단계에서 Hz 변화 없음)",19.6612492,8.39531231,964.0,937.950012,10.9250002,,,13.64,0.0,10.13,,,,,,0.0,,
2025-11-05 06:06:26+00:00,2025-11-05 06:06:26,,,,,,,,,,19.6612492,8.453125,966.0,938.03125,10.8125,,,13.64,0.0,10.13,,,,,,0.0,,
2025-11-05 06:06:27+00:00,2025-11-05 06:06:27,,,,,,,,,,19.6612492,8.453125,966.0,938.03125,10.8125,,,13.64,0.0,10.13,,,,,,0.0,,
2025-11-05 06:06:28+00:00,2025-11-05 06:06:28,,,,,,,,,,19.6612492,8.41718769,966.0,936.731262,11.0124998,,,13.64,0.0,10.13,,,,,,0.0,,
2025-11-05 06:06:29+00:00,2025-11-05 06:06:29,,,,,,,,,,19.6612492,8.4921875,966.0,936.325012,10.7875004,,,13.64,0.0,10.13,,,,,,0.0,,
2025-11-05 06:06:30+00:00,2025-11-05 06:06:30,18.0,20.0,20.0,18.0,18.0,11.414992596650722,304.0,BO_O2_RULE,"제어매트릭스 규칙 적용: NOX_LOW (3단계 롤백, 4단계에서 Hz 변화 없음)",19.6612492,8.4921875,966.0,936.325012,10.7875004,,,13.64,0.0,10.13,,,,,,0.0,,
2025-11-05 06:06:31+00:00,2025-11-05 06:06:31,,,,,,,,,,19.6612492,8.52656269,964.0,936.325012,10.6125002,,,13.64,0.0,10.31,,,,,,0.0,,
2025-11-05 06:06:32+00:00,2025-11-05 06:06:32,,,,,,,,,,19.6612492,8.55312538,964.0,936.568726,10.8125,,,13.64,0.0,10.31,,,,,,0.0,,
2025-11-05 06:06:33+00:00,2025-11-05 06:06:33,,,,,,,,,,19.6612492,8.55312538,964.0,936.568726,10.8125,,,13.64,0.0,10.31,,,,,,0.0,,
2025-11-05 06:06:34+00:00,2025-11-05 06:06:34,,,,,,,,,,19.6612492,8.58125019,964.0,936.974976,10.8625002,,,13.64,0.0,10.31,,,,,,0.0,,
2025-11-05 06:06:35+00:00,2025-11-05 06:06:35,18.0,20.0,20.0,18.0,18.0,11.375211476551453,304.0,BO_O2_RULE,"제어매트릭스 규칙 적용: NOX_LOW (3단계 롤백, 4단계에서 Hz 변화 없음)",19.6612492,8.58125019,964.0,936.974976,10.8625002,,,13.64,0.0,10.31,,,,,,0.0,,
2025-11-05 06:06:36+00:00,2025-11-05 06:06:36,,,,,,,,,,19.6612492,8.69999981,963.0,937.056274,10.75,,,13.64,0.0,10.31,,,,,,0.0,,
2025-11-05 06:06:37+00:00,2025-11-05 06:06:37,,,,,,,,,,19.6612492,8.72031212,964.0,936.325012,10.7875004,,,13.64,0.0,10.31,,,,,,0.0,,
2025-11-05 06:06:38+00:00,2025-11-05 06:06:38,,,,,,,,,,19.6612492,8.72031212,964.0,936.325012,10.7875004,,,13.64,0.0,10.31,,,,,,0.0,,
2025-11-05 06:06:39+00:00,2025-11-05 06:06:39,,,,,,,,,,19.6612492,8.74843788,964.0,937.056274,10.9250002,,,13.64,0.0,10.31,,,,,,0.0,,
2025-11-05 06:06:40+00:00,2025-11-05 06:06:40,18.0,20.0,20.0,18.0,18.0,11.410816920328921,304.0,BO_O2_RULE,"제어매트릭스 규칙 적용: NOX_LOW (3단계 롤백, 4단계에서 Hz 변화 없음)",19.6612492,8.74843788,964.0,937.056274,10.9250002,,,13.64,0.0,10.39,,,,,,0.0,,
2025-11-05 06:06:41+00:00,2025-11-05 06:06:41,,,,,,,,,,19.6612492,8.84843731,963.0,936.568726,11.2124996,,,13.64,0.0,10.39,,,,,,0.0,,
2025-11-05 06:06:42+00:00,2025-11-05 06:06:42,,,,,,,,,,19.6612492,8.84843731,963.0,936.568726,11.2124996,,,13.64,0.0,10.39,,,,,,0.0,,
2025-11-05 06:06:43+00:00,2025-11-05 06:06:43,,,,,,,,,,19.6612492,8.91562462,963.0,936.8125,11.2250004,,,13.64,0.0,10.39,,,,,,0.0,,
2025-11-05 06:06:44+00:00,2025-11-05 06:06:44,,,,,,,,,,19.6612492,8.91562462,963.0,936.8125,11.2250004,,,13.64,0.0,10.39,,,,,,0.0,,
2025-11-05 06:06:45+00:00,2025-11-05 06:06:45,18.0,20.0,20.0,18.0,18.0,11.475142702015079,304.0,BO_O2_RULE,"제어매트릭스 규칙 적용: NOX_LOW (3단계 롤백, 4단계에서 Hz 변화 없음)",19.6612492,8.97187519,962.0,936.243774,11.4750004,,,13.64,0.0,10.39,,,,,,0.0,,
2025-11-05 06:06:46+00:00,2025-11-05 06:06:46,,,,,,,,,,19.6612492,8.97187519,962.0,936.243774,11.4750004,,,13.64,0.0,10.39,,,,,,0.0,,
2025-11-05 06:06:47+00:00,2025-11-05 06:06:47,,,,,,,,,,19.6612492,9.00468731,961.0,936.487488,11.1125002,,,13.64,0.0,10.39,,,,,,0.0,,
2025-11-05 06:06:48+00:00,2025-11-05 06:06:48,,,,,,,,,,19.6612492,9.05781269,961.0,935.431274,11.3125,,,13.64,0.0,10.39,,,,,,0.0,,
2025-11-05 06:06:49+00:00,2025-11-05 06:06:49,,,,,,,,,,19.6612492,9.05781269,961.0,935.431274,11.3125,,,13.64,0.0,10.39,,,,,,0.0,,
2025-11-05 06:06:50+00:00,2025-11-05 06:06:50,18.0,20.0,20.0,18.0,18.0,11.74345157748711,304.0,BO_O2_RULE,"제어매트릭스 규칙 적용: NOX_LOW (3단계 롤백, 4단계에서 Hz 변화 없음)",19.6612492,9.1015625,961.0,935.512512,11.0874996,,,13.64,0.0,10.78,,,,,,0.0,,
2025-11-05 06:06:51+00:00,2025-11-05 06:06:51,,,,,,,,,,19.6612492,9.1015625,961.0,935.512512,11.0874996,,,13.64,0.0,10.78,,,,,,0.0,,
2025-11-05 06:06:52+00:00,2025-11-05 06:06:52,,,,,,,,,,19.6612492,9.12812519,962.0,934.700012,10.9750004,,,13.64,0.0,10.78,,,,,,0.0,,
2025-11-05 06:06:53+00:00,2025-11-05 06:06:53,,,,,,,,,,19.6612492,9.12812519,962.0,934.700012,10.9750004,,,13.64,0.0,10.78,,,,,,0.0,,
2025-11-05 06:06:54+00:00,2025-11-05 06:06:54,,,,,,,,,,19.6612492,9.13906288,961.0,935.106262,11.2250004,,,13.64,0.0,10.78,,,,,,0.0,,
2025-11-05 06:06:55+00:00,2025-11-05 06:06:55,18.0,20.0,20.0,18.0,18.0,11.834170093589295,304.0,BO_O2_RULE,"제어매트릭스 규칙 적용: NOX_LOW (3단계 롤백, 4단계에서 Hz 변화 없음)",19.6612492,9.13906288,961.0,935.106262,11.2250004,,,13.64,0.0,10.78,,,,,,0.0,,
2025-11-05 06:06:56+00:00,2025-11-05 06:06:56,,,,,,,,,,19.6612492,9.0625,961.0,933.15625,10.7875004,,,13.64,0.0,10.78,,,,,,0.0,,
2025-11-05 06:06:57+00:00,2025-11-05 06:06:57,,,,,,,,,,19.6612492,9.09843731,962.0,934.131226,10.9250002,,,13.64,0.0,10.78,,,,,,0.0,,
2025-11-05 06:06:58+00:00,2025-11-05 06:06:58,,,,,,,,,,19.6612492,9.11250019,961.0,934.293762,10.8999996,,,13.64,0.0,10.78,,,,,,0.0,,
2025-11-05 06:06:59+00:00,2025-11-05 06:06:59,,,,,,,,,,19.6612492,9.11250019,961.0,934.293762,10.8999996,,,13.64,0.0,10.78,,,,,,0.0,,
2025-11-05 06:07:00+00:00,2025-11-05 06:07:00,18.0,20.0,20.0,18.0,18.0,11.994953139705878,304.0,BO_O2_RULE,"제어매트릭스 규칙 적용: NOX_LOW (3단계 롤백, 4단계에서 Hz 변화 없음)",19.6612492,9.13906288,962.0,933.075012,10.9624996,,3.0,13.64,0.0,10.78,,,,,,0.0,,
2025-11-05 06:07:01+00:00,2025-11-05 06:07:01,,,,,,,,,,19.6612492,9.13906288,962.0,933.075012,10.9624996,,,13.64,0.0,10.41,,,,,,0.0,,
2025-11-05 06:07:02+00:00,2025-11-05 06:07:02,,,,,,,,,,19.6612492,9.16874981,963.0,933.481262,10.7875004,,,13.64,0.0,10.41,,,,,,0.0,,
2025-11-05 06:07:03+00:00,2025-11-05 06:07:03,,,,,,,,,,19.6612492,9.16874981,963.0,933.481262,10.7875004,,,13.64,0.0,10.41,,,,,,0.0,,
2025-11-05 06:07:04+00:00,2025-11-05 06:07:04,,,,,,,,,,19.6612492,9.15781212,963.0,934.131226,10.7875004,,,13.64,0.0,10.41,,,,,,0.0,,
2025-11-05 06:07:05+00:00,2025-11-05 06:07:05,18.0,20.0,20.0,18.0,18.0,11.857211242585691,304.0,BO_O2_RULE,"제어매트릭스 규칙 적용: NOX_LOW (3단계 롤백, 4단계에서 Hz 변화 없음)",19.6612492,9.15781212,963.0,934.131226,10.7875004,,,13.64,0.0,10.41,,,,,,0.0,,
2025-11-05 06:07:06+00:00,2025-11-05 06:07:06,,,,,,,,,,19.6612492,9.21249962,964.0,934.131226,10.7875004,,,13.64,0.0,10.41,,,,,,0.0,,
2025-11-05 06:07:07+00:00,2025-11-05 06:07:07,,,,,,,,,,19.6612492,9.21249962,964.0,934.131226,10.625,,,13.64,0.0,10.41,,,,,,0.0,,
2025-11-05 06:07:09+00:00,2025-11-05 06:07:09,,,,,,,,,,19.6612492,9.05624962,964.0,933.643738,10.8999996,,,13.64,0.0,10.41,,,,,,0.0,,
2025-11-05 06:07:10+00:00,2025-11-05 06:07:10,18.0,20.0,20.0,18.0,18.0,11.73882026196946,304.0,BO_O2_RULE,"제어매트릭스 규칙 적용: NOX_LOW (3단계 롤백, 4단계에서 Hz 변화 없음)",19.6612492,9.05624962,964.0,933.643738,10.8999996,,,13.64,0.0,10.41,,,,,,0.0,,
2025-11-05 06:07:11+00:00,2025-11-05 06:07:11,,,,,,,,,,19.6612492,8.90781212,963.0,933.400024,11.3874998,,,13.64,0.0,10.31,,,,,,0.0,,
2025-11-05 06:07:12+00:00,2025-11-05 06:07:12,,,,,,,,,,19.6612492,8.90781212,963.0,933.400024,11.3874998,,,13.64,0.0,10.31,,,,,,0.0,,
2025-11-05 06:07:13+00:00,2025-11-05 06:07:13,,,,,,,,,,19.6612492,8.63906288,964.0,933.400024,11.5249996,,,13.64,0.0,10.31,,,,,,0.0,,
2025-11-05 06:07:14+00:00,2025-11-05 06:07:14,,,,,,,,,,19.6612492,8.63906288,964.0,933.887512,11.5249996,,,13.64,0.0,10.31,,,,,,0.0,,
2025-11-05 06:07:15+00:00,2025-11-05 06:07:15,18.0,20.0,20.0,18.0,18.0,11.7872060027295,304.0,BO_O2_RULE,"제어매트릭스 규칙 적용: NOX_LOW (3단계 롤백, 4단계에서 Hz 변화 없음)",19.6612492,8.40156269,963.0,933.887512,11.2624998,,,13.64,0.0,10.31,,,,,,0.0,,
2025-11-05 06:07:16+00:00,2025-11-05 06:07:16,,,,,,,,,,19.6612492,8.16562462,963.0,934.293762,11.5749998,,,13.64,0.0,10.31,,,,,,0.0,,
2025-11-05 06:07:17+00:00,2025-11-05 06:07:17,,,,,,,,,,19.6612492,8.16562462,963.0,934.293762,11.5749998,,,13.64,0.0,10.31,,,,,,0.0,,
2025-11-05 06:07:18+00:00,2025-11-05 06:07:18,,,,,,,,,,19.6612492,7.8046875,965.0,933.15625,11.5874996,,,13.64,0.0,10.31,,,,,,0.0,,
2025-11-05 06:07:19+00:00,2025-11-05 06:07:19,,,,,,,,,,19.6612492,7.8046875,965.0,933.15625,11.5874996,,,13.64,0.0,10.31,,,,,,0.0,,
2025-11-05 06:07:20+00:00,2025-11-05 06:07:20,18.0,20.0,20.0,18.0,18.0,11.960567463596654,304.0,BO_O2_RULE,"제어매트릭스 규칙 적용: NOX_LOW (3단계 롤백, 4단계에서 Hz 변화 없음)",19.6612492,7.8046875,965.0,933.15625,11.5874996,,,13.64,0.0,10.31,,,,,,0.0,,
2025-11-05 06:07:21+00:00,2025-11-05 06:07:21,,,,,,,,,,19.6612492,7.3968749,965.0,934.293762,11.8874998,,,13.64,0.0,10.88,,,,,,0.0,,
2025-11-05 06:07:22+00:00,2025-11-05 06:07:22,,,,,,,,,,19.6612492,7.3968749,965.0,934.293762,11.8874998,,,13.64,0.0,10.88,,,,,,0.0,,
2025-11-05 06:07:23+00:00,2025-11-05 06:07:23,,,,,,,,,,19.6612492,6.97968769,964.0,933.318726,11.5249996,,,13.64,0.0,10.88,,,,,,0.0,,
2025-11-05 06:07:24+00:00,2025-11-05 06:07:24,,,,,,,,,,19.6612492,6.97968769,964.0,933.318726,11.5249996,,,13.64,0.0,10.88,,,,,,0.0,,
2025-11-05 06:07:25+00:00,2025-11-05 06:07:25,18.0,21.0,21.0,18.0,18.0,11.769551151303412,304.0,BO_O2_RULE,"제어매트릭스 규칙 적용: NOX_LOW (3단계 롤백, 4단계에서 Hz 변화 없음)",19.6612492,6.5609374,964.0,933.318726,11.5,,,13.64,0.0,10.88,,,,,,0.0,,
2025-11-05 06:07:26+00:00,2025-11-05 06:07:26,,,,,,,,,,19.6612492,6.5609374,965.0,933.5625,11.5,,,13.64,0.0,10.88,,,,,,0.0,,
2025-11-05 06:07:27+00:00,2025-11-05 06:07:27,,,,,,,,,,19.6612492,6.2046876,965.0,934.049988,11.8500004,,,13.64,0.0,10.88,,,,,,0.0,,
2025-11-05 06:07:28+00:00,2025-11-05 06:07:28,,,,,,,,,,19.6612492,6.2046876,965.0,934.049988,11.8500004,,,13.64,0.0,10.88,,,,,,0.0,,
2025-11-05 06:07:29+00:00,2025-11-05 06:07:29,,,,,,,,,,19.6612492,5.88749981,965.0,933.5625,11.7250004,,,13.64,0.0,10.88,,,,,,0.0,,
2025-11-05 06:07:30+00:00,2025-11-05 06:07:30,18.0,21.0,21.0,18.0,18.0,11.662155346613734,304.0,BO_O2_RULE,"제어매트릭스 규칙 적용: NOX_LOW (3단계 롤백, 4단계에서 Hz 변화 없음)",19.6612492,5.88749981,965.0,933.5625,11.7250004,,,13.64,0.0,10.88,,,,,,0.0,,
2025-11-05 06:07:31+00:00,2025-11-05 06:07:31,,,,,,,,,,19.6612492,5.58281231,965.0,934.700012,11.8999996,,,13.64,0.0,10.88,,,,,,0.0,,
2025-11-05 06:07:32+00:00,2025-11-05 06:07:32,,,,,,,,,,19.6612492,5.58281231,965.0,934.700012,11.8999996,,,13.64,0.0,11.13,,,,,,0.0,,
2025-11-05 06:07:33+00:00,2025-11-05 06:07:33,,,,,,,,,,19.6612492,5.34843731,965.0,934.375,11.7749996,,,13.64,0.0,11.13,,,,,,0.0,,
2025-11-05 06:07:34+00:00,2025-11-05 06:07:34,,,,,,,,,,19.6612492,5.25312519,964.0,935.349976,11.6625004,,,13.64,0.0,11.13,,,,,,0.0,,
2025-11-05 06:07:35+00:00,2025-11-05 06:07:35,18.0,22.0,22.0,18.0,18.0,11.311049843930634,304.0,BO_O2_RULE,"제어매트릭스 규칙 적용: NOX_LOW (3단계 롤백, 4단계에서 Hz 변화 없음)",19.6612492,5.25312519,964.0,935.349976,11.6625004,,,13.64,0.0,11.13,,,,,,0.0,,
2025-11-05 06:07:36+00:00,2025-11-05 06:07:36,,,,,,,,,,19.6612492,5.0484376,967.0,936.487488,11.875,,,13.64,0.0,11.13,,,,,,0.0,,
2025-11-05 06:07:37+00:00,2025-11-05 06:07:37,,,,,,,,,,19.6612492,4.94843769,966.0,936.487488,11.7875004,,,13.64,0.0,11.13,,,,,,0.0,,
2025-11-05 06:07:38+00:00,2025-11-05 06:07:38,,,,,,,,,,19.6612492,4.94843769,966.0,936.243774,11.7875004,,,13.64,0.0,11.13,,,,,,0.0,,
2025-11-05 06:07:39+00:00,2025-11-05 06:07:39,,,,,,,,,,19.6612492,4.80000019,967.0,936.243774,11.6000004,,,13.64,0.0,11.13,,,,,,0.0,,
2025-11-05 06:07:40+00:00,2025-11-05 06:07:40,18.0,22.0,22.0,18.0,18.0,10.792624261629072,304.0,BO_O2_RULE,"제어매트릭스 규칙 적용: NOX_LOW (3단계 롤백, 4단계에서 Hz 변화 없음)",19.6612492,4.69218731,967.0,936.243774,12.0749998,,,13.64,0.0,11.13,,,,,,0.0,,
2025-11-05 06:07:41+00:00,2025-11-05 06:07:41,,,,,,,,,,19.6612492,4.69218731,967.0,937.381226,12.0749998,,,13.64,0.0,11.13,,,,,,0.0,,
2025-11-05 06:07:42+00:00,2025-11-05 06:07:42,,,,,,,,,,19.6612492,4.578125,969.0,936.243774,12.0,,,13.64,0.0,11.3,,,,,,0.0,,
2025-11-05 06:07:43+00:00,2025-11-05 06:07:43,,,,,,,,,,19.6612492,4.578125,969.0,936.243774,12.0,,,13.64,0.0,11.3,,,,,,0.0,,
2025-11-05 06:07:44+00:00,2025-11-05 06:07:44,,,,,,,,,,19.6612492,4.52812481,969.0,937.056274,12.0375004,,,13.64,0.0,11.3,,,,,,0.0,,
2025-11-05 06:07:45+00:00,2025-11-05 06:07:45,18.0,22.0,22.0,18.0,18.0,10.645859255994077,304.0,BO_O2_RULE,"제어매트릭스 규칙 적용: NOX_LOW (3단계 롤백, 4단계에서 Hz 변화 없음)",19.6612492,4.52812481,969.0,937.056274,12.0375004,,,13.64,0.0,11.3,,,,,,0.0,,
2025-11-05 06:07:46+00:00,2025-11-05 06:07:46,,,,,,,,,,19.6612492,4.36406231,969.0,936.974976,11.8874998,,,13.64,0.0,11.3,,,,,,0.0,,
2025-11-05 06:07:47+00:00,2025-11-05 06:07:47,,,,,,,,,,19.6612492,4.2578125,968.0,938.4375,12.1499996,,,13.64,0.0,11.3,,,,,,0.0,,
2025-11-05 06:07:48+00:00,2025-11-05 06:07:48,,,,,,,,,,19.6612492,4.2578125,968.0,938.4375,12.1499996,,,13.64,0.0,11.3,,,,,,0.0,,
2025-11-05 06:07:49+00:00,2025-11-05 06:07:49,,,,,,,,,,19.6612492,4.04374981,968.0,939.575012,12.2749996,,,13.64,0.0,11.3,,,,,,0.0,,
2025-11-05 06:07:50+00:00,2025-11-05 06:07:50,18.0,22.0,22.0,18.0,18.0,10.485339051508735,304.0,BO_O2_RULE,"제어매트릭스 규칙 적용: NOX_LOW (3단계 롤백, 4단계에서 Hz 변화 없음)",19.6612492,4.04374981,968.0,939.575012,12.2749996,,,13.64,0.0,11.3,,,,,,0.0,,
2025-11-05 06:07:51+00:00,2025-11-05 06:07:51,,,,,,,,,,19.6612492,3.96875,967.0,940.306274,12.6875,,,13.64,0.0,11.64,,,,,,0.0,,
2025-11-05 06:07:52+00:00,2025-11-05 06:07:52,,,,,,,,,,19.6612492,3.8984375,967.0,942.012512,12.625,,,13.64,0.0,11.64,,,,,,0.0,,
2025-11-05 06:07:53+00:00,2025-11-05 06:07:53,,,,,,,,,,19.6612492,3.8984375,967.0,942.012512,12.625,,,13.64,0.0,11.64,,,,,,0.0,,
2025-11-05 06:07:54+00:00,2025-11-05 06:07:54,,,,,,,,,,19.6612492,3.7984376,968.0,941.931274,12.75,,,13.64,0.0,11.64,,,,,,0.0,,
2025-11-05 06:07:55+00:00,2025-11-05 06:07:55,18.0,22.0,22.0,18.0,18.0,11.775917301625592,304.0,BO_O2_RULE,"제어매트릭스 규칙 적용: NOX_LOW (3단계 롤백, 4단계에서 Hz 변화 없음)",19.6612492,3.7406249,968.0,943.474976,12.8625002,,,13.64,0.0,11.64,,,,,,0.0,,
2025-11-05 06:07:56+00:00,2025-11-05 06:07:56,,,,,,,,,,19.6612492,3.7406249,968.0,943.474976,12.8625002,,,13.64,0.0,11.64,,,,,,0.0,,
2025-11-05 06:07:57+00:00,2025-11-05 06:07:57,,,,,,,,,,19.6612492,3.6343751,968.0,943.799988,12.9875002,,,13.64,0.0,11.64,,,,,,0.0,,
2025-11-05 06:07:58+00:00,2025-11-05 06:07:58,,,,,,,,,,19.6612492,3.6343751,968.0,943.799988,12.9875002,,,13.64,0.0,11.64,,,,,,0.0,,
2025-11-05 06:07:59+00:00,2025-11-05 06:07:59,,,,,,,,,,19.6612492,3.5562501,968.0,943.71875,13.1374998,,,13.64,0.0,11.64,,,,,,0.0,,
2025-11-05 06:08:00+00:00,2025-11-05 06:08:00,21.0,21.0,21.0,21.0,21.0,13.131123936649955,100.0,BO_ONLY,"BO 모델 결과만 사용 (1단계 롤백, 2~4단계에서 Hz 변화 없음)",19.6612492,3.5562501,968.0,943.71875,13.1374998,,3.0,13.64,0.0,11.64,,,,,,0.0,,
2025-11-05 06:08:01+00:00,2025-11-05 06:08:01,,,,,,,,,,19.6612492,3.47968745,968.0,943.068726,13.0500002,,,13.64,0.0,12.32,,,,,,0.0,,
2025-11-05 06:08:02+00:00,2025-11-05 06:08:02,,,,,,,,,,19.6612492,3.4296875,969.0,944.53125,13.1750002,,,13.64,0.0,12.32,,,,,,0.0,,
2025-11-05 06:08:03+00:00,2025-11-05 06:08:03,,,,,,,,,,19.6612492,3.4296875,969.0,944.53125,13.1750002,,,13.64,0.0,12.32,,,,,,0.0,,
2025-11-05 06:08:04+00:00,2025-11-05 06:08:04,,,,,,,,,,19.6612492,3.3812499,969.0,944.287476,12.8249998,,,13.64,0.0,12.32,,,,,,0.0,,
2025-11-05 06:08:05+00:00,2025-11-05 06:08:05,21.0,21.0,21.0,21.0,21.0,13.281432777885486,100.0,BO_ONLY,"BO 모델 결과만 사용 (1단계 롤백, 2~4단계에서 Hz 변화 없음)",19.6612492,3.38593745,971.0,945.506226,13.4375,,,13.64,0.0,12.32,,,,,,0.0,,
2025-11-05 06:08:06+00:00,2025-11-05 06:08:06,,,,,,,,,,19.6612492,3.38593745,971.0,945.506226,13.4375,,,13.64,0.0,12.32,,,,,,0.0,,
2025-11-05 06:08:07+00:00,2025-11-05 06:08:07,,,,,,,,,,19.6612492,3.34375,970.0,945.587524,13.0749998,,,13.64,0.0,12.32,,,,,,0.0,,
2025-11-05 06:08:08+00:00,2025-11-05 06:08:08,,,,,,,,,,19.6612492,3.34375,970.0,945.587524,13.0749998,,,13.64,0.0,12.32,,,,,,0.0,,
2025-11-05 06:08:09+00:00,2025-11-05 06:08:09,,,,,,,,,,19.6612492,3.4078126,970.0,946.96875,12.8374996,,,13.64,0.0,12.32,,,,,,0.0,,
2025-11-05 06:08:10+00:00,2025-11-05 06:08:10,20.0,20.0,20.0,20.0,20.0,13.513871842638316,100.0,BO_ONLY,"BO 모델 결과만 사용 (1단계 롤백, 2~4단계에서 Hz 변화 없음)",19.6612492,3.4078126,970.0,946.96875,12.8374996,,,13.64,0.0,12.32,,,,,,0.0,,
2025-11-05 06:08:11+00:00,2025-11-05 06:08:11,,,,,,,,,,19.6612492,3.4078126,970.0,947.700012,13.4750004,,,13.64,0.0,12.56,,,,,,0.0,,
2025-11-05 06:08:12+00:00,2025-11-05 06:08:12,,,,,,,,,,19.6612492,3.49687505,970.0,947.862488,13.5874996,,,13.64,0.0,12.56,,,,,,0.0,,
2025-11-05 06:08:13+00:00,2025-11-05 06:08:13,,,,,,,,,,19.6612492,3.49687505,970.0,947.862488,13.5874996,,,13.64,0.0,12.56,,,,,,0.0,,
2025-11-05 06:08:14+00:00,2025-11-05 06:08:14,,,,,,,,,,19.6612492,3.4937501,970.0,950.299988,13.6374998,,,13.64,0.0,12.56,,,,,,0.0,,
2025-11-05 06:08:15+00:00,2025-11-05 06:08:15,20.0,20.0,20.0,20.0,20.0,14.037192059975986,100.0,BO_ONLY,"BO 모델 결과만 사용 (1단계 롤백, 2~4단계에서 Hz 변화 없음)",19.6612492,3.4937501,970.0,950.299988,13.6374998,,,13.64,0.0,12.56,,,,,,0.0,,
2025-11-05 06:08:16+00:00,2025-11-05 06:08:16,,,,,,,,,,19.6612492,3.6546874,971.0,950.299988,13.3125,,,13.64,0.0,12.56,,,,,,0.0,,
2025-11-05 06:08:17+00:00,2025-11-05 06:08:17,,,,,,,,,,19.6612492,3.6546874,971.0,950.299988,13.3125,,,13.64,0.0,12.56,,,,,,0.0,,
2025-11-05 06:08:18+00:00,2025-11-05 06:08:18,,,,,,,,,,19.6612492,3.7421875,970.0,949.40625,13.4499998,,,13.64,0.0,12.56,,,,,,0.0,,
2025-11-05 06:08:19+00:00,2025-11-05 06:08:19,,,,,,,,,,19.6612492,3.7421875,970.0,949.40625,13.4499998,,,13.64,0.0,12.56,,,,,,0.0,,
2025-11-05 06:08:20+00:00,2025-11-05 06:08:20,21.0,21.0,21.0,21.0,21.0,15.535572919334365,100.0,BO_ONLY,"BO 모델 결과만 사용 (1단계 롤백, 2~4단계에서 Hz 변화 없음)",19.6612492,3.8421874,971.0,950.462524,13.1999998,,,13.64,0.0,12.73,,,,,,0.0,,
2025-11-05 06:08:21+00:00,2025-11-05 06:08:21,,,,,,,,,,19.6612492,3.8421874,971.0,950.462524,13.1999998,,,13.64,0.0,12.73,,,,,,0.0,,
2025-11-05 06:08:22+00:00,2025-11-05 06:08:22,,,,,,,,,,19.6612492,3.90937495,972.0,951.762512,13.2624998,,,13.64,0.0,12.73,,,,,,0.0,,
2025-11-05 06:08:23+00:00,2025-11-05 06:08:23,,,,,,,,,,19.6612492,3.90937495,972.0,951.762512,13.2624998,,,13.64,0.0,12.73,,,,,,0.0,,
2025-11-05 06:08:24+00:00,2025-11-05 06:08:24,,,,,,,,,,19.6612492,3.9593749,972.0,951.356262,12.6499996,,,13.64,0.0,12.73,,,,,,0.0,,
2025-11-05 06:08:25+00:00,2025-11-05 06:08:25,21.0,21.0,21.0,21.0,21.0,15.96127112536437,100.0,BO_ONLY,"BO 모델 결과만 사용 (1단계 롤백, 2~4단계에서 Hz 변화 없음)",19.6612492,3.9593749,972.0,951.356262,12.6499996,,,13.64,0.0,12.73,,,,,,0.0,,
2025-11-05 06:08:26+00:00,2025-11-05 06:08:26,,,,,,,,,,19.6612492,4.00312519,972.0,952.575012,12.6000004,,,13.64,0.0,12.73,,,,,,0.0,,
2025-11-05 06:08:27+00:00,2025-11-05 06:08:27,,,,,,,,,,19.6612492,4.0531249,972.0,953.631226,12.8374996,,,13.64,0.0,12.73,,,,,,0.0,,
2025-11-05 06:08:28+00:00,2025-11-05 06:08:28,,,,,,,,,,19.6612492,4.0531249,972.0,953.631226,12.8374996,,,13.64,0.0,12.73,,,,,,0.0,,
2025-11-05 06:08:29+00:00,2025-11-05 06:08:29,,,,,,,,,,19.6612492,4.0171876,974.0,954.606262,12.7250004,,,13.64,0.0,12.73,,,,,,0.0,,
2025-11-05 06:08:30+00:00,2025-11-05 06:08:30,22.0,22.0,22.0,22.0,22.0,15.929390360846348,100.0,BO_ONLY,"BO 모델 결과만 사용 (1단계 롤백, 2~4단계에서 Hz 변화 없음)",19.6612492,4.09062481,973.0,955.012512,12.1875,,,13.64,0.0,11.84,,,,,,0.0,,
2025-11-05 06:08:31+00:00,2025-11-05 06:08:31,,,,,,,,,,19.6612492,4.09062481,973.0,955.012512,12.1875,,,13.64,0.0,11.84,,,,,,0.0,,
2025-11-05 06:08:32+00:00,2025-11-05 06:08:32,,,,,,,,,,19.6612492,4.0609374,973.0,955.987488,12.1875,,,13.64,0.0,11.84,,,,,,0.0,,
2025-11-05 06:08:33+00:00,2025-11-05 06:08:33,,,,,,,,,,19.6612492,4.0687499,973.0,956.637512,12.1750002,,,13.64,0.0,11.84,,,,,,0.0,,
2025-11-05 06:08:34+00:00,2025-11-05 06:08:34,,,,,,,,,,19.6612492,4.0875001,972.0,956.799988,12.1374998,,,13.64,0.0,11.84,,,,,,0.0,,
2025-11-05 06:08:35+00:00,2025-11-05 06:08:35,22.0,22.0,22.0,22.0,22.0,16.775658850267288,100.0,BO_ONLY,"BO 모델 결과만 사용 (1단계 롤백, 2~4단계에서 Hz 변화 없음)",19.6612492,4.109375,972.0,956.231262,11.375,,,13.64,0.0,11.84,,,,,,0.0,,
2025-11-05 06:08:36+00:00,2025-11-05 06:08:36,,,,,,,,,,19.6612492,4.109375,972.0,956.231262,11.375,,,13.64,0.0,11.84,,,,,,0.0,,
2025-11-05 06:08:37+00:00,2025-11-05 06:08:37,,,,,,,,,,19.6612492,4.1812501,974.0,955.581238,11.2875004,,,13.64,0.0,11.84,,,,,,0.0,,
2025-11-05 06:08:38+00:00,2025-11-05 06:08:38,,,,,,,,,,19.6612492,4.1812501,974.0,955.581238,11.2875004,,,13.64,0.0,11.84,,,,,,0.0,,
2025-11-05 06:08:39+00:00,2025-11-05 06:08:39,,,,,,,,,,19.6612492,4.2109375,973.0,957.775024,11.3125,,,13.64,0.0,11.84,,,,,,0.0,,
2025-11-05 06:08:40+00:00,2025-11-05 06:08:40,22.0,22.0,22.0,22.0,22.0,16.77648201896472,100.0,BO_ONLY,"BO 모델 결과만 사용 (1단계 롤백, 2~4단계에서 Hz 변화 없음)",19.6612492,4.2109375,973.0,957.775024,11.3125,,,13.64,0.0,11.84,,,,,,0.0,,
2025-11-05 06:08:41+00:00,2025-11-05 06:08:41,,,,,,,,,,19.6612492,4.15156269,974.0,957.693726,10.7875004,,,13.64,0.0,10.81,,,,,,0.0,,
2025-11-05 06:08:42+00:00,2025-11-05 06:08:42,,,,,,,,,,19.6612492,4.15156269,974.0,957.693726,10.7875004,,,13.64,0.0,10.81,,,,,,0.0,,
2025-11-05 06:08:43+00:00,2025-11-05 06:08:43,,,,,,,,,,19.6612492,4.2265625,974.0,959.15625,10.8999996,,,13.64,0.0,10.81,,,,,,0.0,,
2025-11-05 06:08:44+00:00,2025-11-05 06:08:44,,,,,,,,,,19.6612492,4.2203126,972.0,959.318726,10.5375004,,,13.64,0.0,10.81,,,,,,0.0,,
2025-11-05 06:08:45+00:00,2025-11-05 06:08:45,22.0,22.0,22.0,22.0,22.0,16.160516498488313,100.0,BO_ONLY,"BO 모델 결과만 사용 (1단계 롤백, 2~4단계에서 Hz 변화 없음)",19.6612492,4.2203126,972.0,959.318726,10.5375004,,,13.64,0.0,10.81,,,,,,0.0,,
2025-11-05 06:08:46+00:00,2025-11-05 06:08:46,,,,,,,,,,19.6612492,4.22343731,973.0,959.075012,9.98750019,,,13.64,0.0,10.81,,,,,,0.0,,
2025-11-05 06:08:48+00:00,2025-11-05 06:08:48,,,,,,,,,,19.6612492,4.22343731,973.0,959.075012,9.98750019,,,13.64,0.0,10.81,,,,,,0.0,,
2025-11-05 06:08:49+00:00,2025-11-05 06:08:49,,,,,,,,,,19.6612492,4.18437481,972.0,961.512512,10.4250002,,,13.64,0.0,10.81,,,,,,0.0,,
2025-11-05 06:08:50+00:00,2025-11-05 06:08:50,22.0,22.0,22.0,22.0,22.0,16.16315934457199,100.0,BO_ONLY,"BO 모델 결과만 사용 (1단계 롤백, 2~4단계에서 Hz 변화 없음)",19.6612492,4.18437481,972.0,961.512512,10.4250002,,,13.64,0.0,10.81,,,,,,0.0,,
2025-11-05 06:08:51+00:00,2025-11-05 06:08:51,,,,,,,,,,19.6612492,4.2406249,973.0,961.268738,9.75,,,13.64,0.0,9.57,,,,,,0.0,,
2025-11-05 06:08:52+00:00,2025-11-05 06:08:52,,,,,,,,,,19.6612492,4.23124981,973.0,961.268738,9.88749981,,,13.64,0.0,9.57,,,,,,0.0,,
2025-11-05 06:08:53+00:00,2025-11-05 06:08:53,,,,,,,,,,19.6612492,4.23124981,973.0,962.40625,9.88749981,,,13.64,0.0,9.57,,,,,,0.0,,
2025-11-05 06:08:54+00:00,2025-11-05 06:08:54,,,,,,,,,,19.6612492,4.2734375,974.0,962.40625,10.1374998,,,13.64,0.0,9.57,,,,,,0.0,,
2025-11-05 06:08:55+00:00,2025-11-05 06:08:55,22.0,22.0,22.0,22.0,22.0,14.562315132015769,100.0,BO_ONLY,"BO 모델 결과만 사용 (1단계 롤백, 2~4단계에서 Hz 변화 없음)",19.6612492,4.2734375,974.0,962.893738,10.1374998,,,13.64,0.0,9.57,,,,,,0.0,,
2025-11-05 06:08:56+00:00,2025-11-05 06:08:56,,,,,,,,,,19.6612492,4.2874999,974.0,962.081238,10.7875004,,,13.64,0.0,9.57,,,,,,0.0,,
2025-11-05 06:08:57+00:00,2025-11-05 06:08:57,,,,,,,,,,19.6612492,4.2874999,975.0,962.081238,10.7875004,,,13.64,0.0,9.57,,,,,,0.0,,
2025-11-05 06:08:58+00:00,2025-11-05 06:08:58,,,,,,,,,,19.6612492,4.3515625,975.0,962.650024,10.7749996,,,13.64,0.0,9.57,,,,,,0.0,,
2025-11-05 06:08:59+00:00,2025-11-05 06:08:59,,,,,,,,,,19.6612492,4.3515625,975.0,962.650024,10.7749996,,,13.64,0.0,9.57,,,,,,0.0,,
2025-11-05 06:09:00+00:00,2025-11-05 06:09:00,22.0,22.0,22.0,22.0,22.0,14.777978886154095,100.0,BO_ONLY,"BO 모델 결과만 사용 (1단계 롤백, 2~4단계에서 Hz 변화 없음)",19.6612492,4.4359374,975.0,961.837524,10.7749996,,3.0,13.64,0.0,9.57,,,,,,0.0,,
2025-11-05 06:09:01+00:00,2025-11-05 06:09:01,,,,,,,,,,19.6612492,4.4359374,975.0,961.837524,10.6875,,,13.64,0.0,10.3,,,,,,0.0,,
2025-11-05 06:09:02+00:00,2025-11-05 06:09:02,,,,,,,,,,19.6612492,4.4312501,974.0,964.356262,10.6875,,,13.64,0.0,10.3,,,,,,0.0,,
2025-11-05 06:09:03+00:00,2025-11-05 06:09:03,,,,,,,,,,19.6612492,4.4312501,974.0,964.356262,10.4750004,,,13.64,0.0,10.3,,,,,,0.0,,
2025-11-05 06:09:04+00:00,2025-11-05 06:09:04,,,,,,,,,,19.6612492,4.4312501,974.0,964.356262,10.4750004,,,13.64,0.0,10.3,,,,,,0.0,,
2025-11-05 06:09:05+00:00,2025-11-05 06:09:05,22.0,22.0,22.0,22.0,22.0,13.782306315268789,100.0,BO_ONLY,"BO 모델 결과만 사용 (1단계 롤백, 2~4단계에서 Hz 변화 없음)",19.6612492,4.4828124,973.0,964.356262,10.4750004,,,13.64,0.0,10.3,,,,,,0.0,,
2025-11-05 06:09:06+00:00,2025-11-05 06:09:06,,,,,,,,,,19.6612492,4.4828124,973.0,964.356262,10.6875,,,13.64,0.0,10.3,,,,,,0.0,,
2025-11-05 06:09:07+00:00,2025-11-05 06:09:07,,,,,,,,,,19.6612492,4.4781251,973.0,965.412476,10.6875,,,13.64,0.0,10.3,,,,,,0.0,,
2025-11-05 06:09:08+00:00,2025-11-05 06:09:08,,,,,,,,,,19.6612492,4.4468751,973.0,966.224976,10.4375,,,13.64,0.0,10.3,,,,,,0.0,,
2025-11-05 06:09:09+00:00,2025-11-05 06:09:09,,,,,,,,,,19.6612492,4.4468751,973.0,966.224976,10.4375,,,13.64,0.0,10.3,,,,,,0.0,,
2025-11-05 06:09:10+00:00,2025-11-05 06:09:10,22.0,22.0,22.0,22.0,22.0,13.358473469351049,100.0,BO_ONLY,"BO 모델 결과만 사용 (1단계 롤백, 2~4단계에서 Hz 변화 없음)",19.6612492,4.4749999,973.0,967.606262,10.4375,,,13.64,0.0,10.3,,,,,,0.0,,
2025-11-05 06:09:11+00:00,2025-11-05 06:09:11,,,,,,,,,,19.6612492,4.55156231,973.0,967.443726,10.1999998,,,13.64,0.0,10.3,,,,,,0.0,,
2025-11-05 06:09:12+00:00,2025-11-05 06:09:12,,,,,,,,,,19.6612492,4.55156231,973.0,967.443726,10.1999998,,,13.64,0.0,9.65,,,,,,0.0,,
2025-11-05 06:09:13+00:00,2025-11-05 06:09:13,,,,,,,,,,19.6612492,4.51875019,972.0,969.068726,9.82499981,,,13.64,0.0,9.65,,,,,,0.0,,
2025-11-05 06:09:14+00:00,2025-11-05 06:09:14,,,,,,,,,,19.6612492,4.51875019,972.0,969.068726,9.82499981,,,13.64,0.0,9.65,,,,,,0.0,,
2025-11-05 06:09:15+00:00,2025-11-05 06:09:15,22.0,22.0,22.0,22.0,22.0,13.366481812316257,100.0,BO_ONLY,"BO 모델 결과만 사용 (1단계 롤백, 2~4단계에서 Hz 변화 없음)",19.6612492,4.5999999,974.0,969.231262,10.3500004,,,13.64,0.0,9.65,,,,,,0.0,,
2025-11-05 06:09:16+00:00,2025-11-05 06:09:16,,,,,,,,,,19.6612492,4.5999999,974.0,969.231262,10.3500004,,,13.64,0.0,9.65,,,,,,0.0,,
2025-11-05 06:09:17+00:00,2025-11-05 06:09:17,,,,,,,,,,19.6612492,4.64375019,973.0,968.90625,10.0124998,,,13.64,0.0,9.65,,,,,,0.0,,
2025-11-05 06:09:18+00:00,2025-11-05 06:09:18,,,,,,,,,,19.6612492,4.64375019,973.0,968.90625,10.0124998,,,13.64,0.0,9.65,,,,,,0.0,,
2025-11-05 06:09:19+00:00,2025-11-05 06:09:19,,,,,,,,,,19.6612492,4.7203126,973.0,969.799988,10.2250004,,,13.64,0.0,9.65,,,,,,0.0,,
2025-11-05 06:09:20+00:00,2025-11-05 06:09:20,23.0,23.0,23.0,23.0,23.0,13.53416802074092,100.0,BO_ONLY,"BO 모델 결과만 사용 (1단계 롤백, 2~4단계에서 Hz 변화 없음)",19.6612492,4.7203126,973.0,969.799988,10.2250004,,,13.64,0.0,9.65,,,,,,0.0,,
2025-11-05 06:09:21+00:00,2025-11-05 06:09:21,,,,,,,,,,19.6612492,4.765625,973.0,969.474976,9.97500038,,,13.64,0.0,9.65,,,,,,0.0,,
2025-11-05 06:09:22+00:00,2025-11-05 06:09:22,,,,,,,,,,19.6612492,4.72343731,973.0,969.068726,10.3125,,,13.64,0.0,9.62,,,,,,0.0,,
2025-11-05 06:09:23+00:00,2025-11-05 06:09:23,,,,,,,,,,19.6612492,4.7750001,972.0,968.743774,10.5375004,,,13.64,0.0,9.62,,,,,,0.0,,
2025-11-05 06:09:24+00:00,2025-11-05 06:09:24,,,,,,,,,,19.6612492,4.7750001,972.0,968.743774,10.5375004,,,13.64,0.0,9.62,,,,,,0.0,,
2025-11-05 06:09:25+00:00,2025-11-05 06:09:25,23.0,23.0,23.0,23.0,23.0,12.894229067253514,100.0,BO_ONLY,"BO 모델 결과만 사용 (1단계 롤백, 2~4단계에서 Hz 변화 없음)",19.6612492,4.80156231,973.0,970.043762,10.4624996,,,13.64,0.0,9.62,,,,,,0.0,,
2025-11-05 06:09:26+00:00,2025-11-05 06:09:26,,,,,,,,,,19.6612492,4.80156231,973.0,970.043762,10.4624996,,,13.64,0.0,9.62,,,,,,0.0,,
2025-11-05 06:09:27+00:00,2025-11-05 06:09:27,,,,,,,,,,19.6612492,4.8499999,973.0,971.018738,10.4875002,,,13.64,0.0,9.62,,,,,,0.0,,
2025-11-05 06:09:28+00:00,2025-11-05 06:09:28,,,,,,,,,,19.6612492,4.8499999,973.0,971.018738,10.4875002,,,13.64,0.0,9.62,,,,,,0.0,,
2025-11-05 06:09:29+00:00,2025-11-05 06:09:29,,,,,,,,,,19.6612492,4.9593749,975.0,970.612488,10.7875004,,,13.64,0.0,9.62,,,,,,0.0,,
2025-11-05 06:09:30+00:00,2025-11-05 06:09:30,23.0,23.0,23.0,23.0,23.0,12.221802982991157,100.0,BO_ONLY,"BO 모델 결과만 사용 (1단계 롤백, 2~4단계에서 Hz 변화 없음)",19.6612492,4.9593749,975.0,970.612488,10.7875004,,,13.64,0.0,9.62,,,,,,0.0,,
2025-11-05 06:09:31+00:00,2025-11-05 06:09:31,,,,,,,,,,19.6612492,5.02031231,974.0,972.237488,10.3000002,,,13.64,0.0,9.85,,,,,,0.0,,
2025-11-05 06:09:32+00:00,2025-11-05 06:09:32,,,,,,,,,,19.6612492,5.02031231,974.0,972.237488,10.3000002,,,13.64,0.0,9.85,,,,,,0.0,,
2025-11-05 06:09:33+00:00,2025-11-05 06:09:33,,,,,,,,,,19.6612492,5.0453124,974.0,972.318726,10.3874998,,,13.64,0.0,9.85,,,,,,0.0,,
2025-11-05 06:09:34+00:00,2025-11-05 06:09:34,,,,,,,,,,19.6612492,5.0453124,974.0,972.318726,10.3874998,,,13.64,0.0,9.85,,,,,,0.0,,
2025-11-05 06:09:35+00:00,2025-11-05 06:09:35,18.0,23.0,23.0,18.0,18.0,11.96125461733313,304.0,BO_O2_RULE,"제어매트릭스 규칙 적용: NOX_LOW (3단계 롤백, 4단계에서 Hz 변화 없음)",19.6612492,5.05000019,975.0,971.912476,10.3125,,,13.64,0.0,9.85,,,,,,0.0,,
2025-11-05 06:09:36+00:00,2025-11-05 06:09:36,,,,,,,,,,19.6612492,5.0625,975.0,971.912476,10.7250004,,,13.64,0.0,9.85,,,,,,0.0,,
2025-11-05 06:09:37+00:00,2025-11-05 06:09:37,,,,,,,,,,19.6612492,5.0625,975.0,972.887512,10.7250004,,,13.64,0.0,9.85,,,,,,0.0,,
2025-11-05 06:09:38+00:00,2025-11-05 06:09:38,,,,,,,,,,19.6612492,5.01875019,975.0,972.887512,11.1374998,,,13.64,0.0,9.85,,,,,,0.0,,
2025-11-05 06:09:39+00:00,2025-11-05 06:09:39,,,,,,,,,,19.6612492,5.01093769,974.0,974.025024,10.7749996,,,13.64,0.0,9.85,,,,,,0.0,,
2025-11-05 06:09:40+00:00,2025-11-05 06:09:40,23.0,23.0,23.0,23.0,23.0,12.44235347228074,100.0,BO_ONLY,"BO 모델 결과만 사용 (1단계 롤백, 2~4단계에서 Hz 변화 없음)",19.6612492,5.0531249,974.0,974.512512,10.9125004,,,13.64,0.0,9.85,,,,,,0.0,,
2025-11-05 06:09:41+00:00,2025-11-05 06:09:41,,,,,,,,,,19.6612492,5.0531249,974.0,974.512512,10.9125004,,,13.64,0.0,10.4,,,,,,0.0,,
2025-11-05 06:09:42+00:00,2025-11-05 06:09:42,,,,,,,,,,19.6612492,5.0296874,974.0,974.268738,10.9250002,,,13.64,0.0,10.4,,,,,,0.0,,
2025-11-05 06:09:43+00:00,2025-11-05 06:09:43,,,,,,,,,,19.6612492,5.0296874,974.0,974.268738,10.9250002,,,13.64,0.0,10.4,,,,,,0.0,,
2025-11-05 06:09:44+00:00,2025-11-05 06:09:44,,,,,,,,,,19.6612492,5.0093751,975.0,975.8125,10.75,,,13.64,0.0,10.4,,,,,,0.0,,
2025-11-05 06:09:45+00:00,2025-11-05 06:09:45,23.0,23.0,23.0,23.0,23.0,12.071151628911409,100.0,BO_ONLY,"BO 모델 결과만 사용 (1단계 롤백, 2~4단계에서 Hz 변화 없음)",19.6612492,5.0093751,975.0,975.8125,10.75,,,13.64,0.0,10.4,,,,,,0.0,,
2025-11-05 06:09:46+00:00,2025-11-05 06:09:46,,,,,,,,,,19.6612492,4.9859376,975.0,975.162476,10.8125,,,13.64,0.0,10.4,,,,,,0.0,,
2025-11-05 06:09:47+00:00,2025-11-05 06:09:47,,,,,,,,,,19.6612492,4.9859376,975.0,975.162476,10.8125,,,13.64,0.0,10.4,,,,,,0.0,,
2025-11-05 06:09:48+00:00,2025-11-05 06:09:48,,,,,,,,,,19.6612492,4.9625001,974.0,976.137512,10.9125004,,,13.64,0.0,10.4,,,,,,0.0,,
2025-11-05 06:09:49+00:00,2025-11-05 06:09:49,,,,,,,,,,19.6612492,4.97968769,975.0,975.081238,10.8500004,,,13.64,0.0,10.4,,,,,,0.0,,
2025-11-05 06:09:50+00:00,2025-11-05 06:09:50,23.0,23.0,23.0,23.0,23.0,12.34767640855254,100.0,BO_ONLY,"BO 모델 결과만 사용 (1단계 롤백, 2~4단계에서 Hz 변화 없음)",19.6612492,4.97968769,975.0,975.081238,10.8500004,,,13.64,0.0,10.4,,,,,,0.0,,
2025-11-05 06:09:51+00:00,2025-11-05 06:09:51,,,,,,,,,,19.6612492,4.92500019,975.0,975.081238,10.8125,,,13.64,0.0,10.2,,,,,,0.0,,
2025-11-05 06:09:52+00:00,2025-11-05 06:09:52,,,,,,,,,,19.6612492,4.92500019,974.0,975.081238,10.8125,,,13.64,0.0,10.2,,,,,,0.0,,
2025-11-05 06:09:53+00:00,2025-11-05 06:09:53,,,,,,,,,,19.6612492,4.9156251,975.0,975.893738,10.7875004,,,13.64,0.0,10.2,,,,,,0.0,,
2025-11-05 06:09:54+00:00,2025-11-05 06:09:54,,,,,,,,,,19.6612492,4.9156251,975.0,975.893738,10.7875004,,,13.64,0.0,10.2,,,,,,0.0,,
2025-11-05 06:09:55+00:00,2025-11-05 06:09:55,23.0,23.0,23.0,23.0,23.0,12.361747547562631,100.0,BO_ONLY,"BO 모델 결과만 사용 (1단계 롤백, 2~4단계에서 Hz 변화 없음)",19.6612492,4.87187481,975.0,975.40625,9.03750038,,,13.64,0.0,10.2,,,,,,0.0,,
2025-11-05 06:09:56+00:00,2025-11-05 06:09:56,,,,,,,,,,19.6612492,4.87187481,975.0,975.40625,9.03750038,,,13.64,0.0,10.2,,,,,,0.0,,
2025-11-05 06:09:57+00:00,2025-11-05 06:09:57,,,,,,,,,,19.6612492,4.8109374,975.0,975.325012,8.875,,,13.64,0.0,10.2,,,,,,0.0,,
2025-11-05 06:09:58+00:00,2025-11-05 06:09:58,,,,,,,,,,19.6612492,4.8109374,975.0,975.325012,8.875,,,13.64,0.0,10.2,,,,,,0.0,,
2025-11-05 06:09:59+00:00,2025-11-05 06:09:59,,,,,,,,,,19.6612492,4.7109375,974.0,977.84375,8.94999981,,,13.64,0.0,10.2,,,,,,0.0,,
2025-11-05 06:10:00+00:00,2025-11-05 06:10:00,18.0,23.0,23.0,18.0,18.0,11.05357308874343,304.0,BO_O2_RULE,"제어매트릭스 규칙 적용: NOX_LOW (3단계 롤백, 4단계에서 Hz 변화 없음)",19.6612492,4.68437481,974.0,976.625,8.8125,,3.0,13.64,0.0,8.28,,,,,,0.0,,
2025-11-05 06:10:01+00:00,2025-11-05 06:10:01,,,,,,,,,,19.6612492,4.68437481,974.0,976.625,8.8125,,,13.64,0.0,8.28,,,,,,0.0,,
2025-11-05 06:10:02+00:00,2025-11-05 06:10:02,,,,,,,,,,19.6612492,4.6703124,974.0,977.924988,9.125,,,13.64,0.0,8.28,,,,,,0.0,,
2025-11-05 06:10:03+00:00,2025-11-05 06:10:03,,,,,,,,,,19.6612492,4.6703124,974.0,977.924988,9.125,,,13.64,0.0,8.28,,,,,,0.0,,
2025-11-05 06:10:04+00:00,2025-11-05 06:10:04,,,,,,,,,,19.6612492,4.6265626,974.0,977.924988,8.48750019,,,13.64,0.0,8.28,,,,,,0.0,,
2025-11-05 06:10:05+00:00,2025-11-05 06:10:05,18.0,22.0,22.0,18.0,18.0,11.042023071993396,304.0,BO_O2_RULE,"제어매트릭스 규칙 적용: NOX_LOW (3단계 롤백, 4단계에서 Hz 변화 없음)",19.6612492,4.5796876,976.0,978.493774,8.88749981,,,13.64,0.0,8.28,,,,,,0.0,,
2025-11-05 06:10:06+00:00,2025-11-05 06:10:06,,,,,,,,,,19.6612492,4.5796876,976.0,978.493774,8.88749981,,,13.64,0.0,8.28,,,,,,0.0,,
2025-11-05 06:10:07+00:00,2025-11-05 06:10:07,,,,,,,,,,19.6612492,4.484375,976.0,979.224976,8.86250019,,,13.64,0.0,8.28,,,,,,0.0,,
2025-11-05 06:10:08+00:00,2025-11-05 06:10:08,,,,,,,,,,19.6612492,4.484375,976.0,979.224976,8.86250019,,,13.64,0.0,8.28,,,,,,0.0,,
2025-11-05 06:10:09+00:00,2025-11-05 06:10:09,,,,,,,,,,19.6612492,4.4515624,977.0,980.606262,8.86250019,,,13.64,0.0,8.28,,,,,,0.0,,
2025-11-05 06:10:10+00:00,2025-11-05 06:10:10,18.0,22.0,22.0,18.0,18.0,11.090972546734914,304.0,BO_O2_RULE,"제어매트릭스 규칙 적용: NOX_LOW (3단계 롤백, 4단계에서 Hz 변화 없음)",19.6612492,4.4515624,977.0,980.606262,8.86250019,,,13.64,0.0,8.34,,,,,,0.0,,
2025-11-05 06:10:11+00:00,2025-11-05 06:10:11,,,,,,,,,,19.6612492,4.37031269,977.0,979.956238,8.82499981,,,13.64,0.0,8.34,,,,,,0.0,,
2025-11-05 06:10:12+00:00,2025-11-05 06:10:12,,,,,,,,,,19.6612492,4.37031269,977.0,979.956238,8.82499981,,,13.64,0.0,8.34,,,,,,0.0,,
2025-11-05 06:10:13+00:00,2025-11-05 06:10:13,,,,,,,,,,19.6612492,4.30156231,977.0,981.012512,8.58749962,,,13.64,0.0,8.34,,,,,,0.0,,
2025-11-05 06:10:14+00:00,2025-11-05 06:10:14,,,,,,,,,,19.6612492,4.30156231,977.0,981.012512,8.58749962,,,13.64,0.0,8.34,,,,,,0.0,,
2025-11-05 06:10:15+00:00,2025-11-05 06:10:15,18.0,22.0,22.0,18.0,18.0,9.825362013091796,304.0,BO_O2_RULE,"제어매트릭스 규칙 적용: NOX_LOW (3단계 롤백, 4단계에서 Hz 변화 없음)",19.6612492,4.2515626,977.0,981.662476,8.69999981,,,13.64,0.0,8.34,,,,,,0.0,,
2025-11-05 06:10:16+00:00,2025-11-05 06:10:16,,,,,,,,,,19.6612492,4.25468731,976.0,982.637512,8.73750019,,,13.64,0.0,8.34,,,,,,0.0,,
2025-11-05 06:10:17+00:00,2025-11-05 06:10:17,,,,,,,,,,19.6612492,4.25468731,976.0,982.637512,8.73750019,,,13.64,0.0,8.34,,,,,,0.0,,
2025-11-05 06:10:18+00:00,2025-11-05 06:10:18,,,,,,,,,,19.6612492,4.2281251,977.0,981.418762,8.71249962,,,13.64,0.0,8.34,,,,,,0.0,,
2025-11-05 06:10:19+00:00,2025-11-05 06:10:19,,,,,,,,,,19.6612492,4.2281251,977.0,981.418762,8.71249962,,,13.64,0.0,8.34,,,,,,0.0,,
2025-11-05 06:10:20+00:00,2025-11-05 06:10:20,18.0,21.0,21.0,18.0,18.0,10.629234677540769,304.0,BO_O2_RULE,"제어매트릭스 규칙 적용: NOX_LOW (3단계 롤백, 4단계에서 Hz 변화 없음)",19.6612492,4.3062501,977.0,981.825012,8.69999981,,,13.64,0.0,8.34,,,,,,0.0,,
2025-11-05 06:10:21+00:00,2025-11-05 06:10:21,,,,,,,,,,19.6612492,4.3062501,977.0,981.825012,8.69999981,,,13.64,0.0,8.3,,,,,,0.0,,
2025-11-05 06:10:22+00:00,2025-11-05 06:10:22,,,,,,,,,,19.6612492,4.27656269,976.0,982.637512,8.85000038,,,13.64,0.0,8.3,,,,,,0.0,,
2025-11-05 06:10:23+00:00,2025-11-05 06:10:23,,,,,,,,,,19.6612492,4.27656269,976.0,982.637512,8.85000038,,,13.64,0.0,8.3,,,,,,0.0,,
2025-11-05 06:10:24+00:00,2025-11-05 06:10:24,,,,,,,,,,,,,,,,,,,,,,,,,,,
2025-11-05 06:10:25+00:00,2025-11-05 06:10:25,18.0,21.0,21.0,18.0,18.0,9.983940207051493,304.0,BO_O2_RULE,"제어매트릭스 규칙 적용: NOX_LOW (3단계 롤백, 4단계에서 Hz 변화 없음)",19.6612492,4.32343769,975.0,982.799988,9.11250019,,,13.64,0.0,8.3,,,,,,0.0,,
2025-11-05 06:10:26+00:00,2025-11-05 06:10:26,,,,,,,,,,19.6612492,4.32343769,975.0,982.799988,9.11250019,,,13.64,0.0,8.3,,,,,,0.0,,
2025-11-05 06:10:27+00:00,2025-11-05 06:10:27,,,,,,,,,,19.6612492,4.35624981,978.0,981.987488,9.22500038,,,13.64,0.0,8.3,,,,,,0.0,,
2025-11-05 06:10:28+00:00,2025-11-05 06:10:28,,,,,,,,,,19.6612492,4.35624981,978.0,981.987488,9.22500038,,,13.64,0.0,8.3,,,,,,0.0,,
2025-11-05 06:10:29+00:00,2025-11-05 06:10:29,,,,,,,,,,19.6612492,4.37031269,978.0,981.825012,9.22500038,,,13.64,0.0,8.3,,,,,,0.0,,
2025-11-05 06:10:30+00:00,2025-11-05 06:10:30,18.0,22.0,22.0,18.0,18.0,9.782449930028893,304.0,BO_O2_RULE,"제어매트릭스 규칙 적용: NOX_LOW (3단계 롤백, 4단계에서 Hz 변화 없음)",19.6612492,4.37031269,978.0,981.825012,9.17500019,,,13.64,0.0,8.3,,,,,,0.0,,
2025-11-05 06:10:31+00:00,2025-11-05 06:10:31,,,,,,,,,,19.6612492,4.359375,978.0,982.474976,9.0625,,,13.64,0.0,8.46,,,,,,0.0,,
2025-11-05 06:10:32+00:00,2025-11-05 06:10:32,,,,,,,,,,19.6612492,4.359375,978.0,982.474976,9.0625,,,13.64,0.0,8.46,,,,,,0.0,,
2025-11-05 06:10:33+00:00,2025-11-05 06:10:33,,,,,,,,,,19.6612492,4.39531231,978.0,982.799988,9.11250019,,,13.64,0.0,8.46,,,,,,0.0,,
2025-11-05 06:10:34+00:00,2025-11-05 06:10:34,,,,,,,,,,19.6612492,4.39531231,978.0,982.799988,9.11250019,,,13.64,0.0,8.46,,,,,,0.0,,
2025-11-05 06:10:35+00:00,2025-11-05 06:10:35,18.0,22.0,22.0,18.0,18.0,9.762765349718126,304.0,BO_O2_RULE,"제어매트릭스 규칙 적용: NOX_LOW (3단계 롤백, 4단계에서 Hz 변화 없음)",19.6612492,4.52656269,979.0,982.799988,9.19999981,,,13.64,0.0,8.46,,,,,,0.0,,
2025-11-05 06:10:36+00:00,2025-11-05 06:10:36,,,,,,,,,,19.6612492,4.52656269,979.0,982.799988,9.19999981,,,13.64,0.0,8.46,,,,,,0.0,,
2025-11-05 06:10:37+00:00,2025-11-05 06:10:37,,,,,,,,,,19.6612492,4.5875001,979.0,982.799988,10.8999996,,,13.64,0.0,8.46,,,,,,0.0,,
2025-11-05 06:10:38+00:00,2025-11-05 06:10:38,,,,,,,,,,19.6612492,4.5875001,979.0,982.799988,10.8999996,,,13.64,0.0,8.46,,,,,,0.0,,
2025-11-05 06:10:39+00:00,2025-11-05 06:10:39,,,,,,,,,,19.6612492,4.56562519,978.0,983.53125,10.8625002,,,13.64,0.0,8.46,,,,,,0.0,,
2025-11-05 06:10:40+00:00,2025-11-05 06:10:40,18.0,22.0,22.0,18.0,18.0,10.627535546018285,304.0,BO_O2_RULE,"제어매트릭스 규칙 적용: NOX_LOW (3단계 롤백, 4단계에서 Hz 변화 없음)",19.6612492,4.65156269,978.0,983.9375,10.8249998,,,13.64,0.0,8.46,,,,,,0.0,,
2025-11-05 06:10:41+00:00,2025-11-05 06:10:41,,,,,,,,,,19.6612492,4.65156269,980.0,983.9375,10.8249998,,,13.64,0.0,10.07,,,,,,0.0,,
2025-11-05 06:10:42+00:00,2025-11-05 06:10:42,,,,,,,,,,19.6612492,4.62968731,979.0,984.099976,10.875,,,13.64,0.0,10.07,,,,,,0.0,,
2025-11-05 06:10:43+00:00,2025-11-05 06:10:43,,,,,,,,,,19.6612492,4.62968731,979.0,984.099976,10.875,,,13.64,0.0,10.07,,,,,,0.0,,
2025-11-05 06:10:44+00:00,2025-11-05 06:10:44,,,,,,,,,,19.6612492,4.625,979.0,984.181274,10.8374996,,,13.64,0.0,10.07,,,,,,0.0,,
2025-11-05 06:10:45+00:00,2025-11-05 06:10:45,18.0,22.0,22.0,18.0,18.0,11.63856880989021,304.0,BO_O2_RULE,"제어매트릭스 규칙 적용: NOX_LOW (3단계 롤백, 4단계에서 Hz 변화 없음)",19.6612492,4.734375,979.0,983.287476,10.75,,,13.64,0.0,10.07,,,,,,0.0,,
2025-11-05 06:10:46+00:00,2025-11-05 06:10:46,,,,,,,,,,19.6612492,4.734375,979.0,983.287476,10.75,,,13.64,0.0,10.07,,,,,,0.0,,
2025-11-05 06:10:47+00:00,2025-11-05 06:10:47,,,,,,,,,,19.6612492,4.7593751,979.0,983.206238,10.9125004,,,13.64,0.0,10.07,,,,,,0.0,,
2025-11-05 06:10:48+00:00,2025-11-05 06:10:48,,,,,,,,,,19.6612492,4.78437519,980.0,983.612488,11.0874996,,,13.64,0.0,10.07,,,,,,0.0,,
2025-11-05 06:10:49+00:00,2025-11-05 06:10:49,,,,,,,,,,19.6612492,4.78437519,980.0,983.612488,11.0874996,,,13.64,0.0,10.07,,,,,,0.0,,
2025-11-05 06:10:50+00:00,2025-11-05 06:10:50,18.0,22.0,22.0,18.0,18.0,11.795615569880313,304.0,BO_O2_RULE,"제어매트릭스 규칙 적용: NOX_LOW (3단계 롤백, 4단계에서 Hz 변화 없음)",19.6612492,4.7593751,980.0,985.5625,10.7749996,,,13.64,0.0,10.07,,,,,,0.0,,
2025-11-05 06:10:51+00:00,2025-11-05 06:10:51,,,,,,,,,,19.6612492,4.7593751,980.0,985.5625,10.7749996,,,13.64,0.0,10.07,,,,,,0.0,,
2025-11-05 06:10:52+00:00,2025-11-05 06:10:52,,,,,,,,,,19.6612492,4.84843731,979.0,985.724976,11.0124998,,,13.64,0.0,10.23,,,,,,0.0,,
2025-11-05 06:10:53+00:00,2025-11-05 06:10:53,,,,,,,,,,19.6612492,4.84843731,979.0,985.724976,11.0124998,,,13.64,0.0,10.23,,,,,,0.0,,
2025-11-05 06:10:54+00:00,2025-11-05 06:10:54,,,,,,,,,,19.6612492,4.84843731,979.0,985.724976,10.7250004,,,13.64,0.0,10.23,,,,,,0.0,,
2025-11-05 06:10:55+00:00,2025-11-05 06:10:55,18.0,23.0,23.0,18.0,18.0,11.955949842426895,304.0,BO_O2_RULE,"제어매트릭스 규칙 적용: NOX_LOW (3단계 롤백, 4단계에서 Hz 변화 없음)",19.6612492,4.8671875,980.0,984.831238,10.7250004,,,13.64,0.0,10.23,,,,,,0.0,,
2025-11-05 06:10:56+00:00,2025-11-05 06:10:56,,,,,,,,,,19.6612492,4.92656231,979.0,985.806274,10.9375,,,13.64,0.0,10.23,,,,,,0.0,,
2025-11-05 06:10:57+00:00,2025-11-05 06:10:57,,,,,,,,,,19.6612492,4.92656231,979.0,985.806274,10.9375,,,13.64,0.0,10.23,,,,,,0.0,,
2025-11-05 06:10:58+00:00,2025-11-05 06:10:58,,,,,,,,,,19.6612492,4.93437481,979.0,984.75,10.3500004,,,13.64,0.0,10.23,,,,,,0.0,,
2025-11-05 06:10:59+00:00,2025-11-05 06:10:59,,,,,,,,,,19.6612492,4.93437481,979.0,984.75,10.3500004,,,13.64,0.0,10.23,,,,,,0.0,,
2025-11-05 06:11:00+00:00,2025-11-05 06:11:00,23.0,23.0,23.0,23.0,23.0,12.083454660028984,100.0,BO_ONLY,"BO 모델 결과만 사용 (1단계 롤백, 2~4단계에서 Hz 변화 없음)",19.6612492,5.0296874,979.0,985.400024,10.3500004,,3.0,13.64,0.0,10.23,,,,,,0.0,,
2025-11-05 06:11:01+00:00,2025-11-05 06:11:01,,,,,,,,,,19.6612492,5.0296874,979.0,985.400024,10.4624996,,,13.64,0.0,10.23,,,,,,0.0,,
2025-11-05 06:11:02+00:00,2025-11-05 06:11:02,,,,,,,,,,19.6612492,5.046875,980.0,985.15625,10.3625002,,,13.64,0.0,9.79,,,,,,0.0,,
2025-11-05 06:11:03+00:00,2025-11-05 06:11:03,,,,,,,,,,19.6612492,5.046875,980.0,985.15625,10.3625002,,,13.64,0.0,9.79,,,,,,0.0,,
2025-11-05 06:11:04+00:00,2025-11-05 06:11:04,,,,,,,,,,19.6612492,5.1031251,978.0,984.668762,10.1625004,,,13.64,0.0,9.79,,,,,,0.0,,
2025-11-05 06:11:05+00:00,2025-11-05 06:11:05,18.0,23.0,23.0,18.0,18.0,11.858194987992697,304.0,BO_O2_RULE,"제어매트릭스 규칙 적용: NOX_LOW (3단계 롤백, 4단계에서 Hz 변화 없음)",19.6612492,5.1031251,978.0,984.668762,10.1625004,,,13.64,0.0,9.79,,,,,,0.0,,
2025-11-05 06:11:06+00:00,2025-11-05 06:11:06,,,,,,,,,,19.6612492,5.1468749,980.0,984.912476,10.1000004,,,13.64,0.0,9.79,,,,,,0.0,,
2025-11-05 06:11:07+00:00,2025-11-05 06:11:07,,,,,,,,,,19.6612492,5.1468749,980.0,984.912476,10.1000004,,,13.64,0.0,9.79,,,,,,0.0,,
2025-11-05 06:11:08+00:00,2025-11-05 06:11:08,,,,,,,,,,19.6612492,5.23906231,980.0,985.400024,10.2250004,,,13.64,0.0,9.79,,,,,,0.0,,
2025-11-05 06:11:09+00:00,2025-11-05 06:11:09,,,,,,,,,,19.6612492,5.203125,979.0,985.318726,10.4875002,,,13.64,0.0,9.79,,,,,,0.0,,
2025-11-05 06:11:10+00:00,2025-11-05 06:11:10,18.0,23.0,23.0,18.0,18.0,10.408043423420677,304.0,BO_O2_RULE,"제어매트릭스 규칙 적용: NOX_LOW (3단계 롤백, 4단계에서 Hz 변화 없음)",19.6612492,5.203125,979.0,985.318726,10.4875002,,,13.64,0.0,9.79,,,,,,0.0,,
2025-11-05 06:11:11+00:00,2025-11-05 06:11:11,,,,,,,,,,19.6612492,5.31718731,979.0,985.15625,10.4875002,,,13.64,0.0,9.82,,,,,,0.0,,
2025-11-05 06:11:12+00:00,2025-11-05 06:11:12,,,,,,,,,,19.6612492,5.34062481,980.0,985.5625,10.0375004,,,13.64,0.0,9.82,,,,,,0.0,,
2025-11-05 06:11:13+00:00,2025-11-05 06:11:13,,,,,,,,,,19.6612492,5.34062481,980.0,985.5625,10.0375004,,,13.64,0.0,9.82,,,,,,0.0,,
2025-11-05 06:11:14+00:00,2025-11-05 06:11:14,,,,,,,,,,19.6612492,5.30937481,980.0,985.318726,10.6374998,,,13.64,0.0,9.82,,,,,,0.0,,
2025-11-05 06:11:15+00:00,2025-11-05 06:11:15,18.0,23.0,23.0,18.0,18.0,10.601259393596678,304.0,BO_O2_RULE,"제어매트릭스 규칙 적용: NOX_LOW (3단계 롤백, 4단계에서 Hz 변화 없음)",19.6612492,5.30937481,980.0,985.318726,10.6374998,,,13.64,0.0,9.82,,,,,,0.0,,
2025-11-05 06:11:16+00:00,2025-11-05 06:11:16,,,,,,,,,,19.6612492,5.3531251,980.0,985.724976,10.3374996,,,13.64,0.0,9.82,,,,,,0.0,,
2025-11-05 06:11:17+00:00,2025-11-05 06:11:17,,,,,,,,,,19.6612492,5.40156269,979.0,985.400024,10.6999998,,,13.64,0.0,9.82,,,,,,0.0,,
2025-11-05 06:11:18+00:00,2025-11-05 06:11:18,,,,,,,,,,19.6612492,5.5015626,980.0,985.5625,10.4624996,,,13.64,0.0,9.82,,,,,,0.0,,
2025-11-05 06:11:19+00:00,2025-11-05 06:11:19,,,,,,,,,,19.6612492,5.5015626,980.0,985.5625,10.4624996,,,13.64,0.0,9.82,,,,,,0.0,,
2025-11-05 06:11:20+00:00,2025-11-05 06:11:20,18.0,23.0,23.0,18.0,18.0,11.2883334564979,304.0,BO_O2_RULE,"제어매트릭스 규칙 적용: NOX_LOW (3단계 롤백, 4단계에서 Hz 변화 없음)",19.6612492,5.59062481,979.0,984.668762,10.0625,,,13.64,0.0,9.82,,,,,,0.0,,
2025-11-05 06:11:21+00:00,2025-11-05 06:11:21,,,,,,,,,,19.6612492,5.59062481,979.0,984.668762,10.0625,,,13.64,0.0,9.76,,,,,,0.0,,
2025-11-05 06:11:22+00:00,2025-11-05 06:11:22,,,,,,,,,,19.6612492,5.609375,979.0,985.806274,10.0375004,,,13.64,0.0,9.76,,,,,,0.0,,
2025-11-05 06:11:23+00:00,2025-11-05 06:11:23,,,,,,,,,,19.6612492,5.609375,979.0,985.806274,10.0375004,,,13.64,0.0,9.76,,,,,,0.0,,
2025-11-05 06:11:24+00:00,2025-11-05 06:11:24,,,,,,,,,,19.6612492,5.6875,978.0,984.912476,10.1875,,,13.64,0.0,9.76,,,,,,0.0,,
2025-11-05 06:11:25+00:00,2025-11-05 06:11:25,18.0,23.0,23.0,18.0,18.0,10.977379741779941,304.0,BO_O2_RULE,"제어매트릭스 규칙 적용: NOX_LOW (3단계 롤백, 4단계에서 Hz 변화 없음)",19.6612492,5.70625019,978.0,983.693726,10.2250004,,,13.64,0.0,9.76,,,,,,0.0,,
2025-11-05 06:11:26+00:00,2025-11-05 06:11:26,,,,,,,,,,19.6612492,5.7984376,978.0,983.612488,10.1374998,,,13.64,0.0,9.76,,,,,,0.0,,
2025-11-05 06:11:27+00:00,2025-11-05 06:11:27,,,,,,,,,,19.6612492,5.7984376,978.0,983.612488,10.1374998,,,13.64,0.0,9.76,,,,,,0.0,,
2025-11-05 06:11:28+00:00,2025-11-05 06:11:28,,,,,,,,,,19.6612492,5.88593769,978.0,983.368774,9.98750019,,,13.64,0.0,9.76,,,,,,0.0,,
2025-11-05 06:11:29+00:00,2025-11-05 06:11:29,,,,,,,,,,19.6612492,5.88593769,978.0,983.368774,9.98750019,,,13.64,0.0,9.76,,,,,,0.0,,
2025-11-05 06:11:30+00:00,2025-11-05 06:11:30,18.0,23.0,23.0,18.0,18.0,10.690438131836542,304.0,BO_O2_RULE,"제어매트릭스 규칙 적용: NOX_LOW (3단계 롤백, 4단계에서 Hz 변화 없음)",19.6612492,5.9296875,976.0,983.125,9.82499981,,,13.64,0.0,9.76,,,,,,0.0,,
2025-11-05 06:11:31+00:00,2025-11-05 06:11:31,,,,,,,,,,19.6612492,5.9296875,976.0,983.125,9.82499981,,,13.64,0.0,9.52,,,,,,0.0,,
2025-11-05 06:11:32+00:00,2025-11-05 06:11:32,,,,,,,,,,19.6612492,6.0406251,976.0,984.099976,10.0749998,,,13.64,0.0,9.52,,,,,,0.0,,
2025-11-05 06:11:33+00:00,2025-11-05 06:11:33,,,,,,,,,,19.6612492,6.07499981,977.0,983.450012,10.0749998,,,13.64,0.0,9.52,,,,,,0.0,,
2025-11-05 06:11:34+00:00,2025-11-05 06:11:34,,,,,,,,,,19.6612492,6.07499981,977.0,983.450012,10.1125002,,,13.64,0.0,9.52,,,,,,0.0,,
2025-11-05 06:11:35+00:00,2025-11-05 06:11:35,18.0,23.0,23.0,18.0,18.0,11.179351716176173,304.0,BO_O2_RULE,"제어매트릭스 규칙 적용: NOX_LOW (3단계 롤백, 4단계에서 Hz 변화 없음)",19.6612492,6.1859374,976.0,984.506226,10.1125002,,,13.64,0.0,9.52,,,,,,0.0,,
2025-11-05 06:11:36+00:00,2025-11-05 06:11:36,,,,,,,,,,19.6612492,6.1859374,976.0,984.506226,9.71249962,,,13.64,0.0,9.52,,,,,,0.0,,
2025-11-05 06:11:37+00:00,2025-11-05 06:11:37,,,,,,,,,,19.6612492,6.171875,976.0,982.474976,9.71249962,,,13.64,0.0,9.52,,,,,,0.0,,
2025-11-05 06:11:38+00:00,2025-11-05 06:11:38,,,,,,,,,,19.6612492,6.3046875,976.0,981.418762,10.1374998,,,13.64,0.0,9.52,,,,,,0.0,,
2025-11-05 06:11:39+00:00,2025-11-05 06:11:39,,,,,,,,,,19.6612492,6.3046875,976.0,981.418762,10.1374998,,,13.64,0.0,9.52,,,,,,0.0,,
2025-11-05 06:11:40+00:00,2025-11-05 06:11:40,18.0,23.0,23.0,18.0,18.0,10.977532298275213,304.0,BO_O2_RULE,"제어매트릭스 규칙 적용: NOX_LOW (3단계 롤백, 4단계에서 Hz 변화 없음)",19.6612492,6.26875019,977.0,982.3125,10.125,,,13.64,0.0,9.41,,,,,,0.0,,
2025-11-05 06:11:41+00:00,2025-11-05 06:11:41,,,,,,,,,,19.6612492,6.26875019,977.0,982.3125,10.125,,,13.64,0.0,9.41,,,,,,0.0,,
2025-11-05 06:11:42+00:00,2025-11-05 06:11:42,,,,,,,,,,19.6612492,6.3375001,976.0,981.987488,10.3249998,,,13.64,0.0,9.41,,,,,,0.0,,
2025-11-05 06:11:43+00:00,2025-11-05 06:11:43,,,,,,,,,,19.6612492,6.3375001,976.0,981.987488,10.3249998,,,13.64,0.0,9.41,,,,,,0.0,,
2025-11-05 06:11:44+00:00,2025-11-05 06:11:44,,,,,,,,,,19.6612492,6.3984375,977.0,981.987488,10.2124996,,,13.64,0.0,9.41,,,,,,0.0,,
2025-11-05 06:11:45+00:00,2025-11-05 06:11:45,18.0,23.0,23.0,18.0,18.0,10.90499045358974,304.0,BO_O2_RULE,"제어매트릭스 규칙 적용: NOX_LOW (3단계 롤백, 4단계에서 Hz 변화 없음)",19.6612492,6.3984375,977.0,982.150024,10.2124996,,,13.64,0.0,9.41,,,,,,0.0,,
2025-11-05 06:11:46+00:00,2025-11-05 06:11:46,,,,,,,,,,19.6612492,6.5640626,976.0,982.799988,10.375,,,13.64,0.0,9.41,,,,,,0.0,,
2025-11-05 06:11:47+00:00,2025-11-05 06:11:47,,,,,,,,,,19.6612492,6.5640626,976.0,982.799988,10.375,,,13.64,0.0,9.41,,,,,,0.0,,
2025-11-05 06:11:48+00:00,2025-11-05 06:11:48,,,,,,,,,,19.6612492,6.5609374,977.0,981.581238,9.96249962,,,13.64,0.0,9.41,,,,,,0.0,,
2025-11-05 06:11:49+00:00,2025-11-05 06:11:49,,,,,,,,,,19.6612492,6.67500019,974.0,982.474976,10.4250002,,,13.64,0.0,9.41,,,,,,0.0,,
2025-11-05 06:11:50+00:00,2025-11-05 06:11:50,18.0,23.0,23.0,18.0,18.0,11.247863358550902,304.0,BO_O2_RULE,"제어매트릭스 규칙 적용: NOX_LOW (3단계 롤백, 4단계에서 Hz 변화 없음)",19.6612492,6.67500019,974.0,982.474976,10.4250002,,,13.64,0.0,9.72,,,,,,0.0,,
2025-11-05 06:11:51+00:00,2025-11-05 06:11:51,,,,,,,,,,19.6612492,6.70781231,974.0,981.662476,10.6750002,,,13.64,0.0,9.72,,,,,,0.0,,
2025-11-05 06:11:52+00:00,2025-11-05 06:11:52,,,,,,,,,,19.6612492,6.70781231,974.0,981.662476,10.6750002,,,13.64,0.0,9.72,,,,,,0.0,,
2025-11-05 06:11:53+00:00,2025-11-05 06:11:53,,,,,,,,,,19.6612492,6.7093749,975.0,982.068726,10.3374996,,,13.64,0.0,9.72,,,,,,0.0,,
2025-11-05 06:11:54+00:00,2025-11-05 06:11:54,,,,,,,,,,19.6612492,6.7093749,975.0,982.068726,10.3374996,,,13.64,0.0,9.72,,,,,,0.0,,
2025-11-05 06:11:55+00:00,2025-11-05 06:11:55,23.0,23.0,23.0,23.0,23.0,12.130945730819935,100.0,BO_ONLY,"BO 모델 결과만 사용 (1단계 롤백, 2~4단계에서 Hz 변화 없음)",19.6612492,6.8515625,975.0,981.662476,10.4125004,,,13.64,0.0,9.72,,,,,,0.0,,
2025-11-05 06:11:56+00:00,2025-11-05 06:11:56,,,,,,,,,,19.6612492,6.8515625,975.0,981.662476,10.4125004,,,13.64,0.0,9.72,,,,,,0.0,,
2025-11-05 06:11:57+00:00,2025-11-05 06:11:57,,,,,,,,,,19.6612492,6.87968731,974.0,981.418762,10.3999996,,,13.64,0.0,9.72,,,,,,0.0,,
2025-11-05 06:11:58+00:00,2025-11-05 06:11:58,,,,,,,,,,19.6612492,6.87968731,974.0,981.418762,10.3999996,,,13.64,0.0,9.72,,,,,,0.0,,
2025-11-05 06:11:59+00:00,2025-11-05 06:11:59,,,,,,,,,,19.6612492,6.93281269,974.0,979.793762,10.4499998,,,13.64,0.0,9.72,,,,,,0.0,,
2025-11-05 06:12:00+00:00,2025-11-05 06:12:00,18.0,23.0,23.0,18.0,18.0,11.845772704345858,304.0,BO_O2_RULE,"제어매트릭스 규칙 적용: NOX_LOW (3단계 롤백, 4단계에서 Hz 변화 없음)",19.6612492,6.93281269,974.0,979.793762,10.4499998,,3.0,13.64,0.0,9.72,,,,,,0.0,,
2025-11-05 06:12:01+00:00,2025-11-05 06:12:01,,,,,,,,,,19.6612492,6.9515624,974.0,980.28125,10.2624998,,,13.64,0.0,9.83,,,,,,0.0,,
2025-11-05 06:12:02+00:00,2025-11-05 06:12:02,,,,,,,,,,19.6612492,6.9515624,974.0,980.28125,10.2624998,,,13.64,0.0,9.83,,,,,,0.0,,
2025-11-05 06:12:03+00:00,2025-11-05 06:12:03,,,,,,,,,,19.6612492,7.07343769,974.0,980.443726,10.2250004,,,13.64,0.0,9.83,,,,,,0.0,,
2025-11-05 06:12:05+00:00,2025-11-05 06:12:05,18.0,23.0,23.0,18.0,18.0,11.606111393507469,304.0,BO_O2_RULE,"제어매트릭스 규칙 적용: NOX_LOW (3단계 롤백, 4단계에서 Hz 변화 없음)",19.6612492,7.07343769,974.0,980.443726,10.2250004,,,13.64,0.0,9.83,,,,,,0.0,,
2025-11-05 06:12:06+00:00,2025-11-05 06:12:06,,,,,,,,,,19.6612492,7.19218731,975.0,979.306274,10.2250004,,,13.64,0.0,9.83,,,,,,0.0,,
2025-11-05 06:12:07+00:00,2025-11-05 06:12:07,,,,,,,,,,19.6612492,7.22343731,974.0,979.306274,10.2875004,,,13.64,0.0,9.83,,,,,,0.0,,
2025-11-05 06:12:08+00:00,2025-11-05 06:12:08,,,,,,,,,,19.6612492,7.22343731,974.0,978.818726,10.2875004,,,13.64,0.0,9.83,,,,,,0.0,,
2025-11-05 06:12:09+00:00,2025-11-05 06:12:09,,,,,,,,,,19.6612492,7.25468731,976.0,978.818726,10.5500002,,,13.64,0.0,9.83,,,,,,0.0,,
2025-11-05 06:12:10+00:00,2025-11-05 06:12:10,18.0,22.0,22.0,18.0,18.0,11.820193204234421,304.0,BO_O2_RULE,"제어매트릭스 규칙 적용: NOX_LOW (3단계 롤백, 4단계에서 Hz 변화 없음)",19.6612492,7.3265624,974.0,976.787476,10.3374996,,,13.64,0.0,9.83,,,,,,0.0,,
2025-11-05 06:12:11+00:00,2025-11-05 06:12:11,,,,,,,,,,19.6612492,7.3265624,974.0,976.787476,10.3374996,,,13.64,0.0,9.68,,,,,,0.0,,
2025-11-05 06:12:12+00:00,2025-11-05 06:12:12,,,,,,,,,,19.6612492,7.3765626,974.0,977.762512,10.3249998,,,13.64,0.0,9.68,,,,,,0.0,,
2025-11-05 06:12:13+00:00,2025-11-05 06:12:13,,,,,,,,,,19.6612492,7.3765626,974.0,977.762512,10.3249998,,,13.64,0.0,9.68,,,,,,0.0,,
2025-11-05 06:12:14+00:00,2025-11-05 06:12:14,,,,,,,,,,19.6612492,7.38593769,974.0,976.137512,10.6374998,,,13.64,0.0,9.68,,,,,,0.0,,
2025-11-05 06:12:15+00:00,2025-11-05 06:12:15,18.0,22.0,22.0,18.0,18.0,11.831805045097349,304.0,BO_O2_RULE,"제어매트릭스 규칙 적용: NOX_LOW (3단계 롤백, 4단계에서 Hz 변화 없음)",19.6612492,7.38593769,975.0,975.243774,10.375,,,13.64,0.0,9.68,,,,,,0.0,,
2025-11-05 06:12:16+00:00,2025-11-05 06:12:16,,,,,,,,,,19.6612492,7.41718769,975.0,975.243774,10.375,,,13.64,0.0,9.68,,,,,,0.0,,
2025-11-05 06:12:17+00:00,2025-11-05 06:12:17,,,,,,,,,,19.6612492,7.41718769,975.0,976.21875,10.7124996,,,13.64,0.0,9.68,,,,,,0.0,,
2025-11-05 06:12:18+00:00,2025-11-05 06:12:18,,,,,,,,,,19.6612492,7.4937501,975.0,976.21875,10.7124996,,,13.64,0.0,9.68,,,,,,0.0,,
2025-11-05 06:12:19+00:00,2025-11-05 06:12:19,,,,,,,,,,19.6612492,7.4937501,975.0,974.918762,10.7624998,,,13.64,0.0,9.68,,,,,,0.0,,
2025-11-05 06:12:20+00:00,2025-11-05 06:12:20,18.0,22.0,22.0,18.0,18.0,11.94618409247218,304.0,BO_O2_RULE,"제어매트릭스 규칙 적용: NOX_LOW (3단계 롤백, 4단계에서 Hz 변화 없음)",19.6612492,7.54218769,975.0,974.918762,10.7624998,,,13.64,0.0,9.68,,,,,,0.0,,
2025-11-05 06:12:21+00:00,2025-11-05 06:12:21,,,,,,,,,,19.6612492,7.62031269,973.0,975.974976,10.3874998,,,13.64,0.0,9.98,,,,,,0.0,,
2025-11-05 06:12:22+00:00,2025-11-05 06:12:22,,,,,,,,,,19.6612492,7.62031269,973.0,975.974976,10.3874998,,,13.64,0.0,9.98,,,,,,0.0,,
2025-11-05 06:12:23+00:00,2025-11-05 06:12:23,,,,,,,,,,19.6612492,7.61406231,973.0,975.243774,10.6499996,,,13.64,0.0,9.98,,,,,,0.0,,
2025-11-05 06:12:24+00:00,2025-11-05 06:12:24,,,,,,,,,,19.6612492,7.61406231,973.0,975.243774,10.6499996,,,13.64,0.0,9.98,,,,,,0.0,,
2025-11-05 06:12:25+00:00,2025-11-05 06:12:25,18.0,22.0,22.0,18.0,18.0,11.833548553166317,304.0,BO_O2_RULE,"제어매트릭스 규칙 적용: NOX_LOW (3단계 롤백, 4단계에서 Hz 변화 없음)",19.6612492,7.7671876,974.0,976.137512,10.1750002,,,13.64,0.0,9.98,,,,,,0.0,,
2025-11-05 06:12:26+00:00,2025-11-05 06:12:26,,,,,,,,,,19.6612492,7.7671876,974.0,976.137512,10.1750002,,,13.64,0.0,9.98,,,,,,0.0,,
2025-11-05 06:12:27+00:00,2025-11-05 06:12:27,,,,,,,,,,19.6612492,7.8203125,973.0,973.700012,10.5874996,,,13.64,0.0,9.98,,,,,,0.0,,
2025-11-05 06:12:28+00:00,2025-11-05 06:12:28,,,,,,,,,,19.6612492,7.8203125,973.0,973.700012,10.5874996,,,13.64,0.0,9.98,,,,,,0.0,,
2025-11-05 06:12:29+00:00,2025-11-05 06:12:29,,,,,,,,,,19.6612492,7.8140626,973.0,973.943726,10.75,,,13.64,0.0,9.98,,,,,,0.0,,
2025-11-05 06:12:30+00:00,2025-11-05 06:12:30,18.0,22.0,22.0,18.0,18.0,11.715719962348246,304.0,BO_O2_RULE,"제어매트릭스 규칙 적용: NOX_LOW (3단계 롤백, 4단계에서 Hz 변화 없음)",19.6612492,7.9156251,972.0,973.862488,10.5500002,,,13.64,0.0,9.98,,,,,,0.0,,
2025-11-05 06:12:31+00:00,2025-11-05 06:12:31,,,,,,,,,,19.6612492,7.9156251,972.0,973.862488,10.5500002,,,13.64,0.0,9.98,,,,,,0.0,,
2025-11-05 06:12:32+00:00,2025-11-05 06:12:32,,,,,,,,,,19.6612492,7.90937519,973.0,972.075012,10.8125,,,13.64,0.0,9.84,,,,,,0.0,,
2025-11-05 06:12:33+00:00,2025-11-05 06:12:33,,,,,,,,,,19.6612492,7.90937519,973.0,972.075012,10.8125,,,13.64,0.0,9.84,,,,,,0.0,,
2025-11-05 06:12:34+00:00,2025-11-05 06:12:34,,,,,,,,,,19.6612492,8.03281212,973.0,971.993774,10.5749998,,,13.64,0.0,9.84,,,,,,0.0,,
2025-11-05 06:12:35+00:00,2025-11-05 06:12:35,18.0,21.0,21.0,18.0,18.0,11.88496659210164,304.0,BO_O2_RULE,"제어매트릭스 규칙 적용: NOX_LOW (3단계 롤백, 4단계에서 Hz 변화 없음)",19.6612492,8.03281212,973.0,971.993774,10.5749998,,,13.64,0.0,9.84,,,,,,0.0,,
2025-11-05 06:12:36+00:00,2025-11-05 06:12:36,,,,,,,,,,19.6612492,8.06718731,974.0,971.993774,10.6999998,,,13.64,0.0,9.84,,,,,,0.0,,
2025-11-05 06:12:37+00:00,2025-11-05 06:12:37,,,,,,,,,,19.6612492,8.06718731,974.0,972.96875,10.6999998,,,13.64,0.0,9.84,,,,,,0.0,,
2025-11-05 06:12:38+00:00,2025-11-05 06:12:38,,,,,,,,,,19.6612492,8.06718731,974.0,972.96875,10.8874998,,,13.64,0.0,9.84,,,,,,0.0,,
2025-11-05 06:12:39+00:00,2025-11-05 06:12:39,,,,,,,,,,19.6612492,8.22187519,974.0,972.96875,10.8874998,,,13.64,0.0,9.84,,,,,,0.0,,
2025-11-05 06:12:40+00:00,2025-11-05 06:12:40,18.0,21.0,21.0,18.0,18.0,11.9195500475935,304.0,BO_O2_RULE,"제어매트릭스 규칙 적용: NOX_LOW (3단계 롤백, 4단계에서 Hz 변화 없음)",19.6612492,8.25468731,973.0,973.131226,10.7624998,,,13.64,0.0,9.84,,,,,,0.0,,
2025-11-05 06:12:41+00:00,2025-11-05 06:12:41,,,,,,,,,,19.6612492,8.27031231,973.0,971.506226,10.6125002,,,13.64,0.0,9.84,,,,,,0.0,,
2025-11-05 06:12:42+00:00,2025-11-05 06:12:42,,,,,,,,,,19.6612492,8.27031231,973.0,971.506226,10.6125002,,,13.64,0.0,10.22,,,,,,0.0,,
2025-11-05 06:12:43+00:00,2025-11-05 06:12:43,,,,,,,,,,19.6612492,8.31406212,974.0,970.450012,10.4875002,,,13.64,0.0,10.22,,,,,,0.0,,
2025-11-05 06:12:44+00:00,2025-11-05 06:12:44,,,,,,,,,,19.6612492,8.31406212,974.0,970.450012,10.4875002,,,13.64,0.0,10.22,,,,,,0.0,,
2025-11-05 06:12:45+00:00,2025-11-05 06:12:45,18.0,20.0,20.0,18.0,18.0,11.901797451629813,304.0,BO_O2_RULE,"제어매트릭스 규칙 적용: NOX_LOW (3단계 롤백, 4단계에서 Hz 변화 없음)",19.6612492,8.26249981,974.0,970.53125,10.4499998,,,13.64,0.0,10.22,,,,,,0.0,,
2025-11-05 06:12:46+00:00,2025-11-05 06:12:46,,,,,,,,,,19.6612492,8.26249981,974.0,970.53125,10.4499998,,,13.64,0.0,10.22,,,,,,0.0,,
2025-11-05 06:12:47+00:00,2025-11-05 06:12:47,,,,,,,,,,19.6612492,8.37968731,975.0,969.393738,10.7250004,,,13.64,0.0,10.22,,,,,,0.0,,
2025-11-05 06:12:48+00:00,2025-11-05 06:12:48,,,,,,,,,,19.6612492,8.35468769,975.0,969.3125,10.7875004,,,13.64,0.0,10.22,,,,,,0.0,,
2025-11-05 06:12:49+00:00,2025-11-05 06:12:49,,,,,,,,,,19.6612492,8.35468769,974.0,969.3125,10.7875004,,,13.64,0.0,10.22,,,,,,0.0,,
2025-11-05 06:12:50+00:00,2025-11-05 06:12:50,18.0,20.0,20.0,18.0,18.0,11.48758364404109,304.0,BO_O2_RULE,"제어매트릭스 규칙 적용: NOX_LOW (3단계 롤백, 4단계에서 Hz 변화 없음)",19.6612492,8.26249981,974.0,969.393738,11.0249996,,,13.64,0.0,10.22,,,,,,0.0,,
2025-11-05 06:12:51+00:00,2025-11-05 06:12:51,,,,,,,,,,19.6612492,8.26249981,974.0,969.393738,11.0249996,,,13.64,0.0,10.24,,,,,,0.0,,
2025-11-05 06:12:52+00:00,2025-11-05 06:12:52,,,,,,,,,,19.6612492,8.21249962,975.0,969.637512,10.6999998,,,13.64,0.0,10.24,,,,,,0.0,,
2025-11-05 06:12:53+00:00,2025-11-05 06:12:53,,,,,,,,,,19.6612492,8.21249962,975.0,969.637512,10.6999998,,,13.64,0.0,10.24,,,,,,0.0,,
2025-11-05 06:12:54+00:00,2025-11-05 06:12:54,,,,,,,,,,19.6612492,8.00156212,974.0,969.962524,10.7375002,,,13.64,0.0,10.24,,,,,,0.0,,
2025-11-05 06:12:55+00:00,2025-11-05 06:12:55,18.0,21.0,21.0,18.0,18.0,11.205089491216453,304.0,BO_O2_RULE,"제어매트릭스 규칙 적용: NOX_LOW (3단계 롤백, 4단계에서 Hz 변화 없음)",19.6612492,8.00156212,974.0,969.962524,10.7375002,,,13.64,0.0,10.24,,,,,,0.0,,
2025-11-05 06:12:56+00:00,2025-11-05 06:12:56,,,,,,,,,,19.6612492,7.7828126,974.0,969.962524,10.7250004,,,13.64,0.0,10.24,,,,,,0.0,,
2025-11-05 06:12:57+00:00,2025-11-05 06:12:57,,,,,,,,,,19.6612492,7.52656269,974.0,969.881226,10.9375,,,13.64,0.0,10.24,,,,,,0.0,,
2025-11-05 06:12:58+00:00,2025-11-05 06:12:58,,,,,,,,,,19.6612492,7.2249999,974.0,968.987488,10.6875,,,13.64,0.0,10.24,,,,,,0.0,,
2025-11-05 06:12:59+00:00,2025-11-05 06:12:59,,,,,,,,,,19.6612492,7.2249999,974.0,968.987488,10.6875,,,13.64,0.0,10.24,,,,,,0.0,,
2025-11-05 06:13:00+00:00,2025-11-05 06:13:00,18.0,22.0,22.0,18.0,18.0,11.095797919235608,304.0,BO_O2_RULE,"제어매트릭스 규칙 적용: NOX_LOW (3단계 롤백, 4단계에서 Hz 변화 없음)",19.6612492,6.796875,974.0,969.231262,10.9750004,,3.0,13.64,0.0,10.16,,,,,,0.0,,
2025-11-05 06:13:01+00:00,2025-11-05 06:13:01,,,,,,,,,,19.6612492,6.796875,974.0,969.231262,10.9750004,,,13.64,0.0,10.16,,,,,,0.0,,
2025-11-05 06:13:02+00:00,2025-11-05 06:13:02,,,,,,,,,,19.6612492,6.4390626,974.0,968.987488,10.125,,,13.64,0.0,10.16,,,,,,0.0,,
2025-11-05 06:13:03+00:00,2025-11-05 06:13:03,,,,,,,,,,19.6612492,6.265625,975.0,969.393738,10.0500002,,,13.64,0.0,10.16,,,,,,0.0,,
2025-11-05 06:13:04+00:00,2025-11-05 06:13:04,,,,,,,,,,19.6612492,6.265625,975.0,969.393738,10.0500002,,,13.64,0.0,10.16,,,,,,0.0,,
2025-11-05 06:13:05+00:00,2025-11-05 06:13:05,18.0,23.0,23.0,18.0,18.0,11.18925924599794,304.0,BO_O2_RULE,"제어매트릭스 규칙 적용: NOX_LOW (3단계 롤백, 4단계에서 Hz 변화 없음)",19.6612492,5.95781231,975.0,969.393738,9.875,,,13.64,0.0,10.16,,,,,,0.0,,
2025-11-05 06:13:06+00:00,2025-11-05 06:13:06,,,,,,,,,,19.6612492,5.95781231,975.0,969.393738,9.875,,,13.64,0.0,10.16,,,,,,0.0,,
2025-11-05 06:13:07+00:00,2025-11-05 06:13:07,,,,,,,,,,19.6612492,5.7515626,975.0,968.825012,10.5249996,,,13.64,0.0,10.16,,,,,,0.0,,
2025-11-05 06:13:08+00:00,2025-11-05 06:13:08,,,,,,,,,,19.6612492,5.50468731,976.0,969.71875,10.3000002,,,13.64,0.0,10.16,,,,,,0.0,,
2025-11-05 06:13:09+00:00,2025-11-05 06:13:09,,,,,,,,,,19.6612492,5.50468731,976.0,969.71875,10.3000002,,,13.64,0.0,10.16,,,,,,0.0,,
2025-11-05 06:13:10+00:00,2025-11-05 06:13:10,18.0,23.0,23.0,18.0,18.0,10.392768868526376,304.0,BO_O2_RULE,"제어매트릭스 규칙 적용: NOX_LOW (3단계 롤백, 4단계에서 Hz 변화 없음)",19.6612492,5.390625,975.0,968.987488,10.375,,,13.64,0.0,10.16,,,,,,0.0,,
2025-11-05 06:13:11+00:00,2025-11-05 06:13:11,,,,,,,,,,19.6612492,5.390625,975.0,968.987488,10.375,,,13.64,0.0,9.66,,,,,,0.0,,
2025-11-05 06:13:12+00:00,2025-11-05 06:13:12,,,,,,,,,,19.6612492,5.2046876,974.0,969.962524,10.1374998,,,13.64,0.0,9.66,,,,,,0.0,,
2025-11-05 06:13:13+00:00,2025-11-05 06:13:13,,,,,,,,,,19.6612492,5.2046876,974.0,969.962524,10.1374998,,,13.64,0.0,9.66,,,,,,0.0,,
2025-11-05 06:13:14+00:00,2025-11-05 06:13:14,,,,,,,,,,19.6612492,5.09843731,974.0,968.825012,10.4250002,,,13.64,0.0,9.66,,,,,,0.0,,
2025-11-05 06:13:15+00:00,2025-11-05 06:13:15,18.0,23.0,23.0,18.0,18.0,9.706954768250101,304.0,BO_O2_RULE,"제어매트릭스 규칙 적용: NOX_LOW (3단계 롤백, 4단계에서 Hz 변화 없음)",19.6612492,5.09843731,974.0,968.825012,10.4250002,,,13.64,0.0,9.66,,,,,,0.0,,
2025-11-05 06:13:16+00:00,2025-11-05 06:13:16,,,,,,,,,,19.6612492,4.98124981,974.0,969.637512,10.4750004,,,13.64,0.0,9.66,,,,,,0.0,,
2025-11-05 06:13:17+00:00,2025-11-05 06:13:17,,,,,,,,,,19.6612492,4.9203124,974.0,968.987488,10.6000004,,,13.64,0.0,9.66,,,,,,0.0,,
2025-11-05 06:13:18+00:00,2025-11-05 06:13:18,,,,,,,,,,19.6612492,4.9203124,974.0,968.987488,10.6000004,,,13.64,0.0,9.66,,,,,,0.0,,
2025-11-05 06:13:19+00:00,2025-11-05 06:13:19,,,,,,,,,,19.6612492,4.8031249,977.0,969.068726,10.6999998,,,13.64,0.0,9.66,,,,,,0.0,,
2025-11-05 06:13:20+00:00,2025-11-05 06:13:20,18.0,23.0,23.0,18.0,18.0,9.759434333406688,304.0,BO_O2_RULE,"제어매트릭스 규칙 적용: NOX_LOW (3단계 롤백, 4단계에서 Hz 변화 없음)",19.6612492,4.8031249,977.0,969.068726,10.6999998,,,13.64,0.0,10.01,,,,,,0.0,,
2025-11-05 06:13:21+00:00,2025-11-05 06:13:21,,,,,,,,,,19.6612492,4.6109376,977.0,969.231262,10.9250002,,,13.64,0.0,10.01,,,,,,0.0,,
2025-11-05 06:13:22+00:00,2025-11-05 06:13:22,,,,,,,,,,19.6612492,4.625,976.0,969.881226,11.0749998,,,13.64,0.0,10.01,,,,,,0.0,,
2025-11-05 06:13:23+00:00,2025-11-05 06:13:23,,,,,,,,,,19.6612492,4.5546875,976.0,968.987488,10.9624996,,,13.64,0.0,10.01,,,,,,0.0,,
2025-11-05 06:13:24+00:00,2025-11-05 06:13:24,,,,,,,,,,19.6612492,4.5546875,976.0,968.987488,10.9624996,,,13.64,0.0,10.01,,,,,,0.0,,
2025-11-05 06:13:25+00:00,2025-11-05 06:13:25,18.0,22.0,22.0,18.0,18.0,9.51063331085428,304.0,BO_O2_RULE,"제어매트릭스 규칙 적용: NOX_LOW (3단계 롤백, 4단계에서 Hz 변화 없음)",19.6612492,4.4437499,976.0,969.962524,11.0500002,,,13.64,0.0,10.01,,,,,,0.0,,
2025-11-05 06:13:26+00:00,2025-11-05 06:13:26,,,,,,,,,,19.6612492,4.4437499,976.0,969.962524,11.0500002,,,13.64,0.0,10.01,,,,,,0.0,,
2025-11-05 06:13:27+00:00,2025-11-05 06:13:27,,,,,,,,,,19.6612492,4.2484374,976.0,970.9375,11.0249996,,,13.64,0.0,10.01,,,,,,0.0,,
2025-11-05 06:13:28+00:00,2025-11-05 06:13:28,,,,,,,,,,19.6612492,4.2484374,976.0,970.9375,11.0249996,,,13.64,0.0,10.01,,,,,,0.0,,
2025-11-05 06:13:29+00:00,2025-11-05 06:13:29,,,,,,,,,,19.6612492,4.1578126,977.0,970.612488,11.0,,,13.64,0.0,10.01,,,,,,0.0,,
2025-11-05 06:13:30+00:00,2025-11-05 06:13:30,18.0,22.0,22.0,18.0,18.0,9.378171535435305,304.0,BO_O2_RULE,"제어매트릭스 규칙 적용: NOX_LOW (3단계 롤백, 4단계에서 Hz 변화 없음)",19.6612492,4.12968731,976.0,971.587524,11.3374996,,,13.64,0.0,10.61,,,,,,0.0,,
2025-11-05 06:13:31+00:00,2025-11-05 06:13:31,,,,,,,,,,19.6612492,4.12968731,976.0,971.587524,11.3374996,,,13.64,0.0,10.61,,,,,,0.0,,
2025-11-05 06:13:32+00:00,2025-11-05 06:13:32,,,,,,,,,,19.6612492,4.0875001,976.0,972.724976,11.6750002,,,13.64,0.0,10.61,,,,,,0.0,,
2025-11-05 06:13:33+00:00,2025-11-05 06:13:33,,,,,,,,,,19.6612492,3.9749999,976.0,972.318726,11.4125004,,,13.64,0.0,10.61,,,,,,0.0,,
2025-11-05 06:13:34+00:00,2025-11-05 06:13:34,,,,,,,,,,19.6612492,3.9749999,976.0,972.318726,11.4125004,,,13.64,0.0,10.61,,,,,,0.0,,
2025-11-05 06:13:35+00:00,2025-11-05 06:13:35,18.0,22.0,22.0,18.0,18.0,9.303436409586899,304.0,BO_O2_RULE,"제어매트릭스 규칙 적용: NOX_LOW (3단계 롤백, 4단계에서 Hz 변화 없음)",19.6612492,4.0,977.0,972.237488,11.6625004,,,13.64,0.0,10.61,,,,,,0.0,,
2025-11-05 06:13:36+00:00,2025-11-05 06:13:36,,,,,,,,,,19.6612492,4.0,977.0,972.237488,11.6625004,,,13.64,0.0,10.61,,,,,,0.0,,
2025-11-05 06:13:37+00:00,2025-11-05 06:13:37,,,,,,,,,,19.6612492,3.9375,977.0,972.806274,11.6625004,,,13.64,0.0,10.61,,,,,,0.0,,
2025-11-05 06:13:38+00:00,2025-11-05 06:13:38,,,,,,,,,,19.6612492,3.9375,977.0,972.806274,11.375,,,13.64,0.0,10.61,,,,,,0.0,,
2025-11-05 06:13:39+00:00,2025-11-05 06:13:39,,,,,,,,,,19.6612492,3.86406255,976.0,972.806274,11.3500004,,,13.64,0.0,10.61,,,,,,0.0,,
2025-11-05 06:13:40+00:00,2025-11-05 06:13:40,18.0,18.0,18.0,18.0,18.0,9.618397145575363,100.0,BO_ONLY,"BO 모델 결과만 사용 (1단계 롤백, 2~4단계에서 Hz 변화 없음)",19.6612492,3.84375,976.0,972.075012,11.8249998,,,13.64,0.0,10.61,,,,,,0.0,,
2025-11-05 06:13:41+00:00,2025-11-05 06:13:41,,,,,,,,,,19.6612492,3.8265624,977.0,974.268738,11.7124996,,,13.64,0.0,11.0,,,,,,0.0,,
2025-11-05 06:13:42+00:00,2025-11-05 06:13:42,,,,,,,,,,19.6612492,3.8265624,977.0,974.268738,11.7124996,,,13.64,0.0,11.0,,,,,,0.0,,
2025-11-05 06:13:43+00:00,2025-11-05 06:13:43,,,,,,,,,,19.6612492,3.91093755,976.0,974.106262,11.8000002,,,13.64,0.0,11.0,,,,,,0.0,,
2025-11-05 06:13:44+00:00,2025-11-05 06:13:44,,,,,,,,,,,,,,,,,,,,,,,,,,,
2025-11-05 06:13:45+00:00,2025-11-05 06:13:45,18.0,18.0,18.0,18.0,18.0,10.071706872150305,100.0,BO_ONLY,"BO 모델 결과만 사용 (1단계 롤백, 2~4단계에서 Hz 변화 없음)",19.6612492,3.91093755,976.0,974.106262,11.8000002,,,13.64,0.0,11.0,,,,,,0.0,,
2025-11-05 06:13:46+00:00,2025-11-05 06:13:46,,,,,,,,,,19.6612492,3.81718755,977.0,974.431274,11.8125,,,13.64,0.0,11.0,,,,,,0.0,,
2025-11-05 06:13:47+00:00,2025-11-05 06:13:47,,,,,,,,,,19.6612492,3.8265624,975.0,975.893738,11.8500004,,,13.64,0.0,11.0,,,,,,0.0,,
2025-11-05 06:13:48+00:00,2025-11-05 06:13:48,,,,,,,,,,19.6612492,3.8265624,975.0,975.893738,11.8500004,,,13.64,0.0,11.0,,,,,,0.0,,
2025-11-05 06:13:49+00:00,2025-11-05 06:13:49,,,,,,,,,,19.6612492,3.8125,976.0,975.40625,11.8249998,,,13.64,0.0,11.0,,,,,,0.0,,
2025-11-05 06:13:50+00:00,2025-11-05 06:13:50,18.0,18.0,18.0,18.0,18.0,10.07800481443197,100.0,BO_ONLY,"BO 모델 결과만 사용 (1단계 롤백, 2~4단계에서 Hz 변화 없음)",19.6612492,3.8046875,977.0,975.081238,11.8374996,,,13.64,0.0,11.0,,,,,,0.0,,
2025-11-05 06:13:51+00:00,2025-11-05 06:13:51,,,,,,,,,,19.6612492,3.8046875,977.0,975.081238,11.8374996,,,13.64,0.0,11.19,,,,,,0.0,,
2025-11-05 06:13:52+00:00,2025-11-05 06:13:52,,,,,,,,,,19.6612492,3.82343745,977.0,975.487488,11.7250004,,,13.64,0.0,11.19,,,,,,0.0,,
2025-11-05 06:13:53+00:00,2025-11-05 06:13:53,,,,,,,,,,19.6612492,3.82343745,977.0,975.487488,11.7250004,,,13.64,0.0,11.19,,,,,,0.0,,
2025-11-05 06:13:54+00:00,2025-11-05 06:13:54,,,,,,,,,,19.6612492,3.9124999,976.0,976.137512,11.7624998,,,13.64,0.0,11.19,,,,,,0.0,,
2025-11-05 06:13:55+00:00,2025-11-05 06:13:55,18.0,18.0,18.0,18.0,18.0,10.422893129046683,100.0,BO_ONLY,"BO 모델 결과만 사용 (1단계 롤백, 2~4단계에서 Hz 변화 없음)",19.6612492,3.9124999,976.0,976.137512,11.7624998,,,13.64,0.0,11.19,,,,,,0.0,,
2025-11-05 06:13:56+00:00,2025-11-05 06:13:56,,,,,,,,,,19.6612492,3.890625,976.0,976.21875,11.9624996,,,13.64,0.0,11.19,,,,,,0.0,,
2025-11-05 06:13:57+00:00,2025-11-05 06:13:57,,,,,,,,,,19.6612492,3.890625,976.0,976.21875,11.9624996,,,13.64,0.0,11.19,,,,,,0.0,,
2025-11-05 06:13:58+00:00,2025-11-05 06:13:58,,,,,,,,,,19.6612492,4.03125,976.0,975.40625,12.25,,,13.64,0.0,11.19,,,,,,0.0,,
2025-11-05 06:13:59+00:00,2025-11-05 06:13:59,,,,,,,,,,19.6612492,4.0687499,977.0,976.137512,11.6625004,,,13.64,0.0,11.19,,,,,,0.0,,
2025-11-05 06:14:00+00:00,2025-11-05 06:14:00,18.0,18.0,18.0,18.0,18.0,10.607365012539365,100.0,BO_ONLY,"BO 모델 결과만 사용 (1단계 롤백, 2~4단계에서 Hz 변화 없음)",19.6612492,4.0687499,977.0,976.137512,11.6625004,,3.0,13.64,0.0,11.19,,,,,,0.0,,
2025-11-05 06:14:01+00:00,2025-11-05 06:14:01,,,,,,,,,,19.6612492,4.1312499,976.0,975.40625,11.6499996,,,13.64,0.0,11.23,,,,,,0.0,,
2025-11-05 06:14:02+00:00,2025-11-05 06:14:02,,,,,,,,,,19.6612492,4.17656231,976.0,978.006226,11.5,,,13.64,0.0,11.23,,,,,,0.0,,
2025-11-05 06:14:03+00:00,2025-11-05 06:14:03,,,,,,,,,,19.6612492,4.17656231,976.0,978.006226,11.5,,,13.64,0.0,11.23,,,,,,0.0,,
2025-11-05 06:14:04+00:00,2025-11-05 06:14:04,,,,,,,,,,19.6612492,4.2359376,977.0,977.762512,11.4499998,,,13.64,0.0,11.23,,,,,,0.0,,
2025-11-05 06:14:05+00:00,2025-11-05 06:14:05,18.0,18.0,18.0,18.0,18.0,11.180464366064863,100.0,BO_ONLY,"BO 모델 결과만 사용 (1단계 롤백, 2~4단계에서 Hz 변화 없음)",19.6612492,4.2359376,977.0,977.762512,11.4499998,,,13.64,0.0,11.23,,,,,,0.0,,
2025-11-05 06:14:06+00:00,2025-11-05 06:14:06,,,,,,,,,,19.6612492,4.2828126,977.0,977.112488,11.1999998,,,13.64,0.0,11.23,,,,,,0.0,,
2025-11-05 06:14:07+00:00,2025-11-05 06:14:07,,,,,,,,,,19.6612492,4.2828126,977.0,977.112488,11.1999998,,,13.64,0.0,11.23,,,,,,0.0,,
2025-11-05 06:14:08+00:00,2025-11-05 06:14:08,,,,,,,,,,19.6612492,4.3140626,977.0,978.331238,11.2375002,,,13.64,0.0,11.23,,,,,,0.0,,
2025-11-05 06:14:09+00:00,2025-11-05 06:14:09,,,,,,,,,,19.6612492,4.3140626,977.0,978.331238,11.2375002,,,13.64,0.0,11.23,,,,,,0.0,,
2025-11-05 06:14:10+00:00,2025-11-05 06:14:10,18.0,21.0,21.0,18.0,18.0,11.320909318345679,304.0,BO_O2_RULE,"제어매트릭스 규칙 적용: NOX_LOW (3단계 롤백, 4단계에서 Hz 변화 없음)",19.6612492,4.3968749,976.0,979.224976,11.375,,,13.64,0.0,11.23,,,,,,0.0,,
2025-11-05 06:14:11+00:00,2025-11-05 06:14:11,,,,,,,,,,19.6612492,4.3968749,976.0,979.224976,11.375,,,13.64,0.0,11.23,,,,,,0.0,,
2025-11-05 06:14:12+00:00,2025-11-05 06:14:12,,,,,,,,,,19.6612492,4.42500019,976.0,979.956238,10.9250002,,,13.64,0.0,10.77,,,,,,0.0,,
2025-11-05 06:14:13+00:00,2025-11-05 06:14:13,,,,,,,,,,19.6612492,4.42500019,976.0,979.956238,10.9250002,,,13.64,0.0,10.77,,,,,,0.0,,
2025-11-05 06:14:14+00:00,2025-11-05 06:14:14,,,,,,,,,,19.6612492,4.4234376,977.0,980.362488,10.8249998,,,13.64,0.0,10.77,,,,,,0.0,,
2025-11-05 06:14:15+00:00,2025-11-05 06:14:15,18.0,22.0,22.0,18.0,18.0,11.54400186091208,304.0,BO_O2_RULE,"제어매트릭스 규칙 적용: NOX_LOW (3단계 롤백, 4단계에서 Hz 변화 없음)",19.6612492,4.4234376,977.0,980.362488,10.8249998,,,13.64,0.0,10.77,,,,,,0.0,,
2025-11-05 06:14:16+00:00,2025-11-05 06:14:16,,,,,,,,,,19.6612492,4.375,976.0,980.768738,10.0500002,,,13.64,0.0,10.77,,,,,,0.0,,
2025-11-05 06:14:17+00:00,2025-11-05 06:14:17,,,,,,,,,,19.6612492,4.375,976.0,980.768738,10.0500002,,,13.64,0.0,10.77,,,,,,0.0,,
2025-11-05 06:14:18+00:00,2025-11-05 06:14:18,,,,,,,,,,19.6612492,4.3828125,976.0,981.662476,10.3374996,,,13.64,0.0,10.77,,,,,,0.0,,
2025-11-05 06:14:19+00:00,2025-11-05 06:14:19,,,,,,,,,,19.6612492,4.3828125,976.0,981.662476,10.3374996,,,13.64,0.0,10.77,,,,,,0.0,,
2025-11-05 06:14:20+00:00,2025-11-05 06:14:20,18.0,22.0,22.0,18.0,18.0,11.566673081809535,304.0,BO_O2_RULE,"제어매트릭스 규칙 적용: NOX_LOW (3단계 롤백, 4단계에서 Hz 변화 없음)",19.6612492,4.35468769,976.0,982.393738,10.1750002,,,13.64,0.0,10.77,,,,,,0.0,,
2025-11-05 06:14:21+00:00,2025-11-05 06:14:21,,,,,,,,,,19.6612492,4.35468769,977.0,982.393738,10.1750002,,,13.64,0.0,10.77,,,,,,0.0,,
2025-11-05 06:14:22+00:00,2025-11-05 06:14:22,,,,,,,,,,19.6612492,4.4625001,977.0,982.231262,10.0,,,13.64,0.0,9.83,,,,,,0.0,,
2025-11-05 06:14:23+00:00,2025-11-05 06:14:23,,,,,,,,,,19.6612492,4.41718769,977.0,982.068726,9.53750038,,,13.64,0.0,9.83,,,,,,0.0,,
2025-11-05 06:14:24+00:00,2025-11-05 06:14:24,,,,,,,,,,19.6612492,4.41718769,977.0,982.068726,9.53750038,,,13.64,0.0,9.83,,,,,,0.0,,
2025-11-05 06:14:25+00:00,2025-11-05 06:14:25,18.0,22.0,22.0,18.0,18.0,11.53177593881163,304.0,BO_O2_RULE,"제어매트릭스 규칙 적용: NOX_LOW (3단계 롤백, 4단계에서 Hz 변화 없음)",19.6612492,4.453125,977.0,981.743774,9.60000038,,,13.64,0.0,9.83,,,,,,0.0,,
2025-11-05 06:14:26+00:00,2025-11-05 06:14:26,,,,,,,,,,19.6612492,4.453125,977.0,981.743774,9.60000038,,,13.64,0.0,9.83,,,,,,0.0,,
2025-11-05 06:14:27+00:00,2025-11-05 06:14:27,,,,,,,,,,19.6612492,4.43437481,977.0,982.556274,9.67500019,,,13.64,0.0,9.83,,,,,,0.0,,
2025-11-05 06:14:28+00:00,2025-11-05 06:14:28,,,,,,,,,,19.6612492,4.43437481,977.0,982.556274,9.67500019,,,13.64,0.0,9.83,,,,,,0.0,,
2025-11-05 06:14:29+00:00,2025-11-05 06:14:29,,,,,,,,,,19.6612492,4.40156269,976.0,982.637512,9.41250038,,,13.64,0.0,9.83,,,,,,0.0,,
2025-11-05 06:14:30+00:00,2025-11-05 06:14:30,18.0,22.0,22.0,18.0,18.0,11.437002075752446,304.0,BO_O2_RULE,"제어매트릭스 규칙 적용: NOX_LOW (3단계 롤백, 4단계에서 Hz 변화 없음)",19.6612492,4.40156269,976.0,982.637512,9.41250038,,,13.64,0.0,9.83,,,,,,0.0,,
2025-11-05 06:14:31+00:00,2025-11-05 06:14:31,,,,,,,,,,19.6612492,4.3671875,976.0,983.612488,9.21249962,,,13.64,0.0,8.95,,,,,,0.0,,
2025-11-05 06:14:32+00:00,2025-11-05 06:14:32,,,,,,,,,,19.6612492,4.3671875,976.0,983.612488,9.21249962,,,13.64,0.0,8.95,,,,,,0.0,,
2025-11-05 06:14:33+00:00,2025-11-05 06:14:33,,,,,,,,,,19.6612492,4.3671875,976.0,983.612488,9.21249962,,,13.64,0.0,8.95,,,,,,0.0,,
2025-11-05 06:14:34+00:00,2025-11-05 06:14:34,,,,,,,,,,19.6612492,4.40312481,976.0,984.018738,9.0625,,,13.64,0.0,8.95,,,,,,0.0,,
2025-11-05 06:14:35+00:00,2025-11-05 06:14:35,18.0,22.0,22.0,18.0,18.0,11.165937671398845,304.0,BO_O2_RULE,"제어매트릭스 규칙 적용: NOX_LOW (3단계 롤백, 4단계에서 Hz 변화 없음)",19.6612492,4.40312481,976.0,984.018738,9.0625,,,13.64,0.0,8.95,,,,,,0.0,,
2025-11-05 06:14:36+00:00,2025-11-05 06:14:36,,,,,,,,,,19.6612492,4.37812519,976.0,984.262512,8.98750019,,,13.64,0.0,8.95,,,,,,0.0,,
2025-11-05 06:14:37+00:00,2025-11-05 06:14:37,,,,,,,,,,19.6612492,4.33906269,978.0,984.506226,8.875,,,13.64,0.0,8.95,,,,,,0.0,,
2025-11-05 06:14:38+00:00,2025-11-05 06:14:38,,,,,,,,,,19.6612492,4.33906269,978.0,984.506226,8.875,,,13.64,0.0,8.95,,,,,,0.0,,
2025-11-05 06:14:39+00:00,2025-11-05 06:14:39,,,,,,,,,,19.6612492,4.2484374,978.0,985.075012,8.86250019,,,13.64,0.0,8.95,,,,,,0.0,,
2025-11-05 06:14:40+00:00,2025-11-05 06:14:40,18.0,22.0,22.0,18.0,18.0,10.899788589229301,304.0,BO_O2_RULE,"제어매트릭스 규칙 적용: NOX_LOW (3단계 롤백, 4단계에서 Hz 변화 없음)",19.6612492,4.2484374,978.0,985.075012,8.86250019,,,13.64,0.0,8.95,,,,,,0.0,,
2025-11-05 06:14:41+00:00,2025-11-05 06:14:41,,,,,,,,,,19.6612492,4.20781231,978.0,984.912476,8.48750019,,,13.64,0.0,8.16,,,,,,0.0,,
2025-11-05 06:14:42+00:00,2025-11-05 06:14:42,,,,,,,,,,19.6612492,4.19218731,979.0,984.912476,8.60000038,,,13.64,0.0,8.16,,,,,,0.0,,
2025-11-05 06:14:43+00:00,2025-11-05 06:14:43,,,,,,,,,,19.6612492,4.19218731,979.0,984.912476,8.60000038,,,13.64,0.0,8.16,,,,,,0.0,,
2025-11-05 06:14:44+00:00,2025-11-05 06:14:44,,,,,,,,,,19.6612492,4.2515626,978.0,985.400024,8.5,,,13.64,0.0,8.16,,,,,,0.0,,
2025-11-05 06:14:45+00:00,2025-11-05 06:14:45,18.0,21.0,21.0,18.0,18.0,10.36690545449992,304.0,BO_O2_RULE,"제어매트릭스 규칙 적용: NOX_LOW (3단계 롤백, 4단계에서 Hz 변화 없음)",19.6612492,4.2515626,978.0,985.400024,8.5,,,13.64,0.0,8.16,,,,,,0.0,,
2025-11-05 06:14:46+00:00,2025-11-05 06:14:46,,,,,,,,,,19.6612492,4.2171874,978.0,985.806274,9.19999981,,,13.64,0.0,8.16,,,,,,0.0,,
2025-11-05 06:14:47+00:00,2025-11-05 06:14:47,,,,,,,,,,19.6612492,4.2171874,978.0,985.806274,9.19999981,,,13.64,0.0,8.16,,,,,,0.0,,
2025-11-05 06:14:48+00:00,2025-11-05 06:14:48,,,,,,,,,,19.6612492,4.296875,978.0,987.59375,9.02499962,,,13.64,0.0,8.16,,,,,,0.0,,
2025-11-05 06:14:49+00:00,2025-11-05 06:14:49,,,,,,,,,,19.6612492,4.2406249,978.0,986.700012,8.67500019,,,13.64,0.0,8.16,,,,,,0.0,,
2025-11-05 06:14:50+00:00,2025-11-05 06:14:50,18.0,21.0,21.0,18.0,18.0,10.644022684946476,304.0,BO_O2_RULE,"제어매트릭스 규칙 적용: NOX_LOW (3단계 롤백, 4단계에서 Hz 변화 없음)",19.6612492,4.2406249,978.0,986.700012,8.67500019,,,13.64,0.0,8.16,,,,,,0.0,,
2025-11-05 06:14:51+00:00,2025-11-05 06:14:51,,,,,,,,,,19.6612492,4.3453126,978.0,987.268738,9.01249981,,,13.64,0.0,8.56,,,,,,0.0,,
2025-11-05 06:14:52+00:00,2025-11-05 06:14:52,,,,,,,,,,19.6612492,4.3453126,978.0,987.268738,9.01249981,,,13.64,0.0,8.56,,,,,,0.0,,
2025-11-05 06:14:53+00:00,2025-11-05 06:14:53,,,,,,,,,,19.6612492,4.33906269,977.0,988.8125,9.01249981,,,13.64,0.0,8.56,,,,,,0.0,,
2025-11-05 06:14:54+00:00,2025-11-05 06:14:54,,,,,,,,,,19.6612492,4.33906269,977.0,988.8125,8.8125,,,13.64,0.0,8.56,,,,,,0.0,,
2025-11-05 06:14:55+00:00,2025-11-05 06:14:55,18.0,21.0,21.0,18.0,18.0,10.559590790142272,304.0,BO_O2_RULE,"제어매트릭스 규칙 적용: NOX_LOW (3단계 롤백, 4단계에서 Hz 변화 없음)",19.6612492,4.3296876,977.0,988.650024,8.91250038,,,13.64,0.0,8.56,,,,,,0.0,,
2025-11-05 06:14:56+00:00,2025-11-05 06:14:56,,,,,,,,,,19.6612492,4.3296876,977.0,988.650024,8.91250038,,,13.64,0.0,8.56,,,,,,0.0,,
2025-11-05 06:14:57+00:00,2025-11-05 06:14:57,,,,,,,,,,19.6612492,4.31718731,978.0,988.487488,8.75,,,13.64,0.0,8.56,,,,,,0.0,,
2025-11-05 06:14:58+00:00,2025-11-05 06:14:58,,,,,,,,,,19.6612492,4.31718731,978.0,988.487488,8.75,,,13.64,0.0,8.56,,,,,,0.0,,
2025-11-05 06:14:59+00:00,2025-11-05 06:14:59,,,,,,,,,,19.6612492,4.34062481,979.0,989.056274,8.875,,,13.64,0.0,8.56,,,,,,0.0,,
2025-11-05 06:15:00+00:00,2025-11-05 06:15:00,18.0,21.0,21.0,18.0,18.0,10.355529096719291,304.0,BO_O2_RULE,"제어매트릭스 규칙 적용: NOX_LOW (3단계 롤백, 4단계에서 Hz 변화 없음)",19.6612492,4.34062481,979.0,989.056274,8.875,,3.0,13.64,0.0,8.31,,,,,,0.0,,
2025-11-05 06:15:01+00:00,2025-11-05 06:15:01,,,,,,,,,,19.6612492,4.3421874,978.0,989.381226,8.72500038,,,13.64,0.0,8.31,,,,,,0.0,,
2025-11-05 06:15:02+00:00,2025-11-05 06:15:02,,,,,,,,,,19.6612492,4.3421874,978.0,989.381226,8.72500038,,,13.64,0.0,8.31,,,,,,0.0,,
2025-11-05 06:15:03+00:00,2025-11-05 06:15:03,,,,,,,,,,19.6612492,4.328125,978.0,989.056274,8.85000038,,,13.64,0.0,8.31,,,,,,0.0,,
2025-11-05 06:15:04+00:00,2025-11-05 06:15:04,,,,,,,,,,19.6612492,4.328125,978.0,989.056274,8.85000038,,,13.64,0.0,8.31,,,,,,0.0,,
2025-11-05 06:15:05+00:00,2025-11-05 06:15:05,18.0,21.0,21.0,18.0,18.0,9.986934900084064,304.0,BO_O2_RULE,"제어매트릭스 규칙 적용: NOX_LOW (3단계 롤백, 4단계에서 Hz 변화 없음)",19.6612492,4.2984376,981.0,988.974976,9.08749962,,,13.64,0.0,8.31,,,,,,0.0,,
2025-11-05 06:15:06+00:00,2025-11-05 06:15:06,,,,,,,,,,19.6612492,4.25468731,979.0,988.974976,9.4375,,,13.64,0.0,8.31,,,,,,0.0,,
2025-11-05 06:15:07+00:00,2025-11-05 06:15:07,,,,,,,,,,19.6612492,4.25468731,979.0,989.950012,9.4375,,,13.64,0.0,8.31,,,,,,0.0,,
2025-11-05 06:15:08+00:00,2025-11-05 06:15:08,,,,,,,,,,19.6612492,4.2890625,979.0,990.356262,9.4375,,,13.64,0.0,8.31,,,,,,0.0,,
2025-11-05 06:15:09+00:00,2025-11-05 06:15:09,,,,,,,,,,19.6612492,4.2890625,979.0,990.356262,9.4375,,,13.64,0.0,8.31,,,,,,0.0,,
2025-11-05 06:15:10+00:00,2025-11-05 06:15:10,18.0,21.0,21.0,18.0,18.0,10.026367855173087,304.0,BO_O2_RULE,"제어매트릭스 규칙 적용: NOX_LOW (3단계 롤백, 4단계에서 Hz 변화 없음)",19.6612492,4.28437519,979.0,990.112488,9.22500038,,,13.64,0.0,8.31,,,,,,0.0,,
2025-11-05 06:15:11+00:00,2025-11-05 06:15:11,,,,,,,,,,19.6612492,4.28437519,979.0,990.112488,9.22500038,,,13.64,0.0,8.69,,,,,,0.0,,
2025-11-05 06:15:12+00:00,2025-11-05 06:15:12,,,,,,,,,,19.6612492,4.30000019,980.0,989.543762,9.30000019,,,13.64,0.0,8.69,,,,,,0.0,,
2025-11-05 06:15:13+00:00,2025-11-05 06:15:13,,,,,,,,,,19.6612492,4.30000019,980.0,989.543762,9.30000019,,,13.64,0.0,8.69,,,,,,0.0,,
2025-11-05 06:15:14+00:00,2025-11-05 06:15:14,,,,,,,,,,19.6612492,4.2750001,981.0,989.543762,9.17500019,,,13.64,0.0,8.69,,,,,,0.0,,
2025-11-05 06:15:15+00:00,2025-11-05 06:15:15,18.0,21.0,21.0,18.0,18.0,9.80102967566036,304.0,BO_O2_RULE,"제어매트릭스 규칙 적용: NOX_LOW (3단계 롤백, 4단계에서 Hz 변화 없음)",19.6612492,4.2750001,981.0,992.46875,9.17500019,,,13.64,0.0,8.69,,,,,,0.0,,
2025-11-05 06:15:16+00:00,2025-11-05 06:15:16,,,,,,,,,,19.6612492,4.2671876,980.0,992.387512,9.30000019,,,13.64,0.0,8.69,,,,,,0.0,,
2025-11-05 06:15:17+00:00,2025-11-05 06:15:17,,,,,,,,,,19.6612492,4.2671876,980.0,992.387512,9.30000019,,,13.64,0.0,8.69,,,,,,0.0,,
2025-11-05 06:15:18+00:00,2025-11-05 06:15:18,,,,,,,,,,19.6612492,4.3687501,979.0,993.6875,9.36250019,,,13.64,0.0,8.69,,,,,,0.0,,
2025-11-05 06:15:19+00:00,2025-11-05 06:15:19,,,,,,,,,,19.6612492,4.3734374,979.0,993.443726,9.33749962,,,13.64,0.0,8.69,,,,,,0.0,,
2025-11-05 06:15:20+00:00,2025-11-05 06:15:20,18.0,21.0,21.0,18.0,18.0,10.19890164394803,304.0,BO_O2_RULE,"제어매트릭스 규칙 적용: NOX_LOW (3단계 롤백, 4단계에서 Hz 변화 없음)",19.6612492,4.3734374,979.0,993.443726,9.33749962,,,13.64,0.0,8.69,,,,,,0.0,,
2025-11-05 06:15:21+00:00,2025-11-05 06:15:21,,,,,,,,,,19.6612492,4.33906269,979.0,993.118774,9.5625,,,13.64,0.0,8.76,,,,,,0.0,,
2025-11-05 06:15:22+00:00,2025-11-05 06:15:22,,,,,,,,,,19.6612492,4.33906269,979.0,993.118774,9.5625,,,13.64,0.0,8.76,,,,,,0.0,,
2025-11-05 06:15:23+00:00,2025-11-05 06:15:23,,,,,,,,,,19.6612492,4.2890625,980.0,993.118774,9.64999962,,,13.64,0.0,8.76,,,,,,0.0,,
2025-11-05 06:15:24+00:00,2025-11-05 06:15:24,,,,,,,,,,19.6612492,4.2890625,980.0,993.118774,9.64999962,,,13.64,0.0,8.76,,,,,,0.0,,
2025-11-05 06:15:25+00:00,2025-11-05 06:15:25,18.0,22.0,22.0,18.0,18.0,10.358158355353718,304.0,BO_O2_RULE,"제어매트릭스 규칙 적용: NOX_LOW (3단계 롤백, 4단계에서 Hz 변화 없음)",19.6612492,4.25468731,980.0,994.825012,9.61250019,,,13.64,0.0,8.76,,,,,,0.0,,
2025-11-05 06:15:26+00:00,2025-11-05 06:15:26,,,,,,,,,,19.6612492,4.29218769,979.0,995.474976,9.60000038,,,13.64,0.0,8.76,,,,,,0.0,,
2025-11-05 06:15:28+00:00,2025-11-05 06:15:28,,,,,,,,,,19.6612492,4.29218769,979.0,995.474976,9.60000038,,,13.64,0.0,8.76,,,,,,0.0,,
2025-11-05 06:15:29+00:00,2025-11-05 06:15:29,,,,,,,,,,19.6612492,4.23124981,980.0,994.581238,9.48750019,,,13.64,0.0,8.76,,,,,,0.0,,
2025-11-05 06:15:30+00:00,2025-11-05 06:15:30,18.0,21.0,21.0,18.0,18.0,10.334774038340111,304.0,BO_O2_RULE,"제어매트릭스 규칙 적용: NOX_LOW (3단계 롤백, 4단계에서 Hz 변화 없음)",19.6612492,4.1812501,980.0,994.662476,9.47500038,,,13.64,0.0,8.76,,,,,,0.0,,
2025-11-05 06:15:31+00:00,2025-11-05 06:15:31,,,,,,,,,,19.6612492,4.1812501,980.0,994.662476,9.47500038,,,13.64,0.0,8.96,,,,,,0.0,,
2025-11-05 06:15:32+00:00,2025-11-05 06:15:32,,,,,,,,,,19.6612492,4.20625019,980.0,994.418762,10.4750004,,,13.64,0.0,8.96,,,,,,0.0,,
2025-11-05 06:15:33+00:00,2025-11-05 06:15:33,,,,,,,,,,19.6612492,4.20625019,980.0,994.418762,10.4750004,,,13.64,0.0,8.96,,,,,,0.0,,
2025-11-05 06:15:34+00:00,2025-11-05 06:15:34,,,,,,,,,,19.6612492,4.12968731,980.0,995.393738,9.875,,,13.64,0.0,8.96,,,,,,0.0,,
2025-11-05 06:15:35+00:00,2025-11-05 06:15:35,18.0,21.0,21.0,18.0,18.0,10.382903241185048,304.0,BO_O2_RULE,"제어매트릭스 규칙 적용: NOX_LOW (3단계 롤백, 4단계에서 Hz 변화 없음)",19.6612492,4.12968731,980.0,995.393738,9.875,,,13.64,0.0,8.96,,,,,,0.0,,
2025-11-05 06:15:36+00:00,2025-11-05 06:15:36,,,,,,,,,,19.6612492,4.1734376,980.0,995.3125,10.4875002,,,13.64,0.0,8.96,,,,,,0.0,,
2025-11-05 06:15:37+00:00,2025-11-05 06:15:37,,,,,,,,,,19.6612492,4.1734376,980.0,995.3125,10.4875002,,,13.64,0.0,8.96,,,,,,0.0,,
2025-11-05 06:15:38+00:00,2025-11-05 06:15:38,,,,,,,,,,19.6612492,4.09843731,980.0,995.556274,10.3000002,,,13.64,0.0,8.96,,,,,,0.0,,
2025-11-05 06:15:39+00:00,2025-11-05 06:15:39,,,,,,,,,,19.6612492,4.09843731,980.0,995.556274,10.3000002,,,13.64,0.0,8.96,,,,,,0.0,,
2025-11-05 06:15:40+00:00,2025-11-05 06:15:40,18.0,21.0,21.0,18.0,18.0,10.504406957256213,304.0,BO_O2_RULE,"제어매트릭스 규칙 적용: NOX_LOW (3단계 롤백, 4단계에서 Hz 변화 없음)",19.6612492,4.09062481,979.0,994.5,10.6625004,,,13.64,0.0,8.96,,,,,,0.0,,
2025-11-05 06:15:41+00:00,2025-11-05 06:15:41,,,,,,,,,,19.6612492,4.1031251,979.0,995.637512,10.4499998,,,13.64,0.0,9.88,,,,,,0.0,,
2025-11-05 06:15:42+00:00,2025-11-05 06:15:42,,,,,,,,,,19.6612492,4.1031251,979.0,995.637512,10.4499998,,,13.64,0.0,9.88,,,,,,0.0,,
2025-11-05 06:15:43+00:00,2025-11-05 06:15:43,,,,,,,,,,19.6612492,4.15625,980.0,995.637512,10.6499996,,,13.64,0.0,9.88,,,,,,0.0,,
2025-11-05 06:15:44+00:00,2025-11-05 06:15:44,,,,,,,,,,19.6612492,4.15625,980.0,995.637512,10.6499996,,,13.64,0.0,9.88,,,,,,0.0,,
2025-11-05 06:15:45+00:00,2025-11-05 06:15:45,18.0,21.0,21.0,18.0,18.0,10.647190879795586,304.0,BO_O2_RULE,"제어매트릭스 규칙 적용: NOX_LOW (3단계 롤백, 4단계에서 Hz 변화 없음)",19.6612492,4.1875,980.0,995.637512,10.7749996,,,13.64,0.0,9.88,,,,,,0.0,,
2025-11-05 06:15:46+00:00,2025-11-05 06:15:46,,,,,,,,,,19.6612492,4.1875,979.0,996.368774,10.6125002,,,13.64,0.0,9.88,,,,,,0.0,,
2025-11-05 06:15:47+00:00,2025-11-05 06:15:47,,,,,,,,,,19.6612492,4.1875,979.0,996.368774,10.6125002,,,13.64,0.0,9.88,,,,,,0.0,,
2025-11-05 06:15:48+00:00,2025-11-05 06:15:48,,,,,,,,,,19.6612492,4.2093749,979.0,996.9375,10.7124996,,,13.64,0.0,9.88,,,,,,0.0,,
2025-11-05 06:15:49+00:00,2025-11-05 06:15:49,,,,,,,,,,19.6612492,4.2093749,979.0,996.9375,10.7124996,,,13.64,0.0,9.88,,,,,,0.0,,
2025-11-05 06:15:50+00:00,2025-11-05 06:15:50,18.0,21.0,21.0,18.0,18.0,10.73140595177085,304.0,BO_O2_RULE,"제어매트릭스 규칙 적용: NOX_LOW (3단계 롤백, 4단계에서 Hz 변화 없음)",19.6612492,4.2328124,979.0,998.5625,10.8625002,,,13.64,0.0,9.88,,,,,,0.0,,
2025-11-05 06:15:51+00:00,2025-11-05 06:15:51,,,,,,,,,,19.6612492,4.2328124,979.0,998.5625,10.8625002,,,13.64,0.0,9.88,,,,,,0.0,,
2025-11-05 06:15:52+00:00,2025-11-05 06:15:52,,,,,,,,,,19.6612492,4.21875,979.0,997.668762,11.8625002,,,13.64,0.0,9.93,,,,,,0.0,,
2025-11-05 06:15:53+00:00,2025-11-05 06:15:53,,,,,,,,,,19.6612492,4.21875,979.0,997.668762,11.8625002,,,13.64,0.0,9.93,,,,,,0.0,,
2025-11-05 06:15:54+00:00,2025-11-05 06:15:54,,,,,,,,,,19.6612492,4.2578125,979.0,997.75,11.8125,,,13.64,0.0,9.93,,,,,,0.0,,
2025-11-05 06:15:55+00:00,2025-11-05 06:15:55,18.0,21.0,21.0,18.0,18.0,11.173481218130602,304.0,BO_O2_RULE,"제어매트릭스 규칙 적용: NOX_LOW (3단계 롤백, 4단계에서 Hz 변화 없음)",19.6612492,4.2125001,980.0,998.806274,11.875,,,13.64,0.0,9.93,,,,,,0.0,,
2025-11-05 06:15:56+00:00,2025-11-05 06:15:56,,,,,,,,,,19.6612492,4.2125001,980.0,998.806274,11.875,,,13.64,0.0,9.93,,,,,,0.0,,
2025-11-05 06:15:57+00:00,2025-11-05 06:15:57,,,,,,,,,,19.6612492,4.2796874,980.0,998.643738,11.8249998,,,13.64,0.0,9.93,,,,,,0.0,,
2025-11-05 06:15:58+00:00,2025-11-05 06:15:58,,,,,,,,,,19.6612492,4.3203125,979.0,997.506226,12.0874996,,,13.64,0.0,9.93,,,,,,0.0,,
2025-11-05 06:15:59+00:00,2025-11-05 06:15:59,,,,,,,,,,19.6612492,4.3203125,979.0,997.506226,12.0874996,,,13.64,0.0,9.93,,,,,,0.0,,
2025-11-05 06:16:00+00:00,2025-11-05 06:16:00,18.0,22.0,22.0,18.0,18.0,11.090444922770292,304.0,BO_O2_RULE,"제어매트릭스 규칙 적용: NOX_LOW (3단계 롤백, 4단계에서 Hz 변화 없음)",19.6612492,4.3062501,979.0,998.5625,12.0874996,,3.0,13.64,0.0,9.93,,,,,,0.0,,
2025-11-05 06:16:01+00:00,2025-11-05 06:16:01,,,,,,,,,,19.6612492,4.33281231,980.0,998.15625,11.9624996,,,13.64,0.0,9.93,,,,,,0.0,,
2025-11-05 06:16:02+00:00,2025-11-05 06:16:02,,,,,,,,,,19.6612492,4.33281231,980.0,998.15625,11.9624996,,,13.64,0.0,11.43,,,,,,0.0,,
2025-11-05 06:16:03+00:00,2025-11-05 06:16:03,,,,,,,,,,19.6612492,4.34687519,980.0,998.15625,12.3374996,,,13.64,0.0,11.43,,,,,,0.0,,
2025-11-05 06:16:04+00:00,2025-11-05 06:16:04,,,,,,,,,,19.6612492,4.38593769,980.0,1000.1875,12.1000004,,,13.64,0.0,11.43,,,,,,0.0,,
2025-11-05 06:16:05+00:00,2025-11-05 06:16:05,18.0,22.0,22.0,18.0,18.0,11.265497520014847,304.0,BO_O2_RULE,"제어매트릭스 규칙 적용: NOX_LOW (3단계 롤백, 4단계에서 Hz 변화 없음)",19.6612492,4.38593769,980.0,1000.1875,12.1000004,,,13.64,0.0,11.43,,,,,,0.0,,
2025-11-05 06:16:06+00:00,2025-11-05 06:16:06,,,,,,,,,,19.6612492,4.3453126,979.0,999.618774,12.4750004,,,13.64,0.0,11.43,,,,,,0.0,,
2025-11-05 06:16:07+00:00,2025-11-05 06:16:07,,,,,,,,,,19.6612492,4.3453126,979.0,999.618774,12.4750004,,,13.64,0.0,11.43,,,,,,0.0,,
2025-11-05 06:16:08+00:00,2025-11-05 06:16:08,,,,,,,,,,19.6612492,4.4203124,979.0,1000.26874,12.4125004,,,13.64,0.0,11.43,,,,,,0.0,,
2025-11-05 06:16:09+00:00,2025-11-05 06:16:09,,,,,,,,,,19.6612492,4.4203124,980.0,1000.26874,12.4125004,,,13.64,0.0,11.43,,,,,,0.0,,
2025-11-05 06:16:10+00:00,2025-11-05 06:16:10,18.0,22.0,22.0,18.0,18.0,11.487585215073107,304.0,BO_O2_RULE,"제어매트릭스 규칙 적용: NOX_LOW (3단계 롤백, 4단계에서 Hz 변화 없음)",19.6612492,4.4625001,979.0,1000.10626,12.1875,,,13.64,0.0,11.43,,,,,,0.0,,
2025-11-05 06:16:11+00:00,2025-11-05 06:16:11,,,,,,,,,,19.6612492,4.4625001,979.0,1000.10626,12.1875,,,13.64,0.0,11.86,,,,,,0.0,,
2025-11-05 06:16:12+00:00,2025-11-05 06:16:12,,,,,,,,,,19.6612492,4.4625001,979.0,1000.67499,12.2124996,,,13.64,0.0,11.86,,,,,,0.0,,
2025-11-05 06:16:13+00:00,2025-11-05 06:16:13,,,,,,,,,,19.6612492,4.44218731,979.0,1000.67499,12.2124996,,,13.64,0.0,11.86,,,,,,0.0,,
2025-11-05 06:16:14+00:00,2025-11-05 06:16:14,,,,,,,,,,19.6612492,4.50468731,980.0,1000.67499,12.0375004,,,13.64,0.0,11.86,,,,,,0.0,,
2025-11-05 06:16:15+00:00,2025-11-05 06:16:15,18.0,22.0,22.0,18.0,18.0,11.357254309200757,304.0,BO_O2_RULE,"제어매트릭스 규칙 적용: NOX_LOW (3단계 롤백, 4단계에서 Hz 변화 없음)",19.6612492,4.50468731,980.0,1001.48749,12.0375004,,,13.64,0.0,11.86,,,,,,0.0,,
2025-11-05 06:16:16+00:00,2025-11-05 06:16:16,,,,,,,,,,19.6612492,4.4593749,980.0,1001.24377,12.0,,,13.64,0.0,11.86,,,,,,0.0,,
2025-11-05 06:16:17+00:00,2025-11-05 06:16:17,,,,,,,,,,19.6612492,4.4593749,979.0,1001.24377,12.0,,,13.64,0.0,11.86,,,,,,0.0,,
2025-11-05 06:16:18+00:00,2025-11-05 06:16:18,,,,,,,,,,19.6612492,4.4593749,979.0,1001.48749,11.7624998,,,13.64,0.0,11.86,,,,,,0.0,,
2025-11-05 06:16:19+00:00,2025-11-05 06:16:19,,,,,,,,,,19.6612492,4.4937501,979.0,1001.48749,11.7624998,,,13.64,0.0,11.86,,,,,,0.0,,
2025-11-05 06:16:20+00:00,2025-11-05 06:16:20,18.0,22.0,22.0,18.0,18.0,11.222476609160314,304.0,BO_O2_RULE,"제어매트릭스 규칙 적용: NOX_LOW (3단계 롤백, 4단계에서 Hz 변화 없음)",19.6612492,4.4937501,979.0,1001.48749,11.7624998,,,13.64,0.0,11.86,,,,,,0.0,,
2025-11-05 06:16:21+00:00,2025-11-05 06:16:21,,,,,,,,,,19.6612492,4.5234375,980.0,1000.75623,11.9375,,,13.64,0.0,11.38,,,,,,0.0,,
2025-11-05 06:16:22+00:00,2025-11-05 06:16:22,,,,,,,,,,19.6612492,4.5406251,979.0,1000.75623,11.8500004,,,13.64,0.0,11.38,,,,,,0.0,,
2025-11-05 06:16:23+00:00,2025-11-05 06:16:23,,,,,,,,,,19.6612492,4.5406251,979.0,1001.48749,11.8500004,,,13.64,0.0,11.38,,,,,,0.0,,
2025-11-05 06:16:24+00:00,2025-11-05 06:16:24,,,,,,,,,,19.6612492,4.6171875,979.0,1001.48749,11.6750002,,,13.64,0.0,11.38,,,,,,0.0,,
2025-11-05 06:16:25+00:00,2025-11-05 06:16:25,18.0,22.0,22.0,18.0,18.0,11.140474823489464,304.0,BO_O2_RULE,"제어매트릭스 규칙 적용: NOX_LOW (3단계 롤백, 4단계에서 Hz 변화 없음)",19.6612492,4.59843731,978.0,1001.08124,11.8874998,,,13.64,0.0,11.38,,,,,,0.0,,
2025-11-05 06:16:26+00:00,2025-11-05 06:16:26,,,,,,,,,,19.6612492,4.640625,979.0,1001.32501,11.8874998,,,13.64,0.0,11.38,,,,,,0.0,,
2025-11-05 06:16:27+00:00,2025-11-05 06:16:27,,,,,,,,,,19.6612492,4.640625,979.0,1001.32501,11.7375002,,,13.64,0.0,11.38,,,,,,0.0,,
2025-11-05 06:16:28+00:00,2025-11-05 06:16:28,,,,,,,,,,19.6612492,4.6156249,979.0,1001.0,12.0,,,13.64,0.0,11.38,,,,,,0.0,,
2025-11-05 06:16:29+00:00,2025-11-05 06:16:29,,,,,,,,,,19.6612492,4.6156249,979.0,1001.0,12.0,,,13.64,0.0,11.38,,,,,,0.0,,
2025-11-05 06:16:30+00:00,2025-11-05 06:16:30,18.0,22.0,22.0,18.0,18.0,11.28831072146767,304.0,BO_O2_RULE,"제어매트릭스 규칙 적용: NOX_LOW (3단계 롤백, 4단계에서 Hz 변화 없음)",19.6612492,4.7203126,979.0,1001.97498,11.75,,,13.64,0.0,11.34,,,,,,0.0,,
2025-11-05 06:16:31+00:00,2025-11-05 06:16:31,,,,,,,,,,19.6612492,4.7203126,979.0,1001.97498,11.75,,,13.64,0.0,11.34,,,,,,0.0,,
2025-11-05 06:16:32+00:00,2025-11-05 06:16:32,,,,,,,,,,19.6612492,4.78125,978.0,1000.83752,11.1750002,,,13.64,0.0,11.34,,,,,,0.0,,
2025-11-05 06:16:33+00:00,2025-11-05 06:16:33,,,,,,,,,,19.6612492,4.78125,978.0,1000.83752,11.1750002,,,13.64,0.0,11.34,,,,,,0.0,,
2025-11-05 06:16:34+00:00,2025-11-05 06:16:34,,,,,,,,,,19.6612492,4.828125,979.0,1001.97498,11.1625004,,,13.64,0.0,11.34,,,,,,0.0,,
2025-11-05 06:16:35+00:00,2025-11-05 06:16:35,18.0,23.0,23.0,18.0,18.0,11.142557926495636,304.0,BO_O2_RULE,"제어매트릭스 규칙 적용: NOX_LOW (3단계 롤백, 4단계에서 Hz 변화 없음)",19.6612492,4.828125,979.0,1001.97498,11.1625004,,,13.64,0.0,11.34,,,,,,0.0,,
2025-11-05 06:16:36+00:00,2025-11-05 06:16:36,,,,,,,,,,19.6612492,4.86250019,978.0,1001.48749,11.1999998,,,13.64,0.0,11.34,,,,,,0.0,,
2025-11-05 06:16:37+00:00,2025-11-05 06:16:37,,,,,,,,,,19.6612492,4.8296876,978.0,1001.65002,11.3125,,,13.64,0.0,11.34,,,,,,0.0,,
2025-11-05 06:16:38+00:00,2025-11-05 06:16:38,,,,,,,,,,19.6612492,4.8296876,978.0,1001.65002,11.3125,,,13.64,0.0,11.34,,,,,,0.0,,
2025-11-05 06:16:39+00:00,2025-11-05 06:16:39,,,,,,,,,,19.6612492,4.9281249,978.0,1001.8125,11.5124998,,,13.64,0.0,11.34,,,,,,0.0,,
2025-11-05 06:16:40+00:00,2025-11-05 06:16:40,18.0,23.0,23.0,18.0,18.0,11.00468480361064,304.0,BO_O2_RULE,"제어매트릭스 규칙 적용: NOX_LOW (3단계 롤백, 4단계에서 Hz 변화 없음)",19.6612492,4.9281249,978.0,1001.8125,11.5124998,,,13.64,0.0,10.72,,,,,,0.0,,
2025-11-05 06:16:41+00:00,2025-11-05 06:16:41,,,,,,,,,,19.6612492,4.94999981,978.0,1001.08124,11.2624998,,,13.64,0.0,10.72,,,,,,0.0,,
2025-11-05 06:16:42+00:00,2025-11-05 06:16:42,,,,,,,,,,19.6612492,4.93437481,978.0,1000.83752,11.0,,,13.64,0.0,10.72,,,,,,0.0,,
2025-11-05 06:16:43+00:00,2025-11-05 06:16:43,,,,,,,,,,19.6612492,4.93437481,978.0,1000.83752,11.0,,,13.64,0.0,10.72,,,,,,0.0,,
2025-11-05 06:16:44+00:00,2025-11-05 06:16:44,,,,,,,,,,19.6612492,4.9296875,979.0,1001.56873,11.1999998,,,13.64,0.0,10.72,,,,,,0.0,,
2025-11-05 06:16:45+00:00,2025-11-05 06:16:45,18.0,23.0,23.0,18.0,18.0,10.599087558020438,304.0,BO_O2_RULE,"제어매트릭스 규칙 적용: NOX_LOW (3단계 롤백, 4단계에서 Hz 변화 없음)",19.6612492,4.9296875,979.0,1001.56873,11.1999998,,,13.64,0.0,10.72,,,,,,0.0,,
2025-11-05 06:16:46+00:00,2025-11-05 06:16:46,,,,,,,,,,19.6612492,4.97343731,977.0,1000.75623,10.8999996,,,13.64,0.0,10.72,,,,,,0.0,,
2025-11-05 06:16:47+00:00,2025-11-05 06:16:47,,,,,,,,,,19.6612492,4.97343731,977.0,1000.75623,10.8999996,,,13.64,0.0,10.72,,,,,,0.0,,
2025-11-05 06:16:48+00:00,2025-11-05 06:16:48,,,,,,,,,,19.6612492,5.06562519,976.0,1000.83752,11.1125002,,,13.64,0.0,10.72,,,,,,0.0,,
2025-11-05 06:16:49+00:00,2025-11-05 06:16:49,,,,,,,,,,19.6612492,5.015625,976.0,1001.97498,11.1374998,,,13.64,0.0,10.72,,,,,,0.0,,
2025-11-05 06:16:50+00:00,2025-11-05 06:16:50,18.0,23.0,23.0,18.0,18.0,11.059331158642921,304.0,BO_O2_RULE,"제어매트릭스 규칙 적용: NOX_LOW (3단계 롤백, 4단계에서 Hz 변화 없음)",19.6612492,5.015625,976.0,1001.97498,11.1374998,,,13.64,0.0,10.72,,,,,,0.0,,
2025-11-05 06:16:51+00:00,2025-11-05 06:16:51,,,,,,,,,,19.6612492,5.03125,977.0,1001.0,11.375,,,13.64,0.0,10.56,,,,,,0.0,,
2025-11-05 06:16:52+00:00,2025-11-05 06:16:52,,,,,,,,,,19.6612492,5.03125,977.0,1001.0,11.375,,,13.64,0.0,10.56,,,,,,0.0,,
2025-11-05 06:16:53+00:00,2025-11-05 06:16:53,,,,,,,,,,19.6612492,5.12187481,977.0,1001.8125,11.3874998,,,13.64,0.0,10.56,,,,,,0.0,,
2025-11-05 06:16:54+00:00,2025-11-05 06:16:54,,,,,,,,,,19.6612492,5.12187481,977.0,1001.8125,11.3874998,,,13.64,0.0,10.56,,,,,,0.0,,
2025-11-05 06:16:55+00:00,2025-11-05 06:16:55,18.0,23.0,23.0,18.0,18.0,11.335553232882615,304.0,BO_O2_RULE,"제어매트릭스 규칙 적용: NOX_LOW (3단계 롤백, 4단계에서 Hz 변화 없음)",19.6612492,5.140625,977.0,1001.65002,11.8874998,,,13.64,0.0,10.56,,,,,,0.0,,
2025-11-05 06:16:56+00:00,2025-11-05 06:16:56,,,,,,,,,,19.6612492,5.140625,977.0,1001.65002,11.8874998,,,13.64,0.0,10.56,,,,,,0.0,,
2025-11-05 06:16:57+00:00,2025-11-05 06:16:57,,,,,,,,,,19.6612492,5.140625,977.0,1001.24377,11.7624998,,,13.64,0.0,10.56,,,,,,0.0,,
2025-11-05 06:16:58+00:00,2025-11-05 06:16:58,,,,,,,,,,19.6612492,5.15937519,976.0,1001.65002,11.7875004,,,13.64,0.0,10.56,,,,,,0.0,,
2025-11-05 06:16:59+00:00,2025-11-05 06:16:59,,,,,,,,,,19.6612492,5.15937519,976.0,1001.65002,11.7875004,,,13.64,0.0,10.56,,,,,,0.0,,
2025-11-05 06:17:00+00:00,2025-11-05 06:17:00,18.0,23.0,23.0,18.0,18.0,11.474019441840706,304.0,BO_O2_RULE,"제어매트릭스 규칙 적용: NOX_LOW (3단계 롤백, 4단계에서 Hz 변화 없음)",19.6612492,5.19062519,977.0,1001.97498,11.6750002,,3.0,13.64,0.0,10.56,,,,,,0.0,,
2025-11-05 06:17:01+00:00,2025-11-05 06:17:01,,,,,,,,,,19.6612492,5.20781231,977.0,1001.24377,11.7250004,,,13.64,0.0,10.89,,,,,,0.0,,
2025-11-05 06:17:02+00:00,2025-11-05 06:17:02,,,,,,,,,,19.6612492,5.20781231,977.0,1001.24377,11.7250004,,,13.64,0.0,10.89,,,,,,0.0,,
2025-11-05 06:17:03+00:00,2025-11-05 06:17:03,,,,,,,,,,19.6612492,5.25468731,977.0,1001.24377,11.5874996,,,13.64,0.0,10.89,,,,,,0.0,,
2025-11-05 06:17:04+00:00,2025-11-05 06:17:04,,,,,,,,,,19.6612492,5.27656269,977.0,1001.24377,11.9250002,,,13.64,0.0,10.89,,,,,,0.0,,
2025-11-05 06:17:05+00:00,2025-11-05 06:17:05,18.0,23.0,23.0,18.0,18.0,11.496193617840198,304.0,BO_O2_RULE,"제어매트릭스 규칙 적용: NOX_LOW (3단계 롤백, 4단계에서 Hz 변화 없음)",19.6612492,5.27656269,977.0,1000.83752,11.9250002,,,13.64,0.0,10.89,,,,,,0.0,,
2025-11-05 06:17:06+00:00,2025-11-05 06:17:06,,,,,,,,,,19.6612492,5.29374981,976.0,1000.83752,11.6125002,,,13.64,0.0,10.89,,,,,,0.0,,
2025-11-05 06:17:07+00:00,2025-11-05 06:17:07,,,,,,,,,,19.6612492,5.29374981,976.0,1001.56873,11.6125002,,,13.64,0.0,10.89,,,,,,0.0,,
2025-11-05 06:17:08+00:00,2025-11-05 06:17:08,,,,,,,,,,19.6612492,5.25,977.0,1001.0,11.5874996,,,13.64,0.0,10.89,,,,,,0.0,,
2025-11-05 06:17:10+00:00,2025-11-05 06:17:10,18.0,23.0,23.0,18.0,18.0,11.367019699698202,304.0,BO_O2_RULE,"제어매트릭스 규칙 적용: NOX_LOW (3단계 롤백, 4단계에서 Hz 변화 없음)",19.6612492,5.25,977.0,1001.0,11.5874996,,,13.64,0.0,10.89,,,,,,0.0,,
2025-11-05 06:17:11+00:00,2025-11-05 06:17:11,,,,,,,,,,19.6612492,5.2953124,976.0,1001.08124,11.8000002,,,13.64,0.0,10.96,,,,,,0.0,,
2025-11-05 06:17:12+00:00,2025-11-05 06:17:12,,,,,,,,,,19.6612492,5.30937481,976.0,1001.8125,11.6999998,,,13.64,0.0,10.96,,,,,,0.0,,
2025-11-05 06:17:13+00:00,2025-11-05 06:17:13,,,,,,,,,,19.6612492,5.30937481,976.0,1001.8125,11.6999998,,,13.64,0.0,10.96,,,,,,0.0,,
2025-11-05 06:17:14+00:00,2025-11-05 06:17:14,,,,,,,,,,19.6612492,5.39531231,976.0,1001.0,11.9125004,,,13.64,0.0,10.96,,,,,,0.0,,
2025-11-05 06:17:15+00:00,2025-11-05 06:17:15,18.0,23.0,23.0,18.0,18.0,11.747958143509202,304.0,BO_O2_RULE,"제어매트릭스 규칙 적용: NOX_LOW (3단계 롤백, 4단계에서 Hz 변화 없음)",19.6612492,5.39531231,976.0,1001.0,11.9125004,,,13.64,0.0,10.96,,,,,,0.0,,
2025-11-05 06:17:16+00:00,2025-11-05 06:17:16,,,,,,,,,,19.6612492,5.4312501,976.0,1001.0,11.9375,,,13.64,0.0,10.96,,,,,,0.0,,
2025-11-05 06:17:17+00:00,2025-11-05 06:17:17,,,,,,,,,,19.6612492,5.4312501,976.0,1001.0,11.9375,,,13.64,0.0,10.96,,,,,,0.0,,
2025-11-05 06:17:18+00:00,2025-11-05 06:17:18,,,,,,,,,,19.6612492,5.4281249,976.0,1001.65002,11.8249998,,,13.64,0.0,10.96,,,,,,0.0,,
2025-11-05 06:17:19+00:00,2025-11-05 06:17:19,,,,,,,,,,19.6612492,5.4281249,976.0,1001.65002,11.8249998,,,13.64,0.0,10.96,,,,,,0.0,,
2025-11-05 06:17:20+00:00,2025-11-05 06:17:20,18.0,24.0,24.0,18.0,18.0,11.850562937284376,304.0,BO_O2_RULE,"제어매트릭스 규칙 적용: NOX_LOW (3단계 롤백, 4단계에서 Hz 변화 없음)",19.6612492,5.4124999,977.0,1001.32501,11.8125,,,13.64,0.0,10.96,,,,,,0.0,,
2025-11-05 06:17:21+00:00,2025-11-05 06:17:21,,,,,,,,,,19.6612492,5.4124999,977.0,1001.32501,11.8125,,,13.64,0.0,10.96,,,,,,0.0,,
2025-11-05 06:17:22+00:00,2025-11-05 06:17:22,,,,,,,,,,19.6612492,5.5015626,976.0,1002.13751,11.8500004,,,13.64,0.0,11.17,,,,,,0.0,,
2025-11-05 06:17:23+00:00,2025-11-05 06:17:23,,,,,,,,,,19.6612492,5.51093769,977.0,1001.89374,11.8249998,,,13.64,0.0,11.17,,,,,,0.0,,
2025-11-05 06:17:24+00:00,2025-11-05 06:17:24,,,,,,,,,,19.6612492,5.51093769,977.0,1001.89374,11.8249998,,,13.64,0.0,11.17,,,,,,0.0,,
2025-11-05 06:17:25+00:00,2025-11-05 06:17:25,18.0,24.0,24.0,18.0,18.0,11.923078507903103,304.0,BO_O2_RULE,"제어매트릭스 규칙 적용: NOX_LOW (3단계 롤백, 4단계에서 Hz 변화 없음)",19.6612492,5.6187501,977.0,1001.0,11.7250004,,,13.64,0.0,11.17,,,,,,0.0,,
2025-11-05 06:17:26+00:00,2025-11-05 06:17:26,,,,,,,,,,19.6612492,5.6187501,977.0,1001.0,11.7250004,,,13.64,0.0,11.17,,,,,,0.0,,
2025-11-05 06:17:27+00:00,2025-11-05 06:17:27,,,,,,,,,,19.6612492,5.71875,976.0,1001.40625,12.0249996,,,13.64,0.0,11.17,,,,,,0.0,,
2025-11-05 06:17:28+00:00,2025-11-05 06:17:28,,,,,,,,,,19.6612492,5.71875,976.0,1001.40625,12.0249996,,,13.64,0.0,11.17,,,,,,0.0,,
2025-11-05 06:17:29+00:00,2025-11-05 06:17:29,,,,,,,,,,19.6612492,5.74687481,977.0,1001.24377,11.8000002,,,13.64,0.0,11.17,,,,,,0.0,,
2025-11-05 06:17:30+00:00,2025-11-05 06:17:30,24.0,24.0,24.0,24.0,24.0,12.241761410531426,100.0,BO_ONLY,"BO 모델 결과만 사용 (1단계 롤백, 2~4단계에서 Hz 변화 없음)",19.6612492,5.74687481,977.0,1001.24377,11.8000002,,,13.64,0.0,11.17,,,,,,0.0,,
2025-11-05 06:17:31+00:00,2025-11-05 06:17:31,,,,,,,,,,19.6612492,5.88593769,976.0,1001.97498,12.6125002,,,13.64,0.0,11.17,,,,,,0.0,,
2025-11-05 06:17:32+00:00,2025-11-05 06:17:32,,,,,,,,,,19.6612492,5.88593769,976.0,1001.97498,12.6125002,,,13.64,0.0,11.22,,,,,,0.0,,
2025-11-05 06:17:33+00:00,2025-11-05 06:17:33,,,,,,,,,,19.6612492,5.96562481,977.0,1001.89374,12.5375004,,,13.64,0.0,11.22,,,,,,0.0,,
2025-11-05 06:17:34+00:00,2025-11-05 06:17:34,,,,,,,,,,19.6612492,5.96562481,977.0,1001.89374,12.5375004,,,13.64,0.0,11.22,,,,,,0.0,,
2025-11-05 06:17:35+00:00,2025-11-05 06:17:35,24.0,24.0,24.0,24.0,24.0,12.61087486491202,100.0,BO_ONLY,"BO 모델 결과만 사용 (1단계 롤백, 2~4단계에서 Hz 변화 없음)",19.6612492,5.9625001,976.0,1000.43127,12.4250002,,,13.64,0.0,11.22,,,,,,0.0,,
2025-11-05 06:17:36+00:00,2025-11-05 06:17:36,,,,,,,,,,19.6612492,6.00468731,976.0,999.212524,12.6875,,,13.64,0.0,11.22,,,,,,0.0,,
2025-11-05 06:17:37+00:00,2025-11-05 06:17:37,,,,,,,,,,19.6612492,6.00468731,976.0,999.212524,12.6875,,,13.64,0.0,11.22,,,,,,0.0,,
2025-11-05 06:17:38+00:00,2025-11-05 06:17:38,,,,,,,,,,19.6612492,6.1078124,976.0,1000.26874,12.3500004,,,13.64,0.0,11.22,,,,,,0.0,,
2025-11-05 06:17:39+00:00,2025-11-05 06:17:39,,,,,,,,,,19.6612492,6.1078124,976.0,1000.26874,12.3500004,,,13.64,0.0,11.22,,,,,,0.0,,
2025-11-05 06:17:40+00:00,2025-11-05 06:17:40,24.0,24.0,24.0,24.0,24.0,12.51589558958421,100.0,BO_ONLY,"BO 모델 결과만 사용 (1단계 롤백, 2~4단계에서 Hz 변화 없음)",19.6612492,6.27656269,977.0,1000.02502,12.3500004,,,13.64,0.0,11.22,,,,,,0.0,,
2025-11-05 06:17:41+00:00,2025-11-05 06:17:41,,,,,,,,,,19.6612492,6.27656269,977.0,1000.02502,12.5749998,,,13.64,0.0,11.84,,,,,,0.0,,
2025-11-05 06:17:42+00:00,2025-11-05 06:17:42,,,,,,,,,,19.6612492,6.3125,977.0,997.912476,12.5749998,,,13.64,0.0,11.84,,,,,,0.0,,
2025-11-05 06:17:43+00:00,2025-11-05 06:17:43,,,,,,,,,,19.6612492,6.37187481,977.0,998.237488,12.8249998,,,13.64,0.0,11.84,,,,,,0.0,,
2025-11-05 06:17:44+00:00,2025-11-05 06:17:44,,,,,,,,,,19.6612492,6.37187481,976.0,998.237488,12.8249998,,,13.64,0.0,11.84,,,,,,0.0,,
2025-11-05 06:17:45+00:00,2025-11-05 06:17:45,24.0,24.0,24.0,24.0,24.0,12.575970511841282,100.0,BO_ONLY,"BO 모델 결과만 사용 (1단계 롤백, 2~4단계에서 Hz 변화 없음)",19.6612492,6.4546876,976.0,998.318726,12.4875002,,,13.64,0.0,11.84,,,,,,0.0,,
2025-11-05 06:17:46+00:00,2025-11-05 06:17:46,,,,,,,,,,19.6612492,6.4609375,977.0,998.724976,12.4250002,,,13.64,0.0,11.84,,,,,,0.0,,
2025-11-05 06:17:47+00:00,2025-11-05 06:17:47,,,,,,,,,,19.6612492,6.4609375,977.0,998.724976,12.4250002,,,13.64,0.0,11.84,,,,,,0.0,,
2025-11-05 06:17:48+00:00,2025-11-05 06:17:48,,,,,,,,,,19.6612492,6.58281231,975.0,998.318726,12.9250002,,,13.64,0.0,11.84,,,,,,0.0,,
2025-11-05 06:17:49+00:00,2025-11-05 06:17:49,,,,,,,,,,19.6612492,6.5531249,974.0,997.993774,12.7124996,,,13.64,0.0,11.84,,,,,,0.0,,
2025-11-05 06:17:50+00:00,2025-11-05 06:17:50,24.0,24.0,24.0,24.0,24.0,12.731895497248374,100.0,BO_ONLY,"BO 모델 결과만 사용 (1단계 롤백, 2~4단계에서 Hz 변화 없음)",19.6612492,6.5531249,974.0,997.993774,12.7124996,,,13.64,0.0,11.84,,,,,,0.0,,
2025-11-05 06:17:51+00:00,2025-11-05 06:17:51,,,,,,,,,,19.6612492,6.68281269,974.0,997.993774,12.5625,,,13.64,0.0,11.84,,,,,,0.0,,
2025-11-05 06:17:52+00:00,2025-11-05 06:17:52,,,,,,,,,,19.6612492,6.68281269,974.0,997.993774,12.5625,,,13.64,0.0,11.95,,,,,,0.0,,
2025-11-05 06:17:53+00:00,2025-11-05 06:17:53,,,,,,,,,,19.6612492,6.69218731,975.0,996.287476,12.4750004,,,13.64,0.0,11.95,,,,,,0.0,,
2025-11-05 06:17:54+00:00,2025-11-05 06:17:54,,,,,,,,,,19.6612492,6.69218731,975.0,996.287476,12.4750004,,,13.64,0.0,11.95,,,,,,0.0,,
2025-11-05 06:17:55+00:00,2025-11-05 06:17:55,23.0,23.0,23.0,23.0,23.0,12.731895497248374,100.0,BO_ONLY,"BO 모델 결과만 사용 (1단계 롤백, 2~4단계에서 Hz 변화 없음)",19.6612492,6.82499981,975.0,997.34375,12.4499998,,,13.64,0.0,11.95,,,,,,0.0,,
2025-11-05 06:17:56+00:00,2025-11-05 06:17:56,,,,,,,,,,19.6612492,6.82499981,975.0,997.34375,12.4499998,,,13.64,0.0,11.95,,,,,,0.0,,
2025-11-05 06:17:57+00:00,2025-11-05 06:17:57,,,,,,,,,,19.6612492,6.8984375,975.0,995.637512,12.5249996,,,13.64,0.0,11.95,,,,,,0.0,,
2025-11-05 06:17:58+00:00,2025-11-05 06:17:58,,,,,,,,,,19.6612492,6.8984375,975.0,995.637512,12.5249996,,,13.64,0.0,11.95,,,,,,0.0,,
2025-11-05 06:17:59+00:00,2025-11-05 06:17:59,,,,,,,,,,19.6612492,6.8984375,975.0,995.150024,12.6999998,,,13.64,0.0,11.95,,,,,,0.0,,
2025-11-05 06:18:00+00:00,2025-11-05 06:18:00,23.0,23.0,23.0,23.0,23.0,13.064016877762924,100.0,BO_ONLY,"BO 모델 결과만 사용 (1단계 롤백, 2~4단계에서 Hz 변화 없음)",19.6612492,6.9437499,974.0,995.150024,12.6999998,,3.0,13.64,0.0,11.95,,,,,,0.0,,
2025-11-05 06:18:01+00:00,2025-11-05 06:18:01,,,,,,,,,,19.6612492,7.015625,974.0,994.825012,12.5749998,,,13.64,0.0,11.98,,,,,,0.0,,
2025-11-05 06:18:02+00:00,2025-11-05 06:18:02,,,,,,,,,,19.6612492,7.0093751,975.0,994.90625,12.7624998,,,13.64,0.0,11.98,,,,,,0.0,,
2025-11-05 06:18:03+00:00,2025-11-05 06:18:03,,,,,,,,,,19.6612492,7.0093751,975.0,994.90625,12.7624998,,,13.64,0.0,11.98,,,,,,0.0,,
2025-11-05 06:18:04+00:00,2025-11-05 06:18:04,,,,,,,,,,19.6612492,7.06562519,975.0,994.90625,12.8374996,,,13.64,0.0,11.98,,,,,,0.0,,
2025-11-05 06:18:05+00:00,2025-11-05 06:18:05,23.0,23.0,23.0,23.0,23.0,12.905378221637847,100.0,BO_ONLY,"BO 모델 결과만 사용 (1단계 롤백, 2~4단계에서 Hz 변화 없음)",19.6612492,7.06562519,975.0,995.231262,12.8374996,,,13.64,0.0,11.98,,,,,,0.0,,
2025-11-05 06:18:06+00:00,2025-11-05 06:18:06,,,,,,,,,,19.6612492,7.1656251,975.0,995.231262,12.9624996,,,13.64,0.0,11.98,,,,,,0.0,,
2025-11-05 06:18:07+00:00,2025-11-05 06:18:07,,,,,,,,,,19.6612492,7.1656251,974.0,994.743774,12.9624996,,,13.64,0.0,11.98,,,,,,0.0,,
2025-11-05 06:18:08+00:00,2025-11-05 06:18:08,,,,,,,,,,19.6612492,7.22187519,974.0,994.825012,12.9750004,,,13.64,0.0,11.98,,,,,,0.0,,
2025-11-05 06:18:09+00:00,2025-11-05 06:18:09,,,,,,,,,,19.6612492,7.22187519,974.0,994.825012,12.9750004,,,13.64,0.0,11.98,,,,,,0.0,,
2025-11-05 06:18:10+00:00,2025-11-05 06:18:10,23.0,23.0,23.0,23.0,23.0,13.10178819463723,100.0,BO_ONLY,"BO 모델 결과만 사용 (1단계 롤백, 2~4단계에서 Hz 변화 없음)",19.6612492,7.26093769,975.0,994.662476,12.7624998,,,13.64,0.0,12.13,,,,,,0.0,,
2025-11-05 06:18:11+00:00,2025-11-05 06:18:11,,,,,,,,,,19.6612492,7.30156231,975.0,993.200012,12.8000002,,,13.64,0.0,12.13,,,,,,0.0,,
2025-11-05 06:18:12+00:00,2025-11-05 06:18:12,,,,,,,,,,19.6612492,7.30156231,975.0,993.200012,12.8000002,,,13.64,0.0,12.13,,,,,,0.0,,
2025-11-05 06:18:13+00:00,2025-11-05 06:18:13,,,,,,,,,,19.6612492,7.2984376,975.0,993.443726,12.9250002,,,13.64,0.0,12.13,,,,,,0.0,,
2025-11-05 06:18:14+00:00,2025-11-05 06:18:14,,,,,,,,,,19.6612492,7.28593731,975.0,992.793762,12.6750002,,,13.64,0.0,12.13,,,,,,0.0,,
2025-11-05 06:18:15+00:00,2025-11-05 06:18:15,23.0,23.0,23.0,23.0,23.0,13.502390936337306,100.0,BO_ONLY,"BO 모델 결과만 사용 (1단계 롤백, 2~4단계에서 Hz 변화 없음)",19.6612492,7.28593731,975.0,992.793762,12.6750002,,,13.64,0.0,12.13,,,,,,0.0,,
2025-11-05 06:18:16+00:00,2025-11-05 06:18:16,,,,,,,,,,19.6612492,7.3421874,974.0,991.981262,12.4250002,,,13.64,0.0,12.13,,,,,,0.0,,
2025-11-05 06:18:17+00:00,2025-11-05 06:18:17,,,,,,,,,,19.6612492,7.4296875,974.0,991.412476,12.3500004,,,13.64,0.0,12.13,,,,,,0.0,,
2025-11-05 06:18:18+00:00,2025-11-05 06:18:18,,,,,,,,,,19.6612492,7.4296875,974.0,991.412476,12.3500004,,,13.64,0.0,12.13,,,,,,0.0,,
2025-11-05 06:18:19+00:00,2025-11-05 06:18:19,,,,,,,,,,19.6612492,7.44062519,975.0,990.84375,11.9624996,,,13.64,0.0,12.13,,,,,,0.0,,
2025-11-05 06:18:20+00:00,2025-11-05 06:18:20,23.0,23.0,23.0,23.0,23.0,13.384848246464466,100.0,BO_ONLY,"BO 모델 결과만 사용 (1단계 롤백, 2~4단계에서 Hz 변화 없음)",19.6612492,7.44062519,975.0,990.84375,11.9624996,,,13.64,0.0,11.73,,,,,,0.0,,
2025-11-05 06:18:21+00:00,2025-11-05 06:18:21,,,,,,,,,,19.6612492,7.56718731,974.0,989.868774,12.6000004,,,13.64,0.0,11.73,,,,,,0.0,,
2025-11-05 06:18:22+00:00,2025-11-05 06:18:22,,,,,,,,,,19.6612492,7.56718731,974.0,989.868774,12.6000004,,,13.64,0.0,11.73,,,,,,0.0,,
2025-11-05 06:18:23+00:00,2025-11-05 06:18:23,,,,,,,,,,19.6612492,7.50468731,974.0,988.487488,12.6000004,,,13.64,0.0,11.73,,,,,,0.0,,
2025-11-05 06:18:24+00:00,2025-11-05 06:18:24,,,,,,,,,,19.6612492,7.53125,975.0,989.21875,12.6875,,,13.64,0.0,11.73,,,,,,0.0,,
2025-11-05 06:18:25+00:00,2025-11-05 06:18:25,22.0,22.0,22.0,22.0,22.0,13.146257211784675,100.0,BO_ONLY,"BO 모델 결과만 사용 (1단계 롤백, 2~4단계에서 Hz 변화 없음)",19.6612492,7.57343769,975.0,989.462524,12.6000004,,,13.64,0.0,11.73,,,,,,0.0,,
2025-11-05 06:18:26+00:00,2025-11-05 06:18:26,,,,,,,,,,19.6612492,7.62031269,974.0,988.325012,12.6625004,,,13.64,0.0,11.73,,,,,,0.0,,
2025-11-05 06:18:27+00:00,2025-11-05 06:18:27,,,,,,,,,,19.6612492,7.62031269,974.0,988.325012,12.6625004,,,13.64,0.0,11.73,,,,,,0.0,,
2025-11-05 06:18:28+00:00,2025-11-05 06:18:28,,,,,,,,,,19.6612492,7.73124981,974.0,988.40625,12.6625004,,,13.64,0.0,11.73,,,,,,0.0,,
2025-11-05 06:18:29+00:00,2025-11-05 06:18:29,,,,,,,,,,19.6612492,7.73124981,974.0,988.40625,12.8000002,,,13.64,0.0,11.73,,,,,,0.0,,
2025-11-05 06:18:30+00:00,2025-11-05 06:18:30,22.0,22.0,22.0,22.0,22.0,13.027960539096943,100.0,BO_ONLY,"BO 모델 결과만 사용 (1단계 롤백, 2~4단계에서 Hz 변화 없음)",19.6612492,7.796875,974.0,988.40625,12.75,,,13.64,0.0,11.73,,,,,,0.0,,
2025-11-05 06:18:31+00:00,2025-11-05 06:18:31,,,,,,,,,,19.6612492,7.796875,974.0,988.40625,12.75,,,13.64,0.0,11.96,,,,,,0.0,,
2025-11-05 06:18:32+00:00,2025-11-05 06:18:32,,,,,,,,,,19.6612492,7.78593731,975.0,986.700012,12.8249998,,,13.64,0.0,11.96,,,,,,0.0,,
2025-11-05 06:18:33+00:00,2025-11-05 06:18:33,,,,,,,,,,19.6612492,7.77656269,973.0,986.78125,12.8000002,,,13.64,0.0,11.96,,,,,,0.0,,
2025-11-05 06:18:34+00:00,2025-11-05 06:18:34,,,,,,,,,,19.6612492,7.9000001,973.0,987.025024,12.7875004,,,13.64,0.0,11.96,,,,,,0.0,,
2025-11-05 06:18:35+00:00,2025-11-05 06:18:35,22.0,22.0,22.0,22.0,22.0,13.163498587985968,100.0,BO_ONLY,"BO 모델 결과만 사용 (1단계 롤백, 2~4단계에서 Hz 변화 없음)",19.6612492,7.9000001,973.0,987.025024,12.7875004,,,13.64,0.0,11.96,,,,,,0.0,,
2025-11-05 06:18:36+00:00,2025-11-05 06:18:36,,,,,,,,,,19.6612492,7.85624981,973.0,985.075012,10.7624998,,,13.64,0.0,11.96,,,,,,0.0,,
2025-11-05 06:18:37+00:00,2025-11-05 06:18:37,,,,,,,,,,19.6612492,7.9921875,973.0,985.15625,10.9499998,,,13.64,0.0,11.96,,,,,,0.0,,
2025-11-05 06:18:38+00:00,2025-11-05 06:18:38,,,,,,,,,,19.6612492,7.9921875,973.0,985.15625,10.9499998,,,13.64,0.0,11.96,,,,,,0.0,,
2025-11-05 06:18:39+00:00,2025-11-05 06:18:39,,,,,,,,,,19.6612492,8.046875,972.0,984.912476,11.1625004,,,13.64,0.0,11.96,,,,,,0.0,,
2025-11-05 06:18:40+00:00,2025-11-05 06:18:40,18.0,22.0,22.0,18.0,18.0,11.873937395070163,304.0,BO_O2_RULE,"제어매트릭스 규칙 적용: NOX_LOW (3단계 롤백, 4단계에서 Hz 변화 없음)",19.6612492,8.046875,972.0,984.912476,11.1625004,,,13.64,0.0,10.6,,,,,,0.0,,
2025-11-05 06:18:41+00:00,2025-11-05 06:18:41,,,,,,,,,,19.6612492,8.0546875,973.0,985.5625,11.375,,,13.64,0.0,10.6,,,,,,0.0,,
2025-11-05 06:18:42+00:00,2025-11-05 06:18:42,,,,,,,,,,19.6612492,8.14375019,972.0,983.206238,11.2875004,,,13.64,0.0,10.6,,,,,,0.0,,
2025-11-05 06:18:43+00:00,2025-11-05 06:18:43,,,,,,,,,,19.6612492,8.14375019,972.0,983.206238,11.2875004,,,13.64,0.0,10.6,,,,,,0.0,,
2025-11-05 06:18:44+00:00,2025-11-05 06:18:44,,,,,,,,,,19.6612492,8.125,973.0,983.450012,11.4624996,,,13.64,0.0,10.6,,,,,,0.0,,
2025-11-05 06:18:45+00:00,2025-11-05 06:18:45,18.0,22.0,22.0,18.0,18.0,11.933216745941435,304.0,BO_O2_RULE,"제어매트릭스 규칙 적용: NOX_LOW (3단계 롤백, 4단계에서 Hz 변화 없음)",,,,,,,,,,,,,,,,,,
2025-11-05 06:18:46+00:00,2025-11-05 06:18:46,,,,,,,,,,19.6612492,8.125,973.0,983.450012,11.4624996,,,13.64,0.0,10.6,,,,,,0.0,,
2025-11-05 06:18:47+00:00,2025-11-05 06:18:47,,,,,,,,,,19.6612492,8.29374981,973.0,982.474976,11.6499996,,,13.64,0.0,10.6,,,,,,0.0,,
2025-11-05 06:18:48+00:00,2025-11-05 06:18:48,,,,,,,,,,19.6612492,8.29374981,973.0,982.474976,11.6499996,,,13.64,0.0,10.6,,,,,,0.0,,
2025-11-05 06:18:49+00:00,2025-11-05 06:18:49,,,,,,,,,,19.6612492,8.30312538,973.0,982.474976,11.5,,,13.64,0.0,10.6,,,,,,0.0,,
2025-11-05 06:18:50+00:00,2025-11-05 06:18:50,21.0,21.0,21.0,21.0,21.0,12.135876170171482,100.0,BO_ONLY,"BO 모델 결과만 사용 (1단계 롤백, 2~4단계에서 Hz 변화 없음)",19.6612492,8.30312538,973.0,982.474976,11.5,,,13.64,0.0,10.6,,,,,,0.0,,
2025-11-05 06:18:51+00:00,2025-11-05 06:18:51,,,,,,,,,,19.6612492,8.37968731,971.0,982.474976,11.5,,,13.64,0.0,11.03,,,,,,0.0,,
2025-11-05 06:18:52+00:00,2025-11-05 06:18:52,,,,,,,,,,19.6612492,8.4296875,972.0,981.662476,11.4750004,,,13.64,0.0,11.03,,,,,,0.0,,
2025-11-05 06:18:53+00:00,2025-11-05 06:18:53,,,,,,,,,,19.6612492,8.4296875,972.0,981.662476,11.4750004,,,13.64,0.0,11.03,,,,,,0.0,,
2025-11-05 06:18:54+00:00,2025-11-05 06:18:54,,,,,,,,,,19.6612492,8.515625,971.0,981.825012,11.6999998,,,13.64,0.0,11.03,,,,,,0.0,,
2025-11-05 06:18:55+00:00,2025-11-05 06:18:55,18.0,21.0,21.0,18.0,18.0,11.634007096071201,304.0,BO_O2_RULE,"제어매트릭스 규칙 적용: NOX_LOW (3단계 롤백, 4단계에서 Hz 변화 없음)",19.6612492,8.515625,971.0,981.825012,11.6999998,,,13.64,0.0,11.03,,,,,,0.0,,
2025-11-05 06:18:56+00:00,2025-11-05 06:18:56,,,,,,,,,,19.6612492,8.62343788,972.0,981.174988,10.8125,,,13.64,0.0,11.03,,,,,,0.0,,
2025-11-05 06:18:57+00:00,2025-11-05 06:18:57,,,,,,,,,,19.6612492,8.62343788,972.0,981.174988,10.8125,,,13.64,0.0,11.03,,,,,,0.0,,
2025-11-05 06:18:58+00:00,2025-11-05 06:18:58,,,,,,,,,,19.6612492,8.77499962,971.0,978.493774,10.9375,,,13.64,0.0,11.03,,,,,,0.0,,
2025-11-05 06:18:59+00:00,2025-11-05 06:18:59,,,,,,,,,,19.6612492,8.77499962,971.0,978.493774,10.9375,,,13.64,0.0,11.03,,,,,,0.0,,
2025-11-05 06:19:00+00:00,2025-11-05 06:19:00,18.0,20.0,20.0,18.0,18.0,11.506852658895024,304.0,BO_O2_RULE,"제어매트릭스 규칙 적용: NOX_LOW (3단계 롤백, 4단계에서 Hz 변화 없음)",19.6612492,8.74374962,969.0,978.412476,10.7250004,,3.0,13.64,0.0,11.03,,,,,,0.0,,
2025-11-05 06:19:01+00:00,2025-11-05 06:19:01,,,,,,,,,,19.6612492,8.74374962,969.0,978.412476,10.7250004,,,13.64,0.0,11.03,,,,,,0.0,,
2025-11-05 06:19:02+00:00,2025-11-05 06:19:02,,,,,,,,,,19.6612492,8.81093788,970.0,977.275024,10.875,,,13.64,0.0,10.23,,,,,,0.0,,
2025-11-05 06:19:03+00:00,2025-11-05 06:19:03,,,,,,,,,,19.6612492,8.81093788,970.0,977.275024,10.875,,,13.64,0.0,10.23,,,,,,0.0,,
2025-11-05 06:19:04+00:00,2025-11-05 06:19:04,,,,,,,,,,19.6612492,8.9453125,971.0,975.243774,10.8999996,,,13.64,0.0,10.23,,,,,,0.0,,
2025-11-05 06:19:05+00:00,2025-11-05 06:19:05,18.0,20.0,20.0,18.0,18.0,11.63954905054531,304.0,BO_O2_RULE,"제어매트릭스 규칙 적용: NOX_LOW (3단계 롤백, 4단계에서 Hz 변화 없음)",19.6612492,8.97968769,970.0,975.487488,10.9499998,,,13.64,0.0,10.23,,,,,,0.0,,
2025-11-05 06:19:06+00:00,2025-11-05 06:19:06,,,,,,,,,,19.6612492,8.97968769,970.0,975.487488,10.9499998,,,13.64,0.0,10.23,,,,,,0.0,,
2025-11-05 06:19:07+00:00,2025-11-05 06:19:07,,,,,,,,,,19.6612492,8.984375,971.0,975.325012,10.7124996,,,13.64,0.0,10.23,,,,,,0.0,,
2025-11-05 06:19:08+00:00,2025-11-05 06:19:08,,,,,,,,,,19.6612492,8.984375,971.0,975.325012,10.7124996,,,13.64,0.0,10.23,,,,,,0.0,,
2025-11-05 06:19:09+00:00,2025-11-05 06:19:09,,,,,,,,,,19.6612492,9.03125,971.0,976.21875,10.75,,,13.64,0.0,10.23,,,,,,0.0,,
2025-11-05 06:19:10+00:00,2025-11-05 06:19:10,20.0,20.0,20.0,20.0,20.0,12.084236679993557,100.0,BO_ONLY,"BO 모델 결과만 사용 (1단계 롤백, 2~4단계에서 Hz 변화 없음)",19.6612492,8.99843788,970.0,976.137512,10.7375002,,,13.64,0.0,10.23,,,,,,0.0,,
2025-11-05 06:19:11+00:00,2025-11-05 06:19:11,,,,,,,,,,19.6612492,8.99843788,970.0,976.137512,10.7375002,,,13.64,0.0,10.35,,,,,,0.0,,
2025-11-05 06:19:12+00:00,2025-11-05 06:19:12,,,,,,,,,,19.6612492,9.08749962,969.0,975.243774,11.1625004,,,13.64,0.0,10.35,,,,,,0.0,,
2025-11-05 06:19:13+00:00,2025-11-05 06:19:13,,,,,,,,,,19.6612492,9.08749962,969.0,975.243774,11.1625004,,,13.64,0.0,10.35,,,,,,0.0,,
2025-11-05 06:19:14+00:00,2025-11-05 06:19:14,,,,,,,,,,19.6612492,9.14687538,970.0,974.59375,11.3249998,,,13.64,0.0,10.35,,,,,,0.0,,
2025-11-05 06:19:15+00:00,2025-11-05 06:19:15,18.0,20.0,20.0,18.0,18.0,11.76918590179388,304.0,BO_O2_RULE,"제어매트릭스 규칙 적용: NOX_LOW (3단계 롤백, 4단계에서 Hz 변화 없음)",19.6612492,9.14687538,970.0,974.59375,11.3249998,,,13.64,0.0,10.35,,,,,,0.0,,
2025-11-05 06:19:16+00:00,2025-11-05 06:19:16,,,,,,,,,,19.6612492,9.08125019,969.0,972.724976,10.8999996,,,13.64,0.0,10.35,,,,,,0.0,,
2025-11-05 06:19:17+00:00,2025-11-05 06:19:17,,,,,,,,,,19.6612492,9.14218712,969.0,971.993774,10.7624998,,,13.64,0.0,10.35,,,,,,0.0,,
2025-11-05 06:19:18+00:00,2025-11-05 06:19:18,,,,,,,,,,19.6612492,9.14218712,969.0,971.993774,10.7624998,,,13.64,0.0,10.35,,,,,,0.0,,
2025-11-05 06:19:19+00:00,2025-11-05 06:19:19,,,,,,,,,,19.6612492,9.10624981,970.0,971.912476,10.7250004,,,13.64,0.0,10.35,,,,,,0.0,,
2025-11-05 06:19:20+00:00,2025-11-05 06:19:20,20.0,20.0,20.0,20.0,20.0,12.357567937217443,100.0,BO_ONLY,"BO 모델 결과만 사용 (1단계 롤백, 2~4단계에서 Hz 변화 없음)",19.6612492,9.10624981,970.0,971.912476,10.7250004,,,13.64,0.0,10.35,,,,,,0.0,,
2025-11-05 06:19:21+00:00,2025-11-05 06:19:21,,,,,,,,,,19.6612492,9.23593712,969.0,971.75,11.1499996,,,13.64,0.0,10.26,,,,,,0.0,,
2025-11-05 06:19:22+00:00,2025-11-05 06:19:22,,,,,,,,,,19.6612492,9.23593712,969.0,971.75,11.1499996,,,13.64,0.0,10.26,,,,,,0.0,,
2025-11-05 06:19:23+00:00,2025-11-05 06:19:23,,,,,,,,,,19.6612492,9.16093731,970.0,970.368774,10.9875002,,,13.64,0.0,10.26,,,,,,0.0,,
2025-11-05 06:19:24+00:00,2025-11-05 06:19:24,,,,,,,,,,19.6612492,9.25312519,972.0,971.262512,11.1875,,,13.64,0.0,10.26,,,,,,0.0,,
2025-11-05 06:19:25+00:00,2025-11-05 06:19:25,20.0,20.0,20.0,20.0,20.0,12.751255733955334,100.0,BO_ONLY,"BO 모델 결과만 사용 (1단계 롤백, 2~4단계에서 Hz 변화 없음)",19.6612492,9.25312519,972.0,971.262512,11.1875,,,13.64,0.0,10.26,,,,,,0.0,,
2025-11-05 06:19:26+00:00,2025-11-05 06:19:26,,,,,,,,,,19.6612492,9.17656231,972.0,971.018738,11.4624996,,,13.64,0.0,10.26,,,,,,0.0,,
2025-11-05 06:19:27+00:00,2025-11-05 06:19:27,,,,,,,,,,19.6612492,9.17656231,972.0,971.018738,11.4624996,,,13.64,0.0,10.26,,,,,,0.0,,
2025-11-05 06:19:28+00:00,2025-11-05 06:19:28,,,,,,,,,,19.6612492,9.13906288,971.0,969.150024,11.8874998,,,13.64,0.0,10.26,,,,,,0.0,,
2025-11-05 06:19:29+00:00,2025-11-05 06:19:29,,,,,,,,,,19.6612492,9.13906288,971.0,969.150024,11.8874998,,,13.64,0.0,10.26,,,,,,0.0,,
2025-11-05 06:19:30+00:00,2025-11-05 06:19:30,20.0,20.0,20.0,20.0,20.0,12.006538737384949,100.0,BO_ONLY,"BO 모델 결과만 사용 (1단계 롤백, 2~4단계에서 Hz 변화 없음)",19.6612492,8.89531231,971.0,968.743774,11.2624998,,,13.64,0.0,10.26,,,,,,0.0,,
2025-11-05 06:19:31+00:00,2025-11-05 06:19:31,,,,,,,,,,19.6612492,8.80156231,972.0,968.825012,12.2749996,,,13.64,0.0,10.26,,,,,,0.0,,
2025-11-05 06:19:32+00:00,2025-11-05 06:19:32,,,,,,,,,,19.6612492,8.80156231,972.0,968.825012,12.2749996,,,13.64,0.0,10.93,,,,,,0.0,,
2025-11-05 06:19:33+00:00,2025-11-05 06:19:33,,,,,,,,,,19.6612492,8.41093731,972.0,969.799988,11.9250002,,,13.64,0.0,10.93,,,,,,0.0,,
2025-11-05 06:19:34+00:00,2025-11-05 06:19:34,,,,,,,,,,19.6612492,8.2890625,972.0,969.799988,11.9624996,,,13.64,0.0,10.93,,,,,,0.0,,
2025-11-05 06:19:35+00:00,2025-11-05 06:19:35,18.0,20.0,20.0,18.0,18.0,11.697699857472625,304.0,BO_O2_RULE,"제어매트릭스 규칙 적용: NOX_LOW (3단계 롤백, 4단계에서 Hz 변화 없음)",19.6612492,8.2890625,972.0,968.987488,11.9624996,,,13.64,0.0,10.93,,,,,,0.0,,
2025-11-05 06:19:36+00:00,2025-11-05 06:19:36,,,,,,,,,,19.6612492,7.8921876,972.0,968.987488,11.4125004,,,13.64,0.0,10.93,,,,,,0.0,,
2025-11-05 06:19:37+00:00,2025-11-05 06:19:37,,,,,,,,,,19.6612492,7.8921876,972.0,968.987488,11.4125004,,,13.64,0.0,10.93,,,,,,0.0,,
2025-11-05 06:19:38+00:00,2025-11-05 06:19:38,,,,,,,,,,19.6612492,7.5703125,971.0,969.231262,11.4125004,,,13.64,0.0,10.93,,,,,,0.0,,
2025-11-05 06:19:39+00:00,2025-11-05 06:19:39,,,,,,,,,,19.6612492,7.5703125,971.0,969.231262,11.4125004,,,13.64,0.0,10.93,,,,,,0.0,,
2025-11-05 06:19:40+00:00,2025-11-05 06:19:40,18.0,21.0,21.0,18.0,18.0,11.506448821279083,304.0,BO_O2_RULE,"제어매트릭스 규칙 적용: NOX_LOW (3단계 롤백, 4단계에서 Hz 변화 없음)",19.6612492,7.21562481,971.0,968.256226,11.5249996,,,13.64,0.0,10.93,,,,,,0.0,,
2025-11-05 06:19:41+00:00,2025-11-05 06:19:41,,,,,,,,,,19.6612492,7.07343769,973.0,967.6875,11.6999998,,,13.64,0.0,10.93,,,,,,0.0,,
2025-11-05 06:19:42+00:00,2025-11-05 06:19:42,,,,,,,,,,19.6612492,7.07343769,973.0,968.174988,11.5500002,,,13.64,0.0,10.85,,,,,,0.0,,
2025-11-05 06:19:43+00:00,2025-11-05 06:19:43,,,,,,,,,,19.6612492,6.7874999,973.0,968.174988,11.5500002,,,13.64,0.0,10.85,,,,,,0.0,,
2025-11-05 06:19:44+00:00,2025-11-05 06:19:44,,,,,,,,,,19.6612492,6.7874999,973.0,968.174988,11.5500002,,,13.64,0.0,10.85,,,,,,0.0,,
2025-11-05 06:19:45+00:00,2025-11-05 06:19:45,18.0,22.0,22.0,18.0,18.0,11.434304935916005,304.0,BO_O2_RULE,"제어매트릭스 규칙 적용: NOX_LOW (3단계 롤백, 4단계에서 Hz 변화 없음)",19.6612492,6.6343751,973.0,968.09375,11.5625,,,13.64,0.0,10.85,,,,,,0.0,,
2025-11-05 06:19:46+00:00,2025-11-05 06:19:46,,,,,,,,,,19.6612492,6.6343751,973.0,968.09375,11.5625,,,13.64,0.0,10.85,,,,,,0.0,,
2025-11-05 06:19:47+00:00,2025-11-05 06:19:47,,,,,,,,,,19.6612492,6.4593749,972.0,967.28125,11.6125002,,,13.64,0.0,10.85,,,,,,0.0,,
2025-11-05 06:19:48+00:00,2025-11-05 06:19:48,,,,,,,,,,19.6612492,6.4593749,972.0,967.28125,11.6125002,,,13.64,0.0,10.85,,,,,,0.0,,
2025-11-05 06:19:49+00:00,2025-11-05 06:19:49,,,,,,,,,,19.6612492,6.33906269,973.0,966.143738,11.6750002,,,13.64,0.0,10.85,,,,,,0.0,,
2025-11-05 06:19:50+00:00,2025-11-05 06:19:50,18.0,23.0,23.0,18.0,18.0,10.761596645451576,304.0,BO_O2_RULE,"제어매트릭스 규칙 적용: NOX_LOW (3단계 롤백, 4단계에서 Hz 변화 없음)",19.6612492,6.33906269,973.0,966.143738,11.6750002,,,13.64,0.0,10.97,,,,,,0.0,,
2025-11-05 06:19:51+00:00,2025-11-05 06:19:51,,,,,,,,,,19.6612492,6.17656231,973.0,966.46875,11.7875004,,,13.64,0.0,10.97,,,,,,0.0,,
2025-11-05 06:19:52+00:00,2025-11-05 06:19:52,,,,,,,,,,19.6612492,6.17656231,973.0,966.46875,11.7875004,,,13.64,0.0,10.97,,,,,,0.0,,
2025-11-05 06:19:53+00:00,2025-11-05 06:19:53,,,,,,,,,,19.6612492,6.0687499,973.0,965.575012,11.7250004,,,13.64,0.0,10.97,,,,,,0.0,,
2025-11-05 06:19:54+00:00,2025-11-05 06:19:54,,,,,,,,,,19.6612492,6.0687499,973.0,965.575012,11.7250004,,,13.64,0.0,10.97,,,,,,0.0,,
2025-11-05 06:19:55+00:00,2025-11-05 06:19:55,18.0,23.0,23.0,18.0,18.0,10.117804459651186,304.0,BO_O2_RULE,"제어매트릭스 규칙 적용: NOX_LOW (3단계 롤백, 4단계에서 Hz 변화 없음)",19.6612492,5.96562481,972.0,965.65625,11.75,,,13.64,0.0,10.97,,,,,,0.0,,
2025-11-05 06:19:56+00:00,2025-11-05 06:19:56,,,,,,,,,,19.6612492,5.96562481,972.0,965.65625,11.75,,,13.64,0.0,10.97,,,,,,0.0,,
2025-11-05 06:19:57+00:00,2025-11-05 06:19:57,,,,,,,,,,19.6612492,5.80937481,973.0,965.575012,11.8249998,,,13.64,0.0,10.97,,,,,,0.0,,
2025-11-05 06:19:58+00:00,2025-11-05 06:19:58,,,,,,,,,,19.6612492,5.7484374,975.0,965.981262,11.4875002,,,13.64,0.0,10.97,,,,,,0.0,,
2025-11-05 06:19:59+00:00,2025-11-05 06:19:59,,,,,,,,,,19.6612492,5.7484374,975.0,965.981262,11.4875002,,,13.64,0.0,10.97,,,,,,0.0,,
2025-11-05 06:20:00+00:00,2025-11-05 06:20:00,18.0,23.0,23.0,18.0,18.0,9.97248441002077,304.0,BO_O2_RULE,"제어매트릭스 규칙 적용: NOX_LOW (3단계 롤백, 4단계에서 Hz 변화 없음)",19.6612492,5.51249981,975.0,965.981262,11.8000002,,3.0,13.64,0.0,11.31,,,,,,0.0,,
2025-11-05 06:20:01+00:00,2025-11-05 06:20:01,,,,,,,,,,19.6612492,5.51249981,975.0,965.981262,11.8000002,,,13.64,0.0,11.31,,,,,,0.0,,
2025-11-05 06:20:02+00:00,2025-11-05 06:20:02,,,,,,,,,,19.6612492,5.3687501,975.0,966.306274,11.8874998,,,13.64,0.0,11.31,,,,,,0.0,,
2025-11-05 06:20:03+00:00,2025-11-05 06:20:03,,,,,,,,,,19.6612492,5.2750001,974.0,965.493774,11.9499998,,,13.64,0.0,11.31,,,,,,0.0,,
2025-11-05 06:20:04+00:00,2025-11-05 06:20:04,,,,,,,,,,19.6612492,5.2750001,974.0,965.493774,11.9499998,,,13.64,0.0,11.31,,,,,,0.0,,
2025-11-05 06:20:05+00:00,2025-11-05 06:20:05,18.0,23.0,23.0,18.0,18.0,9.907815390844247,304.0,BO_O2_RULE,"제어매트릭스 규칙 적용: NOX_LOW (3단계 롤백, 4단계에서 Hz 변화 없음)",19.6612492,5.0765624,974.0,965.737488,11.7375002,,,13.64,0.0,11.31,,,,,,0.0,,
2025-11-05 06:20:06+00:00,2025-11-05 06:20:06,,,,,,,,,,19.6612492,4.94843769,975.0,965.900024,11.7624998,,,13.64,0.0,11.31,,,,,,0.0,,
2025-11-05 06:20:07+00:00,2025-11-05 06:20:07,,,,,,,,,,19.6612492,4.94843769,975.0,965.900024,11.7624998,,,13.64,0.0,11.31,,,,,,0.0,,
2025-11-05 06:20:08+00:00,2025-11-05 06:20:08,,,,,,,,,,19.6612492,4.6640625,975.0,965.575012,11.9125004,,,13.64,0.0,11.31,,,,,,0.0,,
2025-11-05 06:20:09+00:00,2025-11-05 06:20:09,,,,,,,,,,19.6612492,4.6640625,975.0,965.575012,11.9125004,,,13.64,0.0,11.31,,,,,,0.0,,
2025-11-05 06:20:10+00:00,2025-11-05 06:20:10,18.0,23.0,23.0,18.0,18.0,9.629696584300977,304.0,BO_O2_RULE,"제어매트릭스 규칙 적용: NOX_LOW (3단계 롤백, 4단계에서 Hz 변화 없음)",19.6612492,4.48124981,975.0,966.306274,11.75,,,13.64,0.0,11.31,,,,,,0.0,,
2025-11-05 06:20:11+00:00,2025-11-05 06:20:11,,,,,,,,,,19.6612492,4.48124981,975.0,966.306274,11.75,,,13.64,0.0,11.35,,,,,,0.0,,
2025-11-05 06:20:12+00:00,2025-11-05 06:20:12,,,,,,,,,,19.6612492,4.3296876,974.0,966.46875,12.1000004,,,13.64,0.0,11.35,,,,,,0.0,,
2025-11-05 06:20:13+00:00,2025-11-05 06:20:13,,,,,,,,,,19.6612492,4.21406269,974.0,966.46875,12.0874996,,,13.64,0.0,11.35,,,,,,0.0,,
2025-11-05 06:20:14+00:00,2025-11-05 06:20:14,,,,,,,,,,19.6612492,4.1234374,975.0,966.46875,12.0874996,,,13.64,0.0,11.35,,,,,,0.0,,
2025-11-05 06:20:15+00:00,2025-11-05 06:20:15,18.0,22.0,22.0,18.0,18.0,9.731338941181445,304.0,BO_O2_RULE,"제어매트릭스 규칙 적용: NOX_LOW (3단계 롤백, 4단계에서 Hz 변화 없음)",19.6612492,4.1234374,975.0,967.6875,12.6875,,,13.64,0.0,11.35,,,,,,0.0,,
2025-11-05 06:20:16+00:00,2025-11-05 06:20:16,,,,,,,,,,19.6612492,4.05000019,974.0,967.118774,12.3374996,,,13.64,0.0,11.35,,,,,,0.0,,
2025-11-05 06:20:17+00:00,2025-11-05 06:20:17,,,,,,,,,,19.6612492,4.05000019,974.0,967.118774,12.3374996,,,13.64,0.0,11.35,,,,,,0.0,,
2025-11-05 06:20:18+00:00,2025-11-05 06:20:18,,,,,,,,,,19.6612492,3.93437505,975.0,967.6875,12.3000002,,,13.64,0.0,11.35,,,,,,0.0,,
2025-11-05 06:20:19+00:00,2025-11-05 06:20:19,,,,,,,,,,19.6612492,3.95000005,975.0,968.174988,12.6125002,,,13.64,0.0,11.35,,,,,,0.0,,
2025-11-05 06:20:20+00:00,2025-11-05 06:20:20,18.0,21.0,21.0,18.0,18.0,9.604854744733798,304.0,BO_O2_RULE,"제어매트릭스 규칙 적용: NOX_LOW (3단계 롤백, 4단계에서 Hz 변화 없음)",19.6612492,3.95000005,975.0,968.174988,12.6125002,,,13.64,0.0,11.76,,,,,,0.0,,
2025-11-05 06:20:21+00:00,2025-11-05 06:20:21,,,,,,,,,,19.6612492,3.99531245,975.0,967.525024,12.6875,,,13.64,0.0,11.76,,,,,,0.0,,
2025-11-05 06:20:22+00:00,2025-11-05 06:20:22,,,,,,,,,,19.6612492,3.99531245,975.0,967.525024,12.6875,,,13.64,0.0,11.76,,,,,,0.0,,
2025-11-05 06:20:23+00:00,2025-11-05 06:20:23,,,,,,,,,,19.6612492,3.9937501,977.0,967.525024,12.6499996,,,13.64,0.0,11.76,,,,,,0.0,,
2025-11-05 06:20:24+00:00,2025-11-05 06:20:24,,,,,,,,,,19.6612492,3.9937501,977.0,967.6875,12.6499996,,,13.64,0.0,11.76,,,,,,0.0,,
2025-11-05 06:20:25+00:00,2025-11-05 06:20:25,18.0,18.0,18.0,18.0,18.0,9.633370725052425,100.0,BO_ONLY,"BO 모델 결과만 사용 (1단계 롤백, 2~4단계에서 Hz 변화 없음)",19.6612492,3.99531245,976.0,967.6875,13.0749998,,,13.64,0.0,11.76,,,,,,0.0,,
2025-11-05 06:20:26+00:00,2025-11-05 06:20:26,,,,,,,,,,19.6612492,3.99531245,976.0,968.987488,13.0749998,,,13.64,0.0,11.76,,,,,,0.0,,
2025-11-05 06:20:28+00:00,2025-11-05 06:20:28,,,,,,,,,,19.6612492,4.05000019,977.0,968.987488,13.0,,,13.64,0.0,11.76,,,,,,0.0,,
2025-11-05 06:20:29+00:00,2025-11-05 06:20:29,,,,,,,,,,19.6612492,3.97968745,977.0,968.825012,12.8625002,,,13.64,0.0,11.76,,,,,,0.0,,
2025-11-05 06:20:30+00:00,2025-11-05 06:20:30,18.0,18.0,18.0,18.0,18.0,9.381968603348298,100.0,BO_ONLY,"BO 모델 결과만 사용 (1단계 롤백, 2~4단계에서 Hz 변화 없음)",19.6612492,3.97968745,977.0,968.825012,12.8625002,,,13.64,0.0,11.76,,,,,,0.0,,
2025-11-05 06:20:31+00:00,2025-11-05 06:20:31,,,,,,,,,,19.6612492,4.05781269,975.0,968.90625,12.75,,,13.64,0.0,12.25,,,,,,0.0,,
2025-11-05 06:20:32+00:00,2025-11-05 06:20:32,,,,,,,,,,19.6612492,4.0718751,977.0,969.799988,12.8625002,,,13.64,0.0,12.25,,,,,,0.0,,
2025-11-05 06:20:33+00:00,2025-11-05 06:20:33,,,,,,,,,,19.6612492,4.0718751,977.0,969.799988,12.8625002,,,13.64,0.0,12.25,,,,,,0.0,,
2025-11-05 06:20:34+00:00,2025-11-05 06:20:34,,,,,,,,,,19.6612492,4.13593769,976.0,968.825012,13.0375004,,,13.64,0.0,12.25,,,,,,0.0,,
2025-11-05 06:20:35+00:00,2025-11-05 06:20:35,18.0,18.0,18.0,18.0,18.0,9.996561242432138,100.0,BO_ONLY,"BO 모델 결과만 사용 (1단계 롤백, 2~4단계에서 Hz 변화 없음)",19.6612492,4.12031269,977.0,969.962524,12.8000002,,,13.64,0.0,12.25,,,,,,0.0,,
2025-11-05 06:20:36+00:00,2025-11-05 06:20:36,,,,,,,,,,19.6612492,4.12031269,977.0,969.962524,12.8000002,,,13.64,0.0,12.25,,,,,,0.0,,
2025-11-05 06:20:37+00:00,2025-11-05 06:20:37,,,,,,,,,,19.6612492,4.07343769,976.0,969.637512,12.6374998,,,13.64,0.0,12.25,,,,,,0.0,,
2025-11-05 06:20:38+00:00,2025-11-05 06:20:38,,,,,,,,,,19.6612492,4.07343769,976.0,969.637512,12.6374998,,,13.64,0.0,12.25,,,,,,0.0,,
2025-11-05 06:20:39+00:00,2025-11-05 06:20:39,,,,,,,,,,19.6612492,4.14375019,978.0,968.825012,12.4750004,,,13.64,0.0,12.25,,,,,,0.0,,
2025-11-05 06:20:40+00:00,2025-11-05 06:20:40,18.0,21.0,21.0,18.0,18.0,10.532657565200731,304.0,BO_O2_RULE,"제어매트릭스 규칙 적용: NOX_LOW (3단계 롤백, 4단계에서 Hz 변화 없음)",19.6612492,4.0921874,977.0,968.825012,12.4624996,,,13.64,0.0,12.25,,,,,,0.0,,
2025-11-05 06:20:41+00:00,2025-11-05 06:20:41,,,,,,,,,,19.6612492,4.0921874,977.0,969.799988,12.4624996,,,13.64,0.0,12.25,,,,,,0.0,,
2025-11-05 06:20:42+00:00,2025-11-05 06:20:42,,,,,,,,,,19.6612492,4.1421876,978.0,969.799988,13.9250002,,,13.64,0.0,12.01,,,,,,0.0,,
2025-11-05 06:20:43+00:00,2025-11-05 06:20:43,,,,,,,,,,19.6612492,4.1421876,978.0,968.987488,13.9250002,,,13.64,0.0,12.01,,,,,,0.0,,
2025-11-05 06:20:44+00:00,2025-11-05 06:20:44,,,,,,,,,,19.6612492,4.15156269,978.0,969.3125,14.1000004,,,13.64,0.0,12.01,,,,,,0.0,,
2025-11-05 06:20:45+00:00,2025-11-05 06:20:45,18.0,21.0,21.0,18.0,18.0,10.873034679378389,304.0,BO_O2_RULE,"제어매트릭스 규칙 적용: NOX_LOW (3단계 롤백, 4단계에서 Hz 변화 없음)",19.6612492,4.15156269,978.0,969.3125,14.1000004,,,13.64,0.0,12.01,,,,,,0.0,,
2025-11-05 06:20:46+00:00,2025-11-05 06:20:46,,,,,,,,,,19.6612492,4.11250019,978.0,968.90625,12.9375,,,13.64,0.0,12.01,,,,,,0.0,,
2025-11-05 06:20:47+00:00,2025-11-05 06:20:47,,,,,,,,,,19.6612492,4.11250019,978.0,968.90625,12.9375,,,13.64,0.0,12.01,,,,,,0.0,,
2025-11-05 06:20:48+00:00,2025-11-05 06:20:48,,,,,,,,,,19.6612492,4.1234374,979.0,970.287476,12.7375002,,,13.64,0.0,12.01,,,,,,0.0,,
2025-11-05 06:20:49+00:00,2025-11-05 06:20:49,,,,,,,,,,19.6612492,4.06562519,980.0,970.612488,12.6125002,,,13.64,0.0,12.01,,,,,,0.0,,
2025-11-05 06:20:50+00:00,2025-11-05 06:20:50,18.0,21.0,21.0,18.0,18.0,11.131566463953538,304.0,BO_O2_RULE,"제어매트릭스 규칙 적용: NOX_LOW (3단계 롤백, 4단계에서 Hz 변화 없음)",19.6612492,4.06562519,980.0,970.612488,12.6125002,,,13.64,0.0,12.01,,,,,,0.0,,
2025-11-05 06:20:51+00:00,2025-11-05 06:20:51,,,,,,,,,,19.6612492,4.1421876,979.0,971.668762,12.4875002,,,13.64,0.0,12.01,,,,,,0.0,,
2025-11-05 06:20:52+00:00,2025-11-05 06:20:52,,,,,,,,,,19.6612492,4.05781269,980.0,972.075012,12.3000002,,,13.64,0.0,12.4,,,,,,0.0,,
2025-11-05 06:20:53+00:00,2025-11-05 06:20:53,,,,,,,,,,19.6612492,4.05781269,980.0,972.075012,12.3000002,,,13.64,0.0,12.4,,,,,,0.0,,
2025-11-05 06:20:54+00:00,2025-11-05 06:20:54,,,,,,,,,,19.6612492,4.0875001,979.0,972.075012,12.3249998,,,13.64,0.0,12.4,,,,,,0.0,,
2025-11-05 06:20:55+00:00,2025-11-05 06:20:55,18.0,18.0,18.0,18.0,18.0,11.212007314507657,100.0,BO_ONLY,"BO 모델 결과만 사용 (1단계 롤백, 2~4단계에서 Hz 변화 없음)",19.6612492,4.0843749,980.0,972.237488,12.3874998,,,13.64,0.0,12.4,,,,,,0.0,,
2025-11-05 06:20:56+00:00,2025-11-05 06:20:56,,,,,,,,,,19.6612492,4.0843749,980.0,972.237488,12.3874998,,,13.64,0.0,12.4,,,,,,0.0,,
2025-11-05 06:20:57+00:00,2025-11-05 06:20:57,,,,,,,,,,19.6612492,3.97187495,980.0,971.993774,11.8625002,,,13.64,0.0,12.4,,,,,,0.0,,
2025-11-05 06:20:58+00:00,2025-11-05 06:20:58,,,,,,,,,,19.6612492,3.97187495,980.0,971.993774,11.8625002,,,13.64,0.0,12.4,,,,,,0.0,,
2025-11-05 06:20:59+00:00,2025-11-05 06:20:59,,,,,,,,,,19.6612492,3.9156251,979.0,972.237488,11.9125004,,,13.64,0.0,12.4,,,,,,0.0,,
2025-11-05 06:21:00+00:00,2025-11-05 06:21:00,18.0,18.0,18.0,18.0,18.0,11.445079103437775,100.0,BO_ONLY,"BO 모델 결과만 사용 (1단계 롤백, 2~4단계에서 Hz 변화 없음)",19.6612492,3.9156251,979.0,972.237488,11.9125004,,3.0,13.64,0.0,12.4,,,,,,0.0,,
2025-11-05 06:21:01+00:00,2025-11-05 06:21:01,,,,,,,,,,19.6612492,3.92499995,979.0,972.237488,10.9250002,,,13.64,0.0,11.16,,,,,,0.0,,
2025-11-05 06:21:02+00:00,2025-11-05 06:21:02,,,,,,,,,,19.6612492,3.9046874,979.0,974.756226,10.6374998,,,13.64,0.0,11.16,,,,,,0.0,,
2025-11-05 06:21:03+00:00,2025-11-05 06:21:03,,,,,,,,,,19.6612492,3.9046874,979.0,974.756226,10.6374998,,,13.64,0.0,11.16,,,,,,0.0,,
2025-11-05 06:21:04+00:00,2025-11-05 06:21:04,,,,,,,,,,19.6612492,3.8687501,979.0,974.349976,10.9250002,,,13.64,0.0,11.16,,,,,,0.0,,
2025-11-05 06:21:05+00:00,2025-11-05 06:21:05,18.0,18.0,18.0,18.0,18.0,11.34314031337077,100.0,BO_ONLY,"BO 모델 결과만 사용 (1단계 롤백, 2~4단계에서 Hz 변화 없음)",19.6612492,3.8453126,980.0,976.21875,10.5124998,,,13.64,0.0,11.16,,,,,,0.0,,
2025-11-05 06:21:06+00:00,2025-11-05 06:21:06,,,,,,,,,,19.6612492,3.8453126,980.0,976.21875,10.5124998,,,13.64,0.0,11.16,,,,,,0.0,,
2025-11-05 06:21:07+00:00,2025-11-05 06:21:07,,,,,,,,,,19.6612492,3.76874995,980.0,976.299988,10.0500002,,,13.64,0.0,11.16,,,,,,0.0,,
2025-11-05 06:21:08+00:00,2025-11-05 06:21:08,,,,,,,,,,19.6612492,3.76874995,980.0,976.299988,10.0500002,,,13.64,0.0,11.16,,,,,,0.0,,
2025-11-05 06:21:09+00:00,2025-11-05 06:21:09,,,,,,,,,,19.6612492,3.7265625,978.0,975.40625,10.2875004,,,13.64,0.0,11.16,,,,,,0.0,,
2025-11-05 06:21:10+00:00,2025-11-05 06:21:10,18.0,18.0,18.0,18.0,18.0,11.28476656489259,100.0,BO_ONLY,"BO 모델 결과만 사용 (1단계 롤백, 2~4단계에서 Hz 변화 없음)",19.6612492,3.7265625,978.0,975.40625,10.2875004,,,13.64,0.0,11.16,,,,,,0.0,,
2025-11-05 06:21:11+00:00,2025-11-05 06:21:11,,,,,,,,,,19.6612492,3.7828126,979.0,975.650024,9.80000019,,,13.64,0.0,9.56,,,,,,0.0,,
2025-11-05 06:21:12+00:00,2025-11-05 06:21:12,,,,,,,,,,19.6612492,3.7828126,979.0,975.650024,9.80000019,,,13.64,0.0,9.56,,,,,,0.0,,
2025-11-05 06:21:13+00:00,2025-11-05 06:21:13,,,,,,,,,,19.6612492,3.8062501,980.0,975.243774,9.86250019,,,13.64,0.0,9.56,,,,,,0.0,,
2025-11-05 06:21:14+00:00,2025-11-05 06:21:14,,,,,,,,,,19.6612492,3.8187499,980.0,975.650024,9.97500038,,,13.64,0.0,9.56,,,,,,0.0,,
2025-11-05 06:21:15+00:00,2025-11-05 06:21:15,18.0,18.0,18.0,18.0,18.0,10.66429107452022,100.0,BO_ONLY,"BO 모델 결과만 사용 (1단계 롤백, 2~4단계에서 Hz 변화 없음)",19.6612492,3.8187499,980.0,975.650024,9.97500038,,,13.64,0.0,9.56,,,,,,0.0,,
2025-11-05 06:21:16+00:00,2025-11-05 06:21:16,,,,,,,,,,19.6612492,3.81562495,980.0,976.056274,9.32499981,,,13.64,0.0,9.56,,,,,,0.0,,
2025-11-05 06:21:17+00:00,2025-11-05 06:21:17,,,,,,,,,,19.6612492,3.81562495,980.0,976.056274,9.32499981,,,13.64,0.0,9.56,,,,,,0.0,,
2025-11-05 06:21:18+00:00,2025-11-05 06:21:18,,,,,,,,,,19.6612492,3.7734375,979.0,976.056274,9.26249981,,,13.64,0.0,9.56,,,,,,0.0,,
2025-11-05 06:21:19+00:00,2025-11-05 06:21:19,,,,,,,,,,19.6612492,3.7734375,979.0,976.056274,9.26249981,,,13.64,0.0,9.56,,,,,,0.0,,
2025-11-05 06:21:20+00:00,2025-11-05 06:21:20,18.0,18.0,18.0,18.0,18.0,11.057252339918712,100.0,BO_ONLY,"BO 모델 결과만 사용 (1단계 롤백, 2~4단계에서 Hz 변화 없음)",19.6612492,3.8499999,979.0,977.03125,9.38749981,,,13.64,0.0,9.56,,,,,,0.0,,
2025-11-05 06:21:21+00:00,2025-11-05 06:21:21,,,,,,,,,,19.6612492,3.8499999,979.0,977.03125,9.38749981,,,13.64,0.0,9.56,,,,,,0.0,,
2025-11-05 06:21:22+00:00,2025-11-05 06:21:22,,,,,,,,,,19.6612492,3.8578124,979.0,977.4375,9.73750019,,,13.64,0.0,8.7,,,,,,0.0,,
2025-11-05 06:21:23+00:00,2025-11-05 06:21:23,,,,,,,,,,19.6612492,3.9156251,980.0,978.493774,9.85000038,,,13.64,0.0,8.7,,,,,,0.0,,
2025-11-05 06:21:24+00:00,2025-11-05 06:21:24,,,,,,,,,,19.6612492,3.9703126,979.0,978.981262,10.2624998,,,13.64,0.0,8.7,,,,,,0.0,,
2025-11-05 06:21:25+00:00,2025-11-05 06:21:25,18.0,18.0,18.0,18.0,18.0,10.780226451431988,100.0,BO_ONLY,"BO 모델 결과만 사용 (1단계 롤백, 2~4단계에서 Hz 변화 없음)",19.6612492,4.00468731,979.0,978.25,9.875,,,13.64,0.0,8.7,,,,,,0.0,,
2025-11-05 06:21:26+00:00,2025-11-05 06:21:26,,,,,,,,,,19.6612492,4.00468731,979.0,978.25,9.875,,,13.64,0.0,8.7,,,,,,0.0,,
2025-11-05 06:21:27+00:00,2025-11-05 06:21:27,,,,,,,,,,19.6612492,3.95781255,980.0,980.362488,9.9375,,,13.64,0.0,8.7,,,,,,0.0,,
2025-11-05 06:21:28+00:00,2025-11-05 06:21:28,,,,,,,,,,19.6612492,4.0093751,979.0,979.956238,9.83749962,,,13.64,0.0,8.7,,,,,,0.0,,
2025-11-05 06:21:29+00:00,2025-11-05 06:21:29,,,,,,,,,,19.6612492,4.0093751,979.0,979.956238,9.83749962,,,13.64,0.0,8.7,,,,,,0.0,,
2025-11-05 06:21:30+00:00,2025-11-05 06:21:30,18.0,18.0,18.0,18.0,18.0,11.28187702874677,100.0,BO_ONLY,"BO 모델 결과만 사용 (1단계 롤백, 2~4단계에서 Hz 변화 없음)",19.6612492,4.0234375,980.0,979.956238,9.73750019,,,13.64,0.0,9.09,,,,,,0.0,,
2025-11-05 06:21:31+00:00,2025-11-05 06:21:31,,,,,,,,,,19.6612492,4.0234375,980.0,980.849976,9.73750019,,,13.64,0.0,9.09,,,,,,0.0,,
2025-11-05 06:21:32+00:00,2025-11-05 06:21:32,,,,,,,,,,19.6612492,4.0328126,979.0,980.849976,9.51249981,,,13.64,0.0,9.09,,,,,,0.0,,
2025-11-05 06:21:33+00:00,2025-11-05 06:21:33,,,,,,,,,,19.6612492,4.0,979.0,981.825012,9.77499962,,,13.64,0.0,9.09,,,,,,0.0,,
2025-11-05 06:21:34+00:00,2025-11-05 06:21:34,,,,,,,,,,19.6612492,4.0,979.0,981.825012,9.77499962,,,13.64,0.0,9.09,,,,,,0.0,,
2025-11-05 06:21:35+00:00,2025-11-05 06:21:35,18.0,18.0,18.0,18.0,18.0,10.692882203321343,100.0,BO_ONLY,"BO 모델 결과만 사용 (1단계 롤백, 2~4단계에서 Hz 변화 없음)",19.6612492,3.9937501,979.0,982.231262,9.125,,,13.64,0.0,9.09,,,,,,0.0,,
2025-11-05 06:21:36+00:00,2025-11-05 06:21:36,,,,,,,,,,19.6612492,3.9937501,979.0,982.556274,9.16250038,,,13.64,0.0,9.09,,,,,,0.0,,
2025-11-05 06:21:37+00:00,2025-11-05 06:21:37,,,,,,,,,,19.6612492,4.0234375,979.0,982.556274,9.16250038,,,13.64,0.0,9.09,,,,,,0.0,,
2025-11-05 06:21:38+00:00,2025-11-05 06:21:38,,,,,,,,,,19.6612492,4.0234375,979.0,982.556274,9.16250038,,,13.64,0.0,9.09,,,,,,0.0,,
2025-11-05 06:21:39+00:00,2025-11-05 06:21:39,,,,,,,,,,19.6612492,3.9312501,979.0,982.068726,9.19999981,,,13.64,0.0,9.09,,,,,,0.0,,
2025-11-05 06:21:40+00:00,2025-11-05 06:21:40,18.0,18.0,18.0,18.0,18.0,10.998681049037076,100.0,BO_ONLY,"BO 모델 결과만 사용 (1단계 롤백, 2~4단계에서 Hz 변화 없음)",19.6612492,3.9312501,979.0,982.068726,9.19999981,,,13.64,0.0,8.62,,,,,,0.0,,
2025-11-05 06:21:41+00:00,2025-11-05 06:21:41,,,,,,,,,,19.6612492,4.0015626,980.0,982.474976,9.58749962,,,13.64,0.0,8.62,,,,,,0.0,,
2025-11-05 06:21:42+00:00,2025-11-05 06:21:42,,,,,,,,,,19.6612492,4.0015626,980.0,982.474976,9.58749962,,,13.64,0.0,8.62,,,,,,0.0,,
2025-11-05 06:21:43+00:00,2025-11-05 06:21:43,,,,,,,,,,19.6612492,3.9203124,980.0,981.662476,9.64999962,,,13.64,0.0,8.62,,,,,,0.0,,
2025-11-05 06:21:44+00:00,2025-11-05 06:21:44,,,,,,,,,,19.6612492,3.96562505,980.0,981.581238,9.32499981,,,13.64,0.0,8.62,,,,,,0.0,,
2025-11-05 06:21:45+00:00,2025-11-05 06:21:45,18.0,18.0,18.0,18.0,18.0,11.01285221637906,100.0,BO_ONLY,"BO 모델 결과만 사용 (1단계 롤백, 2~4단계에서 Hz 변화 없음)",19.6612492,3.96562505,980.0,981.581238,9.32499981,,,13.64,0.0,8.62,,,,,,0.0,,
2025-11-05 06:21:46+00:00,2025-11-05 06:21:46,,,,,,,,,,19.6612492,3.96562505,980.0,982.556274,9.32499981,,,13.64,0.0,8.62,,,,,,0.0,,
2025-11-05 06:21:47+00:00,2025-11-05 06:21:47,,,,,,,,,,19.6612492,3.96562505,980.0,982.556274,9.32499981,,,13.64,0.0,8.62,,,,,,0.0,,
2025-11-05 06:21:48+00:00,2025-11-05 06:21:48,,,,,,,,,,19.6612492,3.88593745,980.0,984.262512,9.89999962,,,13.64,0.0,8.62,,,,,,0.0,,
2025-11-05 06:21:49+00:00,2025-11-05 06:21:49,,,,,,,,,,19.6612492,3.8765626,980.0,983.043762,9.53750038,,,13.64,0.0,8.62,,,,,,0.0,,
2025-11-05 06:21:50+00:00,2025-11-05 06:21:50,18.0,18.0,18.0,18.0,18.0,10.786094382588558,100.0,BO_ONLY,"BO 모델 결과만 사용 (1단계 롤백, 2~4단계에서 Hz 변화 없음)",19.6612492,3.8765626,980.0,983.043762,9.53750038,,,13.64,0.0,8.62,,,,,,0.0,,
2025-11-05 06:21:51+00:00,2025-11-05 06:21:51,,,,,,,,,,19.6612492,3.9312501,980.0,983.043762,9.30000019,,,13.64,0.0,8.86,,,,,,0.0,,
2025-11-05 06:21:52+00:00,2025-11-05 06:21:52,,,,,,,,,,19.6612492,3.9296875,979.0,984.262512,9.57499981,,,13.64,0.0,8.86,,,,,,0.0,,
2025-11-05 06:21:53+00:00,2025-11-05 06:21:53,,,,,,,,,,19.6612492,3.9296875,979.0,984.262512,9.57499981,,,13.64,0.0,8.86,,,,,,0.0,,
2025-11-05 06:21:54+00:00,2025-11-05 06:21:54,,,,,,,,,,19.6612492,3.92499995,980.0,984.75,9.27499962,,,13.64,0.0,8.86,,,,,,0.0,,
2025-11-05 06:21:55+00:00,2025-11-05 06:21:55,18.0,18.0,18.0,18.0,18.0,10.477988178582963,100.0,BO_ONLY,"BO 모델 결과만 사용 (1단계 롤백, 2~4단계에서 Hz 변화 없음)",19.6612492,3.92499995,980.0,984.75,9.27499962,,,13.64,0.0,8.86,,,,,,0.0,,
2025-11-05 06:21:56+00:00,2025-11-05 06:21:56,,,,,,,,,,19.6612492,3.97968745,980.0,985.481262,8.94999981,,,13.64,0.0,8.86,,,,,,0.0,,
2025-11-05 06:21:57+00:00,2025-11-05 06:21:57,,,,,,,,,,19.6612492,3.97968745,980.0,984.912476,9.0625,,,13.64,0.0,8.86,,,,,,0.0,,
2025-11-05 06:21:58+00:00,2025-11-05 06:21:58,,,,,,,,,,19.6612492,3.9703126,979.0,985.887512,9.19999981,,,13.64,0.0,8.86,,,,,,0.0,,
2025-11-05 06:21:59+00:00,2025-11-05 06:21:59,,,,,,,,,,19.6612492,3.9703126,979.0,985.887512,9.19999981,,,13.64,0.0,8.86,,,,,,0.0,,
2025-11-05 06:22:00+00:00,2025-11-05 06:22:00,18.0,18.0,18.0,18.0,18.0,10.203286555353221,100.0,BO_ONLY,"BO 모델 결과만 사용 (1단계 롤백, 2~4단계에서 Hz 변화 없음)",19.6612492,4.00468731,980.0,984.912476,9.33749962,,3.0,13.64,0.0,8.65,,,,,,0.0,,
2025-11-05 06:22:01+00:00,2025-11-05 06:22:01,,,,,,,,,,19.6612492,4.00468731,980.0,984.912476,9.33749962,,,13.64,0.0,8.65,,,,,,0.0,,
2025-11-05 06:22:02+00:00,2025-11-05 06:22:02,,,,,,,,,,19.6612492,3.9609375,980.0,984.993774,8.97500038,,,13.64,0.0,8.65,,,,,,0.0,,
2025-11-05 06:22:03+00:00,2025-11-05 06:22:03,,,,,,,,,,19.6612492,3.9609375,980.0,984.993774,8.97500038,,,13.64,0.0,8.65,,,,,,0.0,,
2025-11-05 06:22:04+00:00,2025-11-05 06:22:04,,,,,,,,,,19.6612492,4.0390625,981.0,987.106262,9.36250019,,,13.64,0.0,8.65,,,,,,0.0,,
2025-11-05 06:22:05+00:00,2025-11-05 06:22:05,18.0,18.0,18.0,18.0,18.0,9.884624387047616,100.0,BO_ONLY,"BO 모델 결과만 사용 (1단계 롤백, 2~4단계에서 Hz 변화 없음)",19.6612492,4.0390625,981.0,987.106262,9.36250019,,,13.64,0.0,8.65,,,,,,0.0,,
2025-11-05 06:22:06+00:00,2025-11-05 06:22:06,,,,,,,,,,19.6612492,4.0765624,981.0,986.862488,9.5,,,13.64,0.0,8.65,,,,,,0.0,,
2025-11-05 06:22:07+00:00,2025-11-05 06:22:07,,,,,,,,,,19.6612492,4.09843731,981.0,986.862488,9.625,,,13.64,0.0,8.65,,,,,,0.0,,
2025-11-05 06:22:09+00:00,2025-11-05 06:22:09,,,,,,,,,,19.6612492,4.11406231,982.0,986.943726,9.61250019,,,13.64,0.0,8.65,,,,,,0.0,,
2025-11-05 06:22:10+00:00,2025-11-05 06:22:10,18.0,18.0,18.0,18.0,18.0,10.146756614269785,100.0,BO_ONLY,"BO 모델 결과만 사용 (1단계 롤백, 2~4단계에서 Hz 변화 없음)",19.6612492,4.11406231,982.0,986.943726,9.61250019,,,13.64,0.0,8.65,,,,,,0.0,,
2025-11-05 06:22:11+00:00,2025-11-05 06:22:11,,,,,,,,,,19.6612492,4.0859375,981.0,988.40625,9.71249962,,,13.64,0.0,8.96,,,,,,0.0,,
2025-11-05 06:22:12+00:00,2025-11-05 06:22:12,,,,,,,,,,19.6612492,4.0859375,981.0,988.40625,9.71249962,,,13.64,0.0,8.96,,,,,,0.0,,
2025-11-05 06:22:13+00:00,2025-11-05 06:22:13,,,,,,,,,,19.6612492,4.12031269,982.0,989.381226,9.63749981,,,13.64,0.0,8.96,,,,,,0.0,,
2025-11-05 06:22:14+00:00,2025-11-05 06:22:14,,,,,,,,,,19.6612492,4.16874981,982.0,988.974976,9.58749962,,,13.64,0.0,8.96,,,,,,0.0,,
2025-11-05 06:22:15+00:00,2025-11-05 06:22:15,18.0,21.0,21.0,18.0,18.0,10.425565045865184,304.0,BO_O2_RULE,"제어매트릭스 규칙 적용: NOX_LOW (3단계 롤백, 4단계에서 Hz 변화 없음)",19.6612492,4.16874981,982.0,988.974976,9.58749962,,,13.64,0.0,8.96,,,,,,0.0,,
2025-11-05 06:22:16+00:00,2025-11-05 06:22:16,,,,,,,,,,19.6612492,4.1734376,981.0,989.462524,9.71249962,,,13.64,0.0,8.96,,,,,,0.0,,
2025-11-05 06:22:17+00:00,2025-11-05 06:22:17,,,,,,,,,,19.6612492,4.2171874,982.0,988.650024,9.57499981,,,13.64,0.0,8.96,,,,,,0.0,,
2025-11-05 06:22:18+00:00,2025-11-05 06:22:18,,,,,,,,,,19.6612492,4.2171874,982.0,988.650024,9.57499981,,,13.64,0.0,8.96,,,,,,0.0,,
2025-11-05 06:22:19+00:00,2025-11-05 06:22:19,,,,,,,,,,19.6612492,4.2671876,981.0,988.162476,9.52499962,,,13.64,0.0,8.96,,,,,,0.0,,
2025-11-05 06:22:20+00:00,2025-11-05 06:22:20,18.0,21.0,21.0,18.0,18.0,10.014651508865619,304.0,BO_O2_RULE,"제어매트릭스 규칙 적용: NOX_LOW (3단계 롤백, 4단계에서 Hz 변화 없음)",19.6612492,4.2671876,981.0,988.162476,9.52499962,,,13.64,0.0,8.96,,,,,,0.0,,
2025-11-05 06:22:21+00:00,2025-11-05 06:22:21,,,,,,,,,,19.6612492,4.3578124,981.0,989.381226,9.625,,,13.64,0.0,8.96,,,,,,0.0,,
2025-11-05 06:22:22+00:00,2025-11-05 06:22:22,,,,,,,,,,19.6612492,4.32343769,981.0,989.21875,9.72500038,,,13.64,0.0,8.96,,,,,,0.0,,
2025-11-05 06:22:23+00:00,2025-11-05 06:22:23,,,,,,,,,,19.6612492,4.37812519,981.0,988.650024,9.27499962,,,13.64,0.0,8.96,,,,,,0.0,,
2025-11-05 06:22:24+00:00,2025-11-05 06:22:24,,,,,,,,,,19.6612492,4.37812519,981.0,988.650024,9.27499962,,,13.64,0.0,8.96,,,,,,0.0,,
2025-11-05 06:22:25+00:00,2025-11-05 06:22:25,18.0,21.0,21.0,18.0,18.0,10.093522289558422,304.0,BO_O2_RULE,"제어매트릭스 규칙 적용: NOX_LOW (3단계 롤백, 4단계에서 Hz 변화 없음)",19.6612492,4.41718769,982.0,988.893738,9.67500019,,,13.64,0.0,8.96,,,,,,0.0,,
2025-11-05 06:22:26+00:00,2025-11-05 06:22:26,,,,,,,,,,19.6612492,4.41718769,982.0,988.893738,9.67500019,,,13.64,0.0,8.96,,,,,,0.0,,
2025-11-05 06:22:27+00:00,2025-11-05 06:22:27,,,,,,,,,,19.6612492,4.46875,981.0,988.40625,9.875,,,13.64,0.0,8.96,,,,,,0.0,,
2025-11-05 06:22:28+00:00,2025-11-05 06:22:28,,,,,,,,,,19.6612492,4.46875,981.0,988.40625,9.875,,,13.64,0.0,8.96,,,,,,0.0,,
2025-11-05 06:22:29+00:00,2025-11-05 06:22:29,,,,,,,,,,19.6612492,4.4281249,982.0,989.381226,9.83749962,,,13.64,0.0,8.96,,,,,,0.0,,
2025-11-05 06:22:30+00:00,2025-11-05 06:22:30,18.0,22.0,22.0,18.0,18.0,10.273060055915263,304.0,BO_O2_RULE,"제어매트릭스 규칙 적용: NOX_LOW (3단계 롤백, 4단계에서 Hz 변화 없음)",19.6612492,4.484375,981.0,988.40625,9.60000038,,,13.64,0.0,8.96,,,,,,0.0,,
2025-11-05 06:22:31+00:00,2025-11-05 06:22:31,,,,,,,,,,19.6612492,4.48906231,981.0,988.893738,9.86250019,,,13.64,0.0,8.96,,,,,,0.0,,
2025-11-05 06:22:32+00:00,2025-11-05 06:22:32,,,,,,,,,,19.6612492,4.48906231,981.0,988.893738,9.86250019,,,13.64,0.0,9.34,,,,,,0.0,,
2025-11-05 06:22:33+00:00,2025-11-05 06:22:33,,,,,,,,,,19.6612492,4.5374999,981.0,988.243774,9.8125,,,13.64,0.0,9.34,,,,,,0.0,,
2025-11-05 06:22:34+00:00,2025-11-05 06:22:34,,,,,,,,,,19.6612492,4.5374999,981.0,988.243774,9.8125,,,13.64,0.0,9.34,,,,,,0.0,,
2025-11-05 06:22:35+00:00,2025-11-05 06:22:35,18.0,22.0,22.0,18.0,18.0,10.372752769579952,304.0,BO_O2_RULE,"제어매트릭스 규칙 적용: NOX_LOW (3단계 롤백, 4단계에서 Hz 변화 없음)",19.6612492,4.6078124,981.0,989.299988,9.6875,,,13.64,0.0,9.34,,,,,,0.0,,
2025-11-05 06:22:36+00:00,2025-11-05 06:22:36,,,,,,,,,,19.6612492,4.6546874,981.0,989.381226,9.80000019,,,13.64,0.0,9.34,,,,,,0.0,,
2025-11-05 06:22:37+00:00,2025-11-05 06:22:37,,,,,,,,,,19.6612492,4.6546874,981.0,989.381226,9.80000019,,,13.64,0.0,9.34,,,,,,0.0,,
2025-11-05 06:22:38+00:00,2025-11-05 06:22:38,,,,,,,,,,19.6612492,4.64375019,981.0,988.40625,10.0625,,,13.64,0.0,9.34,,,,,,0.0,,
2025-11-05 06:22:39+00:00,2025-11-05 06:22:39,,,,,,,,,,19.6612492,4.64375019,981.0,988.40625,10.0625,,,13.64,0.0,9.34,,,,,,0.0,,
2025-11-05 06:22:40+00:00,2025-11-05 06:22:40,18.0,22.0,22.0,18.0,18.0,10.363952576280033,304.0,BO_O2_RULE,"제어매트릭스 규칙 적용: NOX_LOW (3단계 롤백, 4단계에서 Hz 변화 없음)",19.6612492,4.7734375,981.0,989.706238,9.71249962,,,13.64,0.0,9.34,,,,,,0.0,,
2025-11-05 06:22:41+00:00,2025-11-05 06:22:41,,,,,,,,,,19.6612492,4.71406269,982.0,990.762512,10.0625,,,13.64,0.0,9.34,,,,,,0.0,,
2025-11-05 06:22:42+00:00,2025-11-05 06:22:42,,,,,,,,,,19.6612492,4.71406269,982.0,990.762512,10.0625,,,13.64,0.0,9.34,,,,,,0.0,,
2025-11-05 06:22:43+00:00,2025-11-05 06:22:43,,,,,,,,,,19.6612492,4.87031269,981.0,989.787476,9.94999981,,,13.64,0.0,9.34,,,,,,0.0,,
2025-11-05 06:22:44+00:00,2025-11-05 06:22:44,,,,,,,,,,19.6612492,4.8765626,981.0,989.868774,9.69999981,,,13.64,0.0,9.34,,,,,,0.0,,
2025-11-05 06:22:45+00:00,2025-11-05 06:22:45,18.0,22.0,22.0,18.0,18.0,10.190661698001717,304.0,BO_O2_RULE,"제어매트릭스 규칙 적용: NOX_LOW (3단계 롤백, 4단계에서 Hz 변화 없음)",19.6612492,4.8765626,981.0,989.868774,9.69999981,,,13.64,0.0,9.34,,,,,,0.0,,
2025-11-05 06:22:46+00:00,2025-11-05 06:22:46,,,,,,,,,,19.6612492,4.95625019,980.0,989.868774,10.2375002,,,13.64,0.0,9.34,,,,,,0.0,,
2025-11-05 06:22:47+00:00,2025-11-05 06:22:47,,,,,,,,,,19.6612492,4.95625019,980.0,990.924988,10.2375002,,,13.64,0.0,9.34,,,,,,0.0,,
2025-11-05 06:22:48+00:00,2025-11-05 06:22:48,,,,,,,,,,19.6612492,5.046875,979.0,990.924988,10.25,,,13.64,0.0,9.34,,,,,,0.0,,
2025-11-05 06:22:49+00:00,2025-11-05 06:22:49,,,,,,,,,,19.6612492,5.046875,979.0,990.762512,10.25,,,13.64,0.0,9.34,,,,,,0.0,,
2025-11-05 06:22:50+00:00,2025-11-05 06:22:50,18.0,23.0,23.0,18.0,18.0,10.36709513319259,304.0,BO_O2_RULE,"제어매트릭스 규칙 적용: NOX_LOW (3단계 롤백, 4단계에서 Hz 변화 없음)",19.6612492,5.1265626,981.0,990.762512,10.5249996,,,13.64,0.0,9.34,,,,,,0.0,,
2025-11-05 06:22:51+00:00,2025-11-05 06:22:51,,,,,,,,,,19.6612492,5.109375,979.0,991.006226,10.6000004,,,13.64,0.0,9.34,,,,,,0.0,,
2025-11-05 06:22:52+00:00,2025-11-05 06:22:52,,,,,,,,,,19.6612492,5.109375,979.0,991.006226,10.6000004,,,13.64,0.0,9.75,,,,,,0.0,,
2025-11-05 06:22:53+00:00,2025-11-05 06:22:53,,,,,,,,,,19.6612492,5.1500001,979.0,990.599976,10.5375004,,,13.64,0.0,9.75,,,,,,0.0,,
2025-11-05 06:22:54+00:00,2025-11-05 06:22:54,,,,,,,,,,19.6612492,5.1500001,979.0,990.599976,10.5375004,,,13.64,0.0,9.75,,,,,,0.0,,
2025-11-05 06:22:55+00:00,2025-11-05 06:22:55,18.0,23.0,23.0,18.0,18.0,10.747828498814265,304.0,BO_O2_RULE,"제어매트릭스 규칙 적용: NOX_LOW (3단계 롤백, 4단계에서 Hz 변화 없음)",19.6612492,5.2984376,980.0,990.356262,10.7624998,,,13.64,0.0,9.75,,,,,,0.0,,
2025-11-05 06:22:56+00:00,2025-11-05 06:22:56,,,,,,,,,,19.6612492,5.3453126,980.0,990.193726,10.8999996,,,13.64,0.0,9.75,,,,,,0.0,,
2025-11-05 06:22:57+00:00,2025-11-05 06:22:57,,,,,,,,,,19.6612492,5.33906269,980.0,988.325012,10.75,,,13.64,0.0,9.75,,,,,,0.0,,
2025-11-05 06:22:58+00:00,2025-11-05 06:22:58,,,,,,,,,,19.6612492,5.33906269,980.0,988.325012,10.75,,,13.64,0.0,9.75,,,,,,0.0,,
2025-11-05 06:22:59+00:00,2025-11-05 06:22:59,,,,,,,,,,19.6612492,5.4203124,980.0,988.40625,10.7375002,,,13.64,0.0,9.75,,,,,,0.0,,
2025-11-05 06:23:00+00:00,2025-11-05 06:23:00,18.0,23.0,23.0,18.0,18.0,10.940201868222099,304.0,BO_O2_RULE,"제어매트릭스 규칙 적용: NOX_LOW (3단계 롤백, 4단계에서 Hz 변화 없음)",19.6612492,5.36406231,980.0,988.243774,10.8625002,,3.0,13.64,0.0,9.75,,,,,,0.0,,
2025-11-05 06:23:01+00:00,2025-11-05 06:23:01,,,,,,,,,,19.6612492,5.36406231,980.0,988.243774,10.8625002,,,13.64,0.0,9.75,,,,,,0.0,,
2025-11-05 06:23:02+00:00,2025-11-05 06:23:02,,,,,,,,,,19.6612492,5.56562519,980.0,988.162476,10.8500004,,,13.64,0.0,10.18,,,,,,0.0,,
2025-11-05 06:23:03+00:00,2025-11-05 06:23:03,,,,,,,,,,19.6612492,5.56562519,980.0,988.162476,10.8500004,,,13.64,0.0,10.18,,,,,,0.0,,
2025-11-05 06:23:04+00:00,2025-11-05 06:23:04,,,,,,,,,,19.6612492,5.62812519,979.0,988.243774,10.7124996,,,13.64,0.0,10.18,,,,,,0.0,,
2025-11-05 06:23:05+00:00,2025-11-05 06:23:05,18.0,23.0,23.0,18.0,18.0,11.160380596957046,304.0,BO_O2_RULE,"제어매트릭스 규칙 적용: NOX_LOW (3단계 롤백, 4단계에서 Hz 변화 없음)",19.6612492,5.62812519,979.0,988.243774,10.7124996,,,13.64,0.0,10.18,,,,,,0.0,,
2025-11-05 06:23:06+00:00,2025-11-05 06:23:06,,,,,,,,,,19.6612492,5.69062519,979.0,988.8125,10.7124996,,,13.64,0.0,10.18,,,,,,0.0,,
2025-11-05 06:23:07+00:00,2025-11-05 06:23:07,,,,,,,,,,19.6612492,5.69062519,979.0,988.8125,10.7124996,,,13.64,0.0,10.18,,,,,,0.0,,
2025-11-05 06:23:08+00:00,2025-11-05 06:23:08,,,,,,,,,,19.6612492,5.74687481,979.0,988.8125,10.7250004,,,13.64,0.0,10.18,,,,,,0.0,,
2025-11-05 06:23:09+00:00,2025-11-05 06:23:09,,,,,,,,,,19.6612492,5.74687481,979.0,988.8125,10.7250004,,,13.64,0.0,10.18,,,,,,0.0,,
2025-11-05 06:23:10+00:00,2025-11-05 06:23:10,18.0,24.0,24.0,18.0,18.0,11.176440388189878,304.0,BO_O2_RULE,"제어매트릭스 규칙 적용: NOX_LOW (3단계 롤백, 4단계에서 Hz 변화 없음)",19.6612492,5.84843731,980.0,988.40625,10.3500004,,,13.64,0.0,9.86,,,,,,0.0,,
2025-11-05 06:23:11+00:00,2025-11-05 06:23:11,,,,,,,,,,19.6612492,5.9140625,979.0,989.21875,10.3625002,,,13.64,0.0,9.86,,,,,,0.0,,
2025-11-05 06:23:12+00:00,2025-11-05 06:23:12,,,,,,,,,,19.6612492,5.9140625,979.0,989.21875,10.3625002,,,13.64,0.0,9.86,,,,,,0.0,,
2025-11-05 06:23:13+00:00,2025-11-05 06:23:13,,,,,,,,,,19.6612492,5.9625001,980.0,988.487488,10.4499998,,,13.64,0.0,9.86,,,,,,0.0,,
2025-11-05 06:23:14+00:00,2025-11-05 06:23:14,,,,,,,,,,19.6612492,5.9625001,980.0,988.487488,10.4499998,,,13.64,0.0,9.86,,,,,,0.0,,
2025-11-05 06:23:15+00:00,2025-11-05 06:23:15,18.0,24.0,24.0,18.0,18.0,11.224063569816563,304.0,BO_O2_RULE,"제어매트릭스 규칙 적용: NOX_LOW (3단계 롤백, 4단계에서 Hz 변화 없음)",19.6612492,6.0453124,980.0,989.299988,10.4499998,,,13.64,0.0,9.86,,,,,,0.0,,
2025-11-05 06:23:16+00:00,2025-11-05 06:23:16,,,,,,,,,,19.6612492,6.0453124,980.0,989.299988,10.4499998,,,13.64,0.0,9.86,,,,,,0.0,,
2025-11-05 06:23:17+00:00,2025-11-05 06:23:17,,,,,,,,,,19.6612492,6.1156249,979.0,989.137512,10.5375004,,,13.64,0.0,9.86,,,,,,0.0,,
2025-11-05 06:23:18+00:00,2025-11-05 06:23:18,,,,,,,,,,19.6612492,6.1015625,978.0,988.243774,10.2124996,,,13.64,0.0,9.86,,,,,,0.0,,
2025-11-05 06:23:19+00:00,2025-11-05 06:23:19,,,,,,,,,,19.6612492,6.19843769,977.0,989.462524,10.375,,,13.64,0.0,9.86,,,,,,0.0,,
2025-11-05 06:23:20+00:00,2025-11-05 06:23:20,18.0,23.0,23.0,18.0,18.0,11.683431044058668,304.0,BO_O2_RULE,"제어매트릭스 규칙 적용: NOX_LOW (3단계 롤백, 4단계에서 Hz 변화 없음)",19.6612492,6.19843769,977.0,989.462524,10.375,,,13.64,0.0,9.74,,,,,,0.0,,
2025-11-05 06:23:21+00:00,2025-11-05 06:23:21,,,,,,,,,,19.6612492,6.265625,978.0,989.299988,10.3625002,,,13.64,0.0,9.74,,,,,,0.0,,
2025-11-05 06:23:22+00:00,2025-11-05 06:23:22,,,,,,,,,,19.6612492,6.265625,978.0,989.299988,10.3625002,,,13.64,0.0,9.74,,,,,,0.0,,
2025-11-05 06:23:23+00:00,2025-11-05 06:23:23,,,,,,,,,,19.6612492,6.4046874,977.0,989.21875,10.6499996,,,13.64,0.0,9.74,,,,,,0.0,,
2025-11-05 06:23:24+00:00,2025-11-05 06:23:24,,,,,,,,,,19.6612492,6.4046874,977.0,989.21875,10.6499996,,,13.64,0.0,9.74,,,,,,0.0,,
2025-11-05 06:23:25+00:00,2025-11-05 06:23:25,18.0,23.0,23.0,18.0,18.0,11.400394861914913,304.0,BO_O2_RULE,"제어매트릭스 규칙 적용: NOX_LOW (3단계 롤백, 4단계에서 Hz 변화 없음)",19.6612492,6.4671874,977.0,988.568726,10.6999998,,,13.64,0.0,9.74,,,,,,0.0,,
2025-11-05 06:23:26+00:00,2025-11-05 06:23:26,,,,,,,,,,19.6612492,6.5296874,976.0,987.756226,10.6374998,,,13.64,0.0,9.74,,,,,,0.0,,
2025-11-05 06:23:27+00:00,2025-11-05 06:23:27,,,,,,,,,,19.6612492,6.5296874,976.0,987.756226,10.6374998,,,13.64,0.0,9.74,,,,,,0.0,,
2025-11-05 06:23:28+00:00,2025-11-05 06:23:28,,,,,,,,,,19.6612492,6.58906269,976.0,987.756226,10.4125004,,,13.64,0.0,9.74,,,,,,0.0,,
2025-11-05 06:23:29+00:00,2025-11-05 06:23:29,,,,,,,,,,19.6612492,6.6484375,976.0,987.512512,10.6374998,,,13.64,0.0,9.74,,,,,,0.0,,
2025-11-05 06:23:30+00:00,2025-11-05 06:23:30,18.0,23.0,23.0,18.0,18.0,11.74115090965894,304.0,BO_O2_RULE,"제어매트릭스 규칙 적용: NOX_LOW (3단계 롤백, 4단계에서 Hz 변화 없음)",19.6612492,6.6484375,976.0,987.512512,10.6374998,,,13.64,0.0,9.74,,,,,,0.0,,
2025-11-05 06:23:31+00:00,2025-11-05 06:23:31,,,,,,,,,,19.6612492,6.671875,976.0,985.400024,10.5375004,,,13.64,0.0,9.92,,,,,,0.0,,
2025-11-05 06:23:32+00:00,2025-11-05 06:23:32,,,,,,,,,,19.6612492,6.671875,976.0,984.587524,10.5625,,,13.64,0.0,9.92,,,,,,0.0,,
2025-11-05 06:23:33+00:00,2025-11-05 06:23:33,,,,,,,,,,19.6612492,6.75,977.0,985.481262,10.5874996,,,13.64,0.0,9.92,,,,,,0.0,,
2025-11-05 06:23:34+00:00,2025-11-05 06:23:34,,,,,,,,,,19.6612492,6.84843731,976.0,985.481262,10.5874996,,,13.64,0.0,9.92,,,,,,0.0,,
2025-11-05 06:23:35+00:00,2025-11-05 06:23:35,18.0,23.0,23.0,18.0,18.0,11.73017141543711,304.0,BO_O2_RULE,"제어매트릭스 규칙 적용: NOX_LOW (3단계 롤백, 4단계에서 Hz 변화 없음)",19.6612492,6.84843731,976.0,985.481262,10.5874996,,,13.64,0.0,9.92,,,,,,0.0,,
2025-11-05 06:23:36+00:00,2025-11-05 06:23:36,,,,,,,,,,19.6612492,6.859375,976.0,984.993774,10.9875002,,,13.64,0.0,9.92,,,,,,0.0,,
2025-11-05 06:23:37+00:00,2025-11-05 06:23:37,,,,,,,,,,19.6612492,6.859375,976.0,984.993774,10.9875002,,,13.64,0.0,9.92,,,,,,0.0,,
2025-11-05 06:23:38+00:00,2025-11-05 06:23:38,,,,,,,,,,19.6612492,6.9781251,977.0,984.668762,10.75,,,13.64,0.0,9.92,,,,,,0.0,,
2025-11-05 06:23:39+00:00,2025-11-05 06:23:39,,,,,,,,,,19.6612492,6.9781251,977.0,984.668762,10.75,,,13.64,0.0,9.92,,,,,,0.0,,
2025-11-05 06:23:40+00:00,2025-11-05 06:23:40,18.0,23.0,23.0,18.0,18.0,11.883903403848866,304.0,BO_O2_RULE,"제어매트릭스 규칙 적용: NOX_LOW (3단계 롤백, 4단계에서 Hz 변화 없음)",19.6612492,7.03125,974.0,984.993774,10.8999996,,,13.64,0.0,9.92,,,,,,0.0,,
2025-11-05 06:23:41+00:00,2025-11-05 06:23:41,,,,,,,,,,19.6612492,7.0921874,974.0,984.75,10.4750004,,,13.64,0.0,10.15,,,,,,0.0,,
2025-11-05 06:23:42+00:00,2025-11-05 06:23:42,,,,,,,,,,19.6612492,7.0921874,974.0,984.75,10.4750004,,,13.64,0.0,10.15,,,,,,0.0,,
2025-11-05 06:23:43+00:00,2025-11-05 06:23:43,,,,,,,,,,19.6612492,7.23750019,974.0,983.53125,10.6999998,,,13.64,0.0,10.15,,,,,,0.0,,
2025-11-05 06:23:44+00:00,2025-11-05 06:23:44,,,,,,,,,,19.6612492,7.28593731,975.0,983.368774,11.0874996,,,13.64,0.0,10.15,,,,,,0.0,,
2025-11-05 06:23:45+00:00,2025-11-05 06:23:45,18.0,23.0,23.0,18.0,18.0,11.791031624308589,304.0,BO_O2_RULE,"제어매트릭스 규칙 적용: NOX_LOW (3단계 롤백, 4단계에서 Hz 변화 없음)",19.6612492,7.28593731,975.0,983.368774,11.0874996,,,13.64,0.0,10.15,,,,,,0.0,,
2025-11-05 06:23:46+00:00,2025-11-05 06:23:46,,,,,,,,,,19.6612492,7.3359375,975.0,983.287476,10.25,,,13.64,0.0,10.15,,,,,,0.0,,
2025-11-05 06:23:47+00:00,2025-11-05 06:23:47,,,,,,,,,,19.6612492,7.3359375,975.0,983.287476,10.25,,,13.64,0.0,10.15,,,,,,0.0,,
2025-11-05 06:23:49+00:00,2025-11-05 06:23:49,,,,,,,,,,19.6612492,7.4468751,974.0,981.825012,10.1374998,,,13.64,0.0,10.15,,,,,,0.0,,
2025-11-05 06:23:50+00:00,2025-11-05 06:23:50,18.0,22.0,22.0,18.0,18.0,11.811537406083435,304.0,BO_O2_RULE,"제어매트릭스 규칙 적용: NOX_LOW (3단계 롤백, 4단계에서 Hz 변화 없음)",19.6612492,7.4468751,974.0,981.825012,10.1374998,,,13.64,0.0,10.15,,,,,,0.0,,
2025-11-05 06:23:51+00:00,2025-11-05 06:23:51,,,,,,,,,,19.6612492,7.43437481,975.0,982.3125,10.5749998,,,13.64,0.0,9.71,,,,,,0.0,,
2025-11-05 06:23:52+00:00,2025-11-05 06:23:52,,,,,,,,,,19.6612492,7.43437481,975.0,982.3125,10.5749998,,,13.64,0.0,9.71,,,,,,0.0,,
2025-11-05 06:23:53+00:00,2025-11-05 06:23:53,,,,,,,,,,19.6612492,7.51093769,974.0,981.662476,10.4125004,,,13.64,0.0,9.71,,,,,,0.0,,
2025-11-05 06:23:54+00:00,2025-11-05 06:23:54,,,,,,,,,,19.6612492,7.51093769,974.0,981.662476,10.4125004,,,13.64,0.0,9.71,,,,,,0.0,,
2025-11-05 06:23:55+00:00,2025-11-05 06:23:55,18.0,22.0,22.0,18.0,18.0,11.637487201279463,304.0,BO_O2_RULE,"제어매트릭스 규칙 적용: NOX_LOW (3단계 롤백, 4단계에서 Hz 변화 없음)",19.6612492,7.64531231,974.0,981.825012,10.1125002,,,13.64,0.0,9.71,,,,,,0.0,,
2025-11-05 06:23:56+00:00,2025-11-05 06:23:56,,,,,,,,,,19.6612492,7.64531231,974.0,981.825012,10.1125002,,,13.64,0.0,9.71,,,,,,0.0,,
2025-11-05 06:23:57+00:00,2025-11-05 06:23:57,,,,,,,,,,19.6612492,7.67500019,975.0,982.150024,10.4250002,,,13.64,0.0,9.71,,,,,,0.0,,
2025-11-05 06:23:58+00:00,2025-11-05 06:23:58,,,,,,,,,,19.6612492,7.67500019,975.0,982.150024,10.4250002,,,13.64,0.0,9.71,,,,,,0.0,,
2025-11-05 06:23:59+00:00,2025-11-05 06:23:59,,,,,,,,,,19.6612492,7.7125001,974.0,982.71875,10.8999996,,,13.64,0.0,9.71,,,,,,0.0,,
2025-11-05 06:24:00+00:00,2025-11-05 06:24:00,18.0,22.0,22.0,18.0,18.0,11.690512465361422,304.0,BO_O2_RULE,"제어매트릭스 규칙 적용: NOX_LOW (3단계 롤백, 4단계에서 Hz 변화 없음)",19.6612492,7.7125001,974.0,982.71875,10.8999996,,3.0,13.64,0.0,9.71,,,,,,0.0,,
2025-11-05 06:24:01+00:00,2025-11-05 06:24:01,,,,,,,,,,19.6612492,7.77656269,975.0,979.956238,10.7124996,,,13.64,0.0,9.84,,,,,,0.0,,
2025-11-05 06:24:02+00:00,2025-11-05 06:24:02,,,,,,,,,,19.6612492,7.77656269,975.0,979.956238,10.7124996,,,13.64,0.0,9.84,,,,,,0.0,,
2025-11-05 06:24:03+00:00,2025-11-05 06:24:03,,,,,,,,,,19.6612492,7.8656249,974.0,980.525024,10.7250004,,,13.64,0.0,9.84,,,,,,0.0,,
2025-11-05 06:24:04+00:00,2025-11-05 06:24:04,,,,,,,,,,19.6612492,7.8656249,974.0,980.525024,10.7250004,,,13.64,0.0,9.84,,,,,,0.0,,
2025-11-05 06:24:05+00:00,2025-11-05 06:24:05,22.0,22.0,22.0,22.0,22.0,12.02165698519573,100.0,BO_ONLY,"BO 모델 결과만 사용 (1단계 롤백, 2~4단계에서 Hz 변화 없음)",19.6612492,8.02812481,973.0,980.525024,10.6374998,,,13.64,0.0,9.84,,,,,,0.0,,
2025-11-05 06:24:06+00:00,2025-11-05 06:24:06,,,,,,,,,,19.6612492,8.02812481,973.0,980.525024,10.6374998,,,13.64,0.0,9.84,,,,,,0.0,,
2025-11-05 06:24:07+00:00,2025-11-05 06:24:07,,,,,,,,,,19.6612492,8.00312519,974.0,976.950012,10.8874998,,,13.64,0.0,9.84,,,,,,0.0,,
2025-11-05 06:24:08+00:00,2025-11-05 06:24:08,,,,,,,,,,19.6612492,8.00312519,974.0,976.950012,10.8874998,,,13.64,0.0,9.84,,,,,,0.0,,
2025-11-05 06:24:09+00:00,2025-11-05 06:24:09,,,,,,,,,,19.6612492,8.03125,974.0,977.762512,10.875,,,13.64,0.0,9.84,,,,,,0.0,,
2025-11-05 06:24:10+00:00,2025-11-05 06:24:10,22.0,22.0,22.0,22.0,22.0,12.02165698519573,100.0,BO_ONLY,"BO 모델 결과만 사용 (1단계 롤백, 2~4단계에서 Hz 변화 없음)",19.6612492,8.03125,974.0,977.762512,10.875,,,13.64,0.0,9.84,,,,,,0.0,,
2025-11-05 06:24:11+00:00,2025-11-05 06:24:11,,,,,,,,,,19.6612492,8.09062481,973.0,976.056274,9.97500038,,,13.64,0.0,9.84,,,,,,0.0,,
2025-11-05 06:24:12+00:00,2025-11-05 06:24:12,,,,,,,,,,19.6612492,8.09062481,973.0,976.056274,9.97500038,,,13.64,0.0,10.21,,,,,,0.0,,
2025-11-05 06:24:13+00:00,2025-11-05 06:24:13,,,,,,,,,,19.6612492,8.13125038,974.0,975.8125,10.2375002,,,13.64,0.0,10.21,,,,,,0.0,,
2025-11-05 06:24:14+00:00,2025-11-05 06:24:14,,,,,,,,,,19.6612492,8.13125038,974.0,975.8125,10.2375002,,,13.64,0.0,10.21,,,,,,0.0,,
2025-11-05 06:24:15+00:00,2025-11-05 06:24:15,18.0,21.0,21.0,18.0,18.0,11.26278375075432,304.0,BO_O2_RULE,"제어매트릭스 규칙 적용: NOX_LOW (3단계 롤백, 4단계에서 Hz 변화 없음)",19.6612492,8.19843769,974.0,975.8125,10.2624998,,,13.64,0.0,10.21,,,,,,0.0,,
2025-11-05 06:24:16+00:00,2025-11-05 06:24:16,,,,,,,,,,19.6612492,8.1875,973.0,975.325012,10.1374998,,,13.64,0.0,10.21,,,,,,0.0,,
2025-11-05 06:24:17+00:00,2025-11-05 06:24:17,,,,,,,,,,19.6612492,8.1875,973.0,975.325012,10.1374998,,,13.64,0.0,10.21,,,,,,0.0,,
2025-11-05 06:24:18+00:00,2025-11-05 06:24:18,,,,,,,,,,19.6612492,8.20781231,973.0,975.8125,10.4499998,,,13.64,0.0,10.21,,,,,,0.0,,
2025-11-05 06:24:19+00:00,2025-11-05 06:24:19,,,,,,,,,,19.6612492,8.20781231,973.0,975.8125,10.4499998,,,13.64,0.0,10.21,,,,,,0.0,,
2025-11-05 06:24:20+00:00,2025-11-05 06:24:20,18.0,21.0,21.0,18.0,18.0,11.15136928002262,304.0,BO_O2_RULE,"제어매트릭스 규칙 적용: NOX_LOW (3단계 롤백, 4단계에서 Hz 변화 없음)",19.6612492,8.31875038,973.0,974.837524,10.4499998,,,13.64,0.0,10.21,,,,,,0.0,,
2025-11-05 06:24:21+00:00,2025-11-05 06:24:21,,,,,,,,,,19.6612492,8.31875038,973.0,974.837524,10.4499998,,,13.64,0.0,9.75,,,,,,0.0,,
2025-11-05 06:24:22+00:00,2025-11-05 06:24:22,,,,,,,,,,19.6612492,8.39531231,973.0,973.700012,10.6499996,,,13.64,0.0,9.75,,,,,,0.0,,
2025-11-05 06:24:23+00:00,2025-11-05 06:24:23,,,,,,,,,,19.6612492,8.34687519,971.0,973.456238,10.6000004,,,13.64,0.0,9.75,,,,,,0.0,,
2025-11-05 06:24:24+00:00,2025-11-05 06:24:24,,,,,,,,,,19.6612492,8.34687519,971.0,973.456238,10.6000004,,,13.64,0.0,9.75,,,,,,0.0,,
2025-11-05 06:24:25+00:00,2025-11-05 06:24:25,18.0,21.0,21.0,18.0,18.0,11.69462489610771,304.0,BO_O2_RULE,"제어매트릭스 규칙 적용: NOX_LOW (3단계 롤백, 4단계에서 Hz 변화 없음)",19.6612492,8.40781212,972.0,972.96875,10.5124998,,,13.64,0.0,9.75,,,,,,0.0,,
2025-11-05 06:24:26+00:00,2025-11-05 06:24:26,,,,,,,,,,19.6612492,8.40781212,972.0,972.96875,10.5124998,,,13.64,0.0,9.75,,,,,,0.0,,
2025-11-05 06:24:27+00:00,2025-11-05 06:24:27,,,,,,,,,,19.6612492,8.4765625,972.0,972.724976,10.9250002,,,13.64,0.0,9.75,,,,,,0.0,,
2025-11-05 06:24:28+00:00,2025-11-05 06:24:28,,,,,,,,,,19.6612492,8.4765625,972.0,972.724976,10.9250002,,,13.64,0.0,9.75,,,,,,0.0,,
2025-11-05 06:24:29+00:00,2025-11-05 06:24:29,,,,,,,,,,19.6612492,8.62343788,972.0,972.724976,10.9375,,,13.64,0.0,9.75,,,,,,0.0,,
2025-11-05 06:24:30+00:00,2025-11-05 06:24:30,18.0,20.0,20.0,18.0,18.0,11.739697550375586,304.0,BO_O2_RULE,"제어매트릭스 규칙 적용: NOX_LOW (3단계 롤백, 4단계에서 Hz 변화 없음)",19.6612492,8.62343788,972.0,971.506226,10.9375,,,13.64,0.0,9.75,,,,,,0.0,,
2025-11-05 06:24:31+00:00,2025-11-05 06:24:31,,,,,,,,,,19.6612492,8.72343731,970.0,971.506226,9.4375,,,13.64,0.0,10.2,,,,,,0.0,,
2025-11-05 06:24:32+00:00,2025-11-05 06:24:32,,,,,,,,,,19.6612492,8.77031231,970.0,970.450012,9.46249962,,,13.64,0.0,10.2,,,,,,0.0,,
2025-11-05 06:24:33+00:00,2025-11-05 06:24:33,,,,,,,,,,19.6612492,8.77031231,970.0,970.450012,9.46249962,,,13.64,0.0,10.2,,,,,,0.0,,
2025-11-05 06:24:34+00:00,2025-11-05 06:24:34,,,,,,,,,,19.6612492,8.85468769,970.0,969.799988,9.69999981,,,13.64,0.0,10.2,,,,,,0.0,,
2025-11-05 06:24:35+00:00,2025-11-05 06:24:35,18.0,20.0,20.0,18.0,18.0,11.039590379389574,304.0,BO_O2_RULE,"제어매트릭스 규칙 적용: NOX_LOW (3단계 롤백, 4단계에서 Hz 변화 없음)",19.6612492,8.85468769,970.0,969.799988,9.69999981,,,13.64,0.0,10.2,,,,,,0.0,,
2025-11-05 06:24:36+00:00,2025-11-05 06:24:36,,,,,,,,,,19.6612492,8.88125038,970.0,969.71875,9.60000038,,,13.64,0.0,10.2,,,,,,0.0,,
2025-11-05 06:24:37+00:00,2025-11-05 06:24:37,,,,,,,,,,19.6612492,8.88906288,969.0,969.799988,10.0625,,,13.64,0.0,10.2,,,,,,0.0,,
2025-11-05 06:24:38+00:00,2025-11-05 06:24:38,,,,,,,,,,19.6612492,8.88906288,969.0,969.799988,10.0625,,,13.64,0.0,10.2,,,,,,0.0,,
2025-11-05 06:24:39+00:00,2025-11-05 06:24:39,,,,,,,,,,19.6612492,8.96718788,970.0,969.231262,9.91250038,,,13.64,0.0,10.2,,,,,,0.0,,
2025-11-05 06:24:40+00:00,2025-11-05 06:24:40,18.0,20.0,20.0,18.0,18.0,11.350485469148527,304.0,BO_O2_RULE,"제어매트릭스 규칙 적용: NOX_LOW (3단계 롤백, 4단계에서 Hz 변화 없음)",19.6612492,9.03437519,969.0,969.231262,9.83749962,,,13.64,0.0,10.2,,,,,,0.0,,
2025-11-05 06:24:41+00:00,2025-11-05 06:24:41,,,,,,,,,,19.6612492,9.03437519,969.0,968.09375,9.83749962,,,13.64,0.0,10.2,,,,,,0.0,,
2025-11-05 06:24:42+00:00,2025-11-05 06:24:42,,,,,,,,,,19.6612492,9.09687519,970.0,968.09375,9.88749981,,,13.64,0.0,9.08,,,,,,0.0,,
2025-11-05 06:24:43+00:00,2025-11-05 06:24:43,,,,,,,,,,19.6612492,9.15312481,969.0,967.525024,9.75,,,13.64,0.0,9.08,,,,,,0.0,,
2025-11-05 06:24:44+00:00,2025-11-05 06:24:44,,,,,,,,,,19.6612492,9.15312481,969.0,967.525024,9.75,,,13.64,0.0,9.08,,,,,,0.0,,
2025-11-05 06:24:45+00:00,2025-11-05 06:24:45,18.0,20.0,20.0,18.0,18.0,11.737162363594237,304.0,BO_O2_RULE,"제어매트릭스 규칙 적용: NOX_LOW (3단계 롤백, 4단계에서 Hz 변화 없음)",19.6612492,9.296875,971.0,965.493774,9.83749962,,,13.64,0.0,9.08,,,,,,0.0,,
2025-11-05 06:24:46+00:00,2025-11-05 06:24:46,,,,,,,,,,19.6612492,9.35468769,969.0,965.737488,9.71249962,,,13.64,0.0,9.08,,,,,,0.0,,
2025-11-05 06:24:47+00:00,2025-11-05 06:24:47,,,,,,,,,,19.6612492,9.42812538,968.0,964.03125,10.0124998,,,13.64,0.0,9.08,,,,,,0.0,,
2025-11-05 06:24:48+00:00,2025-11-05 06:24:48,,,,,,,,,,19.6612492,9.45625019,968.0,963.056274,9.75,,,13.64,0.0,9.08,,,,,,0.0,,
2025-11-05 06:24:49+00:00,2025-11-05 06:24:49,,,,,,,,,,19.6612492,9.45625019,968.0,963.056274,9.75,,,13.64,0.0,9.08,,,,,,0.0,,
2025-11-05 06:24:50+00:00,2025-11-05 06:24:50,18.0,20.0,20.0,18.0,18.0,11.85537131485948,304.0,BO_O2_RULE,"제어매트릭스 규칙 적용: NOX_LOW (3단계 롤백, 4단계에서 Hz 변화 없음)",19.6612492,9.50468731,968.0,962.487488,9.42500019,,,13.64,0.0,9.08,,,,,,0.0,,
2025-11-05 06:24:51+00:00,2025-11-05 06:24:51,,,,,,,,,,19.6612492,9.50468731,968.0,962.487488,9.42500019,,,13.64,0.0,9.44,,,,,,0.0,,
2025-11-05 06:24:52+00:00,2025-11-05 06:24:52,,,,,,,,,,19.6612492,9.54218769,968.0,963.056274,9.53750038,,,13.64,0.0,9.44,,,,,,0.0,,
2025-11-05 06:24:53+00:00,2025-11-05 06:24:53,,,,,,,,,,19.6612492,9.54218769,968.0,963.056274,9.53750038,,,13.64,0.0,9.44,,,,,,0.0,,
2025-11-05 06:24:54+00:00,2025-11-05 06:24:54,,,,,,,,,,19.6612492,9.67500019,968.0,962.162476,9.67500019,,,13.64,0.0,9.44,,,,,,0.0,,
2025-11-05 06:24:55+00:00,2025-11-05 06:24:55,18.0,20.0,20.0,18.0,18.0,11.92656257190026,304.0,BO_O2_RULE,"제어매트릭스 규칙 적용: NOX_LOW (3단계 롤백, 4단계에서 Hz 변화 없음)",19.6612492,9.67500019,968.0,962.162476,9.67500019,,,13.64,0.0,9.44,,,,,,0.0,,
2025-11-05 06:24:56+00:00,2025-11-05 06:24:56,,,,,,,,,,19.6612492,9.79531288,968.0,961.59375,9.75,,,13.64,0.0,9.44,,,,,,0.0,,
2025-11-05 06:24:57+00:00,2025-11-05 06:24:57,,,,,,,,,,19.6612492,9.8359375,969.0,961.59375,9.77499962,,,13.64,0.0,9.44,,,,,,0.0,,
2025-11-05 06:24:58+00:00,2025-11-05 06:24:58,,,,,,,,,,19.6612492,9.8359375,969.0,960.456238,9.77499962,,,13.64,0.0,9.44,,,,,,0.0,,
2025-11-05 06:24:59+00:00,2025-11-05 06:24:59,,,,,,,,,,19.6612492,9.80781269,968.0,960.456238,9.86250019,,,13.64,0.0,9.44,,,,,,0.0,,
2025-11-05 06:25:00+00:00,2025-11-05 06:25:00,18.0,20.0,20.0,18.0,18.0,11.98796658373388,304.0,BO_O2_RULE,"제어매트릭스 규칙 적용: NOX_LOW (3단계 롤백, 4단계에서 Hz 변화 없음)",19.6612492,9.80781269,968.0,959.724976,9.86250019,,3.0,13.64,0.0,9.23,,,,,,0.0,,
2025-11-05 06:25:01+00:00,2025-11-05 06:25:01,,,,,,,,,,19.6612492,9.95156288,969.0,959.724976,9.94999981,,,13.64,0.0,9.23,,,,,,0.0,,
2025-11-05 06:25:02+00:00,2025-11-05 06:25:02,,,,,,,,,,19.6612492,9.95156288,969.0,958.993774,9.94999981,,,13.64,0.0,9.23,,,,,,0.0,,
2025-11-05 06:25:03+00:00,2025-11-05 06:25:03,,,,,,,,,,19.6612492,10.0265627,968.0,958.993774,9.55000019,,,13.64,0.0,9.23,,,,,,0.0,,
2025-11-05 06:25:04+00:00,2025-11-05 06:25:04,,,,,,,,,,19.6612492,10.0515623,968.0,958.018738,9.71249962,,,13.64,0.0,9.23,,,,,,0.0,,
2025-11-05 06:25:05+00:00,2025-11-05 06:25:05,19.0,19.0,19.0,19.0,19.0,12.193006622751826,100.0,BO_ONLY,"BO 모델 결과만 사용 (1단계 롤백, 2~4단계에서 Hz 변화 없음)",19.6612492,10.0515623,968.0,958.018738,9.71249962,,,13.64,0.0,9.23,,,,,,0.0,,
2025-11-05 06:25:06+00:00,2025-11-05 06:25:06,,,,,,,,,,19.6612492,10.1281252,968.0,957.775024,10.1625004,,,13.64,0.0,9.23,,,,,,0.0,,
2025-11-05 06:25:07+00:00,2025-11-05 06:25:07,,,,,,,,,,19.6612492,10.1234379,967.0,956.231262,10.1625004,,,13.64,0.0,9.23,,,,,,0.0,,
2025-11-05 06:25:08+00:00,2025-11-05 06:25:08,,,,,,,,,,19.6612492,10.1234379,967.0,956.231262,10.1374998,,,13.64,0.0,9.23,,,,,,0.0,,
2025-11-05 06:25:09+00:00,2025-11-05 06:25:09,,,,,,,,,,19.6612492,10.2218752,966.0,956.393738,10.1374998,,,13.64,0.0,9.23,,,,,,0.0,,
2025-11-05 06:25:10+00:00,2025-11-05 06:25:10,19.0,19.0,19.0,19.0,19.0,12.390575203073018,100.0,BO_ONLY,"BO 모델 결과만 사용 (1단계 롤백, 2~4단계에서 Hz 변화 없음)",19.6612492,10.2093754,966.0,956.637512,9.97500038,,,13.64,0.0,9.59,,,,,,0.0,,
2025-11-05 06:25:11+00:00,2025-11-05 06:25:11,,,,,,,,,,19.6612492,10.3015623,966.0,955.662476,9.88749981,,,13.64,0.0,9.59,,,,,,0.0,,
2025-11-05 06:25:12+00:00,2025-11-05 06:25:12,,,,,,,,,,19.6612492,10.3015623,966.0,955.662476,9.88749981,,,13.64,0.0,9.59,,,,,,0.0,,
2025-11-05 06:25:13+00:00,2025-11-05 06:25:13,,,,,,,,,,19.6612492,10.3078127,966.0,956.799988,9.85000038,,,13.64,0.0,9.59,,,,,,0.0,,
2025-11-05 06:25:14+00:00,2025-11-05 06:25:14,,,,,,,,,,19.6612492,10.3078127,966.0,956.799988,9.85000038,,,13.64,0.0,9.59,,,,,,0.0,,
2025-11-05 06:25:15+00:00,2025-11-05 06:25:15,19.0,19.0,19.0,19.0,19.0,12.339853782245465,100.0,BO_ONLY,"BO 모델 결과만 사용 (1단계 롤백, 2~4단계에서 Hz 변화 없음)",19.6612492,10.3078127,966.0,954.525024,10.1374998,,,13.64,0.0,9.59,,,,,,0.0,,
2025-11-05 06:25:16+00:00,2025-11-05 06:25:16,,,,,,,,,,19.6612492,10.3953123,966.0,954.525024,10.1374998,,,13.64,0.0,9.59,,,,,,0.0,,
2025-11-05 06:25:17+00:00,2025-11-05 06:25:17,,,,,,,,,,19.6612492,10.3968754,965.0,953.875,10.0625,,,13.64,0.0,9.59,,,,,,0.0,,
2025-11-05 06:25:18+00:00,2025-11-05 06:25:18,,,,,,,,,,19.6612492,10.3968754,965.0,953.875,10.0625,,,13.64,0.0,9.59,,,,,,0.0,,
2025-11-05 06:25:19+00:00,2025-11-05 06:25:19,,,,,,,,,,19.6612492,10.4265623,966.0,953.306274,10.2375002,,,13.64,0.0,9.59,,,,,,0.0,,
2025-11-05 06:25:20+00:00,2025-11-05 06:25:20,19.0,19.0,19.0,19.0,19.0,12.763364260894857,100.0,BO_ONLY,"BO 모델 결과만 사용 (1단계 롤백, 2~4단계에서 Hz 변화 없음)",19.6612492,10.4921875,965.0,952.006226,10.1875,,,13.64,0.0,9.59,,,,,,0.0,,
2025-11-05 06:25:21+00:00,2025-11-05 06:25:21,,,,,,,,,,19.6612492,10.4921875,965.0,952.006226,10.1875,,,13.64,0.0,9.5,,,,,,0.0,,
2025-11-05 06:25:22+00:00,2025-11-05 06:25:22,,,,,,,,,,19.6612492,10.4484377,965.0,951.762512,10.1999998,,,13.64,0.0,9.5,,,,,,0.0,,
2025-11-05 06:25:23+00:00,2025-11-05 06:25:23,,,,,,,,,,19.6612492,10.4484377,965.0,951.762512,10.1999998,,,13.64,0.0,9.5,,,,,,0.0,,
2025-11-05 06:25:24+00:00,2025-11-05 06:25:24,,,,,,,,,,19.6612492,10.5578127,965.0,949.731262,10.3500004,,,13.64,0.0,9.5,,,,,,0.0,,
2025-11-05 06:25:25+00:00,2025-11-05 06:25:25,19.0,19.0,19.0,19.0,19.0,12.559342741670044,100.0,BO_ONLY,"BO 모델 결과만 사용 (1단계 롤백, 2~4단계에서 Hz 변화 없음)",19.6612492,10.5109377,965.0,949.731262,10.1374998,,,13.64,0.0,9.5,,,,,,0.0,,
2025-11-05 06:25:26+00:00,2025-11-05 06:25:26,,,,,,,,,,19.6612492,10.5109377,965.0,950.056274,10.1374998,,,13.64,0.0,9.5,,,,,,0.0,,
2025-11-05 06:25:28+00:00,2025-11-05 06:25:28,,,,,,,,,,19.6612492,10.5625,965.0,950.056274,10.2749996,,,13.64,0.0,9.5,,,,,,0.0,,
2025-11-05 06:25:29+00:00,2025-11-05 06:25:29,,,,,,,,,,19.6612492,10.5828123,965.0,950.381226,10.0249996,,,13.64,0.0,9.5,,,,,,0.0,,
2025-11-05 06:25:30+00:00,2025-11-05 06:25:30,19.0,19.0,19.0,19.0,19.0,12.631979496199197,100.0,BO_ONLY,"BO 모델 결과만 사용 (1단계 롤백, 2~4단계에서 Hz 변화 없음)",19.6612492,10.5828123,965.0,950.381226,10.0249996,,,13.64,0.0,9.5,,,,,,0.0,,
2025-11-05 06:25:31+00:00,2025-11-05 06:25:31,,,,,,,,,,19.6612492,10.6999998,965.0,949.0,10.4624996,,,13.64,0.0,9.81,,,,,,0.0,,
2025-11-05 06:25:32+00:00,2025-11-05 06:25:32,,,,,,,,,,19.6612492,10.7390623,965.0,949.0,10.9375,,,13.64,0.0,9.81,,,,,,0.0,,
2025-11-05 06:25:33+00:00,2025-11-05 06:25:33,,,,,,,,,,19.6612492,10.7390623,965.0,948.59375,10.9375,,,13.64,0.0,9.81,,,,,,0.0,,
2025-11-05 06:25:34+00:00,2025-11-05 06:25:34,,,,,,,,,,19.6612492,10.7171879,965.0,946.724976,10.5375004,,,13.64,0.0,9.81,,,,,,0.0,,
2025-11-05 06:25:35+00:00,2025-11-05 06:25:35,19.0,19.0,19.0,19.0,19.0,12.88506859600309,100.0,BO_ONLY,"BO 모델 결과만 사용 (1단계 롤백, 2~4단계에서 Hz 변화 없음)",19.6612492,10.7171879,965.0,946.724976,10.5375004,,,13.64,0.0,9.81,,,,,,0.0,,
2025-11-05 06:25:36+00:00,2025-11-05 06:25:36,,,,,,,,,,19.6612492,10.859375,965.0,946.400024,10.7875004,,,13.64,0.0,9.81,,,,,,0.0,,
2025-11-05 06:25:37+00:00,2025-11-05 06:25:37,,,,,,,,,,19.6612492,10.859375,965.0,946.400024,10.7875004,,,13.64,0.0,9.81,,,,,,0.0,,
2025-11-05 06:25:38+00:00,2025-11-05 06:25:38,,,,,,,,,,19.6612492,10.859375,964.0,946.887512,11.125,,,13.64,0.0,9.81,,,,,,0.0,,
2025-11-05 06:25:39+00:00,2025-11-05 06:25:39,,,,,,,,,,19.6612492,10.859375,964.0,946.887512,11.125,,,13.64,0.0,9.81,,,,,,0.0,,
2025-11-05 06:25:40+00:00,2025-11-05 06:25:40,19.0,19.0,19.0,19.0,19.0,13.118721393496777,100.0,BO_ONLY,"BO 모델 결과만 사용 (1단계 롤백, 2~4단계에서 Hz 변화 없음)",19.6612492,10.9171877,965.0,945.506226,11.1625004,,,13.64,0.0,9.81,,,,,,0.0,,
2025-11-05 06:25:41+00:00,2025-11-05 06:25:41,,,,,,,,,,19.6612492,10.9171877,965.0,945.506226,11.1625004,,,13.64,0.0,10.53,,,,,,0.0,,
2025-11-05 06:25:42+00:00,2025-11-05 06:25:42,,,,,,,,,,19.6612492,10.9484377,965.0,944.9375,11.5625,,,13.64,0.0,10.53,,,,,,0.0,,
2025-11-05 06:25:43+00:00,2025-11-05 06:25:43,,,,,,,,,,19.6612492,10.9484377,965.0,944.9375,11.5625,,,13.64,0.0,10.53,,,,,,0.0,,
2025-11-05 06:25:44+00:00,2025-11-05 06:25:44,,,,,,,,,,19.6612492,10.8500004,965.0,942.662476,11.4750004,,,13.64,0.0,10.53,,,,,,0.0,,
2025-11-05 06:25:45+00:00,2025-11-05 06:25:45,19.0,19.0,19.0,19.0,19.0,13.229431872000522,100.0,BO_ONLY,"BO 모델 결과만 사용 (1단계 롤백, 2~4단계에서 Hz 변화 없음)",19.6612492,10.7328129,965.0,943.474976,11.8500004,,,13.64,0.0,10.53,,,,,,0.0,,
2025-11-05 06:25:46+00:00,2025-11-05 06:25:46,,,,,,,,,,19.6612492,10.7328129,965.0,943.474976,11.8500004,,,13.64,0.0,10.53,,,,,,0.0,,
2025-11-05 06:25:47+00:00,2025-11-05 06:25:47,,,,,,,,,,19.6612492,10.5171871,965.0,943.150024,11.7624998,,,13.64,0.0,10.53,,,,,,0.0,,
2025-11-05 06:25:48+00:00,2025-11-05 06:25:48,,,,,,,,,,19.6612492,10.4171877,965.0,942.662476,11.6750002,,,13.64,0.0,10.53,,,,,,0.0,,
2025-11-05 06:25:49+00:00,2025-11-05 06:25:49,,,,,,,,,,19.6612492,10.4171877,965.0,942.662476,11.6750002,,,13.64,0.0,10.53,,,,,,0.0,,
2025-11-05 06:25:50+00:00,2025-11-05 06:25:50,19.0,19.0,19.0,19.0,19.0,13.517237783394703,100.0,BO_ONLY,"BO 모델 결과만 사용 (1단계 롤백, 2~4단계에서 Hz 변화 없음)",19.6612492,10.0093746,965.0,943.068726,11.9624996,,,13.64,0.0,10.53,,,,,,0.0,,
2025-11-05 06:25:51+00:00,2025-11-05 06:25:51,,,,,,,,,,19.6612492,9.79374981,965.0,942.662476,11.9125004,,,13.64,0.0,10.53,,,,,,0.0,,
2025-11-05 06:25:52+00:00,2025-11-05 06:25:52,,,,,,,,,,19.6612492,9.3984375,965.0,943.3125,14.3999996,,,13.64,0.0,11.19,,,,,,0.0,,
2025-11-05 06:25:53+00:00,2025-11-05 06:25:53,,,,,,,,,,19.6612492,9.09062481,964.0,943.556274,14.3249998,,,13.64,0.0,11.19,,,,,,0.0,,
2025-11-05 06:25:54+00:00,2025-11-05 06:25:54,,,,,,,,,,19.6612492,9.09062481,964.0,943.556274,14.3249998,,,13.64,0.0,11.19,,,,,,0.0,,
2025-11-05 06:25:55+00:00,2025-11-05 06:25:55,20.0,20.0,20.0,20.0,20.0,14.5587537488305,100.0,BO_ONLY,"BO 모델 결과만 사용 (1단계 롤백, 2~4단계에서 Hz 변화 없음)",19.6612492,8.5625,966.0,942.825012,14.3249998,,,13.64,0.0,11.19,,,,,,0.0,,
2025-11-05 06:25:56+00:00,2025-11-05 06:25:56,,,,,,,,,,19.6612492,8.36562538,965.0,943.556274,14.8249998,,,13.64,0.0,11.19,,,,,,0.0,,
2025-11-05 06:25:57+00:00,2025-11-05 06:25:57,,,,,,,,,,19.6612492,8.36562538,965.0,943.556274,14.8249998,,,13.64,0.0,11.19,,,,,,0.0,,
2025-11-05 06:25:58+00:00,2025-11-05 06:25:58,,,,,,,,,,19.6612492,7.9468751,965.0,941.362488,15.0625,,,13.64,0.0,11.19,,,,,,0.0,,
2025-11-05 06:25:59+00:00,2025-11-05 06:25:59,,,,,,,,,,19.6612492,7.74687481,966.0,941.037476,14.8249998,,,13.64,0.0,11.19,,,,,,0.0,,
2025-11-05 06:26:00+00:00,2025-11-05 06:26:00,20.0,20.0,20.0,20.0,20.0,15.313570317474467,100.0,BO_ONLY,"BO 모델 결과만 사용 (1단계 롤백, 2~4단계에서 Hz 변화 없음)",19.6612492,7.74687481,966.0,941.037476,14.8249998,,3.0,13.64,0.0,11.19,,,,,,0.0,,
2025-11-05 06:26:01+00:00,2025-11-05 06:26:01,,,,,,,,,,19.6612492,7.36250019,965.0,941.118774,14.8374996,,,13.64,0.0,11.19,,,,,,0.0,,
2025-11-05 06:26:02+00:00,2025-11-05 06:26:02,,,,,,,,,,19.6612492,7.36250019,965.0,941.118774,14.8374996,,,13.64,0.0,14.12,,,,,,0.0,,
2025-11-05 06:26:03+00:00,2025-11-05 06:26:03,,,,,,,,,,19.6612492,7.09062481,965.0,941.6875,14.8000002,,,13.64,0.0,14.12,,,,,,0.0,,
2025-11-05 06:26:04+00:00,2025-11-05 06:26:04,,,,,,,,,,19.6612492,7.09062481,965.0,941.6875,14.8000002,,,13.64,0.0,14.12,,,,,,0.0,,
2025-11-05 06:26:05+00:00,2025-11-05 06:26:05,21.0,21.0,21.0,21.0,21.0,14.048574144888054,100.0,BO_ONLY,"BO 모델 결과만 사용 (1단계 롤백, 2~4단계에서 Hz 변화 없음)",19.6612492,6.8921876,966.0,940.549988,14.5749998,,,13.64,0.0,14.12,,,,,,0.0,,
2025-11-05 06:26:06+00:00,2025-11-05 06:26:06,,,,,,,,,,19.6612492,6.8921876,966.0,940.549988,14.5749998,,,13.64,0.0,14.12,,,,,,0.0,,
2025-11-05 06:26:07+00:00,2025-11-05 06:26:07,,,,,,,,,,19.6612492,6.68281269,966.0,940.712524,14.625,,,13.64,0.0,14.12,,,,,,0.0,,
2025-11-05 06:26:08+00:00,2025-11-05 06:26:08,,,,,,,,,,19.6612492,6.68281269,966.0,940.712524,14.625,,,13.64,0.0,14.12,,,,,,0.0,,
2025-11-05 06:26:09+00:00,2025-11-05 06:26:09,,,,,,,,,,19.6612492,6.52031231,965.0,939.331238,14.5375004,,,13.64,0.0,14.12,,,,,,0.0,,
2025-11-05 06:26:10+00:00,2025-11-05 06:26:10,21.0,21.0,21.0,21.0,21.0,12.92005484355383,100.0,BO_ONLY,"BO 모델 결과만 사용 (1단계 롤백, 2~4단계에서 Hz 변화 없음)",19.6612492,6.52031231,965.0,939.331238,14.5375004,,,13.64,0.0,14.12,,,,,,0.0,,
2025-11-05 06:26:11+00:00,2025-11-05 06:26:11,,,,,,,,,,19.6612492,6.3984375,965.0,939.900024,15.1875,,,13.64,0.0,13.92,,,,,,0.0,,
2025-11-05 06:26:12+00:00,2025-11-05 06:26:12,,,,,,,,,,19.6612492,6.3984375,965.0,939.900024,15.1875,,,13.64,0.0,13.92,,,,,,0.0,,
2025-11-05 06:26:13+00:00,2025-11-05 06:26:13,,,,,,,,,,19.6612492,6.3265624,965.0,939.575012,15.0,,,13.64,0.0,13.92,,,,,,0.0,,
2025-11-05 06:26:14+00:00,2025-11-05 06:26:14,,,,,,,,,,19.6612492,6.3265624,965.0,939.575012,15.0,,,13.64,0.0,13.92,,,,,,0.0,,
2025-11-05 06:26:15+00:00,2025-11-05 06:26:15,21.0,21.0,21.0,21.0,21.0,12.649746528542602,100.0,BO_ONLY,"BO 모델 결과만 사용 (1단계 롤백, 2~4단계에서 Hz 변화 없음)",19.6612492,6.16718769,966.0,940.631226,14.8874998,,,13.64,0.0,13.92,,,,,,0.0,,
2025-11-05 06:26:16+00:00,2025-11-05 06:26:16,,,,,,,,,,19.6612492,6.16718769,966.0,940.631226,14.8874998,,,13.64,0.0,13.92,,,,,,0.0,,
2025-11-05 06:26:17+00:00,2025-11-05 06:26:17,,,,,,,,,,19.6612492,6.015625,965.0,939.412476,15.7749996,,,13.64,0.0,13.92,,,,,,0.0,,
2025-11-05 06:26:18+00:00,2025-11-05 06:26:18,,,,,,,,,,19.6612492,6.015625,965.0,939.412476,15.7749996,,,13.64,0.0,13.92,,,,,,0.0,,
2025-11-05 06:26:19+00:00,2025-11-05 06:26:19,,,,,,,,,,19.6612492,5.85624981,965.0,939.818726,15.9375,,,13.64,0.0,13.92,,,,,,0.0,,
2025-11-05 06:26:20+00:00,2025-11-05 06:26:20,22.0,22.0,22.0,22.0,22.0,12.686561911407958,100.0,BO_ONLY,"BO 모델 결과만 사용 (1단계 롤백, 2~4단계에서 Hz 변화 없음)",19.6612492,5.85624981,965.0,939.818726,15.9375,,,13.64,0.0,13.92,,,,,,0.0,,
2025-11-05 06:26:21+00:00,2025-11-05 06:26:21,,,,,,,,,,19.6612492,5.68281269,965.0,939.981262,16.7625008,,,13.64,0.0,13.92,,,,,,0.0,,
2025-11-05 06:26:22+00:00,2025-11-05 06:26:22,,,,,,,,,,19.6612492,5.66718769,965.0,940.0625,17.0249996,,,13.64,0.0,15.04,,,,,,0.0,,
2025-11-05 06:26:23+00:00,2025-11-05 06:26:23,,,,,,,,,,19.6612492,5.66718769,965.0,940.0625,17.0249996,,,13.64,0.0,15.04,,,,,,0.0,,
2025-11-05 06:26:24+00:00,2025-11-05 06:26:24,,,,,,,,,,19.6612492,5.5171876,965.0,939.818726,16.6375008,,,13.64,0.0,15.04,,,,,,0.0,,
2025-11-05 06:26:25+00:00,2025-11-05 06:26:25,22.0,22.0,22.0,22.0,22.0,12.63072287462235,100.0,BO_ONLY,"BO 모델 결과만 사용 (1단계 롤백, 2~4단계에서 Hz 변화 없음)",19.6612492,5.5390625,965.0,940.0625,16.9750004,,,13.64,0.0,15.04,,,,,,0.0,,
2025-11-05 06:26:26+00:00,2025-11-05 06:26:26,,,,,,,,,,19.6612492,5.4984374,965.0,940.712524,17.3999996,,,13.64,0.0,15.04,,,,,,0.0,,
2025-11-05 06:26:27+00:00,2025-11-05 06:26:27,,,,,,,,,,19.6612492,5.390625,965.0,939.493774,17.1124992,,,13.64,0.0,15.04,,,,,,0.0,,
2025-11-05 06:26:28+00:00,2025-11-05 06:26:28,,,,,,,,,,19.6612492,5.390625,965.0,939.493774,17.1124992,,,13.64,0.0,15.04,,,,,,0.0,,
2025-11-05 06:26:29+00:00,2025-11-05 06:26:29,,,,,,,,,,19.6612492,5.38593769,965.0,939.900024,17.1875,,,13.64,0.0,15.04,,,,,,0.0,,
2025-11-05 06:26:30+00:00,2025-11-05 06:26:30,22.0,22.0,22.0,22.0,22.0,12.984258221270178,100.0,BO_ONLY,"BO 모델 결과만 사용 (1단계 롤백, 2~4단계에서 Hz 변화 없음)",19.6612492,5.38593769,965.0,939.900024,17.1875,,,13.64,0.0,15.04,,,,,,0.0,,
2025-11-05 06:26:31+00:00,2025-11-05 06:26:31,,,,,,,,,,19.6612492,5.3890624,965.0,940.306274,17.1875,,,13.64,0.0,16.7,,,,,,0.0,,
2025-11-05 06:26:32+00:00,2025-11-05 06:26:32,,,,,,,,,,19.6612492,5.37968731,965.0,940.0625,17.7374992,,,13.64,0.0,16.7,,,,,,0.0,,
2025-11-05 06:26:33+00:00,2025-11-05 06:26:33,,,,,,,,,,19.6612492,5.37187481,965.0,940.387512,17.8250008,,,13.64,0.0,16.7,,,,,,0.0,,
2025-11-05 06:26:34+00:00,2025-11-05 06:26:34,,,,,,,,,,19.6612492,5.37187481,965.0,940.387512,17.8250008,,,13.64,0.0,16.7,,,,,,0.0,,
2025-11-05 06:26:35+00:00,2025-11-05 06:26:35,22.0,22.0,22.0,22.0,22.0,13.06113982237112,100.0,BO_ONLY,"BO 모델 결과만 사용 (1단계 롤백, 2~4단계에서 Hz 변화 없음)",19.6612492,5.34687519,965.0,939.818726,17.9500008,,,13.64,0.0,16.7,,,,,,0.0,,
2025-11-05 06:26:36+00:00,2025-11-05 06:26:36,,,,,,,,,,19.6612492,5.34687519,965.0,939.818726,17.9500008,,,13.64,0.0,16.7,,,,,,0.0,,
2025-11-05 06:26:37+00:00,2025-11-05 06:26:37,,,,,,,,,,19.6612492,5.24531269,965.0,939.65625,17.7999992,,,13.64,0.0,16.7,,,,,,0.0,,
2025-11-05 06:26:38+00:00,2025-11-05 06:26:38,,,,,,,,,,19.6612492,5.24531269,967.0,939.65625,17.7999992,,,13.64,0.0,16.7,,,,,,0.0,,
2025-11-05 06:26:39+00:00,2025-11-05 06:26:39,,,,,,,,,,19.6612492,5.2718749,967.0,939.575012,17.8125,,,13.64,0.0,16.7,,,,,,0.0,,
2025-11-05 06:26:40+00:00,2025-11-05 06:26:40,22.0,22.0,22.0,22.0,22.0,14.018503696764036,100.0,BO_ONLY,"BO 모델 결과만 사용 (1단계 롤백, 2~4단계에서 Hz 변화 없음)",19.6612492,5.2109375,967.0,939.900024,18.2124996,,,13.64,0.0,17.19,,,,,,0.0,,
2025-11-05 06:26:41+00:00,2025-11-05 06:26:41,,,,,,,,,,19.6612492,5.2109375,967.0,939.900024,18.2124996,,,13.64,0.0,17.19,,,,,,0.0,,
2025-11-05 06:26:42+00:00,2025-11-05 06:26:42,,,,,,,,,,19.6612492,5.17656231,967.0,940.46875,18.3624992,,,13.64,0.0,17.19,,,,,,0.0,,
2025-11-05 06:26:43+00:00,2025-11-05 06:26:43,,,,,,,,,,19.6612492,5.17656231,967.0,940.46875,18.3624992,,,13.64,0.0,17.19,,,,,,0.0,,
2025-11-05 06:26:44+00:00,2025-11-05 06:26:44,,,,,,,,,,19.6612492,5.2093749,965.0,939.493774,17.7749996,,,13.64,0.0,17.19,,,,,,0.0,,
2025-11-05 06:26:45+00:00,2025-11-05 06:26:45,22.0,22.0,22.0,22.0,22.0,15.072366109701942,100.0,BO_ONLY,"BO 모델 결과만 사용 (1단계 롤백, 2~4단계에서 Hz 변화 없음)",19.6612492,5.16093731,967.0,939.737488,18.25,,,13.64,0.0,17.19,,,,,,0.0,,
2025-11-05 06:26:46+00:00,2025-11-05 06:26:46,,,,,,,,,,19.6612492,5.16093731,967.0,939.737488,18.25,,,13.64,0.0,17.19,,,,,,0.0,,
2025-11-05 06:26:47+00:00,2025-11-05 06:26:47,,,,,,,,,,19.6612492,5.1421876,967.0,940.387512,18.375,,,13.64,0.0,17.19,,,,,,0.0,,
2025-11-05 06:26:48+00:00,2025-11-05 06:26:48,,,,,,,,,,19.6612492,5.1421876,967.0,940.387512,18.375,,,13.64,0.0,17.19,,,,,,0.0,,
2025-11-05 06:26:49+00:00,2025-11-05 06:26:49,,,,,,,,,,19.6612492,5.1171875,967.0,940.712524,18.2124996,,,13.64,0.0,17.19,,,,,,0.0,,
2025-11-05 06:26:50+00:00,2025-11-05 06:26:50,22.0,22.0,22.0,22.0,22.0,15.298145079265714,100.0,BO_ONLY,"BO 모델 결과만 사용 (1단계 롤백, 2~4단계에서 Hz 변화 없음)",19.6612492,5.0562501,969.0,939.493774,17.9874992,,,13.64,0.0,17.77,,,,,,0.0,,
2025-11-05 06:26:51+00:00,2025-11-05 06:26:51,,,,,,,,,,19.6612492,5.0562501,969.0,939.493774,17.9874992,,,13.64,0.0,17.77,,,,,,0.0,,
2025-11-05 06:26:52+00:00,2025-11-05 06:26:52,,,,,,,,,,19.6612492,5.04374981,968.0,941.037476,17.7999992,,,13.64,0.0,17.77,,,,,,0.0,,
2025-11-05 06:26:53+00:00,2025-11-05 06:26:53,,,,,,,,,,19.6612492,5.04374981,968.0,941.037476,17.7999992,,,13.64,0.0,17.77,,,,,,0.0,,
2025-11-05 06:26:54+00:00,2025-11-05 06:26:54,,,,,,,,,,19.6612492,5.03593731,968.0,941.28125,18.3250008,,,13.64,0.0,17.77,,,,,,0.0,,
2025-11-05 06:26:55+00:00,2025-11-05 06:26:55,22.0,22.0,22.0,22.0,22.0,15.525736512140137,100.0,BO_ONLY,"BO 모델 결과만 사용 (1단계 롤백, 2~4단계에서 Hz 변화 없음)",19.6612492,5.03593731,968.0,941.28125,18.3250008,,,13.64,0.0,17.77,,,,,,0.0,,
2025-11-05 06:26:56+00:00,2025-11-05 06:26:56,,,,,,,,,,19.6612492,4.9781251,968.0,941.6875,18.6375008,,,13.64,0.0,17.77,,,,,,0.0,,
2025-11-05 06:26:57+00:00,2025-11-05 06:26:57,,,,,,,,,,19.6612492,5.01875019,968.0,941.443726,18.8125,,,13.64,0.0,17.77,,,,,,0.0,,
2025-11-05 06:26:58+00:00,2025-11-05 06:26:58,,,,,,,,,,19.6612492,5.01875019,968.0,941.443726,18.8125,,,13.64,0.0,17.77,,,,,,0.0,,
2025-11-05 06:26:59+00:00,2025-11-05 06:26:59,,,,,,,,,,19.6612492,5.0609374,968.0,941.525024,19.0,,,13.64,0.0,17.77,,,,,,0.0,,
2025-11-05 06:27:00+00:00,2025-11-05 06:27:00,22.0,22.0,22.0,22.0,22.0,16.09249093704947,100.0,BO_ONLY,"BO 모델 결과만 사용 (1단계 롤백, 2~4단계에서 Hz 변화 없음)",19.6612492,5.0234375,968.0,941.28125,17.2374992,,3.0,13.64,0.0,17.77,,,,,,0.0,,
2025-11-05 06:27:01+00:00,2025-11-05 06:27:01,,,,,,,,,,19.6612492,5.0234375,968.0,941.28125,17.2374992,,,13.64,0.0,18.07,,,,,,0.0,,
2025-11-05 06:27:02+00:00,2025-11-05 06:27:02,,,,,,,,,,19.6612492,4.99531269,969.0,940.875,17.1124992,,,13.64,0.0,18.07,,,,,,0.0,,
2025-11-05 06:27:03+00:00,2025-11-05 06:27:03,,,,,,,,,,19.6612492,5.0062499,968.0,943.3125,17.3374996,,,13.64,0.0,18.07,,,,,,0.0,,
2025-11-05 06:27:04+00:00,2025-11-05 06:27:04,,,,,,,,,,19.6612492,5.0062499,968.0,943.3125,17.3374996,,,13.64,0.0,18.07,,,,,,0.0,,
2025-11-05 06:27:05+00:00,2025-11-05 06:27:05,22.0,22.0,22.0,22.0,22.0,14.82188898134044,100.0,BO_ONLY,"BO 모델 결과만 사용 (1단계 롤백, 2~4단계에서 Hz 변화 없음)",19.6612492,5.015625,968.0,942.987488,15.9750004,,,13.64,0.0,18.07,,,,,,0.0,,
2025-11-05 06:27:06+00:00,2025-11-05 06:27:06,,,,,,,,,,19.6612492,5.015625,968.0,942.987488,15.9750004,,,13.64,0.0,18.07,,,,,,0.0,,
2025-11-05 06:27:07+00:00,2025-11-05 06:27:07,,,,,,,,,,19.6612492,4.91718769,968.0,942.825012,15.9125004,,,13.64,0.0,18.07,,,,,,0.0,,
2025-11-05 06:27:08+00:00,2025-11-05 06:27:08,,,,,,,,,,19.6612492,4.91718769,968.0,942.825012,15.9125004,,,13.64,0.0,18.07,,,,,,0.0,,
2025-11-05 06:27:09+00:00,2025-11-05 06:27:09,,,,,,,,,,19.6612492,4.96406269,969.0,943.637512,15.8999996,,,13.64,0.0,18.07,,,,,,0.0,,
2025-11-05 06:27:10+00:00,2025-11-05 06:27:10,22.0,22.0,22.0,22.0,22.0,14.522802992886893,100.0,BO_ONLY,"BO 모델 결과만 사용 (1단계 롤백, 2~4단계에서 Hz 변화 없음)",19.6612492,4.96406269,969.0,943.637512,15.8999996,,,13.64,0.0,15.23,,,,,,0.0,,
2025-11-05 06:27:11+00:00,2025-11-05 06:27:11,,,,,,,,,,19.6612492,4.89375019,969.0,943.556274,14.4499998,,,13.64,0.0,15.23,,,,,,0.0,,
2025-11-05 06:27:13+00:00,2025-11-05 06:27:13,,,,,,,,,,19.6612492,4.89375019,969.0,943.556274,14.4499998,,,13.64,0.0,15.23,,,,,,0.0,,
2025-11-05 06:27:14+00:00,2025-11-05 06:27:14,,,,,,,,,,19.6612492,4.9468751,968.0,943.393738,14.5124998,,,13.64,0.0,15.23,,,,,,0.0,,
2025-11-05 06:27:15+00:00,2025-11-05 06:27:15,22.0,22.0,22.0,22.0,22.0,12.991581931928241,100.0,BO_ONLY,"BO 모델 결과만 사용 (1단계 롤백, 2~4단계에서 Hz 변화 없음)",19.6612492,4.9468751,968.0,943.393738,14.5124998,,,13.64,0.0,15.23,,,,,,0.0,,
2025-11-05 06:27:16+00:00,2025-11-05 06:27:16,,,,,,,,,,19.6612492,4.97968769,969.0,943.799988,14.8374996,,,13.64,0.0,15.23,,,,,,0.0,,
2025-11-05 06:27:17+00:00,2025-11-05 06:27:17,,,,,,,,,,19.6612492,4.97968769,969.0,943.799988,14.8374996,,,13.64,0.0,15.23,,,,,,0.0,,
2025-11-05 06:27:18+00:00,2025-11-05 06:27:18,,,,,,,,,,19.6612492,4.90312481,968.0,943.881226,14.8249998,,,13.64,0.0,15.23,,,,,,0.0,,
2025-11-05 06:27:19+00:00,2025-11-05 06:27:19,,,,,,,,,,19.6612492,4.90312481,968.0,943.881226,14.8249998,,,13.64,0.0,15.23,,,,,,0.0,,
2025-11-05 06:27:20+00:00,2025-11-05 06:27:20,22.0,22.0,22.0,22.0,22.0,13.710963665525759,100.0,BO_ONLY,"BO 모델 결과만 사용 (1단계 롤백, 2~4단계에서 Hz 변화 없음)",19.6612492,4.90312481,968.0,942.825012,14.8374996,,,13.64,0.0,15.23,,,,,,0.0,,
2025-11-05 06:27:21+00:00,2025-11-05 06:27:21,,,,,,,,,,19.6612492,4.9203124,968.0,942.825012,14.8374996,,,13.64,0.0,14.1,,,,,,0.0,,
2025-11-05 06:27:22+00:00,2025-11-05 06:27:22,,,,,,,,,,19.6612492,4.9203124,968.0,942.825012,14.8374996,,,13.64,0.0,14.1,,,,,,0.0,,
2025-11-05 06:27:23+00:00,2025-11-05 06:27:23,,,,,,,,,,19.6612492,4.97187519,968.0,943.231262,13.75,,,13.64,0.0,14.1,,,,,,0.0,,
2025-11-05 06:27:24+00:00,2025-11-05 06:27:24,,,,,,,,,,19.6612492,4.9593749,969.0,942.581238,13.9375,,,13.64,0.0,14.1,,,,,,0.0,,
2025-11-05 06:27:25+00:00,2025-11-05 06:27:25,22.0,22.0,22.0,22.0,22.0,13.11277767184479,100.0,BO_ONLY,"BO 모델 결과만 사용 (1단계 롤백, 2~4단계에서 Hz 변화 없음)",19.6612492,4.9593749,969.0,942.581238,13.9375,,,13.64,0.0,14.1,,,,,,0.0,,
2025-11-05 06:27:26+00:00,2025-11-05 06:27:26,,,,,,,,,,19.6612492,4.9296875,968.0,943.3125,13.7624998,,,13.64,0.0,14.1,,,,,,0.0,,
2025-11-05 06:27:27+00:00,2025-11-05 06:27:27,,,,,,,,,,19.6612492,4.9296875,968.0,943.3125,13.7624998,,,13.64,0.0,14.1,,,,,,0.0,,
2025-11-05 06:27:28+00:00,2025-11-05 06:27:28,,,,,,,,,,19.6612492,4.9078126,969.0,943.637512,13.7624998,,,13.64,0.0,14.1,,,,,,0.0,,
2025-11-05 06:27:29+00:00,2025-11-05 06:27:29,,,,,,,,,,19.6612492,4.9078126,969.0,943.637512,12.8000002,,,13.64,0.0,14.1,,,,,,0.0,,
2025-11-05 06:27:30+00:00,2025-11-05 06:27:30,18.0,22.0,22.0,18.0,18.0,11.703918419967657,304.0,BO_O2_RULE,"제어매트릭스 규칙 적용: NOX_LOW (3단계 롤백, 4단계에서 Hz 변화 없음)",19.6612492,4.859375,967.0,943.71875,12.9125004,,,13.64,0.0,14.1,,,,,,0.0,,
2025-11-05 06:27:31+00:00,2025-11-05 06:27:31,,,,,,,,,,19.6612492,4.859375,967.0,943.71875,12.9125004,,,13.64,0.0,14.1,,,,,,0.0,,
2025-11-05 06:27:32+00:00,2025-11-05 06:27:32,,,,,,,,,,19.6612492,4.90937519,971.0,943.71875,12.5249996,,,13.64,0.0,12.39,,,,,,0.0,,
2025-11-05 06:27:33+00:00,2025-11-05 06:27:33,,,,,,,,,,19.6612492,4.90937519,971.0,944.612488,12.5249996,,,13.64,0.0,12.39,,,,,,0.0,,
2025-11-05 06:27:34+00:00,2025-11-05 06:27:34,,,,,,,,,,19.6612492,4.8671875,970.0,944.368774,12.375,,,13.64,0.0,12.39,,,,,,0.0,,
2025-11-05 06:27:35+00:00,2025-11-05 06:27:35,18.0,22.0,22.0,18.0,18.0,11.66888561755643,304.0,BO_O2_RULE,"제어매트릭스 규칙 적용: NOX_LOW (3단계 롤백, 4단계에서 Hz 변화 없음)",19.6612492,4.8671875,970.0,944.368774,12.375,,,13.64,0.0,12.39,,,,,,0.0,,
2025-11-05 06:27:36+00:00,2025-11-05 06:27:36,,,,,,,,,,19.6612492,4.8265624,969.0,944.206238,12.4125004,,,13.64,0.0,12.39,,,,,,0.0,,
2025-11-05 06:27:37+00:00,2025-11-05 06:27:37,,,,,,,,,,19.6612492,4.8203125,970.0,944.9375,11.4125004,,,13.64,0.0,12.39,,,,,,0.0,,
2025-11-05 06:27:38+00:00,2025-11-05 06:27:38,,,,,,,,,,19.6612492,4.8203125,970.0,944.9375,11.4125004,,,13.64,0.0,12.39,,,,,,0.0,,
2025-11-05 06:27:39+00:00,2025-11-05 06:27:39,,,,,,,,,,19.6612492,4.78593731,970.0,945.993774,11.4375,,,13.64,0.0,12.39,,,,,,0.0,,
2025-11-05 06:27:40+00:00,2025-11-05 06:27:40,18.0,22.0,22.0,18.0,18.0,11.785785310074129,304.0,BO_O2_RULE,"제어매트릭스 규칙 적용: NOX_LOW (3단계 롤백, 4단계에서 Hz 변화 없음)",19.6612492,4.72187519,970.0,946.318726,11.2624998,,,13.64,0.0,12.39,,,,,,0.0,,
2025-11-05 06:27:41+00:00,2025-11-05 06:27:41,,,,,,,,,,19.6612492,4.72187519,970.0,946.318726,11.2624998,,,13.64,0.0,12.39,,,,,,0.0,,
2025-11-05 06:27:42+00:00,2025-11-05 06:27:42,,,,,,,,,,19.6612492,4.7562499,970.0,946.400024,11.1499996,,,13.64,0.0,10.7,,,,,,0.0,,
2025-11-05 06:27:43+00:00,2025-11-05 06:27:43,,,,,,,,,,19.6612492,4.7562499,970.0,946.400024,11.1499996,,,13.64,0.0,10.7,,,,,,0.0,,
2025-11-05 06:27:44+00:00,2025-11-05 06:27:44,,,,,,,,,,19.6612492,4.67656231,969.0,946.724976,11.0249996,,,13.64,0.0,10.7,,,,,,0.0,,
2025-11-05 06:27:45+00:00,2025-11-05 06:27:45,18.0,22.0,22.0,18.0,18.0,11.351782008336809,304.0,BO_O2_RULE,"제어매트릭스 규칙 적용: NOX_LOW (3단계 롤백, 4단계에서 Hz 변화 없음)",19.6612492,4.67656231,969.0,946.724976,11.0249996,,,13.64,0.0,10.7,,,,,,0.0,,
2025-11-05 06:27:46+00:00,2025-11-05 06:27:46,,,,,,,,,,19.6612492,4.6703124,969.0,947.131226,10.8374996,,,13.64,0.0,10.7,,,,,,0.0,,
2025-11-05 06:27:47+00:00,2025-11-05 06:27:47,,,,,,,,,,19.6612492,4.65312481,969.0,946.643738,10.7624998,,,13.64,0.0,10.7,,,,,,0.0,,
2025-11-05 06:27:48+00:00,2025-11-05 06:27:48,,,,,,,,,,19.6612492,4.65312481,969.0,946.643738,10.7624998,,,13.64,0.0,10.7,,,,,,0.0,,
2025-11-05 06:27:49+00:00,2025-11-05 06:27:49,,,,,,,,,,19.6612492,4.6796875,970.0,946.724976,10.8249998,,,13.64,0.0,10.7,,,,,,0.0,,
2025-11-05 06:27:50+00:00,2025-11-05 06:27:50,18.0,22.0,22.0,18.0,18.0,11.151317446120865,304.0,BO_O2_RULE,"제어매트릭스 규칙 적용: NOX_LOW (3단계 롤백, 4단계에서 Hz 변화 없음)",19.6612492,4.66718769,969.0,946.075012,10.8500004,,,13.64,0.0,10.7,,,,,,0.0,,
2025-11-05 06:27:51+00:00,2025-11-05 06:27:51,,,,,,,,,,19.6612492,4.66718769,969.0,946.075012,10.8500004,,,13.64,0.0,10.25,,,,,,0.0,,
2025-11-05 06:27:52+00:00,2025-11-05 06:27:52,,,,,,,,,,19.6612492,4.6578126,970.0,948.349976,10.7875004,,,13.64,0.0,10.25,,,,,,0.0,,
2025-11-05 06:27:53+00:00,2025-11-05 06:27:53,,,,,,,,,,19.6612492,4.6578126,970.0,948.349976,10.7875004,,,13.64,0.0,10.25,,,,,,0.0,,
2025-11-05 06:27:54+00:00,2025-11-05 06:27:54,,,,,,,,,,19.6612492,4.65156269,971.0,947.537476,10.8249998,,,13.64,0.0,10.25,,,,,,0.0,,
2025-11-05 06:27:55+00:00,2025-11-05 06:27:55,18.0,22.0,22.0,18.0,18.0,11.232129736005,304.0,BO_O2_RULE,"제어매트릭스 규칙 적용: NOX_LOW (3단계 롤백, 4단계에서 Hz 변화 없음)",19.6612492,4.65156269,971.0,947.537476,10.8249998,,,13.64,0.0,10.25,,,,,,0.0,,
2025-11-05 06:27:56+00:00,2025-11-05 06:27:56,,,,,,,,,,19.6612492,4.6343751,969.0,948.59375,10.2749996,,,13.64,0.0,10.25,,,,,,0.0,,
2025-11-05 06:27:57+00:00,2025-11-05 06:27:57,,,,,,,,,,19.6612492,4.6343751,969.0,948.59375,10.2749996,,,13.64,0.0,10.25,,,,,,0.0,,
2025-11-05 06:27:58+00:00,2025-11-05 06:27:58,,,,,,,,,,19.6612492,4.5765624,972.0,949.8125,10.0249996,,,13.64,0.0,10.25,,,,,,0.0,,
2025-11-05 06:27:59+00:00,2025-11-05 06:27:59,,,,,,,,,,19.6612492,4.5765624,972.0,949.8125,10.0249996,,,13.64,0.0,10.25,,,,,,0.0,,
2025-11-05 06:28:00+00:00,2025-11-05 06:28:00,18.0,22.0,22.0,18.0,18.0,11.298657088460232,304.0,BO_O2_RULE,"제어매트릭스 규칙 적용: NOX_LOW (3단계 롤백, 4단계에서 Hz 변화 없음)",19.6612492,4.63749981,971.0,950.299988,10.1499996,,3.0,13.64,0.0,10.25,,,,,,0.0,,
2025-11-05 06:28:01+00:00,2025-11-05 06:28:01,,,,,,,,,,19.6612492,4.63749981,971.0,950.299988,10.1499996,,,13.64,0.0,10.25,,,,,,0.0,,
2025-11-05 06:28:02+00:00,2025-11-05 06:28:02,,,,,,,,,,19.6612492,4.5718751,972.0,950.381226,9.75,,,13.64,0.0,9.52,,,,,,0.0,,
2025-11-05 06:28:03+00:00,2025-11-05 06:28:03,,,,,,,,,,19.6612492,4.5718751,972.0,950.381226,9.75,,,13.64,0.0,9.52,,,,,,0.0,,
2025-11-05 06:28:04+00:00,2025-11-05 06:28:04,,,,,,,,,,19.6612492,4.6546874,972.0,949.0,10.2624998,,,13.64,0.0,9.52,,,,,,0.0,,
2025-11-05 06:28:05+00:00,2025-11-05 06:28:05,18.0,22.0,22.0,18.0,18.0,11.525844184252767,304.0,BO_O2_RULE,"제어매트릭스 규칙 적용: NOX_LOW (3단계 롤백, 4단계에서 Hz 변화 없음)",19.6612492,4.6546874,972.0,949.0,10.2624998,,,13.64,0.0,9.52,,,,,,0.0,,
2025-11-05 06:28:06+00:00,2025-11-05 06:28:06,,,,,,,,,,19.6612492,4.66718769,971.0,949.568726,9.77499962,,,13.64,0.0,9.52,,,,,,0.0,,
2025-11-05 06:28:07+00:00,2025-11-05 06:28:07,,,,,,,,,,19.6612492,4.66718769,971.0,949.568726,9.77499962,,,13.64,0.0,9.52,,,,,,0.0,,
2025-11-05 06:28:08+00:00,2025-11-05 06:28:08,,,,,,,,,,19.6612492,4.6546874,972.0,949.487488,9.88749981,,,13.64,0.0,9.52,,,,,,0.0,,
2025-11-05 06:28:09+00:00,2025-11-05 06:28:09,,,,,,,,,,19.6612492,4.58906269,971.0,949.487488,9.83749962,,,13.64,0.0,9.52,,,,,,0.0,,
2025-11-05 06:28:10+00:00,2025-11-05 06:28:10,18.0,22.0,22.0,18.0,18.0,11.25244074031996,304.0,BO_O2_RULE,"제어매트릭스 규칙 적용: NOX_LOW (3단계 롤백, 4단계에서 Hz 변화 없음)",19.6612492,4.5796876,972.0,950.543762,10.125,,,13.64,0.0,9.52,,,,,,0.0,,
2025-11-05 06:28:11+00:00,2025-11-05 06:28:11,,,,,,,,,,19.6612492,4.5796876,972.0,950.543762,10.125,,,13.64,0.0,9.39,,,,,,0.0,,
2025-11-05 06:28:12+00:00,2025-11-05 06:28:12,,,,,,,,,,19.6612492,4.54374981,972.0,952.006226,9.85000038,,,13.64,0.0,9.39,,,,,,0.0,,
2025-11-05 06:28:13+00:00,2025-11-05 06:28:13,,,,,,,,,,19.6612492,4.54374981,972.0,952.006226,9.85000038,,,13.64,0.0,9.39,,,,,,0.0,,
2025-11-05 06:28:14+00:00,2025-11-05 06:28:14,,,,,,,,,,19.6612492,4.5,972.0,951.03125,9.73750019,,,13.64,0.0,9.39,,,,,,0.0,,
2025-11-05 06:28:15+00:00,2025-11-05 06:28:15,18.0,22.0,22.0,18.0,18.0,11.10571370357642,304.0,BO_O2_RULE,"제어매트릭스 규칙 적용: NOX_LOW (3단계 롤백, 4단계에서 Hz 변화 없음)",19.6612492,4.5,972.0,951.03125,9.73750019,,,13.64,0.0,9.39,,,,,,0.0,,
2025-11-05 06:28:16+00:00,2025-11-05 06:28:16,,,,,,,,,,19.6612492,4.40312481,972.0,951.599976,10.0625,,,13.64,0.0,9.39,,,,,,0.0,,
2025-11-05 06:28:17+00:00,2025-11-05 06:28:17,,,,,,,,,,19.6612492,4.3921876,972.0,953.631226,9.82499981,,,13.64,0.0,9.39,,,,,,0.0,,
2025-11-05 06:28:18+00:00,2025-11-05 06:28:18,,,,,,,,,,19.6612492,4.3921876,972.0,953.631226,9.82499981,,,13.64,0.0,9.39,,,,,,0.0,,
2025-11-05 06:28:19+00:00,2025-11-05 06:28:19,,,,,,,,,,19.6612492,4.3843751,969.0,952.737488,9.98750019,,,13.64,0.0,9.39,,,,,,0.0,,
2025-11-05 06:28:20+00:00,2025-11-05 06:28:20,18.0,22.0,22.0,18.0,18.0,10.911519022714172,304.0,BO_O2_RULE,"제어매트릭스 규칙 적용: NOX_LOW (3단계 롤백, 4단계에서 Hz 변화 없음)",19.6612492,4.3843751,969.0,952.737488,9.98750019,,,13.64,0.0,9.16,,,,,,0.0,,
2025-11-05 06:28:21+00:00,2025-11-05 06:28:21,,,,,,,,,,19.6612492,4.46406269,970.0,952.981262,9.76249981,,,13.64,0.0,9.16,,,,,,0.0,,
2025-11-05 06:28:22+00:00,2025-11-05 06:28:22,,,,,,,,,,19.6612492,4.46406269,970.0,952.981262,9.76249981,,,13.64,0.0,9.16,,,,,,0.0,,
2025-11-05 06:28:23+00:00,2025-11-05 06:28:23,,,,,,,,,,19.6612492,4.3828125,970.0,955.012512,9.88749981,,,13.64,0.0,9.16,,,,,,0.0,,
2025-11-05 06:28:24+00:00,2025-11-05 06:28:24,,,,,,,,,,19.6612492,4.4781251,970.0,954.525024,10.0375004,,,13.64,0.0,9.16,,,,,,0.0,,
2025-11-05 06:28:25+00:00,2025-11-05 06:28:25,18.0,22.0,22.0,18.0,18.0,10.964650535410927,304.0,BO_O2_RULE,"제어매트릭스 규칙 적용: NOX_LOW (3단계 롤백, 4단계에서 Hz 변화 없음)",19.6612492,4.49531269,969.0,954.849976,9.97500038,,,13.64,0.0,9.16,,,,,,0.0,,
2025-11-05 06:28:26+00:00,2025-11-05 06:28:26,,,,,,,,,,19.6612492,4.49531269,969.0,954.849976,9.97500038,,,13.64,0.0,9.16,,,,,,0.0,,
2025-11-05 06:28:27+00:00,2025-11-05 06:28:27,,,,,,,,,,19.6612492,4.4703126,969.0,954.849976,9.82499981,,,13.64,0.0,9.16,,,,,,0.0,,
2025-11-05 06:28:28+00:00,2025-11-05 06:28:28,,,,,,,,,,19.6612492,4.4703126,969.0,954.849976,9.82499981,,,13.64,0.0,9.16,,,,,,0.0,,
2025-11-05 06:28:29+00:00,2025-11-05 06:28:29,,,,,,,,,,19.6612492,4.5718751,970.0,955.90625,9.85000038,,,13.64,0.0,9.16,,,,,,0.0,,
2025-11-05 06:28:30+00:00,2025-11-05 06:28:30,18.0,22.0,22.0,18.0,18.0,10.941443740617641,304.0,BO_O2_RULE,"제어매트릭스 규칙 적용: NOX_LOW (3단계 롤백, 4단계에서 Hz 변화 없음)",19.6612492,4.5718751,970.0,955.90625,9.85000038,,,13.64,0.0,9.05,,,,,,0.0,,
2025-11-05 06:28:31+00:00,2025-11-05 06:28:31,,,,,,,,,,19.6612492,4.6078124,970.0,956.799988,9.53750038,,,13.64,0.0,9.05,,,,,,0.0,,
2025-11-05 06:28:32+00:00,2025-11-05 06:28:32,,,,,,,,,,19.6612492,4.59687519,970.0,956.231262,9.53750038,,,13.64,0.0,9.05,,,,,,0.0,,
2025-11-05 06:28:33+00:00,2025-11-05 06:28:33,,,,,,,,,,19.6612492,4.61250019,969.0,955.987488,9.71249962,,,13.64,0.0,9.05,,,,,,0.0,,
2025-11-05 06:28:34+00:00,2025-11-05 06:28:34,,,,,,,,,,19.6612492,4.61250019,969.0,955.987488,9.71249962,,,13.64,0.0,9.05,,,,,,0.0,,
2025-11-05 06:28:35+00:00,2025-11-05 06:28:35,18.0,23.0,23.0,18.0,18.0,10.768165374899992,304.0,BO_O2_RULE,"제어매트릭스 규칙 적용: NOX_LOW (3단계 롤백, 4단계에서 Hz 변화 없음)",19.6612492,4.68437481,969.0,956.393738,9.83749962,,,13.64,0.0,9.05,,,,,,0.0,,
2025-11-05 06:28:36+00:00,2025-11-05 06:28:36,,,,,,,,,,19.6612492,4.68437481,969.0,956.393738,9.83749962,,,13.64,0.0,9.05,,,,,,0.0,,
2025-11-05 06:28:37+00:00,2025-11-05 06:28:37,,,,,,,,,,19.6612492,4.7046876,969.0,956.637512,9.86250019,,,13.64,0.0,9.05,,,,,,0.0,,
2025-11-05 06:28:38+00:00,2025-11-05 06:28:38,,,,,,,,,,19.6612492,4.7046876,969.0,956.637512,9.86250019,,,13.64,0.0,9.05,,,,,,0.0,,
2025-11-05 06:28:39+00:00,2025-11-05 06:28:39,,,,,,,,,,19.6612492,4.6734376,969.0,956.637512,9.86250019,,,13.64,0.0,9.05,,,,,,0.0,,
2025-11-05 06:28:40+00:00,2025-11-05 06:28:40,18.0,23.0,23.0,18.0,18.0,10.65350286662182,304.0,BO_O2_RULE,"제어매트릭스 규칙 적용: NOX_LOW (3단계 롤백, 4단계에서 Hz 변화 없음)",19.6612492,4.6796875,970.0,956.637512,9.82499981,,,13.64,0.0,9.05,,,,,,0.0,,
2025-11-05 06:28:41+00:00,2025-11-05 06:28:41,,,,,,,,,,19.6612492,4.6796875,970.0,956.474976,9.82499981,,,13.64,0.0,9.21,,,,,,0.0,,
2025-11-05 06:28:42+00:00,2025-11-05 06:28:42,,,,,,,,,,19.6612492,4.76093769,970.0,956.474976,9.89999962,,,13.64,0.0,9.21,,,,,,0.0,,
2025-11-05 06:28:43+00:00,2025-11-05 06:28:43,,,,,,,,,,19.6612492,4.7046876,969.0,956.799988,9.83749962,,,13.64,0.0,9.21,,,,,,0.0,,
2025-11-05 06:28:44+00:00,2025-11-05 06:28:44,,,,,,,,,,19.6612492,4.7046876,969.0,956.799988,9.83749962,,,13.64,0.0,9.21,,,,,,0.0,,
2025-11-05 06:28:45+00:00,2025-11-05 06:28:45,18.0,23.0,23.0,18.0,18.0,10.081116978035189,304.0,BO_O2_RULE,"제어매트릭스 규칙 적용: NOX_LOW (3단계 롤백, 4단계에서 Hz 변화 없음)",19.6612492,4.796875,971.0,958.506226,9.83749962,,,13.64,0.0,9.21,,,,,,0.0,,
2025-11-05 06:28:46+00:00,2025-11-05 06:28:46,,,,,,,,,,19.6612492,4.796875,971.0,958.506226,9.83749962,,,13.64,0.0,9.21,,,,,,0.0,,
2025-11-05 06:28:47+00:00,2025-11-05 06:28:47,,,,,,,,,,19.6612492,4.7874999,969.0,957.450012,9.73750019,,,13.64,0.0,9.21,,,,,,0.0,,
2025-11-05 06:28:48+00:00,2025-11-05 06:28:48,,,,,,,,,,19.6612492,4.71562481,969.0,958.34375,9.875,,,13.64,0.0,9.21,,,,,,0.0,,
2025-11-05 06:28:49+00:00,2025-11-05 06:28:49,,,,,,,,,,19.6612492,4.71562481,969.0,958.34375,9.875,,,13.64,0.0,9.21,,,,,,0.0,,
2025-11-05 06:28:50+00:00,2025-11-05 06:28:50,18.0,23.0,23.0,18.0,18.0,10.016871151321764,304.0,BO_O2_RULE,"제어매트릭스 규칙 적용: NOX_LOW (3단계 롤백, 4단계에서 Hz 변화 없음)",19.6612492,4.7515626,970.0,958.506226,9.85000038,,,13.64,0.0,9.26,,,,,,0.0,,
2025-11-05 06:28:52+00:00,2025-11-05 06:28:52,,,,,,,,,,19.6612492,4.77812481,969.0,960.049988,10.1374998,,,13.64,0.0,9.26,,,,,,0.0,,
2025-11-05 06:28:53+00:00,2025-11-05 06:28:53,,,,,,,,,,19.6612492,4.77812481,969.0,960.049988,10.1374998,,,13.64,0.0,9.26,,,,,,0.0,,
2025-11-05 06:28:54+00:00,2025-11-05 06:28:54,,,,,,,,,,19.6612492,4.7281251,970.0,959.887512,9.875,,,13.64,0.0,9.26,,,,,,0.0,,
2025-11-05 06:28:55+00:00,2025-11-05 06:28:55,18.0,23.0,23.0,18.0,18.0,10.455690822262499,304.0,BO_O2_RULE,"제어매트릭스 규칙 적용: NOX_LOW (3단계 롤백, 4단계에서 Hz 변화 없음)",19.6612492,4.7281251,970.0,959.887512,9.875,,,13.64,0.0,9.26,,,,,,0.0,,
2025-11-05 06:28:56+00:00,2025-11-05 06:28:56,,,,,,,,,,19.6612492,4.8343749,969.0,960.049988,9.51249981,,,13.64,0.0,9.26,,,,,,0.0,,
2025-11-05 06:28:57+00:00,2025-11-05 06:28:57,,,,,,,,,,19.6612492,4.8218751,971.0,958.831238,9.73750019,,,13.64,0.0,9.26,,,,,,0.0,,
2025-11-05 06:28:58+00:00,2025-11-05 06:28:58,,,,,,,,,,19.6612492,4.8218751,971.0,958.831238,9.73750019,,,13.64,0.0,9.26,,,,,,0.0,,
2025-11-05 06:28:59+00:00,2025-11-05 06:28:59,,,,,,,,,,19.6612492,4.8734374,971.0,959.724976,9.52499962,,,13.64,0.0,9.26,,,,,,0.0,,
2025-11-05 06:29:00+00:00,2025-11-05 06:29:00,18.0,23.0,23.0,18.0,18.0,10.50382490393026,304.0,BO_O2_RULE,"제어매트릭스 규칙 적용: NOX_LOW (3단계 롤백, 4단계에서 Hz 변화 없음)",19.6612492,4.8734374,971.0,959.724976,9.52499962,,3.0,13.64,0.0,9.26,,,,,,0.0,,
2025-11-05 06:29:01+00:00,2025-11-05 06:29:01,,,,,,,,,,19.6612492,4.8843751,968.0,959.318726,9.57499981,,,13.64,0.0,9.03,,,,,,0.0,,
2025-11-05 06:29:02+00:00,2025-11-05 06:29:02,,,,,,,,,,19.6612492,4.8843751,968.0,959.318726,9.57499981,,,13.64,0.0,9.03,,,,,,0.0,,
2025-11-05 06:29:03+00:00,2025-11-05 06:29:03,,,,,,,,,,19.6612492,4.9124999,968.0,959.15625,9.875,,,13.64,0.0,9.03,,,,,,0.0,,
2025-11-05 06:29:04+00:00,2025-11-05 06:29:04,,,,,,,,,,19.6612492,4.9124999,968.0,959.15625,9.875,,,13.64,0.0,9.03,,,,,,0.0,,
2025-11-05 06:29:05+00:00,2025-11-05 06:29:05,18.0,23.0,23.0,18.0,18.0,10.50382490393026,304.0,BO_O2_RULE,"제어매트릭스 규칙 적용: NOX_LOW (3단계 롤백, 4단계에서 Hz 변화 없음)",19.6612492,4.8890624,969.0,959.724976,9.46249962,,,13.64,0.0,9.03,,,,,,0.0,,
2025-11-05 06:29:06+00:00,2025-11-05 06:29:06,,,,,,,,,,19.6612492,4.8890624,969.0,959.724976,9.46249962,,,13.64,0.0,9.03,,,,,,0.0,,
2025-11-05 06:29:07+00:00,2025-11-05 06:29:07,,,,,,,,,,19.6612492,4.9781251,968.0,961.512512,9.23750019,,,13.64,0.0,9.03,,,,,,0.0,,
2025-11-05 06:29:08+00:00,2025-11-05 06:29:08,,,,,,,,,,19.6612492,4.9453125,969.0,960.537476,9.4375,,,13.64,0.0,9.03,,,,,,0.0,,
2025-11-05 06:29:09+00:00,2025-11-05 06:29:09,,,,,,,,,,19.6612492,4.9453125,969.0,960.537476,9.4375,,,13.64,0.0,9.03,,,,,,0.0,,
2025-11-05 06:29:10+00:00,2025-11-05 06:29:10,18.0,23.0,23.0,18.0,18.0,10.411201712796629,304.0,BO_O2_RULE,"제어매트릭스 규칙 적용: NOX_LOW (3단계 롤백, 4단계에서 Hz 변화 없음)",19.6612492,5.078125,968.0,961.268738,9.23750019,,,13.64,0.0,9.03,,,,,,0.0,,
2025-11-05 06:29:11+00:00,2025-11-05 06:29:11,,,,,,,,,,19.6612492,5.0015626,969.0,960.456238,9.35000038,,,13.64,0.0,9.03,,,,,,0.0,,
2025-11-05 06:29:12+00:00,2025-11-05 06:29:12,,,,,,,,,,19.6612492,5.0015626,969.0,960.456238,9.35000038,,,13.64,0.0,8.73,,,,,,0.0,,
2025-11-05 06:29:13+00:00,2025-11-05 06:29:13,,,,,,,,,,19.6612492,5.13593769,969.0,960.537476,9.42500019,,,13.64,0.0,8.73,,,,,,0.0,,
2025-11-05 06:29:14+00:00,2025-11-05 06:29:14,,,,,,,,,,19.6612492,5.171875,968.0,960.78125,9.35000038,,,13.64,0.0,8.73,,,,,,0.0,,
2025-11-05 06:29:15+00:00,2025-11-05 06:29:15,18.0,23.0,23.0,18.0,18.0,10.357485435532855,304.0,BO_O2_RULE,"제어매트릭스 규칙 적용: NOX_LOW (3단계 롤백, 4단계에서 Hz 변화 없음)",19.6612492,5.171875,968.0,960.78125,9.35000038,,,13.64,0.0,8.73,,,,,,0.0,,
2025-11-05 06:29:16+00:00,2025-11-05 06:29:16,,,,,,,,,,19.6612492,5.23750019,969.0,960.618774,9.10000038,,,13.64,0.0,8.73,,,,,,0.0,,
2025-11-05 06:29:17+00:00,2025-11-05 06:29:17,,,,,,,,,,19.6612492,5.23750019,969.0,960.618774,9.10000038,,,13.64,0.0,8.73,,,,,,0.0,,
2025-11-05 06:29:18+00:00,2025-11-05 06:29:18,,,,,,,,,,19.6612492,5.23750019,969.0,960.618774,9.10000038,,,13.64,0.0,8.73,,,,,,0.0,,
2025-11-05 06:29:19+00:00,2025-11-05 06:29:19,,,,,,,,,,19.6612492,5.30156231,969.0,962.487488,9.41250038,,,13.64,0.0,8.73,,,,,,0.0,,
2025-11-05 06:29:20+00:00,2025-11-05 06:29:20,18.0,23.0,23.0,18.0,18.0,10.629863985897233,304.0,BO_O2_RULE,"제어매트릭스 규칙 적용: NOX_LOW (3단계 롤백, 4단계에서 Hz 변화 없음)",19.6612492,5.30156231,969.0,962.487488,9.41250038,,,13.64,0.0,8.73,,,,,,0.0,,
2025-11-05 06:29:21+00:00,2025-11-05 06:29:21,,,,,,,,,,19.6612492,5.3218751,968.0,962.974976,9.03750038,,,13.64,0.0,8.73,,,,,,0.0,,
2025-11-05 06:29:22+00:00,2025-11-05 06:29:22,,,,,,,,,,19.6612492,5.3218751,968.0,962.974976,9.03750038,,,13.64,0.0,8.58,,,,,,0.0,,
2025-11-05 06:29:23+00:00,2025-11-05 06:29:23,,,,,,,,,,19.6612492,5.4312501,967.0,962.8125,9.38749981,,,13.64,0.0,8.58,,,,,,0.0,,
2025-11-05 06:29:24+00:00,2025-11-05 06:29:24,,,,,,,,,,19.6612492,5.51093769,968.0,962.8125,9.44999981,,,13.64,0.0,8.58,,,,,,0.0,,
2025-11-05 06:29:25+00:00,2025-11-05 06:29:25,18.0,23.0,23.0,18.0,18.0,10.94747753093368,304.0,BO_O2_RULE,"제어매트릭스 규칙 적용: NOX_LOW (3단계 롤백, 4단계에서 Hz 변화 없음)",19.6612492,5.51093769,968.0,962.8125,9.44999981,,,13.64,0.0,8.58,,,,,,0.0,,
2025-11-05 06:29:26+00:00,2025-11-05 06:29:26,,,,,,,,,,19.6612492,5.5625,968.0,963.056274,9.4375,,,13.64,0.0,8.58,,,,,,0.0,,
2025-11-05 06:29:27+00:00,2025-11-05 06:29:27,,,,,,,,,,19.6612492,5.58906269,968.0,962.568726,9.48750019,,,13.64,0.0,8.58,,,,,,0.0,,
2025-11-05 06:29:28+00:00,2025-11-05 06:29:28,,,,,,,,,,19.6612492,5.58906269,968.0,962.568726,9.48750019,,,13.64,0.0,8.58,,,,,,0.0,,
2025-11-05 06:29:29+00:00,2025-11-05 06:29:29,,,,,,,,,,19.6612492,5.57499981,968.0,962.8125,9.5,,,13.64,0.0,8.58,,,,,,0.0,,
2025-11-05 06:29:30+00:00,2025-11-05 06:29:30,18.0,23.0,23.0,18.0,18.0,10.83202701961004,304.0,BO_O2_RULE,"제어매트릭스 규칙 적용: NOX_LOW (3단계 롤백, 4단계에서 Hz 변화 없음)",19.6612492,5.57499981,968.0,962.8125,9.5,,,13.64,0.0,8.58,,,,,,0.0,,
2025-11-05 06:29:31+00:00,2025-11-05 06:29:31,,,,,,,,,,19.6612492,5.65312481,968.0,962.162476,9.36250019,,,13.64,0.0,8.73,,,,,,0.0,,
2025-11-05 06:29:32+00:00,2025-11-05 06:29:32,,,,,,,,,,19.6612492,5.6875,969.0,962.650024,9.73750019,,,13.64,0.0,8.73,,,,,,0.0,,
2025-11-05 06:29:33+00:00,2025-11-05 06:29:33,,,,,,,,,,19.6612492,5.7874999,969.0,963.137512,9.19999981,,,13.64,0.0,8.73,,,,,,0.0,,
2025-11-05 06:29:34+00:00,2025-11-05 06:29:34,,,,,,,,,,19.6612492,5.7874999,969.0,963.137512,9.19999981,,,13.64,0.0,8.73,,,,,,0.0,,
2025-11-05 06:29:35+00:00,2025-11-05 06:29:35,18.0,23.0,23.0,18.0,18.0,10.772123982398684,304.0,BO_O2_RULE,"제어매트릭스 규칙 적용: NOX_LOW (3단계 롤백, 4단계에서 Hz 변화 없음)",19.6612492,5.7796874,969.0,962.893738,9.5,,,13.64,0.0,8.73,,,,,,0.0,,
2025-11-05 06:29:36+00:00,2025-11-05 06:29:36,,,,,,,,,,19.6612492,5.7796874,969.0,962.893738,9.5,,,13.64,0.0,8.73,,,,,,0.0,,
2025-11-05 06:29:37+00:00,2025-11-05 06:29:37,,,,,,,,,,19.6612492,5.8609376,968.0,962.162476,9.51249981,,,13.64,0.0,8.73,,,,,,0.0,,
2025-11-05 06:29:38+00:00,2025-11-05 06:29:38,,,,,,,,,,19.6612492,5.8609376,968.0,962.162476,9.51249981,,,13.64,0.0,8.73,,,,,,0.0,,
2025-11-05 06:29:39+00:00,2025-11-05 06:29:39,,,,,,,,,,19.6612492,6.0296874,969.0,962.0,9.375,,,13.64,0.0,8.73,,,,,,0.0,,
2025-11-05 06:29:40+00:00,2025-11-05 06:29:40,18.0,23.0,23.0,18.0,18.0,10.724269552685321,304.0,BO_O2_RULE,"제어매트릭스 규칙 적용: NOX_LOW (3단계 롤백, 4단계에서 Hz 변화 없음)",19.6612492,6.0296874,969.0,962.0,9.375,,,13.64,0.0,8.73,,,,,,0.0,,
2025-11-05 06:29:41+00:00,2025-11-05 06:29:41,,,,,,,,,,19.6612492,6.0296874,969.0,962.162476,9.58749962,,,13.64,0.0,8.66,,,,,,0.0,,
2025-11-05 06:29:42+00:00,2025-11-05 06:29:42,,,,,,,,,,19.6612492,6.0296874,969.0,962.162476,9.58749962,,,13.64,0.0,8.66,,,,,,0.0,,
2025-11-05 06:29:43+00:00,2025-11-05 06:29:43,,,,,,,,,,19.6612492,6.12968731,968.0,962.650024,9.60000038,,,13.64,0.0,8.66,,,,,,0.0,,
2025-11-05 06:29:44+00:00,2025-11-05 06:29:44,,,,,,,,,,19.6612492,6.13749981,967.0,963.137512,9.83749962,,,13.64,0.0,8.66,,,,,,0.0,,
2025-11-05 06:29:45+00:00,2025-11-05 06:29:45,18.0,23.0,23.0,18.0,18.0,10.702122064122506,304.0,BO_O2_RULE,"제어매트릭스 규칙 적용: NOX_LOW (3단계 롤백, 4단계에서 Hz 변화 없음)",19.6612492,6.13749981,967.0,963.137512,9.83749962,,,13.64,0.0,8.66,,,,,,0.0,,
2025-11-05 06:29:46+00:00,2025-11-05 06:29:46,,,,,,,,,,19.6612492,6.27812481,969.0,962.081238,9.92500019,,,13.64,0.0,8.66,,,,,,0.0,,
2025-11-05 06:29:47+00:00,2025-11-05 06:29:47,,,,,,,,,,19.6612492,6.24687481,969.0,962.162476,10.1875,,,13.64,0.0,8.66,,,,,,0.0,,
2025-11-05 06:29:48+00:00,2025-11-05 06:29:48,,,,,,,,,,19.6612492,6.4000001,969.0,962.081238,10.0749998,,,13.64,0.0,8.66,,,,,,0.0,,
2025-11-05 06:29:49+00:00,2025-11-05 06:29:49,,,,,,,,,,19.6612492,6.4000001,969.0,962.081238,10.0749998,,,13.64,0.0,8.66,,,,,,0.0,,
2025-11-05 06:29:50+00:00,2025-11-05 06:29:50,18.0,23.0,23.0,18.0,18.0,10.941948870241696,304.0,BO_O2_RULE,"제어매트릭스 규칙 적용: NOX_LOW (3단계 롤백, 4단계에서 Hz 변화 없음)",19.6612492,6.46562481,969.0,962.325012,10.25,,,13.64,0.0,8.66,,,,,,0.0,,
2025-11-05 06:29:51+00:00,2025-11-05 06:29:51,,,,,,,,,,19.6612492,6.46562481,969.0,962.325012,10.25,,,13.64,0.0,9.47,,,,,,0.0,,
2025-11-05 06:29:52+00:00,2025-11-05 06:29:52,,,,,,,,,,19.6612492,6.46406269,969.0,960.862488,10.0124998,,,13.64,0.0,9.47,,,,,,0.0,,
2025-11-05 06:29:53+00:00,2025-11-05 06:29:53,,,,,,,,,,19.6612492,6.46406269,969.0,960.862488,10.0124998,,,13.64,0.0,9.47,,,,,,0.0,,
2025-11-05 06:29:54+00:00,2025-11-05 06:29:54,,,,,,,,,,19.6612492,6.5640626,967.0,961.674988,10.0749998,,,13.64,0.0,9.47,,,,,,0.0,,
2025-11-05 06:29:55+00:00,2025-11-05 06:29:55,18.0,22.0,22.0,18.0,18.0,11.305782166899055,304.0,BO_O2_RULE,"제어매트릭스 규칙 적용: NOX_LOW (3단계 롤백, 4단계에서 Hz 변화 없음)",19.6612492,6.5640626,967.0,961.674988,10.0749998,,,13.64,0.0,9.47,,,,,,0.0,,
2025-11-05 06:29:56+00:00,2025-11-05 06:29:56,,,,,,,,,,19.6612492,6.70625019,966.0,961.431274,9.6875,,,13.64,0.0,9.47,,,,,,0.0,,
2025-11-05 06:29:57+00:00,2025-11-05 06:29:57,,,,,,,,,,19.6612492,6.70625019,966.0,961.431274,9.6875,,,13.64,0.0,9.47,,,,,,0.0,,
2025-11-05 06:29:58+00:00,2025-11-05 06:29:58,,,,,,,,,,19.6612492,6.76093769,966.0,961.106262,9.78750038,,,13.64,0.0,9.47,,,,,,0.0,,
2025-11-05 06:29:59+00:00,2025-11-05 06:29:59,,,,,,,,,,19.6612492,6.76093769,966.0,961.106262,9.78750038,,,13.64,0.0,9.47,,,,,,0.0,,
2025-11-05 06:30:00+00:00,2025-11-05 06:30:00,18.0,22.0,22.0,18.0,18.0,10.89751088403816,304.0,BO_O2_RULE,"제어매트릭스 규칙 적용: NOX_LOW (3단계 롤백, 4단계에서 Hz 변화 없음)",19.6612492,6.76093769,966.0,960.618774,9.58749962,,3.0,13.64,0.0,9.47,,,,,,0.0,,
2025-11-05 06:30:01+00:00,2025-11-05 06:30:01,,,,,,,,,,19.6612492,6.88593769,967.0,960.943726,9.88749981,,,13.64,0.0,9.31,,,,,,0.0,,
2025-11-05 06:30:02+00:00,2025-11-05 06:30:02,,,,,,,,,,19.6612492,6.88593769,967.0,960.943726,9.88749981,,,13.64,0.0,9.31,,,,,,0.0,,
2025-11-05 06:30:03+00:00,2025-11-05 06:30:03,,,,,,,,,,19.6612492,6.9203124,967.0,959.318726,10.0124998,,,13.64,0.0,9.31,,,,,,0.0,,
2025-11-05 06:30:04+00:00,2025-11-05 06:30:04,,,,,,,,,,19.6612492,6.94218731,966.0,959.481262,9.63749981,,,13.64,0.0,9.31,,,,,,0.0,,
2025-11-05 06:30:05+00:00,2025-11-05 06:30:05,18.0,22.0,22.0,18.0,18.0,11.009781506944432,304.0,BO_O2_RULE,"제어매트릭스 규칙 적용: NOX_LOW (3단계 롤백, 4단계에서 Hz 변화 없음)",19.6612492,6.94218731,966.0,959.481262,9.63749981,,,13.64,0.0,9.31,,,,,,0.0,,
2025-11-05 06:30:06+00:00,2025-11-05 06:30:06,,,,,,,,,,19.6612492,7.0250001,966.0,959.481262,9.83749962,,,13.64,0.0,9.31,,,,,,0.0,,
2025-11-05 06:30:07+00:00,2025-11-05 06:30:07,,,,,,,,,,19.6612492,7.05000019,967.0,958.506226,10.0375004,,,13.64,0.0,9.31,,,,,,0.0,,
2025-11-05 06:30:08+00:00,2025-11-05 06:30:08,,,,,,,,,,19.6612492,7.05000019,967.0,958.506226,10.0375004,,,13.64,0.0,9.31,,,,,,0.0,,
2025-11-05 06:30:09+00:00,2025-11-05 06:30:09,,,,,,,,,,19.6612492,7.1109376,966.0,958.993774,9.82499981,,,13.64,0.0,9.31,,,,,,0.0,,
2025-11-05 06:30:10+00:00,2025-11-05 06:30:10,18.0,22.0,22.0,18.0,18.0,11.212361416824335,304.0,BO_O2_RULE,"제어매트릭스 규칙 적용: NOX_LOW (3단계 롤백, 4단계에서 Hz 변화 없음)",19.6612492,7.1109376,966.0,958.993774,9.82499981,,,13.64,0.0,9.19,,,,,,0.0,,
2025-11-05 06:30:11+00:00,2025-11-05 06:30:11,,,,,,,,,,19.6612492,7.16718769,967.0,959.400024,9.71249962,,,13.64,0.0,9.19,,,,,,0.0,,
2025-11-05 06:30:12+00:00,2025-11-05 06:30:12,,,,,,,,,,19.6612492,7.16718769,967.0,959.400024,9.71249962,,,13.64,0.0,9.19,,,,,,0.0,,
2025-11-05 06:30:13+00:00,2025-11-05 06:30:13,,,,,,,,,,19.6612492,7.2437501,965.0,958.668762,9.89999962,,,13.64,0.0,9.19,,,,,,0.0,,
2025-11-05 06:30:14+00:00,2025-11-05 06:30:14,,,,,,,,,,19.6612492,7.2437501,965.0,958.668762,9.89999962,,,13.64,0.0,9.19,,,,,,0.0,,
2025-11-05 06:30:15+00:00,2025-11-05 06:30:15,18.0,22.0,22.0,18.0,18.0,10.907262405962099,304.0,BO_O2_RULE,"제어매트릭스 규칙 적용: NOX_LOW (3단계 롤백, 4단계에서 Hz 변화 없음)",19.6612492,7.33125019,965.0,960.049988,9.94999981,,,13.64,0.0,9.19,,,,,,0.0,,
2025-11-05 06:30:16+00:00,2025-11-05 06:30:16,,,,,,,,,,19.6612492,7.33125019,965.0,960.049988,9.94999981,,,13.64,0.0,9.19,,,,,,0.0,,
2025-11-05 06:30:17+00:00,2025-11-05 06:30:17,,,,,,,,,,19.6612492,7.3375001,966.0,959.318726,10.125,,,13.64,0.0,9.19,,,,,,0.0,,
2025-11-05 06:30:18+00:00,2025-11-05 06:30:18,,,,,,,,,,19.6612492,7.3375001,966.0,959.318726,10.125,,,13.64,0.0,9.19,,,,,,0.0,,
2025-11-05 06:30:19+00:00,2025-11-05 06:30:19,,,,,,,,,,19.6612492,7.4749999,966.0,957.612488,9.91250038,,,13.64,0.0,9.19,,,,,,0.0,,
2025-11-05 06:30:20+00:00,2025-11-05 06:30:20,18.0,21.0,21.0,18.0,18.0,11.1800187762751,304.0,BO_O2_RULE,"제어매트릭스 규칙 적용: NOX_LOW (3단계 롤백, 4단계에서 Hz 변화 없음)",19.6612492,7.45625019,967.0,957.775024,9.88749981,,,13.64,0.0,9.19,,,,,,0.0,,
2025-11-05 06:30:21+00:00,2025-11-05 06:30:21,,,,,,,,,,19.6612492,7.45625019,967.0,957.775024,9.88749981,,,13.64,0.0,9.33,,,,,,0.0,,
2025-11-05 06:30:22+00:00,2025-11-05 06:30:22,,,,,,,,,,19.6612492,7.55937481,967.0,957.9375,9.89999962,,,13.64,0.0,9.33,,,,,,0.0,,
2025-11-05 06:30:23+00:00,2025-11-05 06:30:23,,,,,,,,,,19.6612492,7.6078124,967.0,957.9375,9.64999962,,,13.64,0.0,9.33,,,,,,0.0,,
2025-11-05 06:30:24+00:00,2025-11-05 06:30:24,,,,,,,,,,19.6612492,7.578125,967.0,958.506226,9.71249962,,,13.64,0.0,9.33,,,,,,0.0,,
2025-11-05 06:30:25+00:00,2025-11-05 06:30:25,18.0,21.0,21.0,18.0,18.0,11.272301901249905,304.0,BO_O2_RULE,"제어매트릭스 규칙 적용: NOX_LOW (3단계 롤백, 4단계에서 Hz 변화 없음)",19.6612492,7.578125,967.0,958.506226,9.71249962,,,13.64,0.0,9.33,,,,,,0.0,,
2025-11-05 06:30:26+00:00,2025-11-05 06:30:26,,,,,,,,,,19.6612492,7.6156249,967.0,958.181274,9.94999981,,,13.64,0.0,9.33,,,,,,0.0,,
2025-11-05 06:30:27+00:00,2025-11-05 06:30:27,,,,,,,,,,19.6612492,7.6156249,967.0,958.181274,9.94999981,,,13.64,0.0,9.33,,,,,,0.0,,
2025-11-05 06:30:28+00:00,2025-11-05 06:30:28,,,,,,,,,,19.6612492,7.7281251,965.0,957.693726,9.77499962,,,13.64,0.0,9.33,,,,,,0.0,,
2025-11-05 06:30:29+00:00,2025-11-05 06:30:29,,,,,,,,,,19.6612492,7.7281251,965.0,957.693726,9.77499962,,,13.64,0.0,9.33,,,,,,0.0,,
2025-11-05 06:30:30+00:00,2025-11-05 06:30:30,18.0,21.0,21.0,18.0,18.0,10.841661607659427,304.0,BO_O2_RULE,"제어매트릭스 규칙 적용: NOX_LOW (3단계 롤백, 4단계에서 Hz 변화 없음)",19.6612492,7.6875,966.0,957.450012,10.1374998,,,13.64,0.0,9.38,,,,,,0.0,,
2025-11-05 06:30:31+00:00,2025-11-05 06:30:31,,,,,,,,,,19.6612492,7.6875,966.0,957.450012,10.1374998,,,13.64,0.0,9.38,,,,,,0.0,,
2025-11-05 06:30:32+00:00,2025-11-05 06:30:32,,,,,,,,,,19.6612492,7.6500001,966.0,958.181274,10.1374998,,,13.64,0.0,9.38,,,,,,0.0,,
2025-11-05 06:30:33+00:00,2025-11-05 06:30:33,,,,,,,,,,19.6612492,7.6500001,966.0,958.181274,10.1374998,,,13.64,0.0,9.38,,,,,,0.0,,
2025-11-05 06:30:34+00:00,2025-11-05 06:30:34,,,,,,,,,,,,,,,,,,,,,,,,,,,
2025-11-05 06:30:35+00:00,2025-11-05 06:30:35,18.0,21.0,21.0,18.0,18.0,10.483472210131826,304.0,BO_O2_RULE,"제어매트릭스 규칙 적용: NOX_LOW (3단계 롤백, 4단계에서 Hz 변화 없음)",19.6612492,7.5406251,966.0,958.181274,10.1374998,,,13.64,0.0,9.38,,,,,,0.0,,
2025-11-05 06:30:36+00:00,2025-11-05 06:30:36,,,,,,,,,,19.6612492,7.5406251,966.0,957.368774,10.3000002,,,13.64,0.0,9.38,,,,,,0.0,,
2025-11-05 06:30:37+00:00,2025-11-05 06:30:37,,,,,,,,,,19.6612492,7.359375,968.0,957.368774,10.3000002,,,13.64,0.0,9.38,,,,,,0.0,,
2025-11-05 06:30:38+00:00,2025-11-05 06:30:38,,,,,,,,,,19.6612492,7.203125,966.0,958.34375,10.1999998,,,13.64,0.0,9.38,,,,,,0.0,,
2025-11-05 06:30:39+00:00,2025-11-05 06:30:39,,,,,,,,,,19.6612492,7.05937481,967.0,958.34375,10.3125,,,13.64,0.0,9.38,,,,,,0.0,,
2025-11-05 06:30:40+00:00,2025-11-05 06:30:40,18.0,21.0,21.0,18.0,18.0,10.315745716915934,304.0,BO_O2_RULE,"제어매트릭스 규칙 적용: NOX_LOW (3단계 롤백, 4단계에서 Hz 변화 없음)",19.6612492,7.05937481,967.0,957.775024,10.3125,,,13.64,0.0,9.38,,,,,,0.0,,
2025-11-05 06:30:41+00:00,2025-11-05 06:30:41,,,,,,,,,,19.6612492,6.69999981,967.0,957.450012,10.6875,,,13.64,0.0,9.72,,,,,,0.0,,
2025-11-05 06:30:42+00:00,2025-11-05 06:30:42,,,,,,,,,,19.6612492,6.69999981,967.0,957.450012,10.6875,,,13.64,0.0,9.72,,,,,,0.0,,
2025-11-05 06:30:43+00:00,2025-11-05 06:30:43,,,,,,,,,,19.6612492,6.3343749,966.0,957.9375,10.6499996,,,13.64,0.0,9.72,,,,,,0.0,,
2025-11-05 06:30:44+00:00,2025-11-05 06:30:44,,,,,,,,,,19.6612492,6.1546874,967.0,957.368774,10.8874998,,,13.64,0.0,9.72,,,,,,0.0,,
2025-11-05 06:30:45+00:00,2025-11-05 06:30:45,18.0,22.0,22.0,18.0,18.0,11.002693078782663,304.0,BO_O2_RULE,"제어매트릭스 규칙 적용: NOX_LOW (3단계 롤백, 4단계에서 Hz 변화 없음)",19.6612492,6.1546874,967.0,957.368774,10.8874998,,,13.64,0.0,9.72,,,,,,0.0,,
2025-11-05 06:30:46+00:00,2025-11-05 06:30:46,,,,,,,,,,19.6612492,5.8140626,966.0,958.181274,9.73750019,,,13.64,0.0,9.72,,,,,,0.0,,
2025-11-05 06:30:47+00:00,2025-11-05 06:30:47,,,,,,,,,,19.6612492,5.8140626,966.0,958.181274,9.73750019,,,13.64,0.0,9.72,,,,,,0.0,,
2025-11-05 06:30:48+00:00,2025-11-05 06:30:48,,,,,,,,,,19.6612492,5.4906249,967.0,958.181274,9.91250038,,,13.64,0.0,9.72,,,,,,0.0,,
2025-11-05 06:30:49+00:00,2025-11-05 06:30:49,,,,,,,,,,19.6612492,5.4906249,967.0,958.181274,9.91250038,,,13.64,0.0,9.72,,,,,,0.0,,
2025-11-05 06:30:50+00:00,2025-11-05 06:30:50,18.0,23.0,23.0,18.0,18.0,10.105348270508308,304.0,BO_O2_RULE,"제어매트릭스 규칙 적용: NOX_LOW (3단계 롤백, 4단계에서 Hz 변화 없음)",19.6612492,5.3765626,967.0,958.181274,9.92500019,,,13.64,0.0,9.72,,,,,,0.0,,
2025-11-05 06:30:51+00:00,2025-11-05 06:30:51,,,,,,,,,,19.6612492,5.3765626,967.0,957.612488,9.92500019,,,13.64,0.0,9.72,,,,,,0.0,,
2025-11-05 06:30:52+00:00,2025-11-05 06:30:52,,,,,,,,,,19.6612492,5.20625019,967.0,957.043762,9.71249962,,,13.64,0.0,9.14,,,,,,0.0,,
2025-11-05 06:30:53+00:00,2025-11-05 06:30:53,,,,,,,,,,19.6612492,5.20625019,967.0,957.043762,9.71249962,,,13.64,0.0,9.14,,,,,,0.0,,
2025-11-05 06:30:54+00:00,2025-11-05 06:30:54,,,,,,,,,,19.6612492,5.09687519,967.0,958.099976,9.98750019,,,13.64,0.0,9.14,,,,,,0.0,,
2025-11-05 06:30:55+00:00,2025-11-05 06:30:55,18.0,23.0,23.0,18.0,18.0,10.017976107426227,304.0,BO_O2_RULE,"제어매트릭스 규칙 적용: NOX_LOW (3단계 롤백, 4단계에서 Hz 변화 없음)",19.6612492,5.09687519,967.0,958.099976,9.98750019,,,13.64,0.0,9.14,,,,,,0.0,,
2025-11-05 06:30:56+00:00,2025-11-05 06:30:56,,,,,,,,,,19.6612492,5.02031231,966.0,958.912476,9.86250019,,,13.64,0.0,9.14,,,,,,0.0,,
2025-11-05 06:30:57+00:00,2025-11-05 06:30:57,,,,,,,,,,19.6612492,5.02031231,966.0,958.912476,9.86250019,,,13.64,0.0,9.14,,,,,,0.0,,
2025-11-05 06:30:58+00:00,2025-11-05 06:30:58,,,,,,,,,,19.6612492,4.9312501,967.0,958.993774,10.1875,,,13.64,0.0,9.14,,,,,,0.0,,
2025-11-05 06:30:59+00:00,2025-11-05 06:30:59,,,,,,,,,,19.6612492,4.88593769,969.0,959.318726,10.4250002,,,13.64,0.0,9.14,,,,,,0.0,,
2025-11-05 06:31:00+00:00,2025-11-05 06:31:00,18.0,23.0,23.0,18.0,18.0,9.447674954306704,304.0,BO_O2_RULE,"제어매트릭스 규칙 적용: NOX_LOW (3단계 롤백, 4단계에서 Hz 변화 없음)",19.6612492,4.88593769,969.0,959.318726,10.4250002,,3.0,13.64,0.0,9.14,,,,,,0.0,,
2025-11-05 06:31:01+00:00,2025-11-05 06:31:01,,,,,,,,,,19.6612492,4.8499999,968.0,958.993774,10.3374996,,,13.64,0.0,9.14,,,,,,0.0,,
2025-11-05 06:31:02+00:00,2025-11-05 06:31:02,,,,,,,,,,19.6612492,4.8499999,968.0,958.993774,10.3374996,,,13.64,0.0,9.52,,,,,,0.0,,
2025-11-05 06:31:03+00:00,2025-11-05 06:31:03,,,,,,,,,,19.6612492,4.72968769,968.0,960.049988,10.5874996,,,13.64,0.0,9.52,,,,,,0.0,,
2025-11-05 06:31:04+00:00,2025-11-05 06:31:04,,,,,,,,,,19.6612492,4.72968769,968.0,959.15625,10.2749996,,,13.64,0.0,9.52,,,,,,0.0,,
2025-11-05 06:31:05+00:00,2025-11-05 06:31:05,18.0,23.0,23.0,18.0,18.0,9.094839647939477,304.0,BO_O2_RULE,"제어매트릭스 규칙 적용: NOX_LOW (3단계 롤백, 4단계에서 Hz 변화 없음)",19.6612492,4.6500001,968.0,959.15625,10.2749996,,,13.64,0.0,9.52,,,,,,0.0,,
2025-11-05 06:31:06+00:00,2025-11-05 06:31:06,,,,,,,,,,19.6612492,4.6500001,968.0,958.993774,9.32499981,,,13.64,0.0,9.52,,,,,,0.0,,
2025-11-05 06:31:07+00:00,2025-11-05 06:31:07,,,,,,,,,,19.6612492,4.5250001,968.0,958.993774,9.32499981,,,13.64,0.0,9.52,,,,,,0.0,,
2025-11-05 06:31:08+00:00,2025-11-05 06:31:08,,,,,,,,,,19.6612492,4.45781231,968.0,960.862488,9.22500038,,,13.64,0.0,9.52,,,,,,0.0,,
2025-11-05 06:31:09+00:00,2025-11-05 06:31:09,,,,,,,,,,19.6612492,4.45781231,968.0,960.862488,9.22500038,,,13.64,0.0,9.52,,,,,,0.0,,
2025-11-05 06:31:10+00:00,2025-11-05 06:31:10,18.0,22.0,22.0,18.0,18.0,9.003667141882422,304.0,BO_O2_RULE,"제어매트릭스 규칙 적용: NOX_LOW (3단계 롤백, 4단계에서 Hz 변화 없음)",19.6612492,4.25468731,969.0,960.862488,9.42500019,,,13.64,0.0,9.52,,,,,,0.0,,
2025-11-05 06:31:11+00:00,2025-11-05 06:31:11,,,,,,,,,,19.6612492,4.25468731,969.0,960.862488,9.42500019,,,13.64,0.0,8.64,,,,,,0.0,,
2025-11-05 06:31:12+00:00,2025-11-05 06:31:12,,,,,,,,,,19.6612492,4.1656251,968.0,960.456238,9.42500019,,,13.64,0.0,8.64,,,,,,0.0,,
2025-11-05 06:31:13+00:00,2025-11-05 06:31:13,,,,,,,,,,19.6612492,4.1656251,968.0,960.456238,9.30000019,,,13.64,0.0,8.64,,,,,,0.0,,
2025-11-05 06:31:14+00:00,2025-11-05 06:31:14,,,,,,,,,,19.6612492,4.07499981,968.0,963.21875,9.30000019,,,13.64,0.0,8.64,,,,,,0.0,,
2025-11-05 06:31:15+00:00,2025-11-05 06:31:15,18.0,22.0,22.0,18.0,18.0,9.003667141882422,304.0,BO_O2_RULE,"제어매트릭스 규칙 적용: NOX_LOW (3단계 롤백, 4단계에서 Hz 변화 없음)",19.6612492,4.0093751,968.0,962.893738,9.38749981,,,13.64,0.0,8.64,,,,,,0.0,,
2025-11-05 06:31:16+00:00,2025-11-05 06:31:16,,,,,,,,,,19.6612492,4.0093751,968.0,962.893738,9.38749981,,,13.64,0.0,8.64,,,,,,0.0,,
2025-11-05 06:31:17+00:00,2025-11-05 06:31:17,,,,,,,,,,19.6612492,3.8765626,968.0,962.0,9.4375,,,13.64,0.0,8.64,,,,,,0.0,,
2025-11-05 06:31:18+00:00,2025-11-05 06:31:18,,,,,,,,,,19.6612492,3.8531251,968.0,962.40625,9.86250019,,,13.64,0.0,8.64,,,,,,0.0,,
2025-11-05 06:31:19+00:00,2025-11-05 06:31:19,,,,,,,,,,19.6612492,3.8531251,968.0,962.40625,9.86250019,,,13.64,0.0,8.64,,,,,,0.0,,
2025-11-05 06:31:20+00:00,2025-11-05 06:31:20,18.0,21.0,21.0,18.0,18.0,9.237752481566407,304.0,BO_O2_RULE,"제어매트릭스 규칙 적용: NOX_LOW (3단계 롤백, 4단계에서 Hz 변화 없음)",19.6612492,3.81718755,968.0,963.21875,9.80000019,,,13.64,0.0,8.64,,,,,,0.0,,
2025-11-05 06:31:21+00:00,2025-11-05 06:31:21,,,,,,,,,,19.6612492,3.81718755,968.0,963.21875,9.80000019,,,13.64,0.0,8.64,,,,,,0.0,,
2025-11-05 06:31:22+00:00,2025-11-05 06:31:22,,,,,,,,,,19.6612492,3.7953124,968.0,963.21875,9.83749962,,,13.64,0.0,8.87,,,,,,0.0,,
2025-11-05 06:31:23+00:00,2025-11-05 06:31:23,,,,,,,,,,19.6612492,3.7953124,968.0,963.21875,9.83749962,,,13.64,0.0,8.87,,,,,,0.0,,
2025-11-05 06:31:24+00:00,2025-11-05 06:31:24,,,,,,,,,,19.6612492,3.7953124,968.0,963.21875,9.83749962,,,13.64,0.0,8.87,,,,,,0.0,,
2025-11-05 06:31:25+00:00,2025-11-05 06:31:25,18.0,18.0,18.0,18.0,18.0,8.97540777528234,100.0,BO_ONLY,"BO 모델 결과만 사용 (1단계 롤백, 2~4단계에서 Hz 변화 없음)",19.6612492,3.78593755,969.0,962.650024,9.64999962,,,13.64,0.0,8.87,,,,,,0.0,,
2025-11-05 06:31:26+00:00,2025-11-05 06:31:26,,,,,,,,,,19.6612492,3.78593755,969.0,962.650024,9.64999962,,,13.64,0.0,8.87,,,,,,0.0,,
2025-11-05 06:31:27+00:00,2025-11-05 06:31:27,,,,,,,,,,19.6612492,3.75,968.0,963.706238,9.11250019,,,13.64,0.0,8.87,,,,,,0.0,,
2025-11-05 06:31:28+00:00,2025-11-05 06:31:28,,,,,,,,,,19.6612492,3.75,968.0,963.706238,9.11250019,,,13.64,0.0,8.87,,,,,,0.0,,
2025-11-05 06:31:29+00:00,2025-11-05 06:31:29,,,,,,,,,,19.6612492,3.703125,968.0,964.112488,9.38749981,,,13.64,0.0,8.87,,,,,,0.0,,
2025-11-05 06:31:30+00:00,2025-11-05 06:31:30,18.0,18.0,18.0,18.0,18.0,9.167841133143309,100.0,BO_ONLY,"BO 모델 결과만 사용 (1단계 롤백, 2~4단계에서 Hz 변화 없음)",19.6612492,3.7093749,968.0,965.493774,9.30000019,,,13.64,0.0,8.87,,,,,,0.0,,
2025-11-05 06:31:31+00:00,2025-11-05 06:31:31,,,,,,,,,,19.6612492,3.625,968.0,966.549988,9.64999962,,,13.64,0.0,8.74,,,,,,0.0,,
2025-11-05 06:31:32+00:00,2025-11-05 06:31:32,,,,,,,,,,19.6612492,3.6187501,968.0,967.849976,9.71249962,,,13.64,0.0,8.74,,,,,,0.0,,
2025-11-05 06:31:33+00:00,2025-11-05 06:31:33,,,,,,,,,,19.6612492,3.6187501,968.0,967.849976,9.71249962,,,13.64,0.0,8.74,,,,,,0.0,,
2025-11-05 06:31:34+00:00,2025-11-05 06:31:34,,,,,,,,,,19.6612492,3.5859375,968.0,968.418762,9.67500019,,,13.64,0.0,8.74,,,,,,0.0,,
2025-11-05 06:31:35+00:00,2025-11-05 06:31:35,18.0,18.0,18.0,18.0,18.0,10.89346797897269,100.0,BO_ONLY,"BO 모델 결과만 사용 (1단계 롤백, 2~4단계에서 Hz 변화 없음)",19.6612492,3.59687495,969.0,968.825012,9.69999981,,,13.64,0.0,8.74,,,,,,0.0,,
2025-11-05 06:31:36+00:00,2025-11-05 06:31:36,,,,,,,,,,19.6612492,3.59687495,969.0,968.825012,9.69999981,,,13.64,0.0,8.74,,,,,,0.0,,
2025-11-05 06:31:37+00:00,2025-11-05 06:31:37,,,,,,,,,,19.6612492,3.61406255,969.0,969.637512,9.5625,,,13.64,0.0,8.74,,,,,,0.0,,
2025-11-05 06:31:38+00:00,2025-11-05 06:31:38,,,,,,,,,,19.6612492,3.61406255,969.0,969.637512,9.5625,,,13.64,0.0,8.74,,,,,,0.0,,
2025-11-05 06:31:39+00:00,2025-11-05 06:31:39,,,,,,,,,,19.6612492,3.59062505,969.0,968.5,9.66250038,,,13.64,0.0,8.74,,,,,,0.0,,
2025-11-05 06:31:40+00:00,2025-11-05 06:31:40,18.0,18.0,18.0,18.0,18.0,10.842069070986517,100.0,BO_ONLY,"BO 모델 결과만 사용 (1단계 롤백, 2~4단계에서 Hz 변화 없음)",19.6612492,3.578125,969.0,969.474976,9.26249981,,,13.64,0.0,9.02,,,,,,0.0,,
2025-11-05 06:31:41+00:00,2025-11-05 06:31:41,,,,,,,,,,19.6612492,3.578125,969.0,969.474976,9.26249981,,,13.64,0.0,9.02,,,,,,0.0,,
2025-11-05 06:31:42+00:00,2025-11-05 06:31:42,,,,,,,,,,19.6612492,3.53437495,970.0,969.962524,9.6875,,,13.64,0.0,9.02,,,,,,0.0,,
2025-11-05 06:31:43+00:00,2025-11-05 06:31:43,,,,,,,,,,19.6612492,3.53437495,970.0,969.962524,9.6875,,,13.64,0.0,9.02,,,,,,0.0,,
2025-11-05 06:31:44+00:00,2025-11-05 06:31:44,,,,,,,,,,19.6612492,3.4921875,970.0,968.825012,9.82499981,,,13.64,0.0,9.02,,,,,,0.0,,
2025-11-05 06:31:45+00:00,2025-11-05 06:31:45,18.0,18.0,18.0,18.0,18.0,10.685904640944202,100.0,BO_ONLY,"BO 모델 결과만 사용 (1단계 롤백, 2~4단계에서 Hz 변화 없음)",19.6612492,3.4921875,970.0,968.825012,9.82499981,,,13.64,0.0,9.02,,,,,,0.0,,
2025-11-05 06:31:46+00:00,2025-11-05 06:31:46,,,,,,,,,,19.6612492,3.4765625,970.0,971.018738,9.5625,,,13.64,0.0,9.02,,,,,,0.0,,
2025-11-05 06:31:47+00:00,2025-11-05 06:31:47,,,,,,,,,,19.6612492,3.48749995,970.0,970.612488,9.69999981,,,13.64,0.0,9.02,,,,,,0.0,,
2025-11-05 06:31:48+00:00,2025-11-05 06:31:48,,,,,,,,,,19.6612492,3.48749995,970.0,970.612488,9.69999981,,,13.64,0.0,9.02,,,,,,0.0,,
2025-11-05 06:31:49+00:00,2025-11-05 06:31:49,,,,,,,,,,19.6612492,3.5531249,969.0,972.806274,9.47500038,,,13.64,0.0,9.02,,,,,,0.0,,
2025-11-05 06:31:50+00:00,2025-11-05 06:31:50,18.0,18.0,18.0,18.0,18.0,10.618069689640853,100.0,BO_ONLY,"BO 모델 결과만 사용 (1단계 롤백, 2~4단계에서 Hz 변화 없음)",19.6612492,3.5406251,969.0,972.5625,9.51249981,,,13.64,0.0,8.99,,,,,,0.0,,
2025-11-05 06:31:51+00:00,2025-11-05 06:31:51,,,,,,,,,,19.6612492,3.54218745,970.0,973.131226,9.53750038,,,13.64,0.0,8.99,,,,,,0.0,,
2025-11-05 06:31:52+00:00,2025-11-05 06:31:52,,,,,,,,,,19.6612492,3.54218745,970.0,973.131226,9.53750038,,,13.64,0.0,8.99,,,,,,0.0,,
2025-11-05 06:31:53+00:00,2025-11-05 06:31:53,,,,,,,,,,19.6612492,3.56718755,969.0,972.318726,9.27499962,,,13.64,0.0,8.99,,,,,,0.0,,
2025-11-05 06:31:54+00:00,2025-11-05 06:31:54,,,,,,,,,,19.6612492,3.56718755,969.0,972.318726,9.27499962,,,13.64,0.0,8.99,,,,,,0.0,,
2025-11-05 06:31:55+00:00,2025-11-05 06:31:55,18.0,18.0,18.0,18.0,18.0,10.64706771434872,100.0,BO_ONLY,"BO 모델 결과만 사용 (1단계 롤백, 2~4단계에서 Hz 변화 없음)",19.6612492,3.52812505,970.0,974.59375,8.85000038,,,13.64,0.0,8.99,,,,,,0.0,,
2025-11-05 06:31:56+00:00,2025-11-05 06:31:56,,,,,,,,,,19.6612492,3.52812505,970.0,974.59375,8.85000038,,,13.64,0.0,8.99,,,,,,0.0,,
2025-11-05 06:31:57+00:00,2025-11-05 06:31:57,,,,,,,,,,19.6612492,3.5640626,972.0,974.59375,8.91250038,,,13.64,0.0,8.99,,,,,,0.0,,
2025-11-05 06:31:58+00:00,2025-11-05 06:31:58,,,,,,,,,,19.6612492,3.5640626,972.0,974.59375,8.91250038,,,13.64,0.0,8.99,,,,,,0.0,,
2025-11-05 06:31:59+00:00,2025-11-05 06:31:59,,,,,,,,,,19.6612492,3.625,971.0,976.056274,8.82499981,,,13.64,0.0,8.99,,,,,,0.0,,
2025-11-05 06:32:00+00:00,2025-11-05 06:32:00,18.0,18.0,18.0,18.0,18.0,10.771184583503869,100.0,BO_ONLY,"BO 모델 결과만 사용 (1단계 롤백, 2~4단계에서 Hz 변화 없음)",19.6612492,3.6578126,972.0,976.462524,8.52499962,,3.0,13.64,0.0,8.99,,,,,,0.0,,
2025-11-05 06:32:01+00:00,2025-11-05 06:32:01,,,,,,,,,,19.6612492,3.6578126,972.0,976.462524,8.52499962,,,13.64,0.0,8.32,,,,,,0.0,,
2025-11-05 06:32:02+00:00,2025-11-05 06:32:02,,,,,,,,,,19.6612492,3.71406245,972.0,975.40625,8.53750038,,,13.64,0.0,8.32,,,,,,0.0,,
2025-11-05 06:32:03+00:00,2025-11-05 06:32:03,,,,,,,,,,19.6612492,3.74531245,972.0,975.162476,8.41250038,,,13.64,0.0,8.32,,,,,,0.0,,
2025-11-05 06:32:04+00:00,2025-11-05 06:32:04,,,,,,,,,,19.6612492,3.765625,973.0,976.21875,8.67500019,,,13.64,0.0,8.32,,,,,,0.0,,
2025-11-05 06:32:05+00:00,2025-11-05 06:32:05,18.0,18.0,18.0,18.0,18.0,11.095071486670358,100.0,BO_ONLY,"BO 모델 결과만 사용 (1단계 롤백, 2~4단계에서 Hz 변화 없음)",19.6612492,3.765625,973.0,976.21875,8.67500019,,,13.64,0.0,8.32,,,,,,0.0,,
2025-11-05 06:32:06+00:00,2025-11-05 06:32:06,,,,,,,,,,19.6612492,3.71875,972.0,975.243774,9.80000019,,,13.64,0.0,8.32,,,,,,0.0,,
2025-11-05 06:32:07+00:00,2025-11-05 06:32:07,,,,,,,,,,19.6612492,3.71875,972.0,975.243774,9.80000019,,,13.64,0.0,8.32,,,,,,0.0,,
2025-11-05 06:32:08+00:00,2025-11-05 06:32:08,,,,,,,,,,19.6612492,3.8109374,972.0,977.193726,9.41250038,,,13.64,0.0,8.32,,,,,,0.0,,
2025-11-05 06:32:09+00:00,2025-11-05 06:32:09,,,,,,,,,,19.6612492,3.8125,972.0,977.356262,9.38749981,,,13.64,0.0,8.32,,,,,,0.0,,
2025-11-05 06:32:10+00:00,2025-11-05 06:32:10,18.0,18.0,18.0,18.0,18.0,11.493566536044288,100.0,BO_ONLY,"BO 모델 결과만 사용 (1단계 롤백, 2~4단계에서 Hz 변화 없음)",19.6612492,3.8125,972.0,977.356262,9.38749981,,,13.64,0.0,8.94,,,,,,0.0,,
2025-11-05 06:32:11+00:00,2025-11-05 06:32:11,,,,,,,,,,19.6612492,3.80937505,973.0,977.84375,9.125,,,13.64,0.0,8.94,,,,,,0.0,,
2025-11-05 06:32:12+00:00,2025-11-05 06:32:12,,,,,,,,,,19.6612492,3.79999995,974.0,978.900024,9.10000038,,,13.64,0.0,8.94,,,,,,0.0,,
2025-11-05 06:32:13+00:00,2025-11-05 06:32:13,,,,,,,,,,19.6612492,3.79999995,974.0,978.900024,9.10000038,,,13.64,0.0,8.94,,,,,,0.0,,
2025-11-05 06:32:14+00:00,2025-11-05 06:32:14,,,,,,,,,,,,,,,,,,,,,,,,,,,
2025-11-05 06:32:15+00:00,2025-11-05 06:32:15,18.0,18.0,18.0,18.0,18.0,11.470004688013848,100.0,BO_ONLY,"BO 모델 결과만 사용 (1단계 롤백, 2~4단계에서 Hz 변화 없음)",19.6612492,3.79999995,974.0,979.387512,9.125,,,13.64,0.0,8.94,,,,,,0.0,,
2025-11-05 06:32:16+00:00,2025-11-05 06:32:16,,,,,,,,,,19.6612492,3.78593755,974.0,979.387512,9.125,,,13.64,0.0,8.94,,,,,,0.0,,
2025-11-05 06:32:17+00:00,2025-11-05 06:32:17,,,,,,,,,,19.6612492,3.7671876,973.0,981.012512,8.875,,,13.64,0.0,8.94,,,,,,0.0,,
2025-11-05 06:32:18+00:00,2025-11-05 06:32:18,,,,,,,,,,19.6612492,3.7671876,973.0,981.012512,8.875,,,13.64,0.0,8.94,,,,,,0.0,,
2025-11-05 06:32:19+00:00,2025-11-05 06:32:19,,,,,,,,,,19.6612492,3.72968745,973.0,981.662476,8.91250038,,,13.64,0.0,8.94,,,,,,0.0,,
2025-11-05 06:32:20+00:00,2025-11-05 06:32:20,18.0,18.0,18.0,18.0,18.0,11.70259440367103,100.0,BO_ONLY,"BO 모델 결과만 사용 (1단계 롤백, 2~4단계에서 Hz 변화 없음)",19.6612492,3.72968745,973.0,981.662476,8.91250038,,,13.64,0.0,8.94,,,,,,0.0,,
2025-11-05 06:32:21+00:00,2025-11-05 06:32:21,,,,,,,,,,19.6612492,3.6890626,975.0,982.637512,8.77499962,,,13.64,0.0,8.33,,,,,,0.0,,
2025-11-05 06:32:22+00:00,2025-11-05 06:32:22,,,,,,,,,,19.6612492,3.6890626,975.0,982.637512,8.77499962,,,13.64,0.0,8.33,,,,,,0.0,,
2025-11-05 06:32:23+00:00,2025-11-05 06:32:23,,,,,,,,,,19.6612492,3.671875,975.0,982.474976,8.92500019,,,13.64,0.0,8.33,,,,,,0.0,,
2025-11-05 06:32:24+00:00,2025-11-05 06:32:24,,,,,,,,,,19.6612492,3.67656255,974.0,981.987488,8.97500038,,,13.64,0.0,8.33,,,,,,0.0,,
2025-11-05 06:32:25+00:00,2025-11-05 06:32:25,18.0,18.0,18.0,18.0,18.0,11.676673036762384,100.0,BO_ONLY,"BO 모델 결과만 사용 (1단계 롤백, 2~4단계에서 Hz 변화 없음)",19.6612492,3.67656255,974.0,981.987488,8.97500038,,,13.64,0.0,8.33,,,,,,0.0,,
2025-11-05 06:32:26+00:00,2025-11-05 06:32:26,,,,,,,,,,19.6612492,3.671875,975.0,981.581238,9.88749981,,,13.64,0.0,8.33,,,,,,0.0,,
2025-11-05 06:32:27+00:00,2025-11-05 06:32:27,,,,,,,,,,19.6612492,3.671875,975.0,981.581238,9.88749981,,,13.64,0.0,8.33,,,,,,0.0,,
2025-11-05 06:32:28+00:00,2025-11-05 06:32:28,,,,,,,,,,19.6612492,3.6187501,975.0,983.9375,9.60000038,,,13.64,0.0,8.33,,,,,,0.0,,
2025-11-05 06:32:29+00:00,2025-11-05 06:32:29,,,,,,,,,,19.6612492,3.6078124,975.0,984.34375,9.94999981,,,13.64,0.0,8.33,,,,,,0.0,,
2025-11-05 06:32:30+00:00,2025-11-05 06:32:30,18.0,18.0,18.0,18.0,18.0,10.901125629736455,100.0,BO_ONLY,"BO 모델 결과만 사용 (1단계 롤백, 2~4단계에서 Hz 변화 없음)",19.6612492,3.6078124,975.0,984.34375,9.94999981,,,13.64,0.0,8.33,,,,,,0.0,,
2025-11-05 06:32:31+00:00,2025-11-05 06:32:31,,,,,,,,,,19.6612492,3.48125005,975.0,983.368774,9.83749962,,,13.64,0.0,8.33,,,,,,0.0,,
2025-11-05 06:32:32+00:00,2025-11-05 06:32:32,,,,,,,,,,19.6612492,3.48125005,975.0,983.368774,9.83749962,,,13.64,0.0,9.36,,,,,,0.0,,
2025-11-05 06:32:33+00:00,2025-11-05 06:32:33,,,,,,,,,,19.6612492,3.4625001,974.0,985.400024,9.73750019,,,13.64,0.0,9.36,,,,,,0.0,,
2025-11-05 06:32:34+00:00,2025-11-05 06:32:34,,,,,,,,,,19.6612492,3.4625001,974.0,985.400024,9.73750019,,,13.64,0.0,9.36,,,,,,0.0,,
2025-11-05 06:32:35+00:00,2025-11-05 06:32:35,18.0,18.0,18.0,18.0,18.0,10.651690799545397,100.0,BO_ONLY,"BO 모델 결과만 사용 (1단계 롤백, 2~4단계에서 Hz 변화 없음)",19.6612492,3.3968749,975.0,985.15625,9.97500038,,,13.64,0.0,9.36,,,,,,0.0,,
2025-11-05 06:32:36+00:00,2025-11-05 06:32:36,,,,,,,,,,19.6612492,3.3359375,974.0,985.5625,9.86250019,,,13.64,0.0,9.36,,,,,,0.0,,
2025-11-05 06:32:37+00:00,2025-11-05 06:32:37,,,,,,,,,,19.6612492,3.3359375,974.0,985.5625,9.86250019,,,13.64,0.0,9.36,,,,,,0.0,,
2025-11-05 06:32:38+00:00,2025-11-05 06:32:38,,,,,,,,,,19.6612492,3.265625,975.0,987.025024,9.76249981,,,13.64,0.0,9.36,,,,,,0.0,,
2025-11-05 06:32:39+00:00,2025-11-05 06:32:39,,,,,,,,,,19.6612492,3.265625,975.0,987.025024,9.76249981,,,13.64,0.0,9.36,,,,,,0.0,,
2025-11-05 06:32:40+00:00,2025-11-05 06:32:40,18.0,18.0,18.0,18.0,18.0,10.722614358564167,100.0,BO_ONLY,"BO 모델 결과만 사용 (1단계 롤백, 2~4단계에서 Hz 변화 없음)",19.6612492,3.27031255,974.0,987.512512,9.83749962,,,13.64,0.0,9.36,,,,,,0.0,,
2025-11-05 06:32:41+00:00,2025-11-05 06:32:41,,,,,,,,,,19.6612492,3.27031255,974.0,987.512512,9.83749962,,,13.64,0.0,9.36,,,,,,0.0,,
2025-11-05 06:32:42+00:00,2025-11-05 06:32:42,,,,,,,,,,19.6612492,3.27031255,975.0,988.40625,9.625,,,13.64,0.0,9.05,,,,,,0.0,,
2025-11-05 06:32:43+00:00,2025-11-05 06:32:43,,,,,,,,,,19.6612492,3.27031255,975.0,988.40625,9.625,,,13.64,0.0,9.05,,,,,,0.0,,
2025-11-05 06:32:44+00:00,2025-11-05 06:32:44,,,,,,,,,,19.6612492,3.1890626,975.0,988.325012,9.53750038,,,13.64,0.0,9.05,,,,,,0.0,,
2025-11-05 06:32:45+00:00,2025-11-05 06:32:45,18.0,18.0,18.0,18.0,18.0,10.54979949369293,100.0,BO_ONLY,"BO 모델 결과만 사용 (1단계 롤백, 2~4단계에서 Hz 변화 없음)",19.6612492,3.20000005,975.0,989.299988,9.71249962,,,13.64,0.0,9.05,,,,,,0.0,,
2025-11-05 06:32:46+00:00,2025-11-05 06:32:46,,,,,,,,,,19.6612492,3.20000005,975.0,989.299988,9.71249962,,,13.64,0.0,9.05,,,,,,0.0,,
2025-11-05 06:32:47+00:00,2025-11-05 06:32:47,,,,,,,,,,19.6612492,3.18281245,977.0,987.918762,8.78750038,,,13.64,0.0,9.05,,,,,,0.0,,
2025-11-05 06:32:48+00:00,2025-11-05 06:32:48,,,,,,,,,,19.6612492,3.18281245,977.0,987.918762,8.78750038,,,13.64,0.0,9.05,,,,,,0.0,,
2025-11-05 06:32:49+00:00,2025-11-05 06:32:49,,,,,,,,,,19.6612492,3.27031255,976.0,988.568726,9.26249981,,,13.64,0.0,9.05,,,,,,0.0,,
2025-11-05 06:32:50+00:00,2025-11-05 06:32:50,18.0,18.0,18.0,18.0,18.0,10.21442794728126,100.0,BO_ONLY,"BO 모델 결과만 사용 (1단계 롤백, 2~4단계에서 Hz 변화 없음)",19.6612492,3.26250005,976.0,991.006226,9.17500019,,,13.64,0.0,9.05,,,,,,0.0,,
2025-11-05 06:32:51+00:00,2025-11-05 06:32:51,,,,,,,,,,19.6612492,3.26093745,977.0,990.681274,9.32499981,,,13.64,0.0,8.49,,,,,,0.0,,
2025-11-05 06:32:52+00:00,2025-11-05 06:32:52,,,,,,,,,,19.6612492,3.26093745,977.0,990.681274,9.32499981,,,13.64,0.0,8.49,,,,,,0.0,,
2025-11-05 06:32:53+00:00,2025-11-05 06:32:53,,,,,,,,,,19.6612492,3.23125005,976.0,991.331238,9.125,,,13.64,0.0,8.49,,,,,,0.0,,
2025-11-05 06:32:54+00:00,2025-11-05 06:32:54,,,,,,,,,,19.6612492,3.2046876,977.0,992.143738,9.05000019,,,13.64,0.0,8.49,,,,,,0.0,,
2025-11-05 06:32:55+00:00,2025-11-05 06:32:55,18.0,18.0,18.0,18.0,18.0,10.511362522835137,100.0,BO_ONLY,"BO 모델 결과만 사용 (1단계 롤백, 2~4단계에서 Hz 변화 없음)",19.6612492,3.2046876,977.0,992.143738,9.05000019,,,13.64,0.0,8.49,,,,,,0.0,,
2025-11-05 06:32:56+00:00,2025-11-05 06:32:56,,,,,,,,,,19.6612492,3.265625,976.0,993.200012,8.875,,,13.64,0.0,8.49,,,,,,0.0,,
2025-11-05 06:32:57+00:00,2025-11-05 06:32:57,,,,,,,,,,19.6612492,3.2906251,976.0,993.118774,8.76249981,,,13.64,0.0,8.49,,,,,,0.0,,
2025-11-05 06:32:58+00:00,2025-11-05 06:32:58,,,,,,,,,,19.6612492,3.2906251,976.0,993.118774,8.76249981,,,13.64,0.0,8.49,,,,,,0.0,,
2025-11-05 06:32:59+00:00,2025-11-05 06:32:59,,,,,,,,,,19.6612492,3.2484374,977.0,995.474976,8.71249962,,,13.64,0.0,8.49,,,,,,0.0,,
2025-11-05 06:33:00+00:00,2025-11-05 06:33:00,18.0,18.0,18.0,18.0,18.0,10.509008247341223,100.0,BO_ONLY,"BO 모델 결과만 사용 (1단계 롤백, 2~4단계에서 Hz 변화 없음)",19.6612492,3.2359376,977.0,995.068726,8.78750038,,3.0,13.64,0.0,8.49,,,,,,0.0,,
2025-11-05 06:33:01+00:00,2025-11-05 06:33:01,,,,,,,,,,19.6612492,3.2359376,977.0,995.068726,8.78750038,,,13.64,0.0,8.41,,,,,,0.0,,
2025-11-05 06:33:02+00:00,2025-11-05 06:33:02,,,,,,,,,,19.6612492,3.3296876,977.0,995.068726,9.0625,,,13.64,0.0,8.41,,,,,,0.0,,
2025-11-05 06:33:03+00:00,2025-11-05 06:33:03,,,,,,,,,,19.6612492,3.27031255,977.0,994.743774,8.92500019,,,13.64,0.0,8.41,,,,,,0.0,,
2025-11-05 06:33:04+00:00,2025-11-05 06:33:04,,,,,,,,,,19.6612492,3.27031255,977.0,994.743774,8.92500019,,,13.64,0.0,8.41,,,,,,0.0,,
2025-11-05 06:33:05+00:00,2025-11-05 06:33:05,18.0,18.0,18.0,18.0,18.0,10.880302144742648,100.0,BO_ONLY,"BO 모델 결과만 사용 (1단계 롤백, 2~4단계에서 Hz 변화 없음)",19.6612492,3.3515625,977.0,995.150024,9.1875,,,13.64,0.0,8.41,,,,,,0.0,,
2025-11-05 06:33:06+00:00,2025-11-05 06:33:06,,,,,,,,,,19.6612492,3.3515625,977.0,995.150024,9.1875,,,13.64,0.0,8.41,,,,,,0.0,,
2025-11-05 06:33:07+00:00,2025-11-05 06:33:07,,,,,,,,,,19.6612492,3.3218751,977.0,994.825012,8.96249962,,,13.64,0.0,8.41,,,,,,0.0,,
2025-11-05 06:33:08+00:00,2025-11-05 06:33:08,,,,,,,,,,19.6612492,3.3218751,976.0,994.825012,8.96249962,,,13.64,0.0,8.41,,,,,,0.0,,
2025-11-05 06:33:09+00:00,2025-11-05 06:33:09,,,,,,,,,,19.6612492,3.37031245,977.0,996.125,9.0625,,,13.64,0.0,8.41,,,,,,0.0,,
2025-11-05 06:33:10+00:00,2025-11-05 06:33:10,18.0,18.0,18.0,18.0,18.0,10.18726962838409,100.0,BO_ONLY,"BO 모델 결과만 사용 (1단계 롤백, 2~4단계에서 Hz 변화 없음)",19.6612492,3.37031245,977.0,997.34375,9.08749962,,,13.64,0.0,8.41,,,,,,0.0,,
2025-11-05 06:33:11+00:00,2025-11-05 06:33:11,,,,,,,,,,19.6612492,3.36406255,976.0,997.34375,9.08749962,,,13.64,0.0,8.41,,,,,,0.0,,
2025-11-05 06:33:12+00:00,2025-11-05 06:33:12,,,,,,,,,,19.6612492,3.36406255,976.0,997.34375,9.08749962,,,13.64,0.0,8.61,,,,,,0.0,,
2025-11-05 06:33:13+00:00,2025-11-05 06:33:13,,,,,,,,,,19.6612492,3.3499999,976.0,997.912476,9.6875,,,13.64,0.0,8.61,,,,,,0.0,,
2025-11-05 06:33:14+00:00,2025-11-05 06:33:14,,,,,,,,,,19.6612492,3.421875,974.0,997.75,9.73750019,,,13.64,0.0,8.61,,,,,,0.0,,
2025-11-05 06:33:15+00:00,2025-11-05 06:33:15,18.0,19.0,19.0,18.0,18.0,9.714082432446018,304.0,BO_O2_RULE,"제어매트릭스 규칙 적용: NOX_LOW (3단계 롤백, 4단계에서 Hz 변화 없음)",19.6612492,3.421875,974.0,997.75,9.73750019,,,13.64,0.0,8.61,,,,,,0.0,,
2025-11-05 06:33:16+00:00,2025-11-05 06:33:16,,,,,,,,,,19.6612492,3.4859376,974.0,998.806274,10.0500002,,,13.64,0.0,8.61,,,,,,0.0,,
2025-11-05 06:33:17+00:00,2025-11-05 06:33:17,,,,,,,,,,19.6612492,3.4859376,974.0,998.806274,10.0500002,,,13.64,0.0,8.61,,,,,,0.0,,
2025-11-05 06:33:18+00:00,2025-11-05 06:33:18,,,,,,,,,,19.6612492,3.53125,975.0,999.375,10.0375004,,,13.64,0.0,8.61,,,,,,0.0,,
2025-11-05 06:33:19+00:00,2025-11-05 06:33:19,,,,,,,,,,19.6612492,3.56718755,974.0,999.78125,9.88749981,,,13.64,0.0,8.61,,,,,,0.0,,
2025-11-05 06:33:20+00:00,2025-11-05 06:33:20,18.0,20.0,20.0,18.0,18.0,10.147831328636512,304.0,BO_O2_RULE,"제어매트릭스 규칙 적용: NOX_LOW (3단계 롤백, 4단계에서 Hz 변화 없음)",19.6612492,3.56718755,974.0,999.78125,9.88749981,,,13.64,0.0,9.48,,,,,,0.0,,
2025-11-05 06:33:21+00:00,2025-11-05 06:33:21,,,,,,,,,,19.6612492,3.5562501,974.0,1001.16248,10.2749996,,,13.64,0.0,9.48,,,,,,0.0,,
2025-11-05 06:33:22+00:00,2025-11-05 06:33:22,,,,,,,,,,19.6612492,3.5562501,974.0,1001.16248,10.2749996,,,13.64,0.0,9.48,,,,,,0.0,,
2025-11-05 06:33:23+00:00,2025-11-05 06:33:23,,,,,,,,,,19.6612492,3.6734376,974.0,1000.91876,9.92500019,,,13.64,0.0,9.48,,,,,,0.0,,
2025-11-05 06:33:24+00:00,2025-11-05 06:33:24,,,,,,,,,,19.6612492,3.6734376,974.0,1000.91876,9.92500019,,,13.64,0.0,9.48,,,,,,0.0,,
2025-11-05 06:33:25+00:00,2025-11-05 06:33:25,18.0,20.0,20.0,18.0,18.0,10.802142780396563,304.0,BO_O2_RULE,"제어매트릭스 규칙 적용: NOX_LOW (3단계 롤백, 4단계에서 Hz 변화 없음)",19.6612492,3.63593745,975.0,1001.08124,10.3500004,,,13.64,0.0,9.48,,,,,,0.0,,
2025-11-05 06:33:26+00:00,2025-11-05 06:33:26,,,,,,,,,,19.6612492,3.63593745,975.0,1001.08124,10.3500004,,,13.64,0.0,9.48,,,,,,0.0,,
2025-11-05 06:33:27+00:00,2025-11-05 06:33:27,,,,,,,,,,19.6612492,3.6781249,975.0,1001.73126,10.1875,,,13.64,0.0,9.48,,,,,,0.0,,
2025-11-05 06:33:28+00:00,2025-11-05 06:33:28,,,,,,,,,,19.6612492,3.6781249,975.0,1001.73126,10.1875,,,13.64,0.0,9.48,,,,,,0.0,,
2025-11-05 06:33:29+00:00,2025-11-05 06:33:29,,,,,,,,,,19.6612492,3.71562505,975.0,1001.89374,9.98750019,,,13.64,0.0,9.48,,,,,,0.0,,
2025-11-05 06:33:30+00:00,2025-11-05 06:33:30,18.0,20.0,20.0,18.0,18.0,10.149931079215909,304.0,BO_O2_RULE,"제어매트릭스 규칙 적용: NOX_LOW (3단계 롤백, 4단계에서 Hz 변화 없음)",19.6612492,3.71875,974.0,1001.40625,10.0749998,,,13.64,0.0,9.5,,,,,,0.0,,
2025-11-05 06:33:31+00:00,2025-11-05 06:33:31,,,,,,,,,,19.6612492,3.71875,974.0,1001.40625,10.0749998,,,13.64,0.0,9.5,,,,,,0.0,,
2025-11-05 06:33:32+00:00,2025-11-05 06:33:32,,,,,,,,,,19.6612492,3.77656245,975.0,1003.35626,10.2749996,,,13.64,0.0,9.5,,,,,,0.0,,
2025-11-05 06:33:33+00:00,2025-11-05 06:33:33,,,,,,,,,,19.6612492,3.77656245,975.0,1003.35626,10.2749996,,,13.64,0.0,9.5,,,,,,0.0,,
2025-11-05 06:33:34+00:00,2025-11-05 06:33:34,,,,,,,,,,19.6612492,3.7953124,974.0,1002.54376,10.2749996,,,13.64,0.0,9.5,,,,,,0.0,,
2025-11-05 06:33:35+00:00,2025-11-05 06:33:35,18.0,21.0,21.0,18.0,18.0,10.11058772410408,304.0,BO_O2_RULE,"제어매트릭스 규칙 적용: NOX_LOW (3단계 롤백, 4단계에서 Hz 변화 없음)",19.6612492,3.7953124,974.0,1002.54376,10.375,,,13.64,0.0,9.5,,,,,,0.0,,
2025-11-05 06:33:36+00:00,2025-11-05 06:33:36,,,,,,,,,,19.6612492,3.79999995,975.0,1004.25,10.375,,,13.64,0.0,9.5,,,,,,0.0,,
2025-11-05 06:33:37+00:00,2025-11-05 06:33:37,,,,,,,,,,19.6612492,3.79999995,975.0,1004.25,10.1374998,,,13.64,0.0,9.5,,,,,,0.0,,
2025-11-05 06:33:38+00:00,2025-11-05 06:33:38,,,,,,,,,,19.6612492,3.79375005,974.0,1004.98126,10.0375004,,,13.64,0.0,9.5,,,,,,0.0,,
2025-11-05 06:33:39+00:00,2025-11-05 06:33:39,,,,,,,,,,19.6612492,3.7984376,975.0,1004.41248,10.4125004,,,13.64,0.0,9.5,,,,,,0.0,,
2025-11-05 06:33:40+00:00,2025-11-05 06:33:40,18.0,21.0,21.0,18.0,18.0,10.071539694678574,304.0,BO_O2_RULE,"제어매트릭스 규칙 적용: NOX_LOW (3단계 롤백, 4단계에서 Hz 변화 없음)",19.6612492,3.7984376,975.0,1004.41248,10.4125004,,,13.64,0.0,9.5,,,,,,0.0,,
2025-11-05 06:33:41+00:00,2025-11-05 06:33:41,,,,,,,,,,19.6612492,3.76093745,974.0,1006.44373,10.1125002,,,13.64,0.0,9.61,,,,,,0.0,,
2025-11-05 06:33:42+00:00,2025-11-05 06:33:42,,,,,,,,,,19.6612492,3.76093745,974.0,1006.44373,10.1125002,,,13.64,0.0,9.61,,,,,,0.0,,
2025-11-05 06:33:43+00:00,2025-11-05 06:33:43,,,,,,,,,,19.6612492,3.7593751,975.0,1006.28125,10.1125002,,,13.64,0.0,9.61,,,,,,0.0,,
2025-11-05 06:33:44+00:00,2025-11-05 06:33:44,,,,,,,,,,19.6612492,3.7593751,975.0,1006.28125,10.1125002,,,13.64,0.0,9.61,,,,,,0.0,,
2025-11-05 06:33:45+00:00,2025-11-05 06:33:45,18.0,21.0,21.0,18.0,18.0,10.122896652135985,304.0,BO_O2_RULE,"제어매트릭스 규칙 적용: NOX_LOW (3단계 롤백, 4단계에서 Hz 변화 없음)",19.6612492,3.80937505,975.0,1006.28125,9.94999981,,,13.64,0.0,9.61,,,,,,0.0,,
2025-11-05 06:33:46+00:00,2025-11-05 06:33:46,,,,,,,,,,19.6612492,3.7874999,975.0,1008.23126,9.42500019,,,13.64,0.0,9.61,,,,,,0.0,,
2025-11-05 06:33:47+00:00,2025-11-05 06:33:47,,,,,,,,,,19.6612492,3.7874999,975.0,1008.23126,9.42500019,,,13.64,0.0,9.61,,,,,,0.0,,
2025-11-05 06:33:48+00:00,2025-11-05 06:33:48,,,,,,,,,,19.6612492,3.80156255,975.0,1008.06873,9.77499962,,,13.64,0.0,9.61,,,,,,0.0,,
2025-11-05 06:33:49+00:00,2025-11-05 06:33:49,,,,,,,,,,19.6612492,3.81718755,975.0,1008.06873,9.73750019,,,13.64,0.0,9.61,,,,,,0.0,,
2025-11-05 06:33:50+00:00,2025-11-05 06:33:50,18.0,21.0,21.0,18.0,18.0,9.920948177031077,304.0,BO_O2_RULE,"제어매트릭스 규칙 적용: NOX_LOW (3단계 롤백, 4단계에서 Hz 변화 없음)",19.6612492,3.81718755,975.0,1008.79999,9.73750019,,,13.64,0.0,9.61,,,,,,0.0,,
2025-11-05 06:33:51+00:00,2025-11-05 06:33:51,,,,,,,,,,19.6612492,3.77656245,974.0,1008.79999,10.3125,,,13.64,0.0,9.34,,,,,,0.0,,
2025-11-05 06:33:52+00:00,2025-11-05 06:33:52,,,,,,,,,,19.6612492,3.8218751,974.0,1008.79999,10.6625004,,,13.64,0.0,9.34,,,,,,0.0,,
2025-11-05 06:33:53+00:00,2025-11-05 06:33:53,,,,,,,,,,19.6612492,3.8218751,974.0,1008.79999,10.6625004,,,13.64,0.0,9.34,,,,,,0.0,,
2025-11-05 06:33:54+00:00,2025-11-05 06:33:54,,,,,,,,,,,,,,,,,,,,,,,,,,,
2025-11-05 06:33:55+00:00,2025-11-05 06:33:55,18.0,21.0,21.0,18.0,18.0,10.21975850924758,304.0,BO_O2_RULE,"제어매트릭스 규칙 적용: NOX_LOW (3단계 롤백, 4단계에서 Hz 변화 없음)",19.6612492,3.7718749,975.0,1007.5,10.5749998,,,13.64,0.0,9.34,,,,,,0.0,,
2025-11-05 06:33:56+00:00,2025-11-05 06:33:56,,,,,,,,,,19.6612492,3.7718749,975.0,1007.5,10.5749998,,,13.64,0.0,9.34,,,,,,0.0,,
2025-11-05 06:33:57+00:00,2025-11-05 06:33:57,,,,,,,,,,19.6612492,3.78593755,975.0,1008.47498,10.3625002,,,13.64,0.0,9.34,,,,,,0.0,,
2025-11-05 06:33:58+00:00,2025-11-05 06:33:58,,,,,,,,,,19.6612492,3.78593755,975.0,1008.47498,10.3625002,,,13.64,0.0,9.34,,,,,,0.0,,
2025-11-05 06:33:59+00:00,2025-11-05 06:33:59,,,,,,,,,,19.6612492,3.7562499,975.0,1010.42499,10.2624998,,,13.64,0.0,9.34,,,,,,0.0,,
2025-11-05 06:34:00+00:00,2025-11-05 06:34:00,18.0,21.0,21.0,18.0,18.0,10.138419470198562,304.0,BO_O2_RULE,"제어매트릭스 규칙 적용: NOX_LOW (3단계 롤백, 4단계에서 Hz 변화 없음)",19.6612492,3.7562499,975.0,1010.42499,10.2624998,,3.0,13.64,0.0,9.34,,,,,,0.0,,
2025-11-05 06:34:01+00:00,2025-11-05 06:34:01,,,,,,,,,,19.6612492,3.83906245,974.0,1010.34375,10.4499998,,,13.64,0.0,9.83,,,,,,0.0,,
2025-11-05 06:34:02+00:00,2025-11-05 06:34:02,,,,,,,,,,19.6612492,3.83906245,974.0,1010.34375,10.4499998,,,13.64,0.0,9.83,,,,,,0.0,,
2025-11-05 06:34:03+00:00,2025-11-05 06:34:03,,,,,,,,,,19.6612492,3.84375,975.0,1011.48126,10.5,,,13.64,0.0,9.83,,,,,,0.0,,
2025-11-05 06:34:04+00:00,2025-11-05 06:34:04,,,,,,,,,,19.6612492,3.84375,975.0,1011.48126,10.5,,,13.64,0.0,9.83,,,,,,0.0,,
2025-11-05 06:34:05+00:00,2025-11-05 06:34:05,18.0,21.0,21.0,18.0,18.0,10.061728206754683,304.0,BO_O2_RULE,"제어매트릭스 규칙 적용: NOX_LOW (3단계 롤백, 4단계에서 Hz 변화 없음)",19.6612492,3.8687501,975.0,1011.15625,10.4250002,,,13.64,0.0,9.83,,,,,,0.0,,
2025-11-05 06:34:06+00:00,2025-11-05 06:34:06,,,,,,,,,,19.6612492,3.8687501,975.0,1011.15625,10.4250002,,,13.64,0.0,9.83,,,,,,0.0,,
2025-11-05 06:34:07+00:00,2025-11-05 06:34:07,,,,,,,,,,19.6612492,3.828125,975.0,1011.64374,10.4125004,,,13.64,0.0,9.83,,,,,,0.0,,
2025-11-05 06:34:08+00:00,2025-11-05 06:34:08,,,,,,,,,,19.6612492,3.828125,975.0,1011.64374,10.4125004,,,13.64,0.0,9.83,,,,,,0.0,,
2025-11-05 06:34:09+00:00,2025-11-05 06:34:09,,,,,,,,,,19.6612492,3.87968755,974.0,1011.80627,10.4624996,,,13.64,0.0,9.83,,,,,,0.0,,
2025-11-05 06:34:10+00:00,2025-11-05 06:34:10,18.0,21.0,21.0,18.0,18.0,10.177549018302264,304.0,BO_O2_RULE,"제어매트릭스 규칙 적용: NOX_LOW (3단계 롤백, 4단계에서 Hz 변화 없음)",19.6612492,3.88593745,976.0,1011.80627,10.2749996,,,13.64,0.0,9.83,,,,,,0.0,,
2025-11-05 06:34:11+00:00,2025-11-05 06:34:11,,,,,,,,,,19.6612492,3.88593745,976.0,1011.23749,10.2749996,,,13.64,0.0,9.83,,,,,,0.0,,
2025-11-05 06:34:12+00:00,2025-11-05 06:34:12,,,,,,,,,,19.6612492,3.8828125,975.0,1010.99377,10.4125004,,,13.64,0.0,9.65,,,,,,0.0,,
2025-11-05 06:34:13+00:00,2025-11-05 06:34:13,,,,,,,,,,19.6612492,3.8828125,975.0,1010.99377,10.4125004,,,13.64,0.0,9.65,,,,,,0.0,,
2025-11-05 06:34:14+00:00,2025-11-05 06:34:14,,,,,,,,,,19.6612492,3.859375,975.0,1012.61877,10.5749998,,,13.64,0.0,9.65,,,,,,0.0,,
2025-11-05 06:34:15+00:00,2025-11-05 06:34:15,18.0,21.0,21.0,18.0,18.0,10.191483108648015,304.0,BO_O2_RULE,"제어매트릭스 규칙 적용: NOX_LOW (3단계 롤백, 4단계에서 Hz 변화 없음)",19.6612492,3.8265624,974.0,1012.45624,10.3999996,,,13.64,0.0,9.65,,,,,,0.0,,
2025-11-05 06:34:16+00:00,2025-11-05 06:34:16,,,,,,,,,,19.6612492,3.8265624,974.0,1012.45624,10.3999996,,,13.64,0.0,9.65,,,,,,0.0,,
2025-11-05 06:34:17+00:00,2025-11-05 06:34:17,,,,,,,,,,19.6612492,3.87031245,975.0,1012.70001,10.4250002,,,13.64,0.0,9.65,,,,,,0.0,,
2025-11-05 06:34:18+00:00,2025-11-05 06:34:18,,,,,,,,,,19.6612492,3.87031245,975.0,1012.70001,10.4250002,,,13.64,0.0,9.65,,,,,,0.0,,
2025-11-05 06:34:19+00:00,2025-11-05 06:34:19,,,,,,,,,,19.6612492,3.890625,975.0,1012.94373,10.3625002,,,13.64,0.0,9.65,,,,,,0.0,,
2025-11-05 06:34:20+00:00,2025-11-05 06:34:20,18.0,21.0,21.0,18.0,18.0,10.32324338687672,304.0,BO_O2_RULE,"제어매트릭스 규칙 적용: NOX_LOW (3단계 롤백, 4단계에서 Hz 변화 없음)",19.6612492,3.9124999,975.0,1012.70001,10.6750002,,,13.64,0.0,9.65,,,,,,0.0,,
2025-11-05 06:34:21+00:00,2025-11-05 06:34:21,,,,,,,,,,19.6612492,3.9124999,975.0,1012.70001,10.6750002,,,13.64,0.0,9.65,,,,,,0.0,,
2025-11-05 06:34:22+00:00,2025-11-05 06:34:22,,,,,,,,,,19.6612492,3.9625001,975.0,1014.40625,10.6499996,,,13.64,0.0,9.93,,,,,,0.0,,
2025-11-05 06:34:23+00:00,2025-11-05 06:34:23,,,,,,,,,,19.6612492,3.9625001,975.0,1014.40625,10.6499996,,,13.64,0.0,9.93,,,,,,0.0,,
2025-11-05 06:34:24+00:00,2025-11-05 06:34:24,,,,,,,,,,19.6612492,4.05781269,975.0,1014.08124,10.5375004,,,13.64,0.0,9.93,,,,,,0.0,,
2025-11-05 06:34:25+00:00,2025-11-05 06:34:25,18.0,22.0,22.0,18.0,18.0,10.441177742921637,304.0,BO_O2_RULE,"제어매트릭스 규칙 적용: NOX_LOW (3단계 롤백, 4단계에서 Hz 변화 없음)",19.6612492,4.05781269,975.0,1014.08124,10.5375004,,,13.64,0.0,9.93,,,,,,0.0,,
2025-11-05 06:34:26+00:00,2025-11-05 06:34:26,,,,,,,,,,19.6612492,4.15156269,974.0,1014.0,10.5749998,,,13.64,0.0,9.93,,,,,,0.0,,
2025-11-05 06:34:27+00:00,2025-11-05 06:34:27,,,,,,,,,,19.6612492,4.15156269,974.0,1014.0,10.5749998,,,13.64,0.0,9.93,,,,,,0.0,,
2025-11-05 06:34:28+00:00,2025-11-05 06:34:28,,,,,,,,,,19.6612492,4.1546874,973.0,1015.05627,10.6625004,,,13.64,0.0,9.93,,,,,,0.0,,
2025-11-05 06:34:29+00:00,2025-11-05 06:34:29,,,,,,,,,,19.6612492,4.2281251,973.0,1014.89374,10.4499998,,,13.64,0.0,9.93,,,,,,0.0,,
2025-11-05 06:34:30+00:00,2025-11-05 06:34:30,18.0,22.0,22.0,18.0,18.0,10.517583613183092,304.0,BO_O2_RULE,"제어매트릭스 규칙 적용: NOX_LOW (3단계 롤백, 4단계에서 Hz 변화 없음)",19.6612492,4.2437501,972.0,1014.8125,10.3374996,,,13.64,0.0,9.93,,,,,,0.0,,
2025-11-05 06:34:31+00:00,2025-11-05 06:34:31,,,,,,,,,,19.6612492,4.2437501,972.0,1014.8125,10.3374996,,,13.64,0.0,9.96,,,,,,0.0,,
2025-11-05 06:34:32+00:00,2025-11-05 06:34:32,,,,,,,,,,19.6612492,4.26249981,972.0,1015.13751,11.8500004,,,13.64,0.0,9.96,,,,,,0.0,,
2025-11-05 06:34:33+00:00,2025-11-05 06:34:33,,,,,,,,,,19.6612492,4.26249981,972.0,1015.13751,11.8500004,,,13.64,0.0,9.96,,,,,,0.0,,
2025-11-05 06:34:34+00:00,2025-11-05 06:34:34,,,,,,,,,,19.6612492,4.3843751,972.0,1015.38123,12.125,,,13.64,0.0,9.96,,,,,,0.0,,
2025-11-05 06:34:35+00:00,2025-11-05 06:34:35,18.0,22.0,22.0,18.0,18.0,10.507543101021964,304.0,BO_O2_RULE,"제어매트릭스 규칙 적용: NOX_LOW (3단계 롤백, 4단계에서 Hz 변화 없음)",19.6612492,4.3765626,974.0,1015.29999,11.8125,,,13.64,0.0,9.96,,,,,,0.0,,
2025-11-05 06:34:36+00:00,2025-11-05 06:34:36,,,,,,,,,,19.6612492,4.3765626,974.0,1015.29999,11.8125,,,13.64,0.0,9.96,,,,,,0.0,,
2025-11-05 06:34:37+00:00,2025-11-05 06:34:37,,,,,,,,,,19.6612492,4.53125,973.0,1015.21875,11.9125004,,,13.64,0.0,9.96,,,,,,0.0,,
2025-11-05 06:34:38+00:00,2025-11-05 06:34:38,,,,,,,,,,19.6612492,4.53125,973.0,1015.21875,11.9125004,,,13.64,0.0,9.96,,,,,,0.0,,
2025-11-05 06:34:39+00:00,2025-11-05 06:34:39,,,,,,,,,,19.6612492,4.53593731,973.0,1014.65002,11.7624998,,,13.64,0.0,9.96,,,,,,0.0,,
2025-11-05 06:34:40+00:00,2025-11-05 06:34:40,18.0,23.0,23.0,18.0,18.0,10.662304233913357,304.0,BO_O2_RULE,"제어매트릭스 규칙 적용: NOX_LOW (3단계 롤백, 4단계에서 Hz 변화 없음)",19.6612492,4.53593731,973.0,1014.65002,11.7624998,,,13.64,0.0,9.96,,,,,,0.0,,
2025-11-05 06:34:41+00:00,2025-11-05 06:34:41,,,,,,,,,,19.6612492,4.66718769,973.0,1014.40625,11.7250004,,,13.64,0.0,9.96,,,,,,0.0,,
2025-11-05 06:34:42+00:00,2025-11-05 06:34:42,,,,,,,,,,19.6612492,4.6859374,973.0,1014.24377,11.9125004,,,13.64,0.0,11.29,,,,,,0.0,,
2025-11-05 06:34:43+00:00,2025-11-05 06:34:43,,,,,,,,,,19.6612492,4.6859374,973.0,1014.24377,11.9125004,,,13.64,0.0,11.29,,,,,,0.0,,
2025-11-05 06:34:44+00:00,2025-11-05 06:34:44,,,,,,,,,,19.6612492,4.7109375,973.0,1014.8125,11.8249998,,,13.64,0.0,11.29,,,,,,0.0,,
2025-11-05 06:34:45+00:00,2025-11-05 06:34:45,18.0,23.0,23.0,18.0,18.0,10.568382871518525,304.0,BO_O2_RULE,"제어매트릭스 규칙 적용: NOX_LOW (3단계 롤백, 4단계에서 Hz 변화 없음)",19.6612492,4.7671876,973.0,1014.08124,11.4375,,,13.64,0.0,11.29,,,,,,0.0,,
2025-11-05 06:34:46+00:00,2025-11-05 06:34:46,,,,,,,,,,19.6612492,4.7671876,973.0,1014.08124,11.4375,,,13.64,0.0,11.29,,,,,,0.0,,
2025-11-05 06:34:47+00:00,2025-11-05 06:34:47,,,,,,,,,,19.6612492,4.80156231,973.0,1014.56873,12.1499996,,,13.64,0.0,11.29,,,,,,0.0,,
2025-11-05 06:34:48+00:00,2025-11-05 06:34:48,,,,,,,,,,19.6612492,4.86406231,973.0,1014.0,11.9875002,,,13.64,0.0,11.29,,,,,,0.0,,
2025-11-05 06:34:49+00:00,2025-11-05 06:34:49,,,,,,,,,,19.6612492,4.90312481,971.0,1014.8125,12.2749996,,,13.64,0.0,11.29,,,,,,0.0,,
2025-11-05 06:34:50+00:00,2025-11-05 06:34:50,18.0,24.0,24.0,18.0,18.0,10.636323445221624,304.0,BO_O2_RULE,"제어매트릭스 규칙 적용: NOX_LOW (3단계 롤백, 4단계에서 Hz 변화 없음)",19.6612492,4.90312481,971.0,1014.8125,12.2749996,,,13.64,0.0,11.29,,,,,,0.0,,
2025-11-05 06:34:51+00:00,2025-11-05 06:34:51,,,,,,,,,,19.6612492,4.96875,972.0,1014.48749,11.9375,,,13.64,0.0,11.47,,,,,,0.0,,
2025-11-05 06:34:52+00:00,2025-11-05 06:34:52,,,,,,,,,,19.6612492,4.96875,972.0,1014.48749,11.9375,,,13.64,0.0,11.47,,,,,,0.0,,
2025-11-05 06:34:53+00:00,2025-11-05 06:34:53,,,,,,,,,,19.6612492,5.0531249,972.0,1014.16248,11.8000002,,,13.64,0.0,11.47,,,,,,0.0,,
2025-11-05 06:34:54+00:00,2025-11-05 06:34:54,,,,,,,,,,19.6612492,4.98906231,972.0,1014.89374,11.7875004,,,13.64,0.0,11.47,,,,,,0.0,,
2025-11-05 06:34:55+00:00,2025-11-05 06:34:55,18.0,24.0,24.0,18.0,18.0,10.86293978530869,304.0,BO_O2_RULE,"제어매트릭스 규칙 적용: NOX_LOW (3단계 롤백, 4단계에서 Hz 변화 없음)",19.6612492,4.98906231,972.0,1014.89374,11.7875004,,,13.64,0.0,11.47,,,,,,0.0,,
2025-11-05 06:34:56+00:00,2025-11-05 06:34:56,,,,,,,,,,19.6612492,5.1156249,971.0,1014.32501,11.9125004,,,13.64,0.0,11.47,,,,,,0.0,,
2025-11-05 06:34:57+00:00,2025-11-05 06:34:57,,,,,,,,,,19.6612492,5.1312499,971.0,1014.40625,11.8874998,,,13.64,0.0,11.47,,,,,,0.0,,
2025-11-05 06:34:58+00:00,2025-11-05 06:34:58,,,,,,,,,,19.6612492,5.1312499,971.0,1014.40625,11.8874998,,,13.64,0.0,11.47,,,,,,0.0,,
2025-11-05 06:34:59+00:00,2025-11-05 06:34:59,,,,,,,,,,19.6612492,5.09062481,972.0,1014.40625,11.6750002,,,13.64,0.0,11.47,,,,,,0.0,,
2025-11-05 06:35:00+00:00,2025-11-05 06:35:00,18.0,25.0,25.0,18.0,18.0,10.95258299275099,304.0,BO_O2_RULE,"제어매트릭스 규칙 적용: NOX_LOW (3단계 롤백, 4단계에서 Hz 변화 없음)",19.6612492,5.09062481,972.0,1014.8125,11.6750002,,3.0,13.64,0.0,11.31,,,,,,0.0,,
2025-11-05 06:35:01+00:00,2025-11-05 06:35:01,,,,,,,,,,19.6612492,5.14531231,971.0,1014.8125,11.8000002,,,13.64,0.0,11.31,,,,,,0.0,,
2025-11-05 06:35:02+00:00,2025-11-05 06:35:02,,,,,,,,,,19.6612492,5.2484374,970.0,1014.8125,11.8249998,,,13.64,0.0,11.31,,,,,,0.0,,
2025-11-05 06:35:03+00:00,2025-11-05 06:35:03,,,,,,,,,,19.6612492,5.2484374,970.0,1014.08124,11.8249998,,,13.64,0.0,11.31,,,,,,0.0,,
2025-11-05 06:35:04+00:00,2025-11-05 06:35:04,,,,,,,,,,19.6612492,5.32499981,969.0,1014.08124,12.1000004,,,13.64,0.0,11.31,,,,,,0.0,,
2025-11-05 06:35:05+00:00,2025-11-05 06:35:05,18.0,25.0,25.0,18.0,18.0,11.041707400856485,304.0,BO_O2_RULE,"제어매트릭스 규칙 적용: NOX_LOW (3단계 롤백, 4단계에서 Hz 변화 없음)",19.6612492,5.35468769,969.0,1014.97498,11.7250004,,,13.64,0.0,11.31,,,,,,0.0,,
2025-11-05 06:35:06+00:00,2025-11-05 06:35:06,,,,,,,,,,19.6612492,5.35468769,969.0,1014.97498,11.7250004,,,13.64,0.0,11.31,,,,,,0.0,,
2025-11-05 06:35:07+00:00,2025-11-05 06:35:07,,,,,,,,,,19.6612492,5.4234376,969.0,1014.32501,11.7624998,,,13.64,0.0,11.31,,,,,,0.0,,
2025-11-05 06:35:08+00:00,2025-11-05 06:35:08,,,,,,,,,,19.6612492,5.4234376,969.0,1014.48749,11.7875004,,,13.64,0.0,11.31,,,,,,0.0,,
2025-11-05 06:35:09+00:00,2025-11-05 06:35:09,,,,,,,,,,19.6612492,5.4921875,970.0,1014.48749,11.7875004,,,13.64,0.0,11.31,,,,,,0.0,,
2025-11-05 06:35:10+00:00,2025-11-05 06:35:10,18.0,25.0,25.0,18.0,18.0,11.475238222576609,304.0,BO_O2_RULE,"제어매트릭스 규칙 적용: NOX_LOW (3단계 롤백, 4단계에서 Hz 변화 없음)",19.6612492,5.5171876,970.0,1015.05627,11.8625002,,,13.64,0.0,11.32,,,,,,0.0,,
2025-11-05 06:35:11+00:00,2025-11-05 06:35:11,,,,,,,,,,19.6612492,5.5171876,970.0,1015.05627,11.8625002,,,13.64,0.0,11.32,,,,,,0.0,,
2025-11-05 06:35:12+00:00,2025-11-05 06:35:12,,,,,,,,,,19.6612492,5.58125019,969.0,1014.48749,11.9499998,,,13.64,0.0,11.32,,,,,,0.0,,
2025-11-05 06:35:13+00:00,2025-11-05 06:35:13,,,,,,,,,,19.6612492,5.6953125,969.0,1015.21875,12.1000004,,,13.64,0.0,11.32,,,,,,0.0,,
2025-11-05 06:35:14+00:00,2025-11-05 06:35:14,,,,,,,,,,19.6612492,5.6953125,969.0,1015.21875,12.1000004,,,13.64,0.0,11.32,,,,,,0.0,,
2025-11-05 06:35:15+00:00,2025-11-05 06:35:15,18.0,26.0,26.0,18.0,18.0,11.701501549215477,304.0,BO_O2_RULE,"제어매트릭스 규칙 적용: NOX_LOW (3단계 롤백, 4단계에서 Hz 변화 없음)",19.6612492,5.796875,969.0,1014.56873,12.0375004,,,13.64,0.0,11.32,,,,,,0.0,,
2025-11-05 06:35:16+00:00,2025-11-05 06:35:16,,,,,,,,,,19.6612492,5.796875,969.0,1014.56873,12.0375004,,,13.64,0.0,11.32,,,,,,0.0,,
2025-11-05 06:35:17+00:00,2025-11-05 06:35:17,,,,,,,,,,19.6612492,5.88593769,969.0,1014.8125,11.0749998,,,13.64,0.0,11.32,,,,,,0.0,,
2025-11-05 06:35:18+00:00,2025-11-05 06:35:18,,,,,,,,,,19.6612492,5.88593769,969.0,1014.8125,11.0749998,,,13.64,0.0,11.32,,,,,,0.0,,
2025-11-05 06:35:19+00:00,2025-11-05 06:35:19,,,,,,,,,,19.6612492,6.01093769,968.0,1014.16248,11.1374998,,,13.64,0.0,11.32,,,,,,0.0,,
2025-11-05 06:35:20+00:00,2025-11-05 06:35:20,24.6612492,26.0,26.0,26.0,26.0,12.159915246726365,100.0,BO_ONLY,"BO 모델 결과만 사용 (1단계 롤백, 2~4단계에서 Hz 변화 없음)",19.6612492,6.01093769,968.0,1014.16248,11.1374998,,,13.64,0.0,11.32,,,,,,0.0,,
2025-11-05 06:35:21+00:00,2025-11-05 06:35:21,,,,,,,,,,19.6612492,6.01875019,968.0,1015.21875,11.125,,,13.64,0.0,10.56,,,,,,0.0,,
2025-11-05 06:35:22+00:00,2025-11-05 06:35:22,,,,,,,,,,19.6612492,6.01875019,968.0,1015.21875,11.125,,,13.64,0.0,10.56,,,,,,0.0,,
2025-11-05 06:35:23+00:00,2025-11-05 06:35:23,,,,,,,,,,19.6612492,6.18281269,968.0,1012.45624,11.4125004,,,13.64,0.0,10.56,,,,,,0.0,,
2025-11-05 06:35:24+00:00,2025-11-05 06:35:24,,,,,,,,,,19.6612492,6.25312519,969.0,1013.67499,11.4125004,,,13.64,0.0,10.56,,,,,,0.0,,
2025-11-05 06:35:25+00:00,2025-11-05 06:35:25,18.0,26.0,26.0,18.0,18.0,11.798707115481777,304.0,BO_O2_RULE,"제어매트릭스 규칙 적용: NOX_LOW (3단계 롤백, 4단계에서 Hz 변화 없음)",19.6612492,6.25312519,969.0,1013.67499,11.2250004,,,13.64,0.0,10.56,,,,,,0.0,,
2025-11-05 06:35:26+00:00,2025-11-05 06:35:26,,,,,,,,,,19.6612492,6.36406231,968.0,1012.61877,11.2250004,,,13.64,0.0,10.56,,,,,,0.0,,
2025-11-05 06:35:27+00:00,2025-11-05 06:35:27,,,,,,,,,,19.6612492,6.35468769,968.0,1013.75623,11.1999998,,,13.64,0.0,10.56,,,,,,0.0,,
2025-11-05 06:35:28+00:00,2025-11-05 06:35:28,,,,,,,,,,19.6612492,6.35468769,968.0,1013.75623,11.1999998,,,13.64,0.0,10.56,,,,,,0.0,,
2025-11-05 06:35:29+00:00,2025-11-05 06:35:29,,,,,,,,,,19.6612492,6.44843769,968.0,1010.91248,11.1625004,,,13.64,0.0,10.56,,,,,,0.0,,
2025-11-05 06:35:30+00:00,2025-11-05 06:35:30,24.6612492,25.0,25.0,25.0,25.0,12.29138573341623,100.0,BO_ONLY,"BO 모델 결과만 사용 (1단계 롤백, 2~4단계에서 Hz 변화 없음)",,,,,,,,,,,,,,,,,,
2025-11-05 06:35:31+00:00,2025-11-05 06:35:31,,,,,,,,,,19.6612492,6.44843769,968.0,1010.91248,11.1625004,,,13.64,0.0,10.57,,,,,,0.0,,
2025-11-05 06:35:32+00:00,2025-11-05 06:35:32,,,,,,,,,,19.6612492,6.55937481,968.0,1011.31873,11.1499996,,,13.64,0.0,10.57,,,,,,0.0,,
2025-11-05 06:35:33+00:00,2025-11-05 06:35:33,,,,,,,,,,19.6612492,6.55937481,968.0,1011.31873,11.1499996,,,13.64,0.0,10.57,,,,,,0.0,,
2025-11-05 06:35:34+00:00,2025-11-05 06:35:34,,,,,,,,,,19.6612492,6.68281269,969.0,1011.72498,10.9250002,,,13.64,0.0,10.57,,,,,,0.0,,
2025-11-05 06:35:35+00:00,2025-11-05 06:35:35,24.6612492,25.0,25.0,25.0,25.0,12.392510649964741,100.0,BO_ONLY,"BO 모델 결과만 사용 (1단계 롤백, 2~4단계에서 Hz 변화 없음)",19.6612492,6.68281269,969.0,1011.72498,10.9250002,,,13.64,0.0,10.57,,,,,,0.0,,
2025-11-05 06:35:36+00:00,2025-11-05 06:35:36,,,,,,,,,,19.6612492,6.78125,967.0,1010.58752,10.75,,,13.64,0.0,10.57,,,,,,0.0,,
2025-11-05 06:35:37+00:00,2025-11-05 06:35:37,,,,,,,,,,19.6612492,6.78125,967.0,1010.58752,10.75,,,13.64,0.0,10.57,,,,,,0.0,,
2025-11-05 06:35:38+00:00,2025-11-05 06:35:38,,,,,,,,,,19.6612492,6.8203125,968.0,1011.64374,10.9375,,,13.64,0.0,10.57,,,,,,0.0,,
2025-11-05 06:35:39+00:00,2025-11-05 06:35:39,,,,,,,,,,19.6612492,6.8203125,968.0,1011.64374,10.9375,,,13.64,0.0,10.57,,,,,,0.0,,
2025-11-05 06:35:40+00:00,2025-11-05 06:35:40,18.0,24.0,24.0,18.0,18.0,11.93957668341011,304.0,BO_O2_RULE,"제어매트릭스 규칙 적용: NOX_LOW (3단계 롤백, 4단계에서 Hz 변화 없음)",19.6612492,6.9140625,967.0,1010.91248,10.6999998,,,13.64,0.0,10.57,,,,,,0.0,,
2025-11-05 06:35:41+00:00,2025-11-05 06:35:41,,,,,,,,,,19.6612492,6.9140625,967.0,1010.91248,10.6999998,,,13.64,0.0,10.26,,,,,,0.0,,
2025-11-05 06:35:42+00:00,2025-11-05 06:35:42,,,,,,,,,,19.6612492,7.01875019,967.0,1010.91248,11.1125002,,,13.64,0.0,10.26,,,,,,0.0,,
2025-11-05 06:35:43+00:00,2025-11-05 06:35:43,,,,,,,,,,19.6612492,7.0609374,966.0,1009.85626,10.9250002,,,13.64,0.0,10.26,,,,,,0.0,,
2025-11-05 06:35:44+00:00,2025-11-05 06:35:44,,,,,,,,,,19.6612492,7.18437481,966.0,1008.47498,10.7250004,,,13.64,0.0,10.26,,,,,,0.0,,
2025-11-05 06:35:45+00:00,2025-11-05 06:35:45,24.0,24.0,24.0,24.0,24.0,12.152355809142023,100.0,BO_ONLY,"BO 모델 결과만 사용 (1단계 롤백, 2~4단계에서 Hz 변화 없음)",19.6612492,7.2171874,965.0,1008.55627,10.9875002,,,13.64,0.0,10.26,,,,,,0.0,,
2025-11-05 06:35:46+00:00,2025-11-05 06:35:46,,,,,,,,,,19.6612492,7.2171874,965.0,1008.55627,10.9875002,,,13.64,0.0,10.26,,,,,,0.0,,
2025-11-05 06:35:47+00:00,2025-11-05 06:35:47,,,,,,,,,,19.6612492,7.2171874,965.0,1008.55627,10.9875002,,,13.64,0.0,10.26,,,,,,0.0,,
2025-11-05 06:35:48+00:00,2025-11-05 06:35:48,,,,,,,,,,19.6612492,7.30156231,965.0,1007.82501,11.2624998,,,13.64,0.0,10.26,,,,,,0.0,,
2025-11-05 06:35:49+00:00,2025-11-05 06:35:49,,,,,,,,,,19.6612492,7.30156231,965.0,1007.82501,11.2624998,,,13.64,0.0,10.26,,,,,,0.0,,
2025-11-05 06:35:50+00:00,2025-11-05 06:35:50,24.0,24.0,24.0,24.0,24.0,12.338494864800776,100.0,BO_ONLY,"BO 모델 결과만 사용 (1단계 롤백, 2~4단계에서 Hz 변화 없음)",19.6612492,7.38593769,965.0,1007.90625,10.9624996,,,13.64,0.0,10.26,,,,,,0.0,,
2025-11-05 06:35:51+00:00,2025-11-05 06:35:51,,,,,,,,,,19.6612492,7.38593769,965.0,1007.90625,10.9624996,,,13.64,0.0,10.26,,,,,,0.0,,
2025-11-05 06:35:52+00:00,2025-11-05 06:35:52,,,,,,,,,,19.6612492,7.3812499,965.0,1008.79999,11.2250004,,,13.64,0.0,10.48,,,,,,0.0,,
2025-11-05 06:35:53+00:00,2025-11-05 06:35:53,,,,,,,,,,19.6612492,7.3812499,965.0,1008.79999,11.2250004,,,13.64,0.0,10.48,,,,,,0.0,,
2025-11-05 06:35:54+00:00,2025-11-05 06:35:54,,,,,,,,,,19.6612492,7.4375,965.0,1007.82501,11.1374998,,,13.64,0.0,10.48,,,,,,0.0,,
2025-11-05 06:35:55+00:00,2025-11-05 06:35:55,24.6612492,25.0,25.0,25.0,25.0,12.247634753363496,100.0,BO_ONLY,"BO 모델 결과만 사용 (1단계 롤백, 2~4단계에서 Hz 변화 없음)",19.6612492,7.4375,965.0,1007.82501,11.1374998,,,13.64,0.0,10.48,,,,,,0.0,,
2025-11-05 06:35:56+00:00,2025-11-05 06:35:56,,,,,,,,,,19.6612492,7.5093751,965.0,1006.44373,11.6999998,,,13.64,0.0,10.48,,,,,,0.0,,
2025-11-05 06:35:57+00:00,2025-11-05 06:35:57,,,,,,,,,,19.6612492,7.5093751,965.0,1006.44373,11.6999998,,,13.64,0.0,10.48,,,,,,0.0,,
2025-11-05 06:35:58+00:00,2025-11-05 06:35:58,,,,,,,,,,19.6612492,7.5765624,965.0,1006.6875,11.7875004,,,13.64,0.0,10.48,,,,,,0.0,,
2025-11-05 06:35:59+00:00,2025-11-05 06:35:59,,,,,,,,,,19.6612492,7.5765624,965.0,1006.6875,11.7875004,,,13.64,0.0,10.48,,,,,,0.0,,
2025-11-05 06:36:00+00:00,2025-11-05 06:36:00,24.6612492,25.0,25.0,25.0,25.0,12.898882966661175,100.0,BO_ONLY,"BO 모델 결과만 사용 (1단계 롤백, 2~4단계에서 Hz 변화 없음)",19.6612492,7.7281251,965.0,1004.98126,11.6374998,,3.0,13.64,0.0,10.48,,,,,,0.0,,
2025-11-05 06:36:01+00:00,2025-11-05 06:36:01,,,,,,,,,,19.6612492,7.671875,965.0,1004.33124,11.7875004,,,13.64,0.0,10.48,,,,,,0.0,,
2025-11-05 06:36:02+00:00,2025-11-05 06:36:02,,,,,,,,,,19.6612492,7.671875,965.0,1004.33124,11.7875004,,,10.55,0.0,11.2,,,,,,0.0,,
2025-11-05 06:36:03+00:00,2025-11-05 06:36:03,,,,,,,,,,19.6612492,7.73124981,963.0,1002.70624,11.7375002,,,10.55,0.0,11.2,,,,,,0.0,,
2025-11-05 06:36:04+00:00,2025-11-05 06:36:04,,,,,,,,,,19.6612492,7.73124981,963.0,1002.70624,11.7375002,,,10.55,0.0,11.2,,,,,,0.0,,
2025-11-05 06:36:05+00:00,2025-11-05 06:36:05,21.0,21.0,21.0,21.0,21.0,12.861309786809011,100.0,BO_ONLY,"BO 모델 결과만 사용 (1단계 롤백, 2~4단계에서 Hz 변화 없음)",19.6612492,7.8203125,964.0,1002.29999,11.7624998,,,10.55,0.0,11.2,,,,,,0.0,,
2025-11-05 06:36:06+00:00,2025-11-05 06:36:06,,,,,,,,,,19.6612492,7.8359375,964.0,1002.21875,11.625,,,10.55,0.0,11.2,,,,,,0.0,,
2025-11-05 06:36:07+00:00,2025-11-05 06:36:07,,,,,,,,,,19.6612492,7.8359375,963.0,1002.21875,11.625,,,10.55,0.0,11.2,,,,,,0.0,,
2025-11-05 06:36:08+00:00,2025-11-05 06:36:08,,,,,,,,,,19.6612492,7.93281269,963.0,1001.89374,11.7875004,,,10.55,0.0,11.2,,,,,,0.0,,
2025-11-05 06:36:09+00:00,2025-11-05 06:36:09,,,,,,,,,,19.6612492,7.96875,963.0,1001.89374,11.6625004,,,10.55,0.0,11.2,,,,,,0.0,,
2025-11-05 06:36:10+00:00,2025-11-05 06:36:10,21.0,21.0,21.0,21.0,21.0,12.93372411436912,100.0,BO_ONLY,"BO 모델 결과만 사용 (1단계 롤백, 2~4단계에서 Hz 변화 없음)",19.6612492,7.96875,963.0,1002.05627,11.6625004,,,10.55,0.0,11.2,,,,,,0.0,,
2025-11-05 06:36:11+00:00,2025-11-05 06:36:11,,,,,,,,,,19.6612492,7.9906249,963.0,1002.05627,11.8500004,,,10.55,0.0,11.35,,,,,,0.0,,
2025-11-05 06:36:12+00:00,2025-11-05 06:36:12,,,,,,,,,,19.6612492,7.9906249,963.0,1001.40625,11.8500004,,,10.55,0.0,11.35,,,,,,0.0,,
2025-11-05 06:36:13+00:00,2025-11-05 06:36:13,,,,,,,,,,19.6612492,8.00312519,961.0,1001.40625,12.0249996,,,10.55,0.0,11.35,,,,,,0.0,,
2025-11-05 06:36:14+00:00,2025-11-05 06:36:14,,,,,,,,,,19.6612492,8.00312519,961.0,1001.97498,12.0249996,,,10.55,0.0,11.35,,,,,,0.0,,
2025-11-05 06:36:15+00:00,2025-11-05 06:36:15,21.0,21.0,21.0,21.0,21.0,12.560682332810396,100.0,BO_ONLY,"BO 모델 결과만 사용 (1단계 롤백, 2~4단계에서 Hz 변화 없음)",19.6612492,8.12812519,962.0,1001.32501,11.6374998,,,10.55,0.0,11.35,,,,,,0.0,,
2025-11-05 06:36:16+00:00,2025-11-05 06:36:16,,,,,,,,,,19.6612492,8.12812519,962.0,1001.32501,11.6374998,,,10.55,0.0,11.35,,,,,,0.0,,
2025-11-05 06:36:17+00:00,2025-11-05 06:36:17,,,,,,,,,,19.6612492,8.09843731,962.0,999.700012,10.9624996,,,10.55,0.0,11.35,,,,,,0.0,,
2025-11-05 06:36:18+00:00,2025-11-05 06:36:18,,,,,,,,,,19.6612492,8.09843731,962.0,999.700012,10.9624996,,,10.55,0.0,11.35,,,,,,0.0,,
2025-11-05 06:36:19+00:00,2025-11-05 06:36:19,,,,,,,,,,19.6612492,8.20468712,961.0,997.993774,10.8374996,,,10.55,0.0,11.35,,,,,,0.0,,
2025-11-05 06:36:20+00:00,2025-11-05 06:36:20,21.0,21.0,21.0,21.0,21.0,12.144393989878116,100.0,BO_ONLY,"BO 모델 결과만 사용 (1단계 롤백, 2~4단계에서 Hz 변화 없음)",19.6612492,8.171875,962.0,998.887512,10.8625002,,,10.55,0.0,11.35,,,,,,0.0,,
2025-11-05 06:36:21+00:00,2025-11-05 06:36:21,,,,,,,,,,19.6612492,8.171875,962.0,998.887512,10.8625002,,,10.55,0.0,11.35,,,,,,0.0,,
2025-11-05 06:36:22+00:00,2025-11-05 06:36:22,,,,,,,,,,19.6612492,8.27812481,962.0,998.887512,10.9750004,,,10.55,0.0,10.06,,,,,,0.0,,
2025-11-05 06:36:23+00:00,2025-11-05 06:36:23,,,,,,,,,,19.6612492,8.34843731,962.0,998.887512,10.9624996,,,10.55,0.0,10.06,,,,,,0.0,,
2025-11-05 06:36:24+00:00,2025-11-05 06:36:24,,,,,,,,,,19.6612492,8.34843731,961.0,998.887512,10.9624996,,,10.55,0.0,10.06,,,,,,0.0,,
2025-11-05 06:36:25+00:00,2025-11-05 06:36:25,21.0,21.0,21.0,21.0,21.0,12.090104373385106,100.0,BO_ONLY,"BO 모델 결과만 사용 (1단계 롤백, 2~4단계에서 Hz 변화 없음)",19.6612492,8.30624962,961.0,997.34375,10.8999996,,,10.55,0.0,10.06,,,,,,0.0,,
2025-11-05 06:36:26+00:00,2025-11-05 06:36:26,,,,,,,,,,19.6612492,8.30624962,961.0,997.34375,10.8999996,,,10.55,0.0,10.06,,,,,,0.0,,
2025-11-05 06:36:27+00:00,2025-11-05 06:36:27,,,,,,,,,,19.6612492,8.35781288,961.0,997.424988,11.1125002,,,10.55,0.0,10.06,,,,,,0.0,,
2025-11-05 06:36:28+00:00,2025-11-05 06:36:28,,,,,,,,,,19.6612492,8.39218712,961.0,995.881226,11.1125002,,,10.55,0.0,10.06,,,,,,0.0,,
2025-11-05 06:36:29+00:00,2025-11-05 06:36:29,,,,,,,,,,19.6612492,8.51406288,963.0,995.799988,11.1999998,,,10.55,0.0,10.06,,,,,,0.0,,
2025-11-05 06:36:30+00:00,2025-11-05 06:36:30,18.0,22.0,22.0,18.0,18.0,11.725182373319349,304.0,BO_O2_RULE,"제어매트릭스 규칙 적용: NOX_LOW (3단계 롤백, 4단계에서 Hz 변화 없음)",19.6612492,8.51406288,963.0,995.799988,11.1999998,,,10.55,0.0,10.06,,,,,,0.0,,
2025-11-05 06:36:31+00:00,2025-11-05 06:36:31,,,,,,,,,,19.6612492,8.55937481,963.0,995.799988,11.4375,,,10.55,0.0,10.54,,,,,,0.0,,
2025-11-05 06:36:32+00:00,2025-11-05 06:36:32,,,,,,,,,,19.6612492,8.55937481,963.0,994.743774,11.4375,,,10.55,0.0,10.54,,,,,,0.0,,
2025-11-05 06:36:33+00:00,2025-11-05 06:36:33,,,,,,,,,,19.6612492,8.49843788,962.0,994.987488,11.5625,,,10.55,0.0,10.54,,,,,,0.0,,
2025-11-05 06:36:34+00:00,2025-11-05 06:36:34,,,,,,,,,,19.6612492,8.49843788,962.0,994.987488,11.5625,,,10.55,0.0,10.54,,,,,,0.0,,
2025-11-05 06:36:35+00:00,2025-11-05 06:36:35,22.0,22.0,22.0,22.0,22.0,12.275732138654439,100.0,BO_ONLY,"BO 모델 결과만 사용 (1단계 롤백, 2~4단계에서 Hz 변화 없음)",19.6612492,8.52187538,962.0,993.118774,10.3999996,,,10.55,0.0,10.54,,,,,,0.0,,
2025-11-05 06:36:36+00:00,2025-11-05 06:36:36,,,,,,,,,,19.6612492,8.52187538,962.0,993.118774,10.3999996,,,10.55,0.0,10.54,,,,,,0.0,,
2025-11-05 06:36:37+00:00,2025-11-05 06:36:37,,,,,,,,,,19.6612492,8.61406231,961.0,992.793762,10.1750002,,,10.55,0.0,10.54,,,,,,0.0,,
2025-11-05 06:36:38+00:00,2025-11-05 06:36:38,,,,,,,,,,19.6612492,8.61406231,961.0,992.793762,10.1750002,,,10.55,0.0,10.54,,,,,,0.0,,
2025-11-05 06:36:39+00:00,2025-11-05 06:36:39,,,,,,,,,,19.6612492,8.67343712,962.0,992.0625,10.25,,,10.55,0.0,10.54,,,,,,0.0,,
2025-11-05 06:36:40+00:00,2025-11-05 06:36:40,18.0,22.0,22.0,18.0,18.0,11.117927403947501,304.0,BO_O2_RULE,"제어매트릭스 규칙 적용: NOX_LOW (3단계 롤백, 4단계에서 Hz 변화 없음)",19.6612492,8.67343712,962.0,992.0625,10.25,,,10.55,0.0,9.75,,,,,,0.0,,
2025-11-05 06:36:41+00:00,2025-11-05 06:36:41,,,,,,,,,,19.6612492,8.75,962.0,990.193726,10.9624996,,,10.55,0.0,9.75,,,,,,0.0,,
2025-11-05 06:36:42+00:00,2025-11-05 06:36:42,,,,,,,,,,19.6612492,8.75,962.0,990.193726,10.9624996,,,10.55,0.0,9.75,,,,,,0.0,,
2025-11-05 06:36:43+00:00,2025-11-05 06:36:43,,,,,,,,,,19.6612492,8.7890625,962.0,988.40625,10.6750002,,,10.55,0.0,9.75,,,,,,0.0,,
2025-11-05 06:36:44+00:00,2025-11-05 06:36:44,,,,,,,,,,19.6612492,8.86874962,962.0,989.056274,10.8125,,,10.55,0.0,9.75,,,,,,0.0,,
2025-11-05 06:36:45+00:00,2025-11-05 06:36:45,18.0,21.0,21.0,18.0,18.0,11.915707679106811,304.0,BO_O2_RULE,"제어매트릭스 규칙 적용: NOX_LOW (3단계 롤백, 4단계에서 Hz 변화 없음)",19.6612492,8.86874962,962.0,989.056274,10.8125,,,10.55,0.0,9.75,,,,,,0.0,,
2025-11-05 06:36:46+00:00,2025-11-05 06:36:46,,,,,,,,,,19.6612492,8.86406231,962.0,989.21875,10.8500004,,,10.55,0.0,9.75,,,,,,0.0,,
2025-11-05 06:36:47+00:00,2025-11-05 06:36:47,,,,,,,,,,19.6612492,8.86406231,962.0,989.21875,10.8500004,,,10.55,0.0,9.75,,,,,,0.0,,
2025-11-05 06:36:48+00:00,2025-11-05 06:36:48,,,,,,,,,,19.6612492,8.90937519,961.0,989.462524,11.0500002,,,10.55,0.0,9.75,,,,,,0.0,,
2025-11-05 06:36:49+00:00,2025-11-05 06:36:49,,,,,,,,,,19.6612492,8.90937519,961.0,989.462524,11.0500002,,,10.55,0.0,9.75,,,,,,0.0,,
2025-11-05 06:36:50+00:00,2025-11-05 06:36:50,18.0,21.0,21.0,18.0,18.0,11.567273249059346,304.0,BO_O2_RULE,"제어매트릭스 규칙 적용: NOX_LOW (3단계 롤백, 4단계에서 Hz 변화 없음)",19.6612492,9.00937462,960.0,988.974976,11.0500002,,,10.55,0.0,10.11,,,,,,0.0,,
2025-11-05 06:36:51+00:00,2025-11-05 06:36:51,,,,,,,,,,19.6612492,9.00937462,960.0,988.974976,11.0500002,,,10.55,0.0,10.11,,,,,,0.0,,
2025-11-05 06:36:52+00:00,2025-11-05 06:36:52,,,,,,,,,,19.6612492,9.00156212,961.0,987.674988,11.1000004,,,10.55,0.0,10.11,,,,,,0.0,,
2025-11-05 06:36:53+00:00,2025-11-05 06:36:53,,,,,,,,,,19.6612492,9.00156212,961.0,987.674988,11.1000004,,,10.55,0.0,10.11,,,,,,0.0,,
2025-11-05 06:36:54+00:00,2025-11-05 06:36:54,,,,,,,,,,19.6612492,9.10468769,961.0,985.96875,10.7875004,,,10.55,0.0,10.11,,,,,,0.0,,
2025-11-05 06:36:55+00:00,2025-11-05 06:36:55,18.0,20.0,20.0,18.0,18.0,11.835847962184696,304.0,BO_O2_RULE,"제어매트릭스 규칙 적용: NOX_LOW (3단계 롤백, 4단계에서 Hz 변화 없음)",19.6612492,9.10468769,961.0,985.96875,10.7875004,,,10.55,0.0,10.11,,,,,,0.0,,
2025-11-05 06:36:56+00:00,2025-11-05 06:36:56,,,,,,,,,,19.6612492,9.11406231,961.0,984.831238,9.01249981,,,10.55,0.0,10.11,,,,,,0.0,,
2025-11-05 06:36:57+00:00,2025-11-05 06:36:57,,,,,,,,,,19.6612492,9.11406231,961.0,984.831238,9.01249981,,,10.55,0.0,10.11,,,,,,0.0,,
2025-11-05 06:36:58+00:00,2025-11-05 06:36:58,,,,,,,,,,19.6612492,9.171875,959.0,985.400024,8.98750019,,,10.55,0.0,10.11,,,,,,0.0,,
2025-11-05 06:36:59+00:00,2025-11-05 06:36:59,,,,,,,,,,19.6612492,9.171875,959.0,985.400024,8.98750019,,,10.55,0.0,10.11,,,,,,0.0,,
2025-11-05 06:37:00+00:00,2025-11-05 06:37:00,18.0,19.0,19.0,18.0,18.0,11.075512905927688,304.0,BO_O2_RULE,"제어매트릭스 규칙 적용: NOX_LOW (3단계 롤백, 4단계에서 Hz 변화 없음)",19.6612492,9.25,959.0,984.018738,9.23750019,,3.0,10.55,0.0,10.11,,,,,,0.0,,
2025-11-05 06:37:01+00:00,2025-11-05 06:37:01,,,,,,,,,,19.6612492,9.25,959.0,984.018738,9.23750019,,,10.55,0.0,8.63,,,,,,0.0,,
2025-11-05 06:37:02+00:00,2025-11-05 06:37:02,,,,,,,,,,19.6612492,9.21406269,958.0,982.637512,9.33749962,,,10.55,0.0,8.63,,,,,,0.0,,
2025-11-05 06:37:03+00:00,2025-11-05 06:37:03,,,,,,,,,,19.6612492,9.21406269,958.0,982.637512,9.33749962,,,10.55,0.0,8.63,,,,,,0.0,,
2025-11-05 06:37:04+00:00,2025-11-05 06:37:04,,,,,,,,,,19.6612492,9.2578125,958.0,982.637512,9.35000038,,,10.55,0.0,8.63,,,,,,0.0,,
2025-11-05 06:37:05+00:00,2025-11-05 06:37:05,18.0,19.0,19.0,18.0,18.0,11.147957188550711,304.0,BO_O2_RULE,"제어매트릭스 규칙 적용: NOX_LOW (3단계 롤백, 4단계에서 Hz 변화 없음)",19.6612492,9.2578125,958.0,982.637512,9.35000038,,,10.55,0.0,8.63,,,,,,0.0,,
2025-11-05 06:37:06+00:00,2025-11-05 06:37:06,,,,,,,,,,19.6612492,9.2578125,958.0,982.637512,9.35000038,,,10.55,0.0,8.63,,,,,,0.0,,
2025-11-05 06:37:07+00:00,2025-11-05 06:37:07,,,,,,,,,,19.6612492,9.34687519,958.0,982.637512,9.6875,,,10.55,0.0,8.63,,,,,,0.0,,
2025-11-05 06:37:08+00:00,2025-11-05 06:37:08,,,,,,,,,,19.6612492,9.34687519,959.0,982.231262,9.6875,,,10.55,0.0,8.63,,,,,,0.0,,
2025-11-05 06:37:09+00:00,2025-11-05 06:37:09,,,,,,,,,,19.6612492,9.45468712,959.0,982.231262,9.77499962,,,10.55,0.0,8.63,,,,,,0.0,,
2025-11-05 06:37:10+00:00,2025-11-05 06:37:10,18.0,19.0,19.0,18.0,18.0,11.328732316614214,304.0,BO_O2_RULE,"제어매트릭스 규칙 적용: NOX_LOW (3단계 롤백, 4단계에서 Hz 변화 없음)",19.6612492,9.4765625,959.0,980.200012,9.71249962,,,10.55,0.0,8.89,,,,,,0.0,,
2025-11-05 06:37:12+00:00,2025-11-05 06:37:12,,,,,,,,,,19.6612492,9.4765625,959.0,980.200012,9.71249962,,,10.55,0.0,8.89,,,,,,0.0,,
2025-11-05 06:37:13+00:00,2025-11-05 06:37:13,,,,,,,,,,19.6612492,9.54062462,959.0,978.575012,9.92500019,,,10.55,0.0,8.89,,,,,,0.0,,
2025-11-05 06:37:14+00:00,2025-11-05 06:37:14,,,,,,,,,,19.6612492,9.54062462,959.0,978.575012,9.92500019,,,10.55,0.0,8.89,,,,,,0.0,,
2025-11-05 06:37:15+00:00,2025-11-05 06:37:15,18.0,19.0,19.0,18.0,18.0,11.353208652140443,304.0,BO_O2_RULE,"제어매트릭스 규칙 적용: NOX_LOW (3단계 롤백, 4단계에서 Hz 변화 없음)",19.6612492,9.51093769,959.0,979.549988,9.60000038,,,10.55,0.0,8.89,,,,,,0.0,,
2025-11-05 06:37:16+00:00,2025-11-05 06:37:16,,,,,,,,,,19.6612492,9.52812481,959.0,977.193726,9.75,,,10.55,0.0,8.89,,,,,,0.0,,
2025-11-05 06:37:17+00:00,2025-11-05 06:37:17,,,,,,,,,,19.6612492,9.61406231,959.0,977.356262,9.98750019,,,10.55,0.0,8.89,,,,,,0.0,,
2025-11-05 06:37:18+00:00,2025-11-05 06:37:18,,,,,,,,,,19.6612492,9.61406231,959.0,977.356262,9.98750019,,,10.55,0.0,8.89,,,,,,0.0,,
2025-11-05 06:37:19+00:00,2025-11-05 06:37:19,,,,,,,,,,19.6612492,9.68124962,956.0,975.974976,9.75,,,10.55,0.0,8.89,,,,,,0.0,,
2025-11-05 06:37:20+00:00,2025-11-05 06:37:20,18.0,19.0,19.0,18.0,18.0,11.47135864672542,304.0,BO_O2_RULE,"제어매트릭스 규칙 적용: NOX_LOW (3단계 롤백, 4단계에서 Hz 변화 없음)",19.6612492,9.68124962,956.0,975.974976,9.75,,,10.55,0.0,8.89,,,,,,0.0,,
2025-11-05 06:37:21+00:00,2025-11-05 06:37:21,,,,,,,,,,19.6612492,9.7109375,958.0,976.21875,9.88749981,,,10.55,0.0,9.2,,,,,,0.0,,
2025-11-05 06:37:22+00:00,2025-11-05 06:37:22,,,,,,,,,,19.6612492,9.7109375,958.0,976.21875,9.88749981,,,10.55,0.0,9.2,,,,,,0.0,,
2025-11-05 06:37:23+00:00,2025-11-05 06:37:23,,,,,,,,,,19.6612492,9.77656269,956.0,975.325012,8.9375,,,10.55,0.0,9.2,,,,,,0.0,,
2025-11-05 06:37:24+00:00,2025-11-05 06:37:24,,,,,,,,,,19.6612492,9.77656269,956.0,975.325012,8.9375,,,10.55,0.0,9.2,,,,,,0.0,,
2025-11-05 06:37:25+00:00,2025-11-05 06:37:25,18.0,19.0,19.0,18.0,18.0,11.299304283171766,304.0,BO_O2_RULE,"제어매트릭스 규칙 적용: NOX_LOW (3단계 롤백, 4단계에서 Hz 변화 없음)",19.6612492,9.88593769,956.0,975.0,9.14999962,,,10.55,0.0,9.2,,,,,,0.0,,
2025-11-05 06:37:26+00:00,2025-11-05 06:37:26,,,,,,,,,,19.6612492,9.88593769,956.0,975.0,9.14999962,,,10.55,0.0,9.2,,,,,,0.0,,
2025-11-05 06:37:27+00:00,2025-11-05 06:37:27,,,,,,,,,,19.6612492,9.88593769,956.0,974.025024,9.14999962,,,10.55,0.0,9.2,,,,,,0.0,,
2025-11-05 06:37:28+00:00,2025-11-05 06:37:28,,,,,,,,,,19.6612492,9.88593769,958.0,974.025024,9.14999962,,,10.55,0.0,9.2,,,,,,0.0,,
2025-11-05 06:37:29+00:00,2025-11-05 06:37:29,,,,,,,,,,19.6612492,9.97812462,957.0,973.049988,9.28750038,,,10.55,0.0,9.2,,,,,,0.0,,
2025-11-05 06:37:30+00:00,2025-11-05 06:37:30,18.0,19.0,19.0,18.0,18.0,11.542538369355412,304.0,BO_O2_RULE,"제어매트릭스 규칙 적용: NOX_LOW (3단계 롤백, 4단계에서 Hz 변화 없음)",19.6612492,9.97812462,957.0,973.049988,9.28750038,,,10.55,0.0,9.2,,,,,,0.0,,
2025-11-05 06:37:31+00:00,2025-11-05 06:37:31,,,,,,,,,,19.6612492,10.0406246,957.0,972.96875,9.32499981,,,10.55,0.0,9.2,,,,,,0.0,,
2025-11-05 06:37:32+00:00,2025-11-05 06:37:32,,,,,,,,,,19.6612492,10.0406246,957.0,972.96875,9.32499981,,,10.55,0.0,8.68,,,,,,0.0,,
2025-11-05 06:37:33+00:00,2025-11-05 06:37:33,,,,,,,,,,19.6612492,10.1499996,956.0,971.262512,9.46249962,,,10.55,0.0,8.68,,,,,,0.0,,
2025-11-05 06:37:34+00:00,2025-11-05 06:37:34,,,,,,,,,,19.6612492,10.1359377,957.0,970.206238,9.4375,,,10.55,0.0,8.68,,,,,,0.0,,
2025-11-05 06:37:35+00:00,2025-11-05 06:37:35,18.0,19.0,19.0,18.0,18.0,11.807000338748113,304.0,BO_O2_RULE,"제어매트릭스 규칙 적용: NOX_LOW (3단계 롤백, 4단계에서 Hz 변화 없음)",19.6612492,10.1937504,956.0,969.474976,9.75,,,10.55,0.0,8.68,,,,,,0.0,,
2025-11-05 06:37:36+00:00,2025-11-05 06:37:36,,,,,,,,,,19.6612492,10.1937504,956.0,969.474976,9.75,,,10.55,0.0,8.68,,,,,,0.0,,
2025-11-05 06:37:37+00:00,2025-11-05 06:37:37,,,,,,,,,,19.6612492,10.3031254,957.0,969.068726,9.51249981,,,10.55,0.0,8.68,,,,,,0.0,,
2025-11-05 06:37:38+00:00,2025-11-05 06:37:38,,,,,,,,,,19.6612492,10.3265629,958.0,969.068726,9.4375,,,10.55,0.0,8.68,,,,,,0.0,,
2025-11-05 06:37:39+00:00,2025-11-05 06:37:39,,,,,,,,,,19.6612492,10.3265629,958.0,968.825012,9.4375,,,10.55,0.0,8.68,,,,,,0.0,,
2025-11-05 06:37:40+00:00,2025-11-05 06:37:40,18.0,19.0,19.0,18.0,18.0,11.94212742649573,304.0,BO_O2_RULE,"제어매트릭스 규칙 적용: NOX_LOW (3단계 롤백, 4단계에서 Hz 변화 없음)",19.6612492,10.2453127,958.0,968.825012,9.73750019,,,10.55,0.0,8.68,,,,,,0.0,,
2025-11-05 06:37:41+00:00,2025-11-05 06:37:41,,,,,,,,,,19.6612492,10.2453127,958.0,968.825012,9.73750019,,,10.55,0.0,9.01,,,,,,0.0,,
2025-11-05 06:37:42+00:00,2025-11-05 06:37:42,,,,,,,,,,19.6612492,10.2078123,957.0,969.71875,9.0625,,,10.55,0.0,9.01,,,,,,0.0,,
2025-11-05 06:37:43+00:00,2025-11-05 06:37:43,,,,,,,,,,19.6612492,10.2078123,957.0,969.71875,9.0625,,,10.55,0.0,9.01,,,,,,0.0,,
2025-11-05 06:37:44+00:00,2025-11-05 06:37:44,,,,,,,,,,19.6612492,10.1140623,957.0,968.987488,9.08749962,,,10.55,0.0,9.01,,,,,,0.0,,
2025-11-05 06:37:45+00:00,2025-11-05 06:37:45,18.0,19.0,19.0,18.0,18.0,11.325011869735018,304.0,BO_O2_RULE,"제어매트릭스 규칙 적용: NOX_LOW (3단계 롤백, 4단계에서 Hz 변화 없음)",19.6612492,10.0609379,956.0,968.012512,9.05000019,,,10.55,0.0,9.01,,,,,,0.0,,
2025-11-05 06:37:46+00:00,2025-11-05 06:37:46,,,,,,,,,,19.6612492,10.0609379,956.0,968.012512,9.05000019,,,10.55,0.0,9.01,,,,,,0.0,,
2025-11-05 06:37:47+00:00,2025-11-05 06:37:47,,,,,,,,,,19.6612492,9.77031231,957.0,967.362488,9.27499962,,,10.55,0.0,9.01,,,,,,0.0,,
2025-11-05 06:37:48+00:00,2025-11-05 06:37:48,,,,,,,,,,19.6612492,9.58749962,957.0,968.012512,9.35000038,,,10.55,0.0,9.01,,,,,,0.0,,
2025-11-05 06:37:49+00:00,2025-11-05 06:37:49,,,,,,,,,,19.6612492,9.58749962,957.0,968.012512,9.35000038,,,10.55,0.0,9.01,,,,,,0.0,,
2025-11-05 06:37:50+00:00,2025-11-05 06:37:50,18.0,19.0,19.0,18.0,18.0,10.88377904011101,304.0,BO_O2_RULE,"제어매트릭스 규칙 적용: NOX_LOW (3단계 롤백, 4단계에서 Hz 변화 없음)",19.6612492,9.2421875,957.0,965.168762,9.625,,,10.55,0.0,9.01,,,,,,0.0,,
2025-11-05 06:37:51+00:00,2025-11-05 06:37:51,,,,,,,,,,19.6612492,9.2421875,957.0,965.168762,9.625,,,10.55,0.0,8.77,,,,,,0.0,,
2025-11-05 06:37:52+00:00,2025-11-05 06:37:52,,,,,,,,,,19.6612492,8.77187538,957.0,965.25,9.73750019,,,10.55,0.0,8.77,,,,,,0.0,,
2025-11-05 06:37:53+00:00,2025-11-05 06:37:53,,,,,,,,,,19.6612492,8.51406288,957.0,965.493774,9.86250019,,,10.55,0.0,8.77,,,,,,0.0,,
2025-11-05 06:37:54+00:00,2025-11-05 06:37:54,,,,,,,,,,19.6612492,8.51406288,957.0,965.493774,9.86250019,,,10.55,0.0,8.77,,,,,,0.0,,
2025-11-05 06:37:55+00:00,2025-11-05 06:37:55,18.0,20.0,20.0,18.0,18.0,11.019753821799373,304.0,BO_O2_RULE,"제어매트릭스 규칙 적용: NOX_LOW (3단계 롤백, 4단계에서 Hz 변화 없음)",19.6612492,8.03125,956.0,965.006226,9.67500019,,,10.55,0.0,8.77,,,,,,0.0,,
2025-11-05 06:37:56+00:00,2025-11-05 06:37:56,,,,,,,,,,19.6612492,8.03125,956.0,965.006226,9.67500019,,,10.55,0.0,8.77,,,,,,0.0,,
2025-11-05 06:37:57+00:00,2025-11-05 06:37:57,,,,,,,,,,19.6612492,7.56562519,957.0,964.03125,9.8125,,,10.55,0.0,8.77,,,,,,0.0,,
2025-11-05 06:37:58+00:00,2025-11-05 06:37:58,,,,,,,,,,19.6612492,7.56562519,957.0,964.03125,9.8125,,,10.55,0.0,8.77,,,,,,0.0,,
2025-11-05 06:37:59+00:00,2025-11-05 06:37:59,,,,,,,,,,19.6612492,7.1187501,958.0,964.193726,9.69999981,,,10.55,0.0,8.77,,,,,,0.0,,
2025-11-05 06:38:00+00:00,2025-11-05 06:38:00,18.0,21.0,21.0,18.0,18.0,10.914050852310623,304.0,BO_O2_RULE,"제어매트릭스 규칙 적용: NOX_LOW (3단계 롤백, 4단계에서 Hz 변화 없음)",19.6612492,6.9390626,958.0,963.787476,9.85000038,,3.0,10.55,0.0,8.77,,,,,,0.0,,
2025-11-05 06:38:01+00:00,2025-11-05 06:38:01,,,,,,,,,,19.6612492,6.9390626,958.0,963.787476,9.85000038,,,10.55,0.0,8.77,,,,,,0.0,,
2025-11-05 06:38:02+00:00,2025-11-05 06:38:02,,,,,,,,,,19.6612492,6.7203126,958.0,963.706238,9.71249962,,,10.55,0.0,9.13,,,,,,0.0,,
2025-11-05 06:38:03+00:00,2025-11-05 06:38:03,,,,,,,,,,19.6612492,6.7203126,958.0,963.706238,9.71249962,,,10.55,0.0,9.13,,,,,,0.0,,
2025-11-05 06:38:04+00:00,2025-11-05 06:38:04,,,,,,,,,,19.6612492,6.4828124,957.0,964.275024,9.71249962,,,10.55,0.0,9.13,,,,,,0.0,,
2025-11-05 06:38:05+00:00,2025-11-05 06:38:05,18.0,22.0,22.0,18.0,18.0,10.17008044283291,304.0,BO_O2_RULE,"제어매트릭스 규칙 적용: NOX_LOW (3단계 롤백, 4단계에서 Hz 변화 없음)",19.6612492,6.4828124,957.0,964.275024,9.83749962,,,10.55,0.0,9.13,,,,,,0.0,,
2025-11-05 06:38:06+00:00,2025-11-05 06:38:06,,,,,,,,,,19.6612492,6.30156231,956.0,962.243774,9.39999962,,,10.55,0.0,9.13,,,,,,0.0,,
2025-11-05 06:38:07+00:00,2025-11-05 06:38:07,,,,,,,,,,19.6612492,6.30156231,956.0,962.243774,9.39999962,,,10.55,0.0,9.13,,,,,,0.0,,
2025-11-05 06:38:08+00:00,2025-11-05 06:38:08,,,,,,,,,,19.6612492,6.15625,956.0,962.974976,9.625,,,10.55,0.0,9.13,,,,,,0.0,,
2025-11-05 06:38:09+00:00,2025-11-05 06:38:09,,,,,,,,,,19.6612492,6.15625,956.0,962.974976,9.625,,,10.55,0.0,9.13,,,,,,0.0,,
2025-11-05 06:38:10+00:00,2025-11-05 06:38:10,18.0,23.0,23.0,18.0,18.0,9.090225729665834,304.0,BO_O2_RULE,"제어매트릭스 규칙 적용: NOX_LOW (3단계 롤백, 4단계에서 Hz 변화 없음)",19.6612492,5.90156269,958.0,963.056274,9.88749981,,,10.55,0.0,9.13,,,,,,0.0,,
2025-11-05 06:38:11+00:00,2025-11-05 06:38:11,,,,,,,,,,19.6612492,5.90156269,958.0,963.056274,9.88749981,,,10.55,0.0,8.99,,,,,,0.0,,
2025-11-05 06:38:12+00:00,2025-11-05 06:38:12,,,,,,,,,,19.6612492,5.70781231,957.0,962.162476,9.60000038,,,10.55,0.0,8.99,,,,,,0.0,,
2025-11-05 06:38:13+00:00,2025-11-05 06:38:13,,,,,,,,,,19.6612492,5.70781231,957.0,962.162476,9.60000038,,,10.55,0.0,8.99,,,,,,0.0,,
2025-11-05 06:38:14+00:00,2025-11-05 06:38:14,,,,,,,,,,19.6612492,5.5875001,958.0,962.568726,9.5625,,,10.55,0.0,8.99,,,,,,0.0,,
2025-11-05 06:38:15+00:00,2025-11-05 06:38:15,18.0,23.0,23.0,18.0,18.0,8.605074936965648,304.0,BO_O2_RULE,"제어매트릭스 규칙 적용: NOX_LOW (3단계 롤백, 4단계에서 Hz 변화 없음)",19.6612492,5.44062519,958.0,962.893738,9.88749981,,,10.55,0.0,8.99,,,,,,0.0,,
2025-11-05 06:38:16+00:00,2025-11-05 06:38:16,,,,,,,,,,19.6612492,5.44062519,958.0,962.893738,9.88749981,,,10.55,0.0,8.99,,,,,,0.0,,
2025-11-05 06:38:17+00:00,2025-11-05 06:38:17,,,,,,,,,,19.6612492,5.2953124,958.0,962.893738,9.77499962,,,10.55,0.0,8.99,,,,,,0.0,,
2025-11-05 06:38:18+00:00,2025-11-05 06:38:18,,,,,,,,,,19.6612492,5.1937499,958.0,962.243774,9.32499981,,,10.55,0.0,8.99,,,,,,0.0,,
2025-11-05 06:38:19+00:00,2025-11-05 06:38:19,,,,,,,,,,19.6612492,5.1937499,958.0,962.243774,9.32499981,,,10.55,0.0,8.99,,,,,,0.0,,
2025-11-05 06:38:20+00:00,2025-11-05 06:38:20,18.0,23.0,23.0,18.0,18.0,8.68512014484237,304.0,BO_O2_RULE,"제어매트릭스 규칙 적용: NOX_LOW (3단계 롤백, 4단계에서 Hz 변화 없음)",19.6612492,5.0078125,958.0,962.974976,9.44999981,,,10.55,0.0,8.87,,,,,,0.0,,
2025-11-05 06:38:21+00:00,2025-11-05 06:38:21,,,,,,,,,,19.6612492,5.0078125,958.0,962.974976,9.44999981,,,10.55,0.0,8.87,,,,,,0.0,,
2025-11-05 06:38:22+00:00,2025-11-05 06:38:22,,,,,,,,,,19.6612492,4.8031249,959.0,964.84375,9.44999981,,,10.55,0.0,8.87,,,,,,0.0,,
2025-11-05 06:38:23+00:00,2025-11-05 06:38:23,,,,,,,,,,19.6612492,4.8031249,959.0,964.84375,9.32499981,,,10.55,0.0,8.87,,,,,,0.0,,
2025-11-05 06:38:24+00:00,2025-11-05 06:38:24,,,,,,,,,,19.6612492,4.7515626,958.0,964.518738,9.32499981,,,10.55,0.0,8.87,,,,,,0.0,,
2025-11-05 06:38:25+00:00,2025-11-05 06:38:25,18.0,23.0,23.0,18.0,18.0,8.210048447898057,304.0,BO_O2_RULE,"제어매트릭스 규칙 적용: NOX_LOW (3단계 롤백, 4단계에서 Hz 변화 없음)",19.6612492,4.7515626,958.0,964.518738,9.53750038,,,10.55,0.0,8.87,,,,,,0.0,,
2025-11-05 06:38:26+00:00,2025-11-05 06:38:26,,,,,,,,,,19.6612492,4.71406269,959.0,964.193726,9.53750038,,,10.55,0.0,8.87,,,,,,0.0,,
2025-11-05 06:38:27+00:00,2025-11-05 06:38:27,,,,,,,,,,19.6612492,4.71406269,959.0,964.193726,9.6875,,,10.55,0.0,8.87,,,,,,0.0,,
2025-11-05 06:38:28+00:00,2025-11-05 06:38:28,,,,,,,,,,19.6612492,4.6546874,959.0,964.599976,9.61250019,,,10.55,0.0,8.87,,,,,,0.0,,
2025-11-05 06:38:29+00:00,2025-11-05 06:38:29,,,,,,,,,,19.6612492,4.6546874,958.0,964.599976,9.61250019,,,10.55,0.0,8.87,,,,,,0.0,,
2025-11-05 06:38:30+00:00,2025-11-05 06:38:30,18.0,23.0,23.0,18.0,18.0,8.503767569668874,304.0,BO_O2_RULE,"제어매트릭스 규칙 적용: NOX_LOW (3단계 롤백, 4단계에서 Hz 변화 없음)",19.6612492,4.62031269,958.0,964.599976,9.61250019,,,10.55,0.0,8.87,,,,,,0.0,,
2025-11-05 06:38:31+00:00,2025-11-05 06:38:31,,,,,,,,,,19.6612492,4.65625,958.0,964.193726,9.80000019,,,10.55,0.0,8.87,,,,,,0.0,,
2025-11-05 06:38:32+00:00,2025-11-05 06:38:32,,,,,,,,,,19.6612492,4.65625,958.0,964.193726,9.80000019,,,10.55,0.0,8.87,,,,,,0.0,,
2025-11-05 06:38:33+00:00,2025-11-05 06:38:33,,,,,,,,,,19.6612492,4.6156249,959.0,965.493774,9.875,,,10.55,0.0,8.87,,,,,,0.0,,
2025-11-05 06:38:34+00:00,2025-11-05 06:38:34,,,,,,,,,,19.6612492,4.6156249,959.0,965.493774,9.875,,,10.55,0.0,8.87,,,,,,0.0,,
2025-11-05 06:38:35+00:00,2025-11-05 06:38:35,18.0,23.0,23.0,18.0,18.0,8.642599939559451,304.0,BO_O2_RULE,"제어매트릭스 규칙 적용: NOX_LOW (3단계 롤백, 4단계에서 Hz 변화 없음)",19.6612492,4.47968769,959.0,966.549988,9.66250038,,,10.55,0.0,8.87,,,,,,0.0,,
2025-11-05 06:38:36+00:00,2025-11-05 06:38:36,,,,,,,,,,19.6612492,4.5093751,958.0,965.65625,9.85000038,,,10.55,0.0,8.87,,,,,,0.0,,
2025-11-05 06:38:37+00:00,2025-11-05 06:38:37,,,,,,,,,,19.6612492,4.5093751,958.0,965.65625,9.85000038,,,10.55,0.0,8.87,,,,,,0.0,,
2025-11-05 06:38:38+00:00,2025-11-05 06:38:38,,,,,,,,,,19.6612492,4.3671875,960.0,965.65625,9.73750019,,,10.55,0.0,8.87,,,,,,0.0,,
2025-11-05 06:38:39+00:00,2025-11-05 06:38:39,,,,,,,,,,19.6612492,4.4203124,960.0,967.362488,9.94999981,,,10.55,0.0,8.87,,,,,,0.0,,
2025-11-05 06:38:40+00:00,2025-11-05 06:38:40,18.0,22.0,22.0,18.0,18.0,8.818095353917073,304.0,BO_O2_RULE,"제어매트릭스 규칙 적용: NOX_LOW (3단계 롤백, 4단계에서 Hz 변화 없음)",19.6612492,4.4203124,960.0,967.362488,9.94999981,,,10.55,0.0,8.87,,,,,,0.0,,
2025-11-05 06:38:41+00:00,2025-11-05 06:38:41,,,,,,,,,,19.6612492,4.2593751,960.0,968.09375,12.1999998,,,10.55,0.0,9.39,,,,,,0.0,,
2025-11-05 06:38:42+00:00,2025-11-05 06:38:42,,,,,,,,,,19.6612492,4.3359375,960.0,967.849976,12.2749996,,,10.55,0.0,9.39,,,,,,0.0,,
2025-11-05 06:38:43+00:00,2025-11-05 06:38:43,,,,,,,,,,19.6612492,4.3359375,960.0,967.849976,12.2749996,,,10.55,0.0,9.39,,,,,,0.0,,
2025-11-05 06:38:44+00:00,2025-11-05 06:38:44,,,,,,,,,,19.6612492,4.2562499,960.0,969.3125,12.5874996,,,10.55,0.0,9.39,,,,,,0.0,,
2025-11-05 06:38:45+00:00,2025-11-05 06:38:45,18.0,22.0,22.0,18.0,18.0,10.504088116185985,304.0,BO_O2_RULE,"제어매트릭스 규칙 적용: NOX_LOW (3단계 롤백, 4단계에서 Hz 변화 없음)",19.6612492,4.15156269,960.0,969.231262,12.3625002,,,10.55,0.0,9.39,,,,,,0.0,,
2025-11-05 06:38:46+00:00,2025-11-05 06:38:46,,,,,,,,,,19.6612492,4.15156269,961.0,969.231262,12.3625002,,,10.55,0.0,9.39,,,,,,0.0,,
2025-11-05 06:38:47+00:00,2025-11-05 06:38:47,,,,,,,,,,19.6612492,4.1187501,961.0,969.962524,12.6000004,,,10.55,0.0,9.39,,,,,,0.0,,
2025-11-05 06:38:48+00:00,2025-11-05 06:38:48,,,,,,,,,,19.6612492,4.09062481,961.0,969.393738,12.75,,,10.55,0.0,9.39,,,,,,0.0,,
2025-11-05 06:38:49+00:00,2025-11-05 06:38:49,,,,,,,,,,19.6612492,4.09062481,961.0,969.393738,12.75,,,10.55,0.0,9.39,,,,,,0.0,,
2025-11-05 06:38:50+00:00,2025-11-05 06:38:50,18.0,21.0,21.0,18.0,18.0,10.996435234348267,304.0,BO_O2_RULE,"제어매트릭스 규칙 적용: NOX_LOW (3단계 롤백, 4단계에서 Hz 변화 없음)",19.6612492,4.078125,961.0,969.393738,12.0,,,10.55,0.0,11.83,,,,,,0.0,,
2025-11-05 06:38:51+00:00,2025-11-05 06:38:51,,,,,,,,,,19.6612492,4.078125,961.0,969.393738,12.0,,,10.55,0.0,11.83,,,,,,0.0,,
2025-11-05 06:38:52+00:00,2025-11-05 06:38:52,,,,,,,,,,19.6612492,4.03593731,962.0,968.90625,12.3000002,,,10.55,0.0,11.83,,,,,,0.0,,
2025-11-05 06:38:53+00:00,2025-11-05 06:38:53,,,,,,,,,,19.6612492,4.03593731,962.0,968.90625,12.3000002,,,10.55,0.0,11.83,,,,,,0.0,,
2025-11-05 06:38:54+00:00,2025-11-05 06:38:54,,,,,,,,,,,,,,,,,,,,,,,,,,,
2025-11-05 06:38:55+00:00,2025-11-05 06:38:55,18.0,18.0,18.0,18.0,18.0,11.348187615509982,100.0,BO_ONLY,"BO 모델 결과만 사용 (1단계 롤백, 2~4단계에서 Hz 변화 없음)",19.6612492,3.9828124,961.0,968.825012,12.3000002,,,10.55,0.0,11.83,,,,,,0.0,,
2025-11-05 06:38:56+00:00,2025-11-05 06:38:56,,,,,,,,,,19.6612492,3.94843745,962.0,969.962524,11.4624996,,,10.55,0.0,11.83,,,,,,0.0,,
2025-11-05 06:38:57+00:00,2025-11-05 06:38:57,,,,,,,,,,19.6612492,3.94843745,962.0,969.962524,11.4624996,,,10.55,0.0,11.83,,,,,,0.0,,
2025-11-05 06:38:58+00:00,2025-11-05 06:38:58,,,,,,,,,,19.6612492,3.8531251,962.0,970.206238,11.5874996,,,10.55,0.0,11.83,,,,,,0.0,,
2025-11-05 06:38:59+00:00,2025-11-05 06:38:59,,,,,,,,,,19.6612492,3.79375005,962.0,970.612488,11.8874998,,,10.55,0.0,11.83,,,,,,0.0,,
2025-11-05 06:39:00+00:00,2025-11-05 06:39:00,18.0,18.0,18.0,18.0,18.0,11.270199207166122,100.0,BO_ONLY,"BO 모델 결과만 사용 (1단계 롤백, 2~4단계에서 Hz 변화 없음)",19.6612492,3.79375005,962.0,970.612488,11.8874998,,3.0,10.55,0.0,11.83,,,,,,0.0,,
2025-11-05 06:39:01+00:00,2025-11-05 06:39:01,,,,,,,,,,19.6612492,3.79375005,962.0,971.506226,11.6125002,,,10.55,0.0,11.29,,,,,,0.0,,
2025-11-05 06:39:02+00:00,2025-11-05 06:39:02,,,,,,,,,,19.6612492,3.76874995,962.0,971.506226,11.6125002,,,10.55,0.0,11.29,,,,,,0.0,,
2025-11-05 06:39:03+00:00,2025-11-05 06:39:03,,,,,,,,,,19.6612492,3.76874995,962.0,971.506226,11.6125002,,,10.55,0.0,11.29,,,,,,0.0,,
2025-11-05 06:39:04+00:00,2025-11-05 06:39:04,,,,,,,,,,19.6612492,3.72343755,963.0,972.724976,11.7124996,,,10.55,0.0,11.29,,,,,,0.0,,
2025-11-05 06:39:05+00:00,2025-11-05 06:39:05,18.0,18.0,18.0,18.0,18.0,11.392973993313785,100.0,BO_ONLY,"BO 모델 결과만 사용 (1단계 롤백, 2~4단계에서 Hz 변화 없음)",19.6612492,3.72343755,963.0,972.724976,11.7124996,,,10.55,0.0,11.29,,,,,,0.0,,
2025-11-05 06:39:06+00:00,2025-11-05 06:39:06,,,,,,,,,,19.6612492,3.70781255,961.0,972.887512,11.5249996,,,10.55,0.0,11.29,,,,,,0.0,,
2025-11-05 06:39:07+00:00,2025-11-05 06:39:07,,,,,,,,,,19.6612492,3.70781255,961.0,972.887512,11.5249996,,,10.55,0.0,11.29,,,,,,0.0,,
2025-11-05 06:39:08+00:00,2025-11-05 06:39:08,,,,,,,,,,19.6612492,3.6937499,962.0,972.887512,10.6999998,,,10.55,0.0,11.29,,,,,,0.0,,
2025-11-05 06:39:09+00:00,2025-11-05 06:39:09,,,,,,,,,,19.6612492,3.6937499,962.0,972.887512,10.6999998,,,10.55,0.0,11.29,,,,,,0.0,,
2025-11-05 06:39:10+00:00,2025-11-05 06:39:10,18.0,18.0,18.0,18.0,18.0,11.424645570703156,100.0,BO_ONLY,"BO 모델 결과만 사용 (1단계 롤백, 2~4단계에서 Hz 변화 없음)",19.6612492,3.58281255,962.0,973.293762,10.8374996,,,10.55,0.0,11.29,,,,,,0.0,,
2025-11-05 06:39:11+00:00,2025-11-05 06:39:11,,,,,,,,,,19.6612492,3.58281255,962.0,973.293762,10.8374996,,,10.55,0.0,11.29,,,,,,0.0,,
2025-11-05 06:39:12+00:00,2025-11-05 06:39:12,,,,,,,,,,19.6612492,3.6343751,961.0,974.268738,10.0124998,,,10.55,0.0,10.19,,,,,,0.0,,
2025-11-05 06:39:13+00:00,2025-11-05 06:39:13,,,,,,,,,,19.6612492,3.6343751,961.0,974.268738,10.0124998,,,10.55,0.0,10.19,,,,,,0.0,,
2025-11-05 06:39:14+00:00,2025-11-05 06:39:14,,,,,,,,,,19.6612492,3.60468745,961.0,975.8125,9.69999981,,,10.55,0.0,10.19,,,,,,0.0,,
2025-11-05 06:39:15+00:00,2025-11-05 06:39:15,18.0,18.0,18.0,18.0,18.0,9.782320109880114,100.0,BO_ONLY,"BO 모델 결과만 사용 (1단계 롤백, 2~4단계에서 Hz 변화 없음)",19.6612492,3.5999999,962.0,975.974976,9.9375,,,10.55,0.0,10.19,,,,,,0.0,,
2025-11-05 06:39:16+00:00,2025-11-05 06:39:16,,,,,,,,,,19.6612492,3.5999999,962.0,975.974976,9.9375,,,10.55,0.0,10.19,,,,,,0.0,,
2025-11-05 06:39:17+00:00,2025-11-05 06:39:17,,,,,,,,,,19.6612492,3.56562495,963.0,975.650024,9.625,,,10.55,0.0,10.19,,,,,,0.0,,
2025-11-05 06:39:18+00:00,2025-11-05 06:39:18,,,,,,,,,,19.6612492,3.56562495,963.0,975.650024,9.625,,,10.55,0.0,10.19,,,,,,0.0,,
2025-11-05 06:39:19+00:00,2025-11-05 06:39:19,,,,,,,,,,19.6612492,3.53125,961.0,976.21875,9.64999962,,,10.55,0.0,10.19,,,,,,0.0,,
2025-11-05 06:39:20+00:00,2025-11-05 06:39:20,18.0,18.0,18.0,18.0,18.0,10.252145668103735,100.0,BO_ONLY,"BO 모델 결과만 사용 (1단계 롤백, 2~4단계에서 Hz 변화 없음)",19.6612492,3.53125,961.0,976.21875,9.64999962,,,10.55,0.0,10.19,,,,,,0.0,,
2025-11-05 06:39:21+00:00,2025-11-05 06:39:21,,,,,,,,,,19.6612492,3.484375,961.0,976.21875,9.42500019,,,10.55,0.0,8.86,,,,,,0.0,,
2025-11-05 06:39:22+00:00,2025-11-05 06:39:22,,,,,,,,,,19.6612492,3.4375,961.0,975.568726,8.72500038,,,10.55,0.0,8.86,,,,,,0.0,,
2025-11-05 06:39:23+00:00,2025-11-05 06:39:23,,,,,,,,,,19.6612492,3.4375,961.0,975.568726,8.72500038,,,10.55,0.0,8.86,,,,,,0.0,,
2025-11-05 06:39:24+00:00,2025-11-05 06:39:24,,,,,,,,,,19.6612492,3.4703126,961.0,977.924988,8.77499962,,,10.55,0.0,8.86,,,,,,0.0,,
2025-11-05 06:39:25+00:00,2025-11-05 06:39:25,18.0,18.0,18.0,18.0,18.0,9.925000520042428,100.0,BO_ONLY,"BO 모델 결과만 사용 (1단계 롤백, 2~4단계에서 Hz 변화 없음)",19.6612492,3.4703126,961.0,977.924988,8.77499962,,,10.55,0.0,8.86,,,,,,0.0,,
2025-11-05 06:39:26+00:00,2025-11-05 06:39:26,,,,,,,,,,19.6612492,3.38750005,964.0,976.950012,8.77499962,,,10.55,0.0,8.86,,,,,,0.0,,
2025-11-05 06:39:27+00:00,2025-11-05 06:39:27,,,,,,,,,,19.6612492,3.38750005,964.0,976.950012,9.76249981,,,10.55,0.0,8.86,,,,,,0.0,,
2025-11-05 06:39:28+00:00,2025-11-05 06:39:28,,,,,,,,,,19.6612492,3.3515625,962.0,978.331238,9.76249981,,,10.55,0.0,8.86,,,,,,0.0,,
2025-11-05 06:39:29+00:00,2025-11-05 06:39:29,,,,,,,,,,19.6612492,3.3515625,962.0,978.331238,9.98750019,,,10.55,0.0,8.86,,,,,,0.0,,
2025-11-05 06:39:30+00:00,2025-11-05 06:39:30,18.0,18.0,18.0,18.0,18.0,9.909787962764572,100.0,BO_ONLY,"BO 모델 결과만 사용 (1단계 롤백, 2~4단계에서 Hz 변화 없음)",19.6612492,3.3187499,964.0,981.012512,9.78750038,,,10.55,0.0,8.86,,,,,,0.0,,
2025-11-05 06:39:31+00:00,2025-11-05 06:39:31,,,,,,,,,,19.6612492,3.3046875,963.0,980.6875,9.36250019,,,10.55,0.0,9.1,,,,,,0.0,,
2025-11-05 06:39:32+00:00,2025-11-05 06:39:32,,,,,,,,,,19.6612492,3.31562495,964.0,982.068726,9.35000038,,,10.55,0.0,9.1,,,,,,0.0,,
2025-11-05 06:39:33+00:00,2025-11-05 06:39:33,,,,,,,,,,19.6612492,3.31562495,964.0,982.068726,9.35000038,,,10.55,0.0,9.1,,,,,,0.0,,
2025-11-05 06:39:34+00:00,2025-11-05 06:39:34,,,,,,,,,,19.6612492,3.3140626,964.0,981.743774,9.26249981,,,10.55,0.0,9.1,,,,,,0.0,,
2025-11-05 06:39:35+00:00,2025-11-05 06:39:35,18.0,18.0,18.0,18.0,18.0,10.734568535627956,100.0,BO_ONLY,"BO 모델 결과만 사용 (1단계 롤백, 2~4단계에서 Hz 변화 없음)",19.6612492,3.3140626,966.0,981.743774,9.26249981,,,10.55,0.0,9.1,,,,,,0.0,,
2025-11-05 06:39:36+00:00,2025-11-05 06:39:36,,,,,,,,,,19.6612492,3.2890625,966.0,981.5,9.125,,,10.55,0.0,9.1,,,,,,0.0,,
2025-11-05 06:39:37+00:00,2025-11-05 06:39:37,,,,,,,,,,19.6612492,3.35468745,965.0,982.637512,9.26249981,,,10.55,0.0,9.1,,,,,,0.0,,
2025-11-05 06:39:38+00:00,2025-11-05 06:39:38,,,,,,,,,,19.6612492,3.35468745,965.0,982.637512,9.26249981,,,10.55,0.0,9.1,,,,,,0.0,,
2025-11-05 06:39:39+00:00,2025-11-05 06:39:39,,,,,,,,,,19.6612492,3.31562495,965.0,981.5,8.97500038,,,10.55,0.0,9.1,,,,,,0.0,,
2025-11-05 06:39:40+00:00,2025-11-05 06:39:40,18.0,18.0,18.0,18.0,18.0,10.661650341918998,100.0,BO_ONLY,"BO 모델 결과만 사용 (1단계 롤백, 2~4단계에서 Hz 변화 없음)",19.6612492,3.34843755,965.0,982.556274,8.91250038,,,10.55,0.0,9.1,,,,,,0.0,,
2025-11-05 06:39:41+00:00,2025-11-05 06:39:41,,,,,,,,,,19.6612492,3.34843755,965.0,982.556274,8.91250038,,,10.55,0.0,9.1,,,,,,0.0,,
2025-11-05 06:39:42+00:00,2025-11-05 06:39:42,,,,,,,,,,19.6612492,3.2671876,965.0,983.043762,9.0625,,,10.55,0.0,8.44,,,,,,0.0,,
2025-11-05 06:39:43+00:00,2025-11-05 06:39:43,,,,,,,,,,19.6612492,3.2671876,965.0,983.043762,9.0625,,,10.55,0.0,8.44,,,,,,0.0,,
2025-11-05 06:39:44+00:00,2025-11-05 06:39:44,,,,,,,,,,19.6612492,3.2828126,965.0,984.912476,8.73750019,,,10.55,0.0,8.44,,,,,,0.0,,
2025-11-05 06:39:45+00:00,2025-11-05 06:39:45,18.0,18.0,18.0,18.0,18.0,10.702326532180859,100.0,BO_ONLY,"BO 모델 결과만 사용 (1단계 롤백, 2~4단계에서 Hz 변화 없음)",19.6612492,3.2828126,965.0,984.912476,8.73750019,,,10.55,0.0,8.44,,,,,,0.0,,
2025-11-05 06:39:46+00:00,2025-11-05 06:39:46,,,,,,,,,,19.6612492,3.2562499,964.0,985.237488,10.6999998,,,10.55,0.0,8.44,,,,,,0.0,,
2025-11-05 06:39:47+00:00,2025-11-05 06:39:47,,,,,,,,,,19.6612492,3.2562499,964.0,985.237488,10.6999998,,,10.55,0.0,8.44,,,,,,0.0,,
2025-11-05 06:39:48+00:00,2025-11-05 06:39:48,,,,,,,,,,19.6612492,3.2562499,965.0,986.862488,11.1125002,,,10.55,0.0,8.44,,,,,,0.0,,
2025-11-05 06:39:49+00:00,2025-11-05 06:39:49,,,,,,,,,,19.6612492,3.2562499,965.0,986.862488,11.1125002,,,10.55,0.0,8.44,,,,,,0.0,,
2025-11-05 06:39:50+00:00,2025-11-05 06:39:50,18.0,18.0,18.0,18.0,18.0,13.036478107228493,100.0,BO_ONLY,"BO 모델 결과만 사용 (1단계 롤백, 2~4단계에서 Hz 변화 없음)",19.6612492,3.20000005,967.0,989.462524,11.0874996,,,10.55,0.0,8.44,,,,,,0.0,,
2025-11-05 06:39:51+00:00,2025-11-05 06:39:51,,,,,,,,,,19.6612492,3.20000005,967.0,989.462524,11.0874996,,,10.55,0.0,10.45,,,,,,0.0,,
2025-11-05 06:39:52+00:00,2025-11-05 06:39:52,,,,,,,,,,19.6612492,3.1890626,967.0,988.974976,10.9375,,,10.55,0.0,10.45,,,,,,0.0,,
2025-11-05 06:39:53+00:00,2025-11-05 06:39:53,,,,,,,,,,19.6612492,3.203125,967.0,989.056274,10.8999996,,,10.55,0.0,10.45,,,,,,0.0,,
2025-11-05 06:39:54+00:00,2025-11-05 06:39:54,,,,,,,,,,19.6612492,3.203125,967.0,989.056274,10.8999996,,,10.55,0.0,10.45,,,,,,0.0,,
2025-11-05 06:39:55+00:00,2025-11-05 06:39:55,18.0,18.0,18.0,18.0,18.0,13.915474831846462,100.0,BO_ONLY,"BO 모델 결과만 사용 (1단계 롤백, 2~4단계에서 Hz 변화 없음)",19.6612492,3.18281245,966.0,989.137512,10.7250004,,,10.55,0.0,10.45,,,,,,0.0,,
2025-11-05 06:39:56+00:00,2025-11-05 06:39:56,,,,,,,,,,19.6612492,3.1640625,967.0,990.4375,10.9375,,,10.55,0.0,10.45,,,,,,0.0,,
2025-11-05 06:39:57+00:00,2025-11-05 06:39:57,,,,,,,,,,19.6612492,3.1640625,967.0,990.4375,10.9375,,,10.55,0.0,10.45,,,,,,0.0,,
2025-11-05 06:39:58+00:00,2025-11-05 06:39:58,,,,,,,,,,19.6612492,3.07343745,966.0,991.006226,10.8874998,,,10.55,0.0,10.45,,,,,,0.0,,
2025-11-05 06:39:59+00:00,2025-11-05 06:39:59,,,,,,,,,,19.6612492,3.07343745,966.0,991.006226,10.8874998,,,10.55,0.0,10.45,,,,,,0.0,,
2025-11-05 06:40:00+00:00,2025-11-05 06:40:00,18.0,18.0,18.0,18.0,18.0,13.933984567246613,100.0,BO_ONLY,"BO 모델 결과만 사용 (1단계 롤백, 2~4단계에서 Hz 변화 없음)",19.6612492,2.9046874,968.0,991.737488,10.8999996,,3.0,10.55,0.0,10.23,,,,,,0.0,,
2025-11-05 06:40:01+00:00,2025-11-05 06:40:01,,,,,,,,,,19.6612492,2.9046874,968.0,991.737488,10.8999996,,,10.55,0.0,10.23,,,,,,0.0,,
2025-11-05 06:40:02+00:00,2025-11-05 06:40:02,,,,,,,,,,19.6612492,2.8499999,968.0,993.849976,11.0375004,,,10.55,0.0,10.23,,,,,,0.0,,
2025-11-05 06:40:03+00:00,2025-11-05 06:40:03,,,,,,,,,,19.6612492,2.8031249,968.0,994.662476,10.6125002,,,10.55,0.0,10.23,,,,,,0.0,,
2025-11-05 06:40:04+00:00,2025-11-05 06:40:04,,,,,,,,,,19.6612492,2.8031249,968.0,994.662476,10.6125002,,,10.55,0.0,10.23,,,,,,0.0,,
2025-11-05 06:40:05+00:00,2025-11-05 06:40:05,18.0,18.0,18.0,18.0,18.0,14.26205278084813,100.0,BO_ONLY,"BO 모델 결과만 사용 (1단계 롤백, 2~4단계에서 Hz 변화 없음)",19.6612492,2.7125001,969.0,995.637512,10.3999996,,,10.55,0.0,10.23,,,,,,0.0,,
2025-11-05 06:40:06+00:00,2025-11-05 06:40:06,,,,,,,,,,19.6612492,2.6875,968.0,994.5,10.3000002,,,10.55,0.0,10.23,,,,,,0.0,,
2025-11-05 06:40:07+00:00,2025-11-05 06:40:07,,,,,,,,,,19.6612492,2.6875,968.0,994.5,10.3000002,,,10.55,0.0,10.23,,,,,,0.0,,
2025-11-05 06:40:08+00:00,2025-11-05 06:40:08,,,,,,,,,,19.6612492,2.6796875,968.0,995.71875,10.2624998,,,10.55,0.0,10.23,,,,,,0.0,,
2025-11-05 06:40:09+00:00,2025-11-05 06:40:09,,,,,,,,,,19.6612492,2.6796875,968.0,995.71875,10.2624998,,,10.55,0.0,10.23,,,,,,0.0,,
2025-11-05 06:40:10+00:00,2025-11-05 06:40:10,18.0,18.0,18.0,18.0,18.0,13.885278742656098,100.0,BO_ONLY,"BO 모델 결과만 사용 (1단계 롤백, 2~4단계에서 Hz 변화 없음)",19.6612492,2.69218755,968.0,997.018738,9.86250019,,,10.55,0.0,10.23,,,,,,0.0,,
2025-11-05 06:40:11+00:00,2025-11-05 06:40:11,,,,,,,,,,19.6612492,2.69218755,968.0,997.018738,9.86250019,,,10.55,0.0,9.73,,,,,,0.0,,
2025-11-05 06:40:12+00:00,2025-11-05 06:40:12,,,,,,,,,,19.6612492,2.6390624,968.0,998.481262,10.1125002,,,10.55,0.0,9.73,,,,,,0.0,,
2025-11-05 06:40:13+00:00,2025-11-05 06:40:13,,,,,,,,,,19.6612492,2.70624995,967.0,997.912476,9.53750038,,,10.55,0.0,9.73,,,,,,0.0,,
2025-11-05 06:40:14+00:00,2025-11-05 06:40:14,,,,,,,,,,19.6612492,2.70624995,967.0,997.912476,9.53750038,,,10.55,0.0,9.73,,,,,,0.0,,
2025-11-05 06:40:15+00:00,2025-11-05 06:40:15,18.0,18.0,18.0,18.0,18.0,14.376110254450024,100.0,BO_ONLY,"BO 모델 결과만 사용 (1단계 롤백, 2~4단계에서 Hz 변화 없음)",19.6612492,2.71875,969.0,998.15625,9.85000038,,,10.55,0.0,9.73,,,,,,0.0,,
2025-11-05 06:40:16+00:00,2025-11-05 06:40:16,,,,,,,,,,19.6612492,2.71875,969.0,998.15625,9.85000038,,,10.55,0.0,9.73,,,,,,0.0,,
2025-11-05 06:40:17+00:00,2025-11-05 06:40:17,,,,,,,,,,19.6612492,2.74531245,968.0,1000.43127,9.83749962,,,10.55,0.0,9.73,,,,,,0.0,,
2025-11-05 06:40:18+00:00,2025-11-05 06:40:18,,,,,,,,,,19.6612492,2.7734375,969.0,999.537476,9.9375,,,10.55,0.0,9.73,,,,,,0.0,,
2025-11-05 06:40:19+00:00,2025-11-05 06:40:19,,,,,,,,,,19.6612492,2.7734375,969.0,999.537476,9.9375,,,10.55,0.0,9.73,,,,,,0.0,,
2025-11-05 06:40:20+00:00,2025-11-05 06:40:20,18.0,18.0,18.0,18.0,18.0,11.950521888605534,100.0,BO_ONLY,"BO 모델 결과만 사용 (1단계 롤백, 2~4단계에서 Hz 변화 없음)",19.6612492,2.7484374,966.0,1001.08124,10.0124998,,,10.55,0.0,9.73,,,,,,0.0,,
2025-11-05 06:40:21+00:00,2025-11-05 06:40:21,,,,,,,,,,19.6612492,2.7484374,966.0,1001.08124,10.0124998,,,10.55,0.0,9.22,,,,,,0.0,,
2025-11-05 06:40:22+00:00,2025-11-05 06:40:22,,,,,,,,,,19.6612492,2.8140626,966.0,1000.51251,9.88749981,,,10.55,0.0,9.22,,,,,,0.0,,
2025-11-05 06:40:23+00:00,2025-11-05 06:40:23,,,,,,,,,,19.6612492,2.8140626,966.0,1000.51251,9.88749981,,,10.55,0.0,9.22,,,,,,0.0,,
2025-11-05 06:40:24+00:00,2025-11-05 06:40:24,,,,,,,,,,19.6612492,2.9140625,967.0,1001.24377,9.86250019,,,10.55,0.0,9.22,,,,,,0.0,,
2025-11-05 06:40:25+00:00,2025-11-05 06:40:25,18.0,18.0,18.0,18.0,18.0,11.840058388353036,100.0,BO_ONLY,"BO 모델 결과만 사용 (1단계 롤백, 2~4단계에서 Hz 변화 없음)",19.6612492,2.9140625,967.0,1001.24377,9.86250019,,,10.55,0.0,9.22,,,,,,0.0,,
2025-11-05 06:40:26+00:00,2025-11-05 06:40:26,,,,,,,,,,19.6612492,2.9703126,968.0,1002.78748,8.78750038,,,10.55,0.0,9.22,,,,,,0.0,,
2025-11-05 06:40:27+00:00,2025-11-05 06:40:27,,,,,,,,,,19.6612492,2.9703126,968.0,1002.78748,8.78750038,,,10.55,0.0,9.22,,,,,,0.0,,
2025-11-05 06:40:28+00:00,2025-11-05 06:40:28,,,,,,,,,,19.6612492,3.0374999,967.0,1004.73749,8.67500019,,,10.55,0.0,9.22,,,,,,0.0,,
2025-11-05 06:40:29+00:00,2025-11-05 06:40:29,,,,,,,,,,19.6612492,3.0687499,966.0,1004.57501,8.5625,,,10.55,0.0,9.22,,,,,,0.0,,
2025-11-05 06:40:30+00:00,2025-11-05 06:40:30,18.0,19.0,19.0,18.0,18.0,11.789127585682847,304.0,BO_O2_RULE,"제어매트릭스 규칙 적용: NOX_LOW (3단계 롤백, 4단계에서 Hz 변화 없음)",19.6612492,3.0687499,966.0,1004.57501,8.5625,,,10.55,0.0,8.22,,,,,,0.0,,
2025-11-05 06:40:31+00:00,2025-11-05 06:40:31,,,,,,,,,,19.6612492,3.0687499,966.0,1006.93127,8.83749962,,,10.55,0.0,8.22,,,,,,0.0,,
2025-11-05 06:40:32+00:00,2025-11-05 06:40:32,,,,,,,,,,19.6612492,3.0687499,966.0,1006.93127,8.83749962,,,10.55,0.0,8.22,,,,,,0.0,,
2025-11-05 06:40:33+00:00,2025-11-05 06:40:33,,,,,,,,,,19.6612492,3.0875001,967.0,1007.09375,8.8125,,,10.55,0.0,8.22,,,,,,0.0,,
2025-11-05 06:40:34+00:00,2025-11-05 06:40:34,,,,,,,,,,19.6612492,3.0875001,967.0,1007.09375,8.8125,,,10.55,0.0,8.22,,,,,,0.0,,
2025-11-05 06:40:35+00:00,2025-11-05 06:40:35,18.0,20.0,20.0,18.0,18.0,11.947066720498142,304.0,BO_O2_RULE,"제어매트릭스 규칙 적용: NOX_LOW (3단계 롤백, 4단계에서 Hz 변화 없음)",19.6612492,3.1624999,966.0,1007.90625,8.89999962,,,10.55,0.0,8.22,,,,,,0.0,,
2025-11-05 06:40:37+00:00,2025-11-05 06:40:37,,,,,,,,,,19.6612492,3.1624999,966.0,1007.90625,8.89999962,,,10.55,0.0,8.22,,,,,,0.0,,
2025-11-05 06:40:38+00:00,2025-11-05 06:40:38,,,,,,,,,,19.6612492,3.1890626,966.0,1008.96252,8.97500038,,,10.55,0.0,8.22,,,,,,0.0,,
2025-11-05 06:40:39+00:00,2025-11-05 06:40:39,,,,,,,,,,19.6612492,3.1890626,966.0,1008.96252,8.97500038,,,10.55,0.0,8.22,,,,,,0.0,,
2025-11-05 06:40:40+00:00,2025-11-05 06:40:40,20.0,20.0,20.0,20.0,20.0,12.018894498673498,100.0,BO_ONLY,"BO 모델 결과만 사용 (1단계 롤백, 2~4단계에서 Hz 변화 없음)",19.6612492,3.2750001,966.0,1008.39374,9.21249962,,,10.55,0.0,8.22,,,,,,0.0,,
2025-11-05 06:40:41+00:00,2025-11-05 06:40:41,,,,,,,,,,19.6612492,3.27031255,967.0,1008.23126,9.41250038,,,10.55,0.0,8.58,,,,,,0.0,,
2025-11-05 06:40:42+00:00,2025-11-05 06:40:42,,,,,,,,,,19.6612492,3.27031255,967.0,1008.23126,9.41250038,,,10.55,0.0,8.58,,,,,,0.0,,
2025-11-05 06:40:43+00:00,2025-11-05 06:40:43,,,,,,,,,,19.6612492,3.31562495,967.0,1009.45001,9.26249981,,,10.55,0.0,8.58,,,,,,0.0,,
2025-11-05 06:40:44+00:00,2025-11-05 06:40:44,,,,,,,,,,19.6612492,3.31562495,967.0,1009.45001,9.26249981,,,10.55,0.0,8.58,,,,,,0.0,,
2025-11-05 06:40:45+00:00,2025-11-05 06:40:45,20.0,20.0,20.0,20.0,20.0,12.0097987081464,100.0,BO_ONLY,"BO 모델 결과만 사용 (1단계 롤백, 2~4단계에서 Hz 변화 없음)",19.6612492,3.3421874,967.0,1012.13123,9.4375,,,10.55,0.0,8.58,,,,,,0.0,,
2025-11-05 06:40:46+00:00,2025-11-05 06:40:46,,,,,,,,,,19.6612492,3.3609376,967.0,1010.75,10.0625,,,10.55,0.0,8.58,,,,,,0.0,,
2025-11-05 06:40:47+00:00,2025-11-05 06:40:47,,,,,,,,,,19.6612492,3.2890625,967.0,1011.07501,9.625,,,10.55,0.0,8.58,,,,,,0.0,,
2025-11-05 06:40:48+00:00,2025-11-05 06:40:48,,,,,,,,,,19.6612492,3.2890625,967.0,1011.07501,9.625,,,10.55,0.0,8.58,,,,,,0.0,,
2025-11-05 06:40:49+00:00,2025-11-05 06:40:49,,,,,,,,,,19.6612492,3.34843755,966.0,1011.48126,9.82499981,,,10.55,0.0,8.58,,,,,,0.0,,
2025-11-05 06:40:50+00:00,2025-11-05 06:40:50,18.0,20.0,20.0,18.0,18.0,11.786374554736646,304.0,BO_O2_RULE,"제어매트릭스 규칙 적용: NOX_LOW (3단계 롤백, 4단계에서 Hz 변화 없음)",19.6612492,3.34843755,966.0,1010.91248,9.83749962,,,10.55,0.0,8.58,,,,,,0.0,,
2025-11-05 06:40:51+00:00,2025-11-05 06:40:51,,,,,,,,,,19.6612492,3.3734374,967.0,1010.91248,9.83749962,,,10.55,0.0,8.58,,,,,,0.0,,
2025-11-05 06:40:52+00:00,2025-11-05 06:40:52,,,,,,,,,,19.6612492,3.3734374,967.0,1010.91248,9.83749962,,,10.55,0.0,9.09,,,,,,0.0,,
2025-11-05 06:40:53+00:00,2025-11-05 06:40:53,,,,,,,,,,19.6612492,3.3734374,967.0,1012.86249,9.89999962,,,10.55,0.0,9.09,,,,,,0.0,,
2025-11-05 06:40:54+00:00,2025-11-05 06:40:54,,,,,,,,,,19.6612492,3.49687505,966.0,1014.48749,9.77499962,,,10.55,0.0,9.09,,,,,,0.0,,
2025-11-05 06:40:55+00:00,2025-11-05 06:40:55,18.0,20.0,20.0,18.0,18.0,11.828516456213976,304.0,BO_O2_RULE,"제어매트릭스 규칙 적용: NOX_LOW (3단계 롤백, 4단계에서 Hz 변화 없음)",19.6612492,3.49687505,966.0,1014.48749,9.77499962,,,10.55,0.0,9.09,,,,,,0.0,,
2025-11-05 06:40:56+00:00,2025-11-05 06:40:56,,,,,,,,,,19.6612492,3.5062499,967.0,1014.56873,9.75,,,10.55,0.0,9.09,,,,,,0.0,,
2025-11-05 06:40:57+00:00,2025-11-05 06:40:57,,,,,,,,,,19.6612492,3.5062499,967.0,1014.56873,9.75,,,10.55,0.0,9.09,,,,,,0.0,,
2025-11-05 06:40:58+00:00,2025-11-05 06:40:58,,,,,,,,,,19.6612492,3.4921875,967.0,1014.89374,9.42500019,,,10.55,0.0,9.09,,,,,,0.0,,
2025-11-05 06:40:59+00:00,2025-11-05 06:40:59,,,,,,,,,,19.6612492,3.4921875,967.0,1014.89374,9.42500019,,,10.55,0.0,9.09,,,,,,0.0,,
2025-11-05 06:41:00+00:00,2025-11-05 06:41:00,18.0,21.0,21.0,18.0,18.0,11.363855130805925,304.0,BO_O2_RULE,"제어매트릭스 규칙 적용: NOX_LOW (3단계 롤백, 4단계에서 Hz 변화 없음)",19.6612492,3.46406245,966.0,1014.16248,9.39999962,,3.0,10.55,0.0,9.09,,,,,,0.0,,
2025-11-05 06:41:01+00:00,2025-11-05 06:41:01,,,,,,,,,,19.6612492,3.4000001,968.0,1014.24377,9.27499962,,,10.55,0.0,8.79,,,,,,0.0,,
2025-11-05 06:41:02+00:00,2025-11-05 06:41:02,,,,,,,,,,19.6612492,3.4000001,968.0,1014.24377,9.27499962,,,10.55,0.0,8.79,,,,,,0.0,,
2025-11-05 06:41:03+00:00,2025-11-05 06:41:03,,,,,,,,,,19.6612492,3.4156251,967.0,1016.84375,8.82499981,,,10.55,0.0,8.79,,,,,,0.0,,
2025-11-05 06:41:04+00:00,2025-11-05 06:41:04,,,,,,,,,,19.6612492,3.4156251,967.0,1016.84375,8.82499981,,,10.55,0.0,8.79,,,,,,0.0,,
2025-11-05 06:41:05+00:00,2025-11-05 06:41:05,18.0,21.0,21.0,18.0,18.0,11.494179897023672,304.0,BO_O2_RULE,"제어매트릭스 규칙 적용: NOX_LOW (3단계 롤백, 4단계에서 Hz 변화 없음)",19.6612492,3.3187499,967.0,1016.51874,9.02499962,,,10.55,0.0,8.79,,,,,,0.0,,
2025-11-05 06:41:06+00:00,2025-11-05 06:41:06,,,,,,,,,,19.6612492,3.3296876,966.0,1017.25,9.10000038,,,10.55,0.0,8.79,,,,,,0.0,,
2025-11-05 06:41:07+00:00,2025-11-05 06:41:07,,,,,,,,,,19.6612492,3.3296876,966.0,1017.25,9.10000038,,,10.55,0.0,8.79,,,,,,0.0,,
2025-11-05 06:41:08+00:00,2025-11-05 06:41:08,,,,,,,,,,19.6612492,3.3187499,967.0,1018.14374,9.71249962,,,10.55,0.0,8.79,,,,,,0.0,,
2025-11-05 06:41:09+00:00,2025-11-05 06:41:09,,,,,,,,,,19.6612492,3.3187499,967.0,1018.14374,9.71249962,,,10.55,0.0,8.79,,,,,,0.0,,
2025-11-05 06:41:10+00:00,2025-11-05 06:41:10,18.0,21.0,21.0,18.0,18.0,11.404473753711978,304.0,BO_O2_RULE,"제어매트릭스 규칙 적용: NOX_LOW (3단계 롤백, 4단계에서 Hz 변화 없음)",19.6612492,3.3359375,967.0,1019.36249,9.9375,,,10.55,0.0,8.79,,,,,,0.0,,
2025-11-05 06:41:11+00:00,2025-11-05 06:41:11,,,,,,,,,,19.6612492,3.3359375,967.0,1019.36249,9.9375,,,10.55,0.0,8.79,,,,,,0.0,,
2025-11-05 06:41:12+00:00,2025-11-05 06:41:12,,,,,,,,,,19.6612492,3.3187499,966.0,1019.84998,9.63749981,,,10.55,0.0,9.04,,,,,,0.0,,
2025-11-05 06:41:13+00:00,2025-11-05 06:41:13,,,,,,,,,,19.6612492,3.31562495,967.0,1020.25623,9.67500019,,,10.55,0.0,9.04,,,,,,0.0,,
2025-11-05 06:41:14+00:00,2025-11-05 06:41:14,,,,,,,,,,19.6612492,3.31562495,967.0,1020.25623,9.67500019,,,10.55,0.0,9.04,,,,,,0.0,,
2025-11-05 06:41:15+00:00,2025-11-05 06:41:15,18.0,21.0,21.0,18.0,18.0,11.51959236887293,304.0,BO_O2_RULE,"제어매트릭스 규칙 적용: NOX_LOW (3단계 롤백, 4단계에서 Hz 변화 없음)",19.6612492,3.2515626,966.0,1020.58124,9.60000038,,,10.55,0.0,9.04,,,,,,0.0,,
2025-11-05 06:41:16+00:00,2025-11-05 06:41:16,,,,,,,,,,19.6612492,3.3343749,967.0,1020.66248,9.67500019,,,10.55,0.0,9.04,,,,,,0.0,,
2025-11-05 06:41:17+00:00,2025-11-05 06:41:17,,,,,,,,,,19.6612492,3.3343749,967.0,1020.66248,9.67500019,,,10.55,0.0,9.04,,,,,,0.0,,
2025-11-05 06:41:18+00:00,2025-11-05 06:41:18,,,,,,,,,,19.6612492,3.2984376,967.0,1021.3125,9.17500019,,,10.55,0.0,9.04,,,,,,0.0,,
2025-11-05 06:41:19+00:00,2025-11-05 06:41:19,,,,,,,,,,19.6612492,3.2984376,967.0,1021.3125,9.17500019,,,10.55,0.0,9.04,,,,,,0.0,,
2025-11-05 06:41:20+00:00,2025-11-05 06:41:20,18.0,21.0,21.0,18.0,18.0,11.120602478837844,304.0,BO_O2_RULE,"제어매트릭스 규칙 적용: NOX_LOW (3단계 롤백, 4단계에서 Hz 변화 없음)",19.6612492,3.4156251,967.0,1021.55627,9.3125,,,10.55,0.0,9.04,,,,,,0.0,,
2025-11-05 06:41:21+00:00,2025-11-05 06:41:21,,,,,,,,,,19.6612492,3.4156251,966.0,1021.55627,9.3125,,,10.55,0.0,9.04,,,,,,0.0,,
2025-11-05 06:41:22+00:00,2025-11-05 06:41:22,,,,,,,,,,19.6612492,3.5062499,966.0,1021.55627,9.35000038,,,10.55,0.0,8.78,,,,,,0.0,,
2025-11-05 06:41:23+00:00,2025-11-05 06:41:23,,,,,,,,,,19.6612492,3.5062499,966.0,1021.55627,9.35000038,,,10.55,0.0,8.78,,,,,,0.0,,
2025-11-05 06:41:24+00:00,2025-11-05 06:41:24,,,,,,,,,,19.6612492,3.52031255,966.0,1021.55627,9.33749962,,,10.55,0.0,8.78,,,,,,0.0,,
2025-11-05 06:41:25+00:00,2025-11-05 06:41:25,18.0,21.0,21.0,18.0,18.0,10.95919073552398,304.0,BO_O2_RULE,"제어매트릭스 규칙 적용: NOX_LOW (3단계 롤백, 4단계에서 Hz 변화 없음)",19.6612492,3.52031255,966.0,1022.28748,9.33749962,,,10.55,0.0,8.78,,,,,,0.0,,
2025-11-05 06:41:26+00:00,2025-11-05 06:41:26,,,,,,,,,,19.6612492,3.59375,966.0,1022.28748,9.96249962,,,10.55,0.0,8.78,,,,,,0.0,,
2025-11-05 06:41:27+00:00,2025-11-05 06:41:27,,,,,,,,,,19.6612492,3.6859374,966.0,1022.28748,10.0625,,,10.55,0.0,8.78,,,,,,0.0,,
2025-11-05 06:41:28+00:00,2025-11-05 06:41:28,,,,,,,,,,19.6612492,3.6859374,966.0,1024.4812,10.0625,,,10.55,0.0,8.78,,,,,,0.0,,
2025-11-05 06:41:29+00:00,2025-11-05 06:41:29,,,,,,,,,,19.6612492,3.6656251,964.0,1024.4812,10.0249996,,,10.55,0.0,8.78,,,,,,0.0,,
2025-11-05 06:41:30+00:00,2025-11-05 06:41:30,18.0,21.0,21.0,18.0,18.0,11.091255473609332,304.0,BO_O2_RULE,"제어매트릭스 규칙 적용: NOX_LOW (3단계 롤백, 4단계에서 Hz 변화 없음)",19.6612492,3.6656251,964.0,1023.99377,10.0249996,,,10.55,0.0,8.78,,,,,,0.0,,
2025-11-05 06:41:31+00:00,2025-11-05 06:41:31,,,,,,,,,,19.6612492,3.8046875,965.0,1024.4812,10.0625,,,10.55,0.0,9.58,,,,,,0.0,,
2025-11-05 06:41:32+00:00,2025-11-05 06:41:32,,,,,,,,,,19.6612492,3.8046875,965.0,1024.4812,10.0625,,,10.55,0.0,9.58,,,,,,0.0,,
2025-11-05 06:41:33+00:00,2025-11-05 06:41:33,,,,,,,,,,19.6612492,3.8578124,966.0,1023.75,10.125,,,10.55,0.0,9.58,,,,,,0.0,,
2025-11-05 06:41:34+00:00,2025-11-05 06:41:34,,,,,,,,,,19.6612492,3.9234376,965.0,1023.91248,9.78750038,,,10.55,0.0,9.58,,,,,,0.0,,
2025-11-05 06:41:35+00:00,2025-11-05 06:41:35,18.0,22.0,22.0,18.0,18.0,10.125436849124952,304.0,BO_O2_RULE,"제어매트릭스 규칙 적용: NOX_LOW (3단계 롤백, 4단계에서 Hz 변화 없음)",19.6612492,3.9234376,966.0,1023.99377,10.1499996,,,10.55,0.0,9.58,,,,,,0.0,,
2025-11-05 06:41:36+00:00,2025-11-05 06:41:36,,,,,,,,,,19.6612492,3.9453125,965.0,1023.75,10.1999998,,,10.55,0.0,9.58,,,,,,0.0,,
2025-11-05 06:41:37+00:00,2025-11-05 06:41:37,,,,,,,,,,19.6612492,3.9453125,965.0,1023.75,10.1999998,,,10.55,0.0,9.58,,,,,,0.0,,
2025-11-05 06:41:38+00:00,2025-11-05 06:41:38,,,,,,,,,,19.6612492,3.9453125,965.0,1025.4563,10.0749998,,,10.55,0.0,9.58,,,,,,0.0,,
2025-11-05 06:41:39+00:00,2025-11-05 06:41:39,,,,,,,,,,19.6612492,4.0140624,965.0,1025.4563,10.0749998,,,10.55,0.0,9.58,,,,,,0.0,,
2025-11-05 06:41:40+00:00,2025-11-05 06:41:40,18.0,22.0,22.0,18.0,18.0,9.676599908519147,304.0,BO_O2_RULE,"제어매트릭스 규칙 적용: NOX_LOW (3단계 롤백, 4단계에서 Hz 변화 없음)",19.6612492,4.02812481,965.0,1025.69995,10.3500004,,,10.55,0.0,9.53,,,,,,0.0,,
2025-11-05 06:41:41+00:00,2025-11-05 06:41:41,,,,,,,,,,19.6612492,4.02812481,965.0,1025.69995,10.3500004,,,10.55,0.0,9.53,,,,,,0.0,,
2025-11-05 06:41:42+00:00,2025-11-05 06:41:42,,,,,,,,,,19.6612492,4.0562501,964.0,1025.4563,10.1875,,,10.55,0.0,9.53,,,,,,0.0,,
2025-11-05 06:41:43+00:00,2025-11-05 06:41:43,,,,,,,,,,19.6612492,4.1015625,964.0,1026.1875,9.94999981,,,10.55,0.0,9.53,,,,,,0.0,,
2025-11-05 06:41:44+00:00,2025-11-05 06:41:44,,,,,,,,,,19.6612492,4.1015625,965.0,1026.1875,9.94999981,,,10.55,0.0,9.53,,,,,,0.0,,
2025-11-05 06:41:45+00:00,2025-11-05 06:41:45,18.0,22.0,22.0,18.0,18.0,9.582541092572233,304.0,BO_O2_RULE,"제어매트릭스 규칙 적용: NOX_LOW (3단계 롤백, 4단계에서 Hz 변화 없음)",19.6612492,4.12031269,965.0,1027.97498,10.1625004,,,10.55,0.0,9.53,,,,,,0.0,,
2025-11-05 06:41:46+00:00,2025-11-05 06:41:46,,,,,,,,,,19.6612492,4.14375019,965.0,1027.7312,10.25,,,10.55,0.0,9.53,,,,,,0.0,,
2025-11-05 06:41:47+00:00,2025-11-05 06:41:47,,,,,,,,,,19.6612492,4.14375019,965.0,1027.7312,10.25,,,10.55,0.0,9.53,,,,,,0.0,,
2025-11-05 06:41:48+00:00,2025-11-05 06:41:48,,,,,,,,,,19.6612492,4.1640625,964.0,1028.05627,10.1625004,,,10.55,0.0,9.53,,,,,,0.0,,
2025-11-05 06:41:49+00:00,2025-11-05 06:41:49,,,,,,,,,,19.6612492,4.1640625,964.0,1028.05627,10.1625004,,,10.55,0.0,9.53,,,,,,0.0,,
2025-11-05 06:41:50+00:00,2025-11-05 06:41:50,18.0,22.0,22.0,18.0,18.0,9.763198388626854,304.0,BO_O2_RULE,"제어매트릭스 규칙 적용: NOX_LOW (3단계 롤백, 4단계에서 Hz 변화 없음)",19.6612492,4.2093749,965.0,1028.38123,13.7875004,,,10.55,0.0,9.53,,,,,,0.0,,
2025-11-05 06:41:51+00:00,2025-11-05 06:41:51,,,,,,,,,,19.6612492,4.2093749,965.0,1028.38123,13.7875004,,,10.55,0.0,9.58,,,,,,0.0,,
2025-11-05 06:41:52+00:00,2025-11-05 06:41:52,,,,,,,,,,19.6612492,4.3421874,965.0,1027.56873,13.6750002,,,10.55,0.0,9.58,,,,,,0.0,,
2025-11-05 06:41:53+00:00,2025-11-05 06:41:53,,,,,,,,,,19.6612492,4.3421874,965.0,1027.56873,13.6750002,,,10.55,0.0,9.58,,,,,,0.0,,
2025-11-05 06:41:54+00:00,2025-11-05 06:41:54,,,,,,,,,,19.6612492,4.37031269,966.0,1027.16248,13.8125,,,10.55,0.0,9.58,,,,,,0.0,,
2025-11-05 06:41:55+00:00,2025-11-05 06:41:55,22.0,22.0,22.0,22.0,22.0,12.643246277916667,100.0,BO_ONLY,"BO 모델 결과만 사용 (1단계 롤백, 2~4단계에서 Hz 변화 없음)",19.6612492,4.37031269,966.0,1027.16248,13.8125,,,10.55,0.0,9.58,,,,,,0.0,,
2025-11-05 06:41:56+00:00,2025-11-05 06:41:56,,,,,,,,,,19.6612492,4.4437499,966.0,1027.0813,13.8374996,,,10.55,0.0,9.58,,,,,,0.0,,
2025-11-05 06:41:57+00:00,2025-11-05 06:41:57,,,,,,,,,,19.6612492,4.4437499,966.0,1027.0813,13.8374996,,,10.55,0.0,9.58,,,,,,0.0,,
2025-11-05 06:41:58+00:00,2025-11-05 06:41:58,,,,,,,,,,19.6612492,4.5171876,965.0,1027.24377,13.9375,,,10.55,0.0,9.58,,,,,,0.0,,
2025-11-05 06:41:59+00:00,2025-11-05 06:41:59,,,,,,,,,,19.6612492,4.5390625,966.0,1028.13745,13.6625004,,,10.55,0.0,9.58,,,,,,0.0,,
2025-11-05 06:42:00+00:00,2025-11-05 06:42:00,23.0,23.0,23.0,23.0,23.0,12.22525462513466,100.0,BO_ONLY,"BO 모델 결과만 사용 (1단계 롤백, 2~4단계에서 Hz 변화 없음)",19.6612492,4.5390625,966.0,1028.13745,13.6625004,,3.0,10.55,0.0,13.22,,,,,,0.0,,
2025-11-05 06:42:01+00:00,2025-11-05 06:42:01,,,,,,,,,,19.6612492,4.6312499,966.0,1028.38123,13.8125,,,10.55,0.0,13.22,,,,,,0.0,,
2025-11-05 06:42:02+00:00,2025-11-05 06:42:02,,,,,,,,,,19.6612492,4.6796875,966.0,1028.13745,13.8625002,,,10.55,0.0,13.22,,,,,,0.0,,
2025-11-05 06:42:03+00:00,2025-11-05 06:42:03,,,,,,,,,,19.6612492,4.6796875,966.0,1028.13745,13.8625002,,,10.55,0.0,13.22,,,,,,0.0,,
2025-11-05 06:42:04+00:00,2025-11-05 06:42:04,,,,,,,,,,19.6612492,4.66874981,964.0,1028.05627,13.8249998,,,10.55,0.0,13.22,,,,,,0.0,,
2025-11-05 06:42:05+00:00,2025-11-05 06:42:05,23.0,23.0,23.0,23.0,23.0,12.537933315077472,100.0,BO_ONLY,"BO 모델 결과만 사용 (1단계 롤백, 2~4단계에서 Hz 변화 없음)",19.6612492,4.7421875,965.0,1027.32495,13.8125,,,10.55,0.0,13.22,,,,,,0.0,,
2025-11-05 06:42:06+00:00,2025-11-05 06:42:06,,,,,,,,,,19.6612492,4.7421875,965.0,1028.05627,13.5375004,,,10.55,0.0,13.22,,,,,,0.0,,
2025-11-05 06:42:07+00:00,2025-11-05 06:42:07,,,,,,,,,,19.6612492,4.87968731,965.0,1028.05627,13.5375004,,,10.55,0.0,13.22,,,,,,0.0,,
2025-11-05 06:42:08+00:00,2025-11-05 06:42:08,,,,,,,,,,19.6612492,4.91874981,966.0,1027.40625,14.0625,,,10.55,0.0,13.22,,,,,,0.0,,
2025-11-05 06:42:09+00:00,2025-11-05 06:42:09,,,,,,,,,,19.6612492,4.91874981,966.0,1027.40625,14.0625,,,10.55,0.0,13.22,,,,,,0.0,,
2025-11-05 06:42:10+00:00,2025-11-05 06:42:10,24.0,24.0,24.0,24.0,24.0,12.654572807351789,100.0,BO_ONLY,"BO 모델 결과만 사용 (1단계 롤백, 2~4단계에서 Hz 변화 없음)",19.6612492,4.9124999,964.0,1027.24377,13.375,,,10.55,0.0,13.22,,,,,,0.0,,
2025-11-05 06:42:11+00:00,2025-11-05 06:42:11,,,,,,,,,,19.6612492,4.9609375,965.0,1027.65002,13.1999998,,,10.55,0.0,13.38,,,,,,0.0,,
2025-11-05 06:42:12+00:00,2025-11-05 06:42:12,,,,,,,,,,19.6612492,4.9609375,965.0,1027.65002,13.1999998,,,10.55,0.0,13.38,,,,,,0.0,,
2025-11-05 06:42:13+00:00,2025-11-05 06:42:13,,,,,,,,,,19.6612492,5.11406231,966.0,1027.32495,13.8374996,,,10.55,0.0,13.38,,,,,,0.0,,
2025-11-05 06:42:14+00:00,2025-11-05 06:42:14,,,,,,,,,,19.6612492,5.11406231,966.0,1027.32495,13.8374996,,,10.55,0.0,13.38,,,,,,0.0,,
2025-11-05 06:42:15+00:00,2025-11-05 06:42:15,24.0,24.0,24.0,24.0,24.0,12.421346792731583,100.0,BO_ONLY,"BO 모델 결과만 사용 (1단계 롤백, 2~4단계에서 Hz 변화 없음)",19.6612492,5.171875,964.0,1028.13745,13.6374998,,,10.55,0.0,13.38,,,,,,0.0,,
2025-11-05 06:42:16+00:00,2025-11-05 06:42:16,,,,,,,,,,19.6612492,5.27656269,965.0,1027.8125,13.4875002,,,10.55,0.0,13.38,,,,,,0.0,,
2025-11-05 06:42:17+00:00,2025-11-05 06:42:17,,,,,,,,,,19.6612492,5.27656269,965.0,1027.8125,13.4875002,,,10.55,0.0,13.38,,,,,,0.0,,
2025-11-05 06:42:18+00:00,2025-11-05 06:42:18,,,,,,,,,,19.6612492,5.3109374,964.0,1027.0,13.4375,,,10.55,0.0,13.38,,,,,,0.0,,
2025-11-05 06:42:19+00:00,2025-11-05 06:42:19,,,,,,,,,,19.6612492,5.3109374,964.0,1027.0,13.4375,,,10.55,0.0,13.38,,,,,,0.0,,
2025-11-05 06:42:20+00:00,2025-11-05 06:42:20,24.6612492,25.0,25.0,25.0,25.0,13.318904726634134,100.0,BO_ONLY,"BO 모델 결과만 사용 (1단계 롤백, 2~4단계에서 Hz 변화 없음)",19.6612492,5.4124999,965.0,1027.97498,13.5625,,,10.55,0.0,13.38,,,,,,0.0,,
2025-11-05 06:42:21+00:00,2025-11-05 06:42:21,,,,,,,,,,19.6612492,5.4124999,965.0,1027.97498,13.5625,,,10.55,0.0,12.96,,,,,,0.0,,
2025-11-05 06:42:23+00:00,2025-11-05 06:42:23,,,,,,,,,,19.6612492,5.453125,964.0,1027.97498,13.6625004,,,10.55,0.0,12.96,,,,,,0.0,,
2025-11-05 06:42:24+00:00,2025-11-05 06:42:24,,,,,,,,,,19.6612492,5.453125,964.0,1027.97498,13.6625004,,,10.55,0.0,12.96,,,,,,0.0,,
2025-11-05 06:42:25+00:00,2025-11-05 06:42:25,24.6612492,26.0,26.0,26.0,26.0,12.333252500986832,100.0,BO_ONLY,"BO 모델 결과만 사용 (1단계 롤백, 2~4단계에서 Hz 변화 없음)",19.6612492,5.5234375,964.0,1027.48755,13.8625002,,,10.55,0.0,12.96,,,,,,0.0,,
2025-11-05 06:42:26+00:00,2025-11-05 06:42:26,,,,,,,,,,19.6612492,5.6234374,963.0,1026.1062,13.3999996,,,10.55,0.0,12.96,,,,,,0.0,,
2025-11-05 06:42:27+00:00,2025-11-05 06:42:27,,,,,,,,,,19.6612492,5.6390624,964.0,1026.51245,13.7875004,,,10.55,0.0,12.96,,,,,,0.0,,
2025-11-05 06:42:28+00:00,2025-11-05 06:42:28,,,,,,,,,,19.6612492,5.6390624,964.0,1026.51245,13.7875004,,,10.55,0.0,12.96,,,,,,0.0,,
2025-11-05 06:42:29+00:00,2025-11-05 06:42:29,,,,,,,,,,19.6612492,5.75,963.0,1025.78125,13.7875004,,,10.55,0.0,12.96,,,,,,0.0,,
2025-11-05 06:42:30+00:00,2025-11-05 06:42:30,24.6612492,26.0,26.0,26.0,26.0,12.478454521544679,100.0,BO_ONLY,"BO 모델 결과만 사용 (1단계 롤백, 2~4단계에서 Hz 변화 없음)",19.6612492,5.7640624,963.0,1026.67505,13.5874996,,,10.55,0.0,12.96,,,,,,0.0,,
2025-11-05 06:42:31+00:00,2025-11-05 06:42:31,,,,,,,,,,19.6612492,5.7640624,963.0,1026.67505,13.5874996,,,10.55,0.0,13.01,,,,,,0.0,,
2025-11-05 06:42:32+00:00,2025-11-05 06:42:32,,,,,,,,,,19.6612492,5.8984375,963.0,1026.51245,11.2375002,,,10.55,0.0,13.01,,,,,,0.0,,
2025-11-05 06:42:33+00:00,2025-11-05 06:42:33,,,,,,,,,,19.6612492,5.9671874,963.0,1025.53748,11.3374996,,,10.55,0.0,13.01,,,,,,0.0,,
2025-11-05 06:42:34+00:00,2025-11-05 06:42:34,,,,,,,,,,19.6612492,5.9671874,963.0,1025.53748,11.3374996,,,10.55,0.0,13.01,,,,,,0.0,,
2025-11-05 06:42:35+00:00,2025-11-05 06:42:35,18.0,26.0,26.0,18.0,18.0,11.750030792107077,304.0,BO_O2_RULE,"제어매트릭스 규칙 적용: NOX_LOW (3단계 롤백, 4단계에서 Hz 변화 없음)",19.6612492,6.0078125,962.0,1024.88745,11.2375002,,,10.55,0.0,13.01,,,,,,0.0,,
2025-11-05 06:42:36+00:00,2025-11-05 06:42:36,,,,,,,,,,19.6612492,6.07499981,962.0,1023.91248,11.5749998,,,10.55,0.0,13.01,,,,,,0.0,,
2025-11-05 06:42:37+00:00,2025-11-05 06:42:37,,,,,,,,,,19.6612492,6.07499981,962.0,1023.91248,11.5749998,,,10.55,0.0,13.01,,,,,,0.0,,
2025-11-05 06:42:38+00:00,2025-11-05 06:42:38,,,,,,,,,,19.6612492,6.1656251,961.0,1023.50623,11.2875004,,,10.55,0.0,13.01,,,,,,0.0,,
2025-11-05 06:42:39+00:00,2025-11-05 06:42:39,,,,,,,,,,19.6612492,6.1656251,961.0,1023.50623,11.2875004,,,10.55,0.0,13.01,,,,,,0.0,,
2025-11-05 06:42:40+00:00,2025-11-05 06:42:40,18.0,26.0,26.0,18.0,18.0,11.842033816833288,304.0,BO_O2_RULE,"제어매트릭스 규칙 적용: NOX_LOW (3단계 롤백, 4단계에서 Hz 변화 없음)",19.6612492,6.26093769,962.0,1024.6438,11.1374998,,,10.55,0.0,13.01,,,,,,0.0,,
2025-11-05 06:42:41+00:00,2025-11-05 06:42:41,,,,,,,,,,19.6612492,6.328125,961.0,1024.88745,11.6125002,,,10.55,0.0,10.78,,,,,,0.0,,
2025-11-05 06:42:42+00:00,2025-11-05 06:42:42,,,,,,,,,,19.6612492,6.328125,961.0,1024.88745,11.6125002,,,10.55,0.0,10.78,,,,,,0.0,,
2025-11-05 06:42:43+00:00,2025-11-05 06:42:43,,,,,,,,,,19.6612492,6.44062519,962.0,1023.75,11.6875,,,10.55,0.0,10.78,,,,,,0.0,,
2025-11-05 06:42:44+00:00,2025-11-05 06:42:44,,,,,,,,,,19.6612492,6.44062519,962.0,1023.75,11.6875,,,10.55,0.0,10.78,,,,,,0.0,,
2025-11-05 06:42:45+00:00,2025-11-05 06:42:45,18.0,25.0,25.0,18.0,18.0,11.971437965887224,304.0,BO_O2_RULE,"제어매트릭스 규칙 적용: NOX_LOW (3단계 롤백, 4단계에서 Hz 변화 없음)",19.6612492,6.5859375,962.0,1022.45001,11.7124996,,,10.55,0.0,10.78,,,,,,0.0,,
2025-11-05 06:42:46+00:00,2025-11-05 06:42:46,,,,,,,,,,19.6612492,6.65312481,962.0,1022.20624,11.8000002,,,10.55,0.0,10.78,,,,,,0.0,,
2025-11-05 06:42:47+00:00,2025-11-05 06:42:47,,,,,,,,,,19.6612492,6.65312481,962.0,1022.20624,11.8000002,,,10.55,0.0,10.78,,,,,,0.0,,
2025-11-05 06:42:48+00:00,2025-11-05 06:42:48,,,,,,,,,,19.6612492,6.65312481,962.0,1023.01874,11.7749996,,,10.55,0.0,10.78,,,,,,0.0,,
2025-11-05 06:42:49+00:00,2025-11-05 06:42:49,,,,,,,,,,19.6612492,6.78437519,962.0,1023.01874,11.7749996,,,10.55,0.0,10.78,,,,,,0.0,,
2025-11-05 06:42:50+00:00,2025-11-05 06:42:50,24.0,24.0,24.0,24.0,24.0,13.197125772774056,100.0,BO_ONLY,"BO 모델 결과만 사용 (1단계 롤백, 2~4단계에서 Hz 변화 없음)",19.6612492,6.81718731,961.0,1021.39374,11.8874998,,,10.55,0.0,10.78,,,,,,0.0,,
2025-11-05 06:42:51+00:00,2025-11-05 06:42:51,,,,,,,,,,19.6612492,6.81718731,961.0,1021.39374,11.8874998,,,10.55,0.0,10.78,,,,,,0.0,,
2025-11-05 06:42:52+00:00,2025-11-05 06:42:52,,,,,,,,,,19.6612492,6.8734374,961.0,1021.3125,10.875,,,10.55,0.0,11.04,,,,,,0.0,,
2025-11-05 06:42:53+00:00,2025-11-05 06:42:53,,,,,,,,,,19.6612492,6.98750019,963.0,1020.41876,11.0249996,,,10.55,0.0,11.04,,,,,,0.0,,
2025-11-05 06:42:54+00:00,2025-11-05 06:42:54,,,,,,,,,,19.6612492,6.98750019,963.0,1020.41876,11.0249996,,,10.55,0.0,11.04,,,,,,0.0,,
2025-11-05 06:42:55+00:00,2025-11-05 06:42:55,23.0,23.0,23.0,23.0,23.0,12.812997335954464,100.0,BO_ONLY,"BO 모델 결과만 사용 (1단계 롤백, 2~4단계에서 Hz 변화 없음)",19.6612492,7.0328126,962.0,1021.39374,10.8999996,,,10.55,0.0,11.04,,,,,,0.0,,
2025-11-05 06:42:56+00:00,2025-11-05 06:42:56,,,,,,,,,,19.6612492,6.9984374,961.0,1021.47498,10.7875004,,,10.55,0.0,11.04,,,,,,0.0,,
2025-11-05 06:42:57+00:00,2025-11-05 06:42:57,,,,,,,,,,19.6612492,7.046875,962.0,1020.82501,10.5124998,,,10.55,0.0,11.04,,,,,,0.0,,
2025-11-05 06:42:58+00:00,2025-11-05 06:42:58,,,,,,,,,,19.6612492,7.046875,962.0,1020.82501,10.5124998,,,10.55,0.0,11.04,,,,,,0.0,,
2025-11-05 06:42:59+00:00,2025-11-05 06:42:59,,,,,,,,,,19.6612492,7.1265626,962.0,1021.23126,10.7624998,,,10.55,0.0,11.04,,,,,,0.0,,
2025-11-05 06:43:00+00:00,2025-11-05 06:43:00,23.0,23.0,23.0,23.0,23.0,12.089339145945315,100.0,BO_ONLY,"BO 모델 결과만 사용 (1단계 롤백, 2~4단계에서 Hz 변화 없음)",19.6612492,7.1265626,962.0,1021.23126,10.7624998,,3.0,10.55,0.0,11.04,,,,,,0.0,,
2025-11-05 06:43:01+00:00,2025-11-05 06:43:01,,,,,,,,,,19.6612492,7.2406249,963.0,1021.39374,10.6999998,,,10.55,0.0,11.04,,,,,,0.0,,
2025-11-05 06:43:02+00:00,2025-11-05 06:43:02,,,,,,,,,,19.6612492,7.2406249,963.0,1021.39374,10.6999998,,,10.55,0.0,10.38,,,,,,0.0,,
2025-11-05 06:43:03+00:00,2025-11-05 06:43:03,,,,,,,,,,19.6612492,7.29374981,962.0,1019.6875,10.9875002,,,10.55,0.0,10.38,,,,,,0.0,,
2025-11-05 06:43:04+00:00,2025-11-05 06:43:04,,,,,,,,,,19.6612492,7.29374981,962.0,1019.6875,10.9875002,,,10.55,0.0,10.38,,,,,,0.0,,
2025-11-05 06:43:05+00:00,2025-11-05 06:43:05,23.0,23.0,23.0,23.0,23.0,12.339718325014406,100.0,BO_ONLY,"BO 모델 결과만 사용 (1단계 롤백, 2~4단계에서 Hz 변화 없음)",19.6612492,7.375,962.0,1019.76874,11.0500002,,,10.55,0.0,10.38,,,,,,0.0,,
2025-11-05 06:43:06+00:00,2025-11-05 06:43:06,,,,,,,,,,19.6612492,7.5078125,961.0,1017.33124,11.1999998,,,10.55,0.0,10.38,,,,,,0.0,,
2025-11-05 06:43:07+00:00,2025-11-05 06:43:07,,,,,,,,,,19.6612492,7.5078125,961.0,1017.33124,11.1999998,,,10.55,0.0,10.38,,,,,,0.0,,
2025-11-05 06:43:08+00:00,2025-11-05 06:43:08,,,,,,,,,,19.6612492,7.484375,961.0,1017.49377,11.2875004,,,10.55,0.0,10.38,,,,,,0.0,,
2025-11-05 06:43:09+00:00,2025-11-05 06:43:09,,,,,,,,,,19.6612492,7.6015625,962.0,1018.14374,10.9624996,,,10.55,0.0,10.38,,,,,,0.0,,
2025-11-05 06:43:10+00:00,2025-11-05 06:43:10,23.0,23.0,23.0,23.0,23.0,12.440172344808751,100.0,BO_ONLY,"BO 모델 결과만 사용 (1단계 롤백, 2~4단계에서 Hz 변화 없음)",19.6612492,7.6015625,962.0,1018.14374,10.9624996,,,10.55,0.0,10.38,,,,,,0.0,,
2025-11-05 06:43:11+00:00,2025-11-05 06:43:11,,,,,,,,,,19.6612492,7.66718769,961.0,1015.95001,11.1125002,,,10.55,0.0,10.48,,,,,,0.0,,
2025-11-05 06:43:12+00:00,2025-11-05 06:43:12,,,,,,,,,,19.6612492,7.66718769,961.0,1015.95001,11.1125002,,,10.55,0.0,10.48,,,,,,0.0,,
2025-11-05 06:43:13+00:00,2025-11-05 06:43:13,,,,,,,,,,19.6612492,7.71875,960.0,1014.65002,11.9499998,,,10.55,0.0,10.48,,,,,,0.0,,
2025-11-05 06:43:14+00:00,2025-11-05 06:43:14,,,,,,,,,,19.6612492,7.71875,960.0,1014.65002,11.9499998,,,10.55,0.0,10.48,,,,,,0.0,,
2025-11-05 06:43:15+00:00,2025-11-05 06:43:15,22.0,22.0,22.0,22.0,22.0,12.345883175625485,100.0,BO_ONLY,"BO 모델 결과만 사용 (1단계 롤백, 2~4단계에서 Hz 변화 없음)",19.6612492,7.7437501,960.0,1014.48749,12.1000004,,,10.55,0.0,10.48,,,,,,0.0,,
2025-11-05 06:43:16+00:00,2025-11-05 06:43:16,,,,,,,,,,19.6612492,7.8046875,960.0,1015.05627,12.1499996,,,10.55,0.0,10.48,,,,,,0.0,,
2025-11-05 06:43:17+00:00,2025-11-05 06:43:17,,,,,,,,,,19.6612492,7.875,960.0,1013.83752,12.3125,,,10.55,0.0,10.48,,,,,,0.0,,
2025-11-05 06:43:18+00:00,2025-11-05 06:43:18,,,,,,,,,,19.6612492,7.875,960.0,1013.83752,12.3125,,,10.55,0.0,10.48,,,,,,0.0,,
2025-11-05 06:43:19+00:00,2025-11-05 06:43:19,,,,,,,,,,19.6612492,7.87968731,960.0,1015.13751,12.2124996,,,10.55,0.0,10.48,,,,,,0.0,,
2025-11-05 06:43:20+00:00,2025-11-05 06:43:20,21.0,21.0,21.0,21.0,21.0,12.637987928622096,100.0,BO_ONLY,"BO 모델 결과만 사용 (1단계 롤백, 2~4단계에서 Hz 변화 없음)",19.6612492,8.01406288,960.0,1012.53748,12.6999998,,,10.55,0.0,10.48,,,,,,0.0,,
2025-11-05 06:43:21+00:00,2025-11-05 06:43:21,,,,,,,,,,19.6612492,8.01406288,960.0,1012.53748,12.6999998,,,10.55,0.0,11.65,,,,,,0.0,,
2025-11-05 06:43:22+00:00,2025-11-05 06:43:22,,,,,,,,,,19.6612492,8.05781269,959.0,1013.26874,12.6625004,,,10.55,0.0,11.65,,,,,,0.0,,
2025-11-05 06:43:23+00:00,2025-11-05 06:43:23,,,,,,,,,,19.6612492,8.05781269,959.0,1013.26874,12.6625004,,,10.55,0.0,11.65,,,,,,0.0,,
2025-11-05 06:43:24+00:00,2025-11-05 06:43:24,,,,,,,,,,19.6612492,8.10624981,959.0,1010.99377,12.6750002,,,10.55,0.0,11.65,,,,,,0.0,,
2025-11-05 06:43:25+00:00,2025-11-05 06:43:25,21.0,21.0,21.0,21.0,21.0,12.727476631244842,100.0,BO_ONLY,"BO 모델 결과만 사용 (1단계 롤백, 2~4단계에서 Hz 변화 없음)",19.6612492,8.14375019,958.0,1011.5625,13.0874996,,,10.55,0.0,11.65,,,,,,0.0,,
2025-11-05 06:43:26+00:00,2025-11-05 06:43:26,,,,,,,,,,19.6612492,8.14375019,958.0,1011.5625,13.0874996,,,10.55,0.0,11.65,,,,,,0.0,,
2025-11-05 06:43:27+00:00,2025-11-05 06:43:27,,,,,,,,,,19.6612492,8.18437481,958.0,1011.88751,13.0874996,,,10.55,0.0,11.65,,,,,,0.0,,
2025-11-05 06:43:28+00:00,2025-11-05 06:43:28,,,,,,,,,,19.6612492,8.1953125,959.0,1011.64374,12.9875002,,,10.55,0.0,11.65,,,,,,0.0,,
2025-11-05 06:43:29+00:00,2025-11-05 06:43:29,,,,,,,,,,19.6612492,8.1953125,959.0,1011.64374,12.9875002,,,10.55,0.0,11.65,,,,,,0.0,,
2025-11-05 06:43:30+00:00,2025-11-05 06:43:30,21.0,21.0,21.0,21.0,21.0,12.800945636907167,100.0,BO_ONLY,"BO 모델 결과만 사용 (1단계 롤백, 2~4단계에서 Hz 변화 없음)",19.6612492,8.29531288,959.0,1010.01874,11.9375,,,10.55,0.0,11.65,,,,,,0.0,,
2025-11-05 06:43:31+00:00,2025-11-05 06:43:31,,,,,,,,,,19.6612492,8.34062481,958.0,1009.61249,11.8625002,,,10.55,0.0,12.52,,,,,,0.0,,
2025-11-05 06:43:32+00:00,2025-11-05 06:43:32,,,,,,,,,,19.6612492,8.34062481,958.0,1009.61249,11.8625002,,,10.55,0.0,12.52,,,,,,0.0,,
2025-11-05 06:43:33+00:00,2025-11-05 06:43:33,,,,,,,,,,19.6612492,8.31718731,959.0,1008.39374,11.8625002,,,10.55,0.0,12.52,,,,,,0.0,,
2025-11-05 06:43:34+00:00,2025-11-05 06:43:34,,,,,,,,,,19.6612492,8.31718731,959.0,1008.39374,11.8125,,,10.55,0.0,12.52,,,,,,0.0,,
2025-11-05 06:43:35+00:00,2025-11-05 06:43:35,21.0,21.0,21.0,21.0,21.0,12.752755611184574,100.0,BO_ONLY,"BO 모델 결과만 사용 (1단계 롤백, 2~4단계에서 Hz 변화 없음)",19.6612492,8.38437462,959.0,1008.63751,11.8125,,,10.55,0.0,12.52,,,,,,0.0,,
2025-11-05 06:43:36+00:00,2025-11-05 06:43:36,,,,,,,,,,19.6612492,8.37812519,959.0,1008.39374,11.7375002,,,10.55,0.0,12.52,,,,,,0.0,,
2025-11-05 06:43:37+00:00,2025-11-05 06:43:37,,,,,,,,,,19.6612492,8.37812519,959.0,1008.39374,11.7375002,,,10.55,0.0,12.52,,,,,,0.0,,
2025-11-05 06:43:38+00:00,2025-11-05 06:43:38,,,,,,,,,,19.6612492,8.42812538,959.0,1008.39374,11.8125,,,10.55,0.0,12.52,,,,,,0.0,,
2025-11-05 06:43:39+00:00,2025-11-05 06:43:39,,,,,,,,,,19.6612492,8.51718712,958.0,1007.74377,11.8625002,,,10.55,0.0,12.52,,,,,,0.0,,
2025-11-05 06:43:40+00:00,2025-11-05 06:43:40,21.0,21.0,21.0,21.0,21.0,12.284071322008883,100.0,BO_ONLY,"BO 모델 결과만 사용 (1단계 롤백, 2~4단계에서 Hz 변화 없음)",19.6612492,8.51718712,958.0,1007.74377,11.8625002,,,10.55,0.0,11.29,,,,,,0.0,,
2025-11-05 06:43:41+00:00,2025-11-05 06:43:41,,,,,,,,,,19.6612492,8.58125019,959.0,1006.36249,12.1499996,,,10.55,0.0,11.29,,,,,,0.0,,
2025-11-05 06:43:42+00:00,2025-11-05 06:43:42,,,,,,,,,,19.6612492,8.52187538,959.0,1006.28125,12.1499996,,,10.55,0.0,11.29,,,,,,0.0,,
2025-11-05 06:43:43+00:00,2025-11-05 06:43:43,,,,,,,,,,19.6612492,8.52187538,959.0,1006.28125,12.1999998,,,10.55,0.0,11.29,,,,,,0.0,,
2025-11-05 06:43:44+00:00,2025-11-05 06:43:44,,,,,,,,,,19.6612492,8.65937519,958.0,1004.57501,12.1999998,,,10.55,0.0,11.29,,,,,,0.0,,
2025-11-05 06:43:45+00:00,2025-11-05 06:43:45,21.0,21.0,21.0,21.0,21.0,12.624352805181859,100.0,BO_ONLY,"BO 모델 결과만 사용 (1단계 롤백, 2~4단계에서 Hz 변화 없음)",19.6612492,8.65937519,958.0,1004.57501,11.9499998,,,10.55,0.0,11.29,,,,,,0.0,,
2025-11-05 06:43:46+00:00,2025-11-05 06:43:46,,,,,,,,,,19.6612492,8.68906212,958.0,1002.625,12.3125,,,10.55,0.0,11.29,,,,,,0.0,,
2025-11-05 06:43:47+00:00,2025-11-05 06:43:47,,,,,,,,,,19.6612492,8.68906212,958.0,1002.625,12.3125,,,10.55,0.0,11.29,,,,,,0.0,,
2025-11-05 06:43:48+00:00,2025-11-05 06:43:48,,,,,,,,,,19.6612492,8.7578125,957.0,1001.24377,12.2124996,,,10.55,0.0,11.29,,,,,,0.0,,
2025-11-05 06:43:49+00:00,2025-11-05 06:43:49,,,,,,,,,,19.6612492,8.75625038,958.0,1001.08124,12.3000002,,,10.55,0.0,11.29,,,,,,0.0,,
2025-11-05 06:43:50+00:00,2025-11-05 06:43:50,21.0,21.0,21.0,21.0,21.0,12.668966810520645,100.0,BO_ONLY,"BO 모델 결과만 사용 (1단계 롤백, 2~4단계에서 Hz 변화 없음)",19.6612492,8.75625038,958.0,1001.08124,12.3000002,,,10.55,0.0,11.68,,,,,,0.0,,
2025-11-05 06:43:51+00:00,2025-11-05 06:43:51,,,,,,,,,,19.6612492,8.80781269,958.0,1002.05627,12.6625004,,,10.55,0.0,11.68,,,,,,0.0,,
2025-11-05 06:43:52+00:00,2025-11-05 06:43:52,,,,,,,,,,19.6612492,8.80781269,958.0,1002.05627,12.6625004,,,10.55,0.0,11.68,,,,,,0.0,,
2025-11-05 06:43:53+00:00,2025-11-05 06:43:53,,,,,,,,,,19.6612492,8.8828125,957.0,1001.16248,12.5500002,,,10.55,0.0,11.68,,,,,,0.0,,
2025-11-05 06:43:54+00:00,2025-11-05 06:43:54,,,,,,,,,,19.6612492,8.8828125,957.0,1001.16248,12.5500002,,,10.55,0.0,11.68,,,,,,0.0,,
2025-11-05 06:43:55+00:00,2025-11-05 06:43:55,21.0,21.0,21.0,21.0,21.0,12.5037711519614,100.0,BO_ONLY,"BO 모델 결과만 사용 (1단계 롤백, 2~4단계에서 Hz 변화 없음)",19.6612492,8.99843788,957.0,1001.48749,10.875,,,10.55,0.0,11.68,,,,,,0.0,,
2025-11-05 06:43:56+00:00,2025-11-05 06:43:56,,,,,,,,,,19.6612492,8.99843788,957.0,1001.48749,10.875,,,10.55,0.0,11.68,,,,,,0.0,,
2025-11-05 06:43:57+00:00,2025-11-05 06:43:57,,,,,,,,,,19.6612492,9.0234375,957.0,999.293762,11.1750002,,,10.55,0.0,11.68,,,,,,0.0,,
2025-11-05 06:43:58+00:00,2025-11-05 06:43:58,,,,,,,,,,19.6612492,9.0234375,957.0,999.293762,11.1750002,,,10.55,0.0,11.68,,,,,,0.0,,
2025-11-05 06:43:59+00:00,2025-11-05 06:43:59,,,,,,,,,,19.6612492,9.02499962,957.0,997.75,11.1374998,,,10.55,0.0,11.68,,,,,,0.0,,
2025-11-05 06:44:00+00:00,2025-11-05 06:44:00,18.0,21.0,21.0,18.0,18.0,11.96413342337169,304.0,BO_O2_RULE,"제어매트릭스 규칙 적용: NOX_LOW (3단계 롤백, 4단계에서 Hz 변화 없음)",,,,,,,3.0,,,,,,,,,,,
2025-11-05 06:44:01+00:00,2025-11-05 06:44:01,,,,,,,,,,19.6612492,9.02499962,957.0,997.75,11.1374998,,,10.55,0.0,11.68,,,,,,0.0,,
2025-11-05 06:44:02+00:00,2025-11-05 06:44:02,,,,,,,,,,19.6612492,9.05937481,958.0,998.318726,11.3625002,,,10.55,0.0,10.59,,,,,,0.0,,
2025-11-05 06:44:03+00:00,2025-11-05 06:44:03,,,,,,,,,,19.6612492,9.06718731,960.0,997.912476,11.6125002,,,10.55,0.0,10.59,,,,,,0.0,,
2025-11-05 06:44:04+00:00,2025-11-05 06:44:04,,,,,,,,,,19.6612492,9.06718731,960.0,997.912476,11.6125002,,,10.55,0.0,10.59,,,,,,0.0,,
2025-11-05 06:44:05+00:00,2025-11-05 06:44:05,18.0,21.0,21.0,18.0,18.0,11.8006488431462,304.0,BO_O2_RULE,"제어매트릭스 규칙 적용: NOX_LOW (3단계 롤백, 4단계에서 Hz 변화 없음)",19.6612492,9.09531212,959.0,997.831238,11.4125004,,,10.55,0.0,10.59,,,,,,0.0,,
2025-11-05 06:44:06+00:00,2025-11-05 06:44:06,,,,,,,,,,19.6612492,9.09531212,959.0,997.831238,11.4125004,,,10.55,0.0,10.59,,,,,,0.0,,
2025-11-05 06:44:07+00:00,2025-11-05 06:44:07,,,,,,,,,,19.6612492,9.19843769,959.0,997.831238,11.6499996,,,10.55,0.0,10.59,,,,,,0.0,,
2025-11-05 06:44:08+00:00,2025-11-05 06:44:08,,,,,,,,,,19.6612492,9.09375,959.0,996.775024,11.4375,,,10.55,0.0,10.59,,,,,,0.0,,
2025-11-05 06:44:09+00:00,2025-11-05 06:44:09,,,,,,,,,,19.6612492,9.09375,959.0,996.775024,11.4375,,,10.55,0.0,10.59,,,,,,0.0,,
2025-11-05 06:44:10+00:00,2025-11-05 06:44:10,18.0,21.0,21.0,18.0,18.0,11.700652811933452,304.0,BO_O2_RULE,"제어매트릭스 규칙 적용: NOX_LOW (3단계 롤백, 4단계에서 Hz 변화 없음)",19.6612492,9.03125,959.0,995.474976,11.5749998,,,10.55,0.0,10.59,,,,,,0.0,,
2025-11-05 06:44:11+00:00,2025-11-05 06:44:11,,,,,,,,,,19.6312504,9.03125,959.0,995.474976,11.5749998,,,10.55,0.0,11.0,,,,,,0.0,,
2025-11-05 06:44:12+00:00,2025-11-05 06:44:12,,,,,,,,,,19.6312504,8.94218731,958.0,995.474976,11.6875,,,10.55,0.0,11.0,,,,,,0.0,,
2025-11-05 06:44:13+00:00,2025-11-05 06:44:13,,,,,,,,,,19.6312504,8.94218731,958.0,995.474976,11.6875,,,10.55,0.0,11.0,,,,,,0.0,,
2025-11-05 06:44:14+00:00,2025-11-05 06:44:14,,,,,,,,,,19.6612492,8.67500019,959.0,995.474976,11.8500004,,,10.55,0.0,11.0,,,,,,0.0,,
2025-11-05 06:44:15+00:00,2025-11-05 06:44:15,18.0,21.0,21.0,18.0,18.0,11.76059803358533,304.0,BO_O2_RULE,"제어매트릭스 규칙 적용: NOX_LOW (3단계 롤백, 4단계에서 Hz 변화 없음)",19.6612492,8.67500019,959.0,995.231262,11.8500004,,,10.55,0.0,11.0,,,,,,0.0,,
2025-11-05 06:44:16+00:00,2025-11-05 06:44:16,,,,,,,,,,19.6612492,8.3359375,958.0,994.90625,9.80000019,,,10.55,0.0,11.0,,,,,,0.0,,
2025-11-05 06:44:17+00:00,2025-11-05 06:44:17,,,,,,,,,,19.6612492,8.3359375,958.0,994.90625,9.80000019,,,10.55,0.0,11.0,,,,,,0.0,,
2025-11-05 06:44:18+00:00,2025-11-05 06:44:18,,,,,,,,,,19.6612492,8.01249981,959.0,994.987488,10.2124996,,,10.55,0.0,11.0,,,,,,0.0,,
2025-11-05 06:44:19+00:00,2025-11-05 06:44:19,,,,,,,,,,19.6612492,8.01249981,959.0,994.987488,10.2124996,,,10.55,0.0,11.0,,,,,,0.0,,
2025-11-05 06:44:20+00:00,2025-11-05 06:44:20,18.0,22.0,22.0,18.0,18.0,11.426484827791755,304.0,BO_O2_RULE,"제어매트릭스 규칙 적용: NOX_LOW (3단계 롤백, 4단계에서 Hz 변화 없음)",19.6612492,7.62812519,959.0,994.662476,10.2124996,,,10.55,0.0,11.0,,,,,,0.0,,
2025-11-05 06:44:21+00:00,2025-11-05 06:44:21,,,,,,,,,,19.6612492,7.62812519,959.0,994.662476,10.2124996,,,10.55,0.0,9.58,,,,,,0.0,,
2025-11-05 06:44:22+00:00,2025-11-05 06:44:22,,,,,,,,,,19.6612492,7.30000019,959.0,994.581238,10.2624998,,,10.55,0.0,9.58,,,,,,0.0,,
2025-11-05 06:44:23+00:00,2025-11-05 06:44:23,,,,,,,,,,19.6612492,7.07499981,958.0,994.662476,10.2875004,,,10.55,0.0,9.58,,,,,,0.0,,
2025-11-05 06:44:24+00:00,2025-11-05 06:44:24,,,,,,,,,,19.6612492,7.07499981,958.0,994.662476,10.2875004,,,10.55,0.0,9.58,,,,,,0.0,,
2025-11-05 06:44:25+00:00,2025-11-05 06:44:25,18.0,23.0,23.0,18.0,18.0,11.145450972444795,304.0,BO_O2_RULE,"제어매트릭스 규칙 적용: NOX_LOW (3단계 롤백, 4단계에서 Hz 변화 없음)",19.6612492,6.7437501,960.0,995.799988,10.3125,,,10.55,0.0,9.58,,,,,,0.0,,
2025-11-05 06:44:26+00:00,2025-11-05 06:44:26,,,,,,,,,,19.6612492,6.5531249,961.0,994.743774,10.5625,,,10.55,0.0,9.58,,,,,,0.0,,
2025-11-05 06:44:27+00:00,2025-11-05 06:44:27,,,,,,,,,,19.6612492,6.5531249,961.0,994.743774,10.5625,,,10.55,0.0,9.58,,,,,,0.0,,
2025-11-05 06:44:28+00:00,2025-11-05 06:44:28,,,,,,,,,,19.6612492,6.2249999,961.0,995.799988,10.6374998,,,10.55,0.0,9.58,,,,,,0.0,,
2025-11-05 06:44:29+00:00,2025-11-05 06:44:29,,,,,,,,,,19.6612492,6.2249999,961.0,995.799988,10.6374998,,,10.55,0.0,9.58,,,,,,0.0,,
2025-11-05 06:44:30+00:00,2025-11-05 06:44:30,18.0,23.0,23.0,18.0,18.0,10.171981591659144,304.0,BO_O2_RULE,"제어매트릭스 규칙 적용: NOX_LOW (3단계 롤백, 4단계에서 Hz 변화 없음)",19.6612492,5.921875,959.0,993.6875,10.3000002,,,10.55,0.0,9.58,,,,,,0.0,,
2025-11-05 06:44:31+00:00,2025-11-05 06:44:31,,,,,,,,,,19.6612492,5.921875,959.0,993.6875,10.3000002,,,10.55,0.0,9.58,,,,,,0.0,,
2025-11-05 06:44:32+00:00,2025-11-05 06:44:32,,,,,,,,,,19.6612492,5.69218731,961.0,993.525024,11.0249996,,,10.55,0.0,9.98,,,,,,0.0,,
2025-11-05 06:44:33+00:00,2025-11-05 06:44:33,,,,,,,,,,19.6612492,5.4937501,961.0,993.6875,10.3874998,,,10.55,0.0,9.98,,,,,,0.0,,
2025-11-05 06:44:34+00:00,2025-11-05 06:44:34,,,,,,,,,,19.6612492,5.4937501,961.0,993.6875,10.3874998,,,10.55,0.0,9.98,,,,,,0.0,,
2025-11-05 06:44:35+00:00,2025-11-05 06:44:35,18.0,24.0,24.0,18.0,18.0,9.304650636581812,304.0,BO_O2_RULE,"제어매트릭스 규칙 적용: NOX_LOW (3단계 롤백, 4단계에서 Hz 변화 없음)",19.6612492,5.32343769,961.0,993.768738,10.9375,,,10.55,0.0,9.98,,,,,,0.0,,
2025-11-05 06:44:36+00:00,2025-11-05 06:44:36,,,,,,,,,,19.6612492,5.19843769,961.0,994.987488,9.57499981,,,10.55,0.0,9.98,,,,,,0.0,,
2025-11-05 06:44:37+00:00,2025-11-05 06:44:37,,,,,,,,,,19.6612492,5.19843769,961.0,994.987488,9.57499981,,,10.55,0.0,9.98,,,,,,0.0,,
2025-11-05 06:44:38+00:00,2025-11-05 06:44:38,,,,,,,,,,19.6612492,5.19843769,961.0,995.799988,9.57499981,,,10.55,0.0,9.98,,,,,,0.0,,
2025-11-05 06:44:39+00:00,2025-11-05 06:44:39,,,,,,,,,,19.6612492,5.00468731,961.0,995.799988,9.57499981,,,10.55,0.0,9.98,,,,,,0.0,,
2025-11-05 06:44:40+00:00,2025-11-05 06:44:40,18.0,23.0,23.0,18.0,18.0,9.177347731854816,304.0,BO_O2_RULE,"제어매트릭스 규칙 적용: NOX_LOW (3단계 롤백, 4단계에서 Hz 변화 없음)",19.6612492,4.87031269,962.0,995.393738,9.60000038,,,10.55,0.0,9.98,,,,,,0.0,,
2025-11-05 06:44:41+00:00,2025-11-05 06:44:41,,,,,,,,,,19.6612492,4.87031269,962.0,995.393738,9.60000038,,,10.55,0.0,9.98,,,,,,0.0,,
2025-11-05 06:44:42+00:00,2025-11-05 06:44:42,,,,,,,,,,19.6612492,4.7281251,961.0,995.637512,9.63749981,,,10.55,0.0,8.88,,,,,,0.0,,
2025-11-05 06:44:43+00:00,2025-11-05 06:44:43,,,,,,,,,,19.6612492,4.5703125,961.0,994.662476,9.42500019,,,10.55,0.0,8.88,,,,,,0.0,,
2025-11-05 06:44:44+00:00,2025-11-05 06:44:44,,,,,,,,,,19.6612492,4.5703125,961.0,994.662476,9.42500019,,,10.55,0.0,8.88,,,,,,0.0,,
2025-11-05 06:44:45+00:00,2025-11-05 06:44:45,18.0,22.0,22.0,18.0,18.0,9.424100040812272,304.0,BO_O2_RULE,"제어매트릭스 규칙 적용: NOX_LOW (3단계 롤백, 4단계에서 Hz 변화 없음)",19.6612492,4.4281249,961.0,995.637512,9.5,,,10.55,0.0,8.88,,,,,,0.0,,
2025-11-05 06:44:46+00:00,2025-11-05 06:44:46,,,,,,,,,,19.6612492,4.3453126,962.0,994.743774,9.57499981,,,10.55,0.0,8.88,,,,,,0.0,,
2025-11-05 06:44:47+00:00,2025-11-05 06:44:47,,,,,,,,,,19.6612492,4.3453126,962.0,994.743774,9.57499981,,,10.55,0.0,8.88,,,,,,0.0,,
2025-11-05 06:44:48+00:00,2025-11-05 06:44:48,,,,,,,,,,19.6612492,4.1390624,961.0,995.474976,9.8125,,,10.55,0.0,8.88,,,,,,0.0,,
2025-11-05 06:44:49+00:00,2025-11-05 06:44:49,,,,,,,,,,19.6612492,4.1390624,961.0,995.474976,9.8125,,,10.55,0.0,8.88,,,,,,0.0,,
2025-11-05 06:44:50+00:00,2025-11-05 06:44:50,18.0,21.0,21.0,18.0,18.0,9.427211117452238,304.0,BO_O2_RULE,"제어매트릭스 규칙 적용: NOX_LOW (3단계 롤백, 4단계에서 Hz 변화 없음)",19.6612492,4.00468731,961.0,994.825012,10.2250004,,,10.55,0.0,8.88,,,,,,0.0,,
2025-11-05 06:44:51+00:00,2025-11-05 06:44:51,,,,,,,,,,19.6612492,3.86406255,962.0,994.743774,9.88749981,,,10.55,0.0,9.13,,,,,,0.0,,
2025-11-05 06:44:52+00:00,2025-11-05 06:44:52,,,,,,,,,,19.6612492,3.86406255,962.0,994.743774,9.88749981,,,10.55,0.0,9.13,,,,,,0.0,,
2025-11-05 06:44:53+00:00,2025-11-05 06:44:53,,,,,,,,,,19.6612492,3.828125,963.0,994.662476,9.92500019,,,10.55,0.0,9.13,,,,,,0.0,,
2025-11-05 06:44:54+00:00,2025-11-05 06:44:54,,,,,,,,,,19.6612492,3.7046876,961.0,994.5,9.89999962,,,10.55,0.0,9.13,,,,,,0.0,,
2025-11-05 06:44:55+00:00,2025-11-05 06:44:55,18.0,20.0,20.0,18.0,18.0,9.042699521588624,304.0,BO_O2_RULE,"제어매트릭스 규칙 적용: NOX_LOW (3단계 롤백, 4단계에서 Hz 변화 없음)",19.6612492,3.7046876,961.0,994.5,9.89999962,,,10.55,0.0,9.13,,,,,,0.0,,
2025-11-05 06:44:56+00:00,2025-11-05 06:44:56,,,,,,,,,,19.6612492,3.6109376,961.0,994.581238,9.75,,,10.55,0.0,9.13,,,,,,0.0,,
2025-11-05 06:44:57+00:00,2025-11-05 06:44:57,,,,,,,,,,19.6612492,3.6109376,961.0,994.581238,9.75,,,10.55,0.0,9.13,,,,,,0.0,,
2025-11-05 06:44:58+00:00,2025-11-05 06:44:58,,,,,,,,,,19.6612492,3.57500005,961.0,994.5,8.9375,,,10.55,0.0,9.13,,,,,,0.0,,
2025-11-05 06:44:59+00:00,2025-11-05 06:44:59,,,,,,,,,,19.6612492,3.49531245,962.0,996.9375,9.0,,,10.55,0.0,9.13,,,,,,0.0,,
2025-11-05 06:45:00+00:00,2025-11-05 06:45:00,18.0,20.0,20.0,18.0,18.0,9.137629843180028,304.0,BO_O2_RULE,"제어매트릭스 규칙 적용: NOX_LOW (3단계 롤백, 4단계에서 Hz 변화 없음)",19.6612492,3.49531245,962.0,996.9375,9.0,,3.0,10.55,0.0,8.52,,,,,,0.0,,
2025-11-05 06:45:01+00:00,2025-11-05 06:45:01,,,,,,,,,,19.6612492,3.48906255,961.0,997.34375,9.19999981,,,10.55,0.0,8.52,,,,,,0.0,,
2025-11-05 06:45:02+00:00,2025-11-05 06:45:02,,,,,,,,,,19.6612492,3.48906255,961.0,997.34375,9.19999981,,,10.55,0.0,8.52,,,,,,0.0,,
2025-11-05 06:45:03+00:00,2025-11-05 06:45:03,,,,,,,,,,19.6612492,3.46406245,961.0,997.262512,9.13749981,,,10.55,0.0,8.52,,,,,,0.0,,
2025-11-05 06:45:04+00:00,2025-11-05 06:45:04,,,,,,,,,,19.6612492,3.45624995,961.0,997.668762,9.23750019,,,10.55,0.0,8.52,,,,,,0.0,,
2025-11-05 06:45:05+00:00,2025-11-05 06:45:05,18.0,20.0,20.0,18.0,18.0,9.422391946116885,304.0,BO_O2_RULE,"제어매트릭스 규칙 적용: NOX_LOW (3단계 롤백, 4단계에서 Hz 변화 없음)",19.6612492,3.45624995,961.0,997.668762,9.23750019,,,10.55,0.0,8.52,,,,,,0.0,,
2025-11-05 06:45:06+00:00,2025-11-05 06:45:06,,,,,,,,,,19.6612492,3.546875,961.0,997.912476,9.44999981,,,10.55,0.0,8.52,,,,,,0.0,,
2025-11-05 06:45:07+00:00,2025-11-05 06:45:07,,,,,,,,,,19.6612492,3.4703126,961.0,998.643738,9.19999981,,,10.55,0.0,8.52,,,,,,0.0,,
2025-11-05 06:45:08+00:00,2025-11-05 06:45:08,,,,,,,,,,19.6612492,3.4703126,961.0,998.643738,9.19999981,,,10.55,0.0,8.52,,,,,,0.0,,
2025-11-05 06:45:09+00:00,2025-11-05 06:45:09,,,,,,,,,,19.6612492,3.5531249,961.0,999.131226,9.58749962,,,10.55,0.0,8.52,,,,,,0.0,,
2025-11-05 06:45:10+00:00,2025-11-05 06:45:10,18.0,20.0,20.0,18.0,18.0,9.75952854180541,304.0,BO_O2_RULE,"제어매트릭스 규칙 적용: NOX_LOW (3단계 롤백, 4단계에서 Hz 변화 없음)",19.6612492,3.49687505,964.0,998.96875,9.22500038,,,10.55,0.0,8.52,,,,,,0.0,,
2025-11-05 06:45:11+00:00,2025-11-05 06:45:11,,,,,,,,,,19.6612492,3.49687505,964.0,998.96875,9.22500038,,,10.55,0.0,8.76,,,,,,0.0,,
2025-11-05 06:45:12+00:00,2025-11-05 06:45:12,,,,,,,,,,19.6612492,3.47343755,963.0,1000.10626,9.21249962,,,10.55,0.0,8.76,,,,,,0.0,,
2025-11-05 06:45:13+00:00,2025-11-05 06:45:13,,,,,,,,,,19.6612492,3.49687505,964.0,999.456238,9.35000038,,,10.55,0.0,8.76,,,,,,0.0,,
2025-11-05 06:45:14+00:00,2025-11-05 06:45:14,,,,,,,,,,19.6612492,3.49687505,964.0,999.456238,9.35000038,,,10.55,0.0,8.76,,,,,,0.0,,
2025-11-05 06:45:15+00:00,2025-11-05 06:45:15,18.0,20.0,20.0,18.0,18.0,9.194091212150315,304.0,BO_O2_RULE,"제어매트릭스 규칙 적용: NOX_LOW (3단계 롤백, 4단계에서 Hz 변화 없음)",19.6612492,3.5218749,963.0,1001.65002,8.55000019,,,10.55,0.0,8.76,,,,,,0.0,,
2025-11-05 06:45:16+00:00,2025-11-05 06:45:16,,,,,,,,,,19.6612492,3.5218749,963.0,1001.65002,8.55000019,,,10.55,0.0,8.76,,,,,,0.0,,
2025-11-05 06:45:17+00:00,2025-11-05 06:45:17,,,,,,,,,,19.6612492,3.40937495,963.0,1001.48749,8.4375,,,10.55,0.0,8.76,,,,,,0.0,,
2025-11-05 06:45:18+00:00,2025-11-05 06:45:18,,,,,,,,,,19.6612492,3.41093755,964.0,1001.16248,8.33749962,,,10.55,0.0,8.76,,,,,,0.0,,
2025-11-05 06:45:19+00:00,2025-11-05 06:45:19,,,,,,,,,,19.6612492,3.41093755,964.0,1001.16248,8.33749962,,,10.55,0.0,8.76,,,,,,0.0,,
2025-11-05 06:45:20+00:00,2025-11-05 06:45:20,18.0,20.0,20.0,18.0,18.0,9.085404825460394,304.0,BO_O2_RULE,"제어매트릭스 규칙 적용: NOX_LOW (3단계 롤백, 4단계에서 Hz 변화 없음)",19.6612492,3.3890624,964.0,1001.0,8.07499981,,,10.55,0.0,8.76,,,,,,0.0,,
2025-11-05 06:45:21+00:00,2025-11-05 06:45:21,,,,,,,,,,19.6612492,3.3890624,964.0,1001.0,8.07499981,,,10.55,0.0,7.87,,,,,,0.0,,
2025-11-05 06:45:22+00:00,2025-11-05 06:45:22,,,,,,,,,,19.6612492,3.37031245,965.0,1000.59375,8.03750038,,,10.55,0.0,7.87,,,,,,0.0,,
2025-11-05 06:45:23+00:00,2025-11-05 06:45:23,,,,,,,,,,19.6612492,3.37031245,965.0,1000.59375,8.03750038,,,10.55,0.0,7.87,,,,,,0.0,,
2025-11-05 06:45:24+00:00,2025-11-05 06:45:24,,,,,,,,,,19.6612492,3.4593749,965.0,1002.46252,8.0625,,,10.55,0.0,7.87,,,,,,0.0,,
2025-11-05 06:45:25+00:00,2025-11-05 06:45:25,18.0,20.0,20.0,18.0,18.0,9.201127373010337,304.0,BO_O2_RULE,"제어매트릭스 규칙 적용: NOX_LOW (3단계 롤백, 4단계에서 Hz 변화 없음)",19.6612492,3.4593749,965.0,1002.46252,8.0625,,,10.55,0.0,7.87,,,,,,0.0,,
2025-11-05 06:45:26+00:00,2025-11-05 06:45:26,,,,,,,,,,19.6612492,3.43437505,966.0,1003.35626,7.92500019,,,10.55,0.0,7.87,,,,,,0.0,,
2025-11-05 06:45:27+00:00,2025-11-05 06:45:27,,,,,,,,,,19.6612492,3.43437505,966.0,1003.35626,7.92500019,,,10.55,0.0,7.87,,,,,,0.0,,
2025-11-05 06:45:28+00:00,2025-11-05 06:45:28,,,,,,,,,,19.6612492,3.3343749,965.0,1004.33124,7.76249981,,,10.55,0.0,7.87,,,,,,0.0,,
2025-11-05 06:45:29+00:00,2025-11-05 06:45:29,,,,,,,,,,19.6612492,3.3828125,965.0,1004.90002,7.92500019,,,10.55,0.0,7.87,,,,,,0.0,,
2025-11-05 06:45:30+00:00,2025-11-05 06:45:30,18.0,20.0,20.0,18.0,18.0,8.902035784352229,304.0,BO_O2_RULE,"제어매트릭스 규칙 적용: NOX_LOW (3단계 롤백, 4단계에서 Hz 변화 없음)",19.6612492,3.3828125,965.0,1004.90002,7.92500019,,,10.55,0.0,7.35,,,,,,0.0,,
2025-11-05 06:45:31+00:00,2025-11-05 06:45:31,,,,,,,,,,19.6612492,3.359375,964.0,1006.84998,7.7874999,,,10.55,0.0,7.35,,,,,,0.0,,
2025-11-05 06:45:32+00:00,2025-11-05 06:45:32,,,,,,,,,,19.6612492,3.28593755,966.0,1006.28125,7.92500019,,,10.55,0.0,7.35,,,,,,0.0,,
2025-11-05 06:45:33+00:00,2025-11-05 06:45:33,,,,,,,,,,19.6612492,3.28593755,966.0,1006.28125,7.92500019,,,10.55,0.0,7.35,,,,,,0.0,,
2025-11-05 06:45:34+00:00,2025-11-05 06:45:34,,,,,,,,,,19.6612492,3.28593755,966.0,1008.39374,7.7750001,,,10.55,0.0,7.35,,,,,,0.0,,
2025-11-05 06:45:35+00:00,2025-11-05 06:45:35,18.0,20.0,20.0,18.0,18.0,9.216723821896155,304.0,BO_O2_RULE,"제어매트릭스 규칙 적용: NOX_LOW (3단계 롤백, 4단계에서 Hz 변화 없음)",19.6612492,3.24531245,964.0,1007.66248,7.9749999,,,10.55,0.0,7.35,,,,,,0.0,,
2025-11-05 06:45:36+00:00,2025-11-05 06:45:36,,,,,,,,,,19.6612492,3.24531245,964.0,1007.66248,7.9749999,,,10.55,0.0,7.35,,,,,,0.0,,
2025-11-05 06:45:37+00:00,2025-11-05 06:45:37,,,,,,,,,,19.6612492,3.2671876,966.0,1008.23126,7.9625001,,,10.55,0.0,7.35,,,,,,0.0,,
2025-11-05 06:45:39+00:00,2025-11-05 06:45:39,,,,,,,,,,19.6612492,3.3046875,967.0,1007.5,8.07499981,,,10.55,0.0,7.35,,,,,,0.0,,
2025-11-05 06:45:40+00:00,2025-11-05 06:45:40,18.0,20.0,20.0,18.0,18.0,9.704403396001727,304.0,BO_O2_RULE,"제어매트릭스 규칙 적용: NOX_LOW (3단계 롤백, 4단계에서 Hz 변화 없음)",19.6612492,3.3046875,967.0,1007.5,8.07499981,,,10.55,0.0,7.35,,,,,,0.0,,
2025-11-05 06:45:41+00:00,2025-11-05 06:45:41,,,,,,,,,,19.6612492,3.28593755,966.0,1008.23126,7.7874999,,,10.55,0.0,7.35,,,,,,0.0,,
2025-11-05 06:45:42+00:00,2025-11-05 06:45:42,,,,,,,,,,19.6612492,3.28593755,966.0,1008.23126,7.7874999,,,10.55,0.0,7.55,,,,,,0.0,,
2025-11-05 06:45:43+00:00,2025-11-05 06:45:43,,,,,,,,,,19.6612492,3.27812505,967.0,1007.98749,7.875,,,10.55,0.0,7.55,,,,,,0.0,,
2025-11-05 06:45:44+00:00,2025-11-05 06:45:44,,,,,,,,,,19.6612492,3.2718749,966.0,1010.01874,7.80000019,,,10.55,0.0,7.55,,,,,,0.0,,
2025-11-05 06:45:45+00:00,2025-11-05 06:45:45,18.0,20.0,20.0,18.0,18.0,9.594534229579159,304.0,BO_O2_RULE,"제어매트릭스 규칙 적용: NOX_LOW (3단계 롤백, 4단계에서 Hz 변화 없음)",19.6612492,3.2718749,966.0,1010.01874,7.80000019,,,10.55,0.0,7.55,,,,,,0.0,,
2025-11-05 06:45:46+00:00,2025-11-05 06:45:46,,,,,,,,,,19.6612492,3.1546874,968.0,1009.69373,7.25,,,10.55,0.0,7.55,,,,,,0.0,,
2025-11-05 06:45:47+00:00,2025-11-05 06:45:47,,,,,,,,,,19.6612492,3.1546874,968.0,1009.69373,7.25,,,10.55,0.0,7.55,,,,,,0.0,,
2025-11-05 06:45:48+00:00,2025-11-05 06:45:48,,,,,,,,,,19.6612492,3.15156245,969.0,1010.91248,7.4000001,,,10.55,0.0,7.55,,,,,,0.0,,
2025-11-05 06:45:49+00:00,2025-11-05 06:45:49,,,,,,,,,,19.6612492,3.15156245,969.0,1010.91248,7.4000001,,,10.55,0.0,7.55,,,,,,0.0,,
2025-11-05 06:45:50+00:00,2025-11-05 06:45:50,18.0,20.0,20.0,18.0,18.0,9.847672562482545,304.0,BO_O2_RULE,"제어매트릭스 규칙 적용: NOX_LOW (3단계 롤백, 4단계에서 Hz 변화 없음)",19.6612492,3.1468749,967.0,1011.96875,7.32499981,,,10.55,0.0,7.55,,,,,,0.0,,
2025-11-05 06:45:51+00:00,2025-11-05 06:45:51,,,,,,,,,,19.6612492,3.1468749,967.0,1011.96875,7.32499981,,,10.55,0.0,7.55,,,,,,0.0,,
2025-11-05 06:45:52+00:00,2025-11-05 06:45:52,,,,,,,,,,19.6612492,3.16718745,968.0,1011.88751,7.2874999,,,10.55,0.0,6.77,,,,,,0.0,,
2025-11-05 06:45:53+00:00,2025-11-05 06:45:53,,,,,,,,,,19.6612492,3.0999999,968.0,1012.61877,7.0374999,,,10.55,0.0,6.77,,,,,,0.0,,
2025-11-05 06:45:54+00:00,2025-11-05 06:45:54,,,,,,,,,,19.6612492,3.0999999,968.0,1012.61877,7.0374999,,,10.55,0.0,6.77,,,,,,0.0,,
2025-11-05 06:45:55+00:00,2025-11-05 06:45:55,18.0,20.0,20.0,18.0,18.0,9.976082304504425,304.0,BO_O2_RULE,"제어매트릭스 규칙 적용: NOX_LOW (3단계 롤백, 4단계에서 Hz 변화 없음)",19.6612492,3.12187505,967.0,1012.86249,6.92500019,,,10.55,0.0,6.77,,,,,,0.0,,
2025-11-05 06:45:56+00:00,2025-11-05 06:45:56,,,,,,,,,,19.6612492,3.12187505,967.0,1012.86249,6.92500019,,,10.55,0.0,6.77,,,,,,0.0,,
2025-11-05 06:45:57+00:00,2025-11-05 06:45:57,,,,,,,,,,19.6612492,3.0843749,968.0,1014.40625,6.92500019,,,10.55,0.0,6.77,,,,,,0.0,,
2025-11-05 06:45:58+00:00,2025-11-05 06:45:58,,,,,,,,,,19.6612492,3.0843749,968.0,1014.40625,6.94999981,,,10.55,0.0,6.77,,,,,,0.0,,
2025-11-05 06:45:59+00:00,2025-11-05 06:45:59,,,,,,,,,,19.6612492,2.98749995,969.0,1014.24377,6.9000001,,,10.55,0.0,6.77,,,,,,0.0,,
2025-11-05 06:46:00+00:00,2025-11-05 06:46:00,18.0,20.0,20.0,18.0,18.0,9.824208430556208,304.0,BO_O2_RULE,"제어매트릭스 규칙 적용: NOX_LOW (3단계 롤백, 4단계에서 Hz 변화 없음)",19.6612492,2.98749995,969.0,1014.24377,6.9000001,,3.0,10.55,0.0,6.77,,,,,,0.0,,
2025-11-05 06:46:01+00:00,2025-11-05 06:46:01,,,,,,,,,,19.6612492,2.9921875,968.0,1014.40625,8.63749981,,,10.55,0.0,6.17,,,,,,0.0,,
2025-11-05 06:46:02+00:00,2025-11-05 06:46:02,,,,,,,,,,19.6612492,2.9921875,968.0,1014.40625,8.63749981,,,10.55,0.0,6.17,,,,,,0.0,,
2025-11-05 06:46:03+00:00,2025-11-05 06:46:03,,,,,,,,,,19.6612492,2.87031245,971.0,1014.40625,8.69999981,,,10.55,0.0,6.17,,,,,,0.0,,
2025-11-05 06:46:04+00:00,2025-11-05 06:46:04,,,,,,,,,,19.6612492,2.87031245,971.0,1015.625,8.69999981,,,10.55,0.0,6.17,,,,,,0.0,,
2025-11-05 06:46:05+00:00,2025-11-05 06:46:05,20.0,20.0,20.0,20.0,20.0,12.089041868575562,100.0,BO_ONLY,"BO 모델 결과만 사용 (1단계 롤백, 2~4단계에서 Hz 변화 없음)",19.6612492,2.8453126,969.0,1015.625,8.375,,,10.55,0.0,6.17,,,,,,0.0,,
2025-11-05 06:46:06+00:00,2025-11-05 06:46:06,,,,,,,,,,19.6612492,2.8453126,969.0,1015.625,8.375,,,10.55,0.0,6.17,,,,,,0.0,,
2025-11-05 06:46:07+00:00,2025-11-05 06:46:07,,,,,,,,,,19.6612492,2.86406255,970.0,1018.54999,8.3125,,,10.55,0.0,6.17,,,,,,0.0,,
2025-11-05 06:46:08+00:00,2025-11-05 06:46:08,,,,,,,,,,19.6612492,2.86406255,970.0,1018.54999,8.3125,,,10.55,0.0,6.17,,,,,,0.0,,
2025-11-05 06:46:09+00:00,2025-11-05 06:46:09,,,,,,,,,,19.6612492,2.80156255,970.0,1018.54999,8.02499962,,,10.55,0.0,6.17,,,,,,0.0,,
2025-11-05 06:46:10+00:00,2025-11-05 06:46:10,20.0,20.0,20.0,20.0,20.0,12.447856271619447,100.0,BO_ONLY,"BO 모델 결과만 사용 (1단계 롤백, 2~4단계에서 Hz 변화 없음)",19.6612492,2.80156255,969.0,1018.54999,8.02499962,,,10.55,0.0,6.17,,,,,,0.0,,
2025-11-05 06:46:11+00:00,2025-11-05 06:46:11,,,,,,,,,,19.6612492,2.8125,969.0,1019.52502,7.9749999,,,10.55,0.0,7.69,,,,,,0.0,,
2025-11-05 06:46:12+00:00,2025-11-05 06:46:12,,,,,,,,,,19.6612492,2.8125,969.0,1019.52502,7.9749999,,,10.55,0.0,7.69,,,,,,0.0,,
2025-11-05 06:46:13+00:00,2025-11-05 06:46:13,,,,,,,,,,19.6612492,2.76093745,971.0,1021.63751,8.10000038,,,10.55,0.0,7.69,,,,,,0.0,,
2025-11-05 06:46:14+00:00,2025-11-05 06:46:14,,,,,,,,,,19.6612492,2.76093745,971.0,1021.63751,8.10000038,,,10.55,0.0,7.69,,,,,,0.0,,
2025-11-05 06:46:15+00:00,2025-11-05 06:46:15,20.0,20.0,20.0,20.0,20.0,12.77671183940266,100.0,BO_ONLY,"BO 모델 결과만 사용 (1단계 롤백, 2~4단계에서 Hz 변화 없음)",19.6612492,2.7203126,972.0,1020.41876,8.13749981,,,10.55,0.0,7.69,,,,,,0.0,,
2025-11-05 06:46:16+00:00,2025-11-05 06:46:16,,,,,,,,,,19.6612492,2.7203126,972.0,1020.41876,8.13749981,,,10.55,0.0,7.69,,,,,,0.0,,
2025-11-05 06:46:17+00:00,2025-11-05 06:46:17,,,,,,,,,,19.6612492,2.6578126,971.0,1020.58124,7.73750019,,,10.55,0.0,7.69,,,,,,0.0,,
2025-11-05 06:46:18+00:00,2025-11-05 06:46:18,,,,,,,,,,19.6612492,2.6578126,971.0,1020.58124,7.73750019,,,10.55,0.0,7.69,,,,,,0.0,,
2025-11-05 06:46:19+00:00,2025-11-05 06:46:19,,,,,,,,,,19.6612492,2.6015625,973.0,1022.36877,8.0,,,10.55,0.0,7.69,,,,,,0.0,,
2025-11-05 06:46:20+00:00,2025-11-05 06:46:20,19.0,19.0,19.0,19.0,19.0,12.782173868945845,100.0,BO_ONLY,"BO 모델 결과만 사용 (1단계 롤백, 2~4단계에서 Hz 변화 없음)",19.6612492,2.6015625,973.0,1022.36877,8.0,,,10.55,0.0,7.69,,,,,,0.0,,
2025-11-05 06:46:21+00:00,2025-11-05 06:46:21,,,,,,,,,,19.6612492,2.55781245,973.0,1022.45001,8.78750038,,,10.55,0.0,7.69,,,,,,0.0,,
2025-11-05 06:46:22+00:00,2025-11-05 06:46:22,,,,,,,,,,19.6612492,2.5531249,973.0,1024.40002,8.88749981,,,10.55,0.0,7.33,,,,,,0.0,,
2025-11-05 06:46:23+00:00,2025-11-05 06:46:23,,,,,,,,,,19.6612492,2.5531249,973.0,1024.40002,8.88749981,,,10.55,0.0,7.33,,,,,,0.0,,
2025-11-05 06:46:24+00:00,2025-11-05 06:46:24,,,,,,,,,,19.6612492,2.52656245,973.0,1023.91248,8.72500038,,,10.55,0.0,7.33,,,,,,0.0,,
2025-11-05 06:46:25+00:00,2025-11-05 06:46:25,19.0,19.0,19.0,19.0,19.0,12.68292501848716,100.0,BO_ONLY,"BO 모델 결과만 사용 (1단계 롤백, 2~4단계에서 Hz 변화 없음)",19.6612492,2.52656245,974.0,1023.91248,8.72500038,,,10.55,0.0,7.33,,,,,,0.0,,
2025-11-05 06:46:26+00:00,2025-11-05 06:46:26,,,,,,,,,,19.6612492,2.5015626,973.0,1024.96875,8.72500038,,,10.55,0.0,7.33,,,,,,0.0,,
2025-11-05 06:46:27+00:00,2025-11-05 06:46:27,,,,,,,,,,19.6612492,2.5015626,973.0,1024.96875,8.72500038,,,10.55,0.0,7.33,,,,,,0.0,,
2025-11-05 06:46:28+00:00,2025-11-05 06:46:28,,,,,,,,,,19.6612492,2.4609375,972.0,1024.96875,8.71249962,,,10.55,0.0,7.33,,,,,,0.0,,
2025-11-05 06:46:29+00:00,2025-11-05 06:46:29,,,,,,,,,,19.6612492,2.4609375,972.0,1028.13745,8.71249962,,,10.55,0.0,7.33,,,,,,0.0,,
2025-11-05 06:46:30+00:00,2025-11-05 06:46:30,24.6612492,19.0,19.0,28.0,28.0,12.62431208515799,308.0,BO_O2_RULE,"제어매트릭스 규칙 적용: O2_LOW (3단계 롤백, 4단계에서 Hz 변화 없음)",19.6612492,2.4609375,974.0,1028.13745,8.78750038,,,10.55,0.0,7.33,,,,,,0.0,,
2025-11-05 06:46:31+00:00,2025-11-05 06:46:31,,,,,,,,,,19.6612492,2.4609375,974.0,1027.24377,8.78750038,,,10.55,0.0,8.3,,,,,,0.0,,
2025-11-05 06:46:32+00:00,2025-11-05 06:46:32,,,,,,,,,,19.6612492,2.453125,975.0,1028.05627,8.77499962,,,10.55,0.0,8.3,,,,,,0.0,,
2025-11-05 06:46:33+00:00,2025-11-05 06:46:33,,,,,,,,,,19.6612492,2.453125,975.0,1028.05627,8.77499962,,,10.55,0.0,8.3,,,,,,0.0,,
2025-11-05 06:46:34+00:00,2025-11-05 06:46:34,,,,,,,,,,19.6612492,2.453125,975.0,1027.24377,8.57499981,,,10.55,0.0,8.3,,,,,,0.0,,
2025-11-05 06:46:35+00:00,2025-11-05 06:46:35,18.0,19.0,19.0,18.0,18.0,11.103637475503401,304.0,BO_O2_RULE,"제어매트릭스 규칙 적용: NOX_LOW (3단계 롤백, 4단계에서 Hz 변화 없음)",19.6612492,2.3828125,975.0,1027.24377,8.57499981,,,10.55,0.0,8.3,,,,,,0.0,,
2025-11-05 06:46:36+00:00,2025-11-05 06:46:36,,,,,,,,,,19.6612492,2.4234376,975.0,1028.94995,8.91250038,,,10.55,0.0,8.3,,,,,,0.0,,
2025-11-05 06:46:37+00:00,2025-11-05 06:46:37,,,,,,,,,,19.6612492,2.4234376,975.0,1028.94995,8.91250038,,,10.55,0.0,8.3,,,,,,0.0,,
2025-11-05 06:46:38+00:00,2025-11-05 06:46:38,,,,,,,,,,19.6612492,2.4281249,975.0,1029.03125,8.89999962,,,10.55,0.0,8.3,,,,,,0.0,,
2025-11-05 06:46:39+00:00,2025-11-05 06:46:39,,,,,,,,,,19.6612492,2.390625,975.0,1031.30627,8.91250038,,,10.55,0.0,8.3,,,,,,0.0,,
2025-11-05 06:46:40+00:00,2025-11-05 06:46:40,18.0,19.0,19.0,18.0,18.0,11.153387230115625,304.0,BO_O2_RULE,"제어매트릭스 규칙 적용: NOX_LOW (3단계 롤백, 4단계에서 Hz 변화 없음)",19.6612492,2.40937495,975.0,1030.3313,8.80000019,,,10.55,0.0,8.24,,,,,,0.0,,
2025-11-05 06:46:41+00:00,2025-11-05 06:46:41,,,,,,,,,,19.6612492,2.40937495,975.0,1030.3313,8.80000019,,,10.55,0.0,8.24,,,,,,0.0,,
2025-11-05 06:46:42+00:00,2025-11-05 06:46:42,,,,,,,,,,19.6612492,2.37187505,975.0,1032.93127,10.8999996,,,10.55,0.0,8.24,,,,,,0.0,,
2025-11-05 06:46:43+00:00,2025-11-05 06:46:43,,,,,,,,,,19.6612492,2.37187505,975.0,1032.93127,10.8999996,,,10.55,0.0,8.24,,,,,,0.0,,
2025-11-05 06:46:44+00:00,2025-11-05 06:46:44,,,,,,,,,,19.6612492,2.3187499,974.0,1033.98755,10.7875004,,,10.55,0.0,8.24,,,,,,0.0,,
2025-11-05 06:46:45+00:00,2025-11-05 06:46:45,18.0,19.0,19.0,18.0,18.0,11.313828693094798,304.0,BO_O2_RULE,"제어매트릭스 규칙 적용: NOX_LOW (3단계 롤백, 4단계에서 Hz 변화 없음)",19.6612492,2.3187499,974.0,1033.98755,10.7875004,,,10.55,0.0,8.24,,,,,,0.0,,
2025-11-05 06:46:46+00:00,2025-11-05 06:46:46,,,,,,,,,,19.6612492,2.33906245,975.0,1033.66248,10.8999996,,,10.55,0.0,8.24,,,,,,0.0,,
2025-11-05 06:46:47+00:00,2025-11-05 06:46:47,,,,,,,,,,19.6612492,2.3687501,977.0,1034.47498,11.1125002,,,10.55,0.0,8.24,,,,,,0.0,,
2025-11-05 06:46:48+00:00,2025-11-05 06:46:48,,,,,,,,,,19.6612492,2.3687501,977.0,1034.47498,11.1125002,,,10.55,0.0,8.24,,,,,,0.0,,
2025-11-05 06:46:49+00:00,2025-11-05 06:46:49,,,,,,,,,,19.6612492,2.3515625,977.0,1033.98755,11.1999998,,,10.55,0.0,8.24,,,,,,0.0,,
2025-11-05 06:46:50+00:00,2025-11-05 06:46:50,24.6612492,19.0,19.0,28.0,28.0,14.34305878585947,308.0,BO_O2_RULE,"제어매트릭스 규칙 적용: O2_LOW (3단계 롤백, 4단계에서 Hz 변화 없음)",19.6612492,2.3515625,977.0,1033.98755,11.1999998,,,10.55,0.0,8.24,,,,,,0.0,,
2025-11-05 06:46:51+00:00,2025-11-05 06:46:51,,,,,,,,,,19.6612492,2.3031249,976.0,1035.2063,10.9624996,,,10.55,0.0,10.18,,,,,,0.0,,
2025-11-05 06:46:52+00:00,2025-11-05 06:46:52,,,,,,,,,,19.6612492,2.3031249,976.0,1035.2063,10.9624996,,,10.55,0.0,10.18,,,,,,0.0,,
2025-11-05 06:46:53+00:00,2025-11-05 06:46:53,,,,,,,,,,19.6612492,2.27656245,976.0,1037.6438,11.1750002,,,10.55,0.0,10.18,,,,,,0.0,,
2025-11-05 06:46:54+00:00,2025-11-05 06:46:54,,,,,,,,,,19.6612492,2.27656245,976.0,1037.6438,11.1750002,,,10.55,0.0,10.18,,,,,,0.0,,
2025-11-05 06:46:55+00:00,2025-11-05 06:46:55,24.6612492,19.0,19.0,28.0,28.0,14.442164514998414,308.0,BO_O2_RULE,"제어매트릭스 규칙 적용: O2_LOW (3단계 롤백, 4단계에서 Hz 변화 없음)",19.6612492,2.1734376,976.0,1037.15625,11.0124998,,,10.55,0.0,10.18,,,,,,0.0,,
2025-11-05 06:46:56+00:00,2025-11-05 06:46:56,,,,,,,,,,19.6612492,2.15312505,976.0,1038.94373,10.9875002,,,10.55,0.0,10.18,,,,,,0.0,,
2025-11-05 06:46:57+00:00,2025-11-05 06:46:57,,,,,,,,,,19.6612492,2.15312505,976.0,1038.94373,10.9875002,,,10.55,0.0,10.18,,,,,,0.0,,
2025-11-05 06:46:58+00:00,2025-11-05 06:46:58,,,,,,,,,,19.6612492,2.1703124,977.0,1038.94373,11.1374998,,,10.55,0.0,10.18,,,,,,0.0,,
2025-11-05 06:46:59+00:00,2025-11-05 06:46:59,,,,,,,,,,19.6612492,2.1468749,978.0,1040.32495,11.1750002,,,10.55,0.0,10.18,,,,,,0.0,,
2025-11-05 06:47:00+00:00,2025-11-05 06:47:00,24.6612492,19.0,19.0,28.0,28.0,14.6781285774277,308.0,BO_O2_RULE,"제어매트릭스 규칙 적용: O2_LOW (3단계 롤백, 4단계에서 Hz 변화 없음)",19.6612492,2.1468749,978.0,1040.32495,11.1750002,,3.0,10.55,0.0,10.18,,,,,,0.0,,
2025-11-05 06:47:01+00:00,2025-11-05 06:47:01,,,,,,,,,,19.6612492,2.0765624,978.0,1040.8938,13.8625002,,,10.55,0.0,10.52,,,,,,0.0,,
2025-11-05 06:47:02+00:00,2025-11-05 06:47:02,,,,,,,,,,19.6612492,2.0640626,979.0,1040.16248,13.9750004,,,10.55,0.0,10.52,,,,,,0.0,,
2025-11-05 06:47:03+00:00,2025-11-05 06:47:03,,,,,,,,,,19.6612492,2.0640626,979.0,1040.16248,13.9750004,,,10.55,0.0,10.52,,,,,,0.0,,
2025-11-05 06:47:04+00:00,2025-11-05 06:47:04,,,,,,,,,,19.6612492,1.97968745,980.0,1041.21875,14.1499996,,,10.55,0.0,10.52,,,,,,0.0,,
2025-11-05 06:47:05+00:00,2025-11-05 06:47:05,24.6612492,18.0,18.0,28.0,28.0,15.620350475297224,308.0,BO_O2_RULE,"제어매트릭스 규칙 적용: O2_LOW (3단계 롤백, 4단계에서 Hz 변화 없음)",19.6612492,1.97968745,980.0,1041.21875,14.1499996,,,10.55,0.0,10.52,,,,,,0.0,,
2025-11-05 06:47:06+00:00,2025-11-05 06:47:06,,,,,,,,,,19.6612492,1.94843745,979.0,1043.25,13.7875004,,,10.55,0.0,10.52,,,,,,0.0,,
2025-11-05 06:47:07+00:00,2025-11-05 06:47:07,,,,,,,,,,19.6612492,1.94843745,979.0,1043.25,13.7875004,,,10.55,0.0,10.52,,,,,,0.0,,
2025-11-05 06:47:08+00:00,2025-11-05 06:47:08,,,,,,,,,,19.6612492,1.8671875,979.0,1043.49377,13.7875004,,,10.55,0.0,10.52,,,,,,0.0,,
2025-11-05 06:47:09+00:00,2025-11-05 06:47:09,,,,,,,,,,19.6612492,1.89531255,980.0,1046.01245,14.1000004,,,10.55,0.0,10.52,,,,,,0.0,,
2025-11-05 06:47:10+00:00,2025-11-05 06:47:10,24.6612492,18.0,18.0,28.0,28.0,16.40591748095658,308.0,BO_O2_RULE,"제어매트릭스 규칙 적용: O2_LOW (3단계 롤백, 4단계에서 Hz 변화 없음)",19.6612492,1.89531255,980.0,1046.01245,14.1000004,,,10.55,0.0,13.22,,,,,,0.0,,
2025-11-05 06:47:11+00:00,2025-11-05 06:47:11,,,,,,,,,,19.6612492,1.87343752,979.0,1047.71875,13.8125,,,10.55,0.0,13.22,,,,,,0.0,,
2025-11-05 06:47:12+00:00,2025-11-05 06:47:12,,,,,,,,,,19.6612492,1.91093755,980.0,1047.63745,13.8374996,,,10.55,0.0,13.22,,,,,,0.0,,
2025-11-05 06:47:13+00:00,2025-11-05 06:47:13,,,,,,,,,,19.6612492,1.91093755,980.0,1047.63745,13.8374996,,,10.55,0.0,13.22,,,,,,0.0,,
2025-11-05 06:47:14+00:00,2025-11-05 06:47:14,,,,,,,,,,19.6612492,1.88125002,980.0,1047.63745,13.8999996,,,10.55,0.0,13.22,,,,,,0.0,,
2025-11-05 06:47:15+00:00,2025-11-05 06:47:15,24.6612492,18.0,18.0,28.0,28.0,15.958830097494838,308.0,BO_O2_RULE,"제어매트릭스 규칙 적용: O2_LOW (3단계 롤백, 4단계에서 Hz 변화 없음)",19.6612492,1.91875005,980.0,1046.5,13.6750002,,,10.55,0.0,13.22,,,,,,0.0,,
2025-11-05 06:47:17+00:00,2025-11-05 06:47:17,,,,,,,,,,19.6612492,1.91875005,980.0,1046.5,13.6750002,,,10.55,0.0,13.22,,,,,,0.0,,
2025-11-05 06:47:18+00:00,2025-11-05 06:47:18,,,,,,,,,,19.6612492,1.87187505,980.0,1049.0188,14.0375004,,,10.55,0.0,13.22,,,,,,0.0,,
2025-11-05 06:47:19+00:00,2025-11-05 06:47:19,,,,,,,,,,19.6612492,1.87187505,979.0,1049.0188,14.0375004,,,10.55,0.0,13.22,,,,,,0.0,,
2025-11-05 06:47:20+00:00,2025-11-05 06:47:20,24.6612492,18.0,18.0,28.0,28.0,16.07009770615538,308.0,BO_O2_RULE,"제어매트릭스 규칙 적용: O2_LOW (3단계 롤백, 4단계에서 Hz 변화 없음)",19.6612492,1.87812495,979.0,1050.23755,13.9375,,,10.55,0.0,13.22,,,,,,0.0,,
2025-11-05 06:47:21+00:00,2025-11-05 06:47:21,,,,,,,,,,19.6612492,1.87812495,979.0,1050.23755,13.9375,,,10.55,0.0,13.22,,,,,,0.0,,
2025-11-05 06:47:22+00:00,2025-11-05 06:47:22,,,,,,,,,,19.6612492,1.91250002,981.0,1049.91248,14.1625004,,,10.55,0.0,13.05,,,,,,0.0,,
2025-11-05 06:47:23+00:00,2025-11-05 06:47:23,,,,,,,,,,19.6612492,1.91250002,981.0,1049.91248,14.1625004,,,10.55,0.0,13.05,,,,,,0.0,,
2025-11-05 06:47:24+00:00,2025-11-05 06:47:24,,,,,,,,,,19.6612492,1.94062495,981.0,1049.99377,14.3874998,,,10.55,0.0,13.05,,,,,,0.0,,
2025-11-05 06:47:25+00:00,2025-11-05 06:47:25,24.6612492,22.0,22.0,28.0,28.0,16.475785774088934,308.0,BO_O2_RULE,"제어매트릭스 규칙 적용: O2_LOW (3단계 롤백, 4단계에서 Hz 변화 없음)",19.6612492,1.94062495,981.0,1049.99377,14.3874998,,,10.55,0.0,13.05,,,,,,0.0,,
2025-11-05 06:47:26+00:00,2025-11-05 06:47:26,,,,,,,,,,19.6612492,1.98281252,981.0,1051.2937,14.2375002,,,10.55,0.0,13.05,,,,,,0.0,,
2025-11-05 06:47:27+00:00,2025-11-05 06:47:27,,,,,,,,,,19.6612492,1.98281252,981.0,1051.2937,14.2375002,,,10.55,0.0,13.05,,,,,,0.0,,
2025-11-05 06:47:28+00:00,2025-11-05 06:47:28,,,,,,,,,,19.6612492,1.98125005,982.0,1053.32495,14.4750004,,,10.55,0.0,13.05,,,,,,0.0,,
2025-11-05 06:47:29+00:00,2025-11-05 06:47:29,,,,,,,,,,19.6612492,1.98125005,982.0,1053.32495,14.4750004,,,10.55,0.0,13.05,,,,,,0.0,,
2025-11-05 06:47:30+00:00,2025-11-05 06:47:30,24.6612492,23.0,23.0,28.0,28.0,16.68917976857072,308.0,BO_O2_RULE,"제어매트릭스 규칙 적용: O2_LOW (3단계 롤백, 4단계에서 Hz 변화 없음)",19.6612492,1.96562505,982.0,1053.16248,14.3500004,,,10.55,0.0,13.05,,,,,,0.0,,
2025-11-05 06:47:31+00:00,2025-11-05 06:47:31,,,,,,,,,,19.6612492,1.96562505,982.0,1053.16248,14.3500004,,,10.55,0.0,13.05,,,,,,0.0,,
2025-11-05 06:47:32+00:00,2025-11-05 06:47:32,,,,,,,,,,19.6612492,1.9453125,981.0,1053.8125,14.3000002,,,10.55,0.0,13.68,,,,,,0.0,,
2025-11-05 06:47:33+00:00,2025-11-05 06:47:33,,,,,,,,,,19.6612492,1.9453125,981.0,1053.8125,14.3000002,,,10.55,0.0,13.68,,,,,,0.0,,
2025-11-05 06:47:34+00:00,2025-11-05 06:47:34,,,,,,,,,,19.6612492,1.95468748,979.0,1055.4375,14.3125,,,10.55,0.0,13.68,,,,,,0.0,,
2025-11-05 06:47:35+00:00,2025-11-05 06:47:35,24.6612492,24.0,24.0,28.0,28.0,14.03164672252303,308.0,BO_O2_RULE,"제어매트릭스 규칙 적용: O2_LOW (3단계 롤백, 4단계에서 Hz 변화 없음)",19.6612492,1.95468748,979.0,1055.4375,14.3125,,,10.55,0.0,13.68,,,,,,0.0,,
2025-11-05 06:47:36+00:00,2025-11-05 06:47:36,,,,,,,,,,19.6612492,2.0328126,980.0,1056.90002,14.2124996,,,10.55,0.0,13.68,,,,,,0.0,,
2025-11-05 06:47:37+00:00,2025-11-05 06:47:37,,,,,,,,,,19.6612492,2.0328126,980.0,1056.90002,14.2124996,,,10.55,0.0,13.68,,,,,,0.0,,
2025-11-05 06:47:38+00:00,2025-11-05 06:47:38,,,,,,,,,,19.6612492,2.0796876,979.0,1056.3313,14.1125002,,,10.55,0.0,13.68,,,,,,0.0,,
2025-11-05 06:47:39+00:00,2025-11-05 06:47:39,,,,,,,,,,19.6612492,2.0796876,979.0,1056.3313,14.1125002,,,10.55,0.0,13.68,,,,,,0.0,,
2025-11-05 06:47:40+00:00,2025-11-05 06:47:40,24.6612492,25.0,25.0,28.0,28.0,14.1300039230987,308.0,BO_O2_RULE,"제어매트릭스 규칙 적용: O2_LOW (3단계 롤백, 4단계에서 Hz 변화 없음)",19.6612492,2.14374995,980.0,1057.71252,14.375,,,10.55,0.0,13.68,,,,,,0.0,,
2025-11-05 06:47:41+00:00,2025-11-05 06:47:41,,,,,,,,,,19.6612492,2.1796875,979.0,1059.25623,14.6875,,,10.55,0.0,13.51,,,,,,0.0,,
2025-11-05 06:47:42+00:00,2025-11-05 06:47:42,,,,,,,,,,19.6612492,2.1796875,979.0,1059.25623,14.6875,,,10.55,0.0,13.51,,,,,,0.0,,
2025-11-05 06:47:43+00:00,2025-11-05 06:47:43,,,,,,,,,,19.6612492,2.21875,980.0,1060.2312,14.6499996,,,10.55,0.0,13.51,,,,,,0.0,,
2025-11-05 06:47:44+00:00,2025-11-05 06:47:44,,,,,,,,,,19.6612492,2.21875,980.0,1060.2312,14.6499996,,,10.55,0.0,13.51,,,,,,0.0,,
2025-11-05 06:47:45+00:00,2025-11-05 06:47:45,24.6612492,26.0,26.0,28.0,28.0,14.449088057922822,308.0,BO_O2_RULE,"제어매트릭스 규칙 적용: O2_LOW (3단계 롤백, 4단계에서 Hz 변화 없음)",19.6612492,2.3203125,979.0,1059.17505,14.7749996,,,10.55,0.0,13.51,,,,,,0.0,,
2025-11-05 06:47:46+00:00,2025-11-05 06:47:46,,,,,,,,,,19.6612492,2.3203125,979.0,1059.17505,14.7749996,,,10.55,0.0,13.51,,,,,,0.0,,
2025-11-05 06:47:47+00:00,2025-11-05 06:47:47,,,,,,,,,,19.6612492,2.4234376,979.0,1059.5,14.6875,,,10.55,0.0,13.51,,,,,,0.0,,
2025-11-05 06:47:48+00:00,2025-11-05 06:47:48,,,,,,,,,,19.6612492,2.4234376,979.0,1059.5,14.6875,,,10.55,0.0,13.51,,,,,,0.0,,
2025-11-05 06:47:49+00:00,2025-11-05 06:47:49,,,,,,,,,,19.6612492,2.47343755,980.0,1059.5813,14.9125004,,,10.55,0.0,13.51,,,,,,0.0,,
2025-11-05 06:47:50+00:00,2025-11-05 06:47:50,24.6612492,26.0,26.0,28.0,28.0,14.495119838379784,308.0,BO_O2_RULE,"제어매트릭스 규칙 적용: O2_LOW (3단계 롤백, 4단계에서 Hz 변화 없음)",19.6612492,2.47343755,980.0,1059.5813,14.9125004,,,10.55,0.0,13.51,,,,,,0.0,,
2025-11-05 06:47:51+00:00,2025-11-05 06:47:51,,,,,,,,,,19.6612492,2.65312505,980.0,1060.96252,14.7124996,,,10.55,0.0,13.51,,,,,,0.0,,
2025-11-05 06:47:52+00:00,2025-11-05 06:47:52,,,,,,,,,,19.6612492,2.65312505,980.0,1060.96252,14.7124996,,,10.55,0.0,14.16,,,,,,0.0,,
2025-11-05 06:47:53+00:00,2025-11-05 06:47:53,,,,,,,,,,19.6612492,2.7249999,980.0,1061.53125,15.0124998,,,10.55,0.0,14.16,,,,,,0.0,,
2025-11-05 06:47:54+00:00,2025-11-05 06:47:54,,,,,,,,,,19.6612492,2.76250005,980.0,1062.75,14.8125,,,10.55,0.0,14.16,,,,,,0.0,,
2025-11-05 06:47:55+00:00,2025-11-05 06:47:55,24.6612492,26.0,26.0,26.0,26.0,15.03024432541948,100.0,BO_ONLY,"BO 모델 결과만 사용 (1단계 롤백, 2~4단계에서 Hz 변화 없음)",19.6612492,2.76250005,980.0,1062.75,14.8125,,,10.55,0.0,14.16,,,,,,0.0,,
2025-11-05 06:47:56+00:00,2025-11-05 06:47:56,,,,,,,,,,19.6612492,2.8531251,980.0,1063.23755,14.9499998,,,10.55,0.0,14.16,,,,,,0.0,,
2025-11-05 06:47:57+00:00,2025-11-05 06:47:57,,,,,,,,,,19.6612492,2.84687495,980.0,1063.6438,14.8625002,,,10.55,0.0,14.16,,,,,,0.0,,
2025-11-05 06:47:58+00:00,2025-11-05 06:47:58,,,,,,,,,,19.6612492,2.84687495,980.0,1063.6438,14.8625002,,,10.55,0.0,14.16,,,,,,0.0,,
2025-11-05 06:47:59+00:00,2025-11-05 06:47:59,,,,,,,,,,19.6612492,2.89374995,979.0,1062.6687,14.7624998,,,10.55,0.0,14.16,,,,,,0.0,,
2025-11-05 06:48:00+00:00,2025-11-05 06:48:00,24.6612492,26.0,26.0,26.0,26.0,14.964260340865282,100.0,BO_ONLY,"BO 모델 결과만 사용 (1단계 롤백, 2~4단계에서 Hz 변화 없음)",19.6612492,2.89374995,979.0,1062.6687,14.7624998,,3.0,10.55,0.0,14.16,,,,,,0.0,,
2025-11-05 06:48:01+00:00,2025-11-05 06:48:01,,,,,,,,,,19.6612492,2.9140625,979.0,1064.53748,14.7624998,,,10.55,0.0,14.16,,,,,,0.0,,
2025-11-05 06:48:02+00:00,2025-11-05 06:48:02,,,,,,,,,,19.6612492,2.95781255,980.0,1064.13123,14.5,,,10.55,0.0,14.34,,,,,,0.0,,
2025-11-05 06:48:03+00:00,2025-11-05 06:48:03,,,,,,,,,,19.6612492,2.95781255,980.0,1064.13123,14.5,,,10.55,0.0,14.34,,,,,,0.0,,
2025-11-05 06:48:04+00:00,2025-11-05 06:48:04,,,,,,,,,,19.6612492,3.03437495,979.0,1064.2937,14.7624998,,,10.55,0.0,14.34,,,,,,0.0,,
2025-11-05 06:48:05+00:00,2025-11-05 06:48:05,24.6612492,26.0,26.0,26.0,26.0,14.651960612898106,100.0,BO_ONLY,"BO 모델 결과만 사용 (1단계 롤백, 2~4단계에서 Hz 변화 없음)",19.6612492,3.03437495,979.0,1064.2937,14.7624998,,,10.55,0.0,14.34,,,,,,0.0,,
2025-11-05 06:48:06+00:00,2025-11-05 06:48:06,,,,,,,,,,19.6612492,3.0921874,981.0,1066.24377,15.1125002,,,10.55,0.0,14.34,,,,,,0.0,,
2025-11-05 06:48:07+00:00,2025-11-05 06:48:07,,,,,,,,,,19.6612492,3.0921874,981.0,1066.24377,15.1125002,,,10.55,0.0,14.34,,,,,,0.0,,
2025-11-05 06:48:08+00:00,2025-11-05 06:48:08,,,,,,,,,,19.6612492,3.14374995,979.0,1066.24377,14.6000004,,,10.55,0.0,14.34,,,,,,0.0,,
2025-11-05 06:48:09+00:00,2025-11-05 06:48:09,,,,,,,,,,19.6612492,3.14374995,979.0,1066.8125,14.6000004,,,10.55,0.0,14.34,,,,,,0.0,,
2025-11-05 06:48:10+00:00,2025-11-05 06:48:10,24.6612492,26.0,26.0,26.0,26.0,15.500501086025277,100.0,BO_ONLY,"BO 모델 결과만 사용 (1단계 롤백, 2~4단계에서 Hz 변화 없음)",19.6612492,3.1703124,980.0,1066.8125,14.8125,,,10.55,0.0,14.34,,,,,,0.0,,
2025-11-05 06:48:11+00:00,2025-11-05 06:48:11,,,,,,,,,,19.6612492,3.20624995,979.0,1066.8125,14.5249996,,,10.55,0.0,14.01,,,,,,0.0,,
2025-11-05 06:48:12+00:00,2025-11-05 06:48:12,,,,,,,,,,19.6612492,3.20624995,979.0,1066.8125,14.5249996,,,10.55,0.0,14.01,,,,,,0.0,,
2025-11-05 06:48:13+00:00,2025-11-05 06:48:13,,,,,,,,,,19.6612492,3.23749995,980.0,1067.13745,14.6000004,,,10.55,0.0,14.01,,,,,,0.0,,
2025-11-05 06:48:14+00:00,2025-11-05 06:48:14,,,,,,,,,,19.6612492,3.4124999,980.0,1067.13745,14.4125004,,,10.55,0.0,14.01,,,,,,0.0,,
2025-11-05 06:48:15+00:00,2025-11-05 06:48:15,24.6612492,26.0,26.0,26.0,26.0,14.556191015417012,100.0,BO_ONLY,"BO 모델 결과만 사용 (1단계 롤백, 2~4단계에서 Hz 변화 없음)",19.6612492,3.4124999,980.0,1066.0813,14.4125004,,,10.55,0.0,14.01,,,,,,0.0,,
2025-11-05 06:48:16+00:00,2025-11-05 06:48:16,,,,,,,,,,19.6612492,3.4984374,980.0,1066.32495,14.2250004,,,10.55,0.0,14.01,,,,,,0.0,,
2025-11-05 06:48:17+00:00,2025-11-05 06:48:17,,,,,,,,,,19.6612492,3.5406251,979.0,1066.65002,14.4375,,,10.55,0.0,14.01,,,,,,0.0,,
2025-11-05 06:48:18+00:00,2025-11-05 06:48:18,,,,,,,,,,19.6612492,3.5406251,979.0,1066.65002,14.4375,,,10.55,0.0,14.01,,,,,,0.0,,
2025-11-05 06:48:19+00:00,2025-11-05 06:48:19,,,,,,,,,,19.6612492,3.5406251,979.0,1066.0,14.0249996,,,10.55,0.0,14.01,,,,,,0.0,,
2025-11-05 06:48:20+00:00,2025-11-05 06:48:20,24.6612492,26.0,26.0,26.0,26.0,14.306193525337957,100.0,BO_ONLY,"BO 모델 결과만 사용 (1단계 롤백, 2~4단계에서 Hz 변화 없음)",19.6612492,3.57500005,979.0,1066.0813,13.8249998,,,10.55,0.0,13.67,,,,,,0.0,,
2025-11-05 06:48:21+00:00,2025-11-05 06:48:21,,,,,,,,,,19.6612492,3.65312505,979.0,1066.0813,13.8249998,,,10.55,0.0,13.67,,,,,,0.0,,
2025-11-05 06:48:22+00:00,2025-11-05 06:48:22,,,,,,,,,,19.6612492,3.734375,980.0,1066.8938,14.1999998,,,10.55,0.0,13.67,,,,,,0.0,,
2025-11-05 06:48:23+00:00,2025-11-05 06:48:23,,,,,,,,,,19.6612492,3.734375,980.0,1066.8938,14.1999998,,,10.55,0.0,13.67,,,,,,0.0,,
2025-11-05 06:48:24+00:00,2025-11-05 06:48:24,,,,,,,,,,19.6612492,3.85625005,979.0,1067.05627,14.2375002,,,10.55,0.0,13.67,,,,,,0.0,,
2025-11-05 06:48:25+00:00,2025-11-05 06:48:25,24.6612492,26.0,26.0,26.0,26.0,13.884664613036946,100.0,BO_ONLY,"BO 모델 결과만 사용 (1단계 롤백, 2~4단계에서 Hz 변화 없음)",19.6612492,3.86406255,980.0,1066.8125,14.0625,,,10.55,0.0,13.67,,,,,,0.0,,
2025-11-05 06:48:26+00:00,2025-11-05 06:48:26,,,,,,,,,,19.6612492,3.86406255,980.0,1066.8125,14.0625,,,10.55,0.0,13.67,,,,,,0.0,,
2025-11-05 06:48:27+00:00,2025-11-05 06:48:27,,,,,,,,,,19.6612492,4.04374981,980.0,1066.0,14.8374996,,,10.55,0.0,13.67,,,,,,0.0,,
2025-11-05 06:48:28+00:00,2025-11-05 06:48:28,,,,,,,,,,19.6612492,4.04374981,980.0,1066.0,14.8374996,,,10.55,0.0,13.67,,,,,,0.0,,
2025-11-05 06:48:29+00:00,2025-11-05 06:48:29,,,,,,,,,,19.6612492,4.14375019,980.0,1066.8125,14.8374996,,,10.55,0.0,13.67,,,,,,0.0,,
2025-11-05 06:48:30+00:00,2025-11-05 06:48:30,24.6612492,26.0,26.0,26.0,26.0,13.982055727269147,100.0,BO_ONLY,"BO 모델 결과만 사용 (1단계 롤백, 2~4단계에서 Hz 변화 없음)",19.6612492,4.14375019,980.0,1066.8125,14.8374996,,,10.55,0.0,13.67,,,,,,0.0,,
2025-11-05 06:48:31+00:00,2025-11-05 06:48:31,,,,,,,,,,19.6612492,4.2640624,981.0,1066.40625,15.1000004,,,10.55,0.0,14.34,,,,,,0.0,,
2025-11-05 06:48:32+00:00,2025-11-05 06:48:32,,,,,,,,,,19.6612492,4.31718731,979.0,1066.0813,14.7250004,,,10.55,0.0,14.34,,,,,,0.0,,
2025-11-05 06:48:33+00:00,2025-11-05 06:48:33,,,,,,,,,,19.6612492,4.31718731,979.0,1066.0813,14.7250004,,,10.55,0.0,14.34,,,,,,0.0,,
2025-11-05 06:48:34+00:00,2025-11-05 06:48:34,,,,,,,,,,19.6612492,4.3734374,979.0,1065.9187,14.6625004,,,10.55,0.0,14.34,,,,,,0.0,,
2025-11-05 06:48:35+00:00,2025-11-05 06:48:35,24.6612492,26.0,26.0,26.0,26.0,15.896117597325567,100.0,BO_ONLY,"BO 모델 결과만 사용 (1단계 롤백, 2~4단계에서 Hz 변화 없음)",19.6612492,4.4625001,980.0,1066.16248,14.9499998,,,10.55,0.0,14.34,,,,,,0.0,,
2025-11-05 06:48:36+00:00,2025-11-05 06:48:36,,,,,,,,,,19.6612492,4.52812481,980.0,1066.8938,14.7375002,,,10.55,0.0,14.34,,,,,,0.0,,
2025-11-05 06:48:37+00:00,2025-11-05 06:48:37,,,,,,,,,,19.6612492,4.5640626,979.0,1066.8938,14.7624998,,,10.55,0.0,14.34,,,,,,0.0,,
2025-11-05 06:48:38+00:00,2025-11-05 06:48:38,,,,,,,,,,19.6612492,4.5640626,979.0,1067.21875,14.7624998,,,10.55,0.0,14.34,,,,,,0.0,,
2025-11-05 06:48:39+00:00,2025-11-05 06:48:39,,,,,,,,,,19.6612492,4.58906269,979.0,1067.21875,14.6000004,,,10.55,0.0,14.34,,,,,,0.0,,
2025-11-05 06:48:40+00:00,2025-11-05 06:48:40,24.6612492,26.0,26.0,26.0,26.0,16.158242378748618,100.0,BO_ONLY,"BO 모델 결과만 사용 (1단계 롤백, 2~4단계에서 Hz 변화 없음)",19.6612492,4.58906269,979.0,1066.0,14.6000004,,,10.55,0.0,14.35,,,,,,0.0,,
2025-11-05 06:48:41+00:00,2025-11-05 06:48:41,,,,,,,,,,19.6612492,4.7562499,979.0,1066.0,14.7749996,,,10.55,0.0,14.35,,,,,,0.0,,
2025-11-05 06:48:42+00:00,2025-11-05 06:48:42,,,,,,,,,,19.6612492,4.7562499,979.0,1066.65002,14.7749996,,,10.55,0.0,14.35,,,,,,0.0,,
2025-11-05 06:48:43+00:00,2025-11-05 06:48:43,,,,,,,,,,19.6612492,4.8890624,978.0,1067.21875,14.8249998,,,10.55,0.0,14.35,,,,,,0.0,,
2025-11-05 06:48:44+00:00,2025-11-05 06:48:44,,,,,,,,,,19.6612492,4.8890624,978.0,1067.21875,14.8249998,,,10.55,0.0,14.35,,,,,,0.0,,
2025-11-05 06:48:45+00:00,2025-11-05 06:48:45,24.6612492,26.0,26.0,26.0,26.0,15.650392016982797,100.0,BO_ONLY,"BO 모델 결과만 사용 (1단계 롤백, 2~4단계에서 Hz 변화 없음)",19.6612492,4.9828124,979.0,1067.21875,14.9499998,,,10.55,0.0,14.35,,,,,,0.0,,
2025-11-05 06:48:46+00:00,2025-11-05 06:48:46,,,,,,,,,,19.6612492,4.9828124,979.0,1067.05627,14.9499998,,,10.55,0.0,14.35,,,,,,0.0,,
2025-11-05 06:48:47+00:00,2025-11-05 06:48:47,,,,,,,,,,19.6612492,5.0765624,978.0,1067.05627,15.9750004,,,10.55,0.0,14.35,,,,,,0.0,,
2025-11-05 06:48:48+00:00,2025-11-05 06:48:48,,,,,,,,,,19.6612492,5.0625,978.0,1064.78125,15.9624996,,,10.55,0.0,14.35,,,,,,0.0,,
2025-11-05 06:48:49+00:00,2025-11-05 06:48:49,,,,,,,,,,19.6612492,5.0625,978.0,1064.78125,15.9624996,,,10.55,0.0,14.35,,,,,,0.0,,
2025-11-05 06:48:50+00:00,2025-11-05 06:48:50,24.6612492,26.0,26.0,26.0,26.0,15.958034108773454,100.0,BO_ONLY,"BO 모델 결과만 사용 (1단계 롤백, 2~4단계에서 Hz 변화 없음)",19.6612492,5.15312481,977.0,1065.02502,15.8374996,,,10.55,0.0,15.45,,,,,,0.0,,
2025-11-05 06:48:51+00:00,2025-11-05 06:48:51,,,,,,,,,,19.6612492,5.2171874,978.0,1064.13123,15.9750004,,,10.55,0.0,15.45,,,,,,0.0,,
2025-11-05 06:48:52+00:00,2025-11-05 06:48:52,,,,,,,,,,19.6612492,5.2171874,978.0,1064.13123,15.9750004,,,10.55,0.0,15.45,,,,,,0.0,,
2025-11-05 06:48:53+00:00,2025-11-05 06:48:53,,,,,,,,,,19.6612492,5.3203125,978.0,1063.72498,16.1375008,,,10.55,0.0,15.45,,,,,,0.0,,
2025-11-05 06:48:54+00:00,2025-11-05 06:48:54,,,,,,,,,,19.6612492,5.3421874,979.0,1062.8313,16.2374992,,,10.55,0.0,15.45,,,,,,0.0,,
2025-11-05 06:48:55+00:00,2025-11-05 06:48:55,24.6612492,27.0,27.0,27.0,27.0,15.59635475097215,100.0,BO_ONLY,"BO 모델 결과만 사용 (1단계 롤백, 2~4단계에서 Hz 변화 없음)",,,,,,,,,,,,,,,,,,
2025-11-05 06:48:56+00:00,2025-11-05 06:48:56,,,,,,,,,,19.6612492,5.3421874,979.0,1062.8313,16.2374992,,,10.55,0.0,15.45,,,,,,0.0,,
2025-11-05 06:48:57+00:00,2025-11-05 06:48:57,,,,,,,,,,19.6612492,5.3531251,978.0,1063.5625,16.375,,,10.55,0.0,15.45,,,,,,0.0,,
2025-11-05 06:48:58+00:00,2025-11-05 06:48:58,,,,,,,,,,19.6612492,5.3531251,978.0,1063.5625,16.375,,,10.55,0.0,15.45,,,,,,0.0,,
2025-11-05 06:48:59+00:00,2025-11-05 06:48:59,,,,,,,,,,19.6612492,5.4203124,978.0,1063.4812,16.4750004,,,10.55,0.0,15.45,,,,,,0.0,,
2025-11-05 06:49:00+00:00,2025-11-05 06:49:00,24.6612492,27.0,27.0,27.0,27.0,15.667191154656848,100.0,BO_ONLY,"BO 모델 결과만 사용 (1단계 롤백, 2~4단계에서 Hz 변화 없음)",19.6612492,5.4468751,977.0,1063.72498,16.3624992,,3.0,10.55,0.0,15.45,,,,,,0.0,,
2025-11-05 06:49:01+00:00,2025-11-05 06:49:01,,,,,,,,,,19.6612492,5.4468751,977.0,1063.72498,16.3624992,,,10.55,0.0,15.45,,,,,,0.0,,
2025-11-05 06:49:02+00:00,2025-11-05 06:49:02,,,,,,,,,,19.6612492,5.5546875,978.0,1060.96252,16.2999992,,,10.55,0.0,15.63,,,,,,0.0,,
2025-11-05 06:49:03+00:00,2025-11-05 06:49:03,,,,,,,,,,19.6612492,5.5546875,978.0,1060.96252,16.2999992,,,10.55,0.0,15.63,,,,,,0.0,,
2025-11-05 06:49:04+00:00,2025-11-05 06:49:04,,,,,,,,,,19.6612492,5.5546875,977.0,1060.96252,16.4375,,,10.55,0.0,15.63,,,,,,0.0,,
2025-11-05 06:49:05+00:00,2025-11-05 06:49:05,24.6612492,27.0,27.0,27.0,27.0,15.895794209043935,100.0,BO_ONLY,"BO 모델 결과만 사용 (1단계 롤백, 2~4단계에서 Hz 변화 없음)",19.6612492,5.640625,976.0,1060.47498,16.0750008,,,10.55,0.0,15.63,,,,,,0.0,,
2025-11-05 06:49:06+00:00,2025-11-05 06:49:06,,,,,,,,,,19.6612492,5.640625,976.0,1060.47498,16.0750008,,,10.55,0.0,15.63,,,,,,0.0,,
2025-11-05 06:49:07+00:00,2025-11-05 06:49:07,,,,,,,,,,19.6612492,5.609375,977.0,1059.4187,18.5625,,,10.55,0.0,15.63,,,,,,0.0,,
2025-11-05 06:49:08+00:00,2025-11-05 06:49:08,,,,,,,,,,19.6612492,5.7171874,977.0,1060.06873,18.5499992,,,10.55,0.0,15.63,,,,,,0.0,,
2025-11-05 06:49:09+00:00,2025-11-05 06:49:09,,,,,,,,,,19.6612492,5.7171874,977.0,1060.06873,18.5499992,,,10.55,0.0,15.63,,,,,,0.0,,
2025-11-05 06:49:10+00:00,2025-11-05 06:49:10,24.6612492,27.0,27.0,27.0,27.0,18.531509375211353,100.0,BO_ONLY,"BO 모델 결과만 사용 (1단계 롤백, 2~4단계에서 Hz 변화 없음)",19.6612492,5.71875,977.0,1060.06873,18.7625008,,,10.55,0.0,15.63,,,,,,0.0,,
2025-11-05 06:49:11+00:00,2025-11-05 06:49:11,,,,,,,,,,19.6612492,5.71875,977.0,1060.3938,18.7625008,,,10.55,0.0,17.88,,,,,,0.0,,
2025-11-05 06:49:12+00:00,2025-11-05 06:49:12,,,,,,,,,,19.6612492,5.765625,976.0,1060.3938,18.8125,,,10.55,0.0,17.88,,,,,,0.0,,
2025-11-05 06:49:13+00:00,2025-11-05 06:49:13,,,,,,,,,,19.6612492,5.81718731,977.0,1060.3938,19.1375008,,,10.55,0.0,17.88,,,,,,0.0,,
2025-11-05 06:49:14+00:00,2025-11-05 06:49:14,,,,,,,,,,19.6612492,5.81718731,977.0,1060.3938,19.1375008,,,10.55,0.0,17.88,,,,,,0.0,,
2025-11-05 06:49:15+00:00,2025-11-05 06:49:15,24.6612492,27.0,27.0,27.0,27.0,20.03779208350186,100.0,BO_ONLY,"BO 모델 결과만 사용 (1단계 롤백, 2~4단계에서 Hz 변화 없음)",19.6612492,5.90625,977.0,1058.84998,19.0249996,,,10.55,0.0,17.88,,,,,,0.0,,
2025-11-05 06:49:16+00:00,2025-11-05 06:49:16,,,,,,,,,,19.6612492,5.90625,977.0,1058.84998,19.0249996,,,10.55,0.0,17.88,,,,,,0.0,,
2025-11-05 06:49:17+00:00,2025-11-05 06:49:17,,,,,,,,,,19.6612492,6.0406251,976.0,1058.03748,19.0499992,,,10.55,0.0,17.88,,,,,,0.0,,
2025-11-05 06:49:18+00:00,2025-11-05 06:49:18,,,,,,,,,,19.6612492,5.99687481,977.0,1056.81873,19.4624996,,,10.55,0.0,17.88,,,,,,0.0,,
2025-11-05 06:49:19+00:00,2025-11-05 06:49:19,,,,,,,,,,19.6612492,5.99687481,977.0,1056.81873,19.4624996,,,10.55,0.0,17.88,,,,,,0.0,,
2025-11-05 06:49:20+00:00,2025-11-05 06:49:20,24.6612492,27.0,27.0,27.0,27.0,20.711693895450964,100.0,BO_ONLY,"BO 모델 결과만 사용 (1단계 롤백, 2~4단계에서 Hz 변화 없음)",19.6612492,6.16874981,977.0,1056.49377,19.2000008,,,10.55,0.0,17.88,,,,,,0.0,,
2025-11-05 06:49:21+00:00,2025-11-05 06:49:21,,,,,,,,,,19.6612492,6.21875,977.0,1054.625,19.3875008,,,10.55,0.0,18.45,,,,,,0.0,,
2025-11-05 06:49:22+00:00,2025-11-05 06:49:22,,,,,,,,,,19.6612492,6.21875,977.0,1054.625,19.3875008,,,10.55,0.0,18.45,,,,,,0.0,,
2025-11-05 06:49:23+00:00,2025-11-05 06:49:23,,,,,,,,,,19.6612492,6.2562499,976.0,1055.5188,19.7374992,,,10.55,0.0,18.45,,,,,,0.0,,
2025-11-05 06:49:24+00:00,2025-11-05 06:49:24,,,,,,,,,,19.6612492,6.2562499,976.0,1055.5188,19.7374992,,,10.55,0.0,18.45,,,,,,0.0,,
2025-11-05 06:49:25+00:00,2025-11-05 06:49:25,24.6612492,26.0,26.0,26.0,26.0,20.87891453808998,100.0,BO_ONLY,"BO 모델 결과만 사용 (1단계 롤백, 2~4단계에서 Hz 변화 없음)",19.6612492,6.3984375,977.0,1053.8125,19.625,,,10.55,0.0,18.45,,,,,,0.0,,
2025-11-05 06:49:26+00:00,2025-11-05 06:49:26,,,,,,,,,,19.6612492,6.3984375,977.0,1053.8125,19.625,,,10.55,0.0,18.45,,,,,,0.0,,
2025-11-05 06:49:27+00:00,2025-11-05 06:49:27,,,,,,,,,,19.6612492,6.40312481,977.0,1052.9187,20.3624992,,,10.55,0.0,18.45,,,,,,0.0,,
2025-11-05 06:49:28+00:00,2025-11-05 06:49:28,,,,,,,,,,19.6612492,6.40312481,977.0,1052.9187,20.3624992,,,10.55,0.0,18.45,,,,,,0.0,,
2025-11-05 06:49:29+00:00,2025-11-05 06:49:29,,,,,,,,,,19.6612492,6.53593731,975.0,1053.8125,20.3624992,,,10.55,0.0,18.45,,,,,,0.0,,
2025-11-05 06:49:30+00:00,2025-11-05 06:49:30,24.6612492,26.0,26.0,26.0,26.0,21.27199420893567,100.0,BO_ONLY,"BO 모델 결과만 사용 (1단계 롤백, 2~4단계에서 Hz 변화 없음)",19.6612492,6.53593731,975.0,1053.8125,20.25,,,10.55,0.0,18.45,,,,,,0.0,,
2025-11-05 06:49:31+00:00,2025-11-05 06:49:31,,,,,,,,,,19.6612492,6.65625,975.0,1053.8125,20.75,,,10.55,0.0,18.45,,,,,,0.0,,
2025-11-05 06:49:32+00:00,2025-11-05 06:49:32,,,,,,,,,,19.6612492,6.75312519,975.0,1051.4563,20.7250004,,,10.55,0.0,19.6,,,,,,0.0,,
2025-11-05 06:49:33+00:00,2025-11-05 06:49:33,,,,,,,,,,19.6612492,6.75312519,974.0,1051.4563,20.7250004,,,10.55,0.0,19.6,,,,,,0.0,,
2025-11-05 06:49:34+00:00,2025-11-05 06:49:34,,,,,,,,,,19.6612492,6.74531269,974.0,1050.80627,20.7124996,,,10.55,0.0,19.6,,,,,,0.0,,
2025-11-05 06:49:35+00:00,2025-11-05 06:49:35,24.0,24.0,24.0,24.0,24.0,22.06772620585156,100.0,BO_ONLY,"BO 모델 결과만 사용 (1단계 롤백, 2~4단계에서 Hz 변화 없음)",19.6612492,6.8843751,975.0,1050.72498,20.9624996,,,10.55,0.0,19.6,,,,,,0.0,,
2025-11-05 06:49:36+00:00,2025-11-05 06:49:36,,,,,,,,,,19.6612492,6.8843751,975.0,1050.72498,20.9624996,,,10.55,0.0,19.6,,,,,,0.0,,
2025-11-05 06:49:37+00:00,2025-11-05 06:49:37,,,,,,,,,,19.6612492,6.95781231,974.0,1050.15625,20.7625008,,,10.55,0.0,19.6,,,,,,0.0,,
2025-11-05 06:49:38+00:00,2025-11-05 06:49:38,,,,,,,,,,19.6612492,6.98750019,975.0,1049.99377,20.8125,,,10.55,0.0,19.6,,,,,,0.0,,
2025-11-05 06:49:39+00:00,2025-11-05 06:49:39,,,,,,,,,,19.6612492,6.98750019,975.0,1049.99377,20.8125,,,10.55,0.0,19.6,,,,,,0.0,,
2025-11-05 06:49:40+00:00,2025-11-05 06:49:40,24.0,24.0,24.0,24.0,24.0,20.602743088429413,100.0,BO_ONLY,"BO 모델 결과만 사용 (1단계 롤백, 2~4단계에서 Hz 변화 없음)",19.6612492,7.0218749,974.0,1049.0188,20.6499996,,,10.55,0.0,19.6,,,,,,0.0,,
2025-11-05 06:49:41+00:00,2025-11-05 06:49:41,,,,,,,,,,19.6612492,7.09843731,975.0,1048.0437,21.25,,,10.55,0.0,20.36,,,,,,0.0,,
2025-11-05 06:49:42+00:00,2025-11-05 06:49:42,,,,,,,,,,19.6612492,7.0843749,974.0,1046.82495,21.2749996,,,10.55,0.0,20.36,,,,,,0.0,,
2025-11-05 06:49:43+00:00,2025-11-05 06:49:43,,,,,,,,,,19.6612492,7.0843749,974.0,1046.82495,21.2749996,,,10.55,0.0,20.36,,,,,,0.0,,
2025-11-05 06:49:44+00:00,2025-11-05 06:49:44,,,,,,,,,,19.6612492,7.1500001,974.0,1046.5,21.3374996,,,10.55,0.0,20.36,,,,,,0.0,,
2025-11-05 06:49:45+00:00,2025-11-05 06:49:45,24.0,24.0,24.0,24.0,24.0,21.30433777980119,100.0,BO_ONLY,"BO 모델 결과만 사용 (1단계 롤백, 2~4단계에서 Hz 변화 없음)",19.6612492,7.1500001,974.0,1046.5,21.3374996,,,10.55,0.0,20.36,,,,,,0.0,,
2025-11-05 06:49:46+00:00,2025-11-05 06:49:46,,,,,,,,,,19.6612492,7.3031249,974.0,1047.71875,20.4500008,,,10.55,0.0,20.36,,,,,,0.0,,
2025-11-05 06:49:47+00:00,2025-11-05 06:49:47,,,,,,,,,,19.6612492,7.3031249,974.0,1047.71875,20.4500008,,,10.55,0.0,20.36,,,,,,0.0,,
2025-11-05 06:49:48+00:00,2025-11-05 06:49:48,,,,,,,,,,19.6612492,7.30781269,974.0,1047.2312,20.1625004,,,10.55,0.0,20.36,,,,,,0.0,,
2025-11-05 06:49:49+00:00,2025-11-05 06:49:49,,,,,,,,,,19.6612492,7.30781269,974.0,1047.2312,20.1625004,,,10.55,0.0,20.36,,,,,,0.0,,
2025-11-05 06:49:50+00:00,2025-11-05 06:49:50,24.0,24.0,24.0,24.0,24.0,19.4290363013054,100.0,BO_ONLY,"BO 모델 결과만 사용 (1단계 롤백, 2~4단계에서 Hz 변화 없음)",19.6612492,7.4156251,975.0,1045.44373,20.1625004,,,10.55,0.0,20.36,,,,,,0.0,,
2025-11-05 06:49:51+00:00,2025-11-05 06:49:51,,,,,,,,,,19.6612492,7.4156251,975.0,1045.44373,20.6124992,,,10.55,0.0,19.45,,,,,,0.0,,
2025-11-05 06:49:52+00:00,2025-11-05 06:49:52,,,,,,,,,,19.6612492,7.5218749,974.0,1042.03125,20.7250004,,,10.55,0.0,19.45,,,,,,0.0,,
2025-11-05 06:49:53+00:00,2025-11-05 06:49:53,,,,,,,,,,19.6612492,7.54218769,973.0,1041.5437,20.5375004,,,10.55,0.0,19.45,,,,,,0.0,,
2025-11-05 06:49:54+00:00,2025-11-05 06:49:54,,,,,,,,,,19.6612492,7.59375,973.0,1040.8938,20.6625004,,,10.55,0.0,19.45,,,,,,0.0,,
2025-11-05 06:49:55+00:00,2025-11-05 06:49:55,22.0,22.0,22.0,22.0,22.0,19.90263846738583,100.0,BO_ONLY,"BO 모델 결과만 사용 (1단계 롤백, 2~4단계에서 Hz 변화 없음)",19.6612492,7.59375,973.0,1040.8938,20.6625004,,,10.55,0.0,19.45,,,,,,0.0,,
2025-11-05 06:49:56+00:00,2025-11-05 06:49:56,,,,,,,,,,19.6612492,7.67500019,974.0,1041.05627,21.0249996,,,10.55,0.0,19.45,,,,,,0.0,,
2025-11-05 06:49:57+00:00,2025-11-05 06:49:57,,,,,,,,,,19.6612492,7.6390624,974.0,1040.97498,21.0499992,,,10.55,0.0,19.45,,,,,,0.0,,
2025-11-05 06:49:58+00:00,2025-11-05 06:49:58,,,,,,,,,,19.6612492,7.6390624,974.0,1040.97498,21.0499992,,,10.55,0.0,19.45,,,,,,0.0,,
2025-11-05 06:49:59+00:00,2025-11-05 06:49:59,,,,,,,,,,19.6612492,7.80937481,974.0,1039.83752,21.0625,,,10.55,0.0,19.45,,,,,,0.0,,
2025-11-05 06:50:00+00:00,2025-11-05 06:50:00,22.0,22.0,22.0,22.0,22.0,20.172211390296596,100.0,BO_ONLY,"BO 모델 결과만 사용 (1단계 롤백, 2~4단계에서 Hz 변화 없음)",19.6612492,7.80156231,974.0,1041.05627,21.5625,,3.0,10.55,0.0,19.45,,,,,,0.0,,
2025-11-05 06:50:01+00:00,2025-11-05 06:50:01,,,,,,,,,,19.6612492,7.80156231,974.0,1041.05627,21.5625,,,10.55,0.0,20.47,,,,,,0.0,,
2025-11-05 06:50:02+00:00,2025-11-05 06:50:02,,,,,,,,,,19.6612492,7.8984375,972.0,1039.34998,21.6124992,,,10.55,0.0,20.47,,,,,,0.0,,
2025-11-05 06:50:03+00:00,2025-11-05 06:50:03,,,,,,,,,,19.6612492,7.8984375,972.0,1039.34998,21.6124992,,,10.55,0.0,20.47,,,,,,0.0,,
2025-11-05 06:50:04+00:00,2025-11-05 06:50:04,,,,,,,,,,19.6612492,7.9671874,973.0,1037.5625,21.6749992,,,10.55,0.0,20.47,,,,,,0.0,,
2025-11-05 06:50:05+00:00,2025-11-05 06:50:05,22.0,22.0,22.0,22.0,22.0,21.87382164368855,100.0,BO_ONLY,"BO 모델 결과만 사용 (1단계 롤백, 2~4단계에서 Hz 변화 없음)",19.6612492,7.9671874,973.0,1037.5625,21.6749992,,,10.55,0.0,20.47,,,,,,0.0,,
2025-11-05 06:50:06+00:00,2025-11-05 06:50:06,,,,,,,,,,19.6612492,8.05156231,972.0,1036.99377,17.4750004,,,10.55,0.0,20.47,,,,,,0.0,,
2025-11-05 06:50:07+00:00,2025-11-05 06:50:07,,,,,,,,,,19.6612492,8.05156231,972.0,1036.99377,17.4750004,,,10.55,0.0,20.47,,,,,,0.0,,
2025-11-05 06:50:08+00:00,2025-11-05 06:50:08,,,,,,,,,,19.6612492,8.05156231,972.0,1035.28748,17.6625004,,,10.55,0.0,20.47,,,,,,0.0,,
2025-11-05 06:50:09+00:00,2025-11-05 06:50:09,,,,,,,,,,19.6612492,8.13906288,972.0,1035.28748,17.6625004,,,10.55,0.0,20.47,,,,,,0.0,,
2025-11-05 06:50:10+00:00,2025-11-05 06:50:10,23.0,23.0,23.0,23.0,23.0,16.769534388663743,100.0,BO_ONLY,"BO 모델 결과만 사용 (1단계 롤백, 2~4단계에서 Hz 변화 없음)",19.6612492,8.25312519,971.0,1035.53125,17.3250008,,,10.55,0.0,20.47,,,,,,0.0,,
2025-11-05 06:50:11+00:00,2025-11-05 06:50:11,,,,,,,,,,19.6612492,8.25312519,971.0,1035.53125,17.3250008,,,10.55,0.0,16.68,,,,,,0.0,,
2025-11-05 06:50:12+00:00,2025-11-05 06:50:12,,,,,,,,,,19.6612492,8.25156212,971.0,1034.3938,17.8374996,,,10.55,0.0,16.68,,,,,,0.0,,
2025-11-05 06:50:13+00:00,2025-11-05 06:50:13,,,,,,,,,,19.6612492,8.25156212,971.0,1034.3938,17.8374996,,,10.55,0.0,16.68,,,,,,0.0,,
2025-11-05 06:50:14+00:00,2025-11-05 06:50:14,,,,,,,,,,19.6612492,8.33437538,969.0,1034.63745,17.625,,,10.55,0.0,16.68,,,,,,0.0,,
2025-11-05 06:50:15+00:00,2025-11-05 06:50:15,23.0,23.0,23.0,23.0,23.0,16.84040351485114,100.0,BO_ONLY,"BO 모델 결과만 사용 (1단계 롤백, 2~4단계에서 Hz 변화 없음)",19.6612492,8.33437538,969.0,1034.63745,17.625,,,10.55,0.0,16.68,,,,,,0.0,,
2025-11-05 06:50:16+00:00,2025-11-05 06:50:16,,,,,,,,,,19.6612492,8.45468712,970.0,1034.55627,18.1000004,,,10.55,0.0,16.68,,,,,,0.0,,
2025-11-05 06:50:17+00:00,2025-11-05 06:50:17,,,,,,,,,,19.6612492,8.45468712,970.0,1034.55627,18.1000004,,,10.55,0.0,16.68,,,,,,0.0,,
2025-11-05 06:50:18+00:00,2025-11-05 06:50:18,,,,,,,,,,19.6612492,8.47812462,971.0,1032.28125,18.3250008,,,10.55,0.0,16.68,,,,,,0.0,,
2025-11-05 06:50:19+00:00,2025-11-05 06:50:19,,,,,,,,,,19.6612492,8.47812462,971.0,1032.28125,18.3250008,,,10.55,0.0,16.68,,,,,,0.0,,
2025-11-05 06:50:20+00:00,2025-11-05 06:50:20,23.0,23.0,23.0,23.0,23.0,17.236247950864247,100.0,BO_ONLY,"BO 모델 결과만 사용 (1단계 롤백, 2~4단계에서 Hz 변화 없음)",19.6612492,8.63125038,969.0,1032.28125,18.0375004,,,10.55,0.0,17.43,,,,,,0.0,,
2025-11-05 06:50:21+00:00,2025-11-05 06:50:21,,,,,,,,,,19.6612492,8.63125038,969.0,1028.94995,18.0375004,,,10.55,0.0,17.43,,,,,,0.0,,
2025-11-05 06:50:22+00:00,2025-11-05 06:50:22,,,,,,,,,,19.6612492,8.71249962,971.0,1028.94995,18.0375004,,,10.55,0.0,17.43,,,,,,0.0,,
2025-11-05 06:50:23+00:00,2025-11-05 06:50:23,,,,,,,,,,19.6612492,8.7421875,970.0,1027.48755,18.1375008,,,10.55,0.0,17.43,,,,,,0.0,,
2025-11-05 06:50:24+00:00,2025-11-05 06:50:24,,,,,,,,,,19.6612492,8.7421875,970.0,1027.48755,18.1375008,,,10.55,0.0,17.43,,,,,,0.0,,
2025-11-05 06:50:25+00:00,2025-11-05 06:50:25,20.0,20.0,20.0,20.0,20.0,17.071305040204155,100.0,BO_ONLY,"BO 모델 결과만 사용 (1단계 롤백, 2~4단계에서 Hz 변화 없음)",19.6612492,8.73281288,970.0,1027.0813,18.3125,,,10.55,0.0,17.43,,,,,,0.0,,
2025-11-05 06:50:26+00:00,2025-11-05 06:50:26,,,,,,,,,,19.6612492,8.73281288,970.0,1027.0813,18.3125,,,10.55,0.0,17.43,,,,,,0.0,,
2025-11-05 06:50:27+00:00,2025-11-05 06:50:27,,,,,,,,,,19.6612492,8.8046875,969.0,1027.65002,18.1875,,,10.55,0.0,17.43,,,,,,0.0,,
2025-11-05 06:50:28+00:00,2025-11-05 06:50:28,,,,,,,,,,19.6612492,8.8046875,969.0,1027.65002,18.1875,,,10.55,0.0,17.43,,,,,,0.0,,
2025-11-05 06:50:29+00:00,2025-11-05 06:50:29,,,,,,,,,,19.6612492,8.95156288,969.0,1026.51245,18.1000004,,,10.55,0.0,17.43,,,,,,0.0,,
2025-11-05 06:50:30+00:00,2025-11-05 06:50:30,20.0,20.0,20.0,20.0,20.0,16.049005748366213,100.0,BO_ONLY,"BO 모델 결과만 사용 (1단계 롤백, 2~4단계에서 Hz 변화 없음)",,,,,,,,,,,,,,,,,,
2025-11-05 06:50:31+00:00,2025-11-05 06:50:31,,,,,,,,,,19.6612492,8.90468788,968.0,1026.67505,18.1749992,,,10.55,0.0,17.55,,,,,,0.0,,
2025-11-05 06:50:32+00:00,2025-11-05 06:50:32,,,,,,,,,,19.6612492,8.90468788,968.0,1026.67505,18.1749992,,,10.55,0.0,17.55,,,,,,0.0,,
2025-11-05 06:50:33+00:00,2025-11-05 06:50:33,,,,,,,,,,19.6612492,9.06718731,968.0,1023.75,12.4375,,,10.55,0.0,17.55,,,,,,0.0,,
2025-11-05 06:50:34+00:00,2025-11-05 06:50:34,,,,,,,,,,19.6612492,9.06718731,968.0,1023.75,12.4375,,,10.55,0.0,17.55,,,,,,0.0,,
2025-11-05 06:50:35+00:00,2025-11-05 06:50:35,20.0,20.0,20.0,20.0,20.0,15.522550180118682,100.0,BO_ONLY,"BO 모델 결과만 사용 (1단계 롤백, 2~4단계에서 Hz 변화 없음)",19.6612492,9.15781212,968.0,1024.15625,13.0,,,10.55,0.0,17.55,,,,,,0.0,,
2025-11-05 06:50:36+00:00,2025-11-05 06:50:36,,,,,,,,,,19.6612492,9.13906288,968.0,1022.77502,12.3125,,,10.55,0.0,17.55,,,,,,0.0,,
2025-11-05 06:50:37+00:00,2025-11-05 06:50:37,,,,,,,,,,19.6612492,9.13906288,968.0,1022.77502,12.3125,,,10.55,0.0,17.55,,,,,,0.0,,
2025-11-05 06:50:38+00:00,2025-11-05 06:50:38,,,,,,,,,,19.6612492,9.14999962,969.0,1021.3125,12.9750004,,,10.55,0.0,17.55,,,,,,0.0,,
2025-11-05 06:50:39+00:00,2025-11-05 06:50:39,,,,,,,,,,19.6612492,9.14999962,969.0,1021.3125,12.9750004,,,10.55,0.0,17.55,,,,,,0.0,,
2025-11-05 06:50:40+00:00,2025-11-05 06:50:40,21.0,21.0,21.0,21.0,21.0,13.545094874757584,100.0,BO_ONLY,"BO 모델 결과만 사용 (1단계 롤백, 2~4단계에서 Hz 변화 없음)",19.6612492,9.27656269,969.0,1020.82501,12.8500004,,,10.55,0.0,17.55,,,,,,0.0,,
2025-11-05 06:50:41+00:00,2025-11-05 06:50:41,,,,,,,,,,19.6612492,9.23593712,968.0,1020.66248,12.8000002,,,10.55,0.0,17.55,,,,,,0.0,,
2025-11-05 06:50:42+00:00,2025-11-05 06:50:42,,,,,,,,,,19.6612492,9.30312538,969.0,1020.90625,13.4375,,,10.55,0.0,12.29,,,,,,0.0,,
2025-11-05 06:50:43+00:00,2025-11-05 06:50:43,,,,,,,,,,19.6612492,9.30312538,969.0,1020.90625,13.4375,,,10.55,0.0,12.29,,,,,,0.0,,
2025-11-05 06:50:44+00:00,2025-11-05 06:50:44,,,,,,,,,,19.6612492,9.36406231,969.0,1018.79376,13.2375002,,,10.55,0.0,12.29,,,,,,0.0,,
2025-11-05 06:50:45+00:00,2025-11-05 06:50:45,21.0,21.0,21.0,21.0,21.0,13.27478677887254,100.0,BO_ONLY,"BO 모델 결과만 사용 (1단계 롤백, 2~4단계에서 Hz 변화 없음)",19.6612492,9.36406231,969.0,1018.79376,13.2375002,,,10.55,0.0,12.29,,,,,,0.0,,
2025-11-05 06:50:46+00:00,2025-11-05 06:50:46,,,,,,,,,,19.6612492,9.32499981,969.0,1018.30627,13.625,,,10.55,0.0,12.29,,,,,,0.0,,
2025-11-05 06:50:47+00:00,2025-11-05 06:50:47,,,,,,,,,,19.6612492,9.40781212,969.0,1017.25,13.8500004,,,10.55,0.0,12.29,,,,,,0.0,,
2025-11-05 06:50:48+00:00,2025-11-05 06:50:48,,,,,,,,,,19.6612492,9.40781212,969.0,1017.25,13.8500004,,,10.55,0.0,12.29,,,,,,0.0,,
2025-11-05 06:50:49+00:00,2025-11-05 06:50:49,,,,,,,,,,19.6612492,9.44687462,968.0,1015.21875,13.9875002,,,10.55,0.0,12.29,,,,,,0.0,,
2025-11-05 06:50:50+00:00,2025-11-05 06:50:50,21.0,21.0,21.0,21.0,21.0,13.358389907685412,100.0,BO_ONLY,"BO 모델 결과만 사용 (1단계 롤백, 2~4단계에서 Hz 변화 없음)",19.6612492,9.44687462,968.0,1015.21875,13.9875002,,,10.55,0.0,12.29,,,,,,0.0,,
2025-11-05 06:50:51+00:00,2025-11-05 06:50:51,,,,,,,,,,19.6612492,9.37968731,968.0,1014.40625,11.8874998,,,10.55,0.0,13.12,,,,,,0.0,,
2025-11-05 06:50:52+00:00,2025-11-05 06:50:52,,,,,,,,,,19.6612492,9.37968731,968.0,1014.40625,11.8874998,,,10.55,0.0,13.12,,,,,,0.0,,
2025-11-05 06:50:53+00:00,2025-11-05 06:50:53,,,,,,,,,,19.6612492,9.52499962,968.0,1015.13751,11.8125,,,10.55,0.0,13.12,,,,,,0.0,,
2025-11-05 06:50:54+00:00,2025-11-05 06:50:54,,,,,,,,,,19.6612492,9.55156231,968.0,1014.40625,11.75,,,10.55,0.0,13.12,,,,,,0.0,,
2025-11-05 06:50:55+00:00,2025-11-05 06:50:55,21.0,21.0,21.0,21.0,21.0,13.18563466597834,100.0,BO_ONLY,"BO 모델 결과만 사용 (1단계 롤백, 2~4단계에서 Hz 변화 없음)",19.6612492,9.55156231,968.0,1014.40625,11.75,,,10.55,0.0,13.12,,,,,,0.0,,
2025-11-05 06:50:56+00:00,2025-11-05 06:50:56,,,,,,,,,,19.6612492,9.58749962,969.0,1013.51251,11.7624998,,,10.55,0.0,13.12,,,,,,0.0,,
2025-11-05 06:50:57+00:00,2025-11-05 06:50:57,,,,,,,,,,19.6612492,9.58749962,969.0,1013.51251,11.7624998,,,10.55,0.0,13.12,,,,,,0.0,,
2025-11-05 06:50:58+00:00,2025-11-05 06:50:58,,,,,,,,,,19.6612492,9.71406269,969.0,1012.13123,12.125,,,10.55,0.0,13.12,,,,,,0.0,,
2025-11-05 06:50:59+00:00,2025-11-05 06:50:59,,,,,,,,,,19.6612492,9.65156269,968.0,1011.31873,11.5625,,,10.55,0.0,13.12,,,,,,0.0,,
2025-11-05 06:51:00+00:00,2025-11-05 06:51:00,21.0,21.0,21.0,21.0,21.0,13.561744786150989,100.0,BO_ONLY,"BO 모델 결과만 사용 (1단계 롤백, 2~4단계에서 Hz 변화 없음)",19.6612492,9.65156269,968.0,1011.31873,11.5625,,3.0,10.55,0.0,13.12,,,,,,0.0,,
2025-11-05 06:51:01+00:00,2025-11-05 06:51:01,,,,,,,,,,19.6612492,9.78593731,968.0,1010.91248,12.125,,,10.55,0.0,11.35,,,,,,0.0,,
2025-11-05 06:51:02+00:00,2025-11-05 06:51:02,,,,,,,,,,19.6612492,9.75,968.0,1010.01874,12.0625,,,10.55,0.0,11.35,,,,,,0.0,,
2025-11-05 06:51:03+00:00,2025-11-05 06:51:03,,,,,,,,,,19.6612492,9.75,968.0,1010.01874,12.0625,,,10.55,0.0,11.35,,,,,,0.0,,
2025-11-05 06:51:04+00:00,2025-11-05 06:51:04,,,,,,,,,,19.6612492,9.78750038,969.0,1009.125,12.0874996,,,10.55,0.0,11.35,,,,,,0.0,,
2025-11-05 06:51:05+00:00,2025-11-05 06:51:05,21.0,21.0,21.0,21.0,21.0,13.775183682185217,100.0,BO_ONLY,"BO 모델 결과만 사용 (1단계 롤백, 2~4단계에서 Hz 변화 없음)",19.6612492,9.78750038,969.0,1009.125,12.0874996,,,10.55,0.0,11.35,,,,,,0.0,,
2025-11-05 06:51:06+00:00,2025-11-05 06:51:06,,,,,,,,,,19.6612492,9.89999962,969.0,1008.63751,12.3374996,,,10.55,0.0,11.35,,,,,,0.0,,
2025-11-05 06:51:07+00:00,2025-11-05 06:51:07,,,,,,,,,,19.6612492,9.87031269,968.0,1007.90625,12.5124998,,,10.55,0.0,11.35,,,,,,0.0,,
2025-11-05 06:51:08+00:00,2025-11-05 06:51:08,,,,,,,,,,19.6612492,9.87031269,968.0,1007.90625,12.5124998,,,10.55,0.0,11.35,,,,,,0.0,,
2025-11-05 06:51:09+00:00,2025-11-05 06:51:09,,,,,,,,,,19.6612492,9.92343712,969.0,1007.58124,12.3625002,,,10.55,0.0,11.35,,,,,,0.0,,
2025-11-05 06:51:10+00:00,2025-11-05 06:51:10,19.0,19.0,19.0,19.0,19.0,14.056646312812225,100.0,BO_ONLY,"BO 모델 결과만 사용 (1단계 롤백, 2~4단계에서 Hz 변화 없음)",19.6612492,9.8984375,969.0,1008.06873,12.1875,,,10.55,0.0,11.35,,,,,,0.0,,
2025-11-05 06:51:11+00:00,2025-11-05 06:51:11,,,,,,,,,,19.6612492,9.8984375,969.0,1008.06873,12.1875,,,10.55,0.0,11.35,,,,,,0.0,,
2025-11-05 06:51:12+00:00,2025-11-05 06:51:12,,,,,,,,,,19.6612492,9.66718769,969.0,1009.04376,10.8874998,,,10.55,0.0,11.75,,,,,,0.0,,
2025-11-05 06:51:13+00:00,2025-11-05 06:51:13,,,,,,,,,,19.6612492,9.66718769,969.0,1009.04376,10.8874998,,,10.55,0.0,11.75,,,,,,0.0,,
2025-11-05 06:51:14+00:00,2025-11-05 06:51:14,,,,,,,,,,19.6612492,9.44687462,967.0,1007.17499,10.8000002,,,10.55,0.0,11.75,,,,,,0.0,,
2025-11-05 06:51:15+00:00,2025-11-05 06:51:15,21.0,21.0,21.0,21.0,21.0,12.941684310475813,100.0,BO_ONLY,"BO 모델 결과만 사용 (1단계 롤백, 2~4단계에서 Hz 변화 없음)",19.6612492,9.35468769,969.0,1006.76874,10.7250004,,,10.55,0.0,11.75,,,,,,0.0,,
2025-11-05 06:51:16+00:00,2025-11-05 06:51:16,,,,,,,,,,19.6612492,9.35468769,969.0,1006.76874,10.7250004,,,10.55,0.0,11.75,,,,,,0.0,,
2025-11-05 06:51:17+00:00,2025-11-05 06:51:17,,,,,,,,,,19.6612492,8.91562462,969.0,1004.16876,10.6125002,,,10.55,0.0,11.75,,,,,,0.0,,
2025-11-05 06:51:18+00:00,2025-11-05 06:51:18,,,,,,,,,,19.6612492,8.72968769,969.0,1004.98126,10.8374996,,,10.55,0.0,11.75,,,,,,0.0,,
2025-11-05 06:51:19+00:00,2025-11-05 06:51:19,,,,,,,,,,19.6612492,8.72968769,969.0,1004.98126,10.8374996,,,10.55,0.0,11.75,,,,,,0.0,,
2025-11-05 06:51:20+00:00,2025-11-05 06:51:20,21.0,21.0,21.0,21.0,21.0,13.018848321606852,100.0,BO_ONLY,"BO 모델 결과만 사용 (1단계 롤백, 2~4단계에서 Hz 변화 없음)",19.6612492,8.35000038,968.0,1002.70624,10.875,,,10.55,0.0,11.75,,,,,,0.0,,
2025-11-05 06:51:21+00:00,2025-11-05 06:51:21,,,,,,,,,,19.6612492,8.35000038,968.0,1002.70624,10.875,,,10.55,0.0,10.28,,,,,,0.0,,
2025-11-05 06:51:22+00:00,2025-11-05 06:51:22,,,,,,,,,,19.6612492,7.92500019,968.0,1002.70624,11.0249996,,,10.55,0.0,10.28,,,,,,0.0,,
2025-11-05 06:51:23+00:00,2025-11-05 06:51:23,,,,,,,,,,19.6612492,7.92500019,969.0,1002.70624,11.0249996,,,10.55,0.0,10.28,,,,,,0.0,,
2025-11-05 06:51:24+00:00,2025-11-05 06:51:24,,,,,,,,,,19.6612492,7.49687481,969.0,1001.73126,11.4125004,,,10.55,0.0,10.28,,,,,,0.0,,
2025-11-05 06:51:25+00:00,2025-11-05 06:51:25,21.0,21.0,21.0,21.0,21.0,12.749179958221367,100.0,BO_ONLY,"BO 모델 결과만 사용 (1단계 롤백, 2~4단계에서 Hz 변화 없음)",19.6612492,7.3203125,968.0,1001.65002,11.1499996,,,10.55,0.0,10.28,,,,,,0.0,,
2025-11-05 06:51:26+00:00,2025-11-05 06:51:26,,,,,,,,,,19.6612492,7.3203125,968.0,1001.65002,11.1499996,,,10.55,0.0,10.28,,,,,,0.0,,
2025-11-05 06:51:27+00:00,2025-11-05 06:51:27,,,,,,,,,,19.6612492,6.98124981,968.0,1001.65002,11.4375,,,10.55,0.0,10.28,,,,,,0.0,,
2025-11-05 06:51:28+00:00,2025-11-05 06:51:28,,,,,,,,,,19.6612492,6.98124981,968.0,1002.21875,11.4375,,,10.55,0.0,10.28,,,,,,0.0,,
2025-11-05 06:51:29+00:00,2025-11-05 06:51:29,,,,,,,,,,19.6612492,6.54218769,968.0,1001.8125,11.4125004,,,10.55,0.0,10.28,,,,,,0.0,,
2025-11-05 06:51:30+00:00,2025-11-05 06:51:30,23.0,23.0,23.0,23.0,23.0,12.0373887491386,100.0,BO_ONLY,"BO 모델 결과만 사용 (1단계 롤백, 2~4단계에서 Hz 변화 없음)",19.6612492,6.54218769,968.0,1001.8125,11.4125004,,,10.55,0.0,10.73,,,,,,0.0,,
2025-11-05 06:51:31+00:00,2025-11-05 06:51:31,,,,,,,,,,19.6612492,6.38593769,968.0,1001.8125,10.4499998,,,10.55,0.0,10.73,,,,,,0.0,,
2025-11-05 06:51:32+00:00,2025-11-05 06:51:32,,,,,,,,,,19.6612492,6.27812481,968.0,1001.8125,10.4250002,,,10.55,0.0,10.73,,,,,,0.0,,
2025-11-05 06:51:33+00:00,2025-11-05 06:51:33,,,,,,,,,,19.6612492,6.27812481,968.0,1002.21875,10.4250002,,,10.55,0.0,10.73,,,,,,0.0,,
2025-11-05 06:51:34+00:00,2025-11-05 06:51:34,,,,,,,,,,19.6612492,6.17500019,970.0,1002.21875,10.0249996,,,10.55,0.0,10.73,,,,,,0.0,,
2025-11-05 06:51:35+00:00,2025-11-05 06:51:35,18.0,24.0,24.0,18.0,18.0,10.562909470066197,304.0,BO_O2_RULE,"제어매트릭스 규칙 적용: NOX_LOW (3단계 롤백, 4단계에서 Hz 변화 없음)",19.6612492,6.10468769,969.0,1001.16248,10.5375004,,,10.55,0.0,10.73,,,,,,0.0,,
2025-11-05 06:51:36+00:00,2025-11-05 06:51:36,,,,,,,,,,19.6612492,6.10468769,969.0,1001.16248,10.5375004,,,10.55,0.0,10.73,,,,,,0.0,,
2025-11-05 06:51:37+00:00,2025-11-05 06:51:37,,,,,,,,,,19.6612492,5.9156251,970.0,1001.97498,10.6625004,,,10.55,0.0,10.73,,,,,,0.0,,
2025-11-05 06:51:38+00:00,2025-11-05 06:51:38,,,,,,,,,,19.6612492,5.9156251,970.0,1001.97498,10.6625004,,,10.55,0.0,10.73,,,,,,0.0,,
2025-11-05 06:51:39+00:00,2025-11-05 06:51:39,,,,,,,,,,19.6612492,5.8343749,969.0,1001.73126,10.6875,,,10.55,0.0,10.73,,,,,,0.0,,
2025-11-05 06:51:40+00:00,2025-11-05 06:51:40,18.0,24.0,24.0,18.0,18.0,9.810481471450467,304.0,BO_O2_RULE,"제어매트릭스 규칙 적용: NOX_LOW (3단계 롤백, 4단계에서 Hz 변화 없음)",19.6612492,5.8343749,969.0,1001.73126,10.6875,,,10.55,0.0,10.73,,,,,,0.0,,
2025-11-05 06:51:41+00:00,2025-11-05 06:51:41,,,,,,,,,,19.6612492,5.6312499,971.0,1000.51251,11.1125002,,,10.55,0.0,9.9,,,,,,0.0,,
2025-11-05 06:51:42+00:00,2025-11-05 06:51:42,,,,,,,,,,19.6612492,5.6312499,971.0,1000.51251,11.1125002,,,10.55,0.0,9.9,,,,,,0.0,,
2025-11-05 06:51:43+00:00,2025-11-05 06:51:43,,,,,,,,,,19.6612492,5.4765625,970.0,1000.26874,11.0,,,10.55,0.0,9.9,,,,,,0.0,,
2025-11-05 06:51:44+00:00,2025-11-05 06:51:44,,,,,,,,,,19.6612492,5.4765625,970.0,1000.26874,11.0,,,10.55,0.0,9.9,,,,,,0.0,,
2025-11-05 06:51:45+00:00,2025-11-05 06:51:45,18.0,24.0,24.0,18.0,18.0,9.371071466279787,304.0,BO_O2_RULE,"제어매트릭스 규칙 적용: NOX_LOW (3단계 롤백, 4단계에서 Hz 변화 없음)",19.6612492,5.34687519,970.0,999.862488,10.8999996,,,10.55,0.0,9.9,,,,,,0.0,,
2025-11-05 06:51:46+00:00,2025-11-05 06:51:46,,,,,,,,,,19.6612492,5.34687519,970.0,999.862488,10.8999996,,,10.55,0.0,9.9,,,,,,0.0,,
2025-11-05 06:51:47+00:00,2025-11-05 06:51:47,,,,,,,,,,19.6612492,5.1156249,971.0,1000.59375,10.6999998,,,10.55,0.0,9.9,,,,,,0.0,,
2025-11-05 06:51:48+00:00,2025-11-05 06:51:48,,,,,,,,,,19.6612492,5.1156249,971.0,1000.59375,10.6999998,,,10.55,0.0,9.9,,,,,,0.0,,
2025-11-05 06:51:49+00:00,2025-11-05 06:51:49,,,,,,,,,,19.6612492,4.94999981,972.0,999.293762,10.5749998,,,10.55,0.0,9.9,,,,,,0.0,,
2025-11-05 06:51:50+00:00,2025-11-05 06:51:50,18.0,23.0,23.0,18.0,18.0,9.186469201639206,304.0,BO_O2_RULE,"제어매트릭스 규칙 적용: NOX_LOW (3단계 롤백, 4단계에서 Hz 변화 없음)",19.6612492,4.94999981,972.0,999.293762,10.5749998,,,10.55,0.0,10.29,,,,,,0.0,,
2025-11-05 06:51:51+00:00,2025-11-05 06:51:51,,,,,,,,,,19.6612492,4.6859374,971.0,1000.51251,10.1625004,,,10.55,0.0,10.29,,,,,,0.0,,
2025-11-05 06:51:52+00:00,2025-11-05 06:51:52,,,,,,,,,,19.6612492,4.6859374,971.0,1000.51251,10.1625004,,,10.55,0.0,10.29,,,,,,0.0,,
2025-11-05 06:51:53+00:00,2025-11-05 06:51:53,,,,,,,,,,19.6612492,4.4984374,971.0,999.943726,10.125,,,10.55,0.0,10.29,,,,,,0.0,,
2025-11-05 06:51:54+00:00,2025-11-05 06:51:54,,,,,,,,,,19.6612492,4.4984374,971.0,999.943726,10.125,,,10.55,0.0,10.29,,,,,,0.0,,
2025-11-05 06:51:55+00:00,2025-11-05 06:51:55,18.0,22.0,22.0,18.0,18.0,9.168663564816471,304.0,BO_O2_RULE,"제어매트릭스 규칙 적용: NOX_LOW (3단계 롤백, 4단계에서 Hz 변화 없음)",19.6612492,4.3734374,973.0,1000.43127,10.5249996,,,10.55,0.0,10.29,,,,,,0.0,,
2025-11-05 06:51:56+00:00,2025-11-05 06:51:56,,,,,,,,,,19.6612492,4.3734374,973.0,1000.43127,10.5249996,,,10.55,0.0,10.29,,,,,,0.0,,
2025-11-05 06:51:57+00:00,2025-11-05 06:51:57,,,,,,,,,,19.6612492,4.21406269,972.0,1001.97498,10.125,,,10.55,0.0,10.29,,,,,,0.0,,
2025-11-05 06:51:58+00:00,2025-11-05 06:51:58,,,,,,,,,,19.6612492,4.17500019,974.0,1000.91876,10.3500004,,,10.55,0.0,10.29,,,,,,0.0,,
2025-11-05 06:51:59+00:00,2025-11-05 06:51:59,,,,,,,,,,19.6612492,4.17500019,974.0,1000.91876,10.3500004,,,10.55,0.0,10.29,,,,,,0.0,,
2025-11-05 06:52:00+00:00,2025-11-05 06:52:00,18.0,22.0,22.0,18.0,18.0,9.176753781796561,304.0,BO_O2_RULE,"제어매트릭스 규칙 적용: NOX_LOW (3단계 롤백, 4단계에서 Hz 변화 없음)",19.6612492,4.0140624,972.0,1000.91876,10.6125002,,3.0,10.55,0.0,9.8,,,,,,0.0,,
2025-11-05 06:52:01+00:00,2025-11-05 06:52:01,,,,,,,,,,19.6612492,4.0140624,972.0,1001.65002,10.6125002,,,10.55,0.0,9.8,,,,,,0.0,,
2025-11-05 06:52:02+00:00,2025-11-05 06:52:02,,,,,,,,,,19.6612492,3.9593749,974.0,1001.65002,10.5249996,,,10.55,0.0,9.8,,,,,,0.0,,
2025-11-05 06:52:03+00:00,2025-11-05 06:52:03,,,,,,,,,,19.6612492,3.90312505,974.0,1001.0,10.7624998,,,10.55,0.0,9.8,,,,,,0.0,,
2025-11-05 06:52:04+00:00,2025-11-05 06:52:04,,,,,,,,,,19.6612492,3.90312505,974.0,1001.0,10.7624998,,,10.55,0.0,9.8,,,,,,0.0,,
2025-11-05 06:52:05+00:00,2025-11-05 06:52:05,18.0,21.0,21.0,18.0,18.0,9.152483867804497,304.0,BO_O2_RULE,"제어매트릭스 규칙 적용: NOX_LOW (3단계 롤백, 4단계에서 Hz 변화 없음)",19.6612492,3.8359375,972.0,1000.83752,10.5874996,,,10.55,0.0,9.8,,,,,,0.0,,
2025-11-05 06:52:06+00:00,2025-11-05 06:52:06,,,,,,,,,,19.6612492,3.8359375,972.0,1000.83752,10.5874996,,,10.55,0.0,9.8,,,,,,0.0,,
2025-11-05 06:52:07+00:00,2025-11-05 06:52:07,,,,,,,,,,19.6612492,3.7874999,973.0,1001.73126,10.875,,,10.55,0.0,9.8,,,,,,0.0,,
2025-11-05 06:52:08+00:00,2025-11-05 06:52:08,,,,,,,,,,19.6612492,3.7874999,973.0,1001.08124,11.0749998,,,10.55,0.0,9.8,,,,,,0.0,,
2025-11-05 06:52:09+00:00,2025-11-05 06:52:09,,,,,,,,,,19.6612492,3.8453126,974.0,1001.08124,11.0749998,,,10.55,0.0,9.8,,,,,,0.0,,
2025-11-05 06:52:10+00:00,2025-11-05 06:52:10,18.0,21.0,21.0,18.0,18.0,9.015235301695597,304.0,BO_O2_RULE,"제어매트릭스 규칙 적용: NOX_LOW (3단계 롤백, 4단계에서 Hz 변화 없음)",,,,,,,,,,,,,,,,,,
2025-11-05 06:52:11+00:00,2025-11-05 06:52:11,,,,,,,,,,19.6612492,3.8453126,974.0,1001.08124,11.0749998,,,10.55,0.0,9.8,,,,,,0.0,,
2025-11-05 06:52:12+00:00,2025-11-05 06:52:12,,,,,,,,,,19.6612492,3.81562495,973.0,1001.08124,11.625,,,10.55,0.0,10.14,,,,,,0.0,,
2025-11-05 06:52:13+00:00,2025-11-05 06:52:13,,,,,,,,,,19.6612492,3.8031249,972.0,1001.0,11.6125002,,,10.55,0.0,10.14,,,,,,0.0,,
2025-11-05 06:52:14+00:00,2025-11-05 06:52:14,,,,,,,,,,19.6612492,3.8031249,972.0,1001.0,11.6125002,,,10.55,0.0,10.14,,,,,,0.0,,
2025-11-05 06:52:15+00:00,2025-11-05 06:52:15,18.0,21.0,21.0,18.0,18.0,9.096271557758541,304.0,BO_O2_RULE,"제어매트릭스 규칙 적용: NOX_LOW (3단계 롤백, 4단계에서 Hz 변화 없음)",19.6612492,3.73749995,973.0,1001.65002,11.6750002,,,10.55,0.0,10.14,,,,,,0.0,,
2025-11-05 06:52:16+00:00,2025-11-05 06:52:16,,,,,,,,,,19.6612492,3.73749995,973.0,1001.65002,11.6750002,,,10.55,0.0,10.14,,,,,,0.0,,
2025-11-05 06:52:17+00:00,2025-11-05 06:52:17,,,,,,,,,,19.6612492,3.7750001,973.0,1001.65002,11.7250004,,,10.55,0.0,10.14,,,,,,0.0,,
2025-11-05 06:52:18+00:00,2025-11-05 06:52:18,,,,,,,,,,19.6612492,3.66875005,972.0,1001.0,11.3500004,,,10.55,0.0,10.14,,,,,,0.0,,
2025-11-05 06:52:19+00:00,2025-11-05 06:52:19,,,,,,,,,,19.6612492,3.66875005,972.0,1001.0,11.3500004,,,10.55,0.0,10.14,,,,,,0.0,,
2025-11-05 06:52:20+00:00,2025-11-05 06:52:20,18.0,21.0,21.0,18.0,18.0,9.609968727809344,304.0,BO_O2_RULE,"제어매트릭스 규칙 적용: NOX_LOW (3단계 롤백, 4단계에서 Hz 변화 없음)",19.6612492,3.6968751,973.0,1003.11249,11.6499996,,,10.55,0.0,10.14,,,,,,0.0,,
2025-11-05 06:52:21+00:00,2025-11-05 06:52:21,,,,,,,,,,19.6612492,3.6968751,973.0,1003.11249,11.6499996,,,10.55,0.0,10.14,,,,,,0.0,,
2025-11-05 06:52:22+00:00,2025-11-05 06:52:22,,,,,,,,,,19.6612492,3.6968751,973.0,1003.4375,11.0749998,,,10.55,0.0,10.88,,,,,,0.0,,
2025-11-05 06:52:23+00:00,2025-11-05 06:52:23,,,,,,,,,,19.6612492,3.7203126,973.0,1003.4375,11.0749998,,,10.55,0.0,10.88,,,,,,0.0,,
2025-11-05 06:52:24+00:00,2025-11-05 06:52:24,,,,,,,,,,19.6612492,3.6968751,972.0,1002.625,11.1125002,,,10.55,0.0,10.88,,,,,,0.0,,
2025-11-05 06:52:25+00:00,2025-11-05 06:52:25,18.0,21.0,21.0,18.0,18.0,10.016732649277163,304.0,BO_O2_RULE,"제어매트릭스 규칙 적용: NOX_LOW (3단계 롤백, 4단계에서 Hz 변화 없음)",19.6612492,3.6968751,972.0,1002.625,11.1125002,,,10.55,0.0,10.88,,,,,,0.0,,
2025-11-05 06:52:26+00:00,2025-11-05 06:52:26,,,,,,,,,,19.6612492,3.63593745,972.0,1005.38751,10.875,,,10.55,0.0,10.88,,,,,,0.0,,
2025-11-05 06:52:27+00:00,2025-11-05 06:52:27,,,,,,,,,,19.6612492,3.66875005,974.0,1004.33124,10.8374996,,,10.55,0.0,10.88,,,,,,0.0,,
2025-11-05 06:52:28+00:00,2025-11-05 06:52:28,,,,,,,,,,19.6612492,3.66875005,974.0,1004.33124,10.8374996,,,10.55,0.0,10.88,,,,,,0.0,,
2025-11-05 06:52:29+00:00,2025-11-05 06:52:29,,,,,,,,,,19.6612492,3.6968751,972.0,1005.14374,10.8000002,,,10.55,0.0,10.88,,,,,,0.0,,
2025-11-05 06:52:30+00:00,2025-11-05 06:52:30,18.0,21.0,21.0,18.0,18.0,10.310763499914012,304.0,BO_O2_RULE,"제어매트릭스 규칙 적용: NOX_LOW (3단계 롤백, 4단계에서 Hz 변화 없음)",19.6612492,3.6968751,972.0,1005.14374,10.8000002,,,10.55,0.0,10.88,,,,,,0.0,,
2025-11-05 06:52:31+00:00,2025-11-05 06:52:31,,,,,,,,,,19.6612492,3.69843745,974.0,1006.60626,10.6000004,,,10.55,0.0,10.06,,,,,,0.0,,
2025-11-05 06:52:32+00:00,2025-11-05 06:52:32,,,,,,,,,,19.6612492,3.69843745,974.0,1006.60626,10.6000004,,,10.55,0.0,10.06,,,,,,0.0,,
2025-11-05 06:52:33+00:00,2025-11-05 06:52:33,,,,,,,,,,19.6612492,3.77812505,975.0,1006.6875,10.25,,,10.55,0.0,10.06,,,,,,0.0,,
2025-11-05 06:52:34+00:00,2025-11-05 06:52:34,,,,,,,,,,19.6612492,3.77812505,975.0,1006.6875,10.25,,,10.55,0.0,10.06,,,,,,0.0,,
2025-11-05 06:52:35+00:00,2025-11-05 06:52:35,18.0,21.0,21.0,18.0,18.0,10.395495183308826,304.0,BO_O2_RULE,"제어매트릭스 규칙 적용: NOX_LOW (3단계 롤백, 4단계에서 Hz 변화 없음)",19.6612492,3.7484374,975.0,1008.79999,9.94999981,,,10.55,0.0,10.06,,,,,,0.0,,
2025-11-05 06:52:36+00:00,2025-11-05 06:52:36,,,,,,,,,,19.6612492,3.7593751,975.0,1008.06873,9.73750019,,,10.55,0.0,10.06,,,,,,0.0,,
2025-11-05 06:52:37+00:00,2025-11-05 06:52:37,,,,,,,,,,19.6612492,3.7593751,975.0,1008.06873,9.73750019,,,10.55,0.0,10.06,,,,,,0.0,,
2025-11-05 06:52:38+00:00,2025-11-05 06:52:38,,,,,,,,,,19.6612492,3.8499999,974.0,1008.06873,9.05000019,,,10.55,0.0,10.06,,,,,,0.0,,
2025-11-05 06:52:39+00:00,2025-11-05 06:52:39,,,,,,,,,,19.6612492,3.8499999,974.0,1008.15002,9.05000019,,,10.55,0.0,10.06,,,,,,0.0,,
2025-11-05 06:52:40+00:00,2025-11-05 06:52:40,18.0,21.0,21.0,18.0,18.0,10.31739415963193,304.0,BO_O2_RULE,"제어매트릭스 규칙 적용: NOX_LOW (3단계 롤백, 4단계에서 Hz 변화 없음)",19.6612492,3.78593755,974.0,1008.15002,8.69999981,,,10.55,0.0,10.06,,,,,,0.0,,
2025-11-05 06:52:41+00:00,2025-11-05 06:52:41,,,,,,,,,,19.6612492,3.8125,974.0,1007.66248,8.69999981,,,10.55,0.0,8.11,,,,,,0.0,,
2025-11-05 06:52:42+00:00,2025-11-05 06:52:42,,,,,,,,,,19.6612492,3.8046875,974.0,1007.74377,8.57499981,,,10.55,0.0,8.11,,,,,,0.0,,
2025-11-05 06:52:43+00:00,2025-11-05 06:52:43,,,,,,,,,,19.6612492,3.73749995,974.0,1007.5,8.28750038,,,10.55,0.0,8.11,,,,,,0.0,,
2025-11-05 06:52:44+00:00,2025-11-05 06:52:44,,,,,,,,,,19.6612492,3.73749995,974.0,1007.5,8.28750038,,,10.55,0.0,8.11,,,,,,0.0,,
2025-11-05 06:52:45+00:00,2025-11-05 06:52:45,18.0,21.0,21.0,18.0,18.0,10.24509232894656,304.0,BO_O2_RULE,"제어매트릭스 규칙 적용: NOX_LOW (3단계 롤백, 4단계에서 Hz 변화 없음)",19.6612492,3.7046876,975.0,1007.5,8.27499962,,,10.55,0.0,8.11,,,,,,0.0,,
2025-11-05 06:52:46+00:00,2025-11-05 06:52:46,,,,,,,,,,19.6612492,3.7046876,975.0,1009.45001,8.27499962,,,10.55,0.0,8.11,,,,,,0.0,,
2025-11-05 06:52:47+00:00,2025-11-05 06:52:47,,,,,,,,,,19.6612492,3.6796875,975.0,1010.01874,7.9000001,,,10.55,0.0,8.11,,,,,,0.0,,
2025-11-05 06:52:48+00:00,2025-11-05 06:52:48,,,,,,,,,,19.6612492,3.6796875,975.0,1010.01874,7.9000001,,,10.55,0.0,8.11,,,,,,0.0,,
2025-11-05 06:52:49+00:00,2025-11-05 06:52:49,,,,,,,,,,19.6612492,3.6890626,975.0,1011.31873,7.7874999,,,10.55,0.0,8.11,,,,,,0.0,,
2025-11-05 06:52:50+00:00,2025-11-05 06:52:50,18.0,21.0,21.0,18.0,18.0,10.352034611623585,304.0,BO_O2_RULE,"제어매트릭스 규칙 적용: NOX_LOW (3단계 롤백, 4단계에서 Hz 변화 없음)",19.6612492,3.6890626,975.0,1011.31873,7.7874999,,,10.55,0.0,8.11,,,,,,0.0,,
2025-11-05 06:52:51+00:00,2025-11-05 06:52:51,,,,,,,,,,19.6612492,3.6546874,975.0,1010.91248,7.25,,,10.55,0.0,8.11,,,,,,0.0,,
2025-11-05 06:52:52+00:00,2025-11-05 06:52:52,,,,,,,,,,19.6612492,3.6546874,975.0,1010.91248,7.25,,,10.55,0.0,7.19,,,,,,0.0,,
2025-11-05 06:52:53+00:00,2025-11-05 06:52:53,,,,,,,,,,19.6612492,3.63593745,974.0,1010.83124,7.30000019,,,10.55,0.0,7.19,,,,,,0.0,,
2025-11-05 06:52:54+00:00,2025-11-05 06:52:54,,,,,,,,,,19.6612492,3.63593745,974.0,1010.83124,7.30000019,,,10.55,0.0,7.19,,,,,,0.0,,
2025-11-05 06:52:55+00:00,2025-11-05 06:52:55,18.0,21.0,21.0,18.0,18.0,10.164858170731732,304.0,BO_O2_RULE,"제어매트릭스 규칙 적용: NOX_LOW (3단계 롤백, 4단계에서 Hz 변화 없음)",19.6612492,3.58124995,975.0,1011.88751,7.5374999,,,10.55,0.0,7.19,,,,,,0.0,,
2025-11-05 06:52:56+00:00,2025-11-05 06:52:56,,,,,,,,,,19.6612492,3.58124995,975.0,1011.88751,7.5374999,,,10.55,0.0,7.19,,,,,,0.0,,
2025-11-05 06:52:57+00:00,2025-11-05 06:52:57,,,,,,,,,,19.6612492,3.4828124,975.0,1012.94373,7.98750019,,,10.55,0.0,7.19,,,,,,0.0,,
2025-11-05 06:52:58+00:00,2025-11-05 06:52:58,,,,,,,,,,19.6612492,3.5093751,974.0,1013.02502,7.7125001,,,10.55,0.0,7.19,,,,,,0.0,,
2025-11-05 06:52:59+00:00,2025-11-05 06:52:59,,,,,,,,,,19.6612492,3.5093751,974.0,1013.02502,7.7125001,,,10.55,0.0,7.19,,,,,,0.0,,
2025-11-05 06:53:00+00:00,2025-11-05 06:53:00,18.0,21.0,21.0,18.0,18.0,10.441088339961546,304.0,BO_O2_RULE,"제어매트릭스 규칙 적용: NOX_LOW (3단계 롤백, 4단계에서 Hz 변화 없음)",19.6612492,3.48125005,975.0,1014.73126,7.92500019,,3.0,10.55,0.0,7.19,,,,,,0.0,,
2025-11-05 06:53:01+00:00,2025-11-05 06:53:01,,,,,,,,,,19.6612492,3.48125005,975.0,1014.73126,7.92500019,,,10.55,0.0,7.31,,,,,,0.0,,
2025-11-05 06:53:02+00:00,2025-11-05 06:53:02,,,,,,,,,,19.6612492,3.42656255,976.0,1014.24377,7.6500001,,,10.55,0.0,7.31,,,,,,0.0,,
2025-11-05 06:53:03+00:00,2025-11-05 06:53:03,,,,,,,,,,19.6612492,3.42656255,976.0,1014.24377,7.6500001,,,10.55,0.0,7.31,,,,,,0.0,,
2025-11-05 06:53:04+00:00,2025-11-05 06:53:04,,,,,,,,,,19.6612492,3.36406255,977.0,1014.0,7.5999999,,,10.55,0.0,7.31,,,,,,0.0,,
2025-11-05 06:53:05+00:00,2025-11-05 06:53:05,18.0,21.0,21.0,18.0,18.0,10.626476474797355,304.0,BO_O2_RULE,"제어매트릭스 규칙 적용: NOX_LOW (3단계 롤백, 4단계에서 Hz 변화 없음)",19.6612492,3.36406255,977.0,1014.0,7.5999999,,,10.55,0.0,7.31,,,,,,0.0,,
2025-11-05 06:53:06+00:00,2025-11-05 06:53:06,,,,,,,,,,19.6612492,3.2984376,976.0,1014.16248,7.1624999,,,10.55,0.0,7.31,,,,,,0.0,,
2025-11-05 06:53:07+00:00,2025-11-05 06:53:07,,,,,,,,,,19.6612492,3.2984376,976.0,1014.16248,7.1624999,,,10.55,0.0,7.31,,,,,,0.0,,
2025-11-05 06:53:08+00:00,2025-11-05 06:53:08,,,,,,,,,,19.6612492,3.1953125,976.0,1014.89374,7.01249981,,,10.55,0.0,7.31,,,,,,0.0,,
2025-11-05 06:53:09+00:00,2025-11-05 06:53:09,,,,,,,,,,19.6612492,3.1546874,976.0,1015.70624,7.2125001,,,10.55,0.0,7.31,,,,,,0.0,,
2025-11-05 06:53:10+00:00,2025-11-05 06:53:10,18.0,20.0,20.0,18.0,18.0,10.323728734256706,304.0,BO_O2_RULE,"제어매트릭스 규칙 적용: NOX_LOW (3단계 롤백, 4단계에서 Hz 변화 없음)",19.6612492,3.1546874,976.0,1015.70624,7.2125001,,,10.55,0.0,6.61,,,,,,0.0,,
2025-11-05 06:53:11+00:00,2025-11-05 06:53:11,,,,,,,,,,19.6612492,3.0765624,976.0,1017.08752,7.2125001,,,10.55,0.0,6.61,,,,,,0.0,,
2025-11-05 06:53:12+00:00,2025-11-05 06:53:12,,,,,,,,,,19.6612492,3.0765624,976.0,1017.08752,6.73750019,,,10.55,0.0,6.61,,,,,,0.0,,
2025-11-05 06:53:13+00:00,2025-11-05 06:53:13,,,,,,,,,,19.6612492,3.09843755,976.0,1017.65625,6.73750019,,,10.55,0.0,6.61,,,,,,0.0,,
2025-11-05 06:53:14+00:00,2025-11-05 06:53:14,,,,,,,,,,19.6612492,3.0062499,976.0,1019.93127,6.7249999,,,10.55,0.0,6.61,,,,,,0.0,,
2025-11-05 06:53:15+00:00,2025-11-05 06:53:15,18.0,20.0,20.0,18.0,18.0,10.4232013874125,304.0,BO_O2_RULE,"제어매트릭스 규칙 적용: NOX_LOW (3단계 롤백, 4단계에서 Hz 변화 없음)",19.6612492,3.0062499,976.0,1019.93127,6.7249999,,,10.55,0.0,6.61,,,,,,0.0,,
2025-11-05 06:53:16+00:00,2025-11-05 06:53:16,,,,,,,,,,19.6612492,3.03437495,976.0,1019.93127,8.44999981,,,10.55,0.0,6.61,,,,,,0.0,,
2025-11-05 06:53:17+00:00,2025-11-05 06:53:17,,,,,,,,,,19.6612492,2.95781255,976.0,1020.41876,8.48750019,,,10.55,0.0,6.61,,,,,,0.0,,
2025-11-05 06:53:18+00:00,2025-11-05 06:53:18,,,,,,,,,,19.6612492,2.95781255,976.0,1020.41876,8.48750019,,,10.55,0.0,6.61,,,,,,0.0,,
2025-11-05 06:53:19+00:00,2025-11-05 06:53:19,,,,,,,,,,19.6612492,3.01093745,978.0,1020.5,8.67500019,,,10.55,0.0,6.61,,,,,,0.0,,
2025-11-05 06:53:20+00:00,2025-11-05 06:53:20,20.0,20.0,20.0,20.0,20.0,12.231583335099604,100.0,BO_ONLY,"BO 모델 결과만 사용 (1단계 롤백, 2~4단계에서 Hz 변화 없음)",19.6612492,3.01093745,978.0,1020.5,8.67500019,,,10.55,0.0,6.61,,,,,,0.0,,
2025-11-05 06:53:21+00:00,2025-11-05 06:53:21,,,,,,,,,,19.6612492,2.9296875,978.0,1021.06873,8.27499962,,,10.55,0.0,7.89,,,,,,0.0,,
2025-11-05 06:53:22+00:00,2025-11-05 06:53:22,,,,,,,,,,19.6612492,2.9625001,979.0,1021.47498,8.60000038,,,10.55,0.0,7.89,,,,,,0.0,,
2025-11-05 06:53:23+00:00,2025-11-05 06:53:23,,,,,,,,,,19.6612492,2.9625001,979.0,1021.47498,8.60000038,,,10.55,0.0,7.89,,,,,,0.0,,
2025-11-05 06:53:24+00:00,2025-11-05 06:53:24,,,,,,,,,,19.6612492,2.8656249,978.0,1020.82501,8.10000038,,,10.55,0.0,7.89,,,,,,0.0,,
2025-11-05 06:53:25+00:00,2025-11-05 06:53:25,18.0,20.0,20.0,18.0,18.0,11.885890227928263,304.0,BO_O2_RULE,"제어매트릭스 규칙 적용: NOX_LOW (3단계 롤백, 4단계에서 Hz 변화 없음)",19.6612492,2.8656249,978.0,1020.82501,8.10000038,,,10.55,0.0,7.89,,,,,,0.0,,
2025-11-05 06:53:26+00:00,2025-11-05 06:53:26,,,,,,,,,,19.6612492,2.8421874,978.0,1022.85626,7.8375001,,,10.55,0.0,7.89,,,,,,0.0,,
2025-11-05 06:53:27+00:00,2025-11-05 06:53:27,,,,,,,,,,19.6612492,2.8421874,978.0,1022.85626,7.8375001,,,10.55,0.0,7.89,,,,,,0.0,,
2025-11-05 06:53:28+00:00,2025-11-05 06:53:28,,,,,,,,,,19.6612492,2.8609376,979.0,1024.6438,8.16250038,,,10.55,0.0,7.89,,,,,,0.0,,
2025-11-05 06:53:29+00:00,2025-11-05 06:53:29,,,,,,,,,,19.6612492,2.8359375,979.0,1024.31873,7.98750019,,,10.55,0.0,7.89,,,,,,0.0,,
2025-11-05 06:53:30+00:00,2025-11-05 06:53:30,18.0,20.0,20.0,18.0,18.0,11.896159508403514,304.0,BO_O2_RULE,"제어매트릭스 규칙 적용: NOX_LOW (3단계 롤백, 4단계에서 Hz 변화 없음)",19.6612492,2.8687501,981.0,1023.99377,8.4375,,,10.55,0.0,7.56,,,,,,0.0,,
2025-11-05 06:53:31+00:00,2025-11-05 06:53:31,,,,,,,,,,19.6612492,2.8687501,981.0,1023.99377,8.4375,,,10.55,0.0,7.56,,,,,,0.0,,
2025-11-05 06:53:32+00:00,2025-11-05 06:53:32,,,,,,,,,,19.6612492,2.8140626,979.0,1023.75,7.9124999,,,10.55,0.0,7.56,,,,,,0.0,,
2025-11-05 06:53:33+00:00,2025-11-05 06:53:33,,,,,,,,,,19.6612492,2.87812495,980.0,1024.6438,8.19999981,,,10.55,0.0,7.56,,,,,,0.0,,
2025-11-05 06:53:34+00:00,2025-11-05 06:53:34,,,,,,,,,,19.6612492,2.87812495,980.0,1024.6438,8.19999981,,,10.55,0.0,7.56,,,,,,0.0,,
2025-11-05 06:53:35+00:00,2025-11-05 06:53:35,20.0,20.0,20.0,20.0,20.0,12.399916428499296,100.0,BO_ONLY,"BO 모델 결과만 사용 (1단계 롤백, 2~4단계에서 Hz 변화 없음)",19.6612492,2.8609376,979.0,1026.51245,9.44999981,,,10.55,0.0,7.56,,,,,,0.0,,
2025-11-05 06:53:36+00:00,2025-11-05 06:53:36,,,,,,,,,,19.6612492,2.8890624,979.0,1025.69995,9.88749981,,,10.55,0.0,7.56,,,,,,0.0,,
2025-11-05 06:53:37+00:00,2025-11-05 06:53:37,,,,,,,,,,19.6612492,2.8890624,979.0,1025.69995,9.88749981,,,10.55,0.0,7.56,,,,,,0.0,,
2025-11-05 06:53:38+00:00,2025-11-05 06:53:38,,,,,,,,,,19.6612492,2.88750005,980.0,1027.32495,9.67500019,,,10.55,0.0,7.56,,,,,,0.0,,
2025-11-05 06:53:39+00:00,2025-11-05 06:53:39,,,,,,,,,,19.6612492,2.88750005,980.0,1027.32495,9.67500019,,,10.55,0.0,7.56,,,,,,0.0,,
2025-11-05 06:53:40+00:00,2025-11-05 06:53:40,20.0,20.0,20.0,20.0,20.0,13.024802376122466,100.0,BO_ONLY,"BO 모델 결과만 사용 (1단계 롤백, 2~4단계에서 Hz 변화 없음)",19.6612492,2.88593745,980.0,1027.24377,9.78750038,,,10.55,0.0,8.96,,,,,,0.0,,
2025-11-05 06:53:41+00:00,2025-11-05 06:53:41,,,,,,,,,,19.6612492,2.88593745,980.0,1027.24377,9.78750038,,,10.55,0.0,8.96,,,,,,0.0,,
2025-11-05 06:53:42+00:00,2025-11-05 06:53:42,,,,,,,,,,19.6612492,2.85468745,979.0,1027.24377,10.0625,,,10.55,0.0,8.96,,,,,,0.0,,
2025-11-05 06:53:43+00:00,2025-11-05 06:53:43,,,,,,,,,,19.6612492,2.85468745,979.0,1027.24377,10.0625,,,10.55,0.0,8.96,,,,,,0.0,,
2025-11-05 06:53:44+00:00,2025-11-05 06:53:44,,,,,,,,,,19.6612492,2.85468745,979.0,1027.0,9.8125,,,10.55,0.0,8.96,,,,,,0.0,,
2025-11-05 06:53:45+00:00,2025-11-05 06:53:45,20.0,20.0,20.0,20.0,20.0,13.053237405325236,100.0,BO_ONLY,"BO 모델 결과만 사용 (1단계 롤백, 2~4단계에서 Hz 변화 없음)",19.6612492,2.75312495,979.0,1027.0,9.8125,,,10.55,0.0,8.96,,,,,,0.0,,
2025-11-05 06:53:46+00:00,2025-11-05 06:53:46,,,,,,,,,,19.6612492,2.7906251,979.0,1028.86877,9.88749981,,,10.55,0.0,8.96,,,,,,0.0,,
2025-11-05 06:53:47+00:00,2025-11-05 06:53:47,,,,,,,,,,19.6612492,2.7906251,979.0,1028.86877,9.88749981,,,10.55,0.0,8.96,,,,,,0.0,,
2025-11-05 06:53:48+00:00,2025-11-05 06:53:48,,,,,,,,,,19.6612492,2.7734375,980.0,1029.68127,9.92500019,,,10.55,0.0,8.96,,,,,,0.0,,
2025-11-05 06:53:49+00:00,2025-11-05 06:53:49,,,,,,,,,,19.6612492,2.7734375,980.0,1029.68127,9.92500019,,,10.55,0.0,8.96,,,,,,0.0,,
2025-11-05 06:53:50+00:00,2025-11-05 06:53:50,20.0,20.0,20.0,20.0,20.0,12.600837818410664,100.0,BO_ONLY,"BO 모델 결과만 사용 (1단계 롤백, 2~4단계에서 Hz 변화 없음)",19.6612492,2.7421875,981.0,1031.46875,9.94999981,,,10.55,0.0,8.96,,,,,,0.0,,
2025-11-05 06:53:52+00:00,2025-11-05 06:53:52,,,,,,,,,,19.6612492,2.7421875,981.0,1031.46875,9.94999981,,,10.55,0.0,9.25,,,,,,0.0,,
2025-11-05 06:53:53+00:00,2025-11-05 06:53:53,,,,,,,,,,19.6612492,2.72343755,982.0,1032.6062,9.92500019,,,10.55,0.0,9.25,,,,,,0.0,,
2025-11-05 06:53:54+00:00,2025-11-05 06:53:54,,,,,,,,,,19.6612492,2.72343755,982.0,1032.6062,9.92500019,,,10.55,0.0,9.25,,,,,,0.0,,
2025-11-05 06:53:55+00:00,2025-11-05 06:53:55,20.0,20.0,20.0,20.0,20.0,12.863731176955387,100.0,BO_ONLY,"BO 모델 결과만 사용 (1단계 롤백, 2~4단계에서 Hz 변화 없음)",19.6612492,2.73125005,981.0,1034.06873,9.92500019,,,10.55,0.0,9.25,,,,,,0.0,,
2025-11-05 06:53:56+00:00,2025-11-05 06:53:56,,,,,,,,,,19.6612492,2.73125005,981.0,1034.06873,11.0749998,,,10.55,0.0,9.25,,,,,,0.0,,
2025-11-05 06:53:57+00:00,2025-11-05 06:53:57,,,,,,,,,,19.6612492,2.7515626,982.0,1034.47498,11.3500004,,,10.55,0.0,9.25,,,,,,0.0,,
2025-11-05 06:53:58+00:00,2025-11-05 06:53:58,,,,,,,,,,19.6612492,2.7515626,982.0,1034.47498,11.3500004,,,10.55,0.0,9.25,,,,,,0.0,,
2025-11-05 06:53:59+00:00,2025-11-05 06:53:59,,,,,,,,,,19.6612492,2.70781255,981.0,1034.3125,11.3249998,,,10.55,0.0,9.25,,,,,,0.0,,
2025-11-05 06:54:00+00:00,2025-11-05 06:54:00,20.0,20.0,20.0,20.0,20.0,13.225695225633633,100.0,BO_ONLY,"BO 모델 결과만 사용 (1단계 롤백, 2~4단계에서 Hz 변화 없음)",19.6612492,2.70781255,981.0,1034.3125,11.3249998,,3.0,10.55,0.0,9.25,,,,,,0.0,,
2025-11-05 06:54:01+00:00,2025-11-05 06:54:01,,,,,,,,,,19.6612492,2.70781255,981.0,1034.3125,11.3249998,,,10.55,0.0,9.25,,,,,,0.0,,
2025-11-05 06:54:02+00:00,2025-11-05 06:54:02,,,,,,,,,,19.6612492,2.75,982.0,1033.33752,11.2875004,,,10.55,0.0,10.78,,,,,,0.0,,
2025-11-05 06:54:03+00:00,2025-11-05 06:54:03,,,,,,,,,,19.6612492,2.75,982.0,1033.33752,11.2875004,,,10.55,0.0,10.78,,,,,,0.0,,
2025-11-05 06:54:04+00:00,2025-11-05 06:54:04,,,,,,,,,,19.6612492,2.7890625,981.0,1035.69373,11.4875002,,,10.55,0.0,10.78,,,,,,0.0,,
2025-11-05 06:54:05+00:00,2025-11-05 06:54:05,20.0,20.0,20.0,20.0,20.0,12.779264333149541,100.0,BO_ONLY,"BO 모델 결과만 사용 (1단계 롤백, 2~4단계에서 Hz 변화 없음)",19.6612492,2.7890625,981.0,1035.69373,11.4875002,,,10.55,0.0,10.78,,,,,,0.0,,
2025-11-05 06:54:06+00:00,2025-11-05 06:54:06,,,,,,,,,,19.6612492,2.78437495,981.0,1035.0437,11.4250002,,,10.55,0.0,10.78,,,,,,0.0,,
2025-11-05 06:54:07+00:00,2025-11-05 06:54:07,,,,,,,,,,19.6612492,2.7249999,981.0,1036.18127,11.2749996,,,10.55,0.0,10.78,,,,,,0.0,,
2025-11-05 06:54:08+00:00,2025-11-05 06:54:08,,,,,,,,,,19.6612492,2.7249999,981.0,1036.18127,11.2749996,,,10.55,0.0,10.78,,,,,,0.0,,
2025-11-05 06:54:09+00:00,2025-11-05 06:54:09,,,,,,,,,,19.6612492,2.7281251,981.0,1037.07495,11.4375,,,10.55,0.0,10.78,,,,,,0.0,,
2025-11-05 06:54:10+00:00,2025-11-05 06:54:10,20.0,20.0,20.0,20.0,20.0,13.339118325788483,100.0,BO_ONLY,"BO 모델 결과만 사용 (1단계 롤백, 2~4단계에서 Hz 변화 없음)",19.6612492,2.7874999,982.0,1037.23755,11.6374998,,,10.55,0.0,10.78,,,,,,0.0,,
2025-11-05 06:54:11+00:00,2025-11-05 06:54:11,,,,,,,,,,19.6612492,2.7874999,982.0,1037.23755,11.6374998,,,10.55,0.0,10.7,,,,,,0.0,,
2025-11-05 06:54:12+00:00,2025-11-05 06:54:12,,,,,,,,,,19.6612492,2.73906255,981.0,1037.23755,11.2375002,,,10.55,0.0,10.7,,,,,,0.0,,
2025-11-05 06:54:13+00:00,2025-11-05 06:54:13,,,,,,,,,,19.6612492,2.7015624,981.0,1039.2688,11.0874996,,,10.55,0.0,10.7,,,,,,0.0,,
2025-11-05 06:54:14+00:00,2025-11-05 06:54:14,,,,,,,,,,19.6612492,2.7421875,981.0,1038.2937,11.2875004,,,10.55,0.0,10.7,,,,,,0.0,,
2025-11-05 06:54:15+00:00,2025-11-05 06:54:15,20.0,20.0,20.0,20.0,20.0,13.571424061398233,100.0,BO_ONLY,"BO 모델 결과만 사용 (1단계 롤백, 2~4단계에서 Hz 변화 없음)",19.6612492,2.7421875,981.0,1038.2937,11.2875004,,,10.55,0.0,10.7,,,,,,0.0,,
2025-11-05 06:54:16+00:00,2025-11-05 06:54:16,,,,,,,,,,19.6612492,2.7406249,980.0,1039.83752,11.2624998,,,10.55,0.0,10.7,,,,,,0.0,,
2025-11-05 06:54:17+00:00,2025-11-05 06:54:17,,,,,,,,,,19.6612492,2.7406249,980.0,1039.83752,11.2624998,,,10.55,0.0,10.7,,,,,,0.0,,
2025-11-05 06:54:18+00:00,2025-11-05 06:54:18,,,,,,,,,,19.6612492,2.7249999,982.0,1039.9187,15.2124996,,,10.55,0.0,10.7,,,,,,0.0,,
2025-11-05 06:54:19+00:00,2025-11-05 06:54:19,,,,,,,,,,19.6612492,2.75312495,982.0,1040.56873,15.3000002,,,10.55,0.0,10.7,,,,,,0.0,,
2025-11-05 06:54:20+00:00,2025-11-05 06:54:20,20.0,20.0,20.0,20.0,20.0,14.432864936886345,100.0,BO_ONLY,"BO 모델 결과만 사용 (1단계 롤백, 2~4단계에서 Hz 변화 없음)",19.6612492,2.75312495,982.0,1040.56873,15.3000002,,,10.55,0.0,10.7,,,,,,0.0,,
2025-11-05 06:54:21+00:00,2025-11-05 06:54:21,,,,,,,,,,19.6612492,2.75312495,981.0,1040.16248,15.4125004,,,10.55,0.0,10.7,,,,,,0.0,,
2025-11-05 06:54:22+00:00,2025-11-05 06:54:22,,,,,,,,,,19.6612492,2.72343755,982.0,1039.9187,15.0,,,10.55,0.0,14.48,,,,,,0.0,,
2025-11-05 06:54:23+00:00,2025-11-05 06:54:23,,,,,,,,,,19.6612492,2.72343755,982.0,1039.9187,15.0,,,10.55,0.0,14.48,,,,,,0.0,,
2025-11-05 06:54:24+00:00,2025-11-05 06:54:24,,,,,,,,,,19.6612492,2.74687505,982.0,1040.0,14.7124996,,,10.55,0.0,14.48,,,,,,0.0,,
2025-11-05 06:54:25+00:00,2025-11-05 06:54:25,20.0,20.0,20.0,20.0,20.0,15.738312787497522,100.0,BO_ONLY,"BO 모델 결과만 사용 (1단계 롤백, 2~4단계에서 Hz 변화 없음)",19.6612492,2.74687505,982.0,1040.0,14.7124996,,,10.55,0.0,14.48,,,,,,0.0,,
2025-11-05 06:54:26+00:00,2025-11-05 06:54:26,,,,,,,,,,19.6612492,2.7828126,981.0,1042.27502,14.8249998,,,10.55,0.0,14.48,,,,,,0.0,,
2025-11-05 06:54:27+00:00,2025-11-05 06:54:27,,,,,,,,,,19.6612492,2.7593751,981.0,1043.90002,14.5874996,,,10.55,0.0,14.48,,,,,,0.0,,
2025-11-05 06:54:28+00:00,2025-11-05 06:54:28,,,,,,,,,,19.6612492,2.7593751,981.0,1043.90002,14.5874996,,,10.55,0.0,14.48,,,,,,0.0,,
2025-11-05 06:54:29+00:00,2025-11-05 06:54:29,,,,,,,,,,19.6612492,2.78593755,982.0,1043.1687,14.9250002,,,10.55,0.0,14.48,,,,,,0.0,,
2025-11-05 06:54:30+00:00,2025-11-05 06:54:30,19.0,19.0,19.0,19.0,19.0,16.040953322723933,100.0,BO_ONLY,"BO 모델 결과만 사용 (1단계 롤백, 2~4단계에서 Hz 변화 없음)",19.6612492,2.78593755,982.0,1043.1687,14.9250002,,,10.55,0.0,14.48,,,,,,0.0,,
2025-11-05 06:54:31+00:00,2025-11-05 06:54:31,,,,,,,,,,19.6612492,2.8765626,982.0,1045.28125,14.9125004,,,10.55,0.0,14.48,,,,,,0.0,,
2025-11-05 06:54:32+00:00,2025-11-05 06:54:32,,,,,,,,,,19.6612492,2.8765626,982.0,1045.28125,14.9125004,,,10.55,0.0,14.3,,,,,,0.0,,
2025-11-05 06:54:33+00:00,2025-11-05 06:54:33,,,,,,,,,,19.6612492,2.9124999,981.0,1045.52502,14.9250002,,,10.55,0.0,14.3,,,,,,0.0,,
2025-11-05 06:54:34+00:00,2025-11-05 06:54:34,,,,,,,,,,19.6612492,2.9124999,981.0,1045.52502,14.9250002,,,10.55,0.0,14.3,,,,,,0.0,,
2025-11-05 06:54:35+00:00,2025-11-05 06:54:35,18.0,18.0,18.0,18.0,18.0,16.603663939942265,100.0,BO_ONLY,"BO 모델 결과만 사용 (1단계 롤백, 2~4단계에서 Hz 변화 없음)",19.6612492,2.97343755,982.0,1046.66248,14.7749996,,,10.55,0.0,14.3,,,,,,0.0,,
2025-11-05 06:54:36+00:00,2025-11-05 06:54:36,,,,,,,,,,19.6612492,2.97343755,982.0,1046.66248,14.7749996,,,10.55,0.0,14.3,,,,,,0.0,,
2025-11-05 06:54:37+00:00,2025-11-05 06:54:37,,,,,,,,,,19.6612492,2.97968745,982.0,1047.55627,15.0375004,,,10.55,0.0,14.3,,,,,,0.0,,
2025-11-05 06:54:38+00:00,2025-11-05 06:54:38,,,,,,,,,,19.6612492,2.97968745,982.0,1047.55627,15.0375004,,,10.55,0.0,14.3,,,,,,0.0,,
2025-11-05 06:54:39+00:00,2025-11-05 06:54:39,,,,,,,,,,19.6612492,3.1187501,981.0,1047.47498,15.0375004,,,10.55,0.0,14.3,,,,,,0.0,,
2025-11-05 06:54:40+00:00,2025-11-05 06:54:40,23.0,23.0,23.0,23.0,23.0,16.835255785421765,100.0,BO_ONLY,"BO 모델 결과만 사용 (1단계 롤백, 2~4단계에서 Hz 변화 없음)",19.6612492,3.171875,981.0,1047.63745,14.7624998,,,10.55,0.0,14.3,,,,,,0.0,,
2025-11-05 06:54:41+00:00,2025-11-05 06:54:41,,,,,,,,,,19.6612492,3.171875,981.0,1047.63745,14.7624998,,,10.55,0.0,14.19,,,,,,0.0,,
2025-11-05 06:54:42+00:00,2025-11-05 06:54:42,,,,,,,,,,19.6612492,3.27812505,981.0,1046.66248,15.75,,,10.55,0.0,14.19,,,,,,0.0,,
2025-11-05 06:54:43+00:00,2025-11-05 06:54:43,,,,,,,,,,19.6612492,3.27812505,981.0,1046.66248,15.75,,,10.55,0.0,14.19,,,,,,0.0,,
2025-11-05 06:54:44+00:00,2025-11-05 06:54:44,,,,,,,,,,19.6612492,3.3734374,982.0,1046.90625,15.875,,,10.55,0.0,14.19,,,,,,0.0,,
2025-11-05 06:54:45+00:00,2025-11-05 06:54:45,23.0,23.0,23.0,23.0,23.0,17.743947341720617,100.0,BO_ONLY,"BO 모델 결과만 사용 (1단계 롤백, 2~4단계에서 Hz 변화 없음)",19.6612492,3.3734374,982.0,1046.90625,15.875,,,10.55,0.0,14.19,,,,,,0.0,,
2025-11-05 06:54:46+00:00,2025-11-05 06:54:46,,,,,,,,,,19.6612492,3.46875,981.0,1047.47498,15.9125004,,,10.55,0.0,14.19,,,,,,0.0,,
2025-11-05 06:54:47+00:00,2025-11-05 06:54:47,,,,,,,,,,19.6612492,3.51874995,982.0,1048.77502,15.8999996,,,10.55,0.0,14.19,,,,,,0.0,,
2025-11-05 06:54:48+00:00,2025-11-05 06:54:48,,,,,,,,,,19.6612492,3.59062505,982.0,1048.2063,15.9875002,,,10.55,0.0,14.19,,,,,,0.0,,
2025-11-05 06:54:49+00:00,2025-11-05 06:54:49,,,,,,,,,,19.6612492,3.59062505,982.0,1048.2063,15.9875002,,,10.55,0.0,14.19,,,,,,0.0,,
2025-11-05 06:54:50+00:00,2025-11-05 06:54:50,24.0,24.0,24.0,24.0,24.0,16.341688046502384,100.0,BO_ONLY,"BO 모델 결과만 사용 (1단계 롤백, 2~4단계에서 Hz 변화 없음)",19.6612492,3.65937495,982.0,1048.44995,16.0499992,,,10.55,0.0,14.19,,,,,,0.0,,
2025-11-05 06:54:51+00:00,2025-11-05 06:54:51,,,,,,,,,,19.6612492,3.76093745,981.0,1050.4812,16.0375004,,,10.55,0.0,15.34,,,,,,0.0,,
2025-11-05 06:54:52+00:00,2025-11-05 06:54:52,,,,,,,,,,19.6612492,3.8125,981.0,1049.99377,16.0249996,,,10.55,0.0,15.34,,,,,,0.0,,
2025-11-05 06:54:53+00:00,2025-11-05 06:54:53,,,,,,,,,,19.6612492,3.8125,981.0,1049.99377,16.0249996,,,10.55,0.0,15.34,,,,,,0.0,,
2025-11-05 06:54:54+00:00,2025-11-05 06:54:54,,,,,,,,,,19.6612492,3.9203124,982.0,1049.99377,16.0249996,,,10.55,0.0,15.34,,,,,,0.0,,
2025-11-05 06:54:55+00:00,2025-11-05 06:54:55,24.6612492,25.0,25.0,25.0,25.0,15.631001411673592,100.0,BO_ONLY,"BO 모델 결과만 사용 (1단계 롤백, 2~4단계에서 Hz 변화 없음)",19.6612492,3.9203124,982.0,1049.99377,16.0249996,,,10.55,0.0,15.34,,,,,,0.0,,
2025-11-05 06:54:56+00:00,2025-11-05 06:54:56,,,,,,,,,,19.6612492,4.0687499,981.0,1050.15625,16.6499996,,,10.55,0.0,15.34,,,,,,0.0,,
2025-11-05 06:54:57+00:00,2025-11-05 06:54:57,,,,,,,,,,19.6612492,4.0687499,981.0,1050.15625,16.6499996,,,10.55,0.0,15.34,,,,,,0.0,,
2025-11-05 06:54:58+00:00,2025-11-05 06:54:58,,,,,,,,,,19.6612492,4.15156269,981.0,1050.5625,16.2374992,,,10.55,0.0,15.34,,,,,,0.0,,
2025-11-05 06:54:59+00:00,2025-11-05 06:54:59,,,,,,,,,,19.6612492,4.15156269,982.0,1050.5625,16.2374992,,,10.55,0.0,15.34,,,,,,0.0,,
2025-11-05 06:55:00+00:00,2025-11-05 06:55:00,24.6612492,25.0,25.0,25.0,25.0,16.098752056437025,100.0,BO_ONLY,"BO 모델 결과만 사용 (1단계 롤백, 2~4단계에서 Hz 변화 없음)",19.6612492,4.2328124,982.0,1050.4812,16.7250004,,3.0,10.55,0.0,15.34,,,,,,0.0,,
2025-11-05 06:55:01+00:00,2025-11-05 06:55:01,,,,,,,,,,19.6612492,4.2328124,981.0,1050.4812,16.7250004,,,10.55,0.0,15.68,,,,,,0.0,,
2025-11-05 06:55:02+00:00,2025-11-05 06:55:02,,,,,,,,,,19.6612492,4.23906231,981.0,1050.23755,16.0874996,,,10.55,0.0,15.68,,,,,,0.0,,
2025-11-05 06:55:03+00:00,2025-11-05 06:55:03,,,,,,,,,,19.6612492,4.33125019,980.0,1050.31873,16.25,,,10.55,0.0,15.68,,,,,,0.0,,
2025-11-05 06:55:04+00:00,2025-11-05 06:55:04,,,,,,,,,,19.6612492,4.33125019,980.0,1050.31873,16.25,,,10.55,0.0,15.68,,,,,,0.0,,
2025-11-05 06:55:05+00:00,2025-11-05 06:55:05,24.6612492,26.0,26.0,26.0,26.0,16.088341398463932,100.0,BO_ONLY,"BO 모델 결과만 사용 (1단계 롤백, 2~4단계에서 Hz 변화 없음)",19.6612492,4.3421874,979.0,1050.07495,16.0874996,,,10.55,0.0,15.68,,,,,,0.0,,
2025-11-05 06:55:06+00:00,2025-11-05 06:55:06,,,,,,,,,,19.6612492,4.3421874,979.0,1050.07495,16.0874996,,,10.55,0.0,15.68,,,,,,0.0,,
2025-11-05 06:55:07+00:00,2025-11-05 06:55:07,,,,,,,,,,19.6612492,4.4375,980.0,1049.91248,16.6124992,,,10.55,0.0,15.68,,,,,,0.0,,
2025-11-05 06:55:08+00:00,2025-11-05 06:55:08,,,,,,,,,,19.6612492,4.4375,980.0,1049.91248,16.6124992,,,10.55,0.0,15.68,,,,,,0.0,,
2025-11-05 06:55:09+00:00,2025-11-05 06:55:09,,,,,,,,,,19.6612492,4.4375,979.0,1049.8313,16.2625008,,,10.55,0.0,15.68,,,,,,0.0,,
2025-11-05 06:55:10+00:00,2025-11-05 06:55:10,24.6612492,26.0,26.0,26.0,26.0,16.388234486960602,100.0,BO_ONLY,"BO 모델 결과만 사용 (1단계 롤백, 2~4단계에서 Hz 변화 없음)",19.6612492,4.5015626,979.0,1049.8313,16.2625008,,,10.55,0.0,15.74,,,,,,0.0,,
2025-11-05 06:55:11+00:00,2025-11-05 06:55:11,,,,,,,,,,19.6612492,4.5015626,979.0,1049.75,16.6000004,,,10.55,0.0,15.74,,,,,,0.0,,
2025-11-05 06:55:12+00:00,2025-11-05 06:55:12,,,,,,,,,,19.6612492,4.57499981,980.0,1050.88745,16.2749996,,,10.55,0.0,15.74,,,,,,0.0,,
2025-11-05 06:55:13+00:00,2025-11-05 06:55:13,,,,,,,,,,19.6612492,4.57499981,980.0,1050.88745,16.2749996,,,10.55,0.0,15.74,,,,,,0.0,,
2025-11-05 06:55:14+00:00,2025-11-05 06:55:14,,,,,,,,,,19.6612492,4.6187501,980.0,1049.99377,16.1124992,,,10.55,0.0,15.74,,,,,,0.0,,
2025-11-05 06:55:15+00:00,2025-11-05 06:55:15,24.6612492,26.0,26.0,26.0,26.0,16.533593758390715,100.0,BO_ONLY,"BO 모델 결과만 사용 (1단계 롤백, 2~4단계에서 Hz 변화 없음)",19.6612492,4.6187501,980.0,1049.99377,16.1124992,,,10.55,0.0,15.74,,,,,,0.0,,
2025-11-05 06:55:16+00:00,2025-11-05 06:55:16,,,,,,,,,,19.6612492,4.60624981,979.0,1049.99377,16.2250004,,,10.55,0.0,15.74,,,,,,0.0,,
2025-11-05 06:55:17+00:00,2025-11-05 06:55:17,,,,,,,,,,19.6612492,4.60624981,979.0,1049.99377,16.2250004,,,10.55,0.0,15.74,,,,,,0.0,,
2025-11-05 06:55:18+00:00,2025-11-05 06:55:18,,,,,,,,,,19.6612492,4.6484375,979.0,1050.6438,15.8999996,,,10.55,0.0,15.74,,,,,,0.0,,
2025-11-05 06:55:19+00:00,2025-11-05 06:55:19,,,,,,,,,,19.6612492,4.6484375,979.0,1050.6438,15.8999996,,,10.55,0.0,15.74,,,,,,0.0,,
2025-11-05 06:55:20+00:00,2025-11-05 06:55:20,24.6612492,26.0,26.0,26.0,26.0,16.664849534324556,100.0,BO_ONLY,"BO 모델 결과만 사용 (1단계 롤백, 2~4단계에서 Hz 변화 없음)",19.6612492,4.71875,979.0,1049.58752,16.0625,,,10.55,0.0,15.54,,,,,,0.0,,
2025-11-05 06:55:21+00:00,2025-11-05 06:55:21,,,,,,,,,,19.6612492,4.71875,979.0,1049.58752,16.0625,,,10.55,0.0,15.54,,,,,,0.0,,
2025-11-05 06:55:22+00:00,2025-11-05 06:55:22,,,,,,,,,,19.6612492,4.7718749,979.0,1050.4812,15.7749996,,,10.55,0.0,15.54,,,,,,0.0,,
2025-11-05 06:55:23+00:00,2025-11-05 06:55:23,,,,,,,,,,19.6612492,4.7718749,979.0,1050.4812,15.7749996,,,10.55,0.0,15.54,,,,,,0.0,,
2025-11-05 06:55:24+00:00,2025-11-05 06:55:24,,,,,,,,,,19.6612492,4.8296876,980.0,1050.88745,16.0499992,,,10.55,0.0,15.54,,,,,,0.0,,
2025-11-05 06:55:25+00:00,2025-11-05 06:55:25,24.6612492,26.0,26.0,26.0,26.0,16.300338202270524,100.0,BO_ONLY,"BO 모델 결과만 사용 (1단계 롤백, 2~4단계에서 Hz 변화 없음)",19.6612492,4.8296876,980.0,1050.88745,16.0499992,,,10.55,0.0,15.54,,,,,,0.0,,
2025-11-05 06:55:26+00:00,2025-11-05 06:55:26,,,,,,,,,,19.6612492,4.8609376,980.0,1049.50623,15.8000002,,,10.55,0.0,15.54,,,,,,0.0,,
2025-11-05 06:55:27+00:00,2025-11-05 06:55:27,,,,,,,,,,19.6612492,4.8609376,980.0,1049.50623,15.8000002,,,10.55,0.0,15.54,,,,,,0.0,,
2025-11-05 06:55:28+00:00,2025-11-05 06:55:28,,,,,,,,,,19.6612492,4.890625,979.0,1049.75,15.9624996,,,10.55,0.0,15.54,,,,,,0.0,,
2025-11-05 06:55:29+00:00,2025-11-05 06:55:29,,,,,,,,,,19.6612492,4.890625,979.0,1049.75,15.9624996,,,10.55,0.0,15.54,,,,,,0.0,,
2025-11-05 06:55:30+00:00,2025-11-05 06:55:30,24.6612492,26.0,26.0,26.0,26.0,15.95681384282359,100.0,BO_ONLY,"BO 모델 결과만 사용 (1단계 롤백, 2~4단계에서 Hz 변화 없음)",19.6612492,4.9281249,980.0,1049.99377,15.7250004,,,10.55,0.0,15.54,,,,,,0.0,,
2025-11-05 06:55:32+00:00,2025-11-05 06:55:32,,,,,,,,,,19.6612492,4.9281249,980.0,1049.99377,15.7250004,,,10.55,0.0,15.37,,,,,,0.0,,
2025-11-05 06:55:33+00:00,2025-11-05 06:55:33,,,,,,,,,,19.6612492,5.0531249,980.0,1049.99377,16.0,,,10.55,0.0,15.37,,,,,,0.0,,
2025-11-05 06:55:34+00:00,2025-11-05 06:55:34,,,,,,,,,,19.6612492,5.07499981,980.0,1050.5625,16.0125008,,,10.55,0.0,15.37,,,,,,0.0,,
2025-11-05 06:55:35+00:00,2025-11-05 06:55:35,24.6612492,26.0,26.0,26.0,26.0,16.36887202451691,100.0,BO_ONLY,"BO 모델 결과만 사용 (1단계 롤백, 2~4단계에서 Hz 변화 없음)",19.6612492,5.07499981,980.0,1050.5625,16.0125008,,,10.55,0.0,15.37,,,,,,0.0,,
2025-11-05 06:55:36+00:00,2025-11-05 06:55:36,,,,,,,,,,19.6612492,5.12812519,980.0,1049.91248,15.75,,,10.55,0.0,15.37,,,,,,0.0,,
2025-11-05 06:55:37+00:00,2025-11-05 06:55:37,,,,,,,,,,19.6612492,5.16718769,979.0,1050.31873,15.8249998,,,10.55,0.0,15.37,,,,,,0.0,,
2025-11-05 06:55:38+00:00,2025-11-05 06:55:38,,,,,,,,,,19.6612492,5.16718769,979.0,1050.31873,15.8249998,,,10.55,0.0,15.37,,,,,,0.0,,
2025-11-05 06:55:39+00:00,2025-11-05 06:55:39,,,,,,,,,,19.6612492,5.13593769,980.0,1050.23755,15.75,,,10.55,0.0,15.37,,,,,,0.0,,
2025-11-05 06:55:40+00:00,2025-11-05 06:55:40,24.6612492,26.0,26.0,26.0,26.0,16.40908444288413,100.0,BO_ONLY,"BO 모델 결과만 사용 (1단계 롤백, 2~4단계에서 Hz 변화 없음)",19.6612492,5.13593769,980.0,1050.23755,15.75,,,10.55,0.0,15.37,,,,,,0.0,,
2025-11-05 06:55:41+00:00,2025-11-05 06:55:41,,,,,,,,,,19.6612492,5.2593751,980.0,1048.2063,17.0625,,,10.55,0.0,15.37,,,,,,0.0,,
2025-11-05 06:55:42+00:00,2025-11-05 06:55:42,,,,,,,,,,19.6612492,5.2593751,981.0,1048.2063,17.0625,,,10.55,0.0,15.38,,,,,,0.0,,
2025-11-05 06:55:43+00:00,2025-11-05 06:55:43,,,,,,,,,,19.6612492,5.32343769,980.0,1049.18127,17.0625,,,10.55,0.0,15.38,,,,,,0.0,,
2025-11-05 06:55:44+00:00,2025-11-05 06:55:44,,,,,,,,,,19.6612492,5.32343769,980.0,1049.18127,17.0625,,,10.55,0.0,15.38,,,,,,0.0,,
2025-11-05 06:55:45+00:00,2025-11-05 06:55:45,24.6612492,26.0,26.0,26.0,26.0,16.634557875059873,100.0,BO_ONLY,"BO 모델 결과만 사용 (1단계 롤백, 2~4단계에서 Hz 변화 없음)",19.6612492,5.3843751,979.0,1048.44995,17.2124996,,,10.55,0.0,15.38,,,,,,0.0,,
2025-11-05 06:55:46+00:00,2025-11-05 06:55:46,,,,,,,,,,19.6612492,5.3843751,979.0,1048.44995,17.2124996,,,10.55,0.0,15.38,,,,,,0.0,,
2025-11-05 06:55:47+00:00,2025-11-05 06:55:47,,,,,,,,,,19.6612492,5.3843751,979.0,1048.44995,17.2124996,,,10.55,0.0,15.38,,,,,,0.0,,
2025-11-05 06:55:48+00:00,2025-11-05 06:55:48,,,,,,,,,,19.6612492,5.37187481,980.0,1047.3938,17.2374992,,,10.55,0.0,15.38,,,,,,0.0,,
2025-11-05 06:55:49+00:00,2025-11-05 06:55:49,,,,,,,,,,19.6612492,5.37187481,980.0,1047.3938,17.2374992,,,10.55,0.0,15.38,,,,,,0.0,,
2025-11-05 06:55:50+00:00,2025-11-05 06:55:50,24.6612492,26.0,26.0,26.0,26.0,17.580756675323837,100.0,BO_ONLY,"BO 모델 결과만 사용 (1단계 롤백, 2~4단계에서 Hz 변화 없음)",19.6612492,5.53125,980.0,1047.47498,17.4125004,,,10.55,0.0,15.38,,,,,,0.0,,
2025-11-05 06:55:51+00:00,2025-11-05 06:55:51,,,,,,,,,,19.6612492,5.53125,980.0,1047.47498,17.4125004,,,10.55,0.0,16.64,,,,,,0.0,,
2025-11-05 06:55:52+00:00,2025-11-05 06:55:52,,,,,,,,,,19.6612492,5.50312519,980.0,1047.63745,17.2999992,,,10.55,0.0,16.64,,,,,,0.0,,
2025-11-05 06:55:53+00:00,2025-11-05 06:55:53,,,,,,,,,,19.6612492,5.6171875,979.0,1046.66248,17.5625,,,10.55,0.0,16.64,,,,,,0.0,,
2025-11-05 06:55:54+00:00,2025-11-05 06:55:54,,,,,,,,,,19.6612492,5.6171875,979.0,1046.66248,17.5625,,,10.55,0.0,16.64,,,,,,0.0,,
2025-11-05 06:55:55+00:00,2025-11-05 06:55:55,24.6612492,26.0,26.0,26.0,26.0,18.176375316476285,100.0,BO_ONLY,"BO 모델 결과만 사용 (1단계 롤백, 2~4단계에서 Hz 변화 없음)",19.6612492,5.62187481,980.0,1046.25623,17.4750004,,,10.55,0.0,16.64,,,,,,0.0,,
2025-11-05 06:55:56+00:00,2025-11-05 06:55:56,,,,,,,,,,19.6612492,5.62187481,980.0,1046.25623,17.4750004,,,10.55,0.0,16.64,,,,,,0.0,,
2025-11-05 06:55:57+00:00,2025-11-05 06:55:57,,,,,,,,,,19.6612492,5.7328124,980.0,1046.74377,17.6625004,,,10.55,0.0,16.64,,,,,,0.0,,
2025-11-05 06:55:58+00:00,2025-11-05 06:55:58,,,,,,,,,,19.6612492,5.7328124,980.0,1046.74377,17.6625004,,,10.55,0.0,16.64,,,,,,0.0,,
2025-11-05 06:55:59+00:00,2025-11-05 06:55:59,,,,,,,,,,19.6612492,5.7984376,980.0,1047.63745,17.8125,,,10.55,0.0,16.64,,,,,,0.0,,
2025-11-05 06:56:00+00:00,2025-11-05 06:56:00,24.6612492,26.0,26.0,26.0,26.0,17.853625178294934,100.0,BO_ONLY,"BO 모델 결과만 사용 (1단계 롤백, 2~4단계에서 Hz 변화 없음)",19.6612492,5.7984376,980.0,1047.63745,17.8125,,3.0,10.55,0.0,16.64,,,,,,0.0,,
2025-11-05 06:56:01+00:00,2025-11-05 06:56:01,,,,,,,,,,19.6612492,5.7671876,980.0,1046.09375,17.3624992,,,10.55,0.0,16.64,,,,,,0.0,,
2025-11-05 06:56:02+00:00,2025-11-05 06:56:02,,,,,,,,,,19.6612492,5.7671876,980.0,1046.09375,17.3624992,,,10.55,0.0,17.0,,,,,,0.0,,
2025-11-05 06:56:03+00:00,2025-11-05 06:56:03,,,,,,,,,,19.6612492,5.8921876,980.0,1046.09375,18.9125004,,,10.55,0.0,17.0,,,,,,0.0,,
2025-11-05 06:56:04+00:00,2025-11-05 06:56:04,,,,,,,,,,19.6612492,5.8921876,980.0,1045.93127,18.9125004,,,10.55,0.0,17.0,,,,,,0.0,,
2025-11-05 06:56:05+00:00,2025-11-05 06:56:05,24.6612492,26.0,26.0,26.0,26.0,17.23369969896561,100.0,BO_ONLY,"BO 모델 결과만 사용 (1단계 롤백, 2~4단계에서 Hz 변화 없음)",19.6612492,5.890625,979.0,1045.93127,18.7625008,,,10.55,0.0,17.0,,,,,,0.0,,
2025-11-05 06:56:06+00:00,2025-11-05 06:56:06,,,,,,,,,,19.6612492,5.9234376,979.0,1043.1687,18.8125,,,10.55,0.0,17.0,,,,,,0.0,,
2025-11-05 06:56:07+00:00,2025-11-05 06:56:07,,,,,,,,,,19.6612492,5.9234376,979.0,1043.1687,18.8125,,,10.55,0.0,17.0,,,,,,0.0,,
2025-11-05 06:56:08+00:00,2025-11-05 06:56:08,,,,,,,,,,19.6612492,5.92500019,980.0,1044.1438,18.625,,,10.55,0.0,17.0,,,,,,0.0,,
2025-11-05 06:56:09+00:00,2025-11-05 06:56:09,,,,,,,,,,19.6612492,6.02812481,979.0,1041.46252,18.8374996,,,10.55,0.0,17.0,,,,,,0.0,,
2025-11-05 06:56:10+00:00,2025-11-05 06:56:10,24.6612492,25.0,25.0,25.0,25.0,18.66787129500944,100.0,BO_ONLY,"BO 모델 결과만 사용 (1단계 롤백, 2~4단계에서 Hz 변화 없음)",19.6612492,6.02812481,979.0,1041.46252,18.8374996,,,10.55,0.0,17.0,,,,,,0.0,,
2025-11-05 06:56:11+00:00,2025-11-05 06:56:11,,,,,,,,,,19.6612492,6.015625,979.0,1041.5437,18.8875008,,,10.55,0.0,18.35,,,,,,0.0,,
2025-11-05 06:56:12+00:00,2025-11-05 06:56:12,,,,,,,,,,19.6612492,6.0374999,980.0,1040.24377,19.0625,,,10.55,0.0,18.35,,,,,,0.0,,
2025-11-05 06:56:13+00:00,2025-11-05 06:56:13,,,,,,,,,,19.6612492,6.0374999,980.0,1040.24377,19.0625,,,10.55,0.0,18.35,,,,,,0.0,,
2025-11-05 06:56:14+00:00,2025-11-05 06:56:14,,,,,,,,,,19.6612492,6.11250019,980.0,1040.48755,18.8999996,,,10.55,0.0,18.35,,,,,,0.0,,
2025-11-05 06:56:15+00:00,2025-11-05 06:56:15,24.6612492,25.0,25.0,25.0,25.0,18.173130965640983,100.0,BO_ONLY,"BO 모델 결과만 사용 (1단계 롤백, 2~4단계에서 Hz 변화 없음)",19.6612492,6.11250019,979.0,1040.48755,18.8999996,,,10.55,0.0,18.35,,,,,,0.0,,
2025-11-05 06:56:16+00:00,2025-11-05 06:56:16,,,,,,,,,,19.6612492,6.17656231,979.0,1040.40625,19.2875004,,,10.55,0.0,18.35,,,,,,0.0,,
2025-11-05 06:56:17+00:00,2025-11-05 06:56:17,,,,,,,,,,19.6612492,6.17656231,980.0,1040.40625,19.2875004,,,10.55,0.0,18.35,,,,,,0.0,,
2025-11-05 06:56:18+00:00,2025-11-05 06:56:18,,,,,,,,,,19.6612492,6.21562481,980.0,1040.48755,19.5,,,10.55,0.0,18.35,,,,,,0.0,,
2025-11-05 06:56:19+00:00,2025-11-05 06:56:19,,,,,,,,,,19.6612492,6.2125001,980.0,1040.16248,19.5625,,,10.55,0.0,18.35,,,,,,0.0,,
2025-11-05 06:56:20+00:00,2025-11-05 06:56:20,24.0,24.0,24.0,24.0,24.0,18.911384467004872,100.0,BO_ONLY,"BO 모델 결과만 사용 (1단계 롤백, 2~4단계에서 Hz 변화 없음)",19.6612492,6.3531251,980.0,1040.7312,19.2250004,,,10.55,0.0,18.35,,,,,,0.0,,
2025-11-05 06:56:21+00:00,2025-11-05 06:56:21,,,,,,,,,,19.6612492,6.3531251,981.0,1040.7312,19.2250004,,,10.55,0.0,18.82,,,,,,0.0,,
2025-11-05 06:56:22+00:00,2025-11-05 06:56:22,,,,,,,,,,19.6612492,6.3609376,981.0,1039.2688,18.6375008,,,10.55,0.0,18.82,,,,,,0.0,,
2025-11-05 06:56:23+00:00,2025-11-05 06:56:23,,,,,,,,,,19.6612492,6.3609376,980.0,1039.2688,18.6375008,,,10.55,0.0,18.82,,,,,,0.0,,
2025-11-05 06:56:24+00:00,2025-11-05 06:56:24,,,,,,,,,,19.6612492,6.4984374,978.0,1037.5625,18.4125004,,,10.55,0.0,18.82,,,,,,0.0,,
2025-11-05 06:56:25+00:00,2025-11-05 06:56:25,23.0,23.0,23.0,23.0,23.0,17.90523780635478,100.0,BO_ONLY,"BO 모델 결과만 사용 (1단계 롤백, 2~4단계에서 Hz 변화 없음)",19.6612492,6.4984374,978.0,1037.5625,18.4125004,,,10.55,0.0,18.82,,,,,,0.0,,
2025-11-05 06:56:26+00:00,2025-11-05 06:56:26,,,,,,,,,,19.6612492,6.6234374,978.0,1037.5625,18.8250008,,,10.55,0.0,18.82,,,,,,0.0,,
2025-11-05 06:56:27+00:00,2025-11-05 06:56:27,,,,,,,,,,19.6612492,6.6234374,978.0,1037.5625,18.8250008,,,10.55,0.0,18.82,,,,,,0.0,,
2025-11-05 06:56:28+00:00,2025-11-05 06:56:28,,,,,,,,,,19.6612492,6.7125001,978.0,1037.88745,18.8250008,,,10.55,0.0,18.82,,,,,,0.0,,
2025-11-05 06:56:29+00:00,2025-11-05 06:56:29,,,,,,,,,,19.6612492,6.7125001,978.0,1037.88745,18.75,,,10.55,0.0,18.82,,,,,,0.0,,
2025-11-05 06:56:30+00:00,2025-11-05 06:56:30,22.0,22.0,22.0,22.0,22.0,18.241750011746973,100.0,BO_ONLY,"BO 모델 결과만 사용 (1단계 롤백, 2~4단계에서 Hz 변화 없음)",19.6612492,6.81718731,979.0,1036.34375,18.75,,,10.55,0.0,18.82,,,,,,0.0,,
2025-11-05 06:56:31+00:00,2025-11-05 06:56:31,,,,,,,,,,19.6612492,6.8687501,978.0,1035.9375,18.7000008,,,10.55,0.0,18.03,,,,,,0.0,,
2025-11-05 06:56:32+00:00,2025-11-05 06:56:32,,,,,,,,,,19.6612492,6.9375,978.0,1033.66248,18.8250008,,,10.55,0.0,18.03,,,,,,0.0,,
2025-11-05 06:56:33+00:00,2025-11-05 06:56:33,,,,,,,,,,19.6612492,7.0062499,978.0,1034.06873,18.8125,,,10.55,0.0,18.03,,,,,,0.0,,
2025-11-05 06:56:34+00:00,2025-11-05 06:56:34,,,,,,,,,,19.6612492,7.0062499,978.0,1034.06873,18.8125,,,10.55,0.0,18.03,,,,,,0.0,,
2025-11-05 06:56:35+00:00,2025-11-05 06:56:35,22.0,22.0,22.0,22.0,22.0,18.166716216593905,100.0,BO_ONLY,"BO 모델 결과만 사용 (1단계 롤백, 2~4단계에서 Hz 변화 없음)",19.6612492,7.0406251,978.0,1034.63745,19.1749992,,,10.55,0.0,18.03,,,,,,0.0,,
2025-11-05 06:56:36+00:00,2025-11-05 06:56:36,,,,,,,,,,19.6612492,7.0406251,978.0,1034.63745,19.1749992,,,10.55,0.0,18.03,,,,,,0.0,,
2025-11-05 06:56:37+00:00,2025-11-05 06:56:37,,,,,,,,,,19.6612492,7.1656251,978.0,1033.25623,19.0874996,,,10.55,0.0,18.03,,,,,,0.0,,
2025-11-05 06:56:38+00:00,2025-11-05 06:56:38,,,,,,,,,,19.6612492,7.2359376,979.0,1033.82495,18.7875004,,,10.55,0.0,18.03,,,,,,0.0,,
2025-11-05 06:56:39+00:00,2025-11-05 06:56:39,,,,,,,,,,19.6612492,7.21875,977.0,1032.93127,19.2000008,,,10.55,0.0,18.03,,,,,,0.0,,
2025-11-05 06:56:40+00:00,2025-11-05 06:56:40,21.0,21.0,21.0,21.0,21.0,18.876807051772634,100.0,BO_ONLY,"BO 모델 결과만 사용 (1단계 롤백, 2~4단계에서 Hz 변화 없음)",19.6612492,7.21875,977.0,1032.93127,19.2000008,,,10.55,0.0,18.03,,,,,,0.0,,
2025-11-05 06:56:41+00:00,2025-11-05 06:56:41,,,,,,,,,,19.6612492,7.3343749,979.0,1032.52502,17.6875,,,10.55,0.0,18.5,,,,,,0.0,,
2025-11-05 06:56:42+00:00,2025-11-05 06:56:42,,,,,,,,,,19.6612492,7.3671875,979.0,1030.81873,17.7999992,,,10.55,0.0,18.5,,,,,,0.0,,
2025-11-05 06:56:43+00:00,2025-11-05 06:56:43,,,,,,,,,,19.6612492,7.3671875,979.0,1030.81873,17.7999992,,,10.55,0.0,18.5,,,,,,0.0,,
2025-11-05 06:56:44+00:00,2025-11-05 06:56:44,,,,,,,,,,19.6612492,7.421875,978.0,1029.59998,17.6499996,,,10.55,0.0,18.5,,,,,,0.0,,
2025-11-05 06:56:45+00:00,2025-11-05 06:56:45,21.0,21.0,21.0,21.0,21.0,16.326745792713833,100.0,BO_ONLY,"BO 모델 결과만 사용 (1단계 롤백, 2~4단계에서 Hz 변화 없음)",19.6612492,7.421875,978.0,1029.59998,17.6499996,,,10.55,0.0,18.5,,,,,,0.0,,
2025-11-05 06:56:46+00:00,2025-11-05 06:56:46,,,,,,,,,,19.6612492,7.45625019,978.0,1029.03125,17.7374992,,,10.55,0.0,18.5,,,,,,0.0,,
2025-11-05 06:56:47+00:00,2025-11-05 06:56:47,,,,,,,,,,19.6612492,7.38749981,977.0,1027.32495,17.7374992,,,10.55,0.0,18.5,,,,,,0.0,,
2025-11-05 06:56:48+00:00,2025-11-05 06:56:48,,,,,,,,,,19.6612492,7.38749981,977.0,1027.32495,18.125,,,10.55,0.0,18.5,,,,,,0.0,,
2025-11-05 06:56:49+00:00,2025-11-05 06:56:49,,,,,,,,,,19.6612492,7.48906231,977.0,1028.21875,18.125,,,10.55,0.0,18.5,,,,,,0.0,,
2025-11-05 06:56:50+00:00,2025-11-05 06:56:50,24.0,24.0,24.0,24.0,24.0,16.38662545897123,100.0,BO_ONLY,"BO 모델 결과만 사용 (1단계 롤백, 2~4단계에서 Hz 변화 없음)",19.6612492,7.48906231,977.0,1028.21875,17.8125,,,10.55,0.0,17.27,,,,,,0.0,,
2025-11-05 06:56:51+00:00,2025-11-05 06:56:51,,,,,,,,,,19.6612492,7.4828124,977.0,1028.13745,17.8125,,,10.55,0.0,17.27,,,,,,0.0,,
2025-11-05 06:56:52+00:00,2025-11-05 06:56:52,,,,,,,,,,19.6612492,7.46562481,976.0,1028.05627,18.0499992,,,10.55,0.0,17.27,,,,,,0.0,,
2025-11-05 06:56:53+00:00,2025-11-05 06:56:53,,,,,,,,,,19.6612492,7.46562481,976.0,1028.05627,18.0499992,,,10.55,0.0,17.27,,,,,,0.0,,
2025-11-05 06:56:54+00:00,2025-11-05 06:56:54,,,,,,,,,,19.6612492,7.44218731,976.0,1027.0813,17.8999996,,,10.55,0.0,17.27,,,,,,0.0,,
2025-11-05 06:56:55+00:00,2025-11-05 06:56:55,24.0,24.0,24.0,24.0,24.0,16.847770055114484,100.0,BO_ONLY,"BO 모델 결과만 사용 (1단계 롤백, 2~4단계에서 Hz 변화 없음)",19.6612492,7.43281269,977.0,1025.78125,17.9874992,,,10.55,0.0,17.27,,,,,,0.0,,
2025-11-05 06:56:56+00:00,2025-11-05 06:56:56,,,,,,,,,,19.6612492,7.43281269,977.0,1025.78125,17.9874992,,,10.55,0.0,17.27,,,,,,0.0,,
2025-11-05 06:56:57+00:00,2025-11-05 06:56:57,,,,,,,,,,19.6612492,7.4906249,977.0,1024.88745,18.2875004,,,10.55,0.0,17.27,,,,,,0.0,,
2025-11-05 06:56:58+00:00,2025-11-05 06:56:58,,,,,,,,,,19.6612492,7.4906249,977.0,1024.88745,18.2875004,,,10.55,0.0,17.27,,,,,,0.0,,
2025-11-05 06:56:59+00:00,2025-11-05 06:56:59,,,,,,,,,,19.6612492,7.4515624,976.0,1024.72498,18.375,,,10.55,0.0,17.27,,,,,,0.0,,
2025-11-05 06:57:00+00:00,2025-11-05 06:57:00,24.0,24.0,24.0,24.0,24.0,17.13509766286363,100.0,BO_ONLY,"BO 모델 결과만 사용 (1단계 롤백, 2~4단계에서 Hz 변화 없음)",19.6612492,7.4515624,976.0,1024.72498,18.375,,3.0,10.55,0.0,17.68,,,,,,0.0,,
2025-11-05 06:57:01+00:00,2025-11-05 06:57:01,,,,,,,,,,19.6612492,7.5765624,977.0,1024.88745,18.6749992,,,10.55,0.0,17.68,,,,,,0.0,,
2025-11-05 06:57:02+00:00,2025-11-05 06:57:02,,,,,,,,,,19.6612492,7.59687519,977.0,1022.04376,18.6749992,,,10.55,0.0,17.68,,,,,,0.0,,
2025-11-05 06:57:03+00:00,2025-11-05 06:57:03,,,,,,,,,,19.6612492,7.59687519,977.0,1022.04376,18.6749992,,,10.55,0.0,17.68,,,,,,0.0,,
2025-11-05 06:57:04+00:00,2025-11-05 06:57:04,,,,,,,,,,19.6612492,7.62187481,977.0,1020.82501,18.6749992,,,10.55,0.0,17.68,,,,,,0.0,,
2025-11-05 06:57:05+00:00,2025-11-05 06:57:05,23.0,23.0,23.0,23.0,23.0,17.476162283337732,100.0,BO_ONLY,"BO 모델 결과만 사용 (1단계 롤백, 2~4단계에서 Hz 변화 없음)",19.6612492,7.60624981,977.0,1020.5,13.6875,,,10.55,0.0,17.68,,,,,,0.0,,
2025-11-05 06:57:06+00:00,2025-11-05 06:57:06,,,,,,,,,,19.6612492,7.60624981,974.0,1020.5,13.6875,,,10.55,0.0,17.68,,,,,,0.0,,
2025-11-05 06:57:07+00:00,2025-11-05 06:57:07,,,,,,,,,,19.6612492,7.7046876,974.0,1021.23126,13.25,,,10.55,0.0,17.68,,,,,,0.0,,
2025-11-05 06:57:08+00:00,2025-11-05 06:57:08,,,,,,,,,,19.6612492,7.7046876,975.0,1021.23126,13.25,,,10.55,0.0,17.68,,,,,,0.0,,
2025-11-05 06:57:09+00:00,2025-11-05 06:57:09,,,,,,,,,,19.6612492,7.81562519,975.0,1021.06873,13.4624996,,,10.55,0.0,17.68,,,,,,0.0,,
2025-11-05 06:57:10+00:00,2025-11-05 06:57:10,23.0,23.0,23.0,23.0,23.0,12.877004716153932,100.0,BO_ONLY,"BO 모델 결과만 사용 (1단계 롤백, 2~4단계에서 Hz 변화 없음)",19.6612492,7.82499981,974.0,1020.41876,13.9250002,,,10.55,0.0,17.68,,,,,,0.0,,
2025-11-05 06:57:11+00:00,2025-11-05 06:57:11,,,,,,,,,,19.6612492,7.82499981,974.0,1020.41876,13.9250002,,,10.55,0.0,12.99,,,,,,0.0,,
2025-11-05 06:57:12+00:00,2025-11-05 06:57:12,,,,,,,,,,19.6612492,7.9828124,974.0,1019.52502,13.7375002,,,10.55,0.0,12.99,,,,,,0.0,,
2025-11-05 06:57:13+00:00,2025-11-05 06:57:13,,,,,,,,,,19.6612492,7.9828124,974.0,1019.52502,13.7375002,,,10.55,0.0,12.99,,,,,,0.0,,
2025-11-05 06:57:14+00:00,2025-11-05 06:57:14,,,,,,,,,,,,,,,,,,,,,,,,,,,
2025-11-05 06:57:15+00:00,2025-11-05 06:57:15,22.0,22.0,22.0,22.0,22.0,13.225342113457279,100.0,BO_ONLY,"BO 모델 결과만 사용 (1단계 롤백, 2~4단계에서 Hz 변화 없음)",19.6612492,8.12187481,974.0,1018.30627,13.6999998,,,10.55,0.0,12.99,,,,,,0.0,,
2025-11-05 06:57:16+00:00,2025-11-05 06:57:16,,,,,,,,,,19.6612492,8.12187481,974.0,1018.30627,13.6999998,,,10.55,0.0,12.99,,,,,,0.0,,
2025-11-05 06:57:17+00:00,2025-11-05 06:57:17,,,,,,,,,,19.6612492,8.22812462,975.0,1016.76251,13.875,,,10.55,0.0,12.99,,,,,,0.0,,
2025-11-05 06:57:18+00:00,2025-11-05 06:57:18,,,,,,,,,,19.6612492,8.22812462,975.0,1016.76251,13.875,,,10.55,0.0,12.99,,,,,,0.0,,
2025-11-05 06:57:19+00:00,2025-11-05 06:57:19,,,,,,,,,,19.6612492,8.33906269,974.0,1015.13751,13.6875,,,10.55,0.0,12.99,,,,,,0.0,,
2025-11-05 06:57:20+00:00,2025-11-05 06:57:20,21.0,21.0,21.0,21.0,21.0,13.249101750005236,100.0,BO_ONLY,"BO 모델 결과만 사용 (1단계 롤백, 2~4단계에서 Hz 변화 없음)",19.6612492,8.33906269,974.0,1015.13751,13.6875,,,10.55,0.0,12.99,,,,,,0.0,,
2025-11-05 06:57:21+00:00,2025-11-05 06:57:21,,,,,,,,,,19.6612492,8.47031212,974.0,1014.0,13.6875,,,10.55,0.0,13.25,,,,,,0.0,,
2025-11-05 06:57:22+00:00,2025-11-05 06:57:22,,,,,,,,,,19.6612492,8.453125,975.0,1014.16248,13.8625002,,,10.55,0.0,13.25,,,,,,0.0,,
2025-11-05 06:57:23+00:00,2025-11-05 06:57:23,,,,,,,,,,19.6612492,8.453125,975.0,1014.16248,13.8625002,,,10.55,0.0,13.25,,,,,,0.0,,
2025-11-05 06:57:24+00:00,2025-11-05 06:57:24,,,,,,,,,,19.6612492,8.63749981,974.0,1014.08124,13.8249998,,,10.55,0.0,13.25,,,,,,0.0,,
2025-11-05 06:57:25+00:00,2025-11-05 06:57:25,21.0,21.0,21.0,21.0,21.0,13.322405662344838,100.0,BO_ONLY,"BO 모델 결과만 사용 (1단계 롤백, 2~4단계에서 Hz 변화 없음)",19.6612492,8.62656212,974.0,1014.97498,13.7250004,,,10.55,0.0,13.25,,,,,,0.0,,
2025-11-05 06:57:26+00:00,2025-11-05 06:57:26,,,,,,,,,,19.6612492,8.62656212,974.0,1014.97498,13.7250004,,,10.55,0.0,13.25,,,,,,0.0,,
2025-11-05 06:57:27+00:00,2025-11-05 06:57:27,,,,,,,,,,19.6612492,8.8125,975.0,1013.59375,11.2250004,,,10.55,0.0,13.25,,,,,,0.0,,
2025-11-05 06:57:28+00:00,2025-11-05 06:57:28,,,,,,,,,,19.6612492,8.86093712,975.0,1011.88751,11.3000002,,,10.55,0.0,13.25,,,,,,0.0,,
2025-11-05 06:57:29+00:00,2025-11-05 06:57:29,,,,,,,,,,19.6612492,8.90625,975.0,1011.48126,11.3625002,,,10.55,0.0,13.25,,,,,,0.0,,
2025-11-05 06:57:30+00:00,2025-11-05 06:57:30,20.0,20.0,20.0,20.0,20.0,12.784138049980518,100.0,BO_ONLY,"BO 모델 결과만 사용 (1단계 롤백, 2~4단계에서 Hz 변화 없음)",19.6612492,8.90625,975.0,1011.48126,11.3625002,,,10.55,0.0,13.25,,,,,,0.0,,
2025-11-05 06:57:31+00:00,2025-11-05 06:57:31,,,,,,,,,,19.6612492,8.92656231,975.0,1010.83124,11.4750004,,,10.55,0.0,10.78,,,,,,0.0,,
2025-11-05 06:57:32+00:00,2025-11-05 06:57:32,,,,,,,,,,19.6612492,8.92656231,975.0,1010.83124,11.4750004,,,10.55,0.0,10.78,,,,,,0.0,,
2025-11-05 06:57:33+00:00,2025-11-05 06:57:33,,,,,,,,,,19.6612492,9.04374981,975.0,1009.28748,11.6125002,,,10.55,0.0,10.78,,,,,,0.0,,
2025-11-05 06:57:34+00:00,2025-11-05 06:57:34,,,,,,,,,,19.6612492,9.04374981,975.0,1009.28748,11.6125002,,,10.55,0.0,10.78,,,,,,0.0,,
2025-11-05 06:57:35+00:00,2025-11-05 06:57:35,20.0,20.0,20.0,20.0,20.0,12.484542119259327,100.0,BO_ONLY,"BO 모델 결과만 사용 (1단계 롤백, 2~4단계에서 Hz 변화 없음)",19.6612492,9.08281231,975.0,1008.55627,11.6125002,,,10.55,0.0,10.78,,,,,,0.0,,
2025-11-05 06:57:36+00:00,2025-11-05 06:57:36,,,,,,,,,,19.6612492,9.08281231,975.0,1008.55627,11.9125004,,,10.55,0.0,10.78,,,,,,0.0,,
2025-11-05 06:57:37+00:00,2025-11-05 06:57:37,,,,,,,,,,19.6612492,9.08281231,975.0,1008.06873,12.1999998,,,10.55,0.0,10.78,,,,,,0.0,,
2025-11-05 06:57:38+00:00,2025-11-05 06:57:38,,,,,,,,,,19.6612492,9.1796875,975.0,1008.06873,12.1999998,,,10.55,0.0,10.78,,,,,,0.0,,
2025-11-05 06:57:39+00:00,2025-11-05 06:57:39,,,,,,,,,,19.6612492,9.1796875,974.0,1008.06873,12.1999998,,,10.55,0.0,10.78,,,,,,0.0,,
2025-11-05 06:57:40+00:00,2025-11-05 06:57:40,21.0,21.0,21.0,21.0,21.0,12.981715270073636,100.0,BO_ONLY,"BO 모델 결과만 사용 (1단계 롤백, 2~4단계에서 Hz 변화 없음)",19.6612492,9.32343769,975.0,1007.82501,11.875,,,10.55,0.0,10.78,,,,,,0.0,,
2025-11-05 06:57:41+00:00,2025-11-05 06:57:41,,,,,,,,,,19.6612492,9.35000038,974.0,1008.47498,11.9125004,,,10.55,0.0,10.78,,,,,,0.0,,
2025-11-05 06:57:42+00:00,2025-11-05 06:57:42,,,,,,,,,,19.6612492,9.35000038,974.0,1008.47498,11.9125004,,,10.55,0.0,11.16,,,,,,0.0,,
2025-11-05 06:57:43+00:00,2025-11-05 06:57:43,,,,,,,,,,19.6612492,9.38593769,974.0,1007.33752,11.7124996,,,10.55,0.0,11.16,,,,,,0.0,,
2025-11-05 06:57:44+00:00,2025-11-05 06:57:44,,,,,,,,,,19.6612492,9.38593769,974.0,1007.33752,11.7124996,,,10.55,0.0,11.16,,,,,,0.0,,
2025-11-05 06:57:45+00:00,2025-11-05 06:57:45,21.0,21.0,21.0,21.0,21.0,12.7107036678728,100.0,BO_ONLY,"BO 모델 결과만 사용 (1단계 롤백, 2~4단계에서 Hz 변화 없음)",19.6612492,9.37656212,974.0,1004.33124,12.0249996,,,10.55,0.0,11.16,,,,,,0.0,,
2025-11-05 06:57:46+00:00,2025-11-05 06:57:46,,,,,,,,,,19.6612492,9.37656212,974.0,1004.33124,12.0249996,,,10.55,0.0,11.16,,,,,,0.0,,
2025-11-05 06:57:47+00:00,2025-11-05 06:57:47,,,,,,,,,,19.6612492,9.39999962,974.0,1004.16876,10.6125002,,,10.55,0.0,11.16,,,,,,0.0,,
2025-11-05 06:57:48+00:00,2025-11-05 06:57:48,,,,,,,,,,19.6612492,9.3984375,974.0,1002.625,10.5375004,,,10.55,0.0,11.16,,,,,,0.0,,
2025-11-05 06:57:49+00:00,2025-11-05 06:57:49,,,,,,,,,,19.6612492,9.3984375,974.0,1002.625,10.5375004,,,10.55,0.0,11.16,,,,,,0.0,,
2025-11-05 06:57:50+00:00,2025-11-05 06:57:50,21.0,21.0,21.0,21.0,21.0,13.01153549433393,100.0,BO_ONLY,"BO 모델 결과만 사용 (1단계 롤백, 2~4단계에서 Hz 변화 없음)",19.6612492,9.4375,974.0,1002.46252,10.8374996,,,10.55,0.0,11.16,,,,,,0.0,,
2025-11-05 06:57:51+00:00,2025-11-05 06:57:51,,,,,,,,,,19.6612492,9.4375,974.0,1002.46252,10.8374996,,,10.55,0.0,9.99,,,,,,0.0,,
2025-11-05 06:57:52+00:00,2025-11-05 06:57:52,,,,,,,,,,19.6612492,9.34687519,974.0,1001.24377,10.7875004,,,10.55,0.0,9.99,,,,,,0.0,,
2025-11-05 06:57:53+00:00,2025-11-05 06:57:53,,,,,,,,,,19.6612492,9.34687519,975.0,1001.24377,10.7875004,,,10.55,0.0,9.99,,,,,,0.0,,
2025-11-05 06:57:54+00:00,2025-11-05 06:57:54,,,,,,,,,,19.6612492,9.23281288,975.0,1001.89374,10.8999996,,,10.55,0.0,9.99,,,,,,0.0,,
2025-11-05 06:57:55+00:00,2025-11-05 06:57:55,18.0,18.0,18.0,18.0,18.0,12.892816995091009,100.0,BO_ONLY,"BO 모델 결과만 사용 (1단계 롤백, 2~4단계에서 Hz 변화 없음)",19.6612492,9.23281288,975.0,1001.89374,10.8999996,,,10.55,0.0,9.99,,,,,,0.0,,
2025-11-05 06:57:56+00:00,2025-11-05 06:57:56,,,,,,,,,,19.6612492,9.1015625,975.0,1001.0,10.8125,,,10.55,0.0,9.99,,,,,,0.0,,
2025-11-05 06:57:57+00:00,2025-11-05 06:57:57,,,,,,,,,,19.6612492,8.9609375,975.0,1001.24377,10.8625002,,,10.55,0.0,9.99,,,,,,0.0,,
2025-11-05 06:57:58+00:00,2025-11-05 06:57:58,,,,,,,,,,19.6612492,8.80781269,974.0,1001.32501,11.2375002,,,10.55,0.0,9.99,,,,,,0.0,,
2025-11-05 06:57:59+00:00,2025-11-05 06:57:59,,,,,,,,,,19.6612492,8.80781269,974.0,1001.32501,11.2375002,,,10.55,0.0,9.99,,,,,,0.0,,
2025-11-05 06:58:00+00:00,2025-11-05 06:58:00,21.0,21.0,21.0,21.0,21.0,12.322420111902535,100.0,BO_ONLY,"BO 모델 결과만 사용 (1단계 롤백, 2~4단계에서 Hz 변화 없음)",19.6612492,8.41874981,975.0,1001.89374,11.1125002,,3.0,10.55,0.0,9.99,,,,,,0.0,,
2025-11-05 06:58:01+00:00,2025-11-05 06:58:01,,,,,,,,,,19.6612492,8.19375038,975.0,1001.89374,11.0249996,,,10.55,0.0,10.46,,,,,,0.0,,
2025-11-05 06:58:02+00:00,2025-11-05 06:58:02,,,,,,,,,,19.6612492,8.19375038,975.0,1001.97498,11.0249996,,,10.55,0.0,10.46,,,,,,0.0,,
2025-11-05 06:58:03+00:00,2025-11-05 06:58:03,,,,,,,,,,19.6612492,7.7093749,975.0,1000.10626,11.4499998,,,10.55,0.0,10.46,,,,,,0.0,,
2025-11-05 06:58:04+00:00,2025-11-05 06:58:04,,,,,,,,,,19.6612492,7.7093749,975.0,1000.10626,11.4499998,,,10.55,0.0,10.46,,,,,,0.0,,
2025-11-05 06:58:05+00:00,2025-11-05 06:58:05,21.0,21.0,21.0,21.0,21.0,12.149171284086806,100.0,BO_ONLY,"BO 모델 결과만 사용 (1단계 롤백, 2~4단계에서 Hz 변화 없음)",19.6612492,6.8828125,977.0,999.700012,11.0749998,,,10.55,0.0,10.46,,,,,,0.0,,
2025-11-05 06:58:06+00:00,2025-11-05 06:58:06,,,,,,,,,,19.6612492,6.8828125,977.0,999.700012,11.0749998,,,10.55,0.0,10.46,,,,,,0.0,,
2025-11-05 06:58:07+00:00,2025-11-05 06:58:07,,,,,,,,,,19.6612492,6.4234376,977.0,999.537476,10.0124998,,,10.55,0.0,10.46,,,,,,0.0,,
2025-11-05 06:58:08+00:00,2025-11-05 06:58:08,,,,,,,,,,19.6612492,6.4234376,977.0,999.537476,10.0124998,,,10.55,0.0,10.46,,,,,,0.0,,
2025-11-05 06:58:09+00:00,2025-11-05 06:58:09,,,,,,,,,,19.6612492,6.046875,977.0,997.587524,9.875,,,10.55,0.0,10.46,,,,,,0.0,,
2025-11-05 06:58:10+00:00,2025-11-05 06:58:10,18.0,24.0,24.0,18.0,18.0,11.245645110438465,304.0,BO_O2_RULE,"제어매트릭스 규칙 적용: NOX_LOW (3단계 롤백, 4단계에서 Hz 변화 없음)",19.6612492,6.046875,977.0,997.587524,9.875,,,10.55,0.0,10.46,,,,,,0.0,,
2025-11-05 06:58:11+00:00,2025-11-05 06:58:11,,,,,,,,,,19.6612492,5.6968751,977.0,998.96875,10.3625002,,,10.55,0.0,9.48,,,,,,0.0,,
2025-11-05 06:58:12+00:00,2025-11-05 06:58:12,,,,,,,,,,19.6612492,5.6968751,977.0,998.15625,10.3625002,,,10.55,0.0,9.48,,,,,,0.0,,
2025-11-05 06:58:13+00:00,2025-11-05 06:58:13,,,,,,,,,,19.6612492,5.4281249,976.0,998.15625,10.0375004,,,10.55,0.0,9.48,,,,,,0.0,,
2025-11-05 06:58:14+00:00,2025-11-05 06:58:14,,,,,,,,,,19.6612492,5.4281249,976.0,997.912476,10.0375004,,,10.55,0.0,9.48,,,,,,0.0,,
2025-11-05 06:58:15+00:00,2025-11-05 06:58:15,18.0,24.0,24.0,18.0,18.0,10.385999212625872,304.0,BO_O2_RULE,"제어매트릭스 규칙 적용: NOX_LOW (3단계 롤백, 4단계에서 Hz 변화 없음)",19.6612492,5.2406249,976.0,997.912476,10.375,,,10.55,0.0,9.48,,,,,,0.0,,
2025-11-05 06:58:16+00:00,2025-11-05 06:58:16,,,,,,,,,,19.6612492,5.2406249,976.0,998.643738,10.375,,,10.55,0.0,9.48,,,,,,0.0,,
2025-11-05 06:58:17+00:00,2025-11-05 06:58:17,,,,,,,,,,19.6612492,5.1015625,978.0,998.643738,10.2250004,,,10.55,0.0,9.48,,,,,,0.0,,
2025-11-05 06:58:18+00:00,2025-11-05 06:58:18,,,,,,,,,,19.6612492,5.1015625,978.0,998.15625,10.2250004,,,10.55,0.0,9.48,,,,,,0.0,,
2025-11-05 06:58:19+00:00,2025-11-05 06:58:19,,,,,,,,,,19.6612492,5.0390625,979.0,998.15625,10.1374998,,,10.55,0.0,9.48,,,,,,0.0,,
2025-11-05 06:58:20+00:00,2025-11-05 06:58:20,18.0,23.0,23.0,18.0,18.0,9.979045238290313,304.0,BO_O2_RULE,"제어매트릭스 규칙 적용: NOX_LOW (3단계 롤백, 4단계에서 Hz 변화 없음)",19.6612492,4.9937501,979.0,997.912476,10.5375004,,,10.55,0.0,9.81,,,,,,0.0,,
2025-11-05 06:58:21+00:00,2025-11-05 06:58:21,,,,,,,,,,19.6612492,4.9937501,978.0,997.912476,10.5375004,,,10.55,0.0,9.81,,,,,,0.0,,
2025-11-05 06:58:22+00:00,2025-11-05 06:58:22,,,,,,,,,,19.6612492,4.89375019,978.0,997.993774,10.7875004,,,10.55,0.0,9.81,,,,,,0.0,,
2025-11-05 06:58:23+00:00,2025-11-05 06:58:23,,,,,,,,,,19.6612492,4.77656269,978.0,998.237488,10.4750004,,,10.55,0.0,9.81,,,,,,0.0,,
2025-11-05 06:58:24+00:00,2025-11-05 06:58:24,,,,,,,,,,19.6612492,4.7171874,980.0,997.587524,10.5749998,,,10.55,0.0,9.81,,,,,,0.0,,
2025-11-05 06:58:25+00:00,2025-11-05 06:58:25,18.0,23.0,23.0,18.0,18.0,9.629264742145052,304.0,BO_O2_RULE,"제어매트릭스 규칙 적용: NOX_LOW (3단계 롤백, 4단계에서 Hz 변화 없음)",19.6612492,4.7171874,980.0,997.587524,10.5749998,,,10.55,0.0,9.81,,,,,,0.0,,
2025-11-05 06:58:26+00:00,2025-11-05 06:58:26,,,,,,,,,,19.6612492,4.59687519,980.0,998.481262,9.5,,,10.55,0.0,9.81,,,,,,0.0,,
2025-11-05 06:58:27+00:00,2025-11-05 06:58:27,,,,,,,,,,19.6612492,4.51875019,980.0,997.75,9.85000038,,,10.55,0.0,9.81,,,,,,0.0,,
2025-11-05 06:58:28+00:00,2025-11-05 06:58:28,,,,,,,,,,19.6612492,4.51875019,980.0,997.75,9.85000038,,,10.55,0.0,9.81,,,,,,0.0,,
2025-11-05 06:58:29+00:00,2025-11-05 06:58:29,,,,,,,,,,19.6612492,4.44843769,980.0,997.912476,10.1374998,,,10.55,0.0,9.81,,,,,,0.0,,
2025-11-05 06:58:30+00:00,2025-11-05 06:58:30,18.0,22.0,22.0,18.0,18.0,9.429513192802187,304.0,BO_O2_RULE,"제어매트릭스 규칙 적용: NOX_LOW (3단계 롤백, 4단계에서 Hz 변화 없음)",19.6612492,4.35468769,980.0,997.993774,10.4250002,,,10.55,0.0,9.29,,,,,,0.0,,
2025-11-05 06:58:31+00:00,2025-11-05 06:58:31,,,,,,,,,,19.6612492,4.35468769,980.0,997.993774,10.4250002,,,10.55,0.0,9.29,,,,,,0.0,,
2025-11-05 06:58:32+00:00,2025-11-05 06:58:32,,,,,,,,,,19.6612492,4.22187519,979.0,999.131226,10.0625,,,10.55,0.0,9.29,,,,,,0.0,,
2025-11-05 06:58:33+00:00,2025-11-05 06:58:33,,,,,,,,,,19.6612492,4.1265626,979.0,998.400024,10.2124996,,,10.55,0.0,9.29,,,,,,0.0,,
2025-11-05 06:58:34+00:00,2025-11-05 06:58:34,,,,,,,,,,19.6612492,4.06562519,980.0,998.075012,9.92500019,,,10.55,0.0,9.29,,,,,,0.0,,
2025-11-05 06:58:35+00:00,2025-11-05 06:58:35,18.0,22.0,22.0,18.0,18.0,9.474718118940947,304.0,BO_O2_RULE,"제어매트릭스 규칙 적용: NOX_LOW (3단계 롤백, 4단계에서 Hz 변화 없음)",19.6612492,4.06562519,980.0,998.075012,9.92500019,,,10.55,0.0,9.29,,,,,,0.0,,
2025-11-05 06:58:36+00:00,2025-11-05 06:58:36,,,,,,,,,,19.6612492,3.95000005,980.0,998.887512,10.375,,,10.55,0.0,9.29,,,,,,0.0,,
2025-11-05 06:58:37+00:00,2025-11-05 06:58:37,,,,,,,,,,19.6612492,3.95000005,980.0,998.887512,10.375,,,10.55,0.0,9.29,,,,,,0.0,,
2025-11-05 06:58:38+00:00,2025-11-05 06:58:38,,,,,,,,,,19.6612492,3.76874995,982.0,999.537476,10.3625002,,,10.55,0.0,9.29,,,,,,0.0,,
2025-11-05 06:58:39+00:00,2025-11-05 06:58:39,,,,,,,,,,19.6612492,3.76874995,982.0,999.537476,10.3625002,,,10.55,0.0,9.29,,,,,,0.0,,
2025-11-05 06:58:40+00:00,2025-11-05 06:58:40,18.0,21.0,21.0,18.0,18.0,9.537663410213995,304.0,BO_O2_RULE,"제어매트릭스 규칙 적용: NOX_LOW (3단계 롤백, 4단계에서 Hz 변화 없음)",19.6612492,3.6859374,981.0,999.375,10.5249996,,,10.55,0.0,9.29,,,,,,0.0,,
2025-11-05 06:58:41+00:00,2025-11-05 06:58:41,,,,,,,,,,19.6612492,3.6968751,981.0,1000.26874,10.6125002,,,10.55,0.0,9.7,,,,,,0.0,,
2025-11-05 06:58:42+00:00,2025-11-05 06:58:42,,,,,,,,,,19.6612492,3.6968751,982.0,1000.26874,10.6125002,,,10.55,0.0,9.7,,,,,,0.0,,
2025-11-05 06:58:43+00:00,2025-11-05 06:58:43,,,,,,,,,,19.6612492,3.60468745,982.0,1000.34998,10.4875002,,,10.55,0.0,9.7,,,,,,0.0,,
2025-11-05 06:58:44+00:00,2025-11-05 06:58:44,,,,,,,,,,19.6612492,3.60468745,981.0,1000.34998,10.4875002,,,10.55,0.0,9.7,,,,,,0.0,,
2025-11-05 06:58:45+00:00,2025-11-05 06:58:45,18.0,20.0,20.0,18.0,18.0,9.351923575589979,304.0,BO_O2_RULE,"제어매트릭스 규칙 적용: NOX_LOW (3단계 롤백, 4단계에서 Hz 변화 없음)",19.6612492,3.54218745,981.0,1001.40625,10.2124996,,,10.55,0.0,9.7,,,,,,0.0,,
2025-11-05 06:58:46+00:00,2025-11-05 06:58:46,,,,,,,,,,19.6612492,3.54218745,981.0,1001.40625,10.2124996,,,10.55,0.0,9.7,,,,,,0.0,,
2025-11-05 06:58:47+00:00,2025-11-05 06:58:47,,,,,,,,,,19.6612492,3.46406245,981.0,1001.8125,10.1625004,,,10.55,0.0,9.7,,,,,,0.0,,
2025-11-05 06:58:48+00:00,2025-11-05 06:58:48,,,,,,,,,,19.6612492,3.390625,982.0,1001.24377,10.125,,,10.55,0.0,9.7,,,,,,0.0,,
2025-11-05 06:58:49+00:00,2025-11-05 06:58:49,,,,,,,,,,19.6612492,3.390625,982.0,1001.24377,10.125,,,10.55,0.0,9.7,,,,,,0.0,,
2025-11-05 06:58:50+00:00,2025-11-05 06:58:50,18.0,20.0,20.0,18.0,18.0,9.93749857480159,304.0,BO_O2_RULE,"제어매트릭스 규칙 적용: NOX_LOW (3단계 롤백, 4단계에서 Hz 변화 없음)",19.6612492,3.3375001,981.0,1001.16248,10.25,,,10.55,0.0,9.55,,,,,,0.0,,
2025-11-05 06:58:51+00:00,2025-11-05 06:58:51,,,,,,,,,,19.6612492,3.3375001,981.0,1001.16248,10.25,,,10.55,0.0,9.55,,,,,,0.0,,
2025-11-05 06:58:53+00:00,2025-11-05 06:58:53,,,,,,,,,,19.6612492,3.1734376,981.0,1000.91876,10.2375002,,,10.55,0.0,9.55,,,,,,0.0,,
2025-11-05 06:58:54+00:00,2025-11-05 06:58:54,,,,,,,,,,19.6612492,3.1734376,981.0,1000.91876,10.2375002,,,10.55,0.0,9.55,,,,,,0.0,,
2025-11-05 06:58:55+00:00,2025-11-05 06:58:55,18.0,20.0,20.0,18.0,18.0,10.044591591221572,304.0,BO_O2_RULE,"제어매트릭스 규칙 적용: NOX_LOW (3단계 롤백, 4단계에서 Hz 변화 없음)",19.6612492,3.15625,981.0,1001.0,10.4750004,,,10.55,0.0,9.55,,,,,,0.0,,
2025-11-05 06:58:56+00:00,2025-11-05 06:58:56,,,,,,,,,,19.6612492,3.15625,981.0,1001.0,10.4750004,,,10.55,0.0,9.55,,,,,,0.0,,
2025-11-05 06:58:57+00:00,2025-11-05 06:58:57,,,,,,,,,,19.6612492,3.1078124,983.0,1001.24377,10.4250002,,,10.55,0.0,9.55,,,,,,0.0,,
2025-11-05 06:58:58+00:00,2025-11-05 06:58:58,,,,,,,,,,19.6612492,3.1078124,983.0,1001.24377,10.4250002,,,10.55,0.0,9.55,,,,,,0.0,,
2025-11-05 06:58:59+00:00,2025-11-05 06:58:59,,,,,,,,,,19.6612492,3.0484376,982.0,1003.35626,10.4250002,,,10.55,0.0,9.55,,,,,,0.0,,
2025-11-05 06:59:00+00:00,2025-11-05 06:59:00,18.0,19.0,19.0,18.0,18.0,10.084686272832428,304.0,BO_O2_RULE,"제어매트릭스 규칙 적용: NOX_LOW (3단계 롤백, 4단계에서 Hz 변화 없음)",19.6612492,3.0484376,982.0,1003.35626,10.4250002,,3.0,10.55,0.0,9.55,,,,,,0.0,,
2025-11-05 06:59:01+00:00,2025-11-05 06:59:01,,,,,,,,,,19.6612492,2.9609375,982.0,1003.68127,10.2749996,,,10.55,0.0,9.85,,,,,,0.0,,
2025-11-05 06:59:02+00:00,2025-11-05 06:59:02,,,,,,,,,,19.6612492,2.90937495,984.0,1004.49377,10.3249998,,,10.55,0.0,9.85,,,,,,0.0,,
2025-11-05 06:59:03+00:00,2025-11-05 06:59:03,,,,,,,,,,19.6612492,2.90937495,984.0,1004.49377,10.3249998,,,10.55,0.0,9.85,,,,,,0.0,,
2025-11-05 06:59:04+00:00,2025-11-05 06:59:04,,,,,,,,,,19.6612492,2.8921876,984.0,1004.41248,10.3625002,,,10.55,0.0,9.85,,,,,,0.0,,
2025-11-05 06:59:05+00:00,2025-11-05 06:59:05,18.0,19.0,19.0,18.0,18.0,10.859639119411753,304.0,BO_O2_RULE,"제어매트릭스 규칙 적용: NOX_LOW (3단계 롤백, 4단계에서 Hz 변화 없음)",19.6612492,2.8921876,984.0,1004.41248,10.3625002,,,10.55,0.0,9.85,,,,,,0.0,,
2025-11-05 06:59:06+00:00,2025-11-05 06:59:06,,,,,,,,,,19.6612492,2.8515625,985.0,1006.28125,9.94999981,,,10.55,0.0,9.85,,,,,,0.0,,
2025-11-05 06:59:07+00:00,2025-11-05 06:59:07,,,,,,,,,,19.6612492,2.8515625,985.0,1006.28125,9.94999981,,,10.55,0.0,9.85,,,,,,0.0,,
2025-11-05 06:59:08+00:00,2025-11-05 06:59:08,,,,,,,,,,19.6612492,2.8359375,984.0,1006.11877,9.77499962,,,10.55,0.0,9.85,,,,,,0.0,,
2025-11-05 06:59:09+00:00,2025-11-05 06:59:09,,,,,,,,,,19.6612492,2.8359375,984.0,1006.11877,9.77499962,,,10.55,0.0,9.85,,,,,,0.0,,
2025-11-05 06:59:10+00:00,2025-11-05 06:59:10,18.0,19.0,19.0,18.0,18.0,10.983221298999293,304.0,BO_O2_RULE,"제어매트릭스 규칙 적용: NOX_LOW (3단계 롤백, 4단계에서 Hz 변화 없음)",19.6612492,2.85625005,984.0,1008.71875,10.1625004,,,10.55,0.0,9.85,,,,,,0.0,,
2025-11-05 06:59:11+00:00,2025-11-05 06:59:11,,,,,,,,,,19.6612492,2.8499999,984.0,1007.98749,9.19999981,,,10.55,0.0,9.85,,,,,,0.0,,
2025-11-05 06:59:12+00:00,2025-11-05 06:59:12,,,,,,,,,,19.6612492,2.8499999,984.0,1007.98749,9.19999981,,,10.55,0.0,9.36,,,,,,0.0,,
2025-11-05 06:59:13+00:00,2025-11-05 06:59:13,,,,,,,,,,19.6612492,2.85468745,984.0,1008.55627,8.91250038,,,10.55,0.0,9.36,,,,,,0.0,,
2025-11-05 06:59:14+00:00,2025-11-05 06:59:14,,,,,,,,,,19.6612492,2.85468745,984.0,1008.55627,8.91250038,,,10.55,0.0,9.36,,,,,,0.0,,
2025-11-05 06:59:15+00:00,2025-11-05 06:59:15,18.0,19.0,19.0,18.0,18.0,10.842196429369412,304.0,BO_O2_RULE,"제어매트릭스 규칙 적용: NOX_LOW (3단계 롤백, 4단계에서 Hz 변화 없음)",19.6612492,2.83281255,984.0,1008.96252,8.92500019,,,10.55,0.0,9.36,,,,,,0.0,,
2025-11-05 06:59:16+00:00,2025-11-05 06:59:16,,,,,,,,,,19.6612492,2.83281255,984.0,1008.96252,8.92500019,,,10.55,0.0,9.36,,,,,,0.0,,
2025-11-05 06:59:17+00:00,2025-11-05 06:59:17,,,,,,,,,,19.6612492,2.83281255,986.0,1007.66248,8.58749962,,,10.55,0.0,9.36,,,,,,0.0,,
2025-11-05 06:59:18+00:00,2025-11-05 06:59:18,,,,,,,,,,19.6612492,2.828125,987.0,1009.36877,8.51249981,,,10.55,0.0,9.36,,,,,,0.0,,
2025-11-05 06:59:19+00:00,2025-11-05 06:59:19,,,,,,,,,,19.6612492,2.828125,987.0,1009.36877,8.51249981,,,10.55,0.0,9.36,,,,,,0.0,,
2025-11-05 06:59:20+00:00,2025-11-05 06:59:20,18.0,19.0,19.0,18.0,18.0,10.399763174153314,304.0,BO_O2_RULE,"제어매트릭스 규칙 적용: NOX_LOW (3단계 롤백, 4단계에서 Hz 변화 없음)",19.6612492,2.75,987.0,1010.50623,8.44999981,,,10.55,0.0,9.36,,,,,,0.0,,
2025-11-05 06:59:21+00:00,2025-11-05 06:59:21,,,,,,,,,,19.6612492,2.75,987.0,1010.50623,8.44999981,,,10.55,0.0,7.82,,,,,,0.0,,
2025-11-05 06:59:22+00:00,2025-11-05 06:59:22,,,,,,,,,,19.6612492,2.7265625,986.0,1010.75,7.80000019,,,10.55,0.0,7.82,,,,,,0.0,,
2025-11-05 06:59:23+00:00,2025-11-05 06:59:23,,,,,,,,,,19.6612492,2.7281251,987.0,1010.91248,7.8125,,,10.55,0.0,7.82,,,,,,0.0,,
2025-11-05 06:59:24+00:00,2025-11-05 06:59:24,,,,,,,,,,19.6612492,2.7281251,987.0,1010.91248,7.8125,,,10.55,0.0,7.82,,,,,,0.0,,
2025-11-05 06:59:25+00:00,2025-11-05 06:59:25,18.0,19.0,19.0,18.0,18.0,10.424017966072691,304.0,BO_O2_RULE,"제어매트릭스 규칙 적용: NOX_LOW (3단계 롤백, 4단계에서 Hz 변화 없음)",19.6612492,2.7281251,987.0,1010.91248,7.8125,,,10.55,0.0,7.82,,,,,,0.0,,
2025-11-05 06:59:26+00:00,2025-11-05 06:59:26,,,,,,,,,,19.6612492,2.7578125,987.0,1010.91248,7.88749981,,,10.55,0.0,7.82,,,,,,0.0,,
2025-11-05 06:59:27+00:00,2025-11-05 06:59:27,,,,,,,,,,19.6612492,2.7578125,987.0,1010.91248,7.88749981,,,10.55,0.0,7.82,,,,,,0.0,,
2025-11-05 06:59:28+00:00,2025-11-05 06:59:28,,,,,,,,,,19.6612492,2.69062495,987.0,1013.43127,7.5374999,,,10.55,0.0,7.82,,,,,,0.0,,
2025-11-05 06:59:29+00:00,2025-11-05 06:59:29,,,,,,,,,,19.6612492,2.69062495,987.0,1013.43127,7.5374999,,,10.55,0.0,7.82,,,,,,0.0,,
2025-11-05 06:59:30+00:00,2025-11-05 06:59:30,18.0,19.0,19.0,18.0,18.0,10.425020361888656,304.0,BO_O2_RULE,"제어매트릭스 규칙 적용: NOX_LOW (3단계 롤백, 4단계에서 Hz 변화 없음)",19.6612492,2.69062495,987.0,1015.21875,7.5374999,,,10.55,0.0,7.82,,,,,,0.0,,
2025-11-05 06:59:31+00:00,2025-11-05 06:59:31,,,,,,,,,,19.6612492,2.6312499,987.0,1015.21875,7.5374999,,,10.55,0.0,6.87,,,,,,0.0,,
2025-11-05 06:59:32+00:00,2025-11-05 06:59:32,,,,,,,,,,19.6612492,2.6312499,988.0,1014.24377,7.7874999,,,10.55,0.0,6.87,,,,,,0.0,,
2025-11-05 06:59:33+00:00,2025-11-05 06:59:33,,,,,,,,,,19.6612492,2.625,988.0,1014.24377,7.7874999,,,10.55,0.0,6.87,,,,,,0.0,,
2025-11-05 06:59:34+00:00,2025-11-05 06:59:34,,,,,,,,,,19.6612492,2.6624999,987.0,1014.89374,8.125,,,10.55,0.0,6.87,,,,,,0.0,,
2025-11-05 06:59:35+00:00,2025-11-05 06:59:35,18.0,19.0,19.0,18.0,18.0,10.048413106568692,304.0,BO_O2_RULE,"제어매트릭스 규칙 적용: NOX_LOW (3단계 롤백, 4단계에서 Hz 변화 없음)",19.6612492,2.6624999,987.0,1014.89374,8.125,,,10.55,0.0,6.87,,,,,,0.0,,
2025-11-05 06:59:36+00:00,2025-11-05 06:59:36,,,,,,,,,,19.6612492,2.6109376,988.0,1014.48749,7.7249999,,,10.55,0.0,6.87,,,,,,0.0,,
2025-11-05 06:59:37+00:00,2025-11-05 06:59:37,,,,,,,,,,19.6612492,2.6171875,988.0,1016.59998,7.9000001,,,10.55,0.0,6.87,,,,,,0.0,,
2025-11-05 06:59:38+00:00,2025-11-05 06:59:38,,,,,,,,,,19.6612492,2.6171875,988.0,1016.59998,7.9000001,,,10.55,0.0,6.87,,,,,,0.0,,
2025-11-05 06:59:39+00:00,2025-11-05 06:59:39,,,,,,,,,,19.6612492,2.56562495,988.0,1017.90002,8.01249981,,,10.55,0.0,6.87,,,,,,0.0,,
2025-11-05 06:59:40+00:00,2025-11-05 06:59:40,18.0,19.0,19.0,18.0,18.0,9.770619659412988,304.0,BO_O2_RULE,"제어매트릭스 규칙 적용: NOX_LOW (3단계 롤백, 4단계에서 Hz 변화 없음)",19.6612492,2.58124995,987.0,1018.30627,7.9749999,,,10.55,0.0,6.87,,,,,,0.0,,
2025-11-05 06:59:41+00:00,2025-11-05 06:59:41,,,,,,,,,,19.6612492,2.58124995,987.0,1018.30627,7.9749999,,,10.55,0.0,7.07,,,,,,0.0,,
2025-11-05 06:59:42+00:00,2025-11-05 06:59:42,,,,,,,,,,19.6612492,2.60468745,987.0,1018.79376,7.3125,,,10.55,0.0,7.07,,,,,,0.0,,
2025-11-05 06:59:43+00:00,2025-11-05 06:59:43,,,,,,,,,,19.6612492,2.60625005,987.0,1018.875,7.38749981,,,10.55,0.0,7.07,,,,,,0.0,,
2025-11-05 06:59:44+00:00,2025-11-05 06:59:44,,,,,,,,,,19.6612492,2.60625005,987.0,1018.875,7.38749981,,,10.55,0.0,7.07,,,,,,0.0,,
2025-11-05 06:59:45+00:00,2025-11-05 06:59:45,18.0,19.0,19.0,18.0,18.0,10.136774845602703,304.0,BO_O2_RULE,"제어매트릭스 규칙 적용: NOX_LOW (3단계 롤백, 4단계에서 Hz 변화 없음)",19.6612492,2.6015625,987.0,1020.5,7.5,,,10.55,0.0,7.07,,,,,,0.0,,
2025-11-05 06:59:46+00:00,2025-11-05 06:59:46,,,,,,,,,,19.6612492,2.6015625,987.0,1020.5,7.5,,,10.55,0.0,7.07,,,,,,0.0,,
2025-11-05 06:59:47+00:00,2025-11-05 06:59:47,,,,,,,,,,19.6612492,2.6546874,987.0,1020.82501,7.4749999,,,10.55,0.0,7.07,,,,,,0.0,,
2025-11-05 06:59:48+00:00,2025-11-05 06:59:48,,,,,,,,,,19.6612492,2.609375,988.0,1021.15002,7.42500019,,,10.55,0.0,7.07,,,,,,0.0,,
2025-11-05 06:59:49+00:00,2025-11-05 06:59:49,,,,,,,,,,19.6612492,2.609375,988.0,1021.15002,7.42500019,,,10.55,0.0,7.07,,,,,,0.0,,
2025-11-05 06:59:50+00:00,2025-11-05 06:59:50,18.0,19.0,19.0,18.0,18.0,10.468738708247544,304.0,BO_O2_RULE,"제어매트릭스 규칙 적용: NOX_LOW (3단계 롤백, 4단계에서 Hz 변화 없음)",19.6612492,2.65156245,987.0,1021.3125,7.3375001,,,10.55,0.0,7.07,,,,,,0.0,,
2025-11-05 06:59:51+00:00,2025-11-05 06:59:51,,,,,,,,,,19.6612492,2.6109376,987.0,1022.28748,9.52499962,,,10.55,0.0,6.76,,,,,,0.0,,
2025-11-05 06:59:52+00:00,2025-11-05 06:59:52,,,,,,,,,,19.6612492,2.6109376,987.0,1022.28748,9.52499962,,,10.55,0.0,6.76,,,,,,0.0,,
2025-11-05 06:59:53+00:00,2025-11-05 06:59:53,,,,,,,,,,19.6612492,2.67656255,987.0,1024.31873,9.78750038,,,10.55,0.0,6.76,,,,,,0.0,,
2025-11-05 06:59:54+00:00,2025-11-05 06:59:54,,,,,,,,,,19.6612492,2.67656255,987.0,1024.31873,9.78750038,,,10.55,0.0,6.76,,,,,,0.0,,
2025-11-05 06:59:55+00:00,2025-11-05 06:59:55,19.0,19.0,19.0,19.0,19.0,13.561600543587618,100.0,BO_ONLY,"BO 모델 결과만 사용 (1단계 롤백, 2~4단계에서 Hz 변화 없음)",19.6612492,2.6656251,988.0,1023.75,9.5625,,,10.55,0.0,6.76,,,,,,0.0,,
2025-11-05 06:59:56+00:00,2025-11-05 06:59:56,,,,,,,,,,19.6612492,2.6656251,988.0,1023.75,9.5625,,,10.55,0.0,6.76,,,,,,0.0,,
2025-11-05 06:59:57+00:00,2025-11-05 06:59:57,,,,,,,,,,19.6612492,2.6640625,987.0,1023.75,9.27499962,,,10.55,0.0,6.76,,,,,,0.0,,
2025-11-05 06:59:58+00:00,2025-11-05 06:59:58,,,,,,,,,,19.6612492,2.6640625,987.0,1026.59375,9.21249962,,,10.55,0.0,6.76,,,,,,0.0,,
2025-11-05 06:59:59+00:00,2025-11-05 06:59:59,,,,,,,,,,19.6612492,2.5703125,987.0,1026.59375,9.21249962,,,10.55,0.0,6.76,,,,,,0.0,,
2025-11-05 07:00:00+00:00,2025-11-05 07:00:00,20.0,20.0,20.0,20.0,20.0,12.946237556369425,100.0,BO_ONLY,"BO 모델 결과만 사용 (1단계 롤백, 2~4단계에서 Hz 변화 없음)",19.6612492,2.63750005,988.0,1027.7312,9.14999962,,3.0,10.55,0.0,6.76,,,,,,0.0,,
2025-11-05 07:00:01+00:00,2025-11-05 07:00:01,,,,,,,,,,19.6612492,2.63750005,988.0,1027.7312,9.14999962,,,10.55,0.0,8.76,,,,,,0.0,,
2025-11-05 07:00:02+00:00,2025-11-05 07:00:02,,,,,,,,,,19.6612492,2.57500005,987.0,1027.8938,8.97500038,,,10.55,0.0,8.76,,,,,,0.0,,
2025-11-05 07:00:03+00:00,2025-11-05 07:00:03,,,,,,,,,,19.6612492,2.54999995,988.0,1027.97498,9.11250019,,,10.55,0.0,8.76,,,,,,0.0,,
2025-11-05 07:00:04+00:00,2025-11-05 07:00:04,,,,,,,,,,19.6612492,2.54999995,988.0,1027.97498,9.11250019,,,10.55,0.0,8.76,,,,,,0.0,,
2025-11-05 07:00:05+00:00,2025-11-05 07:00:05,19.0,19.0,19.0,19.0,19.0,13.620689726040172,100.0,BO_ONLY,"BO 모델 결과만 사용 (1단계 롤백, 2~4단계에서 Hz 변화 없음)",19.6612492,2.5296874,990.0,1028.05627,8.71249962,,,10.55,0.0,8.76,,,,,,0.0,,
2025-11-05 07:00:06+00:00,2025-11-05 07:00:06,,,,,,,,,,19.6612492,2.5609374,990.0,1028.625,8.88749981,,,10.55,0.0,8.76,,,,,,0.0,,
2025-11-05 07:00:07+00:00,2025-11-05 07:00:07,,,,,,,,,,19.6612492,2.5609374,990.0,1028.625,8.88749981,,,10.55,0.0,8.76,,,,,,0.0,,
2025-11-05 07:00:08+00:00,2025-11-05 07:00:08,,,,,,,,,,19.6612492,2.52656245,990.0,1028.7063,9.10000038,,,10.55,0.0,8.76,,,,,,0.0,,
2025-11-05 07:00:09+00:00,2025-11-05 07:00:09,,,,,,,,,,19.6612492,2.52656245,990.0,1028.7063,9.10000038,,,10.55,0.0,8.76,,,,,,0.0,,
2025-11-05 07:00:10+00:00,2025-11-05 07:00:10,19.0,19.0,19.0,19.0,19.0,14.170378068570871,100.0,BO_ONLY,"BO 모델 결과만 사용 (1단계 롤백, 2~4단계에서 Hz 변화 없음)",19.6612492,2.5296874,989.0,1030.73755,9.08749962,,,10.55,0.0,8.31,,,,,,0.0,,
2025-11-05 07:00:11+00:00,2025-11-05 07:00:11,,,,,,,,,,19.6612492,2.5296874,989.0,1030.73755,9.08749962,,,10.55,0.0,8.31,,,,,,0.0,,
2025-11-05 07:00:12+00:00,2025-11-05 07:00:12,,,,,,,,,,19.6612492,2.484375,990.0,1032.36255,9.30000019,,,10.55,0.0,8.31,,,,,,0.0,,
2025-11-05 07:00:13+00:00,2025-11-05 07:00:13,,,,,,,,,,19.6612492,2.484375,990.0,1032.36255,9.30000019,,,10.55,0.0,8.31,,,,,,0.0,,
2025-11-05 07:00:14+00:00,2025-11-05 07:00:14,,,,,,,,,,19.6612492,2.4593749,990.0,1033.5,9.32499981,,,10.55,0.0,8.31,,,,,,0.0,,
2025-11-05 07:00:15+00:00,2025-11-05 07:00:15,19.0,19.0,19.0,19.0,19.0,14.321856843104174,100.0,BO_ONLY,"BO 모델 결과만 사용 (1단계 롤백, 2~4단계에서 Hz 변화 없음)",19.6612492,2.4593749,991.0,1033.5,9.32499981,,,10.55,0.0,8.31,,,,,,0.0,,
2025-11-05 07:00:16+00:00,2025-11-05 07:00:16,,,,,,,,,,19.6612492,2.4234376,990.0,1033.5,8.91250038,,,10.55,0.0,8.31,,,,,,0.0,,
2025-11-05 07:00:17+00:00,2025-11-05 07:00:17,,,,,,,,,,19.6612492,2.4234376,990.0,1033.5,8.91250038,,,10.55,0.0,8.31,,,,,,0.0,,
2025-11-05 07:00:18+00:00,2025-11-05 07:00:18,,,,,,,,,,19.6612492,2.4749999,991.0,1033.25623,9.08749962,,,10.55,0.0,8.31,,,,,,0.0,,
2025-11-05 07:00:19+00:00,2025-11-05 07:00:19,,,,,,,,,,19.6612492,2.4749999,991.0,1033.25623,9.08749962,,,10.55,0.0,8.31,,,,,,0.0,,
2025-11-05 07:00:20+00:00,2025-11-05 07:00:20,24.6612492,19.0,19.0,28.0,28.0,14.818981360237212,308.0,BO_O2_RULE,"제어매트릭스 규칙 적용: O2_LOW (3단계 롤백, 4단계에서 Hz 변화 없음)",19.6612492,2.45624995,990.0,1033.66248,8.88749981,,,10.55,0.0,8.31,,,,,,0.0,,
2025-11-05 07:00:21+00:00,2025-11-05 07:00:21,,,,,,,,,,19.6612492,2.45624995,990.0,1033.66248,8.88749981,,,10.55,0.0,8.53,,,,,,0.0,,
2025-11-05 07:00:22+00:00,2025-11-05 07:00:22,,,,,,,,,,19.6612492,2.43437505,991.0,1034.96252,8.88749981,,,10.55,0.0,8.53,,,,,,0.0,,
2025-11-05 07:00:23+00:00,2025-11-05 07:00:23,,,,,,,,,,19.6612492,2.43437505,991.0,1034.96252,8.88749981,,,10.55,0.0,8.53,,,,,,0.0,,
2025-11-05 07:00:24+00:00,2025-11-05 07:00:24,,,,,,,,,,19.6612492,2.390625,990.0,1037.31873,8.71249962,,,10.55,0.0,8.53,,,,,,0.0,,
2025-11-05 07:00:25+00:00,2025-11-05 07:00:25,24.6612492,19.0,19.0,28.0,28.0,12.517980787246648,308.0,BO_O2_RULE,"제어매트릭스 규칙 적용: O2_LOW (3단계 롤백, 4단계에서 Hz 변화 없음)",19.6612492,2.390625,990.0,1037.31873,8.71249962,,,10.55,0.0,8.53,,,,,,0.0,,
2025-11-05 07:00:26+00:00,2025-11-05 07:00:26,,,,,,,,,,19.6612492,2.3890624,990.0,1036.91248,8.91250038,,,10.55,0.0,8.53,,,,,,0.0,,
2025-11-05 07:00:28+00:00,2025-11-05 07:00:28,,,,,,,,,,19.6612492,2.3890624,990.0,1036.91248,8.91250038,,,10.55,0.0,8.53,,,,,,0.0,,
2025-11-05 07:00:29+00:00,2025-11-05 07:00:29,,,,,,,,,,19.6612492,2.3968749,992.0,1038.21252,9.14999962,,,10.55,0.0,8.53,,,,,,0.0,,
2025-11-05 07:00:30+00:00,2025-11-05 07:00:30,24.6612492,19.0,19.0,28.0,28.0,12.07753981478597,308.0,BO_O2_RULE,"제어매트릭스 규칙 적용: O2_LOW (3단계 롤백, 4단계에서 Hz 변화 없음)",19.6612492,2.4078126,993.0,1038.21252,8.98750019,,,10.55,0.0,8.53,,,,,,0.0,,
2025-11-05 07:00:31+00:00,2025-11-05 07:00:31,,,,,,,,,,19.6612492,2.4078126,993.0,1038.375,8.98750019,,,10.55,0.0,8.31,,,,,,0.0,,
2025-11-05 07:00:32+00:00,2025-11-05 07:00:32,,,,,,,,,,19.6612492,2.40312505,993.0,1038.375,14.9750004,,,10.55,0.0,8.31,,,,,,0.0,,
2025-11-05 07:00:33+00:00,2025-11-05 07:00:33,,,,,,,,,,19.6612492,2.3890624,993.0,1040.32495,14.9499998,,,10.55,0.0,8.31,,,,,,0.0,,
2025-11-05 07:00:34+00:00,2025-11-05 07:00:34,,,,,,,,,,19.6612492,2.40625,993.0,1040.65002,14.9125004,,,10.55,0.0,8.31,,,,,,0.0,,
2025-11-05 07:00:35+00:00,2025-11-05 07:00:35,24.6612492,19.0,19.0,28.0,28.0,15.233523380646814,308.0,BO_O2_RULE,"제어매트릭스 규칙 적용: O2_LOW (3단계 롤백, 4단계에서 Hz 변화 없음)",19.6612492,2.40625,993.0,1040.65002,14.9125004,,,10.55,0.0,8.31,,,,,,0.0,,
2025-11-05 07:00:36+00:00,2025-11-05 07:00:36,,,,,,,,,,19.6612492,2.40625,993.0,1039.59375,14.8874998,,,10.55,0.0,8.31,,,,,,0.0,,
2025-11-05 07:00:37+00:00,2025-11-05 07:00:37,,,,,,,,,,19.6612492,2.3765626,992.0,1040.8938,14.8249998,,,10.55,0.0,8.31,,,,,,0.0,,
2025-11-05 07:00:38+00:00,2025-11-05 07:00:38,,,,,,,,,,19.6612492,2.3765626,992.0,1040.8938,14.8249998,,,10.55,0.0,8.31,,,,,,0.0,,
2025-11-05 07:00:39+00:00,2025-11-05 07:00:39,,,,,,,,,,19.6612492,2.4234376,993.0,1041.21875,14.5749998,,,10.55,0.0,8.31,,,,,,0.0,,
2025-11-05 07:00:40+00:00,2025-11-05 07:00:40,24.6612492,19.0,19.0,28.0,28.0,17.28068428307201,308.0,BO_O2_RULE,"제어매트릭스 규칙 적용: O2_LOW (3단계 롤백, 4단계에서 Hz 변화 없음)",19.6612492,2.4234376,993.0,1041.21875,14.5749998,,,10.55,0.0,8.31,,,,,,0.0,,
2025-11-05 07:00:41+00:00,2025-11-05 07:00:41,,,,,,,,,,19.6612492,2.36406255,994.0,1042.27502,14.8000002,,,10.55,0.0,14.17,,,,,,0.0,,
2025-11-05 07:00:42+00:00,2025-11-05 07:00:42,,,,,,,,,,19.6612492,2.40625,994.0,1043.57495,14.5500002,,,10.55,0.0,14.17,,,,,,0.0,,
2025-11-05 07:00:43+00:00,2025-11-05 07:00:43,,,,,,,,,,19.6612492,2.40625,994.0,1043.57495,14.5500002,,,10.55,0.0,14.17,,,,,,0.0,,
2025-11-05 07:00:44+00:00,2025-11-05 07:00:44,,,,,,,,,,19.6612492,2.3265624,994.0,1045.6062,14.7624998,,,10.55,0.0,14.17,,,,,,0.0,,
2025-11-05 07:00:45+00:00,2025-11-05 07:00:45,24.6612492,18.0,18.0,28.0,28.0,18.731062964253272,308.0,BO_O2_RULE,"제어매트릭스 규칙 적용: O2_LOW (3단계 롤백, 4단계에서 Hz 변화 없음)",19.6612492,2.3265624,994.0,1045.6062,14.7624998,,,10.55,0.0,14.17,,,,,,0.0,,
2025-11-05 07:00:46+00:00,2025-11-05 07:00:46,,,,,,,,,,19.6612492,2.3296876,994.0,1045.84998,14.4125004,,,10.55,0.0,14.17,,,,,,0.0,,
2025-11-05 07:00:47+00:00,2025-11-05 07:00:47,,,,,,,,,,19.6612492,2.3296876,994.0,1045.84998,14.4125004,,,10.55,0.0,14.17,,,,,,0.0,,
2025-11-05 07:00:48+00:00,2025-11-05 07:00:48,,,,,,,,,,19.6612492,2.2890625,995.0,1045.84998,14.3625002,,,10.55,0.0,14.17,,,,,,0.0,,
2025-11-05 07:00:49+00:00,2025-11-05 07:00:49,,,,,,,,,,19.6612492,2.2890625,995.0,1047.06873,14.3625002,,,10.55,0.0,14.17,,,,,,0.0,,
2025-11-05 07:00:50+00:00,2025-11-05 07:00:50,24.6612492,18.0,18.0,28.0,28.0,17.75123533381407,308.0,BO_O2_RULE,"제어매트릭스 규칙 적용: O2_LOW (3단계 롤백, 4단계에서 Hz 변화 없음)",19.6612492,2.27656245,995.0,1047.06873,14.4375,,,10.55,0.0,14.17,,,,,,0.0,,
2025-11-05 07:00:51+00:00,2025-11-05 07:00:51,,,,,,,,,,19.6612492,2.24687505,995.0,1046.4187,16.7875004,,,10.55,0.0,14.17,,,,,,0.0,,
2025-11-05 07:00:52+00:00,2025-11-05 07:00:52,,,,,,,,,,19.6612492,2.24687505,995.0,1046.4187,16.7875004,,,10.55,0.0,13.64,,,,,,0.0,,
2025-11-05 07:00:53+00:00,2025-11-05 07:00:53,,,,,,,,,,19.6612492,2.2359376,995.0,1047.3938,16.9125004,,,10.55,0.0,13.64,,,,,,0.0,,
2025-11-05 07:00:54+00:00,2025-11-05 07:00:54,,,,,,,,,,19.6612492,2.2562499,993.0,1047.63745,16.8250008,,,10.55,0.0,13.64,,,,,,0.0,,
2025-11-05 07:00:55+00:00,2025-11-05 07:00:55,24.6612492,18.0,18.0,28.0,28.0,18.461911294114387,308.0,BO_O2_RULE,"제어매트릭스 규칙 적용: O2_LOW (3단계 롤백, 4단계에서 Hz 변화 없음)",19.6612492,2.2562499,993.0,1047.63745,16.8250008,,,10.55,0.0,13.64,,,,,,0.0,,
2025-11-05 07:00:56+00:00,2025-11-05 07:00:56,,,,,,,,,,19.6612492,2.2734375,994.0,1048.2063,16.7250004,,,10.55,0.0,13.64,,,,,,0.0,,
2025-11-05 07:00:57+00:00,2025-11-05 07:00:57,,,,,,,,,,19.6612492,2.2734375,994.0,1048.2063,16.7250004,,,10.55,0.0,13.64,,,,,,0.0,,
2025-11-05 07:00:58+00:00,2025-11-05 07:00:58,,,,,,,,,,19.6612492,2.2750001,994.0,1050.4812,16.9375,,,10.55,0.0,13.64,,,,,,0.0,,
2025-11-05 07:00:59+00:00,2025-11-05 07:00:59,,,,,,,,,,19.6612492,2.2890625,995.0,1050.80627,17.0625,,,10.55,0.0,13.64,,,,,,0.0,,
2025-11-05 07:01:00+00:00,2025-11-05 07:01:00,24.6612492,18.0,18.0,28.0,28.0,18.18382199002809,308.0,BO_O2_RULE,"제어매트릭스 규칙 적용: O2_LOW (3단계 롤백, 4단계에서 Hz 변화 없음)",19.6612492,2.2890625,995.0,1050.80627,17.0625,,3.0,10.55,0.0,13.64,,,,,,0.0,,
2025-11-05 07:01:01+00:00,2025-11-05 07:01:01,,,,,,,,,,19.6612492,2.2671876,993.0,1050.15625,16.7749996,,,10.55,0.0,13.64,,,,,,0.0,,
2025-11-05 07:01:02+00:00,2025-11-05 07:01:02,,,,,,,,,,19.6612492,2.2671876,993.0,1050.15625,16.7749996,,,10.55,0.0,16.28,,,,,,0.0,,
2025-11-05 07:01:03+00:00,2025-11-05 07:01:03,,,,,,,,,,19.6612492,2.27031255,994.0,1051.53748,16.7124996,,,10.55,0.0,16.28,,,,,,0.0,,
2025-11-05 07:01:04+00:00,2025-11-05 07:01:04,,,,,,,,,,19.6612492,2.27031255,994.0,1051.53748,16.7124996,,,10.55,0.0,16.28,,,,,,0.0,,
2025-11-05 07:01:05+00:00,2025-11-05 07:01:05,24.6612492,23.0,23.0,28.0,28.0,17.121796761863283,308.0,BO_O2_RULE,"제어매트릭스 규칙 적용: O2_LOW (3단계 롤백, 4단계에서 Hz 변화 없음)",19.6612492,2.34375,996.0,1051.53748,16.7625008,,,10.55,0.0,16.28,,,,,,0.0,,
2025-11-05 07:01:06+00:00,2025-11-05 07:01:06,,,,,,,,,,19.6612492,2.3671875,995.0,1053.48755,16.6749992,,,10.55,0.0,16.28,,,,,,0.0,,
2025-11-05 07:01:07+00:00,2025-11-05 07:01:07,,,,,,,,,,19.6612492,2.3671875,995.0,1053.48755,16.6749992,,,10.55,0.0,16.28,,,,,,0.0,,
2025-11-05 07:01:08+00:00,2025-11-05 07:01:08,,,,,,,,,,19.6612492,2.3984375,995.0,1053.8938,16.75,,,10.55,0.0,16.28,,,,,,0.0,,
2025-11-05 07:01:09+00:00,2025-11-05 07:01:09,,,,,,,,,,19.6612492,2.3984375,995.0,1053.8938,16.75,,,10.55,0.0,16.28,,,,,,0.0,,
2025-11-05 07:01:10+00:00,2025-11-05 07:01:10,24.6612492,24.0,24.0,28.0,28.0,17.71125806190304,308.0,BO_O2_RULE,"제어매트릭스 규칙 적용: O2_LOW (3단계 롤백, 4단계에서 Hz 변화 없음)",19.6612492,2.4234376,995.0,1052.83752,16.7625008,,,10.55,0.0,16.28,,,,,,0.0,,
2025-11-05 07:01:11+00:00,2025-11-05 07:01:11,,,,,,,,,,19.6612492,2.4234376,995.0,1052.83752,16.7625008,,,10.55,0.0,16.19,,,,,,0.0,,
2025-11-05 07:01:12+00:00,2025-11-05 07:01:12,,,,,,,,,,19.6612492,2.37187505,995.0,1053.16248,16.8250008,,,10.55,0.0,16.19,,,,,,0.0,,
2025-11-05 07:01:13+00:00,2025-11-05 07:01:13,,,,,,,,,,19.6612492,2.37187505,995.0,1053.16248,16.8250008,,,10.55,0.0,16.19,,,,,,0.0,,
2025-11-05 07:01:14+00:00,2025-11-05 07:01:14,,,,,,,,,,19.6612492,2.37187505,995.0,1053.16248,16.8250008,,,10.55,0.0,16.19,,,,,,0.0,,
2025-11-05 07:01:15+00:00,2025-11-05 07:01:15,24.6612492,24.0,24.0,28.0,28.0,17.5826946340475,308.0,BO_O2_RULE,"제어매트릭스 규칙 적용: O2_LOW (3단계 롤백, 4단계에서 Hz 변화 없음)",19.6612492,2.4046874,996.0,1054.30005,16.8125,,,10.55,0.0,16.19,,,,,,0.0,,
2025-11-05 07:01:16+00:00,2025-11-05 07:01:16,,,,,,,,,,19.6612492,2.4046874,996.0,1054.30005,16.8125,,,10.55,0.0,16.19,,,,,,0.0,,
2025-11-05 07:01:17+00:00,2025-11-05 07:01:17,,,,,,,,,,19.6612492,2.4312501,996.0,1055.5188,19.6625004,,,10.55,0.0,16.19,,,,,,0.0,,
2025-11-05 07:01:18+00:00,2025-11-05 07:01:18,,,,,,,,,,19.6612492,2.4312501,996.0,1055.5188,19.6625004,,,10.55,0.0,16.19,,,,,,0.0,,
2025-11-05 07:01:19+00:00,2025-11-05 07:01:19,,,,,,,,,,19.6612492,2.4156251,995.0,1056.1687,19.5750008,,,10.55,0.0,16.19,,,,,,0.0,,
2025-11-05 07:01:20+00:00,2025-11-05 07:01:20,24.6612492,25.0,25.0,28.0,28.0,20.539419106352405,308.0,BO_O2_RULE,"제어매트릭스 규칙 적용: O2_LOW (3단계 롤백, 4단계에서 Hz 변화 없음)",19.6612492,2.3968749,995.0,1057.1438,19.7000008,,,10.55,0.0,16.19,,,,,,0.0,,
2025-11-05 07:01:21+00:00,2025-11-05 07:01:21,,,,,,,,,,19.6612492,2.3968749,995.0,1057.1438,19.7000008,,,10.55,0.0,16.19,,,,,,0.0,,
2025-11-05 07:01:22+00:00,2025-11-05 07:01:22,,,,,,,,,,19.6612492,2.35625005,997.0,1058.84998,19.7749996,,,10.55,0.0,18.99,,,,,,0.0,,
2025-11-05 07:01:23+00:00,2025-11-05 07:01:23,,,,,,,,,,19.6612492,2.33906245,996.0,1058.28125,19.7875004,,,10.55,0.0,18.99,,,,,,0.0,,
2025-11-05 07:01:24+00:00,2025-11-05 07:01:24,,,,,,,,,,19.6612492,2.33906245,996.0,1058.28125,19.7875004,,,10.55,0.0,18.99,,,,,,0.0,,
2025-11-05 07:01:25+00:00,2025-11-05 07:01:25,24.6612492,25.0,25.0,28.0,28.0,21.020397874657167,308.0,BO_O2_RULE,"제어매트릭스 규칙 적용: O2_LOW (3단계 롤백, 4단계에서 Hz 변화 없음)",19.6612492,2.2515626,996.0,1059.4187,19.8250008,,,10.55,0.0,18.99,,,,,,0.0,,
2025-11-05 07:01:26+00:00,2025-11-05 07:01:26,,,,,,,,,,19.6612492,2.3046875,996.0,1059.5813,20.0249996,,,10.55,0.0,18.99,,,,,,0.0,,
2025-11-05 07:01:27+00:00,2025-11-05 07:01:27,,,,,,,,,,19.6612492,2.2249999,995.0,1059.09375,19.6875,,,10.55,0.0,18.99,,,,,,0.0,,
2025-11-05 07:01:28+00:00,2025-11-05 07:01:28,,,,,,,,,,19.6612492,2.2249999,995.0,1059.09375,19.6875,,,10.55,0.0,18.99,,,,,,0.0,,
2025-11-05 07:01:29+00:00,2025-11-05 07:01:29,,,,,,,,,,19.6612492,2.24687505,997.0,1059.25623,19.4874992,,,10.55,0.0,18.99,,,,,,0.0,,
2025-11-05 07:01:30+00:00,2025-11-05 07:01:30,24.6612492,26.0,26.0,28.0,28.0,20.974402629872674,308.0,BO_O2_RULE,"제어매트릭스 규칙 적용: O2_LOW (3단계 롤백, 4단계에서 Hz 변화 없음)",19.6612492,2.24687505,997.0,1059.25623,19.4874992,,,10.55,0.0,18.99,,,,,,0.0,,
2025-11-05 07:01:31+00:00,2025-11-05 07:01:31,,,,,,,,,,19.6612492,2.2750001,998.0,1059.4187,19.4624996,,,10.55,0.0,19.08,,,,,,0.0,,
2025-11-05 07:01:32+00:00,2025-11-05 07:01:32,,,,,,,,,,19.6612492,2.2750001,998.0,1059.4187,19.4624996,,,10.55,0.0,19.08,,,,,,0.0,,
2025-11-05 07:01:33+00:00,2025-11-05 07:01:33,,,,,,,,,,19.6612492,2.3203125,996.0,1059.66248,20.0874996,,,10.55,0.0,19.08,,,,,,0.0,,
2025-11-05 07:01:34+00:00,2025-11-05 07:01:34,,,,,,,,,,19.6612492,2.3203125,996.0,1059.66248,20.0874996,,,10.55,0.0,19.08,,,,,,0.0,,
2025-11-05 07:01:35+00:00,2025-11-05 07:01:35,24.6612492,26.0,26.0,28.0,28.0,21.268957264293608,308.0,BO_O2_RULE,"제어매트릭스 규칙 적용: O2_LOW (3단계 롤백, 4단계에서 Hz 변화 없음)",19.6612492,2.34687495,997.0,1061.9375,19.8875008,,,10.55,0.0,19.08,,,,,,0.0,,
2025-11-05 07:01:36+00:00,2025-11-05 07:01:36,,,,,,,,,,19.6612492,2.34687495,997.0,1061.9375,19.8875008,,,10.55,0.0,19.08,,,,,,0.0,,
2025-11-05 07:01:37+00:00,2025-11-05 07:01:37,,,,,,,,,,19.6612492,2.31562495,995.0,1061.61255,21.0874996,,,10.55,0.0,19.08,,,,,,0.0,,
2025-11-05 07:01:38+00:00,2025-11-05 07:01:38,,,,,,,,,,19.6612492,2.31562495,995.0,1061.61255,21.0874996,,,10.55,0.0,19.08,,,,,,0.0,,
2025-11-05 07:01:39+00:00,2025-11-05 07:01:39,,,,,,,,,,19.6612492,2.43437505,996.0,1063.15625,21.0499992,,,10.55,0.0,19.08,,,,,,0.0,,
2025-11-05 07:01:40+00:00,2025-11-05 07:01:40,24.6612492,26.0,26.0,28.0,28.0,21.952159780543425,308.0,BO_O2_RULE,"제어매트릭스 규칙 적용: O2_LOW (3단계 롤백, 4단계에서 Hz 변화 없음)",19.6612492,2.43437505,996.0,1063.15625,21.0499992,,,10.55,0.0,20.46,,,,,,0.0,,
2025-11-05 07:01:41+00:00,2025-11-05 07:01:41,,,,,,,,,,19.6612492,2.44218755,997.0,1062.91248,21.1625004,,,10.55,0.0,20.46,,,,,,0.0,,
2025-11-05 07:01:42+00:00,2025-11-05 07:01:42,,,,,,,,,,19.6612492,2.44218755,997.0,1062.91248,21.1625004,,,10.55,0.0,20.46,,,,,,0.0,,
2025-11-05 07:01:43+00:00,2025-11-05 07:01:43,,,,,,,,,,19.6612492,2.5390625,996.0,1063.5625,21.0625,,,10.55,0.0,20.46,,,,,,0.0,,
2025-11-05 07:01:44+00:00,2025-11-05 07:01:44,,,,,,,,,,19.6612492,2.5390625,996.0,1063.5625,21.0625,,,10.55,0.0,20.46,,,,,,0.0,,
2025-11-05 07:01:45+00:00,2025-11-05 07:01:45,24.6612492,26.0,26.0,28.0,28.0,21.91661300495279,308.0,BO_O2_RULE,"제어매트릭스 규칙 적용: O2_LOW (3단계 롤백, 4단계에서 Hz 변화 없음)",19.6612492,2.5562501,996.0,1065.59375,20.8500004,,,10.55,0.0,20.46,,,,,,0.0,,
2025-11-05 07:01:46+00:00,2025-11-05 07:01:46,,,,,,,,,,19.6612492,2.5562501,996.0,1065.59375,20.8500004,,,10.55,0.0,20.46,,,,,,0.0,,
2025-11-05 07:01:47+00:00,2025-11-05 07:01:47,,,,,,,,,,19.6612492,2.63750005,996.0,1064.4563,20.9624996,,,10.55,0.0,20.46,,,,,,0.0,,
2025-11-05 07:01:48+00:00,2025-11-05 07:01:48,,,,,,,,,,19.6612492,2.63750005,996.0,1064.4563,20.9624996,,,10.55,0.0,20.46,,,,,,0.0,,
2025-11-05 07:01:49+00:00,2025-11-05 07:01:49,,,,,,,,,,19.6612492,2.6796875,995.0,1066.32495,20.8125,,,10.55,0.0,20.46,,,,,,0.0,,
2025-11-05 07:01:50+00:00,2025-11-05 07:01:50,24.6612492,26.0,26.0,26.0,26.0,19.601356151013253,100.0,BO_ONLY,"BO 모델 결과만 사용 (1단계 롤백, 2~4단계에서 Hz 변화 없음)",19.6612492,2.6796875,995.0,1066.32495,20.8125,,,10.55,0.0,20.46,,,,,,0.0,,
2025-11-05 07:01:51+00:00,2025-11-05 07:01:51,,,,,,,,,,19.6612492,2.7734375,996.0,1066.8938,21.1124992,,,10.55,0.0,20.46,,,,,,0.0,,
2025-11-05 07:01:52+00:00,2025-11-05 07:01:52,,,,,,,,,,19.6612492,2.7734375,996.0,1066.8938,21.1124992,,,10.55,0.0,20.46,,,,,,0.0,,
2025-11-05 07:01:53+00:00,2025-11-05 07:01:53,,,,,,,,,,19.6612492,2.8671875,997.0,1065.59375,21.1875,,,10.55,0.0,20.46,,,,,,0.0,,
2025-11-05 07:01:54+00:00,2025-11-05 07:01:54,,,,,,,,,,19.6612492,2.8671875,997.0,1065.59375,21.1875,,,10.55,0.0,20.46,,,,,,0.0,,
2025-11-05 07:01:55+00:00,2025-11-05 07:01:55,24.6612492,26.0,26.0,26.0,26.0,19.37437186888404,100.0,BO_ONLY,"BO 모델 결과만 사용 (1단계 롤백, 2~4단계에서 Hz 변화 없음)",19.6612492,2.94062495,997.0,1065.59375,21.2875004,,,10.55,0.0,20.46,,,,,,0.0,,
2025-11-05 07:01:56+00:00,2025-11-05 07:01:56,,,,,,,,,,19.6612492,2.94062495,997.0,1066.8938,21.2875004,,,10.55,0.0,20.46,,,,,,0.0,,
2025-11-05 07:01:57+00:00,2025-11-05 07:01:57,,,,,,,,,,19.6612492,3.0921874,996.0,1066.8938,21.3500004,,,10.55,0.0,20.46,,,,,,0.0,,
2025-11-05 07:01:58+00:00,2025-11-05 07:01:58,,,,,,,,,,19.6612492,3.0921874,996.0,1067.05627,21.3500004,,,10.55,0.0,20.46,,,,,,0.0,,
2025-11-05 07:01:59+00:00,2025-11-05 07:01:59,,,,,,,,,,19.6612492,3.16718745,994.0,1067.05627,21.4375,,,10.55,0.0,20.46,,,,,,0.0,,
2025-11-05 07:02:00+00:00,2025-11-05 07:02:00,24.6612492,26.0,26.0,26.0,26.0,21.24991142785407,100.0,BO_ONLY,"BO 모델 결과만 사용 (1단계 롤백, 2~4단계에서 Hz 변화 없음)",19.6612492,3.16718745,994.0,1066.16248,21.4375,,3.0,10.55,0.0,20.46,,,,,,0.0,,
2025-11-05 07:02:01+00:00,2025-11-05 07:02:01,,,,,,,,,,19.6612492,3.23749995,994.0,1066.8125,21.3125,,,10.55,0.0,20.71,,,,,,0.0,,
2025-11-05 07:02:02+00:00,2025-11-05 07:02:02,,,,,,,,,,19.6612492,3.23749995,994.0,1066.8125,21.3125,,,10.55,0.0,20.71,,,,,,0.0,,
2025-11-05 07:02:03+00:00,2025-11-05 07:02:03,,,,,,,,,,19.6612492,3.23749995,995.0,1066.40625,21.3875008,,,10.55,0.0,20.71,,,,,,0.0,,
2025-11-05 07:02:04+00:00,2025-11-05 07:02:04,,,,,,,,,,19.6612492,3.3109374,995.0,1066.40625,21.3875008,,,10.55,0.0,20.71,,,,,,0.0,,
2025-11-05 07:02:05+00:00,2025-11-05 07:02:05,24.6612492,26.0,26.0,26.0,26.0,20.531232525571156,100.0,BO_ONLY,"BO 모델 결과만 사용 (1단계 롤백, 2~4단계에서 Hz 변화 없음)",19.6612492,3.3109374,994.0,1066.0813,21.5874996,,,10.55,0.0,20.71,,,,,,0.0,,
2025-11-05 07:02:07+00:00,2025-11-05 07:02:07,,,,,,,,,,19.6612492,3.37187505,994.0,1066.16248,21.5,,,10.55,0.0,20.71,,,,,,0.0,,
2025-11-05 07:02:08+00:00,2025-11-05 07:02:08,,,,,,,,,,19.6612492,3.37187505,994.0,1066.16248,21.5,,,10.55,0.0,20.71,,,,,,0.0,,
2025-11-05 07:02:09+00:00,2025-11-05 07:02:09,,,,,,,,,,19.6612492,3.45000005,994.0,1066.7312,21.6749992,,,10.55,0.0,20.71,,,,,,0.0,,
2025-11-05 07:02:10+00:00,2025-11-05 07:02:10,24.6612492,26.0,26.0,26.0,26.0,21.538016865765382,100.0,BO_ONLY,"BO 모델 결과만 사용 (1단계 롤백, 2~4단계에서 Hz 변화 없음)",19.6612492,3.45000005,994.0,1066.7312,21.6749992,,,10.55,0.0,20.71,,,,,,0.0,,
2025-11-05 07:02:11+00:00,2025-11-05 07:02:11,,,,,,,,,,19.6612492,3.4937501,993.0,1067.625,21.7000008,,,10.55,0.0,20.97,,,,,,0.0,,
2025-11-05 07:02:12+00:00,2025-11-05 07:02:12,,,,,,,,,,19.6612492,3.4937501,993.0,1067.625,21.7000008,,,10.55,0.0,20.97,,,,,,0.0,,
2025-11-05 07:02:13+00:00,2025-11-05 07:02:13,,,,,,,,,,19.6612492,3.4609375,995.0,1068.59998,22.0,,,10.55,0.0,20.97,,,,,,0.0,,
2025-11-05 07:02:14+00:00,2025-11-05 07:02:14,,,,,,,,,,19.6612492,3.4609375,995.0,1068.59998,22.0,,,10.55,0.0,20.97,,,,,,0.0,,
2025-11-05 07:02:15+00:00,2025-11-05 07:02:15,24.6612492,26.0,26.0,26.0,26.0,22.34106464735763,100.0,BO_ONLY,"BO 모델 결과만 사용 (1단계 롤백, 2~4단계에서 Hz 변화 없음)",19.6612492,3.49687505,995.0,1067.94995,21.4624996,,,10.55,0.0,20.97,,,,,,0.0,,
2025-11-05 07:02:16+00:00,2025-11-05 07:02:16,,,,,,,,,,19.6612492,3.49687505,995.0,1067.94995,21.4624996,,,10.55,0.0,20.97,,,,,,0.0,,
2025-11-05 07:02:17+00:00,2025-11-05 07:02:17,,,,,,,,,,19.6612492,3.55937505,994.0,1067.94995,21.0499992,,,10.55,0.0,20.97,,,,,,0.0,,
2025-11-05 07:02:18+00:00,2025-11-05 07:02:18,,,,,,,,,,19.6612492,3.55937505,994.0,1067.625,21.0499992,,,10.55,0.0,20.97,,,,,,0.0,,
2025-11-05 07:02:19+00:00,2025-11-05 07:02:19,,,,,,,,,,19.6612492,3.5218749,994.0,1067.625,21.0750008,,,10.55,0.0,20.97,,,,,,0.0,,
2025-11-05 07:02:20+00:00,2025-11-05 07:02:20,24.6612492,26.0,26.0,26.0,26.0,20.411526282158814,100.0,BO_ONLY,"BO 모델 결과만 사용 (1단계 롤백, 2~4단계에서 Hz 변화 없음)",19.6612492,3.59687495,995.0,1067.94995,20.9874992,,,10.55,0.0,20.97,,,,,,0.0,,
2025-11-05 07:02:21+00:00,2025-11-05 07:02:21,,,,,,,,,,19.6612492,3.61249995,993.0,1068.3562,21.1375008,,,10.55,0.0,20.54,,,,,,0.0,,
2025-11-05 07:02:22+00:00,2025-11-05 07:02:22,,,,,,,,,,19.6612492,3.61249995,993.0,1068.3562,21.1375008,,,10.55,0.0,20.54,,,,,,0.0,,
2025-11-05 07:02:23+00:00,2025-11-05 07:02:23,,,,,,,,,,19.6612492,3.60468745,995.0,1068.3562,21.1375008,,,10.55,0.0,20.54,,,,,,0.0,,
2025-11-05 07:02:24+00:00,2025-11-05 07:02:24,,,,,,,,,,19.6612492,3.7093749,994.0,1067.78748,21.0375004,,,10.55,0.0,20.54,,,,,,0.0,,
2025-11-05 07:02:25+00:00,2025-11-05 07:02:25,24.6612492,26.0,26.0,26.0,26.0,20.81990363591614,100.0,BO_ONLY,"BO 모델 결과만 사용 (1단계 롤백, 2~4단계에서 Hz 변화 없음)",19.6612492,3.7093749,994.0,1067.78748,21.0375004,,,10.55,0.0,20.54,,,,,,0.0,,
2025-11-05 07:02:26+00:00,2025-11-05 07:02:26,,,,,,,,,,19.6612492,3.7359376,994.0,1068.68127,20.875,,,10.55,0.0,20.54,,,,,,0.0,,
2025-11-05 07:02:27+00:00,2025-11-05 07:02:27,,,,,,,,,,19.6612492,3.8109374,995.0,1067.625,21.1375008,,,10.55,0.0,20.54,,,,,,0.0,,
2025-11-05 07:02:28+00:00,2025-11-05 07:02:28,,,,,,,,,,19.6612492,3.8109374,995.0,1067.625,21.1375008,,,10.55,0.0,20.54,,,,,,0.0,,
2025-11-05 07:02:29+00:00,2025-11-05 07:02:29,,,,,,,,,,19.6612492,3.82500005,995.0,1067.625,20.7875004,,,10.55,0.0,20.54,,,,,,0.0,,
2025-11-05 07:02:30+00:00,2025-11-05 07:02:30,24.6612492,26.0,26.0,26.0,26.0,19.877119509304634,100.0,BO_ONLY,"BO 모델 결과만 사용 (1단계 롤백, 2~4단계에서 Hz 변화 없음)",19.6612492,3.82500005,995.0,1068.59998,20.7875004,,,10.55,0.0,20.54,,,,,,0.0,,
2025-11-05 07:02:31+00:00,2025-11-05 07:02:31,,,,,,,,,,19.6612492,3.99687505,994.0,1068.03125,21.1375008,,,10.55,0.0,20.54,,,,,,0.0,,
2025-11-05 07:02:32+00:00,2025-11-05 07:02:32,,,,,,,,,,19.6612492,3.99687505,994.0,1068.03125,21.1375008,,,10.55,0.0,20.51,,,,,,0.0,,
2025-11-05 07:02:33+00:00,2025-11-05 07:02:33,,,,,,,,,,19.6612492,4.0562501,994.0,1068.4375,21.2250004,,,10.55,0.0,20.51,,,,,,0.0,,
2025-11-05 07:02:34+00:00,2025-11-05 07:02:34,,,,,,,,,,19.6612492,4.109375,994.0,1067.86877,21.1875,,,10.55,0.0,20.51,,,,,,0.0,,
2025-11-05 07:02:35+00:00,2025-11-05 07:02:35,24.6612492,26.0,26.0,26.0,26.0,20.449517191603423,100.0,BO_ONLY,"BO 모델 결과만 사용 (1단계 롤백, 2~4단계에서 Hz 변화 없음)",19.6612492,4.109375,994.0,1067.86877,21.1875,,,10.55,0.0,20.51,,,,,,0.0,,
2025-11-05 07:02:36+00:00,2025-11-05 07:02:36,,,,,,,,,,19.6612492,4.15156269,993.0,1067.5437,21.1875,,,10.55,0.0,20.51,,,,,,0.0,,
2025-11-05 07:02:37+00:00,2025-11-05 07:02:37,,,,,,,,,,19.6612492,4.15156269,993.0,1067.5437,21.3999996,,,10.55,0.0,20.51,,,,,,0.0,,
2025-11-05 07:02:38+00:00,2025-11-05 07:02:38,,,,,,,,,,19.6612492,4.1500001,993.0,1067.30005,21.3999996,,,10.55,0.0,20.51,,,,,,0.0,,
2025-11-05 07:02:39+00:00,2025-11-05 07:02:39,,,,,,,,,,19.6612492,4.1937499,992.0,1066.8125,21.1375008,,,10.55,0.0,20.51,,,,,,0.0,,
2025-11-05 07:02:40+00:00,2025-11-05 07:02:40,24.6612492,26.0,26.0,26.0,26.0,20.23059223352532,100.0,BO_ONLY,"BO 모델 결과만 사용 (1단계 롤백, 2~4단계에서 Hz 변화 없음)",19.6612492,4.1937499,992.0,1066.8125,21.1375008,,,10.55,0.0,20.51,,,,,,0.0,,
2025-11-05 07:02:41+00:00,2025-11-05 07:02:41,,,,,,,,,,19.6612492,4.2984376,993.0,1067.05627,21.2250004,,,10.55,0.0,20.65,,,,,,0.0,,
2025-11-05 07:02:42+00:00,2025-11-05 07:02:42,,,,,,,,,,19.6612492,4.2984376,993.0,1067.05627,21.2250004,,,10.55,0.0,20.65,,,,,,0.0,,
2025-11-05 07:02:43+00:00,2025-11-05 07:02:43,,,,,,,,,,19.6612492,4.3984375,993.0,1066.8125,21.2000008,,,10.55,0.0,20.65,,,,,,0.0,,
2025-11-05 07:02:44+00:00,2025-11-05 07:02:44,,,,,,,,,,19.6612492,4.3984375,993.0,1066.8125,21.2000008,,,10.55,0.0,20.65,,,,,,0.0,,
2025-11-05 07:02:45+00:00,2025-11-05 07:02:45,24.6612492,26.0,26.0,26.0,26.0,20.254790656199553,100.0,BO_ONLY,"BO 모델 결과만 사용 (1단계 롤백, 2~4단계에서 Hz 변화 없음)",19.6612492,4.4312501,990.0,1066.48755,21.7000008,,,10.55,0.0,20.65,,,,,,0.0,,
2025-11-05 07:02:46+00:00,2025-11-05 07:02:46,,,,,,,,,,19.6612492,4.5140624,992.0,1066.16248,21.3250008,,,10.55,0.0,20.65,,,,,,0.0,,
2025-11-05 07:02:47+00:00,2025-11-05 07:02:47,,,,,,,,,,19.6612492,4.5140624,992.0,1066.16248,21.3250008,,,10.55,0.0,20.65,,,,,,0.0,,
2025-11-05 07:02:48+00:00,2025-11-05 07:02:48,,,,,,,,,,19.6612492,4.5843749,992.0,1066.40625,21.7374992,,,10.55,0.0,20.65,,,,,,0.0,,
2025-11-05 07:02:49+00:00,2025-11-05 07:02:49,,,,,,,,,,19.6612492,4.5843749,992.0,1066.40625,21.7374992,,,10.55,0.0,20.65,,,,,,0.0,,
2025-11-05 07:02:50+00:00,2025-11-05 07:02:50,24.6612492,26.0,26.0,26.0,26.0,21.113201188909237,100.0,BO_ONLY,"BO 모델 결과만 사용 (1단계 롤백, 2~4단계에서 Hz 변화 없음)",19.6612492,4.74687481,991.0,1066.24377,21.4125004,,,10.55,0.0,20.65,,,,,,0.0,,
2025-11-05 07:02:51+00:00,2025-11-05 07:02:51,,,,,,,,,,19.6612492,4.78593731,990.0,1066.0813,21.1124992,,,10.55,0.0,20.63,,,,,,0.0,,
2025-11-05 07:02:52+00:00,2025-11-05 07:02:52,,,,,,,,,,19.6612492,4.81562519,991.0,1067.21875,21.2999992,,,10.55,0.0,20.63,,,,,,0.0,,
2025-11-05 07:02:53+00:00,2025-11-05 07:02:53,,,,,,,,,,19.6612492,4.81562519,991.0,1067.21875,21.2999992,,,10.55,0.0,20.63,,,,,,0.0,,
2025-11-05 07:02:54+00:00,2025-11-05 07:02:54,,,,,,,,,,19.6612492,4.8984375,990.0,1067.05627,21.4375,,,10.55,0.0,20.63,,,,,,0.0,,
2025-11-05 07:02:55+00:00,2025-11-05 07:02:55,24.6612492,26.0,26.0,26.0,26.0,20.171567675661187,100.0,BO_ONLY,"BO 모델 결과만 사용 (1단계 롤백, 2~4단계에서 Hz 변화 없음)",19.6612492,4.8984375,990.0,1067.05627,21.4375,,,10.55,0.0,20.63,,,,,,0.0,,
2025-11-05 07:02:56+00:00,2025-11-05 07:02:56,,,,,,,,,,19.6612492,4.984375,992.0,1065.9187,22.2124996,,,10.55,0.0,20.63,,,,,,0.0,,
2025-11-05 07:02:57+00:00,2025-11-05 07:02:57,,,,,,,,,,19.6612492,4.984375,992.0,1065.9187,22.2124996,,,10.55,0.0,20.63,,,,,,0.0,,
2025-11-05 07:02:58+00:00,2025-11-05 07:02:58,,,,,,,,,,19.6612492,5.02812481,990.0,1066.24377,22.6124992,,,10.55,0.0,20.63,,,,,,0.0,,
2025-11-05 07:02:59+00:00,2025-11-05 07:02:59,,,,,,,,,,19.6612492,5.02812481,990.0,1066.24377,22.6124992,,,10.55,0.0,20.63,,,,,,0.0,,
2025-11-05 07:03:00+00:00,2025-11-05 07:03:00,24.6612492,26.0,26.0,26.0,26.0,22.046067216346895,100.0,BO_ONLY,"BO 모델 결과만 사용 (1단계 롤백, 2~4단계에서 Hz 변화 없음)",19.6612492,5.02031231,991.0,1064.61877,22.7374992,,3.0,10.55,0.0,20.63,,,,,,0.0,,
2025-11-05 07:03:01+00:00,2025-11-05 07:03:01,,,,,,,,,,19.6612492,5.0531249,990.0,1065.02502,22.8624992,,,10.55,0.0,20.63,,,,,,0.0,,
2025-11-05 07:03:02+00:00,2025-11-05 07:03:02,,,,,,,,,,19.6612492,5.0531249,990.0,1065.02502,22.8624992,,,10.55,0.0,21.94,,,,,,0.0,,
2025-11-05 07:03:03+00:00,2025-11-05 07:03:03,,,,,,,,,,19.6612492,5.0531249,990.0,1064.21252,22.5625,,,10.55,0.0,21.94,,,,,,0.0,,
2025-11-05 07:03:04+00:00,2025-11-05 07:03:04,,,,,,,,,,19.6612492,5.015625,991.0,1064.21252,22.5625,,,10.55,0.0,21.94,,,,,,0.0,,
2025-11-05 07:03:05+00:00,2025-11-05 07:03:05,24.6612492,27.0,27.0,27.0,27.0,22.39181733652312,100.0,BO_ONLY,"BO 모델 결과만 사용 (1단계 롤백, 2~4단계에서 Hz 변화 없음)",19.6612492,5.015625,991.0,1064.21252,22.5625,,,10.55,0.0,21.94,,,,,,0.0,,
2025-11-05 07:03:06+00:00,2025-11-05 07:03:06,,,,,,,,,,19.6612492,5.015625,990.0,1062.58752,22.5750008,,,10.55,0.0,21.94,,,,,,0.0,,
2025-11-05 07:03:07+00:00,2025-11-05 07:03:07,,,,,,,,,,19.6612492,5.015625,990.0,1062.58752,22.5750008,,,10.55,0.0,21.94,,,,,,0.0,,
2025-11-05 07:03:08+00:00,2025-11-05 07:03:08,,,,,,,,,,19.6612492,5.0484376,988.0,1062.8313,22.9874992,,,10.55,0.0,21.94,,,,,,0.0,,
2025-11-05 07:03:09+00:00,2025-11-05 07:03:09,,,,,,,,,,19.6612492,5.0625,989.0,1062.58752,22.9750004,,,10.55,0.0,21.94,,,,,,0.0,,
2025-11-05 07:03:10+00:00,2025-11-05 07:03:10,24.6612492,27.0,27.0,27.0,27.0,21.996695673274566,100.0,BO_ONLY,"BO 모델 결과만 사용 (1단계 롤백, 2~4단계에서 Hz 변화 없음)",19.6612492,5.0625,989.0,1062.58752,22.9750004,,,10.55,0.0,22.49,,,,,,0.0,,
2025-11-05 07:03:11+00:00,2025-11-05 07:03:11,,,,,,,,,,19.6612492,5.10624981,989.0,1062.6687,23.4624996,,,10.55,0.0,22.49,,,,,,0.0,,
2025-11-05 07:03:12+00:00,2025-11-05 07:03:12,,,,,,,,,,19.6612492,5.10624981,989.0,1062.6687,23.4624996,,,10.55,0.0,22.49,,,,,,0.0,,
2025-11-05 07:03:13+00:00,2025-11-05 07:03:13,,,,,,,,,,19.6612492,5.19062519,987.0,1061.9375,23.6000004,,,10.55,0.0,22.49,,,,,,0.0,,
2025-11-05 07:03:14+00:00,2025-11-05 07:03:14,,,,,,,,,,19.6612492,5.2171874,987.0,1061.9375,23.6375008,,,10.55,0.0,22.49,,,,,,0.0,,
2025-11-05 07:03:15+00:00,2025-11-05 07:03:15,24.6612492,27.0,27.0,27.0,27.0,23.313709090422936,100.0,BO_ONLY,"BO 모델 결과만 사용 (1단계 롤백, 2~4단계에서 Hz 변화 없음)",19.6612492,5.2171874,987.0,1061.28748,23.6375008,,,10.55,0.0,22.49,,,,,,0.0,,
2025-11-05 07:03:16+00:00,2025-11-05 07:03:16,,,,,,,,,,19.6612492,5.23750019,987.0,1060.88123,23.7000008,,,10.55,0.0,22.49,,,,,,0.0,,
2025-11-05 07:03:17+00:00,2025-11-05 07:03:17,,,,,,,,,,19.6612492,5.23750019,987.0,1060.88123,23.7000008,,,10.55,0.0,22.49,,,,,,0.0,,
2025-11-05 07:03:18+00:00,2025-11-05 07:03:18,,,,,,,,,,19.6612492,5.27656269,988.0,1059.5,23.8125,,,10.55,0.0,22.49,,,,,,0.0,,
2025-11-05 07:03:19+00:00,2025-11-05 07:03:19,,,,,,,,,,19.6612492,5.3687501,987.0,1060.3938,23.9125004,,,10.55,0.0,22.49,,,,,,0.0,,
2025-11-05 07:03:20+00:00,2025-11-05 07:03:20,24.6612492,27.0,27.0,27.0,27.0,23.614932812610583,100.0,BO_ONLY,"BO 모델 결과만 사용 (1단계 롤백, 2~4단계에서 Hz 변화 없음)",19.6612492,5.3687501,987.0,1060.3938,23.9125004,,,10.55,0.0,23.2,,,,,,0.0,,
2025-11-05 07:03:21+00:00,2025-11-05 07:03:21,,,,,,,,,,19.6612492,5.49687481,987.0,1059.90625,23.9624996,,,10.55,0.0,23.2,,,,,,0.0,,
2025-11-05 07:03:22+00:00,2025-11-05 07:03:22,,,,,,,,,,19.6612492,5.49687481,987.0,1059.90625,23.9624996,,,10.55,0.0,23.2,,,,,,0.0,,
2025-11-05 07:03:23+00:00,2025-11-05 07:03:23,,,,,,,,,,19.6612492,5.5250001,987.0,1059.66248,24.0499992,,,10.55,0.0,23.2,,,,,,0.0,,
2025-11-05 07:03:24+00:00,2025-11-05 07:03:24,,,,,,,,,,19.6612492,5.6015625,988.0,1059.5,24.1625004,,,10.55,0.0,23.2,,,,,,0.0,,
2025-11-05 07:03:25+00:00,2025-11-05 07:03:25,24.6612492,27.0,27.0,27.0,27.0,23.75099468357988,100.0,BO_ONLY,"BO 모델 결과만 사용 (1단계 롤백, 2~4단계에서 Hz 변화 없음)",19.6612492,5.6015625,988.0,1059.5,24.1625004,,,10.55,0.0,23.2,,,,,,0.0,,
2025-11-05 07:03:26+00:00,2025-11-05 07:03:26,,,,,,,,,,19.6612492,5.71406269,987.0,1059.25623,24.4624996,,,10.55,0.0,23.2,,,,,,0.0,,
2025-11-05 07:03:27+00:00,2025-11-05 07:03:27,,,,,,,,,,19.6612492,5.75468731,988.0,1057.71252,24.3500004,,,10.55,0.0,23.2,,,,,,0.0,,
2025-11-05 07:03:28+00:00,2025-11-05 07:03:28,,,,,,,,,,19.6612492,5.75468731,988.0,1057.71252,24.3500004,,,10.55,0.0,23.2,,,,,,0.0,,
2025-11-05 07:03:29+00:00,2025-11-05 07:03:29,,,,,,,,,,19.6612492,5.8671875,987.0,1056.90002,24.4624996,,,10.55,0.0,23.2,,,,,,0.0,,
2025-11-05 07:03:30+00:00,2025-11-05 07:03:30,24.6612492,27.0,27.0,27.0,27.0,24.001467167579058,100.0,BO_ONLY,"BO 모델 결과만 사용 (1단계 롤백, 2~4단계에서 Hz 변화 없음)",19.6612492,5.8671875,987.0,1056.90002,24.4624996,,,10.55,0.0,23.2,,,,,,0.0,,
2025-11-05 07:03:31+00:00,2025-11-05 07:03:31,,,,,,,,,,19.6612492,6.0328126,987.0,1056.1687,24.3875008,,,10.55,0.0,23.66,,,,,,0.0,,
2025-11-05 07:03:32+00:00,2025-11-05 07:03:32,,,,,,,,,,19.6612492,6.12812519,987.0,1054.21875,24.5625,,,10.55,0.0,23.66,,,,,,0.0,,
2025-11-05 07:03:33+00:00,2025-11-05 07:03:33,,,,,,,,,,19.6612492,6.26093769,988.0,1054.94995,24.5125008,,,10.55,0.0,23.66,,,,,,0.0,,
2025-11-05 07:03:34+00:00,2025-11-05 07:03:34,,,,,,,,,,19.6612492,6.26093769,988.0,1054.94995,24.5125008,,,10.55,0.0,23.66,,,,,,0.0,,
2025-11-05 07:03:35+00:00,2025-11-05 07:03:35,24.6612492,27.0,27.0,27.0,27.0,24.337733680343565,100.0,BO_ONLY,"BO 모델 결과만 사용 (1단계 롤백, 2~4단계에서 Hz 변화 없음)",19.6612492,6.30000019,988.0,1054.21875,24.8500004,,,10.55,0.0,23.66,,,,,,0.0,,
2025-11-05 07:03:36+00:00,2025-11-05 07:03:36,,,,,,,,,,19.6612492,6.3531251,987.0,1053.48755,24.7749996,,,10.55,0.0,23.66,,,,,,0.0,,
2025-11-05 07:03:37+00:00,2025-11-05 07:03:37,,,,,,,,,,19.6612492,6.3531251,987.0,1053.48755,24.7749996,,,10.55,0.0,23.66,,,,,,0.0,,
2025-11-05 07:03:38+00:00,2025-11-05 07:03:38,,,,,,,,,,19.6612492,6.49687481,988.0,1052.9187,25.0,,,10.55,0.0,23.66,,,,,,0.0,,
2025-11-05 07:03:39+00:00,2025-11-05 07:03:39,,,,,,,,,,19.6612492,6.5921874,988.0,1053.40625,24.6124992,,,10.55,0.0,23.66,,,,,,0.0,,
2025-11-05 07:03:40+00:00,2025-11-05 07:03:40,24.6612492,26.0,26.0,26.0,26.0,25.246124935001966,100.0,BO_ONLY,"BO 모델 결과만 사용 (1단계 롤백, 2~4단계에서 Hz 변화 없음)",19.6612492,6.5921874,988.0,1053.40625,24.6124992,,,10.55,0.0,23.66,,,,,,0.0,,
2025-11-05 07:03:41+00:00,2025-11-05 07:03:41,,,,,,,,,,19.6612492,6.7203126,988.0,1053.7312,22.7000008,,,10.55,0.0,24.05,,,,,,0.0,,
2025-11-05 07:03:42+00:00,2025-11-05 07:03:42,,,,,,,,,,19.6612492,6.7203126,988.0,1053.7312,22.7000008,,,10.55,0.0,24.05,,,,,,0.0,,
2025-11-05 07:03:43+00:00,2025-11-05 07:03:43,,,,,,,,,,19.6612492,6.8296876,986.0,1051.375,22.5874996,,,10.55,0.0,24.05,,,,,,0.0,,
2025-11-05 07:03:44+00:00,2025-11-05 07:03:44,,,,,,,,,,19.6612492,6.8296876,986.0,1051.375,22.5874996,,,10.55,0.0,24.05,,,,,,0.0,,
2025-11-05 07:03:45+00:00,2025-11-05 07:03:45,24.0,24.0,24.0,24.0,24.0,20.45735842995687,100.0,BO_ONLY,"BO 모델 결과만 사용 (1단계 롤백, 2~4단계에서 Hz 변화 없음)",19.6612492,6.9203124,987.0,1050.15625,22.4624996,,,10.55,0.0,24.05,,,,,,0.0,,
2025-11-05 07:03:46+00:00,2025-11-05 07:03:46,,,,,,,,,,19.6612492,6.9203124,987.0,1050.15625,22.4624996,,,10.55,0.0,24.05,,,,,,0.0,,
2025-11-05 07:03:47+00:00,2025-11-05 07:03:47,,,,,,,,,,19.6612492,7.0015626,985.0,1049.75,22.7374992,,,10.55,0.0,24.05,,,,,,0.0,,
2025-11-05 07:03:48+00:00,2025-11-05 07:03:48,,,,,,,,,,19.6612492,7.0015626,985.0,1049.75,22.7374992,,,10.55,0.0,24.05,,,,,,0.0,,
2025-11-05 07:03:49+00:00,2025-11-05 07:03:49,,,,,,,,,,19.6612492,7.0,985.0,1049.75,22.8624992,,,10.55,0.0,24.05,,,,,,0.0,,
2025-11-05 07:03:50+00:00,2025-11-05 07:03:50,24.0,24.0,24.0,24.0,24.0,20.641198715413594,100.0,BO_ONLY,"BO 모델 결과만 사용 (1단계 롤백, 2~4단계에서 Hz 변화 없음)",19.6612492,6.99687481,984.0,1048.9375,23.6124992,,,10.55,0.0,22.25,,,,,,0.0,,
2025-11-05 07:03:52+00:00,2025-11-05 07:03:52,,,,,,,,,,19.6612492,6.99687481,984.0,1048.9375,23.6124992,,,10.55,0.0,22.25,,,,,,0.0,,
2025-11-05 07:03:53+00:00,2025-11-05 07:03:53,,,,,,,,,,19.6612492,7.0796876,984.0,1047.15002,23.4624996,,,10.55,0.0,22.25,,,,,,0.0,,
2025-11-05 07:03:54+00:00,2025-11-05 07:03:54,,,,,,,,,,19.6612492,7.04218769,984.0,1046.98755,23.3999996,,,10.55,0.0,22.25,,,,,,0.0,,
2025-11-05 07:03:55+00:00,2025-11-05 07:03:55,24.0,24.0,24.0,24.0,24.0,21.75628972392367,100.0,BO_ONLY,"BO 모델 결과만 사용 (1단계 롤백, 2~4단계에서 Hz 변화 없음)",19.6612492,7.04218769,984.0,1046.98755,23.3999996,,,10.55,0.0,22.25,,,,,,0.0,,
2025-11-05 07:03:56+00:00,2025-11-05 07:03:56,,,,,,,,,,19.6612492,7.10624981,985.0,1046.98755,24.2875004,,,10.55,0.0,22.25,,,,,,0.0,,
2025-11-05 07:03:57+00:00,2025-11-05 07:03:57,,,,,,,,,,19.6612492,7.10624981,985.0,1046.90625,24.2875004,,,10.55,0.0,22.25,,,,,,0.0,,
2025-11-05 07:03:58+00:00,2025-11-05 07:03:58,,,,,,,,,,19.6612492,7.02812481,984.0,1046.90625,24.3250008,,,10.55,0.0,22.25,,,,,,0.0,,
2025-11-05 07:03:59+00:00,2025-11-05 07:03:59,,,,,,,,,,19.6612492,7.02812481,984.0,1046.98755,24.3250008,,,10.55,0.0,22.25,,,,,,0.0,,
2025-11-05 07:04:00+00:00,2025-11-05 07:04:00,24.0,24.0,24.0,24.0,24.0,22.38953278783099,100.0,BO_ONLY,"BO 모델 결과만 사용 (1단계 롤백, 2~4단계에서 Hz 변화 없음)",19.6612492,7.0625,984.0,1047.63745,24.375,,3.0,10.55,0.0,22.25,,,,,,0.0,,
2025-11-05 07:04:01+00:00,2025-11-05 07:04:01,,,,,,,,,,19.6612492,7.0625,984.0,1047.63745,24.375,,,10.55,0.0,23.73,,,,,,0.0,,
2025-11-05 07:04:02+00:00,2025-11-05 07:04:02,,,,,,,,,,19.6612492,7.1156249,984.0,1045.6062,22.1375008,,,10.55,0.0,23.73,,,,,,0.0,,
2025-11-05 07:04:03+00:00,2025-11-05 07:04:03,,,,,,,,,,19.6612492,7.12031269,983.0,1044.0625,22.125,,,10.55,0.0,23.73,,,,,,0.0,,
2025-11-05 07:04:04+00:00,2025-11-05 07:04:04,,,,,,,,,,19.6612492,7.12031269,983.0,1044.0625,22.125,,,10.55,0.0,23.73,,,,,,0.0,,
2025-11-05 07:04:05+00:00,2025-11-05 07:04:05,22.0,22.0,22.0,22.0,22.0,20.954070943875085,100.0,BO_ONLY,"BO 모델 결과만 사용 (1단계 롤백, 2~4단계에서 Hz 변화 없음)",19.6612492,7.27031231,983.0,1041.94995,21.9874992,,,10.55,0.0,23.73,,,,,,0.0,,
2025-11-05 07:04:06+00:00,2025-11-05 07:04:06,,,,,,,,,,19.6612492,7.27031231,983.0,1041.94995,21.9874992,,,10.55,0.0,23.73,,,,,,0.0,,
2025-11-05 07:04:07+00:00,2025-11-05 07:04:07,,,,,,,,,,19.6612492,7.32343769,983.0,1041.13745,22.0750008,,,10.55,0.0,23.73,,,,,,0.0,,
2025-11-05 07:04:08+00:00,2025-11-05 07:04:08,,,,,,,,,,19.6612492,7.32343769,983.0,1041.13745,22.0750008,,,10.55,0.0,23.73,,,,,,0.0,,
2025-11-05 07:04:09+00:00,2025-11-05 07:04:09,,,,,,,,,,19.6612492,7.3031249,981.0,1040.0,22.125,,,10.55,0.0,23.73,,,,,,0.0,,
2025-11-05 07:04:10+00:00,2025-11-05 07:04:10,21.0,21.0,21.0,21.0,21.0,20.597458286035614,100.0,BO_ONLY,"BO 모델 결과만 사용 (1단계 롤백, 2~4단계에서 Hz 변화 없음)",19.6612492,7.3031249,981.0,1040.0,22.125,,,10.55,0.0,23.73,,,,,,0.0,,
2025-11-05 07:04:11+00:00,2025-11-05 07:04:11,,,,,,,,,,19.6612492,7.4515624,982.0,1039.83752,22.125,,,10.55,0.0,23.73,,,,,,0.0,,
2025-11-05 07:04:12+00:00,2025-11-05 07:04:12,,,,,,,,,,19.6612492,7.4124999,981.0,1040.0,21.875,,,10.55,0.0,21.44,,,,,,0.0,,
2025-11-05 07:04:13+00:00,2025-11-05 07:04:13,,,,,,,,,,19.6612492,7.4124999,981.0,1040.0,21.875,,,10.55,0.0,21.44,,,,,,0.0,,
2025-11-05 07:04:14+00:00,2025-11-05 07:04:14,,,,,,,,,,19.6612492,7.5,982.0,1039.34998,21.9375,,,10.55,0.0,21.44,,,,,,0.0,,
2025-11-05 07:04:15+00:00,2025-11-05 07:04:15,21.0,21.0,21.0,21.0,21.0,20.737265688674007,100.0,BO_ONLY,"BO 모델 결과만 사용 (1단계 롤백, 2~4단계에서 Hz 변화 없음)",19.6612492,7.5,982.0,1039.34998,21.9375,,,10.55,0.0,21.44,,,,,,0.0,,
2025-11-05 07:04:16+00:00,2025-11-05 07:04:16,,,,,,,,,,19.6612492,7.6015625,981.0,1036.99377,21.8500004,,,10.55,0.0,21.44,,,,,,0.0,,
2025-11-05 07:04:17+00:00,2025-11-05 07:04:17,,,,,,,,,,19.6612492,7.6015625,981.0,1036.99377,21.8500004,,,10.55,0.0,21.44,,,,,,0.0,,
2025-11-05 07:04:18+00:00,2025-11-05 07:04:18,,,,,,,,,,19.6612492,7.6859374,980.0,1037.07495,21.7000008,,,10.55,0.0,21.44,,,,,,0.0,,
2025-11-05 07:04:19+00:00,2025-11-05 07:04:19,,,,,,,,,,19.6612492,7.6859374,980.0,1037.07495,21.7000008,,,10.55,0.0,21.44,,,,,,0.0,,
2025-11-05 07:04:20+00:00,2025-11-05 07:04:20,22.0,22.0,22.0,22.0,22.0,21.161756799538963,100.0,BO_ONLY,"BO 모델 결과만 사용 (1단계 롤백, 2~4단계에서 Hz 변화 없음)",19.6612492,7.8531251,982.0,1037.4812,21.8125,,,10.55,0.0,21.44,,,,,,0.0,,
2025-11-05 07:04:21+00:00,2025-11-05 07:04:21,,,,,,,,,,19.6612492,7.8531251,982.0,1037.4812,21.8125,,,10.55,0.0,21.38,,,,,,0.0,,
2025-11-05 07:04:22+00:00,2025-11-05 07:04:22,,,,,,,,,,19.6612492,8.02031231,980.0,1035.9375,18.0125008,,,10.55,0.0,21.38,,,,,,0.0,,
2025-11-05 07:04:23+00:00,2025-11-05 07:04:23,,,,,,,,,,19.6612492,7.984375,980.0,1034.80005,18.0249996,,,10.55,0.0,21.38,,,,,,0.0,,
2025-11-05 07:04:24+00:00,2025-11-05 07:04:24,,,,,,,,,,19.6612492,7.984375,979.0,1034.80005,18.0249996,,,10.55,0.0,21.38,,,,,,0.0,,
2025-11-05 07:04:25+00:00,2025-11-05 07:04:25,22.0,22.0,22.0,22.0,22.0,19.203541489761875,100.0,BO_ONLY,"BO 모델 결과만 사용 (1단계 롤백, 2~4단계에서 Hz 변화 없음)",19.6612492,8.17031288,979.0,1034.3125,17.8374996,,,10.55,0.0,21.38,,,,,,0.0,,
2025-11-05 07:04:26+00:00,2025-11-05 07:04:26,,,,,,,,,,19.6612492,8.17031288,979.0,1034.3125,17.8374996,,,10.55,0.0,21.38,,,,,,0.0,,
2025-11-05 07:04:27+00:00,2025-11-05 07:04:27,,,,,,,,,,19.6612492,8.27656269,979.0,1034.47498,17.7999992,,,10.55,0.0,21.38,,,,,,0.0,,
2025-11-05 07:04:28+00:00,2025-11-05 07:04:28,,,,,,,,,,19.6612492,8.27656269,979.0,1034.47498,17.7999992,,,10.55,0.0,21.38,,,,,,0.0,,
2025-11-05 07:04:29+00:00,2025-11-05 07:04:29,,,,,,,,,,19.6612492,8.33906269,979.0,1032.6875,17.9874992,,,10.55,0.0,21.38,,,,,,0.0,,
2025-11-05 07:04:30+00:00,2025-11-05 07:04:30,23.0,23.0,23.0,23.0,23.0,17.88860042714731,100.0,BO_ONLY,"BO 모델 결과만 사용 (1단계 롤백, 2~4단계에서 Hz 변화 없음)",19.6612492,8.41562462,979.0,1032.19995,17.4874992,,,10.55,0.0,21.38,,,,,,0.0,,
2025-11-05 07:04:31+00:00,2025-11-05 07:04:31,,,,,,,,,,19.6612492,8.41562462,979.0,1032.19995,17.4874992,,,10.55,0.0,17.11,,,,,,0.0,,
2025-11-05 07:04:32+00:00,2025-11-05 07:04:32,,,,,,,,,,19.6612492,8.46406269,979.0,1031.30627,17.7875004,,,10.55,0.0,17.11,,,,,,0.0,,
2025-11-05 07:04:33+00:00,2025-11-05 07:04:33,,,,,,,,,,19.6612492,8.46406269,979.0,1031.30627,17.7875004,,,10.55,0.0,17.11,,,,,,0.0,,
2025-11-05 07:04:34+00:00,2025-11-05 07:04:34,,,,,,,,,,19.6612492,8.578125,979.0,1031.30627,17.7625008,,,10.55,0.0,17.11,,,,,,0.0,,
2025-11-05 07:04:35+00:00,2025-11-05 07:04:35,23.0,23.0,23.0,23.0,23.0,17.604562913858043,100.0,BO_ONLY,"BO 모델 결과만 사용 (1단계 롤백, 2~4단계에서 Hz 변화 없음)",19.6612492,8.578125,979.0,1027.40625,17.7625008,,,10.55,0.0,17.11,,,,,,0.0,,
2025-11-05 07:04:36+00:00,2025-11-05 07:04:36,,,,,,,,,,19.6612492,8.60781288,979.0,1027.40625,17.8250008,,,10.55,0.0,17.11,,,,,,0.0,,
2025-11-05 07:04:37+00:00,2025-11-05 07:04:37,,,,,,,,,,19.6612492,8.73281288,978.0,1027.97498,17.8624992,,,10.55,0.0,17.11,,,,,,0.0,,
2025-11-05 07:04:38+00:00,2025-11-05 07:04:38,,,,,,,,,,19.6612492,8.73281288,978.0,1027.97498,17.8624992,,,10.55,0.0,17.11,,,,,,0.0,,
2025-11-05 07:04:39+00:00,2025-11-05 07:04:39,,,,,,,,,,19.6612492,8.7734375,978.0,1028.05627,17.8875008,,,10.55,0.0,17.11,,,,,,0.0,,
2025-11-05 07:04:40+00:00,2025-11-05 07:04:40,20.0,20.0,20.0,20.0,20.0,16.600070588091178,100.0,BO_ONLY,"BO 모델 결과만 사용 (1단계 롤백, 2~4단계에서 Hz 변화 없음)",19.6612492,8.84062481,977.0,1027.40625,17.8999996,,,10.55,0.0,17.11,,,,,,0.0,,
2025-11-05 07:04:41+00:00,2025-11-05 07:04:41,,,,,,,,,,19.6612492,8.84062481,977.0,1027.40625,17.8999996,,,10.55,0.0,17.11,,,,,,0.0,,
2025-11-05 07:04:42+00:00,2025-11-05 07:04:42,,,,,,,,,,19.6612492,8.84531212,977.0,1025.69995,14.7875004,,,10.55,0.0,17.38,,,,,,0.0,,
2025-11-05 07:04:43+00:00,2025-11-05 07:04:43,,,,,,,,,,19.6612492,8.84531212,977.0,1025.69995,14.7875004,,,10.55,0.0,17.38,,,,,,0.0,,
2025-11-05 07:04:44+00:00,2025-11-05 07:04:44,,,,,,,,,,19.6612492,8.90468788,976.0,1023.75,14.4125004,,,10.55,0.0,17.38,,,,,,0.0,,
2025-11-05 07:04:45+00:00,2025-11-05 07:04:45,20.0,20.0,20.0,20.0,20.0,15.99152907082039,100.0,BO_ONLY,"BO 모델 결과만 사용 (1단계 롤백, 2~4단계에서 Hz 변화 없음)",19.6612492,8.90937519,976.0,1023.58752,14.8625002,,,10.55,0.0,17.38,,,,,,0.0,,
2025-11-05 07:04:46+00:00,2025-11-05 07:04:46,,,,,,,,,,19.6612492,8.90937519,977.0,1023.58752,14.8625002,,,10.55,0.0,17.38,,,,,,0.0,,
2025-11-05 07:04:47+00:00,2025-11-05 07:04:47,,,,,,,,,,19.6612492,9.06718731,977.0,1021.96252,14.7749996,,,10.55,0.0,17.38,,,,,,0.0,,
2025-11-05 07:04:48+00:00,2025-11-05 07:04:48,,,,,,,,,,19.6612492,9.06718731,976.0,1021.96252,14.7749996,,,10.55,0.0,17.38,,,,,,0.0,,
2025-11-05 07:04:49+00:00,2025-11-05 07:04:49,,,,,,,,,,19.6612492,9.10000038,977.0,1020.66248,14.5249996,,,10.55,0.0,17.38,,,,,,0.0,,
2025-11-05 07:04:50+00:00,2025-11-05 07:04:50,20.0,20.0,20.0,20.0,20.0,15.47163146599192,100.0,BO_ONLY,"BO 모델 결과만 사용 (1단계 롤백, 2~4단계에서 Hz 변화 없음)",19.6612492,9.16562462,977.0,1021.06873,15.25,,,10.55,0.0,14.3,,,,,,0.0,,
2025-11-05 07:04:51+00:00,2025-11-05 07:04:51,,,,,,,,,,19.6612492,9.16562462,977.0,1021.06873,15.25,,,10.55,0.0,14.3,,,,,,0.0,,
2025-11-05 07:04:52+00:00,2025-11-05 07:04:52,,,,,,,,,,19.6612492,9.12343788,977.0,1020.33752,15.3625002,,,10.55,0.0,14.3,,,,,,0.0,,
2025-11-05 07:04:53+00:00,2025-11-05 07:04:53,,,,,,,,,,19.6612492,9.13906288,977.0,1020.82501,15.0874996,,,10.55,0.0,14.3,,,,,,0.0,,
2025-11-05 07:04:54+00:00,2025-11-05 07:04:54,,,,,,,,,,19.6612492,9.13906288,977.0,1020.82501,15.0874996,,,10.55,0.0,14.3,,,,,,0.0,,
2025-11-05 07:04:55+00:00,2025-11-05 07:04:55,21.0,21.0,21.0,21.0,21.0,15.424590223250851,100.0,BO_ONLY,"BO 모델 결과만 사용 (1단계 롤백, 2~4단계에서 Hz 변화 없음)",19.6612492,9.13906288,977.0,1020.82501,15.0874996,,,10.55,0.0,14.3,,,,,,0.0,,
2025-11-05 07:04:56+00:00,2025-11-05 07:04:56,,,,,,,,,,19.6612492,9.16093731,977.0,1018.875,15.7624998,,,10.55,0.0,14.3,,,,,,0.0,,
2025-11-05 07:04:57+00:00,2025-11-05 07:04:57,,,,,,,,,,19.6612492,9.16093731,977.0,1018.875,15.7624998,,,10.55,0.0,14.3,,,,,,0.0,,
2025-11-05 07:04:58+00:00,2025-11-05 07:04:58,,,,,,,,,,19.6612492,9.27031231,976.0,1018.14374,15.8125,,,10.55,0.0,14.3,,,,,,0.0,,
2025-11-05 07:04:59+00:00,2025-11-05 07:04:59,,,,,,,,,,19.6612492,9.25,977.0,1016.03125,15.75,,,10.55,0.0,14.3,,,,,,0.0,,
2025-11-05 07:05:00+00:00,2025-11-05 07:05:00,21.0,21.0,21.0,21.0,21.0,15.640423535735248,100.0,BO_ONLY,"BO 모델 결과만 사용 (1단계 롤백, 2~4단계에서 Hz 변화 없음)",19.6612492,9.25,977.0,1016.03125,15.75,,3.0,10.55,0.0,15.07,,,,,,0.0,,
2025-11-05 07:05:01+00:00,2025-11-05 07:05:01,,,,,,,,,,19.6612492,9.29843712,976.0,1014.24377,12.9624996,,,10.55,0.0,15.07,,,,,,0.0,,
2025-11-05 07:05:02+00:00,2025-11-05 07:05:02,,,,,,,,,,19.6612492,9.24374962,976.0,1014.08124,12.9875002,,,10.55,0.0,15.07,,,,,,0.0,,
2025-11-05 07:05:03+00:00,2025-11-05 07:05:03,,,,,,,,,,19.6612492,9.24374962,976.0,1014.08124,12.9875002,,,10.55,0.0,15.07,,,,,,0.0,,
2025-11-05 07:05:04+00:00,2025-11-05 07:05:04,,,,,,,,,,19.6612492,9.28281212,976.0,1014.16248,12.9250002,,,10.55,0.0,15.07,,,,,,0.0,,
2025-11-05 07:05:05+00:00,2025-11-05 07:05:05,21.0,21.0,21.0,21.0,21.0,13.872094889963924,100.0,BO_ONLY,"BO 모델 결과만 사용 (1단계 롤백, 2~4단계에서 Hz 변화 없음)",19.6612492,9.28281212,976.0,1014.16248,12.9250002,,,10.55,0.0,15.07,,,,,,0.0,,
2025-11-05 07:05:06+00:00,2025-11-05 07:05:06,,,,,,,,,,19.6612492,9.23124981,977.0,1015.21875,13.4250002,,,10.55,0.0,15.07,,,,,,0.0,,
2025-11-05 07:05:07+00:00,2025-11-05 07:05:07,,,,,,,,,,19.6612492,9.23124981,977.0,1015.21875,13.4250002,,,10.55,0.0,15.07,,,,,,0.0,,
2025-11-05 07:05:08+00:00,2025-11-05 07:05:08,,,,,,,,,,19.6612492,9.24687481,976.0,1013.26874,13.4750004,,,10.55,0.0,15.07,,,,,,0.0,,
2025-11-05 07:05:09+00:00,2025-11-05 07:05:09,,,,,,,,,,19.6612492,9.27031231,977.0,1013.10626,13.3625002,,,10.55,0.0,15.07,,,,,,0.0,,
2025-11-05 07:05:10+00:00,2025-11-05 07:05:10,21.0,21.0,21.0,21.0,21.0,13.88837079268836,100.0,BO_ONLY,"BO 모델 결과만 사용 (1단계 롤백, 2~4단계에서 Hz 변화 없음)",19.6612492,9.27031231,977.0,1013.10626,13.3625002,,,10.55,0.0,15.07,,,,,,0.0,,
2025-11-05 07:05:11+00:00,2025-11-05 07:05:11,,,,,,,,,,19.6612492,9.27187538,977.0,1011.48126,13.6750002,,,10.55,0.0,12.72,,,,,,0.0,,
2025-11-05 07:05:12+00:00,2025-11-05 07:05:12,,,,,,,,,,19.6612492,9.32656288,976.0,1010.75,13.6499996,,,10.55,0.0,12.72,,,,,,0.0,,
2025-11-05 07:05:13+00:00,2025-11-05 07:05:13,,,,,,,,,,19.6612492,9.32656288,976.0,1010.75,13.6499996,,,10.55,0.0,12.72,,,,,,0.0,,
2025-11-05 07:05:14+00:00,2025-11-05 07:05:14,,,,,,,,,,19.6612492,9.24374962,976.0,1009.9375,13.6499996,,,10.55,0.0,12.72,,,,,,0.0,,
2025-11-05 07:05:15+00:00,2025-11-05 07:05:15,21.0,21.0,21.0,21.0,21.0,14.018704726781852,100.0,BO_ONLY,"BO 모델 결과만 사용 (1단계 롤백, 2~4단계에서 Hz 변화 없음)",19.6612492,9.24374962,976.0,1009.9375,13.6499996,,,10.55,0.0,12.72,,,,,,0.0,,
2025-11-05 07:05:16+00:00,2025-11-05 07:05:16,,,,,,,,,,19.6612492,9.01718712,979.0,1009.53125,13.75,,,10.55,0.0,12.72,,,,,,0.0,,
2025-11-05 07:05:17+00:00,2025-11-05 07:05:17,,,,,,,,,,19.6612492,8.93124962,978.0,1008.55627,13.875,,,10.55,0.0,12.72,,,,,,0.0,,
2025-11-05 07:05:18+00:00,2025-11-05 07:05:18,,,,,,,,,,19.6612492,8.93124962,978.0,1008.55627,13.875,,,10.55,0.0,12.72,,,,,,0.0,,
2025-11-05 07:05:19+00:00,2025-11-05 07:05:19,,,,,,,,,,19.6612492,8.71249962,979.0,1008.63751,13.9624996,,,10.55,0.0,12.72,,,,,,0.0,,
2025-11-05 07:05:20+00:00,2025-11-05 07:05:20,21.0,21.0,21.0,21.0,21.0,13.684807262848818,100.0,BO_ONLY,"BO 모델 결과만 사용 (1단계 롤백, 2~4단계에서 Hz 변화 없음)",19.6612492,8.71249962,979.0,1008.63751,13.9624996,,,10.55,0.0,12.72,,,,,,0.0,,
2025-11-05 07:05:21+00:00,2025-11-05 07:05:21,,,,,,,,,,19.6612492,8.52968788,979.0,1008.23126,11.5124998,,,10.55,0.0,13.28,,,,,,0.0,,
2025-11-05 07:05:22+00:00,2025-11-05 07:05:22,,,,,,,,,,19.6612492,8.25937462,979.0,1008.47498,11.7250004,,,10.55,0.0,13.28,,,,,,0.0,,
2025-11-05 07:05:23+00:00,2025-11-05 07:05:23,,,,,,,,,,19.6612492,8.25937462,979.0,1008.47498,11.7250004,,,10.55,0.0,13.28,,,,,,0.0,,
2025-11-05 07:05:24+00:00,2025-11-05 07:05:24,,,,,,,,,,19.6612492,8.00312519,980.0,1008.79999,11.5500002,,,10.55,0.0,13.28,,,,,,0.0,,
2025-11-05 07:05:25+00:00,2025-11-05 07:05:25,21.0,21.0,21.0,21.0,21.0,13.005959905532274,100.0,BO_ONLY,"BO 모델 결과만 사용 (1단계 롤백, 2~4단계에서 Hz 변화 없음)",19.6612492,7.7593751,980.0,1007.5,11.7749996,,,10.55,0.0,13.28,,,,,,0.0,,
2025-11-05 07:05:26+00:00,2025-11-05 07:05:26,,,,,,,,,,19.6612492,7.7593751,980.0,1007.5,11.7749996,,,10.55,0.0,13.28,,,,,,0.0,,
2025-11-05 07:05:27+00:00,2025-11-05 07:05:27,,,,,,,,,,19.6612492,7.5390625,980.0,1007.25623,11.4875002,,,10.55,0.0,13.28,,,,,,0.0,,
2025-11-05 07:05:29+00:00,2025-11-05 07:05:29,,,,,,,,,,19.6612492,7.5390625,980.0,1007.25623,11.4875002,,,10.55,0.0,13.28,,,,,,0.0,,
2025-11-05 07:05:30+00:00,2025-11-05 07:05:30,21.0,21.0,21.0,21.0,21.0,12.708947154727564,100.0,BO_ONLY,"BO 모델 결과만 사용 (1단계 롤백, 2~4단계에서 Hz 변화 없음)",19.6612492,7.1656251,979.0,1008.23126,12.0,,,10.55,0.0,13.28,,,,,,0.0,,
2025-11-05 07:05:31+00:00,2025-11-05 07:05:31,,,,,,,,,,19.6612492,7.1656251,979.0,1008.23126,12.0,,,10.55,0.0,11.16,,,,,,0.0,,
2025-11-05 07:05:32+00:00,2025-11-05 07:05:32,,,,,,,,,,19.6612492,6.76249981,979.0,1008.06873,11.8999996,,,10.55,0.0,11.16,,,,,,0.0,,
2025-11-05 07:05:33+00:00,2025-11-05 07:05:33,,,,,,,,,,19.6612492,6.53125,979.0,1007.66248,11.9499998,,,10.55,0.0,11.16,,,,,,0.0,,
2025-11-05 07:05:34+00:00,2025-11-05 07:05:34,,,,,,,,,,19.6612492,6.53125,979.0,1007.66248,11.9499998,,,10.55,0.0,11.16,,,,,,0.0,,
2025-11-05 07:05:35+00:00,2025-11-05 07:05:35,18.0,24.0,24.0,18.0,18.0,11.958904895576921,304.0,BO_O2_RULE,"제어매트릭스 규칙 적용: NOX_LOW (3단계 롤백, 4단계에서 Hz 변화 없음)",19.6612492,6.05937481,980.0,1007.01251,11.6999998,,,10.55,0.0,11.16,,,,,,0.0,,
2025-11-05 07:05:36+00:00,2025-11-05 07:05:36,,,,,,,,,,19.6612492,5.8218751,980.0,1006.52502,12.1499996,,,10.55,0.0,11.16,,,,,,0.0,,
2025-11-05 07:05:37+00:00,2025-11-05 07:05:37,,,,,,,,,,19.6612492,5.8218751,980.0,1006.52502,12.1499996,,,10.55,0.0,11.16,,,,,,0.0,,
2025-11-05 07:05:38+00:00,2025-11-05 07:05:38,,,,,,,,,,19.6612492,5.2750001,981.0,1006.84998,12.1999998,,,10.55,0.0,11.16,,,,,,0.0,,
2025-11-05 07:05:39+00:00,2025-11-05 07:05:39,,,,,,,,,,19.6612492,5.0609374,981.0,1007.82501,12.2250004,,,10.55,0.0,11.16,,,,,,0.0,,
2025-11-05 07:05:40+00:00,2025-11-05 07:05:40,18.0,25.0,25.0,18.0,18.0,10.874465864805522,304.0,BO_O2_RULE,"제어매트릭스 규칙 적용: NOX_LOW (3단계 롤백, 4단계에서 Hz 변화 없음)",19.6612492,5.0609374,981.0,1007.82501,12.2250004,,,10.55,0.0,11.16,,,,,,0.0,,
2025-11-05 07:05:41+00:00,2025-11-05 07:05:41,,,,,,,,,,19.6612492,4.7578125,981.0,1008.63751,12.3625002,,,10.55,0.0,11.63,,,,,,0.0,,
2025-11-05 07:05:42+00:00,2025-11-05 07:05:42,,,,,,,,,,19.6612492,4.4906249,981.0,1008.63751,12.4624996,,,10.55,0.0,11.63,,,,,,0.0,,
2025-11-05 07:05:43+00:00,2025-11-05 07:05:43,,,,,,,,,,19.6612492,4.4906249,981.0,1007.98749,12.4624996,,,10.55,0.0,11.63,,,,,,0.0,,
2025-11-05 07:05:44+00:00,2025-11-05 07:05:44,,,,,,,,,,19.6612492,4.26875019,981.0,1007.98749,12.375,,,10.55,0.0,11.63,,,,,,0.0,,
2025-11-05 07:05:45+00:00,2025-11-05 07:05:45,18.0,23.0,23.0,18.0,18.0,9.857258672838224,304.0,BO_O2_RULE,"제어매트릭스 규칙 적용: NOX_LOW (3단계 롤백, 4단계에서 Hz 변화 없음)",19.6612492,4.26875019,981.0,1008.63751,12.375,,,10.55,0.0,11.63,,,,,,0.0,,
2025-11-05 07:05:46+00:00,2025-11-05 07:05:46,,,,,,,,,,19.6612492,3.93437505,981.0,1007.82501,10.9250002,,,10.55,0.0,11.63,,,,,,0.0,,
2025-11-05 07:05:47+00:00,2025-11-05 07:05:47,,,,,,,,,,19.6612492,3.93437505,981.0,1007.82501,10.9250002,,,10.55,0.0,11.63,,,,,,0.0,,
2025-11-05 07:05:48+00:00,2025-11-05 07:05:48,,,,,,,,,,19.6612492,3.7578125,981.0,1008.3125,10.9499998,,,10.55,0.0,11.63,,,,,,0.0,,
2025-11-05 07:05:49+00:00,2025-11-05 07:05:49,,,,,,,,,,19.6612492,3.62187505,981.0,1007.98749,10.9375,,,10.55,0.0,11.63,,,,,,0.0,,
2025-11-05 07:05:50+00:00,2025-11-05 07:05:50,18.0,21.0,21.0,18.0,18.0,10.096862525080324,304.0,BO_O2_RULE,"제어매트릭스 규칙 적용: NOX_LOW (3단계 롤백, 4단계에서 Hz 변화 없음)",19.6612492,3.62187505,981.0,1007.98749,10.9375,,,10.55,0.0,11.63,,,,,,0.0,,
2025-11-05 07:05:51+00:00,2025-11-05 07:05:51,,,,,,,,,,19.6612492,3.4234376,982.0,1007.98749,11.0874996,,,10.55,0.0,11.63,,,,,,0.0,,
2025-11-05 07:05:52+00:00,2025-11-05 07:05:52,,,,,,,,,,19.6612492,3.4234376,982.0,1008.63751,11.0874996,,,10.55,0.0,10.3,,,,,,0.0,,
2025-11-05 07:05:53+00:00,2025-11-05 07:05:53,,,,,,,,,,19.6612492,3.27812505,982.0,1009.125,11.0625,,,10.55,0.0,10.3,,,,,,0.0,,
2025-11-05 07:05:54+00:00,2025-11-05 07:05:54,,,,,,,,,,19.6612492,3.16718745,982.0,1010.34375,11.1125002,,,10.55,0.0,10.3,,,,,,0.0,,
2025-11-05 07:05:55+00:00,2025-11-05 07:05:55,18.0,20.0,20.0,18.0,18.0,9.732704850305383,304.0,BO_O2_RULE,"제어매트릭스 규칙 적용: NOX_LOW (3단계 롤백, 4단계에서 Hz 변화 없음)",19.6612492,3.16718745,982.0,1010.34375,11.1125002,,,10.55,0.0,10.3,,,,,,0.0,,
2025-11-05 07:05:56+00:00,2025-11-05 07:05:56,,,,,,,,,,19.6612492,3.0296874,982.0,1010.99377,11.3125,,,10.55,0.0,10.3,,,,,,0.0,,
2025-11-05 07:05:57+00:00,2025-11-05 07:05:57,,,,,,,,,,19.6612492,2.9140625,980.0,1011.23749,11.375,,,10.55,0.0,10.3,,,,,,0.0,,
2025-11-05 07:05:58+00:00,2025-11-05 07:05:58,,,,,,,,,,19.6612492,2.76093745,983.0,1011.5625,11.2375002,,,10.55,0.0,10.3,,,,,,0.0,,
2025-11-05 07:05:59+00:00,2025-11-05 07:05:59,,,,,,,,,,19.6612492,2.76093745,983.0,1011.5625,11.2375002,,,10.55,0.0,10.3,,,,,,0.0,,
2025-11-05 07:06:00+00:00,2025-11-05 07:06:00,18.0,20.0,20.0,18.0,18.0,10.447448017403413,304.0,BO_O2_RULE,"제어매트릭스 규칙 적용: NOX_LOW (3단계 롤백, 4단계에서 Hz 변화 없음)",19.6612492,2.578125,982.0,1011.48126,11.375,,3.0,10.55,0.0,10.3,,,,,,0.0,,
2025-11-05 07:06:01+00:00,2025-11-05 07:06:01,,,,,,,,,,19.6612492,2.4453125,983.0,1012.45624,11.4750004,,,10.55,0.0,10.3,,,,,,0.0,,
2025-11-05 07:06:02+00:00,2025-11-05 07:06:02,,,,,,,,,,19.6612492,2.4453125,983.0,1012.45624,11.4750004,,,12.35,0.0,10.76,,,,,,0.0,,
2025-11-05 07:06:03+00:00,2025-11-05 07:06:03,,,,,,,,,,19.6612492,2.2093749,983.0,1014.89374,11.7124996,,,12.35,0.0,10.76,,,,,,0.0,,
2025-11-05 07:06:04+00:00,2025-11-05 07:06:04,,,,,,,,,,19.6612492,2.2093749,983.0,1014.89374,11.7124996,,,12.35,0.0,10.76,,,,,,0.0,,
2025-11-05 07:06:05+00:00,2025-11-05 07:06:05,18.0,19.0,19.0,18.0,18.0,9.544190595451663,304.0,BO_O2_RULE,"제어매트릭스 규칙 적용: NOX_LOW (3단계 롤백, 4단계에서 Hz 변화 없음)",19.6612492,1.95156252,985.0,1014.40625,11.2124996,,,12.35,0.0,10.76,,,,,,0.0,,
2025-11-05 07:06:06+00:00,2025-11-05 07:06:06,,,,,,,,,,19.6612492,1.83124995,984.0,1014.48749,10.9624996,,,12.35,0.0,10.76,,,,,,0.0,,
2025-11-05 07:06:07+00:00,2025-11-05 07:06:07,,,,,,,,,,19.6612492,1.83124995,984.0,1014.48749,10.9624996,,,12.35,0.0,10.76,,,,,,0.0,,
2025-11-05 07:06:08+00:00,2025-11-05 07:06:08,,,,,,,,,,19.6612492,1.67499995,984.0,1016.11249,11.0625,,,12.35,0.0,10.76,,,,,,0.0,,
2025-11-05 07:06:09+00:00,2025-11-05 07:06:09,,,,,,,,,,19.6612492,1.67499995,984.0,1016.11249,11.0625,,,12.35,0.0,10.76,,,,,,0.0,,
2025-11-05 07:06:10+00:00,2025-11-05 07:06:10,18.0,18.0,18.0,18.0,18.0,10.705397148901847,100.0,BO_ONLY,"BO 모델 결과만 사용 (1단계 롤백, 2~4단계에서 Hz 변화 없음)",19.6612492,1.46875,985.0,1017.90002,10.8249998,,,12.35,0.0,10.76,,,,,,0.0,,
2025-11-05 07:06:11+00:00,2025-11-05 07:06:11,,,,,,,,,,19.6612492,1.46875,985.0,1017.90002,10.8249998,,,12.35,0.0,10.19,,,,,,0.0,,
2025-11-05 07:06:12+00:00,2025-11-05 07:06:12,,,,,,,,,,19.6612492,1.25,984.0,1019.6875,10.75,,,12.35,0.0,10.19,,,,,,0.0,,
2025-11-05 07:06:13+00:00,2025-11-05 07:06:13,,,,,,,,,,19.6612492,1.25,984.0,1019.6875,10.75,,,12.35,0.0,10.19,,,,,,0.0,,
2025-11-05 07:06:14+00:00,2025-11-05 07:06:14,,,,,,,,,,19.6612492,1.06406248,985.0,1020.98749,10.7624998,,,12.35,0.0,10.19,,,,,,0.0,,
2025-11-05 07:06:15+00:00,2025-11-05 07:06:15,18.0,18.0,18.0,18.0,18.0,11.263847148574847,100.0,BO_ONLY,"BO 모델 결과만 사용 (1단계 롤백, 2~4단계에서 Hz 변화 없음)",19.6612492,1.06406248,985.0,1020.98749,10.7624998,,,12.35,0.0,10.19,,,,,,0.0,,
2025-11-05 07:06:16+00:00,2025-11-05 07:06:16,,,,,,,,,,19.6612492,0.979687512,985.0,1021.15002,10.7749996,,,12.35,0.0,10.19,,,,,,0.0,,
2025-11-05 07:06:17+00:00,2025-11-05 07:06:17,,,,,,,,,,19.6612492,0.979687512,985.0,1021.15002,10.7749996,,,12.35,0.0,10.19,,,,,,0.0,,
2025-11-05 07:06:18+00:00,2025-11-05 07:06:18,,,,,,,,,,19.6612492,0.818750024,986.0,1023.09998,10.8249998,,,12.35,0.0,10.19,,,,,,0.0,,
2025-11-05 07:06:19+00:00,2025-11-05 07:06:19,,,,,,,,,,19.6612492,0.818750024,986.0,1023.09998,10.8249998,,,12.35,0.0,10.19,,,,,,0.0,,
2025-11-05 07:06:20+00:00,2025-11-05 07:06:20,24.6612492,18.0,18.0,28.0,28.0,12.581590480683717,308.0,BO_O2_RULE,"제어매트릭스 규칙 적용: O2_LOW (3단계 롤백, 4단계에서 Hz 변화 없음)",19.6612492,0.71875,986.0,1024.72498,10.8249998,,,12.35,0.0,10.19,,,,,,0.0,,
2025-11-05 07:06:21+00:00,2025-11-05 07:06:21,,,,,,,,,,19.6612492,0.71875,986.0,1024.72498,10.8249998,,,12.35,0.0,10.19,,,,,,0.0,,
2025-11-05 07:06:22+00:00,2025-11-05 07:06:22,,,,,,,,,,19.6612492,0.573437512,986.0,1026.2688,10.75,,,12.35,0.0,10.36,,,,,,0.0,,
2025-11-05 07:06:23+00:00,2025-11-05 07:06:23,,,,,,,,,,19.6612492,0.573437512,986.0,1026.2688,10.75,,,12.35,0.0,10.36,,,,,,0.0,,
2025-11-05 07:06:24+00:00,2025-11-05 07:06:24,,,,,,,,,,19.6612492,0.432812512,988.0,1027.24377,10.6750002,,,12.35,0.0,10.36,,,,,,0.0,,
2025-11-05 07:06:25+00:00,2025-11-05 07:06:25,24.6612492,18.0,18.0,28.0,28.0,12.21114620589242,308.0,BO_O2_RULE,"제어매트릭스 규칙 적용: O2_LOW (3단계 롤백, 4단계에서 Hz 변화 없음)",19.6612492,0.432812512,988.0,1027.24377,10.6750002,,,12.35,0.0,10.36,,,,,,0.0,,
2025-11-05 07:06:26+00:00,2025-11-05 07:06:26,,,,,,,,,,19.6612492,0.309374988,988.0,1029.92505,10.5749998,,,12.35,0.0,10.36,,,,,,0.0,,
2025-11-05 07:06:27+00:00,2025-11-05 07:06:27,,,,,,,,,,19.6612492,0.282812506,988.0,1032.03748,10.4750004,,,12.35,0.0,10.36,,,,,,0.0,,
2025-11-05 07:06:28+00:00,2025-11-05 07:06:28,,,,,,,,,,19.6612492,0.282812506,988.0,1032.03748,10.4750004,,,12.35,0.0,10.36,,,,,,0.0,,
2025-11-05 07:06:29+00:00,2025-11-05 07:06:29,,,,,,,,,,19.6612492,0.224999994,988.0,1033.90625,10.3374996,,,12.35,0.0,10.36,,,,,,0.0,,
2025-11-05 07:06:30+00:00,2025-11-05 07:06:30,24.6612492,18.0,18.0,28.0,28.0,12.46823939123116,308.0,BO_O2_RULE,"제어매트릭스 규칙 적용: O2_LOW (3단계 롤백, 4단계에서 Hz 변화 없음)",19.6612492,0.224999994,988.0,1033.90625,10.3374996,,,12.35,0.0,9.87,,,,,,0.0,,
2025-11-05 07:06:31+00:00,2025-11-05 07:06:31,,,,,,,,,,19.6612492,0.143749997,987.0,1034.2312,10.1875,,,12.35,0.0,9.87,,,,,,0.0,,
2025-11-05 07:06:32+00:00,2025-11-05 07:06:32,,,,,,,,,,19.6612492,0.143749997,987.0,1034.2312,10.1875,,,12.35,0.0,9.87,,,,,,0.0,,
2025-11-05 07:06:33+00:00,2025-11-05 07:06:33,,,,,,,,,,19.6612492,0.0171875004,988.0,1037.6438,10.0500002,,,12.35,0.0,9.87,,,,,,0.0,,
2025-11-05 07:06:34+00:00,2025-11-05 07:06:34,,,,,,,,,,19.6612492,0.0125000002,987.0,1037.4812,10.3000002,,,12.35,0.0,9.87,,,,,,0.0,,
2025-11-05 07:06:35+00:00,2025-11-05 07:06:35,24.6612492,18.0,18.0,28.0,28.0,13.141888507553135,308.0,BO_O2_RULE,"제어매트릭스 규칙 적용: O2_LOW (3단계 롤백, 4단계에서 Hz 변화 없음)",19.6612492,0.0171875004,988.0,1039.1062,9.94999981,,,12.35,0.0,9.87,,,,,,0.0,,
2025-11-05 07:06:36+00:00,2025-11-05 07:06:36,,,,,,,,,,19.6612492,0.0171875004,988.0,1039.1062,9.94999981,,,12.35,0.0,9.87,,,,,,0.0,,
2025-11-05 07:06:37+00:00,2025-11-05 07:06:37,,,,,,,,,,19.6612492,0.0187500007,988.0,1040.24377,9.5,,,12.35,0.0,9.87,,,,,,0.0,,
2025-11-05 07:06:38+00:00,2025-11-05 07:06:38,,,,,,,,,,19.6612492,0.0187500007,987.0,1040.7312,9.51249981,,,12.35,0.0,9.87,,,,,,0.0,,
2025-11-05 07:06:39+00:00,2025-11-05 07:06:39,,,,,,,,,,19.6612492,0.0,987.0,1040.7312,9.51249981,,,12.35,0.0,9.87,,,,,,0.0,,
2025-11-05 07:06:40+00:00,2025-11-05 07:06:40,24.6612492,18.0,18.0,28.0,28.0,12.769020406566183,308.0,BO_O2_RULE,"제어매트릭스 규칙 적용: O2_LOW (3단계 롤백, 4단계에서 Hz 변화 없음)",19.6612492,0.0,988.0,1043.41248,8.75,,,12.35,0.0,8.96,,,,,,0.0,,
2025-11-05 07:06:41+00:00,2025-11-05 07:06:41,,,,,,,,,,19.6612492,0.0203124993,988.0,1043.41248,8.75,,,12.35,0.0,8.96,,,,,,0.0,,
2025-11-05 07:06:42+00:00,2025-11-05 07:06:42,,,,,,,,,,19.6612492,0.0,988.0,1047.47498,8.88749981,,,12.35,0.0,8.96,,,,,,0.0,,
2025-11-05 07:06:43+00:00,2025-11-05 07:06:43,,,,,,,,,,19.6612492,0.0,988.0,1047.47498,8.88749981,,,12.35,0.0,8.96,,,,,,0.0,,
2025-11-05 07:06:44+00:00,2025-11-05 07:06:44,,,,,,,,,,19.6612492,0.0,988.0,1047.47498,8.64999962,,,12.35,0.0,8.96,,,,,,0.0,,
2025-11-05 07:06:45+00:00,2025-11-05 07:06:45,24.6612492,18.0,18.0,28.0,28.0,15.162313864597461,308.0,BO_O2_RULE,"제어매트릭스 규칙 적용: O2_LOW (3단계 롤백, 4단계에서 Hz 변화 없음)",19.6612492,0.0,988.0,1047.47498,8.64999962,,,12.35,0.0,8.96,,,,,,0.0,,
2025-11-05 07:06:46+00:00,2025-11-05 07:06:46,,,,,,,,,,19.6612492,0.0,988.0,1049.09998,8.5,,,12.35,0.0,8.96,,,,,,0.0,,
2025-11-05 07:06:47+00:00,2025-11-05 07:06:47,,,,,,,,,,19.6612492,0.0109374998,988.0,1049.09998,8.5,,,12.35,0.0,8.96,,,,,,0.0,,
2025-11-05 07:06:48+00:00,2025-11-05 07:06:48,,,,,,,,,,19.6612492,0.0109374998,988.0,1050.5625,8.83749962,,,12.35,0.0,8.96,,,,,,0.0,,
2025-11-05 07:06:49+00:00,2025-11-05 07:06:49,,,,,,,,,,19.6612492,0.0,988.0,1052.2688,8.60000038,,,12.35,0.0,8.96,,,,,,0.0,,
2025-11-05 07:06:50+00:00,2025-11-05 07:06:50,20.0,20.0,20.0,20.0,20.0,,2.0,FALLBACK,Fallback Hz 사용: 20.0Hz (essential_range_violation),19.6612492,0.0,988.0,1052.2688,8.60000038,,,12.35,0.0,8.96,,,,,,0.0,,
2025-11-05 07:06:51+00:00,2025-11-05 07:06:51,,,,,,,,,,19.6612492,0.03125,988.0,1053.0,8.125,,,12.35,0.0,8.19,,,,,,0.0,,
2025-11-05 07:06:52+00:00,2025-11-05 07:06:52,,,,,,,,,,19.6612492,0.03125,988.0,1053.0,8.125,,,12.35,0.0,8.19,,,,,,0.0,,
2025-11-05 07:06:53+00:00,2025-11-05 07:06:53,,,,,,,,,,19.6612492,0.0203124993,987.0,1055.59998,7.9625001,,,12.35,0.0,8.19,,,,,,0.0,,
2025-11-05 07:06:54+00:00,2025-11-05 07:06:54,,,,,,,,,,19.6612492,0.0203124993,987.0,1055.59998,7.9625001,,,12.35,0.0,8.19,,,,,,0.0,,
2025-11-05 07:06:55+00:00,2025-11-05 07:06:55,24.6612492,21.0,21.0,28.0,28.0,16.09512672918149,308.0,BO_O2_RULE,"제어매트릭스 규칙 적용: O2_LOW (3단계 롤백, 4단계에서 Hz 변화 없음)",19.6612492,0.0203124993,987.0,1058.03748,8.21249962,,,12.35,0.0,8.19,,,,,,0.0,,
2025-11-05 07:06:56+00:00,2025-11-05 07:06:56,,,,,,,,,,19.6612492,0.0,987.0,1058.03748,8.21249962,,,12.35,0.0,8.19,,,,,,0.0,,
2025-11-05 07:06:57+00:00,2025-11-05 07:06:57,,,,,,,,,,19.6612492,0.0,987.0,1059.66248,8.17500019,,,12.35,0.0,8.19,,,,,,0.0,,
2025-11-05 07:06:58+00:00,2025-11-05 07:06:58,,,,,,,,,,19.6612492,0.0,988.0,1059.5813,7.5625,,,12.35,0.0,8.19,,,,,,0.0,,
2025-11-05 07:06:59+00:00,2025-11-05 07:06:59,,,,,,,,,,19.6612492,0.0,988.0,1059.5813,7.5625,,,12.35,0.0,8.19,,,,,,0.0,,
2025-11-05 07:07:00+00:00,2025-11-05 07:07:00,20.0,20.0,20.0,20.0,20.0,,2.0,FALLBACK,Fallback Hz 사용: 20.0Hz (essential_range_violation),19.6612492,0.0,987.0,1062.91248,7.9124999,,3.0,12.35,0.0,8.19,,,,,,0.0,,
2025-11-05 07:07:01+00:00,2025-11-05 07:07:01,,,,,,,,,,19.6612492,0.0140624996,988.0,1063.15625,7.2125001,,,12.35,0.0,7.05,,,,,,0.0,,
2025-11-05 07:07:02+00:00,2025-11-05 07:07:02,,,,,,,,,,19.6612492,0.0140624996,988.0,1063.15625,7.2125001,,,12.35,0.0,7.05,,,,,,0.0,,
2025-11-05 07:07:03+00:00,2025-11-05 07:07:03,,,,,,,,,,19.6612492,0.0140624996,988.0,1066.48755,7.19999981,,,12.35,0.0,7.05,,,,,,0.0,,
2025-11-05 07:07:04+00:00,2025-11-05 07:07:04,,,,,,,,,,19.6612492,0.00468750019,988.0,1066.48755,7.19999981,,,12.35,0.0,7.05,,,,,,0.0,,
2025-11-05 07:07:05+00:00,2025-11-05 07:07:05,24.6612492,25.0,25.0,28.0,28.0,15.84696655973129,308.0,BO_O2_RULE,"제어매트릭스 규칙 적용: O2_LOW (3단계 롤백, 4단계에서 Hz 변화 없음)",,,,,,,,,,,,,,,,,,
2025-11-05 07:07:06+00:00,2025-11-05 07:07:06,,,,,,,,,,19.6612492,0.0343750007,988.0,1066.8125,7.3375001,,,12.35,0.0,7.05,,,,,,0.0,,
2025-11-05 07:07:07+00:00,2025-11-05 07:07:07,,,,,,,,,,19.6612492,0.135937497,988.0,1067.86877,8.92500019,,,12.35,0.0,7.05,,,,,,0.0,,
2025-11-05 07:07:08+00:00,2025-11-05 07:07:08,,,,,,,,,,19.6612492,0.184375003,987.0,1069.00623,9.0625,,,12.35,0.0,7.05,,,,,,0.0,,
2025-11-05 07:07:09+00:00,2025-11-05 07:07:09,,,,,,,,,,19.6612492,0.184375003,987.0,1069.00623,9.0625,,,12.35,0.0,7.05,,,,,,0.0,,
2025-11-05 07:07:10+00:00,2025-11-05 07:07:10,24.6612492,26.0,26.0,28.0,28.0,15.600314068497017,308.0,BO_O2_RULE,"제어매트릭스 규칙 적용: O2_LOW (3단계 롤백, 4단계에서 Hz 변화 없음)",19.6612492,0.2578125,989.0,1072.66248,9.42500019,,,12.35,0.0,7.05,,,,,,0.0,,
2025-11-05 07:07:11+00:00,2025-11-05 07:07:11,,,,,,,,,,19.6612492,0.354687512,989.0,1072.5,8.63749981,,,12.35,0.0,8.64,,,,,,0.0,,
2025-11-05 07:07:12+00:00,2025-11-05 07:07:12,,,,,,,,,,19.6612492,0.354687512,989.0,1072.5,8.63749981,,,12.35,0.0,8.64,,,,,,0.0,,
2025-11-05 07:07:13+00:00,2025-11-05 07:07:13,,,,,,,,,,19.6612492,0.381249994,989.0,1075.18127,9.05000019,,,12.35,0.0,8.64,,,,,,0.0,,
2025-11-05 07:07:14+00:00,2025-11-05 07:07:14,,,,,,,,,,19.6612492,0.403124988,990.0,1076.15625,9.14999962,,,12.35,0.0,8.64,,,,,,0.0,,
2025-11-05 07:07:15+00:00,2025-11-05 07:07:15,24.6612492,26.0,26.0,28.0,28.0,16.909618073767362,308.0,BO_O2_RULE,"제어매트릭스 규칙 적용: O2_LOW (3단계 롤백, 4단계에서 Hz 변화 없음)",19.6612492,0.403124988,990.0,1076.15625,9.14999962,,,12.35,0.0,8.64,,,,,,0.0,,
2025-11-05 07:07:16+00:00,2025-11-05 07:07:16,,,,,,,,,,19.6612492,0.446875006,989.0,1077.94373,8.6875,,,12.35,0.0,8.64,,,,,,0.0,,
2025-11-05 07:07:17+00:00,2025-11-05 07:07:17,,,,,,,,,,19.6612492,0.446875006,989.0,1077.94373,8.6875,,,12.35,0.0,8.64,,,,,,0.0,,
2025-11-05 07:07:18+00:00,2025-11-05 07:07:18,,,,,,,,,,19.6612492,0.417187512,991.0,1080.05627,8.61250019,,,12.35,0.0,8.64,,,,,,0.0,,
2025-11-05 07:07:19+00:00,2025-11-05 07:07:19,,,,,,,,,,19.6612492,0.417187512,991.0,1080.05627,8.61250019,,,12.35,0.0,8.64,,,,,,0.0,,
2025-11-05 07:07:20+00:00,2025-11-05 07:07:20,24.6612492,26.0,26.0,28.0,28.0,17.33194221882031,308.0,BO_O2_RULE,"제어매트릭스 규칙 적용: O2_LOW (3단계 롤백, 4단계에서 Hz 변화 없음)",19.6612492,0.342187494,991.0,1081.27502,8.61250019,,,12.35,0.0,8.64,,,,,,0.0,,
2025-11-05 07:07:21+00:00,2025-11-05 07:07:21,,,,,,,,,,19.6612492,0.303124994,991.0,1083.1438,8.60000038,,,12.35,0.0,8.64,,,,,,0.0,,
2025-11-05 07:07:22+00:00,2025-11-05 07:07:22,,,,,,,,,,19.6612492,0.303124994,991.0,1083.1438,8.60000038,,,12.35,0.0,7.89,,,,,,0.0,,
2025-11-05 07:07:23+00:00,2025-11-05 07:07:23,,,,,,,,,,19.6612492,0.135937497,991.0,1086.3938,8.33749962,,,12.35,0.0,7.89,,,,,,0.0,,
2025-11-05 07:07:24+00:00,2025-11-05 07:07:24,,,,,,,,,,19.6612492,0.123437501,990.0,1085.4187,8.3125,,,12.35,0.0,7.89,,,,,,0.0,,
2025-11-05 07:07:25+00:00,2025-11-05 07:07:25,24.6612492,26.0,26.0,28.0,28.0,18.20438267733446,308.0,BO_O2_RULE,"제어매트릭스 규칙 적용: O2_LOW (3단계 롤백, 4단계에서 Hz 변화 없음)",19.6612492,0.123437501,990.0,1085.4187,8.3125,,,12.35,0.0,7.89,,,,,,0.0,,
2025-11-05 07:07:26+00:00,2025-11-05 07:07:26,,,,,,,,,,19.6612492,0.0281249993,990.0,1085.90625,11.0500002,,,12.35,0.0,7.89,,,,,,0.0,,
2025-11-05 07:07:27+00:00,2025-11-05 07:07:27,,,,,,,,,,19.6612492,0.0281249993,990.0,1085.90625,11.0500002,,,12.35,0.0,7.89,,,,,,0.0,,
2025-11-05 07:07:28+00:00,2025-11-05 07:07:28,,,,,,,,,,19.6612492,0.0250000004,991.0,1088.99377,11.2375002,,,12.35,0.0,7.89,,,,,,0.0,,
2025-11-05 07:07:29+00:00,2025-11-05 07:07:29,,,,,,,,,,19.6612492,0.0296874996,990.0,1088.58752,11.1625004,,,12.35,0.0,7.89,,,,,,0.0,,
2025-11-05 07:07:30+00:00,2025-11-05 07:07:30,24.6612492,27.0,27.0,28.0,28.0,21.92799102906973,308.0,BO_O2_RULE,"제어매트릭스 규칙 적용: O2_LOW (3단계 롤백, 4단계에서 Hz 변화 없음)",19.6612492,0.0296874996,990.0,1088.58752,11.1625004,,,12.35,0.0,7.89,,,,,,0.0,,
2025-11-05 07:07:31+00:00,2025-11-05 07:07:31,,,,,,,,,,19.6612492,0.03125,991.0,1092.40625,10.7875004,,,12.35,0.0,7.89,,,,,,0.0,,
2025-11-05 07:07:32+00:00,2025-11-05 07:07:32,,,,,,,,,,19.6612492,0.0328124985,990.0,1093.13745,10.5749998,,,12.35,0.0,10.56,,,,,,0.0,,
2025-11-05 07:07:33+00:00,2025-11-05 07:07:33,,,,,,,,,,19.6612492,0.0328124985,990.0,1093.13745,10.5749998,,,12.35,0.0,10.56,,,,,,0.0,,
2025-11-05 07:07:34+00:00,2025-11-05 07:07:34,,,,,,,,,,19.6612492,0.0328124985,991.0,1094.27502,10.6875,,,12.35,0.0,10.56,,,,,,0.0,,
2025-11-05 07:07:35+00:00,2025-11-05 07:07:35,24.6612492,27.0,27.0,28.0,28.0,23.23317719764035,308.0,BO_O2_RULE,"제어매트릭스 규칙 적용: O2_LOW (3단계 롤백, 4단계에서 Hz 변화 없음)",19.6612492,0.0328124985,991.0,1094.27502,10.6875,,,12.35,0.0,10.56,,,,,,0.0,,
2025-11-05 07:07:36+00:00,2025-11-05 07:07:36,,,,,,,,,,19.6612492,0.0234375,991.0,1097.03748,10.0124998,,,12.35,0.0,10.56,,,,,,0.0,,
2025-11-05 07:07:37+00:00,2025-11-05 07:07:37,,,,,,,,,,19.6612492,0.0234375,991.0,1097.03748,10.0124998,,,12.35,0.0,10.56,,,,,,0.0,,
2025-11-05 07:07:38+00:00,2025-11-05 07:07:38,,,,,,,,,,19.6612492,0.015625,992.0,1098.90625,10.1875,,,12.35,0.0,10.56,,,,,,0.0,,
2025-11-05 07:07:39+00:00,2025-11-05 07:07:39,,,,,,,,,,19.6612492,0.0140624996,991.0,1098.4187,10.0,,,12.35,0.0,10.56,,,,,,0.0,,
2025-11-05 07:07:40+00:00,2025-11-05 07:07:40,24.6612492,27.0,27.0,28.0,28.0,22.348117347303976,308.0,BO_O2_RULE,"제어매트릭스 규칙 적용: O2_LOW (3단계 롤백, 4단계에서 Hz 변화 없음)",19.6612492,0.0140624996,991.0,1098.4187,10.0,,,12.35,0.0,10.56,,,,,,0.0,,
2025-11-05 07:07:41+00:00,2025-11-05 07:07:41,,,,,,,,,,19.6612492,0.0,990.0,1100.36877,10.0124998,,,12.35,0.0,9.57,,,,,,0.0,,
2025-11-05 07:07:42+00:00,2025-11-05 07:07:42,,,,,,,,,,19.6612492,0.0,990.0,1100.36877,10.0124998,,,12.35,0.0,9.57,,,,,,0.0,,
2025-11-05 07:07:43+00:00,2025-11-05 07:07:43,,,,,,,,,,19.6612492,0.0,992.0,1101.58752,10.0500002,,,12.35,0.0,9.57,,,,,,0.0,,
2025-11-05 07:07:44+00:00,2025-11-05 07:07:44,,,,,,,,,,19.6612492,0.0,992.0,1101.58752,10.0500002,,,12.35,0.0,9.57,,,,,,0.0,,
2025-11-05 07:07:45+00:00,2025-11-05 07:07:45,20.0,20.0,20.0,20.0,20.0,,2.0,FALLBACK,Fallback Hz 사용: 20.0Hz (essential_range_violation),19.6612492,0.0234375,992.0,1104.51245,9.82499981,,,12.35,0.0,9.57,,,,,,0.0,,
2025-11-05 07:07:46+00:00,2025-11-05 07:07:46,,,,,,,,,,19.6612492,0.0,990.0,1106.05627,9.83749962,,,12.35,0.0,9.57,,,,,,0.0,,
2025-11-05 07:07:47+00:00,2025-11-05 07:07:47,,,,,,,,,,19.6612492,0.0,990.0,1106.05627,9.83749962,,,12.35,0.0,9.57,,,,,,0.0,,
2025-11-05 07:07:48+00:00,2025-11-05 07:07:48,,,,,,,,,,19.6612492,0.0140624996,993.0,1104.67505,9.64999962,,,12.35,0.0,9.57,,,,,,0.0,,
2025-11-05 07:07:49+00:00,2025-11-05 07:07:49,,,,,,,,,,19.6612492,0.0,993.0,1107.59998,9.82499981,,,12.35,0.0,9.57,,,,,,0.0,,
2025-11-05 07:07:50+00:00,2025-11-05 07:07:50,20.0,20.0,20.0,20.0,20.0,,2.0,FALLBACK,Fallback Hz 사용: 20.0Hz (essential_range_violation),19.6612492,0.0,993.0,1107.59998,9.82499981,,,12.35,0.0,9.57,,,,,,0.0,,
2025-11-05 07:07:51+00:00,2025-11-05 07:07:51,,,,,,,,,,19.6612492,0.015625,993.0,1108.90002,21.8125,,,12.35,0.0,9.06,,,,,,0.0,,
2025-11-05 07:07:52+00:00,2025-11-05 07:07:52,,,,,,,,,,19.6612492,0.015625,993.0,1108.90002,21.8125,,,12.35,0.0,9.06,,,,,,0.0,,
2025-11-05 07:07:53+00:00,2025-11-05 07:07:53,,,,,,,,,,19.6612492,0.00468750019,992.0,1111.4187,22.1124992,,,12.35,0.0,9.06,,,,,,0.0,,
2025-11-05 07:07:54+00:00,2025-11-05 07:07:54,,,,,,,,,,19.6612492,0.00468750019,992.0,1111.4187,22.1124992,,,12.35,0.0,9.06,,,,,,0.0,,
2025-11-05 07:07:55+00:00,2025-11-05 07:07:55,24.6612492,27.0,27.0,28.0,28.0,29.769221467361238,308.0,BO_O2_RULE,"제어매트릭스 규칙 적용: O2_LOW (3단계 롤백, 4단계에서 Hz 변화 없음)",19.6612492,0.0281249993,993.0,1111.4187,22.2749996,,,12.35,0.0,9.06,,,,,,0.0,,
2025-11-05 07:07:56+00:00,2025-11-05 07:07:56,,,,,,,,,,19.6612492,0.0281249993,993.0,1111.4187,22.2749996,,,12.35,0.0,9.06,,,,,,0.0,,
2025-11-05 07:07:57+00:00,2025-11-05 07:07:57,,,,,,,,,,19.6612492,0.0281249993,992.0,1112.80005,21.7374992,,,12.35,0.0,9.06,,,,,,0.0,,
2025-11-05 07:07:58+00:00,2025-11-05 07:07:58,,,,,,,,,,19.6612492,0.0281249993,993.0,1115.15625,22.0625,,,12.35,0.0,9.06,,,,,,0.0,,
2025-11-05 07:07:59+00:00,2025-11-05 07:07:59,,,,,,,,,,19.6612492,0.0281249993,993.0,1115.15625,22.0625,,,12.35,0.0,9.06,,,,,,0.0,,
2025-11-05 07:08:00+00:00,2025-11-05 07:08:00,24.6612492,27.0,27.0,28.0,28.0,28.338883461093975,308.0,BO_O2_RULE,"제어매트릭스 규칙 적용: O2_LOW (3단계 롤백, 4단계에서 Hz 변화 없음)",19.6612492,0.0,994.0,1114.58752,21.75,,3.0,12.35,0.0,9.06,,,,,,0.0,,
2025-11-05 07:08:01+00:00,2025-11-05 07:08:01,,,,,,,,,,19.6612492,0.0,995.0,1116.4563,21.875,,,12.35,0.0,9.06,,,,,,0.0,,
2025-11-05 07:08:02+00:00,2025-11-05 07:08:02,,,,,,,,,,19.6612492,0.0,995.0,1116.4563,21.875,,,12.35,0.0,21.31,,,,,,0.0,,
2025-11-05 07:08:03+00:00,2025-11-05 07:08:03,,,,,,,,,,19.6612492,0.0,994.0,1117.75623,21.8250008,,,12.35,0.0,21.31,,,,,,0.0,,
2025-11-05 07:08:04+00:00,2025-11-05 07:08:04,,,,,,,,,,19.6612492,0.0,994.0,1118.32495,21.9624996,,,12.35,0.0,21.31,,,,,,0.0,,
2025-11-05 07:08:05+00:00,2025-11-05 07:08:05,20.0,20.0,20.0,20.0,20.0,,2.0,FALLBACK,Fallback Hz 사용: 20.0Hz (essential_range_violation),19.6612492,0.00937500037,994.0,1118.32495,21.9624996,,,12.35,0.0,21.31,,,,,,0.0,,
2025-11-05 07:08:06+00:00,2025-11-05 07:08:06,,,,,,,,,,19.6612492,0.00156250002,995.0,1119.86877,21.5125008,,,12.35,0.0,21.31,,,,,,0.0,,
2025-11-05 07:08:07+00:00,2025-11-05 07:08:07,,,,,,,,,,19.6612492,0.015625,994.0,1121.41248,21.9125004,,,12.35,0.0,21.31,,,,,,0.0,,
2025-11-05 07:08:08+00:00,2025-11-05 07:08:08,,,,,,,,,,19.6612492,0.015625,994.0,1123.11877,22.0249996,,,12.35,0.0,21.31,,,,,,0.0,,
2025-11-05 07:08:09+00:00,2025-11-05 07:08:09,,,,,,,,,,19.6612492,0.015625,994.0,1123.11877,22.0249996,,,12.35,0.0,21.31,,,,,,0.0,,
2025-11-05 07:08:10+00:00,2025-11-05 07:08:10,24.6612492,27.0,27.0,28.0,28.0,27.553111433158687,308.0,BO_O2_RULE,"제어매트릭스 규칙 적용: O2_LOW (3단계 롤백, 4단계에서 Hz 변화 없음)",19.6612492,0.0234375,994.0,1125.2312,25.4624996,,,12.35,0.0,21.13,,,,,,0.0,,
2025-11-05 07:08:11+00:00,2025-11-05 07:08:11,,,,,,,,,,19.6612492,0.0234375,994.0,1125.2312,25.4624996,,,12.35,0.0,21.13,,,,,,0.0,,
2025-11-05 07:08:12+00:00,2025-11-05 07:08:12,,,,,,,,,,19.6612492,0.0125000002,993.0,1125.47498,25.3125,,,12.35,0.0,21.13,,,,,,0.0,,
2025-11-05 07:08:13+00:00,2025-11-05 07:08:13,,,,,,,,,,19.6612492,0.0343750007,994.0,1126.36877,25.6875,,,12.35,0.0,21.13,,,,,,0.0,,
2025-11-05 07:08:14+00:00,2025-11-05 07:08:14,,,,,,,,,,19.6612492,0.0343750007,994.0,1126.36877,25.6875,,,12.35,0.0,21.13,,,,,,0.0,,
2025-11-05 07:08:15+00:00,2025-11-05 07:08:15,24.6612492,27.0,27.0,28.0,28.0,27.76125191010863,308.0,BO_O2_RULE,"제어매트릭스 규칙 적용: O2_LOW (3단계 롤백, 4단계에서 Hz 변화 없음)",19.6612492,0.0343750007,994.0,1127.50623,25.7749996,,,12.35,0.0,21.13,,,,,,0.0,,
2025-11-05 07:08:16+00:00,2025-11-05 07:08:16,,,,,,,,,,19.6612492,0.0125000002,994.0,1128.4812,25.8250008,,,12.35,0.0,21.13,,,,,,0.0,,
2025-11-05 07:08:17+00:00,2025-11-05 07:08:17,,,,,,,,,,19.6612492,0.0125000002,994.0,1128.4812,25.8250008,,,12.35,0.0,21.13,,,,,,0.0,,
2025-11-05 07:08:18+00:00,2025-11-05 07:08:18,,,,,,,,,,19.6612492,0.00156250002,995.0,1129.2937,26.0375004,,,12.35,0.0,21.13,,,,,,0.0,,
2025-11-05 07:08:19+00:00,2025-11-05 07:08:19,,,,,,,,,,19.6612492,0.00156250002,995.0,1129.2937,26.0375004,,,12.35,0.0,21.13,,,,,,0.0,,
2025-11-05 07:08:20+00:00,2025-11-05 07:08:20,24.6612492,27.0,27.0,28.0,28.0,24.898835922997613,308.0,BO_O2_RULE,"제어매트릭스 규칙 적용: O2_LOW (3단계 롤백, 4단계에서 Hz 변화 없음)",19.6612492,0.0,994.0,1131.8125,26.0375004,,,12.35,0.0,25.03,,,,,,0.0,,
2025-11-05 07:08:21+00:00,2025-11-05 07:08:21,,,,,,,,,,19.6612492,0.0,994.0,1130.67505,26.125,,,12.35,0.0,25.03,,,,,,0.0,,
2025-11-05 07:08:22+00:00,2025-11-05 07:08:22,,,,,,,,,,19.6612492,0.0078125,994.0,1130.67505,26.125,,,12.35,0.0,25.03,,,,,,0.0,,
2025-11-05 07:08:23+00:00,2025-11-05 07:08:23,,,,,,,,,,19.6612492,0.0078125,995.0,1132.05627,25.7250004,,,12.35,0.0,25.03,,,,,,0.0,,
2025-11-05 07:08:24+00:00,2025-11-05 07:08:24,,,,,,,,,,19.6612492,0.00468750019,995.0,1132.05627,25.7250004,,,12.35,0.0,25.03,,,,,,0.0,,
2025-11-05 07:08:25+00:00,2025-11-05 07:08:25,20.0,20.0,20.0,20.0,20.0,,2.0,FALLBACK,Fallback Hz 사용: 20.0Hz (essential_range_violation),19.6612492,0.00937500037,995.0,1134.81873,25.7875004,,,12.35,0.0,25.03,,,,,,0.0,,
2025-11-05 07:08:26+00:00,2025-11-05 07:08:26,,,,,,,,,,19.6612492,0.00937500037,995.0,1134.81873,25.7875004,,,12.35,0.0,25.03,,,,,,0.0,,
2025-11-05 07:08:27+00:00,2025-11-05 07:08:27,,,,,,,,,,19.6612492,0.0171875004,994.0,1135.9563,25.9500008,,,12.35,0.0,25.03,,,,,,0.0,,
2025-11-05 07:08:28+00:00,2025-11-05 07:08:28,,,,,,,,,,19.6612492,0.015625,994.0,1137.66248,25.5375004,,,12.35,0.0,25.03,,,,,,0.0,,
2025-11-05 07:08:29+00:00,2025-11-05 07:08:29,,,,,,,,,,19.6612492,0.015625,994.0,1137.66248,25.5375004,,,12.35,0.0,25.03,,,,,,0.0,,
2025-11-05 07:08:30+00:00,2025-11-05 07:08:30,24.6612492,27.0,27.0,28.0,28.0,30.917204280452545,308.0,BO_O2_RULE,"제어매트릭스 규칙 적용: O2_LOW (3단계 롤백, 4단계에서 Hz 변화 없음)",19.6612492,0.015625,995.0,1137.66248,23.75,,,12.35,0.0,25.03,,,,,,0.0,,
2025-11-05 07:08:31+00:00,2025-11-05 07:08:31,,,,,,,,,,19.6612492,0.015625,995.0,1137.82495,23.75,,,12.35,0.0,25.25,,,,,,0.0,,
2025-11-05 07:08:32+00:00,2025-11-05 07:08:32,,,,,,,,,,19.6612492,0.0,994.0,1137.82495,24.0249996,,,12.35,0.0,25.25,,,,,,0.0,,
2025-11-05 07:08:33+00:00,2025-11-05 07:08:33,,,,,,,,,,19.6612492,0.0,994.0,1139.61255,24.0249996,,,12.35,0.0,25.25,,,,,,0.0,,
2025-11-05 07:08:34+00:00,2025-11-05 07:08:34,,,,,,,,,,19.6612492,0.0,994.0,1141.40002,23.7625008,,,12.35,0.0,25.25,,,,,,0.0,,
2025-11-05 07:08:35+00:00,2025-11-05 07:08:35,24.6612492,28.0,28.0,28.0,28.0,40.79379239130261,100.0,BO_ONLY,"BO 모델 결과만 사용 (1단계 롤백, 2~4단계에서 Hz 변화 없음)",19.6612492,0.00937500037,994.0,1141.40002,23.7625008,,,12.35,0.0,25.25,,,,,,0.0,,
2025-11-05 07:08:36+00:00,2025-11-05 07:08:36,,,,,,,,,,19.6612492,0.00937500037,994.0,1141.40002,23.7625008,,,12.35,0.0,25.25,,,,,,0.0,,
2025-11-05 07:08:37+00:00,2025-11-05 07:08:37,,,,,,,,,,19.6612492,0.015625,994.0,1140.91248,23.8999996,,,12.35,0.0,25.25,,,,,,0.0,,
2025-11-05 07:08:38+00:00,2025-11-05 07:08:38,,,,,,,,,,19.6612492,0.0,994.0,1143.2688,23.7875004,,,12.35,0.0,25.25,,,,,,0.0,,
2025-11-05 07:08:39+00:00,2025-11-05 07:08:39,,,,,,,,,,19.6612492,0.0,994.0,1143.2688,23.7875004,,,12.35,0.0,25.25,,,,,,0.0,,
2025-11-05 07:08:40+00:00,2025-11-05 07:08:40,24.6612492,28.0,28.0,28.0,28.0,43.410288514829986,100.0,BO_ONLY,"BO 모델 결과만 사용 (1단계 롤백, 2~4단계에서 Hz 변화 없음)",19.6612492,0.0,994.0,1143.9187,23.6875,,,12.35,0.0,23.09,,,,,,0.0,,
2025-11-05 07:08:41+00:00,2025-11-05 07:08:41,,,,,,,,,,19.6612492,0.0,994.0,1143.9187,23.6875,,,12.35,0.0,23.09,,,,,,0.0,,
2025-11-05 07:08:42+00:00,2025-11-05 07:08:42,,,,,,,,,,19.6612492,0.0,997.0,1143.83752,23.875,,,12.35,0.0,23.09,,,,,,0.0,,
2025-11-05 07:08:43+00:00,2025-11-05 07:08:43,,,,,,,,,,19.6612492,0.0171875004,995.0,1143.83752,23.6875,,,12.35,0.0,23.09,,,,,,0.0,,
2025-11-05 07:08:44+00:00,2025-11-05 07:08:44,,,,,,,,,,19.6612492,0.0171875004,995.0,1145.86877,23.6875,,,12.35,0.0,23.09,,,,,,0.0,,
2025-11-05 07:08:45+00:00,2025-11-05 07:08:45,20.0,20.0,20.0,20.0,20.0,,2.0,FALLBACK,Fallback Hz 사용: 20.0Hz (essential_range_violation),,,,,,,,,,,,,,,,,,
