time,_time_gateway,ACT_SNR_PMP_BO_0,ACT_SNR_PMP_BO_1,ACT_SNR_PMP_BO_2,ACT_SNR_PMP_BO_3,ACT_SNR_PMP_BO_4,SNR_NOX_PRED,SNR_STATUS_CODE,SNR_STAGE,SNR_MESSAGE,SNR_PMP_UW_S_1,BR1_EO_O2_A,ICF_CCS_FG_T_1,ICF_SCS_FG_T_1,ICF_TMS_NOX_A,ACC_SNR_AI_1A,ACT_STATUS,NOX_30m_Value,NOX_EQ_Status,NOX_Value,SNR_EQ_UW_F_1,ACT_SNR_PMP_UW_S
2025-09-19 05:04:10+00:00,2025-09-19 05:04:10,54.0,38.0,38.0,54.0,54.0,42.49831816658096,303.0,BO_O2_RULE,제어매트릭스 규칙 적용: NOX_HIGH,55.4625015,12.203125,1089.44995,1005.22498,46.5125008,1.0,,30.68,0.0,46.49,56.0531235,
2025-09-19 05:04:11+00:00,2025-09-19 05:04:11,,,,,,,,,,55.4287491,12.2671871,1089.22498,1005.22498,46.5,1.0,,30.68,0.0,46.49,56.0437508,
2025-09-19 05:04:12+00:00,2025-09-19 05:04:12,,,,,,,,,,55.4212494,12.2671871,1089.0,1005.15002,46.5,1.0,,30.68,0.0,46.49,56.0437508,
2025-09-19 05:04:13+00:00,2025-09-19 05:04:13,,,,,,,,,,55.4287491,12.3359375,1088.69995,1005.07501,46.5125008,1.0,,30.68,0.0,46.49,56.0437508,
2025-09-19 05:04:14+00:00,2025-09-19 05:04:14,,,,,,,,,,55.4587517,12.4031248,1088.55005,1005.07501,46.5125008,1.0,,30.68,0.0,46.49,56.0437508,
2025-09-19 05:04:15+00:00,2025-09-19 05:04:15,54.0,38.0,38.0,54.0,54.0,42.4273279297272,303.0,BO_O2_RULE,제어매트릭스 규칙 적용: NOX_HIGH,55.4249992,12.4031248,1088.25,1005.0,46.5,1.0,0.0,30.68,0.0,46.49,56.0437508,
2025-09-19 05:04:16+00:00,2025-09-19 05:04:16,,,,,,,,,,55.4362488,12.46875,1088.09998,1004.92499,46.5,1.0,,30.68,0.0,46.49,56.0437508,
2025-09-19 05:04:17+00:00,2025-09-19 05:04:17,,,,,,,,,,55.4550018,12.5249996,1087.80005,1004.84998,46.5125008,1.0,,30.68,0.0,46.49,56.0437508,
2025-09-19 05:04:18+00:00,2025-09-19 05:04:18,,,,,,,,,,55.4249992,12.5249996,1087.57495,1004.84998,46.1624985,1.0,,30.68,0.0,46.49,56.0531235,
2025-09-19 05:04:19+00:00,2025-09-19 05:04:19,,,,,,,,,,55.4249992,12.5765629,1087.27502,1004.77502,46.1624985,1.0,,30.68,0.0,46.49,56.0437508,
2025-09-19 05:04:20+00:00,2025-09-19 05:04:20,54.0,54.0,38.0,54.0,54.0,40.7233277072601,303.0,BO_O2_RULE,제어매트릭스 규칙 적용: NOX_HIGH,55.4399986,12.5765629,1087.125,1004.70001,46.1624985,1.0,,30.68,0.0,46.12,56.0437508,
2025-09-19 05:04:21+00:00,2025-09-19 05:04:21,,,,,,,,,,55.4249992,12.625,1086.82495,1004.625,46.1624985,1.0,,30.68,0.0,46.12,56.0437508,
2025-09-19 05:04:22+00:00,2025-09-19 05:04:22,,,,,,,,,,55.4324989,12.6765623,1086.59998,1004.54999,46.1624985,1.0,,30.68,0.0,46.12,56.0437508,
2025-09-19 05:04:23+00:00,2025-09-19 05:04:23,,,,,,,,,,55.4287491,12.6765623,1086.30005,1004.47498,45.4874992,1.0,,30.68,0.0,46.12,56.0437508,
2025-09-19 05:04:24+00:00,2025-09-19 05:04:24,,,,,,,,,,55.4700012,12.7281246,1086.07495,1004.47498,45.4874992,1.0,,30.68,0.0,46.12,56.0437508,
2025-09-19 05:04:25+00:00,2025-09-19 05:04:25,54.0,54.0,38.0,54.0,54.0,40.155466898636654,303.0,BO_O2_RULE,제어매트릭스 규칙 적용: NOX_HIGH,55.4474983,12.7765627,1085.77502,1004.32501,45.4874992,1.0,,30.68,0.0,46.12,56.0437508,
2025-09-19 05:04:26+00:00,2025-09-19 05:04:26,,,,,,,,,,55.4474983,12.7765627,1085.55005,1004.32501,45.4749985,1.0,,30.68,0.0,46.12,56.0437508,
2025-09-19 05:04:27+00:00,2025-09-19 05:04:27,,,,,,,,,,55.4249992,12.8249998,1085.25,1004.17499,45.4874992,1.0,,30.68,0.0,46.12,56.0531235,
2025-09-19 05:04:28+00:00,2025-09-19 05:04:28,,,,,,,,,,55.4324989,12.8249998,1085.09998,1004.17499,45.4000015,1.0,,30.68,0.0,46.12,56.0437508,
2025-09-19 05:04:29+00:00,2025-09-19 05:04:29,,,,,,,,,,55.4174995,12.8687496,1084.72498,1004.09998,45.4000015,1.0,,30.68,0.0,46.12,56.0437508,
2025-09-19 05:04:30+00:00,2025-09-19 05:04:30,54.0,54.0,38.0,54.0,54.0,39.88765571016125,303.0,BO_O2_RULE,제어매트릭스 규칙 적용: NOX_HIGH,55.4287491,12.9109373,1084.57495,1004.02502,45.4000015,1.0,0.0,30.68,0.0,45.33,56.0437508,
2025-09-19 05:04:31+00:00,2025-09-19 05:04:31,,,,,,,,,,55.4550018,12.9109373,1084.19995,1003.95001,45.4000015,1.0,,30.68,0.0,45.33,56.0437508,
2025-09-19 05:04:32+00:00,2025-09-19 05:04:32,,,,,,,,,,55.4324989,12.9515629,1083.97498,1003.875,45.4000015,1.0,,30.68,0.0,45.33,56.0437508,
2025-09-19 05:04:33+00:00,2025-09-19 05:04:33,,,,,,,,,,55.4174995,12.9890623,1083.67505,1003.79999,45.4000015,1.0,,30.68,0.0,45.33,56.0437508,
2025-09-19 05:04:34+00:00,2025-09-19 05:04:34,,,,,,,,,,55.4249992,12.9890623,1083.44995,1003.72498,45.4000015,1.0,,30.68,0.0,45.33,56.0437508,
2025-09-19 05:04:35+00:00,2025-09-19 05:04:35,54.0,54.0,38.0,54.0,54.0,40.409656974347044,303.0,BO_O2_RULE,제어매트릭스 규칙 적용: NOX_HIGH,55.4287491,13.0375004,1083.07495,1003.65002,45.4000015,1.0,,30.68,0.0,45.33,56.0531235,
2025-09-19 05:04:36+00:00,2025-09-19 05:04:36,,,,,,,,,,55.4324989,13.0375004,1082.84998,1003.57501,45.4000015,1.0,,30.68,0.0,45.33,56.0437508,
2025-09-19 05:04:37+00:00,2025-09-19 05:04:37,,,,,,,,,,55.4399986,13.0874996,1082.55005,1003.5,45.4000015,1.0,,30.68,0.0,45.33,56.0437508,
2025-09-19 05:04:38+00:00,2025-09-19 05:04:38,,,,,,,,,,55.4287491,13.1374998,1082.32495,1003.42499,44.7999992,1.0,,30.68,0.0,45.33,56.0437508,
2025-09-19 05:04:39+00:00,2025-09-19 05:04:39,,,,,,,,,,55.4212494,13.1374998,1081.94995,1003.34998,44.7999992,1.0,,30.68,0.0,45.33,56.0437508,
2025-09-19 05:04:40+00:00,2025-09-19 05:04:40,54.0,54.0,38.0,54.0,54.0,40.510465885981944,303.0,BO_O2_RULE,제어매트릭스 규칙 적용: NOX_HIGH,55.4137497,13.1812496,1081.72498,1003.27502,44.8125,1.0,,30.68,0.0,44.74,56.0437508,
2025-09-19 05:04:41+00:00,2025-09-19 05:04:41,,,,,,,,,,55.4587517,13.2218752,1081.42505,1003.20001,44.8125,1.0,,30.68,0.0,44.74,56.0437508,
2025-09-19 05:04:42+00:00,2025-09-19 05:04:42,,,,,,,,,,55.4212494,13.2218752,1081.125,1003.04999,44.7999992,1.0,,30.68,0.0,44.74,56.0437508,
2025-09-19 05:04:43+00:00,2025-09-19 05:04:43,,,,,,,,,,55.4362488,13.2515621,1080.82495,1002.97498,44.3875008,1.0,,30.68,0.0,44.74,56.0437508,
2025-09-19 05:04:44+00:00,2025-09-19 05:04:44,,,,,,,,,,55.4437485,13.2515621,1080.52502,1002.90002,44.3875008,1.0,,30.68,0.0,44.74,56.0437508,
2025-09-19 05:04:45+00:00,2025-09-19 05:04:45,54.0,54.0,38.0,54.0,54.0,39.63672504495516,303.0,BO_O2_RULE,제어매트릭스 규칙 적용: NOX_HIGH,55.4662514,13.2843752,1080.22498,1002.82501,44.3875008,1.0,0.0,30.68,0.0,44.74,56.0437508,
2025-09-19 05:04:46+00:00,2025-09-19 05:04:46,,,,,,,,,,55.4362488,13.3328123,1080.0,1002.75,44.3875008,1.0,,30.68,0.0,44.74,56.0437508,
2025-09-19 05:04:47+00:00,2025-09-19 05:04:47,,,,,,,,,,55.4249992,13.3328123,1079.625,1002.67499,44.3875008,1.0,,30.68,0.0,44.74,56.0437508,
2025-09-19 05:04:48+00:00,2025-09-19 05:04:48,,,,,,,,,,55.4437485,13.40625,1079.40002,1002.59998,43.7874985,1.0,,30.68,0.0,44.74,56.0437508,
2025-09-19 05:04:49+00:00,2025-09-19 05:04:49,,,,,,,,,,55.4212494,13.4796877,1079.02502,1002.45001,43.7874985,1.0,,30.68,0.0,44.74,56.0437508,
2025-09-19 05:04:50+00:00,2025-09-19 05:04:50,54.0,54.0,38.0,54.0,54.0,35.76030099536375,303.0,BO_O2_RULE,제어매트릭스 규칙 적용: NOX_HIGH,55.4399986,13.4796877,1078.80005,1002.45001,43.7874985,1.0,,30.68,0.0,43.71,56.0437508,
2025-09-19 05:04:51+00:00,2025-09-19 05:04:51,,,,,,,,,,55.4287491,13.5124998,1078.5,1002.29999,43.7874985,1.0,,30.68,0.0,43.71,56.0437508,
2025-09-19 05:04:52+00:00,2025-09-19 05:04:52,,,,,,,,,,55.4362488,13.5124998,1078.27502,1002.22498,43.7874985,1.0,,30.68,0.0,43.71,56.0437508,
2025-09-19 05:04:53+00:00,2025-09-19 05:04:53,,,,,,,,,,55.4399986,13.5328121,1077.90002,1002.15002,43.7874985,1.0,,30.68,0.0,43.71,56.0437508,
2025-09-19 05:04:54+00:00,2025-09-19 05:04:54,,,,,,,,,,55.4437485,13.5562496,1077.67505,1002.07501,43.7874985,1.0,,30.68,0.0,43.71,56.0437508,
2025-09-19 05:04:55+00:00,2025-09-19 05:04:55,54.0,54.0,38.0,54.0,54.0,36.596083871672924,303.0,BO_O2_RULE,제어매트릭스 규칙 적용: NOX_HIGH,55.4249992,13.5562496,1077.30005,1001.84998,43.7874985,1.0,,30.68,0.0,43.71,56.0437508,
2025-09-19 05:04:56+00:00,2025-09-19 05:04:56,,,,,,,,,,55.4587517,13.5656252,1077.07495,1001.77502,43.7874985,1.0,,30.68,0.0,43.71,56.0437508,
2025-09-19 05:04:57+00:00,2025-09-19 05:04:57,,,,,,,,,,55.4287491,13.5609379,1076.69995,1001.70001,43.7874985,1.0,,30.68,0.0,43.71,56.0437508,
2025-09-19 05:04:58+00:00,2025-09-19 05:04:58,,,,,,,,,,55.4324989,13.5609379,1076.47498,1001.625,43.6124992,1.0,,30.68,0.0,43.71,56.0437508,
2025-09-19 05:04:59+00:00,2025-09-19 05:04:59,,,,,,,,,,55.4324989,13.5390625,1076.17505,1001.47498,43.6124992,1.0,,30.68,0.0,43.71,56.0437508,
2025-09-19 05:05:00+00:00,2025-09-19 05:05:00,54.0,54.0,38.0,54.0,54.0,36.29066355871899,303.0,BO_O2_RULE,제어매트릭스 규칙 적용: NOX_HIGH,55.4474983,13.5390625,1075.94995,1001.40002,43.625,1.0,0.0,30.68,0.0,43.6,56.0531235,
2025-09-19 05:05:01+00:00,2025-09-19 05:05:01,,,,,,,,,,55.4399986,13.4890623,1075.57495,1001.25,43.625,1.0,,30.68,0.0,43.6,56.0437508,
2025-09-19 05:05:02+00:00,2025-09-19 05:05:02,,,,,,,,,,55.4399986,13.4640627,1075.19995,1001.09998,43.5750008,1.0,,30.68,0.0,43.6,56.0437508,
2025-09-19 05:05:03+00:00,2025-09-19 05:05:03,,,,,,,,,,55.4550018,13.4640627,1074.97498,1001.09998,43.2874985,1.0,,30.68,0.0,43.6,56.0437508,
2025-09-19 05:05:04+00:00,2025-09-19 05:05:04,,,,,,,,,,55.4587517,13.4453125,1074.67505,1000.95001,43.2874985,1.0,,30.68,0.0,43.6,56.0437508,
2025-09-19 05:05:05+00:00,2025-09-19 05:05:05,54.0,54.0,38.0,54.0,54.0,36.01050081659043,303.0,BO_O2_RULE,제어매트릭스 규칙 적용: NOX_HIGH,55.4174995,13.4390621,1074.44995,1000.875,43.2750015,1.0,,30.68,0.0,43.6,56.0437508,
2025-09-19 05:05:06+00:00,2025-09-19 05:05:06,,,,,,,,,,55.4249992,13.4390621,1074.15002,1000.72498,43.2750015,1.0,,30.68,0.0,43.6,56.0437508,
2025-09-19 05:05:07+00:00,2025-09-19 05:05:07,,,,,,,,,,55.4287491,13.4281254,1073.92505,1000.65002,43.2750015,1.0,,30.68,0.0,43.6,56.0437508,
2025-09-19 05:05:08+00:00,2025-09-19 05:05:08,,,,,,,,,,55.4249992,13.4093752,1073.625,1000.5,42.8499985,1.0,,30.68,0.0,43.6,56.0437508,
2025-09-19 05:05:09+00:00,2025-09-19 05:05:09,,,,,,,,,,55.4324989,13.4093752,1073.32495,1000.42499,42.8499985,1.0,,30.68,0.0,43.6,56.0437508,
2025-09-19 05:05:10+00:00,2025-09-19 05:05:10,54.0,54.0,38.0,54.0,54.0,32.94102538837289,303.0,BO_O2_RULE,제어매트릭스 규칙 적용: NOX_HIGH,55.4287491,13.3828125,1072.94995,1000.27502,42.8499985,1.0,,30.68,0.0,42.82,56.0437508,
2025-09-19 05:05:11+00:00,2025-09-19 05:05:11,,,,,,,,,,55.4212494,13.3828125,1072.80005,1000.125,42.8499985,1.0,,30.68,0.0,42.82,56.0437508,
2025-09-19 05:05:12+00:00,2025-09-19 05:05:12,,,,,,,,,,55.4474983,13.3578129,1072.5,1000.04999,42.8250008,1.0,,30.68,0.0,42.82,56.0437508,
2025-09-19 05:05:13+00:00,2025-09-19 05:05:13,,,,,,,,,,55.4324989,13.3453121,1072.19995,999.900024,42.5999985,1.0,,30.68,0.0,42.82,56.0437508,
2025-09-19 05:05:14+00:00,2025-09-19 05:05:14,,,,,,,,,,55.4550018,13.3453121,1071.82495,999.75,42.5999985,1.0,,30.68,0.0,42.82,56.0437508,
2025-09-19 05:05:15+00:00,2025-09-19 05:05:15,54.0,39.0,38.0,54.0,54.0,32.7894590818281,303.0,BO_O2_RULE,제어매트릭스 규칙 적용: NOX_HIGH,55.4287491,13.3390627,1071.67505,999.674988,42.5999985,1.0,0.0,30.68,0.0,42.82,56.0437508,
2025-09-19 05:05:16+00:00,2025-09-19 05:05:16,,,,,,,,,,55.4324989,13.3312502,1071.30005,999.525024,42.5999985,1.0,,30.68,0.0,42.82,56.0437508,
2025-09-19 05:05:17+00:00,2025-09-19 05:05:17,,,,,,,,,,55.4287491,13.3312502,1071.0,999.450012,42.5999985,1.0,,30.68,0.0,42.82,56.0437508,
2025-09-19 05:05:18+00:00,2025-09-19 05:05:18,,,,,,,,,,55.4850006,13.3249998,1070.69995,999.299988,42.0,1.0,,30.68,0.0,42.82,56.0437508,
2025-09-19 05:05:19+00:00,2025-09-19 05:05:19,,,,,,,,,,55.4324989,13.3249998,1070.47498,999.224976,42.0,1.0,,30.68,0.0,42.82,56.0437508,
2025-09-19 05:05:20+00:00,2025-09-19 05:05:20,54.0,39.0,38.0,54.0,54.0,32.782965654379595,303.0,BO_O2_RULE,제어매트릭스 규칙 적용: NOX_HIGH,55.4474983,13.3234377,1070.09998,999.075012,42.0125008,1.0,,30.68,0.0,42.82,56.0437508,
2025-09-19 05:05:21+00:00,2025-09-19 05:05:21,,,,,,,,,,55.4249992,13.3328123,1069.875,998.924988,42.0,1.0,,30.68,0.0,41.97,56.0437508,
2025-09-19 05:05:22+00:00,2025-09-19 05:05:22,,,,,,,,,,55.4362488,13.3328123,1069.5,998.849976,41.8499985,1.0,,30.68,0.0,41.97,56.0437508,
2025-09-19 05:05:23+00:00,2025-09-19 05:05:23,,,,,,,,,,55.4249992,13.3531246,1069.27502,998.700012,40.8250008,1.0,,30.68,0.0,41.97,56.0437508,
2025-09-19 05:05:24+00:00,2025-09-19 05:05:24,,,,,,,,,,55.4587517,13.3781252,1068.90002,998.549988,40.8250008,1.0,,30.68,0.0,41.97,56.0437508,
2025-09-19 05:05:25+00:00,2025-09-19 05:05:25,54.0,39.0,38.0,54.0,54.0,31.652028271047126,303.0,BO_O2_RULE,제어매트릭스 규칙 적용: NOX_HIGH,55.4287491,13.3781252,1068.59998,998.474976,40.8125,1.0,,30.68,0.0,41.97,56.0437508,
2025-09-19 05:05:26+00:00,2025-09-19 05:05:26,,,,,,,,,,55.4399986,13.4093752,1068.30005,998.325012,40.8250008,1.0,,30.68,0.0,41.97,56.0437508,
2025-09-19 05:05:27+00:00,2025-09-19 05:05:27,,,,,,,,,,55.4700012,13.4093752,1068.0,998.174988,40.8125,1.0,,30.68,0.0,41.97,56.0437508,
2025-09-19 05:05:28+00:00,2025-09-19 05:05:28,,,,,,,,,,55.4587517,13.4484377,1067.625,998.025024,40.8125,1.0,,30.68,0.0,41.97,56.0437508,
2025-09-19 05:05:29+00:00,2025-09-19 05:05:29,,,,,,,,,,55.4287491,13.4984379,1067.40002,997.950012,40.8125,1.0,,30.68,0.0,41.97,56.0437508,
2025-09-19 05:05:30+00:00,2025-09-19 05:05:30,54.0,39.0,38.0,54.0,54.0,26.942083690308877,303.0,BO_O2_RULE,제어매트릭스 규칙 적용: NOX_HIGH,55.4324989,13.4984379,1067.02502,997.724976,40.8250008,1.0,0.0,30.68,0.0,40.76,56.0437508,
2025-09-19 05:05:31+00:00,2025-09-19 05:05:31,,,,,,,,,,55.4249992,13.5578127,1066.80005,997.650024,40.8125,1.0,,30.68,0.0,40.76,56.0437508,
2025-09-19 05:05:32+00:00,2025-09-19 05:05:32,,,,,,,,,,55.4399986,13.6218748,1066.42505,997.5,40.7874985,1.0,,30.68,0.0,40.76,56.0437508,
2025-09-19 05:05:33+00:00,2025-09-19 05:05:33,,,,,,,,,,55.4174995,13.6218748,1066.125,997.349976,40.5625,1.0,,30.68,0.0,40.76,56.0437508,
2025-09-19 05:05:34+00:00,2025-09-19 05:05:34,,,,,,,,,,55.4587517,13.6859379,1065.75,997.200012,40.5625,1.0,,30.68,0.0,40.76,56.0437508,
2025-09-19 05:05:35+00:00,2025-09-19 05:05:35,54.0,54.0,38.0,54.0,54.0,28.549033966193242,303.0,BO_O2_RULE,제어매트릭스 규칙 적용: NOX_HIGH,55.4287491,13.6859379,1065.44995,997.125,40.5625,1.0,,30.68,0.0,40.76,56.0437508,
2025-09-19 05:05:36+00:00,2025-09-19 05:05:36,,,,,,,,,,55.4512482,13.7484379,1065.07495,996.974976,40.5625,1.0,,30.68,0.0,40.76,56.0437508,
2025-09-19 05:05:37+00:00,2025-09-19 05:05:37,,,,,,,,,,55.4587517,13.8140621,1064.77502,996.825012,40.5625,1.0,,30.68,0.0,40.76,56.0437508,
2025-09-19 05:05:38+00:00,2025-09-19 05:05:38,,,,,,,,,,55.4324989,13.8140621,1064.40002,996.674988,39.2125015,1.0,,30.68,0.0,40.76,56.0437508,
2025-09-19 05:05:39+00:00,2025-09-19 05:05:39,,,,,,,,,,55.4287491,13.8812504,1064.09998,996.599976,39.2125015,1.0,,30.68,0.0,40.76,56.0437508,
2025-09-19 05:05:40+00:00,2025-09-19 05:05:40,54.0,54.0,38.0,38.0,54.0,31.660409307043057,401.0,BO_O2_RULE_NOX,"NOx 예측 규칙 적용: 31.7ppm (NOX_PRED_HIGH, TEMP_IN_OK, TEMP_OUT_OK)",55.4287491,13.9484377,1063.72498,996.450012,39.2125015,1.0,,30.68,0.0,39.2,56.0437508,
2025-09-19 05:05:41+00:00,2025-09-19 05:05:41,,,,,,,,,,55.4212494,13.9484377,1063.42505,996.299988,39.2125015,1.0,,30.68,0.0,39.2,56.0437508,
2025-09-19 05:05:42+00:00,2025-09-19 05:05:42,,,,,,,,,,55.4249992,14.0140629,1063.05005,996.150024,39.0125008,1.0,,30.68,0.0,39.2,56.0437508,
2025-09-19 05:05:43+00:00,2025-09-19 05:05:43,,,,,,,,,,55.4362488,14.0140629,1062.75,996.0,37.7625008,1.0,,30.68,0.0,39.2,56.0437508,
2025-09-19 05:05:44+00:00,2025-09-19 05:05:44,,,,,,,,,,55.4550018,14.0765629,1062.30005,995.849976,37.7625008,1.0,,30.68,0.0,39.2,56.0437508,
2025-09-19 05:05:45+00:00,2025-09-19 05:05:45,50.4343748,54.0,38.0,38.0,38.0,26.52051865335002,210.0,BO_O2,O2 규칙 적용: 14.0% (>12.0%),55.4362488,14.140625,1062.0,995.775024,37.7750015,1.0,0.0,30.68,0.0,39.2,56.0437508,
2025-09-19 05:05:46+00:00,2025-09-19 05:05:46,,,,,,,,,,55.4625015,14.140625,1061.625,995.549988,37.7750015,1.0,,30.68,0.0,39.2,56.0437508,
2025-09-19 05:05:47+00:00,2025-09-19 05:05:47,,,,,,,,,,51.4762497,14.2062502,1061.32495,995.400024,37.7750015,1.0,,30.68,0.0,39.2,56.0531235,
2025-09-19 05:05:48+00:00,2025-09-19 05:05:48,,,,,,,,,,51.2700005,14.2609377,1060.875,995.25,37.0875015,1.0,,30.68,0.0,39.2,56.0437508,
2025-09-19 05:05:49+00:00,2025-09-19 05:05:49,,,,,,,,,,51.2587509,14.2609377,1060.65002,995.174988,37.0875015,1.0,,30.68,0.0,39.2,55.2843742,
2025-09-19 05:05:50+00:00,2025-09-19 05:05:50,48.4693756,54.0,38.0,38.0,38.0,24.634048474098684,210.0,BO_O2,O2 규칙 적용: 14.2% (>12.0%),51.2700005,14.3140621,1060.19995,994.950012,37.0999985,1.0,,30.68,0.0,37.09,53.8312492,
2025-09-19 05:05:51+00:00,2025-09-19 05:05:51,,,,,,,,,,51.2324982,14.3140621,1059.90002,994.799988,37.0875015,1.0,,30.68,0.0,37.09,52.3687515,
2025-09-19 05:05:52+00:00,2025-09-19 05:05:52,,,,,,,,,,49.2900009,14.3687496,1059.44995,994.650024,37.0999985,1.0,,30.68,0.0,37.09,51.3468742,
2025-09-19 05:05:53+00:00,2025-09-19 05:05:53,,,,,,,,,,49.1025009,14.4250002,1059.15002,994.575012,37.1749992,1.0,,30.68,0.0,37.09,50.4749985,
2025-09-19 05:05:54+00:00,2025-09-19 05:05:54,,,,,,,,,,49.1062508,14.4250002,1058.77502,994.349976,37.1749992,1.0,,30.68,0.0,37.09,49.7625008,
2025-09-19 05:05:55+00:00,2025-09-19 05:05:55,44.6828127,54.0,38.0,38.0,38.0,24.935841300070415,210.0,BO_O2,O2 규칙 적용: 14.4% (>12.0%),49.0912514,14.484375,1058.40002,994.200012,37.1749992,1.0,,30.68,0.0,37.09,48.6656265,
2025-09-19 05:05:56+00:00,2025-09-19 05:05:56,,,,,,,,,,49.0950012,14.5359373,1057.94995,994.049988,37.1749992,1.0,,30.68,0.0,37.09,47.8031235,
2025-09-19 05:05:57+00:00,2025-09-19 05:05:57,,,,,,,,,,48.4650002,14.5359373,1057.72498,993.900024,37.1749992,1.0,,30.68,0.0,37.09,47.0999985,
2025-09-19 05:05:58+00:00,2025-09-19 05:05:58,,,,,,,,,,46.1362495,14.5843754,1057.27502,993.75,35.9749985,1.0,,30.68,0.0,37.09,46.6031265,
2025-09-19 05:05:59+00:00,2025-09-19 05:05:59,,,,,,,,,,46.0574989,14.5843754,1056.97498,993.599976,35.9749985,1.0,,30.68,0.0,37.09,46.2093735,
2025-09-19 05:06:00+00:00,2025-09-19 05:06:00,42.438437449999995,54.0,38.0,38.0,38.0,24.8939879485403,210.0,BO_O2,O2 규칙 적용: 14.6% (>12.0%),46.0462494,14.6312504,1056.44995,993.450012,35.9749985,1.0,0.0,30.68,0.0,35.96,45.515625,
2025-09-19 05:06:01+00:00,2025-09-19 05:06:01,,,,,,,,,,46.0424995,14.6734371,1056.22498,993.299988,35.9749985,1.0,,30.68,0.0,35.96,44.3062515,
2025-09-19 05:06:02+00:00,2025-09-19 05:06:02,,,,,,,,,,43.3687515,14.6734371,1055.77502,993.150024,35.6500015,1.0,,30.68,0.0,35.96,43.1156235,
2025-09-19 05:06:03+00:00,2025-09-19 05:06:03,,,,,,,,,,42.9000015,14.7124996,1055.47498,993.0,33.7000008,1.0,,30.68,0.0,35.96,42.1312485,
2025-09-19 05:06:04+00:00,2025-09-19 05:06:04,,,,,,,,,,42.8925018,14.7468748,1055.02502,992.775024,33.7000008,1.0,,30.68,0.0,35.96,41.3343735,
2025-09-19 05:06:05+00:00,2025-09-19 05:06:05,39.7056255,54.0,38.0,38.0,38.0,24.36825898296852,210.0,BO_O2,O2 규칙 적용: 14.7% (>12.0%),42.9075012,14.7468748,1054.72498,992.700012,33.6875,1.0,,30.68,0.0,35.96,40.0125008,
2025-09-19 05:06:06+00:00,2025-09-19 05:06:06,,,,,,,,,,42.9075012,14.7468748,1054.72498,992.700012,33.6875,1.0,,30.68,0.0,35.96,40.0125008,
2025-09-19 05:06:07+00:00,2025-09-19 05:06:07,,,,,,,,,,41.0400009,14.7749996,1053.97498,992.325012,33.7000008,1.0,,30.68,0.0,35.96,37.40625,
2025-09-19 05:06:08+00:00,2025-09-19 05:06:08,,,,,,,,,,40.8262482,14.796875,1053.52502,992.174988,32.6749992,1.0,,30.68,0.0,35.96,36.6187515,
2025-09-19 05:06:09+00:00,2025-09-19 05:06:09,,,,,,,,,,40.8037491,14.8203125,1053.22498,992.025024,32.6875,1.0,,30.68,0.0,35.96,35.8875008,
2025-09-19 05:06:10+00:00,2025-09-19 05:06:10,38.0,54.0,38.0,38.0,38.0,17.670589521792703,210.0,BO_O2,O2 규칙 적용: 14.8% (>12.0%),40.8224983,14.8203125,1052.77502,991.799988,32.6875,1.0,,30.68,0.0,32.7,35.1281242,
2025-09-19 05:06:11+00:00,2025-09-19 05:06:11,,,,,,,,,,40.8300018,14.8484373,1052.55005,991.724976,32.6875,1.0,,30.68,0.0,32.7,34.3312492,
2025-09-19 05:06:12+00:00,2025-09-19 05:06:12,,,,,,,,,,40.7887497,14.8671875,1052.09998,991.5,32.375,1.0,,30.68,0.0,32.7,33.4406242,
2025-09-19 05:06:13+00:00,2025-09-19 05:06:13,,,,,,,,,,38.7599983,14.8671875,1051.72498,991.349976,31.0,1.0,,30.68,0.0,32.7,32.765625,
2025-09-19 05:06:14+00:00,2025-09-19 05:06:14,,,,,,,,,,38.6549988,14.8796873,1051.34998,991.125,31.0,1.0,,30.68,0.0,32.7,32.1656265,
2025-09-19 05:06:15+00:00,2025-09-19 05:06:15,38.0,54.0,38.0,38.0,38.0,15.484866890379271,210.0,BO_O2,O2 규칙 적용: 14.9% (>12.0%),38.6587486,14.8796873,1051.05005,991.049988,31.0,1.0,0.0,30.68,0.0,32.7,31.8187504,
2025-09-19 05:06:16+00:00,2025-09-19 05:06:16,,,,,,,,,,38.6587486,14.8796873,1051.05005,991.049988,31.0,1.0,,30.68,0.0,32.7,31.8187504,
2025-09-19 05:06:17+00:00,2025-09-19 05:06:17,,,,,,,,,,38.6624985,14.8921871,1050.30005,990.674988,31.0,1.0,,30.68,0.0,32.7,30.5812492,
2025-09-19 05:06:18+00:00,2025-09-19 05:06:18,,,,,,,,,,38.6587486,14.8921871,1049.84998,990.525024,29.8125,1.0,,30.68,0.0,32.7,29.8875008,
2025-09-19 05:06:19+00:00,2025-09-19 05:06:19,,,,,,,,,,38.6549988,14.8937502,1049.55005,990.299988,29.8250008,1.0,,30.68,0.0,32.7,29.1749992,
2025-09-19 05:06:20+00:00,2025-09-19 05:06:20,38.0,39.0,38.0,38.0,38.0,15.029766188052593,210.0,BO_O2,O2 규칙 적용: 14.9% (>12.0%),38.6549988,14.8937502,1049.55005,990.299988,29.8250008,1.0,,30.68,0.0,29.8,29.1749992,
2025-09-19 05:06:21+00:00,2025-09-19 05:06:21,,,,,,,,,,38.6587486,14.8874998,1049.02502,990.150024,29.8125,1.0,,30.68,0.0,29.8,28.59375,
2025-09-19 05:06:22+00:00,2025-09-19 05:06:22,,,,,,,,,,38.6512489,14.8890629,1048.34998,989.775024,29.875,1.0,,30.68,0.0,29.8,28.3968754,
2025-09-19 05:06:23+00:00,2025-09-19 05:06:23,,,,,,,,,,38.6474991,14.8890629,1048.05005,989.625,30.1625004,1.0,,30.68,0.0,29.8,28.2093754,
2025-09-19 05:06:24+00:00,2025-09-19 05:06:24,,,,,,,,,,38.6399994,14.8921871,1047.52502,989.400024,30.1499996,1.0,,30.68,0.0,29.8,28.2093754,
2025-09-19 05:06:25+00:00,2025-09-19 05:06:25,38.0,39.0,38.0,38.0,38.0,16.243265891886093,210.0,BO_O2,O2 규칙 적용: 14.9% (>12.0%),38.6474991,14.8859377,1047.22498,989.325012,30.1499996,1.0,,30.68,0.0,29.8,28.2093754,
2025-09-19 05:06:26+00:00,2025-09-19 05:06:26,,,,,,,,,,38.6474991,14.8859377,1047.22498,989.325012,30.1499996,1.0,,30.68,0.0,29.8,28.2093754,
2025-09-19 05:06:27+00:00,2025-09-19 05:06:27,,,,,,,,,,38.6549988,14.8859377,1046.77502,989.099976,30.1499996,1.0,,30.68,0.0,29.8,28.2093754,
2025-09-19 05:06:28+00:00,2025-09-19 05:06:28,,,,,,,,,,38.6437492,14.8828125,1046.47498,988.950012,28.6625004,1.0,,30.68,0.0,29.8,28.2093754,
2025-09-19 05:06:29+00:00,2025-09-19 05:06:29,,,,,,,,,,38.6399994,14.890625,1046.02502,988.799988,27.9750004,1.0,,30.68,0.0,29.8,28.2093754,
2025-09-19 05:06:30+00:00,2025-09-19 05:06:30,38.0,39.0,38.0,38.0,38.0,17.94195480409531,210.0,BO_O2,O2 규칙 적용: 14.9% (>12.0%),38.6699982,14.890625,1045.72498,988.575012,27.9750004,1.0,0.0,30.68,0.0,27.98,28.2093754,
2025-09-19 05:06:31+00:00,2025-09-19 05:06:31,,,,,,,,,,38.6362495,14.9078121,1045.27502,988.424988,27.9750004,1.0,,30.68,0.0,27.98,28.2093754,
2025-09-19 05:06:32+00:00,2025-09-19 05:06:32,,,,,,,,,,38.6399994,14.9078121,1044.97498,988.275024,27.9624996,1.0,,30.68,0.0,27.98,28.2000008,
2025-09-19 05:06:33+00:00,2025-09-19 05:06:33,,,,,,,,,,38.6512489,14.9328127,1044.52502,988.049988,27.75,1.0,,30.68,0.0,27.98,28.2093754,
2025-09-19 05:06:34+00:00,2025-09-19 05:06:34,,,,,,,,,,38.6474991,14.9640627,1044.07495,987.825012,26.7875004,1.0,,30.68,0.0,27.98,28.2093754,
2025-09-19 05:06:35+00:00,2025-09-19 05:06:35,38.0,39.0,38.0,38.0,38.0,13.933358337666505,210.0,BO_O2,O2 규칙 적용: 14.9% (>12.0%),38.6362495,14.9640627,1043.77502,987.674988,26.7875004,1.0,,30.68,0.0,27.98,28.2093754,
2025-09-19 05:06:36+00:00,2025-09-19 05:06:36,,,,,,,,,,38.6474991,14.9937496,1043.47498,987.525024,26.7875004,1.0,,30.68,0.0,27.98,28.2000008,
2025-09-19 05:06:37+00:00,2025-09-19 05:06:37,,,,,,,,,,38.6399994,15.03125,1043.02502,987.299988,26.7875004,1.0,,30.68,0.0,27.98,28.2093754,
2025-09-19 05:06:38+00:00,2025-09-19 05:06:38,,,,,,,,,,38.6474991,15.03125,1042.65002,987.150024,25.1000004,1.0,,30.68,0.0,27.98,28.2093754,
2025-09-19 05:06:39+00:00,2025-09-19 05:06:39,,,,,,,,,,38.6437492,15.0687504,1042.27502,986.924988,24.3374996,1.0,,30.68,0.0,27.98,28.2093754,
2025-09-19 05:06:40+00:00,2025-09-19 05:06:40,38.0,39.0,38.0,38.0,38.0,12.895273094457961,210.0,BO_O2,O2 규칙 적용: 15.0% (>12.0%),38.6399994,15.1000004,1041.97498,986.775024,24.3374996,1.0,,30.68,0.0,24.32,28.2000008,
2025-09-19 05:06:41+00:00,2025-09-19 05:06:41,,,,,,,,,,38.6362495,15.1000004,1041.52502,986.625,24.3374996,1.0,,30.68,0.0,24.32,28.2093754,
2025-09-19 05:06:42+00:00,2025-09-19 05:06:42,,,,,,,,,,38.6474991,15.1265621,1041.15002,986.400024,24.3250008,1.0,,30.68,0.0,24.32,28.2093754,
2025-09-19 05:06:43+00:00,2025-09-19 05:06:43,,,,,,,,,,38.6474991,15.1265621,1040.69995,986.25,23.9750004,1.0,,30.68,0.0,24.32,28.2093754,
2025-09-19 05:06:44+00:00,2025-09-19 05:06:44,,,,,,,,,,38.6512489,15.1468754,1040.40002,986.099976,22.4750004,1.0,,30.68,0.0,24.32,28.2093754,
2025-09-19 05:06:45+00:00,2025-09-19 05:06:45,38.0,39.0,38.0,38.0,38.0,11.959304377591437,210.0,BO_O2,O2 규칙 적용: 15.1% (>12.0%),38.6474991,15.1656246,1039.94995,985.875,22.4750004,1.0,0.0,30.68,0.0,24.32,28.2093754,
2025-09-19 05:06:46+00:00,2025-09-19 05:06:46,,,,,,,,,,38.6474991,15.1656246,1039.65002,985.650024,22.4750004,1.0,,30.68,0.0,24.32,28.2093754,
2025-09-19 05:06:47+00:00,2025-09-19 05:06:47,,,,,,,,,,38.6437492,15.1828127,1039.19995,985.5,22.4750004,1.0,,30.68,0.0,24.32,28.2093754,
2025-09-19 05:06:48+00:00,2025-09-19 05:06:48,,,,,,,,,,38.6662483,15.1984377,1038.90002,985.275024,21.3125,1.0,,30.68,0.0,24.32,28.2093754,
2025-09-19 05:06:49+00:00,2025-09-19 05:06:49,,,,,,,,,,38.6362495,15.1984377,1038.44995,985.049988,20.7875004,1.0,,30.68,0.0,24.32,28.2093754,
2025-09-19 05:06:50+00:00,2025-09-19 05:06:50,38.0,39.0,38.0,38.0,38.0,10.41796970102177,210.0,BO_O2,O2 규칙 적용: 15.2% (>12.0%),38.6437492,15.2015629,1038.15002,984.900024,20.7875004,1.0,,30.68,0.0,20.84,28.2093754,
2025-09-19 05:06:51+00:00,2025-09-19 05:06:51,,,,,,,,,,38.6399994,15.2015629,1037.77502,984.674988,20.7875004,1.0,,30.68,0.0,20.84,28.2093754,
2025-09-19 05:06:52+00:00,2025-09-19 05:06:52,,,,,,,,,,38.6437492,15.2046871,1037.32495,984.450012,20.7875004,1.0,,30.68,0.0,20.84,28.2093754,
2025-09-19 05:06:53+00:00,2025-09-19 05:06:53,,,,,,,,,,38.6512489,15.203125,1037.02502,984.299988,20.875,1.0,,30.68,0.0,20.84,28.2093754,
2025-09-19 05:06:54+00:00,2025-09-19 05:06:54,,,,,,,,,,38.6324997,15.203125,1036.72498,984.150024,21.2875004,1.0,,30.68,0.0,20.84,28.2093754,
2025-09-19 05:06:55+00:00,2025-09-19 05:06:55,38.0,39.0,38.0,38.0,38.0,9.890821098977893,210.0,BO_O2,O2 규칙 적용: 15.2% (>12.0%),38.6437492,15.2015629,1036.27502,983.924988,21.2875004,1.0,,30.68,0.0,20.84,28.2093754,
2025-09-19 05:06:56+00:00,2025-09-19 05:06:56,,,,,,,,,,38.6399994,15.1968746,1035.97498,983.775024,21.2875004,1.0,,30.68,0.0,20.84,28.2093754,
2025-09-19 05:06:57+00:00,2025-09-19 05:06:57,,,,,,,,,,38.6399994,15.1968746,1035.52502,983.549988,21.2875004,1.0,,30.68,0.0,20.84,28.2093754,
2025-09-19 05:06:58+00:00,2025-09-19 05:06:58,,,,,,,,,,38.6474991,15.1843748,1035.15002,983.325012,20.4874992,1.0,,30.68,0.0,20.84,28.2093754,
2025-09-19 05:06:59+00:00,2025-09-19 05:06:59,,,,,,,,,,38.6362495,15.1843748,1034.84998,983.174988,20.1124992,1.0,,30.68,0.0,20.84,28.2093754,
2025-09-19 05:07:00+00:00,2025-09-19 05:07:00,38.0,39.0,38.0,38.0,38.0,9.66668525254163,210.0,BO_O2,O2 규칙 적용: 15.2% (>12.0%),38.6587486,15.1484375,1034.55005,983.025024,20.1124992,1.0,0.0,30.68,0.0,20.16,28.2093754,
2025-09-19 05:07:01+00:00,2025-09-19 05:07:01,,,,,,,,,,38.6474991,15.0921879,1034.17505,982.799988,20.125,1.0,,30.68,0.0,20.16,28.2093754,
2025-09-19 05:07:02+00:00,2025-09-19 05:07:02,,,,,,,,,,38.6399994,15.0921879,1033.875,982.650024,20.125,1.0,,30.68,0.0,20.16,28.0406246,
2025-09-19 05:07:03+00:00,2025-09-19 05:07:03,,,,,,,,,,38.6512489,15.0203123,1033.5,982.349976,19.7625008,1.0,,30.68,0.0,20.16,28.03125,
2025-09-19 05:07:04+00:00,2025-09-19 05:07:04,,,,,,,,,,38.6437492,14.9343748,1033.05005,982.125,18.3500004,1.0,,30.68,0.0,20.16,28.2093754,
2025-09-19 05:07:05+00:00,2025-09-19 05:07:05,38.0,39.0,38.0,38.0,38.0,10.077938041289714,210.0,BO_O2,O2 규칙 적용: 15.0% (>12.0%),38.6437492,14.9343748,1032.82495,981.974976,18.3374996,1.0,,30.68,0.0,20.16,28.2093754,
2025-09-19 05:07:06+00:00,2025-09-19 05:07:06,,,,,,,,,,38.6362495,14.8468752,1032.375,981.75,18.3374996,1.0,,30.68,0.0,20.16,28.2093754,
2025-09-19 05:07:07+00:00,2025-09-19 05:07:07,,,,,,,,,,38.6474991,14.8468752,1032.07495,981.599976,18.3500004,1.0,,30.68,0.0,20.16,28.03125,
2025-09-19 05:07:08+00:00,2025-09-19 05:07:08,,,,,,,,,,38.6512489,14.7578125,1031.69995,981.375,17.8250008,1.0,,30.68,0.0,20.16,28.03125,
2025-09-19 05:07:09+00:00,2025-09-19 05:07:09,,,,,,,,,,38.6512489,14.6640625,1031.47498,981.224976,17.5874996,1.0,,30.68,0.0,20.16,28.1906242,
2025-09-19 05:07:10+00:00,2025-09-19 05:07:10,38.0,39.0,38.0,38.0,38.0,7.865479053393951,210.0,BO_O2,O2 규칙 적용: 14.8% (>12.0%),38.6362495,14.6640625,1031.09998,981.0,17.5874996,1.0,,30.68,0.0,17.65,28.2093754,
2025-09-19 05:07:11+00:00,2025-09-19 05:07:11,,,,,,,,,,38.6362495,14.5718746,1030.80005,980.775024,17.5874996,1.0,,30.68,0.0,17.65,28.03125,
2025-09-19 05:07:12+00:00,2025-09-19 05:07:12,,,,,,,,,,38.6437492,14.4859371,1030.42505,980.549988,17.5874996,1.0,,30.68,0.0,17.65,28.03125,
2025-09-19 05:07:13+00:00,2025-09-19 05:07:13,,,,,,,,,,38.6474991,14.4859371,1030.19995,980.400024,17.3374996,1.0,,30.68,0.0,17.65,28.03125,
2025-09-19 05:07:14+00:00,2025-09-19 05:07:14,,,,,,,,,,38.6474991,14.4093752,1029.82495,980.174988,16.3250008,1.0,,30.68,0.0,17.65,28.03125,
2025-09-19 05:07:15+00:00,2025-09-19 05:07:15,38.0,39.0,38.0,38.0,38.0,7.279088160580106,210.0,BO_O2,O2 규칙 적용: 14.5% (>12.0%),38.6512489,14.4093752,1029.52502,980.025024,16.3250008,1.0,0.0,30.68,0.0,17.65,28.03125,
2025-09-19 05:07:16+00:00,2025-09-19 05:07:16,,,,,,,,,,38.6437492,14.34375,1029.15002,979.799988,16.3250008,1.0,,30.68,0.0,17.65,28.2093754,
2025-09-19 05:07:17+00:00,2025-09-19 05:07:17,,,,,,,,,,38.6437492,14.2859373,1028.92505,979.650024,16.3250008,1.0,,30.68,0.0,17.65,28.2093754,
2025-09-19 05:07:18+00:00,2025-09-19 05:07:18,,,,,,,,,,38.6437492,14.2859373,1028.55005,979.349976,15.9125004,1.0,,30.68,0.0,17.65,28.2093754,
2025-09-19 05:07:19+00:00,2025-09-19 05:07:19,,,,,,,,,,38.6399994,14.2281246,1028.25,979.200012,15.7375002,1.0,,30.68,0.0,17.65,28.2093754,
2025-09-19 05:07:20+00:00,2025-09-19 05:07:20,38.0,39.0,38.0,38.0,38.0,7.250386889997191,210.0,BO_O2,O2 규칙 적용: 14.3% (>12.0%),38.6662483,14.1656246,1027.94995,978.974976,15.7375002,1.0,,30.68,0.0,15.78,28.2093754,
2025-09-19 05:07:21+00:00,2025-09-19 05:07:21,,,,,,,,,,38.6399994,14.1656246,1027.65002,978.75,15.7375002,1.0,,30.68,0.0,15.78,28.2093754,
2025-09-19 05:07:22+00:00,2025-09-19 05:07:22,,,,,,,,,,38.6399994,14.1046877,1027.34998,978.599976,15.7375002,1.0,,30.68,0.0,15.78,28.2093754,
2025-09-19 05:07:23+00:00,2025-09-19 05:07:23,,,,,,,,,,38.6399994,14.1046877,1027.05005,978.375,15.7624998,1.0,,30.68,0.0,15.78,28.2093754,
2025-09-19 05:07:24+00:00,2025-09-19 05:07:24,,,,,,,,,,38.6512489,14.0515623,1026.75,978.150024,15.8999996,1.0,,30.68,0.0,15.78,28.2093754,
2025-09-19 05:07:25+00:00,2025-09-19 05:07:25,38.0,39.0,38.0,38.0,38.0,9.195565091775956,210.0,BO_O2,O2 규칙 적용: 14.1% (>12.0%),38.6399994,13.9953127,1026.52502,978.0,15.9125004,1.0,,30.68,0.0,15.78,28.2093754,
2025-09-19 05:07:26+00:00,2025-09-19 05:07:26,,,,,,,,,,38.6399994,13.9953127,1026.15002,977.775024,15.8999996,1.0,,30.68,0.0,15.78,28.2093754,
2025-09-19 05:07:27+00:00,2025-09-19 05:07:27,,,,,,,,,,38.6399994,13.9375,1025.92505,977.625,15.8999996,1.0,,30.68,0.0,15.78,28.2093754,
2025-09-19 05:07:28+00:00,2025-09-19 05:07:28,,,,,,,,,,38.6324997,13.8921871,1025.55005,977.400024,15.7250004,1.0,,30.68,0.0,15.78,28.2093754,
2025-09-19 05:07:29+00:00,2025-09-19 05:07:29,,,,,,,,,,38.6512489,13.8921871,1025.40002,977.25,15.6499996,1.0,,30.68,0.0,15.78,28.2093754,
2025-09-19 05:07:30+00:00,2025-09-19 05:07:30,38.0,39.0,38.0,38.0,38.0,9.409524740751312,210.0,BO_O2,O2 규칙 적용: 13.9% (>12.0%),38.6362495,13.8484373,1025.02502,976.950012,15.6499996,1.0,0.0,30.68,0.0,15.67,28.21875,
2025-09-19 05:07:31+00:00,2025-09-19 05:07:31,,,,,,,,,,38.6437492,13.8484373,1024.80005,976.875,15.6499996,1.0,,30.68,0.0,15.67,28.21875,
2025-09-19 05:07:32+00:00,2025-09-19 05:07:32,,,,,,,,,,38.6474991,13.8000002,1024.42505,976.5,15.6499996,1.0,,30.68,0.0,15.67,28.2093754,
2025-09-19 05:07:33+00:00,2025-09-19 05:07:33,,,,,,,,,,38.6362495,13.7640629,1024.27502,976.424988,15.6000004,1.0,,30.68,0.0,15.67,28.2093754,
2025-09-19 05:07:34+00:00,2025-09-19 05:07:34,,,,,,,,,,38.6437492,13.7640629,1023.90002,976.125,15.3999996,1.0,,30.68,0.0,15.67,28.2093754,
2025-09-19 05:07:35+00:00,2025-09-19 05:07:35,38.0,39.0,38.0,38.0,38.0,14.345849042525847,210.0,BO_O2,O2 규칙 적용: 13.8% (>12.0%),38.6512489,13.7296877,1023.75,975.974976,15.3999996,1.0,,30.68,0.0,15.67,28.21875,
2025-09-19 05:07:36+00:00,2025-09-19 05:07:36,,,,,,,,,,38.6362495,13.6859379,1023.375,975.75,15.3999996,1.0,,30.68,0.0,15.67,28.2093754,
2025-09-19 05:07:37+00:00,2025-09-19 05:07:37,,,,,,,,,,38.6699982,13.6859379,1023.15002,975.599976,15.3999996,1.0,,30.68,0.0,15.67,28.2937508,
2025-09-19 05:07:38+00:00,2025-09-19 05:07:38,,,,,,,,,,38.6399994,13.6468754,1022.84998,975.375,15.0625,1.0,,30.68,0.0,15.67,28.2093754,
2025-09-19 05:07:39+00:00,2025-09-19 05:07:39,,,,,,,,,,38.6437492,13.6468754,1022.625,975.224976,14.8874998,1.0,,30.68,0.0,15.67,28.21875,
2025-09-19 05:07:40+00:00,2025-09-19 05:07:40,38.0,39.0,38.0,38.0,38.0,14.576973220019658,210.0,BO_O2,O2 규칙 적용: 13.7% (>12.0%),38.6399994,13.6171875,1022.32501,974.924988,14.8999996,1.0,,30.68,0.0,14.9,28.2093754,
2025-09-19 05:07:41+00:00,2025-09-19 05:07:41,,,,,,,,,,38.6362495,13.5906248,1022.17499,974.775024,14.8999996,1.0,,30.68,0.0,14.9,28.2093754,
2025-09-19 05:07:42+00:00,2025-09-19 05:07:42,,,,,,,,,,38.6437492,13.5906248,1021.79999,974.549988,14.8874998,1.0,,30.68,0.0,14.9,28.21875,
2025-09-19 05:07:43+00:00,2025-09-19 05:07:43,,,,,,,,,,38.6362495,13.5671873,1021.65002,974.400024,14.9624996,1.0,,30.68,0.0,14.9,28.2093754,
2025-09-19 05:07:44+00:00,2025-09-19 05:07:44,,,,,,,,,,38.6437492,13.5484371,1021.34998,974.099976,15.2375002,1.0,,30.68,0.0,14.9,28.2093754,
2025-09-19 05:07:45+00:00,2025-09-19 05:07:45,38.0,39.0,38.0,38.0,38.0,13.675866438881568,210.0,BO_O2,O2 규칙 적용: 13.6% (>12.0%),38.6437492,13.5484371,1021.125,973.950012,15.2250004,1.0,0.0,30.68,0.0,14.9,28.2093754,
2025-09-19 05:07:46+00:00,2025-09-19 05:07:46,,,,,,,,,,38.6399994,13.5203123,1020.90002,973.724976,15.2250004,1.0,,30.68,0.0,14.9,28.2093754,
2025-09-19 05:07:47+00:00,2025-09-19 05:07:47,,,,,,,,,,38.6549988,13.5203123,1020.67499,973.575012,15.2375002,1.0,,30.68,0.0,14.9,28.21875,
2025-09-19 05:07:48+00:00,2025-09-19 05:07:48,,,,,,,,,,38.6437492,13.4921875,1020.375,973.349976,15.5749998,1.0,,30.68,0.0,14.9,28.2093754,
2025-09-19 05:07:49+00:00,2025-09-19 05:07:49,,,,,,,,,,38.6399994,13.4609375,1020.22498,973.200012,15.7250004,1.0,,30.68,0.0,14.9,28.2093754,
2025-09-19 05:07:50+00:00,2025-09-19 05:07:50,38.0,39.0,38.0,38.0,38.0,15.271783815422028,210.0,BO_O2,O2 규칙 적용: 13.5% (>12.0%),38.6362495,13.4609375,1019.92499,972.900024,15.7375002,1.0,,30.68,0.0,15.8,28.21875,
2025-09-19 05:07:51+00:00,2025-09-19 05:07:51,,,,,,,,,,38.6437492,13.4359379,1019.77502,972.825012,15.7375002,1.0,,30.68,0.0,15.8,28.2093754,
2025-09-19 05:07:52+00:00,2025-09-19 05:07:52,,,,,,,,,,38.6512489,13.4093752,1019.54999,972.525024,15.7375002,1.0,,30.68,0.0,15.8,28.2093754,
2025-09-19 05:07:53+00:00,2025-09-19 05:07:53,,,,,,,,,,38.6399994,13.4093752,1019.32501,972.375,16.1625004,1.0,,30.68,0.0,15.8,28.2093754,
2025-09-19 05:07:54+00:00,2025-09-19 05:07:54,,,,,,,,,,38.6362495,13.3812504,1019.09998,972.150024,16.1625004,1.0,,30.68,0.0,15.8,28.21875,
2025-09-19 05:07:55+00:00,2025-09-19 05:07:55,38.0,39.0,38.0,38.0,38.0,16.204391182732017,210.0,BO_O2,O2 규칙 적용: 13.4% (>12.0%),38.6512489,13.3812504,1018.875,972.0,16.1499996,1.0,,30.68,0.0,15.8,28.21875,
2025-09-19 05:07:56+00:00,2025-09-19 05:07:56,,,,,,,,,,38.6437492,13.3546877,1018.65002,971.775024,16.1499996,1.0,,30.68,0.0,15.8,28.2093754,
2025-09-19 05:07:57+00:00,2025-09-19 05:07:57,,,,,,,,,,38.6437492,13.3249998,1018.5,971.625,16.1625004,1.0,,30.68,0.0,15.8,28.2093754,
2025-09-19 05:07:58+00:00,2025-09-19 05:07:58,,,,,,,,,,38.6474991,13.3249998,1018.20001,971.325012,16.2749996,1.0,,30.68,0.0,15.8,28.2093754,
2025-09-19 05:07:59+00:00,2025-09-19 05:07:59,,,,,,,,,,38.6437492,13.2937498,1018.04999,971.25,16.3250008,1.0,,30.68,0.0,15.8,28.21875,
2025-09-19 05:08:00+00:00,2025-09-19 05:08:00,38.0,39.0,38.0,38.0,38.0,17.459775689972155,210.0,BO_O2,O2 규칙 적용: 13.3% (>12.0%),38.6399994,13.2578125,1017.82501,970.950012,16.3250008,1.0,0.0,30.68,0.0,16.34,28.2093754,
2025-09-19 05:08:01+00:00,2025-09-19 05:08:01,,,,,,,,,,38.6399994,13.2578125,1017.67499,970.799988,16.3250008,1.0,,30.68,0.0,16.34,28.2093754,
2025-09-19 05:08:02+00:00,2025-09-19 05:08:02,,,,,,,,,,38.6437492,13.21875,1017.45001,970.575012,16.3250008,1.0,,30.68,0.0,16.34,28.2093754,
2025-09-19 05:08:03+00:00,2025-09-19 05:08:03,,,,,,,,,,38.6362495,13.21875,1017.22498,970.424988,16.5750008,1.0,,30.68,0.0,16.34,28.21875,
2025-09-19 05:08:04+00:00,2025-09-19 05:08:04,,,,,,,,,,38.6399994,13.1796875,1017.07501,970.200012,17.5,1.0,,30.68,0.0,16.34,28.1812496,
2025-09-19 05:08:05+00:00,2025-09-19 05:08:05,38.0,39.0,38.0,38.0,38.0,17.713321541200838,210.0,BO_O2,O2 규칙 적용: 13.2% (>12.0%),38.6699982,13.1359377,1016.92499,970.049988,17.5,1.0,,30.68,0.0,16.34,28.03125,
2025-09-19 05:08:06+00:00,2025-09-19 05:08:06,,,,,,,,,,38.6437492,13.1359377,1016.70001,969.825012,17.5,1.0,,30.68,0.0,16.34,28.03125,
2025-09-19 05:08:07+00:00,2025-09-19 05:08:07,,,,,,,,,,38.6437492,13.0921879,1016.54999,969.599976,17.5,1.0,,30.68,0.0,16.34,28.0406246,
2025-09-19 05:08:08+00:00,2025-09-19 05:08:08,,,,,,,,,,38.6362495,13.0515623,1016.40002,969.375,17.7374992,1.0,,30.68,0.0,16.34,28.03125,
2025-09-19 05:08:09+00:00,2025-09-19 05:08:09,,,,,,,,,,38.6399994,13.0515623,1016.17499,969.224976,17.8374996,1.0,,30.68,0.0,16.34,28.03125,
2025-09-19 05:08:10+00:00,2025-09-19 05:08:10,38.0,39.0,38.0,38.0,38.0,22.444183571502645,210.0,BO_O2,O2 규칙 적용: 13.1% (>12.0%),38.6437492,13.0187502,1016.02502,969.075012,17.8374996,1.0,,30.68,0.0,17.84,28.03125,
2025-09-19 05:08:11+00:00,2025-09-19 05:08:11,,,,,,,,,,38.6549988,13.0187502,1015.875,968.849976,17.8374996,1.0,,30.68,0.0,17.84,28.03125,
2025-09-19 05:08:12+00:00,2025-09-19 05:08:12,,,,,,,,,,38.6474991,12.9812498,1015.65002,968.625,17.8374996,1.0,,30.68,0.0,17.84,28.03125,
2025-09-19 05:08:13+00:00,2025-09-19 05:08:13,,,,,,,,,,38.6437492,12.9343748,1015.5,968.400024,18.6749992,1.0,,30.68,0.0,17.84,28.2093754,
2025-09-19 05:08:14+00:00,2025-09-19 05:08:14,,,,,,,,,,38.6512489,12.9343748,1015.34998,968.25,18.6749992,1.0,,30.68,0.0,17.84,28.2093754,
2025-09-19 05:08:15+00:00,2025-09-19 05:08:15,38.0,39.0,38.0,38.0,38.0,22.0635855557596,210.0,BO_O2,O2 규칙 적용: 13.0% (>12.0%),38.6512489,12.8968754,1015.27502,968.099976,18.6749992,1.0,0.0,30.68,0.0,17.84,28.21875,
2025-09-19 05:08:16+00:00,2025-09-19 05:08:16,,,,,,,,,,38.6474991,12.8656254,1015.04999,967.875,18.6749992,1.0,,30.68,0.0,17.84,28.21875,
2025-09-19 05:08:17+00:00,2025-09-19 05:08:17,,,,,,,,,,38.6549988,12.8656254,1014.90002,967.650024,18.6749992,1.0,,30.68,0.0,17.84,28.2093754,
2025-09-19 05:08:18+00:00,2025-09-19 05:08:18,,,,,,,,,,38.6399994,12.8343754,1014.82501,967.5,19.6499996,1.0,,30.68,0.0,17.84,28.21875,
2025-09-19 05:08:19+00:00,2025-09-19 05:08:19,,,,,,,,,,38.6324997,12.8015623,1014.75,967.349976,20.0249996,1.0,,30.68,0.0,17.84,28.2093754,
2025-09-19 05:08:20+00:00,2025-09-19 05:08:20,38.0,39.0,38.0,38.0,38.0,21.0914751374352,210.0,BO_O2,O2 규칙 적용: 12.9% (>12.0%),38.6362495,12.8015623,1014.52502,967.125,20.0375004,1.0,,30.68,0.0,17.84,28.2093754,
2025-09-19 05:08:21+00:00,2025-09-19 05:08:21,,,,,,,,,,38.6587486,12.7718754,1014.45001,966.974976,20.0375004,1.0,,30.68,0.0,20.08,28.2093754,
2025-09-19 05:08:22+00:00,2025-09-19 05:08:22,,,,,,,,,,38.6549988,12.7718754,1014.22498,966.75,20.0249996,1.0,,30.68,0.0,20.08,28.2093754,
2025-09-19 05:08:23+00:00,2025-09-19 05:08:23,,,,,,,,,,38.6474991,12.7359371,1014.22498,966.599976,20.6124992,1.0,,30.68,0.0,20.08,28.21875,
2025-09-19 05:08:24+00:00,2025-09-19 05:08:24,,,,,,,,,,38.6512489,12.6937504,1014.0,966.375,20.6124992,1.0,,30.68,0.0,20.08,28.2093754,
2025-09-19 05:08:25+00:00,2025-09-19 05:08:25,38.0,39.0,38.0,38.0,38.0,24.689336032444707,210.0,BO_O2,O2 규칙 적용: 12.7% (>12.0%),38.6474991,12.6937504,1013.92499,966.224976,20.6124992,1.0,,30.68,0.0,20.08,28.2093754,
2025-09-19 05:08:26+00:00,2025-09-19 05:08:26,,,,,,,,,,38.6474991,12.6468754,1013.77502,966.075012,20.6124992,1.0,,30.68,0.0,20.08,28.2093754,
2025-09-19 05:08:27+00:00,2025-09-19 05:08:27,,,,,,,,,,38.6399994,12.6015625,1013.70001,965.849976,20.625,1.0,,30.68,0.0,20.08,28.21875,
2025-09-19 05:08:28+00:00,2025-09-19 05:08:28,,,,,,,,,,38.6474991,12.6015625,1013.54999,965.700012,21.1124992,1.0,,30.68,0.0,20.08,28.2093754,
2025-09-19 05:08:29+00:00,2025-09-19 05:08:29,,,,,,,,,,38.6362495,12.5578127,1013.47498,965.549988,21.2875004,1.0,,30.68,0.0,20.08,28.2093754,
2025-09-19 05:08:30+00:00,2025-09-19 05:08:30,38.0,39.0,38.0,38.0,38.0,25.762278385463958,210.0,BO_O2,O2 규칙 적용: 12.6% (>12.0%),38.6399994,12.5578127,1013.32501,965.325012,21.2875004,1.0,0.0,30.68,0.0,20.08,28.2093754,
2025-09-19 05:08:31+00:00,2025-09-19 05:08:31,,,,,,,,,,38.6512489,12.5171871,1013.25,965.174988,21.2875004,1.0,,30.68,0.0,21.36,28.2093754,
2025-09-19 05:08:32+00:00,2025-09-19 05:08:32,,,,,,,,,,38.6399994,12.4828129,1013.09998,964.950012,21.2875004,1.0,,30.68,0.0,21.36,28.21875,
2025-09-19 05:08:33+00:00,2025-09-19 05:08:33,,,,,,,,,,38.6437492,12.4828129,1013.02502,964.799988,22.9750004,1.0,,30.68,0.0,21.36,28.2093754,
2025-09-19 05:08:34+00:00,2025-09-19 05:08:34,,,,,,,,,,38.6362495,12.4562502,1012.875,964.650024,22.9750004,1.0,,30.68,0.0,21.36,28.2093754,
2025-09-19 05:08:35+00:00,2025-09-19 05:08:35,38.0,39.0,38.0,38.0,38.0,24.411265762653017,210.0,BO_O2,O2 규칙 적용: 12.5% (>12.0%),38.6512489,12.4343748,1012.79999,964.424988,22.9750004,1.0,,30.68,0.0,21.36,28.21875,
2025-09-19 05:08:36+00:00,2025-09-19 05:08:36,,,,,,,,,,38.6362495,12.4343748,1012.72498,964.275024,22.9750004,1.0,,30.68,0.0,21.36,28.21875,
2025-09-19 05:08:37+00:00,2025-09-19 05:08:37,,,,,,,,,,38.6437492,12.4078121,1012.57501,964.049988,22.9874992,1.0,,30.68,0.0,21.36,28.2093754,
2025-09-19 05:08:38+00:00,2025-09-19 05:08:38,,,,,,,,,,38.6437492,12.4078121,1012.5,963.900024,23.4125004,1.0,,30.68,0.0,21.36,28.2093754,
2025-09-19 05:08:39+00:00,2025-09-19 05:08:39,,,,,,,,,,38.6362495,12.3828125,1012.34998,963.674988,23.5750008,1.0,,30.68,0.0,21.36,28.21875,
2025-09-19 05:08:40+00:00,2025-09-19 05:08:40,38.0,39.0,38.0,38.0,38.0,27.696352735045146,210.0,BO_O2,O2 규칙 적용: 12.4% (>12.0%),38.6474991,12.3671875,1012.34998,963.525024,23.5750008,1.0,,30.68,0.0,21.36,28.2093754,
2025-09-19 05:08:41+00:00,2025-09-19 05:08:41,,,,,,,,,,38.6437492,12.3671875,1012.20001,963.375,23.5750008,1.0,,30.68,0.0,23.62,28.2093754,
2025-09-19 05:08:42+00:00,2025-09-19 05:08:42,,,,,,,,,,38.6474991,12.3500004,1012.125,963.224976,23.5750008,1.0,,30.68,0.0,23.62,28.21875,
2025-09-19 05:08:43+00:00,2025-09-19 05:08:43,,,,,,,,,,38.6399994,12.3343754,1012.04999,963.0,25.0,1.0,,30.68,0.0,23.62,28.2093754,
2025-09-19 05:08:44+00:00,2025-09-19 05:08:44,,,,,,,,,,38.6624985,12.3343754,1011.97498,962.849976,25.0125008,1.0,,30.68,0.0,23.62,28.21875,
2025-09-19 05:08:45+00:00,2025-09-19 05:08:45,38.0,39.0,38.0,38.0,38.0,28.252796404106167,210.0,BO_O2,O2 규칙 적용: 12.3% (>12.0%),38.6399994,12.3234377,1011.82501,962.700012,25.0,1.0,0.0,30.68,0.0,23.62,28.2093754,
2025-09-19 05:08:46+00:00,2025-09-19 05:08:46,,,,,,,,,,38.6437492,12.3234377,1011.75,962.474976,25.0,1.0,,30.68,0.0,23.62,28.21875,
2025-09-19 05:08:47+00:00,2025-09-19 05:08:47,,,,,,,,,,38.6474991,12.3140621,1011.67499,962.325012,25.0,1.0,,30.68,0.0,23.62,28.21875,
2025-09-19 05:08:48+00:00,2025-09-19 05:08:48,,,,,,,,,,38.6474991,12.2890625,1011.59998,962.174988,25.5750008,1.0,,30.68,0.0,23.62,28.2093754,
2025-09-19 05:08:49+00:00,2025-09-19 05:08:49,,,,,,,,,,38.6549988,12.2890625,1011.52502,962.025024,25.7749996,1.0,,30.68,0.0,23.62,28.2093754,
2025-09-19 05:08:50+00:00,2025-09-19 05:08:50,38.0,39.0,38.0,38.0,38.0,28.863502861848012,210.0,BO_O2,O2 규칙 적용: 12.3% (>12.0%),38.6362495,12.2718754,1011.45001,961.875,25.7875004,1.0,,30.68,0.0,25.81,28.21875,
2025-09-19 05:08:51+00:00,2025-09-19 05:08:51,,,,,,,,,,38.6362495,12.2578125,1011.375,961.650024,25.7875004,1.0,,30.68,0.0,25.81,28.21875,
2025-09-19 05:08:52+00:00,2025-09-19 05:08:52,,,,,,,,,,38.6512489,12.2578125,1011.29999,961.575012,25.7749996,1.0,,30.68,0.0,25.81,28.03125,
2025-09-19 05:08:53+00:00,2025-09-19 05:08:53,,,,,,,,,,38.6399994,12.2515621,1011.22498,961.349976,25.7875004,1.0,,30.68,0.0,25.81,28.03125,
2025-09-19 05:08:54+00:00,2025-09-19 05:08:54,,,,,,,,,,38.6324997,12.2515621,1011.15002,961.200012,25.7875004,1.0,,30.68,0.0,25.81,28.2000008,
2025-09-19 05:08:55+00:00,2025-09-19 05:08:55,38.0,39.0,38.0,38.0,38.0,27.92869308535611,210.0,BO_O2,O2 규칙 적용: 12.3% (>12.0%),38.6474991,12.2484379,1011.07501,960.974976,25.7875004,1.0,,30.68,0.0,25.81,28.2093754,
2025-09-19 05:08:56+00:00,2025-09-19 05:08:56,,,,,,,,,,38.6474991,12.2421875,1011.07501,960.900024,25.7749996,1.0,,30.68,0.0,25.81,28.2093754,
2025-09-19 05:08:57+00:00,2025-09-19 05:08:57,,,,,,,,,,38.6437492,12.2421875,1010.92499,960.75,25.7749996,1.0,,30.68,0.0,25.81,28.03125,
2025-09-19 05:08:58+00:00,2025-09-19 05:08:58,,,,,,,,,,38.6399994,12.2359371,1010.84998,960.525024,26.5750008,1.0,,30.68,0.0,25.81,28.03125,
2025-09-19 05:08:59+00:00,2025-09-19 05:08:59,,,,,,,,,,38.6362495,12.2328129,1010.84998,960.375,26.875,1.0,,30.68,0.0,25.81,28.03125,
2025-09-19 05:09:00+00:00,2025-09-19 05:09:00,38.0,39.0,38.0,38.0,38.0,26.76441696479836,210.0,BO_O2,O2 규칙 적용: 12.2% (>12.0%),38.6362495,12.2328129,1010.77502,960.224976,26.875,1.0,0.0,30.68,0.0,26.86,28.2093754,
2025-09-19 05:09:01+00:00,2025-09-19 05:09:01,,,,,,,,,,38.6437492,12.234375,1010.70001,960.075012,26.875,1.0,,30.68,0.0,26.86,28.1062508,
2025-09-19 05:09:02+00:00,2025-09-19 05:09:02,,,,,,,,,,38.6437492,12.234375,1010.625,959.924988,26.875,1.0,,30.68,0.0,26.86,28.03125,
2025-09-19 05:09:03+00:00,2025-09-19 05:09:03,,,,,,,,,,38.6512489,12.2359371,1010.54999,959.775024,27.5499992,1.0,,30.68,0.0,26.86,28.03125,
2025-09-19 05:09:04+00:00,2025-09-19 05:09:04,,,,,,,,,,38.6399994,12.2359371,1010.54999,959.625,27.5499992,1.0,,30.68,0.0,26.86,28.1906242,
2025-09-19 05:09:05+00:00,2025-09-19 05:09:05,38.0,39.0,38.0,38.0,38.0,26.893502987375577,210.0,BO_O2,O2 규칙 적용: 12.2% (>12.0%),38.6399994,12.2359371,1010.47498,959.400024,27.5499992,1.0,,30.68,0.0,26.86,28.2093754,
2025-09-19 05:09:06+00:00,2025-09-19 05:09:06,,,,,,,,,,38.6362495,12.2281246,1010.40002,959.325012,27.5499992,1.0,,30.68,0.0,26.86,28.2093754,
2025-09-19 05:09:07+00:00,2025-09-19 05:09:07,,,,,,,,,,38.6549988,12.2156248,1010.32501,959.174988,27.5499992,1.0,,30.68,0.0,26.86,28.21875,
2025-09-19 05:09:08+00:00,2025-09-19 05:09:08,,,,,,,,,,38.6399994,12.2156248,1010.32501,958.950012,27.3624992,1.0,,30.68,0.0,26.86,28.2093754,
2025-09-19 05:09:09+00:00,2025-09-19 05:09:09,,,,,,,,,,38.6474991,12.2124996,1010.25,958.799988,27.2999992,1.0,,30.68,0.0,26.86,28.2093754,
2025-09-19 05:09:10+00:00,2025-09-19 05:09:10,38.0,39.0,38.0,38.0,38.0,27.242851413442757,210.0,BO_O2,O2 규칙 적용: 12.2% (>12.0%),38.6399994,12.2124996,1010.25,958.724976,27.2999992,1.0,,30.68,0.0,27.27,28.2093754,
2025-09-19 05:09:11+00:00,2025-09-19 05:09:11,,,,,,,,,,38.6399994,12.21875,1010.17499,958.5,27.2999992,1.0,,30.68,0.0,27.27,28.21875,
2025-09-19 05:09:12+00:00,2025-09-19 05:09:12,,,,,,,,,,38.6399994,12.2359371,1010.09998,958.424988,27.2999992,1.0,,30.68,0.0,27.27,28.21875,
2025-09-19 05:09:13+00:00,2025-09-19 05:09:13,,,,,,,,,,38.6512489,12.2359371,1010.09998,958.200012,27.3875008,1.0,,30.68,0.0,27.27,28.2093754,
2025-09-19 05:09:14+00:00,2025-09-19 05:09:14,,,,,,,,,,38.6474991,12.2578125,1010.02502,958.049988,27.375,1.0,,30.68,0.0,27.27,28.2093754,
2025-09-19 05:09:15+00:00,2025-09-19 05:09:15,38.0,39.0,38.0,38.0,38.0,28.51998676457771,210.0,BO_O2,O2 규칙 적용: 12.2% (>12.0%),38.6362495,12.2749996,1009.95001,957.900024,27.375,1.0,0.0,30.68,0.0,27.27,28.21875,
2025-09-19 05:09:16+00:00,2025-09-19 05:09:16,,,,,,,,,,38.6399994,12.2749996,1009.95001,957.825012,27.3875008,1.0,,30.68,0.0,27.27,28.21875,
2025-09-19 05:09:17+00:00,2025-09-19 05:09:17,,,,,,,,,,38.6474991,12.2687502,1009.79999,957.674988,27.3875008,1.0,,30.68,0.0,27.27,28.2093754,
2025-09-19 05:09:18+00:00,2025-09-19 05:09:18,,,,,,,,,,38.6474991,12.2687502,1009.79999,957.525024,28.125,1.0,,30.68,0.0,27.27,28.2093754,
2025-09-19 05:09:19+00:00,2025-09-19 05:09:19,,,,,,,,,,38.6549988,12.2624998,1009.72498,957.375,28.3875008,1.0,,30.68,0.0,27.27,28.21875,
2025-09-19 05:09:20+00:00,2025-09-19 05:09:20,38.0,39.0,38.0,38.0,38.0,25.623218988963963,210.0,BO_O2,O2 규칙 적용: 12.3% (>12.0%),38.6474991,12.2593746,1009.65002,957.224976,28.3999996,1.0,,30.68,0.0,28.39,28.2093754,
2025-09-19 05:09:21+00:00,2025-09-19 05:09:21,,,,,,,,,,38.6399994,12.2593746,1009.65002,957.075012,28.3999996,1.0,,30.68,0.0,28.39,28.2093754,
2025-09-19 05:09:22+00:00,2025-09-19 05:09:22,,,,,,,,,,38.6399994,12.2749996,1009.57501,956.924988,28.3875008,1.0,,30.68,0.0,28.39,28.265625,
2025-09-19 05:09:23+00:00,2025-09-19 05:09:23,,,,,,,,,,38.6587486,12.3000002,1009.5,956.775024,28.4750004,1.0,,30.68,0.0,28.39,28.21875,
2025-09-19 05:09:24+00:00,2025-09-19 05:09:24,,,,,,,,,,38.6437492,12.3000002,1009.57501,956.700012,28.4750004,1.0,,30.68,0.0,28.39,28.21875,
2025-09-19 05:09:25+00:00,2025-09-19 05:09:25,38.0,39.0,38.0,38.0,38.0,26.943581891236544,210.0,BO_O2,O2 규칙 적용: 12.3% (>12.0%),38.6437492,12.2984371,1009.5,956.474976,28.4750004,1.0,,30.68,0.0,28.39,28.2093754,
2025-09-19 05:09:26+00:00,2025-09-19 05:09:26,,,,,,,,,,38.6474991,12.2984371,1009.42499,956.400024,28.4750004,1.0,,30.68,0.0,28.39,28.2093754,
2025-09-19 05:09:27+00:00,2025-09-19 05:09:27,,,,,,,,,,38.6399994,12.2687502,1009.34998,956.174988,28.4750004,1.0,,30.68,0.0,28.39,28.21875,
2025-09-19 05:09:28+00:00,2025-09-19 05:09:28,,,,,,,,,,38.6399994,12.2703123,1009.34998,956.099976,28.4750004,1.0,,30.68,0.0,28.39,28.21875,
2025-09-19 05:09:29+00:00,2025-09-19 05:09:29,,,,,,,,,,38.6474991,12.2703123,1009.27502,955.950012,28.4750004,1.0,,30.68,0.0,28.39,28.21875,
2025-09-19 05:09:30+00:00,2025-09-19 05:09:30,38.0,39.0,38.0,38.0,38.0,26.018055490486656,210.0,BO_O2,O2 규칙 적용: 12.3% (>12.0%),38.6287498,12.2734375,1009.27502,955.875,28.4750004,1.0,0.0,30.68,0.0,28.5,28.2093754,
2025-09-19 05:09:31+00:00,2025-09-19 05:09:31,,,,,,,,,,38.6437492,12.2562504,1009.20001,955.650024,28.4750004,1.0,,30.68,0.0,28.5,28.21875,
2025-09-19 05:09:32+00:00,2025-09-19 05:09:32,,,,,,,,,,38.6662483,12.2562504,1009.20001,955.575012,28.4750004,1.0,,30.68,0.0,28.5,28.21875,
2025-09-19 05:09:33+00:00,2025-09-19 05:09:33,,,,,,,,,,38.6737518,12.2218752,1009.125,955.424988,28.5625,1.0,,30.68,0.0,28.5,28.2093754,
2025-09-19 05:09:34+00:00,2025-09-19 05:09:34,,,,,,,,,,38.6437492,12.1781254,1009.125,955.275024,28.5625,1.0,,30.68,0.0,28.5,28.2093754,
2025-09-19 05:09:35+00:00,2025-09-19 05:09:35,38.0,39.0,38.0,38.0,38.0,26.66300182470578,210.0,BO_O2,O2 규칙 적용: 12.2% (>12.0%),38.6437492,12.1781254,1009.125,955.125,28.5625,1.0,,30.68,0.0,28.5,28.21875,
2025-09-19 05:09:36+00:00,2025-09-19 05:09:36,,,,,,,,,,38.6549988,12.1374998,1009.125,955.049988,28.5625,1.0,,30.68,0.0,28.5,28.21875,
2025-09-19 05:09:37+00:00,2025-09-19 05:09:37,,,,,,,,,,38.6437492,12.1374998,1009.04999,954.900024,28.5625,1.0,,30.68,0.0,28.5,28.2093754,
2025-09-19 05:09:38+00:00,2025-09-19 05:09:38,,,,,,,,,,38.6474991,12.0968752,1009.04999,954.75,28.8875008,1.0,,30.68,0.0,28.5,28.2093754,
2025-09-19 05:09:39+00:00,2025-09-19 05:09:39,,,,,,,,,,38.6512489,12.046875,1009.04999,954.599976,28.8999996,1.0,,30.68,0.0,28.5,28.21875,
2025-09-19 05:09:40+00:00,2025-09-19 05:09:40,38.0,39.0,38.0,38.0,38.0,23.711713867451767,210.0,BO_O2,O2 규칙 적용: 12.1% (>12.0%),38.6512489,12.046875,1008.97498,954.525024,28.8999996,1.0,,30.68,0.0,28.93,28.2093754,
2025-09-19 05:09:41+00:00,2025-09-19 05:09:41,,,,,,,,,,38.6512489,11.984375,1008.90002,954.299988,28.8999996,1.0,,30.68,0.0,28.93,28.21875,
2025-09-19 05:09:42+00:00,2025-09-19 05:09:42,,,,,,,,,,38.6399994,11.984375,1008.90002,954.224976,28.8875008,1.0,,30.68,0.0,28.93,28.2093754,
2025-09-19 05:09:43+00:00,2025-09-19 05:09:43,,,,,,,,,,38.6812515,11.9187498,1008.82501,954.075012,27.8875008,1.0,,30.68,0.0,28.93,28.21875,
2025-09-19 05:09:44+00:00,2025-09-19 05:09:44,,,,,,,,,,38.6437492,11.8609371,1008.90002,954.0,27.8875008,1.0,,30.68,0.0,28.93,28.21875,
2025-09-19 05:09:45+00:00,2025-09-19 05:09:45,38.0,39.0,39.0,38.0,38.0,22.797327840335743,305.0,BO_O2_RULE,제어매트릭스 규칙 적용: O2_HIGH,38.6399994,11.8609371,1008.82501,953.849976,27.8875008,1.0,0.0,30.68,0.0,28.93,28.2093754,
2025-09-19 05:09:46+00:00,2025-09-19 05:09:46,,,,,,,,,,38.6474991,11.8187504,1008.82501,953.700012,27.8875008,1.0,,30.68,0.0,28.93,28.2093754,
2025-09-19 05:09:47+00:00,2025-09-19 05:09:47,,,,,,,,,,38.6399994,11.7843752,1008.75,953.549988,27.8875008,1.0,,30.68,0.0,28.93,28.21875,
2025-09-19 05:09:48+00:00,2025-09-19 05:09:48,,,,,,,,,,38.6437492,11.7843752,1008.75,953.474976,27.3250008,1.0,,30.68,0.0,28.93,28.21875,
2025-09-19 05:09:49+00:00,2025-09-19 05:09:49,,,,,,,,,,38.6362495,11.7624998,1008.75,953.325012,27.125,1.0,,30.68,0.0,28.93,28.21875,
2025-09-19 05:09:50+00:00,2025-09-19 05:09:50,38.0,39.0,39.0,38.0,38.0,18.770620093552168,305.0,BO_O2_RULE,제어매트릭스 규칙 적용: O2_HIGH,38.6512489,11.7624998,1008.67499,953.174988,27.1375008,1.0,,30.68,0.0,27.13,28.2093754,
2025-09-19 05:09:51+00:00,2025-09-19 05:09:51,,,,,,,,,,38.6437492,11.7484379,1008.67499,953.025024,27.1375008,1.0,,30.68,0.0,27.13,28.21875,
2025-09-19 05:09:52+00:00,2025-09-19 05:09:52,,,,,,,,,,38.6399994,11.7468748,1008.59998,952.950012,27.125,1.0,,30.68,0.0,27.13,28.21875,
2025-09-19 05:09:53+00:00,2025-09-19 05:09:53,,,,,,,,,,38.6437492,11.7468748,1008.59998,952.799988,26.0375004,1.0,,30.68,0.0,27.13,28.03125,
2025-09-19 05:09:54+00:00,2025-09-19 05:09:54,,,,,,,,,,38.6474991,11.7562504,1008.59998,952.724976,26.0375004,1.0,,30.68,0.0,27.13,28.03125,
2025-09-19 05:09:55+00:00,2025-09-19 05:09:55,38.0,39.0,39.0,38.0,38.0,16.5220868656621,305.0,BO_O2_RULE,제어매트릭스 규칙 적용: O2_HIGH,38.6324997,11.7796879,1008.45001,952.575012,26.0375004,1.0,,30.68,0.0,27.13,28.0874996,
2025-09-19 05:09:56+00:00,2025-09-19 05:09:56,,,,,,,,,,38.6549988,11.7796879,1008.45001,952.5,26.0375004,1.0,,30.68,0.0,27.13,28.21875,
2025-09-19 05:09:57+00:00,2025-09-19 05:09:57,,,,,,,,,,38.6362495,11.8125,1008.45001,952.349976,26.0375004,1.0,,30.68,0.0,27.13,28.21875,
2025-09-19 05:09:58+00:00,2025-09-19 05:09:58,,,,,,,,,,38.6324997,11.8125,1008.375,952.200012,26.0375004,1.0,,30.68,0.0,27.13,28.21875,
2025-09-19 05:09:59+00:00,2025-09-19 05:09:59,,,,,,,,,,38.6662483,11.8468752,1008.29999,952.125,26.0375004,1.0,,30.68,0.0,27.13,28.2093754,
2025-09-19 05:10:00+00:00,2025-09-19 05:10:00,38.0,39.0,39.0,38.0,38.0,15.616737787461949,305.0,BO_O2_RULE,제어매트릭스 규칙 적용: O2_HIGH,38.6512489,11.8921871,1008.29999,951.974976,26.0375004,1.0,0.0,30.68,0.0,26.01,28.21875,
2025-09-19 05:10:01+00:00,2025-09-19 05:10:01,,,,,,,,,,38.6362495,11.8921871,1008.22498,951.825012,26.0375004,1.0,,30.68,0.0,26.01,28.21875,
2025-09-19 05:10:02+00:00,2025-09-19 05:10:02,,,,,,,,,,38.6362495,11.9468746,1008.22498,951.75,26.0375004,1.0,,30.68,0.0,26.01,28.2093754,
2025-09-19 05:10:03+00:00,2025-09-19 05:10:03,,,,,,,,,,38.6737518,12.0046873,1008.07501,951.525024,24.6749992,1.0,,30.68,0.0,26.01,28.2093754,
2025-09-19 05:10:04+00:00,2025-09-19 05:10:04,,,,,,,,,,38.6399994,12.0046873,1008.07501,951.525024,24.6749992,1.0,,30.68,0.0,26.01,28.21875,
2025-09-19 05:10:05+00:00,2025-09-19 05:10:05,38.0,39.0,39.0,38.0,38.0,15.401023136126854,305.0,BO_O2_RULE,제어매트릭스 규칙 적용: O2_HIGH,38.6474991,12.0671873,1008.0,951.375,24.6625004,1.0,,30.68,0.0,26.01,28.21875,
2025-09-19 05:10:06+00:00,2025-09-19 05:10:06,,,,,,,,,,38.6399994,12.0671873,1007.92499,951.299988,24.6625004,1.0,,30.68,0.0,26.01,28.2093754,
2025-09-19 05:10:07+00:00,2025-09-19 05:10:07,,,,,,,,,,38.6362495,12.1343746,1007.84998,951.075012,24.6749992,1.0,,30.68,0.0,26.01,28.2093754,
2025-09-19 05:10:08+00:00,2025-09-19 05:10:08,,,,,,,,,,38.6549988,12.2109375,1007.77502,951.0,22.6375008,1.0,,30.68,0.0,26.01,28.21875,
2025-09-19 05:10:09+00:00,2025-09-19 05:10:09,,,,,,,,,,38.6512489,12.2109375,1007.70001,950.849976,21.9750004,1.0,,30.68,0.0,26.01,28.21875,
2025-09-19 05:10:10+00:00,2025-09-19 05:10:10,38.0,39.0,38.0,38.0,38.0,12.129632043584644,210.0,BO_O2,O2 규칙 적용: 12.2% (>12.0%),38.6399994,12.2875004,1007.625,950.775024,21.9750004,1.0,,30.68,0.0,21.98,28.2093754,
2025-09-19 05:10:11+00:00,2025-09-19 05:10:11,,,,,,,,,,38.6399994,12.3671875,1007.54999,950.625,21.9750004,1.0,,30.68,0.0,21.98,28.2093754,
2025-09-19 05:10:12+00:00,2025-09-19 05:10:12,,,,,,,,,,38.6437492,12.3671875,1007.47498,950.549988,21.9750004,1.0,,30.68,0.0,21.98,28.21875,
2025-09-19 05:10:13+00:00,2025-09-19 05:10:13,,,,,,,,,,38.6399994,12.453125,1007.40002,950.400024,21.3875008,1.0,,30.68,0.0,21.98,28.21875,
2025-09-19 05:10:14+00:00,2025-09-19 05:10:14,,,,,,,,,,38.6474991,12.5421877,1007.32501,950.325012,21.3875008,1.0,,30.68,0.0,21.98,28.2093754,
2025-09-19 05:10:15+00:00,2025-09-19 05:10:15,38.0,39.0,38.0,38.0,38.0,10.857613771261162,210.0,BO_O2,O2 규칙 적용: 12.4% (>12.0%),38.6437492,12.5421877,1007.17499,950.174988,21.375,1.0,0.0,30.68,0.0,21.98,28.2093754,
2025-09-19 05:10:16+00:00,2025-09-19 05:10:16,,,,,,,,,,38.6399994,12.6312504,1007.09998,950.025024,21.375,1.0,,30.68,0.0,21.98,28.21875,
2025-09-19 05:10:17+00:00,2025-09-19 05:10:17,,,,,,,,,,38.6512489,12.6312504,1007.02502,949.950012,21.375,1.0,,30.68,0.0,21.98,28.21875,
2025-09-19 05:10:18+00:00,2025-09-19 05:10:18,,,,,,,,,,38.6399994,12.7156248,1006.95001,949.799988,20.4500008,1.0,,30.68,0.0,21.98,28.2093754,
2025-09-19 05:10:19+00:00,2025-09-19 05:10:19,,,,,,,,,,38.6437492,12.8015623,1006.875,949.650024,20.4500008,1.0,,30.68,0.0,21.98,28.2093754,
2025-09-19 05:10:20+00:00,2025-09-19 05:10:20,38.0,39.0,38.0,38.0,38.0,10.976972773246834,210.0,BO_O2,O2 규칙 적용: 12.7% (>12.0%),38.6549988,12.8015623,1006.72498,949.575012,20.4500008,1.0,,30.68,0.0,21.98,28.21875,
2025-09-19 05:10:21+00:00,2025-09-19 05:10:21,,,,,,,,,,38.6437492,12.8890629,1006.57501,949.424988,20.4500008,1.0,,30.68,0.0,21.98,28.2093754,
2025-09-19 05:10:22+00:00,2025-09-19 05:10:22,,,,,,,,,,38.6474991,12.9703121,1006.42499,949.275024,20.4500008,1.0,,30.68,0.0,20.49,28.2093754,
2025-09-19 05:10:23+00:00,2025-09-19 05:10:23,,,,,,,,,,38.6474991,12.9703121,1006.42499,949.200012,19.3624992,1.0,,30.68,0.0,20.49,28.2093754,
2025-09-19 05:10:24+00:00,2025-09-19 05:10:24,,,,,,,,,,38.6437492,13.0546875,1006.34998,949.125,19.3500004,1.0,,30.68,0.0,20.49,28.21875,
2025-09-19 05:10:25+00:00,2025-09-19 05:10:25,38.0,39.0,38.0,38.0,38.0,10.331393406640897,210.0,BO_O2,O2 규칙 적용: 12.9% (>12.0%),38.6399994,13.0546875,1006.20001,948.974976,19.3624992,1.0,,30.68,0.0,20.49,28.21875,
2025-09-19 05:10:26+00:00,2025-09-19 05:10:26,,,,,,,,,,38.6474991,13.1359377,1006.04999,948.825012,19.3624992,1.0,,30.68,0.0,20.49,28.2093754,
2025-09-19 05:10:27+00:00,2025-09-19 05:10:27,,,,,,,,,,38.6549988,13.2109375,1005.90002,948.674988,19.3500004,1.0,,30.68,0.0,20.49,28.2093754,
2025-09-19 05:10:28+00:00,2025-09-19 05:10:28,,,,,,,,,,38.6512489,13.2109375,1005.82501,948.599976,18.6000004,1.0,,30.68,0.0,20.49,28.2093754,
2025-09-19 05:10:29+00:00,2025-09-19 05:10:29,,,,,,,,,,38.6399994,13.2937498,1005.67499,948.525024,18.6000004,1.0,,30.68,0.0,20.49,28.21875,
2025-09-19 05:10:30+00:00,2025-09-19 05:10:30,38.0,39.0,38.0,38.0,38.0,11.012099025581435,210.0,BO_O2,O2 규칙 적용: 13.2% (>12.0%),38.6362495,13.2937498,1005.52502,948.375,18.6000004,1.0,0.0,30.68,0.0,18.66,28.2093754,
2025-09-19 05:10:31+00:00,2025-09-19 05:10:31,,,,,,,,,,38.6549988,13.3843746,1005.375,948.299988,18.6000004,1.0,,30.68,0.0,18.66,28.2093754,
2025-09-19 05:10:32+00:00,2025-09-19 05:10:32,,,,,,,,,,38.6512489,13.4703121,1005.29999,948.150024,18.6000004,1.0,,30.68,0.0,18.66,28.21875,
2025-09-19 05:10:33+00:00,2025-09-19 05:10:33,,,,,,,,,,38.6437492,13.4703121,1005.15002,948.0,17.6749992,1.0,,30.68,0.0,18.66,28.21875,
2025-09-19 05:10:34+00:00,2025-09-19 05:10:34,,,,,,,,,,38.6474991,13.5437498,1005.07501,947.924988,17.6749992,1.0,,30.68,0.0,18.66,28.2093754,
2025-09-19 05:10:35+00:00,2025-09-19 05:10:35,38.0,39.0,38.0,38.0,38.0,9.462739697224002,210.0,BO_O2,O2 규칙 적용: 13.5% (>12.0%),38.6474991,13.6171875,1004.84998,947.775024,17.6749992,1.0,,30.68,0.0,18.66,28.2093754,
2025-09-19 05:10:36+00:00,2025-09-19 05:10:36,,,,,,,,,,38.6399994,13.6171875,1004.77502,947.700012,17.6749992,1.0,,30.68,0.0,18.66,28.21875,
2025-09-19 05:10:37+00:00,2025-09-19 05:10:37,,,,,,,,,,38.6437492,13.6921873,1004.625,947.549988,17.6749992,1.0,,30.68,0.0,18.66,28.21875,
2025-09-19 05:10:38+00:00,2025-09-19 05:10:38,,,,,,,,,,38.6474991,13.7562504,1004.47498,947.474976,15.9875002,1.0,,30.68,0.0,18.66,28.2093754,
2025-09-19 05:10:39+00:00,2025-09-19 05:10:39,,,,,,,,,,38.6437492,13.7562504,1004.32501,947.325012,15.9875002,1.0,,30.68,0.0,18.66,28.2093754,
2025-09-19 05:10:40+00:00,2025-09-19 05:10:40,38.0,39.0,38.0,38.0,38.0,8.433012050225848,210.0,BO_O2,O2 규칙 적용: 13.7% (>12.0%),38.6399994,13.8156252,1004.17499,947.25,15.9875002,1.0,,30.68,0.0,16.03,28.21875,
2025-09-19 05:10:41+00:00,2025-09-19 05:10:41,,,,,,,,,,38.6399994,13.8156252,1004.02502,947.099976,15.9875002,1.0,,30.68,0.0,16.03,28.21875,
2025-09-19 05:10:42+00:00,2025-09-19 05:10:42,,,,,,,,,,38.6437492,13.8640623,1003.875,946.950012,15.9875002,1.0,,30.68,0.0,16.03,28.21875,
2025-09-19 05:10:43+00:00,2025-09-19 05:10:43,,,,,,,,,,38.6474991,13.9031248,1003.65002,946.875,15.0749998,1.0,,30.68,0.0,16.03,28.21875,
2025-09-19 05:10:44+00:00,2025-09-19 05:10:44,,,,,,,,,,38.6362495,13.9031248,1003.5,946.799988,15.0749998,1.0,,30.68,0.0,16.03,28.2093754,
2025-09-19 05:10:45+00:00,2025-09-19 05:10:45,38.0,39.0,38.0,38.0,38.0,7.373333724462463,210.0,BO_O2,O2 규칙 적용: 13.9% (>12.0%),38.6362495,13.9437504,1003.34998,946.650024,15.0625,1.0,0.0,30.68,0.0,16.03,28.2093754,
2025-09-19 05:10:46+00:00,2025-09-19 05:10:46,,,,,,,,,,38.6512489,13.984375,1003.27502,946.575012,15.0625,1.0,,30.68,0.0,16.03,28.21875,
2025-09-19 05:10:47+00:00,2025-09-19 05:10:47,,,,,,,,,,38.6399994,13.984375,1002.97498,946.424988,15.0749998,1.0,,30.68,0.0,16.03,28.2093754,
2025-09-19 05:10:48+00:00,2025-09-19 05:10:48,,,,,,,,,,38.6474991,14.0234375,1002.90002,946.275024,14.3000002,1.0,,30.68,0.0,16.03,28.2093754,
2025-09-19 05:10:49+00:00,2025-09-19 05:10:49,,,,,,,,,,38.6362495,14.0234375,1002.67499,946.125,14.3000002,1.0,,30.68,0.0,16.03,28.2093754,
2025-09-19 05:10:50+00:00,2025-09-19 05:10:50,38.0,39.0,38.0,38.0,38.0,6.870776256133317,210.0,BO_O2,O2 규칙 적용: 14.0% (>12.0%),38.6399994,14.0500002,1002.59998,946.049988,14.3000002,1.0,,30.68,0.0,14.34,28.2093754,
2025-09-19 05:10:51+00:00,2025-09-19 05:10:51,,,,,,,,,,38.6437492,14.0687504,1002.29999,945.900024,14.3000002,1.0,,30.68,0.0,14.34,28.2093754,
2025-09-19 05:10:52+00:00,2025-09-19 05:10:52,,,,,,,,,,38.6399994,14.0687504,1002.22498,945.825012,14.3000002,1.0,,30.68,0.0,14.34,28.2093754,
2025-09-19 05:10:53+00:00,2025-09-19 05:10:53,,,,,,,,,,38.6399994,14.0906248,1001.92499,945.674988,13.2875004,1.0,,30.68,0.0,14.34,28.2093754,
2025-09-19 05:10:54+00:00,2025-09-19 05:10:54,,,,,,,,,,38.6399994,14.1171875,1001.84998,945.525024,13.2749996,1.0,,30.68,0.0,14.34,28.2093754,
2025-09-19 05:10:55+00:00,2025-09-19 05:10:55,38.0,39.0,38.0,38.0,38.0,7.3699333170301715,210.0,BO_O2,O2 규칙 적용: 14.1% (>12.0%),38.6812515,14.1171875,1001.625,945.450012,13.2749996,1.0,,30.68,0.0,14.34,28.2093754,
2025-09-19 05:10:56+00:00,2025-09-19 05:10:56,,,,,,,,,,38.6362495,14.1515627,1001.40002,945.299988,13.2749996,1.0,,30.68,0.0,14.34,28.2093754,
2025-09-19 05:10:57+00:00,2025-09-19 05:10:57,,,,,,,,,,38.6399994,14.1515627,1001.25,945.150024,13.2749996,1.0,,30.68,0.0,14.34,28.2093754,
2025-09-19 05:10:58+00:00,2025-09-19 05:10:58,,,,,,,,,,38.6362495,14.1843748,1001.09998,945.075012,12.8625002,1.0,,30.68,0.0,14.34,28.21875,
2025-09-19 05:10:59+00:00,2025-09-19 05:10:59,,,,,,,,,,38.6437492,14.2140627,1000.79999,944.924988,12.8625002,1.0,,30.68,0.0,14.34,28.2093754,
2025-09-19 05:11:00+00:00,2025-09-19 05:11:00,38.0,39.0,38.0,38.0,38.0,8.094827967817004,210.0,BO_O2,O2 규칙 적용: 14.2% (>12.0%),38.6512489,14.2140627,1000.72498,944.849976,12.8625002,1.0,0.0,30.68,0.0,12.87,28.2093754,
2025-09-19 05:11:01+00:00,2025-09-19 05:11:01,,,,,,,,,,38.6587486,14.2562504,1000.42499,944.700012,12.8625002,1.0,,30.68,0.0,12.87,28.2093754,
2025-09-19 05:11:02+00:00,2025-09-19 05:11:02,,,,,,,,,,38.6362495,14.3015623,1000.27502,944.549988,12.8625002,1.0,,30.68,0.0,12.87,28.21875,
2025-09-19 05:11:03+00:00,2025-09-19 05:11:03,,,,,,,,,,38.6324997,14.3015623,1000.04999,944.400024,12.6125002,1.0,,30.68,0.0,12.87,28.2093754,
2025-09-19 05:11:04+00:00,2025-09-19 05:11:04,,,,,,,,,,38.6737518,14.3515625,999.900024,944.325012,12.6125002,1.0,,30.68,0.0,12.87,28.2093754,
2025-09-19 05:11:05+00:00,2025-09-19 05:11:05,38.0,39.0,38.0,38.0,38.0,7.494705198281057,210.0,BO_O2,O2 규칙 적용: 14.3% (>12.0%),38.6474991,14.3515625,999.599976,944.174988,12.6125002,1.0,,30.68,0.0,12.87,28.21875,
2025-09-19 05:11:06+00:00,2025-09-19 05:11:06,,,,,,,,,,38.6437492,14.3937502,999.450012,944.025024,12.6125002,1.0,,30.68,0.0,12.87,28.21875,
2025-09-19 05:11:07+00:00,2025-09-19 05:11:07,,,,,,,,,,38.6474991,14.4406252,999.224976,943.875,12.6125002,1.0,,30.68,0.0,12.87,28.2093754,
2025-09-19 05:11:08+00:00,2025-09-19 05:11:08,,,,,,,,,,38.6437492,14.4406252,999.075012,943.799988,11.4250002,1.0,,30.68,0.0,12.87,28.2093754,
2025-09-19 05:11:09+00:00,2025-09-19 05:11:09,,,,,,,,,,38.6362495,14.4875002,998.775024,943.650024,11.4250002,1.0,,30.68,0.0,12.87,28.2093754,
2025-09-19 05:11:10+00:00,2025-09-19 05:11:10,38.0,39.0,38.0,38.0,38.0,7.685904635584508,210.0,BO_O2,O2 규칙 적용: 14.4% (>12.0%),38.6362495,14.5343752,998.549988,943.575012,11.4250002,1.0,,30.68,0.0,11.43,28.3875008,
2025-09-19 05:11:11+00:00,2025-09-19 05:11:11,,,,,,,,,,38.6512489,14.5343752,998.325012,943.424988,11.4250002,1.0,,30.68,0.0,11.43,28.2374992,
2025-09-19 05:11:12+00:00,2025-09-19 05:11:12,,,,,,,,,,38.6549988,14.5812502,998.099976,943.349976,11.4250002,1.0,,30.68,0.0,11.43,28.2093754,
2025-09-19 05:11:13+00:00,2025-09-19 05:11:13,,,,,,,,,,38.6362495,14.5812502,997.799988,943.125,10.5874996,1.0,,30.68,0.0,11.43,28.21875,
2025-09-19 05:11:14+00:00,2025-09-19 05:11:14,,,,,,,,,,38.6512489,14.6265621,997.575012,942.974976,10.5749998,1.0,,30.68,0.0,11.43,28.2093754,
2025-09-19 05:11:15+00:00,2025-09-19 05:11:15,38.0,39.0,38.0,38.0,38.0,6.4412940502591445,210.0,BO_O2,O2 규칙 적용: 14.6% (>12.0%),38.6474991,14.6734371,997.424988,942.900024,10.5749998,1.0,0.0,30.68,0.0,11.43,28.2093754,
2025-09-19 05:11:16+00:00,2025-09-19 05:11:16,,,,,,,,,,38.6437492,14.6734371,997.125,942.75,10.5874996,1.0,,30.68,0.0,11.43,28.21875,
2025-09-19 05:11:17+00:00,2025-09-19 05:11:17,,,,,,,,,,38.6474991,14.71875,996.974976,942.599976,10.5749998,1.0,,30.68,0.0,11.43,28.2093754,
2025-09-19 05:11:18+00:00,2025-09-19 05:11:18,,,,,,,,,,38.6437492,14.7624998,996.674988,942.450012,9.82499981,1.0,,30.68,0.0,11.43,28.21875,
2025-09-19 05:11:19+00:00,2025-09-19 05:11:19,,,,,,,,,,38.6362495,14.7624998,996.450012,942.375,9.82499981,1.0,,30.68,0.0,11.43,28.2093754,
2025-09-19 05:11:20+00:00,2025-09-19 05:11:20,38.0,39.0,38.0,38.0,38.0,5.5953482151612075,210.0,BO_O2,O2 규칙 적용: 14.7% (>12.0%),38.6324997,14.8031254,996.224976,942.224976,9.82499981,1.0,,30.68,0.0,9.86,28.21875,
2025-09-19 05:11:21+00:00,2025-09-19 05:11:21,,,,,,,,,,38.6549988,14.8031254,996.0,942.075012,9.82499981,1.0,,30.68,0.0,9.86,28.21875,
2025-09-19 05:11:22+00:00,2025-09-19 05:11:22,,,,,,,,,,38.6512489,14.8453121,995.700012,941.924988,9.82499981,1.0,,30.68,0.0,9.86,28.2093754,
2025-09-19 05:11:23+00:00,2025-09-19 05:11:23,,,,,,,,,,38.6399994,14.8828125,995.549988,941.849976,9.73750019,1.0,,30.68,0.0,9.86,28.2093754,
2025-09-19 05:11:24+00:00,2025-09-19 05:11:24,,,,,,,,,,38.6474991,14.8828125,995.25,941.700012,9.73750019,1.0,,30.68,0.0,9.86,28.2093754,
2025-09-19 05:11:25+00:00,2025-09-19 05:11:25,38.0,39.0,38.0,38.0,38.0,5.796320046507112,210.0,BO_O2,O2 규칙 적용: 14.8% (>12.0%),38.6549988,14.9156246,995.025024,941.549988,9.73750019,1.0,,30.68,0.0,9.86,28.21875,
2025-09-19 05:11:26+00:00,2025-09-19 05:11:26,,,,,,,,,,38.6624985,14.9390621,994.724976,941.400024,9.73750019,1.0,,30.68,0.0,9.86,28.21875,
2025-09-19 05:11:27+00:00,2025-09-19 05:11:27,,,,,,,,,,38.6399994,14.9390621,994.575012,941.325012,9.73750019,1.0,,30.68,0.0,9.86,28.2093754,
2025-09-19 05:11:28+00:00,2025-09-19 05:11:28,,,,,,,,,,38.6399994,14.9578123,994.275024,941.174988,9.57499981,1.0,,30.68,0.0,9.86,28.21875,
2025-09-19 05:11:29+00:00,2025-09-19 05:11:29,,,,,,,,,,38.6437492,14.9578123,994.125,941.025024,9.5625,1.0,,30.68,0.0,9.86,28.21875,
2025-09-19 05:11:30+00:00,2025-09-19 05:11:30,38.0,39.0,38.0,38.0,38.0,7.010969198431485,210.0,BO_O2,O2 규칙 적용: 14.9% (>12.0%),38.6399994,14.9734373,993.825012,940.875,9.57499981,1.0,0.0,30.68,0.0,9.61,28.21875,
2025-09-19 05:11:31+00:00,2025-09-19 05:11:31,,,,,,,,,,38.6362495,14.9859371,993.599976,940.724976,9.57499981,1.0,,30.68,0.0,9.61,28.2093754,
2025-09-19 05:11:32+00:00,2025-09-19 05:11:32,,,,,,,,,,38.6587486,14.9859371,993.299988,940.575012,9.5625,1.0,,30.68,0.0,9.61,28.2093754,
2025-09-19 05:11:33+00:00,2025-09-19 05:11:33,,,,,,,,,,38.6399994,14.9937496,993.150024,940.424988,9.14999962,1.0,,30.68,0.0,9.61,28.21875,
2025-09-19 05:11:34+00:00,2025-09-19 05:11:34,,,,,,,,,,38.6287498,14.9921875,992.849976,940.275024,9.14999962,1.0,,30.68,0.0,9.61,28.21875,
2025-09-19 05:11:35+00:00,2025-09-19 05:11:35,38.0,39.0,38.0,38.0,38.0,7.146854461294344,210.0,BO_O2,O2 규칙 적용: 15.0% (>12.0%),38.6587486,14.9921875,992.625,940.200012,9.14999962,1.0,,30.68,0.0,9.61,28.2093754,
2025-09-19 05:11:36+00:00,2025-09-19 05:11:36,,,,,,,,,,38.6399994,14.9859371,992.325012,940.049988,9.14999962,1.0,,30.68,0.0,9.61,28.125,
2025-09-19 05:11:37+00:00,2025-09-19 05:11:37,,,,,,,,,,38.6587486,14.9859371,992.174988,939.900024,9.14999962,1.0,,30.68,0.0,9.61,28.03125,
2025-09-19 05:11:38+00:00,2025-09-19 05:11:38,,,,,,,,,,38.6474991,14.9812498,991.875,939.75,8.89999962,1.0,,30.68,0.0,9.61,28.0406246,
2025-09-19 05:11:39+00:00,2025-09-19 05:11:39,,,,,,,,,,38.6474991,14.9812498,991.724976,939.599976,8.88749981,1.0,,30.68,0.0,9.61,28.2093754,
2025-09-19 05:11:40+00:00,2025-09-19 05:11:40,38.0,39.0,38.0,38.0,38.0,6.887820630493692,210.0,BO_O2,O2 규칙 적용: 15.0% (>12.0%),38.6399994,14.9812498,991.424988,939.450012,8.89999962,1.0,,30.68,0.0,8.94,28.2093754,
2025-09-19 05:11:41+00:00,2025-09-19 05:11:41,,,,,,,,,,38.6474991,14.9750004,991.275024,939.375,8.88749981,1.0,,30.68,0.0,8.94,28.0406246,
2025-09-19 05:11:42+00:00,2025-09-19 05:11:42,,,,,,,,,,38.6474991,14.9593754,990.974976,939.150024,8.89999962,1.0,,30.68,0.0,8.94,28.03125,
2025-09-19 05:11:43+00:00,2025-09-19 05:11:43,,,,,,,,,,38.6587486,14.9593754,990.75,939.075012,9.14999962,1.0,,30.68,0.0,8.94,28.125,
2025-09-19 05:11:44+00:00,2025-09-19 05:11:44,,,,,,,,,,38.6549988,14.9328127,990.525024,938.924988,9.16250038,1.0,,30.68,0.0,8.94,28.2093754,
2025-09-19 05:11:45+00:00,2025-09-19 05:11:45,38.0,39.0,38.0,38.0,38.0,6.963909595457179,210.0,BO_O2,O2 규칙 적용: 15.0% (>12.0%),38.6399994,14.9328127,990.299988,938.775024,9.14999962,1.0,0.0,30.68,0.0,8.94,28.2093754,
2025-09-19 05:11:46+00:00,2025-09-19 05:11:46,,,,,,,,,,38.6399994,14.8999996,990.0,938.625,9.14999962,1.0,,30.68,0.0,8.94,28.21875,
2025-09-19 05:11:47+00:00,2025-09-19 05:11:47,,,,,,,,,,38.6437492,14.8625002,989.849976,938.549988,9.14999962,1.0,,30.68,0.0,8.94,28.2093754,
2025-09-19 05:11:48+00:00,2025-09-19 05:11:48,,,,,,,,,,38.6399994,14.8625002,989.549988,938.325012,9.22500038,1.0,,30.68,0.0,8.94,28.2093754,
2025-09-19 05:11:49+00:00,2025-09-19 05:11:49,,,,,,,,,,38.6474991,14.8109379,989.400024,938.174988,9.23750019,1.0,,30.68,0.0,8.94,28.21875,
2025-09-19 05:11:50+00:00,2025-09-19 05:11:50,38.0,39.0,38.0,38.0,38.0,7.350535982310683,210.0,BO_O2,O2 규칙 적용: 14.9% (>12.0%),38.6362495,14.7578125,989.099976,938.025024,9.23750019,1.0,,30.68,0.0,9.27,28.21875,
2025-09-19 05:11:51+00:00,2025-09-19 05:11:51,,,,,,,,,,38.6512489,14.7578125,988.950012,937.875,9.23750019,1.0,,30.68,0.0,9.27,28.21875,
2025-09-19 05:11:52+00:00,2025-09-19 05:11:52,,,,,,,,,,38.6399994,14.7046871,988.650024,937.724976,9.22500038,1.0,,30.68,0.0,9.27,28.2093754,
2025-09-19 05:11:53+00:00,2025-09-19 05:11:53,,,,,,,,,,38.6399994,14.6515627,988.5,937.650024,9.73750019,1.0,,30.68,0.0,9.27,28.2093754,
2025-09-19 05:11:54+00:00,2025-09-19 05:11:54,,,,,,,,,,38.6399994,14.6515627,988.200012,937.424988,9.73750019,1.0,,30.68,0.0,9.27,28.21875,
2025-09-19 05:11:55+00:00,2025-09-19 05:11:55,38.0,39.0,38.0,38.0,38.0,10.028666607028098,210.0,BO_O2,O2 규칙 적용: 14.7% (>12.0%),38.6624985,14.5921879,988.049988,937.349976,9.73750019,1.0,,30.68,0.0,9.27,28.21875,
2025-09-19 05:11:56+00:00,2025-09-19 05:11:56,,,,,,,,,,38.6474991,14.5921879,987.825012,937.125,9.73750019,1.0,,30.68,0.0,9.27,28.2093754,
2025-09-19 05:11:57+00:00,2025-09-19 05:11:57,,,,,,,,,,38.6399994,14.5265627,987.674988,937.049988,9.73750019,1.0,,30.68,0.0,9.27,28.2093754,
2025-09-19 05:11:58+00:00,2025-09-19 05:11:58,,,,,,,,,,38.6474991,14.4515629,987.375,936.900024,9.64999962,1.0,,30.68,0.0,9.27,28.21875,
2025-09-19 05:11:59+00:00,2025-09-19 05:11:59,,,,,,,,,,38.6399994,14.4515629,987.224976,936.75,9.64999962,1.0,,30.68,0.0,9.27,28.21875,
2025-09-19 05:12:00+00:00,2025-09-19 05:12:00,38.0,39.0,38.0,38.0,38.0,11.266071396626177,210.0,BO_O2,O2 규칙 적용: 14.5% (>12.0%),38.6399994,14.3640623,987.0,936.599976,9.64999962,1.0,,30.68,0.0,9.73,28.2093754,
2025-09-19 05:12:01+00:00,2025-09-19 05:12:01,,,,,,,,,,38.6437492,14.2781248,986.775024,936.450012,9.64999962,1.0,,30.68,0.0,9.73,28.359375,
2025-09-19 05:12:02+00:00,2025-09-19 05:12:02,,,,,,,,,,38.6437492,14.2781248,986.549988,936.299988,9.64999962,1.0,,30.68,0.0,9.73,28.21875,
2025-09-19 05:12:03+00:00,2025-09-19 05:12:03,,,,,,,,,,38.6437492,14.1781254,986.400024,936.150024,9.73750019,1.0,,30.68,0.0,9.73,28.21875,
2025-09-19 05:12:04+00:00,2025-09-19 05:12:04,,,,,,,,,,38.6474991,14.1781254,986.174988,936.0,9.73750019,1.0,,30.68,0.0,9.73,28.2093754,
2025-09-19 05:12:05+00:00,2025-09-19 05:12:05,38.0,39.0,38.0,38.0,38.0,11.263633413422273,210.0,BO_O2,O2 규칙 적용: 14.2% (>12.0%),38.6549988,14.0687504,986.025024,935.849976,9.73750019,1.0,,30.68,0.0,9.73,28.21875,
2025-09-19 05:12:06+00:00,2025-09-19 05:12:06,,,,,,,,,,38.6512489,13.9671879,985.799988,935.625,9.73750019,1.0,,30.68,0.0,9.73,28.40625,
2025-09-19 05:12:07+00:00,2025-09-19 05:12:07,,,,,,,,,,38.6474991,13.9671879,985.650024,935.549988,9.73750019,1.0,,30.68,0.0,9.73,28.21875,
2025-09-19 05:12:08+00:00,2025-09-19 05:12:08,,,,,,,,,,38.6737518,13.8718748,985.424988,935.400024,9.89999962,1.0,,30.68,0.0,9.73,28.2093754,
2025-09-19 05:12:09+00:00,2025-09-19 05:12:09,,,,,,,,,,38.6512489,13.8718748,985.275024,935.25,9.89999962,1.0,,30.68,0.0,9.73,28.21875,
2025-09-19 05:12:10+00:00,2025-09-19 05:12:10,38.0,39.0,38.0,38.0,38.0,10.512666830930641,210.0,BO_O2,O2 규칙 적용: 13.9% (>12.0%),38.6474991,13.78125,985.049988,935.025024,9.89999962,1.0,,30.68,0.0,9.92,28.21875,
2025-09-19 05:12:11+00:00,2025-09-19 05:12:11,,,,,,,,,,38.6437492,13.6921873,984.974976,934.950012,9.89999962,1.0,,30.68,0.0,9.92,28.2093754,
2025-09-19 05:12:12+00:00,2025-09-19 05:12:12,,,,,,,,,,38.6437492,13.6921873,984.75,934.799988,9.89999962,1.0,,30.68,0.0,9.92,28.2093754,
2025-09-19 05:12:13+00:00,2025-09-19 05:12:13,,,,,,,,,,38.6437492,13.6000004,984.599976,934.650024,10.0749998,1.0,,30.68,0.0,9.92,28.2093754,
2025-09-19 05:12:14+00:00,2025-09-19 05:12:14,,,,,,,,,,38.6474991,13.5046873,984.375,934.5,10.0749998,1.0,,30.68,0.0,9.92,28.21875,
2025-09-19 05:12:15+00:00,2025-09-19 05:12:15,38.0,39.0,38.0,38.0,38.0,10.683264262236294,210.0,BO_O2,O2 규칙 적용: 13.7% (>12.0%),38.6474991,13.5046873,984.224976,934.349976,10.0749998,1.0,,30.68,0.0,9.92,28.21875,
2025-09-19 05:12:16+00:00,2025-09-19 05:12:16,,,,,,,,,,38.6474991,13.4203129,984.0,934.200012,10.0749998,1.0,,30.68,0.0,9.92,28.2093754,
2025-09-19 05:12:17+00:00,2025-09-19 05:12:17,,,,,,,,,,38.6362495,13.3390627,983.924988,934.049988,10.0749998,1.0,,30.68,0.0,9.92,28.2093754,
2025-09-19 05:12:18+00:00,2025-09-19 05:12:18,,,,,,,,,,38.6512489,13.3390627,983.775024,933.900024,10.5,1.0,,30.68,0.0,9.92,28.21875,
2025-09-19 05:12:19+00:00,2025-09-19 05:12:19,,,,,,,,,,38.6549988,13.265625,983.625,933.75,10.4875002,1.0,,30.68,0.0,9.92,28.21875,
2025-09-19 05:12:20+00:00,2025-09-19 05:12:20,38.0,39.0,38.0,38.0,38.0,11.143708015180216,210.0,BO_O2,O2 규칙 적용: 13.3% (>12.0%),38.6437492,13.265625,983.400024,933.599976,10.4875002,1.0,,30.68,0.0,10.5,28.2093754,
2025-09-19 05:12:21+00:00,2025-09-19 05:12:21,,,,,,,,,,38.6437492,13.2062502,983.325012,933.450012,10.4875002,1.0,,30.68,0.0,10.5,28.21875,
2025-09-19 05:12:22+00:00,2025-09-19 05:12:22,,,,,,,,,,38.6362495,13.1499996,983.174988,933.299988,10.5,1.0,,30.68,0.0,10.5,28.21875,
2025-09-19 05:12:23+00:00,2025-09-19 05:12:23,,,,,,,,,,38.6587486,13.1499996,983.025024,933.150024,10.75,1.0,,30.68,0.0,10.5,28.21875,
2025-09-19 05:12:24+00:00,2025-09-19 05:12:24,,,,,,,,,,38.6549988,13.09375,982.875,933.0,10.75,1.0,,30.68,0.0,10.5,28.2093754,
2025-09-19 05:12:25+00:00,2025-09-19 05:12:25,38.0,39.0,38.0,38.0,38.0,11.342768916698406,210.0,BO_O2,O2 규칙 적용: 13.1% (>12.0%),38.6437492,13.0328121,982.724976,932.924988,10.75,1.0,,30.68,0.0,10.5,28.2093754,
2025-09-19 05:12:26+00:00,2025-09-19 05:12:26,,,,,,,,,,38.6399994,13.0328121,982.575012,932.700012,10.75,1.0,,30.68,0.0,10.5,28.21875,
2025-09-19 05:12:27+00:00,2025-09-19 05:12:27,,,,,,,,,,38.6437492,12.9734373,982.5,932.549988,10.75,1.0,,30.68,0.0,10.5,28.21875,
2025-09-19 05:12:28+00:00,2025-09-19 05:12:28,,,,,,,,,,38.6399994,12.9734373,982.349976,932.400024,10.75,1.0,,30.68,0.0,10.5,28.2093754,
2025-09-19 05:12:29+00:00,2025-09-19 05:12:29,,,,,,,,,,38.6362495,12.9281254,982.200012,932.325012,10.75,1.0,,30.68,0.0,10.5,28.2093754,
2025-09-19 05:12:30+00:00,2025-09-19 05:12:30,38.0,39.0,38.0,38.0,38.0,11.532587225885566,210.0,BO_O2,O2 규칙 적용: 13.0% (>12.0%),38.6399994,12.8828125,982.049988,932.099976,10.75,1.0,0.0,30.68,0.0,10.76,28.21875,
2025-09-19 05:12:31+00:00,2025-09-19 05:12:31,,,,,,,,,,38.6474991,12.8828125,981.974976,932.025024,10.75,1.0,,30.68,0.0,10.76,28.21875,
2025-09-19 05:12:32+00:00,2025-09-19 05:12:32,,,,,,,,,,38.6437492,12.8359375,981.825012,931.799988,10.75,1.0,,30.68,0.0,10.76,28.2093754,
2025-09-19 05:12:33+00:00,2025-09-19 05:12:33,,,,,,,,,,38.6399994,12.7906246,981.825012,931.724976,10.75,1.0,,30.68,0.0,10.76,28.1625004,
2025-09-19 05:12:34+00:00,2025-09-19 05:12:34,,,,,,,,,,38.6474991,12.7906246,981.674988,931.575012,10.75,1.0,,30.68,0.0,10.76,28.0406246,
2025-09-19 05:12:35+00:00,2025-09-19 05:12:35,38.0,39.0,38.0,38.0,38.0,11.323102550459822,210.0,BO_O2,O2 규칙 적용: 12.8% (>12.0%),38.6324997,12.7484379,981.525024,931.424988,10.75,1.0,,30.68,0.0,10.76,28.21875,
2025-09-19 05:12:36+00:00,2025-09-19 05:12:36,,,,,,,,,,38.6437492,12.7484379,981.375,931.200012,10.75,1.0,,30.68,0.0,10.76,28.2093754,
2025-09-19 05:12:37+00:00,2025-09-19 05:12:37,,,,,,,,,,38.6662483,12.7078123,981.299988,931.125,10.75,1.0,,30.68,0.0,10.76,28.2093754,
2025-09-19 05:12:38+00:00,2025-09-19 05:12:38,,,,,,,,,,38.6474991,12.6656246,981.224976,930.974976,10.8374996,1.0,,30.68,0.0,10.76,28.2093754,
2025-09-19 05:12:39+00:00,2025-09-19 05:12:39,,,,,,,,,,38.6399994,12.6656246,981.150024,930.825012,10.8374996,1.0,,30.68,0.0,10.76,28.2093754,
2025-09-19 05:12:40+00:00,2025-09-19 05:12:40,38.0,39.0,38.0,38.0,38.0,10.632206579085919,210.0,BO_O2,O2 규칙 적용: 12.7% (>12.0%),38.6549988,12.6265621,981.0,930.674988,10.8374996,1.0,,30.68,0.0,10.87,28.2093754,
2025-09-19 05:12:41+00:00,2025-09-19 05:12:41,,,,,,,,,,38.6437492,12.5843754,981.0,930.599976,10.8374996,1.0,,30.68,0.0,10.87,28.2093754,
2025-09-19 05:12:42+00:00,2025-09-19 05:12:42,,,,,,,,,,38.6362495,12.5843754,980.849976,930.375,10.8374996,1.0,,30.68,0.0,10.87,28.21875,
2025-09-19 05:12:43+00:00,2025-09-19 05:12:43,,,,,,,,,,38.6437492,12.5375004,980.775024,930.224976,10.5874996,1.0,,30.68,0.0,10.87,28.2093754,
2025-09-19 05:12:44+00:00,2025-09-19 05:12:44,,,,,,,,,,38.6474991,12.5375004,980.700012,930.075012,10.5749998,1.0,,30.68,0.0,10.87,28.21875,
2025-09-19 05:12:45+00:00,2025-09-19 05:12:45,38.0,39.0,38.0,38.0,38.0,9.64847163927234,210.0,BO_O2,O2 규칙 적용: 12.6% (>12.0%),38.6437492,12.4937496,980.625,930.0,10.5874996,1.0,0.0,30.68,0.0,10.87,28.2093754,
2025-09-19 05:12:46+00:00,2025-09-19 05:12:46,,,,,,,,,,38.6512489,12.4499998,980.549988,929.849976,10.5874996,1.0,,30.68,0.0,10.87,28.21875,
2025-09-19 05:12:47+00:00,2025-09-19 05:12:47,,,,,,,,,,38.6474991,12.4499998,980.474976,929.700012,10.5874996,1.0,,30.68,0.0,10.87,28.21875,
2025-09-19 05:12:48+00:00,2025-09-19 05:12:48,,,,,,,,,,38.6512489,12.4031248,980.400024,929.549988,10.5,1.0,,30.68,0.0,10.87,28.21875,
2025-09-19 05:12:49+00:00,2025-09-19 05:12:49,,,,,,,,,,38.6399994,12.359375,980.400024,929.400024,10.5,1.0,,30.68,0.0,10.87,28.2093754,
2025-09-19 05:12:50+00:00,2025-09-19 05:12:50,38.0,39.0,38.0,38.0,38.0,9.153525912871373,210.0,BO_O2,O2 규칙 적용: 12.4% (>12.0%),38.6362495,12.359375,980.25,929.25,10.5,1.0,,30.68,0.0,10.55,28.21875,
2025-09-19 05:12:51+00:00,2025-09-19 05:12:51,,,,,,,,,,38.6362495,12.3171873,980.174988,929.099976,10.5,1.0,,30.68,0.0,10.55,28.21875,
2025-09-19 05:12:52+00:00,2025-09-19 05:12:52,,,,,,,,,,38.6362495,12.3171873,980.099976,929.025024,10.4875002,1.0,,30.68,0.0,10.55,28.21875,
2025-09-19 05:12:53+00:00,2025-09-19 05:12:53,,,,,,,,,,38.6437492,12.2734375,980.099976,928.875,10.5749998,1.0,,30.68,0.0,10.55,28.2093754,
2025-09-19 05:12:54+00:00,2025-09-19 05:12:54,,,,,,,,,,38.6437492,12.234375,980.025024,928.724976,10.5749998,1.0,,30.68,0.0,10.55,28.21875,
2025-09-19 05:12:55+00:00,2025-09-19 05:12:55,38.0,39.0,38.0,38.0,38.0,8.790317251000038,210.0,BO_O2,O2 규칙 적용: 12.3% (>12.0%),38.6474991,12.234375,979.950012,928.575012,10.5749998,1.0,,30.68,0.0,10.55,28.21875,
2025-09-19 05:12:56+00:00,2025-09-19 05:12:56,,,,,,,,,,38.6399994,12.2046871,979.875,928.424988,10.5874996,1.0,,30.68,0.0,10.55,28.2093754,
2025-09-19 05:12:57+00:00,2025-09-19 05:12:57,,,,,,,,,,38.6437492,12.1828127,979.875,928.349976,10.5874996,1.0,,30.68,0.0,10.55,28.2093754,
2025-09-19 05:12:58+00:00,2025-09-19 05:12:58,,,,,,,,,,38.6474991,12.1828127,979.799988,928.125,10.5749998,1.0,,30.68,0.0,10.55,28.3875008,
2025-09-19 05:12:59+00:00,2025-09-19 05:12:59,,,,,,,,,,38.6437492,12.1703129,979.724976,928.049988,10.5749998,1.0,,30.68,0.0,10.55,28.21875,
2025-09-19 05:13:00+00:00,2025-09-19 05:13:00,38.0,39.0,38.0,38.0,38.0,9.15211648294617,210.0,BO_O2,O2 규칙 적용: 12.2% (>12.0%),38.6399994,12.1703129,979.724976,927.900024,10.5749998,1.0,0.0,30.68,0.0,10.59,28.2093754,
2025-09-19 05:13:01+00:00,2025-09-19 05:13:01,,,,,,,,,,38.6437492,12.1515627,979.650024,927.825012,10.5749998,1.0,,30.68,0.0,10.59,28.2093754,
2025-09-19 05:13:02+00:00,2025-09-19 05:13:02,,,,,,,,,,38.6399994,12.1281252,979.575012,927.674988,10.5749998,1.0,,30.68,0.0,10.59,28.2093754,
2025-09-19 05:13:03+00:00,2025-09-19 05:13:03,,,,,,,,,,38.6437492,12.1281252,979.575012,927.525024,10.6625004,1.0,,30.68,0.0,10.59,28.21875,
2025-09-19 05:13:04+00:00,2025-09-19 05:13:04,,,,,,,,,,38.6437492,12.1171875,979.5,927.375,10.6625004,1.0,,30.68,0.0,10.59,28.21875,
2025-09-19 05:13:05+00:00,2025-09-19 05:13:05,38.0,39.0,38.0,38.0,38.0,10.598018475372632,210.0,BO_O2,O2 규칙 적용: 12.1% (>12.0%),38.6324997,12.1109371,979.5,927.299988,10.6625004,1.0,,30.68,0.0,10.59,28.2093754,
2025-09-19 05:13:06+00:00,2025-09-19 05:13:06,,,,,,,,,,38.6512489,12.1109371,979.424988,927.075012,10.6625004,1.0,,30.68,0.0,10.59,28.21875,
2025-09-19 05:13:07+00:00,2025-09-19 05:13:07,,,,,,,,,,38.6474991,12.1031246,979.424988,927.0,10.6625004,1.0,,30.68,0.0,10.59,28.21875,
2025-09-19 05:13:08+00:00,2025-09-19 05:13:08,,,,,,,,,,38.6399994,12.1031246,979.349976,926.849976,10.9250002,1.0,,30.68,0.0,10.59,28.21875,
2025-09-19 05:13:09+00:00,2025-09-19 05:13:09,,,,,,,,,,38.6362495,12.1000004,979.275024,926.700012,10.9250002,1.0,,30.68,0.0,10.59,28.2093754,
2025-09-19 05:13:10+00:00,2025-09-19 05:13:10,38.0,39.0,38.0,38.0,38.0,11.5658435335737,210.0,BO_O2,O2 규칙 적용: 12.1% (>12.0%),38.6437492,12.1015625,979.275024,926.549988,10.9250002,1.0,,30.68,0.0,10.99,28.2093754,
2025-09-19 05:13:11+00:00,2025-09-19 05:13:11,,,,,,,,,,38.6474991,12.1015625,979.275024,926.474976,10.9250002,1.0,,30.68,0.0,10.99,28.21875,
2025-09-19 05:13:12+00:00,2025-09-19 05:13:12,,,,,,,,,,38.6512489,12.0921879,979.200012,926.325012,10.9125004,1.0,,30.68,0.0,10.99,28.21875,
2025-09-19 05:13:13+00:00,2025-09-19 05:13:13,,,,,,,,,,38.6474991,12.0812502,979.200012,926.174988,11.0874996,1.0,,30.68,0.0,10.99,28.2093754,
2025-09-19 05:13:14+00:00,2025-09-19 05:13:14,,,,,,,,,,38.6474991,12.0812502,979.200012,926.025024,11.0874996,1.0,,30.68,0.0,10.99,28.2093754,
2025-09-19 05:13:15+00:00,2025-09-19 05:13:15,38.0,39.0,38.0,38.0,38.0,11.98821110331579,210.0,BO_O2,O2 규칙 적용: 12.1% (>12.0%),38.6287498,12.0812502,979.125,925.950012,11.0874996,1.0,0.0,30.68,0.0,10.99,28.21875,
2025-09-19 05:13:16+00:00,2025-09-19 05:13:16,,,,,,,,,,38.6474991,12.0812502,979.049988,925.799988,11.0874996,1.0,,30.68,0.0,10.99,28.21875,
2025-09-19 05:13:17+00:00,2025-09-19 05:13:17,,,,,,,,,,38.6437492,12.0749998,979.049988,925.650024,11.0874996,1.0,,30.68,0.0,10.99,28.2093754,
2025-09-19 05:13:18+00:00,2025-09-19 05:13:18,,,,,,,,,,38.6587486,12.0671873,978.974976,925.5,11.1875,1.0,,30.68,0.0,10.99,28.2093754,
2025-09-19 05:13:19+00:00,2025-09-19 05:13:19,,,,,,,,,,38.6324997,12.0671873,978.974976,925.424988,11.1750002,1.0,,30.68,0.0,10.99,28.21875,
2025-09-19 05:13:20+00:00,2025-09-19 05:13:20,38.0,39.0,38.0,38.0,38.0,12.06143653322866,210.0,BO_O2,O2 규칙 적용: 12.1% (>12.0%),38.6399994,12.0640621,978.974976,925.275024,11.1750002,1.0,,30.68,0.0,11.17,28.2093754,
2025-09-19 05:13:21+00:00,2025-09-19 05:13:21,,,,,,,,,,38.6362495,12.0625,978.900024,925.125,11.1750002,1.0,,30.68,0.0,11.17,28.2093754,
2025-09-19 05:13:22+00:00,2025-09-19 05:13:22,,,,,,,,,,38.6399994,12.0625,978.900024,925.049988,11.1750002,1.0,,30.68,0.0,11.17,28.0499992,
2025-09-19 05:13:23+00:00,2025-09-19 05:13:23,,,,,,,,,,38.6399994,12.0609379,978.900024,924.900024,11.6000004,1.0,,30.68,0.0,11.17,28.0406246,
2025-09-19 05:13:24+00:00,2025-09-19 05:13:24,,,,,,,,,,38.6512489,12.0609379,978.900024,924.75,11.6000004,1.0,,30.68,0.0,11.17,28.2093754,
2025-09-19 05:13:25+00:00,2025-09-19 05:13:25,38.0,39.0,38.0,38.0,38.0,12.440742428725066,210.0,BO_O2,O2 규칙 적용: 12.1% (>12.0%),38.6437492,12.0687504,978.900024,924.674988,11.6000004,1.0,,30.68,0.0,11.17,28.2093754,
2025-09-19 05:13:26+00:00,2025-09-19 05:13:26,,,,,,,,,,38.6474991,12.0796871,978.825012,924.525024,11.6000004,1.0,,30.68,0.0,11.17,28.078125,
2025-09-19 05:13:27+00:00,2025-09-19 05:13:27,,,,,,,,,,38.6362495,12.0796871,978.825012,924.450012,11.6000004,1.0,,30.68,0.0,11.17,28.03125,
2025-09-19 05:13:28+00:00,2025-09-19 05:13:28,,,,,,,,,,38.6362495,12.0859375,978.75,924.299988,11.6000004,1.0,,30.68,0.0,11.17,28.03125,
2025-09-19 05:13:29+00:00,2025-09-19 05:13:29,,,,,,,,,,38.6549988,12.0828123,978.75,924.224976,11.6000004,1.0,,30.68,0.0,11.17,28.03125,
2025-09-19 05:13:30+00:00,2025-09-19 05:13:30,38.0,39.0,38.0,38.0,38.0,12.764380789587959,210.0,BO_O2,O2 규칙 적용: 12.1% (>12.0%),38.6324997,12.0828123,978.75,924.075012,11.6000004,1.0,0.0,30.68,0.0,11.64,28.2093754,
2025-09-19 05:13:31+00:00,2025-09-19 05:13:31,,,,,,,,,,38.6399994,12.0671873,978.75,923.924988,11.6000004,1.0,,30.68,0.0,11.64,28.0406246,
2025-09-19 05:13:32+00:00,2025-09-19 05:13:32,,,,,,,,,,38.6324997,12.0671873,978.75,923.849976,11.6000004,1.0,,30.68,0.0,11.64,28.03125,
2025-09-19 05:13:33+00:00,2025-09-19 05:13:33,,,,,,,,,,38.6474991,12.0562496,978.75,923.700012,11.6875,1.0,,30.68,0.0,11.64,28.03125,
2025-09-19 05:13:34+00:00,2025-09-19 05:13:34,,,,,,,,,,38.6474991,12.0484371,978.75,923.625,11.6750002,1.0,,30.68,0.0,11.64,28.2093754,
2025-09-19 05:13:35+00:00,2025-09-19 05:13:35,38.0,39.0,38.0,38.0,38.0,12.622106486387114,210.0,BO_O2,O2 규칙 적용: 12.1% (>12.0%),38.6324997,12.0484371,978.75,923.474976,11.6875,1.0,,30.68,0.0,11.64,28.21875,
2025-09-19 05:13:36+00:00,2025-09-19 05:13:36,,,,,,,,,,38.6512489,12.0359373,978.674988,923.325012,11.6875,1.0,,30.68,0.0,11.64,28.21875,
2025-09-19 05:13:37+00:00,2025-09-19 05:13:37,,,,,,,,,,38.6512489,12.0296879,978.674988,923.174988,11.6875,1.0,,30.68,0.0,11.64,28.2093754,
2025-09-19 05:13:38+00:00,2025-09-19 05:13:38,,,,,,,,,,38.6362495,12.0296879,978.674988,923.099976,12.1875,1.0,,30.68,0.0,11.64,28.2093754,
2025-09-19 05:13:39+00:00,2025-09-19 05:13:39,,,,,,,,,,38.6287498,12.0546875,978.674988,923.025024,12.1875,1.0,,30.68,0.0,11.64,28.21875,
2025-09-19 05:13:40+00:00,2025-09-19 05:13:40,38.0,39.0,38.0,38.0,38.0,12.776900385131931,210.0,BO_O2,O2 규칙 적용: 12.0% (>12.0%),38.6399994,12.0546875,978.674988,922.875,12.1999998,1.0,,30.68,0.0,12.19,28.21875,
2025-09-19 05:13:41+00:00,2025-09-19 05:13:41,,,,,,,,,,38.6437492,12.0812502,978.599976,922.799988,12.1875,1.0,,30.68,0.0,12.19,28.2093754,
2025-09-19 05:13:42+00:00,2025-09-19 05:13:42,,,,,,,,,,38.6324997,12.078125,978.599976,922.650024,12.1875,1.0,,30.68,0.0,12.19,28.21875,
2025-09-19 05:13:43+00:00,2025-09-19 05:13:43,,,,,,,,,,38.6587486,12.078125,978.599976,922.5,12.2749996,1.0,,30.68,0.0,12.19,28.21875,
2025-09-19 05:13:44+00:00,2025-09-19 05:13:44,,,,,,,,,,38.6474991,12.0765629,978.599976,922.424988,12.2749996,1.0,,30.68,0.0,12.19,28.21875,
2025-09-19 05:13:45+00:00,2025-09-19 05:13:45,38.0,39.0,38.0,38.0,38.0,13.06798845725974,210.0,BO_O2,O2 규칙 적용: 12.1% (>12.0%),38.6324997,12.0828123,978.599976,922.275024,12.2749996,1.0,2.0,30.68,0.0,12.19,28.2093754,
2025-09-19 05:13:46+00:00,2025-09-19 05:13:46,,,,,,,,,,38.6474991,12.0828123,978.599976,922.200012,12.2749996,1.0,,30.68,0.0,12.19,28.21875,
2025-09-19 05:13:47+00:00,2025-09-19 05:13:47,,,,,,,,,,38.6512489,12.0812502,978.599976,922.125,12.2749996,1.0,,30.68,0.0,12.19,28.21875,
2025-09-19 05:13:48+00:00,2025-09-19 05:13:48,,,,,,,,,,38.6662483,12.0812502,978.599976,921.974976,12.6875,1.0,,30.68,0.0,12.19,28.2093754,
2025-09-19 05:13:49+00:00,2025-09-19 05:13:49,,,,,,,,,,38.6437492,12.0749998,978.599976,921.825012,12.6875,1.0,,30.68,0.0,12.19,28.2093754,
2025-09-19 05:13:50+00:00,2025-09-19 05:13:50,38.0,39.0,38.0,38.0,38.0,12.850855071495896,210.0,BO_O2,O2 규칙 적용: 12.1% (>12.0%),38.6587486,12.0656252,978.599976,921.75,12.6875,1.0,,30.68,0.0,12.75,28.2093754,
2025-09-19 05:13:51+00:00,2025-09-19 05:13:51,,,,,,,,,,38.6437492,12.0656252,978.525024,921.599976,12.6875,1.0,,30.68,0.0,12.75,28.2093754,
2025-09-19 05:13:52+00:00,2025-09-19 05:13:52,,,,,,,,,,38.6399994,12.0484371,978.525024,921.525024,12.6875,1.0,,30.68,0.0,12.75,28.21875,
2025-09-19 05:13:53+00:00,2025-09-19 05:13:53,,,,,,,,,,38.6512489,12.0546875,978.525024,921.375,12.9499998,1.0,,30.68,0.0,12.75,28.2093754,
2025-09-19 05:13:54+00:00,2025-09-19 05:13:54,,,,,,,,,,38.6587486,12.0546875,978.525024,921.299988,12.9375,1.0,,30.68,0.0,12.75,28.2093754,
2025-09-19 05:13:55+00:00,2025-09-19 05:13:55,38.0,39.0,38.0,38.0,38.0,12.575697972998253,210.0,BO_O2,O2 규칙 적용: 12.1% (>12.0%),38.6437492,12.0765629,978.525024,921.224976,12.9375,1.0,,30.68,0.0,12.75,28.21875,
2025-09-19 05:13:56+00:00,2025-09-19 05:13:56,,,,,,,,,,38.6362495,12.0765629,978.525024,921.075012,12.9499998,1.0,,30.68,0.0,12.75,28.21875,
2025-09-19 05:13:57+00:00,2025-09-19 05:13:57,,,,,,,,,,38.6474991,12.0984373,978.525024,920.924988,12.9375,1.0,,30.68,0.0,12.75,28.2093754,
2025-09-19 05:13:58+00:00,2025-09-19 05:13:58,,,,,,,,,,38.6399994,12.0984373,978.450012,920.849976,13.1999998,1.0,,30.68,0.0,12.75,28.2093754,
2025-09-19 05:13:59+00:00,2025-09-19 05:13:59,,,,,,,,,,38.6512489,12.0984373,978.525024,920.775024,13.1999998,1.0,,30.68,0.0,12.75,28.21875,
2025-09-19 05:14:00+00:00,2025-09-19 05:14:00,38.0,39.0,38.0,38.0,38.0,13.44431319485799,210.0,BO_O2,O2 규칙 적용: 12.1% (>12.0%),38.6399994,12.09375,978.525024,920.700012,13.1999998,1.0,2.0,30.68,0.0,13.28,28.21875,
2025-09-19 05:14:01+00:00,2025-09-19 05:14:01,,,,,,,,,,38.6362495,12.0859375,978.525024,920.549988,13.1999998,1.0,,30.68,0.0,13.28,28.2093754,
2025-09-19 05:14:02+00:00,2025-09-19 05:14:02,,,,,,,,,,38.6512489,12.0859375,978.525024,920.474976,13.1999998,1.0,,30.68,0.0,13.28,28.2093754,
2025-09-19 05:14:03+00:00,2025-09-19 05:14:03,,,,,,,,,,38.6474991,12.0625,978.525024,920.325012,13.5375004,1.0,,30.68,0.0,13.28,28.21875,
2025-09-19 05:14:04+00:00,2025-09-19 05:14:04,,,,,,,,,,38.6324997,12.0625,978.525024,920.25,13.5375004,1.0,,30.68,0.0,13.28,28.0406246,
2025-09-19 05:14:05+00:00,2025-09-19 05:14:05,38.0,39.0,38.0,38.0,38.0,13.449704526665357,210.0,BO_O2,O2 규칙 적용: 12.1% (>12.0%),38.6512489,12.0249996,978.599976,920.099976,13.5375004,1.0,,30.68,0.0,13.28,28.1531258,
2025-09-19 05:14:06+00:00,2025-09-19 05:14:06,,,,,,,,,,38.6399994,11.9812498,978.599976,920.025024,13.5375004,1.0,,30.68,0.0,13.28,28.2093754,
2025-09-19 05:14:07+00:00,2025-09-19 05:14:07,,,,,,,,,,38.6399994,11.9812498,978.599976,919.950012,13.5375004,1.0,,30.68,0.0,13.28,28.21875,
2025-09-19 05:14:08+00:00,2025-09-19 05:14:08,,,,,,,,,,38.6437492,11.9406252,978.599976,919.875,14.125,1.0,,30.68,0.0,13.28,28.21875,
2025-09-19 05:14:09+00:00,2025-09-19 05:14:09,,,,,,,,,,38.6399994,11.8953123,978.599976,919.724976,14.125,1.0,,30.68,0.0,13.28,28.2093754,
2025-09-19 05:14:10+00:00,2025-09-19 05:14:10,38.0,39.0,39.0,38.0,38.0,14.671443245888556,305.0,BO_O2_RULE,제어매트릭스 규칙 적용: O2_HIGH,38.6399994,11.8953123,978.599976,919.650024,14.125,1.0,,30.68,0.0,14.16,28.2093754,
2025-09-19 05:14:11+00:00,2025-09-19 05:14:11,,,,,,,,,,38.6662483,11.8515625,978.674988,919.5,14.125,1.0,,30.68,0.0,14.16,28.2093754,
2025-09-19 05:14:12+00:00,2025-09-19 05:14:12,,,,,,,,,,38.6437492,11.8515625,978.674988,919.5,14.125,1.0,,30.68,0.0,14.16,28.21875,
2025-09-19 05:14:13+00:00,2025-09-19 05:14:13,,,,,,,,,,38.6437492,11.8046875,978.75,919.349976,14.2124996,1.0,,30.68,0.0,14.16,28.2093754,
2025-09-19 05:14:14+00:00,2025-09-19 05:14:14,,,,,,,,,,38.6474991,11.7593746,978.674988,919.200012,14.2124996,1.0,,30.68,0.0,14.16,28.2093754,
2025-09-19 05:14:15+00:00,2025-09-19 05:14:15,38.0,39.0,39.0,38.0,38.0,15.233731411502037,305.0,BO_O2_RULE,제어매트릭스 규칙 적용: O2_HIGH,38.6437492,11.7593746,978.674988,919.125,14.2124996,1.0,2.0,30.68,0.0,14.16,28.21875,
2025-09-19 05:14:16+00:00,2025-09-19 05:14:16,,,,,,,,,,38.6437492,11.7203121,978.75,919.049988,14.2124996,1.0,,30.68,0.0,14.16,28.21875,
2025-09-19 05:14:17+00:00,2025-09-19 05:14:17,,,,,,,,,,38.6362495,11.6953125,978.75,918.900024,14.2124996,1.0,,30.68,0.0,14.16,28.2093754,
2025-09-19 05:14:18+00:00,2025-09-19 05:14:18,,,,,,,,,,38.6437492,11.6953125,978.75,918.825012,14.2124996,1.0,,30.68,0.0,14.16,28.2093754,
2025-09-19 05:14:19+00:00,2025-09-19 05:14:19,,,,,,,,,,38.6362495,11.6671877,978.825012,918.75,14.2124996,1.0,,30.68,0.0,14.16,28.0406246,
2025-09-19 05:14:20+00:00,2025-09-19 05:14:20,38.0,39.0,39.0,38.0,38.0,15.152376415286668,305.0,BO_O2_RULE,제어매트릭스 규칙 적용: O2_HIGH,38.6399994,11.6671877,978.900024,918.674988,14.2124996,1.0,,30.68,0.0,14.21,28.0406246,
2025-09-19 05:14:21+00:00,2025-09-19 05:14:21,,,,,,,,,,38.6437492,11.6499996,978.900024,918.525024,14.2124996,1.0,,30.68,0.0,14.21,28.0406246,
2025-09-19 05:14:22+00:00,2025-09-19 05:14:22,,,,,,,,,,38.6399994,11.6421871,978.900024,918.450012,14.2124996,1.0,,30.68,0.0,14.21,28.03125,
2025-09-19 05:14:23+00:00,2025-09-19 05:14:23,,,,,,,,,,38.6474991,11.6421871,978.900024,918.375,14.8125,1.0,,30.68,0.0,14.21,28.2093754,
2025-09-19 05:14:24+00:00,2025-09-19 05:14:24,,,,,,,,,,38.6474991,11.640625,978.900024,918.299988,14.8125,1.0,,30.68,0.0,14.21,28.21875,
2025-09-19 05:14:25+00:00,2025-09-19 05:14:25,38.0,39.0,39.0,38.0,38.0,13.240309409123517,305.0,BO_O2_RULE,제어매트릭스 규칙 적용: O2_HIGH,38.6437492,11.6531248,978.974976,918.150024,14.8125,1.0,,30.68,0.0,14.21,28.21875,
2025-09-19 05:14:26+00:00,2025-09-19 05:14:26,,,,,,,,,,38.6324997,11.6531248,978.974976,918.075012,14.8125,1.0,,30.68,0.0,14.21,28.03125,
2025-09-19 05:14:27+00:00,2025-09-19 05:14:27,,,,,,,,,,38.6512489,11.6640625,978.974976,918.0,14.8125,1.0,,30.68,0.0,14.21,28.171875,
2025-09-19 05:14:28+00:00,2025-09-19 05:14:28,,,,,,,,,,38.6474991,11.6640625,978.974976,917.924988,14.8999996,1.0,,30.68,0.0,14.21,28.2093754,
2025-09-19 05:14:29+00:00,2025-09-19 05:14:29,,,,,,,,,,38.6362495,11.6781254,979.049988,917.775024,14.8999996,1.0,,30.68,0.0,14.21,28.21875,
2025-09-19 05:14:30+00:00,2025-09-19 05:14:30,38.0,39.0,39.0,38.0,38.0,14.687528642321736,305.0,BO_O2_RULE,제어매트릭스 규칙 적용: O2_HIGH,38.6362495,11.6953125,979.049988,917.700012,14.8999996,1.0,2.0,30.68,0.0,14.89,28.2093754,
2025-09-19 05:14:31+00:00,2025-09-19 05:14:31,,,,,,,,,,38.6474991,11.6953125,979.125,917.625,14.8999996,1.0,,30.68,0.0,14.89,28.2093754,
2025-09-19 05:14:32+00:00,2025-09-19 05:14:32,,,,,,,,,,38.6399994,11.7171879,979.125,917.549988,14.8999996,1.0,,30.68,0.0,14.89,28.21875,
2025-09-19 05:14:33+00:00,2025-09-19 05:14:33,,,,,,,,,,38.6549988,11.7375002,979.200012,917.400024,14.8125,1.0,,30.68,0.0,14.89,28.2093754,
2025-09-19 05:14:34+00:00,2025-09-19 05:14:34,,,,,,,,,,38.6399994,11.7375002,979.125,917.325012,14.8125,1.0,,30.68,0.0,14.89,28.2093754,
2025-09-19 05:14:35+00:00,2025-09-19 05:14:35,38.0,39.0,39.0,38.0,38.0,14.322547437448982,305.0,BO_O2_RULE,제어매트릭스 규칙 적용: O2_HIGH,38.6437492,11.7624998,979.200012,917.25,14.8125,1.0,,30.68,0.0,14.89,28.21875,
2025-09-19 05:14:36+00:00,2025-09-19 05:14:36,,,,,,,,,,38.6399994,11.7624998,979.200012,917.174988,14.8125,1.0,,30.68,0.0,14.89,28.21875,
2025-09-19 05:14:37+00:00,2025-09-19 05:14:37,,,,,,,,,,38.6399994,11.7921877,979.275024,917.099976,14.8125,1.0,,30.68,0.0,14.89,28.21875,
2025-09-19 05:14:38+00:00,2025-09-19 05:14:38,,,,,,,,,,38.6362495,11.8234377,979.275024,917.025024,14.7250004,1.0,,30.68,0.0,14.89,28.2093754,
2025-09-19 05:14:39+00:00,2025-09-19 05:14:39,,,,,,,,,,38.6437492,11.8234377,979.275024,916.875,14.7375002,1.0,,30.68,0.0,14.89,28.2093754,
2025-09-19 05:14:40+00:00,2025-09-19 05:14:40,38.0,39.0,39.0,38.0,38.0,13.106886715057907,305.0,BO_O2_RULE,제어매트릭스 규칙 적용: O2_HIGH,38.6362495,11.8421879,979.275024,916.799988,14.7250004,1.0,,30.68,0.0,14.79,28.21875,
2025-09-19 05:14:41+00:00,2025-09-19 05:14:41,,,,,,,,,,38.6437492,11.8671875,979.349976,916.724976,14.7250004,1.0,,30.68,0.0,14.79,28.21875,
2025-09-19 05:14:42+00:00,2025-09-19 05:14:42,,,,,,,,,,38.6437492,11.8671875,979.349976,916.650024,14.7250004,1.0,,30.68,0.0,14.79,28.2093754,
2025-09-19 05:14:43+00:00,2025-09-19 05:14:43,,,,,,,,,,38.6399994,11.8999996,979.349976,916.5,14.6499996,1.0,,30.68,0.0,14.79,28.2093754,
2025-09-19 05:14:44+00:00,2025-09-19 05:14:44,,,,,,,,,,38.6437492,11.8999996,979.424988,916.424988,14.6499996,1.0,,30.68,0.0,14.79,28.21875,
2025-09-19 05:14:45+00:00,2025-09-19 05:14:45,38.0,39.0,39.0,38.0,38.0,12.627863277422396,305.0,BO_O2_RULE,제어매트릭스 규칙 적용: O2_HIGH,38.6437492,11.9343748,979.424988,916.349976,14.6499996,1.0,2.0,30.68,0.0,14.79,28.2093754,
2025-09-19 05:14:46+00:00,2025-09-19 05:14:46,,,,,,,,,,38.6399994,11.9640627,979.424988,916.349976,14.6499996,1.0,,30.68,0.0,14.79,28.2093754,
2025-09-19 05:14:47+00:00,2025-09-19 05:14:47,,,,,,,,,,38.6399994,11.9640627,979.424988,916.200012,14.6499996,1.0,,30.68,0.0,14.79,28.2093754,
2025-09-19 05:14:48+00:00,2025-09-19 05:14:48,,,,,,,,,,38.6437492,11.9953127,979.349976,916.125,14.5625,1.0,,30.68,0.0,14.79,28.21875,
2025-09-19 05:14:49+00:00,2025-09-19 05:14:49,,,,,,,,,,38.6362495,12.0203123,979.424988,915.974976,14.5625,1.0,,30.68,0.0,14.79,28.21875,
2025-09-19 05:14:50+00:00,2025-09-19 05:14:50,38.0,39.0,39.0,38.0,38.0,12.754052631081082,305.0,BO_O2_RULE,제어매트릭스 규칙 적용: O2_HIGH,38.6474991,12.0203123,979.424988,915.900024,14.5625,1.0,,30.68,0.0,14.62,28.21875,
2025-09-19 05:14:51+00:00,2025-09-19 05:14:51,,,,,,,,,,38.6362495,12.0359373,979.424988,915.900024,14.5625,1.0,,30.68,0.0,14.62,28.2093754,
2025-09-19 05:14:52+00:00,2025-09-19 05:14:52,,,,,,,,,,38.6587486,12.0359373,979.424988,915.75,14.5625,1.0,,30.68,0.0,14.62,28.2093754,
2025-09-19 05:14:53+00:00,2025-09-19 05:14:53,,,,,,,,,,38.6437492,12.0531254,979.5,915.674988,14.4750004,1.0,,30.68,0.0,14.62,28.21875,
2025-09-19 05:14:54+00:00,2025-09-19 05:14:54,,,,,,,,,,38.6474991,12.0656252,979.5,915.599976,14.4875002,1.0,,30.68,0.0,14.62,28.2093754,
2025-09-19 05:14:55+00:00,2025-09-19 05:14:55,38.0,39.0,38.0,38.0,38.0,12.668756075033643,210.0,BO_O2,O2 규칙 적용: 12.0% (>12.0%),38.6512489,12.0656252,979.5,915.525024,14.4750004,1.0,,30.68,0.0,14.62,28.2093754,
2025-09-19 05:14:56+00:00,2025-09-19 05:14:56,,,,,,,,,,38.6399994,12.0921879,979.5,915.450012,14.4875002,1.0,,30.68,0.0,14.62,28.21875,
2025-09-19 05:14:57+00:00,2025-09-19 05:14:57,,,,,,,,,,38.6287498,12.1171875,979.5,915.375,14.4750004,1.0,,30.68,0.0,14.62,28.21875,
2025-09-19 05:14:58+00:00,2025-09-19 05:14:58,,,,,,,,,,38.6399994,12.1171875,979.5,915.299988,14.4750004,1.0,,30.68,0.0,14.62,28.2093754,
2025-09-19 05:14:59+00:00,2025-09-19 05:14:59,,,,,,,,,,38.6587486,12.1421871,979.5,915.150024,14.4750004,1.0,,30.68,0.0,14.62,28.2093754,
2025-09-19 05:15:00+00:00,2025-09-19 05:15:00,38.0,39.0,38.0,38.0,38.0,12.505964098438021,210.0,BO_O2,O2 규칙 적용: 12.1% (>12.0%),38.6399994,12.1421871,979.5,915.150024,14.4750004,1.0,2.0,30.68,0.0,14.53,28.2093754,
2025-09-19 05:15:01+00:00,2025-09-19 05:15:01,,,,,,,,,,38.6474991,12.1640625,979.5,915.0,14.4750004,1.0,,30.68,0.0,14.53,28.21875,
2025-09-19 05:15:02+00:00,2025-09-19 05:15:02,,,,,,,,,,38.6362495,12.1859379,979.575012,915.0,14.4750004,1.0,,30.68,0.0,14.53,28.21875,
2025-09-19 05:15:03+00:00,2025-09-19 05:15:03,,,,,,,,,,38.6437492,12.1859379,979.575012,914.849976,14.375,1.0,,30.68,0.0,14.53,28.2093754,
2025-09-19 05:15:04+00:00,2025-09-19 05:15:04,,,,,,,,,,38.6549988,12.2109375,979.5,914.775024,14.375,1.0,,30.68,0.0,14.53,28.2093754,
2025-09-19 05:15:05+00:00,2025-09-19 05:15:05,38.0,39.0,38.0,38.0,38.0,12.109202740574146,210.0,BO_O2,O2 규칙 적용: 12.2% (>12.0%),38.6437492,12.2359371,979.575012,914.700012,14.375,1.0,,30.68,0.0,14.53,28.21875,
2025-09-19 05:15:06+00:00,2025-09-19 05:15:06,,,,,,,,,,38.6437492,12.2359371,979.575012,914.625,14.3874998,1.0,,30.68,0.0,14.53,28.2093754,
2025-09-19 05:15:07+00:00,2025-09-19 05:15:07,,,,,,,,,,38.6437492,12.2546873,979.575012,914.549988,14.3874998,1.0,,30.68,0.0,14.53,28.2093754,
2025-09-19 05:15:08+00:00,2025-09-19 05:15:08,,,,,,,,,,38.6399994,12.2546873,979.575012,914.474976,13.6125002,1.0,,30.68,0.0,14.53,28.21875,
2025-09-19 05:15:09+00:00,2025-09-19 05:15:09,,,,,,,,,,38.6549988,12.2749996,979.575012,914.400024,13.625,1.0,,30.68,0.0,14.53,28.21875,
2025-09-19 05:15:10+00:00,2025-09-19 05:15:10,38.0,39.0,38.0,38.0,38.0,10.012706537444013,210.0,BO_O2,O2 규칙 적용: 12.3% (>12.0%),38.6437492,12.2984371,979.5,914.325012,13.625,1.0,,30.68,0.0,13.65,28.2093754,
2025-09-19 05:15:11+00:00,2025-09-19 05:15:11,,,,,,,,,,38.6512489,12.2984371,979.575012,914.25,13.6125002,1.0,,30.68,0.0,13.65,28.2000008,
2025-09-19 05:15:12+00:00,2025-09-19 05:15:12,,,,,,,,,,38.6512489,12.3296871,979.575012,914.174988,13.6125002,1.0,,30.68,0.0,13.65,28.03125,
2025-09-19 05:15:13+00:00,2025-09-19 05:15:13,,,,,,,,,,38.6362495,12.3703127,979.575012,914.025024,13.2749996,1.0,,30.68,0.0,13.65,28.03125,
2025-09-19 05:15:14+00:00,2025-09-19 05:15:14,,,,,,,,,,38.6287498,12.3703127,979.5,914.025024,13.2749996,1.0,,30.68,0.0,13.65,28.0406246,
2025-09-19 05:15:15+00:00,2025-09-19 05:15:15,38.0,39.0,38.0,38.0,38.0,9.008207205606666,210.0,BO_O2,O2 규칙 적용: 12.3% (>12.0%),38.6474991,12.4093752,979.5,913.875,13.2749996,1.0,2.0,30.68,0.0,13.65,28.2093754,
2025-09-19 05:15:16+00:00,2025-09-19 05:15:16,,,,,,,,,,38.6399994,12.4093752,979.5,913.875,13.2875004,1.0,,30.68,0.0,13.65,28.2093754,
2025-09-19 05:15:17+00:00,2025-09-19 05:15:17,,,,,,,,,,38.6399994,12.4484377,979.5,913.799988,13.2749996,1.0,,30.68,0.0,13.65,28.21875,
2025-09-19 05:15:18+00:00,2025-09-19 05:15:18,,,,,,,,,,38.6362495,12.4781246,979.5,913.724976,13.0249996,1.0,,30.68,0.0,13.65,28.2093754,
2025-09-19 05:15:19+00:00,2025-09-19 05:15:19,,,,,,,,,,38.6474991,12.4781246,979.5,913.650024,13.0375004,1.0,,30.68,0.0,13.65,28.2093754,
2025-09-19 05:15:20+00:00,2025-09-19 05:15:20,38.0,39.0,38.0,38.0,38.0,9.437516846691809,210.0,BO_O2,O2 규칙 적용: 12.5% (>12.0%),38.6474991,12.5031252,979.424988,913.575012,13.0375004,1.0,,30.68,0.0,13.65,28.2093754,
2025-09-19 05:15:21+00:00,2025-09-19 05:15:21,,,,,,,,,,38.6474991,12.5249996,979.5,913.5,13.0249996,1.0,,30.68,0.0,13.1,28.21875,
2025-09-19 05:15:22+00:00,2025-09-19 05:15:22,,,,,,,,,,38.6437492,12.5249996,979.5,913.424988,13.0249996,1.0,,30.68,0.0,13.1,28.21875,
2025-09-19 05:15:23+00:00,2025-09-19 05:15:23,,,,,,,,,,38.6362495,12.5437498,979.424988,913.349976,11.8625002,1.0,,30.68,0.0,13.1,28.2093754,
2025-09-19 05:15:24+00:00,2025-09-19 05:15:24,,,,,,,,,,38.6399994,12.5437498,979.424988,913.275024,11.8500004,1.0,,30.68,0.0,13.1,28.2093754,
2025-09-19 05:15:25+00:00,2025-09-19 05:15:25,38.0,39.0,38.0,38.0,38.0,8.221178598699465,210.0,BO_O2,O2 규칙 적용: 12.5% (>12.0%),38.6587486,12.5578127,979.424988,913.200012,11.8500004,1.0,,30.68,0.0,13.1,28.21875,
2025-09-19 05:15:26+00:00,2025-09-19 05:15:26,,,,,,,,,,38.6437492,12.5671873,979.424988,913.125,11.8625002,1.0,,30.68,0.0,13.1,28.21875,
2025-09-19 05:15:27+00:00,2025-09-19 05:15:27,,,,,,,,,,38.6437492,12.5671873,979.349976,913.049988,11.8500004,1.0,,30.68,0.0,13.1,28.2093754,
2025-09-19 05:15:28+00:00,2025-09-19 05:15:28,,,,,,,,,,38.6437492,12.5765629,979.349976,912.974976,11.7749996,1.0,,30.68,0.0,13.1,28.2093754,
2025-09-19 05:15:29+00:00,2025-09-19 05:15:29,,,,,,,,,,38.6362495,12.5796871,979.349976,912.900024,11.7749996,1.0,,30.68,0.0,13.1,28.2093754,
2025-09-19 05:15:30+00:00,2025-09-19 05:15:30,38.0,39.0,38.0,38.0,38.0,8.304921246339811,210.0,BO_O2,O2 규칙 적용: 12.6% (>12.0%),38.6474991,12.5796871,979.349976,912.825012,11.7749996,1.0,2.0,30.68,0.0,11.77,28.21875,
2025-09-19 05:15:31+00:00,2025-09-19 05:15:31,,,,,,,,,,38.6699982,12.578125,979.275024,912.75,11.7624998,1.0,,30.68,0.0,11.77,28.2093754,
2025-09-19 05:15:32+00:00,2025-09-19 05:15:32,,,,,,,,,,38.6437492,12.578125,979.275024,912.674988,11.7624998,1.0,,30.68,0.0,11.77,28.21875,
2025-09-19 05:15:33+00:00,2025-09-19 05:15:33,,,,,,,,,,38.6437492,12.5656252,979.275024,912.599976,11.0124998,1.0,,30.68,0.0,11.77,28.21875,
2025-09-19 05:15:34+00:00,2025-09-19 05:15:34,,,,,,,,,,38.6362495,12.5421877,979.275024,912.599976,11.0,1.0,,30.68,0.0,11.77,28.21875,
2025-09-19 05:15:35+00:00,2025-09-19 05:15:35,38.0,39.0,38.0,38.0,38.0,7.865977361693354,210.0,BO_O2,O2 규칙 적용: 12.6% (>12.0%),38.6437492,12.5421877,979.275024,912.450012,11.0124998,1.0,,30.68,0.0,11.77,28.2093754,
2025-09-19 05:15:36+00:00,2025-09-19 05:15:36,,,,,,,,,,38.6324997,12.5031252,979.275024,912.375,11.0124998,1.0,,30.68,0.0,11.77,28.2093754,
2025-09-19 05:15:37+00:00,2025-09-19 05:15:37,,,,,,,,,,38.6399994,12.4609375,979.275024,912.299988,11.0124998,1.0,,30.68,0.0,11.77,28.21875,
2025-09-19 05:15:38+00:00,2025-09-19 05:15:38,,,,,,,,,,38.6437492,12.4609375,979.275024,912.299988,10.3249998,1.0,,30.68,0.0,11.77,28.21875,
2025-09-19 05:15:39+00:00,2025-09-19 05:15:39,,,,,,,,,,38.6437492,12.4171877,979.349976,912.150024,10.3374996,1.0,,30.68,0.0,11.77,28.2093754,
2025-09-19 05:15:40+00:00,2025-09-19 05:15:40,38.0,39.0,38.0,38.0,38.0,7.306048485473682,210.0,BO_O2,O2 규칙 적용: 12.5% (>12.0%),38.6474991,12.4171877,979.349976,912.150024,10.3374996,1.0,,30.68,0.0,10.41,28.2093754,
2025-09-19 05:15:41+00:00,2025-09-19 05:15:41,,,,,,,,,,38.6399994,12.3625002,979.424988,912.075012,10.3249998,1.0,,30.68,0.0,10.41,28.21875,
2025-09-19 05:15:42+00:00,2025-09-19 05:15:42,,,,,,,,,,38.6474991,12.3015623,979.424988,912.0,10.3249998,1.0,,30.68,0.0,10.41,28.2093754,
2025-09-19 05:15:43+00:00,2025-09-19 05:15:43,,,,,,,,,,38.6437492,12.3015623,979.424988,911.849976,9.91250038,1.0,,30.68,0.0,10.41,28.2093754,
2025-09-19 05:15:44+00:00,2025-09-19 05:15:44,,,,,,,,,,38.6399994,12.2328129,979.424988,911.849976,9.89999962,1.0,,30.68,0.0,10.41,28.2093754,
2025-09-19 05:15:45+00:00,2025-09-19 05:15:45,38.0,39.0,38.0,38.0,38.0,7.049989766457512,210.0,BO_O2,O2 규칙 적용: 12.3% (>12.0%),38.6362495,12.1437502,979.424988,911.775024,9.89999962,1.0,2.0,30.68,0.0,10.41,28.2093754,
2025-09-19 05:15:46+00:00,2025-09-19 05:15:46,,,,,,,,,,38.6362495,12.1437502,979.5,911.700012,9.91250038,1.0,,30.68,0.0,10.41,28.2093754,
2025-09-19 05:15:47+00:00,2025-09-19 05:15:47,,,,,,,,,,38.6437492,12.0421877,979.5,911.625,9.91250038,1.0,,30.68,0.0,10.41,28.2093754,
2025-09-19 05:15:48+00:00,2025-09-19 05:15:48,,,,,,,,,,38.6512489,12.0421877,979.5,911.549988,9.23750019,1.0,,30.68,0.0,10.41,28.2093754,
2025-09-19 05:15:49+00:00,2025-09-19 05:15:49,,,,,,,,,,38.6362495,11.9437504,979.575012,911.474976,9.23750019,1.0,,30.68,0.0,10.41,28.21875,
2025-09-19 05:15:50+00:00,2025-09-19 05:15:50,38.0,39.0,38.0,38.0,38.0,6.374493418866386,210.0,BO_O2,O2 규칙 적용: 12.0% (>12.0%),38.6437492,11.84375,979.575012,911.474976,9.23750019,1.0,,30.68,0.0,9.3,28.21875,
2025-09-19 05:15:51+00:00,2025-09-19 05:15:51,,,,,,,,,,38.6512489,11.84375,979.650024,911.325012,9.23750019,1.0,,30.68,0.0,9.3,28.2093754,
2025-09-19 05:15:52+00:00,2025-09-19 05:15:52,,,,,,,,,,38.6399994,11.7484379,979.724976,911.400024,9.23750019,1.0,,30.68,0.0,9.3,28.2093754,
2025-09-19 05:15:53+00:00,2025-09-19 05:15:53,,,,,,,,,,38.6399994,11.6640625,979.724976,911.25,9.07499981,1.0,,30.68,0.0,9.3,28.0406246,
2025-09-19 05:15:54+00:00,2025-09-19 05:15:54,,,,,,,,,,38.6362495,11.6640625,979.650024,911.174988,9.07499981,1.0,,30.68,0.0,9.3,28.03125,
2025-09-19 05:15:55+00:00,2025-09-19 05:15:55,38.0,39.0,39.0,38.0,38.0,6.397085367978827,305.0,BO_O2_RULE,제어매트릭스 규칙 적용: O2_HIGH,38.6399994,11.59375,979.650024,911.099976,9.0625,1.0,,30.68,0.0,9.3,28.03125,
2025-09-19 05:15:56+00:00,2025-09-19 05:15:56,,,,,,,,,,38.6399994,11.59375,979.724976,911.099976,9.07499981,1.0,,30.68,0.0,9.3,28.03125,
2025-09-19 05:15:57+00:00,2025-09-19 05:15:57,,,,,,,,,,38.6437492,11.5218754,979.799988,910.950012,9.0625,1.0,,30.68,0.0,9.3,28.21875,
2025-09-19 05:15:58+00:00,2025-09-19 05:15:58,,,,,,,,,,38.6362495,11.4515629,979.799988,910.950012,8.8125,1.0,,30.68,0.0,9.3,28.1906242,
2025-09-19 05:15:59+00:00,2025-09-19 05:15:59,,,,,,,,,,38.6437492,11.4515629,979.875,910.875,8.8125,1.0,,30.68,0.0,9.3,28.03125,
2025-09-19 05:16:00+00:00,2025-09-19 05:16:00,38.0,39.0,39.0,38.0,38.0,6.216163640636339,305.0,BO_O2_RULE,제어매트릭스 규칙 적용: O2_HIGH,38.6399994,11.3968754,979.875,910.875,8.8125,1.0,0.0,30.68,0.0,8.81,28.03125,
2025-09-19 05:16:01+00:00,2025-09-19 05:16:01,,,,,,,,,,38.6399994,11.3531246,979.875,910.724976,8.8125,1.0,,30.68,0.0,8.81,28.03125,
2025-09-19 05:16:02+00:00,2025-09-19 05:16:02,,,,,,,,,,38.6362495,11.3531246,979.950012,910.650024,8.8125,1.0,,30.68,0.0,8.81,28.03125,
2025-09-19 05:16:03+00:00,2025-09-19 05:16:03,,,,,,,,,,38.6512489,11.3312502,979.950012,910.575012,8.47500038,1.0,,30.68,0.0,8.81,28.03125,
2025-09-19 05:16:04+00:00,2025-09-19 05:16:04,,,,,,,,,,38.6362495,11.3171873,979.950012,910.575012,8.47500038,1.0,,30.68,0.0,8.81,28.03125,
2025-09-19 05:16:05+00:00,2025-09-19 05:16:05,38.0,39.0,39.0,38.0,38.0,6.501983037313107,305.0,BO_O2_RULE,제어매트릭스 규칙 적용: O2_HIGH,38.6324997,11.3171873,979.950012,910.424988,8.47500038,1.0,,30.68,0.0,8.81,28.03125,
2025-09-19 05:16:06+00:00,2025-09-19 05:16:06,,,,,,,,,,38.6437492,11.3046875,979.950012,910.424988,8.48750019,1.0,,30.68,0.0,8.81,28.03125,
2025-09-19 05:16:07+00:00,2025-09-19 05:16:07,,,,,,,,,,38.6399994,11.3046875,980.025024,910.349976,8.48750019,1.0,,30.68,0.0,8.81,28.1625004,
2025-09-19 05:16:08+00:00,2025-09-19 05:16:08,,,,,,,,,,38.6324997,11.2984371,980.025024,910.275024,8.22500038,1.0,,30.68,0.0,8.81,28.2093754,
2025-09-19 05:16:09+00:00,2025-09-19 05:16:09,,,,,,,,,,38.6362495,11.3015623,980.025024,910.275024,8.22500038,1.0,,30.68,0.0,8.81,28.2093754,
2025-09-19 05:16:10+00:00,2025-09-19 05:16:10,38.0,39.0,39.0,38.0,38.0,6.78766267034327,305.0,BO_O2_RULE,제어매트릭스 규칙 적용: O2_HIGH,38.6362495,11.3015623,980.099976,910.125,8.22500038,1.0,,30.68,0.0,8.81,28.21875,
2025-09-19 05:16:11+00:00,2025-09-19 05:16:11,,,,,,,,,,38.6587486,11.3187504,980.099976,910.125,8.22500038,1.0,,30.68,0.0,8.26,28.21875,
2025-09-19 05:16:12+00:00,2025-09-19 05:16:12,,,,,,,,,,38.6399994,11.3187504,980.099976,910.049988,8.22500038,1.0,,30.68,0.0,8.26,28.2093754,
2025-09-19 05:16:13+00:00,2025-09-19 05:16:13,,,,,,,,,,38.6437492,11.3453121,980.099976,909.974976,7.9000001,1.0,,30.68,0.0,8.26,28.2093754,
2025-09-19 05:16:14+00:00,2025-09-19 05:16:14,,,,,,,,,,38.6362495,11.375,980.099976,909.900024,7.88749981,1.0,,30.68,0.0,8.26,28.2093754,
2025-09-19 05:16:15+00:00,2025-09-19 05:16:15,38.0,39.0,39.0,38.0,38.0,6.800844866834239,305.0,BO_O2_RULE,제어매트릭스 규칙 적용: O2_HIGH,38.6362495,11.375,980.174988,909.825012,7.88749981,1.0,0.0,30.68,0.0,8.26,28.21875,
2025-09-19 05:16:16+00:00,2025-09-19 05:16:16,,,,,,,,,,38.6437492,11.4078121,980.174988,909.75,7.88749981,1.0,,30.68,0.0,8.26,28.2093754,
2025-09-19 05:16:17+00:00,2025-09-19 05:16:17,,,,,,,,,,38.6437492,11.4437504,980.174988,909.75,7.9000001,1.0,,30.68,0.0,8.26,28.2093754,
2025-09-19 05:16:18+00:00,2025-09-19 05:16:18,,,,,,,,,,38.6399994,11.4437504,980.174988,909.674988,8.05000019,1.0,,30.68,0.0,8.26,28.21875,
2025-09-19 05:16:19+00:00,2025-09-19 05:16:19,,,,,,,,,,38.6362495,11.4765625,980.174988,909.674988,8.0625,1.0,,30.68,0.0,8.26,28.21875,
2025-09-19 05:16:20+00:00,2025-09-19 05:16:20,38.0,39.0,39.0,38.0,38.0,6.969529853080643,305.0,BO_O2_RULE,제어매트릭스 규칙 적용: O2_HIGH,38.6399994,11.4765625,980.25,909.525024,8.0625,1.0,,30.68,0.0,8.26,28.2093754,
2025-09-19 05:16:21+00:00,2025-09-19 05:16:21,,,,,,,,,,38.6474991,11.5187502,980.174988,909.450012,8.05000019,1.0,,30.68,0.0,8.1,28.2093754,
2025-09-19 05:16:22+00:00,2025-09-19 05:16:22,,,,,,,,,,38.6324997,11.5546875,980.25,909.450012,8.125,1.0,,30.68,0.0,8.1,28.21875,
2025-09-19 05:16:23+00:00,2025-09-19 05:16:23,,,,,,,,,,38.6324997,11.5546875,980.25,909.375,8.22500038,1.0,,30.68,0.0,8.1,28.21875,
2025-09-19 05:16:24+00:00,2025-09-19 05:16:24,,,,,,,,,,38.6549988,11.5718746,980.325012,909.299988,8.22500038,1.0,,30.68,0.0,8.1,28.2093754,
2025-09-19 05:16:25+00:00,2025-09-19 05:16:25,38.0,39.0,39.0,38.0,38.0,8.13293089882992,305.0,BO_O2_RULE,제어매트릭스 규칙 적용: O2_HIGH,38.6474991,11.5859375,980.325012,909.224976,8.22500038,1.0,,30.68,0.0,8.1,28.2093754,
2025-09-19 05:16:26+00:00,2025-09-19 05:16:26,,,,,,,,,,38.6362495,11.5859375,980.400024,909.224976,8.22500038,1.0,,30.68,0.0,8.1,28.21875,
2025-09-19 05:16:27+00:00,2025-09-19 05:16:27,,,,,,,,,,38.6512489,11.5968752,980.400024,909.075012,8.22500038,1.0,,30.68,0.0,8.1,28.21875,
2025-09-19 05:16:28+00:00,2025-09-19 05:16:28,,,,,,,,,,38.6512489,11.5968752,980.400024,909.075012,8.22500038,1.0,,30.68,0.0,8.1,28.2093754,
2025-09-19 05:16:29+00:00,2025-09-19 05:16:29,,,,,,,,,,38.6399994,11.5953121,980.325012,909.0,8.22500038,1.0,,30.68,0.0,8.1,28.2093754,
2025-09-19 05:16:30+00:00,2025-09-19 05:16:30,38.0,39.0,39.0,38.0,38.0,9.573923052729802,305.0,BO_O2_RULE,제어매트릭스 규칙 적용: O2_HIGH,38.6437492,11.5890627,980.400024,908.924988,8.22500038,1.0,0.0,30.68,0.0,8.25,28.21875,
2025-09-19 05:16:31+00:00,2025-09-19 05:16:31,,,,,,,,,,38.6399994,11.5890627,980.474976,908.924988,8.22500038,1.0,,30.68,0.0,8.25,28.21875,
2025-09-19 05:16:32+00:00,2025-09-19 05:16:32,,,,,,,,,,38.6512489,11.5859375,980.474976,908.849976,8.22500038,1.0,,30.68,0.0,8.25,28.2093754,
2025-09-19 05:16:33+00:00,2025-09-19 05:16:33,,,,,,,,,,38.6362495,11.5812502,980.474976,908.775024,8.39999962,1.0,,30.68,0.0,8.25,28.2093754,
2025-09-19 05:16:34+00:00,2025-09-19 05:16:34,,,,,,,,,,38.6474991,11.5812502,980.474976,908.700012,8.38749981,1.0,,30.68,0.0,8.25,28.21875,
2025-09-19 05:16:35+00:00,2025-09-19 05:16:35,38.0,39.0,39.0,38.0,38.0,9.965662004913542,305.0,BO_O2_RULE,제어매트릭스 규칙 적용: O2_HIGH,38.6362495,11.5703125,980.474976,908.625,8.38749981,1.0,,30.68,0.0,8.25,28.21875,
2025-09-19 05:16:36+00:00,2025-09-19 05:16:36,,,,,,,,,,38.6437492,11.5562496,980.474976,908.625,8.39999962,1.0,,30.68,0.0,8.25,28.2093754,
2025-09-19 05:16:37+00:00,2025-09-19 05:16:37,,,,,,,,,,38.6362495,11.5562496,980.549988,908.549988,8.38749981,1.0,,30.68,0.0,8.25,28.2093754,
2025-09-19 05:16:38+00:00,2025-09-19 05:16:38,,,,,,,,,,38.6474991,11.5578127,980.549988,908.474976,8.38749981,1.0,,30.68,0.0,8.25,28.21875,
2025-09-19 05:16:39+00:00,2025-09-19 05:16:39,,,,,,,,,,38.6399994,11.5578127,980.625,908.400024,8.38749981,1.0,,30.68,0.0,8.25,28.21875,
2025-09-19 05:16:40+00:00,2025-09-19 05:16:40,38.0,39.0,39.0,38.0,38.0,9.37357827991332,305.0,BO_O2_RULE,제어매트릭스 규칙 적용: O2_HIGH,38.6399994,11.5609379,980.625,908.400024,8.38749981,1.0,,30.68,0.0,8.42,28.21875,
2025-09-19 05:16:41+00:00,2025-09-19 05:16:41,,,,,,,,,,38.6437492,11.5593748,980.625,908.325012,8.38749981,1.0,,30.68,0.0,8.42,28.2093754,
2025-09-19 05:16:42+00:00,2025-09-19 05:16:42,,,,,,,,,,38.6362495,11.5593748,980.625,908.25,8.47500038,1.0,,30.68,0.0,8.42,28.21875,
2025-09-19 05:16:43+00:00,2025-09-19 05:16:43,,,,,,,,,,38.6399994,11.5484371,980.625,908.174988,8.5625,1.0,,30.68,0.0,8.42,28.21875,
2025-09-19 05:16:44+00:00,2025-09-19 05:16:44,,,,,,,,,,38.6437492,11.5390625,980.700012,908.174988,8.5625,1.0,,30.68,0.0,8.42,28.2093754,
2025-09-19 05:16:45+00:00,2025-09-19 05:16:45,38.0,39.0,39.0,38.0,38.0,9.37357827991332,305.0,BO_O2_RULE,제어매트릭스 규칙 적용: O2_HIGH,38.6437492,11.5390625,980.775024,908.099976,8.5625,1.0,0.0,30.68,0.0,8.42,28.2093754,
2025-09-19 05:16:46+00:00,2025-09-19 05:16:46,,,,,,,,,,38.6324997,11.5328121,980.775024,908.025024,8.5625,1.0,,30.68,0.0,8.42,28.21875,
2025-09-19 05:16:47+00:00,2025-09-19 05:16:47,,,,,,,,,,38.6362495,11.5328121,980.775024,907.950012,8.5625,1.0,,30.68,0.0,8.42,28.0687504,
2025-09-19 05:16:48+00:00,2025-09-19 05:16:48,,,,,,,,,,38.6474991,11.5234375,980.775024,907.950012,8.8125,1.0,,30.68,0.0,8.42,28.03125,
2025-09-19 05:16:49+00:00,2025-09-19 05:16:49,,,,,,,,,,38.6512489,11.515625,980.849976,907.875,8.8125,1.0,,30.68,0.0,8.42,28.03125,
2025-09-19 05:16:50+00:00,2025-09-19 05:16:50,38.0,39.0,39.0,38.0,38.0,10.526248472965607,305.0,BO_O2_RULE,제어매트릭스 규칙 적용: O2_HIGH,38.6362495,11.515625,980.924988,907.799988,8.8125,1.0,,30.68,0.0,8.83,28.03125,
2025-09-19 05:16:51+00:00,2025-09-19 05:16:51,,,,,,,,,,38.6362495,11.5046873,980.924988,907.724976,8.8125,1.0,,30.68,0.0,8.83,28.1343746,
2025-09-19 05:16:52+00:00,2025-09-19 05:16:52,,,,,,,,,,38.6437492,11.4968748,980.849976,907.724976,8.85000038,1.0,,30.68,0.0,8.83,28.0406246,
2025-09-19 05:16:53+00:00,2025-09-19 05:16:53,,,,,,,,,,38.6399994,11.4968748,980.924988,907.650024,8.89999962,1.0,,30.68,0.0,8.83,28.03125,
2025-09-19 05:16:54+00:00,2025-09-19 05:16:54,,,,,,,,,,38.6437492,11.5,981.0,907.650024,8.89999962,1.0,,30.68,0.0,8.83,28.03125,
2025-09-19 05:16:55+00:00,2025-09-19 05:16:55,38.0,39.0,39.0,38.0,38.0,10.577685661838885,305.0,BO_O2_RULE,제어매트릭스 규칙 적용: O2_HIGH,38.6362495,11.5,981.0,907.575012,8.89999962,1.0,,30.68,0.0,8.83,28.03125,
2025-09-19 05:16:56+00:00,2025-09-19 05:16:56,,,,,,,,,,38.6362495,11.5140629,981.0,907.5,8.89999962,1.0,,30.68,0.0,8.83,28.0406246,
2025-09-19 05:16:57+00:00,2025-09-19 05:16:57,,,,,,,,,,38.6474991,11.5171871,981.075012,907.5,8.88749981,1.0,,30.68,0.0,8.83,28.03125,
2025-09-19 05:16:58+00:00,2025-09-19 05:16:58,,,,,,,,,,38.6437492,11.5171871,981.150024,907.424988,8.89999962,1.0,,30.68,0.0,8.83,28.03125,
2025-09-19 05:16:59+00:00,2025-09-19 05:16:59,,,,,,,,,,38.6362495,11.5093746,981.150024,907.349976,8.89999962,1.0,,30.68,0.0,8.83,28.03125,
2025-09-19 05:17:00+00:00,2025-09-19 05:17:00,38.0,39.0,39.0,38.0,38.0,10.535524809349926,305.0,BO_O2_RULE,제어매트릭스 규칙 적용: O2_HIGH,38.6474991,11.4968748,981.150024,907.349976,8.89999962,1.0,0.0,30.68,0.0,8.96,28.03125,
2025-09-19 05:17:01+00:00,2025-09-19 05:17:01,,,,,,,,,,38.6399994,11.4968748,981.150024,907.275024,8.88749981,1.0,,30.68,0.0,8.96,28.03125,
2025-09-19 05:17:02+00:00,2025-09-19 05:17:02,,,,,,,,,,38.6362495,11.484375,981.224976,907.275024,8.75,1.0,,30.68,0.0,8.96,28.03125,
2025-09-19 05:17:03+00:00,2025-09-19 05:17:03,,,,,,,,,,38.6362495,11.484375,981.224976,907.275024,8.75,1.0,,30.68,0.0,8.96,28.03125,
2025-09-19 05:17:04+00:00,2025-09-19 05:17:04,,,,,,,,,,38.6437492,11.4750004,981.299988,907.125,8.5625,1.0,,30.68,0.0,8.96,28.0874996,
2025-09-19 05:17:05+00:00,2025-09-19 05:17:05,38.0,39.0,39.0,38.0,38.0,10.09135137250234,305.0,BO_O2_RULE,제어매트릭스 규칙 적용: O2_HIGH,38.6437492,11.4750004,981.299988,907.125,8.5625,1.0,,30.68,0.0,8.96,28.0874996,
2025-09-19 05:17:06+00:00,2025-09-19 05:17:06,,,,,,,,,,38.6287498,11.4703121,981.375,907.049988,8.5625,1.0,,30.68,0.0,8.96,28.03125,
2025-09-19 05:17:07+00:00,2025-09-19 05:17:07,,,,,,,,,,38.6474991,11.46875,981.375,906.974976,8.5625,1.0,,30.68,0.0,8.96,28.1906242,
2025-09-19 05:17:08+00:00,2025-09-19 05:17:08,,,,,,,,,,38.6399994,11.4578123,981.450012,906.900024,8.72500038,1.0,,30.68,0.0,8.96,28.2093754,
2025-09-19 05:17:09+00:00,2025-09-19 05:17:09,,,,,,,,,,38.6362495,11.4578123,981.525024,906.825012,8.72500038,1.0,,30.68,0.0,8.96,28.21875,
2025-09-19 05:17:10+00:00,2025-09-19 05:17:10,38.0,39.0,39.0,38.0,38.0,8.677353182358962,305.0,BO_O2_RULE,제어매트릭스 규칙 적용: O2_HIGH,38.6512489,11.4593754,981.525024,906.825012,8.73750019,1.0,,30.68,0.0,8.77,28.21875,
2025-09-19 05:17:11+00:00,2025-09-19 05:17:11,,,,,,,,,,38.6399994,11.4593754,981.599976,906.825012,8.72500038,1.0,,30.68,0.0,8.77,28.21875,
2025-09-19 05:17:12+00:00,2025-09-19 05:17:12,,,,,,,,,,38.6399994,11.4671879,981.599976,906.75,8.72500038,1.0,,30.68,0.0,8.77,28.2093754,
2025-09-19 05:17:13+00:00,2025-09-19 05:17:13,,,,,,,,,,38.6362495,11.4781246,981.599976,906.674988,8.72500038,1.0,,30.68,0.0,8.77,28.2093754,
2025-09-19 05:17:14+00:00,2025-09-19 05:17:14,,,,,,,,,,38.6512489,11.4781246,981.674988,906.599976,8.72500038,1.0,,30.68,0.0,8.77,28.21875,
2025-09-19 05:17:15+00:00,2025-09-19 05:17:15,38.0,39.0,39.0,38.0,38.0,8.896389541868409,305.0,BO_O2_RULE,제어매트릭스 규칙 적용: O2_HIGH,38.6437492,11.4953127,981.674988,906.525024,8.72500038,1.0,0.0,30.68,0.0,8.77,28.21875,
2025-09-19 05:17:16+00:00,2025-09-19 05:17:16,,,,,,,,,,38.6437492,11.4953127,981.674988,906.525024,8.72500038,1.0,,30.68,0.0,8.77,28.21875,
2025-09-19 05:17:17+00:00,2025-09-19 05:17:17,,,,,,,,,,38.6399994,11.5015621,981.75,906.525024,8.72500038,1.0,,30.68,0.0,8.77,28.2093754,
2025-09-19 05:17:18+00:00,2025-09-19 05:17:18,,,,,,,,,,38.6399994,11.5015621,981.75,906.525024,8.72500038,1.0,,30.68,0.0,8.77,28.2093754,
2025-09-19 05:17:19+00:00,2025-09-19 05:17:19,,,,,,,,,,38.6512489,11.4953127,981.825012,906.450012,8.72500038,1.0,,30.68,0.0,8.77,28.21875,
2025-09-19 05:17:20+00:00,2025-09-19 05:17:20,38.0,39.0,39.0,38.0,38.0,9.067068322016214,305.0,BO_O2_RULE,제어매트릭스 규칙 적용: O2_HIGH,38.6512489,11.4953127,981.825012,906.450012,8.72500038,1.0,,30.68,0.0,8.78,28.21875,
2025-09-19 05:17:21+00:00,2025-09-19 05:17:21,,,,,,,,,,38.6399994,11.4937496,981.825012,906.375,8.73750019,1.0,,30.68,0.0,8.78,28.2093754,
2025-09-19 05:17:22+00:00,2025-09-19 05:17:22,,,,,,,,,,38.6474991,11.5031252,981.900024,906.375,8.72500038,1.0,,30.68,0.0,8.78,28.2093754,
2025-09-19 05:17:23+00:00,2025-09-19 05:17:23,,,,,,,,,,38.6437492,11.5031252,981.900024,906.299988,8.73750019,1.0,,30.68,0.0,8.78,28.2093754,
2025-09-19 05:17:24+00:00,2025-09-19 05:17:24,,,,,,,,,,38.6324997,11.5187502,981.900024,906.224976,8.72500038,1.0,,30.68,0.0,8.78,28.21875,
2025-09-19 05:17:25+00:00,2025-09-19 05:17:25,38.0,39.0,39.0,38.0,38.0,9.161100779792923,305.0,BO_O2_RULE,제어매트릭스 규칙 적용: O2_HIGH,38.6399994,11.5359373,981.900024,906.150024,8.72500038,1.0,,30.68,0.0,8.78,28.21875,
2025-09-19 05:17:26+00:00,2025-09-19 05:17:26,,,,,,,,,,38.6399994,11.5359373,981.974976,906.150024,8.73750019,1.0,,30.68,0.0,8.78,28.2093754,
2025-09-19 05:17:27+00:00,2025-09-19 05:17:27,,,,,,,,,,38.6399994,11.5625,981.974976,906.075012,8.73750019,1.0,,30.68,0.0,8.78,28.21875,
2025-09-19 05:17:28+00:00,2025-09-19 05:17:28,,,,,,,,,,38.6362495,11.5625,981.974976,906.0,8.72500038,1.0,,30.68,0.0,8.78,28.21875,
2025-09-19 05:17:29+00:00,2025-09-19 05:17:29,,,,,,,,,,38.6362495,11.5921879,981.974976,906.0,8.72500038,1.0,,30.68,0.0,8.78,28.2093754,
2025-09-19 05:17:30+00:00,2025-09-19 05:17:30,38.0,39.0,39.0,38.0,38.0,9.10916720453826,305.0,BO_O2_RULE,제어매트릭스 규칙 적용: O2_HIGH,38.6324997,11.6203127,982.049988,905.924988,8.73750019,1.0,0.0,30.68,0.0,8.78,28.2093754,
2025-09-19 05:17:31+00:00,2025-09-19 05:17:31,,,,,,,,,,38.6437492,11.6203127,982.049988,905.924988,8.73750019,1.0,,30.68,0.0,8.78,28.21875,
2025-09-19 05:17:32+00:00,2025-09-19 05:17:32,,,,,,,,,,38.6287498,11.6531248,982.049988,905.849976,8.72500038,1.0,,30.68,0.0,8.78,28.21875,
2025-09-19 05:17:33+00:00,2025-09-19 05:17:33,,,,,,,,,,38.6587486,11.6921873,982.125,905.775024,8.73750019,1.0,,30.68,0.0,8.78,28.21875,
2025-09-19 05:17:34+00:00,2025-09-19 05:17:34,,,,,,,,,,38.6324997,11.6921873,982.125,905.775024,8.73750019,1.0,,30.68,0.0,8.78,28.21875,
2025-09-19 05:17:35+00:00,2025-09-19 05:17:35,38.0,39.0,39.0,38.0,38.0,9.212706805789125,305.0,BO_O2_RULE,제어매트릭스 규칙 적용: O2_HIGH,38.6324997,11.7281246,982.049988,905.700012,8.72500038,1.0,,30.68,0.0,8.78,28.21875,
2025-09-19 05:17:36+00:00,2025-09-19 05:17:36,,,,,,,,,,38.6437492,11.7281246,982.049988,905.625,8.72500038,1.0,,30.68,0.0,8.78,28.1625004,
2025-09-19 05:17:37+00:00,2025-09-19 05:17:37,,,,,,,,,,38.6362495,11.7562504,982.125,905.625,8.72500038,1.0,,30.68,0.0,8.78,28.0406246,
2025-09-19 05:17:38+00:00,2025-09-19 05:17:38,,,,,,,,,,38.6474991,11.7937498,982.125,905.549988,8.72500038,1.0,,30.68,0.0,8.78,28.03125,
2025-09-19 05:17:39+00:00,2025-09-19 05:17:39,,,,,,,,,,38.6474991,11.7937498,982.125,905.549988,8.63749981,1.0,,30.68,0.0,8.78,28.0406246,
2025-09-19 05:17:40+00:00,2025-09-19 05:17:40,38.0,39.0,39.0,38.0,38.0,8.971585512048488,305.0,BO_O2_RULE,제어매트릭스 규칙 적용: O2_HIGH,38.6399994,11.8296871,982.049988,905.549988,8.64999962,1.0,,30.68,0.0,8.71,28.0874996,
2025-09-19 05:17:41+00:00,2025-09-19 05:17:41,,,,,,,,,,38.6437492,11.8703127,982.125,905.474976,8.63749981,1.0,,30.68,0.0,8.71,28.2093754,
2025-09-19 05:17:42+00:00,2025-09-19 05:17:42,,,,,,,,,,38.6437492,11.8703127,982.125,905.400024,8.63749981,1.0,,30.68,0.0,8.71,28.03125,
2025-09-19 05:17:43+00:00,2025-09-19 05:17:43,,,,,,,,,,38.6399994,11.9093752,982.125,905.325012,8.64999962,1.0,,30.68,0.0,8.71,28.03125,
2025-09-19 05:17:44+00:00,2025-09-19 05:17:44,,,,,,,,,,38.6437492,11.9093752,982.049988,905.325012,8.64999962,1.0,,30.68,0.0,8.71,28.0406246,
2025-09-19 05:17:45+00:00,2025-09-19 05:17:45,38.0,39.0,39.0,38.0,38.0,8.494932555004935,305.0,BO_O2_RULE,제어매트릭스 규칙 적용: O2_HIGH,38.6474991,11.9499998,982.049988,905.25,8.64999962,1.0,0.0,30.68,0.0,8.71,28.03125,
2025-09-19 05:17:46+00:00,2025-09-19 05:17:46,,,,,,,,,,38.6362495,11.9937496,982.049988,905.25,8.63749981,1.0,,30.68,0.0,8.71,28.03125,
2025-09-19 05:17:47+00:00,2025-09-19 05:17:47,,,,,,,,,,38.6512489,11.9937496,982.049988,905.174988,8.64999962,1.0,,30.68,0.0,8.71,28.03125,
2025-09-19 05:17:48+00:00,2025-09-19 05:17:48,,,,,,,,,,38.6437492,12.0343752,982.049988,905.099976,8.64999962,1.0,,30.68,0.0,8.71,28.0406246,
2025-09-19 05:17:49+00:00,2025-09-19 05:17:49,,,,,,,,,,38.6437492,12.0765629,981.974976,905.099976,8.72500038,1.0,,30.68,0.0,8.71,28.03125,
2025-09-19 05:17:50+00:00,2025-09-19 05:17:50,38.0,39.0,38.0,38.0,38.0,8.40953842610979,210.0,BO_O2,O2 규칙 적용: 12.0% (>12.0%),38.6399994,12.0765629,981.974976,905.025024,8.72500038,1.0,,30.68,0.0,8.78,28.03125,
2025-09-19 05:17:51+00:00,2025-09-19 05:17:51,,,,,,,,,,38.6399994,12.1156254,981.974976,904.950012,8.72500038,1.0,,30.68,0.0,8.78,28.03125,
2025-09-19 05:17:52+00:00,2025-09-19 05:17:52,,,,,,,,,,38.6474991,12.1156254,981.974976,904.950012,8.72500038,1.0,,30.68,0.0,8.78,28.03125,
2025-09-19 05:17:53+00:00,2025-09-19 05:17:53,,,,,,,,,,38.6362495,12.15625,981.900024,904.875,8.77499962,1.0,,30.68,0.0,8.78,28.03125,
2025-09-19 05:17:54+00:00,2025-09-19 05:17:54,,,,,,,,,,38.6362495,12.203125,981.900024,904.875,8.8125,1.0,,30.68,0.0,8.78,28.03125,
2025-09-19 05:17:55+00:00,2025-09-19 05:17:55,38.0,39.0,38.0,38.0,38.0,8.372789566353733,210.0,BO_O2,O2 규칙 적용: 12.1% (>12.0%),38.6324997,12.203125,981.900024,904.875,8.8125,1.0,,30.68,0.0,8.78,28.03125,
2025-09-19 05:17:56+00:00,2025-09-19 05:17:56,,,,,,,,,,38.6437492,12.2468748,981.825012,904.799988,8.8125,1.0,,30.68,0.0,8.78,28.03125,
2025-09-19 05:17:57+00:00,2025-09-19 05:17:57,,,,,,,,,,38.6512489,12.2890625,981.825012,904.724976,8.8125,1.0,,30.68,0.0,8.78,28.03125,
2025-09-19 05:17:58+00:00,2025-09-19 05:17:58,,,,,,,,,,38.6324997,12.2890625,981.825012,904.724976,8.8125,1.0,,30.68,0.0,8.78,28.2093754,
2025-09-19 05:17:59+00:00,2025-09-19 05:17:59,,,,,,,,,,38.6362495,12.3296871,981.75,904.650024,8.8125,1.0,,30.68,0.0,8.78,28.2093754,
2025-09-19 05:18:00+00:00,2025-09-19 05:18:00,38.0,39.0,38.0,38.0,38.0,9.062937769198655,210.0,BO_O2,O2 규칙 적용: 12.3% (>12.0%),38.6399994,12.3296871,981.674988,904.650024,8.82499981,1.0,0.0,30.68,0.0,8.86,28.0406246,
2025-09-19 05:18:01+00:00,2025-09-19 05:18:01,,,,,,,,,,38.6399994,12.3734379,981.599976,904.575012,8.8125,1.0,,30.68,0.0,8.86,28.03125,
2025-09-19 05:18:02+00:00,2025-09-19 05:18:02,,,,,,,,,,38.6399994,12.4125004,981.599976,904.5,8.8125,1.0,,30.68,0.0,8.86,28.1062508,
2025-09-19 05:18:03+00:00,2025-09-19 05:18:03,,,,,,,,,,38.6474991,12.4125004,981.525024,904.424988,8.88749981,1.0,,30.68,0.0,8.86,28.2093754,
2025-09-19 05:18:04+00:00,2025-09-19 05:18:04,,,,,,,,,,38.6399994,12.46875,981.525024,904.424988,8.98750019,1.0,,30.68,0.0,8.86,28.2093754,
2025-09-19 05:18:05+00:00,2025-09-19 05:18:05,38.0,39.0,38.0,38.0,38.0,8.861273608470203,210.0,BO_O2,O2 규칙 적용: 12.4% (>12.0%),38.6512489,12.5515623,981.375,904.349976,8.97500038,1.0,,30.68,0.0,8.86,28.0499992,
2025-09-19 05:18:06+00:00,2025-09-19 05:18:06,,,,,,,,,,38.6437492,12.5515623,981.375,904.349976,8.98750019,1.0,,30.68,0.0,8.86,28.03125,
2025-09-19 05:18:07+00:00,2025-09-19 05:18:07,,,,,,,,,,38.6437492,12.6437502,981.299988,904.275024,8.98750019,1.0,,30.68,0.0,8.86,28.2093754,
2025-09-19 05:18:08+00:00,2025-09-19 05:18:08,,,,,,,,,,38.6437492,12.7156248,981.299988,904.200012,8.98750019,1.0,,30.68,0.0,8.86,28.2093754,
2025-09-19 05:18:09+00:00,2025-09-19 05:18:09,,,,,,,,,,38.6437492,12.7156248,981.150024,904.200012,9.14999962,1.0,,30.68,0.0,8.86,28.21875,
2025-09-19 05:18:10+00:00,2025-09-19 05:18:10,38.0,39.0,38.0,38.0,38.0,9.117721902404595,210.0,BO_O2,O2 규칙 적용: 12.6% (>12.0%),38.6362495,12.7749996,981.150024,904.125,9.16250038,1.0,,30.68,0.0,9.2,28.03125,
2025-09-19 05:18:11+00:00,2025-09-19 05:18:11,,,,,,,,,,38.6512489,12.7749996,981.0,904.049988,9.14999962,1.0,,30.68,0.0,9.2,28.03125,
2025-09-19 05:18:12+00:00,2025-09-19 05:18:12,,,,,,,,,,38.6549988,12.8312502,981.0,904.049988,9.14999962,1.0,,30.68,0.0,9.2,28.2093754,
2025-09-19 05:18:13+00:00,2025-09-19 05:18:13,,,,,,,,,,38.6399994,12.8890629,980.924988,903.974976,9.30000019,1.0,,30.68,0.0,9.2,28.21875,
2025-09-19 05:18:14+00:00,2025-09-19 05:18:14,,,,,,,,,,38.6324997,12.8890629,980.849976,903.900024,9.48750019,1.0,,30.68,0.0,9.2,28.2093754,
2025-09-19 05:18:15+00:00,2025-09-19 05:18:15,38.0,39.0,38.0,38.0,38.0,9.556027986324544,210.0,BO_O2,O2 규칙 적용: 12.8% (>12.0%),38.6399994,12.9484377,980.775024,903.900024,9.48750019,1.0,0.0,30.68,0.0,9.2,28.2093754,
2025-09-19 05:18:16+00:00,2025-09-19 05:18:16,,,,,,,,,,38.6437492,12.9937496,980.700012,903.825012,9.48750019,1.0,,30.68,0.0,9.2,28.2093754,
2025-09-19 05:18:17+00:00,2025-09-19 05:18:17,,,,,,,,,,38.6624985,12.9937496,980.625,903.825012,9.48750019,1.0,,30.68,0.0,9.2,28.2093754,
2025-09-19 05:18:18+00:00,2025-09-19 05:18:18,,,,,,,,,,38.6850014,13.0359373,980.549988,903.75,9.48750019,1.0,,30.68,0.0,9.2,28.21875,
2025-09-19 05:18:19+00:00,2025-09-19 05:18:19,,,,,,,,,,38.6587486,13.0359373,980.400024,903.674988,9.73750019,1.0,,30.68,0.0,9.2,28.2093754,
2025-09-19 05:18:20+00:00,2025-09-19 05:18:20,38.0,39.0,38.0,38.0,38.0,10.377783819539715,210.0,BO_O2,O2 규칙 적용: 13.0% (>12.0%),38.6437492,13.1015625,980.400024,903.674988,9.73750019,1.0,,30.68,0.0,9.76,28.2093754,
2025-09-19 05:18:21+00:00,2025-09-19 05:18:21,,,,,,,,,,38.6399994,13.171875,980.25,903.599976,9.73750019,1.0,,30.68,0.0,9.76,28.2093754,
2025-09-19 05:18:22+00:00,2025-09-19 05:18:22,,,,,,,,,,38.6399994,13.171875,980.174988,903.525024,9.73750019,1.0,,30.68,0.0,9.76,28.2093754,
2025-09-19 05:18:23+00:00,2025-09-19 05:18:23,,,,,,,,,,38.6362495,13.234375,980.099976,903.450012,9.69999981,1.0,,30.68,0.0,9.76,28.2093754,
2025-09-19 05:18:24+00:00,2025-09-19 05:18:24,,,,,,,,,,38.6662483,13.28125,980.025024,903.375,9.66250038,1.0,,30.68,0.0,9.76,28.21875,
2025-09-19 05:18:25+00:00,2025-09-19 05:18:25,38.0,39.0,38.0,38.0,38.0,10.473641154952611,210.0,BO_O2,O2 규칙 적용: 13.2% (>12.0%),38.6662483,13.28125,979.950012,903.375,9.64999962,1.0,,30.68,0.0,9.76,28.21875,
2025-09-19 05:18:26+00:00,2025-09-19 05:18:26,,,,,,,,,,38.6399994,13.3171873,979.875,903.299988,9.66250038,1.0,,30.68,0.0,9.76,28.2093754,
2025-09-19 05:18:27+00:00,2025-09-19 05:18:27,,,,,,,,,,38.6437492,13.3171873,979.799988,903.224976,9.64999962,1.0,,30.68,0.0,9.76,28.2093754,
2025-09-19 05:18:28+00:00,2025-09-19 05:18:28,,,,,,,,,,38.6512489,13.3484373,979.650024,903.150024,9.57499981,1.0,,30.68,0.0,9.76,28.2093754,
2025-09-19 05:18:29+00:00,2025-09-19 05:18:29,,,,,,,,,,38.6512489,13.3718748,979.575012,903.150024,9.57499981,1.0,,30.68,0.0,9.76,28.21875,
2025-09-19 05:18:30+00:00,2025-09-19 05:18:30,38.0,39.0,38.0,38.0,38.0,9.94420063556446,210.0,BO_O2,O2 규칙 적용: 13.3% (>12.0%),38.6512489,13.3718748,979.5,903.150024,9.57499981,1.0,0.0,30.68,0.0,9.63,28.21875,
2025-09-19 05:18:31+00:00,2025-09-19 05:18:31,,,,,,,,,,38.6699982,13.3859377,979.349976,903.0,9.57499981,1.0,,30.68,0.0,9.63,28.03125,
2025-09-19 05:18:32+00:00,2025-09-19 05:18:32,,,,,,,,,,38.6399994,13.3937502,979.275024,903.0,9.5625,1.0,,30.68,0.0,9.63,28.03125,
2025-09-19 05:18:33+00:00,2025-09-19 05:18:33,,,,,,,,,,38.6399994,13.3937502,979.200012,902.924988,9.61250019,1.0,,30.68,0.0,9.63,28.03125,
2025-09-19 05:18:34+00:00,2025-09-19 05:18:34,,,,,,,,,,38.6737518,13.4078121,979.125,902.849976,9.66250038,1.0,,30.68,0.0,9.63,28.03125,
2025-09-19 05:18:35+00:00,2025-09-19 05:18:35,38.0,39.0,38.0,38.0,38.0,8.75570061584557,210.0,BO_O2,O2 규칙 적용: 13.4% (>12.0%),38.6474991,13.4078121,978.974976,902.849976,9.64999962,1.0,,30.68,0.0,9.63,28.03125,
2025-09-19 05:18:36+00:00,2025-09-19 05:18:36,,,,,,,,,,38.6474991,13.4203129,978.900024,902.775024,9.66250038,1.0,,30.68,0.0,9.63,28.03125,
2025-09-19 05:18:37+00:00,2025-09-19 05:18:37,,,,,,,,,,38.6549988,13.4312496,978.75,902.700012,9.66250038,1.0,,30.68,0.0,9.63,28.03125,
2025-09-19 05:18:38+00:00,2025-09-19 05:18:38,,,,,,,,,,38.6437492,13.4312496,978.674988,902.625,9.89999962,1.0,,30.68,0.0,9.63,28.03125,
2025-09-19 05:18:39+00:00,2025-09-19 05:18:39,,,,,,,,,,38.6399994,13.4468746,978.525024,902.625,9.89999962,1.0,,30.68,0.0,9.63,28.03125,
2025-09-19 05:18:40+00:00,2025-09-19 05:18:40,38.0,39.0,38.0,38.0,38.0,9.048892453961733,210.0,BO_O2,O2 규칙 적용: 13.4% (>12.0%),38.6399994,13.4671879,978.375,902.549988,9.91250038,1.0,,30.68,0.0,9.92,28.03125,
2025-09-19 05:18:41+00:00,2025-09-19 05:18:41,,,,,,,,,,38.6399994,13.4671879,978.224976,902.474976,9.91250038,1.0,,30.68,0.0,9.92,28.03125,
2025-09-19 05:18:42+00:00,2025-09-19 05:18:42,,,,,,,,,,38.6324997,13.4859371,978.150024,902.474976,9.91250038,1.0,,30.68,0.0,9.92,28.03125,
2025-09-19 05:18:43+00:00,2025-09-19 05:18:43,,,,,,,,,,38.6362495,13.4859371,978.0,902.325012,10.0749998,1.0,,30.68,0.0,9.92,28.03125,
2025-09-19 05:18:44+00:00,2025-09-19 05:18:44,,,,,,,,,,38.6624985,13.5109377,977.924988,902.325012,10.25,1.0,,30.68,0.0,9.92,28.03125,
2025-09-19 05:18:45+00:00,2025-09-19 05:18:45,38.0,39.0,38.0,38.0,38.0,10.292821022866095,210.0,BO_O2,O2 규칙 적용: 13.5% (>12.0%),38.6474991,13.5390625,977.775024,902.25,10.2375002,1.0,0.0,30.68,0.0,9.92,28.03125,
2025-09-19 05:18:46+00:00,2025-09-19 05:18:46,,,,,,,,,,38.6362495,13.5390625,977.700012,902.174988,10.25,1.0,,30.68,0.0,9.92,28.03125,
2025-09-19 05:18:47+00:00,2025-09-19 05:18:47,,,,,,,,,,38.6399994,13.578125,977.474976,902.099976,10.2375002,1.0,,30.68,0.0,9.92,28.03125,
2025-09-19 05:18:48+00:00,2025-09-19 05:18:48,,,,,,,,,,38.6324997,13.6234379,977.325012,902.025024,10.2375002,1.0,,30.68,0.0,9.92,28.03125,
2025-09-19 05:18:49+00:00,2025-09-19 05:18:49,,,,,,,,,,38.6399994,13.6234379,977.174988,901.950012,10.2375002,1.0,,30.68,0.0,9.92,28.03125,
2025-09-19 05:18:50+00:00,2025-09-19 05:18:50,38.0,39.0,38.0,38.0,38.0,10.692891929680854,210.0,BO_O2,O2 규칙 적용: 13.6% (>12.0%),38.6737518,13.671875,977.099976,901.950012,10.25,1.0,,30.68,0.0,10.33,28.03125,
2025-09-19 05:18:51+00:00,2025-09-19 05:18:51,,,,,,,,,,38.6474991,13.671875,976.875,901.875,10.25,1.0,,30.68,0.0,10.33,28.03125,
2025-09-19 05:18:52+00:00,2025-09-19 05:18:52,,,,,,,,,,38.6399994,13.7218752,976.724976,901.799988,10.25,1.0,,30.68,0.0,10.33,28.03125,
2025-09-19 05:18:53+00:00,2025-09-19 05:18:53,,,,,,,,,,38.6474991,13.7749996,976.575012,901.724976,10.1625004,1.0,,30.68,0.0,10.33,28.03125,
2025-09-19 05:18:54+00:00,2025-09-19 05:18:54,,,,,,,,,,38.6437492,13.7749996,976.424988,901.650024,10.0749998,1.0,,30.68,0.0,10.33,28.03125,
2025-09-19 05:18:55+00:00,2025-09-19 05:18:55,38.0,39.0,38.0,38.0,38.0,9.937244000807032,210.0,BO_O2,O2 규칙 적용: 13.7% (>12.0%),38.6512489,13.8328123,976.200012,901.575012,10.0749998,1.0,,30.68,0.0,10.33,28.03125,
2025-09-19 05:18:56+00:00,2025-09-19 05:18:56,,,,,,,,,,38.6624985,13.8953123,976.125,901.5,10.0749998,1.0,,30.68,0.0,10.33,28.2000008,
2025-09-19 05:18:57+00:00,2025-09-19 05:18:57,,,,,,,,,,38.6474991,13.8953123,975.974976,901.5,10.0749998,1.0,,30.68,0.0,10.33,28.21875,
2025-09-19 05:18:58+00:00,2025-09-19 05:18:58,,,,,,,,,,38.6437492,13.9593754,975.825012,901.424988,10.0749998,1.0,,30.68,0.0,10.33,28.2093754,
2025-09-19 05:18:59+00:00,2025-09-19 05:18:59,,,,,,,,,,38.6362495,13.9593754,975.599976,901.349976,10.0749998,1.0,,30.68,0.0,10.33,28.03125,
2025-09-19 05:19:00+00:00,2025-09-19 05:19:00,38.0,39.0,38.0,38.0,38.0,9.421345266952727,210.0,BO_O2,O2 규칙 적용: 13.9% (>12.0%),38.6437492,14.0234375,975.375,901.275024,10.0749998,1.0,0.0,30.68,0.0,10.1,28.03125,
2025-09-19 05:19:01+00:00,2025-09-19 05:19:01,,,,,,,,,,38.6624985,14.0749998,975.299988,901.200012,10.0749998,1.0,,30.68,0.0,10.1,28.2093754,
2025-09-19 05:19:02+00:00,2025-09-19 05:19:02,,,,,,,,,,38.6437492,14.0749998,975.075012,901.125,10.0749998,1.0,,30.68,0.0,10.1,28.2093754,
2025-09-19 05:19:03+00:00,2025-09-19 05:19:03,,,,,,,,,,38.6399994,14.1171875,974.924988,901.049988,10.125,1.0,,30.68,0.0,10.1,28.2093754,
2025-09-19 05:19:04+00:00,2025-09-19 05:19:04,,,,,,,,,,38.6549988,14.1499996,974.775024,900.974976,10.1625004,1.0,,30.68,0.0,10.1,28.21875,
2025-09-19 05:19:05+00:00,2025-09-19 05:19:05,38.0,39.0,38.0,38.0,38.0,8.8055890697216,210.0,BO_O2,O2 규칙 적용: 14.1% (>12.0%),38.6362495,14.1499996,974.549988,900.900024,10.1625004,1.0,,30.68,0.0,10.1,28.21875,
2025-09-19 05:19:06+00:00,2025-09-19 05:19:06,,,,,,,,,,38.6362495,14.1812496,974.400024,900.825012,10.1625004,1.0,,30.68,0.0,10.1,28.2093754,
2025-09-19 05:19:07+00:00,2025-09-19 05:19:07,,,,,,,,,,38.6474991,14.1812496,974.25,900.75,10.1625004,1.0,,30.68,0.0,10.1,28.2093754,
2025-09-19 05:19:08+00:00,2025-09-19 05:19:08,,,,,,,,,,38.6624985,14.2078123,974.025024,900.75,10.2375002,1.0,,30.68,0.0,10.1,28.2093754,
2025-09-19 05:19:09+00:00,2025-09-19 05:19:09,,,,,,,,,,38.6512489,14.234375,973.950012,900.599976,10.25,1.0,,30.68,0.0,10.1,28.21875,
2025-09-19 05:19:10+00:00,2025-09-19 05:19:10,38.0,39.0,38.0,38.0,38.0,8.788422564916,210.0,BO_O2,O2 규칙 적용: 14.2% (>12.0%),38.6549988,14.234375,973.724976,900.525024,10.25,1.0,,30.68,0.0,10.33,28.2093754,
2025-09-19 05:19:11+00:00,2025-09-19 05:19:11,,,,,,,,,,38.6812515,14.2593746,973.575012,900.450012,10.25,1.0,,30.68,0.0,10.33,28.2093754,
2025-09-19 05:19:12+00:00,2025-09-19 05:19:12,,,,,,,,,,38.6624985,14.2828121,973.349976,900.450012,10.2375002,1.0,,30.68,0.0,10.33,28.2093754,
2025-09-19 05:19:13+00:00,2025-09-19 05:19:13,,,,,,,,,,38.6362495,14.2828121,973.200012,900.299988,10.2875004,1.0,,30.68,0.0,10.33,28.21875,
2025-09-19 05:19:14+00:00,2025-09-19 05:19:14,,,,,,,,,,38.6662483,14.3015623,973.049988,900.299988,10.3249998,1.0,,30.68,0.0,10.33,28.21875,
2025-09-19 05:19:15+00:00,2025-09-19 05:19:15,38.0,39.0,38.0,38.0,38.0,9.882421073049777,210.0,BO_O2,O2 규칙 적용: 14.3% (>12.0%),38.6437492,14.3015623,972.900024,900.224976,10.3374996,1.0,0.0,30.68,0.0,10.33,28.2093754,
2025-09-19 05:19:16+00:00,2025-09-19 05:19:16,,,,,,,,,,38.6399994,14.3156252,972.674988,900.075012,10.3374996,1.0,,30.68,0.0,10.33,28.1062508,
2025-09-19 05:19:17+00:00,2025-09-19 05:19:17,,,,,,,,,,38.6474991,14.3265629,972.525024,900.075012,10.3374996,1.0,,30.68,0.0,10.33,28.03125,
2025-09-19 05:19:18+00:00,2025-09-19 05:19:18,,,,,,,,,,38.6474991,14.3265629,972.299988,899.924988,10.3249998,1.0,,30.68,0.0,10.33,28.2093754,
2025-09-19 05:19:19+00:00,2025-09-19 05:19:19,,,,,,,,,,38.6474991,14.3343754,972.150024,899.924988,10.3249998,1.0,,30.68,0.0,10.33,28.2093754,
2025-09-19 05:19:20+00:00,2025-09-19 05:19:20,38.0,39.0,38.0,38.0,38.0,9.86550025302944,210.0,BO_O2,O2 규칙 적용: 14.3% (>12.0%),38.6512489,14.328125,972.0,899.849976,10.3374996,1.0,,30.68,0.0,10.37,28.2093754,
2025-09-19 05:19:21+00:00,2025-09-19 05:19:21,,,,,,,,,,38.6437492,14.328125,971.849976,899.775024,10.3249998,1.0,,30.68,0.0,10.37,28.21875,
2025-09-19 05:19:22+00:00,2025-09-19 05:19:22,,,,,,,,,,38.6549988,14.3046875,971.625,899.700012,10.3374996,1.0,,30.68,0.0,10.37,28.2093754,
2025-09-19 05:19:23+00:00,2025-09-19 05:19:23,,,,,,,,,,38.6437492,14.2718754,971.474976,899.625,10.3374996,1.0,,30.68,0.0,10.37,28.03125,
2025-09-19 05:19:24+00:00,2025-09-19 05:19:24,,,,,,,,,,38.6474991,14.2718754,971.174988,899.474976,10.3249998,1.0,,30.68,0.0,10.37,28.03125,
2025-09-19 05:19:25+00:00,2025-09-19 05:19:25,38.0,39.0,38.0,38.0,38.0,9.598375999215444,210.0,BO_O2,O2 규칙 적용: 14.3% (>12.0%),38.6437492,14.2406254,971.025024,899.474976,10.3374996,1.0,,30.68,0.0,10.37,28.1906242,
2025-09-19 05:19:26+00:00,2025-09-19 05:19:26,,,,,,,,,,38.6437492,14.2406254,970.875,899.400024,10.3374996,1.0,,30.68,0.0,10.37,28.21875,
2025-09-19 05:19:27+00:00,2025-09-19 05:19:27,,,,,,,,,,38.6399994,14.2062502,970.650024,899.325012,10.3249998,1.0,,30.68,0.0,10.37,28.0406246,
2025-09-19 05:19:28+00:00,2025-09-19 05:19:28,,,,,,,,,,38.6437492,14.1703129,970.424988,899.174988,10.1625004,1.0,,30.68,0.0,10.37,28.03125,
2025-09-19 05:19:29+00:00,2025-09-19 05:19:29,,,,,,,,,,38.6399994,14.1703129,970.275024,899.099976,10.1625004,1.0,,30.68,0.0,10.37,28.03125,
2025-09-19 05:19:30+00:00,2025-09-19 05:19:30,38.0,39.0,38.0,38.0,38.0,8.849300347328512,210.0,BO_O2,O2 규칙 적용: 14.2% (>12.0%),38.6474991,14.1312504,970.125,899.025024,10.1625004,1.0,0.0,30.68,0.0,10.22,28.03125,
2025-09-19 05:19:31+00:00,2025-09-19 05:19:31,,,,,,,,,,38.6549988,14.0984373,969.900024,898.950012,10.1625004,1.0,,30.68,0.0,10.22,28.03125,
2025-09-19 05:19:32+00:00,2025-09-19 05:19:32,,,,,,,,,,38.6437492,14.0984373,969.674988,898.875,10.1499996,1.0,,30.68,0.0,10.22,28.03125,
2025-09-19 05:19:33+00:00,2025-09-19 05:19:33,,,,,,,,,,38.6512489,14.0640621,969.599976,898.799988,10.0749998,1.0,,30.68,0.0,10.22,28.03125,
2025-09-19 05:19:34+00:00,2025-09-19 05:19:34,,,,,,,,,,38.6512489,14.0640621,969.299988,898.724976,9.98750019,1.0,,30.68,0.0,10.22,28.0406246,
2025-09-19 05:19:35+00:00,2025-09-19 05:19:35,38.0,39.0,38.0,38.0,38.0,8.259169525177825,210.0,BO_O2,O2 규칙 적용: 14.1% (>12.0%),38.6474991,14.0234375,969.150024,898.650024,9.98750019,1.0,,30.68,0.0,10.22,28.03125,
2025-09-19 05:19:36+00:00,2025-09-19 05:19:36,,,,,,,,,,38.6399994,13.9812498,969.0,898.575012,9.98750019,1.0,,30.68,0.0,10.22,28.03125,
2025-09-19 05:19:37+00:00,2025-09-19 05:19:37,,,,,,,,,,38.6474991,13.9812498,968.849976,898.5,9.98750019,1.0,,30.68,0.0,10.22,28.0406246,
2025-09-19 05:19:38+00:00,2025-09-19 05:19:38,,,,,,,,,,38.6474991,13.9343748,968.625,898.349976,9.98750019,1.0,,30.68,0.0,10.22,28.03125,
2025-09-19 05:19:39+00:00,2025-09-19 05:19:39,,,,,,,,,,38.6437492,13.8718748,968.474976,898.349976,9.98750019,1.0,,30.68,0.0,10.22,28.03125,
2025-09-19 05:19:40+00:00,2025-09-19 05:19:40,38.0,39.0,38.0,38.0,38.0,8.37877988544817,210.0,BO_O2,O2 규칙 적용: 14.0% (>12.0%),38.6437492,13.8718748,968.325012,898.200012,9.98750019,1.0,,30.68,0.0,10.03,28.03125,
2025-09-19 05:19:41+00:00,2025-09-19 05:19:41,,,,,,,,,,38.6399994,13.796875,968.099976,898.125,9.98750019,1.0,,30.68,0.0,10.03,28.0406246,
2025-09-19 05:19:42+00:00,2025-09-19 05:19:42,,,,,,,,,,38.6362495,13.796875,967.950012,898.125,9.98750019,1.0,,30.68,0.0,10.03,28.03125,
2025-09-19 05:19:43+00:00,2025-09-19 05:19:43,,,,,,,,,,38.6362495,13.7078123,967.799988,897.974976,9.98750019,1.0,,30.68,0.0,10.03,28.03125,
2025-09-19 05:19:44+00:00,2025-09-19 05:19:44,,,,,,,,,,38.6437492,13.6125002,967.650024,897.900024,9.98750019,1.0,,30.68,0.0,10.03,28.03125,
2025-09-19 05:19:45+00:00,2025-09-19 05:19:45,38.0,39.0,38.0,38.0,38.0,8.514230254941245,210.0,BO_O2,O2 규칙 적용: 13.8% (>12.0%),38.6362495,13.6125002,967.5,897.825012,9.98750019,1.0,0.0,30.68,0.0,10.03,28.0406246,
2025-09-19 05:19:46+00:00,2025-09-19 05:19:46,,,,,,,,,,38.6474991,13.5062504,967.349976,897.674988,10.0,1.0,,30.68,0.0,10.03,28.03125,
2025-09-19 05:19:47+00:00,2025-09-19 05:19:47,,,,,,,,,,38.6437492,13.3874998,967.275024,897.674988,9.98750019,1.0,,30.68,0.0,10.03,28.03125,
2025-09-19 05:19:48+00:00,2025-09-19 05:19:48,,,,,,,,,,38.6549988,13.3874998,967.125,897.525024,9.98750019,1.0,,30.68,0.0,10.03,28.1531258,
2025-09-19 05:19:49+00:00,2025-09-19 05:19:49,,,,,,,,,,38.6399994,13.28125,966.974976,897.450012,10.0,1.0,,30.68,0.0,10.03,28.2093754,
2025-09-19 05:19:50+00:00,2025-09-19 05:19:50,38.0,39.0,38.0,38.0,38.0,8.707135044942799,210.0,BO_O2,O2 규칙 적용: 13.4% (>12.0%),38.6474991,13.28125,966.825012,897.375,9.98750019,1.0,,30.68,0.0,10.01,28.21875,
2025-09-19 05:19:51+00:00,2025-09-19 05:19:51,,,,,,,,,,38.6549988,13.1828127,966.75,897.299988,9.98750019,1.0,,30.68,0.0,10.01,28.03125,
2025-09-19 05:19:52+00:00,2025-09-19 05:19:52,,,,,,,,,,38.6549988,13.0765629,966.599976,897.150024,9.98750019,1.0,,30.68,0.0,10.01,28.03125,
2025-09-19 05:19:53+00:00,2025-09-19 05:19:53,,,,,,,,,,38.6512489,13.0765629,966.525024,897.150024,9.98750019,1.0,,30.68,0.0,10.01,28.2093754,
2025-09-19 05:19:54+00:00,2025-09-19 05:19:54,,,,,,,,,,38.6399994,12.9593754,966.450012,897.0,9.98750019,1.0,,30.68,0.0,10.01,28.21875,
2025-09-19 05:19:55+00:00,2025-09-19 05:19:55,38.0,39.0,38.0,38.0,38.0,9.868961155800152,210.0,BO_O2,O2 규칙 적용: 13.1% (>12.0%),38.6549988,12.8359375,966.375,896.924988,9.98750019,1.0,,30.68,0.0,10.01,28.2093754,
2025-09-19 05:19:56+00:00,2025-09-19 05:19:56,,,,,,,,,,38.6437492,12.8359375,966.299988,896.849976,9.98750019,1.0,,30.68,0.0,10.01,28.2093754,
2025-09-19 05:19:57+00:00,2025-09-19 05:19:57,,,,,,,,,,38.6399994,12.7156248,966.150024,896.775024,9.98750019,1.0,,30.68,0.0,10.01,28.2093754,
2025-09-19 05:19:58+00:00,2025-09-19 05:19:58,,,,,,,,,,38.6437492,12.7156248,966.075012,896.700012,9.91250038,1.0,,30.68,0.0,10.01,28.21875,
2025-09-19 05:19:59+00:00,2025-09-19 05:19:59,,,,,,,,,,38.6362495,12.5921879,966.075012,896.625,9.91250038,1.0,,30.68,0.0,10.01,28.2093754,
2025-09-19 05:20:00+00:00,2025-09-19 05:20:00,38.0,39.0,38.0,38.0,38.0,9.229062768405136,210.0,BO_O2,O2 규칙 적용: 12.8% (>12.0%),38.6362495,12.4640627,966.0,896.474976,9.91250038,1.0,0.0,30.68,0.0,9.98,28.2093754,
2025-09-19 05:20:01+00:00,2025-09-19 05:20:01,,,,,,,,,,38.6549988,12.4640627,966.0,896.474976,9.91250038,1.0,,30.68,0.0,9.98,28.21875,
2025-09-19 05:20:02+00:00,2025-09-19 05:20:02,,,,,,,,,,38.6437492,12.3312502,965.924988,896.400024,9.89999962,1.0,,30.68,0.0,9.98,28.21875,
2025-09-19 05:20:03+00:00,2025-09-19 05:20:03,,,,,,,,,,38.6474991,12.1906252,965.849976,896.325012,9.91250038,1.0,,30.68,0.0,9.98,28.2093754,
2025-09-19 05:20:04+00:00,2025-09-19 05:20:04,,,,,,,,,,38.6512489,12.1906252,965.849976,896.25,9.91250038,1.0,,30.68,0.0,9.98,28.2093754,
2025-09-19 05:20:05+00:00,2025-09-19 05:20:05,38.0,39.0,38.0,38.0,38.0,9.291982703844408,210.0,BO_O2,O2 규칙 적용: 12.3% (>12.0%),38.6399994,12.0328121,965.775024,896.099976,9.89999962,1.0,,30.68,0.0,9.98,28.2093754,
2025-09-19 05:20:06+00:00,2025-09-19 05:20:06,,,,,,,,,,38.6474991,12.0328121,965.775024,896.025024,9.91250038,1.0,,30.68,0.0,9.98,28.2093754,
2025-09-19 05:20:07+00:00,2025-09-19 05:20:07,,,,,,,,,,38.6512489,11.859375,965.775024,895.950012,9.91250038,1.0,,30.68,0.0,9.98,28.2093754,
2025-09-19 05:20:08+00:00,2025-09-19 05:20:08,,,,,,,,,,38.6512489,11.6875,965.775024,895.875,9.82499981,1.0,,30.68,0.0,9.98,28.2093754,
2025-09-19 05:20:09+00:00,2025-09-19 05:20:09,,,,,,,,,,38.6437492,11.6875,965.775024,895.799988,9.82499981,1.0,,30.68,0.0,9.98,28.21875,
2025-09-19 05:20:10+00:00,2025-09-19 05:20:10,38.0,39.0,39.0,38.0,38.0,9.348400911242315,305.0,BO_O2_RULE,제어매트릭스 규칙 적용: O2_HIGH,38.6437492,11.5343752,965.775024,895.724976,9.82499981,1.0,,30.68,0.0,9.82,28.2093754,
2025-09-19 05:20:11+00:00,2025-09-19 05:20:11,,,,,,,,,,38.6437492,11.3968754,965.775024,895.650024,9.82499981,1.0,,30.68,0.0,9.82,28.2093754,
2025-09-19 05:20:12+00:00,2025-09-19 05:20:12,,,,,,,,,,38.6437492,11.3968754,965.775024,895.575012,9.82499981,1.0,,30.68,0.0,9.82,28.2093754,
2025-09-19 05:20:13+00:00,2025-09-19 05:20:13,,,,,,,,,,38.6399994,11.2531252,965.775024,895.5,9.57499981,1.0,,30.68,0.0,9.82,28.03125,
2025-09-19 05:20:14+00:00,2025-09-19 05:20:14,,,,,,,,,,38.6624985,11.2531252,965.775024,895.424988,9.57499981,1.0,,30.68,0.0,9.82,28.03125,
2025-09-19 05:20:15+00:00,2025-09-19 05:20:15,38.0,39.0,39.0,38.0,38.0,8.598015634095457,305.0,BO_O2_RULE,제어매트릭스 규칙 적용: O2_HIGH,38.6737518,11.1078129,965.849976,895.349976,9.5625,1.0,0.0,30.68,0.0,9.82,28.03125,
2025-09-19 05:20:16+00:00,2025-09-19 05:20:16,,,,,,,,,,38.6362495,10.984375,965.849976,895.275024,9.57499981,1.0,,30.68,0.0,9.82,28.171875,
2025-09-19 05:20:17+00:00,2025-09-19 05:20:17,,,,,,,,,,38.6399994,10.984375,965.849976,895.200012,9.57499981,1.0,,30.68,0.0,9.82,28.2093754,
2025-09-19 05:20:18+00:00,2025-09-19 05:20:18,,,,,,,,,,38.6437492,10.8734379,965.849976,895.125,8.92500019,1.0,,30.68,0.0,9.82,28.21875,
2025-09-19 05:20:19+00:00,2025-09-19 05:20:19,,,,,,,,,,38.6549988,10.7734375,965.924988,895.049988,8.89999962,1.0,,30.68,0.0,9.82,28.03125,
2025-09-19 05:20:20+00:00,2025-09-19 05:20:20,38.0,39.0,39.0,38.0,38.0,7.47921738586179,305.0,BO_O2_RULE,제어매트릭스 규칙 적용: O2_HIGH,38.6512489,10.7734375,965.924988,894.974976,8.89999962,1.0,,30.68,0.0,9.82,28.03125,
2025-09-19 05:20:21+00:00,2025-09-19 05:20:21,,,,,,,,,,38.6399994,10.6781254,966.0,894.900024,8.89999962,1.0,,30.68,0.0,9.82,28.03125,
2025-09-19 05:20:22+00:00,2025-09-19 05:20:22,,,,,,,,,,38.6399994,10.6781254,966.0,894.825012,8.89999962,1.0,,30.68,0.0,8.95,28.03125,
2025-09-19 05:20:23+00:00,2025-09-19 05:20:23,,,,,,,,,,38.6699982,10.5906248,966.0,894.75,8.39999962,1.0,,30.68,0.0,8.95,28.1062508,
2025-09-19 05:20:24+00:00,2025-09-19 05:20:24,,,,,,,,,,38.6474991,10.5140629,966.075012,894.674988,8.38749981,1.0,,30.68,0.0,8.95,28.03125,
2025-09-19 05:20:25+00:00,2025-09-19 05:20:25,38.0,39.0,39.0,38.0,38.0,6.1287618498482175,305.0,BO_O2_RULE,제어매트릭스 규칙 적용: O2_HIGH,38.6512489,10.5140629,966.075012,894.599976,8.38749981,1.0,,30.68,0.0,8.95,28.03125,
2025-09-19 05:20:26+00:00,2025-09-19 05:20:26,,,,,,,,,,38.6437492,10.4484377,966.150024,894.525024,8.39999962,1.0,,30.68,0.0,8.95,28.03125,
2025-09-19 05:20:27+00:00,2025-09-19 05:20:27,,,,,,,,,,38.6399994,10.4015627,966.224976,894.450012,8.39999962,1.0,,30.68,0.0,8.95,28.03125,
2025-09-19 05:20:28+00:00,2025-09-19 05:20:28,,,,,,,,,,38.6362495,10.4015627,966.299988,894.375,7.98750019,1.0,,30.68,0.0,8.95,28.03125,
2025-09-19 05:20:29+00:00,2025-09-19 05:20:29,,,,,,,,,,38.6362495,10.3640623,966.299988,894.375,7.9749999,1.0,,30.68,0.0,8.95,28.03125,
2025-09-19 05:20:30+00:00,2025-09-19 05:20:30,38.0,39.0,39.0,38.0,38.0,5.405096261664682,305.0,BO_O2_RULE,제어매트릭스 규칙 적용: O2_HIGH,38.6512489,10.3312502,966.375,894.299988,7.9749999,1.0,0.0,30.68,0.0,8.03,28.03125,
2025-09-19 05:20:31+00:00,2025-09-19 05:20:31,,,,,,,,,,38.6437492,10.3312502,966.450012,894.224976,7.9749999,1.0,,30.68,0.0,8.03,28.03125,
2025-09-19 05:20:32+00:00,2025-09-19 05:20:32,,,,,,,,,,38.6399994,10.3062496,966.450012,894.150024,7.9749999,1.0,,30.68,0.0,8.03,28.03125,
2025-09-19 05:20:33+00:00,2025-09-19 05:20:33,,,,,,,,,,38.6362495,10.3062496,966.450012,894.075012,8.22500038,1.0,,30.68,0.0,8.03,28.03125,
2025-09-19 05:20:34+00:00,2025-09-19 05:20:34,,,,,,,,,,38.6399994,10.296875,966.599976,894.0,8.22500038,1.0,,30.68,0.0,8.03,28.03125,
2025-09-19 05:20:35+00:00,2025-09-19 05:20:35,38.0,39.0,39.0,38.0,38.0,5.287191467058949,305.0,BO_O2_RULE,제어매트릭스 규칙 적용: O2_HIGH,38.6324997,10.3046875,966.674988,893.924988,8.22500038,1.0,,30.68,0.0,8.03,28.2093754,
2025-09-19 05:20:36+00:00,2025-09-19 05:20:36,,,,,,,,,,38.6474991,10.3046875,966.75,893.849976,8.22500038,1.0,,30.68,0.0,8.03,28.2093754,
2025-09-19 05:20:37+00:00,2025-09-19 05:20:37,,,,,,,,,,38.6399994,10.3203125,966.75,893.849976,8.22500038,1.0,,30.68,0.0,8.03,28.0406246,
2025-09-19 05:20:38+00:00,2025-09-19 05:20:38,,,,,,,,,,38.6512489,10.3343754,966.825012,893.775024,8.0625,1.0,,30.68,0.0,8.03,28.03125,
2025-09-19 05:20:39+00:00,2025-09-19 05:20:39,,,,,,,,,,38.6437492,10.3343754,966.900024,893.700012,8.0625,1.0,,30.68,0.0,8.03,28.1156254,
2025-09-19 05:20:40+00:00,2025-09-19 05:20:40,38.0,39.0,39.0,38.0,38.0,5.996542022148534,305.0,BO_O2_RULE,제어매트릭스 규칙 적용: O2_HIGH,38.6324997,10.3484373,966.974976,893.625,8.05000019,1.0,,30.68,0.0,8.06,28.2093754,
2025-09-19 05:20:41+00:00,2025-09-19 05:20:41,,,,,,,,,,38.6399994,10.3484373,967.049988,893.625,8.05000019,1.0,,30.68,0.0,8.06,28.21875,
2025-09-19 05:20:42+00:00,2025-09-19 05:20:42,,,,,,,,,,38.6362495,10.3531246,967.049988,893.549988,8.05000019,1.0,,30.68,0.0,8.06,28.21875,
2025-09-19 05:20:43+00:00,2025-09-19 05:20:43,,,,,,,,,,38.6399994,10.3515625,967.125,893.400024,7.88749981,1.0,,30.68,0.0,8.06,28.21875,
2025-09-19 05:20:44+00:00,2025-09-19 05:20:44,,,,,,,,,,38.6362495,10.3515625,967.200012,893.400024,7.88749981,1.0,,30.68,0.0,8.06,28.2093754,
2025-09-19 05:20:45+00:00,2025-09-19 05:20:45,38.0,39.0,39.0,38.0,38.0,7.310450817733879,305.0,BO_O2_RULE,제어매트릭스 규칙 적용: O2_HIGH,38.6437492,10.3671875,967.275024,893.325012,7.88749981,1.0,0.0,30.68,0.0,8.06,28.2093754,
2025-09-19 05:20:46+00:00,2025-09-19 05:20:46,,,,,,,,,,38.6512489,10.3796873,967.275024,893.325012,7.9000001,1.0,,30.68,0.0,8.06,28.2093754,
2025-09-19 05:20:47+00:00,2025-09-19 05:20:47,,,,,,,,,,38.6362495,10.3796873,967.424988,893.174988,7.88749981,1.0,,30.68,0.0,8.06,28.21875,
2025-09-19 05:20:48+00:00,2025-09-19 05:20:48,,,,,,,,,,38.6474991,10.3921871,967.5,893.174988,7.88749981,1.0,,30.68,0.0,8.06,28.2093754,
2025-09-19 05:20:49+00:00,2025-09-19 05:20:49,,,,,,,,,,38.6474991,10.3921871,967.5,893.099976,7.9000001,1.0,,30.68,0.0,8.06,28.2093754,
2025-09-19 05:20:50+00:00,2025-09-19 05:20:50,38.0,39.0,39.0,38.0,38.0,7.1982724830132705,305.0,BO_O2_RULE,제어매트릭스 규칙 적용: O2_HIGH,38.6699982,10.4109373,967.575012,893.099976,7.9000001,1.0,,30.68,0.0,7.94,28.2093754,
2025-09-19 05:20:51+00:00,2025-09-19 05:20:51,,,,,,,,,,38.6362495,10.4250002,967.650024,893.025024,7.88749981,1.0,,30.68,0.0,7.94,28.2093754,
2025-09-19 05:20:52+00:00,2025-09-19 05:20:52,,,,,,,,,,38.6437492,10.4250002,967.724976,892.950012,7.88749981,1.0,,30.68,0.0,7.94,28.2093754,
2025-09-19 05:20:53+00:00,2025-09-19 05:20:53,,,,,,,,,,38.6549988,10.4406252,967.724976,892.875,8.0625,1.0,,30.68,0.0,7.94,28.2374992,
2025-09-19 05:20:54+00:00,2025-09-19 05:20:54,,,,,,,,,,38.6324997,10.4609375,967.799988,892.875,8.0625,1.0,,30.68,0.0,7.94,28.21875,
2025-09-19 05:20:55+00:00,2025-09-19 05:20:55,38.0,39.0,39.0,38.0,38.0,7.677360557134982,305.0,BO_O2_RULE,제어매트릭스 규칙 적용: O2_HIGH,38.6512489,10.4609375,967.875,892.799988,8.05000019,1.0,,30.68,0.0,7.94,28.21875,
2025-09-19 05:20:56+00:00,2025-09-19 05:20:56,,,,,,,,,,38.6474991,10.4796877,967.950012,892.724976,8.0625,1.0,,30.68,0.0,7.94,28.2093754,
2025-09-19 05:20:57+00:00,2025-09-19 05:20:57,,,,,,,,,,38.6362495,10.4796877,967.950012,892.650024,8.0625,1.0,,30.68,0.0,7.94,28.2093754,
2025-09-19 05:20:58+00:00,2025-09-19 05:20:58,,,,,,,,,,38.6474991,10.4937496,968.025024,892.724976,8.13749981,1.0,,30.68,0.0,7.94,28.21875,
2025-09-19 05:20:59+00:00,2025-09-19 05:20:59,,,,,,,,,,38.6437492,10.5078125,968.099976,892.575012,8.14999962,1.0,,30.68,0.0,7.94,28.21875,
2025-09-19 05:21:00+00:00,2025-09-19 05:21:00,38.0,39.0,39.0,38.0,38.0,8.881261414616988,305.0,BO_O2_RULE,제어매트릭스 규칙 적용: O2_HIGH,38.6624985,10.5078125,968.099976,892.575012,8.14999962,1.0,0.0,30.68,0.0,8.21,28.2093754,
2025-09-19 05:21:01+00:00,2025-09-19 05:21:01,,,,,,,,,,38.6512489,10.5265627,968.174988,892.5,8.14999962,1.0,,30.68,0.0,8.21,28.2093754,
2025-09-19 05:21:02+00:00,2025-09-19 05:21:02,,,,,,,,,,38.6399994,10.5500002,968.25,892.5,8.14999962,1.0,,30.68,0.0,8.21,28.21875,
2025-09-19 05:21:03+00:00,2025-09-19 05:21:03,,,,,,,,,,38.6437492,10.5500002,968.325012,892.424988,8.22500038,1.0,,30.68,0.0,8.21,28.21875,
2025-09-19 05:21:04+00:00,2025-09-19 05:21:04,,,,,,,,,,38.6512489,10.5734377,968.325012,892.424988,8.22500038,1.0,,30.68,0.0,8.21,28.2093754,
2025-09-19 05:21:05+00:00,2025-09-19 05:21:05,38.0,39.0,39.0,38.0,38.0,9.318350411365731,305.0,BO_O2_RULE,제어매트릭스 규칙 적용: O2_HIGH,38.6512489,10.5734377,968.325012,892.349976,8.22500038,1.0,,30.68,0.0,8.21,28.2093754,
2025-09-19 05:21:06+00:00,2025-09-19 05:21:06,,,,,,,,,,38.6474991,10.5921879,968.400024,892.275024,8.22500038,1.0,,30.68,0.0,8.21,28.21875,
2025-09-19 05:21:07+00:00,2025-09-19 05:21:07,,,,,,,,,,38.6399994,10.6078129,968.474976,892.275024,8.22500038,1.0,,30.68,0.0,8.21,28.21875,
2025-09-19 05:21:08+00:00,2025-09-19 05:21:08,,,,,,,,,,38.6512489,10.6078129,968.549988,892.200012,8.5625,1.0,,30.68,0.0,8.21,28.2093754,
2025-09-19 05:21:09+00:00,2025-09-19 05:21:09,,,,,,,,,,38.6512489,10.6234379,968.625,892.200012,8.57499981,1.0,,30.68,0.0,8.21,28.2093754,
2025-09-19 05:21:10+00:00,2025-09-19 05:21:10,38.0,39.0,39.0,38.0,38.0,10.223856585520004,305.0,BO_O2_RULE,제어매트릭스 규칙 적용: O2_HIGH,38.6437492,10.640625,968.700012,892.125,8.5625,1.0,,30.68,0.0,8.59,28.21875,
2025-09-19 05:21:11+00:00,2025-09-19 05:21:11,,,,,,,,,,38.6474991,10.640625,968.700012,892.049988,8.5625,1.0,,30.68,0.0,8.59,28.2093754,
2025-09-19 05:21:12+00:00,2025-09-19 05:21:12,,,,,,,,,,38.6399994,10.6671877,968.775024,891.974976,8.5625,1.0,,30.68,0.0,8.59,28.2093754,
2025-09-19 05:21:13+00:00,2025-09-19 05:21:13,,,,,,,,,,38.6324997,10.6671877,968.775024,891.974976,8.64999962,1.0,,30.68,0.0,8.59,28.2093754,
2025-09-19 05:21:14+00:00,2025-09-19 05:21:14,,,,,,,,,,38.6399994,10.6859379,968.849976,891.974976,8.64999962,1.0,,30.68,0.0,8.59,28.0406246,
2025-09-19 05:21:15+00:00,2025-09-19 05:21:15,38.0,39.0,39.0,38.0,38.0,10.31671574809135,305.0,BO_O2_RULE,제어매트릭스 규칙 적용: O2_HIGH,38.6512489,10.7124996,968.849976,891.900024,8.64999962,1.0,0.0,30.68,0.0,8.59,28.03125,
2025-09-19 05:21:16+00:00,2025-09-19 05:21:16,,,,,,,,,,38.6474991,10.7124996,968.849976,891.900024,8.64999962,1.0,,30.68,0.0,8.59,28.03125,
2025-09-19 05:21:17+00:00,2025-09-19 05:21:17,,,,,,,,,,38.6474991,10.7421875,968.924988,891.900024,8.64999962,1.0,,30.68,0.0,8.59,28.1812496,
2025-09-19 05:21:18+00:00,2025-09-19 05:21:18,,,,,,,,,,38.6324997,10.7718754,969.0,891.75,9.07499981,1.0,,30.68,0.0,8.59,28.0499992,
2025-09-19 05:21:19+00:00,2025-09-19 05:21:19,,,,,,,,,,38.6474991,10.7718754,969.075012,891.75,9.07499981,1.0,,30.68,0.0,8.59,28.03125,
2025-09-19 05:21:20+00:00,2025-09-19 05:21:20,38.0,39.0,39.0,38.0,38.0,10.719849044723304,305.0,BO_O2_RULE,제어매트릭스 규칙 적용: O2_HIGH,38.6512489,10.8000002,969.075012,891.674988,9.07499981,1.0,,30.68,0.0,9.08,28.03125,
2025-09-19 05:21:21+00:00,2025-09-19 05:21:21,,,,,,,,,,38.6474991,10.8000002,969.150024,891.674988,9.0625,1.0,,30.68,0.0,9.08,28.03125,
2025-09-19 05:21:22+00:00,2025-09-19 05:21:22,,,,,,,,,,38.6399994,10.8171873,969.150024,891.674988,9.07499981,1.0,,30.68,0.0,9.08,28.03125,
2025-09-19 05:21:23+00:00,2025-09-19 05:21:23,,,,,,,,,,38.6437492,10.8249998,969.150024,891.599976,9.23750019,1.0,,30.68,0.0,9.08,28.125,
2025-09-19 05:21:24+00:00,2025-09-19 05:21:24,,,,,,,,,,38.6362495,10.8249998,969.224976,891.599976,9.23750019,1.0,,30.68,0.0,9.08,28.2093754,
2025-09-19 05:21:25+00:00,2025-09-19 05:21:25,38.0,39.0,39.0,38.0,38.0,11.552799919408463,305.0,BO_O2_RULE,제어매트릭스 규칙 적용: O2_HIGH,38.6362495,10.8312502,969.299988,891.599976,9.23750019,1.0,,30.68,0.0,9.08,28.2093754,
2025-09-19 05:21:26+00:00,2025-09-19 05:21:26,,,,,,,,,,38.6399994,10.8406248,969.299988,891.525024,9.23750019,1.0,,30.68,0.0,9.08,28.0499992,
2025-09-19 05:21:27+00:00,2025-09-19 05:21:27,,,,,,,,,,38.6324997,10.8406248,969.299988,891.450012,9.25,1.0,,30.68,0.0,9.08,28.03125,
2025-09-19 05:21:28+00:00,2025-09-19 05:21:28,,,,,,,,,,38.6399994,10.8562498,969.375,891.450012,9.57499981,1.0,,30.68,0.0,9.08,28.2000008,
2025-09-19 05:21:29+00:00,2025-09-19 05:21:29,,,,,,,,,,38.6399994,10.8562498,969.450012,891.450012,9.57499981,1.0,,30.68,0.0,9.08,28.21875,
2025-09-19 05:21:30+00:00,2025-09-19 05:21:30,38.0,39.0,39.0,38.0,38.0,11.65443122003811,305.0,BO_O2_RULE,제어매트릭스 규칙 적용: O2_HIGH,38.6399994,10.8687496,969.450012,891.375,9.57499981,1.0,0.0,30.68,0.0,9.6,28.2093754,
2025-09-19 05:21:31+00:00,2025-09-19 05:21:31,,,,,,,,,,38.6399994,10.8718748,969.525024,891.375,9.57499981,1.0,,30.68,0.0,9.6,28.21875,
2025-09-19 05:21:32+00:00,2025-09-19 05:21:32,,,,,,,,,,38.6399994,10.8718748,969.599976,891.299988,9.57499981,1.0,,30.68,0.0,9.6,28.2093754,
2025-09-19 05:21:33+00:00,2025-09-19 05:21:33,,,,,,,,,,38.6512489,10.8812504,969.599976,891.299988,9.66250038,1.0,,30.68,0.0,9.6,28.21875,
2025-09-19 05:21:34+00:00,2025-09-19 05:21:34,,,,,,,,,,38.6399994,10.8843746,969.599976,891.224976,9.64999962,1.0,,30.68,0.0,9.6,28.21875,
2025-09-19 05:21:35+00:00,2025-09-19 05:21:35,38.0,39.0,39.0,38.0,38.0,11.677695934898967,305.0,BO_O2_RULE,제어매트릭스 규칙 적용: O2_HIGH,38.6362495,10.8843746,969.599976,891.224976,9.66250038,1.0,,30.68,0.0,9.6,28.21875,
2025-09-19 05:21:36+00:00,2025-09-19 05:21:36,,,,,,,,,,38.6512489,10.8874998,969.674988,891.224976,9.66250038,1.0,,30.68,0.0,9.6,28.2093754,
2025-09-19 05:21:37+00:00,2025-09-19 05:21:37,,,,,,,,,,38.6399994,10.8921871,969.674988,891.224976,9.66250038,1.0,,30.68,0.0,9.6,28.2093754,
2025-09-19 05:21:38+00:00,2025-09-19 05:21:38,,,,,,,,,,38.6362495,10.8921871,969.75,891.150024,9.91250038,1.0,,30.68,0.0,9.6,28.2093754,
2025-09-19 05:21:39+00:00,2025-09-19 05:21:39,,,,,,,,,,38.6399994,10.8984375,969.825012,891.150024,9.91250038,1.0,,30.68,0.0,9.6,28.21875,
2025-09-19 05:21:40+00:00,2025-09-19 05:21:40,38.0,39.0,39.0,38.0,38.0,11.627430257402763,305.0,BO_O2_RULE,제어매트릭스 규칙 적용: O2_HIGH,38.6362495,10.8984375,969.900024,891.075012,9.91250038,1.0,,30.68,0.0,9.95,28.2093754,
2025-09-19 05:21:41+00:00,2025-09-19 05:21:41,,,,,,,,,,38.6474991,10.8999996,969.825012,891.075012,9.91250038,1.0,,30.68,0.0,9.95,28.2093754,
2025-09-19 05:21:42+00:00,2025-09-19 05:21:42,,,,,,,,,,38.6474991,10.8999996,969.900024,891.0,9.91250038,1.0,,30.68,0.0,9.95,28.21875,
2025-09-19 05:21:43+00:00,2025-09-19 05:21:43,,,,,,,,,,38.6512489,10.8999996,969.900024,891.0,10.3374996,1.0,,30.68,0.0,9.95,28.21875,
2025-09-19 05:21:44+00:00,2025-09-19 05:21:44,,,,,,,,,,38.6437492,10.9031248,969.974976,890.924988,10.3249998,1.0,,30.68,0.0,9.95,28.2093754,
2025-09-19 05:21:45+00:00,2025-09-19 05:21:45,38.0,39.0,39.0,38.0,38.0,11.678734844183847,305.0,BO_O2_RULE,제어매트릭스 규칙 적용: O2_HIGH,38.6362495,10.90625,969.974976,890.924988,10.3249998,1.0,0.0,30.68,0.0,9.95,28.2093754,
2025-09-19 05:21:46+00:00,2025-09-19 05:21:46,,,,,,,,,,38.6549988,10.90625,970.049988,890.924988,10.3374996,1.0,,30.68,0.0,9.95,28.21875,
2025-09-19 05:21:47+00:00,2025-09-19 05:21:47,,,,,,,,,,38.6437492,10.90625,970.049988,890.849976,10.3249998,1.0,,30.68,0.0,9.95,28.21875,
2025-09-19 05:21:48+00:00,2025-09-19 05:21:48,,,,,,,,,,38.6587486,10.90625,970.125,890.849976,10.6625004,1.0,,30.68,0.0,9.95,28.2093754,
2025-09-19 05:21:49+00:00,2025-09-19 05:21:49,,,,,,,,,,38.6474991,10.9015627,970.125,890.849976,10.6625004,1.0,,30.68,0.0,9.95,28.2093754,
2025-09-19 05:21:50+00:00,2025-09-19 05:21:50,38.0,39.0,39.0,38.0,38.0,11.582396014173288,305.0,BO_O2_RULE,제어매트릭스 규칙 적용: O2_HIGH,38.6474991,10.8999996,970.200012,890.775024,10.6750002,1.0,,30.68,0.0,10.74,28.21875,
2025-09-19 05:21:51+00:00,2025-09-19 05:21:51,,,,,,,,,,38.6399994,10.8999996,970.275024,890.775024,10.6625004,1.0,,30.68,0.0,10.74,28.21875,
2025-09-19 05:21:52+00:00,2025-09-19 05:21:52,,,,,,,,,,38.6399994,10.9015627,970.275024,890.775024,10.6625004,1.0,,30.68,0.0,10.74,28.2093754,
2025-09-19 05:21:53+00:00,2025-09-19 05:21:53,,,,,,,,,,38.6437492,10.8968754,970.349976,890.775024,10.9250002,1.0,,30.68,0.0,10.74,28.2093754,
2025-09-19 05:21:54+00:00,2025-09-19 05:21:54,,,,,,,,,,38.6512489,10.8968754,970.349976,890.700012,10.9250002,1.0,,30.68,0.0,10.74,28.21875,
2025-09-19 05:21:55+00:00,2025-09-19 05:21:55,38.0,39.0,39.0,38.0,38.0,11.559247751910315,305.0,BO_O2_RULE,제어매트릭스 규칙 적용: O2_HIGH,38.6474991,10.8984375,970.349976,890.700012,10.9250002,1.0,,30.68,0.0,10.74,28.2093754,
2025-09-19 05:21:56+00:00,2025-09-19 05:21:56,,,,,,,,,,38.6437492,10.8984375,970.424988,890.700012,10.9250002,1.0,,30.68,0.0,10.74,28.2093754,
2025-09-19 05:21:57+00:00,2025-09-19 05:21:57,,,,,,,,,,38.6437492,10.9125004,970.5,890.700012,10.9250002,1.0,,30.68,0.0,10.74,28.2093754,
2025-09-19 05:21:58+00:00,2025-09-19 05:21:58,,,,,,,,,,38.6362495,10.9203129,970.5,890.700012,11.5124998,1.0,,30.68,0.0,10.74,28.21875,
2025-09-19 05:21:59+00:00,2025-09-19 05:21:59,,,,,,,,,,38.6512489,10.9203129,970.575012,890.625,11.5124998,1.0,,30.68,0.0,10.74,28.2093754,
2025-09-19 05:22:00+00:00,2025-09-19 05:22:00,38.0,39.0,39.0,38.0,38.0,12.083714263889734,305.0,BO_O2_RULE,제어매트릭스 규칙 적용: O2_HIGH,38.6437492,10.9281254,970.575012,890.625,11.5124998,1.0,0.0,30.68,0.0,11.54,28.2093754,
2025-09-19 05:22:01+00:00,2025-09-19 05:22:01,,,,,,,,,,38.6437492,10.9359379,970.650024,890.549988,11.5124998,1.0,,30.68,0.0,11.54,28.2093754,
2025-09-19 05:22:02+00:00,2025-09-19 05:22:02,,,,,,,,,,38.6512489,10.9359379,970.650024,890.549988,11.5124998,1.0,,30.68,0.0,11.54,28.2093754,
2025-09-19 05:22:03+00:00,2025-09-19 05:22:03,,,,,,,,,,38.6399994,10.9406252,970.650024,890.549988,11.6875,1.0,,30.68,0.0,11.54,28.0406246,
2025-09-19 05:22:04+00:00,2025-09-19 05:22:04,,,,,,,,,,38.6474991,10.9406252,970.799988,890.474976,11.6875,1.0,,30.68,0.0,11.54,28.03125,
2025-09-19 05:22:05+00:00,2025-09-19 05:22:05,38.0,39.0,39.0,38.0,38.0,12.15939755402338,305.0,BO_O2_RULE,제어매트릭스 규칙 적용: O2_HIGH,38.6362495,10.9406252,970.799988,890.474976,11.6875,1.0,,30.68,0.0,11.54,28.125,
2025-09-19 05:22:06+00:00,2025-09-19 05:22:06,,,,,,,,,,38.6324997,10.9390621,970.799988,890.474976,11.6875,1.0,,30.68,0.0,11.54,28.21875,
2025-09-19 05:22:07+00:00,2025-09-19 05:22:07,,,,,,,,,,38.6474991,10.9390621,970.875,890.474976,11.7124996,1.0,,30.68,0.0,11.54,28.2093754,
2025-09-19 05:22:08+00:00,2025-09-19 05:22:08,,,,,,,,,,38.6324997,10.9343748,970.875,890.474976,12.0249996,1.0,,30.68,0.0,11.54,28.2093754,
2025-09-19 05:22:09+00:00,2025-09-19 05:22:09,,,,,,,,,,38.6399994,10.9296875,970.875,890.474976,12.0249996,1.0,,30.68,0.0,11.54,28.1625004,
2025-09-19 05:22:10+00:00,2025-09-19 05:22:10,38.0,39.0,39.0,38.0,38.0,12.61894936385287,305.0,BO_O2_RULE,제어매트릭스 규칙 적용: O2_HIGH,38.6287498,10.9296875,971.025024,890.474976,12.0249996,1.0,,30.68,0.0,12.07,28.0406246,
2025-09-19 05:22:11+00:00,2025-09-19 05:22:11,,,,,,,,,,38.6399994,10.9343748,971.025024,890.400024,12.0124998,1.0,,30.68,0.0,12.07,28.03125,
2025-09-19 05:22:12+00:00,2025-09-19 05:22:12,,,,,,,,,,38.6362495,10.9343748,971.025024,890.400024,12.0249996,1.0,,30.68,0.0,12.07,28.1625004,
2025-09-19 05:22:13+00:00,2025-09-19 05:22:13,,,,,,,,,,38.6362495,10.953125,971.099976,890.400024,12.2749996,1.0,,30.68,0.0,12.07,28.2093754,
2025-09-19 05:22:14+00:00,2025-09-19 05:22:14,,,,,,,,,,38.6399994,10.9656248,971.174988,890.400024,12.2624998,1.0,,30.68,0.0,12.07,28.0593758,
2025-09-19 05:22:15+00:00,2025-09-19 05:22:15,38.0,39.0,39.0,38.0,38.0,11.718193555275093,305.0,BO_O2_RULE,제어매트릭스 규칙 적용: O2_HIGH,38.6662483,10.9656248,971.174988,890.400024,12.2624998,1.0,0.0,30.68,0.0,12.07,28.0406246,
2025-09-19 05:22:16+00:00,2025-09-19 05:22:16,,,,,,,,,,38.6474991,10.9828129,971.174988,890.325012,12.2749996,1.0,,30.68,0.0,12.07,28.03125,
2025-09-19 05:22:17+00:00,2025-09-19 05:22:17,,,,,,,,,,38.6399994,10.9875002,971.325012,890.325012,12.3000002,1.0,,30.68,0.0,12.07,28.03125,
2025-09-19 05:22:18+00:00,2025-09-19 05:22:18,,,,,,,,,,38.6399994,10.9875002,971.325012,890.25,12.6000004,1.0,,30.68,0.0,12.07,28.03125,
2025-09-19 05:22:19+00:00,2025-09-19 05:22:19,,,,,,,,,,38.6474991,10.9890623,971.400024,890.25,12.6125002,1.0,,30.68,0.0,12.07,28.21875,
2025-09-19 05:22:20+00:00,2025-09-19 05:22:20,38.0,39.0,39.0,38.0,38.0,11.517665106870524,305.0,BO_O2_RULE,제어매트릭스 규칙 적용: O2_HIGH,38.6662483,10.9890623,971.400024,890.25,12.6125002,1.0,,30.68,0.0,12.69,28.2093754,
2025-09-19 05:22:21+00:00,2025-09-19 05:22:21,,,,,,,,,,38.6474991,10.9859371,971.474976,890.25,12.6125002,1.0,,30.68,0.0,12.69,28.2093754,
2025-09-19 05:22:22+00:00,2025-09-19 05:22:22,,,,,,,,,,38.6362495,10.9828129,971.474976,890.25,12.6125002,1.0,,30.68,0.0,12.69,28.21875,
2025-09-19 05:22:23+00:00,2025-09-19 05:22:23,,,,,,,,,,38.6512489,10.9828129,971.549988,890.25,12.8625002,1.0,,30.68,0.0,12.69,28.2093754,
2025-09-19 05:22:24+00:00,2025-09-19 05:22:24,,,,,,,,,,38.6324997,10.9765625,971.549988,890.25,12.8625002,1.0,,30.68,0.0,12.69,28.2093754,
2025-09-19 05:22:25+00:00,2025-09-19 05:22:25,38.0,39.0,39.0,38.0,38.0,11.689070057455018,305.0,BO_O2_RULE,제어매트릭스 규칙 적용: O2_HIGH,38.6324997,10.9703121,971.625,890.25,12.8625002,1.0,,30.68,0.0,12.69,28.2093754,
2025-09-19 05:22:26+00:00,2025-09-19 05:22:26,,,,,,,,,,38.6399994,10.9703121,971.700012,890.25,12.8625002,1.0,,30.68,0.0,12.69,28.2093754,
2025-09-19 05:22:27+00:00,2025-09-19 05:22:27,,,,,,,,,,38.6474991,10.9609375,971.775024,890.174988,12.875,1.0,,30.68,0.0,12.69,28.2093754,
2025-09-19 05:22:28+00:00,2025-09-19 05:22:28,,,,,,,,,,38.6362495,10.9609375,971.775024,890.174988,13.0249996,1.0,,30.68,0.0,12.69,28.2093754,
2025-09-19 05:22:29+00:00,2025-09-19 05:22:29,,,,,,,,,,38.6324997,10.9578123,971.849976,890.174988,13.0249996,1.0,,30.68,0.0,12.69,28.2093754,
2025-09-19 05:22:30+00:00,2025-09-19 05:22:30,38.0,39.0,39.0,38.0,38.0,11.600841402659546,305.0,BO_O2_RULE,제어매트릭스 규칙 적용: O2_HIGH,38.6399994,10.9703121,971.849976,890.174988,13.0249996,1.0,0.0,30.68,0.0,13.04,28.21875,
2025-09-19 05:22:31+00:00,2025-09-19 05:22:31,,,,,,,,,,38.6587486,10.9703121,972.0,890.099976,13.0249996,1.0,,30.68,0.0,13.04,28.21875,
2025-09-19 05:22:32+00:00,2025-09-19 05:22:32,,,,,,,,,,38.6399994,10.9828129,972.0,890.099976,13.0249996,1.0,,30.68,0.0,13.04,28.2093754,
2025-09-19 05:22:33+00:00,2025-09-19 05:22:33,,,,,,,,,,38.6474991,10.9781246,972.075012,890.099976,13.0249996,1.0,,30.68,0.0,13.04,28.2093754,
2025-09-19 05:22:34+00:00,2025-09-19 05:22:34,,,,,,,,,,38.6437492,10.9781246,972.075012,890.099976,13.0249996,1.0,,30.68,0.0,13.04,28.21875,
2025-09-19 05:22:35+00:00,2025-09-19 05:22:35,38.0,39.0,39.0,38.0,38.0,11.704321366357958,305.0,BO_O2_RULE,제어매트릭스 규칙 적용: O2_HIGH,38.6474991,10.953125,972.150024,890.099976,13.0249996,1.0,,30.68,0.0,13.04,28.2093754,
2025-09-19 05:22:36+00:00,2025-09-19 05:22:36,,,,,,,,,,38.6474991,10.953125,972.224976,890.099976,13.0249996,1.0,,30.68,0.0,13.04,28.2093754,
2025-09-19 05:22:37+00:00,2025-09-19 05:22:37,,,,,,,,,,38.6474991,10.9250002,972.224976,890.099976,13.0249996,1.0,,30.68,0.0,13.04,28.2093754,
2025-09-19 05:22:38+00:00,2025-09-19 05:22:38,,,,,,,,,,38.6624985,10.9171877,972.299988,890.099976,13.0249996,1.0,,30.68,0.0,13.04,28.2093754,
2025-09-19 05:22:39+00:00,2025-09-19 05:22:39,,,,,,,,,,38.6399994,10.9171877,972.375,890.099976,13.0249996,1.0,,30.68,0.0,13.04,28.21875,
2025-09-19 05:22:40+00:00,2025-09-19 05:22:40,38.0,39.0,39.0,38.0,38.0,10.99800171731246,305.0,BO_O2_RULE,제어매트릭스 규칙 적용: O2_HIGH,38.6362495,10.9265623,972.450012,890.099976,13.0249996,1.0,,30.68,0.0,13.06,28.2093754,
2025-09-19 05:22:41+00:00,2025-09-19 05:22:41,,,,,,,,,,38.6362495,10.9156246,972.450012,890.099976,13.0249996,1.0,,30.68,0.0,13.06,28.2093754,
2025-09-19 05:22:42+00:00,2025-09-19 05:22:42,,,,,,,,,,38.6437492,10.9156246,972.525024,890.025024,13.0249996,1.0,,30.68,0.0,13.06,28.21875,
2025-09-19 05:22:43+00:00,2025-09-19 05:22:43,,,,,,,,,,38.6399994,10.8999996,972.599976,890.025024,12.6875,1.0,,30.68,0.0,13.06,28.21875,
2025-09-19 05:22:44+00:00,2025-09-19 05:22:44,,,,,,,,,,38.6512489,10.8999996,972.674988,890.025024,12.6875,1.0,,30.68,0.0,13.06,28.2093754,
2025-09-19 05:22:45+00:00,2025-09-19 05:22:45,39.0,39.0,39.0,39.0,39.0,10.097172826480211,100.0,BO_ONLY,BO 모델 결과만 사용,38.6399994,10.90625,972.674988,890.025024,12.6875,1.0,0.0,30.68,0.0,13.06,28.2093754,
2025-09-19 05:22:46+00:00,2025-09-19 05:22:46,,,,,,,,,,38.6437492,10.9296875,972.75,890.025024,12.6875,1.0,,30.68,0.0,13.06,28.2093754,
2025-09-19 05:22:47+00:00,2025-09-19 05:22:47,,,,,,,,,,39.5587502,10.9296875,972.825012,890.025024,12.6999998,1.0,,30.68,0.0,13.06,28.21875,
2025-09-19 05:22:48+00:00,2025-09-19 05:22:48,,,,,,,,,,39.7200012,10.9656248,972.900024,890.025024,12.7749996,1.0,,30.68,0.0,13.06,28.2093754,
2025-09-19 05:22:49+00:00,2025-09-19 05:22:49,,,,,,,,,,39.7350006,10.9937496,972.974976,889.950012,12.7749996,1.0,,30.68,0.0,13.06,28.2093754,
2025-09-19 05:22:50+00:00,2025-09-19 05:22:50,39.0,39.0,39.0,39.0,39.0,9.498021317550865,100.0,BO_ONLY,BO 모델 결과만 사용,39.7350006,10.9937496,972.974976,890.025024,12.7749996,1.0,,30.68,0.0,12.85,28.40625,
2025-09-19 05:22:51+00:00,2025-09-19 05:22:51,,,,,,,,,,39.7387505,11.0046873,973.049988,889.950012,12.7749996,1.0,,30.68,0.0,12.85,28.6875,
2025-09-19 05:22:52+00:00,2025-09-19 05:22:52,,,,,,,,,,39.7162514,11.0140629,973.200012,889.950012,12.5249996,1.0,,30.68,0.0,12.85,29.1749992,
2025-09-19 05:22:53+00:00,2025-09-19 05:22:53,,,,,,,,,,39.7387505,11.0140629,973.125,889.950012,12.3500004,1.0,,30.68,0.0,12.85,29.3999996,
2025-09-19 05:22:54+00:00,2025-09-19 05:22:54,,,,,,,,,,39.7387505,11.0171871,973.275024,889.950012,12.3500004,1.0,,30.68,0.0,12.85,29.71875,
2025-09-19 05:22:55+00:00,2025-09-19 05:22:55,39.0,39.0,39.0,39.0,39.0,9.40313040683774,100.0,BO_ONLY,BO 모델 결과만 사용,39.7425003,11.0171871,973.349976,889.950012,12.3625002,1.0,,30.68,0.0,12.85,29.90625,
2025-09-19 05:22:56+00:00,2025-09-19 05:22:56,,,,,,,,,,39.7387505,11.0124998,973.349976,890.025024,12.3625002,1.0,,30.68,0.0,12.85,29.90625,
2025-09-19 05:22:57+00:00,2025-09-19 05:22:57,,,,,,,,,,39.7425003,10.9968748,973.424988,889.950012,12.3374996,1.0,,30.68,0.0,12.85,29.8968754,
2025-09-19 05:22:58+00:00,2025-09-19 05:22:58,,,,,,,,,,39.75,10.9968748,973.5,890.025024,12.1875,1.0,,30.68,0.0,12.85,29.90625,
2025-09-19 05:22:59+00:00,2025-09-19 05:22:59,,,,,,,,,,39.7350006,10.9671879,973.575012,889.950012,12.1875,1.0,,30.68,0.0,12.85,29.90625,
2025-09-19 05:23:00+00:00,2025-09-19 05:23:00,39.0,39.0,39.0,39.0,39.0,9.53537085340211,100.0,BO_ONLY,BO 모델 결과만 사용,39.7387505,10.9671879,973.650024,889.950012,12.1875,1.0,0.0,30.68,0.0,12.21,29.90625,
2025-09-19 05:23:01+00:00,2025-09-19 05:23:01,,,,,,,,,,39.7387505,10.9343748,973.724976,889.950012,12.1875,1.0,,30.68,0.0,12.21,29.8968754,
2025-09-19 05:23:02+00:00,2025-09-19 05:23:02,,,,,,,,,,39.7312508,10.8921871,973.799988,890.025024,12.1875,1.0,,30.68,0.0,12.21,29.90625,
2025-09-19 05:23:03+00:00,2025-09-19 05:23:03,,,,,,,,,,39.7312508,10.8921871,973.875,889.950012,11.7749996,1.0,,30.68,0.0,12.21,29.90625,
2025-09-19 05:23:04+00:00,2025-09-19 05:23:04,,,,,,,,,,39.7350006,10.8453121,973.875,889.950012,11.7624998,1.0,,30.68,0.0,12.21,29.90625,
2025-09-19 05:23:05+00:00,2025-09-19 05:23:05,39.0,39.0,39.0,39.0,39.0,9.539117216720237,100.0,BO_ONLY,BO 모델 결과만 사용,39.7462502,10.8000002,974.025024,889.950012,11.7749996,1.0,,30.68,0.0,12.21,29.8968754,
2025-09-19 05:23:06+00:00,2025-09-19 05:23:06,,,,,,,,,,39.7350006,10.8000002,974.099976,889.950012,11.7749996,1.0,,30.68,0.0,12.21,29.90625,
2025-09-19 05:23:07+00:00,2025-09-19 05:23:07,,,,,,,,,,39.7387505,10.7546873,974.174988,889.950012,11.7250004,1.0,,30.68,0.0,12.21,29.90625,
2025-09-19 05:23:08+00:00,2025-09-19 05:23:08,,,,,,,,,,39.7387505,10.7546873,974.174988,889.950012,11.4250002,1.0,,30.68,0.0,12.21,29.90625,
2025-09-19 05:23:09+00:00,2025-09-19 05:23:09,,,,,,,,,,39.7425003,10.7124996,974.25,890.025024,11.4250002,1.0,,30.68,0.0,12.21,29.8968754,
2025-09-19 05:23:10+00:00,2025-09-19 05:23:10,39.0,39.0,39.0,39.0,39.0,9.041816288877024,100.0,BO_ONLY,BO 모델 결과만 사용,39.7012482,10.6750002,974.325012,889.950012,11.4250002,1.0,,30.68,0.0,11.47,29.90625,
2025-09-19 05:23:11+00:00,2025-09-19 05:23:11,,,,,,,,,,39.7275009,10.6750002,974.474976,890.025024,11.4250002,1.0,,30.68,0.0,11.47,29.90625,
2025-09-19 05:23:12+00:00,2025-09-19 05:23:12,,,,,,,,,,39.7425003,10.6453123,974.474976,890.025024,11.4375,1.0,,30.68,0.0,11.47,29.90625,
2025-09-19 05:23:13+00:00,2025-09-19 05:23:13,,,,,,,,,,39.7312508,10.6281252,974.549988,889.950012,11.2624998,1.0,,30.68,0.0,11.47,29.8968754,
2025-09-19 05:23:14+00:00,2025-09-19 05:23:14,,,,,,,,,,39.7312508,10.6281252,974.625,889.950012,11.2624998,1.0,,30.68,0.0,11.47,29.90625,
2025-09-19 05:23:15+00:00,2025-09-19 05:23:15,39.0,39.0,39.0,39.0,39.0,8.62462711722413,100.0,BO_ONLY,BO 모델 결과만 사용,39.7387505,10.6281252,974.700012,890.025024,11.2624998,1.0,0.0,30.68,0.0,11.47,29.90625,
2025-09-19 05:23:16+00:00,2025-09-19 05:23:16,,,,,,,,,,39.7425003,10.6281252,974.775024,889.950012,11.2624998,1.0,,30.68,0.0,11.47,29.90625,
2025-09-19 05:23:17+00:00,2025-09-19 05:23:17,,,,,,,,,,39.7312508,10.6296873,974.849976,890.025024,11.1999998,1.0,,30.68,0.0,11.47,29.8968754,
2025-09-19 05:23:18+00:00,2025-09-19 05:23:18,,,,,,,,,,39.7350006,10.6265621,974.924988,890.025024,10.75,1.0,,30.68,0.0,11.47,29.90625,
2025-09-19 05:23:19+00:00,2025-09-19 05:23:19,,,,,,,,,,39.7462502,10.6265621,975.0,889.950012,10.75,1.0,,30.68,0.0,11.47,29.90625,
2025-09-19 05:23:20+00:00,2025-09-19 05:23:20,39.0,39.0,39.0,39.0,39.0,8.16485631273158,100.0,BO_ONLY,BO 모델 결과만 사용,39.7387505,10.6140623,975.0,890.025024,10.75,1.0,,30.68,0.0,10.77,29.90625,
2025-09-19 05:23:21+00:00,2025-09-19 05:23:21,,,,,,,,,,39.7237511,10.59375,975.150024,890.025024,10.75,1.0,,30.68,0.0,10.77,29.90625,
2025-09-19 05:23:22+00:00,2025-09-19 05:23:22,,,,,,,,,,39.7462502,10.59375,975.150024,890.025024,10.75,1.0,,30.68,0.0,10.77,29.90625,
2025-09-19 05:23:23+00:00,2025-09-19 05:23:23,,,,,,,,,,39.7350006,10.5859375,975.299988,890.025024,10.4125004,1.0,,30.68,0.0,10.77,29.90625,
2025-09-19 05:23:24+00:00,2025-09-19 05:23:24,,,,,,,,,,39.7425003,10.5859375,975.299988,890.025024,10.4125004,1.0,,30.68,0.0,10.77,29.90625,
2025-09-19 05:23:25+00:00,2025-09-19 05:23:25,39.0,39.0,39.0,39.0,39.0,7.828163277298741,100.0,BO_ONLY,BO 모델 결과만 사용,39.7462502,10.5828123,975.375,890.025024,10.4250002,1.0,,30.68,0.0,10.77,29.8968754,
2025-09-19 05:23:26+00:00,2025-09-19 05:23:26,,,,,,,,,,39.75,10.5828123,975.450012,890.025024,10.4125004,1.0,,30.68,0.0,10.77,29.90625,
2025-09-19 05:23:27+00:00,2025-09-19 05:23:27,,,,,,,,,,39.7387505,10.5828123,975.525024,890.099976,10.375,1.0,,30.68,0.0,10.77,29.90625,
2025-09-19 05:23:28+00:00,2025-09-19 05:23:28,,,,,,,,,,39.7312508,10.5796871,975.599976,890.099976,10.1625004,1.0,,30.68,0.0,10.77,29.90625,
2025-09-19 05:23:29+00:00,2025-09-19 05:23:29,,,,,,,,,,39.7425003,10.5734377,975.674988,890.099976,10.1625004,1.0,,30.68,0.0,10.77,29.90625,
2025-09-19 05:23:30+00:00,2025-09-19 05:23:30,39.0,39.0,39.0,39.0,39.0,7.822148816228489,100.0,BO_ONLY,BO 모델 결과만 사용,39.7350006,10.5734377,975.674988,890.099976,10.1625004,1.0,0.0,30.68,0.0,10.2,29.8968754,
2025-09-19 05:23:31+00:00,2025-09-19 05:23:31,,,,,,,,,,39.7425003,10.5843754,975.75,890.099976,10.1625004,1.0,,30.68,0.0,10.2,29.90625,
2025-09-19 05:23:32+00:00,2025-09-19 05:23:32,,,,,,,,,,39.7425003,10.5906248,975.825012,890.099976,10.1625004,1.0,,30.68,0.0,10.2,29.90625,
2025-09-19 05:23:33+00:00,2025-09-19 05:23:33,,,,,,,,,,39.7425003,10.5906248,975.825012,890.099976,9.91250038,1.0,,30.68,0.0,10.2,29.90625,
2025-09-19 05:23:34+00:00,2025-09-19 05:23:34,,,,,,,,,,39.7350006,10.5921879,975.900024,890.099976,9.91250038,1.0,,30.68,0.0,10.2,29.90625,
2025-09-19 05:23:35+00:00,2025-09-19 05:23:35,39.0,39.0,39.0,39.0,39.0,8.033090327503965,100.0,BO_ONLY,BO 모델 결과만 사용,39.7387505,10.5921879,975.974976,890.099976,9.91250038,1.0,,30.68,0.0,10.2,29.90625,
2025-09-19 05:23:36+00:00,2025-09-19 05:23:36,,,,,,,,,,39.7350006,10.5921879,976.049988,890.099976,9.91250038,1.0,,30.68,0.0,10.2,29.90625,
2025-09-19 05:23:37+00:00,2025-09-19 05:23:37,,,,,,,,,,39.7350006,10.6031246,976.125,890.099976,9.88749981,1.0,,30.68,0.0,10.2,29.90625,
2025-09-19 05:23:38+00:00,2025-09-19 05:23:38,,,,,,,,,,39.7387505,10.6031246,976.200012,890.099976,9.73750019,1.0,,30.68,0.0,10.2,29.90625,
2025-09-19 05:23:39+00:00,2025-09-19 05:23:39,,,,,,,,,,39.7387505,10.6203127,976.200012,890.099976,9.73750019,1.0,,30.68,0.0,10.2,29.90625,
2025-09-19 05:23:40+00:00,2025-09-19 05:23:40,39.0,39.0,39.0,39.0,39.0,8.231846262998259,100.0,BO_ONLY,BO 모델 결과만 사용,39.7350006,10.6203127,976.275024,890.174988,9.75,1.0,,30.68,0.0,9.79,29.90625,
2025-09-19 05:23:41+00:00,2025-09-19 05:23:41,,,,,,,,,,39.7425003,10.6359377,976.349976,890.099976,9.73750019,1.0,,30.68,0.0,9.79,29.90625,
2025-09-19 05:23:42+00:00,2025-09-19 05:23:42,,,,,,,,,,39.7425003,10.6437502,976.424988,890.174988,9.73750019,1.0,,30.68,0.0,9.79,29.90625,
2025-09-19 05:23:43+00:00,2025-09-19 05:23:43,,,,,,,,,,39.7350006,10.6437502,976.424988,890.174988,9.41250038,1.0,,30.68,0.0,9.79,29.90625,
2025-09-19 05:23:44+00:00,2025-09-19 05:23:44,,,,,,,,,,39.7425003,10.6453123,976.575012,890.174988,9.39999962,1.0,,30.68,0.0,9.79,29.90625,
2025-09-19 05:23:45+00:00,2025-09-19 05:23:45,39.0,39.0,39.0,39.0,39.0,8.630937921975042,100.0,BO_ONLY,BO 모델 결과만 사용,39.7425003,10.6374998,976.575012,890.174988,9.41250038,1.0,0.0,30.68,0.0,9.79,29.90625,
2025-09-19 05:23:46+00:00,2025-09-19 05:23:46,,,,,,,,,,39.7312508,10.6374998,976.650024,890.174988,9.39999962,1.0,,30.68,0.0,9.79,29.8968754,
2025-09-19 05:23:47+00:00,2025-09-19 05:23:47,,,,,,,,,,39.7425003,10.6296873,976.799988,890.25,9.375,1.0,,30.68,0.0,9.79,29.90625,
2025-09-19 05:23:48+00:00,2025-09-19 05:23:48,,,,,,,,,,39.7537498,10.6296873,976.799988,890.174988,9.22500038,1.0,,30.68,0.0,9.79,29.90625,
2025-09-19 05:23:49+00:00,2025-09-19 05:23:49,,,,,,,,,,39.7387505,10.6156254,976.875,890.25,9.23750019,1.0,,30.68,0.0,9.79,29.90625,
2025-09-19 05:23:50+00:00,2025-09-19 05:23:50,39.0,39.0,39.0,39.0,39.0,8.238716193681391,100.0,BO_ONLY,BO 모델 결과만 사용,39.7387505,10.6078129,976.950012,890.25,9.23750019,1.0,,30.68,0.0,9.79,29.8968754,
2025-09-19 05:23:51+00:00,2025-09-19 05:23:51,,,,,,,,,,39.7387505,10.6078129,976.950012,890.25,9.23750019,1.0,,30.68,0.0,9.28,29.90625,
2025-09-19 05:23:52+00:00,2025-09-19 05:23:52,,,,,,,,,,39.75,10.5968752,977.025024,890.25,9.23750019,1.0,,30.68,0.0,9.28,29.90625,
2025-09-19 05:23:53+00:00,2025-09-19 05:23:53,,,,,,,,,,39.7387505,10.5749998,977.174988,890.25,9.0625,1.0,,30.68,0.0,9.28,29.90625,
2025-09-19 05:23:54+00:00,2025-09-19 05:23:54,,,,,,,,,,39.7312508,10.5749998,977.174988,890.25,9.07499981,1.0,,30.68,0.0,9.28,29.8968754,
2025-09-19 05:23:55+00:00,2025-09-19 05:23:55,39.0,39.0,39.0,39.0,39.0,8.181112932945258,100.0,BO_ONLY,BO 모델 결과만 사용,39.7312508,10.5421877,977.25,890.325012,9.07499981,1.0,,30.68,0.0,9.28,29.90625,
2025-09-19 05:23:56+00:00,2025-09-19 05:23:56,,,,,,,,,,39.7350006,10.5421877,977.325012,890.25,9.07499981,1.0,,30.68,0.0,9.28,29.90625,
2025-09-19 05:23:57+00:00,2025-09-19 05:23:57,,,,,,,,,,39.7425003,10.5171871,977.400024,890.325012,9.01249981,1.0,,30.68,0.0,9.28,29.90625,
2025-09-19 05:23:58+00:00,2025-09-19 05:23:58,,,,,,,,,,39.7425003,10.5015621,977.474976,890.25,8.63749981,1.0,,30.68,0.0,9.28,29.8968754,
2025-09-19 05:23:59+00:00,2025-09-19 05:23:59,,,,,,,,,,39.7425003,10.5015621,977.549988,890.25,8.64999962,1.0,,30.68,0.0,9.28,29.90625,
2025-09-19 05:24:00+00:00,2025-09-19 05:24:00,39.0,39.0,39.0,39.0,39.0,8.276867542317188,100.0,BO_ONLY,BO 모델 결과만 사용,39.7200012,10.4812498,977.549988,890.325012,8.64999962,1.0,0.0,30.68,0.0,9.28,29.90625,
2025-09-19 05:24:01+00:00,2025-09-19 05:24:01,,,,,,,,,,39.7275009,10.4718752,977.700012,890.325012,8.64999962,1.0,,30.68,0.0,8.7,29.90625,
2025-09-19 05:24:02+00:00,2025-09-19 05:24:02,,,,,,,,,,39.7350006,10.4718752,977.700012,890.325012,8.64999962,1.0,,30.68,0.0,8.7,29.8968754,
2025-09-19 05:24:03+00:00,2025-09-19 05:24:03,,,,,,,,,,39.7312508,10.4703121,977.775024,890.325012,8.5625,1.0,,30.68,0.0,8.7,29.90625,
2025-09-19 05:24:04+00:00,2025-09-19 05:24:04,,,,,,,,,,39.7350006,10.4671879,977.924988,890.325012,8.5625,1.0,,30.68,0.0,8.7,29.90625,
2025-09-19 05:24:05+00:00,2025-09-19 05:24:05,39.0,39.0,39.0,39.0,39.0,7.182784881536844,100.0,BO_ONLY,BO 모델 결과만 사용,39.7462502,10.4671879,977.924988,890.325012,8.5625,1.0,,30.68,0.0,8.7,29.90625,
2025-09-19 05:24:06+00:00,2025-09-19 05:24:06,,,,,,,,,,39.7387505,10.4640627,978.0,890.400024,8.5625,1.0,,30.68,0.0,8.7,29.8968754,
2025-09-19 05:24:07+00:00,2025-09-19 05:24:07,,,,,,,,,,39.7350006,10.4640627,978.150024,890.400024,8.55000019,1.0,,30.68,0.0,8.7,29.90625,
2025-09-19 05:24:08+00:00,2025-09-19 05:24:08,,,,,,,,,,39.7350006,10.4609375,978.150024,890.400024,8.38749981,1.0,,30.68,0.0,8.7,29.90625,
2025-09-19 05:24:09+00:00,2025-09-19 05:24:09,,,,,,,,,,39.7350006,10.4593754,978.299988,890.400024,8.39999962,1.0,,30.68,0.0,8.7,29.90625,
2025-09-19 05:24:10+00:00,2025-09-19 05:24:10,39.0,39.0,39.0,39.0,39.0,7.2943238601144955,100.0,BO_ONLY,BO 모델 결과만 사용,39.7387505,10.4593754,978.375,890.400024,8.39999962,1.0,,30.68,0.0,8.44,29.8968754,
2025-09-19 05:24:11+00:00,2025-09-19 05:24:11,,,,,,,,,,39.7312508,10.4484377,978.450012,890.400024,8.38749981,1.0,,30.68,0.0,8.44,29.90625,
2025-09-19 05:24:12+00:00,2025-09-19 05:24:12,,,,,,,,,,39.7350006,10.421875,978.599976,890.400024,8.39999962,1.0,,30.68,0.0,8.44,29.90625,
2025-09-19 05:24:13+00:00,2025-09-19 05:24:13,,,,,,,,,,39.7387505,10.421875,978.674988,890.474976,8.22500038,1.0,,30.68,0.0,8.44,29.90625,
2025-09-19 05:24:14+00:00,2025-09-19 05:24:14,,,,,,,,,,39.7387505,10.3859377,978.75,890.474976,8.22500038,1.0,,30.68,0.0,8.44,29.8968754,
2025-09-19 05:24:15+00:00,2025-09-19 05:24:15,39.0,39.0,39.0,39.0,39.0,7.856977218210884,100.0,BO_ONLY,BO 모델 결과만 사용,39.7162514,10.3859377,978.900024,890.474976,8.22500038,1.0,0.0,30.68,0.0,8.44,29.90625,
2025-09-19 05:24:16+00:00,2025-09-19 05:24:16,,,,,,,,,,39.7387505,10.3531246,978.974976,890.474976,8.22500038,1.0,,30.68,0.0,8.44,29.90625,
2025-09-19 05:24:17+00:00,2025-09-19 05:24:17,,,,,,,,,,39.7387505,10.3156252,979.125,890.474976,8.21249962,1.0,,30.68,0.0,8.44,29.90625,
2025-09-19 05:24:18+00:00,2025-09-19 05:24:18,,,,,,,,,,39.7387505,10.3156252,979.200012,890.474976,8.13749981,1.0,,30.68,0.0,8.44,29.90625,
2025-09-19 05:24:19+00:00,2025-09-19 05:24:19,,,,,,,,,,39.7387505,10.265625,979.349976,890.549988,8.14999962,1.0,,30.68,0.0,8.44,29.90625,
2025-09-19 05:24:20+00:00,2025-09-19 05:24:20,39.0,39.0,39.0,39.0,39.0,7.846125276473296,100.0,BO_ONLY,BO 모델 결과만 사용,39.7387505,10.1968746,979.424988,890.549988,8.14999962,1.0,,30.68,0.0,8.16,29.90625,
2025-09-19 05:24:21+00:00,2025-09-19 05:24:21,,,,,,,,,,39.7387505,10.1968746,979.650024,890.549988,8.13749981,1.0,,30.68,0.0,8.16,29.90625,
2025-09-19 05:24:22+00:00,2025-09-19 05:24:22,,,,,,,,,,39.7387505,10.1281252,979.724976,890.625,8.13749981,1.0,,30.68,0.0,8.16,29.90625,
2025-09-19 05:24:23+00:00,2025-09-19 05:24:23,,,,,,,,,,39.7425003,10.1281252,979.875,890.625,7.88749981,1.0,,30.68,0.0,8.16,29.8968754,
2025-09-19 05:24:24+00:00,2025-09-19 05:24:24,,,,,,,,,,39.7425003,10.0718746,979.950012,890.700012,7.88749981,1.0,,30.68,0.0,8.16,29.90625,
2025-09-19 05:24:25+00:00,2025-09-19 05:24:25,40.0,40.0,40.0,40.0,40.0,7.459063757411581,100.0,BO_ONLY,BO 모델 결과만 사용,39.7387505,10.0078125,980.174988,890.700012,7.9000001,1.0,,30.68,0.0,8.16,29.90625,
2025-09-19 05:24:26+00:00,2025-09-19 05:24:26,,,,,,,,,,39.7462502,10.0078125,980.25,890.700012,7.88749981,1.0,,30.68,0.0,8.16,29.90625,
2025-09-19 05:24:27+00:00,2025-09-19 05:24:27,,,,,,,,,,40.6875,9.94375038,980.400024,890.700012,7.8375001,1.0,,30.68,0.0,8.16,29.90625,
2025-09-19 05:24:28+00:00,2025-09-19 05:24:28,,,,,,,,,,40.7662506,9.87968731,980.474976,890.775024,7.4625001,1.0,,30.68,0.0,8.16,29.90625,
2025-09-19 05:24:29+00:00,2025-09-19 05:24:29,,,,,,,,,,40.7887497,9.87968731,980.700012,890.775024,7.4749999,1.0,,30.68,0.0,8.16,29.90625,
2025-09-19 05:24:30+00:00,2025-09-19 05:24:30,40.0,40.0,40.0,40.0,40.0,7.301515722966704,100.0,BO_ONLY,BO 모델 결과만 사용,40.8149986,9.81718731,980.849976,890.775024,7.4625001,1.0,0.0,30.68,0.0,7.47,30.4031258,
2025-09-19 05:24:31+00:00,2025-09-19 05:24:31,,,,,,,,,,40.7700005,9.81718731,981.0,890.775024,7.4625001,1.0,,30.68,0.0,7.47,30.6375008,
2025-09-19 05:24:32+00:00,2025-09-19 05:24:32,,,,,,,,,,40.8149986,9.76249981,981.150024,890.775024,7.4625001,1.0,,30.68,0.0,7.47,31.0218754,
2025-09-19 05:24:33+00:00,2025-09-19 05:24:33,,,,,,,,,,40.7849998,9.70468712,981.299988,890.849976,7.4749999,1.0,,30.68,0.0,7.47,31.4156246,
2025-09-19 05:24:34+00:00,2025-09-19 05:24:34,,,,,,,,,,40.7512512,9.70468712,981.375,890.924988,7.4749999,1.0,,30.68,0.0,7.47,31.4156246,
2025-09-19 05:24:35+00:00,2025-09-19 05:24:35,41.0,41.0,41.0,41.0,41.0,6.122433676325904,100.0,BO_ONLY,BO 모델 결과만 사용,40.7999992,9.66250038,981.599976,890.924988,7.4749999,1.0,,30.68,0.0,7.47,31.5843754,
2025-09-19 05:24:36+00:00,2025-09-19 05:24:36,,,,,,,,,,40.8375015,9.63593769,981.674988,890.924988,7.4749999,1.0,,30.68,0.0,7.47,31.59375,
2025-09-19 05:24:37+00:00,2025-09-19 05:24:37,,,,,,,,,,41.7487488,9.63593769,981.825012,891.0,7.42500019,1.0,,30.68,0.0,7.47,31.78125,
2025-09-19 05:24:38+00:00,2025-09-19 05:24:38,,,,,,,,,,41.8237495,9.61250019,981.974976,890.924988,7.05000019,1.0,,30.68,0.0,7.47,31.78125,
2025-09-19 05:24:39+00:00,2025-09-19 05:24:39,,,,,,,,,,41.8312492,9.61250019,982.200012,891.0,7.05000019,1.0,,30.68,0.0,7.47,31.9312496,
2025-09-19 05:24:40+00:00,2025-09-19 05:24:40,42.0,42.0,42.0,42.0,42.0,5.980678256224862,100.0,BO_ONLY,BO 모델 결과만 사용,41.8312492,9.59843731,982.275024,891.075012,7.05000019,1.0,,30.68,0.0,7.1,32.1375008,
2025-09-19 05:24:41+00:00,2025-09-19 05:24:41,,,,,,,,,,41.8274994,9.6015625,982.5,891.075012,7.05000019,1.0,,30.68,0.0,7.1,32.4375,
2025-09-19 05:24:42+00:00,2025-09-19 05:24:42,,,,,,,,,,42.8175011,9.6015625,982.575012,891.075012,7.05000019,1.0,,30.68,0.0,7.1,32.8781242,
2025-09-19 05:24:43+00:00,2025-09-19 05:24:43,,,,,,,,,,42.9000015,9.609375,982.799988,891.150024,6.80000019,1.0,,30.68,0.0,7.1,33.0187492,
2025-09-19 05:24:44+00:00,2025-09-19 05:24:44,,,,,,,,,,42.8925018,9.62187481,982.875,891.224976,6.80000019,1.0,,30.68,0.0,7.1,33.4124985,
2025-09-19 05:24:45+00:00,2025-09-19 05:24:45,38.0,42.0,42.0,38.0,38.0,6.527390963158717,304.0,BO_O2_RULE,제어매트릭스 규칙 적용: NOX_LOW,42.8849983,9.62187481,983.099976,891.224976,6.80000019,1.0,0.0,30.68,0.0,7.1,33.703125,
2025-09-19 05:24:46+00:00,2025-09-19 05:24:46,,,,,,,,,,42.7762489,9.6328125,983.174988,891.224976,6.80000019,1.0,,30.68,0.0,7.1,34.3312492,
2025-09-19 05:24:47+00:00,2025-09-19 05:24:47,,,,,,,,,,39.2212486,9.6328125,983.325012,891.224976,6.80000019,1.0,,30.68,0.0,7.1,34.5281258,
2025-09-19 05:24:48+00:00,2025-09-19 05:24:48,,,,,,,,,,38.6512489,9.64218712,983.474976,891.299988,6.80000019,1.0,,30.68,0.0,7.1,34.7531242,
2025-09-19 05:24:49+00:00,2025-09-19 05:24:49,,,,,,,,,,38.6474991,9.65312481,983.700012,891.299988,6.80000019,1.0,,30.68,0.0,7.1,34.40625,
2025-09-19 05:24:50+00:00,2025-09-19 05:24:50,38.0,42.0,42.0,38.0,38.0,6.3231073286380655,304.0,BO_O2_RULE,제어매트릭스 규칙 적용: NOX_LOW,38.6549988,9.65312481,983.775024,891.375,6.80000019,1.0,,30.68,0.0,6.81,34.3031235,
2025-09-19 05:24:51+00:00,2025-09-19 05:24:51,,,,,,,,,,38.6362495,9.66093731,984.0,891.375,6.80000019,1.0,,30.68,0.0,6.81,32.90625,
2025-09-19 05:24:52+00:00,2025-09-19 05:24:52,,,,,,,,,,38.6399994,9.66562462,984.075012,891.450012,6.80000019,1.0,,30.68,0.0,6.81,31.265625,
2025-09-19 05:24:53+00:00,2025-09-19 05:24:53,,,,,,,,,,38.6399994,9.66562462,984.299988,891.450012,6.625,1.0,,30.68,0.0,6.81,30.0187492,
2025-09-19 05:24:54+00:00,2025-09-19 05:24:54,,,,,,,,,,38.6362495,9.66874981,984.375,891.450012,6.625,1.0,,30.68,0.0,6.81,29.2124996,
2025-09-19 05:24:55+00:00,2025-09-19 05:24:55,38.0,42.0,42.0,38.0,38.0,6.472179315480129,304.0,BO_O2_RULE,제어매트릭스 규칙 적용: NOX_LOW,38.6512489,9.66874981,984.599976,891.525024,6.625,1.0,,30.68,0.0,6.81,28.7531242,
2025-09-19 05:24:56+00:00,2025-09-19 05:24:56,,,,,,,,,,38.6437492,9.67500019,984.75,891.525024,6.63749981,1.0,,30.68,0.0,6.81,28.40625,
2025-09-19 05:24:57+00:00,2025-09-19 05:24:57,,,,,,,,,,38.6549988,9.67812538,984.900024,891.599976,6.63749981,1.0,,30.68,0.0,6.81,28.40625,
2025-09-19 05:24:58+00:00,2025-09-19 05:24:58,,,,,,,,,,38.6362495,9.67812538,984.974976,891.599976,6.7125001,1.0,,30.68,0.0,6.81,28.21875,
2025-09-19 05:24:59+00:00,2025-09-19 05:24:59,,,,,,,,,,38.6437492,9.69062519,985.200012,891.674988,6.7125001,1.0,,30.68,0.0,6.81,28.2093754,
2025-09-19 05:25:00+00:00,2025-09-19 05:25:00,38.0,42.0,42.0,38.0,38.0,7.244918562260278,304.0,BO_O2_RULE,제어매트릭스 규칙 적용: NOX_LOW,38.6474991,9.72031212,985.349976,891.75,6.7125001,1.0,0.0,30.68,0.0,6.78,28.2093754,
2025-09-19 05:25:01+00:00,2025-09-19 05:25:01,,,,,,,,,,38.6399994,9.72031212,985.5,891.674988,6.7125001,1.0,,30.68,0.0,6.78,28.21875,
2025-09-19 05:25:02+00:00,2025-09-19 05:25:02,,,,,,,,,,38.6399994,9.74062538,985.650024,891.75,6.7125001,1.0,,30.68,0.0,6.78,28.21875,
2025-09-19 05:25:03+00:00,2025-09-19 05:25:03,,,,,,,,,,38.6474991,9.74062538,985.799988,891.825012,6.80000019,1.0,,30.68,0.0,6.78,28.2093754,
2025-09-19 05:25:04+00:00,2025-09-19 05:25:04,,,,,,,,,,38.6362495,9.75937462,985.950012,891.900024,6.80000019,1.0,,30.68,0.0,6.78,28.0406246,
2025-09-19 05:25:05+00:00,2025-09-19 05:25:05,38.0,41.0,41.0,38.0,38.0,8.091245606962408,304.0,BO_O2_RULE,제어매트릭스 규칙 적용: NOX_LOW,38.6399994,9.76093769,986.099976,891.900024,6.80000019,1.0,,30.68,0.0,6.78,28.03125,
2025-09-19 05:25:06+00:00,2025-09-19 05:25:06,,,,,,,,,,38.6399994,9.76093769,986.174988,891.974976,6.80000019,1.0,,30.68,0.0,6.78,28.03125,
2025-09-19 05:25:07+00:00,2025-09-19 05:25:07,,,,,,,,,,38.6437492,9.765625,986.400024,891.974976,6.7750001,1.0,,30.68,0.0,6.78,28.2093754,
2025-09-19 05:25:08+00:00,2025-09-19 05:25:08,,,,,,,,,,38.6399994,9.7890625,986.474976,891.974976,6.625,1.0,,30.68,0.0,6.78,28.2093754,
2025-09-19 05:25:09+00:00,2025-09-19 05:25:09,,,,,,,,,,38.6399994,9.7890625,986.700012,892.049988,6.625,1.0,,30.68,0.0,6.78,28.21875,
2025-09-19 05:25:10+00:00,2025-09-19 05:25:10,38.0,41.0,41.0,38.0,38.0,8.983247941002858,304.0,BO_O2_RULE,제어매트릭스 규칙 적용: NOX_LOW,38.6474991,9.81562519,986.775024,892.125,6.625,1.0,,30.68,0.0,6.68,28.2093754,
2025-09-19 05:25:11+00:00,2025-09-19 05:25:11,,,,,,,,,,38.6399994,9.81562519,987.0,892.125,6.625,1.0,,30.68,0.0,6.68,28.2093754,
2025-09-19 05:25:12+00:00,2025-09-19 05:25:12,,,,,,,,,,38.6324997,9.84062481,987.075012,892.200012,6.57499981,1.0,,30.68,0.0,6.68,28.2093754,
2025-09-19 05:25:13+00:00,2025-09-19 05:25:13,,,,,,,,,,38.6512489,9.86406231,987.224976,892.200012,6.5374999,1.0,,30.68,0.0,6.68,28.2093754,
2025-09-19 05:25:14+00:00,2025-09-19 05:25:14,,,,,,,,,,38.6474991,9.86406231,987.375,892.275024,6.5374999,1.0,,30.68,0.0,6.68,28.2093754,
2025-09-19 05:25:15+00:00,2025-09-19 05:25:15,38.0,41.0,41.0,38.0,38.0,8.193981758088508,304.0,BO_O2_RULE,제어매트릭스 규칙 적용: NOX_LOW,38.6399994,9.88906288,987.525024,892.275024,6.55000019,1.0,0.0,30.68,0.0,6.68,28.2093754,
2025-09-19 05:25:16+00:00,2025-09-19 05:25:16,,,,,,,,,,38.6399994,9.90625,987.674988,892.349976,6.5374999,1.0,,30.68,0.0,6.68,28.2093754,
2025-09-19 05:25:17+00:00,2025-09-19 05:25:17,,,,,,,,,,38.6474991,9.90625,987.825012,892.424988,6.51249981,1.0,,30.68,0.0,6.68,28.21875,
2025-09-19 05:25:18+00:00,2025-09-19 05:25:18,,,,,,,,,,38.6474991,9.90625,987.825012,892.424988,6.51249981,1.0,,30.68,0.0,6.68,28.21875,
2025-09-19 05:25:19+00:00,2025-09-19 05:25:19,,,,,,,,,,38.6362495,9.92500019,988.049988,892.5,6.375,1.0,,30.68,0.0,6.68,28.2093754,
2025-09-19 05:25:20+00:00,2025-09-19 05:25:20,38.0,40.0,40.0,38.0,38.0,7.276119061485214,304.0,BO_O2_RULE,제어매트릭스 규칙 적용: NOX_LOW,38.6474991,9.94999981,988.125,892.5,6.375,1.0,,30.68,0.0,6.68,28.2093754,
2025-09-19 05:25:21+00:00,2025-09-19 05:25:21,,,,,,,,,,38.6437492,9.98124981,988.349976,892.575012,6.375,1.0,,30.68,0.0,6.43,28.21875,
2025-09-19 05:25:22+00:00,2025-09-19 05:25:22,,,,,,,,,,38.6324997,9.98124981,988.424988,892.650024,6.375,1.0,,30.68,0.0,6.43,28.2093754,
2025-09-19 05:25:23+00:00,2025-09-19 05:25:23,,,,,,,,,,38.6399994,10.0124998,988.575012,892.724976,6.5374999,1.0,,30.68,0.0,6.43,28.2093754,
2025-09-19 05:25:24+00:00,2025-09-19 05:25:24,,,,,,,,,,38.6399994,10.0390625,988.650024,892.650024,6.5374999,1.0,,30.68,0.0,6.43,28.2093754,
2025-09-19 05:25:25+00:00,2025-09-19 05:25:25,38.0,40.0,40.0,38.0,38.0,7.17721992222405,304.0,BO_O2_RULE,제어매트릭스 규칙 적용: NOX_LOW,38.6437492,10.0390625,988.799988,892.724976,6.55000019,1.0,,30.68,0.0,6.43,28.2093754,
2025-09-19 05:25:26+00:00,2025-09-19 05:25:26,,,,,,,,,,38.6362495,10.0656252,988.950012,892.799988,6.5374999,1.0,,30.68,0.0,6.43,28.21875,
2025-09-19 05:25:27+00:00,2025-09-19 05:25:27,,,,,,,,,,38.6362495,10.0656252,989.025024,892.875,6.5374999,1.0,,30.68,0.0,6.43,28.2093754,
2025-09-19 05:25:28+00:00,2025-09-19 05:25:28,,,,,,,,,,38.6399994,10.0828123,989.174988,892.875,6.5374999,1.0,,30.68,0.0,6.43,28.2093754,
2025-09-19 05:25:29+00:00,2025-09-19 05:25:29,,,,,,,,,,38.6437492,10.1078129,989.325012,892.950012,6.5374999,1.0,,30.68,0.0,6.43,28.2093754,
2025-09-19 05:25:30+00:00,2025-09-19 05:25:30,38.0,40.0,40.0,38.0,38.0,7.699742908899449,304.0,BO_O2_RULE,제어매트릭스 규칙 적용: NOX_LOW,38.6399994,10.1078129,989.400024,893.025024,6.5374999,1.0,0.0,30.68,0.0,6.55,28.21875,
2025-09-19 05:25:31+00:00,2025-09-19 05:25:31,,,,,,,,,,38.6362495,10.1296873,989.549988,893.025024,6.55000019,1.0,,30.68,0.0,6.55,28.2093754,
2025-09-19 05:25:32+00:00,2025-09-19 05:25:32,,,,,,,,,,38.6362495,10.1453123,989.625,893.099976,6.55000019,1.0,,30.68,0.0,6.55,28.2093754,
2025-09-19 05:25:33+00:00,2025-09-19 05:25:33,,,,,,,,,,38.6362495,10.1453123,989.625,893.099976,6.55000019,1.0,,30.68,0.0,6.55,28.2093754,
2025-09-19 05:25:34+00:00,2025-09-19 05:25:34,,,,,,,,,,38.6399994,10.15625,989.849976,893.174988,6.5374999,1.0,,30.68,0.0,6.55,28.2093754,
2025-09-19 05:25:35+00:00,2025-09-19 05:25:35,38.0,40.0,40.0,38.0,38.0,8.391672615772118,304.0,BO_O2_RULE,제어매트릭스 규칙 적용: NOX_LOW,38.6399994,10.15625,990.0,893.174988,6.55000019,1.0,,30.68,0.0,6.55,28.2093754,
2025-09-19 05:25:36+00:00,2025-09-19 05:25:36,,,,,,,,,,38.6399994,10.1656246,990.075012,893.25,6.55000019,1.0,,30.68,0.0,6.55,28.2093754,
2025-09-19 05:25:37+00:00,2025-09-19 05:25:37,,,,,,,,,,38.6474991,10.1750002,990.224976,893.325012,6.5374999,1.0,,30.68,0.0,6.55,28.03125,
2025-09-19 05:25:38+00:00,2025-09-19 05:25:38,,,,,,,,,,38.6399994,10.1750002,990.299988,893.325012,6.5374999,1.0,,30.68,0.0,6.55,28.2093754,
2025-09-19 05:25:39+00:00,2025-09-19 05:25:39,,,,,,,,,,38.6362495,10.1890621,990.450012,893.400024,6.5374999,1.0,,30.68,0.0,6.55,28.21875,
2025-09-19 05:25:40+00:00,2025-09-19 05:25:40,38.0,40.0,40.0,38.0,38.0,8.446719708332074,304.0,BO_O2_RULE,제어매트릭스 규칙 적용: NOX_LOW,38.6437492,10.2062502,990.525024,893.400024,6.5374999,1.0,,30.68,0.0,6.55,28.2093754,
2025-09-19 05:25:41+00:00,2025-09-19 05:25:41,,,,,,,,,,38.6549988,10.2062502,990.674988,893.474976,6.5374999,1.0,,30.68,0.0,6.55,28.03125,
2025-09-19 05:25:42+00:00,2025-09-19 05:25:42,,,,,,,,,,38.6287498,10.2203121,990.75,893.549988,6.5374999,1.0,,30.68,0.0,6.55,28.03125,
2025-09-19 05:25:43+00:00,2025-09-19 05:25:43,,,,,,,,,,38.6512489,10.2203121,990.900024,893.625,6.5374999,1.0,,30.68,0.0,6.55,28.03125,
2025-09-19 05:25:44+00:00,2025-09-19 05:25:44,,,,,,,,,,38.6399994,10.2406254,990.900024,893.625,6.5374999,1.0,,30.68,0.0,6.55,28.03125,
2025-09-19 05:25:45+00:00,2025-09-19 05:25:45,38.0,40.0,40.0,38.0,38.0,7.758653455163477,304.0,BO_O2_RULE,제어매트릭스 규칙 적용: NOX_LOW,38.6474991,10.2749996,991.049988,893.700012,6.5374999,1.0,0.0,30.68,0.0,6.55,28.03125,
2025-09-19 05:25:46+00:00,2025-09-19 05:25:46,,,,,,,,,,38.6474991,10.2749996,991.125,893.700012,6.5374999,1.0,,30.68,0.0,6.55,28.03125,
2025-09-19 05:25:47+00:00,2025-09-19 05:25:47,,,,,,,,,,38.6474991,10.296875,991.275024,893.775024,6.51249981,1.0,,30.68,0.0,6.55,28.03125,
2025-09-19 05:25:48+00:00,2025-09-19 05:25:48,,,,,,,,,,38.6474991,10.296875,991.275024,893.775024,6.51249981,1.0,,30.68,0.0,6.55,28.03125,
2025-09-19 05:25:49+00:00,2025-09-19 05:25:49,,,,,,,,,,38.6399994,10.3171873,991.424988,893.924988,6.375,1.0,,30.68,0.0,6.55,28.03125,
2025-09-19 05:25:50+00:00,2025-09-19 05:25:50,38.0,40.0,40.0,38.0,38.0,7.908629873762509,304.0,BO_O2_RULE,제어매트릭스 규칙 적용: NOX_LOW,38.6324997,10.3484373,991.5,893.924988,6.375,1.0,,30.68,0.0,6.44,28.03125,
2025-09-19 05:25:51+00:00,2025-09-19 05:25:51,,,,,,,,,,38.6437492,10.3484373,991.650024,894.0,6.375,1.0,,30.68,0.0,6.44,28.03125,
2025-09-19 05:25:52+00:00,2025-09-19 05:25:52,,,,,,,,,,38.6399994,10.3859377,991.724976,894.0,6.42500019,1.0,,30.68,0.0,6.44,28.03125,
2025-09-19 05:25:53+00:00,2025-09-19 05:25:53,,,,,,,,,,38.6362495,10.4140625,991.799988,894.075012,6.44999981,1.0,,30.68,0.0,6.44,28.03125,
2025-09-19 05:25:54+00:00,2025-09-19 05:25:54,,,,,,,,,,38.6362495,10.4140625,991.875,894.075012,6.44999981,1.0,,30.68,0.0,6.44,28.03125,
2025-09-19 05:25:55+00:00,2025-09-19 05:25:55,38.0,39.0,39.0,38.0,38.0,7.89333169614476,304.0,BO_O2_RULE,제어매트릭스 규칙 적용: NOX_LOW,38.6437492,10.4359379,992.025024,894.150024,6.4625001,1.0,,30.68,0.0,6.44,28.0406246,
2025-09-19 05:25:56+00:00,2025-09-19 05:25:56,,,,,,,,,,38.6474991,10.4593754,992.099976,894.224976,6.4625001,1.0,,30.68,0.0,6.44,28.03125,
2025-09-19 05:25:57+00:00,2025-09-19 05:25:57,,,,,,,,,,38.6362495,10.4593754,992.174988,894.299988,6.5,1.0,,30.68,0.0,6.44,28.03125,
2025-09-19 05:25:58+00:00,2025-09-19 05:25:58,,,,,,,,,,38.6362495,10.4828129,992.25,894.299988,6.7125001,1.0,,30.68,0.0,6.44,28.2093754,
2025-09-19 05:25:59+00:00,2025-09-19 05:25:59,,,,,,,,,,38.6437492,10.4828129,992.325012,894.375,6.7125001,1.0,,30.68,0.0,6.44,28.21875,
2025-09-19 05:26:00+00:00,2025-09-19 05:26:00,38.0,39.0,39.0,38.0,38.0,8.66461431661294,304.0,BO_O2_RULE,제어매트릭스 규칙 적용: NOX_LOW,38.6399994,10.4968748,992.400024,894.450012,6.7125001,1.0,0.0,30.68,0.0,6.71,28.21875,
2025-09-19 05:26:01+00:00,2025-09-19 05:26:01,,,,,,,,,,38.6437492,10.5031252,992.549988,894.450012,6.7125001,1.0,,30.68,0.0,6.71,28.03125,
2025-09-19 05:26:02+00:00,2025-09-19 05:26:02,,,,,,,,,,38.6437492,10.5031252,992.549988,894.450012,6.7125001,1.0,,30.68,0.0,6.71,28.03125,
2025-09-19 05:26:03+00:00,2025-09-19 05:26:03,,,,,,,,,,38.6362495,10.5031252,992.625,894.525024,6.82499981,1.0,,30.68,0.0,6.71,28.03125,
2025-09-19 05:26:04+00:00,2025-09-19 05:26:04,,,,,,,,,,38.6437492,10.5046873,992.700012,894.525024,6.875,1.0,,30.68,0.0,6.71,28.2093754,
2025-09-19 05:26:05+00:00,2025-09-19 05:26:05,38.0,39.0,39.0,38.0,38.0,9.876283849072514,304.0,BO_O2_RULE,제어매트릭스 규칙 적용: NOX_LOW,38.6324997,10.515625,992.775024,894.599976,6.875,1.0,,30.68,0.0,6.71,28.2093754,
2025-09-19 05:26:06+00:00,2025-09-19 05:26:06,,,,,,,,,,38.6437492,10.515625,992.924988,894.674988,6.88749981,1.0,,30.68,0.0,6.71,28.2093754,
2025-09-19 05:26:07+00:00,2025-09-19 05:26:07,,,,,,,,,,38.6437492,10.5281248,993.0,894.75,6.875,1.0,,30.68,0.0,6.71,28.21875,
2025-09-19 05:26:08+00:00,2025-09-19 05:26:08,,,,,,,,,,38.6362495,10.5281248,993.0,894.75,6.875,1.0,,30.68,0.0,6.71,28.2093754,
2025-09-19 05:26:09+00:00,2025-09-19 05:26:09,,,,,,,,,,38.6362495,10.5281248,993.150024,894.825012,6.88749981,1.0,,30.68,0.0,6.71,28.2093754,
2025-09-19 05:26:10+00:00,2025-09-19 05:26:10,38.0,39.0,39.0,38.0,38.0,9.990735915518831,304.0,BO_O2_RULE,제어매트릭스 규칙 적용: NOX_LOW,38.6324997,10.5218754,993.150024,894.900024,6.88749981,1.0,,30.68,0.0,6.89,28.21875,
2025-09-19 05:26:11+00:00,2025-09-19 05:26:11,,,,,,,,,,38.6737518,10.5218754,993.299988,894.900024,6.875,1.0,,30.68,0.0,6.89,28.21875,
2025-09-19 05:26:12+00:00,2025-09-19 05:26:12,,,,,,,,,,38.6437492,10.5203123,993.375,894.900024,6.875,1.0,,30.68,0.0,6.89,28.2093754,
2025-09-19 05:26:13+00:00,2025-09-19 05:26:13,,,,,,,,,,38.6474991,10.53125,993.450012,895.049988,7.2249999,1.0,,30.68,0.0,6.89,28.2093754,
2025-09-19 05:26:14+00:00,2025-09-19 05:26:14,,,,,,,,,,38.6399994,10.53125,993.525024,895.049988,7.38749981,1.0,,30.68,0.0,6.89,28.21875,
2025-09-19 05:26:15+00:00,2025-09-19 05:26:15,38.0,39.0,39.0,38.0,38.0,9.887483965154125,304.0,BO_O2_RULE,제어매트릭스 규칙 적용: NOX_LOW,38.6437492,10.5406246,993.674988,895.125,7.375,1.0,0.0,30.68,0.0,6.89,28.21875,
2025-09-19 05:26:16+00:00,2025-09-19 05:26:16,,,,,,,,,,38.6437492,10.5406246,993.75,895.200012,7.38749981,1.0,,30.68,0.0,6.89,28.21875,
2025-09-19 05:26:17+00:00,2025-09-19 05:26:17,,,,,,,,,,38.6474991,10.5453129,993.825012,895.200012,7.375,1.0,,30.68,0.0,6.89,28.2093754,
2025-09-19 05:26:18+00:00,2025-09-19 05:26:18,,,,,,,,,,38.6512489,10.5562496,993.900024,895.275024,7.51249981,1.0,,30.68,0.0,6.89,28.21875,
2025-09-19 05:26:19+00:00,2025-09-19 05:26:19,,,,,,,,,,38.6474991,10.5562496,993.974976,895.349976,8.13749981,1.0,,30.68,0.0,6.89,28.21875,
2025-09-19 05:26:20+00:00,2025-09-19 05:26:20,39.0,39.0,39.0,39.0,39.0,11.06299181133186,100.0,BO_ONLY,BO 모델 결과만 사용,38.6437492,10.5749998,994.049988,895.349976,8.13749981,1.0,,30.68,0.0,8.16,28.2093754,
2025-09-19 05:26:21+00:00,2025-09-19 05:26:21,,,,,,,,,,38.6399994,10.5859375,994.200012,895.424988,8.13749981,1.0,,30.68,0.0,8.16,28.2093754,
2025-09-19 05:26:22+00:00,2025-09-19 05:26:22,,,,,,,,,,38.6437492,10.5859375,994.275024,895.424988,8.13749981,1.0,,30.68,0.0,8.16,28.2093754,
2025-09-19 05:26:23+00:00,2025-09-19 05:26:23,,,,,,,,,,39.4724998,10.5953121,994.349976,895.5,8.78750038,1.0,,30.68,0.0,8.16,28.21875,
2025-09-19 05:26:24+00:00,2025-09-19 05:26:24,,,,,,,,,,39.7312508,10.5984373,994.424988,895.575012,9.14999962,1.0,,30.68,0.0,8.16,28.2093754,
2025-09-19 05:26:25+00:00,2025-09-19 05:26:25,39.0,39.0,39.0,39.0,39.0,12.376823483095006,100.0,BO_ONLY,BO 모델 결과만 사용,39.7350006,10.5984373,994.5,895.575012,9.14999962,1.0,,30.68,0.0,8.16,28.21875,
2025-09-19 05:26:26+00:00,2025-09-19 05:26:26,,,,,,,,,,39.7350006,10.6031246,994.575012,895.650024,9.14999962,1.0,,30.68,0.0,8.16,28.3968754,
2025-09-19 05:26:27+00:00,2025-09-19 05:26:27,,,,,,,,,,39.7275009,10.6031246,994.650024,895.724976,9.14999962,1.0,,30.68,0.0,8.16,28.5562496,
2025-09-19 05:26:28+00:00,2025-09-19 05:26:28,,,,,,,,,,39.7350006,10.6187496,994.724976,895.724976,9.39999962,1.0,,30.68,0.0,8.16,29.1375008,
2025-09-19 05:26:29+00:00,2025-09-19 05:26:29,,,,,,,,,,39.7387505,10.6453123,994.875,895.799988,10.5,1.0,,30.68,0.0,8.16,29.2406254,
2025-09-19 05:26:30+00:00,2025-09-19 05:26:30,39.0,39.0,39.0,39.0,39.0,13.015551276383407,100.0,BO_ONLY,BO 모델 결과만 사용,39.7350006,10.6453123,994.950012,895.799988,10.5,1.0,0.0,30.68,0.0,10.51,29.5499992,
2025-09-19 05:26:31+00:00,2025-09-19 05:26:31,,,,,,,,,,39.7387505,10.6578121,995.025024,895.875,10.4875002,1.0,,30.68,0.0,10.51,29.7843742,
2025-09-19 05:26:32+00:00,2025-09-19 05:26:32,,,,,,,,,,39.7462502,10.6578121,995.025024,895.950012,10.4875002,1.0,,30.68,0.0,10.51,29.90625,
2025-09-19 05:26:33+00:00,2025-09-19 05:26:33,,,,,,,,,,39.7425003,10.6578121,995.174988,896.025024,10.9875002,1.0,,30.68,0.0,10.51,29.8968754,
2025-09-19 05:26:34+00:00,2025-09-19 05:26:34,,,,,,,,,,39.7425003,10.6421871,995.25,896.025024,11.25,1.0,,30.68,0.0,10.51,29.90625,
2025-09-19 05:26:35+00:00,2025-09-19 05:26:35,39.0,39.0,39.0,39.0,39.0,13.905917179479788,100.0,BO_ONLY,BO 모델 결과만 사용,39.7387505,10.6421871,995.325012,896.099976,11.2624998,1.0,,30.68,0.0,10.51,29.90625,
2025-09-19 05:26:36+00:00,2025-09-19 05:26:36,,,,,,,,,,39.7350006,10.6343746,995.400024,896.099976,11.2624998,1.0,,30.68,0.0,10.51,29.90625,
2025-09-19 05:26:37+00:00,2025-09-19 05:26:37,,,,,,,,,,39.7237511,10.6296873,995.474976,896.174988,11.2624998,1.0,,30.68,0.0,10.51,29.8968754,
2025-09-19 05:26:38+00:00,2025-09-19 05:26:38,,,,,,,,,,39.7275009,10.6296873,995.549988,896.174988,11.2624998,1.0,,30.68,0.0,10.51,29.90625,
2025-09-19 05:26:39+00:00,2025-09-19 05:26:39,,,,,,,,,,39.7387505,10.6187496,995.625,896.25,11.2624998,1.0,,30.68,0.0,10.51,29.90625,
2025-09-19 05:26:40+00:00,2025-09-19 05:26:40,39.0,39.0,39.0,39.0,39.0,14.01312100387652,100.0,BO_ONLY,BO 모델 결과만 사용,39.7387505,10.6015625,995.700012,896.325012,11.2624998,1.0,,30.68,0.0,11.27,29.90625,
2025-09-19 05:26:41+00:00,2025-09-19 05:26:41,,,,,,,,,,39.7200012,10.6015625,995.849976,896.325012,11.2624998,1.0,,30.68,0.0,11.27,29.90625,
2025-09-19 05:26:42+00:00,2025-09-19 05:26:42,,,,,,,,,,39.7387505,10.5812502,995.849976,896.400024,11.2624998,1.0,,30.68,0.0,11.27,29.8968754,
2025-09-19 05:26:43+00:00,2025-09-19 05:26:43,,,,,,,,,,39.7350006,10.5593748,995.924988,896.474976,12.3999996,1.0,,30.68,0.0,11.27,29.90625,
2025-09-19 05:26:44+00:00,2025-09-19 05:26:44,,,,,,,,,,39.7387505,10.5593748,996.075012,896.549988,13.0249996,1.0,,30.68,0.0,11.27,29.90625,
2025-09-19 05:26:45+00:00,2025-09-19 05:26:45,39.0,39.0,39.0,39.0,39.0,14.521865553111354,100.0,BO_ONLY,BO 모델 결과만 사용,39.7275009,10.5375004,996.150024,896.549988,13.0249996,1.0,0.0,30.68,0.0,11.27,29.90625,
2025-09-19 05:26:46+00:00,2025-09-19 05:26:46,,,,,,,,,,39.7350006,10.5375004,996.224976,896.625,13.0249996,1.0,,30.68,0.0,11.27,29.90625,
2025-09-19 05:26:47+00:00,2025-09-19 05:26:47,,,,,,,,,,39.7350006,10.5124998,996.299988,896.625,13.0249996,1.0,,30.68,0.0,11.27,29.90625,
2025-09-19 05:26:48+00:00,2025-09-19 05:26:48,,,,,,,,,,39.7312508,10.4734373,996.450012,896.700012,13.9499998,1.0,,30.68,0.0,11.27,29.90625,
2025-09-19 05:26:49+00:00,2025-09-19 05:26:49,,,,,,,,,,39.7350006,10.4734373,996.525024,896.775024,13.9624996,1.0,,30.68,0.0,11.27,29.90625,
2025-09-19 05:26:50+00:00,2025-09-19 05:26:50,40.0,40.0,40.0,40.0,40.0,15.322712826960844,100.0,BO_ONLY,BO 모델 결과만 사용,39.7387505,10.4234371,996.599976,896.775024,13.9499998,1.0,,30.68,0.0,14.03,29.8968754,
2025-09-19 05:26:51+00:00,2025-09-19 05:26:51,,,,,,,,,,39.7312508,10.4234371,996.75,896.849976,13.9499998,1.0,,30.68,0.0,14.03,29.90625,
2025-09-19 05:26:52+00:00,2025-09-19 05:26:52,,,,,,,,,,39.9749985,10.3609371,996.75,896.924988,13.9624996,1.0,,30.68,0.0,14.03,29.90625,
2025-09-19 05:26:53+00:00,2025-09-19 05:26:53,,,,,,,,,,40.7512512,10.2859373,996.900024,897.0,14.625,1.0,,30.68,0.0,14.03,29.90625,
2025-09-19 05:26:54+00:00,2025-09-19 05:26:54,,,,,,,,,,40.7737503,10.2859373,997.049988,897.0,14.9750004,1.0,,30.68,0.0,14.03,29.8968754,
2025-09-19 05:26:55+00:00,2025-09-19 05:26:55,40.0,40.0,40.0,40.0,40.0,17.09284161760899,100.0,BO_ONLY,BO 모델 결과만 사용,40.78125,10.2203121,997.125,897.075012,14.9750004,1.0,,30.68,0.0,14.03,29.9249992,
2025-09-19 05:26:56+00:00,2025-09-19 05:26:56,,,,,,,,,,40.8074989,10.1625004,997.200012,897.075012,14.9875002,1.0,,30.68,0.0,14.03,30.328125,
2025-09-19 05:26:57+00:00,2025-09-19 05:26:57,,,,,,,,,,40.7962494,10.1625004,997.349976,897.150024,14.9875002,1.0,,30.68,0.0,14.03,30.6375008,
2025-09-19 05:26:58+00:00,2025-09-19 05:26:58,,,,,,,,,,40.7737503,10.1031246,997.424988,897.224976,16.6625004,1.0,,30.68,0.0,14.03,31.0499992,
2025-09-19 05:26:59+00:00,2025-09-19 05:26:59,,,,,,,,,,40.7999992,10.1031246,997.5,897.299988,16.6625004,1.0,,30.68,0.0,14.03,31.4156246,
2025-09-19 05:27:00+00:00,2025-09-19 05:27:00,40.0,40.0,40.0,40.0,40.0,17.789822853051795,100.0,BO_ONLY,BO 모델 결과만 사용,40.7737503,10.0296879,997.650024,897.299988,16.6625004,1.0,0.0,30.68,0.0,16.7,31.4156246,
2025-09-19 05:27:01+00:00,2025-09-19 05:27:01,,,,,,,,,,40.7849998,9.97343731,997.724976,897.450012,16.6625004,1.0,,30.68,0.0,16.7,31.59375,
2025-09-19 05:27:02+00:00,2025-09-19 05:27:02,,,,,,,,,,40.7550011,9.97343731,997.799988,897.450012,16.6625004,1.0,,30.68,0.0,16.7,31.7625008,
2025-09-19 05:27:03+00:00,2025-09-19 05:27:03,,,,,,,,,,40.7587509,9.92343712,997.950012,897.525024,17.3624992,1.0,,30.68,0.0,16.7,31.78125,
2025-09-19 05:27:04+00:00,2025-09-19 05:27:04,,,,,,,,,,40.7962494,9.87656212,998.099976,897.525024,17.6749992,1.0,,30.68,0.0,16.7,31.7906246,
2025-09-19 05:27:05+00:00,2025-09-19 05:27:05,40.0,40.0,40.0,40.0,40.0,19.704965880754877,100.0,BO_ONLY,BO 모델 결과만 사용,40.8037491,9.87656212,998.174988,897.599976,17.6625004,1.0,,30.68,0.0,16.7,31.78125,
2025-09-19 05:27:06+00:00,2025-09-19 05:27:06,,,,,,,,,,40.7512512,9.8515625,998.325012,897.674988,17.6749992,1.0,,30.68,0.0,16.7,31.78125,
2025-09-19 05:27:07+00:00,2025-09-19 05:27:07,,,,,,,,,,40.78125,9.8515625,998.474976,897.75,17.6749992,1.0,,30.68,0.0,16.7,31.78125,
2025-09-19 05:27:08+00:00,2025-09-19 05:27:08,,,,,,,,,,40.7550011,9.8125,998.549988,897.825012,17.5,1.0,,30.68,0.0,16.7,31.78125,
2025-09-19 05:27:09+00:00,2025-09-19 05:27:09,,,,,,,,,,40.8149986,9.76249981,998.700012,897.825012,17.5,1.0,,30.68,0.0,16.7,31.9406242,
2025-09-19 05:27:10+00:00,2025-09-19 05:27:10,40.0,40.0,40.0,40.0,40.0,19.89651141461605,100.0,BO_ONLY,BO 모델 결과만 사용,40.7662506,9.76249981,998.775024,897.900024,17.5,1.0,,30.68,0.0,17.52,31.8093758,
2025-09-19 05:27:11+00:00,2025-09-19 05:27:11,,,,,,,,,,40.7775002,9.72968769,998.924988,897.974976,17.5,1.0,,30.68,0.0,17.52,31.78125,
2025-09-19 05:27:12+00:00,2025-09-19 05:27:12,,,,,,,,,,40.7550011,9.71406269,999.075012,897.974976,17.5,1.0,,30.68,0.0,17.52,31.78125,
2025-09-19 05:27:13+00:00,2025-09-19 05:27:13,,,,,,,,,,40.8037491,9.71406269,999.224976,898.125,18.0874996,1.0,,30.68,0.0,17.52,31.78125,
2025-09-19 05:27:14+00:00,2025-09-19 05:27:14,,,,,,,,,,40.7550011,9.69375038,999.299988,898.125,18.3500004,1.0,,30.68,0.0,17.52,31.78125,
2025-09-19 05:27:15+00:00,2025-09-19 05:27:15,40.0,40.0,40.0,40.0,40.0,18.641399689431815,100.0,BO_ONLY,BO 모델 결과만 사용,40.7887497,9.69375038,999.450012,898.200012,18.3374996,1.0,0.0,30.68,0.0,17.52,31.78125,
2025-09-19 05:27:16+00:00,2025-09-19 05:27:16,,,,,,,,,,40.8074989,9.64999962,999.525024,898.200012,18.3500004,1.0,,30.68,0.0,17.52,31.78125,
2025-09-19 05:27:17+00:00,2025-09-19 05:27:17,,,,,,,,,,40.7962494,9.5859375,999.75,898.349976,18.3500004,1.0,,30.68,0.0,17.52,31.78125,
2025-09-19 05:27:18+00:00,2025-09-19 05:27:18,,,,,,,,,,40.7737503,9.5859375,999.825012,898.349976,19.0874996,1.0,,30.68,0.0,17.52,31.78125,
2025-09-19 05:27:19+00:00,2025-09-19 05:27:19,,,,,,,,,,40.7512512,9.52812481,999.974976,898.5,19.1000004,1.0,,30.68,0.0,17.52,31.78125,
2025-09-19 05:27:20+00:00,2025-09-19 05:27:20,40.0,40.0,40.0,40.0,40.0,16.93317669177451,100.0,BO_ONLY,BO 모델 결과만 사용,40.8112488,9.47031212,1000.125,898.5,19.1000004,1.0,,30.68,0.0,19.11,31.78125,
2025-09-19 05:27:21+00:00,2025-09-19 05:27:21,,,,,,,,,,40.7887497,9.47031212,1000.27502,898.575012,19.1000004,1.0,,30.68,0.0,19.11,31.78125,
2025-09-19 05:27:22+00:00,2025-09-19 05:27:22,,,,,,,,,,40.7512512,9.40781212,1000.42499,898.650024,19.1000004,1.0,,30.68,0.0,19.11,31.78125,
2025-09-19 05:27:23+00:00,2025-09-19 05:27:23,,,,,,,,,,40.8149986,9.40781212,1000.57501,898.650024,19.1000004,1.0,,30.68,0.0,19.11,31.78125,
2025-09-19 05:27:24+00:00,2025-09-19 05:27:24,,,,,,,,,,40.7587509,9.359375,1000.72498,898.724976,19.1000004,1.0,,30.68,0.0,19.11,31.78125,
2025-09-19 05:27:25+00:00,2025-09-19 05:27:25,41.0,41.0,41.0,41.0,41.0,17.81161194437107,100.0,BO_ONLY,BO 모델 결과만 사용,40.7587509,9.30937481,1000.95001,898.799988,19.1000004,1.0,,30.68,0.0,19.11,31.78125,
2025-09-19 05:27:26+00:00,2025-09-19 05:27:26,,,,,,,,,,40.78125,9.30937481,1001.02502,898.875,19.1000004,1.0,,30.68,0.0,19.11,31.78125,
2025-09-19 05:27:27+00:00,2025-09-19 05:27:27,,,,,,,,,,40.9575005,9.2578125,1001.25,898.950012,19.1000004,1.0,,30.68,0.0,19.11,31.78125,
2025-09-19 05:27:28+00:00,2025-09-19 05:27:28,,,,,,,,,,41.7787514,9.21406269,1001.32501,899.025024,19.5125008,1.0,,30.68,0.0,19.11,31.78125,
2025-09-19 05:27:29+00:00,2025-09-19 05:27:29,,,,,,,,,,41.8199997,9.21406269,1001.47498,899.099976,19.5249996,1.0,,30.68,0.0,19.11,31.78125,
2025-09-19 05:27:30+00:00,2025-09-19 05:27:30,42.0,42.0,42.0,42.0,42.0,17.45868401739435,100.0,BO_ONLY,BO 모델 결과만 사용,41.8199997,9.17812538,1001.625,899.099976,19.5249996,1.0,0.0,30.68,0.0,19.57,31.8093758,
2025-09-19 05:27:31+00:00,2025-09-19 05:27:31,,,,,,,,,,41.8237495,9.17812538,1001.84998,899.25,19.5249996,1.0,,30.68,0.0,19.57,32.1281242,
2025-09-19 05:27:32+00:00,2025-09-19 05:27:32,,,,,,,,,,41.8199997,9.14375019,1002.0,899.325012,19.5249996,1.0,,30.68,0.0,19.57,32.4562492,
2025-09-19 05:27:33+00:00,2025-09-19 05:27:33,,,,,,,,,,42.8250008,9.12031269,1002.15002,899.325012,19.7124996,1.0,,30.68,0.0,19.57,32.8687515,
2025-09-19 05:27:34+00:00,2025-09-19 05:27:34,,,,,,,,,,42.8849983,9.12031269,1002.375,899.400024,19.7749996,1.0,,30.68,0.0,19.57,33.0374985,
2025-09-19 05:27:35+00:00,2025-09-19 05:27:35,42.0,42.0,42.0,42.0,42.0,16.714112510400614,100.0,BO_ONLY,BO 모델 결과만 사용,42.8812485,9.09687519,1002.45001,899.474976,19.7749996,1.0,,30.68,0.0,19.57,33.3843765,
2025-09-19 05:27:36+00:00,2025-09-19 05:27:36,,,,,,,,,,42.8925018,9.07343769,1002.59998,899.549988,19.7749996,1.0,,30.68,0.0,19.57,33.6749992,
2025-09-19 05:27:37+00:00,2025-09-19 05:27:37,,,,,,,,,,42.8887482,9.07343769,1002.82501,899.549988,19.7749996,1.0,,30.68,0.0,19.57,34.2281265,
2025-09-19 05:27:38+00:00,2025-09-19 05:27:38,,,,,,,,,,42.8624992,9.06718731,1002.90002,899.700012,19.5249996,1.0,,30.68,0.0,19.57,34.4625015,
2025-09-19 05:27:39+00:00,2025-09-19 05:27:39,,,,,,,,,,42.8925018,9.06718731,1003.125,899.775024,19.5249996,1.0,,30.68,0.0,19.57,34.9031258,
2025-09-19 05:27:40+00:00,2025-09-19 05:27:40,42.0,42.0,42.0,42.0,42.0,16.793672060943567,100.0,BO_ONLY,BO 모델 결과만 사용,42.8699989,9.07656288,1003.27502,899.849976,19.5249996,1.0,,30.68,0.0,19.53,35.109375,
2025-09-19 05:27:41+00:00,2025-09-19 05:27:41,,,,,,,,,,42.8962517,9.08749962,1003.42499,899.849976,19.5125008,1.0,,30.68,0.0,19.53,35.1187515,
2025-09-19 05:27:42+00:00,2025-09-19 05:27:42,,,,,,,,,,42.8887482,9.08749962,1003.57501,899.924988,19.5249996,1.0,,30.68,0.0,19.53,35.1187515,
2025-09-19 05:27:43+00:00,2025-09-19 05:27:43,,,,,,,,,,42.8887482,9.10624981,1003.79999,900.0,19.6499996,1.0,,30.68,0.0,19.53,35.1187515,
2025-09-19 05:27:44+00:00,2025-09-19 05:27:44,,,,,,,,,,42.8962517,9.11562538,1003.875,900.075012,19.6875,1.0,,30.68,0.0,19.53,35.1281242,
2025-09-19 05:27:45+00:00,2025-09-19 05:27:45,42.0,42.0,42.0,42.0,42.0,16.933772217750743,100.0,BO_ONLY,BO 모델 결과만 사용,42.8774986,9.11562538,1004.02502,900.150024,19.6875,1.0,0.0,30.68,0.0,19.53,35.3062515,
2025-09-19 05:27:46+00:00,2025-09-19 05:27:46,,,,,,,,,,42.8699989,9.12187481,1004.17499,900.224976,19.6875,1.0,,30.68,0.0,19.53,35.3062515,
2025-09-19 05:27:47+00:00,2025-09-19 05:27:47,,,,,,,,,,42.8925018,9.12187481,1004.40002,900.299988,19.6875,1.0,,30.68,0.0,19.53,35.3062515,
2025-09-19 05:27:48+00:00,2025-09-19 05:27:48,,,,,,,,,,42.8849983,9.13906288,1004.47498,900.375,19.6875,1.0,,30.68,0.0,19.53,35.3062515,
2025-09-19 05:27:49+00:00,2025-09-19 05:27:49,,,,,,,,,,42.8849983,9.15781212,1004.70001,900.525024,19.6875,1.0,,30.68,0.0,19.53,35.3062515,
2025-09-19 05:27:50+00:00,2025-09-19 05:27:50,42.0,42.0,42.0,42.0,42.0,16.466841640807925,100.0,BO_ONLY,BO 모델 결과만 사용,42.8925018,9.15781212,1004.84998,900.525024,19.6875,1.0,,30.68,0.0,19.69,35.3062515,
2025-09-19 05:27:51+00:00,2025-09-19 05:27:51,,,,,,,,,,42.8849983,9.17656231,1005.0,900.599976,19.6875,1.0,,30.68,0.0,19.69,35.3062515,
2025-09-19 05:27:52+00:00,2025-09-19 05:27:52,,,,,,,,,,42.8849983,9.19062519,1005.15002,900.599976,19.6875,1.0,,30.68,0.0,19.69,35.3062515,
2025-09-19 05:27:53+00:00,2025-09-19 05:27:53,,,,,,,,,,42.9000015,9.19062519,1005.29999,900.75,19.8875008,1.0,,30.68,0.0,19.69,35.3062515,
2025-09-19 05:27:54+00:00,2025-09-19 05:27:54,,,,,,,,,,42.8812485,9.20937538,1005.45001,900.75,19.9500008,1.0,,30.68,0.0,19.69,35.3062515,
2025-09-19 05:27:55+00:00,2025-09-19 05:27:55,41.0,41.0,41.0,41.0,41.0,16.37519175323902,100.0,BO_ONLY,BO 모델 결과만 사용,42.8925018,9.20937538,1005.59998,900.900024,19.9375,1.0,,30.68,0.0,19.69,35.3062515,
2025-09-19 05:27:56+00:00,2025-09-19 05:27:56,,,,,,,,,,42.8887482,9.234375,1005.75,900.974976,19.9500008,1.0,,30.68,0.0,19.69,35.3062515,
2025-09-19 05:27:57+00:00,2025-09-19 05:27:57,,,,,,,,,,42.4199982,9.26249981,1005.90002,901.049988,19.9500008,1.0,,30.68,0.0,19.69,35.3062515,
2025-09-19 05:27:58+00:00,2025-09-19 05:27:58,,,,,,,,,,41.8424988,9.26249981,1006.04999,901.125,19.3500004,1.0,,30.68,0.0,19.69,35.3062515,
2025-09-19 05:27:59+00:00,2025-09-19 05:27:59,,,,,,,,,,41.8349991,9.296875,1006.20001,901.200012,19.3624992,1.0,,30.68,0.0,19.69,35.2218742,
2025-09-19 05:28:00+00:00,2025-09-19 05:28:00,41.0,41.0,41.0,41.0,41.0,16.44689366028288,100.0,BO_ONLY,BO 모델 결과만 사용,41.8274994,9.32656288,1006.34998,901.275024,19.3624992,1.0,0.0,30.68,0.0,19.42,35.1187515,
2025-09-19 05:28:01+00:00,2025-09-19 05:28:01,,,,,,,,,,41.8312492,9.32656288,1006.5,901.349976,19.3500004,1.0,,30.68,0.0,19.42,35.0531235,
2025-09-19 05:28:02+00:00,2025-09-19 05:28:02,,,,,,,,,,41.8687515,9.35468769,1006.57501,901.424988,19.3500004,1.0,,30.68,0.0,19.42,34.4718742,
2025-09-19 05:28:03+00:00,2025-09-19 05:28:03,,,,,,,,,,41.8274994,9.35468769,1006.79999,901.5,19.1000004,1.0,,30.68,0.0,19.42,34.2093735,
2025-09-19 05:28:04+00:00,2025-09-19 05:28:04,,,,,,,,,,41.8312492,9.38749981,1006.95001,901.575012,19.0125008,1.0,,30.68,0.0,19.42,33.9187508,
2025-09-19 05:28:05+00:00,2025-09-19 05:28:05,40.0,40.0,40.0,40.0,40.0,17.080669233235497,100.0,BO_ONLY,BO 모델 결과만 사용,41.8349991,9.41093731,1007.09998,901.650024,19.0125008,1.0,,30.68,0.0,19.42,33.6749992,
2025-09-19 05:28:06+00:00,2025-09-19 05:28:06,,,,,,,,,,41.8312492,9.41093731,1007.25,901.799988,19.0125008,1.0,,30.68,0.0,19.42,33.65625,
2025-09-19 05:28:07+00:00,2025-09-19 05:28:07,,,,,,,,,,41.8274994,9.42500019,1007.40002,901.799988,19.0125008,1.0,,30.68,0.0,19.42,33.65625,
2025-09-19 05:28:08+00:00,2025-09-19 05:28:08,,,,,,,,,,40.9087486,9.43281269,1007.54999,901.950012,18.6749992,1.0,,30.68,0.0,19.42,33.65625,
2025-09-19 05:28:09+00:00,2025-09-19 05:28:09,,,,,,,,,,40.7999992,9.43281269,1007.625,901.950012,18.6749992,1.0,,30.68,0.0,19.42,33.65625,
2025-09-19 05:28:10+00:00,2025-09-19 05:28:10,40.0,40.0,40.0,40.0,40.0,14.848642107339948,100.0,BO_ONLY,BO 모델 결과만 사용,40.8149986,9.44375038,1007.77502,902.025024,18.6749992,1.0,,30.68,0.0,18.67,33.6468735,
2025-09-19 05:28:11+00:00,2025-09-19 05:28:11,,,,,,,,,,40.8149986,9.44375038,1007.92499,902.099976,18.6749992,1.0,,30.68,0.0,18.67,33.28125,
2025-09-19 05:28:12+00:00,2025-09-19 05:28:12,,,,,,,,,,40.7924995,9.44999981,1008.07501,902.25,18.6749992,1.0,,30.68,0.0,18.67,32.8875008,
2025-09-19 05:28:13+00:00,2025-09-19 05:28:13,,,,,,,,,,40.7962494,9.46249962,1008.22498,902.325012,18.6749992,1.0,,30.68,0.0,18.67,32.4562492,
2025-09-19 05:28:14+00:00,2025-09-19 05:28:14,,,,,,,,,,40.7849998,9.46249962,1008.375,902.474976,18.6749992,1.0,,30.68,0.0,18.67,32.1468735,
2025-09-19 05:28:15+00:00,2025-09-19 05:28:15,40.0,40.0,40.0,40.0,40.0,14.012207503657928,100.0,BO_ONLY,BO 모델 결과만 사용,40.8037491,9.47187519,1008.45001,902.474976,18.6749992,1.0,0.0,30.68,0.0,18.67,32.1468735,
2025-09-19 05:28:16+00:00,2025-09-19 05:28:16,,,,,,,,,,40.8149986,9.48593712,1008.67499,902.625,18.6749992,1.0,,30.68,0.0,18.67,31.96875,
2025-09-19 05:28:17+00:00,2025-09-19 05:28:17,,,,,,,,,,40.8187485,9.48593712,1008.75,902.700012,18.6749992,1.0,,30.68,0.0,18.67,31.7999992,
2025-09-19 05:28:18+00:00,2025-09-19 05:28:18,,,,,,,,,,40.8074989,9.49843788,1008.97498,902.775024,18.1749992,1.0,,30.68,0.0,18.67,31.78125,
2025-09-19 05:28:19+00:00,2025-09-19 05:28:19,,,,,,,,,,40.8112488,9.49843788,1009.04999,902.849976,18.1749992,1.0,,30.68,0.0,18.67,31.78125,
2025-09-19 05:28:20+00:00,2025-09-19 05:28:20,40.0,40.0,40.0,40.0,40.0,15.128661118098753,100.0,BO_ONLY,BO 모델 결과만 사용,40.7887497,9.50312519,1009.20001,902.924988,18.1749992,1.0,,30.68,0.0,18.22,31.78125,
2025-09-19 05:28:21+00:00,2025-09-19 05:28:21,,,,,,,,,,40.7587509,9.515625,1009.34998,903.0,18.1749992,1.0,,30.68,0.0,18.22,31.7906246,
2025-09-19 05:28:22+00:00,2025-09-19 05:28:22,,,,,,,,,,40.7587509,9.515625,1009.5,903.150024,18.1749992,1.0,,30.68,0.0,18.22,31.78125,
2025-09-19 05:28:23+00:00,2025-09-19 05:28:23,,,,,,,,,,40.7737503,9.5390625,1009.65002,903.150024,17.9249992,1.0,,30.68,0.0,18.22,31.78125,
2025-09-19 05:28:24+00:00,2025-09-19 05:28:24,,,,,,,,,,40.7924995,9.55624962,1009.79999,903.224976,17.8374996,1.0,,30.68,0.0,18.22,31.78125,
2025-09-19 05:28:25+00:00,2025-09-19 05:28:25,40.0,40.0,40.0,40.0,40.0,15.235547815040917,100.0,BO_ONLY,BO 모델 결과만 사용,40.7700005,9.55624962,1009.95001,903.299988,17.8374996,1.0,,30.68,0.0,18.22,31.6687508,
2025-09-19 05:28:26+00:00,2025-09-19 05:28:26,,,,,,,,,,40.7775002,9.57656288,1010.09998,903.450012,17.8374996,1.0,,30.68,0.0,18.22,31.59375,
2025-09-19 05:28:27+00:00,2025-09-19 05:28:27,,,,,,,,,,40.7887497,9.57656288,1010.25,903.525024,17.8374996,1.0,,30.68,0.0,18.22,31.59375,
2025-09-19 05:28:28+00:00,2025-09-19 05:28:28,,,,,,,,,,40.7962494,9.60000038,1010.40002,903.674988,17.5874996,1.0,,30.68,0.0,18.22,31.59375,
2025-09-19 05:28:29+00:00,2025-09-19 05:28:29,,,,,,,,,,40.7625008,9.60312462,1010.47498,903.674988,17.5874996,1.0,,30.68,0.0,18.22,31.59375,
2025-09-19 05:28:30+00:00,2025-09-19 05:28:30,40.0,40.0,40.0,40.0,40.0,14.824196572186944,100.0,BO_ONLY,BO 모델 결과만 사용,40.8074989,9.60312462,1010.70001,903.825012,17.5874996,1.0,0.0,30.68,0.0,17.64,31.78125,
2025-09-19 05:28:31+00:00,2025-09-19 05:28:31,,,,,,,,,,40.78125,9.58749962,1010.84998,903.900024,17.5874996,1.0,,30.68,0.0,17.64,31.7718754,
2025-09-19 05:28:32+00:00,2025-09-19 05:28:32,,,,,,,,,,40.7550011,9.57656288,1011.0,903.974976,17.5874996,1.0,,30.68,0.0,17.64,31.78125,
2025-09-19 05:28:33+00:00,2025-09-19 05:28:33,,,,,,,,,,40.7887497,9.57656288,1011.15002,904.049988,17.4624996,1.0,,30.68,0.0,17.64,31.78125,
2025-09-19 05:28:34+00:00,2025-09-19 05:28:34,,,,,,,,,,40.7550011,9.56718731,1011.29999,904.200012,17.4125004,1.0,,30.68,0.0,17.64,31.78125,
2025-09-19 05:28:35+00:00,2025-09-19 05:28:35,39.0,39.0,39.0,39.0,39.0,14.982142272603326,100.0,BO_ONLY,BO 모델 결과만 사용,40.7775002,9.56718731,1011.45001,904.200012,17.4125004,1.0,,30.68,0.0,17.64,31.78125,
2025-09-19 05:28:36+00:00,2025-09-19 05:28:36,,,,,,,,,,40.7587509,9.55156231,1011.59998,904.349976,17.4125004,1.0,,30.68,0.0,17.64,31.78125,
2025-09-19 05:28:37+00:00,2025-09-19 05:28:37,,,,,,,,,,40.0012512,9.53593731,1011.75,904.424988,17.4125004,1.0,,30.68,0.0,17.64,31.78125,
2025-09-19 05:28:38+00:00,2025-09-19 05:28:38,,,,,,,,,,39.7574997,9.53593731,1011.97498,904.575012,17.4125004,1.0,,30.68,0.0,17.64,31.78125,
2025-09-19 05:28:39+00:00,2025-09-19 05:28:39,,,,,,,,,,39.7425003,9.52968788,1012.04999,904.650024,17.4249992,1.0,,30.68,0.0,17.64,31.78125,
2025-09-19 05:28:40+00:00,2025-09-19 05:28:40,39.0,39.0,39.0,39.0,39.0,15.048338060339596,100.0,BO_ONLY,BO 모델 결과만 사용,39.7387505,9.53437519,1012.27502,904.724976,17.4125004,1.0,,30.68,0.0,17.49,31.4437504,
2025-09-19 05:28:41+00:00,2025-09-19 05:28:41,,,,,,,,,,39.7425003,9.53437519,1012.42499,904.799988,17.4125004,1.0,,30.68,0.0,17.49,31.2937508,
2025-09-19 05:28:42+00:00,2025-09-19 05:28:42,,,,,,,,,,39.7387505,9.53593731,1012.65002,904.875,17.4125004,1.0,,30.68,0.0,17.49,30.796875,
2025-09-19 05:28:43+00:00,2025-09-19 05:28:43,,,,,,,,,,39.7350006,9.53593731,1012.72498,904.950012,16.9750004,1.0,,30.68,0.0,17.49,30.6375008,
2025-09-19 05:28:44+00:00,2025-09-19 05:28:44,,,,,,,,,,39.7275009,9.53593731,1012.95001,905.099976,16.8250008,1.0,,30.68,0.0,17.49,30.2906246,
2025-09-19 05:28:45+00:00,2025-09-19 05:28:45,39.0,39.0,39.0,39.0,39.0,15.185739553427782,100.0,BO_ONLY,BO 모델 결과만 사용,39.7275009,9.5390625,1013.09998,905.174988,16.8250008,1.0,0.0,30.68,0.0,17.49,30.09375,
2025-09-19 05:28:46+00:00,2025-09-19 05:28:46,,,,,,,,,,39.7387505,9.5390625,1013.25,905.325012,16.8250008,1.0,,30.68,0.0,17.49,29.90625,
2025-09-19 05:28:47+00:00,2025-09-19 05:28:47,,,,,,,,,,39.7200012,9.54062462,1013.40002,905.400024,16.8250008,1.0,,30.68,0.0,17.49,29.8968754,
2025-09-19 05:28:48+00:00,2025-09-19 05:28:48,,,,,,,,,,39.7387505,9.53125,1013.625,905.549988,15.8999996,1.0,,30.68,0.0,17.49,29.90625,
2025-09-19 05:28:49+00:00,2025-09-19 05:28:49,,,,,,,,,,39.7462502,9.53125,1013.77502,905.549988,15.9125004,1.0,,30.68,0.0,17.49,29.90625,
2025-09-19 05:28:50+00:00,2025-09-19 05:28:50,39.0,39.0,39.0,39.0,39.0,13.76978903191628,100.0,BO_ONLY,BO 모델 결과만 사용,39.75,9.53437519,1013.92499,905.625,15.8999996,1.0,,30.68,0.0,15.94,29.90625,
2025-09-19 05:28:51+00:00,2025-09-19 05:28:51,,,,,,,,,,39.7387505,9.53437519,1014.07501,905.775024,15.8999996,1.0,,30.68,0.0,15.94,29.8968754,
2025-09-19 05:28:52+00:00,2025-09-19 05:28:52,,,,,,,,,,39.7425003,9.52968788,1014.29999,905.924988,15.8999996,1.0,,30.68,0.0,15.94,29.8968754,
2025-09-19 05:28:53+00:00,2025-09-19 05:28:53,,,,,,,,,,39.7275009,9.52031231,1014.45001,905.924988,15.5249996,1.0,,30.68,0.0,15.94,29.90625,
2025-09-19 05:28:54+00:00,2025-09-19 05:28:54,,,,,,,,,,39.7350006,9.52031231,1014.59998,906.075012,15.3999996,1.0,,30.68,0.0,15.94,29.90625,
2025-09-19 05:28:55+00:00,2025-09-19 05:28:55,39.0,39.0,39.0,39.0,39.0,12.899373016812,100.0,BO_ONLY,BO 모델 결과만 사용,39.7462502,9.51249981,1014.75,906.150024,15.3999996,1.0,,30.68,0.0,15.94,29.8968754,
2025-09-19 05:28:56+00:00,2025-09-19 05:28:56,,,,,,,,,,39.7312508,9.50937462,1014.97498,906.299988,15.3999996,1.0,,30.68,0.0,15.94,29.90625,
2025-09-19 05:28:57+00:00,2025-09-19 05:28:57,,,,,,,,,,39.7350006,9.50937462,1015.125,906.375,15.3999996,1.0,,30.68,0.0,15.94,29.90625,
2025-09-19 05:28:58+00:00,2025-09-19 05:28:58,,,,,,,,,,39.7425003,9.515625,1015.27502,906.450012,15.5625,1.0,,30.68,0.0,15.94,29.90625,
2025-09-19 05:28:59+00:00,2025-09-19 05:28:59,,,,,,,,,,39.7425003,9.515625,1015.42499,906.525024,15.5749998,1.0,,30.68,0.0,15.94,29.8968754,
2025-09-19 05:29:00+00:00,2025-09-19 05:29:00,39.0,39.0,39.0,39.0,39.0,12.575777521860351,100.0,BO_ONLY,BO 모델 결과만 사용,39.7425003,9.51875019,1015.57501,906.75,15.5749998,1.0,0.0,30.68,0.0,15.57,29.90625,
2025-09-19 05:29:01+00:00,2025-09-19 05:29:01,,,,,,,,,,39.7425003,9.51875019,1015.72498,906.75,15.5625,1.0,,30.68,0.0,15.57,29.90625,
2025-09-19 05:29:02+00:00,2025-09-19 05:29:02,,,,,,,,,,39.7350006,9.51875019,1015.95001,906.825012,15.5749998,1.0,,30.68,0.0,15.57,29.90625,
2025-09-19 05:29:03+00:00,2025-09-19 05:29:03,,,,,,,,,,39.7387505,9.52656269,1016.02502,906.974976,15.25,1.0,,30.68,0.0,15.57,29.90625,
2025-09-19 05:29:04+00:00,2025-09-19 05:29:04,,,,,,,,,,39.7312508,9.5390625,1016.25,907.049988,15.1499996,1.0,,30.68,0.0,15.57,29.8968754,
2025-09-19 05:29:05+00:00,2025-09-19 05:29:05,39.0,39.0,39.0,39.0,39.0,12.93971733289229,100.0,BO_ONLY,BO 모델 결과만 사용,39.7387505,9.5390625,1016.32501,907.125,15.1499996,1.0,,30.68,0.0,15.57,29.90625,
2025-09-19 05:29:06+00:00,2025-09-19 05:29:06,,,,,,,,,,39.7387505,9.54843712,1016.47498,907.275024,15.1499996,1.0,,30.68,0.0,15.57,29.90625,
2025-09-19 05:29:07+00:00,2025-09-19 05:29:07,,,,,,,,,,39.7312508,9.5703125,1016.625,907.349976,15.1499996,1.0,,30.68,0.0,15.57,29.90625,
2025-09-19 05:29:08+00:00,2025-09-19 05:29:08,,,,,,,,,,39.7350006,9.5703125,1016.84998,907.5,15.1499996,1.0,,30.68,0.0,15.57,29.8968754,
2025-09-19 05:29:09+00:00,2025-09-19 05:29:09,,,,,,,,,,39.7087517,9.59687519,1016.92499,907.575012,15.1499996,1.0,,30.68,0.0,15.57,29.90625,
2025-09-19 05:29:10+00:00,2025-09-19 05:29:10,39.0,39.0,39.0,39.0,39.0,14.715335367359172,100.0,BO_ONLY,BO 모델 결과만 사용,39.7350006,9.59687519,1017.07501,907.650024,15.1499996,1.0,,30.68,0.0,15.21,29.90625,
2025-09-19 05:29:11+00:00,2025-09-19 05:29:11,,,,,,,,,,39.7350006,9.62343788,1017.15002,907.724976,15.1499996,1.0,,30.68,0.0,15.21,29.90625,
2025-09-19 05:29:12+00:00,2025-09-19 05:29:12,,,,,,,,,,39.7387505,9.65781212,1017.375,907.875,15.1499996,1.0,,30.68,0.0,15.21,29.8968754,
2025-09-19 05:29:13+00:00,2025-09-19 05:29:13,,,,,,,,,,39.7350006,9.65781212,1017.45001,907.950012,15.4624996,1.0,,30.68,0.0,15.21,29.90625,
2025-09-19 05:29:14+00:00,2025-09-19 05:29:14,,,,,,,,,,39.7312508,9.69843769,1017.59998,908.025024,15.5625,1.0,,30.68,0.0,15.21,29.90625,
2025-09-19 05:29:15+00:00,2025-09-19 05:29:15,39.0,39.0,39.0,39.0,39.0,15.686835645053142,100.0,BO_ONLY,BO 모델 결과만 사용,39.7312508,9.69843769,1017.75,908.174988,15.5625,1.0,0.0,30.68,0.0,15.21,29.90625,
2025-09-19 05:29:16+00:00,2025-09-19 05:29:16,,,,,,,,,,39.7350006,9.73124981,1017.90002,908.25,15.5625,1.0,,30.68,0.0,15.21,29.8968754,
2025-09-19 05:29:17+00:00,2025-09-19 05:29:17,,,,,,,,,,39.7387505,9.7734375,1017.97498,908.325012,15.5625,1.0,,30.68,0.0,15.21,29.90625,
2025-09-19 05:29:18+00:00,2025-09-19 05:29:18,,,,,,,,,,39.7425003,9.7734375,1018.125,908.474976,15.4875002,1.0,,30.68,0.0,15.21,29.90625,
2025-09-19 05:29:19+00:00,2025-09-19 05:29:19,,,,,,,,,,39.7350006,9.82656288,1018.20001,908.549988,15.4875002,1.0,,30.68,0.0,15.21,29.90625,
2025-09-19 05:29:20+00:00,2025-09-19 05:29:20,39.0,39.0,39.0,39.0,39.0,15.880890849737893,100.0,BO_ONLY,BO 모델 결과만 사용,39.7312508,9.87187481,1018.42499,908.700012,15.4875002,1.0,,30.68,0.0,15.48,29.8968754,
2025-09-19 05:29:21+00:00,2025-09-19 05:29:21,,,,,,,,,,39.7237511,9.87187481,1018.5,908.775024,15.4750004,1.0,,30.68,0.0,15.48,29.90625,
2025-09-19 05:29:22+00:00,2025-09-19 05:29:22,,,,,,,,,,39.7312508,9.92031288,1018.65002,908.849976,15.4750004,1.0,,30.68,0.0,15.48,29.90625,
2025-09-19 05:29:23+00:00,2025-09-19 05:29:23,,,,,,,,,,39.7312508,9.92031288,1018.72498,909.0,15.4125004,1.0,,30.68,0.0,15.48,29.90625,
2025-09-19 05:29:24+00:00,2025-09-19 05:29:24,,,,,,,,,,39.7350006,9.97500038,1018.875,909.075012,15.3999996,1.0,,30.68,0.0,15.48,29.8968754,
2025-09-19 05:29:25+00:00,2025-09-19 05:29:25,39.0,39.0,39.0,39.0,39.0,16.944690442088042,100.0,BO_ONLY,BO 모델 결과만 사용,39.7350006,10.0218754,1019.02502,909.150024,15.3999996,1.0,,30.68,0.0,15.48,29.90625,
2025-09-19 05:29:26+00:00,2025-09-19 05:29:26,,,,,,,,,,39.7425003,10.0218754,1019.09998,909.299988,15.3999996,1.0,,30.68,0.0,15.48,29.90625,
2025-09-19 05:29:27+00:00,2025-09-19 05:29:27,,,,,,,,,,39.75,10.0687504,1019.17499,909.375,15.3999996,1.0,,30.68,0.0,15.48,29.90625,
2025-09-19 05:29:28+00:00,2025-09-19 05:29:28,,,,,,,,,,39.7387505,10.1156254,1019.32501,909.450012,15.0625,1.0,,30.68,0.0,15.48,29.8968754,
2025-09-19 05:29:29+00:00,2025-09-19 05:29:29,,,,,,,,,,39.7312508,10.1156254,1019.40002,909.599976,15.0625,1.0,,30.68,0.0,15.48,29.90625,
2025-09-19 05:29:30+00:00,2025-09-19 05:29:30,39.0,39.0,39.0,39.0,39.0,16.20927227163355,100.0,BO_ONLY,BO 모델 결과만 사용,39.7462502,10.1578121,1019.54999,909.674988,15.0625,1.0,0.0,30.68,0.0,15.12,29.90625,
2025-09-19 05:29:31+00:00,2025-09-19 05:29:31,,,,,,,,,,39.7350006,10.1890621,1019.625,909.75,15.0625,1.0,,30.68,0.0,15.12,29.90625,
2025-09-19 05:29:32+00:00,2025-09-19 05:29:32,,,,,,,,,,39.7237511,10.1890621,1019.70001,909.900024,15.0625,1.0,,30.68,0.0,15.12,29.8968754,
2025-09-19 05:29:33+00:00,2025-09-19 05:29:33,,,,,,,,,,39.7312508,10.2062502,1019.77502,909.974976,15.3249998,1.0,,30.68,0.0,15.12,29.90625,
2025-09-19 05:29:34+00:00,2025-09-19 05:29:34,,,,,,,,,,39.7387505,10.2062502,1019.92499,910.125,15.3999996,1.0,,30.68,0.0,15.12,29.90625,
2025-09-19 05:29:35+00:00,2025-09-19 05:29:35,39.0,39.0,39.0,39.0,39.0,15.786410616611523,100.0,BO_ONLY,BO 모델 결과만 사용,39.7237511,10.2296877,1020.0,910.200012,15.3999996,1.0,,30.68,0.0,15.12,29.90625,
2025-09-19 05:29:36+00:00,2025-09-19 05:29:36,,,,,,,,,,39.7387505,10.25,1020.07501,910.275024,15.3999996,1.0,,30.68,0.0,15.12,29.8968754,
2025-09-19 05:29:37+00:00,2025-09-19 05:29:37,,,,,,,,,,39.7387505,10.25,1020.22498,910.349976,15.3999996,1.0,,30.68,0.0,15.12,29.90625,
2025-09-19 05:29:38+00:00,2025-09-19 05:29:38,,,,,,,,,,39.7387505,10.2593746,1020.29999,910.5,15.4875002,1.0,,30.68,0.0,15.12,29.8968754,
2025-09-19 05:29:39+00:00,2025-09-19 05:29:39,,,,,,,,,,39.7387505,10.2593746,1020.375,910.575012,15.4875002,1.0,,30.68,0.0,15.12,29.90625,
2025-09-19 05:29:40+00:00,2025-09-19 05:29:40,39.0,39.0,39.0,39.0,39.0,16.65526707538468,100.0,BO_ONLY,BO 모델 결과만 사용,39.75,10.2593746,1020.45001,910.650024,15.4875002,1.0,,30.68,0.0,15.48,29.8968754,
2025-09-19 05:29:41+00:00,2025-09-19 05:29:41,,,,,,,,,,39.7350006,10.2593746,1020.45001,910.799988,15.4875002,1.0,,30.68,0.0,15.48,29.90625,
2025-09-19 05:29:42+00:00,2025-09-19 05:29:42,,,,,,,,,,39.7425003,10.2593746,1020.52502,910.875,15.4875002,1.0,,30.68,0.0,15.48,29.90625,
2025-09-19 05:29:43+00:00,2025-09-19 05:29:43,,,,,,,,,,39.7312508,10.2640629,1020.59998,910.950012,15.4875002,1.0,,30.68,0.0,15.48,29.90625,
2025-09-19 05:29:44+00:00,2025-09-19 05:29:44,,,,,,,,,,39.7312508,10.2671871,1020.67499,911.099976,15.4875002,1.0,,30.68,0.0,15.48,29.8968754,
2025-09-19 05:29:45+00:00,2025-09-19 05:29:45,39.0,39.0,39.0,39.0,39.0,17.872777589197092,100.0,BO_ONLY,BO 모델 결과만 사용,39.75,10.2671871,1020.75,911.174988,15.4875002,1.0,0.0,30.68,0.0,15.48,29.90625,
2025-09-19 05:29:46+00:00,2025-09-19 05:29:46,,,,,,,,,,39.7425003,10.2843752,1020.82501,911.25,15.4875002,1.0,,30.68,0.0,15.48,29.90625,
2025-09-19 05:29:47+00:00,2025-09-19 05:29:47,,,,,,,,,,39.7462502,10.3046875,1020.82501,911.325012,15.4875002,1.0,,30.68,0.0,15.48,29.90625,
2025-09-19 05:29:48+00:00,2025-09-19 05:29:48,,,,,,,,,,39.7387505,10.3046875,1020.90002,911.474976,15.3125,1.0,,30.68,0.0,15.48,29.8968754,
2025-09-19 05:29:49+00:00,2025-09-19 05:29:49,,,,,,,,,,39.7462502,10.3218746,1020.97498,911.474976,15.3249998,1.0,,30.68,0.0,15.48,29.90625,
2025-09-19 05:29:50+00:00,2025-09-19 05:29:50,39.0,39.0,39.0,39.0,39.0,16.815940781567342,100.0,BO_ONLY,BO 모델 결과만 사용,39.7275009,10.3218746,1020.97498,911.625,15.3125,1.0,,30.68,0.0,15.38,29.90625,
2025-09-19 05:29:51+00:00,2025-09-19 05:29:51,,,,,,,,,,39.7425003,10.34375,1021.04999,911.700012,15.3125,1.0,,30.68,0.0,15.38,29.90625,
2025-09-19 05:29:52+00:00,2025-09-19 05:29:52,,,,,,,,,,39.7387505,10.3796873,1021.125,911.775024,15.3125,1.0,,30.68,0.0,15.38,29.8968754,
2025-09-19 05:29:53+00:00,2025-09-19 05:29:53,,,,,,,,,,39.7387505,10.3796873,1021.125,911.849976,15.3999996,1.0,,30.68,0.0,15.38,29.8968754,
2025-09-19 05:29:54+00:00,2025-09-19 05:29:54,,,,,,,,,,39.7312508,10.4312496,1021.20001,912.075012,15.3999996,1.0,,30.68,0.0,15.38,29.90625,
2025-09-19 05:29:55+00:00,2025-09-19 05:29:55,39.0,39.0,39.0,39.0,39.0,15.895158987989157,100.0,BO_ONLY,BO 모델 결과만 사용,39.7350006,10.4718752,1021.20001,912.075012,15.3999996,1.0,,30.68,0.0,15.38,29.90625,
2025-09-19 05:29:56+00:00,2025-09-19 05:29:56,,,,,,,,,,39.7312508,10.4718752,1021.27502,912.224976,15.3999996,1.0,,30.68,0.0,15.38,29.8968754,
2025-09-19 05:29:57+00:00,2025-09-19 05:29:57,,,,,,,,,,39.7462502,10.5187502,1021.34998,912.299988,15.3999996,1.0,,30.68,0.0,15.38,29.8968754,
2025-09-19 05:29:58+00:00,2025-09-19 05:29:58,,,,,,,,,,39.7387505,10.5187502,1021.34998,912.450012,15.4750004,1.0,,30.68,0.0,15.38,29.90625,
2025-09-19 05:29:59+00:00,2025-09-19 05:29:59,,,,,,,,,,39.7462502,10.5656252,1021.34998,912.450012,15.4750004,1.0,,30.68,0.0,15.38,29.90625,
2025-09-19 05:30:00+00:00,2025-09-19 05:30:00,39.0,39.0,39.0,39.0,39.0,15.97090050583488,100.0,BO_ONLY,BO 모델 결과만 사용,39.7275009,10.6031246,1021.42499,912.599976,15.4875002,1.0,0.0,30.68,0.0,15.49,29.90625,
2025-09-19 05:30:01+00:00,2025-09-19 05:30:01,,,,,,,,,,39.7462502,10.6031246,1021.42499,912.674988,15.4750004,1.0,,30.68,0.0,15.49,29.8968754,
2025-09-19 05:30:02+00:00,2025-09-19 05:30:02,,,,,,,,,,39.7350006,10.640625,1021.5,912.75,15.4875002,1.0,,30.68,0.0,15.49,29.90625,
2025-09-19 05:30:03+00:00,2025-09-19 05:30:03,,,,,,,,,,39.7350006,10.671875,1021.57501,912.825012,15.2375002,1.0,,30.68,0.0,15.49,29.90625,
2025-09-19 05:30:04+00:00,2025-09-19 05:30:04,,,,,,,,,,39.7425003,10.671875,1021.57501,912.974976,15.2375002,1.0,,30.68,0.0,15.49,29.90625,
2025-09-19 05:30:05+00:00,2025-09-19 05:30:05,39.0,39.0,39.0,39.0,39.0,16.37563944542196,100.0,BO_ONLY,BO 모델 결과만 사용,39.7462502,10.6875,1021.57501,912.974976,15.2375002,1.0,,30.68,0.0,15.49,29.8968754,
2025-09-19 05:30:06+00:00,2025-09-19 05:30:06,,,,,,,,,,39.7425003,10.6875,1021.65002,913.125,15.2375002,1.0,,30.68,0.0,15.49,29.90625,
2025-09-19 05:30:07+00:00,2025-09-19 05:30:07,,,,,,,,,,39.7350006,10.703125,1021.65002,913.200012,15.2375002,1.0,,30.68,0.0,15.49,29.90625,
2025-09-19 05:30:08+00:00,2025-09-19 05:30:08,,,,,,,,,,39.7312508,10.7328129,1021.65002,913.275024,15.1499996,1.0,,30.68,0.0,15.49,29.90625,
2025-09-19 05:30:09+00:00,2025-09-19 05:30:09,,,,,,,,,,39.7425003,10.7328129,1021.72498,913.349976,15.1499996,1.0,,30.68,0.0,15.49,29.8968754,
2025-09-19 05:30:10+00:00,2025-09-19 05:30:10,39.0,39.0,39.0,39.0,39.0,15.523669491465776,100.0,BO_ONLY,BO 모델 결과만 사용,39.7387505,10.7640629,1021.79999,913.5,15.1499996,1.0,,30.68,0.0,15.15,29.90625,
2025-09-19 05:30:11+00:00,2025-09-19 05:30:11,,,,,,,,,,39.7537498,10.7859373,1021.79999,913.5,15.1499996,1.0,,30.68,0.0,15.15,29.90625,
2025-09-19 05:30:12+00:00,2025-09-19 05:30:12,,,,,,,,,,39.7387505,10.7859373,1021.79999,913.575012,15.1499996,1.0,,30.68,0.0,15.15,29.90625,
2025-09-19 05:30:13+00:00,2025-09-19 05:30:13,,,,,,,,,,39.7312508,10.8015623,1021.79999,913.724976,15.0874996,1.0,,30.68,0.0,15.15,29.8968754,
2025-09-19 05:30:14+00:00,2025-09-19 05:30:14,,,,,,,,,,39.7312508,10.8015623,1021.95001,913.799988,15.0625,1.0,,30.68,0.0,15.15,29.90625,
2025-09-19 05:30:15+00:00,2025-09-19 05:30:15,39.0,39.0,39.0,39.0,39.0,14.455067376911643,100.0,BO_ONLY,BO 모델 결과만 사용,39.7387505,10.8109379,1021.95001,913.875,15.0625,1.0,0.0,30.68,0.0,15.15,29.90625,
2025-09-19 05:30:16+00:00,2025-09-19 05:30:16,,,,,,,,,,39.7425003,10.8109379,1021.95001,913.950012,15.0625,1.0,,30.68,0.0,15.15,29.90625,
2025-09-19 05:30:17+00:00,2025-09-19 05:30:17,,,,,,,,,,39.7387505,10.8109379,1022.02502,914.025024,15.0625,1.0,,30.68,0.0,15.15,29.8968754,
2025-09-19 05:30:18+00:00,2025-09-19 05:30:18,,,,,,,,,,39.7275009,10.8062496,1022.02502,914.174988,15.0625,1.0,,30.68,0.0,15.15,29.90625,
2025-09-19 05:30:19+00:00,2025-09-19 05:30:19,,,,,,,,,,39.7275009,10.7890625,1022.02502,914.174988,15.0625,1.0,,30.68,0.0,15.15,29.90625,
2025-09-19 05:30:20+00:00,2025-09-19 05:30:20,39.0,39.0,39.0,39.0,39.0,14.453025457829625,100.0,BO_ONLY,BO 모델 결과만 사용,39.7462502,10.7890625,1022.09998,914.325012,15.0625,1.0,,30.68,0.0,15.11,29.8968754,
2025-09-19 05:30:21+00:00,2025-09-19 05:30:21,,,,,,,,,,39.7387505,10.7718754,1022.17499,914.400024,15.0625,1.0,,30.68,0.0,15.11,29.8968754,
2025-09-19 05:30:22+00:00,2025-09-19 05:30:22,,,,,,,,,,39.7350006,10.7718754,1022.17499,914.474976,15.0625,1.0,,19.15,0.0,15.11,29.90625,
2025-09-19 05:30:23+00:00,2025-09-19 05:30:23,,,,,,,,,,39.7387505,10.7468748,1022.25,914.549988,15.3999996,1.0,,19.15,0.0,15.11,29.90625,
2025-09-19 05:30:24+00:00,2025-09-19 05:30:24,,,,,,,,,,39.7425003,10.7093754,1022.32501,914.625,15.3999996,1.0,,19.15,0.0,15.11,29.90625,
2025-09-19 05:30:25+00:00,2025-09-19 05:30:25,39.0,39.0,39.0,39.0,39.0,15.662650092548422,100.0,BO_ONLY,BO 모델 결과만 사용,39.7387505,10.7093754,1022.32501,914.700012,15.3999996,1.0,,19.15,0.0,15.11,29.8968754,
2025-09-19 05:30:26+00:00,2025-09-19 05:30:26,,,,,,,,,,39.7312508,10.6640625,1022.40002,914.849976,15.3999996,1.0,,19.15,0.0,15.11,29.90625,
2025-09-19 05:30:27+00:00,2025-09-19 05:30:27,,,,,,,,,,39.7387505,10.6046877,1022.47498,914.849976,15.3999996,1.0,,19.15,0.0,15.11,29.90625,
2025-09-19 05:30:28+00:00,2025-09-19 05:30:28,,,,,,,,,,39.7350006,10.6046877,1022.47498,915.0,16.2374992,1.0,,19.15,0.0,15.11,29.90625,
2025-09-19 05:30:29+00:00,2025-09-19 05:30:29,,,,,,,,,,39.7387505,10.5515623,1022.47498,915.0,16.2374992,1.0,,19.15,0.0,15.11,29.90625,
2025-09-19 05:30:30+00:00,2025-09-19 05:30:30,39.0,39.0,39.0,39.0,39.0,16.075067969222847,100.0,BO_ONLY,BO 모델 결과만 사용,39.7425003,10.5515623,1022.54999,915.075012,16.2374992,1.0,0.0,19.15,0.0,16.23,29.90625,
2025-09-19 05:30:31+00:00,2025-09-19 05:30:31,,,,,,,,,,39.7387505,10.4906254,1022.625,915.150024,16.2374992,1.0,,19.15,0.0,16.23,29.90625,
2025-09-19 05:30:32+00:00,2025-09-19 05:30:32,,,,,,,,,,39.7387505,10.421875,1022.70001,915.299988,16.2374992,1.0,,19.15,0.0,16.23,29.8968754,
2025-09-19 05:30:33+00:00,2025-09-19 05:30:33,,,,,,,,,,39.7350006,10.421875,1022.77502,915.375,17.5874996,1.0,,19.15,0.0,16.23,29.90625,
2025-09-19 05:30:34+00:00,2025-09-19 05:30:34,,,,,,,,,,39.7425003,10.3484373,1022.77502,915.450012,17.5874996,1.0,,19.15,0.0,16.23,29.90625,
2025-09-19 05:30:35+00:00,2025-09-19 05:30:35,39.0,39.0,39.0,39.0,39.0,18.21530999088155,100.0,BO_ONLY,BO 모델 결과만 사용,39.7425003,10.2687502,1022.84998,915.525024,17.5874996,1.0,,19.15,0.0,16.23,29.90625,
2025-09-19 05:30:36+00:00,2025-09-19 05:30:36,,,,,,,,,,39.7425003,10.2687502,1022.92499,915.599976,17.5874996,1.0,,19.15,0.0,16.23,29.8968754,
2025-09-19 05:30:37+00:00,2025-09-19 05:30:37,,,,,,,,,,39.7425003,10.1828127,1023.0,915.674988,17.5874996,1.0,,19.15,0.0,16.23,29.8968754,
2025-09-19 05:30:38+00:00,2025-09-19 05:30:38,,,,,,,,,,39.7312508,10.0953121,1023.0,915.75,17.5,1.0,,19.15,0.0,16.23,29.90625,
2025-09-19 05:30:39+00:00,2025-09-19 05:30:39,,,,,,,,,,39.7425003,10.0953121,1023.15002,915.825012,17.5,1.0,,19.15,0.0,16.23,29.90625,
2025-09-19 05:30:40+00:00,2025-09-19 05:30:40,39.0,39.0,39.0,39.0,39.0,20.971593202903705,100.0,BO_ONLY,BO 모델 결과만 사용,39.7425003,10.0031252,1023.22498,915.900024,17.5,1.0,,19.15,0.0,17.58,29.90625,
2025-09-19 05:30:41+00:00,2025-09-19 05:30:41,,,,,,,,,,39.75,10.0031252,1023.29999,915.974976,17.5,1.0,,19.15,0.0,17.58,29.8968754,
2025-09-19 05:30:42+00:00,2025-09-19 05:30:42,,,,,,,,,,39.7387505,9.90312481,1023.375,916.049988,17.5,1.0,,19.15,0.0,17.58,29.90625,
2025-09-19 05:30:43+00:00,2025-09-19 05:30:43,,,,,,,,,,39.7462502,9.80000019,1023.52502,916.200012,19.1875,1.0,,19.15,0.0,17.58,29.90625,
2025-09-19 05:30:44+00:00,2025-09-19 05:30:44,,,,,,,,,,39.7387505,9.80000019,1023.59998,916.200012,19.1749992,1.0,,19.15,0.0,17.58,29.90625,
2025-09-19 05:30:45+00:00,2025-09-19 05:30:45,39.0,38.0,39.0,39.0,39.0,21.65596261580413,207.0,BO_O2,O2 규칙 적용: 9.9% (9.0~10.0%),39.7312508,9.68906212,1023.67499,916.349976,19.1875,1.0,0.0,19.15,0.0,17.58,29.8968754,
2025-09-19 05:30:46+00:00,2025-09-19 05:30:46,,,,,,,,,,39.7425003,9.578125,1023.75,916.424988,19.1875,1.0,,19.15,0.0,17.58,29.90625,
2025-09-19 05:30:47+00:00,2025-09-19 05:30:47,,,,,,,,,,39.75,9.578125,1023.97498,916.5,19.1875,1.0,,19.15,0.0,17.58,29.90625,
2025-09-19 05:30:48+00:00,2025-09-19 05:30:48,,,,,,,,,,39.7350006,9.45937538,1024.05005,916.575012,20.4500008,1.0,,19.15,0.0,17.58,29.90625,
2025-09-19 05:30:49+00:00,2025-09-19 05:30:49,,,,,,,,,,39.7387505,9.45937538,1024.19995,916.650024,20.4500008,1.0,,19.15,0.0,17.58,29.8968754,
2025-09-19 05:30:50+00:00,2025-09-19 05:30:50,39.0,38.0,39.0,39.0,39.0,20.910891360669,207.0,BO_O2,O2 규칙 적용: 9.5% (9.0~10.0%),39.7387505,9.33906269,1024.27502,916.724976,20.4500008,1.0,,19.15,0.0,20.49,29.90625,
2025-09-19 05:30:51+00:00,2025-09-19 05:30:51,,,,,,,,,,39.75,9.21406269,1024.42505,916.799988,20.4500008,1.0,,19.15,0.0,20.49,29.90625,
2025-09-19 05:30:52+00:00,2025-09-19 05:30:52,,,,,,,,,,39.75,9.21406269,1024.5,916.950012,20.4500008,1.0,,19.15,0.0,20.49,29.90625,
2025-09-19 05:30:53+00:00,2025-09-19 05:30:53,,,,,,,,,,39.7350006,9.08749962,1024.72498,917.025024,21.5499992,1.0,,19.15,0.0,20.49,29.8968754,
2025-09-19 05:30:54+00:00,2025-09-19 05:30:54,,,,,,,,,,39.7350006,8.96718788,1024.80005,917.099976,21.5375004,1.0,,19.15,0.0,20.49,29.90625,
2025-09-19 05:30:55+00:00,2025-09-19 05:30:55,39.0,38.0,39.0,39.0,39.0,25.567366169577085,207.0,BO_O2,O2 규칙 적용: 9.2% (9.0~10.0%),39.7387505,8.96718788,1024.94995,917.25,21.5499992,1.0,,19.15,0.0,20.49,29.90625,
2025-09-19 05:30:56+00:00,2025-09-19 05:30:56,,,,,,,,,,39.75,8.85000038,1025.09998,917.25,21.5499992,1.0,,19.15,0.0,20.49,29.90625,
2025-09-19 05:30:57+00:00,2025-09-19 05:30:57,,,,,,,,,,39.7387505,8.85000038,1025.25,917.400024,21.5499992,1.0,,19.15,0.0,20.49,29.8968754,
2025-09-19 05:30:58+00:00,2025-09-19 05:30:58,,,,,,,,,,39.7350006,8.74062538,1025.40002,917.474976,22.8999996,1.0,,19.15,0.0,20.49,29.90625,
2025-09-19 05:30:59+00:00,2025-09-19 05:30:59,,,,,,,,,,39.7387505,8.60781288,1025.625,917.549988,22.8999996,1.0,,19.15,0.0,20.49,29.90625,
2025-09-19 05:31:00+00:00,2025-09-19 05:31:00,40.0,39.0,40.0,40.0,40.0,25.371584425897822,206.0,BO_O2,O2 규칙 적용: 8.8% (8.0~9.0%),39.7387505,8.60781288,1025.77502,917.625,22.8999996,1.0,0.0,19.15,0.0,22.9,29.90625,
2025-09-19 05:31:01+00:00,2025-09-19 05:31:01,,,,,,,,,,39.7387505,8.48593712,1025.92505,917.700012,22.8999996,1.0,,19.15,0.0,22.9,29.8968754,
2025-09-19 05:31:02+00:00,2025-09-19 05:31:02,,,,,,,,,,40.5487518,8.39375019,1026.07495,917.849976,22.8999996,1.0,,19.15,0.0,22.9,29.90625,
2025-09-19 05:31:03+00:00,2025-09-19 05:31:03,,,,,,,,,,40.7662506,8.39375019,1026.30005,917.924988,22.8999996,1.0,,19.15,0.0,22.9,29.90625,
2025-09-19 05:31:04+00:00,2025-09-19 05:31:04,,,,,,,,,,40.7662506,8.30624962,1026.44995,918.0,22.8999996,1.0,,19.15,0.0,22.9,29.90625,
2025-09-19 05:31:05+00:00,2025-09-19 05:31:05,44.0,45.0,44.0,44.0,44.0,25.231825968190943,206.0,BO_O2,O2 규칙 적용: 8.4% (8.0~9.0%),40.7512512,8.30624962,1026.59998,918.150024,22.8999996,1.0,,19.15,0.0,22.9,29.8968754,
2025-09-19 05:31:06+00:00,2025-09-19 05:31:06,,,,,,,,,,40.7587509,8.22031212,1026.82495,918.224976,22.8999996,1.0,,19.15,0.0,22.9,30.4874992,
2025-09-19 05:31:07+00:00,2025-09-19 05:31:07,,,,,,,,,,42.8587494,8.1484375,1026.97498,918.375,22.8999996,1.0,,19.15,0.0,22.9,30.7218742,
2025-09-19 05:31:08+00:00,2025-09-19 05:31:08,,,,,,,,,,44.9324989,8.1484375,1027.19995,918.375,23.7374992,1.0,,19.15,0.0,22.9,31.2000008,
2025-09-19 05:31:09+00:00,2025-09-19 05:31:09,,,,,,,,,,44.9362488,8.09375,1027.42505,918.525024,23.7374992,1.0,,19.15,0.0,22.9,31.640625,
2025-09-19 05:31:10+00:00,2025-09-19 05:31:10,44.0,45.0,44.0,44.0,44.0,25.12384905638414,206.0,BO_O2,O2 규칙 적용: 8.2% (8.0~9.0%),44.9474983,8.04843712,1027.57495,918.674988,23.7374992,1.0,,19.15,0.0,23.74,32.8125,
2025-09-19 05:31:11+00:00,2025-09-19 05:31:11,,,,,,,,,,44.9437485,8.04843712,1027.80005,918.75,23.7374992,1.0,,19.15,0.0,23.74,34.1343765,
2025-09-19 05:31:12+00:00,2025-09-19 05:31:12,,,,,,,,,,44.9399986,8.00468731,1027.94995,918.900024,23.7374992,1.0,,19.15,0.0,23.74,35.7750015,
2025-09-19 05:31:13+00:00,2025-09-19 05:31:13,,,,,,,,,,44.9550018,8.00468731,1028.17505,918.974976,25.0874996,1.0,,19.15,0.0,23.74,36.8718758,
2025-09-19 05:31:14+00:00,2025-09-19 05:31:14,,,,,,,,,,44.9437485,7.9609375,1028.40002,919.125,25.0874996,1.0,,19.15,0.0,23.74,37.6875,
2025-09-19 05:31:15+00:00,2025-09-19 05:31:15,44.0,46.0,44.0,44.0,44.0,24.34045035972837,206.0,BO_O2,O2 규칙 적용: 8.0% (8.0~9.0%),44.9399986,7.91093731,1028.625,919.200012,25.1000004,1.0,0.0,19.15,0.0,23.74,38.1281242,
2025-09-19 05:31:16+00:00,2025-09-19 05:31:16,,,,,,,,,,44.9362488,7.91093731,1028.84998,919.349976,25.1000004,1.0,,19.15,0.0,23.74,38.5031242,
2025-09-19 05:31:17+00:00,2025-09-19 05:31:17,,,,,,,,,,44.9437485,7.8656249,1029.07495,919.5,25.0874996,1.0,,19.15,0.0,23.74,38.7562485,
2025-09-19 05:31:18+00:00,2025-09-19 05:31:18,,,,,,,,,,44.9474983,7.81718731,1029.30005,919.575012,25.6124992,1.0,,19.15,0.0,23.74,38.8687515,
2025-09-19 05:31:19+00:00,2025-09-19 05:31:19,,,,,,,,,,44.9474983,7.81718731,1029.59998,919.724976,25.6124992,1.0,,19.15,0.0,23.74,38.8687515,
2025-09-19 05:31:20+00:00,2025-09-19 05:31:20,46.0,46.0,46.0,46.0,46.0,27.151844021965754,100.0,BO_ONLY,BO 모델 결과만 사용,44.9550018,7.75,1029.75,919.799988,25.6124992,1.0,,19.15,0.0,25.63,38.8687515,
2025-09-19 05:31:21+00:00,2025-09-19 05:31:21,,,,,,,,,,44.9550018,7.75,1030.05005,919.950012,25.6124992,1.0,,19.15,0.0,25.63,38.8687515,
2025-09-19 05:31:22+00:00,2025-09-19 05:31:22,,,,,,,,,,45.5849991,7.6953125,1030.19995,920.025024,25.6124992,1.0,,19.15,0.0,25.63,38.8687515,
2025-09-19 05:31:23+00:00,2025-09-19 05:31:23,,,,,,,,,,46.9500008,7.6484375,1030.5,920.174988,26.1124992,1.0,,19.15,0.0,25.63,38.8687515,
2025-09-19 05:31:24+00:00,2025-09-19 05:31:24,,,,,,,,,,47.0099983,7.6484375,1030.72498,920.325012,26.1124992,1.0,,19.15,0.0,25.63,38.8687515,
2025-09-19 05:31:25+00:00,2025-09-19 05:31:25,46.0,46.0,46.0,46.0,46.0,27.491329841068413,100.0,BO_ONLY,BO 모델 결과만 사용,46.9949989,7.60624981,1031.02502,920.474976,26.125,1.0,,19.15,0.0,25.63,39.375,
2025-09-19 05:31:26+00:00,2025-09-19 05:31:26,,,,,,,,,,46.9949989,7.5718751,1031.25,920.549988,26.125,1.0,,19.15,0.0,25.63,40.3218765,
2025-09-19 05:31:27+00:00,2025-09-19 05:31:27,,,,,,,,,,47.0099983,7.5718751,1031.47498,920.700012,26.125,1.0,,19.15,0.0,25.63,41.0812492,
2025-09-19 05:31:28+00:00,2025-09-19 05:31:28,,,,,,,,,,47.0137482,7.5453124,1031.69995,920.849976,26.7124996,1.0,,19.15,0.0,25.63,41.6531258,
2025-09-19 05:31:29+00:00,2025-09-19 05:31:29,,,,,,,,,,46.9987488,7.5453124,1032.0,921.0,26.7000008,1.0,,19.15,0.0,25.63,41.8406258,
2025-09-19 05:31:30+00:00,2025-09-19 05:31:30,46.0,47.0,46.0,46.0,46.0,27.296982465007982,205.0,BO_O2,O2 규칙 적용: 7.6% (7.0~8.0%),47.0024986,7.52656269,1032.22498,921.075012,26.7000008,1.0,0.0,19.15,0.0,26.7,42.1218758,
2025-09-19 05:31:31+00:00,2025-09-19 05:31:31,,,,,,,,,,47.0099983,7.51875019,1032.44995,921.299988,26.7000008,1.0,,19.15,0.0,26.7,42.4312515,
2025-09-19 05:31:32+00:00,2025-09-19 05:31:32,,,,,,,,,,47.0099983,7.51875019,1032.67505,921.375,26.7000008,1.0,,19.15,0.0,26.7,42.5999985,
2025-09-19 05:31:33+00:00,2025-09-19 05:31:33,,,,,,,,,,47.0175018,7.49531269,1032.97498,921.525024,26.2875004,1.0,,19.15,0.0,26.7,42.6187515,
2025-09-19 05:31:34+00:00,2025-09-19 05:31:34,,,,,,,,,,47.0099983,7.47343731,1033.19995,921.674988,26.2875004,1.0,,19.15,0.0,26.7,42.6187515,
2025-09-19 05:31:35+00:00,2025-09-19 05:31:35,46.0,47.0,46.0,46.0,46.0,24.23373707648766,205.0,BO_O2,O2 규칙 적용: 7.5% (7.0~8.0%),47.0062485,7.47343731,1033.5,921.825012,26.2875004,1.0,,19.15,0.0,26.7,42.6187515,
2025-09-19 05:31:36+00:00,2025-09-19 05:31:36,,,,,,,,,,46.9987488,7.4671874,1033.72498,921.974976,26.2875004,1.0,,19.15,0.0,26.7,42.6187515,
2025-09-19 05:31:37+00:00,2025-09-19 05:31:37,,,,,,,,,,47.0099983,7.4671874,1034.02502,922.125,26.2875004,1.0,,19.15,0.0,26.7,42.6187515,
2025-09-19 05:31:38+00:00,2025-09-19 05:31:38,,,,,,,,,,47.0024986,7.484375,1034.17505,922.275024,26.4500008,1.0,,19.15,0.0,26.7,42.609375,
2025-09-19 05:31:39+00:00,2025-09-19 05:31:39,,,,,,,,,,47.0062485,7.49687481,1034.47498,922.424988,26.4500008,1.0,,19.15,0.0,26.7,42.6187515,
2025-09-19 05:31:40+00:00,2025-09-19 05:31:40,46.0,47.0,46.0,46.0,46.0,24.272613132074337,205.0,BO_O2,O2 규칙 적용: 7.5% (7.0~8.0%),47.0024986,7.49687481,1034.69995,922.575012,26.4500008,1.0,,19.15,0.0,26.49,42.6187515,
2025-09-19 05:31:41+00:00,2025-09-19 05:31:41,,,,,,,,,,47.0175018,7.484375,1035.0,922.724976,26.4500008,1.0,,19.15,0.0,26.49,42.6187515,
2025-09-19 05:31:42+00:00,2025-09-19 05:31:42,,,,,,,,,,47.0099983,7.4468751,1035.22498,922.875,26.4500008,1.0,,19.15,0.0,26.49,42.6187515,
2025-09-19 05:31:43+00:00,2025-09-19 05:31:43,,,,,,,,,,47.0099983,7.4468751,1035.44995,923.025024,26.6124992,1.0,,19.15,0.0,26.49,42.6187515,
2025-09-19 05:31:44+00:00,2025-09-19 05:31:44,,,,,,,,,,47.0137482,7.40937519,1035.67505,923.25,26.6124992,1.0,,19.15,0.0,26.49,42.6187515,
2025-09-19 05:31:45+00:00,2025-09-19 05:31:45,46.0,47.0,46.0,46.0,46.0,22.1684441281294,205.0,BO_O2,O2 규칙 적용: 7.5% (7.0~8.0%),47.0099983,7.40937519,1035.97498,923.400024,26.625,1.0,0.0,19.15,0.0,26.49,42.6187515,
2025-09-19 05:31:46+00:00,2025-09-19 05:31:46,,,,,,,,,,47.0137482,7.3890624,1036.27502,923.549988,26.625,1.0,,19.15,0.0,26.49,42.6187515,
2025-09-19 05:31:47+00:00,2025-09-19 05:31:47,,,,,,,,,,47.0062485,7.375,1036.5,923.700012,26.6124992,1.0,,19.15,0.0,26.49,42.6187515,
2025-09-19 05:31:48+00:00,2025-09-19 05:31:48,,,,,,,,,,47.0099983,7.375,1036.72498,923.849976,26.0375004,1.0,,19.15,0.0,26.49,42.6187515,
2025-09-19 05:31:49+00:00,2025-09-19 05:31:49,,,,,,,,,,47.0137482,7.3499999,1036.94995,924.0,26.0375004,1.0,,19.15,0.0,26.49,42.6187515,
2025-09-19 05:31:50+00:00,2025-09-19 05:31:50,46.0,47.0,46.0,46.0,46.0,22.242188294734866,205.0,BO_O2,O2 규칙 적용: 7.4% (7.0~8.0%),46.9987488,7.3187499,1037.17505,924.150024,26.0375004,1.0,,19.15,0.0,26.01,42.6187515,
2025-09-19 05:31:51+00:00,2025-09-19 05:31:51,,,,,,,,,,47.0062485,7.3187499,1037.40002,924.299988,26.0249996,1.0,,19.15,0.0,26.01,42.6187515,
2025-09-19 05:31:52+00:00,2025-09-19 05:31:52,,,,,,,,,,46.9987488,7.2890625,1037.625,924.450012,26.0375004,1.0,,19.15,0.0,26.01,42.6187515,
2025-09-19 05:31:53+00:00,2025-09-19 05:31:53,,,,,,,,,,46.9987488,7.2890625,1037.92505,924.674988,25.7749996,1.0,,19.15,0.0,26.01,42.6187515,
2025-09-19 05:31:54+00:00,2025-09-19 05:31:54,,,,,,,,,,47.0137482,7.2593751,1038.07495,924.75,25.7875004,1.0,,19.15,0.0,26.01,42.6187515,
2025-09-19 05:31:55+00:00,2025-09-19 05:31:55,46.0,47.0,46.0,46.0,46.0,23.04818575899134,205.0,BO_O2,O2 규칙 적용: 7.3% (7.0~8.0%),47.0175018,7.22343731,1038.375,924.974976,25.7875004,1.0,,19.15,0.0,26.01,42.6187515,
2025-09-19 05:31:56+00:00,2025-09-19 05:31:56,,,,,,,,,,47.0024986,7.22343731,1038.59998,925.125,25.7749996,1.0,,19.15,0.0,26.01,42.6187515,
2025-09-19 05:31:57+00:00,2025-09-19 05:31:57,,,,,,,,,,46.9987488,7.2015624,1038.82495,925.349976,25.7749996,1.0,,19.15,0.0,26.01,42.6187515,
2025-09-19 05:31:58+00:00,2025-09-19 05:31:58,,,,,,,,,,47.0062485,7.1781249,1039.05005,925.5,25.5249996,1.0,,19.15,0.0,26.01,42.6187515,
2025-09-19 05:31:59+00:00,2025-09-19 05:31:59,,,,,,,,,,47.0024986,7.1781249,1039.34998,925.724976,25.5249996,1.0,,19.15,0.0,26.01,42.6187515,
2025-09-19 05:32:00+00:00,2025-09-19 05:32:00,46.0,47.0,46.0,46.0,46.0,22.348341599055008,205.0,BO_O2,O2 규칙 적용: 7.2% (7.0~8.0%),47.0137482,7.1546874,1039.5,925.875,25.5249996,1.0,0.0,19.15,0.0,26.01,42.6187515,
2025-09-19 05:32:01+00:00,2025-09-19 05:32:01,,,,,,,,,,47.0099983,7.1546874,1039.80005,926.099976,25.5249996,1.0,,19.15,0.0,25.52,42.6187515,
2025-09-19 05:32:02+00:00,2025-09-19 05:32:02,,,,,,,,,,47.0024986,7.14375019,1039.94995,926.25,25.5249996,1.0,,19.15,0.0,25.52,42.6187515,
2025-09-19 05:32:03+00:00,2025-09-19 05:32:03,,,,,,,,,,47.0099983,7.1312499,1040.25,926.474976,25.9500008,1.0,,19.15,0.0,25.52,42.6187515,
2025-09-19 05:32:04+00:00,2025-09-19 05:32:04,,,,,,,,,,47.0137482,7.1312499,1040.55005,926.625,25.9500008,1.0,,19.15,0.0,25.52,42.6187515,
2025-09-19 05:32:05+00:00,2025-09-19 05:32:05,46.0,47.0,46.0,46.0,46.0,23.255992836510433,205.0,BO_O2,O2 규칙 적용: 7.1% (7.0~8.0%),47.0062485,7.1156249,1040.69995,926.775024,25.9500008,1.0,,19.15,0.0,25.52,42.6187515,
2025-09-19 05:32:06+00:00,2025-09-19 05:32:06,,,,,,,,,,47.0062485,7.0875001,1040.92505,927.0,25.9500008,1.0,,19.15,0.0,25.52,42.6187515,
2025-09-19 05:32:07+00:00,2025-09-19 05:32:07,,,,,,,,,,47.0024986,7.0875001,1041.22498,927.224976,25.9500008,1.0,,19.15,0.0,25.52,42.6187515,
2025-09-19 05:32:08+00:00,2025-09-19 05:32:08,,,,,,,,,,47.0137482,7.0546875,1041.375,927.375,25.7000008,1.0,,19.15,0.0,25.52,42.6187515,
2025-09-19 05:32:09+00:00,2025-09-19 05:32:09,,,,,,,,,,47.0137482,7.0546875,1041.67505,927.525024,25.7000008,1.0,,19.15,0.0,25.52,42.6187515,
2025-09-19 05:32:10+00:00,2025-09-19 05:32:10,46.0,47.0,46.0,46.0,46.0,23.98827687745015,205.0,BO_O2,O2 규칙 적용: 7.1% (7.0~8.0%),47.0137482,7.0234375,1041.90002,927.75,25.7000008,1.0,,19.15,0.0,25.52,42.6187515,
2025-09-19 05:32:11+00:00,2025-09-19 05:32:11,,,,,,,,,,47.0024986,7.0140624,1042.19995,927.974976,25.7000008,1.0,,19.15,0.0,25.68,42.6187515,
2025-09-19 05:32:12+00:00,2025-09-19 05:32:12,,,,,,,,,,47.0024986,7.0140624,1042.34998,928.125,25.7000008,1.0,,19.15,0.0,25.68,42.6187515,
2025-09-19 05:32:13+00:00,2025-09-19 05:32:13,,,,,,,,,,46.9987488,6.99687481,1042.65002,928.349976,25.2749996,1.0,,19.15,0.0,25.68,42.6187515,
2025-09-19 05:32:14+00:00,2025-09-19 05:32:14,,,,,,,,,,47.0062485,6.97968769,1042.80005,928.5,25.2749996,1.0,,19.15,0.0,25.68,42.6187515,
2025-09-19 05:32:15+00:00,2025-09-19 05:32:15,46.0,47.0,46.0,46.0,46.0,23.547678831327524,205.0,BO_O2,O2 규칙 적용: 7.0% (7.0~8.0%),46.9987488,6.97968769,1043.09998,928.724976,25.2749996,1.0,0.0,19.15,0.0,25.68,42.6187515,
2025-09-19 05:32:16+00:00,2025-09-19 05:32:16,,,,,,,,,,47.0099983,6.9781251,1043.25,928.875,25.2749996,1.0,,19.15,0.0,25.68,42.6187515,
2025-09-19 05:32:17+00:00,2025-09-19 05:32:17,,,,,,,,,,47.0024986,6.9781251,1043.55005,929.099976,25.2749996,1.0,,19.15,0.0,25.68,42.6187515,
2025-09-19 05:32:18+00:00,2025-09-19 05:32:18,,,,,,,,,,47.0137482,6.9781251,1043.69995,929.25,25.4500008,1.0,,19.15,0.0,25.68,42.6187515,
2025-09-19 05:32:19+00:00,2025-09-19 05:32:19,,,,,,,,,,47.0099983,6.97187519,1044.0,929.549988,25.4500008,1.0,,19.15,0.0,25.68,42.609375,
2025-09-19 05:32:20+00:00,2025-09-19 05:32:20,47.0,47.0,47.0,47.0,47.0,23.19293644530744,100.0,BO_ONLY,BO 모델 결과만 사용,47.0099983,6.97187519,1044.22498,929.700012,25.4375,1.0,,19.15,0.0,25.45,42.6187515,
2025-09-19 05:32:21+00:00,2025-09-19 05:32:21,,,,,,,,,,47.0175018,6.9703126,1044.44995,930.0,25.4375,1.0,,19.15,0.0,25.45,42.6187515,
2025-09-19 05:32:22+00:00,2025-09-19 05:32:22,,,,,,,,,,47.25,6.9781251,1044.59998,930.150024,25.4500008,1.0,,19.15,0.0,25.45,42.6187515,
2025-09-19 05:32:23+00:00,2025-09-19 05:32:23,,,,,,,,,,48.0,6.9781251,1044.90002,930.375,24.8374996,1.0,,19.15,0.0,25.45,42.609375,
2025-09-19 05:32:24+00:00,2025-09-19 05:32:24,,,,,,,,,,48.0525017,6.9921875,1045.05005,930.599976,24.8374996,1.0,,19.15,0.0,25.45,42.6187515,
2025-09-19 05:32:25+00:00,2025-09-19 05:32:25,47.0,47.0,47.0,47.0,47.0,23.979957164117895,100.0,BO_ONLY,BO 모델 결과만 사용,48.0487518,6.9921875,1045.34998,930.825012,24.8374996,1.0,,19.15,0.0,25.45,42.6187515,
2025-09-19 05:32:26+00:00,2025-09-19 05:32:26,,,,,,,,,,48.0562515,7.01093769,1045.42505,930.900024,24.8374996,1.0,,19.15,0.0,25.45,43.3218765,
2025-09-19 05:32:27+00:00,2025-09-19 05:32:27,,,,,,,,,,48.0487518,7.03593731,1045.72498,931.200012,24.8374996,1.0,,19.15,0.0,25.45,43.4437485,
2025-09-19 05:32:28+00:00,2025-09-19 05:32:28,,,,,,,,,,48.0525017,7.03593731,1045.875,931.424988,25.0125008,1.0,,19.15,0.0,25.45,43.8468742,
2025-09-19 05:32:29+00:00,2025-09-19 05:32:29,,,,,,,,,,48.0600014,7.06718731,1046.02502,931.650024,25.0125008,1.0,,19.15,0.0,25.45,44.0718765,
2025-09-19 05:32:30+00:00,2025-09-19 05:32:30,46.0,47.0,46.0,46.0,46.0,24.446635444754843,205.0,BO_O2,O2 규칙 적용: 7.0% (7.0~8.0%),48.0637512,7.09687519,1046.25,931.799988,25.0125008,1.0,0.0,19.15,0.0,25.45,44.0718765,
2025-09-19 05:32:31+00:00,2025-09-19 05:32:31,,,,,,,,,,48.0600014,7.09687519,1046.47498,932.025024,25.0,1.0,,19.15,0.0,25.03,44.0718765,
2025-09-19 05:32:32+00:00,2025-09-19 05:32:32,,,,,,,,,,47.90625,7.140625,1046.625,932.174988,25.0,1.0,,19.15,0.0,25.03,44.1749992,
2025-09-19 05:32:33+00:00,2025-09-19 05:32:33,,,,,,,,,,47.0175018,7.140625,1046.84998,932.474976,25.1749992,1.0,,19.15,0.0,25.03,44.2687492,
2025-09-19 05:32:34+00:00,2025-09-19 05:32:34,,,,,,,,,,47.0062485,7.1734376,1047.0,932.700012,25.1749992,1.0,,19.15,0.0,25.03,44.1281242,
2025-09-19 05:32:35+00:00,2025-09-19 05:32:35,46.0,47.0,46.0,46.0,46.0,25.77249702880385,205.0,BO_O2,O2 규칙 적용: 7.1% (7.0~8.0%),47.0099983,7.22343731,1047.22498,933.0,25.1749992,1.0,,19.15,0.0,25.03,44.0718765,
2025-09-19 05:32:36+00:00,2025-09-19 05:32:36,,,,,,,,,,47.0062485,7.22343731,1047.375,933.075012,25.1749992,1.0,,19.15,0.0,25.03,43.6312485,
2025-09-19 05:32:37+00:00,2025-09-19 05:32:37,,,,,,,,,,46.9987488,7.2890625,1047.67505,933.375,25.1749992,1.0,,19.15,0.0,25.03,43.3499985,
2025-09-19 05:32:38+00:00,2025-09-19 05:32:38,,,,,,,,,,47.0099983,7.3687501,1047.82495,933.525024,25.5249996,1.0,,19.15,0.0,25.03,42.984375,
2025-09-19 05:32:39+00:00,2025-09-19 05:32:39,,,,,,,,,,47.0024986,7.3687501,1048.05005,933.825012,25.5249996,1.0,,19.15,0.0,25.03,42.6468735,
2025-09-19 05:32:40+00:00,2025-09-19 05:32:40,46.0,47.0,46.0,46.0,46.0,26.640976702456197,205.0,BO_O2,O2 규칙 적용: 7.3% (7.0~8.0%),47.0137482,7.4437499,1048.19995,934.049988,25.5249996,1.0,,19.15,0.0,25.54,42.6187515,
2025-09-19 05:32:41+00:00,2025-09-19 05:32:41,,,,,,,,,,47.0024986,7.4437499,1048.5,934.275024,25.5249996,1.0,,19.15,0.0,25.54,42.6187515,
2025-09-19 05:32:42+00:00,2025-09-19 05:32:42,,,,,,,,,,47.0212517,7.47968769,1048.72498,934.5,25.5249996,1.0,,19.15,0.0,25.54,42.6187515,
2025-09-19 05:32:43+00:00,2025-09-19 05:32:43,,,,,,,,,,47.0099983,7.4984374,1048.94995,934.724976,25.6124992,1.0,,19.15,0.0,25.54,42.6187515,
2025-09-19 05:32:44+00:00,2025-09-19 05:32:44,,,,,,,,,,47.0024986,7.4984374,1049.17505,935.025024,25.6124992,1.0,,19.15,0.0,25.54,42.6187515,
2025-09-19 05:32:45+00:00,2025-09-19 05:32:45,46.0,47.0,46.0,46.0,46.0,27.142803438283675,205.0,BO_O2,O2 규칙 적용: 7.5% (7.0~8.0%),47.0062485,7.51093769,1049.40002,935.174988,25.6124992,1.0,0.0,19.15,0.0,25.54,42.6187515,
2025-09-19 05:32:46+00:00,2025-09-19 05:32:46,,,,,,,,,,47.0062485,7.52656269,1049.625,935.400024,25.6124992,1.0,,19.15,0.0,25.54,42.6187515,
2025-09-19 05:32:47+00:00,2025-09-19 05:32:47,,,,,,,,,,46.9949989,7.52656269,1049.84998,935.625,25.6124992,1.0,,19.15,0.0,25.54,42.6187515,
2025-09-19 05:32:48+00:00,2025-09-19 05:32:48,,,,,,,,,,47.0099983,7.5374999,1050.07495,935.849976,26.0375004,1.0,,19.15,0.0,25.54,42.6187515,
2025-09-19 05:32:49+00:00,2025-09-19 05:32:49,,,,,,,,,,47.0099983,7.5374999,1050.30005,936.075012,26.0375004,1.0,,19.15,0.0,25.54,42.6187515,
2025-09-19 05:32:50+00:00,2025-09-19 05:32:50,46.0,47.0,46.0,46.0,46.0,27.497137974144447,205.0,BO_O2,O2 규칙 적용: 7.5% (7.0~8.0%),47.0062485,7.515625,1050.52502,936.299988,26.0375004,1.0,,19.15,0.0,26.03,42.6187515,
2025-09-19 05:32:51+00:00,2025-09-19 05:32:51,,,,,,,,,,46.9912491,7.48124981,1050.82495,936.599976,26.0375004,1.0,,19.15,0.0,26.03,42.609375,
2025-09-19 05:32:52+00:00,2025-09-19 05:32:52,,,,,,,,,,47.0137482,7.48124981,1050.97498,936.75,26.0375004,1.0,,19.15,0.0,26.03,42.6187515,
2025-09-19 05:32:53+00:00,2025-09-19 05:32:53,,,,,,,,,,47.0024986,7.44062519,1051.27502,937.049988,26.4500008,1.0,,19.15,0.0,26.03,42.6187515,
2025-09-19 05:32:54+00:00,2025-09-19 05:32:54,,,,,,,,,,47.0024986,7.3828125,1051.5,937.349976,26.4500008,1.0,,19.15,0.0,26.03,42.6187515,
2025-09-19 05:32:55+00:00,2025-09-19 05:32:55,46.0,48.0,46.0,46.0,46.0,27.870364773279867,205.0,BO_O2,O2 규칙 적용: 7.5% (7.0~8.0%),47.0024986,7.3828125,1051.72498,937.5,26.4624996,1.0,,19.15,0.0,26.03,42.6187515,
2025-09-19 05:32:56+00:00,2025-09-19 05:32:56,,,,,,,,,,47.0099983,7.3187499,1051.94995,937.724976,26.4500008,1.0,,19.15,0.0,26.03,42.6187515,
2025-09-19 05:32:57+00:00,2025-09-19 05:32:57,,,,,,,,,,47.0099983,7.3187499,1052.25,938.025024,26.4500008,1.0,,19.15,0.0,26.03,42.6187515,
2025-09-19 05:32:58+00:00,2025-09-19 05:32:58,,,,,,,,,,47.0024986,7.2750001,1052.40002,938.174988,26.9624996,1.0,,19.15,0.0,26.03,42.6187515,
2025-09-19 05:32:59+00:00,2025-09-19 05:32:59,,,,,,,,,,46.9987488,7.2515626,1052.69995,938.474976,26.9500008,1.0,,19.15,0.0,26.03,42.6187515,
2025-09-19 05:33:00+00:00,2025-09-19 05:33:00,46.0,48.0,46.0,46.0,46.0,28.95584611040958,205.0,BO_O2,O2 규칙 적용: 7.3% (7.0~8.0%),46.9987488,7.2515626,1052.84998,938.700012,26.9500008,1.0,0.0,19.15,0.0,26.96,42.6187515,
2025-09-19 05:33:01+00:00,2025-09-19 05:33:01,,,,,,,,,,47.0099983,7.24531269,1053.15002,939.0,26.9624996,1.0,,19.15,0.0,26.96,42.6187515,
2025-09-19 05:33:02+00:00,2025-09-19 05:33:02,,,,,,,,,,47.0099983,7.24687481,1053.44995,939.299988,26.9500008,1.0,,19.15,0.0,26.96,42.6187515,
2025-09-19 05:33:03+00:00,2025-09-19 05:33:03,,,,,,,,,,47.0062485,7.24687481,1053.59998,939.450012,26.9500008,1.0,,19.15,0.0,26.96,42.6187515,
2025-09-19 05:33:04+00:00,2025-09-19 05:33:04,,,,,,,,,,47.0024986,7.25312519,1053.90002,939.75,26.9624996,1.0,,19.15,0.0,26.96,42.6187515,
2025-09-19 05:33:05+00:00,2025-09-19 05:33:05,46.0,48.0,46.0,46.0,46.0,28.893273116192635,205.0,BO_O2,O2 규칙 적용: 7.2% (7.0~8.0%),47.0099983,7.27656269,1054.05005,939.900024,26.9500008,1.0,,19.15,0.0,26.96,42.6187515,
2025-09-19 05:33:06+00:00,2025-09-19 05:33:06,,,,,,,,,,47.0137482,7.27656269,1054.34998,940.200012,26.9500008,1.0,,19.15,0.0,26.96,42.6187515,
2025-09-19 05:33:07+00:00,2025-09-19 05:33:07,,,,,,,,,,47.0137482,7.3109374,1054.5,940.424988,26.9500008,1.0,,19.15,0.0,26.96,42.6187515,
2025-09-19 05:33:08+00:00,2025-09-19 05:33:08,,,,,,,,,,46.9987488,7.3109374,1054.80005,940.724976,27.2999992,1.0,,19.15,0.0,26.96,42.6187515,
2025-09-19 05:33:09+00:00,2025-09-19 05:33:09,,,,,,,,,,47.0024986,7.328125,1054.94995,940.875,27.2999992,1.0,,19.15,0.0,26.96,42.6187515,
2025-09-19 05:33:10+00:00,2025-09-19 05:33:10,46.0,48.0,46.0,46.0,46.0,28.733011112204036,205.0,BO_O2,O2 규칙 적용: 7.3% (7.0~8.0%),47.0024986,7.3343749,1055.25,941.174988,27.2999992,1.0,,19.15,0.0,27.31,42.6187515,
2025-09-19 05:33:11+00:00,2025-09-19 05:33:11,,,,,,,,,,46.9987488,7.3343749,1055.47498,941.400024,27.2999992,1.0,,19.15,0.0,27.31,42.6187515,
2025-09-19 05:33:12+00:00,2025-09-19 05:33:12,,,,,,,,,,47.0287514,7.33906269,1055.69995,941.625,27.2999992,1.0,,19.15,0.0,27.31,42.6187515,
2025-09-19 05:33:13+00:00,2025-09-19 05:33:13,,,,,,,,,,47.0062485,7.3515625,1055.92505,941.849976,27.8875008,1.0,,19.15,0.0,27.31,42.6187515,
2025-09-19 05:33:14+00:00,2025-09-19 05:33:14,,,,,,,,,,47.0024986,7.3515625,1056.15002,942.150024,27.8875008,1.0,,19.15,0.0,27.31,42.6187515,
2025-09-19 05:33:15+00:00,2025-09-19 05:33:15,46.0,49.0,46.0,46.0,46.0,29.100319711145627,205.0,BO_O2,O2 규칙 적용: 7.3% (7.0~8.0%),47.0024986,7.36406231,1056.375,942.299988,27.8875008,1.0,0.0,19.15,0.0,27.31,42.609375,
2025-09-19 05:33:16+00:00,2025-09-19 05:33:16,,,,,,,,,,47.0062485,7.36406231,1056.67505,942.599976,27.8875008,1.0,,19.15,0.0,27.31,42.6187515,
2025-09-19 05:33:17+00:00,2025-09-19 05:33:17,,,,,,,,,,47.0024986,7.3828125,1056.82495,942.825012,27.8875008,1.0,,19.15,0.0,27.31,42.6187515,
2025-09-19 05:33:18+00:00,2025-09-19 05:33:18,,,,,,,,,,47.0062485,7.3828125,1057.05005,943.125,28.2250004,1.0,,19.15,0.0,27.31,42.6187515,
2025-09-19 05:33:19+00:00,2025-09-19 05:33:19,,,,,,,,,,47.0137482,7.3828125,1057.27502,943.275024,28.2250004,1.0,,19.15,0.0,27.31,42.609375,
2025-09-19 05:33:20+00:00,2025-09-19 05:33:20,46.0,49.0,46.0,46.0,46.0,29.105938393716464,205.0,BO_O2,O2 규칙 적용: 7.4% (7.0~8.0%),47.0062485,7.37031269,1057.5,943.575012,28.2250004,1.0,,19.15,0.0,28.26,42.6187515,
2025-09-19 05:33:21+00:00,2025-09-19 05:33:21,,,,,,,,,,47.0099983,7.3656249,1057.65002,943.799988,28.2250004,1.0,,19.15,0.0,28.26,42.6187515,
2025-09-19 05:33:22+00:00,2025-09-19 05:33:22,,,,,,,,,,47.0099983,7.3656249,1057.94995,944.099976,28.2250004,1.0,,19.15,0.0,28.26,42.6187515,
2025-09-19 05:33:23+00:00,2025-09-19 05:33:23,,,,,,,,,,47.0212517,7.36250019,1058.17505,944.25,29.1375008,1.0,,19.15,0.0,28.26,42.6187515,
2025-09-19 05:33:24+00:00,2025-09-19 05:33:24,,,,,,,,,,47.0137482,7.36250019,1058.40002,944.549988,29.1375008,1.0,,19.15,0.0,28.26,42.6187515,
2025-09-19 05:33:25+00:00,2025-09-19 05:33:25,46.0,49.0,46.0,46.0,46.0,29.951915579963767,205.0,BO_O2,O2 규칙 적용: 7.4% (7.0~8.0%),46.9987488,7.35468769,1058.55005,944.700012,29.1375008,1.0,,19.15,0.0,28.26,42.6187515,
2025-09-19 05:33:26+00:00,2025-09-19 05:33:26,,,,,,,,,,47.0099983,7.34687519,1058.84998,945.075012,29.1375008,1.0,,19.15,0.0,28.26,42.6187515,
2025-09-19 05:33:27+00:00,2025-09-19 05:33:27,,,,,,,,,,47.0024986,7.34687519,1058.92505,945.224976,29.1375008,1.0,,19.15,0.0,28.26,42.609375,
2025-09-19 05:33:28+00:00,2025-09-19 05:33:28,,,,,,,,,,47.0137482,7.33906269,1059.22498,945.525024,29.5625,1.0,,19.15,0.0,28.26,42.6187515,
2025-09-19 05:33:29+00:00,2025-09-19 05:33:29,,,,,,,,,,47.0175018,7.3359375,1059.375,945.674988,29.5625,1.0,,19.15,0.0,28.26,42.6187515,
2025-09-19 05:33:30+00:00,2025-09-19 05:33:30,46.0,49.0,46.0,46.0,46.0,31.99754704388489,205.0,BO_O2,O2 규칙 적용: 7.3% (7.0~8.0%),47.0024986,7.3359375,1059.59998,945.974976,29.5625,1.0,0.0,19.15,0.0,29.57,42.6187515,
2025-09-19 05:33:31+00:00,2025-09-19 05:33:31,,,,,,,,,,46.9987488,7.3499999,1059.75,946.200012,29.5625,1.0,,19.15,0.0,29.57,42.609375,
2025-09-19 05:33:32+00:00,2025-09-19 05:33:32,,,,,,,,,,47.0099983,7.3499999,1059.97498,946.5,29.5750008,1.0,,19.15,0.0,29.57,42.6187515,
2025-09-19 05:33:33+00:00,2025-09-19 05:33:33,,,,,,,,,,47.0099983,7.3578124,1060.125,946.650024,29.3875008,1.0,,19.15,0.0,29.57,42.6187515,
2025-09-19 05:33:34+00:00,2025-09-19 05:33:34,,,,,,,,,,47.0062485,7.375,1060.34998,946.950012,29.3875008,1.0,,19.15,0.0,29.57,42.6187515,
2025-09-19 05:33:35+00:00,2025-09-19 05:33:35,46.0,48.0,46.0,46.0,46.0,32.11427453768919,205.0,BO_O2,O2 규칙 적용: 7.4% (7.0~8.0%),46.9987488,7.375,1060.42505,947.174988,29.3999996,1.0,,19.15,0.0,29.57,42.6187515,
2025-09-19 05:33:36+00:00,2025-09-19 05:33:36,,,,,,,,,,47.0137482,7.4140625,1060.65002,947.400024,29.3875008,1.0,,19.15,0.0,29.57,42.6187515,
2025-09-19 05:33:37+00:00,2025-09-19 05:33:37,,,,,,,,,,47.0099983,7.44999981,1060.80005,947.625,29.3875008,1.0,,19.15,0.0,29.57,42.6187515,
2025-09-19 05:33:38+00:00,2025-09-19 05:33:38,,,,,,,,,,47.0137482,7.44999981,1061.02502,947.849976,29.3125,1.0,,19.15,0.0,29.57,42.6187515,
2025-09-19 05:33:39+00:00,2025-09-19 05:33:39,,,,,,,,,,47.0175018,7.484375,1061.17505,948.075012,29.3125,1.0,,19.15,0.0,29.57,42.6187515,
2025-09-19 05:33:40+00:00,2025-09-19 05:33:40,46.0,49.0,46.0,46.0,46.0,31.736765197971902,205.0,BO_O2,O2 규칙 적용: 7.4% (7.0~8.0%),46.9987488,7.484375,1061.32495,948.299988,29.2999992,1.0,,19.15,0.0,29.32,42.6187515,
2025-09-19 05:33:41+00:00,2025-09-19 05:33:41,,,,,,,,,,46.9912491,7.5234375,1061.47498,948.525024,29.3125,1.0,,19.15,0.0,29.32,42.6187515,
2025-09-19 05:33:42+00:00,2025-09-19 05:33:42,,,,,,,,,,47.0099983,7.5609374,1061.69995,948.825012,29.3125,1.0,,19.15,0.0,29.32,42.6187515,
2025-09-19 05:33:43+00:00,2025-09-19 05:33:43,,,,,,,,,,47.0099983,7.5609374,1061.77502,948.974976,29.1375008,1.0,,19.15,0.0,29.32,42.6187515,
2025-09-19 05:33:44+00:00,2025-09-19 05:33:44,,,,,,,,,,47.0062485,7.6078124,1062.0,949.200012,29.1375008,1.0,,19.15,0.0,29.32,42.6187515,
2025-09-19 05:33:45+00:00,2025-09-19 05:33:45,46.0,49.0,46.0,46.0,46.0,29.77522398847331,205.0,BO_O2,O2 규칙 적용: 7.5% (7.0~8.0%),47.0062485,7.6624999,1062.07495,949.424988,29.1499996,1.0,0.0,19.15,0.0,29.32,42.6187515,
2025-09-19 05:33:46+00:00,2025-09-19 05:33:46,,,,,,,,,,47.0024986,7.6624999,1062.30005,949.650024,29.1499996,1.0,,19.15,0.0,29.32,42.6187515,
2025-09-19 05:33:47+00:00,2025-09-19 05:33:47,,,,,,,,,,47.0024986,7.72187519,1062.44995,949.875,29.1499996,1.0,,19.15,0.0,29.32,42.6187515,
2025-09-19 05:33:48+00:00,2025-09-19 05:33:48,,,,,,,,,,46.9987488,7.72187519,1062.59998,950.174988,29.8250008,1.0,,19.15,0.0,29.32,42.6187515,
2025-09-19 05:33:49+00:00,2025-09-19 05:33:49,,,,,,,,,,47.0099983,7.77031231,1062.75,950.400024,29.8125,1.0,,19.15,0.0,29.32,42.6187515,
2025-09-19 05:33:50+00:00,2025-09-19 05:33:50,46.0,49.0,46.0,46.0,46.0,30.223083190800985,205.0,BO_O2,O2 규칙 적용: 7.7% (7.0~8.0%),47.0024986,7.7984376,1062.90002,950.625,29.8125,1.0,,19.15,0.0,29.83,42.6187515,
2025-09-19 05:33:51+00:00,2025-09-19 05:33:51,,,,,,,,,,46.9987488,7.7984376,1062.97498,950.849976,29.8125,1.0,,19.15,0.0,29.83,42.6187515,
2025-09-19 05:33:52+00:00,2025-09-19 05:33:52,,,,,,,,,,47.0062485,7.8187499,1063.27502,951.075012,29.8125,1.0,,19.15,0.0,29.83,42.6187515,
2025-09-19 05:33:53+00:00,2025-09-19 05:33:53,,,,,,,,,,47.0024986,7.83125019,1063.34998,951.299988,29.8999996,1.0,,19.15,0.0,29.83,42.6187515,
2025-09-19 05:33:54+00:00,2025-09-19 05:33:54,,,,,,,,,,47.0212517,7.83125019,1063.5,951.525024,29.8999996,1.0,,19.15,0.0,29.83,42.6187515,
2025-09-19 05:33:55+00:00,2025-09-19 05:33:55,42.00249863333334,42.0,42.0,42.0,42.0,30.536866771036035,100.0,BO_ONLY,BO 모델 결과만 사용,47.0062485,7.82499981,1063.65002,951.75,29.8999996,1.0,,19.15,0.0,29.83,42.6187515,
2025-09-19 05:33:56+00:00,2025-09-19 05:33:56,,,,,,,,,,46.9987488,7.82499981,1063.80005,952.049988,29.8999996,1.0,,19.15,0.0,29.83,42.609375,
2025-09-19 05:33:57+00:00,2025-09-19 05:33:57,,,,,,,,,,44.1487503,7.8109374,1063.94995,952.200012,29.8999996,1.0,,19.15,0.0,29.83,42.6187515,
2025-09-19 05:33:58+00:00,2025-09-19 05:33:58,,,,,,,,,,42.9187508,7.7906251,1064.17505,952.5,31.1625004,1.0,,19.15,0.0,29.83,42.6187515,
2025-09-19 05:33:59+00:00,2025-09-19 05:33:59,,,,,,,,,,42.8925018,7.7906251,1064.25,952.650024,31.1625004,1.0,,19.15,0.0,29.83,42.1593742,
2025-09-19 05:34:00+00:00,2025-09-19 05:34:00,42.0,42.0,42.0,42.0,42.0,33.531967689626626,100.0,BO_ONLY,BO 모델 결과만 사용,42.8925018,7.7578125,1064.47498,952.950012,31.1625004,1.0,0.0,19.15,0.0,31.15,41.1749992,
2025-09-19 05:34:01+00:00,2025-09-19 05:34:01,,,,,,,,,,42.8887482,7.72187519,1064.55005,953.099976,31.1625004,1.0,,19.15,0.0,31.15,40.0125008,
2025-09-19 05:34:02+00:00,2025-09-19 05:34:02,,,,,,,,,,42.8887482,7.72187519,1064.77502,953.400024,31.1625004,1.0,,19.15,0.0,31.15,38.5218735,
2025-09-19 05:34:03+00:00,2025-09-19 05:34:03,,,,,,,,,,42.8962517,7.6796875,1064.92505,953.625,31.0750008,1.0,,19.15,0.0,31.15,37.125,
2025-09-19 05:34:04+00:00,2025-09-19 05:34:04,,,,,,,,,,42.9037514,7.6796875,1065.15002,953.849976,31.0750008,1.0,,19.15,0.0,31.15,36.5999985,
2025-09-19 05:34:05+00:00,2025-09-19 05:34:05,46.0,48.0,46.0,46.0,46.0,35.12381690013211,205.0,BO_O2,O2 규칙 적용: 7.7% (7.0~8.0%),42.8962517,7.62031269,1065.22498,954.075012,31.0750008,1.0,,19.15,0.0,31.15,35.9249992,
2025-09-19 05:34:06+00:00,2025-09-19 05:34:06,,,,,,,,,,42.8887482,7.5718751,1065.375,954.375,31.0750008,1.0,,19.15,0.0,31.15,35.8968735,
2025-09-19 05:34:07+00:00,2025-09-19 05:34:07,,,,,,,,,,45.8325005,7.5718751,1065.52502,954.525024,31.0750008,1.0,,19.15,0.0,31.15,35.7000008,
2025-09-19 05:34:08+00:00,2025-09-19 05:34:08,,,,,,,,,,46.9874992,7.52656269,1065.75,954.825012,30.6625004,1.0,,19.15,0.0,31.15,35.4937515,
2025-09-19 05:34:10+00:00,2025-09-19 05:34:10,,,,,,,,,,,,,,,,,,,,,
