time,_time_gateway,ACT_SNR_PMP_BO_0,ACT_SNR_PMP_BO_1,ACT_SNR_PMP_BO_2,ACT_SNR_PMP_BO_3,ACT_SNR_PMP_BO_4,SNR_NOX_PRED,SNR_STATUS_CODE,SNR_STAGE,SNR_MESSAGE,SNR_PMP_UW_S_1,BR1_EO_FG_A,ICF_CCS_FG_T_1,ICF_SCS_FG_T_2,ICF_TMS_NOX_A,ACC_SNR_AI_1A,ACT_STATUS,NOX_30m_Value,NOX_EQ_Status,NOX_Value,SNR_EQ_UW_F_1,ACT_SNR_PMP_UW_S,IncineratorStatus,SNR_UREA_SAVING_RATE,SNR_NOX_PRED_MAE
2025-11-19 10:54:01+00:00,2025-11-19 10:54:01,,,,,,,,,,17.6812496,0.0,979.0,1109.63123,0.0,,,11.3,0.0,9.59,,,0.0,,
2025-11-19 10:54:02+00:00,2025-11-19 10:54:02,,,,,,,,,,17.6812496,0.0,979.0,1109.63123,0.0,,,11.3,0.0,9.59,,,0.0,,
2025-11-19 10:54:03+00:00,2025-11-19 10:54:03,,,,,,,,,,17.6812496,0.0,980.0,1109.38745,0.0,,,11.3,0.0,9.59,,,0.0,,
2025-11-19 10:54:04+00:00,2025-11-19 10:54:04,,,,,,,,,,17.6812496,0.0,980.0,1109.38745,0.0,,,11.3,0.0,9.59,,,0.0,,
2025-11-19 10:54:05+00:00,2025-11-19 10:54:05,20.0,20.0,20.0,20.0,20.0,,2.0,FALLBACK,Fallback Hz 사용: 20.0Hz (essential_range_violation),17.6812496,0.0,979.0,1107.59998,0.0,,,11.3,0.0,9.59,,,0.0,,
2025-11-19 10:54:06+00:00,2025-11-19 10:54:06,,,,,,,,,,17.6812496,0.0,979.0,1108.3313,0.0,,,11.3,0.0,9.59,,,0.0,,
2025-11-19 10:54:07+00:00,2025-11-19 10:54:07,,,,,,,,,,17.6812496,0.0,979.0,1107.27502,0.0,,,11.3,0.0,9.59,,,0.0,,
2025-11-19 10:54:08+00:00,2025-11-19 10:54:08,,,,,,,,,,17.6812496,0.0,979.0,1107.27502,0.0,,,11.3,0.0,9.59,,,0.0,,
2025-11-19 10:54:09+00:00,2025-11-19 10:54:09,,,,,,,,,,17.6812496,0.0,980.0,1107.92505,0.0,,,11.3,0.0,9.59,,,0.0,,
2025-11-19 10:54:10+00:00,2025-11-19 10:54:10,20.0,20.0,20.0,20.0,20.0,,2.0,FALLBACK,Fallback Hz 사용: 20.0Hz (essential_range_violation),17.6812496,0.0,980.0,1107.92505,0.0,,,11.3,0.0,9.59,,,0.0,,
2025-11-19 10:54:11+00:00,2025-11-19 10:54:11,,,,,,,,,,17.6812496,0.0,980.0,1106.13745,0.0,,,11.3,0.0,9.59,,,0.0,,
2025-11-19 10:54:12+00:00,2025-11-19 10:54:12,,,,,,,,,,17.6812496,0.0,978.0,1106.21875,0.0,,,11.3,0.0,9.59,,,0.0,,
2025-11-19 10:54:13+00:00,2025-11-19 10:54:13,,,,,,,,,,17.6812496,0.0,978.0,1106.21875,0.0,,,11.3,0.0,9.59,,,0.0,,
2025-11-19 10:54:14+00:00,2025-11-19 10:54:14,,,,,,,,,,17.6812496,0.0,979.0,1106.21875,0.0,,,11.3,0.0,9.59,,,0.0,,
2025-11-19 10:54:15+00:00,2025-11-19 10:54:15,20.0,20.0,20.0,20.0,20.0,,2.0,FALLBACK,Fallback Hz 사용: 20.0Hz (essential_range_violation),17.6812496,0.0,978.0,1105.8938,0.0,,,11.3,0.0,9.59,,,0.0,,
2025-11-19 10:54:16+00:00,2025-11-19 10:54:16,,,,,,,,,,17.6812496,0.0,978.0,1105.48755,0.0,,,11.3,0.0,9.59,,,0.0,,
2025-11-19 10:54:17+00:00,2025-11-19 10:54:17,,,,,,,,,,17.6812496,0.0,978.0,1105.48755,0.0,,,11.3,0.0,9.59,,,0.0,,
2025-11-19 10:54:18+00:00,2025-11-19 10:54:18,,,,,,,,,,17.6812496,0.0,978.0,1105.48755,0.0,,,11.3,0.0,9.59,,,0.0,,
2025-11-19 10:54:19+00:00,2025-11-19 10:54:19,,,,,,,,,,17.6812496,0.0,977.0,1104.1875,0.0,,,11.3,0.0,9.59,,,0.0,,
2025-11-19 10:54:20+00:00,2025-11-19 10:54:20,20.0,20.0,20.0,20.0,20.0,,2.0,FALLBACK,Fallback Hz 사용: 20.0Hz (essential_range_violation),17.6812496,0.0,976.0,1104.1875,0.0,,,11.3,0.0,9.59,,,0.0,,
2025-11-19 10:54:21+00:00,2025-11-19 10:54:21,,,,,,,,,,17.6812496,0.0,976.0,1104.9187,0.0,,,11.3,0.0,9.59,,,0.0,,
2025-11-19 10:54:22+00:00,2025-11-19 10:54:22,,,,,,,,,,17.6812496,0.0,976.0,1104.51245,0.0,,,11.3,0.0,9.59,,,0.0,,
2025-11-19 10:54:23+00:00,2025-11-19 10:54:23,,,,,,,,,,17.6812496,0.0,976.0,1104.51245,0.0,,,11.3,0.0,9.59,,,0.0,,
2025-11-19 10:54:24+00:00,2025-11-19 10:54:24,,,,,,,,,,17.6812496,0.0,976.0,1104.9187,0.0,,,11.3,0.0,9.59,,,0.0,,
2025-11-19 10:54:25+00:00,2025-11-19 10:54:25,20.0,20.0,20.0,20.0,20.0,,2.0,FALLBACK,Fallback Hz 사용: 20.0Hz (essential_range_violation),17.6812496,0.0,976.0,1105.24377,0.0,,,11.3,0.0,9.59,,,0.0,,
2025-11-19 10:54:26+00:00,2025-11-19 10:54:26,,,,,,,,,,17.6812496,0.0,976.0,1105.24377,0.0,,,11.3,0.0,9.59,,,0.0,,
2025-11-19 10:54:27+00:00,2025-11-19 10:54:27,,,,,,,,,,17.6812496,0.0,976.0,1104.02502,0.0,,,11.3,0.0,9.59,,,0.0,,
2025-11-19 10:54:28+00:00,2025-11-19 10:54:28,,,,,,,,,,17.6812496,0.0,976.0,1103.94373,0.0,,,11.3,0.0,9.59,,,0.0,,
2025-11-19 10:54:29+00:00,2025-11-19 10:54:29,,,,,,,,,,17.6812496,0.0,977.0,1104.43127,0.0,,,11.3,0.0,9.59,,,0.0,,
2025-11-19 10:54:30+00:00,2025-11-19 10:54:30,20.0,20.0,20.0,20.0,20.0,,2.0,FALLBACK,Fallback Hz 사용: 20.0Hz (essential_range_violation),17.6812496,0.0,977.0,1104.43127,0.0,,,11.3,0.0,9.59,,,0.0,,
2025-11-19 10:54:31+00:00,2025-11-19 10:54:31,,,,,,,,,,17.6812496,0.0,977.0,1103.61877,0.0,,,11.3,0.0,9.59,,,0.0,,
2025-11-19 10:54:32+00:00,2025-11-19 10:54:32,,,,,,,,,,17.6812496,0.0,977.0,1103.61877,0.0,,,11.3,0.0,9.59,,,0.0,,
2025-11-19 10:54:33+00:00,2025-11-19 10:54:33,,,,,,,,,,17.6812496,0.0,975.0,1102.88745,0.0,,,11.3,0.0,9.59,,,0.0,,
2025-11-19 10:54:34+00:00,2025-11-19 10:54:34,,,,,,,,,,17.6812496,0.0,975.0,1102.88745,0.0,,,11.3,0.0,9.59,,,0.0,,
2025-11-19 10:54:35+00:00,2025-11-19 10:54:35,20.0,20.0,20.0,20.0,20.0,,2.0,FALLBACK,Fallback Hz 사용: 20.0Hz (essential_range_violation),17.6812496,0.0,975.0,1101.42505,0.0,,,11.3,0.0,9.59,,,0.0,,
2025-11-19 10:54:36+00:00,2025-11-19 10:54:36,,,,,,,,,,17.6812496,0.0,975.0,1101.42505,0.0,,,11.3,0.0,9.59,,,0.0,,
2025-11-19 10:54:38+00:00,2025-11-19 10:54:38,,,,,,,,,,17.6812496,0.0,974.0,1100.77502,0.0,,,11.3,0.0,9.59,,,0.0,,
2025-11-19 10:54:39+00:00,2025-11-19 10:54:39,,,,,,,,,,17.6812496,0.0,974.0,1100.77502,0.0,,,11.3,0.0,9.59,,,0.0,,
2025-11-19 10:54:40+00:00,2025-11-19 10:54:40,20.0,20.0,20.0,20.0,20.0,,2.0,FALLBACK,Fallback Hz 사용: 20.0Hz (essential_range_violation),17.6812496,0.0,974.0,1101.18127,0.0,,,11.3,0.0,9.59,,,0.0,,
2025-11-19 10:54:41+00:00,2025-11-19 10:54:41,,,,,,,,,,17.6812496,0.0,974.0,1101.18127,0.0,,,11.3,0.0,9.59,,,0.0,,
2025-11-19 10:54:42+00:00,2025-11-19 10:54:42,,,,,,,,,,17.6812496,0.0,975.0,1101.0188,0.0,,,11.3,0.0,9.59,,,0.0,,
2025-11-19 10:54:43+00:00,2025-11-19 10:54:43,,,,,,,,,,17.6812496,0.0,974.0,1099.47498,0.0,,,11.3,0.0,9.59,,,0.0,,
2025-11-19 10:54:44+00:00,2025-11-19 10:54:44,,,,,,,,,,17.6812496,0.0,974.0,1099.06873,0.0,,,11.3,0.0,9.59,,,0.0,,
2025-11-19 10:54:45+00:00,2025-11-19 10:54:45,20.0,20.0,20.0,20.0,20.0,,2.0,FALLBACK,Fallback Hz 사용: 20.0Hz (essential_range_violation),17.6812496,0.0,974.0,1099.06873,0.0,,,11.3,0.0,9.59,,,0.0,,
2025-11-19 10:54:46+00:00,2025-11-19 10:54:46,,,,,,,,,,17.6812496,0.0,974.0,1100.0437,0.0,,,11.3,0.0,9.59,,,0.0,,
2025-11-19 10:54:47+00:00,2025-11-19 10:54:47,,,,,,,,,,17.6812496,0.0,974.0,1098.66248,0.0,,,11.3,0.0,9.59,,,0.0,,
2025-11-19 10:54:48+00:00,2025-11-19 10:54:48,,,,,,,,,,17.6812496,0.0,974.0,1098.66248,0.0,,,11.3,0.0,9.59,,,0.0,,
2025-11-19 10:54:49+00:00,2025-11-19 10:54:49,,,,,,,,,,17.6812496,0.0,974.0,1098.66248,0.0,,,11.3,0.0,9.59,,,0.0,,
2025-11-19 10:54:50+00:00,2025-11-19 10:54:50,20.0,20.0,20.0,20.0,20.0,,2.0,FALLBACK,Fallback Hz 사용: 20.0Hz (essential_range_violation),17.6812496,0.0,974.0,1098.66248,0.0,,,11.3,0.0,9.59,,,0.0,,
2025-11-19 10:54:51+00:00,2025-11-19 10:54:51,,,,,,,,,,17.6812496,0.0,974.0,1097.52502,0.0,,,11.3,0.0,9.59,,,0.0,,
2025-11-19 10:54:52+00:00,2025-11-19 10:54:52,,,,,,,,,,17.6812496,0.0,974.0,1097.6062,0.0,,,11.3,0.0,9.59,,,0.0,,
2025-11-19 10:54:53+00:00,2025-11-19 10:54:53,,,,,,,,,,17.6812496,0.0,974.0,1097.6062,0.0,,,11.3,0.0,9.59,,,0.0,,
2025-11-19 10:54:54+00:00,2025-11-19 10:54:54,,,,,,,,,,17.6812496,0.0,975.0,1098.5,0.0,,,11.3,0.0,9.59,,,0.0,,
2025-11-19 10:54:55+00:00,2025-11-19 10:54:55,20.0,20.0,20.0,20.0,20.0,,2.0,FALLBACK,Fallback Hz 사용: 20.0Hz (essential_range_violation),17.6812496,0.0,973.0,1097.6062,0.0,,,11.3,0.0,9.59,,,0.0,,
2025-11-19 10:54:56+00:00,2025-11-19 10:54:56,,,,,,,,,,17.6812496,0.0,973.0,1097.6062,0.0,,,11.3,0.0,9.59,,,0.0,,
2025-11-19 10:54:57+00:00,2025-11-19 10:54:57,,,,,,,,,,17.6812496,0.0,974.0,1098.5813,0.0,,,11.3,0.0,9.59,,,0.0,,
2025-11-19 10:54:58+00:00,2025-11-19 10:54:58,,,,,,,,,,17.6812496,0.0,972.0,1096.71252,0.0,,,11.3,0.0,9.59,,,0.0,,
2025-11-19 10:54:59+00:00,2025-11-19 10:54:59,,,,,,,,,,17.6812496,0.0,972.0,1096.71252,0.0,,,11.3,0.0,9.59,,,0.0,,
2025-11-19 10:55:00+00:00,2025-11-19 10:55:00,20.0,20.0,20.0,20.0,20.0,,2.0,FALLBACK,Fallback Hz 사용: 20.0Hz (essential_range_violation),17.6812496,0.0,974.0,1095.73755,0.0,,,11.3,0.0,9.59,,,0.0,,
2025-11-19 10:55:01+00:00,2025-11-19 10:55:01,,,,,,,,,,17.6812496,0.0,972.0,1094.92505,0.0,,,11.3,0.0,9.59,,,0.0,,
2025-11-19 10:55:02+00:00,2025-11-19 10:55:02,,,,,,,,,,17.6812496,0.0,972.0,1094.92505,0.0,,,11.3,0.0,9.59,,,0.0,,
2025-11-19 10:55:03+00:00,2025-11-19 10:55:03,,,,,,,,,,17.6812496,0.0,973.0,1095.08752,0.0,,,11.3,0.0,9.59,,,0.0,,
2025-11-19 10:55:04+00:00,2025-11-19 10:55:04,,,,,,,,,,17.6812496,0.0,973.0,1095.08752,0.0,,,11.3,0.0,9.59,,,0.0,,
2025-11-19 10:55:05+00:00,2025-11-19 10:55:05,20.0,20.0,20.0,20.0,20.0,,2.0,FALLBACK,Fallback Hz 사용: 20.0Hz (essential_range_violation),17.6812496,0.0,973.0,1093.78748,0.0,,,11.3,0.0,9.59,,,0.0,,
2025-11-19 10:55:06+00:00,2025-11-19 10:55:06,,,,,,,,,,17.6812496,0.0,973.0,1093.625,0.0,,,11.3,0.0,9.59,,,0.0,,
2025-11-19 10:55:07+00:00,2025-11-19 10:55:07,,,,,,,,,,17.6812496,0.0,973.0,1093.625,0.0,,,11.3,0.0,9.59,,,0.0,,
2025-11-19 10:55:08+00:00,2025-11-19 10:55:08,,,,,,,,,,17.6812496,0.0,973.0,1091.9187,0.0,,,11.3,0.0,9.59,,,0.0,,
2025-11-19 10:55:09+00:00,2025-11-19 10:55:09,,,,,,,,,,17.6812496,0.0,973.0,1091.9187,0.0,,,11.3,0.0,9.59,,,0.0,,
2025-11-19 10:55:10+00:00,2025-11-19 10:55:10,20.0,20.0,20.0,20.0,20.0,,2.0,FALLBACK,Fallback Hz 사용: 20.0Hz (essential_range_violation),17.6812496,0.0,973.0,1091.67505,0.0,,,11.3,0.0,9.59,,,0.0,,
2025-11-19 10:55:11+00:00,2025-11-19 10:55:11,,,,,,,,,,17.6812496,0.0,973.0,1092.16248,0.0,,,11.3,0.0,9.59,,,0.0,,
2025-11-19 10:55:12+00:00,2025-11-19 10:55:12,,,,,,,,,,17.6812496,0.0,973.0,1091.51245,0.0,,,11.3,0.0,9.59,,,0.0,,
2025-11-19 10:55:13+00:00,2025-11-19 10:55:13,,,,,,,,,,17.6812496,0.0,973.0,1091.51245,0.0,,,11.3,0.0,9.59,,,0.0,,
2025-11-19 10:55:14+00:00,2025-11-19 10:55:14,,,,,,,,,,17.6812496,0.0,973.0,1091.51245,0.0,,,11.3,0.0,9.59,,,0.0,,
2025-11-19 10:55:15+00:00,2025-11-19 10:55:15,20.0,20.0,20.0,20.0,20.0,,2.0,FALLBACK,Fallback Hz 사용: 20.0Hz (essential_range_violation),17.6812496,0.0,972.0,1089.40002,0.0,,,11.3,0.0,9.59,,,0.0,,
2025-11-19 10:55:16+00:00,2025-11-19 10:55:16,,,,,,,,,,17.6812496,0.0,973.0,1089.88745,0.0,,,11.3,0.0,9.59,,,0.0,,
2025-11-19 10:55:17+00:00,2025-11-19 10:55:17,,,,,,,,,,17.6812496,0.0,973.0,1089.88745,0.0,,,11.3,0.0,9.59,,,0.0,,
2025-11-19 10:55:18+00:00,2025-11-19 10:55:18,,,,,,,,,,17.6812496,0.0,974.0,1087.9375,0.0,,,11.3,0.0,9.59,,,0.0,,
2025-11-19 10:55:19+00:00,2025-11-19 10:55:19,,,,,,,,,,17.6812496,0.0,973.0,1088.34375,0.0,,,11.3,0.0,9.59,,,0.0,,
2025-11-19 10:55:20+00:00,2025-11-19 10:55:20,20.0,20.0,20.0,20.0,20.0,,2.0,FALLBACK,Fallback Hz 사용: 20.0Hz (essential_range_violation),17.6812496,0.0,973.0,1088.91248,0.0,,,11.3,0.0,9.59,,,0.0,,
2025-11-19 10:55:21+00:00,2025-11-19 10:55:21,,,,,,,,,,17.6812496,0.0,973.0,1088.91248,0.0,,,11.3,0.0,9.59,,,0.0,,
2025-11-19 10:55:22+00:00,2025-11-19 10:55:22,,,,,,,,,,17.6812496,0.0,973.0,1088.58752,0.0,,,11.3,0.0,9.59,,,0.0,,
2025-11-19 10:55:23+00:00,2025-11-19 10:55:23,,,,,,,,,,17.6812496,0.0,973.0,1088.0188,0.0,,,11.3,0.0,9.59,,,0.0,,
2025-11-19 10:55:24+00:00,2025-11-19 10:55:24,,,,,,,,,,17.6812496,0.0,973.0,1088.0188,0.0,,,11.3,0.0,9.59,,,0.0,,
2025-11-19 10:55:25+00:00,2025-11-19 10:55:25,20.0,20.0,20.0,20.0,20.0,,2.0,FALLBACK,Fallback Hz 사용: 20.0Hz (essential_range_violation),17.6812496,0.0,973.0,1086.71875,0.0,,,11.3,0.0,9.59,,,0.0,,
2025-11-19 10:55:26+00:00,2025-11-19 10:55:26,,,,,,,,,,17.6812496,0.0,973.0,1086.71875,0.0,,,11.3,0.0,9.59,,,0.0,,
2025-11-19 10:55:27+00:00,2025-11-19 10:55:27,,,,,,,,,,17.6812496,0.0,974.0,1086.3938,0.0,,,11.3,0.0,9.59,,,0.0,,
2025-11-19 10:55:28+00:00,2025-11-19 10:55:28,,,,,,,,,,17.6812496,0.0,974.0,1086.3938,0.0,,,11.3,0.0,9.59,,,0.0,,
2025-11-19 10:55:29+00:00,2025-11-19 10:55:29,,,,,,,,,,17.6812496,0.0,972.0,1084.93127,0.0,,,11.3,0.0,9.59,,,0.0,,
2025-11-19 10:55:30+00:00,2025-11-19 10:55:30,20.0,20.0,20.0,20.0,20.0,,2.0,FALLBACK,Fallback Hz 사용: 20.0Hz (essential_range_violation),17.6812496,0.0,972.0,1084.93127,0.0,,,11.3,0.0,9.59,,,0.0,,
2025-11-19 10:55:31+00:00,2025-11-19 10:55:31,,,,,,,,,,17.6812496,0.0,972.0,1084.6875,0.0,,,11.3,0.0,9.59,,,0.0,,
2025-11-19 10:55:32+00:00,2025-11-19 10:55:32,,,,,,,,,,17.6812496,0.0,972.0,1085.09375,0.0,,,11.3,0.0,9.59,,,0.0,,
2025-11-19 10:55:33+00:00,2025-11-19 10:55:33,,,,,,,,,,17.6812496,0.0,972.0,1085.09375,0.0,,,11.3,0.0,9.59,,,0.0,,
2025-11-19 10:55:34+00:00,2025-11-19 10:55:34,,,,,,,,,,17.6812496,0.0,972.0,1084.6875,0.0,,,11.3,0.0,9.59,,,0.0,,
2025-11-19 10:55:35+00:00,2025-11-19 10:55:35,20.0,20.0,20.0,20.0,20.0,,2.0,FALLBACK,Fallback Hz 사용: 20.0Hz (essential_range_violation),17.6812496,0.0,972.0,1084.93127,0.0,,,11.3,0.0,9.59,,,0.0,,
2025-11-19 10:55:36+00:00,2025-11-19 10:55:36,,,,,,,,,,17.6812496,0.0,972.0,1085.17505,0.0,,,11.3,0.0,9.59,,,0.0,,
2025-11-19 10:55:37+00:00,2025-11-19 10:55:37,,,,,,,,,,17.6812496,0.0,972.0,1085.17505,0.0,,,11.3,0.0,9.59,,,0.0,,
2025-11-19 10:55:38+00:00,2025-11-19 10:55:38,,,,,,,,,,17.6812496,0.0,973.0,1085.01245,0.0,,,11.3,0.0,9.59,,,0.0,,
2025-11-19 10:55:39+00:00,2025-11-19 10:55:39,,,,,,,,,,17.6812496,0.0,973.0,1085.01245,0.0,,,11.3,0.0,9.59,,,0.0,,
2025-11-19 10:55:40+00:00,2025-11-19 10:55:40,20.0,20.0,20.0,20.0,20.0,,2.0,FALLBACK,Fallback Hz 사용: 20.0Hz (essential_range_violation),17.6812496,0.0,973.0,1085.82495,0.0,,,11.3,0.0,9.59,,,0.0,,
2025-11-19 10:55:41+00:00,2025-11-19 10:55:41,,,,,,,,,,17.6812496,0.0,973.0,1085.82495,0.0,,,11.3,0.0,9.59,,,0.0,,
2025-11-19 10:55:42+00:00,2025-11-19 10:55:42,,,,,,,,,,17.6812496,0.0,973.0,1085.09375,0.0,,,11.3,0.0,9.59,,,0.0,,
2025-11-19 10:55:43+00:00,2025-11-19 10:55:43,,,,,,,,,,17.6812496,0.0,973.0,1085.09375,0.0,,,11.3,0.0,9.59,,,0.0,,
2025-11-19 10:55:44+00:00,2025-11-19 10:55:44,,,,,,,,,,17.6812496,0.0,973.0,1085.17505,0.0,,,11.3,0.0,9.59,,,0.0,,
2025-11-19 10:55:45+00:00,2025-11-19 10:55:45,20.0,20.0,20.0,20.0,20.0,,2.0,FALLBACK,Fallback Hz 사용: 20.0Hz (essential_range_violation),17.6812496,0.0,972.0,1085.82495,0.0,,,11.3,0.0,9.59,,,0.0,,
2025-11-19 10:55:46+00:00,2025-11-19 10:55:46,,,,,,,,,,17.6812496,0.0,974.0,1085.17505,0.0,,,11.3,0.0,9.59,,,0.0,,
2025-11-19 10:55:47+00:00,2025-11-19 10:55:47,,,,,,,,,,17.6812496,0.0,974.0,1085.17505,0.0,,,11.3,0.0,9.59,,,0.0,,
2025-11-19 10:55:48+00:00,2025-11-19 10:55:48,,,,,,,,,,17.6812496,0.0,972.0,1085.82495,0.0,,,11.3,0.0,9.59,,,0.0,,
2025-11-19 10:55:49+00:00,2025-11-19 10:55:49,,,,,,,,,,17.6812496,0.0,972.0,1085.82495,0.0,,,11.3,0.0,9.59,,,0.0,,
2025-11-19 10:55:50+00:00,2025-11-19 10:55:50,20.0,20.0,20.0,20.0,20.0,,2.0,FALLBACK,Fallback Hz 사용: 20.0Hz (essential_range_violation),17.6812496,0.0,973.0,1085.4187,0.0,,,11.3,0.0,9.59,,,0.0,,
2025-11-19 10:55:51+00:00,2025-11-19 10:55:51,,,,,,,,,,17.6812496,0.0,972.0,1086.06873,0.0,,,11.3,0.0,9.59,,,0.0,,
2025-11-19 10:55:52+00:00,2025-11-19 10:55:52,,,,,,,,,,17.6812496,0.0,972.0,1086.06873,0.0,,,11.3,0.0,9.59,,,0.0,,
2025-11-19 10:55:53+00:00,2025-11-19 10:55:53,,,,,,,,,,17.6812496,0.0,973.0,1084.6875,0.0,,,11.3,0.0,9.59,,,0.0,,
2025-11-19 10:55:54+00:00,2025-11-19 10:55:54,,,,,,,,,,17.6812496,0.0,973.0,1084.84998,0.0,,,11.3,0.0,9.59,,,0.0,,
2025-11-19 10:55:55+00:00,2025-11-19 10:55:55,20.0,20.0,20.0,20.0,20.0,,2.0,FALLBACK,Fallback Hz 사용: 20.0Hz (essential_range_violation),17.6812496,0.0,973.0,1085.17505,0.0,,,11.3,0.0,9.59,,,0.0,,
2025-11-19 10:55:56+00:00,2025-11-19 10:55:56,,,,,,,,,,17.6812496,0.0,973.0,1085.17505,0.0,,,11.3,0.0,9.59,,,0.0,,
2025-11-19 10:55:57+00:00,2025-11-19 10:55:57,,,,,,,,,,17.6812496,0.0,974.0,1085.66248,0.0,,,11.3,0.0,9.59,,,0.0,,
2025-11-19 10:55:58+00:00,2025-11-19 10:55:58,,,,,,,,,,17.6812496,0.0,973.0,1085.4187,0.0,,,11.3,0.0,9.59,,,0.0,,
2025-11-19 10:55:59+00:00,2025-11-19 10:55:59,,,,,,,,,,17.6812496,0.0,973.0,1085.4187,0.0,,,11.3,0.0,9.59,,,0.0,,
2025-11-19 10:56:00+00:00,2025-11-19 10:56:00,20.0,20.0,20.0,20.0,20.0,,2.0,FALLBACK,Fallback Hz 사용: 20.0Hz (essential_range_violation),17.6812496,0.0,974.0,1084.93127,0.0,,,11.3,0.0,9.59,,,0.0,,
2025-11-19 10:56:01+00:00,2025-11-19 10:56:01,,,,,,,,,,17.6812496,0.0,974.0,1084.93127,0.0,,,11.3,0.0,9.59,,,0.0,,
2025-11-19 10:56:02+00:00,2025-11-19 10:56:02,,,,,,,,,,17.6812496,0.0,972.0,1084.6875,0.0,,,11.3,0.0,9.59,,,0.0,,
2025-11-19 10:56:03+00:00,2025-11-19 10:56:03,,,,,,,,,,17.6812496,0.0,974.0,1084.84998,0.0,,,11.3,0.0,9.59,,,0.0,,
2025-11-19 10:56:04+00:00,2025-11-19 10:56:04,,,,,,,,,,17.6812496,0.0,974.0,1084.84998,0.0,,,11.3,0.0,9.59,,,0.0,,
2025-11-19 10:56:05+00:00,2025-11-19 10:56:05,20.0,20.0,20.0,20.0,20.0,,2.0,FALLBACK,Fallback Hz 사용: 20.0Hz (essential_range_violation),17.6812496,0.0,974.0,1084.84998,0.0,,,11.3,0.0,9.59,,,0.0,,
2025-11-19 10:56:06+00:00,2025-11-19 10:56:06,,,,,,,,,,17.6812496,0.0,974.0,1084.84998,0.0,,,11.3,0.0,9.59,,,0.0,,
2025-11-19 10:56:07+00:00,2025-11-19 10:56:07,,,,,,,,,,17.6812496,0.0,972.0,1084.7688,0.0,,,11.3,0.0,9.59,,,0.0,,
2025-11-19 10:56:08+00:00,2025-11-19 10:56:08,,,,,,,,,,17.6812496,0.0,973.0,1085.90625,0.0,,,11.3,0.0,9.59,,,0.0,,
2025-11-19 10:56:09+00:00,2025-11-19 10:56:09,,,,,,,,,,17.6812496,0.0,974.0,1085.5,0.0,,,11.3,0.0,9.59,,,0.0,,
2025-11-19 10:56:10+00:00,2025-11-19 10:56:10,20.0,20.0,20.0,20.0,20.0,,2.0,FALLBACK,Fallback Hz 사용: 20.0Hz (essential_range_violation),17.6812496,0.0,974.0,1085.5,0.0,,,11.3,0.0,9.59,,,0.0,,
2025-11-19 10:56:11+00:00,2025-11-19 10:56:11,,,,,,,,,,17.6812496,0.0,974.0,1085.5813,0.0,,,11.3,0.0,9.59,,,0.0,,
2025-11-19 10:56:12+00:00,2025-11-19 10:56:12,,,,,,,,,,17.6812496,0.0,974.0,1085.5813,0.0,,,11.3,0.0,9.59,,,0.0,,
2025-11-19 10:56:13+00:00,2025-11-19 10:56:13,,,,,,,,,,17.6812496,0.0,973.0,1085.09375,0.0,,,11.3,0.0,9.59,,,0.0,,
2025-11-19 10:56:15+00:00,2025-11-19 10:56:15,20.0,20.0,20.0,20.0,20.0,,2.0,FALLBACK,Fallback Hz 사용: 20.0Hz (essential_range_violation),17.6812496,0.0,973.0,1085.09375,0.0,,,11.3,0.0,9.59,,,0.0,,
2025-11-19 10:56:16+00:00,2025-11-19 10:56:16,,,,,,,,,,17.6812496,0.0,973.0,1085.5,0.0,,,11.3,0.0,9.59,,,0.0,,
2025-11-19 10:56:17+00:00,2025-11-19 10:56:17,,,,,,,,,,17.6812496,0.0,974.0,1085.01245,0.0,,,11.3,0.0,9.59,,,0.0,,
2025-11-19 10:56:18+00:00,2025-11-19 10:56:18,,,,,,,,,,17.6812496,0.0,975.0,1085.74377,0.0,,,11.3,0.0,9.59,,,0.0,,
2025-11-19 10:56:19+00:00,2025-11-19 10:56:19,,,,,,,,,,17.6812496,0.0,975.0,1085.74377,0.0,,,11.3,0.0,9.59,,,0.0,,
2025-11-19 10:56:20+00:00,2025-11-19 10:56:20,20.0,20.0,20.0,20.0,20.0,,2.0,FALLBACK,Fallback Hz 사용: 20.0Hz (essential_range_violation),17.6812496,0.0,975.0,1085.82495,0.0,,,11.3,0.0,9.59,,,0.0,,
2025-11-19 10:56:21+00:00,2025-11-19 10:56:21,,,,,,,,,,17.6812496,0.0,975.0,1084.93127,0.0,,,11.3,0.0,9.59,,,0.0,,
2025-11-19 10:56:22+00:00,2025-11-19 10:56:22,,,,,,,,,,17.6812496,0.0,975.0,1084.93127,0.0,,,11.3,0.0,9.59,,,0.0,,
2025-11-19 10:56:23+00:00,2025-11-19 10:56:23,,,,,,,,,,17.6812496,0.0,974.0,1085.82495,0.0,,,11.3,0.0,9.59,,,0.0,,
2025-11-19 10:56:24+00:00,2025-11-19 10:56:24,,,,,,,,,,17.6812496,0.0,974.0,1085.82495,0.0,,,11.3,0.0,9.59,,,0.0,,
2025-11-19 10:56:25+00:00,2025-11-19 10:56:25,20.0,20.0,20.0,20.0,20.0,,2.0,FALLBACK,Fallback Hz 사용: 20.0Hz (essential_range_violation),17.6812496,0.0,975.0,1085.33752,0.0,,,11.3,0.0,9.59,,,0.0,,
2025-11-19 10:56:26+00:00,2025-11-19 10:56:26,,,,,,,,,,17.6812496,0.0,974.0,1085.90625,0.0,,,11.3,0.0,9.59,,,0.0,,
2025-11-19 10:56:27+00:00,2025-11-19 10:56:27,,,,,,,,,,17.6812496,0.0,974.0,1084.84998,0.0,,,11.3,0.0,9.59,,,0.0,,
2025-11-19 10:56:28+00:00,2025-11-19 10:56:28,,,,,,,,,,17.6812496,0.0,974.0,1084.84998,0.0,,,11.3,0.0,9.59,,,0.0,,
2025-11-19 10:56:29+00:00,2025-11-19 10:56:29,,,,,,,,,,17.6812496,0.0,974.0,1084.84998,0.0,,,11.3,0.0,9.59,,,0.0,,
2025-11-19 10:56:30+00:00,2025-11-19 10:56:30,20.0,20.0,20.0,20.0,20.0,,2.0,FALLBACK,Fallback Hz 사용: 20.0Hz (essential_range_violation),17.6812496,0.0,974.0,1085.4187,0.0,,,11.3,0.0,9.59,,,0.0,,
2025-11-19 10:56:31+00:00,2025-11-19 10:56:31,,,,,,,,,,17.6812496,0.0,974.0,1085.74377,0.0,,,11.3,0.0,9.59,,,0.0,,
2025-11-19 10:56:32+00:00,2025-11-19 10:56:32,,,,,,,,,,17.6812496,0.0,974.0,1085.74377,0.0,,,11.3,0.0,9.59,,,0.0,,
2025-11-19 10:56:33+00:00,2025-11-19 10:56:33,,,,,,,,,,17.6812496,0.0,974.0,1085.33752,0.0,,,11.3,0.0,9.59,,,0.0,,
2025-11-19 10:56:34+00:00,2025-11-19 10:56:34,,,,,,,,,,17.6812496,0.0,974.0,1085.33752,0.0,,,11.3,0.0,9.59,,,0.0,,
2025-11-19 10:56:35+00:00,2025-11-19 10:56:35,20.0,20.0,20.0,20.0,20.0,,2.0,FALLBACK,Fallback Hz 사용: 20.0Hz (essential_range_violation),17.6812496,0.0,975.0,1085.90625,0.0,,,11.3,0.0,9.59,,,0.0,,
2025-11-19 10:56:36+00:00,2025-11-19 10:56:36,,,,,,,,,,17.6812496,0.0,975.0,1085.4187,0.0,,,11.3,0.0,9.59,,,0.0,,
2025-11-19 10:56:37+00:00,2025-11-19 10:56:37,,,,,,,,,,17.6812496,0.0,974.0,1084.93127,0.0,,,11.3,0.0,9.59,,,0.0,,
2025-11-19 10:56:38+00:00,2025-11-19 10:56:38,,,,,,,,,,17.6812496,0.0,974.0,1085.82495,0.0,,,11.3,0.0,9.59,,,0.0,,
2025-11-19 10:56:39+00:00,2025-11-19 10:56:39,,,,,,,,,,17.6812496,0.0,974.0,1085.82495,0.0,,,11.3,0.0,9.59,,,0.0,,
2025-11-19 10:56:40+00:00,2025-11-19 10:56:40,20.0,20.0,20.0,20.0,20.0,,2.0,FALLBACK,Fallback Hz 사용: 20.0Hz (essential_range_violation),17.6812496,0.0,974.0,1087.0437,0.0,,,11.3,0.0,9.59,,,0.0,,
2025-11-19 10:56:41+00:00,2025-11-19 10:56:41,,,,,,,,,,17.6812496,0.0,974.0,1087.0437,0.0,,,11.3,0.0,9.59,,,0.0,,
2025-11-19 10:56:42+00:00,2025-11-19 10:56:42,,,,,,,,,,17.6812496,0.0,975.0,1086.3125,0.0,,,11.3,0.0,9.59,,,0.0,,
2025-11-19 10:56:43+00:00,2025-11-19 10:56:43,,,,,,,,,,17.6812496,0.0,975.0,1086.3125,0.0,,,11.3,0.0,9.59,,,0.0,,
2025-11-19 10:56:44+00:00,2025-11-19 10:56:44,,,,,,,,,,17.6812496,0.0,974.0,1086.88123,0.0,,,11.3,0.0,9.59,,,0.0,,
2025-11-19 10:56:45+00:00,2025-11-19 10:56:45,20.0,20.0,20.0,20.0,20.0,,2.0,FALLBACK,Fallback Hz 사용: 20.0Hz (essential_range_violation),17.6812496,0.0,974.0,1086.88123,0.0,,,11.3,0.0,9.59,,,0.0,,
2025-11-19 10:56:46+00:00,2025-11-19 10:56:46,,,,,,,,,,17.6812496,0.0,976.0,1086.2312,0.0,,,11.3,0.0,9.59,,,0.0,,
2025-11-19 10:56:47+00:00,2025-11-19 10:56:47,,,,,,,,,,17.6812496,0.0,976.0,1086.2312,0.0,,,11.3,0.0,9.59,,,0.0,,
2025-11-19 10:56:48+00:00,2025-11-19 10:56:48,,,,,,,,,,17.6812496,0.0,977.0,1087.125,0.0,,,11.3,0.0,9.59,,,0.0,,
2025-11-19 10:56:49+00:00,2025-11-19 10:56:49,,,,,,,,,,17.6812496,0.0,977.0,1087.125,0.0,,,11.3,0.0,9.59,,,0.0,,
2025-11-19 10:56:50+00:00,2025-11-19 10:56:50,20.0,20.0,20.0,20.0,20.0,,2.0,FALLBACK,Fallback Hz 사용: 20.0Hz (essential_range_violation),17.6812496,0.0,976.0,1087.44995,0.0,,,11.3,0.0,9.59,,,0.0,,
2025-11-19 10:56:51+00:00,2025-11-19 10:56:51,,,,,,,,,,17.6812496,0.0,976.0,1087.44995,0.0,,,11.3,0.0,9.59,,,0.0,,
2025-11-19 10:56:52+00:00,2025-11-19 10:56:52,,,,,,,,,,17.6812496,0.0,976.0,1088.34375,0.0,,,11.3,0.0,9.59,,,0.0,,
2025-11-19 10:56:53+00:00,2025-11-19 10:56:53,,,,,,,,,,17.6812496,0.0,976.0,1087.77502,0.0,,,11.3,0.0,9.59,,,0.0,,
2025-11-19 10:56:54+00:00,2025-11-19 10:56:54,,,,,,,,,,17.6812496,0.0,976.0,1087.77502,0.0,,,11.3,0.0,9.59,,,0.0,,
2025-11-19 10:56:55+00:00,2025-11-19 10:56:55,20.0,20.0,20.0,20.0,20.0,,2.0,FALLBACK,Fallback Hz 사용: 20.0Hz (essential_range_violation),17.6812496,0.0,977.0,1088.99377,0.0,,,11.3,0.0,9.59,,,0.0,,
2025-11-19 10:56:56+00:00,2025-11-19 10:56:56,,,,,,,,,,17.6812496,0.0,976.0,1087.9375,0.0,,,11.3,0.0,9.59,,,0.0,,
2025-11-19 10:56:57+00:00,2025-11-19 10:56:57,,,,,,,,,,17.6812496,0.0,976.0,1088.50623,0.0,,,11.3,0.0,9.59,,,0.0,,
2025-11-19 10:56:58+00:00,2025-11-19 10:56:58,,,,,,,,,,17.6812496,0.0,976.0,1087.9375,0.0,,,11.3,0.0,9.59,,,0.0,,
2025-11-19 10:56:59+00:00,2025-11-19 10:56:59,,,,,,,,,,17.6812496,0.0,977.0,1088.99377,0.0,,,11.3,0.0,9.59,,,0.0,,
2025-11-19 10:57:00+00:00,2025-11-19 10:57:00,20.0,20.0,20.0,20.0,20.0,,2.0,FALLBACK,Fallback Hz 사용: 20.0Hz (essential_range_violation),17.6812496,0.0,978.0,1088.18127,0.0,,,11.3,0.0,9.59,,,0.0,,
2025-11-19 10:57:01+00:00,2025-11-19 10:57:01,,,,,,,,,,17.6812496,0.0,978.0,1088.18127,0.0,,,11.3,0.0,9.59,,,0.0,,
2025-11-19 10:57:02+00:00,2025-11-19 10:57:02,,,,,,,,,,17.6812496,0.0,978.0,1088.91248,0.0,,,11.3,0.0,9.59,,,0.0,,
2025-11-19 10:57:03+00:00,2025-11-19 10:57:03,,,,,,,,,,17.6812496,0.0,978.0,1088.42505,0.0,,,11.3,0.0,9.59,,,0.0,,
2025-11-19 10:57:04+00:00,2025-11-19 10:57:04,,,,,,,,,,17.6812496,0.0,978.0,1087.9375,0.0,,,11.3,0.0,9.59,,,0.0,,
2025-11-19 10:57:05+00:00,2025-11-19 10:57:05,20.0,20.0,20.0,20.0,20.0,,2.0,FALLBACK,Fallback Hz 사용: 20.0Hz (essential_range_violation),17.6812496,0.0,978.0,1087.9375,0.0,,,11.3,0.0,9.59,,,0.0,,
2025-11-19 10:57:06+00:00,2025-11-19 10:57:06,,,,,,,,,,17.6812496,0.0,977.0,1088.09998,0.0,,,11.3,0.0,9.59,,,0.0,,
2025-11-19 10:57:07+00:00,2025-11-19 10:57:07,,,,,,,,,,17.6812496,0.0,977.0,1088.09998,0.0,,,11.3,0.0,9.59,,,0.0,,
2025-11-19 10:57:08+00:00,2025-11-19 10:57:08,,,,,,,,,,17.6812496,0.0,979.0,1088.34375,0.0,,,11.3,0.0,9.59,,,0.0,,
2025-11-19 10:57:09+00:00,2025-11-19 10:57:09,,,,,,,,,,17.6812496,0.0,979.0,1087.9375,0.0,,,11.3,0.0,9.59,,,0.0,,
2025-11-19 10:57:10+00:00,2025-11-19 10:57:10,20.0,20.0,20.0,20.0,20.0,,2.0,FALLBACK,Fallback Hz 사용: 20.0Hz (essential_range_violation),17.6812496,0.0,979.0,1087.9375,0.0,,,11.3,0.0,9.59,,,0.0,,
2025-11-19 10:57:11+00:00,2025-11-19 10:57:11,,,,,,,,,,17.6812496,0.0,979.0,1088.26245,0.0,,,11.3,0.0,9.59,,,0.0,,
2025-11-19 10:57:12+00:00,2025-11-19 10:57:12,,,,,,,,,,17.6812496,0.0,980.0,1089.07495,0.0,,,11.3,0.0,9.59,,,0.0,,
2025-11-19 10:57:13+00:00,2025-11-19 10:57:13,,,,,,,,,,17.6812496,0.0,980.0,1089.07495,0.0,,,11.3,0.0,9.59,,,0.0,,
2025-11-19 10:57:14+00:00,2025-11-19 10:57:14,,,,,,,,,,17.6812496,0.0,979.0,1088.50623,0.0,,,11.3,0.0,9.59,,,0.0,,
2025-11-19 10:57:15+00:00,2025-11-19 10:57:15,20.0,20.0,20.0,20.0,20.0,,2.0,FALLBACK,Fallback Hz 사용: 20.0Hz (essential_range_violation),17.6812496,0.0,980.0,1087.8562,0.0,,,11.3,0.0,9.59,,,0.0,,
2025-11-19 10:57:16+00:00,2025-11-19 10:57:16,,,,,,,,,,17.6812496,0.0,980.0,1088.58752,0.0,,,11.3,0.0,9.59,,,0.0,,
2025-11-19 10:57:17+00:00,2025-11-19 10:57:17,,,,,,,,,,17.6812496,0.0,980.0,1088.58752,0.0,,,11.3,0.0,9.59,,,0.0,,
2025-11-19 10:57:18+00:00,2025-11-19 10:57:18,,,,,,,,,,17.6812496,0.0,980.0,1088.34375,0.0,,,11.3,0.0,9.59,,,0.0,,
2025-11-19 10:57:19+00:00,2025-11-19 10:57:19,,,,,,,,,,17.6812496,0.0,980.0,1088.34375,0.0,,,11.3,0.0,9.59,,,0.0,,
2025-11-19 10:57:20+00:00,2025-11-19 10:57:20,20.0,20.0,20.0,20.0,20.0,,2.0,FALLBACK,Fallback Hz 사용: 20.0Hz (essential_range_violation),17.6812496,0.0,980.0,1088.18127,0.0,,,11.3,0.0,9.59,,,0.0,,
2025-11-19 10:57:21+00:00,2025-11-19 10:57:21,,,,,,,,,,17.6812496,0.0,980.0,1088.0188,0.0,,,11.3,0.0,9.59,,,0.0,,
2025-11-19 10:57:22+00:00,2025-11-19 10:57:22,,,,,,,,,,17.6812496,0.0,980.0,1088.0188,0.0,,,11.3,0.0,9.59,,,0.0,,
2025-11-19 10:57:23+00:00,2025-11-19 10:57:23,,,,,,,,,,17.6812496,0.0,980.0,1088.8313,0.0,,,11.3,0.0,9.59,,,0.0,,
2025-11-19 10:57:24+00:00,2025-11-19 10:57:24,,,,,,,,,,17.6812496,0.0,980.0,1088.8313,0.0,,,11.3,0.0,9.59,,,0.0,,
2025-11-19 10:57:25+00:00,2025-11-19 10:57:25,20.0,20.0,20.0,20.0,20.0,,2.0,FALLBACK,Fallback Hz 사용: 20.0Hz (essential_range_violation),17.6812496,0.0,979.0,1088.75,0.0,,,11.3,0.0,9.59,,,0.0,,
2025-11-19 10:57:26+00:00,2025-11-19 10:57:26,,,,,,,,,,17.6812496,0.0,979.0,1088.75,0.0,,,11.3,0.0,9.59,,,0.0,,
2025-11-19 10:57:27+00:00,2025-11-19 10:57:27,,,,,,,,,,17.6812496,0.0,980.0,1087.77502,0.0,,,11.3,0.0,9.59,,,0.0,,
2025-11-19 10:57:28+00:00,2025-11-19 10:57:28,,,,,,,,,,17.6812496,0.0,980.0,1088.58752,0.0,,,11.3,0.0,9.59,,,0.0,,
2025-11-19 10:57:29+00:00,2025-11-19 10:57:29,,,,,,,,,,17.6812496,0.0,980.0,1088.58752,0.0,,,11.3,0.0,9.59,,,0.0,,
2025-11-19 10:57:30+00:00,2025-11-19 10:57:30,20.0,20.0,20.0,20.0,20.0,,2.0,FALLBACK,Fallback Hz 사용: 20.0Hz (essential_range_violation),17.6812496,0.0,979.0,1088.75,0.0,,,11.3,0.0,9.59,,,0.0,,
2025-11-19 10:57:31+00:00,2025-11-19 10:57:31,,,,,,,,,,17.6812496,0.0,981.0,1087.61255,0.0,,,11.3,0.0,9.59,,,0.0,,
2025-11-19 10:57:32+00:00,2025-11-19 10:57:32,,,,,,,,,,17.6812496,0.0,981.0,1088.18127,0.0,,,11.3,0.0,9.59,,,0.0,,
2025-11-19 10:57:33+00:00,2025-11-19 10:57:33,,,,,,,,,,17.6812496,0.0,981.0,1088.18127,0.0,,,11.3,0.0,9.59,,,0.0,,
2025-11-19 10:57:34+00:00,2025-11-19 10:57:34,,,,,,,,,,17.6812496,0.0,981.0,1087.9375,0.0,,,11.3,0.0,9.59,,,0.0,,
2025-11-19 10:57:35+00:00,2025-11-19 10:57:35,20.0,20.0,20.0,20.0,20.0,,2.0,FALLBACK,Fallback Hz 사용: 20.0Hz (essential_range_violation),17.6812496,0.0,981.0,1088.18127,0.0,,,11.3,0.0,9.59,,,0.0,,
2025-11-19 10:57:36+00:00,2025-11-19 10:57:36,,,,,,,,,,17.6812496,0.0,982.0,1088.99377,0.0,,,11.3,0.0,9.59,,,0.0,,
2025-11-19 10:57:37+00:00,2025-11-19 10:57:37,,,,,,,,,,17.6812496,0.0,982.0,1088.99377,0.0,,,11.3,0.0,9.59,,,0.0,,
2025-11-19 10:57:38+00:00,2025-11-19 10:57:38,,,,,,,,,,17.6812496,0.0,982.0,1088.75,0.0,,,11.3,0.0,9.59,,,0.0,,
2025-11-19 10:57:39+00:00,2025-11-19 10:57:39,,,,,,,,,,17.6812496,0.0,982.0,1088.0188,0.0,,,11.3,0.0,9.59,,,0.0,,
2025-11-19 10:57:40+00:00,2025-11-19 10:57:40,20.0,20.0,20.0,20.0,20.0,,2.0,FALLBACK,Fallback Hz 사용: 20.0Hz (essential_range_violation),17.6812496,0.0,982.0,1088.0188,0.0,,,11.3,0.0,9.59,,,0.0,,
2025-11-19 10:57:41+00:00,2025-11-19 10:57:41,,,,,,,,,,17.6812496,0.0,982.0,1087.9375,0.0,,,11.3,0.0,9.59,,,0.0,,
2025-11-19 10:57:42+00:00,2025-11-19 10:57:42,,,,,,,,,,17.6812496,0.0,982.0,1087.9375,0.0,,,11.3,0.0,9.59,,,0.0,,
2025-11-19 10:57:43+00:00,2025-11-19 10:57:43,,,,,,,,,,17.6812496,0.0,982.0,1088.91248,0.0,,,11.3,0.0,9.59,,,0.0,,
2025-11-19 10:57:44+00:00,2025-11-19 10:57:44,,,,,,,,,,17.6812496,0.0,982.0,1088.91248,0.0,,,11.3,0.0,9.59,,,0.0,,
2025-11-19 10:57:45+00:00,2025-11-19 10:57:45,20.0,20.0,20.0,20.0,20.0,,2.0,FALLBACK,Fallback Hz 사용: 20.0Hz (essential_range_violation),17.6812496,0.0,982.0,1088.99377,0.0,,,11.3,0.0,9.59,,,0.0,,
2025-11-19 10:57:46+00:00,2025-11-19 10:57:46,,,,,,,,,,17.6812496,0.0,982.0,1088.99377,0.0,,,11.3,0.0,9.59,,,0.0,,
2025-11-19 10:57:47+00:00,2025-11-19 10:57:47,,,,,,,,,,17.6812496,0.0,981.0,1087.9375,0.0,,,11.3,0.0,9.59,,,0.0,,
2025-11-19 10:57:48+00:00,2025-11-19 10:57:48,,,,,,,,,,17.6812496,0.0,982.0,1088.18127,0.0,,,11.3,0.0,9.59,,,0.0,,
2025-11-19 10:57:49+00:00,2025-11-19 10:57:49,,,,,,,,,,17.6812496,0.0,982.0,1088.18127,0.0,,,11.3,0.0,9.59,,,0.0,,
2025-11-19 10:57:50+00:00,2025-11-19 10:57:50,20.0,20.0,20.0,20.0,20.0,,2.0,FALLBACK,Fallback Hz 사용: 20.0Hz (essential_range_violation),17.6812496,0.0,982.0,1088.99377,0.0,,,11.3,0.0,9.59,,,0.0,,
2025-11-19 10:57:51+00:00,2025-11-19 10:57:51,,,,,,,,,,17.6812496,0.0,981.0,1087.9375,0.0,,,11.3,0.0,9.59,,,0.0,,
2025-11-19 10:57:52+00:00,2025-11-19 10:57:52,,,,,,,,,,17.6812496,0.0,981.0,1087.9375,0.0,,,11.3,0.0,9.59,,,0.0,,
2025-11-19 10:57:54+00:00,2025-11-19 10:57:54,,,,,,,,,,17.6812496,0.0,981.0,1087.77502,0.0,,,11.3,0.0,9.59,,,0.0,,
2025-11-19 10:57:55+00:00,2025-11-19 10:57:55,20.0,20.0,20.0,20.0,20.0,,2.0,FALLBACK,Fallback Hz 사용: 20.0Hz (essential_range_violation),17.6812496,0.0,981.0,1087.77502,0.0,,,11.3,0.0,9.59,,,0.0,,
2025-11-19 10:57:56+00:00,2025-11-19 10:57:56,,,,,,,,,,17.6812496,0.0,980.0,1087.77502,0.0,,,11.3,0.0,9.59,,,0.0,,
2025-11-19 10:57:57+00:00,2025-11-19 10:57:57,,,,,,,,,,17.6812496,0.0,981.0,1089.15625,0.0,,,11.3,0.0,9.59,,,0.0,,
2025-11-19 10:57:58+00:00,2025-11-19 10:57:58,,,,,,,,,,17.6812496,0.0,981.0,1089.15625,0.0,,,11.3,0.0,9.59,,,0.0,,
2025-11-19 10:57:59+00:00,2025-11-19 10:57:59,,,,,,,,,,17.6812496,0.0,981.0,1088.26245,0.0,,,11.3,0.0,9.59,,,0.0,,
2025-11-19 10:58:00+00:00,2025-11-19 10:58:00,20.0,20.0,20.0,20.0,20.0,,2.0,FALLBACK,Fallback Hz 사용: 20.0Hz (essential_range_violation),17.6812496,0.0,981.0,1088.26245,0.0,,,11.3,0.0,9.59,,,0.0,,
2025-11-19 10:58:01+00:00,2025-11-19 10:58:01,,,,,,,,,,17.6812496,0.0,981.0,1087.8562,0.0,,,11.3,0.0,9.59,,,0.0,,
2025-11-19 10:58:02+00:00,2025-11-19 10:58:02,,,,,,,,,,17.6812496,0.0,981.0,1087.8562,0.0,,,11.3,0.0,9.59,,,0.0,,
2025-11-19 10:58:03+00:00,2025-11-19 10:58:03,,,,,,,,,,17.6812496,0.0,981.0,1088.75,0.0,,,11.3,0.0,9.59,,,0.0,,
2025-11-19 10:58:04+00:00,2025-11-19 10:58:04,,,,,,,,,,17.6812496,0.0,980.0,1088.6687,0.0,,,11.3,0.0,9.59,,,0.0,,
2025-11-19 10:58:05+00:00,2025-11-19 10:58:05,20.0,20.0,20.0,20.0,20.0,,2.0,FALLBACK,Fallback Hz 사용: 20.0Hz (essential_range_violation),17.6812496,0.0,980.0,1088.6687,0.0,,,11.3,0.0,9.59,,,0.0,,
2025-11-19 10:58:06+00:00,2025-11-19 10:58:06,,,,,,,,,,17.6812496,0.0,982.0,1088.0188,0.0,,,11.3,0.0,9.59,,,0.0,,
2025-11-19 10:58:07+00:00,2025-11-19 10:58:07,,,,,,,,,,17.6812496,0.0,982.0,1088.0188,0.0,,,11.3,0.0,9.59,,,0.0,,
2025-11-19 10:58:08+00:00,2025-11-19 10:58:08,,,,,,,,,,17.6812496,0.0,982.0,1087.77502,0.0,,,11.3,0.0,9.59,,,0.0,,
2025-11-19 10:58:09+00:00,2025-11-19 10:58:09,,,,,,,,,,17.6812496,0.0,982.0,1087.77502,0.0,,,11.3,0.0,9.59,,,0.0,,
2025-11-19 10:58:10+00:00,2025-11-19 10:58:10,20.0,20.0,20.0,20.0,20.0,,2.0,FALLBACK,Fallback Hz 사용: 20.0Hz (essential_range_violation),17.6812496,0.0,982.0,1087.9375,0.0,,,11.3,0.0,9.59,,,0.0,,
2025-11-19 10:58:11+00:00,2025-11-19 10:58:11,,,,,,,,,,17.6812496,0.0,982.0,1087.9375,0.0,,,11.3,0.0,9.59,,,0.0,,
2025-11-19 10:58:12+00:00,2025-11-19 10:58:12,,,,,,,,,,17.6812496,0.0,982.0,1086.47498,0.0,,,11.3,0.0,9.59,,,0.0,,
2025-11-19 10:58:13+00:00,2025-11-19 10:58:13,,,,,,,,,,17.6812496,0.0,981.0,1086.47498,0.0,,,11.3,0.0,9.59,,,0.0,,
2025-11-19 10:58:14+00:00,2025-11-19 10:58:14,,,,,,,,,,17.6812496,0.0,981.0,1086.47498,0.0,,,11.3,0.0,9.59,,,0.0,,
2025-11-19 10:58:15+00:00,2025-11-19 10:58:15,20.0,20.0,20.0,20.0,20.0,,2.0,FALLBACK,Fallback Hz 사용: 20.0Hz (essential_range_violation),17.6812496,0.0,981.0,1087.36877,0.0,,,11.3,0.0,9.59,,,0.0,,
2025-11-19 10:58:16+00:00,2025-11-19 10:58:16,,,,,,,,,,17.6812496,0.0,981.0,1087.36877,0.0,,,11.3,0.0,9.59,,,0.0,,
2025-11-19 10:58:17+00:00,2025-11-19 10:58:17,,,,,,,,,,17.6812496,0.0,982.0,1086.06873,0.0,,,11.3,0.0,9.59,,,0.0,,
2025-11-19 10:58:18+00:00,2025-11-19 10:58:18,,,,,,,,,,17.6812496,0.0,982.0,1086.06873,0.0,,,11.3,0.0,9.59,,,0.0,,
2025-11-19 10:58:19+00:00,2025-11-19 10:58:19,,,,,,,,,,17.6812496,0.0,982.0,1086.63745,0.0,,,11.3,0.0,9.59,,,0.0,,
2025-11-19 10:58:20+00:00,2025-11-19 10:58:20,20.0,20.0,20.0,20.0,20.0,,2.0,FALLBACK,Fallback Hz 사용: 20.0Hz (essential_range_violation),17.6812496,0.0,982.0,1086.63745,0.0,,,11.3,0.0,9.59,,,0.0,,
2025-11-19 10:58:21+00:00,2025-11-19 10:58:21,,,,,,,,,,17.6812496,0.0,981.0,1086.47498,0.0,,,11.3,0.0,9.59,,,0.0,,
2025-11-19 10:58:22+00:00,2025-11-19 10:58:22,,,,,,,,,,17.6812496,0.0,982.0,1086.63745,0.0,,,11.3,0.0,9.59,,,0.0,,
2025-11-19 10:58:23+00:00,2025-11-19 10:58:23,,,,,,,,,,17.6812496,0.0,982.0,1086.3125,0.0,,,11.3,0.0,9.59,,,0.0,,
2025-11-19 10:58:24+00:00,2025-11-19 10:58:24,,,,,,,,,,17.6812496,0.0,982.0,1086.3125,0.0,,,11.3,0.0,9.59,,,0.0,,
2025-11-19 10:58:25+00:00,2025-11-19 10:58:25,20.0,20.0,20.0,20.0,20.0,,2.0,FALLBACK,Fallback Hz 사용: 20.0Hz (essential_range_violation),17.6812496,0.0,981.0,1087.61255,0.0,,,11.3,0.0,9.59,,,0.0,,
2025-11-19 10:58:26+00:00,2025-11-19 10:58:26,,,,,,,,,,17.6812496,0.0,981.0,1087.61255,0.0,,,11.3,0.0,9.59,,,0.0,,
2025-11-19 10:58:27+00:00,2025-11-19 10:58:27,,,,,,,,,,17.6812496,0.0,981.0,1086.63745,0.0,,,11.3,0.0,9.59,,,0.0,,
2025-11-19 10:58:28+00:00,2025-11-19 10:58:28,,,,,,,,,,17.6812496,0.0,981.0,1084.84998,0.0,,,11.3,0.0,9.59,,,0.0,,
2025-11-19 10:58:29+00:00,2025-11-19 10:58:29,,,,,,,,,,,,,,,,,11.3,0.0,9.59,,,,,
2025-11-19 10:58:30+00:00,2025-11-19 10:58:30,20.0,20.0,20.0,20.0,20.0,,2.0,FALLBACK,Fallback Hz 사용: 20.0Hz (essential_range_violation),17.6812496,0.0,981.0,1084.6875,0.0,,,11.3,0.0,9.59,,,0.0,,
2025-11-19 10:58:31+00:00,2025-11-19 10:58:31,,,,,,,,,,17.6812496,0.0,981.0,1084.6875,0.0,,,11.3,0.0,9.59,,,0.0,,
2025-11-19 10:58:32+00:00,2025-11-19 10:58:32,,,,,,,,,,17.6812496,0.0,981.0,1085.4187,0.0,,,11.3,0.0,9.59,,,0.0,,
2025-11-19 10:58:33+00:00,2025-11-19 10:58:33,,,,,,,,,,17.6812496,0.0,982.0,1085.01245,0.0,,,11.3,0.0,9.59,,,0.0,,
2025-11-19 10:58:34+00:00,2025-11-19 10:58:34,,,,,,,,,,17.6812496,0.0,982.0,1085.01245,0.0,,,11.3,0.0,9.59,,,0.0,,
2025-11-19 10:58:35+00:00,2025-11-19 10:58:35,20.0,20.0,20.0,20.0,20.0,,2.0,FALLBACK,Fallback Hz 사용: 20.0Hz (essential_range_violation),17.6812496,0.0,979.0,1084.6875,0.0,,,11.3,0.0,9.59,,,0.0,,
2025-11-19 10:58:36+00:00,2025-11-19 10:58:36,,,,,,,,,,17.6812496,0.0,979.0,1084.6875,0.0,,,11.3,0.0,9.59,,,0.0,,
2025-11-19 10:58:37+00:00,2025-11-19 10:58:37,,,,,,,,,,17.6812496,0.0,980.0,1085.4187,0.0,,,11.3,0.0,9.59,,,0.0,,
2025-11-19 10:58:38+00:00,2025-11-19 10:58:38,,,,,,,,,,17.6812496,0.0,979.0,1084.6875,0.0,,,11.3,0.0,9.59,,,0.0,,
2025-11-19 10:58:39+00:00,2025-11-19 10:58:39,,,,,,,,,,17.6812496,0.0,979.0,1084.6875,0.0,,,11.3,0.0,9.59,,,0.0,,
2025-11-19 10:58:40+00:00,2025-11-19 10:58:40,20.0,20.0,20.0,20.0,20.0,,2.0,FALLBACK,Fallback Hz 사용: 20.0Hz (essential_range_violation),17.6812496,0.0,979.0,1085.09375,0.0,,,11.3,0.0,9.59,,,0.0,,
2025-11-19 10:58:41+00:00,2025-11-19 10:58:41,,,,,,,,,,17.6812496,0.0,979.0,1085.09375,0.0,,,11.3,0.0,9.59,,,0.0,,
2025-11-19 10:58:42+00:00,2025-11-19 10:58:42,,,,,,,,,,17.6812496,0.0,979.0,1085.66248,0.0,,,11.3,0.0,9.59,,,0.0,,
2025-11-19 10:58:43+00:00,2025-11-19 10:58:43,,,,,,,,,,17.6812496,0.0,979.0,1085.25623,0.0,,,11.3,0.0,9.59,,,0.0,,
2025-11-19 10:58:44+00:00,2025-11-19 10:58:44,,,,,,,,,,17.6812496,0.0,979.0,1085.25623,0.0,,,11.3,0.0,9.59,,,0.0,,
2025-11-19 10:58:45+00:00,2025-11-19 10:58:45,20.0,20.0,20.0,20.0,20.0,,2.0,FALLBACK,Fallback Hz 사용: 20.0Hz (essential_range_violation),17.6812496,0.0,980.0,1085.74377,0.0,,,11.3,0.0,9.59,,,0.0,,
2025-11-19 10:58:46+00:00,2025-11-19 10:58:46,,,,,,,,,,17.6812496,0.0,980.0,1085.74377,0.0,,,11.3,0.0,9.59,,,0.0,,
2025-11-19 10:58:47+00:00,2025-11-19 10:58:47,,,,,,,,,,17.6812496,0.0,980.0,1085.82495,0.0,,,11.3,0.0,9.59,,,0.0,,
2025-11-19 10:58:48+00:00,2025-11-19 10:58:48,,,,,,,,,,17.6812496,0.0,980.0,1085.82495,0.0,,,11.3,0.0,9.59,,,0.0,,
2025-11-19 10:58:49+00:00,2025-11-19 10:58:49,,,,,,,,,,17.6812496,0.0,979.0,1085.82495,0.0,,,11.3,0.0,9.59,,,0.0,,
2025-11-19 10:58:50+00:00,2025-11-19 10:58:50,20.0,20.0,20.0,20.0,20.0,,2.0,FALLBACK,Fallback Hz 사용: 20.0Hz (essential_range_violation),17.6812496,0.0,980.0,1085.74377,0.0,,,11.3,0.0,9.59,,,0.0,,
2025-11-19 10:58:51+00:00,2025-11-19 10:58:51,,,,,,,,,,17.6812496,0.0,980.0,1085.74377,0.0,,,11.3,0.0,9.59,,,0.0,,
2025-11-19 10:58:52+00:00,2025-11-19 10:58:52,,,,,,,,,,17.6812496,0.0,979.0,1083.0625,0.0,,,11.3,0.0,9.59,,,0.0,,
2025-11-19 10:58:53+00:00,2025-11-19 10:58:53,,,,,,,,,,17.6812496,0.0,979.0,1082.90002,0.0,,,11.3,0.0,9.59,,,0.0,,
2025-11-19 10:58:54+00:00,2025-11-19 10:58:54,,,,,,,,,,17.6812496,0.0,979.0,1082.90002,0.0,,,11.3,0.0,9.59,,,0.0,,
2025-11-19 10:58:55+00:00,2025-11-19 10:58:55,20.0,20.0,20.0,20.0,20.0,,2.0,FALLBACK,Fallback Hz 사용: 20.0Hz (essential_range_violation),17.6812496,0.0,979.0,1083.9563,0.0,,,11.3,0.0,9.59,,,0.0,,
2025-11-19 10:58:56+00:00,2025-11-19 10:58:56,,,,,,,,,,17.6812496,0.0,979.0,1083.9563,0.0,,,11.3,0.0,9.59,,,0.0,,
2025-11-19 10:58:57+00:00,2025-11-19 10:58:57,,,,,,,,,,17.6812496,0.0,979.0,1084.11877,0.0,,,11.3,0.0,9.59,,,0.0,,
2025-11-19 10:58:58+00:00,2025-11-19 10:58:58,,,,,,,,,,17.6812496,0.0,980.0,1082.41248,0.0,,,11.3,0.0,9.59,,,0.0,,
2025-11-19 10:58:59+00:00,2025-11-19 10:58:59,,,,,,,,,,17.6812496,0.0,980.0,1082.41248,0.0,,,11.3,0.0,9.59,,,0.0,,
2025-11-19 10:59:00+00:00,2025-11-19 10:59:00,20.0,20.0,20.0,20.0,20.0,,2.0,FALLBACK,Fallback Hz 사용: 20.0Hz (essential_range_violation),17.6812496,0.0,979.0,1082.41248,0.0,,,11.3,0.0,9.59,,,0.0,,
2025-11-19 10:59:01+00:00,2025-11-19 10:59:01,,,,,,,,,,17.6812496,0.0,979.0,1081.27502,0.0,,,11.3,0.0,9.59,,,0.0,,
2025-11-19 10:59:02+00:00,2025-11-19 10:59:02,,,,,,,,,,17.6812496,0.0,979.0,1081.27502,0.0,,,11.3,0.0,9.59,,,0.0,,
2025-11-19 10:59:03+00:00,2025-11-19 10:59:03,,,,,,,,,,17.6812496,0.0,979.0,1081.27502,0.0,,,11.3,0.0,9.59,,,0.0,,
2025-11-19 10:59:04+00:00,2025-11-19 10:59:04,,,,,,,,,,17.6812496,0.0,979.0,1080.78748,0.0,,,11.3,0.0,9.59,,,0.0,,
2025-11-19 10:59:05+00:00,2025-11-19 10:59:05,20.0,20.0,20.0,20.0,20.0,,2.0,FALLBACK,Fallback Hz 사용: 20.0Hz (essential_range_violation),17.6812496,0.0,979.0,1080.78748,0.0,,,11.3,0.0,9.59,,,0.0,,
2025-11-19 10:59:06+00:00,2025-11-19 10:59:06,,,,,,,,,,17.6812496,0.0,980.0,1080.5437,0.0,,,11.3,0.0,9.59,,,0.0,,
2025-11-19 10:59:07+00:00,2025-11-19 10:59:07,,,,,,,,,,17.6812496,0.0,980.0,1080.5437,0.0,,,11.3,0.0,9.59,,,0.0,,
2025-11-19 10:59:08+00:00,2025-11-19 10:59:08,,,,,,,,,,17.6812496,0.0,980.0,1079.97498,0.0,,,11.3,0.0,9.59,,,0.0,,
2025-11-19 10:59:09+00:00,2025-11-19 10:59:09,,,,,,,,,,17.6812496,0.0,980.0,1079.97498,0.0,,,11.3,0.0,9.59,,,0.0,,
2025-11-19 10:59:10+00:00,2025-11-19 10:59:10,20.0,20.0,20.0,20.0,20.0,,2.0,FALLBACK,Fallback Hz 사용: 20.0Hz (essential_range_violation),17.6812496,0.0,980.0,1078.2688,0.0,,,11.3,0.0,9.59,,,0.0,,
2025-11-19 10:59:11+00:00,2025-11-19 10:59:11,,,,,,,,,,17.6812496,0.0,980.0,1078.2688,0.0,,,11.3,0.0,9.59,,,0.0,,
2025-11-19 10:59:12+00:00,2025-11-19 10:59:12,,,,,,,,,,17.6812496,0.0,979.0,1079.24377,0.0,,,11.3,0.0,9.59,,,0.0,,
2025-11-19 10:59:13+00:00,2025-11-19 10:59:13,,,,,,,,,,17.6812496,0.0,979.0,1079.0813,0.0,,,11.3,0.0,9.59,,,0.0,,
2025-11-19 10:59:14+00:00,2025-11-19 10:59:14,,,,,,,,,,17.6812496,0.0,979.0,1079.0813,0.0,,,11.3,0.0,9.59,,,0.0,,
2025-11-19 10:59:15+00:00,2025-11-19 10:59:15,20.0,20.0,20.0,20.0,20.0,,2.0,FALLBACK,Fallback Hz 사용: 20.0Hz (essential_range_violation),17.6812496,0.0,979.0,1078.02502,0.0,,,11.3,0.0,9.59,,,0.0,,
2025-11-19 10:59:16+00:00,2025-11-19 10:59:16,,,,,,,,,,17.6812496,0.0,980.0,1078.2688,0.0,,,11.3,0.0,9.59,,,0.0,,
2025-11-19 10:59:17+00:00,2025-11-19 10:59:17,,,,,,,,,,17.6812496,0.0,980.0,1078.2688,0.0,,,11.3,0.0,9.59,,,0.0,,
2025-11-19 10:59:18+00:00,2025-11-19 10:59:18,,,,,,,,,,17.6812496,0.0,979.0,1078.1062,0.0,,,11.3,0.0,9.59,,,0.0,,
2025-11-19 10:59:19+00:00,2025-11-19 10:59:19,,,,,,,,,,17.6812496,0.0,979.0,1078.1062,0.0,,,11.3,0.0,9.59,,,0.0,,
2025-11-19 10:59:20+00:00,2025-11-19 10:59:20,20.0,20.0,20.0,20.0,20.0,,2.0,FALLBACK,Fallback Hz 사용: 20.0Hz (essential_range_violation),17.6812496,0.0,979.0,1078.1062,0.0,,,11.3,0.0,9.59,,,0.0,,
2025-11-19 10:59:21+00:00,2025-11-19 10:59:21,,,,,,,,,,17.6812496,0.0,979.0,1078.1062,0.0,,,11.3,0.0,9.59,,,0.0,,
2025-11-19 10:59:22+00:00,2025-11-19 10:59:22,,,,,,,,,,17.6812496,0.0,980.0,1078.51245,0.0,,,11.3,0.0,9.59,,,0.0,,
2025-11-19 10:59:23+00:00,2025-11-19 10:59:23,,,,,,,,,,17.6812496,0.0,980.0,1078.51245,0.0,,,11.3,0.0,9.59,,,0.0,,
2025-11-19 10:59:24+00:00,2025-11-19 10:59:24,,,,,,,,,,17.6812496,0.0,979.0,1077.13123,0.0,,,11.3,0.0,9.59,,,0.0,,
2025-11-19 10:59:25+00:00,2025-11-19 10:59:25,20.0,20.0,20.0,20.0,20.0,,2.0,FALLBACK,Fallback Hz 사용: 20.0Hz (essential_range_violation),17.6812496,0.0,979.0,1077.13123,0.0,,,11.3,0.0,9.59,,,0.0,,
2025-11-19 10:59:26+00:00,2025-11-19 10:59:26,,,,,,,,,,17.6812496,0.0,978.0,1077.4563,0.0,,,11.3,0.0,9.59,,,0.0,,
2025-11-19 10:59:27+00:00,2025-11-19 10:59:27,,,,,,,,,,17.6812496,0.0,977.0,1075.26245,0.0,,,11.3,0.0,9.59,,,0.0,,
2025-11-19 10:59:28+00:00,2025-11-19 10:59:28,,,,,,,,,,17.6812496,0.0,977.0,1075.26245,0.0,,,11.3,0.0,9.59,,,0.0,,
2025-11-19 10:59:29+00:00,2025-11-19 10:59:29,,,,,,,,,,17.6812496,0.0,978.0,1075.09998,0.0,,,11.3,0.0,9.59,,,0.0,,
2025-11-19 10:59:30+00:00,2025-11-19 10:59:30,20.0,20.0,20.0,20.0,20.0,,2.0,FALLBACK,Fallback Hz 사용: 20.0Hz (essential_range_violation),17.6812496,0.0,978.0,1075.09998,0.0,,,11.3,0.0,9.59,,,0.0,,
2025-11-19 10:59:31+00:00,2025-11-19 10:59:31,,,,,,,,,,17.6812496,0.0,978.0,1075.09998,0.0,,,11.3,0.0,9.59,,,0.0,,
2025-11-19 10:59:32+00:00,2025-11-19 10:59:32,,,,,,,,,,17.6812496,0.0,978.0,1075.09998,0.0,,,11.3,0.0,9.59,,,0.0,,
2025-11-19 10:59:34+00:00,2025-11-19 10:59:34,,,,,,,,,,17.6812496,0.0,979.0,1074.61255,0.0,,,11.3,0.0,9.59,,,0.0,,
2025-11-19 10:59:35+00:00,2025-11-19 10:59:35,20.0,20.0,20.0,20.0,20.0,,2.0,FALLBACK,Fallback Hz 사용: 20.0Hz (essential_range_violation),17.6812496,0.0,979.0,1074.61255,0.0,,,11.3,0.0,9.59,,,0.0,,
2025-11-19 10:59:36+00:00,2025-11-19 10:59:36,,,,,,,,,,17.6812496,0.0,978.0,1073.3938,0.0,,,11.3,0.0,9.59,,,0.0,,
2025-11-19 10:59:37+00:00,2025-11-19 10:59:37,,,,,,,,,,17.6812496,0.0,978.0,1074.0437,0.0,,,11.3,0.0,9.59,,,0.0,,
2025-11-19 10:59:38+00:00,2025-11-19 10:59:38,,,,,,,,,,17.6812496,0.0,978.0,1074.0437,0.0,,,11.3,0.0,9.59,,,0.0,,
2025-11-19 10:59:39+00:00,2025-11-19 10:59:39,,,,,,,,,,17.6812496,0.0,977.0,1072.09375,0.0,,,11.3,0.0,9.59,,,0.0,,
2025-11-19 10:59:40+00:00,2025-11-19 10:59:40,20.0,20.0,20.0,20.0,20.0,,2.0,FALLBACK,Fallback Hz 사용: 20.0Hz (essential_range_violation),17.6812496,0.0,978.0,1071.6875,0.0,,,11.3,0.0,9.59,,,0.0,,
2025-11-19 10:59:41+00:00,2025-11-19 10:59:41,,,,,,,,,,17.6812496,0.0,978.0,1071.6875,0.0,,,11.3,0.0,9.59,,,0.0,,
2025-11-19 10:59:42+00:00,2025-11-19 10:59:42,,,,,,,,,,17.6812496,0.0,976.0,1072.90625,0.0,,,11.3,0.0,9.59,,,0.0,,
2025-11-19 10:59:43+00:00,2025-11-19 10:59:43,,,,,,,,,,17.6812496,0.0,976.0,1072.90625,0.0,,,11.3,0.0,9.59,,,0.0,,
2025-11-19 10:59:44+00:00,2025-11-19 10:59:44,,,,,,,,,,17.6812496,0.0,977.0,1071.93127,0.0,,,11.3,0.0,9.59,,,0.0,,
2025-11-19 10:59:45+00:00,2025-11-19 10:59:45,20.0,20.0,20.0,20.0,20.0,,2.0,FALLBACK,Fallback Hz 사용: 20.0Hz (essential_range_violation),17.6812496,0.0,977.0,1072.74377,0.0,,,11.3,0.0,9.59,,,0.0,,
2025-11-19 10:59:46+00:00,2025-11-19 10:59:46,,,,,,,,,,17.6812496,0.0,977.0,1072.74377,0.0,,,11.3,0.0,9.59,,,0.0,,
2025-11-19 10:59:47+00:00,2025-11-19 10:59:47,,,,,,,,,,17.6812496,0.0,977.0,1072.66248,0.0,,,11.3,0.0,9.59,,,0.0,,
2025-11-19 10:59:48+00:00,2025-11-19 10:59:48,,,,,,,,,,17.6812496,0.0,977.0,1072.66248,0.0,,,11.3,0.0,9.59,,,0.0,,
2025-11-19 10:59:49+00:00,2025-11-19 10:59:49,,,,,,,,,,17.6812496,0.0,977.0,1071.6062,0.0,,,11.3,0.0,9.59,,,0.0,,
2025-11-19 10:59:50+00:00,2025-11-19 10:59:50,20.0,20.0,20.0,20.0,20.0,,2.0,FALLBACK,Fallback Hz 사용: 20.0Hz (essential_range_violation),17.6812496,0.0,977.0,1071.6062,0.0,,,11.3,0.0,9.59,,,0.0,,
2025-11-19 10:59:51+00:00,2025-11-19 10:59:51,,,,,,,,,,17.6812496,0.0,976.0,1070.7937,0.0,,,11.3,0.0,9.59,,,0.0,,
2025-11-19 10:59:52+00:00,2025-11-19 10:59:52,,,,,,,,,,17.6812496,0.0,976.0,1070.7937,0.0,,,11.3,0.0,9.59,,,0.0,,
2025-11-19 10:59:53+00:00,2025-11-19 10:59:53,,,,,,,,,,17.6812496,0.0,977.0,1070.1438,0.0,,,11.3,0.0,9.59,,,0.0,,
2025-11-19 10:59:54+00:00,2025-11-19 10:59:54,,,,,,,,,,17.6812496,0.0,977.0,1070.1438,0.0,,,11.3,0.0,9.59,,,0.0,,
2025-11-19 10:59:55+00:00,2025-11-19 10:59:55,20.0,20.0,20.0,20.0,20.0,,2.0,FALLBACK,Fallback Hz 사용: 20.0Hz (essential_range_violation),17.6812496,0.0,976.0,1068.59998,0.0,,,11.3,0.0,9.59,,,0.0,,
2025-11-19 10:59:56+00:00,2025-11-19 10:59:56,,,,,,,,,,17.6812496,0.0,979.0,1069.65625,0.0,,,11.3,0.0,9.59,,,0.0,,
2025-11-19 10:59:57+00:00,2025-11-19 10:59:57,,,,,,,,,,17.6812496,0.0,979.0,1069.65625,0.0,,,11.3,0.0,9.59,,,0.0,,
2025-11-19 10:59:58+00:00,2025-11-19 10:59:58,,,,,,,,,,17.6812496,0.0,978.0,1067.7063,0.0,,,11.3,0.0,9.59,,,0.0,,
2025-11-19 10:59:59+00:00,2025-11-19 10:59:59,,,,,,,,,,17.6812496,0.0,978.0,1067.21875,0.0,,,11.3,0.0,9.59,,,0.0,,
2025-11-19 11:00:00+00:00,2025-11-19 11:00:00,20.0,20.0,20.0,20.0,20.0,,2.0,FALLBACK,Fallback Hz 사용: 20.0Hz (essential_range_violation),17.6812496,0.0,978.0,1067.21875,0.0,,,11.3,0.0,9.59,,,0.0,,
2025-11-19 11:00:01+00:00,2025-11-19 11:00:01,,,,,,,,,,17.6812496,0.0,979.0,1066.24377,0.0,,,11.3,0.0,9.59,,,0.0,,
2025-11-19 11:00:02+00:00,2025-11-19 11:00:02,,,,,,,,,,17.6812496,0.0,978.0,1066.48755,0.0,,,11.3,0.0,9.59,,,0.0,,
2025-11-19 11:00:03+00:00,2025-11-19 11:00:03,,,,,,,,,,17.6812496,0.0,978.0,1066.48755,0.0,,,11.3,0.0,9.59,,,0.0,,
2025-11-19 11:00:04+00:00,2025-11-19 11:00:04,,,,,,,,,,17.6812496,0.0,980.0,1066.16248,0.0,,,11.3,0.0,9.59,,,0.0,,
2025-11-19 11:00:05+00:00,2025-11-19 11:00:05,20.0,20.0,20.0,20.0,20.0,,2.0,FALLBACK,Fallback Hz 사용: 20.0Hz (essential_range_violation),17.6812496,0.0,980.0,1066.16248,0.0,,,11.3,0.0,9.59,,,0.0,,
2025-11-19 11:00:06+00:00,2025-11-19 11:00:06,,,,,,,,,,17.6812496,0.0,979.0,1065.75623,0.0,,,11.3,0.0,9.59,,,0.0,,
2025-11-19 11:00:07+00:00,2025-11-19 11:00:07,,,,,,,,,,17.6812496,0.0,979.0,1065.75623,0.0,,,11.3,0.0,9.59,,,0.0,,
2025-11-19 11:00:08+00:00,2025-11-19 11:00:08,,,,,,,,,,17.6812496,0.0,980.0,1066.0813,0.0,,,11.3,0.0,9.59,,,0.0,,
2025-11-19 11:00:09+00:00,2025-11-19 11:00:09,,,,,,,,,,17.6812496,0.0,980.0,1065.1062,0.0,,,11.3,0.0,9.59,,,0.0,,
2025-11-19 11:00:10+00:00,2025-11-19 11:00:10,20.0,20.0,20.0,20.0,20.0,,2.0,FALLBACK,Fallback Hz 사용: 20.0Hz (essential_range_violation),17.6812496,0.0,980.0,1065.9187,0.0,,,11.3,0.0,9.59,,,0.0,,
2025-11-19 11:00:11+00:00,2025-11-19 11:00:11,,,,,,,,,,17.6812496,0.0,980.0,1065.9187,0.0,,,11.3,0.0,9.59,,,0.0,,
2025-11-19 11:00:12+00:00,2025-11-19 11:00:12,,,,,,,,,,17.6812496,0.0,979.0,1065.43127,0.0,,,11.3,0.0,9.59,,,0.0,,
2025-11-19 11:00:13+00:00,2025-11-19 11:00:13,,,,,,,,,,17.6812496,0.0,979.0,1065.43127,0.0,,,11.3,0.0,9.59,,,0.0,,
2025-11-19 11:00:14+00:00,2025-11-19 11:00:14,,,,,,,,,,17.6812496,0.0,980.0,1066.40625,0.0,,,11.3,0.0,9.59,,,0.0,,
2025-11-19 11:00:15+00:00,2025-11-19 11:00:15,20.0,20.0,20.0,20.0,20.0,,2.0,FALLBACK,Fallback Hz 사용: 20.0Hz (essential_range_violation),17.6812496,0.0,981.0,1065.67505,0.0,,,11.3,0.0,9.59,,,0.0,,
2025-11-19 11:00:16+00:00,2025-11-19 11:00:16,,,,,,,,,,17.6812496,0.0,981.0,1065.51245,0.0,,,11.3,0.0,9.59,,,0.0,,
2025-11-19 11:00:17+00:00,2025-11-19 11:00:17,,,,,,,,,,17.6812496,0.0,981.0,1065.51245,0.0,,,11.3,0.0,9.59,,,0.0,,
2025-11-19 11:00:18+00:00,2025-11-19 11:00:18,,,,,,,,,,17.6812496,0.0,981.0,1065.51245,0.0,,,11.3,0.0,9.59,,,0.0,,
2025-11-19 11:00:19+00:00,2025-11-19 11:00:19,,,,,,,,,,17.6812496,0.0,981.0,1065.43127,0.0,,,11.3,0.0,9.59,,,0.0,,
2025-11-19 11:00:20+00:00,2025-11-19 11:00:20,20.0,20.0,20.0,20.0,20.0,,2.0,FALLBACK,Fallback Hz 사용: 20.0Hz (essential_range_violation),17.6812496,0.0,981.0,1065.75623,0.0,,,11.3,0.0,9.59,,,0.0,,
2025-11-19 11:00:21+00:00,2025-11-19 11:00:21,,,,,,,,,,17.6812496,0.0,981.0,1065.75623,0.0,,,11.3,0.0,9.59,,,0.0,,
2025-11-19 11:00:22+00:00,2025-11-19 11:00:22,,,,,,,,,,17.6812496,0.0,982.0,1065.83752,0.0,,,11.3,0.0,9.59,,,0.0,,
2025-11-19 11:00:23+00:00,2025-11-19 11:00:23,,,,,,,,,,17.6812496,0.0,982.0,1066.0,0.0,,,11.3,0.0,9.59,,,0.0,,
2025-11-19 11:00:24+00:00,2025-11-19 11:00:24,,,,,,,,,,17.6812496,0.0,982.0,1066.0,0.0,,,11.3,0.0,9.59,,,0.0,,
2025-11-19 11:00:25+00:00,2025-11-19 11:00:25,20.0,20.0,20.0,20.0,20.0,,2.0,FALLBACK,Fallback Hz 사용: 20.0Hz (essential_range_violation),17.6812496,0.0,982.0,1065.75623,0.0,,,11.3,0.0,9.59,,,0.0,,
2025-11-19 11:00:26+00:00,2025-11-19 11:00:26,,,,,,,,,,17.6812496,0.0,981.0,1066.40625,0.0,,,11.3,0.0,9.59,,,0.0,,
2025-11-19 11:00:27+00:00,2025-11-19 11:00:27,,,,,,,,,,17.6812496,0.0,981.0,1066.40625,0.0,,,11.3,0.0,9.59,,,0.0,,
2025-11-19 11:00:28+00:00,2025-11-19 11:00:28,,,,,,,,,,17.6812496,0.0,982.0,1065.9187,0.0,,,11.3,0.0,9.59,,,0.0,,
2025-11-19 11:00:29+00:00,2025-11-19 11:00:29,,,,,,,,,,17.6812496,0.0,981.0,1066.48755,0.0,,,11.3,0.0,9.59,,,0.0,,
2025-11-19 11:00:30+00:00,2025-11-19 11:00:30,20.0,20.0,20.0,20.0,20.0,,2.0,FALLBACK,Fallback Hz 사용: 20.0Hz (essential_range_violation),17.6812496,0.0,981.0,1066.48755,0.0,,,11.3,0.0,9.59,,,0.0,,
2025-11-19 11:00:31+00:00,2025-11-19 11:00:31,,,,,,,,,,17.6812496,0.0,981.0,1066.16248,0.0,,,11.3,0.0,9.59,,,0.0,,
2025-11-19 11:00:32+00:00,2025-11-19 11:00:32,,,,,,,,,,17.6812496,0.0,981.0,1066.0813,0.0,,,11.3,0.0,9.59,,,0.0,,
2025-11-19 11:00:33+00:00,2025-11-19 11:00:33,,,,,,,,,,17.6812496,0.0,981.0,1066.0813,0.0,,,11.3,0.0,9.59,,,0.0,,
2025-11-19 11:00:34+00:00,2025-11-19 11:00:34,,,,,,,,,,17.6812496,0.0,981.0,1067.78748,0.0,,,11.3,0.0,9.59,,,0.0,,
2025-11-19 11:00:35+00:00,2025-11-19 11:00:35,20.0,20.0,20.0,20.0,20.0,,2.0,FALLBACK,Fallback Hz 사용: 20.0Hz (essential_range_violation),17.6812496,0.0,981.0,1067.13745,0.0,,,11.3,0.0,9.59,,,0.0,,
2025-11-19 11:00:36+00:00,2025-11-19 11:00:36,,,,,,,,,,17.6812496,0.0,982.0,1067.5437,0.0,,,11.3,0.0,9.59,,,0.0,,
2025-11-19 11:00:37+00:00,2025-11-19 11:00:37,,,,,,,,,,17.6812496,0.0,982.0,1067.5437,0.0,,,11.3,0.0,9.59,,,0.0,,
2025-11-19 11:00:38+00:00,2025-11-19 11:00:38,,,,,,,,,,17.6812496,0.0,981.0,1067.5437,0.0,,,11.3,0.0,9.59,,,0.0,,
2025-11-19 11:00:39+00:00,2025-11-19 11:00:39,,,,,,,,,,17.6812496,0.0,981.0,1067.94995,0.0,,,11.3,0.0,9.59,,,0.0,,
2025-11-19 11:00:40+00:00,2025-11-19 11:00:40,20.0,20.0,20.0,20.0,20.0,,2.0,FALLBACK,Fallback Hz 사용: 20.0Hz (essential_range_violation),17.6812496,0.0,981.0,1069.90002,0.0,,,11.3,0.0,9.59,,,0.0,,
2025-11-19 11:00:41+00:00,2025-11-19 11:00:41,,,,,,,,,,17.6812496,0.0,981.0,1069.90002,0.0,,,11.3,0.0,9.59,,,0.0,,
2025-11-19 11:00:42+00:00,2025-11-19 11:00:42,,,,,,,,,,17.6812496,0.0,980.0,1069.3313,0.0,,,11.3,0.0,9.59,,,0.0,,
2025-11-19 11:00:43+00:00,2025-11-19 11:00:43,,,,,,,,,,17.6812496,0.0,980.0,1069.3313,0.0,,,11.3,0.0,9.59,,,0.0,,
2025-11-19 11:00:44+00:00,2025-11-19 11:00:44,,,,,,,,,,17.6812496,0.0,980.0,1070.55005,0.0,,,11.3,0.0,9.59,,,0.0,,
2025-11-19 11:00:45+00:00,2025-11-19 11:00:45,20.0,20.0,20.0,20.0,20.0,,2.0,FALLBACK,Fallback Hz 사용: 20.0Hz (essential_range_violation),17.6812496,0.0,982.0,1070.7937,0.0,,,11.3,0.0,9.59,,,0.0,,
2025-11-19 11:00:46+00:00,2025-11-19 11:00:46,,,,,,,,,,17.6812496,0.0,982.0,1070.7937,0.0,,,11.3,0.0,9.59,,,0.0,,
2025-11-19 11:00:47+00:00,2025-11-19 11:00:47,,,,,,,,,,17.6812496,0.0,981.0,1070.55005,0.0,,,11.3,0.0,9.59,,,0.0,,
2025-11-19 11:00:48+00:00,2025-11-19 11:00:48,,,,,,,,,,17.6812496,0.0,981.0,1070.55005,0.0,,,11.3,0.0,9.59,,,0.0,,
2025-11-19 11:00:49+00:00,2025-11-19 11:00:49,,,,,,,,,,17.6812496,0.0,981.0,1071.84998,0.0,,,11.3,0.0,9.59,,,0.0,,
2025-11-19 11:00:50+00:00,2025-11-19 11:00:50,20.0,20.0,20.0,20.0,20.0,,2.0,FALLBACK,Fallback Hz 사용: 20.0Hz (essential_range_violation),17.6812496,0.0,981.0,1071.84998,0.0,,,11.3,0.0,9.59,,,0.0,,
2025-11-19 11:00:51+00:00,2025-11-19 11:00:51,,,,,,,,,,17.6812496,0.0,981.0,1071.44373,0.0,,,11.3,0.0,9.59,,,0.0,,
2025-11-19 11:00:52+00:00,2025-11-19 11:00:52,,,,,,,,,,17.6812496,0.0,982.0,1071.84998,0.0,,,11.3,0.0,9.59,,,0.0,,
2025-11-19 11:00:53+00:00,2025-11-19 11:00:53,,,,,,,,,,17.6812496,0.0,982.0,1071.84998,0.0,,,11.3,0.0,9.59,,,0.0,,
2025-11-19 11:00:54+00:00,2025-11-19 11:00:54,,,,,,,,,,17.6812496,0.0,981.0,1071.44373,0.0,,,11.3,0.0,9.59,,,0.0,,
2025-11-19 11:00:55+00:00,2025-11-19 11:00:55,20.0,20.0,20.0,20.0,20.0,,2.0,FALLBACK,Fallback Hz 사용: 20.0Hz (essential_range_violation),17.6812496,0.0,981.0,1071.44373,0.0,,,11.3,0.0,9.59,,,0.0,,
2025-11-19 11:00:56+00:00,2025-11-19 11:00:56,,,,,,,,,,17.6812496,0.0,981.0,1071.7688,0.0,,,11.3,0.0,9.59,,,0.0,,
2025-11-19 11:00:57+00:00,2025-11-19 11:00:57,,,,,,,,,,17.6812496,0.0,981.0,1071.7688,0.0,,,11.3,0.0,9.59,,,0.0,,
2025-11-19 11:00:58+00:00,2025-11-19 11:00:58,,,,,,,,,,17.6812496,0.0,982.0,1071.93127,0.0,,,11.3,0.0,9.59,,,0.0,,
2025-11-19 11:00:59+00:00,2025-11-19 11:00:59,,,,,,,,,,17.6812496,0.0,982.0,1071.93127,0.0,,,11.3,0.0,9.59,,,0.0,,
2025-11-19 11:01:00+00:00,2025-11-19 11:01:00,20.0,20.0,20.0,20.0,20.0,,2.0,FALLBACK,Fallback Hz 사용: 20.0Hz (essential_range_violation),17.6812496,0.0,980.0,1072.33752,0.0,,,11.3,0.0,9.59,,,0.0,,
2025-11-19 11:01:01+00:00,2025-11-19 11:01:01,,,,,,,,,,17.6812496,0.0,982.0,1073.3125,0.0,,,11.3,0.0,9.59,,,0.0,,
2025-11-19 11:01:02+00:00,2025-11-19 11:01:02,,,,,,,,,,17.6812496,0.0,981.0,1074.44995,0.0,,,11.3,0.0,9.59,,,0.0,,
2025-11-19 11:01:03+00:00,2025-11-19 11:01:03,,,,,,,,,,17.6812496,0.0,981.0,1074.44995,0.0,,,11.3,0.0,9.59,,,0.0,,
2025-11-19 11:01:04+00:00,2025-11-19 11:01:04,,,,,,,,,,17.6812496,0.0,981.0,1073.2312,0.0,,,11.3,0.0,9.59,,,0.0,,
2025-11-19 11:01:05+00:00,2025-11-19 11:01:05,20.0,20.0,20.0,20.0,20.0,,2.0,FALLBACK,Fallback Hz 사용: 20.0Hz (essential_range_violation),17.6812496,0.0,981.0,1073.15002,0.0,,,11.3,0.0,9.59,,,0.0,,
2025-11-19 11:01:06+00:00,2025-11-19 11:01:06,,,,,,,,,,17.6812496,0.0,981.0,1074.0437,0.0,,,11.3,0.0,9.59,,,0.0,,
2025-11-19 11:01:07+00:00,2025-11-19 11:01:07,,,,,,,,,,17.6812496,0.0,981.0,1074.0437,0.0,,,11.3,0.0,9.59,,,0.0,,
2025-11-19 11:01:08+00:00,2025-11-19 11:01:08,,,,,,,,,,17.6812496,0.0,980.0,1075.34375,0.0,,,11.3,0.0,9.59,,,0.0,,
2025-11-19 11:01:10+00:00,2025-11-19 11:01:10,20.0,20.0,20.0,20.0,20.0,,2.0,FALLBACK,Fallback Hz 사용: 20.0Hz (essential_range_violation),17.6812496,0.0,981.0,1075.09998,0.0,,,11.3,0.0,9.59,,,0.0,,
2025-11-19 11:01:11+00:00,2025-11-19 11:01:11,,,,,,,,,,17.6812496,0.0,981.0,1075.09998,0.0,,,11.3,0.0,9.59,,,0.0,,
2025-11-19 11:01:12+00:00,2025-11-19 11:01:12,,,,,,,,,,17.6812496,0.0,982.0,1075.34375,0.0,,,11.3,0.0,9.59,,,0.0,,
2025-11-19 11:01:13+00:00,2025-11-19 11:01:13,,,,,,,,,,17.6812496,0.0,981.0,1075.75,0.0,,,11.3,0.0,9.59,,,0.0,,
2025-11-19 11:01:14+00:00,2025-11-19 11:01:14,,,,,,,,,,17.6812496,0.0,981.0,1075.99377,0.0,,,11.3,0.0,9.59,,,0.0,,
2025-11-19 11:01:15+00:00,2025-11-19 11:01:15,20.0,20.0,20.0,20.0,20.0,,2.0,FALLBACK,Fallback Hz 사용: 20.0Hz (essential_range_violation),17.6812496,0.0,981.0,1075.99377,0.0,,,11.3,0.0,9.59,,,0.0,,
2025-11-19 11:01:16+00:00,2025-11-19 11:01:16,,,,,,,,,,17.6812496,0.0,981.0,1075.0188,0.0,,,11.3,0.0,9.59,,,0.0,,
2025-11-19 11:01:17+00:00,2025-11-19 11:01:17,,,,,,,,,,17.6812496,0.0,981.0,1075.0188,0.0,,,11.3,0.0,9.59,,,0.0,,
2025-11-19 11:01:18+00:00,2025-11-19 11:01:18,,,,,,,,,,17.6812496,0.0,981.0,1075.09998,0.0,,,11.3,0.0,9.59,,,0.0,,
2025-11-19 11:01:19+00:00,2025-11-19 11:01:19,,,,,,,,,,17.6812496,0.0,981.0,1077.4563,0.0,,,11.3,0.0,9.59,,,0.0,,
2025-11-19 11:01:20+00:00,2025-11-19 11:01:20,20.0,20.0,20.0,20.0,20.0,,2.0,FALLBACK,Fallback Hz 사용: 20.0Hz (essential_range_violation),17.6812496,0.0,982.0,1076.4812,0.0,,,11.3,0.0,9.59,,,0.0,,
2025-11-19 11:01:21+00:00,2025-11-19 11:01:21,,,,,,,,,,17.6812496,0.0,982.0,1076.88745,0.0,,,11.3,0.0,9.59,,,0.0,,
2025-11-19 11:01:22+00:00,2025-11-19 11:01:22,,,,,,,,,,17.6812496,0.0,982.0,1076.88745,0.0,,,11.3,0.0,9.59,,,0.0,,
2025-11-19 11:01:23+00:00,2025-11-19 11:01:23,,,,,,,,,,17.6812496,0.0,982.0,1077.61877,0.0,,,11.3,0.0,9.59,,,0.0,,
2025-11-19 11:01:24+00:00,2025-11-19 11:01:24,,,,,,,,,,17.6812496,0.0,982.0,1076.72498,0.0,,,11.3,0.0,9.59,,,0.0,,
2025-11-19 11:01:25+00:00,2025-11-19 11:01:25,20.0,20.0,20.0,20.0,20.0,,2.0,FALLBACK,Fallback Hz 사용: 20.0Hz (essential_range_violation),17.6812496,0.0,982.0,1076.72498,0.0,,,11.3,0.0,9.59,,,0.0,,
2025-11-19 11:01:26+00:00,2025-11-19 11:01:26,,,,,,,,,,17.6812496,0.0,980.0,1078.02502,0.0,,,11.3,0.0,9.59,,,0.0,,
2025-11-19 11:01:27+00:00,2025-11-19 11:01:27,,,,,,,,,,17.6812496,0.0,980.0,1078.02502,0.0,,,11.3,0.0,9.59,,,0.0,,
2025-11-19 11:01:28+00:00,2025-11-19 11:01:28,,,,,,,,,,17.6812496,0.0,981.0,1079.0813,0.0,,,11.3,0.0,9.59,,,0.0,,
2025-11-19 11:01:29+00:00,2025-11-19 11:01:29,,,,,,,,,,17.6812496,0.0,981.0,1078.02502,0.0,,,11.3,0.0,9.59,,,0.0,,
2025-11-19 11:01:30+00:00,2025-11-19 11:01:30,20.0,20.0,20.0,20.0,20.0,,2.0,FALLBACK,Fallback Hz 사용: 20.0Hz (essential_range_violation),17.6812496,0.0,981.0,1078.02502,0.0,,,11.3,0.0,9.59,,,0.0,,
2025-11-19 11:01:31+00:00,2025-11-19 11:01:31,,,,,,,,,,17.6812496,0.0,982.0,1078.1062,0.0,,,11.3,0.0,9.59,,,0.0,,
2025-11-19 11:01:32+00:00,2025-11-19 11:01:32,,,,,,,,,,17.6812496,0.0,982.0,1078.43127,0.0,,,11.3,0.0,9.59,,,0.0,,
2025-11-19 11:01:33+00:00,2025-11-19 11:01:33,,,,,,,,,,17.6812496,0.0,982.0,1078.43127,0.0,,,11.3,0.0,9.59,,,0.0,,
2025-11-19 11:01:34+00:00,2025-11-19 11:01:34,,,,,,,,,,17.6812496,0.0,981.0,1078.51245,0.0,,,11.3,0.0,9.59,,,0.0,,
2025-11-19 11:01:35+00:00,2025-11-19 11:01:35,20.0,20.0,20.0,20.0,20.0,,2.0,FALLBACK,Fallback Hz 사용: 20.0Hz (essential_range_violation),17.6812496,0.0,981.0,1078.51245,0.0,,,11.3,0.0,9.59,,,0.0,,
2025-11-19 11:01:36+00:00,2025-11-19 11:01:36,,,,,,,,,,17.6812496,0.0,981.0,1078.51245,0.0,,,11.3,0.0,9.59,,,0.0,,
2025-11-19 11:01:37+00:00,2025-11-19 11:01:37,,,,,,,,,,17.6812496,0.0,981.0,1078.1875,0.0,,,11.3,0.0,9.59,,,0.0,,
2025-11-19 11:01:38+00:00,2025-11-19 11:01:38,,,,,,,,,,17.6812496,0.0,981.0,1078.1875,0.0,,,11.3,0.0,9.59,,,0.0,,
2025-11-19 11:01:39+00:00,2025-11-19 11:01:39,,,,,,,,,,17.6812496,0.0,982.0,1078.1875,0.0,,,11.3,0.0,9.59,,,0.0,,
2025-11-19 11:01:40+00:00,2025-11-19 11:01:40,20.0,20.0,20.0,20.0,20.0,,2.0,FALLBACK,Fallback Hz 사용: 20.0Hz (essential_range_violation),17.6812496,0.0,982.0,1078.2688,0.0,,,11.3,0.0,9.59,,,0.0,,
2025-11-19 11:01:41+00:00,2025-11-19 11:01:41,,,,,,,,,,17.6812496,0.0,982.0,1078.43127,0.0,,,11.3,0.0,9.59,,,0.0,,
2025-11-19 11:01:42+00:00,2025-11-19 11:01:42,,,,,,,,,,17.6812496,0.0,981.0,1079.0,0.0,,,11.3,0.0,9.59,,,0.0,,
2025-11-19 11:01:43+00:00,2025-11-19 11:01:43,,,,,,,,,,17.6812496,0.0,981.0,1079.0,0.0,,,11.3,0.0,9.59,,,0.0,,
2025-11-19 11:01:44+00:00,2025-11-19 11:01:44,,,,,,,,,,17.6812496,0.0,982.0,1078.59375,0.0,,,11.3,0.0,9.59,,,0.0,,
2025-11-19 11:01:45+00:00,2025-11-19 11:01:45,20.0,20.0,20.0,20.0,20.0,,2.0,FALLBACK,Fallback Hz 사용: 20.0Hz (essential_range_violation),17.6812496,0.0,982.0,1080.625,0.0,,,11.3,0.0,9.59,,,0.0,,
2025-11-19 11:01:46+00:00,2025-11-19 11:01:46,,,,,,,,,,17.6812496,0.0,982.0,1079.7312,0.0,,,11.3,0.0,9.59,,,0.0,,
2025-11-19 11:01:47+00:00,2025-11-19 11:01:47,,,,,,,,,,17.6812496,0.0,981.0,1079.7312,0.0,,,11.3,0.0,9.59,,,0.0,,
2025-11-19 11:01:48+00:00,2025-11-19 11:01:48,,,,,,,,,,17.6812496,0.0,981.0,1079.8125,0.0,,,11.3,0.0,9.59,,,0.0,,
2025-11-19 11:01:49+00:00,2025-11-19 11:01:49,,,,,,,,,,17.6812496,0.0,981.0,1079.8125,0.0,,,11.3,0.0,9.59,,,0.0,,
2025-11-19 11:01:50+00:00,2025-11-19 11:01:50,20.0,20.0,20.0,20.0,20.0,,2.0,FALLBACK,Fallback Hz 사용: 20.0Hz (essential_range_violation),17.6812496,0.0,982.0,1079.65002,0.0,,,11.3,0.0,9.59,,,0.0,,
2025-11-19 11:01:51+00:00,2025-11-19 11:01:51,,,,,,,,,,17.6812496,0.0,982.0,1079.8938,0.0,,,11.3,0.0,9.59,,,0.0,,
2025-11-19 11:01:52+00:00,2025-11-19 11:01:52,,,,,,,,,,17.6812496,0.0,982.0,1079.8938,0.0,,,11.3,0.0,9.59,,,0.0,,
2025-11-19 11:01:53+00:00,2025-11-19 11:01:53,,,,,,,,,,17.6812496,0.0,982.0,1080.625,0.0,,,11.3,0.0,9.59,,,0.0,,
2025-11-19 11:01:54+00:00,2025-11-19 11:01:54,,,,,,,,,,17.6812496,0.0,982.0,1080.13745,0.0,,,11.3,0.0,9.59,,,0.0,,
2025-11-19 11:01:55+00:00,2025-11-19 11:01:55,20.0,20.0,20.0,20.0,20.0,,2.0,FALLBACK,Fallback Hz 사용: 20.0Hz (essential_range_violation),17.6812496,0.0,982.0,1080.13745,0.0,,,11.3,0.0,9.59,,,0.0,,
2025-11-19 11:01:56+00:00,2025-11-19 11:01:56,,,,,,,,,,17.6812496,0.0,982.0,1080.94995,0.0,,,11.3,0.0,9.59,,,0.0,,
2025-11-19 11:01:57+00:00,2025-11-19 11:01:57,,,,,,,,,,17.6812496,0.0,981.0,1081.59998,0.0,,,11.3,0.0,9.59,,,0.0,,
2025-11-19 11:01:58+00:00,2025-11-19 11:01:58,,,,,,,,,,17.6812496,0.0,981.0,1081.59998,0.0,,,11.3,0.0,9.59,,,0.0,,
2025-11-19 11:01:59+00:00,2025-11-19 11:01:59,,,,,,,,,,17.6812496,0.0,982.0,1081.59998,0.0,,,11.3,0.0,9.59,,,0.0,,
2025-11-19 11:02:00+00:00,2025-11-19 11:02:00,20.0,20.0,20.0,20.0,20.0,,2.0,FALLBACK,Fallback Hz 사용: 20.0Hz (essential_range_violation),17.6812496,0.0,982.0,1082.08752,0.0,,,11.3,0.0,9.59,,,0.0,,
2025-11-19 11:02:01+00:00,2025-11-19 11:02:01,,,,,,,,,,17.6812496,0.0,982.0,1082.41248,0.0,,,11.3,0.0,9.59,,,0.0,,
2025-11-19 11:02:02+00:00,2025-11-19 11:02:02,,,,,,,,,,17.6812496,0.0,980.0,1082.41248,0.0,,,11.3,0.0,9.59,,,0.0,,
2025-11-19 11:02:03+00:00,2025-11-19 11:02:03,,,,,,,,,,17.6812496,0.0,981.0,1081.59998,0.0,,,11.3,0.0,9.59,,,0.0,,
2025-11-19 11:02:04+00:00,2025-11-19 11:02:04,,,,,,,,,,17.6812496,0.0,981.0,1081.59998,0.0,,,11.3,0.0,9.59,,,0.0,,
2025-11-19 11:02:05+00:00,2025-11-19 11:02:05,20.0,20.0,20.0,20.0,20.0,,2.0,FALLBACK,Fallback Hz 사용: 20.0Hz (essential_range_violation),17.6812496,0.0,982.0,1081.5188,0.0,,,11.3,0.0,9.59,,,0.0,,
2025-11-19 11:02:06+00:00,2025-11-19 11:02:06,,,,,,,,,,17.6812496,0.0,981.0,1082.1687,0.0,,,11.3,0.0,9.59,,,0.0,,
2025-11-19 11:02:07+00:00,2025-11-19 11:02:07,,,,,,,,,,17.6812496,0.0,981.0,1082.1687,0.0,,,11.3,0.0,9.59,,,0.0,,
2025-11-19 11:02:08+00:00,2025-11-19 11:02:08,,,,,,,,,,17.6812496,0.0,982.0,1081.3562,0.0,,,11.3,0.0,9.59,,,0.0,,
2025-11-19 11:02:09+00:00,2025-11-19 11:02:09,,,,,,,,,,17.6812496,0.0,982.0,1081.3562,0.0,,,11.3,0.0,9.59,,,0.0,,
2025-11-19 11:02:10+00:00,2025-11-19 11:02:10,20.0,20.0,20.0,20.0,20.0,,2.0,FALLBACK,Fallback Hz 사용: 20.0Hz (essential_range_violation),17.6812496,0.0,982.0,1081.68127,0.0,,,11.3,0.0,9.59,,,0.0,,
2025-11-19 11:02:11+00:00,2025-11-19 11:02:11,,,,,,,,,,17.6812496,0.0,982.0,1081.4375,0.0,,,11.3,0.0,9.59,,,0.0,,
2025-11-19 11:02:12+00:00,2025-11-19 11:02:12,,,,,,,,,,17.6812496,0.0,982.0,1081.4375,0.0,,,11.3,0.0,9.59,,,0.0,,
2025-11-19 11:02:13+00:00,2025-11-19 11:02:13,,,,,,,,,,17.6812496,0.0,981.0,1082.08752,0.0,,,11.3,0.0,9.59,,,0.0,,
2025-11-19 11:02:14+00:00,2025-11-19 11:02:14,,,,,,,,,,17.6812496,0.0,981.0,1081.92505,0.0,,,11.3,0.0,9.59,,,0.0,,
2025-11-19 11:02:15+00:00,2025-11-19 11:02:15,20.0,20.0,20.0,20.0,20.0,,2.0,FALLBACK,Fallback Hz 사용: 20.0Hz (essential_range_violation),17.6812496,0.0,982.0,1081.92505,0.0,,,11.3,0.0,9.59,,,0.0,,
2025-11-19 11:02:16+00:00,2025-11-19 11:02:16,,,,,,,,,,17.6812496,0.0,982.0,1081.4375,0.0,,,11.3,0.0,9.59,,,0.0,,
2025-11-19 11:02:17+00:00,2025-11-19 11:02:17,,,,,,,,,,17.6812496,0.0,982.0,1081.4375,0.0,,,11.3,0.0,9.59,,,0.0,,
2025-11-19 11:02:18+00:00,2025-11-19 11:02:18,,,,,,,,,,17.6812496,0.0,980.0,1082.00623,0.0,,,11.3,0.0,9.59,,,0.0,,
2025-11-19 11:02:19+00:00,2025-11-19 11:02:19,,,,,,,,,,17.6812496,0.0,980.0,1082.00623,0.0,,,11.3,0.0,9.59,,,0.0,,
2025-11-19 11:02:20+00:00,2025-11-19 11:02:20,20.0,20.0,20.0,20.0,20.0,,2.0,FALLBACK,Fallback Hz 사용: 20.0Hz (essential_range_violation),17.6812496,0.0,982.0,1081.19373,0.0,,,11.3,0.0,9.59,,,0.0,,
2025-11-19 11:02:21+00:00,2025-11-19 11:02:21,,,,,,,,,,17.6812496,0.0,982.0,1081.19373,0.0,,,11.3,0.0,9.59,,,0.0,,
2025-11-19 11:02:22+00:00,2025-11-19 11:02:22,,,,,,,,,,17.6812496,0.0,982.0,1081.68127,0.0,,,11.3,0.0,9.59,,,0.0,,
2025-11-19 11:02:23+00:00,2025-11-19 11:02:23,,,,,,,,,,17.6812496,0.0,982.0,1081.68127,0.0,,,11.3,0.0,9.59,,,0.0,,
2025-11-19 11:02:24+00:00,2025-11-19 11:02:24,,,,,,,,,,17.6812496,0.0,981.0,1081.76245,0.0,,,11.3,0.0,9.59,,,0.0,,
2025-11-19 11:02:25+00:00,2025-11-19 11:02:25,20.0,20.0,20.0,20.0,20.0,,2.0,FALLBACK,Fallback Hz 사용: 20.0Hz (essential_range_violation),17.6812496,0.0,981.0,1082.25,0.0,,,11.3,0.0,9.59,,,0.0,,
2025-11-19 11:02:26+00:00,2025-11-19 11:02:26,,,,,,,,,,17.6812496,0.0,981.0,1082.25,0.0,,,11.3,0.0,9.59,,,0.0,,
2025-11-19 11:02:27+00:00,2025-11-19 11:02:27,,,,,,,,,,17.6812496,0.0,981.0,1081.68127,0.0,,,11.3,0.0,9.59,,,0.0,,
2025-11-19 11:02:28+00:00,2025-11-19 11:02:28,,,,,,,,,,17.6812496,0.0,982.0,1081.68127,0.0,,,11.3,0.0,9.59,,,0.0,,
2025-11-19 11:02:29+00:00,2025-11-19 11:02:29,,,,,,,,,,17.6812496,0.0,982.0,1082.00623,0.0,,,11.3,0.0,9.59,,,0.0,,
2025-11-19 11:02:30+00:00,2025-11-19 11:02:30,20.0,20.0,20.0,20.0,20.0,,2.0,FALLBACK,Fallback Hz 사용: 20.0Hz (essential_range_violation),17.6812496,0.0,981.0,1082.1687,0.0,,,11.3,0.0,9.59,,,0.0,,
2025-11-19 11:02:31+00:00,2025-11-19 11:02:31,,,,,,,,,,17.6812496,0.0,981.0,1082.1687,0.0,,,11.3,0.0,9.59,,,0.0,,
2025-11-19 11:02:32+00:00,2025-11-19 11:02:32,,,,,,,,,,17.6812496,0.0,981.0,1082.73755,0.0,,,11.3,0.0,9.59,,,0.0,,
2025-11-19 11:02:33+00:00,2025-11-19 11:02:33,,,,,,,,,,17.6812496,0.0,981.0,1082.3313,0.0,,,11.3,0.0,9.59,,,0.0,,
2025-11-19 11:02:34+00:00,2025-11-19 11:02:34,,,,,,,,,,17.6812496,0.0,981.0,1082.3313,0.0,,,11.3,0.0,9.59,,,0.0,,
2025-11-19 11:02:35+00:00,2025-11-19 11:02:35,20.0,20.0,20.0,20.0,20.0,,2.0,FALLBACK,Fallback Hz 사용: 20.0Hz (essential_range_violation),17.6812496,0.0,981.0,1083.875,0.0,,,11.3,0.0,9.59,,,0.0,,
2025-11-19 11:02:36+00:00,2025-11-19 11:02:36,,,,,,,,,,17.6812496,0.0,981.0,1083.875,0.0,,,11.3,0.0,9.59,,,0.0,,
2025-11-19 11:02:37+00:00,2025-11-19 11:02:37,,,,,,,,,,17.6812496,0.0,982.0,1084.03748,0.0,,,11.3,0.0,9.59,,,0.0,,
2025-11-19 11:02:38+00:00,2025-11-19 11:02:38,,,,,,,,,,17.6812496,0.0,982.0,1084.03748,0.0,,,11.3,0.0,9.59,,,0.0,,
2025-11-19 11:02:39+00:00,2025-11-19 11:02:39,,,,,,,,,,17.6812496,0.0,982.0,1083.30627,0.0,,,11.3,0.0,9.59,,,0.0,,
2025-11-19 11:02:40+00:00,2025-11-19 11:02:40,20.0,20.0,20.0,20.0,20.0,,2.0,FALLBACK,Fallback Hz 사용: 20.0Hz (essential_range_violation),17.6812496,0.0,981.0,1084.11877,0.0,,,11.3,0.0,9.59,,,0.0,,
2025-11-19 11:02:41+00:00,2025-11-19 11:02:41,,,,,,,,,,17.6812496,0.0,981.0,1084.11877,0.0,,,11.3,0.0,9.59,,,0.0,,
2025-11-19 11:02:42+00:00,2025-11-19 11:02:42,,,,,,,,,,17.6812496,0.0,982.0,1083.22498,0.0,,,11.3,0.0,9.59,,,0.0,,
2025-11-19 11:02:43+00:00,2025-11-19 11:02:43,,,,,,,,,,17.6812496,0.0,982.0,1081.68127,0.0,,,11.3,0.0,9.59,,,0.0,,
2025-11-19 11:02:44+00:00,2025-11-19 11:02:44,,,,,,,,,,17.6812496,0.0,982.0,1081.68127,0.0,,,11.3,0.0,9.59,,,0.0,,
2025-11-19 11:02:45+00:00,2025-11-19 11:02:45,20.0,20.0,20.0,20.0,20.0,,2.0,FALLBACK,Fallback Hz 사용: 20.0Hz (essential_range_violation),17.6812496,0.0,982.0,1082.00623,0.0,,,11.3,0.0,9.59,,,0.0,,
2025-11-19 11:02:46+00:00,2025-11-19 11:02:46,,,,,,,,,,17.6812496,0.0,982.0,1081.76245,0.0,,,11.3,0.0,9.59,,,0.0,,
2025-11-19 11:02:47+00:00,2025-11-19 11:02:47,,,,,,,,,,17.6812496,0.0,982.0,1081.76245,0.0,,,11.3,0.0,9.59,,,0.0,,
2025-11-19 11:02:49+00:00,2025-11-19 11:02:49,,,,,,,,,,17.6812496,0.0,982.0,1081.3562,0.0,,,11.3,0.0,9.59,,,0.0,,
2025-11-19 11:02:50+00:00,2025-11-19 11:02:50,20.0,20.0,20.0,20.0,20.0,,2.0,FALLBACK,Fallback Hz 사용: 20.0Hz (essential_range_violation),17.6812496,0.0,982.0,1081.3562,0.0,,,11.3,0.0,9.59,,,0.0,,
2025-11-19 11:02:51+00:00,2025-11-19 11:02:51,,,,,,,,,,17.6812496,0.0,982.0,1081.3562,0.0,,,11.3,0.0,9.59,,,0.0,,
2025-11-19 11:02:52+00:00,2025-11-19 11:02:52,,,,,,,,,,17.6812496,0.0,982.0,1081.3562,0.0,,,11.3,0.0,9.59,,,0.0,,
2025-11-19 11:02:53+00:00,2025-11-19 11:02:53,,,,,,,,,,17.6812496,0.0,980.0,1081.19373,0.0,,,11.3,0.0,9.59,,,0.0,,
2025-11-19 11:02:54+00:00,2025-11-19 11:02:54,,,,,,,,,,17.6812496,0.0,980.0,1082.00623,0.0,,,11.3,0.0,9.59,,,0.0,,
2025-11-19 11:02:55+00:00,2025-11-19 11:02:55,20.0,20.0,20.0,20.0,20.0,,2.0,FALLBACK,Fallback Hz 사용: 20.0Hz (essential_range_violation),17.6812496,0.0,980.0,1082.00623,0.0,,,11.3,0.0,9.59,,,0.0,,
2025-11-19 11:02:56+00:00,2025-11-19 11:02:56,,,,,,,,,,17.6812496,0.0,980.0,1081.4375,0.0,,,11.3,0.0,9.59,,,0.0,,
2025-11-19 11:02:57+00:00,2025-11-19 11:02:57,,,,,,,,,,17.6812496,0.0,979.0,1082.08752,0.0,,,11.3,0.0,9.59,,,0.0,,
2025-11-19 11:02:58+00:00,2025-11-19 11:02:58,,,,,,,,,,17.6812496,0.0,979.0,1082.08752,0.0,,,11.3,0.0,9.59,,,0.0,,
2025-11-19 11:02:59+00:00,2025-11-19 11:02:59,,,,,,,,,,17.6812496,0.0,980.0,1081.27502,0.0,,,11.3,0.0,9.59,,,0.0,,
2025-11-19 11:03:00+00:00,2025-11-19 11:03:00,20.0,20.0,20.0,20.0,20.0,,2.0,FALLBACK,Fallback Hz 사용: 20.0Hz (essential_range_violation),17.6812496,0.0,980.0,1081.27502,0.0,,,11.3,0.0,9.59,,,0.0,,
2025-11-19 11:03:01+00:00,2025-11-19 11:03:01,,,,,,,,,,17.6812496,0.0,980.0,1082.00623,0.0,,,11.3,0.0,9.59,,,0.0,,
2025-11-19 11:03:02+00:00,2025-11-19 11:03:02,,,,,,,,,,17.6812496,0.0,980.0,1082.00623,0.0,,,11.3,0.0,9.59,,,0.0,,
2025-11-19 11:03:03+00:00,2025-11-19 11:03:03,,,,,,,,,,17.6812496,0.0,979.0,1081.92505,0.0,,,11.3,0.0,9.59,,,0.0,,
2025-11-19 11:03:04+00:00,2025-11-19 11:03:04,,,,,,,,,,17.6812496,0.0,979.0,1081.92505,0.0,,,11.3,0.0,9.59,,,0.0,,
2025-11-19 11:03:05+00:00,2025-11-19 11:03:05,20.0,20.0,20.0,20.0,20.0,,2.0,FALLBACK,Fallback Hz 사용: 20.0Hz (essential_range_violation),17.6812496,0.0,980.0,1082.1687,0.0,,,11.3,0.0,9.59,,,0.0,,
2025-11-19 11:03:06+00:00,2025-11-19 11:03:06,,,,,,,,,,17.6812496,0.0,980.0,1082.1687,0.0,,,11.3,0.0,9.59,,,0.0,,
2025-11-19 11:03:07+00:00,2025-11-19 11:03:07,,,,,,,,,,17.6812496,0.0,979.0,1082.41248,0.0,,,11.3,0.0,9.59,,,0.0,,
2025-11-19 11:03:08+00:00,2025-11-19 11:03:08,,,,,,,,,,17.6812496,0.0,979.0,1082.41248,0.0,,,11.3,0.0,9.59,,,0.0,,
2025-11-19 11:03:09+00:00,2025-11-19 11:03:09,,,,,,,,,,17.6812496,0.0,980.0,1081.5188,0.0,,,11.3,0.0,9.59,,,0.0,,
2025-11-19 11:03:10+00:00,2025-11-19 11:03:10,20.0,20.0,20.0,20.0,20.0,,2.0,FALLBACK,Fallback Hz 사용: 20.0Hz (essential_range_violation),17.6812496,0.0,980.0,1081.5188,0.0,,,11.3,0.0,9.59,,,0.0,,
2025-11-19 11:03:11+00:00,2025-11-19 11:03:11,,,,,,,,,,17.6812496,0.0,979.0,1082.3313,0.0,,,11.3,0.0,9.59,,,0.0,,
2025-11-19 11:03:12+00:00,2025-11-19 11:03:12,,,,,,,,,,17.6812496,0.0,979.0,1082.3313,0.0,,,11.3,0.0,9.59,,,0.0,,
2025-11-19 11:03:13+00:00,2025-11-19 11:03:13,,,,,,,,,,17.6812496,0.0,979.0,1080.30005,0.0,,,11.3,0.0,9.59,,,0.0,,
2025-11-19 11:03:14+00:00,2025-11-19 11:03:14,,,,,,,,,,17.6812496,0.0,979.0,1080.30005,0.0,,,11.3,0.0,9.59,,,0.0,,
2025-11-19 11:03:15+00:00,2025-11-19 11:03:15,20.0,20.0,20.0,20.0,20.0,,2.0,FALLBACK,Fallback Hz 사용: 20.0Hz (essential_range_violation),17.6812496,0.0,980.0,1080.78748,0.0,,,11.3,0.0,9.59,,,0.0,,
2025-11-19 11:03:16+00:00,2025-11-19 11:03:16,,,,,,,,,,17.6812496,0.0,980.0,1080.78748,0.0,,,11.3,0.0,9.59,,,0.0,,
2025-11-19 11:03:17+00:00,2025-11-19 11:03:17,,,,,,,,,,17.6812496,0.0,980.0,1079.97498,0.0,,,11.3,0.0,9.59,,,0.0,,
2025-11-19 11:03:18+00:00,2025-11-19 11:03:18,,,,,,,,,,17.6812496,0.0,979.0,1080.78748,0.0,,,11.3,0.0,9.59,,,0.0,,
2025-11-19 11:03:19+00:00,2025-11-19 11:03:19,,,,,,,,,,17.6812496,0.0,979.0,1080.78748,0.0,,,11.3,0.0,9.59,,,0.0,,
2025-11-19 11:03:20+00:00,2025-11-19 11:03:20,20.0,20.0,20.0,20.0,20.0,,2.0,FALLBACK,Fallback Hz 사용: 20.0Hz (essential_range_violation),17.6812496,0.0,980.0,1080.13745,0.0,,,11.3,0.0,9.59,,,0.0,,
2025-11-19 11:03:21+00:00,2025-11-19 11:03:21,,,,,,,,,,17.6812496,0.0,980.0,1080.13745,0.0,,,11.3,0.0,9.59,,,0.0,,
2025-11-19 11:03:22+00:00,2025-11-19 11:03:22,,,,,,,,,,17.6812496,0.0,979.0,1080.05627,0.0,,,11.3,0.0,9.59,,,0.0,,
2025-11-19 11:03:23+00:00,2025-11-19 11:03:23,,,,,,,,,,17.6812496,0.0,979.0,1080.05627,0.0,,,11.3,0.0,9.59,,,0.0,,
2025-11-19 11:03:24+00:00,2025-11-19 11:03:24,,,,,,,,,,17.6812496,0.0,977.0,1080.05627,0.0,,,11.3,0.0,9.59,,,0.0,,
2025-11-19 11:03:25+00:00,2025-11-19 11:03:25,20.0,20.0,20.0,20.0,20.0,,2.0,FALLBACK,Fallback Hz 사용: 20.0Hz (essential_range_violation),17.6812496,0.0,978.0,1079.8938,0.0,,,11.3,0.0,9.59,,,0.0,,
2025-11-19 11:03:26+00:00,2025-11-19 11:03:26,,,,,,,,,,17.6812496,0.0,978.0,1079.8938,0.0,,,11.3,0.0,9.59,,,0.0,,
2025-11-19 11:03:27+00:00,2025-11-19 11:03:27,,,,,,,,,,17.6812496,0.0,977.0,1080.05627,0.0,,,11.3,0.0,9.59,,,0.0,,
2025-11-19 11:03:28+00:00,2025-11-19 11:03:28,,,,,,,,,,17.6812496,0.0,978.0,1079.8938,0.0,,,11.3,0.0,9.59,,,0.0,,
2025-11-19 11:03:29+00:00,2025-11-19 11:03:29,,,,,,,,,,17.6812496,0.0,978.0,1079.8938,0.0,,,11.3,0.0,9.59,,,0.0,,
2025-11-19 11:03:30+00:00,2025-11-19 11:03:30,20.0,20.0,20.0,20.0,20.0,,2.0,FALLBACK,Fallback Hz 사용: 20.0Hz (essential_range_violation),17.6812496,0.0,976.0,1078.34998,0.0,,,11.3,0.0,9.59,,,0.0,,
2025-11-19 11:03:31+00:00,2025-11-19 11:03:31,,,,,,,,,,17.6812496,0.0,976.0,1078.1062,0.0,,,11.3,0.0,9.59,,,0.0,,
2025-11-19 11:03:32+00:00,2025-11-19 11:03:32,,,,,,,,,,17.6812496,0.0,976.0,1078.1062,0.0,,,11.3,0.0,9.59,,,0.0,,
2025-11-19 11:03:33+00:00,2025-11-19 11:03:33,,,,,,,,,,17.6812496,0.0,977.0,1078.75623,0.0,,,11.3,0.0,9.59,,,0.0,,
2025-11-19 11:03:34+00:00,2025-11-19 11:03:34,,,,,,,,,,17.6812496,0.0,976.0,1078.1875,0.0,,,11.3,0.0,9.59,,,0.0,,
2025-11-19 11:03:35+00:00,2025-11-19 11:03:35,20.0,20.0,20.0,20.0,20.0,,2.0,FALLBACK,Fallback Hz 사용: 20.0Hz (essential_range_violation),17.6812496,0.0,976.0,1078.1875,0.0,,,11.3,0.0,9.59,,,0.0,,
2025-11-19 11:03:36+00:00,2025-11-19 11:03:36,,,,,,,,,,17.6812496,0.0,977.0,1078.1875,0.0,,,11.3,0.0,9.59,,,0.0,,
2025-11-19 11:03:37+00:00,2025-11-19 11:03:37,,,,,,,,,,17.6812496,0.0,977.0,1079.24377,0.0,,,11.3,0.0,9.59,,,0.0,,
2025-11-19 11:03:38+00:00,2025-11-19 11:03:38,,,,,,,,,,17.6812496,0.0,977.0,1077.94373,0.0,,,11.3,0.0,9.59,,,0.0,,
2025-11-19 11:03:39+00:00,2025-11-19 11:03:39,,,,,,,,,,17.6812496,0.0,977.0,1077.94373,0.0,,,11.3,0.0,9.59,,,0.0,,
2025-11-19 11:03:40+00:00,2025-11-19 11:03:40,20.0,20.0,20.0,20.0,20.0,,2.0,FALLBACK,Fallback Hz 사용: 20.0Hz (essential_range_violation),17.6812496,0.0,976.0,1079.16248,0.0,,,11.3,0.0,9.59,,,0.0,,
2025-11-19 11:03:41+00:00,2025-11-19 11:03:41,,,,,,,,,,17.6812496,0.0,976.0,1079.16248,0.0,,,11.3,0.0,9.59,,,0.0,,
2025-11-19 11:03:42+00:00,2025-11-19 11:03:42,,,,,,,,,,17.6812496,0.0,976.0,1078.1062,0.0,,,11.3,0.0,9.59,,,0.0,,
2025-11-19 11:03:43+00:00,2025-11-19 11:03:43,,,,,,,,,,17.6812496,0.0,976.0,1078.1062,0.0,,,11.3,0.0,9.59,,,0.0,,
2025-11-19 11:03:44+00:00,2025-11-19 11:03:44,,,,,,,,,,17.6812496,0.0,977.0,1078.02502,0.0,,,11.3,0.0,9.59,,,0.0,,
2025-11-19 11:03:45+00:00,2025-11-19 11:03:45,20.0,20.0,20.0,20.0,20.0,,2.0,FALLBACK,Fallback Hz 사용: 20.0Hz (essential_range_violation),17.6812496,0.0,976.0,1079.24377,0.0,,,11.3,0.0,9.59,,,0.0,,
2025-11-19 11:03:46+00:00,2025-11-19 11:03:46,,,,,,,,,,17.6812496,0.0,976.0,1079.24377,0.0,,,11.3,0.0,9.59,,,0.0,,
2025-11-19 11:03:47+00:00,2025-11-19 11:03:47,,,,,,,,,,17.6812496,0.0,976.0,1078.02502,0.0,,,11.3,0.0,9.59,,,0.0,,
2025-11-19 11:03:48+00:00,2025-11-19 11:03:48,,,,,,,,,,17.6812496,0.0,976.0,1078.2688,0.0,,,11.3,0.0,9.59,,,0.0,,
2025-11-19 11:03:49+00:00,2025-11-19 11:03:49,,,,,,,,,,17.6812496,0.0,976.0,1078.2688,0.0,,,11.3,0.0,9.59,,,0.0,,
2025-11-19 11:03:50+00:00,2025-11-19 11:03:50,20.0,20.0,20.0,20.0,20.0,,2.0,FALLBACK,Fallback Hz 사용: 20.0Hz (essential_range_violation),17.6812496,0.0,975.0,1079.0813,0.0,,,11.3,0.0,9.59,,,0.0,,
2025-11-19 11:03:51+00:00,2025-11-19 11:03:51,,,,,,,,,,17.6812496,0.0,977.0,1078.43127,0.0,,,11.3,0.0,9.59,,,0.0,,
2025-11-19 11:03:52+00:00,2025-11-19 11:03:52,,,,,,,,,,17.6812496,0.0,977.0,1078.43127,0.0,,,11.3,0.0,9.59,,,0.0,,
2025-11-19 11:03:53+00:00,2025-11-19 11:03:53,,,,,,,,,,17.6812496,0.0,976.0,1079.24377,0.0,,,11.3,0.0,9.59,,,0.0,,
2025-11-19 11:03:54+00:00,2025-11-19 11:03:54,,,,,,,,,,17.6812496,0.0,976.0,1079.24377,0.0,,,11.3,0.0,9.59,,,0.0,,
2025-11-19 11:03:55+00:00,2025-11-19 11:03:55,20.0,20.0,20.0,20.0,20.0,,2.0,FALLBACK,Fallback Hz 사용: 20.0Hz (essential_range_violation),17.6812496,0.0,976.0,1078.1875,0.0,,,11.3,0.0,9.59,,,0.0,,
2025-11-19 11:03:56+00:00,2025-11-19 11:03:56,,,,,,,,,,17.6812496,0.0,976.0,1079.0813,0.0,,,11.3,0.0,9.59,,,0.0,,
2025-11-19 11:03:57+00:00,2025-11-19 11:03:57,,,,,,,,,,17.6812496,0.0,976.0,1079.0813,0.0,,,11.3,0.0,9.59,,,0.0,,
2025-11-19 11:03:58+00:00,2025-11-19 11:03:58,,,,,,,,,,17.6812496,0.0,977.0,1078.1062,0.0,,,11.3,0.0,9.59,,,0.0,,
2025-11-19 11:03:59+00:00,2025-11-19 11:03:59,,,,,,,,,,17.6812496,0.0,977.0,1078.1062,0.0,,,11.3,0.0,9.59,,,0.0,,
2025-11-19 11:04:00+00:00,2025-11-19 11:04:00,20.0,20.0,20.0,20.0,20.0,,2.0,FALLBACK,Fallback Hz 사용: 20.0Hz (essential_range_violation),17.6812496,0.0,975.0,1078.83752,0.0,,,11.3,0.0,9.59,,,0.0,,
2025-11-19 11:04:01+00:00,2025-11-19 11:04:01,,,,,,,,,,17.6812496,0.0,975.0,1078.83752,0.0,,,11.3,0.0,9.59,,,0.0,,
2025-11-19 11:04:02+00:00,2025-11-19 11:04:02,,,,,,,,,,17.6812496,0.0,974.0,1077.4563,0.0,,,11.3,0.0,9.59,,,0.0,,
2025-11-19 11:04:03+00:00,2025-11-19 11:04:03,,,,,,,,,,17.6812496,0.0,975.0,1076.80627,0.0,,,11.3,0.0,9.59,,,0.0,,
2025-11-19 11:04:04+00:00,2025-11-19 11:04:04,,,,,,,,,,17.6812496,0.0,975.0,1076.80627,0.0,,,11.3,0.0,9.59,,,0.0,,
2025-11-19 11:04:05+00:00,2025-11-19 11:04:05,20.0,20.0,20.0,20.0,20.0,,2.0,FALLBACK,Fallback Hz 사용: 20.0Hz (essential_range_violation),17.6812496,0.0,974.0,1077.13123,0.0,,,11.3,0.0,9.59,,,0.0,,
2025-11-19 11:04:06+00:00,2025-11-19 11:04:06,,,,,,,,,,17.6812496,0.0,974.0,1077.13123,0.0,,,11.3,0.0,9.59,,,0.0,,
2025-11-19 11:04:07+00:00,2025-11-19 11:04:07,,,,,,,,,,17.6812496,0.0,974.0,1077.375,0.0,,,11.3,0.0,9.59,,,0.0,,
2025-11-19 11:04:08+00:00,2025-11-19 11:04:08,,,,,,,,,,17.6812496,0.0,974.0,1077.13123,0.0,,,11.3,0.0,9.59,,,0.0,,
2025-11-19 11:04:09+00:00,2025-11-19 11:04:09,,,,,,,,,,17.6812496,0.0,975.0,1075.75,0.0,,,11.3,0.0,9.59,,,0.0,,
2025-11-19 11:04:10+00:00,2025-11-19 11:04:10,20.0,20.0,20.0,20.0,20.0,,2.0,FALLBACK,Fallback Hz 사용: 20.0Hz (essential_range_violation),17.6812496,0.0,975.0,1075.75,0.0,,,11.3,0.0,9.59,,,0.0,,
2025-11-19 11:04:11+00:00,2025-11-19 11:04:11,,,,,,,,,,17.6812496,0.0,975.0,1075.75,0.0,,,11.3,0.0,9.59,,,0.0,,
2025-11-19 11:04:12+00:00,2025-11-19 11:04:12,,,,,,,,,,17.6812496,0.0,975.0,1074.9375,0.0,,,11.3,0.0,9.59,,,0.0,,
2025-11-19 11:04:13+00:00,2025-11-19 11:04:13,,,,,,,,,,17.6812496,0.0,975.0,1074.9375,0.0,,,11.3,0.0,9.59,,,0.0,,
2025-11-19 11:04:14+00:00,2025-11-19 11:04:14,,,,,,,,,,17.6812496,0.0,974.0,1075.58752,0.0,,,11.3,0.0,9.59,,,0.0,,
2025-11-19 11:04:15+00:00,2025-11-19 11:04:15,20.0,20.0,20.0,20.0,20.0,,2.0,FALLBACK,Fallback Hz 사용: 20.0Hz (essential_range_violation),17.6812496,0.0,974.0,1075.58752,0.0,,,11.3,0.0,9.59,,,0.0,,
2025-11-19 11:04:16+00:00,2025-11-19 11:04:16,,,,,,,,,,17.6812496,0.0,975.0,1075.58752,0.0,,,11.3,0.0,9.59,,,0.0,,
2025-11-19 11:04:17+00:00,2025-11-19 11:04:17,,,,,,,,,,17.6812496,0.0,975.0,1075.58752,0.0,,,11.3,0.0,9.59,,,0.0,,
2025-11-19 11:04:18+00:00,2025-11-19 11:04:18,,,,,,,,,,17.6812496,0.0,974.0,1074.8562,0.0,,,11.3,0.0,9.59,,,0.0,,
2025-11-19 11:04:19+00:00,2025-11-19 11:04:19,,,,,,,,,,17.6812496,0.0,975.0,1075.09998,0.0,,,11.3,0.0,9.59,,,0.0,,
2025-11-19 11:04:20+00:00,2025-11-19 11:04:20,20.0,20.0,20.0,20.0,20.0,,2.0,FALLBACK,Fallback Hz 사용: 20.0Hz (essential_range_violation),17.6812496,0.0,975.0,1075.09998,0.0,,,11.3,0.0,9.59,,,0.0,,
2025-11-19 11:04:21+00:00,2025-11-19 11:04:21,,,,,,,,,,17.6812496,0.0,974.0,1075.26245,0.0,,,11.3,0.0,9.59,,,0.0,,
2025-11-19 11:04:22+00:00,2025-11-19 11:04:22,,,,,,,,,,17.6812496,0.0,974.0,1074.9375,0.0,,,11.3,0.0,9.59,,,0.0,,
2025-11-19 11:04:23+00:00,2025-11-19 11:04:23,,,,,,,,,,17.6812496,0.0,975.0,1075.18127,0.0,,,11.3,0.0,9.59,,,0.0,,
2025-11-19 11:04:24+00:00,2025-11-19 11:04:24,,,,,,,,,,17.6812496,0.0,975.0,1073.88123,0.0,,,11.3,0.0,9.59,,,0.0,,
2025-11-19 11:04:25+00:00,2025-11-19 11:04:25,20.0,20.0,20.0,20.0,20.0,,2.0,FALLBACK,Fallback Hz 사용: 20.0Hz (essential_range_violation),17.6812496,0.0,975.0,1073.88123,0.0,,,11.3,0.0,9.59,,,0.0,,
2025-11-19 11:04:26+00:00,2025-11-19 11:04:26,,,,,,,,,,17.6812496,0.0,975.0,1073.3125,0.0,,,11.3,0.0,9.59,,,0.0,,
2025-11-19 11:04:28+00:00,2025-11-19 11:04:28,,,,,,,,,,17.6812496,0.0,974.0,1073.63745,0.0,,,11.3,0.0,9.59,,,0.0,,
2025-11-19 11:04:29+00:00,2025-11-19 11:04:29,,,,,,,,,,17.6812496,0.0,975.0,1073.2312,0.0,,,11.3,0.0,9.59,,,0.0,,
2025-11-19 11:04:30+00:00,2025-11-19 11:04:30,20.0,20.0,20.0,20.0,20.0,,2.0,FALLBACK,Fallback Hz 사용: 20.0Hz (essential_range_violation),17.6812496,0.0,975.0,1073.2312,0.0,,,11.3,0.0,9.59,,,0.0,,
2025-11-19 11:04:31+00:00,2025-11-19 11:04:31,,,,,,,,,,17.6812496,0.0,975.0,1072.66248,0.0,,,11.3,0.0,9.59,,,0.0,,
2025-11-19 11:04:32+00:00,2025-11-19 11:04:32,,,,,,,,,,17.6812496,0.0,975.0,1072.66248,0.0,,,11.3,0.0,9.59,,,0.0,,
2025-11-19 11:04:33+00:00,2025-11-19 11:04:33,,,,,,,,,,17.6812496,0.0,974.0,1072.17505,0.0,,,11.3,0.0,9.59,,,0.0,,
2025-11-19 11:04:34+00:00,2025-11-19 11:04:34,,,,,,,,,,17.6812496,0.0,974.0,1072.17505,0.0,,,11.3,0.0,9.59,,,0.0,,
2025-11-19 11:04:35+00:00,2025-11-19 11:04:35,20.0,20.0,20.0,20.0,20.0,,2.0,FALLBACK,Fallback Hz 사용: 20.0Hz (essential_range_violation),17.6812496,0.0,975.0,1072.66248,0.0,,,11.3,0.0,9.59,,,0.0,,
2025-11-19 11:04:36+00:00,2025-11-19 11:04:36,,,,,,,,,,17.6812496,0.0,975.0,1072.09375,0.0,,,11.3,0.0,9.59,,,0.0,,
2025-11-19 11:04:37+00:00,2025-11-19 11:04:37,,,,,,,,,,17.6812496,0.0,975.0,1072.09375,0.0,,,11.3,0.0,9.59,,,0.0,,
2025-11-19 11:04:38+00:00,2025-11-19 11:04:38,,,,,,,,,,17.6812496,0.0,974.0,1072.66248,0.0,,,11.3,0.0,9.59,,,0.0,,
2025-11-19 11:04:39+00:00,2025-11-19 11:04:39,,,,,,,,,,17.6812496,0.0,974.0,1072.66248,0.0,,,11.3,0.0,9.59,,,0.0,,
2025-11-19 11:04:40+00:00,2025-11-19 11:04:40,20.0,20.0,20.0,20.0,20.0,,2.0,FALLBACK,Fallback Hz 사용: 20.0Hz (essential_range_violation),17.6812496,0.0,975.0,1071.6875,0.0,,,11.3,0.0,9.59,,,0.0,,
2025-11-19 11:04:41+00:00,2025-11-19 11:04:41,,,,,,,,,,17.6812496,0.0,975.0,1071.6875,0.0,,,11.3,0.0,9.59,,,0.0,,
2025-11-19 11:04:42+00:00,2025-11-19 11:04:42,,,,,,,,,,17.6812496,0.0,975.0,1072.66248,0.0,,,11.3,0.0,9.59,,,0.0,,
2025-11-19 11:04:43+00:00,2025-11-19 11:04:43,,,,,,,,,,17.6812496,0.0,975.0,1072.66248,0.0,,,11.3,0.0,9.59,,,0.0,,
2025-11-19 11:04:44+00:00,2025-11-19 11:04:44,,,,,,,,,,17.6812496,0.0,975.0,1071.93127,0.0,,,11.3,0.0,9.59,,,0.0,,
2025-11-19 11:04:45+00:00,2025-11-19 11:04:45,20.0,20.0,20.0,20.0,20.0,,2.0,FALLBACK,Fallback Hz 사용: 20.0Hz (essential_range_violation),17.6812496,0.0,975.0,1071.93127,0.0,,,11.3,0.0,9.59,,,0.0,,
2025-11-19 11:04:46+00:00,2025-11-19 11:04:46,,,,,,,,,,17.6812496,0.0,975.0,1072.66248,0.0,,,11.3,0.0,9.59,,,0.0,,
2025-11-19 11:04:47+00:00,2025-11-19 11:04:47,,,,,,,,,,17.6812496,0.0,975.0,1070.55005,0.0,,,11.3,0.0,9.59,,,0.0,,
2025-11-19 11:04:48+00:00,2025-11-19 11:04:48,,,,,,,,,,17.6812496,0.0,975.0,1070.55005,0.0,,,11.3,0.0,9.59,,,0.0,,
2025-11-19 11:04:49+00:00,2025-11-19 11:04:49,,,,,,,,,,17.6812496,0.0,974.0,1070.71252,0.0,,,11.3,0.0,9.59,,,0.0,,
2025-11-19 11:04:50+00:00,2025-11-19 11:04:50,20.0,20.0,20.0,20.0,20.0,,2.0,FALLBACK,Fallback Hz 사용: 20.0Hz (essential_range_violation),17.6812496,0.0,975.0,1070.30627,0.0,,,11.3,0.0,9.59,,,0.0,,
2025-11-19 11:04:51+00:00,2025-11-19 11:04:51,,,,,,,,,,17.6812496,0.0,975.0,1070.30627,0.0,,,11.3,0.0,9.59,,,0.0,,
2025-11-19 11:04:52+00:00,2025-11-19 11:04:52,,,,,,,,,,17.6812496,0.0,973.0,1069.08752,0.0,,,11.3,0.0,9.59,,,0.0,,
2025-11-19 11:04:53+00:00,2025-11-19 11:04:53,,,,,,,,,,17.6812496,0.0,973.0,1068.19373,0.0,,,11.3,0.0,9.59,,,0.0,,
2025-11-19 11:04:54+00:00,2025-11-19 11:04:54,,,,,,,,,,17.6812496,0.0,973.0,1069.3313,0.0,,,11.3,0.0,9.59,,,0.0,,
2025-11-19 11:04:55+00:00,2025-11-19 11:04:55,20.0,20.0,20.0,20.0,20.0,,2.0,FALLBACK,Fallback Hz 사용: 20.0Hz (essential_range_violation),17.6812496,0.0,973.0,1069.3313,0.0,,,11.3,0.0,9.59,,,0.0,,
2025-11-19 11:04:56+00:00,2025-11-19 11:04:56,,,,,,,,,,17.6812496,0.0,972.0,1069.57495,0.0,,,11.3,0.0,9.59,,,0.0,,
2025-11-19 11:04:57+00:00,2025-11-19 11:04:57,,,,,,,,,,17.6812496,0.0,973.0,1067.05627,0.0,,,11.3,0.0,9.59,,,0.0,,
2025-11-19 11:04:58+00:00,2025-11-19 11:04:58,,,,,,,,,,17.6812496,0.0,973.0,1067.05627,0.0,,,11.3,0.0,9.59,,,0.0,,
2025-11-19 11:04:59+00:00,2025-11-19 11:04:59,,,,,,,,,,17.6812496,0.0,973.0,1067.38123,0.0,,,11.3,0.0,9.59,,,0.0,,
2025-11-19 11:05:00+00:00,2025-11-19 11:05:00,20.0,20.0,20.0,20.0,20.0,,2.0,FALLBACK,Fallback Hz 사용: 20.0Hz (essential_range_violation),17.6812496,0.0,973.0,1067.38123,0.0,,,11.3,0.0,9.59,,,0.0,,
2025-11-19 11:05:01+00:00,2025-11-19 11:05:01,,,,,,,,,,17.6812496,0.0,974.0,1066.0813,0.0,,,11.3,0.0,9.59,,,0.0,,
2025-11-19 11:05:02+00:00,2025-11-19 11:05:02,,,,,,,,,,17.6812496,0.0,974.0,1066.0813,0.0,,,11.3,0.0,9.59,,,0.0,,
2025-11-19 11:05:03+00:00,2025-11-19 11:05:03,,,,,,,,,,17.6812496,0.0,972.0,1066.0813,0.0,,,11.3,0.0,9.59,,,0.0,,
2025-11-19 11:05:04+00:00,2025-11-19 11:05:04,,,,,,,,,,17.6812496,0.0,974.0,1066.40625,0.0,,,11.3,0.0,9.59,,,0.0,,
2025-11-19 11:05:05+00:00,2025-11-19 11:05:05,20.0,20.0,20.0,20.0,20.0,,2.0,FALLBACK,Fallback Hz 사용: 20.0Hz (essential_range_violation),17.6812496,0.0,972.0,1066.56873,0.0,,,11.3,0.0,9.59,,,0.0,,
2025-11-19 11:05:06+00:00,2025-11-19 11:05:06,,,,,,,,,,17.6812496,0.0,973.0,1065.43127,0.0,,,11.3,0.0,9.59,,,0.0,,
2025-11-19 11:05:07+00:00,2025-11-19 11:05:07,,,,,,,,,,17.6812496,0.0,973.0,1065.43127,0.0,,,11.3,0.0,9.59,,,0.0,,
2025-11-19 11:05:08+00:00,2025-11-19 11:05:08,,,,,,,,,,17.6812496,0.0,972.0,1066.48755,0.0,,,11.3,0.0,9.59,,,0.0,,
2025-11-19 11:05:09+00:00,2025-11-19 11:05:09,,,,,,,,,,17.6812496,0.0,972.0,1066.48755,0.0,,,11.3,0.0,9.59,,,0.0,,
2025-11-19 11:05:10+00:00,2025-11-19 11:05:10,20.0,20.0,20.0,20.0,20.0,,2.0,FALLBACK,Fallback Hz 사용: 20.0Hz (essential_range_violation),17.6812496,0.0,972.0,1065.2688,0.0,,,11.3,0.0,9.59,,,0.0,,
2025-11-19 11:05:11+00:00,2025-11-19 11:05:11,,,,,,,,,,17.6812496,0.0,972.0,1065.2688,0.0,,,11.3,0.0,9.59,,,0.0,,
2025-11-19 11:05:12+00:00,2025-11-19 11:05:12,,,,,,,,,,17.6812496,0.0,973.0,1064.4563,0.0,,,11.3,0.0,9.59,,,0.0,,
2025-11-19 11:05:13+00:00,2025-11-19 11:05:13,,,,,,,,,,17.6812496,0.0,973.0,1064.4563,0.0,,,11.3,0.0,9.59,,,0.0,,
2025-11-19 11:05:14+00:00,2025-11-19 11:05:14,,,,,,,,,,17.6812496,0.0,972.0,1064.53748,0.0,,,11.3,0.0,9.59,,,0.0,,
2025-11-19 11:05:15+00:00,2025-11-19 11:05:15,20.0,20.0,20.0,20.0,20.0,,2.0,FALLBACK,Fallback Hz 사용: 20.0Hz (essential_range_violation),17.6812496,0.0,972.0,1064.53748,0.0,,,11.3,0.0,9.59,,,0.0,,
2025-11-19 11:05:16+00:00,2025-11-19 11:05:16,,,,,,,,,,17.6812496,0.0,974.0,1061.9375,0.0,,,11.3,0.0,9.59,,,0.0,,
2025-11-19 11:05:17+00:00,2025-11-19 11:05:17,,,,,,,,,,17.6812496,0.0,974.0,1061.9375,0.0,,,11.3,0.0,9.59,,,0.0,,
2025-11-19 11:05:18+00:00,2025-11-19 11:05:18,,,,,,,,,,17.6812496,0.0,973.0,1062.34375,0.0,,,11.3,0.0,9.59,,,0.0,,
2025-11-19 11:05:19+00:00,2025-11-19 11:05:19,,,,,,,,,,17.6812496,0.0,973.0,1062.34375,0.0,,,11.3,0.0,9.59,,,0.0,,
2025-11-19 11:05:20+00:00,2025-11-19 11:05:20,20.0,20.0,20.0,20.0,20.0,,2.0,FALLBACK,Fallback Hz 사용: 20.0Hz (essential_range_violation),17.6812496,0.0,973.0,1061.9375,0.0,,,11.3,0.0,9.59,,,0.0,,
2025-11-19 11:05:21+00:00,2025-11-19 11:05:21,,,,,,,,,,17.6812496,0.0,973.0,1061.77502,0.0,,,11.3,0.0,9.59,,,0.0,,
2025-11-19 11:05:22+00:00,2025-11-19 11:05:22,,,,,,,,,,17.6812496,0.0,973.0,1061.77502,0.0,,,11.3,0.0,9.59,,,0.0,,
2025-11-19 11:05:23+00:00,2025-11-19 11:05:23,,,,,,,,,,17.6812496,0.0,971.0,1062.42505,0.0,,,11.3,0.0,9.59,,,0.0,,
2025-11-19 11:05:24+00:00,2025-11-19 11:05:24,,,,,,,,,,17.6812496,0.0,971.0,1060.3125,0.0,,,11.3,0.0,9.59,,,0.0,,
2025-11-19 11:05:25+00:00,2025-11-19 11:05:25,20.0,20.0,20.0,20.0,20.0,,2.0,FALLBACK,Fallback Hz 사용: 20.0Hz (essential_range_violation),17.6812496,0.0,971.0,1060.3125,0.0,,,11.3,0.0,9.59,,,0.0,,
2025-11-19 11:05:26+00:00,2025-11-19 11:05:26,,,,,,,,,,17.6812496,0.0,971.0,1060.63745,0.0,,,11.3,0.0,9.59,,,0.0,,
2025-11-19 11:05:27+00:00,2025-11-19 11:05:27,,,,,,,,,,17.6812496,0.0,971.0,1058.93127,0.0,,,11.3,0.0,9.59,,,0.0,,
2025-11-19 11:05:28+00:00,2025-11-19 11:05:28,,,,,,,,,,17.6812496,0.0,971.0,1058.93127,0.0,,,11.3,0.0,9.59,,,0.0,,
2025-11-19 11:05:29+00:00,2025-11-19 11:05:29,,,,,,,,,,17.6812496,0.0,971.0,1059.17505,0.0,,,11.3,0.0,9.59,,,0.0,,
2025-11-19 11:05:30+00:00,2025-11-19 11:05:30,20.0,20.0,20.0,20.0,20.0,,2.0,FALLBACK,Fallback Hz 사용: 20.0Hz (essential_range_violation),17.6812496,0.0,971.0,1059.17505,0.0,,,11.3,0.0,9.59,,,0.0,,
2025-11-19 11:05:31+00:00,2025-11-19 11:05:31,,,,,,,,,,17.6812496,0.0,971.0,1059.01245,0.0,,,11.3,0.0,9.59,,,0.0,,
2025-11-19 11:05:32+00:00,2025-11-19 11:05:32,,,,,,,,,,17.6812496,0.0,971.0,1059.01245,0.0,,,11.3,0.0,9.59,,,0.0,,
2025-11-19 11:05:33+00:00,2025-11-19 11:05:33,,,,,,,,,,17.6812496,0.0,972.0,1058.6875,0.0,,,11.3,0.0,9.59,,,0.0,,
2025-11-19 11:05:34+00:00,2025-11-19 11:05:34,,,,,,,,,,17.6812496,0.0,972.0,1058.7688,0.0,,,11.3,0.0,9.59,,,0.0,,
2025-11-19 11:05:35+00:00,2025-11-19 11:05:35,20.0,20.0,20.0,20.0,20.0,,2.0,FALLBACK,Fallback Hz 사용: 20.0Hz (essential_range_violation),17.6812496,0.0,972.0,1058.7688,0.0,,,11.3,0.0,9.59,,,0.0,,
2025-11-19 11:05:36+00:00,2025-11-19 11:05:36,,,,,,,,,,17.6812496,0.0,972.0,1058.36255,0.0,,,11.3,0.0,9.59,,,0.0,,
2025-11-19 11:05:37+00:00,2025-11-19 11:05:37,,,,,,,,,,17.6812496,0.0,971.0,1057.46875,0.0,,,11.3,0.0,9.59,,,0.0,,
2025-11-19 11:05:38+00:00,2025-11-19 11:05:38,,,,,,,,,,17.6812496,0.0,971.0,1057.46875,0.0,,,11.3,0.0,9.59,,,0.0,,
2025-11-19 11:05:39+00:00,2025-11-19 11:05:39,,,,,,,,,,17.6812496,0.0,971.0,1057.22498,0.0,,,11.3,0.0,9.59,,,0.0,,
2025-11-19 11:05:40+00:00,2025-11-19 11:05:40,20.0,20.0,20.0,20.0,20.0,,2.0,FALLBACK,Fallback Hz 사용: 20.0Hz (essential_range_violation),17.6812496,0.0,970.0,1056.3313,0.0,,,11.3,0.0,9.59,,,0.0,,
2025-11-19 11:05:41+00:00,2025-11-19 11:05:41,,,,,,,,,,17.6812496,0.0,970.0,1056.3313,0.0,,,11.3,0.0,9.59,,,0.0,,
2025-11-19 11:05:42+00:00,2025-11-19 11:05:42,,,,,,,,,,17.6812496,0.0,971.0,1055.84375,0.0,,,11.3,0.0,9.59,,,0.0,,
2025-11-19 11:05:43+00:00,2025-11-19 11:05:43,,,,,,,,,,17.6812496,0.0,971.0,1055.84375,0.0,,,11.3,0.0,9.59,,,0.0,,
2025-11-19 11:05:44+00:00,2025-11-19 11:05:44,,,,,,,,,,17.6812496,0.0,971.0,1053.8938,0.0,,,11.3,0.0,9.59,,,0.0,,
2025-11-19 11:05:45+00:00,2025-11-19 11:05:45,20.0,20.0,20.0,20.0,20.0,,2.0,FALLBACK,Fallback Hz 사용: 20.0Hz (essential_range_violation),17.6812496,0.0,971.0,1053.8938,0.0,,,11.3,0.0,9.59,,,0.0,,
2025-11-19 11:05:46+00:00,2025-11-19 11:05:46,,,,,,,,,,17.6812496,0.0,971.0,1052.59375,0.0,,,11.3,0.0,9.59,,,0.0,,
2025-11-19 11:05:47+00:00,2025-11-19 11:05:47,,,,,,,,,,17.6812496,0.0,970.0,1053.0,0.0,,,11.3,0.0,9.59,,,0.0,,
2025-11-19 11:05:48+00:00,2025-11-19 11:05:48,,,,,,,,,,17.6812496,0.0,972.0,1053.40625,0.0,,,11.3,0.0,9.59,,,0.0,,
2025-11-19 11:05:49+00:00,2025-11-19 11:05:49,,,,,,,,,,17.6812496,0.0,972.0,1053.40625,0.0,,,11.3,0.0,9.59,,,0.0,,
2025-11-19 11:05:50+00:00,2025-11-19 11:05:50,20.0,20.0,20.0,20.0,20.0,,2.0,FALLBACK,Fallback Hz 사용: 20.0Hz (essential_range_violation),17.6812496,0.0,972.0,1052.1062,0.0,,,11.3,0.0,9.59,,,0.0,,
2025-11-19 11:05:51+00:00,2025-11-19 11:05:51,,,,,,,,,,17.6812496,0.0,972.0,1053.40625,0.0,,,11.3,0.0,9.59,,,0.0,,
2025-11-19 11:05:52+00:00,2025-11-19 11:05:52,,,,,,,,,,17.6812496,0.0,971.0,1053.40625,0.0,,,11.3,0.0,9.59,,,0.0,,
2025-11-19 11:05:53+00:00,2025-11-19 11:05:53,,,,,,,,,,17.6812496,0.0,972.0,1053.40625,0.0,,,11.3,0.0,9.59,,,0.0,,
2025-11-19 11:05:54+00:00,2025-11-19 11:05:54,,,,,,,,,,17.6812496,0.0,971.0,1053.0813,0.0,,,11.3,0.0,9.59,,,0.0,,
2025-11-19 11:05:55+00:00,2025-11-19 11:05:55,20.0,20.0,20.0,20.0,20.0,,2.0,FALLBACK,Fallback Hz 사용: 20.0Hz (essential_range_violation),17.6812496,0.0,972.0,1052.83752,0.0,,,11.3,0.0,9.59,,,0.0,,
2025-11-19 11:05:56+00:00,2025-11-19 11:05:56,,,,,,,,,,17.6812496,0.0,972.0,1052.83752,0.0,,,11.3,0.0,9.59,,,0.0,,
2025-11-19 11:05:57+00:00,2025-11-19 11:05:57,,,,,,,,,,17.6812496,0.0,971.0,1053.0,0.0,,,11.3,0.0,9.59,,,0.0,,
2025-11-19 11:05:58+00:00,2025-11-19 11:05:58,,,,,,,,,,17.6812496,0.0,971.0,1053.0,0.0,,,11.3,0.0,9.59,,,0.0,,
2025-11-19 11:05:59+00:00,2025-11-19 11:05:59,,,,,,,,,,17.6812496,0.0,972.0,1053.24377,0.0,,,11.3,0.0,9.59,,,0.0,,
2025-11-19 11:06:00+00:00,2025-11-19 11:06:00,20.0,20.0,20.0,20.0,20.0,,2.0,FALLBACK,Fallback Hz 사용: 20.0Hz (essential_range_violation),17.6812496,0.0,972.0,1052.9187,0.0,,,11.3,0.0,9.59,,,0.0,,
2025-11-19 11:06:01+00:00,2025-11-19 11:06:01,,,,,,,,,,17.6812496,0.0,971.0,1052.9187,0.0,,,11.3,0.0,9.59,,,0.0,,
2025-11-19 11:06:02+00:00,2025-11-19 11:06:02,,,,,,,,,,17.6812496,0.0,971.0,1052.9187,0.0,,,11.3,0.0,9.59,,,0.0,,
2025-11-19 11:06:03+00:00,2025-11-19 11:06:03,,,,,,,,,,17.6812496,0.0,971.0,1053.32495,0.0,,,11.3,0.0,9.59,,,0.0,,
2025-11-19 11:06:04+00:00,2025-11-19 11:06:04,,,,,,,,,,17.6812496,0.0,971.0,1053.32495,0.0,,,11.3,0.0,9.59,,,0.0,,
2025-11-19 11:06:05+00:00,2025-11-19 11:06:05,20.0,20.0,20.0,20.0,20.0,,2.0,FALLBACK,Fallback Hz 사용: 20.0Hz (essential_range_violation),,,,,,,,,,,,,,,
2025-11-19 11:06:06+00:00,2025-11-19 11:06:06,,,,,,,,,,17.6812496,0.0,972.0,1052.2688,0.0,,,11.3,0.0,9.59,,,0.0,,
2025-11-19 11:06:07+00:00,2025-11-19 11:06:07,,,,,,,,,,17.6812496,0.0,972.0,1052.2688,0.0,,,11.3,0.0,9.59,,,0.0,,
2025-11-19 11:06:08+00:00,2025-11-19 11:06:08,,,,,,,,,,17.6812496,0.0,969.0,1052.02502,0.0,,,11.3,0.0,9.59,,,0.0,,
2025-11-19 11:06:09+00:00,2025-11-19 11:06:09,,,,,,,,,,17.6812496,0.0,970.0,1052.1062,0.0,,,11.3,0.0,9.59,,,0.0,,
2025-11-19 11:06:10+00:00,2025-11-19 11:06:10,20.0,20.0,20.0,20.0,20.0,,2.0,FALLBACK,Fallback Hz 사용: 20.0Hz (essential_range_violation),17.6812496,0.0,970.0,1052.1062,0.0,,,11.3,0.0,9.59,,,0.0,,
2025-11-19 11:06:11+00:00,2025-11-19 11:06:11,,,,,,,,,,17.6812496,0.0,969.0,1052.51245,0.0,,,11.3,0.0,9.59,,,0.0,,
2025-11-19 11:06:12+00:00,2025-11-19 11:06:12,,,,,,,,,,17.6812496,0.0,969.0,1052.51245,0.0,,,11.3,0.0,9.59,,,0.0,,
2025-11-19 11:06:13+00:00,2025-11-19 11:06:13,,,,,,,,,,17.6812496,0.0,969.0,1052.83752,0.0,,,11.3,0.0,9.59,,,0.0,,
2025-11-19 11:06:14+00:00,2025-11-19 11:06:14,,,,,,,,,,17.6812496,0.0,969.0,1052.83752,0.0,,,11.3,0.0,9.59,,,0.0,,
2025-11-19 11:06:15+00:00,2025-11-19 11:06:15,20.0,20.0,20.0,20.0,20.0,,2.0,FALLBACK,Fallback Hz 사용: 20.0Hz (essential_range_violation),17.6812496,0.0,969.0,1053.40625,0.0,,,11.3,0.0,9.59,,,0.0,,
2025-11-19 11:06:16+00:00,2025-11-19 11:06:16,,,,,,,,,,17.6812496,0.0,969.0,1053.40625,0.0,,,11.3,0.0,9.59,,,0.0,,
2025-11-19 11:06:17+00:00,2025-11-19 11:06:17,,,,,,,,,,17.6812496,0.0,970.0,1053.32495,0.0,,,11.3,0.0,9.59,,,0.0,,
2025-11-19 11:06:18+00:00,2025-11-19 11:06:18,,,,,,,,,,17.6812496,0.0,970.0,1053.32495,0.0,,,11.3,0.0,9.59,,,0.0,,
2025-11-19 11:06:19+00:00,2025-11-19 11:06:19,,,,,,,,,,17.6812496,0.0,970.0,1052.51245,0.0,,,11.3,0.0,9.59,,,0.0,,
2025-11-19 11:06:20+00:00,2025-11-19 11:06:20,20.0,20.0,20.0,20.0,20.0,,2.0,FALLBACK,Fallback Hz 사용: 20.0Hz (essential_range_violation),17.6812496,0.0,970.0,1052.51245,0.0,,,11.3,0.0,9.59,,,0.0,,
2025-11-19 11:06:21+00:00,2025-11-19 11:06:21,,,,,,,,,,17.6812496,0.0,970.0,1052.43127,0.0,,,11.3,0.0,9.59,,,0.0,,
2025-11-19 11:06:22+00:00,2025-11-19 11:06:22,,,,,,,,,,17.6812496,0.0,969.0,1052.83752,0.0,,,11.3,0.0,9.59,,,0.0,,
2025-11-19 11:06:23+00:00,2025-11-19 11:06:23,,,,,,,,,,17.6812496,0.0,969.0,1053.24377,0.0,,,11.3,0.0,9.59,,,0.0,,
2025-11-19 11:06:24+00:00,2025-11-19 11:06:24,,,,,,,,,,17.6812496,0.0,969.0,1053.24377,0.0,,,11.3,0.0,9.59,,,0.0,,
2025-11-19 11:06:25+00:00,2025-11-19 11:06:25,20.0,20.0,20.0,20.0,20.0,,2.0,FALLBACK,Fallback Hz 사용: 20.0Hz (essential_range_violation),17.6812496,0.0,969.0,1053.24377,0.0,,,11.3,0.0,9.59,,,0.0,,
2025-11-19 11:06:26+00:00,2025-11-19 11:06:26,,,,,,,,,,17.6812496,0.0,969.0,1053.24377,0.0,,,11.3,0.0,9.59,,,0.0,,
2025-11-19 11:06:27+00:00,2025-11-19 11:06:27,,,,,,,,,,17.6812496,0.0,969.0,1053.24377,0.0,,,11.3,0.0,9.59,,,0.0,,
2025-11-19 11:06:28+00:00,2025-11-19 11:06:28,,,,,,,,,,17.6812496,0.0,969.0,1052.75623,0.0,,,11.3,0.0,9.59,,,0.0,,
2025-11-19 11:06:29+00:00,2025-11-19 11:06:29,,,,,,,,,,17.6812496,0.0,969.0,1053.16248,0.0,,,11.3,0.0,9.59,,,0.0,,
2025-11-19 11:06:30+00:00,2025-11-19 11:06:30,20.0,20.0,20.0,20.0,20.0,,2.0,FALLBACK,Fallback Hz 사용: 20.0Hz (essential_range_violation),17.6812496,0.0,969.0,1053.16248,0.0,,,11.3,0.0,9.59,,,0.0,,
2025-11-19 11:06:31+00:00,2025-11-19 11:06:31,,,,,,,,,,17.6812496,0.0,969.0,1052.1875,0.0,,,11.3,0.0,9.59,,,0.0,,
2025-11-19 11:06:32+00:00,2025-11-19 11:06:32,,,,,,,,,,17.6812496,0.0,969.0,1053.24377,0.0,,,11.3,0.0,9.59,,,0.0,,
2025-11-19 11:06:33+00:00,2025-11-19 11:06:33,,,,,,,,,,17.6812496,0.0,969.0,1053.24377,0.0,,,11.3,0.0,9.59,,,0.0,,
2025-11-19 11:06:34+00:00,2025-11-19 11:06:34,,,,,,,,,,17.6812496,0.0,970.0,1052.67505,0.0,,,11.3,0.0,9.59,,,0.0,,
2025-11-19 11:06:35+00:00,2025-11-19 11:06:35,20.0,20.0,20.0,20.0,20.0,,2.0,FALLBACK,Fallback Hz 사용: 20.0Hz (essential_range_violation),17.6812496,0.0,970.0,1052.67505,0.0,,,11.3,0.0,9.59,,,0.0,,
2025-11-19 11:06:36+00:00,2025-11-19 11:06:36,,,,,,,,,,17.6812496,0.0,969.0,1054.46252,0.0,,,11.3,0.0,9.59,,,0.0,,
2025-11-19 11:06:37+00:00,2025-11-19 11:06:37,,,,,,,,,,17.6812496,0.0,969.0,1054.46252,0.0,,,11.3,0.0,9.59,,,0.0,,
2025-11-19 11:06:38+00:00,2025-11-19 11:06:38,,,,,,,,,,17.6812496,0.0,970.0,1054.21875,0.0,,,11.3,0.0,9.59,,,0.0,,
2025-11-19 11:06:39+00:00,2025-11-19 11:06:39,,,,,,,,,,17.6812496,0.0,970.0,1054.21875,0.0,,,11.3,0.0,9.59,,,0.0,,
2025-11-19 11:06:40+00:00,2025-11-19 11:06:40,20.0,20.0,20.0,20.0,20.0,,2.0,FALLBACK,Fallback Hz 사용: 20.0Hz (essential_range_violation),17.6812496,0.0,969.0,1056.57495,0.0,,,11.3,0.0,9.59,,,0.0,,
2025-11-19 11:06:41+00:00,2025-11-19 11:06:41,,,,,,,,,,17.6812496,0.0,969.0,1055.76245,0.0,,,11.3,0.0,9.59,,,0.0,,
2025-11-19 11:06:42+00:00,2025-11-19 11:06:42,,,,,,,,,,17.6812496,0.0,969.0,1055.76245,0.0,,,11.3,0.0,9.59,,,0.0,,
2025-11-19 11:06:43+00:00,2025-11-19 11:06:43,,,,,,,,,,17.6812496,0.0,969.0,1057.9563,0.0,,,11.3,0.0,9.59,,,0.0,,
2025-11-19 11:06:44+00:00,2025-11-19 11:06:44,,,,,,,,,,17.6812496,0.0,970.0,1057.9563,0.0,,,11.3,0.0,9.59,,,0.0,,
2025-11-19 11:06:45+00:00,2025-11-19 11:06:45,20.0,20.0,20.0,20.0,20.0,,2.0,FALLBACK,Fallback Hz 사용: 20.0Hz (essential_range_violation),17.6812496,0.0,969.0,1058.6062,0.0,,,11.3,0.0,9.59,,,0.0,,
2025-11-19 11:06:46+00:00,2025-11-19 11:06:46,,,,,,,,,,17.6812496,0.0,969.0,1058.6062,0.0,,,11.3,0.0,9.59,,,0.0,,
2025-11-19 11:06:47+00:00,2025-11-19 11:06:47,,,,,,,,,,17.6812496,0.0,969.0,1058.52502,0.0,,,11.3,0.0,9.59,,,0.0,,
2025-11-19 11:06:48+00:00,2025-11-19 11:06:48,,,,,,,,,,17.6812496,0.0,969.0,1058.52502,0.0,,,11.3,0.0,9.59,,,0.0,,
2025-11-19 11:06:49+00:00,2025-11-19 11:06:49,,,,,,,,,,17.6812496,0.0,968.0,1058.52502,0.0,,,11.3,0.0,9.59,,,0.0,,
2025-11-19 11:06:50+00:00,2025-11-19 11:06:50,20.0,20.0,20.0,20.0,20.0,,2.0,FALLBACK,Fallback Hz 사용: 20.0Hz (essential_range_violation),17.6812496,0.0,968.0,1058.52502,0.0,,,11.3,0.0,9.59,,,0.0,,
2025-11-19 11:06:51+00:00,2025-11-19 11:06:51,,,,,,,,,,17.6812496,0.0,968.0,1059.01245,0.0,,,11.3,0.0,9.59,,,0.0,,
2025-11-19 11:06:52+00:00,2025-11-19 11:06:52,,,,,,,,,,17.6812496,0.0,968.0,1059.01245,0.0,,,11.3,0.0,9.59,,,0.0,,
2025-11-19 11:06:53+00:00,2025-11-19 11:06:53,,,,,,,,,,17.6812496,0.0,968.0,1058.6062,0.0,,,11.3,0.0,9.59,,,0.0,,
2025-11-19 11:06:54+00:00,2025-11-19 11:06:54,,,,,,,,,,17.6812496,0.0,968.0,1058.6062,0.0,,,11.3,0.0,9.59,,,0.0,,
2025-11-19 11:06:55+00:00,2025-11-19 11:06:55,20.0,20.0,20.0,20.0,20.0,,2.0,FALLBACK,Fallback Hz 사용: 20.0Hz (essential_range_violation),17.6812496,0.0,969.0,1061.36877,0.0,,,11.3,0.0,9.59,,,0.0,,
2025-11-19 11:06:56+00:00,2025-11-19 11:06:56,,,,,,,,,,17.6812496,0.0,969.0,1061.36877,0.0,,,11.3,0.0,9.59,,,0.0,,
2025-11-19 11:06:57+00:00,2025-11-19 11:06:57,,,,,,,,,,17.6812496,0.0,969.0,1062.18127,0.0,,,11.3,0.0,9.59,,,0.0,,
2025-11-19 11:06:58+00:00,2025-11-19 11:06:58,,,,,,,,,,17.6812496,0.0,968.0,1062.18127,0.0,,,11.3,0.0,9.59,,,0.0,,
2025-11-19 11:06:59+00:00,2025-11-19 11:06:59,,,,,,,,,,17.6812496,0.0,968.0,1062.42505,0.0,,,11.3,0.0,9.59,,,0.0,,
2025-11-19 11:07:00+00:00,2025-11-19 11:07:00,20.0,20.0,20.0,20.0,20.0,,2.0,FALLBACK,Fallback Hz 사용: 20.0Hz (essential_range_violation),17.6812496,0.0,969.0,1062.42505,0.0,,,11.3,0.0,9.59,,,0.0,,
2025-11-19 11:07:01+00:00,2025-11-19 11:07:01,,,,,,,,,,17.6812496,0.0,968.0,1062.91248,0.0,,,11.3,0.0,9.59,,,0.0,,
2025-11-19 11:07:02+00:00,2025-11-19 11:07:02,,,,,,,,,,17.6812496,0.0,968.0,1062.26245,0.0,,,11.3,0.0,9.59,,,0.0,,
2025-11-19 11:07:03+00:00,2025-11-19 11:07:03,,,,,,,,,,17.6812496,0.0,969.0,1061.9375,0.0,,,11.3,0.0,9.59,,,0.0,,
2025-11-19 11:07:04+00:00,2025-11-19 11:07:04,,,,,,,,,,17.6812496,0.0,969.0,1061.9375,0.0,,,11.3,0.0,9.59,,,0.0,,
2025-11-19 11:07:05+00:00,2025-11-19 11:07:05,20.0,20.0,20.0,20.0,20.0,,2.0,FALLBACK,Fallback Hz 사용: 20.0Hz (essential_range_violation),17.6812496,0.0,968.0,1064.2937,0.0,,,11.3,0.0,9.59,,,0.0,,
2025-11-19 11:07:06+00:00,2025-11-19 11:07:06,,,,,,,,,,17.6812496,0.0,969.0,1063.80627,0.0,,,11.3,0.0,9.59,,,0.0,,
2025-11-19 11:07:07+00:00,2025-11-19 11:07:07,,,,,,,,,,17.6812496,0.0,969.0,1063.80627,0.0,,,11.3,0.0,9.59,,,0.0,,
2025-11-19 11:07:08+00:00,2025-11-19 11:07:08,,,,,,,,,,17.6812496,0.0,967.0,1066.16248,0.0,,,11.3,0.0,9.59,,,0.0,,
2025-11-19 11:07:09+00:00,2025-11-19 11:07:09,,,,,,,,,,17.6812496,0.0,967.0,1066.16248,0.0,,,11.3,0.0,9.59,,,0.0,,
2025-11-19 11:07:10+00:00,2025-11-19 11:07:10,20.0,20.0,20.0,20.0,20.0,,2.0,FALLBACK,Fallback Hz 사용: 20.0Hz (essential_range_violation),17.6812496,0.0,968.0,1065.43127,0.0,,,11.3,0.0,9.59,,,0.0,,
2025-11-19 11:07:11+00:00,2025-11-19 11:07:11,,,,,,,,,,17.6812496,0.0,968.0,1065.43127,0.0,,,11.3,0.0,9.59,,,0.0,,
2025-11-19 11:07:12+00:00,2025-11-19 11:07:12,,,,,,,,,,17.6812496,0.0,967.0,1065.43127,0.0,,,11.3,0.0,9.59,,,0.0,,
2025-11-19 11:07:13+00:00,2025-11-19 11:07:13,,,,,,,,,,17.6812496,0.0,967.0,1065.43127,0.0,,,11.3,0.0,9.59,,,0.0,,
2025-11-19 11:07:14+00:00,2025-11-19 11:07:14,,,,,,,,,,17.6812496,0.0,969.0,1066.0813,0.0,,,11.3,0.0,9.59,,,0.0,,
2025-11-19 11:07:15+00:00,2025-11-19 11:07:15,20.0,20.0,20.0,20.0,20.0,,2.0,FALLBACK,Fallback Hz 사용: 20.0Hz (essential_range_violation),17.6812496,0.0,969.0,1066.0813,0.0,,,11.3,0.0,9.59,,,0.0,,
2025-11-19 11:07:16+00:00,2025-11-19 11:07:16,,,,,,,,,,17.6812496,0.0,968.0,1067.13745,0.0,,,11.3,0.0,9.59,,,0.0,,
2025-11-19 11:07:17+00:00,2025-11-19 11:07:17,,,,,,,,,,17.6812496,0.0,968.0,1067.13745,0.0,,,11.3,0.0,9.59,,,0.0,,
2025-11-19 11:07:18+00:00,2025-11-19 11:07:18,,,,,,,,,,17.6812496,0.0,968.0,1066.8125,0.0,,,11.3,0.0,9.59,,,0.0,,
2025-11-19 11:07:19+00:00,2025-11-19 11:07:19,,,,,,,,,,17.6812496,0.0,968.0,1066.8125,0.0,,,11.3,0.0,9.59,,,0.0,,
2025-11-19 11:07:20+00:00,2025-11-19 11:07:20,20.0,20.0,20.0,20.0,20.0,,2.0,FALLBACK,Fallback Hz 사용: 20.0Hz (essential_range_violation),17.6812496,0.0,968.0,1069.41248,0.0,,,11.3,0.0,9.59,,,0.0,,
2025-11-19 11:07:21+00:00,2025-11-19 11:07:21,,,,,,,,,,17.6812496,0.0,968.0,1069.41248,0.0,,,11.3,0.0,9.59,,,0.0,,
2025-11-19 11:07:22+00:00,2025-11-19 11:07:22,,,,,,,,,,17.6812496,0.0,969.0,1070.1438,0.0,,,11.3,0.0,9.59,,,0.0,,
2025-11-19 11:07:23+00:00,2025-11-19 11:07:23,,,,,,,,,,17.6812496,0.0,969.0,1070.1438,0.0,,,11.3,0.0,9.59,,,0.0,,
2025-11-19 11:07:24+00:00,2025-11-19 11:07:24,,,,,,,,,,17.6812496,0.0,968.0,1070.875,0.0,,,11.3,0.0,9.59,,,0.0,,
2025-11-19 11:07:25+00:00,2025-11-19 11:07:25,20.0,20.0,20.0,20.0,20.0,,2.0,FALLBACK,Fallback Hz 사용: 20.0Hz (essential_range_violation),17.6812496,0.0,968.0,1070.875,0.0,,,11.3,0.0,9.59,,,0.0,,
2025-11-19 11:07:26+00:00,2025-11-19 11:07:26,,,,,,,,,,17.6812496,0.0,968.0,1072.33752,0.0,,,11.3,0.0,9.59,,,0.0,,
2025-11-19 11:07:27+00:00,2025-11-19 11:07:27,,,,,,,,,,17.6812496,0.0,967.0,1071.93127,0.0,,,11.3,0.0,9.59,,,0.0,,
2025-11-19 11:07:28+00:00,2025-11-19 11:07:28,,,,,,,,,,17.6812496,0.0,967.0,1071.93127,0.0,,,11.3,0.0,9.59,,,0.0,,
2025-11-19 11:07:29+00:00,2025-11-19 11:07:29,,,,,,,,,,17.6812496,0.0,968.0,1071.6875,0.0,,,11.3,0.0,9.59,,,0.0,,
2025-11-19 11:07:30+00:00,2025-11-19 11:07:30,20.0,20.0,20.0,20.0,20.0,,2.0,FALLBACK,Fallback Hz 사용: 20.0Hz (essential_range_violation),17.6812496,0.0,968.0,1071.6875,0.0,,,11.3,0.0,9.59,,,0.0,,
2025-11-19 11:07:31+00:00,2025-11-19 11:07:31,,,,,,,,,,17.6812496,0.0,968.0,1072.5,0.0,,,11.3,0.0,9.59,,,0.0,,
2025-11-19 11:07:32+00:00,2025-11-19 11:07:32,,,,,,,,,,17.6812496,0.0,968.0,1072.5,0.0,,,11.3,0.0,9.59,,,0.0,,
2025-11-19 11:07:33+00:00,2025-11-19 11:07:33,,,,,,,,,,17.6812496,0.0,968.0,1072.09375,0.0,,,11.3,0.0,9.59,,,0.0,,
2025-11-19 11:07:34+00:00,2025-11-19 11:07:34,,,,,,,,,,17.6812496,0.0,969.0,1074.44995,0.0,,,11.3,0.0,9.59,,,0.0,,
2025-11-19 11:07:35+00:00,2025-11-19 11:07:35,20.0,20.0,20.0,20.0,20.0,,2.0,FALLBACK,Fallback Hz 사용: 20.0Hz (essential_range_violation),17.6812496,0.0,968.0,1073.47498,0.0,,,11.3,0.0,9.59,,,0.0,,
2025-11-19 11:07:36+00:00,2025-11-19 11:07:36,,,,,,,,,,17.6812496,0.0,968.0,1073.47498,0.0,,,11.3,0.0,9.59,,,0.0,,
2025-11-19 11:07:37+00:00,2025-11-19 11:07:37,,,,,,,,,,17.6812496,0.0,968.0,1076.15625,0.0,,,11.3,0.0,9.59,,,0.0,,
2025-11-19 11:07:38+00:00,2025-11-19 11:07:38,,,,,,,,,,17.6812496,0.0,968.0,1076.15625,0.0,,,11.3,0.0,9.59,,,0.0,,
2025-11-19 11:07:39+00:00,2025-11-19 11:07:39,,,,,,,,,,17.6812496,0.0,967.0,1075.42505,0.0,,,11.3,0.0,9.59,,,0.0,,
2025-11-19 11:07:40+00:00,2025-11-19 11:07:40,20.0,20.0,20.0,20.0,20.0,,2.0,FALLBACK,Fallback Hz 사용: 20.0Hz (essential_range_violation),17.6812496,0.0,969.0,1074.9375,0.0,,,11.3,0.0,9.59,,,0.0,,
2025-11-19 11:07:41+00:00,2025-11-19 11:07:41,,,,,,,,,,17.6812496,0.0,969.0,1074.9375,0.0,,,11.3,0.0,9.59,,,0.0,,
2025-11-19 11:07:42+00:00,2025-11-19 11:07:42,,,,,,,,,,17.6812496,0.0,967.0,1075.91248,0.0,,,11.3,0.0,9.59,,,0.0,,
2025-11-19 11:07:43+00:00,2025-11-19 11:07:43,,,,,,,,,,17.6812496,0.0,968.0,1076.5625,0.0,,,11.3,0.0,9.59,,,0.0,,
2025-11-19 11:07:44+00:00,2025-11-19 11:07:44,,,,,,,,,,17.6812496,0.0,968.0,1077.61877,0.0,,,11.3,0.0,9.59,,,0.0,,
2025-11-19 11:07:45+00:00,2025-11-19 11:07:45,20.0,20.0,20.0,20.0,20.0,,2.0,FALLBACK,Fallback Hz 사용: 20.0Hz (essential_range_violation),,,,,,,,,,,,,,,
2025-11-19 11:07:46+00:00,2025-11-19 11:07:46,,,,,,,,,,17.6812496,0.0,968.0,1077.61877,0.0,,,11.3,0.0,9.59,,,0.0,,
2025-11-19 11:07:47+00:00,2025-11-19 11:07:47,,,,,,,,,,17.6812496,0.0,968.0,1078.2688,0.0,,,11.3,0.0,9.59,,,0.0,,
2025-11-19 11:07:48+00:00,2025-11-19 11:07:48,,,,,,,,,,17.6812496,0.0,968.0,1078.2688,0.0,,,11.3,0.0,9.59,,,0.0,,
2025-11-19 11:07:49+00:00,2025-11-19 11:07:49,,,,,,,,,,17.6812496,0.0,968.0,1078.67505,0.0,,,11.3,0.0,9.59,,,0.0,,
2025-11-19 11:07:50+00:00,2025-11-19 11:07:50,20.0,20.0,20.0,20.0,20.0,,2.0,FALLBACK,Fallback Hz 사용: 20.0Hz (essential_range_violation),17.6812496,0.0,968.0,1078.67505,0.0,,,11.3,0.0,9.59,,,0.0,,
2025-11-19 11:07:51+00:00,2025-11-19 11:07:51,,,,,,,,,,17.6812496,0.0,968.0,1079.0,0.0,,,11.3,0.0,9.59,,,0.0,,
2025-11-19 11:07:52+00:00,2025-11-19 11:07:52,,,,,,,,,,17.6812496,0.0,968.0,1078.34998,0.0,,,11.3,0.0,9.59,,,0.0,,
2025-11-19 11:07:53+00:00,2025-11-19 11:07:53,,,,,,,,,,17.6812496,0.0,969.0,1078.34998,0.0,,,11.3,0.0,9.59,,,0.0,,
2025-11-19 11:07:54+00:00,2025-11-19 11:07:54,,,,,,,,,,17.6812496,0.0,969.0,1078.34998,0.0,,,11.3,0.0,9.59,,,0.0,,
2025-11-19 11:07:55+00:00,2025-11-19 11:07:55,20.0,20.0,20.0,20.0,20.0,,2.0,FALLBACK,Fallback Hz 사용: 20.0Hz (essential_range_violation),17.6812496,0.0,968.0,1078.1062,0.0,,,11.3,0.0,9.59,,,0.0,,
2025-11-19 11:07:56+00:00,2025-11-19 11:07:56,,,,,,,,,,17.6812496,0.0,969.0,1079.0,0.0,,,11.3,0.0,9.59,,,0.0,,
2025-11-19 11:07:57+00:00,2025-11-19 11:07:57,,,,,,,,,,17.6812496,0.0,969.0,1079.40625,0.0,,,11.3,0.0,9.59,,,0.0,,
2025-11-19 11:07:58+00:00,2025-11-19 11:07:58,,,,,,,,,,17.6812496,0.0,969.0,1079.40625,0.0,,,11.3,0.0,9.59,,,0.0,,
2025-11-19 11:07:59+00:00,2025-11-19 11:07:59,,,,,,,,,,17.6812496,0.0,967.0,1080.30005,0.0,,,11.3,0.0,9.59,,,0.0,,
2025-11-19 11:08:00+00:00,2025-11-19 11:08:00,20.0,20.0,20.0,20.0,20.0,,2.0,FALLBACK,Fallback Hz 사용: 20.0Hz (essential_range_violation),17.6812496,0.0,969.0,1079.40625,0.0,,,11.3,0.0,9.59,,,0.0,,
2025-11-19 11:08:01+00:00,2025-11-19 11:08:01,,,,,,,,,,17.6812496,0.0,968.0,1079.8938,0.0,,,11.3,0.0,9.59,,,0.0,,
2025-11-19 11:08:02+00:00,2025-11-19 11:08:02,,,,,,,,,,17.6812496,0.0,968.0,1079.8938,0.0,,,11.3,0.0,9.59,,,0.0,,
2025-11-19 11:08:03+00:00,2025-11-19 11:08:03,,,,,,,,,,17.6812496,0.0,967.0,1081.92505,0.0,,,11.3,0.0,9.59,,,0.0,,
2025-11-19 11:08:04+00:00,2025-11-19 11:08:04,,,,,,,,,,17.6812496,0.0,968.0,1081.19373,0.0,,,11.3,0.0,9.59,,,0.0,,
2025-11-19 11:08:05+00:00,2025-11-19 11:08:05,20.0,20.0,20.0,20.0,20.0,,2.0,FALLBACK,Fallback Hz 사용: 20.0Hz (essential_range_violation),17.6812496,0.0,968.0,1081.19373,0.0,,,11.3,0.0,9.59,,,0.0,,
2025-11-19 11:08:06+00:00,2025-11-19 11:08:06,,,,,,,,,,17.6812496,0.0,967.0,1083.30627,0.0,,,11.3,0.0,9.59,,,0.0,,
2025-11-19 11:08:07+00:00,2025-11-19 11:08:07,,,,,,,,,,17.6812496,0.0,967.0,1083.30627,0.0,,,11.3,0.0,9.59,,,0.0,,
2025-11-19 11:08:08+00:00,2025-11-19 11:08:08,,,,,,,,,,17.6812496,0.0,968.0,1084.11877,0.0,,,11.3,0.0,9.59,,,0.0,,
2025-11-19 11:08:09+00:00,2025-11-19 11:08:09,,,,,,,,,,17.6812496,0.0,969.0,1083.38745,0.0,,,11.3,0.0,9.59,,,0.0,,
2025-11-19 11:08:10+00:00,2025-11-19 11:08:10,20.0,20.0,20.0,20.0,20.0,,2.0,FALLBACK,Fallback Hz 사용: 20.0Hz (essential_range_violation),17.6812496,0.0,969.0,1084.84998,0.0,,,11.3,0.0,9.59,,,0.0,,
2025-11-19 11:08:11+00:00,2025-11-19 11:08:11,,,,,,,,,,17.6812496,0.0,969.0,1084.84998,0.0,,,11.3,0.0,9.59,,,0.0,,
2025-11-19 11:08:12+00:00,2025-11-19 11:08:12,,,,,,,,,,17.6812496,0.0,968.0,1085.09375,0.0,,,11.3,0.0,9.59,,,0.0,,
2025-11-19 11:08:13+00:00,2025-11-19 11:08:13,,,,,,,,,,17.6812496,0.0,968.0,1085.09375,0.0,,,11.3,0.0,9.59,,,0.0,,
2025-11-19 11:08:14+00:00,2025-11-19 11:08:14,,,,,,,,,,17.6812496,0.0,968.0,1085.90625,0.0,,,11.3,0.0,9.59,,,0.0,,
2025-11-19 11:08:15+00:00,2025-11-19 11:08:15,20.0,20.0,20.0,20.0,20.0,,2.0,FALLBACK,Fallback Hz 사용: 20.0Hz (essential_range_violation),17.6812496,0.0,968.0,1085.90625,0.0,,,11.3,0.0,9.59,,,0.0,,
2025-11-19 11:08:16+00:00,2025-11-19 11:08:16,,,,,,,,,,17.6812496,0.0,969.0,1084.93127,0.0,,,11.3,0.0,9.59,,,0.0,,
2025-11-19 11:08:17+00:00,2025-11-19 11:08:17,,,,,,,,,,17.6812496,0.0,969.0,1084.93127,0.0,,,11.3,0.0,9.59,,,0.0,,
2025-11-19 11:08:18+00:00,2025-11-19 11:08:18,,,,,,,,,,17.6812496,0.0,969.0,1084.84998,0.0,,,11.3,0.0,9.59,,,0.0,,
2025-11-19 11:08:19+00:00,2025-11-19 11:08:19,,,,,,,,,,17.6812496,0.0,969.0,1084.84998,0.0,,,11.3,0.0,9.59,,,0.0,,
2025-11-19 11:08:20+00:00,2025-11-19 11:08:20,20.0,20.0,20.0,20.0,20.0,,2.0,FALLBACK,Fallback Hz 사용: 20.0Hz (essential_range_violation),17.6812496,0.0,968.0,1084.6062,0.0,,,11.3,0.0,9.59,,,0.0,,
2025-11-19 11:08:21+00:00,2025-11-19 11:08:21,,,,,,,,,,17.6812496,0.0,968.0,1084.6062,0.0,,,11.3,0.0,9.59,,,0.0,,
2025-11-19 11:08:22+00:00,2025-11-19 11:08:22,,,,,,,,,,17.6812496,0.0,968.0,1085.5,0.0,,,11.3,0.0,9.59,,,0.0,,
2025-11-19 11:08:23+00:00,2025-11-19 11:08:23,,,,,,,,,,17.6812496,0.0,968.0,1085.82495,0.0,,,11.3,0.0,9.59,,,0.0,,
2025-11-19 11:08:24+00:00,2025-11-19 11:08:24,,,,,,,,,,17.6812496,0.0,968.0,1085.82495,0.0,,,11.3,0.0,9.59,,,0.0,,
2025-11-19 11:08:25+00:00,2025-11-19 11:08:25,20.0,20.0,20.0,20.0,20.0,,2.0,FALLBACK,Fallback Hz 사용: 20.0Hz (essential_range_violation),17.6812496,0.0,969.0,1086.80005,0.0,,,11.3,0.0,9.59,,,0.0,,
2025-11-19 11:08:26+00:00,2025-11-19 11:08:26,,,,,,,,,,17.6812496,0.0,969.0,1086.3938,0.0,,,11.3,0.0,9.59,,,0.0,,
2025-11-19 11:08:27+00:00,2025-11-19 11:08:27,,,,,,,,,,17.6812496,0.0,967.0,1086.3938,0.0,,,11.3,0.0,9.59,,,0.0,,
2025-11-19 11:08:28+00:00,2025-11-19 11:08:28,,,,,,,,,,17.6812496,0.0,967.0,1086.47498,0.0,,,11.3,0.0,9.59,,,0.0,,
2025-11-19 11:08:29+00:00,2025-11-19 11:08:29,,,,,,,,,,17.6812496,0.0,968.0,1087.9375,0.0,,,11.3,0.0,9.59,,,0.0,,
2025-11-19 11:08:30+00:00,2025-11-19 11:08:30,20.0,20.0,20.0,20.0,20.0,,2.0,FALLBACK,Fallback Hz 사용: 20.0Hz (essential_range_violation),17.6812496,0.0,969.0,1088.58752,0.0,,,11.3,0.0,9.59,,,0.0,,
2025-11-19 11:08:31+00:00,2025-11-19 11:08:31,,,,,,,,,,17.6812496,0.0,969.0,1088.58752,0.0,,,11.3,0.0,9.59,,,0.0,,
2025-11-19 11:08:32+00:00,2025-11-19 11:08:32,,,,,,,,,,17.6812496,0.0,968.0,1087.9375,0.0,,,11.3,0.0,9.59,,,0.0,,
2025-11-19 11:08:33+00:00,2025-11-19 11:08:33,,,,,,,,,,17.6812496,0.0,968.0,1087.9375,0.0,,,11.3,0.0,9.59,,,0.0,,
2025-11-19 11:08:34+00:00,2025-11-19 11:08:34,,,,,,,,,,17.6812496,0.0,968.0,1087.9375,0.0,,,11.3,0.0,9.59,,,0.0,,
2025-11-19 11:08:35+00:00,2025-11-19 11:08:35,20.0,20.0,20.0,20.0,20.0,,2.0,FALLBACK,Fallback Hz 사용: 20.0Hz (essential_range_violation),17.6812496,0.0,968.0,1087.8562,0.0,,,11.3,0.0,9.59,,,0.0,,
2025-11-19 11:08:36+00:00,2025-11-19 11:08:36,,,,,,,,,,17.6812496,0.0,968.0,1087.8562,0.0,,,11.3,0.0,9.59,,,0.0,,
2025-11-19 11:08:37+00:00,2025-11-19 11:08:37,,,,,,,,,,17.6812496,0.0,968.0,1089.07495,0.0,,,11.3,0.0,9.59,,,0.0,,
2025-11-19 11:08:38+00:00,2025-11-19 11:08:38,,,,,,,,,,17.6812496,0.0,967.0,1088.0188,0.0,,,11.3,0.0,9.59,,,0.0,,
2025-11-19 11:08:39+00:00,2025-11-19 11:08:39,,,,,,,,,,17.6812496,0.0,967.0,1088.0188,0.0,,,11.3,0.0,9.59,,,0.0,,
2025-11-19 11:08:40+00:00,2025-11-19 11:08:40,20.0,20.0,20.0,20.0,20.0,,2.0,FALLBACK,Fallback Hz 사용: 20.0Hz (essential_range_violation),17.6812496,0.0,968.0,1089.07495,0.0,,,11.3,0.0,9.59,,,0.0,,
2025-11-19 11:08:41+00:00,2025-11-19 11:08:41,,,,,,,,,,17.6812496,0.0,968.0,1089.07495,0.0,,,11.3,0.0,9.59,,,0.0,,
2025-11-19 11:08:42+00:00,2025-11-19 11:08:42,,,,,,,,,,17.6812496,0.0,968.0,1090.2937,0.0,,,11.3,0.0,9.59,,,0.0,,
2025-11-19 11:08:43+00:00,2025-11-19 11:08:43,,,,,,,,,,17.6812496,0.0,968.0,1090.2937,0.0,,,11.3,0.0,9.59,,,0.0,,
2025-11-19 11:08:44+00:00,2025-11-19 11:08:44,,,,,,,,,,17.6812496,0.0,968.0,1089.88745,0.0,,,11.3,0.0,9.59,,,0.0,,
2025-11-19 11:08:45+00:00,2025-11-19 11:08:45,20.0,20.0,20.0,20.0,20.0,,2.0,FALLBACK,Fallback Hz 사용: 20.0Hz (essential_range_violation),17.6812496,0.0,968.0,1089.88745,0.0,,,11.3,0.0,9.59,,,0.0,,
2025-11-19 11:08:46+00:00,2025-11-19 11:08:46,,,,,,,,,,17.6812496,0.0,968.0,1090.13123,0.0,,,11.3,0.0,9.59,,,0.0,,
2025-11-19 11:08:47+00:00,2025-11-19 11:08:47,,,,,,,,,,17.6812496,0.0,968.0,1090.13123,0.0,,,11.3,0.0,9.59,,,0.0,,
2025-11-19 11:08:48+00:00,2025-11-19 11:08:48,,,,,,,,,,17.6812496,0.0,968.0,1089.40002,0.0,,,11.3,0.0,9.59,,,0.0,,
2025-11-19 11:08:49+00:00,2025-11-19 11:08:49,,,,,,,,,,17.6812496,0.0,967.0,1089.96875,0.0,,,11.3,0.0,9.59,,,0.0,,
2025-11-19 11:08:50+00:00,2025-11-19 11:08:50,20.0,20.0,20.0,20.0,20.0,,2.0,FALLBACK,Fallback Hz 사용: 20.0Hz (essential_range_violation),17.6812496,0.0,968.0,1091.75623,0.0,,,11.3,0.0,9.59,,,0.0,,
2025-11-19 11:08:51+00:00,2025-11-19 11:08:51,,,,,,,,,,17.6812496,0.0,968.0,1091.1875,0.0,,,11.3,0.0,9.59,,,0.0,,
2025-11-19 11:08:52+00:00,2025-11-19 11:08:52,,,,,,,,,,17.6812496,0.0,968.0,1091.1875,0.0,,,11.3,0.0,9.59,,,0.0,,
2025-11-19 11:08:53+00:00,2025-11-19 11:08:53,,,,,,,,,,17.6812496,0.0,968.0,1091.1875,0.0,,,11.3,0.0,9.59,,,0.0,,
2025-11-19 11:08:54+00:00,2025-11-19 11:08:54,,,,,,,,,,17.6812496,0.0,968.0,1092.0813,0.0,,,11.3,0.0,9.59,,,0.0,,
2025-11-19 11:08:55+00:00,2025-11-19 11:08:55,20.0,20.0,20.0,20.0,20.0,,2.0,FALLBACK,Fallback Hz 사용: 20.0Hz (essential_range_violation),17.6812496,0.0,968.0,1092.0813,0.0,,,11.3,0.0,9.59,,,0.0,,
2025-11-19 11:08:56+00:00,2025-11-19 11:08:56,,,,,,,,,,17.6812496,0.0,968.0,1092.32495,0.0,,,11.3,0.0,9.59,,,0.0,,
2025-11-19 11:08:57+00:00,2025-11-19 11:08:57,,,,,,,,,,17.6812496,0.0,968.0,1092.32495,0.0,,,11.3,0.0,9.59,,,0.0,,
2025-11-19 11:08:58+00:00,2025-11-19 11:08:58,,,,,,,,,,17.6812496,0.0,968.0,1091.1062,0.0,,,11.3,0.0,9.59,,,0.0,,
2025-11-19 11:08:59+00:00,2025-11-19 11:08:59,,,,,,,,,,17.6812496,0.0,968.0,1092.16248,0.0,,,11.3,0.0,9.59,,,0.0,,
2025-11-19 11:09:00+00:00,2025-11-19 11:09:00,20.0,20.0,20.0,20.0,20.0,,2.0,FALLBACK,Fallback Hz 사용: 20.0Hz (essential_range_violation),17.6812496,0.0,968.0,1092.16248,0.0,,,11.3,0.0,9.59,,,0.0,,
2025-11-19 11:09:01+00:00,2025-11-19 11:09:01,,,,,,,,,,17.6812496,0.0,967.0,1092.0813,0.0,,,11.3,0.0,9.59,,,0.0,,
2025-11-19 11:09:02+00:00,2025-11-19 11:09:02,,,,,,,,,,17.6812496,0.0,968.0,1092.0813,0.0,,,11.3,0.0,9.59,,,0.0,,
2025-11-19 11:09:03+00:00,2025-11-19 11:09:03,,,,,,,,,,17.6812496,0.0,968.0,1091.43127,0.0,,,11.3,0.0,9.59,,,0.0,,
2025-11-19 11:09:04+00:00,2025-11-19 11:09:04,,,,,,,,,,17.6812496,0.0,969.0,1091.2688,0.0,,,11.3,0.0,9.59,,,0.0,,
2025-11-19 11:09:05+00:00,2025-11-19 11:09:05,20.0,20.0,20.0,20.0,20.0,,2.0,FALLBACK,Fallback Hz 사용: 20.0Hz (essential_range_violation),17.6812496,0.0,969.0,1091.2688,0.0,,,11.3,0.0,9.59,,,0.0,,
2025-11-19 11:09:06+00:00,2025-11-19 11:09:06,,,,,,,,,,17.6812496,0.0,971.0,1091.83752,0.0,,,11.3,0.0,9.59,,,0.0,,
2025-11-19 11:09:07+00:00,2025-11-19 11:09:07,,,,,,,,,,17.6812496,0.0,969.0,1091.1875,0.0,,,11.3,0.0,9.59,,,0.0,,
2025-11-19 11:09:08+00:00,2025-11-19 11:09:08,,,,,,,,,,17.6812496,0.0,969.0,1091.1875,0.0,,,11.3,0.0,9.59,,,0.0,,
2025-11-19 11:09:09+00:00,2025-11-19 11:09:09,,,,,,,,,,17.6812496,0.0,969.0,1091.67505,0.0,,,11.3,0.0,9.59,,,0.0,,
2025-11-19 11:09:10+00:00,2025-11-19 11:09:10,20.0,20.0,20.0,20.0,20.0,,2.0,FALLBACK,Fallback Hz 사용: 20.0Hz (essential_range_violation),17.6812496,0.0,969.0,1091.67505,0.0,,,11.3,0.0,9.59,,,0.0,,
2025-11-19 11:09:11+00:00,2025-11-19 11:09:11,,,,,,,,,,17.6812496,0.0,969.0,1091.9187,0.0,,,11.3,0.0,9.59,,,0.0,,
2025-11-19 11:09:12+00:00,2025-11-19 11:09:12,,,,,,,,,,17.6812496,0.0,969.0,1091.1062,0.0,,,11.3,0.0,9.59,,,0.0,,
2025-11-19 11:09:13+00:00,2025-11-19 11:09:13,,,,,,,,,,17.6812496,0.0,969.0,1091.1062,0.0,,,11.3,0.0,9.59,,,0.0,,
2025-11-19 11:09:14+00:00,2025-11-19 11:09:14,,,,,,,,,,17.6812496,0.0,970.0,1091.34998,0.0,,,11.3,0.0,9.59,,,0.0,,
2025-11-19 11:09:15+00:00,2025-11-19 11:09:15,20.0,20.0,20.0,20.0,20.0,,2.0,FALLBACK,Fallback Hz 사용: 20.0Hz (essential_range_violation),17.6812496,0.0,970.0,1092.0813,0.0,,,11.3,0.0,9.59,,,0.0,,
2025-11-19 11:09:16+00:00,2025-11-19 11:09:16,,,,,,,,,,17.6812496,0.0,970.0,1092.0813,0.0,,,11.3,0.0,9.59,,,0.0,,
2025-11-19 11:09:17+00:00,2025-11-19 11:09:17,,,,,,,,,,17.6812496,0.0,970.0,1092.0,0.0,,,11.3,0.0,9.59,,,0.0,,
2025-11-19 11:09:18+00:00,2025-11-19 11:09:18,,,,,,,,,,17.6812496,0.0,970.0,1090.78125,0.0,,,11.3,0.0,9.59,,,0.0,,
2025-11-19 11:09:19+00:00,2025-11-19 11:09:19,,,,,,,,,,17.6812496,0.0,970.0,1091.2688,0.0,,,11.3,0.0,9.59,,,0.0,,
2025-11-19 11:09:20+00:00,2025-11-19 11:09:20,20.0,20.0,20.0,20.0,20.0,,2.0,FALLBACK,Fallback Hz 사용: 20.0Hz (essential_range_violation),17.6812496,0.0,969.0,1091.43127,0.0,,,11.3,0.0,9.59,,,0.0,,
2025-11-19 11:09:21+00:00,2025-11-19 11:09:21,,,,,,,,,,17.6812496,0.0,971.0,1091.51245,0.0,,,11.3,0.0,9.59,,,0.0,,
2025-11-19 11:09:22+00:00,2025-11-19 11:09:22,,,,,,,,,,17.6812496,0.0,971.0,1091.51245,0.0,,,11.3,0.0,9.59,,,0.0,,
2025-11-19 11:09:23+00:00,2025-11-19 11:09:23,,,,,,,,,,17.6812496,0.0,971.0,1091.83752,0.0,,,11.3,0.0,9.59,,,0.0,,
2025-11-19 11:09:24+00:00,2025-11-19 11:09:24,,,,,,,,,,17.6812496,0.0,969.0,1092.24377,0.0,,,11.3,0.0,9.59,,,0.0,,
2025-11-19 11:09:25+00:00,2025-11-19 11:09:25,20.0,20.0,20.0,20.0,20.0,,2.0,FALLBACK,Fallback Hz 사용: 20.0Hz (essential_range_violation),17.6812496,0.0,969.0,1092.24377,0.0,,,11.3,0.0,9.59,,,0.0,,
2025-11-19 11:09:26+00:00,2025-11-19 11:09:26,,,,,,,,,,17.6812496,0.0,969.0,1091.75623,0.0,,,11.3,0.0,9.59,,,0.0,,
2025-11-19 11:09:27+00:00,2025-11-19 11:09:27,,,,,,,,,,17.6812496,0.0,969.0,1091.75623,0.0,,,11.3,0.0,9.59,,,0.0,,
2025-11-19 11:09:28+00:00,2025-11-19 11:09:28,,,,,,,,,,17.6812496,0.0,970.0,1090.86255,0.0,,,11.3,0.0,9.59,,,0.0,,
2025-11-19 11:09:30+00:00,2025-11-19 11:09:30,20.0,20.0,20.0,20.0,20.0,,2.0,FALLBACK,Fallback Hz 사용: 20.0Hz (essential_range_violation),17.6812496,0.0,970.0,1090.86255,0.0,,,11.3,0.0,9.59,,,0.0,,
2025-11-19 11:09:31+00:00,2025-11-19 11:09:31,,,,,,,,,,17.6812496,0.0,970.0,1091.83752,0.0,,,11.3,0.0,9.59,,,0.0,,
2025-11-19 11:09:32+00:00,2025-11-19 11:09:32,,,,,,,,,,17.6812496,0.0,970.0,1091.83752,0.0,,,11.3,0.0,9.59,,,0.0,,
2025-11-19 11:09:33+00:00,2025-11-19 11:09:33,,,,,,,,,,17.6812496,0.0,969.0,1091.75623,0.0,,,11.3,0.0,9.59,,,0.0,,
2025-11-19 11:09:34+00:00,2025-11-19 11:09:34,,,,,,,,,,17.6812496,0.0,969.0,1091.75623,0.0,,,11.3,0.0,9.59,,,0.0,,
2025-11-19 11:09:35+00:00,2025-11-19 11:09:35,20.0,20.0,20.0,20.0,20.0,,2.0,FALLBACK,Fallback Hz 사용: 20.0Hz (essential_range_violation),17.6812496,0.0,969.0,1091.67505,0.0,,,11.3,0.0,9.59,,,0.0,,
2025-11-19 11:09:36+00:00,2025-11-19 11:09:36,,,,,,,,,,17.6812496,0.0,969.0,1091.67505,0.0,,,11.3,0.0,9.59,,,0.0,,
2025-11-19 11:09:37+00:00,2025-11-19 11:09:37,,,,,,,,,,17.6812496,0.0,969.0,1091.75623,0.0,,,11.3,0.0,9.59,,,0.0,,
2025-11-19 11:09:38+00:00,2025-11-19 11:09:38,,,,,,,,,,17.6812496,0.0,970.0,1091.1062,0.0,,,11.3,0.0,9.59,,,0.0,,
2025-11-19 11:09:39+00:00,2025-11-19 11:09:39,,,,,,,,,,17.6812496,0.0,970.0,1091.1062,0.0,,,11.3,0.0,9.59,,,0.0,,
2025-11-19 11:09:40+00:00,2025-11-19 11:09:40,20.0,20.0,20.0,20.0,20.0,,2.0,FALLBACK,Fallback Hz 사용: 20.0Hz (essential_range_violation),17.6812496,0.0,969.0,1092.32495,0.0,,,11.3,0.0,9.59,,,0.0,,
2025-11-19 11:09:41+00:00,2025-11-19 11:09:41,,,,,,,,,,17.6812496,0.0,970.0,1090.2937,0.0,,,11.3,0.0,9.59,,,0.0,,
2025-11-19 11:09:42+00:00,2025-11-19 11:09:42,,,,,,,,,,17.6812496,0.0,970.0,1089.72498,0.0,,,11.3,0.0,9.59,,,0.0,,
2025-11-19 11:09:43+00:00,2025-11-19 11:09:43,,,,,,,,,,17.6812496,0.0,969.0,1089.72498,0.0,,,11.3,0.0,9.59,,,0.0,,
2025-11-19 11:09:44+00:00,2025-11-19 11:09:44,,,,,,,,,,17.6812496,0.0,969.0,1090.2937,0.0,,,11.3,0.0,9.59,,,0.0,,
2025-11-19 11:09:45+00:00,2025-11-19 11:09:45,20.0,20.0,20.0,20.0,20.0,,2.0,FALLBACK,Fallback Hz 사용: 20.0Hz (essential_range_violation),17.6812496,0.0,969.0,1090.2937,0.0,,,11.3,0.0,9.59,,,0.0,,
2025-11-19 11:09:46+00:00,2025-11-19 11:09:46,,,,,,,,,,17.6812496,0.0,970.0,1090.2937,0.0,,,11.3,0.0,9.59,,,0.0,,
2025-11-19 11:09:47+00:00,2025-11-19 11:09:47,,,,,,,,,,17.6812496,0.0,969.0,1089.96875,0.0,,,11.3,0.0,9.59,,,0.0,,
2025-11-19 11:09:48+00:00,2025-11-19 11:09:48,,,,,,,,,,17.6812496,0.0,970.0,1090.53748,0.0,,,11.3,0.0,9.59,,,0.0,,
2025-11-19 11:09:49+00:00,2025-11-19 11:09:49,,,,,,,,,,17.6812496,0.0,970.0,1090.53748,0.0,,,11.3,0.0,9.59,,,0.0,,
2025-11-19 11:09:50+00:00,2025-11-19 11:09:50,20.0,20.0,20.0,20.0,20.0,,2.0,FALLBACK,Fallback Hz 사용: 20.0Hz (essential_range_violation),17.6812496,0.0,970.0,1089.96875,0.0,,,11.3,0.0,9.59,,,0.0,,
2025-11-19 11:09:51+00:00,2025-11-19 11:09:51,,,,,,,,,,17.6812496,0.0,969.0,1089.96875,0.0,,,11.3,0.0,9.59,,,0.0,,
2025-11-19 11:09:52+00:00,2025-11-19 11:09:52,,,,,,,,,,17.6812496,0.0,969.0,1090.375,0.0,,,11.3,0.0,9.59,,,0.0,,
2025-11-19 11:09:53+00:00,2025-11-19 11:09:53,,,,,,,,,,17.6812496,0.0,970.0,1088.42505,0.0,,,11.3,0.0,9.59,,,0.0,,
2025-11-19 11:09:54+00:00,2025-11-19 11:09:54,,,,,,,,,,17.6812496,0.0,970.0,1088.42505,0.0,,,11.3,0.0,9.59,,,0.0,,
2025-11-19 11:09:55+00:00,2025-11-19 11:09:55,20.0,20.0,20.0,20.0,20.0,,2.0,FALLBACK,Fallback Hz 사용: 20.0Hz (essential_range_violation),17.6812496,0.0,970.0,1088.09998,0.0,,,11.3,0.0,9.59,,,0.0,,
2025-11-19 11:09:56+00:00,2025-11-19 11:09:56,,,,,,,,,,17.6812496,0.0,970.0,1088.09998,0.0,,,11.3,0.0,9.59,,,0.0,,
2025-11-19 11:09:57+00:00,2025-11-19 11:09:57,,,,,,,,,,17.6812496,0.0,970.0,1087.8562,0.0,,,11.3,0.0,9.59,,,0.0,,
2025-11-19 11:09:58+00:00,2025-11-19 11:09:58,,,,,,,,,,17.6812496,0.0,970.0,1087.8562,0.0,,,11.3,0.0,9.59,,,0.0,,
2025-11-19 11:09:59+00:00,2025-11-19 11:09:59,,,,,,,,,,17.6812496,0.0,970.0,1087.9375,0.0,,,11.3,0.0,9.59,,,0.0,,
2025-11-19 11:10:00+00:00,2025-11-19 11:10:00,20.0,20.0,20.0,20.0,20.0,,2.0,FALLBACK,Fallback Hz 사용: 20.0Hz (essential_range_violation),17.6812496,0.0,970.0,1087.9375,0.0,,,11.3,0.0,9.59,,,0.0,,
2025-11-19 11:10:01+00:00,2025-11-19 11:10:01,,,,,,,,,,17.6812496,0.0,969.0,1088.0188,0.0,,,11.3,0.0,9.59,,,0.0,,
2025-11-19 11:10:02+00:00,2025-11-19 11:10:02,,,,,,,,,,17.6812496,0.0,969.0,1088.0188,0.0,,,11.3,0.0,9.59,,,0.0,,
2025-11-19 11:10:03+00:00,2025-11-19 11:10:03,,,,,,,,,,17.6812496,0.0,969.0,1087.8562,0.0,,,11.3,0.0,9.59,,,0.0,,
2025-11-19 11:10:04+00:00,2025-11-19 11:10:04,,,,,,,,,,17.6812496,0.0,969.0,1087.8562,0.0,,,11.3,0.0,9.59,,,0.0,,
2025-11-19 11:10:05+00:00,2025-11-19 11:10:05,20.0,20.0,20.0,20.0,20.0,,2.0,FALLBACK,Fallback Hz 사용: 20.0Hz (essential_range_violation),17.6812496,0.0,970.0,1089.07495,0.0,,,11.3,0.0,9.59,,,0.0,,
2025-11-19 11:10:06+00:00,2025-11-19 11:10:06,,,,,,,,,,17.6812496,0.0,970.0,1089.07495,0.0,,,11.3,0.0,9.59,,,0.0,,
2025-11-19 11:10:07+00:00,2025-11-19 11:10:07,,,,,,,,,,17.6812496,0.0,969.0,1088.18127,0.0,,,11.3,0.0,9.59,,,0.0,,
2025-11-19 11:10:08+00:00,2025-11-19 11:10:08,,,,,,,,,,17.6812496,0.0,969.0,1088.18127,0.0,,,11.3,0.0,9.59,,,0.0,,
2025-11-19 11:10:09+00:00,2025-11-19 11:10:09,,,,,,,,,,17.6812496,0.0,970.0,1086.88123,0.0,,,11.3,0.0,9.59,,,0.0,,
2025-11-19 11:10:10+00:00,2025-11-19 11:10:10,20.0,20.0,20.0,20.0,20.0,,2.0,FALLBACK,Fallback Hz 사용: 20.0Hz (essential_range_violation),17.6812496,0.0,970.0,1086.88123,0.0,,,11.3,0.0,9.59,,,0.0,,
2025-11-19 11:10:11+00:00,2025-11-19 11:10:11,,,,,,,,,,17.6812496,0.0,969.0,1086.80005,0.0,,,11.3,0.0,9.59,,,0.0,,
2025-11-19 11:10:12+00:00,2025-11-19 11:10:12,,,,,,,,,,17.6812496,0.0,969.0,1086.80005,0.0,,,11.3,0.0,9.59,,,0.0,,
2025-11-19 11:10:13+00:00,2025-11-19 11:10:13,,,,,,,,,,17.6812496,0.0,970.0,1084.93127,0.0,,,11.3,0.0,9.59,,,0.0,,
2025-11-19 11:10:14+00:00,2025-11-19 11:10:14,,,,,,,,,,17.6812496,0.0,970.0,1084.93127,0.0,,,11.3,0.0,9.59,,,0.0,,
2025-11-19 11:10:15+00:00,2025-11-19 11:10:15,20.0,20.0,20.0,20.0,20.0,,2.0,FALLBACK,Fallback Hz 사용: 20.0Hz (essential_range_violation),17.6812496,0.0,969.0,1084.7688,0.0,,,11.3,0.0,9.59,,,0.0,,
2025-11-19 11:10:16+00:00,2025-11-19 11:10:16,,,,,,,,,,17.6812496,0.0,969.0,1084.7688,0.0,,,11.3,0.0,9.59,,,0.0,,
2025-11-19 11:10:17+00:00,2025-11-19 11:10:17,,,,,,,,,,17.6812496,0.0,971.0,1085.17505,0.0,,,11.3,0.0,9.59,,,0.0,,
2025-11-19 11:10:18+00:00,2025-11-19 11:10:18,,,,,,,,,,17.6812496,0.0,971.0,1085.17505,0.0,,,11.3,0.0,9.59,,,0.0,,
2025-11-19 11:10:19+00:00,2025-11-19 11:10:19,,,,,,,,,,17.6812496,0.0,970.0,1085.82495,0.0,,,11.3,0.0,9.59,,,0.0,,
2025-11-19 11:10:20+00:00,2025-11-19 11:10:20,20.0,20.0,20.0,20.0,20.0,,2.0,FALLBACK,Fallback Hz 사용: 20.0Hz (essential_range_violation),17.6812496,0.0,969.0,1085.17505,0.0,,,11.3,0.0,9.59,,,0.0,,
2025-11-19 11:10:21+00:00,2025-11-19 11:10:21,,,,,,,,,,17.6812496,0.0,970.0,1085.5813,0.0,,,11.3,0.0,9.59,,,0.0,,
2025-11-19 11:10:22+00:00,2025-11-19 11:10:22,,,,,,,,,,17.6812496,0.0,970.0,1084.7688,0.0,,,11.3,0.0,9.59,,,0.0,,
2025-11-19 11:10:23+00:00,2025-11-19 11:10:23,,,,,,,,,,17.6812496,0.0,970.0,1084.7688,0.0,,,11.3,0.0,9.59,,,0.0,,
2025-11-19 11:10:24+00:00,2025-11-19 11:10:24,,,,,,,,,,17.6812496,0.0,970.0,1084.44373,0.0,,,11.3,0.0,9.59,,,0.0,,
2025-11-19 11:10:25+00:00,2025-11-19 11:10:25,20.0,20.0,20.0,20.0,20.0,,2.0,FALLBACK,Fallback Hz 사용: 20.0Hz (essential_range_violation),17.6812496,0.0,970.0,1084.44373,0.0,,,11.3,0.0,9.59,,,0.0,,
2025-11-19 11:10:26+00:00,2025-11-19 11:10:26,,,,,,,,,,17.6812496,0.0,969.0,1085.25623,0.0,,,11.3,0.0,9.59,,,0.0,,
2025-11-19 11:10:27+00:00,2025-11-19 11:10:27,,,,,,,,,,17.6812496,0.0,969.0,1085.25623,0.0,,,11.3,0.0,9.59,,,0.0,,
2025-11-19 11:10:28+00:00,2025-11-19 11:10:28,,,,,,,,,,17.6812496,0.0,970.0,1084.11877,0.0,,,11.3,0.0,9.59,,,0.0,,
2025-11-19 11:10:29+00:00,2025-11-19 11:10:29,,,,,,,,,,17.6812496,0.0,969.0,1083.38745,0.0,,,11.3,0.0,9.59,,,0.0,,
2025-11-19 11:10:30+00:00,2025-11-19 11:10:30,20.0,20.0,20.0,20.0,20.0,,2.0,FALLBACK,Fallback Hz 사용: 20.0Hz (essential_range_violation),17.6812496,0.0,969.0,1083.38745,0.0,,,11.3,0.0,9.59,,,0.0,,
2025-11-19 11:10:31+00:00,2025-11-19 11:10:31,,,,,,,,,,17.6812496,0.0,970.0,1083.38745,0.0,,,11.3,0.0,9.59,,,0.0,,
2025-11-19 11:10:32+00:00,2025-11-19 11:10:32,,,,,,,,,,17.6812496,0.0,970.0,1082.25,0.0,,,11.3,0.0,9.59,,,0.0,,
2025-11-19 11:10:33+00:00,2025-11-19 11:10:33,,,,,,,,,,17.6812496,0.0,970.0,1082.25,0.0,,,11.3,0.0,9.59,,,0.0,,
2025-11-19 11:10:34+00:00,2025-11-19 11:10:34,,,,,,,,,,17.6812496,0.0,970.0,1081.68127,0.0,,,11.3,0.0,9.59,,,0.0,,
2025-11-19 11:10:35+00:00,2025-11-19 11:10:35,20.0,20.0,20.0,20.0,20.0,,2.0,FALLBACK,Fallback Hz 사용: 20.0Hz (essential_range_violation),17.6812496,0.0,970.0,1081.4375,0.0,,,11.3,0.0,9.59,,,0.0,,
2025-11-19 11:10:36+00:00,2025-11-19 11:10:36,,,,,,,,,,17.6812496,0.0,970.0,1081.4375,0.0,,,11.3,0.0,9.59,,,0.0,,
2025-11-19 11:10:37+00:00,2025-11-19 11:10:37,,,,,,,,,,17.6812496,0.0,969.0,1079.8125,0.0,,,11.3,0.0,9.59,,,0.0,,
2025-11-19 11:10:38+00:00,2025-11-19 11:10:38,,,,,,,,,,17.6812496,0.0,968.0,1080.625,0.0,,,11.3,0.0,9.59,,,0.0,,
2025-11-19 11:10:39+00:00,2025-11-19 11:10:39,,,,,,,,,,17.6812496,0.0,968.0,1080.625,0.0,,,11.3,0.0,9.59,,,0.0,,
2025-11-19 11:10:40+00:00,2025-11-19 11:10:40,20.0,20.0,20.0,20.0,20.0,,2.0,FALLBACK,Fallback Hz 사용: 20.0Hz (essential_range_violation),17.6812496,0.0,968.0,1078.1875,0.0,,,11.3,0.0,9.59,,,0.0,,
2025-11-19 11:10:41+00:00,2025-11-19 11:10:41,,,,,,,,,,17.6812496,0.0,968.0,1079.0813,0.0,,,11.3,0.0,9.59,,,0.0,,
2025-11-19 11:10:42+00:00,2025-11-19 11:10:42,,,,,,,,,,17.6812496,0.0,969.0,1079.24377,0.0,,,11.3,0.0,9.59,,,0.0,,
2025-11-19 11:10:43+00:00,2025-11-19 11:10:43,,,,,,,,,,17.6812496,0.0,969.0,1079.24377,0.0,,,11.3,0.0,9.59,,,0.0,,
2025-11-19 11:10:44+00:00,2025-11-19 11:10:44,,,,,,,,,,17.6812496,0.0,968.0,1078.9187,0.0,,,11.3,0.0,9.59,,,0.0,,
2025-11-19 11:10:45+00:00,2025-11-19 11:10:45,20.0,20.0,20.0,20.0,20.0,,2.0,FALLBACK,Fallback Hz 사용: 20.0Hz (essential_range_violation),17.6812496,0.0,968.0,1078.9187,0.0,,,11.3,0.0,9.59,,,0.0,,
2025-11-19 11:10:46+00:00,2025-11-19 11:10:46,,,,,,,,,,17.6812496,0.0,968.0,1077.94373,0.0,,,11.3,0.0,9.59,,,0.0,,
2025-11-19 11:10:47+00:00,2025-11-19 11:10:47,,,,,,,,,,17.6812496,0.0,968.0,1077.94373,0.0,,,11.3,0.0,9.59,,,0.0,,
2025-11-19 11:10:48+00:00,2025-11-19 11:10:48,,,,,,,,,,17.6812496,0.0,968.0,1078.59375,0.0,,,11.3,0.0,9.59,,,0.0,,
2025-11-19 11:10:49+00:00,2025-11-19 11:10:49,,,,,,,,,,17.6812496,0.0,968.0,1078.59375,0.0,,,11.3,0.0,9.59,,,0.0,,
2025-11-19 11:10:50+00:00,2025-11-19 11:10:50,20.0,20.0,20.0,20.0,20.0,,2.0,FALLBACK,Fallback Hz 사용: 20.0Hz (essential_range_violation),17.6812496,0.0,969.0,1078.9187,0.0,,,11.3,0.0,9.59,,,0.0,,
2025-11-19 11:10:51+00:00,2025-11-19 11:10:51,,,,,,,,,,17.6812496,0.0,967.0,1077.13123,0.0,,,11.3,0.0,9.59,,,0.0,,
2025-11-19 11:10:52+00:00,2025-11-19 11:10:52,,,,,,,,,,17.6812496,0.0,967.0,1077.13123,0.0,,,11.3,0.0,9.59,,,0.0,,
2025-11-19 11:10:53+00:00,2025-11-19 11:10:53,,,,,,,,,,17.6812496,0.0,968.0,1077.4563,0.0,,,11.3,0.0,9.59,,,0.0,,
2025-11-19 11:10:54+00:00,2025-11-19 11:10:54,,,,,,,,,,17.6812496,0.0,968.0,1077.4563,0.0,,,11.3,0.0,9.59,,,0.0,,
2025-11-19 11:10:55+00:00,2025-11-19 11:10:55,20.0,20.0,20.0,20.0,20.0,,2.0,FALLBACK,Fallback Hz 사용: 20.0Hz (essential_range_violation),17.6812496,0.0,968.0,1077.4563,0.0,,,11.3,0.0,9.59,,,0.0,,
2025-11-19 11:10:56+00:00,2025-11-19 11:10:56,,,,,,,,,,17.6812496,0.0,968.0,1074.69373,0.0,,,11.3,0.0,9.59,,,0.0,,
2025-11-19 11:10:57+00:00,2025-11-19 11:10:57,,,,,,,,,,17.6812496,0.0,969.0,1074.69373,0.0,,,11.3,0.0,9.59,,,0.0,,
2025-11-19 11:10:58+00:00,2025-11-19 11:10:58,,,,,,,,,,17.6812496,0.0,969.0,1074.77502,0.0,,,11.3,0.0,9.59,,,0.0,,
2025-11-19 11:10:59+00:00,2025-11-19 11:10:59,,,,,,,,,,17.6812496,0.0,969.0,1075.50623,0.0,,,11.3,0.0,9.59,,,0.0,,
2025-11-19 11:11:00+00:00,2025-11-19 11:11:00,20.0,20.0,20.0,20.0,20.0,,2.0,FALLBACK,Fallback Hz 사용: 20.0Hz (essential_range_violation),17.6812496,0.0,969.0,1075.50623,0.0,,,11.3,0.0,9.59,,,0.0,,
2025-11-19 11:11:01+00:00,2025-11-19 11:11:01,,,,,,,,,,17.6812496,0.0,969.0,1075.09998,0.0,,,11.3,0.0,9.59,,,0.0,,
2025-11-19 11:11:02+00:00,2025-11-19 11:11:02,,,,,,,,,,17.6812496,0.0,969.0,1074.0437,0.0,,,11.3,0.0,9.59,,,0.0,,
2025-11-19 11:11:03+00:00,2025-11-19 11:11:03,,,,,,,,,,17.6812496,0.0,969.0,1074.0437,0.0,,,11.3,0.0,9.59,,,0.0,,
2025-11-19 11:11:04+00:00,2025-11-19 11:11:04,,,,,,,,,,17.6812496,0.0,968.0,1073.63745,0.0,,,11.3,0.0,9.59,,,0.0,,
2025-11-19 11:11:05+00:00,2025-11-19 11:11:05,20.0,20.0,20.0,20.0,20.0,,2.0,FALLBACK,Fallback Hz 사용: 20.0Hz (essential_range_violation),17.6812496,0.0,968.0,1072.74377,0.0,,,11.3,0.0,9.59,,,0.0,,
2025-11-19 11:11:06+00:00,2025-11-19 11:11:06,,,,,,,,,,17.6812496,0.0,968.0,1072.74377,0.0,,,11.3,0.0,9.59,,,0.0,,
2025-11-19 11:11:07+00:00,2025-11-19 11:11:07,,,,,,,,,,17.6812496,0.0,969.0,1072.33752,0.0,,,11.3,0.0,9.59,,,0.0,,
2025-11-19 11:11:08+00:00,2025-11-19 11:11:08,,,,,,,,,,17.6812496,0.0,969.0,1072.09375,0.0,,,11.3,0.0,9.59,,,0.0,,
2025-11-19 11:11:09+00:00,2025-11-19 11:11:09,,,,,,,,,,17.6812496,0.0,969.0,1072.09375,0.0,,,11.3,0.0,9.59,,,0.0,,
2025-11-19 11:11:10+00:00,2025-11-19 11:11:10,20.0,20.0,20.0,20.0,20.0,,2.0,FALLBACK,Fallback Hz 사용: 20.0Hz (essential_range_violation),17.6812496,0.0,969.0,1072.5,0.0,,,11.3,0.0,9.59,,,0.0,,
2025-11-19 11:11:12+00:00,2025-11-19 11:11:12,,,,,,,,,,17.6812496,0.0,969.0,1072.5,0.0,,,11.3,0.0,9.59,,,0.0,,
2025-11-19 11:11:13+00:00,2025-11-19 11:11:13,,,,,,,,,,17.6812496,0.0,967.0,1071.6062,0.0,,,11.3,0.0,9.59,,,0.0,,
2025-11-19 11:11:14+00:00,2025-11-19 11:11:14,,,,,,,,,,17.6812496,0.0,967.0,1071.6062,0.0,,,11.3,0.0,9.59,,,0.0,,
2025-11-19 11:11:15+00:00,2025-11-19 11:11:15,20.0,20.0,20.0,20.0,20.0,,2.0,FALLBACK,Fallback Hz 사용: 20.0Hz (essential_range_violation),17.6812496,0.0,968.0,1072.82495,0.0,,,11.3,0.0,9.59,,,0.0,,
2025-11-19 11:11:16+00:00,2025-11-19 11:11:16,,,,,,,,,,17.6812496,0.0,968.0,1072.82495,0.0,,,11.3,0.0,9.59,,,0.0,,
2025-11-19 11:11:17+00:00,2025-11-19 11:11:17,,,,,,,,,,17.6812496,0.0,968.0,1072.82495,0.0,,,11.3,0.0,9.59,,,0.0,,
2025-11-19 11:11:18+00:00,2025-11-19 11:11:18,,,,,,,,,,17.6812496,0.0,968.0,1072.5,0.0,,,11.3,0.0,9.59,,,0.0,,
2025-11-19 11:11:19+00:00,2025-11-19 11:11:19,,,,,,,,,,17.6812496,0.0,971.0,1071.6875,0.0,,,11.3,0.0,9.59,,,0.0,,
2025-11-19 11:11:20+00:00,2025-11-19 11:11:20,20.0,20.0,20.0,20.0,20.0,,2.0,FALLBACK,Fallback Hz 사용: 20.0Hz (essential_range_violation),17.6812496,0.0,971.0,1071.6875,0.0,,,11.3,0.0,9.59,,,0.0,,
2025-11-19 11:11:21+00:00,2025-11-19 11:11:21,,,,,,,,,,17.6812496,0.0,969.0,1071.84998,0.0,,,11.3,0.0,9.59,,,0.0,,
2025-11-19 11:11:22+00:00,2025-11-19 11:11:22,,,,,,,,,,17.6812496,0.0,969.0,1071.84998,0.0,,,11.3,0.0,9.59,,,0.0,,
2025-11-19 11:11:23+00:00,2025-11-19 11:11:23,,,,,,,,,,17.6812496,0.0,970.0,1071.7688,0.0,,,11.3,0.0,9.59,,,0.0,,
2025-11-19 11:11:24+00:00,2025-11-19 11:11:24,,,,,,,,,,17.6812496,0.0,970.0,1071.52502,0.0,,,11.3,0.0,9.59,,,0.0,,
2025-11-19 11:11:25+00:00,2025-11-19 11:11:25,20.0,20.0,20.0,20.0,20.0,,2.0,FALLBACK,Fallback Hz 사용: 20.0Hz (essential_range_violation),17.6812496,0.0,970.0,1071.52502,0.0,,,11.3,0.0,9.59,,,0.0,,
2025-11-19 11:11:26+00:00,2025-11-19 11:11:26,,,,,,,,,,17.6812496,0.0,970.0,1072.66248,0.0,,,11.3,0.0,9.59,,,0.0,,
2025-11-19 11:11:27+00:00,2025-11-19 11:11:27,,,,,,,,,,17.6812496,0.0,970.0,1071.28125,0.0,,,11.3,0.0,9.59,,,0.0,,
2025-11-19 11:11:28+00:00,2025-11-19 11:11:28,,,,,,,,,,17.6812496,0.0,970.0,1071.28125,0.0,,,11.3,0.0,9.59,,,0.0,,
2025-11-19 11:11:29+00:00,2025-11-19 11:11:29,,,,,,,,,,17.6812496,0.0,970.0,1072.66248,0.0,,,11.3,0.0,9.59,,,0.0,,
2025-11-19 11:11:30+00:00,2025-11-19 11:11:30,20.0,20.0,20.0,20.0,20.0,,2.0,FALLBACK,Fallback Hz 사용: 20.0Hz (essential_range_violation),17.6812496,0.0,970.0,1072.66248,0.0,,,11.3,0.0,9.59,,,0.0,,
2025-11-19 11:11:31+00:00,2025-11-19 11:11:31,,,,,,,,,,17.6812496,0.0,970.0,1071.93127,0.0,,,11.3,0.0,9.59,,,0.0,,
2025-11-19 11:11:32+00:00,2025-11-19 11:11:32,,,,,,,,,,17.6812496,0.0,970.0,1071.93127,0.0,,,11.3,0.0,9.59,,,0.0,,
2025-11-19 11:11:33+00:00,2025-11-19 11:11:33,,,,,,,,,,17.6812496,0.0,971.0,1072.5,0.0,,,11.3,0.0,9.59,,,0.0,,
2025-11-19 11:11:34+00:00,2025-11-19 11:11:34,,,,,,,,,,17.6812496,0.0,971.0,1072.5,0.0,,,11.3,0.0,9.59,,,0.0,,
2025-11-19 11:11:35+00:00,2025-11-19 11:11:35,20.0,20.0,20.0,20.0,20.0,,2.0,FALLBACK,Fallback Hz 사용: 20.0Hz (essential_range_violation),17.6812496,0.0,971.0,1074.44995,0.0,,,11.3,0.0,9.59,,,0.0,,
2025-11-19 11:11:36+00:00,2025-11-19 11:11:36,,,,,,,,,,17.6812496,0.0,971.0,1074.44995,0.0,,,11.3,0.0,9.59,,,0.0,,
2025-11-19 11:11:37+00:00,2025-11-19 11:11:37,,,,,,,,,,17.6812496,0.0,971.0,1074.0437,0.0,,,11.3,0.0,9.59,,,0.0,,
2025-11-19 11:11:38+00:00,2025-11-19 11:11:38,,,,,,,,,,17.6812496,0.0,972.0,1074.36877,0.0,,,11.3,0.0,9.59,,,0.0,,
2025-11-19 11:11:39+00:00,2025-11-19 11:11:39,,,,,,,,,,17.6812496,0.0,972.0,1074.36877,0.0,,,11.3,0.0,9.59,,,0.0,,
2025-11-19 11:11:40+00:00,2025-11-19 11:11:40,20.0,20.0,20.0,20.0,20.0,,2.0,FALLBACK,Fallback Hz 사용: 20.0Hz (essential_range_violation),17.6812496,0.0,972.0,1074.36877,0.0,,,11.3,0.0,9.59,,,0.0,,
2025-11-19 11:11:41+00:00,2025-11-19 11:11:41,,,,,,,,,,17.6812496,0.0,973.0,1074.36877,0.0,,,11.3,0.0,9.59,,,0.0,,
2025-11-19 11:11:42+00:00,2025-11-19 11:11:42,,,,,,,,,,17.6812496,0.0,973.0,1075.99377,0.0,,,11.3,0.0,9.59,,,0.0,,
2025-11-19 11:11:43+00:00,2025-11-19 11:11:43,,,,,,,,,,17.6812496,0.0,972.0,1075.34375,0.0,,,11.3,0.0,9.59,,,0.0,,
2025-11-19 11:11:44+00:00,2025-11-19 11:11:44,,,,,,,,,,17.6812496,0.0,972.0,1075.34375,0.0,,,11.3,0.0,9.59,,,0.0,,
2025-11-19 11:11:45+00:00,2025-11-19 11:11:45,20.0,20.0,20.0,20.0,20.0,,2.0,FALLBACK,Fallback Hz 사용: 20.0Hz (essential_range_violation),17.6812496,0.0,972.0,1075.0188,0.0,,,11.3,0.0,9.59,,,0.0,,
2025-11-19 11:11:46+00:00,2025-11-19 11:11:46,,,,,,,,,,17.6812496,0.0,973.0,1077.2937,0.0,,,11.3,0.0,9.59,,,0.0,,
2025-11-19 11:11:47+00:00,2025-11-19 11:11:47,,,,,,,,,,17.6812496,0.0,972.0,1076.5625,0.0,,,11.3,0.0,9.59,,,0.0,,
2025-11-19 11:11:48+00:00,2025-11-19 11:11:48,,,,,,,,,,17.6812496,0.0,972.0,1076.5625,0.0,,,11.3,0.0,9.59,,,0.0,,
2025-11-19 11:11:49+00:00,2025-11-19 11:11:49,,,,,,,,,,17.6812496,0.0,973.0,1078.67505,0.0,,,11.3,0.0,9.59,,,0.0,,
2025-11-19 11:11:50+00:00,2025-11-19 11:11:50,20.0,20.0,20.0,20.0,20.0,,2.0,FALLBACK,Fallback Hz 사용: 20.0Hz (essential_range_violation),17.6812496,0.0,974.0,1078.1062,0.0,,,11.3,0.0,9.59,,,0.0,,
2025-11-19 11:11:51+00:00,2025-11-19 11:11:51,,,,,,,,,,17.6812496,0.0,974.0,1078.1062,0.0,,,11.3,0.0,9.59,,,0.0,,
2025-11-19 11:11:52+00:00,2025-11-19 11:11:52,,,,,,,,,,17.6812496,0.0,975.0,1078.2688,0.0,,,11.3,0.0,9.59,,,0.0,,
2025-11-19 11:11:53+00:00,2025-11-19 11:11:53,,,,,,,,,,17.6812496,0.0,975.0,1078.2688,0.0,,,11.3,0.0,9.59,,,0.0,,
2025-11-19 11:11:54+00:00,2025-11-19 11:11:54,,,,,,,,,,17.6812496,0.0,974.0,1078.51245,0.0,,,11.3,0.0,9.59,,,0.0,,
2025-11-19 11:11:55+00:00,2025-11-19 11:11:55,20.0,20.0,20.0,20.0,20.0,,2.0,FALLBACK,Fallback Hz 사용: 20.0Hz (essential_range_violation),17.6812496,0.0,974.0,1078.43127,0.0,,,11.3,0.0,9.59,,,0.0,,
2025-11-19 11:11:56+00:00,2025-11-19 11:11:56,,,,,,,,,,17.6812496,0.0,974.0,1078.43127,0.0,,,11.3,0.0,9.59,,,0.0,,
2025-11-19 11:11:57+00:00,2025-11-19 11:11:57,,,,,,,,,,17.6812496,0.0,974.0,1080.21875,0.0,,,11.3,0.0,9.59,,,0.0,,
2025-11-19 11:11:58+00:00,2025-11-19 11:11:58,,,,,,,,,,17.6812496,0.0,974.0,1080.13745,0.0,,,11.3,0.0,9.59,,,0.0,,
2025-11-19 11:11:59+00:00,2025-11-19 11:11:59,,,,,,,,,,17.6812496,0.0,974.0,1080.13745,0.0,,,11.3,0.0,9.59,,,0.0,,
2025-11-19 11:12:00+00:00,2025-11-19 11:12:00,20.0,20.0,20.0,20.0,20.0,,2.0,FALLBACK,Fallback Hz 사용: 20.0Hz (essential_range_violation),17.6812496,0.0,974.0,1082.00623,0.0,,,11.3,0.0,9.59,,,0.0,,
2025-11-19 11:12:01+00:00,2025-11-19 11:12:01,,,,,,,,,,17.6812496,0.0,974.0,1082.00623,0.0,,,11.3,0.0,9.59,,,0.0,,
2025-11-19 11:12:02+00:00,2025-11-19 11:12:02,,,,,,,,,,17.6812496,0.0,974.0,1084.11877,0.0,,,11.3,0.0,9.59,,,0.0,,
2025-11-19 11:12:03+00:00,2025-11-19 11:12:03,,,,,,,,,,17.6812496,0.0,974.0,1084.11877,0.0,,,11.3,0.0,9.59,,,0.0,,
2025-11-19 11:12:04+00:00,2025-11-19 11:12:04,,,,,,,,,,17.6812496,0.0,974.0,1085.82495,0.0,,,11.3,0.0,9.59,,,0.0,,
2025-11-19 11:12:05+00:00,2025-11-19 11:12:05,20.0,20.0,20.0,20.0,20.0,,2.0,FALLBACK,Fallback Hz 사용: 20.0Hz (essential_range_violation),17.6812496,0.0,974.0,1084.6875,0.0,,,11.3,0.0,9.59,,,0.0,,
2025-11-19 11:12:06+00:00,2025-11-19 11:12:06,,,,,,,,,,17.6812496,0.0,974.0,1084.6875,0.0,,,11.3,0.0,9.59,,,0.0,,
2025-11-19 11:12:07+00:00,2025-11-19 11:12:07,,,,,,,,,,17.6812496,0.0,974.0,1084.93127,0.0,,,11.3,0.0,9.59,,,0.0,,
2025-11-19 11:12:08+00:00,2025-11-19 11:12:08,,,,,,,,,,17.6812496,0.0,974.0,1084.93127,0.0,,,11.3,0.0,9.59,,,0.0,,
2025-11-19 11:12:09+00:00,2025-11-19 11:12:09,,,,,,,,,,17.6812496,0.0,974.0,1084.84998,0.0,,,11.3,0.0,9.59,,,0.0,,
2025-11-19 11:12:10+00:00,2025-11-19 11:12:10,20.0,20.0,20.0,20.0,20.0,,2.0,FALLBACK,Fallback Hz 사용: 20.0Hz (essential_range_violation),17.6812496,0.0,974.0,1086.3938,0.0,,,11.3,0.0,9.59,,,0.0,,
2025-11-19 11:12:11+00:00,2025-11-19 11:12:11,,,,,,,,,,17.6812496,0.0,974.0,1086.3938,0.0,,,11.3,0.0,9.59,,,0.0,,
2025-11-19 11:12:12+00:00,2025-11-19 11:12:12,,,,,,,,,,17.6812496,0.0,977.0,1087.44995,0.0,,,11.3,0.0,9.59,,,0.0,,
2025-11-19 11:12:13+00:00,2025-11-19 11:12:13,,,,,,,,,,17.6812496,0.0,976.0,1087.8562,0.0,,,11.3,0.0,9.59,,,0.0,,
2025-11-19 11:12:14+00:00,2025-11-19 11:12:14,,,,,,,,,,17.6812496,0.0,976.0,1087.9375,0.0,,,11.3,0.0,9.59,,,0.0,,
2025-11-19 11:12:15+00:00,2025-11-19 11:12:15,20.0,20.0,20.0,20.0,20.0,,2.0,FALLBACK,Fallback Hz 사용: 20.0Hz (essential_range_violation),17.6812496,0.0,976.0,1088.34375,0.0,,,11.3,0.0,9.59,,,0.0,,
2025-11-19 11:12:16+00:00,2025-11-19 11:12:16,,,,,,,,,,17.6812496,0.0,976.0,1088.50623,0.0,,,11.3,0.0,9.59,,,0.0,,
2025-11-19 11:12:17+00:00,2025-11-19 11:12:17,,,,,,,,,,17.6812496,0.0,976.0,1088.50623,0.0,,,11.3,0.0,9.59,,,0.0,,
2025-11-19 11:12:18+00:00,2025-11-19 11:12:18,,,,,,,,,,17.6812496,0.0,977.0,1090.05005,0.0,,,11.3,0.0,9.59,,,0.0,,
2025-11-19 11:12:19+00:00,2025-11-19 11:12:19,,,,,,,,,,17.6812496,0.0,977.0,1090.05005,0.0,,,11.3,0.0,9.59,,,0.0,,
2025-11-19 11:12:20+00:00,2025-11-19 11:12:20,20.0,20.0,20.0,20.0,20.0,,2.0,FALLBACK,Fallback Hz 사용: 20.0Hz (essential_range_violation),17.6812496,0.0,975.0,1092.24377,0.0,,,11.3,0.0,9.59,,,0.0,,
2025-11-19 11:12:21+00:00,2025-11-19 11:12:21,,,,,,,,,,17.6812496,0.0,975.0,1092.24377,0.0,,,11.3,0.0,9.59,,,0.0,,
2025-11-19 11:12:22+00:00,2025-11-19 11:12:22,,,,,,,,,,17.6812496,0.0,976.0,1092.24377,0.0,,,11.3,0.0,9.59,,,0.0,,
2025-11-19 11:12:23+00:00,2025-11-19 11:12:23,,,,,,,,,,17.6812496,0.0,976.0,1092.24377,0.0,,,11.3,0.0,9.59,,,0.0,,
2025-11-19 11:12:24+00:00,2025-11-19 11:12:24,,,,,,,,,,17.6812496,0.0,976.0,1091.9187,0.0,,,11.3,0.0,9.59,,,0.0,,
2025-11-19 11:12:25+00:00,2025-11-19 11:12:25,20.0,20.0,20.0,20.0,20.0,,2.0,FALLBACK,Fallback Hz 사용: 20.0Hz (essential_range_violation),17.6812496,0.0,976.0,1091.9187,0.0,,,11.3,0.0,9.59,,,0.0,,
2025-11-19 11:12:26+00:00,2025-11-19 11:12:26,,,,,,,,,,17.6812496,0.0,977.0,1091.1875,0.0,,,11.3,0.0,9.59,,,0.0,,
2025-11-19 11:12:27+00:00,2025-11-19 11:12:27,,,,,,,,,,17.6812496,0.0,977.0,1091.1875,0.0,,,11.3,0.0,9.59,,,0.0,,
2025-11-19 11:12:28+00:00,2025-11-19 11:12:28,,,,,,,,,,17.6812496,0.0,976.0,1092.65002,0.0,,,11.3,0.0,9.59,,,0.0,,
2025-11-19 11:12:29+00:00,2025-11-19 11:12:29,,,,,,,,,,17.6812496,0.0,976.0,1092.65002,0.0,,,11.3,0.0,9.59,,,0.0,,
2025-11-19 11:12:30+00:00,2025-11-19 11:12:30,20.0,20.0,20.0,20.0,20.0,,2.0,FALLBACK,Fallback Hz 사용: 20.0Hz (essential_range_violation),17.6812496,0.0,977.0,1094.27502,0.0,,,11.3,0.0,9.59,,,0.0,,
2025-11-19 11:12:31+00:00,2025-11-19 11:12:31,,,,,,,,,,17.6812496,0.0,976.0,1094.4375,0.0,,,11.3,0.0,9.59,,,0.0,,
2025-11-19 11:12:32+00:00,2025-11-19 11:12:32,,,,,,,,,,17.6812496,0.0,976.0,1094.4375,0.0,,,11.3,0.0,9.59,,,0.0,,
2025-11-19 11:12:33+00:00,2025-11-19 11:12:33,,,,,,,,,,17.6812496,0.0,978.0,1095.81873,0.0,,,11.3,0.0,9.59,,,0.0,,
2025-11-19 11:12:34+00:00,2025-11-19 11:12:34,,,,,,,,,,17.6812496,0.0,978.0,1095.81873,0.0,,,11.3,0.0,9.59,,,0.0,,
2025-11-19 11:12:35+00:00,2025-11-19 11:12:35,20.0,20.0,20.0,20.0,20.0,,2.0,FALLBACK,Fallback Hz 사용: 20.0Hz (essential_range_violation),17.6812496,0.0,978.0,1098.25623,0.0,,,11.3,0.0,9.59,,,0.0,,
2025-11-19 11:12:36+00:00,2025-11-19 11:12:36,,,,,,,,,,17.6812496,0.0,977.0,1097.6062,0.0,,,11.3,0.0,9.59,,,0.0,,
2025-11-19 11:12:37+00:00,2025-11-19 11:12:37,,,,,,,,,,17.6812496,0.0,977.0,1097.52502,0.0,,,11.3,0.0,9.59,,,0.0,,
2025-11-19 11:12:38+00:00,2025-11-19 11:12:38,,,,,,,,,,17.6812496,0.0,977.0,1097.52502,0.0,,,11.3,0.0,9.59,,,0.0,,
2025-11-19 11:12:39+00:00,2025-11-19 11:12:39,,,,,,,,,,17.6812496,0.0,979.0,1098.66248,0.0,,,11.3,0.0,9.59,,,0.0,,
2025-11-19 11:12:40+00:00,2025-11-19 11:12:40,20.0,20.0,20.0,20.0,20.0,,2.0,FALLBACK,Fallback Hz 사용: 20.0Hz (essential_range_violation),17.6812496,0.0,979.0,1098.66248,0.0,,,11.3,0.0,9.59,,,0.0,,
2025-11-19 11:12:41+00:00,2025-11-19 11:12:41,,,,,,,,,,17.6812496,0.0,978.0,1098.4187,0.0,,,11.3,0.0,9.59,,,0.0,,
2025-11-19 11:12:42+00:00,2025-11-19 11:12:42,,,,,,,,,,17.6812496,0.0,977.0,1100.2063,0.0,,,11.3,0.0,9.59,,,0.0,,
2025-11-19 11:12:43+00:00,2025-11-19 11:12:43,,,,,,,,,,17.6812496,0.0,977.0,1100.2063,0.0,,,11.3,0.0,9.59,,,0.0,,
2025-11-19 11:12:44+00:00,2025-11-19 11:12:44,,,,,,,,,,17.6812496,0.0,978.0,1100.125,0.0,,,11.3,0.0,9.59,,,0.0,,
2025-11-19 11:12:45+00:00,2025-11-19 11:12:45,20.0,20.0,20.0,20.0,20.0,,2.0,FALLBACK,Fallback Hz 사용: 20.0Hz (essential_range_violation),17.6812496,0.0,978.0,1100.125,0.0,,,11.3,0.0,9.59,,,0.0,,
2025-11-19 11:12:46+00:00,2025-11-19 11:12:46,,,,,,,,,,17.6812496,0.0,978.0,1101.18127,0.0,,,11.3,0.0,9.59,,,0.0,,
2025-11-19 11:12:47+00:00,2025-11-19 11:12:47,,,,,,,,,,17.6812496,0.0,978.0,1101.18127,0.0,,,11.3,0.0,9.59,,,0.0,,
2025-11-19 11:12:48+00:00,2025-11-19 11:12:48,,,,,,,,,,17.6812496,0.0,979.0,1101.58752,0.0,,,11.3,0.0,9.59,,,0.0,,
2025-11-19 11:12:49+00:00,2025-11-19 11:12:49,,,,,,,,,,17.6812496,0.0,978.0,1100.9375,0.0,,,11.3,0.0,9.59,,,0.0,,
2025-11-19 11:12:50+00:00,2025-11-19 11:12:50,20.0,20.0,20.0,20.0,20.0,,2.0,FALLBACK,Fallback Hz 사용: 20.0Hz (essential_range_violation),17.6812496,0.0,978.0,1100.9375,0.0,,,11.3,0.0,9.59,,,0.0,,
2025-11-19 11:12:51+00:00,2025-11-19 11:12:51,,,,,,,,,,17.6812496,0.0,979.0,1101.34375,0.0,,,11.3,0.0,9.59,,,0.0,,
2025-11-19 11:12:53+00:00,2025-11-19 11:12:53,,,,,,,,,,17.6812496,0.0,979.0,1101.34375,0.0,,,11.3,0.0,9.59,,,0.0,,
2025-11-19 11:12:54+00:00,2025-11-19 11:12:54,,,,,,,,,,17.6812496,0.0,979.0,1102.6438,0.0,,,11.3,0.0,9.59,,,0.0,,
2025-11-19 11:12:55+00:00,2025-11-19 11:12:55,20.0,20.0,20.0,20.0,20.0,,2.0,FALLBACK,Fallback Hz 사용: 20.0Hz (essential_range_violation),17.6812496,0.0,980.0,1102.96875,0.0,,,11.3,0.0,9.59,,,0.0,,
2025-11-19 11:12:56+00:00,2025-11-19 11:12:56,,,,,,,,,,17.6812496,0.0,980.0,1102.96875,0.0,,,11.3,0.0,9.59,,,0.0,,
2025-11-19 11:12:57+00:00,2025-11-19 11:12:57,,,,,,,,,,17.6812496,0.0,980.0,1104.02502,0.0,,,11.3,0.0,9.59,,,0.0,,
2025-11-19 11:12:58+00:00,2025-11-19 11:12:58,,,,,,,,,,17.6812496,0.0,980.0,1104.02502,0.0,,,11.3,0.0,9.59,,,0.0,,
2025-11-19 11:12:59+00:00,2025-11-19 11:12:59,,,,,,,,,,17.6812496,0.0,979.0,1104.2688,0.0,,,11.3,0.0,9.59,,,0.0,,
2025-11-19 11:13:00+00:00,2025-11-19 11:13:00,20.0,20.0,20.0,20.0,20.0,,2.0,FALLBACK,Fallback Hz 사용: 20.0Hz (essential_range_violation),17.6812496,0.0,979.0,1104.2688,0.0,,,11.3,0.0,9.59,,,0.0,,
2025-11-19 11:13:01+00:00,2025-11-19 11:13:01,,,,,,,,,,17.6812496,0.0,980.0,1104.51245,0.0,,,11.3,0.0,9.59,,,0.0,,
2025-11-19 11:13:02+00:00,2025-11-19 11:13:02,,,,,,,,,,17.6812496,0.0,980.0,1105.24377,0.0,,,11.3,0.0,9.59,,,0.0,,
2025-11-19 11:13:03+00:00,2025-11-19 11:13:03,,,,,,,,,,17.6812496,0.0,980.0,1104.43127,0.0,,,11.3,0.0,9.59,,,0.0,,
2025-11-19 11:13:04+00:00,2025-11-19 11:13:04,,,,,,,,,,17.6812496,0.0,980.0,1104.43127,0.0,,,11.3,0.0,9.59,,,0.0,,
2025-11-19 11:13:05+00:00,2025-11-19 11:13:05,20.0,20.0,20.0,20.0,20.0,,2.0,FALLBACK,Fallback Hz 사용: 20.0Hz (essential_range_violation),17.6812496,0.0,980.0,1104.02502,0.0,,,11.3,0.0,9.59,,,0.0,,
2025-11-19 11:13:06+00:00,2025-11-19 11:13:06,,,,,,,,,,17.6812496,0.0,980.0,1104.67505,0.0,,,11.3,0.0,9.59,,,0.0,,
2025-11-19 11:13:07+00:00,2025-11-19 11:13:07,,,,,,,,,,17.6812496,0.0,980.0,1104.67505,0.0,,,11.3,0.0,9.59,,,0.0,,
2025-11-19 11:13:08+00:00,2025-11-19 11:13:08,,,,,,,,,,17.6812496,0.0,980.0,1105.0813,0.0,,,11.3,0.0,9.59,,,0.0,,
2025-11-19 11:13:09+00:00,2025-11-19 11:13:09,,,,,,,,,,17.6812496,0.0,979.0,1106.625,0.0,,,11.3,0.0,9.59,,,0.0,,
2025-11-19 11:13:10+00:00,2025-11-19 11:13:10,20.0,20.0,20.0,20.0,20.0,,2.0,FALLBACK,Fallback Hz 사용: 20.0Hz (essential_range_violation),17.6812496,0.0,979.0,1106.625,0.0,,,11.3,0.0,9.59,,,0.0,,
2025-11-19 11:13:11+00:00,2025-11-19 11:13:11,,,,,,,,,,17.6812496,0.0,979.0,1106.5437,0.0,,,11.3,0.0,9.59,,,0.0,,
2025-11-19 11:13:12+00:00,2025-11-19 11:13:12,,,,,,,,,,17.6812496,0.0,979.0,1106.38123,0.0,,,11.3,0.0,9.59,,,0.0,,
2025-11-19 11:13:13+00:00,2025-11-19 11:13:13,,,,,,,,,,17.6812496,0.0,979.0,1106.38123,0.0,,,11.3,0.0,9.59,,,0.0,,
2025-11-19 11:13:14+00:00,2025-11-19 11:13:14,,,,,,,,,,17.6812496,0.0,979.0,1107.5188,0.0,,,11.3,0.0,9.59,,,0.0,,
2025-11-19 11:13:15+00:00,2025-11-19 11:13:15,20.0,20.0,20.0,20.0,20.0,,2.0,FALLBACK,Fallback Hz 사용: 20.0Hz (essential_range_violation),17.6812496,0.0,978.0,1107.5188,0.0,,,11.3,0.0,9.59,,,0.0,,
2025-11-19 11:13:16+00:00,2025-11-19 11:13:16,,,,,,,,,,17.6812496,0.0,978.0,1107.5188,0.0,,,11.3,0.0,9.59,,,0.0,,
2025-11-19 11:13:17+00:00,2025-11-19 11:13:17,,,,,,,,,,17.6812496,0.0,978.0,1108.08752,0.0,,,11.3,0.0,9.59,,,0.0,,
2025-11-19 11:13:18+00:00,2025-11-19 11:13:18,,,,,,,,,,17.6812496,0.0,978.0,1108.08752,0.0,,,11.3,0.0,9.59,,,0.0,,
2025-11-19 11:13:19+00:00,2025-11-19 11:13:19,,,,,,,,,,17.6812496,0.0,977.0,1107.3562,0.0,,,11.3,0.0,9.59,,,0.0,,
2025-11-19 11:13:20+00:00,2025-11-19 11:13:20,20.0,20.0,20.0,20.0,20.0,,2.0,FALLBACK,Fallback Hz 사용: 20.0Hz (essential_range_violation),17.6812496,0.0,977.0,1107.3562,0.0,,,11.3,0.0,9.59,,,0.0,,
2025-11-19 11:13:21+00:00,2025-11-19 11:13:21,,,,,,,,,,17.6812496,0.0,979.0,1110.11877,0.0,,,11.3,0.0,9.59,,,0.0,,
2025-11-19 11:13:22+00:00,2025-11-19 11:13:22,,,,,,,,,,17.6812496,0.0,979.0,1110.11877,0.0,,,11.3,0.0,9.59,,,0.0,,
2025-11-19 11:13:23+00:00,2025-11-19 11:13:23,,,,,,,,,,17.6812496,0.0,978.0,1108.9812,0.0,,,11.3,0.0,9.59,,,0.0,,
2025-11-19 11:13:24+00:00,2025-11-19 11:13:24,,,,,,,,,,17.6812496,0.0,979.0,1109.7937,0.0,,,11.3,0.0,9.59,,,0.0,,
2025-11-19 11:13:25+00:00,2025-11-19 11:13:25,20.0,20.0,20.0,20.0,20.0,,2.0,FALLBACK,Fallback Hz 사용: 20.0Hz (essential_range_violation),17.6812496,0.0,979.0,1109.7937,0.0,,,11.3,0.0,9.59,,,0.0,,
2025-11-19 11:13:26+00:00,2025-11-19 11:13:26,,,,,,,,,,17.6812496,0.0,978.0,1109.7937,0.0,,,11.3,0.0,9.59,,,0.0,,
2025-11-19 11:13:27+00:00,2025-11-19 11:13:27,,,,,,,,,,17.6812496,0.0,978.0,1109.9563,0.0,,,11.3,0.0,9.59,,,0.0,,
2025-11-19 11:13:28+00:00,2025-11-19 11:13:28,,,,,,,,,,17.6812496,0.0,976.0,1109.9563,0.0,,,11.3,0.0,9.59,,,0.0,,
2025-11-19 11:13:29+00:00,2025-11-19 11:13:29,,,,,,,,,,17.6812496,0.0,975.0,1111.4187,0.0,,,11.3,0.0,9.59,,,0.0,,
2025-11-19 11:13:30+00:00,2025-11-19 11:13:30,20.0,20.0,20.0,20.0,20.0,,2.0,FALLBACK,Fallback Hz 사용: 20.0Hz (essential_range_violation),17.6812496,0.0,977.0,1111.5,0.0,,,11.3,0.0,9.59,,,0.0,,
2025-11-19 11:13:31+00:00,2025-11-19 11:13:31,,,,,,,,,,17.6812496,0.0,978.0,1110.6062,0.0,,,11.3,0.0,9.59,,,0.0,,
2025-11-19 11:13:32+00:00,2025-11-19 11:13:32,,,,,,,,,,17.6812496,0.0,976.0,1110.6875,0.0,,,11.3,0.0,9.59,,,0.0,,
2025-11-19 11:13:33+00:00,2025-11-19 11:13:33,,,,,,,,,,17.6812496,0.0,976.0,1110.6875,0.0,,,11.3,0.0,9.59,,,0.0,,
2025-11-19 11:13:34+00:00,2025-11-19 11:13:34,,,,,,,,,,17.6812496,0.0,976.0,1110.52502,0.0,,,11.3,0.0,9.59,,,0.0,,
2025-11-19 11:13:35+00:00,2025-11-19 11:13:35,20.0,20.0,20.0,20.0,20.0,,2.0,FALLBACK,Fallback Hz 사용: 20.0Hz (essential_range_violation),17.6812496,0.0,977.0,1110.84998,0.0,,,11.3,0.0,9.59,,,0.0,,
2025-11-19 11:13:36+00:00,2025-11-19 11:13:36,,,,,,,,,,17.6812496,0.0,977.0,1110.84998,0.0,,,11.3,0.0,9.59,,,0.0,,
2025-11-19 11:13:37+00:00,2025-11-19 11:13:37,,,,,,,,,,17.6812496,0.0,976.0,1110.6875,0.0,,,11.3,0.0,9.59,,,0.0,,
2025-11-19 11:13:38+00:00,2025-11-19 11:13:38,,,,,,,,,,17.6812496,0.0,976.0,1110.6875,0.0,,,11.3,0.0,9.59,,,0.0,,
2025-11-19 11:13:39+00:00,2025-11-19 11:13:39,,,,,,,,,,17.6812496,0.0,977.0,1110.6062,0.0,,,11.3,0.0,9.59,,,0.0,,
2025-11-19 11:13:40+00:00,2025-11-19 11:13:40,20.0,20.0,20.0,20.0,20.0,,2.0,FALLBACK,Fallback Hz 사용: 20.0Hz (essential_range_violation),17.6812496,0.0,977.0,1110.84998,0.0,,,11.3,0.0,9.59,,,0.0,,
2025-11-19 11:13:41+00:00,2025-11-19 11:13:41,,,,,,,,,,17.6812496,0.0,977.0,1110.84998,0.0,,,11.3,0.0,9.59,,,0.0,,
2025-11-19 11:13:42+00:00,2025-11-19 11:13:42,,,,,,,,,,17.6812496,0.0,976.0,1110.6875,0.0,,,11.3,0.0,9.59,,,0.0,,
2025-11-19 11:13:43+00:00,2025-11-19 11:13:43,,,,,,,,,,17.6812496,0.0,976.0,1110.6875,0.0,,,11.3,0.0,9.59,,,0.0,,
2025-11-19 11:13:44+00:00,2025-11-19 11:13:44,,,,,,,,,,17.6812496,0.0,976.0,1110.52502,0.0,,,11.3,0.0,9.59,,,0.0,,
2025-11-19 11:13:45+00:00,2025-11-19 11:13:45,20.0,20.0,20.0,20.0,20.0,,2.0,FALLBACK,Fallback Hz 사용: 20.0Hz (essential_range_violation),17.6812496,0.0,976.0,1110.52502,0.0,,,11.3,0.0,9.59,,,0.0,,
2025-11-19 11:13:46+00:00,2025-11-19 11:13:46,,,,,,,,,,17.6812496,0.0,976.0,1111.09375,0.0,,,11.3,0.0,9.59,,,0.0,,
2025-11-19 11:13:47+00:00,2025-11-19 11:13:47,,,,,,,,,,17.6812496,0.0,977.0,1111.5,0.0,,,11.3,0.0,9.59,,,0.0,,
2025-11-19 11:13:48+00:00,2025-11-19 11:13:48,,,,,,,,,,17.6812496,0.0,977.0,1111.5,0.0,,,11.3,0.0,9.59,,,0.0,,
2025-11-19 11:13:49+00:00,2025-11-19 11:13:49,,,,,,,,,,17.6812496,0.0,976.0,1111.09375,0.0,,,11.3,0.0,9.59,,,0.0,,
2025-11-19 11:13:50+00:00,2025-11-19 11:13:50,20.0,20.0,20.0,20.0,20.0,,2.0,FALLBACK,Fallback Hz 사용: 20.0Hz (essential_range_violation),17.6812496,0.0,977.0,1111.82495,0.0,,,11.3,0.0,9.59,,,0.0,,
2025-11-19 11:13:51+00:00,2025-11-19 11:13:51,,,,,,,,,,17.6812496,0.0,977.0,1110.93127,0.0,,,11.3,0.0,9.59,,,0.0,,
2025-11-19 11:13:52+00:00,2025-11-19 11:13:52,,,,,,,,,,17.6812496,0.0,976.0,1110.6062,0.0,,,11.3,0.0,9.59,,,0.0,,
2025-11-19 11:13:53+00:00,2025-11-19 11:13:53,,,,,,,,,,17.6812496,0.0,977.0,1110.36255,0.0,,,11.3,0.0,9.59,,,0.0,,
2025-11-19 11:13:54+00:00,2025-11-19 11:13:54,,,,,,,,,,17.6812496,0.0,977.0,1110.36255,0.0,,,11.3,0.0,9.59,,,0.0,,
2025-11-19 11:13:55+00:00,2025-11-19 11:13:55,20.0,20.0,20.0,20.0,20.0,,2.0,FALLBACK,Fallback Hz 사용: 20.0Hz (essential_range_violation),17.6812496,0.0,976.0,1111.82495,0.0,,,11.3,0.0,9.59,,,0.0,,
2025-11-19 11:13:56+00:00,2025-11-19 11:13:56,,,,,,,,,,17.6812496,0.0,976.0,1111.82495,0.0,,,11.3,0.0,9.59,,,0.0,,
2025-11-19 11:13:57+00:00,2025-11-19 11:13:57,,,,,,,,,,17.6812496,0.0,976.0,1110.6875,0.0,,,11.3,0.0,9.59,,,0.0,,
2025-11-19 11:13:58+00:00,2025-11-19 11:13:58,,,,,,,,,,17.6812496,0.0,977.0,1111.82495,0.0,,,11.3,0.0,9.59,,,0.0,,
2025-11-19 11:13:59+00:00,2025-11-19 11:13:59,,,,,,,,,,17.6812496,0.0,977.0,1111.82495,0.0,,,11.3,0.0,9.59,,,0.0,,
2025-11-19 11:14:00+00:00,2025-11-19 11:14:00,20.0,20.0,20.0,20.0,20.0,,2.0,FALLBACK,Fallback Hz 사용: 20.0Hz (essential_range_violation),17.6812496,0.0,977.0,1111.25623,0.0,,,11.3,0.0,9.59,,,0.0,,
2025-11-19 11:14:01+00:00,2025-11-19 11:14:01,,,,,,,,,,17.6812496,0.0,977.0,1111.25623,0.0,,,11.3,0.0,9.59,,,0.0,,
2025-11-19 11:14:02+00:00,2025-11-19 11:14:02,,,,,,,,,,17.6812496,0.0,977.0,1110.52502,0.0,,,11.3,0.0,9.59,,,0.0,,
2025-11-19 11:14:03+00:00,2025-11-19 11:14:03,,,,,,,,,,17.6812496,0.0,977.0,1111.5,0.0,,,11.3,0.0,9.59,,,0.0,,
2025-11-19 11:14:04+00:00,2025-11-19 11:14:04,,,,,,,,,,17.6812496,0.0,977.0,1111.09375,0.0,,,11.3,0.0,9.59,,,0.0,,
2025-11-19 11:14:05+00:00,2025-11-19 11:14:05,20.0,20.0,20.0,20.0,20.0,,2.0,FALLBACK,Fallback Hz 사용: 20.0Hz (essential_range_violation),17.6812496,0.0,977.0,1111.09375,0.0,,,11.3,0.0,9.59,,,0.0,,
2025-11-19 11:14:06+00:00,2025-11-19 11:14:06,,,,,,,,,,17.6812496,0.0,976.0,1111.5813,0.0,,,11.3,0.0,9.59,,,0.0,,
2025-11-19 11:14:07+00:00,2025-11-19 11:14:07,,,,,,,,,,17.6812496,0.0,976.0,1110.6875,0.0,,,11.3,0.0,9.59,,,0.0,,
2025-11-19 11:14:08+00:00,2025-11-19 11:14:08,,,,,,,,,,17.6812496,0.0,976.0,1110.6875,0.0,,,11.3,0.0,9.59,,,0.0,,
2025-11-19 11:14:09+00:00,2025-11-19 11:14:09,,,,,,,,,,17.6812496,0.0,976.0,1110.6875,0.0,,,11.3,0.0,9.59,,,0.0,,
2025-11-19 11:14:10+00:00,2025-11-19 11:14:10,20.0,20.0,20.0,20.0,20.0,,2.0,FALLBACK,Fallback Hz 사용: 20.0Hz (essential_range_violation),17.6812496,0.0,976.0,1111.01245,0.0,,,11.3,0.0,9.59,,,0.0,,
2025-11-19 11:14:11+00:00,2025-11-19 11:14:11,,,,,,,,,,17.6812496,0.0,976.0,1111.01245,0.0,,,11.3,0.0,9.59,,,0.0,,
2025-11-19 11:14:12+00:00,2025-11-19 11:14:12,,,,,,,,,,17.6812496,0.0,977.0,1111.66248,0.0,,,11.3,0.0,9.59,,,0.0,,
2025-11-19 11:14:13+00:00,2025-11-19 11:14:13,,,,,,,,,,17.6812496,0.0,976.0,1110.93127,0.0,,,11.3,0.0,9.59,,,0.0,,
2025-11-19 11:14:14+00:00,2025-11-19 11:14:14,,,,,,,,,,17.6812496,0.0,976.0,1110.93127,0.0,,,11.3,0.0,9.59,,,0.0,,
2025-11-19 11:14:15+00:00,2025-11-19 11:14:15,20.0,20.0,20.0,20.0,20.0,,2.0,FALLBACK,Fallback Hz 사용: 20.0Hz (essential_range_violation),17.6812496,0.0,977.0,1110.84998,0.0,,,11.3,0.0,9.59,,,0.0,,
2025-11-19 11:14:16+00:00,2025-11-19 11:14:16,,,,,,,,,,17.6812496,0.0,977.0,1110.84998,0.0,,,11.3,0.0,9.59,,,0.0,,
2025-11-19 11:14:17+00:00,2025-11-19 11:14:17,,,,,,,,,,17.6812496,0.0,977.0,1111.66248,0.0,,,11.3,0.0,9.59,,,0.0,,
2025-11-19 11:14:18+00:00,2025-11-19 11:14:18,,,,,,,,,,17.6812496,0.0,977.0,1111.66248,0.0,,,11.3,0.0,9.59,,,0.0,,
2025-11-19 11:14:19+00:00,2025-11-19 11:14:19,,,,,,,,,,17.6812496,0.0,977.0,1111.4187,0.0,,,11.3,0.0,9.59,,,0.0,,
2025-11-19 11:14:20+00:00,2025-11-19 11:14:20,20.0,20.0,20.0,20.0,20.0,,2.0,FALLBACK,Fallback Hz 사용: 20.0Hz (essential_range_violation),17.6812496,0.0,977.0,1111.4187,0.0,,,11.3,0.0,9.59,,,0.0,,
2025-11-19 11:14:21+00:00,2025-11-19 11:14:21,,,,,,,,,,17.6812496,0.0,977.0,1109.9563,0.0,,,11.3,0.0,9.59,,,0.0,,
2025-11-19 11:14:22+00:00,2025-11-19 11:14:22,,,,,,,,,,17.6812496,0.0,977.0,1109.9563,0.0,,,11.3,0.0,9.59,,,0.0,,
2025-11-19 11:14:23+00:00,2025-11-19 11:14:23,,,,,,,,,,17.6812496,0.0,977.0,1109.22498,0.0,,,11.3,0.0,9.59,,,0.0,,
2025-11-19 11:14:24+00:00,2025-11-19 11:14:24,,,,,,,,,,17.6812496,0.0,976.0,1109.22498,0.0,,,11.3,0.0,9.59,,,0.0,,
2025-11-19 11:14:25+00:00,2025-11-19 11:14:25,20.0,20.0,20.0,20.0,20.0,,2.0,FALLBACK,Fallback Hz 사용: 20.0Hz (essential_range_violation),17.6812496,0.0,976.0,1109.22498,0.0,,,11.3,0.0,9.59,,,0.0,,
2025-11-19 11:14:26+00:00,2025-11-19 11:14:26,,,,,,,,,,17.6812496,0.0,977.0,1108.90002,0.0,,,11.3,0.0,9.59,,,0.0,,
2025-11-19 11:14:27+00:00,2025-11-19 11:14:27,,,,,,,,,,17.6812496,0.0,976.0,1109.22498,0.0,,,11.3,0.0,9.59,,,0.0,,
2025-11-19 11:14:28+00:00,2025-11-19 11:14:28,,,,,,,,,,17.6812496,0.0,976.0,1109.22498,0.0,,,11.3,0.0,9.59,,,0.0,,
2025-11-19 11:14:29+00:00,2025-11-19 11:14:29,,,,,,,,,,17.6812496,0.0,977.0,1109.63123,0.0,,,11.3,0.0,9.59,,,0.0,,
2025-11-19 11:14:30+00:00,2025-11-19 11:14:30,20.0,20.0,20.0,20.0,20.0,,2.0,FALLBACK,Fallback Hz 사용: 20.0Hz (essential_range_violation),17.6812496,0.0,977.0,1109.63123,0.0,,,11.3,0.0,9.59,,,0.0,,
2025-11-19 11:14:31+00:00,2025-11-19 11:14:31,,,,,,,,,,17.6812496,0.0,976.0,1108.00623,0.0,,,11.3,0.0,9.59,,,0.0,,
2025-11-19 11:14:32+00:00,2025-11-19 11:14:32,,,,,,,,,,17.6812496,0.0,977.0,1107.68127,0.0,,,11.3,0.0,9.59,,,0.0,,
2025-11-19 11:14:33+00:00,2025-11-19 11:14:33,,,,,,,,,,17.6812496,0.0,976.0,1107.4375,0.0,,,11.3,0.0,9.59,,,0.0,,
2025-11-19 11:14:34+00:00,2025-11-19 11:14:34,,,,,,,,,,17.6812496,0.0,976.0,1108.41248,0.0,,,11.3,0.0,9.59,,,0.0,,
2025-11-19 11:14:35+00:00,2025-11-19 11:14:35,20.0,20.0,20.0,20.0,20.0,,2.0,FALLBACK,Fallback Hz 사용: 20.0Hz (essential_range_violation),17.6812496,0.0,976.0,1108.41248,0.0,,,11.3,0.0,9.59,,,0.0,,
2025-11-19 11:14:36+00:00,2025-11-19 11:14:36,,,,,,,,,,17.6812496,0.0,976.0,1108.41248,0.0,,,11.3,0.0,9.59,,,0.0,,
2025-11-19 11:14:38+00:00,2025-11-19 11:14:38,,,,,,,,,,17.6812496,0.0,976.0,1107.3562,0.0,,,11.3,0.0,9.59,,,0.0,,
2025-11-19 11:14:39+00:00,2025-11-19 11:14:39,,,,,,,,,,17.6812496,0.0,976.0,1107.76245,0.0,,,11.3,0.0,9.59,,,0.0,,
2025-11-19 11:14:40+00:00,2025-11-19 11:14:40,20.0,20.0,20.0,20.0,20.0,,2.0,FALLBACK,Fallback Hz 사용: 20.0Hz (essential_range_violation),17.6812496,0.0,976.0,1107.76245,0.0,,,11.3,0.0,9.59,,,0.0,,
2025-11-19 11:14:41+00:00,2025-11-19 11:14:41,,,,,,,,,,17.6812496,0.0,977.0,1105.8125,0.0,,,11.3,0.0,9.59,,,0.0,,
2025-11-19 11:14:42+00:00,2025-11-19 11:14:42,,,,,,,,,,17.6812496,0.0,977.0,1105.8125,0.0,,,11.3,0.0,9.59,,,0.0,,
2025-11-19 11:14:43+00:00,2025-11-19 11:14:43,,,,,,,,,,17.6812496,0.0,977.0,1106.7063,0.0,,,11.3,0.0,9.59,,,0.0,,
2025-11-19 11:14:44+00:00,2025-11-19 11:14:44,,,,,,,,,,17.6812496,0.0,975.0,1106.7063,0.0,,,11.3,0.0,9.59,,,0.0,,
2025-11-19 11:14:45+00:00,2025-11-19 11:14:45,20.0,20.0,20.0,20.0,20.0,,2.0,FALLBACK,Fallback Hz 사용: 20.0Hz (essential_range_violation),17.6812496,0.0,975.0,1105.97498,0.0,,,11.3,0.0,9.59,,,0.0,,
2025-11-19 11:14:46+00:00,2025-11-19 11:14:46,,,,,,,,,,17.6812496,0.0,974.0,1105.97498,0.0,,,11.3,0.0,9.59,,,0.0,,
2025-11-19 11:14:47+00:00,2025-11-19 11:14:47,,,,,,,,,,17.6812496,0.0,975.0,1105.0813,0.0,,,11.3,0.0,9.59,,,0.0,,
2025-11-19 11:14:48+00:00,2025-11-19 11:14:48,,,,,,,,,,17.6812496,0.0,975.0,1105.0813,0.0,,,11.3,0.0,9.59,,,0.0,,
2025-11-19 11:14:49+00:00,2025-11-19 11:14:49,,,,,,,,,,17.6812496,0.0,974.0,1105.0813,0.0,,,11.3,0.0,9.59,,,0.0,,
2025-11-19 11:14:50+00:00,2025-11-19 11:14:50,20.0,20.0,20.0,20.0,20.0,,2.0,FALLBACK,Fallback Hz 사용: 20.0Hz (essential_range_violation),17.6812496,0.0,974.0,1105.0813,0.0,,,11.3,0.0,9.59,,,0.0,,
2025-11-19 11:14:51+00:00,2025-11-19 11:14:51,,,,,,,,,,17.6812496,0.0,974.0,1104.1875,0.0,,,11.3,0.0,9.59,,,0.0,,
2025-11-19 11:14:52+00:00,2025-11-19 11:14:52,,,,,,,,,,17.6812496,0.0,974.0,1104.1875,0.0,,,11.3,0.0,9.59,,,0.0,,
2025-11-19 11:14:53+00:00,2025-11-19 11:14:53,,,,,,,,,,17.6812496,0.0,974.0,1104.59375,0.0,,,11.3,0.0,9.59,,,0.0,,
2025-11-19 11:14:54+00:00,2025-11-19 11:14:54,,,,,,,,,,17.6812496,0.0,974.0,1104.59375,0.0,,,11.3,0.0,9.59,,,0.0,,
2025-11-19 11:14:55+00:00,2025-11-19 11:14:55,20.0,20.0,20.0,20.0,20.0,,2.0,FALLBACK,Fallback Hz 사용: 20.0Hz (essential_range_violation),17.6812496,0.0,975.0,1105.24377,0.0,,,11.3,0.0,9.59,,,0.0,,
2025-11-19 11:14:56+00:00,2025-11-19 11:14:56,,,,,,,,,,17.6812496,0.0,975.0,1104.83752,0.0,,,11.3,0.0,9.59,,,0.0,,
2025-11-19 11:14:57+00:00,2025-11-19 11:14:57,,,,,,,,,,17.6812496,0.0,973.0,1104.1875,0.0,,,11.3,0.0,9.59,,,0.0,,
2025-11-19 11:14:58+00:00,2025-11-19 11:14:58,,,,,,,,,,17.6812496,0.0,974.0,1104.1062,0.0,,,11.3,0.0,9.59,,,0.0,,
2025-11-19 11:14:59+00:00,2025-11-19 11:14:59,,,,,,,,,,17.6812496,0.0,974.0,1104.1875,0.0,,,11.3,0.0,9.59,,,0.0,,
2025-11-19 11:15:00+00:00,2025-11-19 11:15:00,20.0,20.0,20.0,20.0,20.0,,2.0,FALLBACK,Fallback Hz 사용: 20.0Hz (essential_range_violation),17.6812496,0.0,975.0,1104.1875,0.0,,,11.3,0.0,9.59,,,0.0,,
2025-11-19 11:15:01+00:00,2025-11-19 11:15:01,,,,,,,,,,17.6812496,0.0,975.0,1105.24377,0.0,,,11.3,0.0,9.59,,,0.0,,
2025-11-19 11:15:02+00:00,2025-11-19 11:15:02,,,,,,,,,,17.6812496,0.0,975.0,1105.24377,0.0,,,11.3,0.0,9.59,,,0.0,,
2025-11-19 11:15:03+00:00,2025-11-19 11:15:03,,,,,,,,,,17.6812496,0.0,975.0,1104.75623,0.0,,,11.3,0.0,9.59,,,0.0,,
2025-11-19 11:15:04+00:00,2025-11-19 11:15:04,,,,,,,,,,17.6812496,0.0,975.0,1104.75623,0.0,,,11.3,0.0,9.59,,,0.0,,
2025-11-19 11:15:05+00:00,2025-11-19 11:15:05,20.0,20.0,20.0,20.0,20.0,,2.0,FALLBACK,Fallback Hz 사용: 20.0Hz (essential_range_violation),17.6812496,0.0,975.0,1104.43127,0.0,,,11.3,0.0,9.59,,,0.0,,
2025-11-19 11:15:06+00:00,2025-11-19 11:15:06,,,,,,,,,,17.6812496,0.0,974.0,1102.72498,0.0,,,11.3,0.0,9.59,,,0.0,,
2025-11-19 11:15:07+00:00,2025-11-19 11:15:07,,,,,,,,,,17.6812496,0.0,975.0,1102.4812,0.0,,,11.3,0.0,9.59,,,0.0,,
2025-11-19 11:15:08+00:00,2025-11-19 11:15:08,,,,,,,,,,17.6812496,0.0,975.0,1102.4812,0.0,,,11.3,0.0,9.59,,,0.0,,
2025-11-19 11:15:09+00:00,2025-11-19 11:15:09,,,,,,,,,,17.6812496,0.0,975.0,1103.2937,0.0,,,11.3,0.0,9.59,,,0.0,,
2025-11-19 11:15:10+00:00,2025-11-19 11:15:10,20.0,20.0,20.0,20.0,20.0,,2.0,FALLBACK,Fallback Hz 사용: 20.0Hz (essential_range_violation),17.6812496,0.0,974.0,1103.86255,0.0,,,11.3,0.0,9.59,,,0.0,,
2025-11-19 11:15:11+00:00,2025-11-19 11:15:11,,,,,,,,,,17.6812496,0.0,974.0,1103.86255,0.0,,,11.3,0.0,9.59,,,0.0,,
2025-11-19 11:15:12+00:00,2025-11-19 11:15:12,,,,,,,,,,17.6812496,0.0,974.0,1101.6687,0.0,,,11.3,0.0,9.59,,,0.0,,
2025-11-19 11:15:13+00:00,2025-11-19 11:15:13,,,,,,,,,,17.6812496,0.0,974.0,1101.6687,0.0,,,11.3,0.0,9.59,,,0.0,,
2025-11-19 11:15:14+00:00,2025-11-19 11:15:14,,,,,,,,,,17.6812496,0.0,974.0,1100.61255,0.0,,,11.3,0.0,9.59,,,0.0,,
2025-11-19 11:15:15+00:00,2025-11-19 11:15:15,20.0,20.0,20.0,20.0,20.0,,2.0,FALLBACK,Fallback Hz 사용: 20.0Hz (essential_range_violation),17.6812496,0.0,974.0,1100.61255,0.0,,,11.3,0.0,9.59,,,0.0,,
2025-11-19 11:15:16+00:00,2025-11-19 11:15:16,,,,,,,,,,17.6812496,0.0,974.0,1100.9375,0.0,,,11.3,0.0,9.59,,,0.0,,
2025-11-19 11:15:17+00:00,2025-11-19 11:15:17,,,,,,,,,,17.6812496,0.0,974.0,1100.9375,0.0,,,11.3,0.0,9.59,,,0.0,,
2025-11-19 11:15:18+00:00,2025-11-19 11:15:18,,,,,,,,,,17.6812496,0.0,975.0,1101.18127,0.0,,,11.3,0.0,9.59,,,0.0,,
2025-11-19 11:15:19+00:00,2025-11-19 11:15:19,,,,,,,,,,17.6812496,0.0,975.0,1101.18127,0.0,,,11.3,0.0,9.59,,,0.0,,
2025-11-19 11:15:20+00:00,2025-11-19 11:15:20,20.0,20.0,20.0,20.0,20.0,,2.0,FALLBACK,Fallback Hz 사용: 20.0Hz (essential_range_violation),17.6812496,0.0,975.0,1099.06873,0.0,,,11.3,0.0,9.59,,,0.0,,
2025-11-19 11:15:21+00:00,2025-11-19 11:15:21,,,,,,,,,,17.6812496,0.0,974.0,1099.63745,0.0,,,11.3,0.0,9.59,,,0.0,,
2025-11-19 11:15:22+00:00,2025-11-19 11:15:22,,,,,,,,,,17.6812496,0.0,974.0,1099.63745,0.0,,,11.3,0.0,9.59,,,0.0,,
2025-11-19 11:15:23+00:00,2025-11-19 11:15:23,,,,,,,,,,17.6812496,0.0,974.0,1098.82495,0.0,,,11.3,0.0,9.59,,,0.0,,
2025-11-19 11:15:24+00:00,2025-11-19 11:15:24,,,,,,,,,,17.6812496,0.0,974.0,1099.2312,0.0,,,11.3,0.0,9.59,,,0.0,,
2025-11-19 11:15:25+00:00,2025-11-19 11:15:25,20.0,20.0,20.0,20.0,20.0,,2.0,FALLBACK,Fallback Hz 사용: 20.0Hz (essential_range_violation),17.6812496,0.0,974.0,1097.52502,0.0,,,11.3,0.0,9.59,,,0.0,,
2025-11-19 11:15:26+00:00,2025-11-19 11:15:26,,,,,,,,,,17.6812496,0.0,974.0,1097.52502,0.0,,,11.3,0.0,9.59,,,0.0,,
2025-11-19 11:15:27+00:00,2025-11-19 11:15:27,,,,,,,,,,17.6812496,0.0,972.0,1097.84998,0.0,,,11.3,0.0,9.59,,,0.0,,
2025-11-19 11:15:28+00:00,2025-11-19 11:15:28,,,,,,,,,,17.6812496,0.0,972.0,1097.44373,0.0,,,11.3,0.0,9.59,,,0.0,,
2025-11-19 11:15:29+00:00,2025-11-19 11:15:29,,,,,,,,,,17.6812496,0.0,972.0,1097.44373,0.0,,,11.3,0.0,9.59,,,0.0,,
2025-11-19 11:15:30+00:00,2025-11-19 11:15:30,20.0,20.0,20.0,20.0,20.0,,2.0,FALLBACK,Fallback Hz 사용: 20.0Hz (essential_range_violation),17.6812496,0.0,972.0,1098.09375,0.0,,,11.3,0.0,9.59,,,0.0,,
2025-11-19 11:15:31+00:00,2025-11-19 11:15:31,,,,,,,,,,17.6812496,0.0,972.0,1098.09375,0.0,,,11.3,0.0,9.59,,,0.0,,
2025-11-19 11:15:32+00:00,2025-11-19 11:15:32,,,,,,,,,,17.6812496,0.0,972.0,1098.09375,0.0,,,11.3,0.0,9.59,,,0.0,,
2025-11-19 11:15:33+00:00,2025-11-19 11:15:33,,,,,,,,,,17.6812496,0.0,973.0,1097.6875,0.0,,,11.3,0.0,9.59,,,0.0,,
2025-11-19 11:15:34+00:00,2025-11-19 11:15:34,,,,,,,,,,17.6812496,0.0,973.0,1097.84998,0.0,,,11.3,0.0,9.59,,,0.0,,
2025-11-19 11:15:35+00:00,2025-11-19 11:15:35,20.0,20.0,20.0,20.0,20.0,,2.0,FALLBACK,Fallback Hz 사용: 20.0Hz (essential_range_violation),17.6812496,0.0,973.0,1097.84998,0.0,,,11.3,0.0,9.59,,,0.0,,
2025-11-19 11:15:36+00:00,2025-11-19 11:15:36,,,,,,,,,,17.6812496,0.0,972.0,1097.84998,0.0,,,11.3,0.0,9.59,,,0.0,,
2025-11-19 11:15:37+00:00,2025-11-19 11:15:37,,,,,,,,,,17.6812496,0.0,972.0,1097.84998,0.0,,,11.3,0.0,9.59,,,0.0,,
2025-11-19 11:15:38+00:00,2025-11-19 11:15:38,,,,,,,,,,17.6812496,0.0,972.0,1095.9812,0.0,,,11.3,0.0,9.59,,,0.0,,
2025-11-19 11:15:39+00:00,2025-11-19 11:15:39,,,,,,,,,,17.6812496,0.0,973.0,1096.22498,0.0,,,11.3,0.0,9.59,,,0.0,,
2025-11-19 11:15:40+00:00,2025-11-19 11:15:40,20.0,20.0,20.0,20.0,20.0,,2.0,FALLBACK,Fallback Hz 사용: 20.0Hz (essential_range_violation),17.6812496,0.0,973.0,1096.22498,0.0,,,11.3,0.0,9.59,,,0.0,,
2025-11-19 11:15:41+00:00,2025-11-19 11:15:41,,,,,,,,,,17.6812496,0.0,973.0,1095.9812,0.0,,,11.3,0.0,9.59,,,0.0,,
2025-11-19 11:15:42+00:00,2025-11-19 11:15:42,,,,,,,,,,17.6812496,0.0,973.0,1095.9812,0.0,,,11.3,0.0,9.59,,,0.0,,
2025-11-19 11:15:43+00:00,2025-11-19 11:15:43,,,,,,,,,,17.6812496,0.0,974.0,1095.1687,0.0,,,11.3,0.0,9.59,,,0.0,,
2025-11-19 11:15:44+00:00,2025-11-19 11:15:44,,,,,,,,,,17.6812496,0.0,974.0,1095.1687,0.0,,,11.3,0.0,9.59,,,0.0,,
2025-11-19 11:15:45+00:00,2025-11-19 11:15:45,20.0,20.0,20.0,20.0,20.0,,2.0,FALLBACK,Fallback Hz 사용: 20.0Hz (essential_range_violation),17.6812496,0.0,971.0,1095.1687,0.0,,,11.3,0.0,9.59,,,0.0,,
2025-11-19 11:15:46+00:00,2025-11-19 11:15:46,,,,,,,,,,17.6812496,0.0,971.0,1093.78748,0.0,,,11.3,0.0,9.59,,,0.0,,
2025-11-19 11:15:47+00:00,2025-11-19 11:15:47,,,,,,,,,,17.6812496,0.0,971.0,1093.7063,0.0,,,11.3,0.0,9.59,,,0.0,,
2025-11-19 11:15:48+00:00,2025-11-19 11:15:48,,,,,,,,,,17.6812496,0.0,971.0,1093.7063,0.0,,,11.3,0.0,9.59,,,0.0,,
2025-11-19 11:15:49+00:00,2025-11-19 11:15:49,,,,,,,,,,17.6812496,0.0,971.0,1092.56873,0.0,,,11.3,0.0,9.59,,,0.0,,
2025-11-19 11:15:50+00:00,2025-11-19 11:15:50,20.0,20.0,20.0,20.0,20.0,,2.0,FALLBACK,Fallback Hz 사용: 20.0Hz (essential_range_violation),17.6812496,0.0,970.0,1091.67505,0.0,,,11.3,0.0,9.59,,,0.0,,
2025-11-19 11:15:51+00:00,2025-11-19 11:15:51,,,,,,,,,,17.6812496,0.0,970.0,1091.67505,0.0,,,11.3,0.0,9.59,,,0.0,,
2025-11-19 11:15:52+00:00,2025-11-19 11:15:52,,,,,,,,,,17.6812496,0.0,969.0,1091.2688,0.0,,,11.3,0.0,9.59,,,0.0,,
2025-11-19 11:15:53+00:00,2025-11-19 11:15:53,,,,,,,,,,17.6812496,0.0,969.0,1091.2688,0.0,,,11.3,0.0,9.59,,,0.0,,
2025-11-19 11:15:54+00:00,2025-11-19 11:15:54,,,,,,,,,,17.6812496,0.0,969.0,1091.1062,0.0,,,11.3,0.0,9.59,,,0.0,,
2025-11-19 11:15:55+00:00,2025-11-19 11:15:55,20.0,20.0,20.0,20.0,20.0,,2.0,FALLBACK,Fallback Hz 사용: 20.0Hz (essential_range_violation),17.6812496,0.0,969.0,1091.1062,0.0,,,11.3,0.0,9.59,,,0.0,,
2025-11-19 11:15:56+00:00,2025-11-19 11:15:56,,,,,,,,,,17.6812496,0.0,969.0,1091.34998,0.0,,,11.3,0.0,9.59,,,0.0,,
2025-11-19 11:15:57+00:00,2025-11-19 11:15:57,,,,,,,,,,17.6812496,0.0,969.0,1091.34998,0.0,,,11.3,0.0,9.59,,,0.0,,
2025-11-19 11:15:58+00:00,2025-11-19 11:15:58,,,,,,,,,,17.6812496,0.0,970.0,1092.0813,0.0,,,11.3,0.0,9.59,,,0.0,,
2025-11-19 11:15:59+00:00,2025-11-19 11:15:59,,,,,,,,,,17.6812496,0.0,970.0,1092.0813,0.0,,,11.3,0.0,9.59,,,0.0,,
2025-11-19 11:16:00+00:00,2025-11-19 11:16:00,20.0,20.0,20.0,20.0,20.0,,2.0,FALLBACK,Fallback Hz 사용: 20.0Hz (essential_range_violation),17.6812496,0.0,969.0,1090.53748,0.0,,,11.3,0.0,9.59,,,0.0,,
2025-11-19 11:16:01+00:00,2025-11-19 11:16:01,,,,,,,,,,17.6812496,0.0,969.0,1090.53748,0.0,,,11.3,0.0,9.59,,,0.0,,
2025-11-19 11:16:02+00:00,2025-11-19 11:16:02,,,,,,,,,,17.6812496,0.0,969.0,1090.53748,0.0,,,11.3,0.0,9.59,,,0.0,,
2025-11-19 11:16:03+00:00,2025-11-19 11:16:03,,,,,,,,,,17.6812496,0.0,970.0,1088.18127,0.0,,,11.3,0.0,9.59,,,0.0,,
2025-11-19 11:16:04+00:00,2025-11-19 11:16:04,,,,,,,,,,17.6812496,0.0,969.0,1088.0188,0.0,,,11.3,0.0,9.59,,,0.0,,
2025-11-19 11:16:05+00:00,2025-11-19 11:16:05,20.0,20.0,20.0,20.0,20.0,,2.0,FALLBACK,Fallback Hz 사용: 20.0Hz (essential_range_violation),17.6812496,0.0,970.0,1088.75,0.0,,,11.3,0.0,9.59,,,0.0,,
2025-11-19 11:16:06+00:00,2025-11-19 11:16:06,,,,,,,,,,17.6812496,0.0,970.0,1088.75,0.0,,,11.3,0.0,9.59,,,0.0,,
2025-11-19 11:16:07+00:00,2025-11-19 11:16:07,,,,,,,,,,17.6812496,0.0,969.0,1088.99377,0.0,,,11.3,0.0,9.59,,,0.0,,
2025-11-19 11:16:08+00:00,2025-11-19 11:16:08,,,,,,,,,,17.6812496,0.0,969.0,1088.99377,0.0,,,11.3,0.0,9.59,,,0.0,,
2025-11-19 11:16:09+00:00,2025-11-19 11:16:09,,,,,,,,,,17.6812496,0.0,969.0,1086.71875,0.0,,,11.3,0.0,9.59,,,0.0,,
2025-11-19 11:16:10+00:00,2025-11-19 11:16:10,20.0,20.0,20.0,20.0,20.0,,2.0,FALLBACK,Fallback Hz 사용: 20.0Hz (essential_range_violation),17.6812496,0.0,970.0,1086.2312,0.0,,,11.3,0.0,9.59,,,0.0,,
2025-11-19 11:16:11+00:00,2025-11-19 11:16:11,,,,,,,,,,17.6812496,0.0,970.0,1086.2312,0.0,,,11.3,0.0,9.59,,,0.0,,
2025-11-19 11:16:12+00:00,2025-11-19 11:16:12,,,,,,,,,,17.6812496,0.0,969.0,1085.5813,0.0,,,11.3,0.0,9.59,,,0.0,,
2025-11-19 11:16:13+00:00,2025-11-19 11:16:13,,,,,,,,,,17.6812496,0.0,970.0,1085.82495,0.0,,,11.3,0.0,9.59,,,0.0,,
2025-11-19 11:16:14+00:00,2025-11-19 11:16:14,,,,,,,,,,17.6812496,0.0,970.0,1085.82495,0.0,,,11.3,0.0,9.59,,,0.0,,
2025-11-19 11:16:15+00:00,2025-11-19 11:16:15,20.0,20.0,20.0,20.0,20.0,,2.0,FALLBACK,Fallback Hz 사용: 20.0Hz (essential_range_violation),17.6812496,0.0,969.0,1085.82495,0.0,,,11.3,0.0,9.59,,,0.0,,
2025-11-19 11:16:16+00:00,2025-11-19 11:16:16,,,,,,,,,,17.6812496,0.0,969.0,1084.52502,0.0,,,11.3,0.0,9.59,,,0.0,,
2025-11-19 11:16:17+00:00,2025-11-19 11:16:17,,,,,,,,,,17.6812496,0.0,969.0,1084.52502,0.0,,,11.3,0.0,9.59,,,0.0,,
2025-11-19 11:16:18+00:00,2025-11-19 11:16:18,,,,,,,,,,17.6812496,0.0,968.0,1085.01245,0.0,,,11.3,0.0,9.59,,,0.0,,
2025-11-19 11:16:19+00:00,2025-11-19 11:16:19,,,,,,,,,,17.6812496,0.0,968.0,1085.01245,0.0,,,11.3,0.0,9.59,,,0.0,,
2025-11-19 11:16:20+00:00,2025-11-19 11:16:20,20.0,20.0,20.0,20.0,20.0,,2.0,FALLBACK,Fallback Hz 사용: 20.0Hz (essential_range_violation),,,,,,,,,,,,,,,
2025-11-19 11:16:21+00:00,2025-11-19 11:16:21,,,,,,,,,,17.6812496,0.0,968.0,1084.93127,0.0,,,11.3,0.0,9.59,,,0.0,,
2025-11-19 11:16:22+00:00,2025-11-19 11:16:22,,,,,,,,,,17.6812496,0.0,968.0,1083.38745,0.0,,,11.3,0.0,9.59,,,0.0,,
2025-11-19 11:16:23+00:00,2025-11-19 11:16:23,,,,,,,,,,17.6812496,0.0,967.0,1083.22498,0.0,,,11.3,0.0,9.59,,,0.0,,
2025-11-19 11:16:24+00:00,2025-11-19 11:16:24,,,,,,,,,,17.6812496,0.0,967.0,1083.22498,0.0,,,11.3,0.0,9.59,,,0.0,,
2025-11-19 11:16:25+00:00,2025-11-19 11:16:25,20.0,20.0,20.0,20.0,20.0,,2.0,FALLBACK,Fallback Hz 사용: 20.0Hz (essential_range_violation),17.6812496,0.0,968.0,1081.59998,0.0,,,11.3,0.0,9.59,,,0.0,,
2025-11-19 11:16:26+00:00,2025-11-19 11:16:26,,,,,,,,,,17.6812496,0.0,968.0,1081.59998,0.0,,,11.3,0.0,9.59,,,0.0,,
2025-11-19 11:16:27+00:00,2025-11-19 11:16:27,,,,,,,,,,17.6812496,0.0,970.0,1081.76245,0.0,,,11.3,0.0,9.59,,,0.0,,
2025-11-19 11:16:28+00:00,2025-11-19 11:16:28,,,,,,,,,,17.6812496,0.0,969.0,1079.8125,0.0,,,11.3,0.0,9.59,,,0.0,,
2025-11-19 11:16:29+00:00,2025-11-19 11:16:29,,,,,,,,,,17.6812496,0.0,969.0,1079.8125,0.0,,,11.3,0.0,9.59,,,0.0,,
2025-11-19 11:16:30+00:00,2025-11-19 11:16:30,20.0,20.0,20.0,20.0,20.0,,2.0,FALLBACK,Fallback Hz 사용: 20.0Hz (essential_range_violation),17.6812496,0.0,969.0,1080.21875,0.0,,,11.3,0.0,9.59,,,0.0,,
2025-11-19 11:16:31+00:00,2025-11-19 11:16:31,,,,,,,,,,17.6812496,0.0,969.0,1080.21875,0.0,,,11.3,0.0,9.59,,,0.0,,
2025-11-19 11:16:32+00:00,2025-11-19 11:16:32,,,,,,,,,,17.6812496,0.0,970.0,1079.0,0.0,,,11.3,0.0,9.59,,,0.0,,
2025-11-19 11:16:33+00:00,2025-11-19 11:16:33,,,,,,,,,,17.6812496,0.0,970.0,1078.51245,0.0,,,11.3,0.0,9.59,,,0.0,,
2025-11-19 11:16:34+00:00,2025-11-19 11:16:34,,,,,,,,,,17.6812496,0.0,970.0,1078.51245,0.0,,,11.3,0.0,9.59,,,0.0,,
2025-11-19 11:16:35+00:00,2025-11-19 11:16:35,20.0,20.0,20.0,20.0,20.0,,2.0,FALLBACK,Fallback Hz 사용: 20.0Hz (essential_range_violation),17.6812496,0.0,970.0,1079.0,0.0,,,11.3,0.0,9.59,,,0.0,,
2025-11-19 11:16:36+00:00,2025-11-19 11:16:36,,,,,,,,,,17.6812496,0.0,969.0,1078.2688,0.0,,,11.3,0.0,9.59,,,0.0,,
2025-11-19 11:16:37+00:00,2025-11-19 11:16:37,,,,,,,,,,17.6812496,0.0,969.0,1078.2688,0.0,,,11.3,0.0,9.59,,,0.0,,
2025-11-19 11:16:38+00:00,2025-11-19 11:16:38,,,,,,,,,,17.6812496,0.0,969.0,1078.1062,0.0,,,11.3,0.0,9.59,,,0.0,,
2025-11-19 11:16:39+00:00,2025-11-19 11:16:39,,,,,,,,,,17.6812496,0.0,969.0,1078.1062,0.0,,,11.3,0.0,9.59,,,0.0,,
2025-11-19 11:16:40+00:00,2025-11-19 11:16:40,20.0,20.0,20.0,20.0,20.0,,2.0,FALLBACK,Fallback Hz 사용: 20.0Hz (essential_range_violation),17.6812496,0.0,969.0,1078.9187,0.0,,,11.3,0.0,9.59,,,0.0,,
2025-11-19 11:16:41+00:00,2025-11-19 11:16:41,,,,,,,,,,17.6812496,0.0,969.0,1078.9187,0.0,,,11.3,0.0,9.59,,,0.0,,
2025-11-19 11:16:42+00:00,2025-11-19 11:16:42,,,,,,,,,,17.6812496,0.0,969.0,1078.2688,0.0,,,11.3,0.0,9.59,,,0.0,,
2025-11-19 11:16:43+00:00,2025-11-19 11:16:43,,,,,,,,,,17.6812496,0.0,969.0,1078.2688,0.0,,,11.3,0.0,9.59,,,0.0,,
2025-11-19 11:16:44+00:00,2025-11-19 11:16:44,,,,,,,,,,17.6812496,0.0,969.0,1078.51245,0.0,,,11.3,0.0,9.59,,,0.0,,
2025-11-19 11:16:45+00:00,2025-11-19 11:16:45,20.0,20.0,20.0,20.0,20.0,,2.0,FALLBACK,Fallback Hz 사용: 20.0Hz (essential_range_violation),17.6812496,0.0,969.0,1078.51245,0.0,,,11.3,0.0,9.59,,,0.0,,
2025-11-19 11:16:46+00:00,2025-11-19 11:16:46,,,,,,,,,,17.6812496,0.0,970.0,1078.2688,0.0,,,11.3,0.0,9.59,,,0.0,,
2025-11-19 11:16:47+00:00,2025-11-19 11:16:47,,,,,,,,,,17.6812496,0.0,970.0,1078.2688,0.0,,,11.3,0.0,9.59,,,0.0,,
2025-11-19 11:16:48+00:00,2025-11-19 11:16:48,,,,,,,,,,17.6812496,0.0,970.0,1077.4563,0.0,,,11.3,0.0,9.59,,,0.0,,
2025-11-19 11:16:49+00:00,2025-11-19 11:16:49,,,,,,,,,,17.6812496,0.0,970.0,1077.4563,0.0,,,11.3,0.0,9.59,,,0.0,,
2025-11-19 11:16:50+00:00,2025-11-19 11:16:50,20.0,20.0,20.0,20.0,20.0,,2.0,FALLBACK,Fallback Hz 사용: 20.0Hz (essential_range_violation),17.6812496,0.0,970.0,1077.2937,0.0,,,11.3,0.0,9.59,,,0.0,,
2025-11-19 11:16:51+00:00,2025-11-19 11:16:51,,,,,,,,,,17.6812496,0.0,970.0,1077.53748,0.0,,,11.3,0.0,9.59,,,0.0,,
2025-11-19 11:16:52+00:00,2025-11-19 11:16:52,,,,,,,,,,17.6812496,0.0,970.0,1077.53748,0.0,,,11.3,0.0,9.59,,,0.0,,
2025-11-19 11:16:53+00:00,2025-11-19 11:16:53,,,,,,,,,,17.6812496,0.0,970.0,1075.75,0.0,,,11.3,0.0,9.59,,,0.0,,
2025-11-19 11:16:54+00:00,2025-11-19 11:16:54,,,,,,,,,,17.6812496,0.0,971.0,1075.0188,0.0,,,11.3,0.0,9.59,,,0.0,,
2025-11-19 11:16:55+00:00,2025-11-19 11:16:55,20.0,20.0,20.0,20.0,20.0,,2.0,FALLBACK,Fallback Hz 사용: 20.0Hz (essential_range_violation),17.6812496,0.0,971.0,1075.0188,0.0,,,11.3,0.0,9.59,,,0.0,,
2025-11-19 11:16:56+00:00,2025-11-19 11:16:56,,,,,,,,,,17.6812496,0.0,972.0,1075.58752,0.0,,,11.3,0.0,9.59,,,0.0,,
2025-11-19 11:16:57+00:00,2025-11-19 11:16:57,,,,,,,,,,17.6812496,0.0,972.0,1075.0188,0.0,,,11.3,0.0,9.59,,,0.0,,
2025-11-19 11:16:58+00:00,2025-11-19 11:16:58,,,,,,,,,,17.6812496,0.0,971.0,1074.9375,0.0,,,11.3,0.0,9.59,,,0.0,,
2025-11-19 11:16:59+00:00,2025-11-19 11:16:59,,,,,,,,,,17.6812496,0.0,971.0,1074.9375,0.0,,,11.3,0.0,9.59,,,0.0,,
2025-11-19 11:17:00+00:00,2025-11-19 11:17:00,20.0,20.0,20.0,20.0,20.0,,2.0,FALLBACK,Fallback Hz 사용: 20.0Hz (essential_range_violation),17.6812496,0.0,972.0,1075.75,0.0,,,11.3,0.0,9.59,,,0.0,,
2025-11-19 11:17:01+00:00,2025-11-19 11:17:01,,,,,,,,,,17.6812496,0.0,971.0,1075.91248,0.0,,,11.3,0.0,9.59,,,0.0,,
2025-11-19 11:17:02+00:00,2025-11-19 11:17:02,,,,,,,,,,17.6812496,0.0,972.0,1075.58752,0.0,,,11.3,0.0,9.59,,,0.0,,
2025-11-19 11:17:03+00:00,2025-11-19 11:17:03,,,,,,,,,,17.6812496,0.0,972.0,1075.58752,0.0,,,11.3,0.0,9.59,,,0.0,,
2025-11-19 11:17:04+00:00,2025-11-19 11:17:04,,,,,,,,,,17.6812496,0.0,972.0,1075.0188,0.0,,,11.3,0.0,9.59,,,0.0,,
2025-11-19 11:17:05+00:00,2025-11-19 11:17:05,20.0,20.0,20.0,20.0,20.0,,2.0,FALLBACK,Fallback Hz 사용: 20.0Hz (essential_range_violation),17.6812496,0.0,972.0,1075.0188,0.0,,,11.3,0.0,9.59,,,0.0,,
2025-11-19 11:17:06+00:00,2025-11-19 11:17:06,,,,,,,,,,17.6812496,0.0,972.0,1075.75,0.0,,,11.3,0.0,9.59,,,0.0,,
2025-11-19 11:17:07+00:00,2025-11-19 11:17:07,,,,,,,,,,17.6812496,0.0,972.0,1075.75,0.0,,,11.3,0.0,9.59,,,0.0,,
2025-11-19 11:17:08+00:00,2025-11-19 11:17:08,,,,,,,,,,17.6812496,0.0,972.0,1075.0188,0.0,,,11.3,0.0,9.59,,,0.0,,
2025-11-19 11:17:09+00:00,2025-11-19 11:17:09,,,,,,,,,,17.6812496,0.0,972.0,1075.0188,0.0,,,11.3,0.0,9.59,,,0.0,,
2025-11-19 11:17:10+00:00,2025-11-19 11:17:10,20.0,20.0,20.0,20.0,20.0,,2.0,FALLBACK,Fallback Hz 사용: 20.0Hz (essential_range_violation),17.6812496,0.0,973.0,1075.58752,0.0,,,11.3,0.0,9.59,,,0.0,,
2025-11-19 11:17:11+00:00,2025-11-19 11:17:11,,,,,,,,,,17.6812496,0.0,973.0,1075.58752,0.0,,,11.3,0.0,9.59,,,0.0,,
2025-11-19 11:17:12+00:00,2025-11-19 11:17:12,,,,,,,,,,17.6812496,0.0,973.0,1075.8313,0.0,,,11.3,0.0,9.59,,,0.0,,
2025-11-19 11:17:13+00:00,2025-11-19 11:17:13,,,,,,,,,,17.6812496,0.0,973.0,1075.8313,0.0,,,11.3,0.0,9.59,,,0.0,,
2025-11-19 11:17:14+00:00,2025-11-19 11:17:14,,,,,,,,,,17.6812496,0.0,974.0,1075.58752,0.0,,,11.3,0.0,9.59,,,0.0,,
2025-11-19 11:17:15+00:00,2025-11-19 11:17:15,20.0,20.0,20.0,20.0,20.0,,2.0,FALLBACK,Fallback Hz 사용: 20.0Hz (essential_range_violation),17.6812496,0.0,974.0,1075.58752,0.0,,,11.3,0.0,9.59,,,0.0,,
2025-11-19 11:17:16+00:00,2025-11-19 11:17:16,,,,,,,,,,17.6812496,0.0,972.0,1074.69373,0.0,,,11.3,0.0,9.59,,,0.0,,
2025-11-19 11:17:17+00:00,2025-11-19 11:17:17,,,,,,,,,,17.6812496,0.0,972.0,1074.53125,0.0,,,11.3,0.0,9.59,,,0.0,,
2025-11-19 11:17:18+00:00,2025-11-19 11:17:18,,,,,,,,,,17.6812496,0.0,973.0,1075.75,0.0,,,11.3,0.0,9.59,,,0.0,,
2025-11-19 11:17:19+00:00,2025-11-19 11:17:19,,,,,,,,,,17.6812496,0.0,973.0,1075.75,0.0,,,11.3,0.0,9.59,,,0.0,,
2025-11-19 11:17:20+00:00,2025-11-19 11:17:20,20.0,20.0,20.0,20.0,20.0,,2.0,FALLBACK,Fallback Hz 사용: 20.0Hz (essential_range_violation),17.6812496,0.0,972.0,1077.4563,0.0,,,11.3,0.0,9.59,,,0.0,,
2025-11-19 11:17:21+00:00,2025-11-19 11:17:21,,,,,,,,,,17.6812496,0.0,973.0,1077.4563,0.0,,,11.3,0.0,9.59,,,0.0,,
2025-11-19 11:17:22+00:00,2025-11-19 11:17:22,,,,,,,,,,17.6812496,0.0,973.0,1076.40002,0.0,,,11.3,0.0,9.59,,,0.0,,
2025-11-19 11:17:23+00:00,2025-11-19 11:17:23,,,,,,,,,,17.6812496,0.0,973.0,1076.40002,0.0,,,11.3,0.0,9.59,,,0.0,,
2025-11-19 11:17:24+00:00,2025-11-19 11:17:24,,,,,,,,,,17.6812496,0.0,973.0,1076.07495,0.0,,,11.3,0.0,9.59,,,0.0,,
2025-11-19 11:17:25+00:00,2025-11-19 11:17:25,20.0,20.0,20.0,20.0,20.0,,2.0,FALLBACK,Fallback Hz 사용: 20.0Hz (essential_range_violation),17.6812496,0.0,973.0,1076.07495,0.0,,,11.3,0.0,9.59,,,0.0,,
2025-11-19 11:17:26+00:00,2025-11-19 11:17:26,,,,,,,,,,17.6812496,0.0,973.0,1076.40002,0.0,,,11.3,0.0,9.59,,,0.0,,
2025-11-19 11:17:27+00:00,2025-11-19 11:17:27,,,,,,,,,,17.6812496,0.0,973.0,1076.40002,0.0,,,11.3,0.0,9.59,,,0.0,,
2025-11-19 11:17:28+00:00,2025-11-19 11:17:28,,,,,,,,,,17.6812496,0.0,973.0,1076.40002,0.0,,,11.3,0.0,9.59,,,0.0,,
2025-11-19 11:17:29+00:00,2025-11-19 11:17:29,,,,,,,,,,17.6812496,0.0,973.0,1079.32495,0.0,,,11.3,0.0,9.59,,,0.0,,
2025-11-19 11:17:30+00:00,2025-11-19 11:17:30,20.0,20.0,20.0,20.0,20.0,,2.0,FALLBACK,Fallback Hz 사용: 20.0Hz (essential_range_violation),17.6812496,0.0,973.0,1078.1062,0.0,,,11.3,0.0,9.59,,,0.0,,
2025-11-19 11:17:31+00:00,2025-11-19 11:17:31,,,,,,,,,,17.6812496,0.0,973.0,1078.1062,0.0,,,11.3,0.0,9.59,,,0.0,,
2025-11-19 11:17:32+00:00,2025-11-19 11:17:32,,,,,,,,,,17.6812496,0.0,972.0,1078.1062,0.0,,,11.3,0.0,9.59,,,0.0,,
2025-11-19 11:17:33+00:00,2025-11-19 11:17:33,,,,,,,,,,17.6812496,0.0,973.0,1078.02502,0.0,,,11.3,0.0,9.59,,,0.0,,
2025-11-19 11:17:34+00:00,2025-11-19 11:17:34,,,,,,,,,,17.6812496,0.0,973.0,1078.02502,0.0,,,11.3,0.0,9.59,,,0.0,,
2025-11-19 11:17:35+00:00,2025-11-19 11:17:35,20.0,20.0,20.0,20.0,20.0,,2.0,FALLBACK,Fallback Hz 사용: 20.0Hz (essential_range_violation),17.6812496,0.0,973.0,1078.2688,0.0,,,11.3,0.0,9.59,,,0.0,,
2025-11-19 11:17:36+00:00,2025-11-19 11:17:36,,,,,,,,,,17.6812496,0.0,973.0,1078.2688,0.0,,,11.3,0.0,9.59,,,0.0,,
2025-11-19 11:17:37+00:00,2025-11-19 11:17:37,,,,,,,,,,17.6812496,0.0,973.0,1078.1062,0.0,,,11.3,0.0,9.59,,,0.0,,
2025-11-19 11:17:38+00:00,2025-11-19 11:17:38,,,,,,,,,,17.6812496,0.0,974.0,1079.0,0.0,,,11.3,0.0,9.59,,,0.0,,
2025-11-19 11:17:39+00:00,2025-11-19 11:17:39,,,,,,,,,,17.6812496,0.0,974.0,1079.0,0.0,,,11.3,0.0,9.59,,,0.0,,
2025-11-19 11:17:40+00:00,2025-11-19 11:17:40,20.0,20.0,20.0,20.0,20.0,,2.0,FALLBACK,Fallback Hz 사용: 20.0Hz (essential_range_violation),17.6812496,0.0,972.0,1078.1062,0.0,,,11.3,0.0,9.59,,,0.0,,
2025-11-19 11:17:41+00:00,2025-11-19 11:17:41,,,,,,,,,,17.6812496,0.0,972.0,1078.1062,0.0,,,11.3,0.0,9.59,,,0.0,,
2025-11-19 11:17:42+00:00,2025-11-19 11:17:42,,,,,,,,,,17.6812496,0.0,974.0,1078.34998,0.0,,,11.3,0.0,9.59,,,0.0,,
2025-11-19 11:17:43+00:00,2025-11-19 11:17:43,,,,,,,,,,17.6812496,0.0,973.0,1079.0813,0.0,,,11.3,0.0,9.59,,,0.0,,
2025-11-19 11:17:44+00:00,2025-11-19 11:17:44,,,,,,,,,,17.6812496,0.0,973.0,1079.0813,0.0,,,11.3,0.0,9.59,,,0.0,,
2025-11-19 11:17:45+00:00,2025-11-19 11:17:45,20.0,20.0,20.0,20.0,20.0,,2.0,FALLBACK,Fallback Hz 사용: 20.0Hz (essential_range_violation),17.6812496,0.0,974.0,1078.34998,0.0,,,11.3,0.0,9.59,,,0.0,,
2025-11-19 11:17:46+00:00,2025-11-19 11:17:46,,,,,,,,,,17.6812496,0.0,974.0,1078.34998,0.0,,,11.3,0.0,9.59,,,0.0,,
2025-11-19 11:17:47+00:00,2025-11-19 11:17:47,,,,,,,,,,17.6812496,0.0,975.0,1080.21875,0.0,,,11.3,0.0,9.59,,,0.0,,
2025-11-19 11:17:48+00:00,2025-11-19 11:17:48,,,,,,,,,,17.6812496,0.0,974.0,1080.21875,0.0,,,11.3,0.0,9.59,,,0.0,,
2025-11-19 11:17:49+00:00,2025-11-19 11:17:49,,,,,,,,,,17.6812496,0.0,974.0,1079.8125,0.0,,,11.3,0.0,9.59,,,0.0,,
2025-11-19 11:17:50+00:00,2025-11-19 11:17:50,20.0,20.0,20.0,20.0,20.0,,2.0,FALLBACK,Fallback Hz 사용: 20.0Hz (essential_range_violation),17.6812496,0.0,975.0,1079.8125,0.0,,,11.3,0.0,9.59,,,0.0,,
2025-11-19 11:17:51+00:00,2025-11-19 11:17:51,,,,,,,,,,17.6812496,0.0,974.0,1079.8125,0.0,,,11.3,0.0,9.59,,,0.0,,
2025-11-19 11:17:52+00:00,2025-11-19 11:17:52,,,,,,,,,,17.6812496,0.0,974.0,1079.65002,0.0,,,11.3,0.0,9.59,,,0.0,,
2025-11-19 11:17:53+00:00,2025-11-19 11:17:53,,,,,,,,,,17.6812496,0.0,974.0,1079.65002,0.0,,,11.3,0.0,9.59,,,0.0,,
2025-11-19 11:17:54+00:00,2025-11-19 11:17:54,,,,,,,,,,17.6812496,0.0,974.0,1080.86877,0.0,,,11.3,0.0,9.59,,,0.0,,
2025-11-19 11:17:55+00:00,2025-11-19 11:17:55,20.0,20.0,20.0,20.0,20.0,,2.0,FALLBACK,Fallback Hz 사용: 20.0Hz (essential_range_violation),17.6812496,0.0,975.0,1081.3562,0.0,,,11.3,0.0,9.59,,,0.0,,
2025-11-19 11:17:56+00:00,2025-11-19 11:17:56,,,,,,,,,,17.6812496,0.0,975.0,1081.27502,0.0,,,11.3,0.0,9.59,,,0.0,,
2025-11-19 11:17:57+00:00,2025-11-19 11:17:57,,,,,,,,,,17.6812496,0.0,974.0,1081.19373,0.0,,,11.3,0.0,9.59,,,0.0,,
2025-11-19 11:17:58+00:00,2025-11-19 11:17:58,,,,,,,,,,17.6812496,0.0,974.0,1081.19373,0.0,,,11.3,0.0,9.59,,,0.0,,
2025-11-19 11:18:00+00:00,2025-11-19 11:18:00,20.0,20.0,20.0,20.0,20.0,,2.0,FALLBACK,Fallback Hz 사용: 20.0Hz (essential_range_violation),17.6812496,0.0,974.0,1081.76245,0.0,,,11.3,0.0,9.59,,,0.0,,
2025-11-19 11:18:01+00:00,2025-11-19 11:18:01,,,,,,,,,,17.6812496,0.0,974.0,1081.76245,0.0,,,11.3,0.0,9.59,,,0.0,,
2025-11-19 11:18:02+00:00,2025-11-19 11:18:02,,,,,,,,,,17.6812496,0.0,974.0,1081.3562,0.0,,,11.3,0.0,9.59,,,0.0,,
2025-11-19 11:18:03+00:00,2025-11-19 11:18:03,,,,,,,,,,17.6812496,0.0,974.0,1081.3562,0.0,,,11.3,0.0,9.59,,,0.0,,
2025-11-19 11:18:04+00:00,2025-11-19 11:18:04,,,,,,,,,,17.6812496,0.0,974.0,1083.71252,0.0,,,11.3,0.0,9.59,,,0.0,,
2025-11-19 11:18:05+00:00,2025-11-19 11:18:05,20.0,20.0,20.0,20.0,20.0,,2.0,FALLBACK,Fallback Hz 사용: 20.0Hz (essential_range_violation),17.6812496,0.0,974.0,1083.46875,0.0,,,11.3,0.0,9.59,,,0.0,,
2025-11-19 11:18:06+00:00,2025-11-19 11:18:06,,,,,,,,,,17.6812496,0.0,974.0,1083.46875,0.0,,,11.3,0.0,9.59,,,0.0,,
2025-11-19 11:18:07+00:00,2025-11-19 11:18:07,,,,,,,,,,17.6812496,0.0,974.0,1083.71252,0.0,,,11.3,0.0,9.59,,,0.0,,
2025-11-19 11:18:08+00:00,2025-11-19 11:18:08,,,,,,,,,,17.6812496,0.0,974.0,1083.71252,0.0,,,11.3,0.0,9.59,,,0.0,,
2025-11-19 11:18:09+00:00,2025-11-19 11:18:09,,,,,,,,,,17.6812496,0.0,975.0,1083.63123,0.0,,,11.3,0.0,9.59,,,0.0,,
2025-11-19 11:18:10+00:00,2025-11-19 11:18:10,20.0,20.0,20.0,20.0,20.0,,2.0,FALLBACK,Fallback Hz 사용: 20.0Hz (essential_range_violation),17.6812496,0.0,975.0,1083.63123,0.0,,,11.3,0.0,9.59,,,0.0,,
2025-11-19 11:18:11+00:00,2025-11-19 11:18:11,,,,,,,,,,17.6812496,0.0,975.0,1084.6875,0.0,,,11.3,0.0,9.59,,,0.0,,
2025-11-19 11:18:12+00:00,2025-11-19 11:18:12,,,,,,,,,,17.6812496,0.0,975.0,1084.6875,0.0,,,11.3,0.0,9.59,,,0.0,,
2025-11-19 11:18:13+00:00,2025-11-19 11:18:13,,,,,,,,,,17.6812496,0.0,974.0,1084.6875,0.0,,,11.3,0.0,9.59,,,0.0,,
2025-11-19 11:18:14+00:00,2025-11-19 11:18:14,,,,,,,,,,17.6812496,0.0,975.0,1084.93127,0.0,,,11.3,0.0,9.59,,,0.0,,
2025-11-19 11:18:15+00:00,2025-11-19 11:18:15,20.0,20.0,20.0,20.0,20.0,,2.0,FALLBACK,Fallback Hz 사용: 20.0Hz (essential_range_violation),17.6812496,0.0,975.0,1084.93127,0.0,,,11.3,0.0,9.59,,,0.0,,
2025-11-19 11:18:16+00:00,2025-11-19 11:18:16,,,,,,,,,,17.6812496,0.0,975.0,1085.98755,0.0,,,11.3,0.0,9.59,,,0.0,,
2025-11-19 11:18:17+00:00,2025-11-19 11:18:17,,,,,,,,,,17.6812496,0.0,975.0,1085.74377,0.0,,,11.3,0.0,9.59,,,0.0,,
2025-11-19 11:18:18+00:00,2025-11-19 11:18:18,,,,,,,,,,17.6812496,0.0,975.0,1085.74377,0.0,,,11.3,0.0,9.59,,,0.0,,
2025-11-19 11:18:19+00:00,2025-11-19 11:18:19,,,,,,,,,,17.6812496,0.0,975.0,1084.6875,0.0,,,11.3,0.0,9.59,,,0.0,,
2025-11-19 11:18:20+00:00,2025-11-19 11:18:20,20.0,20.0,20.0,20.0,20.0,,2.0,FALLBACK,Fallback Hz 사용: 20.0Hz (essential_range_violation),17.6812496,0.0,975.0,1084.84998,0.0,,,11.3,0.0,9.59,,,0.0,,
2025-11-19 11:18:21+00:00,2025-11-19 11:18:21,,,,,,,,,,17.6812496,0.0,975.0,1084.84998,0.0,,,11.3,0.0,9.59,,,0.0,,
2025-11-19 11:18:22+00:00,2025-11-19 11:18:22,,,,,,,,,,17.6812496,0.0,973.0,1084.93127,0.0,,,11.3,0.0,9.59,,,0.0,,
2025-11-19 11:18:23+00:00,2025-11-19 11:18:23,,,,,,,,,,17.6812496,0.0,972.0,1084.84998,0.0,,,11.3,0.0,9.59,,,0.0,,
2025-11-19 11:18:24+00:00,2025-11-19 11:18:24,,,,,,,,,,17.6812496,0.0,972.0,1084.84998,0.0,,,11.3,0.0,9.59,,,0.0,,
2025-11-19 11:18:25+00:00,2025-11-19 11:18:25,20.0,20.0,20.0,20.0,20.0,,2.0,FALLBACK,Fallback Hz 사용: 20.0Hz (essential_range_violation),17.6812496,0.0,973.0,1085.82495,0.0,,,11.3,0.0,9.59,,,0.0,,
2025-11-19 11:18:26+00:00,2025-11-19 11:18:26,,,,,,,,,,17.6812496,0.0,973.0,1085.82495,0.0,,,11.3,0.0,9.59,,,0.0,,
2025-11-19 11:18:27+00:00,2025-11-19 11:18:27,,,,,,,,,,17.6812496,0.0,973.0,1084.84998,0.0,,,11.3,0.0,9.59,,,0.0,,
2025-11-19 11:18:28+00:00,2025-11-19 11:18:28,,,,,,,,,,17.6812496,0.0,973.0,1084.84998,0.0,,,11.3,0.0,9.59,,,0.0,,
2025-11-19 11:18:29+00:00,2025-11-19 11:18:29,,,,,,,,,,17.6812496,0.0,972.0,1085.66248,0.0,,,11.3,0.0,9.59,,,0.0,,
2025-11-19 11:18:30+00:00,2025-11-19 11:18:30,20.0,20.0,20.0,20.0,20.0,,2.0,FALLBACK,Fallback Hz 사용: 20.0Hz (essential_range_violation),17.6812496,0.0,972.0,1085.66248,0.0,,,11.3,0.0,9.59,,,0.0,,
2025-11-19 11:18:31+00:00,2025-11-19 11:18:31,,,,,,,,,,17.6812496,0.0,972.0,1085.25623,0.0,,,11.3,0.0,9.59,,,0.0,,
2025-11-19 11:18:32+00:00,2025-11-19 11:18:32,,,,,,,,,,17.6812496,0.0,972.0,1085.25623,0.0,,,11.3,0.0,9.59,,,0.0,,
2025-11-19 11:18:33+00:00,2025-11-19 11:18:33,,,,,,,,,,17.6812496,0.0,973.0,1084.7688,0.0,,,11.3,0.0,9.59,,,0.0,,
2025-11-19 11:18:34+00:00,2025-11-19 11:18:34,,,,,,,,,,17.6812496,0.0,972.0,1085.5,0.0,,,11.3,0.0,9.59,,,0.0,,
2025-11-19 11:18:35+00:00,2025-11-19 11:18:35,20.0,20.0,20.0,20.0,20.0,,2.0,FALLBACK,Fallback Hz 사용: 20.0Hz (essential_range_violation),17.6812496,0.0,973.0,1085.90625,0.0,,,11.3,0.0,9.59,,,0.0,,
2025-11-19 11:18:36+00:00,2025-11-19 11:18:36,,,,,,,,,,17.6812496,0.0,973.0,1085.90625,0.0,,,11.3,0.0,9.59,,,0.0,,
2025-11-19 11:18:37+00:00,2025-11-19 11:18:37,,,,,,,,,,17.6812496,0.0,973.0,1085.5813,0.0,,,11.3,0.0,9.59,,,0.0,,
2025-11-19 11:18:38+00:00,2025-11-19 11:18:38,,,,,,,,,,17.6812496,0.0,973.0,1085.5813,0.0,,,11.3,0.0,9.59,,,0.0,,
2025-11-19 11:18:39+00:00,2025-11-19 11:18:39,,,,,,,,,,17.6812496,0.0,972.0,1085.25623,0.0,,,11.3,0.0,9.59,,,0.0,,
2025-11-19 11:18:40+00:00,2025-11-19 11:18:40,20.0,20.0,20.0,20.0,20.0,,2.0,FALLBACK,Fallback Hz 사용: 20.0Hz (essential_range_violation),17.6812496,0.0,973.0,1085.66248,0.0,,,11.3,0.0,9.59,,,0.0,,
2025-11-19 11:18:41+00:00,2025-11-19 11:18:41,,,,,,,,,,17.6812496,0.0,973.0,1085.66248,0.0,,,11.3,0.0,9.59,,,0.0,,
2025-11-19 11:18:42+00:00,2025-11-19 11:18:42,,,,,,,,,,17.6812496,0.0,974.0,1085.5,0.0,,,11.3,0.0,9.59,,,0.0,,
2025-11-19 11:18:43+00:00,2025-11-19 11:18:43,,,,,,,,,,17.6812496,0.0,974.0,1085.5,0.0,,,11.3,0.0,9.59,,,0.0,,
2025-11-19 11:18:44+00:00,2025-11-19 11:18:44,,,,,,,,,,17.6812496,0.0,973.0,1084.93127,0.0,,,11.3,0.0,9.59,,,0.0,,
2025-11-19 11:18:45+00:00,2025-11-19 11:18:45,20.0,20.0,20.0,20.0,20.0,,2.0,FALLBACK,Fallback Hz 사용: 20.0Hz (essential_range_violation),17.6812496,0.0,972.0,1085.01245,0.0,,,11.3,0.0,9.59,,,0.0,,
2025-11-19 11:18:46+00:00,2025-11-19 11:18:46,,,,,,,,,,17.6812496,0.0,972.0,1085.01245,0.0,,,11.3,0.0,9.59,,,0.0,,
2025-11-19 11:18:47+00:00,2025-11-19 11:18:47,,,,,,,,,,17.6812496,0.0,973.0,1084.7688,0.0,,,11.3,0.0,9.59,,,0.0,,
2025-11-19 11:18:48+00:00,2025-11-19 11:18:48,,,,,,,,,,17.6812496,0.0,973.0,1084.7688,0.0,,,11.3,0.0,9.59,,,0.0,,
2025-11-19 11:18:49+00:00,2025-11-19 11:18:49,,,,,,,,,,17.6812496,0.0,973.0,1084.93127,0.0,,,11.3,0.0,9.59,,,0.0,,
2025-11-19 11:18:50+00:00,2025-11-19 11:18:50,20.0,20.0,20.0,20.0,20.0,,2.0,FALLBACK,Fallback Hz 사용: 20.0Hz (essential_range_violation),17.6812496,0.0,973.0,1084.93127,0.0,,,11.3,0.0,9.59,,,0.0,,
2025-11-19 11:18:51+00:00,2025-11-19 11:18:51,,,,,,,,,,17.6812496,0.0,972.0,1084.93127,0.0,,,11.3,0.0,9.59,,,0.0,,
2025-11-19 11:18:52+00:00,2025-11-19 11:18:52,,,,,,,,,,17.6812496,0.0,972.0,1085.5,0.0,,,11.3,0.0,9.59,,,0.0,,
2025-11-19 11:18:53+00:00,2025-11-19 11:18:53,,,,,,,,,,17.6812496,0.0,972.0,1085.5,0.0,,,11.3,0.0,9.59,,,0.0,,
2025-11-19 11:18:54+00:00,2025-11-19 11:18:54,,,,,,,,,,17.6812496,0.0,972.0,1084.93127,0.0,,,11.3,0.0,9.59,,,0.0,,
2025-11-19 11:18:55+00:00,2025-11-19 11:18:55,20.0,20.0,20.0,20.0,20.0,,2.0,FALLBACK,Fallback Hz 사용: 20.0Hz (essential_range_violation),17.6812496,0.0,974.0,1084.93127,0.0,,,11.3,0.0,9.59,,,0.0,,
2025-11-19 11:18:56+00:00,2025-11-19 11:18:56,,,,,,,,,,17.6812496,0.0,973.0,1085.5813,0.0,,,11.3,0.0,9.59,,,0.0,,
2025-11-19 11:18:57+00:00,2025-11-19 11:18:57,,,,,,,,,,17.6812496,0.0,973.0,1085.5813,0.0,,,11.3,0.0,9.59,,,0.0,,
2025-11-19 11:18:58+00:00,2025-11-19 11:18:58,,,,,,,,,,17.6812496,0.0,972.0,1084.93127,0.0,,,11.3,0.0,9.59,,,0.0,,
2025-11-19 11:18:59+00:00,2025-11-19 11:18:59,,,,,,,,,,17.6812496,0.0,972.0,1084.93127,0.0,,,11.3,0.0,9.59,,,0.0,,
2025-11-19 11:19:00+00:00,2025-11-19 11:19:00,20.0,20.0,20.0,20.0,20.0,,2.0,FALLBACK,Fallback Hz 사용: 20.0Hz (essential_range_violation),17.6812496,0.0,973.0,1084.7688,0.0,,,11.3,0.0,9.59,,,0.0,,
2025-11-19 11:19:01+00:00,2025-11-19 11:19:01,,,,,,,,,,17.6812496,0.0,973.0,1084.7688,0.0,,,11.3,0.0,9.59,,,0.0,,
2025-11-19 11:19:02+00:00,2025-11-19 11:19:02,,,,,,,,,,17.6812496,0.0,972.0,1085.4187,0.0,,,11.3,0.0,9.59,,,0.0,,
2025-11-19 11:19:03+00:00,2025-11-19 11:19:03,,,,,,,,,,17.6812496,0.0,972.0,1085.4187,0.0,,,11.3,0.0,9.59,,,0.0,,
2025-11-19 11:19:04+00:00,2025-11-19 11:19:04,,,,,,,,,,17.6812496,0.0,972.0,1085.5,0.0,,,11.3,0.0,9.59,,,0.0,,
2025-11-19 11:19:05+00:00,2025-11-19 11:19:05,20.0,20.0,20.0,20.0,20.0,,2.0,FALLBACK,Fallback Hz 사용: 20.0Hz (essential_range_violation),17.6812496,0.0,972.0,1084.6875,0.0,,,11.3,0.0,9.59,,,0.0,,
2025-11-19 11:19:06+00:00,2025-11-19 11:19:06,,,,,,,,,,17.6812496,0.0,972.0,1084.6875,0.0,,,11.3,0.0,9.59,,,0.0,,
2025-11-19 11:19:07+00:00,2025-11-19 11:19:07,,,,,,,,,,17.6812496,0.0,973.0,1085.5,0.0,,,11.3,0.0,9.59,,,0.0,,
2025-11-19 11:19:08+00:00,2025-11-19 11:19:08,,,,,,,,,,17.6812496,0.0,973.0,1085.5,0.0,,,11.3,0.0,9.59,,,0.0,,
2025-11-19 11:19:09+00:00,2025-11-19 11:19:09,,,,,,,,,,17.6812496,0.0,972.0,1085.5,0.0,,,11.3,0.0,9.59,,,0.0,,
2025-11-19 11:19:10+00:00,2025-11-19 11:19:10,20.0,20.0,20.0,20.0,20.0,,2.0,FALLBACK,Fallback Hz 사용: 20.0Hz (essential_range_violation),17.6812496,0.0,973.0,1084.84998,0.0,,,11.3,0.0,9.59,,,0.0,,
2025-11-19 11:19:11+00:00,2025-11-19 11:19:11,,,,,,,,,,17.6812496,0.0,973.0,1084.84998,0.0,,,11.3,0.0,9.59,,,0.0,,
2025-11-19 11:19:12+00:00,2025-11-19 11:19:12,,,,,,,,,,17.6812496,0.0,973.0,1085.74377,0.0,,,11.3,0.0,9.59,,,0.0,,
2025-11-19 11:19:13+00:00,2025-11-19 11:19:13,,,,,,,,,,17.6812496,0.0,973.0,1085.74377,0.0,,,11.3,0.0,9.59,,,0.0,,
2025-11-19 11:19:14+00:00,2025-11-19 11:19:14,,,,,,,,,,17.6812496,0.0,973.0,1085.82495,0.0,,,11.3,0.0,9.59,,,0.0,,
2025-11-19 11:19:15+00:00,2025-11-19 11:19:15,20.0,20.0,20.0,20.0,20.0,,2.0,FALLBACK,Fallback Hz 사용: 20.0Hz (essential_range_violation),17.6812496,0.0,972.0,1085.90625,0.0,,,11.3,0.0,9.59,,,0.0,,
2025-11-19 11:19:16+00:00,2025-11-19 11:19:16,,,,,,,,,,17.6812496,0.0,972.0,1085.90625,0.0,,,11.3,0.0,9.59,,,0.0,,
2025-11-19 11:19:17+00:00,2025-11-19 11:19:17,,,,,,,,,,17.6812496,0.0,972.0,1085.90625,0.0,,,11.3,0.0,9.59,,,0.0,,
2025-11-19 11:19:18+00:00,2025-11-19 11:19:18,,,,,,,,,,17.6812496,0.0,972.0,1085.90625,0.0,,,11.3,0.0,9.59,,,0.0,,
2025-11-19 11:19:19+00:00,2025-11-19 11:19:19,,,,,,,,,,17.6812496,0.0,972.0,1085.90625,0.0,,,11.3,0.0,9.59,,,0.0,,
2025-11-19 11:19:20+00:00,2025-11-19 11:19:20,20.0,20.0,20.0,20.0,20.0,,2.0,FALLBACK,Fallback Hz 사용: 20.0Hz (essential_range_violation),17.6812496,0.0,972.0,1084.93127,0.0,,,11.3,0.0,9.59,,,0.0,,
2025-11-19 11:19:21+00:00,2025-11-19 11:19:21,,,,,,,,,,17.6812496,0.0,971.0,1085.09375,0.0,,,11.3,0.0,9.59,,,0.0,,
2025-11-19 11:19:22+00:00,2025-11-19 11:19:22,,,,,,,,,,17.6812496,0.0,971.0,1085.09375,0.0,,,11.3,0.0,9.59,,,0.0,,
2025-11-19 11:19:23+00:00,2025-11-19 11:19:23,,,,,,,,,,17.6812496,0.0,972.0,1084.6875,0.0,,,11.3,0.0,9.59,,,0.0,,
2025-11-19 11:19:24+00:00,2025-11-19 11:19:24,,,,,,,,,,17.6812496,0.0,972.0,1084.6875,0.0,,,11.3,0.0,9.59,,,0.0,,
2025-11-19 11:19:25+00:00,2025-11-19 11:19:25,20.0,20.0,20.0,20.0,20.0,,2.0,FALLBACK,Fallback Hz 사용: 20.0Hz (essential_range_violation),17.6812496,0.0,972.0,1085.90625,0.0,,,11.3,0.0,9.59,,,0.0,,
2025-11-19 11:19:26+00:00,2025-11-19 11:19:26,,,,,,,,,,17.6812496,0.0,971.0,1085.90625,0.0,,,11.3,0.0,9.59,,,0.0,,
2025-11-19 11:19:27+00:00,2025-11-19 11:19:27,,,,,,,,,,17.6812496,0.0,971.0,1085.82495,0.0,,,11.3,0.0,9.59,,,0.0,,
2025-11-19 11:19:28+00:00,2025-11-19 11:19:28,,,,,,,,,,17.6812496,0.0,971.0,1085.82495,0.0,,,11.3,0.0,9.59,,,0.0,,
2025-11-19 11:19:29+00:00,2025-11-19 11:19:29,,,,,,,,,,17.6812496,0.0,971.0,1084.7688,0.0,,,11.3,0.0,9.59,,,0.0,,
2025-11-19 11:19:30+00:00,2025-11-19 11:19:30,20.0,20.0,20.0,20.0,20.0,,2.0,FALLBACK,Fallback Hz 사용: 20.0Hz (essential_range_violation),17.6812496,0.0,971.0,1084.7688,0.0,,,11.3,0.0,9.59,,,0.0,,
2025-11-19 11:19:31+00:00,2025-11-19 11:19:31,,,,,,,,,,17.6812496,0.0,971.0,1084.6875,0.0,,,11.3,0.0,9.59,,,0.0,,
2025-11-19 11:19:32+00:00,2025-11-19 11:19:32,,,,,,,,,,17.6812496,0.0,971.0,1084.6875,0.0,,,11.3,0.0,9.59,,,0.0,,
2025-11-19 11:19:33+00:00,2025-11-19 11:19:33,,,,,,,,,,17.6812496,0.0,972.0,1085.09375,0.0,,,11.3,0.0,9.59,,,0.0,,
2025-11-19 11:19:34+00:00,2025-11-19 11:19:34,,,,,,,,,,17.6812496,0.0,971.0,1085.5,0.0,,,11.3,0.0,9.59,,,0.0,,
2025-11-19 11:19:35+00:00,2025-11-19 11:19:35,20.0,20.0,20.0,20.0,20.0,,2.0,FALLBACK,Fallback Hz 사용: 20.0Hz (essential_range_violation),17.6812496,0.0,971.0,1085.5,0.0,,,11.3,0.0,9.59,,,0.0,,
2025-11-19 11:19:36+00:00,2025-11-19 11:19:36,,,,,,,,,,17.6812496,0.0,972.0,1085.33752,0.0,,,11.3,0.0,9.59,,,0.0,,
2025-11-19 11:19:37+00:00,2025-11-19 11:19:37,,,,,,,,,,17.6812496,0.0,972.0,1084.7688,0.0,,,11.3,0.0,9.59,,,0.0,,
2025-11-19 11:19:38+00:00,2025-11-19 11:19:38,,,,,,,,,,17.6812496,0.0,972.0,1084.7688,0.0,,,11.3,0.0,9.59,,,0.0,,
2025-11-19 11:19:39+00:00,2025-11-19 11:19:39,,,,,,,,,,17.6812496,0.0,972.0,1085.66248,0.0,,,11.3,0.0,9.59,,,0.0,,
2025-11-19 11:19:40+00:00,2025-11-19 11:19:40,20.0,20.0,20.0,20.0,20.0,,2.0,FALLBACK,Fallback Hz 사용: 20.0Hz (essential_range_violation),,,,,,,,,,,,,,,
2025-11-19 11:19:41+00:00,2025-11-19 11:19:41,,,,,,,,,,17.6812496,0.0,972.0,1084.6875,0.0,,,11.3,0.0,9.59,,,0.0,,
2025-11-19 11:19:42+00:00,2025-11-19 11:19:42,,,,,,,,,,17.6812496,0.0,971.0,1085.5813,0.0,,,11.3,0.0,9.59,,,0.0,,
2025-11-19 11:19:43+00:00,2025-11-19 11:19:43,,,,,,,,,,17.6812496,0.0,971.0,1085.5813,0.0,,,11.3,0.0,9.59,,,0.0,,
2025-11-19 11:19:44+00:00,2025-11-19 11:19:44,,,,,,,,,,17.6812496,0.0,971.0,1084.84998,0.0,,,11.3,0.0,9.59,,,0.0,,
2025-11-19 11:19:45+00:00,2025-11-19 11:19:45,20.0,20.0,20.0,20.0,20.0,,2.0,FALLBACK,Fallback Hz 사용: 20.0Hz (essential_range_violation),17.6812496,0.0,971.0,1084.84998,0.0,,,11.3,0.0,9.59,,,0.0,,
2025-11-19 11:19:46+00:00,2025-11-19 11:19:46,,,,,,,,,,17.6812496,0.0,971.0,1085.66248,0.0,,,11.3,0.0,9.59,,,0.0,,
2025-11-19 11:19:47+00:00,2025-11-19 11:19:47,,,,,,,,,,17.6812496,0.0,971.0,1085.66248,0.0,,,11.3,0.0,9.59,,,0.0,,
2025-11-19 11:19:48+00:00,2025-11-19 11:19:48,,,,,,,,,,17.6812496,0.0,971.0,1085.09375,0.0,,,11.3,0.0,9.59,,,0.0,,
2025-11-19 11:19:49+00:00,2025-11-19 11:19:49,,,,,,,,,,17.6812496,0.0,971.0,1085.09375,0.0,,,11.3,0.0,9.59,,,0.0,,
2025-11-19 11:19:50+00:00,2025-11-19 11:19:50,20.0,20.0,20.0,20.0,20.0,,2.0,FALLBACK,Fallback Hz 사용: 20.0Hz (essential_range_violation),17.6812496,0.0,970.0,1084.93127,0.0,,,11.3,0.0,9.59,,,0.0,,
2025-11-19 11:19:51+00:00,2025-11-19 11:19:51,,,,,,,,,,17.6812496,0.0,970.0,1084.93127,0.0,,,11.3,0.0,9.59,,,0.0,,
2025-11-19 11:19:52+00:00,2025-11-19 11:19:52,,,,,,,,,,17.6812496,0.0,970.0,1085.66248,0.0,,,11.3,0.0,9.59,,,0.0,,
2025-11-19 11:19:53+00:00,2025-11-19 11:19:53,,,,,,,,,,17.6812496,0.0,972.0,1085.25623,0.0,,,11.3,0.0,9.59,,,0.0,,
2025-11-19 11:19:54+00:00,2025-11-19 11:19:54,,,,,,,,,,17.6812496,0.0,971.0,1085.82495,0.0,,,11.3,0.0,9.59,,,0.0,,
2025-11-19 11:19:55+00:00,2025-11-19 11:19:55,20.0,20.0,20.0,20.0,20.0,,2.0,FALLBACK,Fallback Hz 사용: 20.0Hz (essential_range_violation),17.6812496,0.0,971.0,1085.82495,0.0,,,11.3,0.0,9.59,,,0.0,,
2025-11-19 11:19:56+00:00,2025-11-19 11:19:56,,,,,,,,,,17.6812496,0.0,972.0,1085.25623,0.0,,,11.3,0.0,9.59,,,0.0,,
2025-11-19 11:19:57+00:00,2025-11-19 11:19:57,,,,,,,,,,17.6812496,0.0,972.0,1085.25623,0.0,,,11.3,0.0,9.59,,,0.0,,
2025-11-19 11:19:58+00:00,2025-11-19 11:19:58,,,,,,,,,,17.6812496,0.0,971.0,1084.7688,0.0,,,11.3,0.0,9.59,,,0.0,,
2025-11-19 11:19:59+00:00,2025-11-19 11:19:59,,,,,,,,,,17.6812496,0.0,971.0,1084.7688,0.0,,,11.3,0.0,9.59,,,0.0,,
2025-11-19 11:20:00+00:00,2025-11-19 11:20:00,20.0,20.0,20.0,20.0,20.0,,2.0,FALLBACK,Fallback Hz 사용: 20.0Hz (essential_range_violation),17.6812496,0.0,971.0,1085.4187,0.0,,,11.3,0.0,9.59,,,0.0,,
2025-11-19 11:20:01+00:00,2025-11-19 11:20:01,,,,,,,,,,17.6812496,0.0,971.0,1085.4187,0.0,,,11.3,0.0,9.59,,,0.0,,
2025-11-19 11:20:02+00:00,2025-11-19 11:20:02,,,,,,,,,,17.6812496,0.0,972.0,1084.93127,0.0,,,11.3,0.0,9.59,,,0.0,,
2025-11-19 11:20:03+00:00,2025-11-19 11:20:03,,,,,,,,,,17.6812496,0.0,972.0,1085.5,0.0,,,11.3,0.0,9.59,,,0.0,,
2025-11-19 11:20:04+00:00,2025-11-19 11:20:04,,,,,,,,,,17.6812496,0.0,970.0,1085.5,0.0,,,11.3,0.0,9.59,,,0.0,,
2025-11-19 11:20:05+00:00,2025-11-19 11:20:05,20.0,20.0,20.0,20.0,20.0,,2.0,FALLBACK,Fallback Hz 사용: 20.0Hz (essential_range_violation),17.6812496,0.0,970.0,1085.09375,0.0,,,11.3,0.0,9.59,,,0.0,,
2025-11-19 11:20:06+00:00,2025-11-19 11:20:06,,,,,,,,,,17.6812496,0.0,971.0,1085.74377,0.0,,,11.3,0.0,9.59,,,0.0,,
2025-11-19 11:20:07+00:00,2025-11-19 11:20:07,,,,,,,,,,17.6812496,0.0,971.0,1084.84998,0.0,,,11.3,0.0,9.59,,,0.0,,
2025-11-19 11:20:08+00:00,2025-11-19 11:20:08,,,,,,,,,,17.6812496,0.0,972.0,1085.82495,0.0,,,11.3,0.0,9.59,,,0.0,,
2025-11-19 11:20:09+00:00,2025-11-19 11:20:09,,,,,,,,,,17.6812496,0.0,972.0,1085.82495,0.0,,,11.3,0.0,9.59,,,0.0,,
2025-11-19 11:20:10+00:00,2025-11-19 11:20:10,20.0,20.0,20.0,20.0,20.0,,2.0,FALLBACK,Fallback Hz 사용: 20.0Hz (essential_range_violation),17.6812496,0.0,970.0,1084.6875,0.0,,,11.3,0.0,9.59,,,0.0,,
2025-11-19 11:20:11+00:00,2025-11-19 11:20:11,,,,,,,,,,17.6812496,0.0,970.0,1084.6875,0.0,,,11.3,0.0,9.59,,,0.0,,
2025-11-19 11:20:12+00:00,2025-11-19 11:20:12,,,,,,,,,,17.6812496,0.0,971.0,1085.66248,0.0,,,11.3,0.0,9.59,,,0.0,,
2025-11-19 11:20:13+00:00,2025-11-19 11:20:13,,,,,,,,,,17.6812496,0.0,971.0,1085.66248,0.0,,,11.3,0.0,9.59,,,0.0,,
2025-11-19 11:20:14+00:00,2025-11-19 11:20:14,,,,,,,,,,17.6812496,0.0,972.0,1085.09375,0.0,,,11.3,0.0,9.59,,,0.0,,
2025-11-19 11:20:15+00:00,2025-11-19 11:20:15,20.0,20.0,20.0,20.0,20.0,,2.0,FALLBACK,Fallback Hz 사용: 20.0Hz (essential_range_violation),17.6812496,0.0,970.0,1085.25623,0.0,,,11.3,0.0,9.59,,,0.0,,
2025-11-19 11:20:16+00:00,2025-11-19 11:20:16,,,,,,,,,,17.6812496,0.0,971.0,1085.17505,0.0,,,11.3,0.0,9.59,,,0.0,,
2025-11-19 11:20:17+00:00,2025-11-19 11:20:17,,,,,,,,,,17.6812496,0.0,970.0,1084.7688,0.0,,,11.3,0.0,9.59,,,0.0,,
2025-11-19 11:20:18+00:00,2025-11-19 11:20:18,,,,,,,,,,17.6812496,0.0,970.0,1085.66248,0.0,,,11.3,0.0,9.59,,,0.0,,
2025-11-19 11:20:19+00:00,2025-11-19 11:20:19,,,,,,,,,,17.6812496,0.0,969.0,1085.90625,0.0,,,11.3,0.0,9.59,,,0.0,,
2025-11-19 11:20:20+00:00,2025-11-19 11:20:20,20.0,20.0,20.0,20.0,20.0,,2.0,FALLBACK,Fallback Hz 사용: 20.0Hz (essential_range_violation),17.6812496,0.0,969.0,1084.84998,0.0,,,11.3,0.0,9.59,,,0.0,,
2025-11-19 11:20:21+00:00,2025-11-19 11:20:21,,,,,,,,,,17.6812496,0.0,969.0,1084.84998,0.0,,,11.3,0.0,9.59,,,0.0,,
2025-11-19 11:20:22+00:00,2025-11-19 11:20:22,,,,,,,,,,17.6812496,0.0,969.0,1085.90625,0.0,,,11.3,0.0,9.59,,,0.0,,
2025-11-19 11:20:23+00:00,2025-11-19 11:20:23,,,,,,,,,,17.6812496,0.0,969.0,1084.93127,0.0,,,11.3,0.0,9.59,,,0.0,,
2025-11-19 11:20:24+00:00,2025-11-19 11:20:24,,,,,,,,,,17.6812496,0.0,969.0,1084.93127,0.0,,,11.3,0.0,9.59,,,0.0,,
2025-11-19 11:20:25+00:00,2025-11-19 11:20:25,20.0,20.0,20.0,20.0,20.0,,2.0,FALLBACK,Fallback Hz 사용: 20.0Hz (essential_range_violation),17.6812496,0.0,969.0,1085.90625,0.0,,,11.3,0.0,9.59,,,0.0,,
2025-11-19 11:20:26+00:00,2025-11-19 11:20:26,,,,,,,,,,17.6812496,0.0,969.0,1085.90625,0.0,,,11.3,0.0,9.59,,,0.0,,
2025-11-19 11:20:27+00:00,2025-11-19 11:20:27,,,,,,,,,,17.6812496,0.0,970.0,1084.6875,0.0,,,11.3,0.0,9.59,,,0.0,,
2025-11-19 11:20:28+00:00,2025-11-19 11:20:28,,,,,,,,,,17.6812496,0.0,969.0,1084.11877,0.0,,,11.3,0.0,9.59,,,0.0,,
2025-11-19 11:20:29+00:00,2025-11-19 11:20:29,,,,,,,,,,17.6812496,0.0,969.0,1084.11877,0.0,,,11.3,0.0,9.59,,,0.0,,
2025-11-19 11:20:30+00:00,2025-11-19 11:20:30,20.0,20.0,20.0,20.0,20.0,,2.0,FALLBACK,Fallback Hz 사용: 20.0Hz (essential_range_violation),17.6812496,0.0,970.0,1083.1438,0.0,,,11.3,0.0,9.59,,,0.0,,
2025-11-19 11:20:31+00:00,2025-11-19 11:20:31,,,,,,,,,,17.6812496,0.0,970.0,1083.1438,0.0,,,11.3,0.0,9.59,,,0.0,,
2025-11-19 11:20:32+00:00,2025-11-19 11:20:32,,,,,,,,,,17.6812496,0.0,970.0,1083.38745,0.0,,,11.3,0.0,9.59,,,0.0,,
2025-11-19 11:20:33+00:00,2025-11-19 11:20:33,,,,,,,,,,17.6812496,0.0,970.0,1083.38745,0.0,,,11.3,0.0,9.59,,,0.0,,
2025-11-19 11:20:34+00:00,2025-11-19 11:20:34,,,,,,,,,,17.6812496,0.0,970.0,1083.22498,0.0,,,11.3,0.0,9.59,,,0.0,,
2025-11-19 11:20:35+00:00,2025-11-19 11:20:35,20.0,20.0,20.0,20.0,20.0,,2.0,FALLBACK,Fallback Hz 사용: 20.0Hz (essential_range_violation),17.6812496,0.0,970.0,1083.30627,0.0,,,11.3,0.0,9.59,,,0.0,,
2025-11-19 11:20:36+00:00,2025-11-19 11:20:36,,,,,,,,,,17.6812496,0.0,970.0,1083.30627,0.0,,,11.3,0.0,9.59,,,0.0,,
2025-11-19 11:20:37+00:00,2025-11-19 11:20:37,,,,,,,,,,17.6812496,0.0,970.0,1082.65625,0.0,,,11.3,0.0,9.59,,,0.0,,
2025-11-19 11:20:38+00:00,2025-11-19 11:20:38,,,,,,,,,,17.6812496,0.0,969.0,1082.1687,0.0,,,11.3,0.0,9.59,,,0.0,,
2025-11-19 11:20:39+00:00,2025-11-19 11:20:39,,,,,,,,,,17.6812496,0.0,969.0,1082.00623,0.0,,,11.3,0.0,9.59,,,0.0,,
2025-11-19 11:20:40+00:00,2025-11-19 11:20:40,20.0,20.0,20.0,20.0,20.0,,2.0,FALLBACK,Fallback Hz 사용: 20.0Hz (essential_range_violation),17.6812496,0.0,969.0,1082.00623,0.0,,,11.3,0.0,9.59,,,0.0,,
2025-11-19 11:20:41+00:00,2025-11-19 11:20:41,,,,,,,,,,17.6812496,0.0,970.0,1081.59998,0.0,,,11.3,0.0,9.59,,,0.0,,
2025-11-19 11:20:42+00:00,2025-11-19 11:20:42,,,,,,,,,,17.6812496,0.0,970.0,1081.59998,0.0,,,11.3,0.0,9.59,,,0.0,,
2025-11-19 11:20:43+00:00,2025-11-19 11:20:43,,,,,,,,,,17.6812496,0.0,970.0,1081.27502,0.0,,,11.3,0.0,9.59,,,0.0,,
2025-11-19 11:20:44+00:00,2025-11-19 11:20:44,,,,,,,,,,17.6812496,0.0,970.0,1081.27502,0.0,,,11.3,0.0,9.59,,,0.0,,
2025-11-19 11:20:45+00:00,2025-11-19 11:20:45,20.0,20.0,20.0,20.0,20.0,,2.0,FALLBACK,Fallback Hz 사용: 20.0Hz (essential_range_violation),17.6812496,0.0,970.0,1081.27502,0.0,,,11.3,0.0,9.59,,,0.0,,
2025-11-19 11:20:46+00:00,2025-11-19 11:20:46,,,,,,,,,,17.6812496,0.0,970.0,1080.78748,0.0,,,11.3,0.0,9.59,,,0.0,,
2025-11-19 11:20:47+00:00,2025-11-19 11:20:47,,,,,,,,,,17.6812496,0.0,970.0,1080.78748,0.0,,,11.3,0.0,9.59,,,0.0,,
2025-11-19 11:20:48+00:00,2025-11-19 11:20:48,,,,,,,,,,17.6812496,0.0,969.0,1080.21875,0.0,,,11.3,0.0,9.59,,,0.0,,
2025-11-19 11:20:49+00:00,2025-11-19 11:20:49,,,,,,,,,,17.6812496,0.0,970.0,1080.78748,0.0,,,11.3,0.0,9.59,,,0.0,,
2025-11-19 11:20:50+00:00,2025-11-19 11:20:50,20.0,20.0,20.0,20.0,20.0,,2.0,FALLBACK,Fallback Hz 사용: 20.0Hz (essential_range_violation),17.6812496,0.0,969.0,1080.625,0.0,,,11.3,0.0,9.59,,,0.0,,
2025-11-19 11:20:51+00:00,2025-11-19 11:20:51,,,,,,,,,,17.6812496,0.0,969.0,1080.625,0.0,,,11.3,0.0,9.59,,,0.0,,
2025-11-19 11:20:52+00:00,2025-11-19 11:20:52,,,,,,,,,,17.6812496,0.0,969.0,1080.46252,0.0,,,11.3,0.0,9.59,,,0.0,,
2025-11-19 11:20:53+00:00,2025-11-19 11:20:53,,,,,,,,,,17.6812496,0.0,971.0,1078.34998,0.0,,,11.3,0.0,9.59,,,0.0,,
2025-11-19 11:20:54+00:00,2025-11-19 11:20:54,,,,,,,,,,17.6812496,0.0,969.0,1078.75623,0.0,,,11.3,0.0,9.59,,,0.0,,
2025-11-19 11:20:55+00:00,2025-11-19 11:20:55,20.0,20.0,20.0,20.0,20.0,,2.0,FALLBACK,Fallback Hz 사용: 20.0Hz (essential_range_violation),17.6812496,0.0,969.0,1078.75623,0.0,,,11.3,0.0,9.59,,,0.0,,
2025-11-19 11:20:56+00:00,2025-11-19 11:20:56,,,,,,,,,,17.6812496,0.0,970.0,1079.0,0.0,,,11.3,0.0,9.59,,,0.0,,
2025-11-19 11:20:57+00:00,2025-11-19 11:20:57,,,,,,,,,,17.6812496,0.0,970.0,1078.75623,0.0,,,11.3,0.0,9.59,,,0.0,,
2025-11-19 11:20:58+00:00,2025-11-19 11:20:58,,,,,,,,,,17.6812496,0.0,970.0,1078.75623,0.0,,,11.3,0.0,9.59,,,0.0,,
2025-11-19 11:20:59+00:00,2025-11-19 11:20:59,,,,,,,,,,17.6812496,0.0,970.0,1078.83752,0.0,,,11.3,0.0,9.59,,,0.0,,
2025-11-19 11:21:00+00:00,2025-11-19 11:21:00,20.0,20.0,20.0,20.0,20.0,,2.0,FALLBACK,Fallback Hz 사용: 20.0Hz (essential_range_violation),17.6812496,0.0,970.0,1078.83752,0.0,,,11.3,0.0,9.59,,,0.0,,
2025-11-19 11:21:01+00:00,2025-11-19 11:21:01,,,,,,,,,,17.6812496,0.0,970.0,1078.1875,0.0,,,11.3,0.0,9.59,,,0.0,,
2025-11-19 11:21:02+00:00,2025-11-19 11:21:02,,,,,,,,,,17.6812496,0.0,970.0,1078.1875,0.0,,,11.3,0.0,9.59,,,0.0,,
2025-11-19 11:21:03+00:00,2025-11-19 11:21:03,,,,,,,,,,17.6812496,0.0,970.0,1078.67505,0.0,,,11.3,0.0,9.59,,,0.0,,
2025-11-19 11:21:04+00:00,2025-11-19 11:21:04,,,,,,,,,,17.6812496,0.0,970.0,1078.67505,0.0,,,11.3,0.0,9.59,,,0.0,,
2025-11-19 11:21:05+00:00,2025-11-19 11:21:05,20.0,20.0,20.0,20.0,20.0,,2.0,FALLBACK,Fallback Hz 사용: 20.0Hz (essential_range_violation),17.6812496,0.0,970.0,1078.67505,0.0,,,11.3,0.0,9.59,,,0.0,,
2025-11-19 11:21:06+00:00,2025-11-19 11:21:06,,,,,,,,,,17.6812496,0.0,970.0,1079.24377,0.0,,,11.3,0.0,9.59,,,0.0,,
2025-11-19 11:21:07+00:00,2025-11-19 11:21:07,,,,,,,,,,17.6812496,0.0,970.0,1079.24377,0.0,,,11.3,0.0,9.59,,,0.0,,
2025-11-19 11:21:08+00:00,2025-11-19 11:21:08,,,,,,,,,,17.6812496,0.0,970.0,1079.24377,0.0,,,11.3,0.0,9.59,,,0.0,,
2025-11-19 11:21:09+00:00,2025-11-19 11:21:09,,,,,,,,,,17.6812496,0.0,970.0,1079.24377,0.0,,,11.3,0.0,9.59,,,0.0,,
2025-11-19 11:21:10+00:00,2025-11-19 11:21:10,20.0,20.0,20.0,20.0,20.0,,2.0,FALLBACK,Fallback Hz 사용: 20.0Hz (essential_range_violation),17.6812496,0.0,971.0,1079.24377,0.0,,,11.3,0.0,9.59,,,0.0,,
2025-11-19 11:21:11+00:00,2025-11-19 11:21:11,,,,,,,,,,17.6812496,0.0,971.0,1077.53748,0.0,,,11.3,0.0,9.59,,,0.0,,
2025-11-19 11:21:12+00:00,2025-11-19 11:21:12,,,,,,,,,,17.6812496,0.0,969.0,1077.53748,0.0,,,11.3,0.0,9.59,,,0.0,,
2025-11-19 11:21:13+00:00,2025-11-19 11:21:13,,,,,,,,,,17.6812496,0.0,969.0,1076.5625,0.0,,,11.3,0.0,9.59,,,0.0,,
2025-11-19 11:21:14+00:00,2025-11-19 11:21:14,,,,,,,,,,17.6812496,0.0,969.0,1076.5625,0.0,,,11.3,0.0,9.59,,,0.0,,
2025-11-19 11:21:15+00:00,2025-11-19 11:21:15,20.0,20.0,20.0,20.0,20.0,,2.0,FALLBACK,Fallback Hz 사용: 20.0Hz (essential_range_violation),17.6812496,0.0,970.0,1076.5625,0.0,,,11.3,0.0,9.59,,,0.0,,
2025-11-19 11:21:16+00:00,2025-11-19 11:21:16,,,,,,,,,,17.6812496,0.0,970.0,1076.15625,0.0,,,11.3,0.0,9.59,,,0.0,,
2025-11-19 11:21:17+00:00,2025-11-19 11:21:17,,,,,,,,,,17.6812496,0.0,970.0,1074.8562,0.0,,,11.3,0.0,9.59,,,0.0,,
2025-11-19 11:21:18+00:00,2025-11-19 11:21:18,,,,,,,,,,17.6812496,0.0,970.0,1074.8562,0.0,,,11.3,0.0,9.59,,,0.0,,
2025-11-19 11:21:19+00:00,2025-11-19 11:21:19,,,,,,,,,,17.6812496,0.0,969.0,1074.8562,0.0,,,11.3,0.0,9.59,,,0.0,,
2025-11-19 11:21:20+00:00,2025-11-19 11:21:20,20.0,20.0,20.0,20.0,20.0,,2.0,FALLBACK,Fallback Hz 사용: 20.0Hz (essential_range_violation),17.6812496,0.0,969.0,1074.69373,0.0,,,11.3,0.0,9.59,,,0.0,,
2025-11-19 11:21:22+00:00,2025-11-19 11:21:22,,,,,,,,,,17.6812496,0.0,970.0,1074.69373,0.0,,,11.3,0.0,9.59,,,0.0,,
2025-11-19 11:21:23+00:00,2025-11-19 11:21:23,,,,,,,,,,17.6812496,0.0,970.0,1075.75,0.0,,,11.3,0.0,9.59,,,0.0,,
2025-11-19 11:21:24+00:00,2025-11-19 11:21:24,,,,,,,,,,17.6812496,0.0,970.0,1075.75,0.0,,,11.3,0.0,9.59,,,0.0,,
2025-11-19 11:21:25+00:00,2025-11-19 11:21:25,20.0,20.0,20.0,20.0,20.0,,2.0,FALLBACK,Fallback Hz 사용: 20.0Hz (essential_range_violation),17.6812496,0.0,970.0,1074.9375,0.0,,,11.3,0.0,9.59,,,0.0,,
2025-11-19 11:21:26+00:00,2025-11-19 11:21:26,,,,,,,,,,17.6812496,0.0,969.0,1075.8313,0.0,,,11.3,0.0,9.59,,,0.0,,
2025-11-19 11:21:27+00:00,2025-11-19 11:21:27,,,,,,,,,,17.6812496,0.0,970.0,1075.0188,0.0,,,11.3,0.0,9.59,,,0.0,,
2025-11-19 11:21:28+00:00,2025-11-19 11:21:28,,,,,,,,,,17.6812496,0.0,970.0,1075.0188,0.0,,,11.3,0.0,9.59,,,0.0,,
2025-11-19 11:21:29+00:00,2025-11-19 11:21:29,,,,,,,,,,17.6812496,0.0,970.0,1073.71875,0.0,,,11.3,0.0,9.59,,,0.0,,
2025-11-19 11:21:30+00:00,2025-11-19 11:21:30,20.0,20.0,20.0,20.0,20.0,,2.0,FALLBACK,Fallback Hz 사용: 20.0Hz (essential_range_violation),17.6812496,0.0,969.0,1074.0437,0.0,,,11.3,0.0,9.59,,,0.0,,
2025-11-19 11:21:31+00:00,2025-11-19 11:21:31,,,,,,,,,,17.6812496,0.0,969.0,1074.0437,0.0,,,11.3,0.0,9.59,,,0.0,,
2025-11-19 11:21:32+00:00,2025-11-19 11:21:32,,,,,,,,,,17.6812496,0.0,970.0,1073.80005,0.0,,,11.3,0.0,9.59,,,0.0,,
2025-11-19 11:21:33+00:00,2025-11-19 11:21:33,,,,,,,,,,17.6812496,0.0,970.0,1073.80005,0.0,,,11.3,0.0,9.59,,,0.0,,
2025-11-19 11:21:34+00:00,2025-11-19 11:21:34,,,,,,,,,,17.6812496,0.0,971.0,1072.4187,0.0,,,11.3,0.0,9.59,,,0.0,,
2025-11-19 11:21:35+00:00,2025-11-19 11:21:35,20.0,20.0,20.0,20.0,20.0,,2.0,FALLBACK,Fallback Hz 사용: 20.0Hz (essential_range_violation),17.6812496,0.0,970.0,1072.4187,0.0,,,11.3,0.0,9.59,,,0.0,,
2025-11-19 11:21:36+00:00,2025-11-19 11:21:36,,,,,,,,,,17.6812496,0.0,970.0,1071.6875,0.0,,,11.3,0.0,9.59,,,0.0,,
2025-11-19 11:21:37+00:00,2025-11-19 11:21:37,,,,,,,,,,17.6812496,0.0,970.0,1071.6875,0.0,,,11.3,0.0,9.59,,,0.0,,
2025-11-19 11:21:38+00:00,2025-11-19 11:21:38,,,,,,,,,,17.6812496,0.0,970.0,1072.66248,0.0,,,11.3,0.0,9.59,,,0.0,,
2025-11-19 11:21:39+00:00,2025-11-19 11:21:39,,,,,,,,,,17.6812496,0.0,971.0,1071.84998,0.0,,,11.3,0.0,9.59,,,0.0,,
2025-11-19 11:21:40+00:00,2025-11-19 11:21:40,20.0,20.0,20.0,20.0,20.0,,2.0,FALLBACK,Fallback Hz 사용: 20.0Hz (essential_range_violation),17.6812496,0.0,971.0,1071.84998,0.0,,,11.3,0.0,9.59,,,0.0,,
2025-11-19 11:21:41+00:00,2025-11-19 11:21:41,,,,,,,,,,17.6812496,0.0,970.0,1072.82495,0.0,,,11.3,0.0,9.59,,,0.0,,
2025-11-19 11:21:42+00:00,2025-11-19 11:21:42,,,,,,,,,,17.6812496,0.0,971.0,1071.6875,0.0,,,11.3,0.0,9.59,,,0.0,,
2025-11-19 11:21:43+00:00,2025-11-19 11:21:43,,,,,,,,,,17.6812496,0.0,971.0,1071.6875,0.0,,,11.3,0.0,9.59,,,0.0,,
2025-11-19 11:21:44+00:00,2025-11-19 11:21:44,,,,,,,,,,17.6812496,0.0,970.0,1071.6875,0.0,,,11.3,0.0,9.59,,,0.0,,
2025-11-19 11:21:45+00:00,2025-11-19 11:21:45,20.0,20.0,20.0,20.0,20.0,,2.0,FALLBACK,Fallback Hz 사용: 20.0Hz (essential_range_violation),17.6812496,0.0,970.0,1072.09375,0.0,,,11.3,0.0,9.59,,,0.0,,
2025-11-19 11:21:46+00:00,2025-11-19 11:21:46,,,,,,,,,,17.6812496,0.0,969.0,1072.66248,0.0,,,11.3,0.0,9.59,,,0.0,,
2025-11-19 11:21:47+00:00,2025-11-19 11:21:47,,,,,,,,,,17.6812496,0.0,970.0,1072.74377,0.0,,,11.3,0.0,9.59,,,0.0,,
2025-11-19 11:21:48+00:00,2025-11-19 11:21:48,,,,,,,,,,17.6812496,0.0,970.0,1072.74377,0.0,,,11.3,0.0,9.59,,,0.0,,
2025-11-19 11:21:49+00:00,2025-11-19 11:21:49,,,,,,,,,,17.6812496,0.0,969.0,1071.28125,0.0,,,11.3,0.0,9.59,,,0.0,,
2025-11-19 11:21:50+00:00,2025-11-19 11:21:50,20.0,20.0,20.0,20.0,20.0,,2.0,FALLBACK,Fallback Hz 사용: 20.0Hz (essential_range_violation),17.6812496,0.0,969.0,1071.28125,0.0,,,11.3,0.0,9.59,,,0.0,,
2025-11-19 11:21:51+00:00,2025-11-19 11:21:51,,,,,,,,,,17.6812496,0.0,970.0,1071.28125,0.0,,,11.3,0.0,9.59,,,0.0,,
2025-11-19 11:21:52+00:00,2025-11-19 11:21:52,,,,,,,,,,17.6812496,0.0,970.0,1068.92505,0.0,,,11.3,0.0,9.59,,,0.0,,
2025-11-19 11:21:53+00:00,2025-11-19 11:21:53,,,,,,,,,,17.6812496,0.0,969.0,1068.92505,0.0,,,11.3,0.0,9.59,,,0.0,,
2025-11-19 11:21:54+00:00,2025-11-19 11:21:54,,,,,,,,,,17.6812496,0.0,969.0,1069.3313,0.0,,,11.3,0.0,9.59,,,0.0,,
2025-11-19 11:21:55+00:00,2025-11-19 11:21:55,20.0,20.0,20.0,20.0,20.0,,2.0,FALLBACK,Fallback Hz 사용: 20.0Hz (essential_range_violation),17.6812496,0.0,972.0,1068.4375,0.0,,,11.3,0.0,9.59,,,0.0,,
2025-11-19 11:21:56+00:00,2025-11-19 11:21:56,,,,,,,,,,17.6812496,0.0,971.0,1068.4375,0.0,,,11.3,0.0,9.59,,,0.0,,
2025-11-19 11:21:57+00:00,2025-11-19 11:21:57,,,,,,,,,,17.6812496,0.0,971.0,1067.625,0.0,,,11.3,0.0,9.59,,,0.0,,
2025-11-19 11:21:58+00:00,2025-11-19 11:21:58,,,,,,,,,,17.6812496,0.0,971.0,1067.86877,0.0,,,11.3,0.0,9.59,,,0.0,,
2025-11-19 11:21:59+00:00,2025-11-19 11:21:59,,,,,,,,,,17.6812496,0.0,971.0,1067.86877,0.0,,,11.3,0.0,9.59,,,0.0,,
2025-11-19 11:22:00+00:00,2025-11-19 11:22:00,20.0,20.0,20.0,20.0,20.0,,2.0,FALLBACK,Fallback Hz 사용: 20.0Hz (essential_range_violation),17.6812496,0.0,973.0,1067.38123,0.0,,,11.3,0.0,9.59,,,0.0,,
2025-11-19 11:22:01+00:00,2025-11-19 11:22:01,,,,,,,,,,17.6812496,0.0,973.0,1066.0,0.0,,,11.3,0.0,9.59,,,0.0,,
2025-11-19 11:22:02+00:00,2025-11-19 11:22:02,,,,,,,,,,17.6812496,0.0,973.0,1066.0,0.0,,,11.3,0.0,9.59,,,0.0,,
2025-11-19 11:22:03+00:00,2025-11-19 11:22:03,,,,,,,,,,17.6812496,0.0,973.0,1065.83752,0.0,,,11.3,0.0,9.59,,,0.0,,
2025-11-19 11:22:04+00:00,2025-11-19 11:22:04,,,,,,,,,,17.6812496,0.0,973.0,1065.43127,0.0,,,11.3,0.0,9.59,,,0.0,,
2025-11-19 11:22:05+00:00,2025-11-19 11:22:05,20.0,20.0,20.0,20.0,20.0,,2.0,FALLBACK,Fallback Hz 사용: 20.0Hz (essential_range_violation),17.6812496,0.0,972.0,1065.2688,0.0,,,11.3,0.0,9.59,,,0.0,,
2025-11-19 11:22:06+00:00,2025-11-19 11:22:06,,,,,,,,,,17.6812496,0.0,973.0,1065.75623,0.0,,,11.3,0.0,9.59,,,0.0,,
2025-11-19 11:22:07+00:00,2025-11-19 11:22:07,,,,,,,,,,17.6812496,0.0,973.0,1065.75623,0.0,,,11.3,0.0,9.59,,,0.0,,
2025-11-19 11:22:08+00:00,2025-11-19 11:22:08,,,,,,,,,,17.6812496,0.0,974.0,1066.24377,0.0,,,11.3,0.0,9.59,,,0.0,,
2025-11-19 11:22:09+00:00,2025-11-19 11:22:09,,,,,,,,,,17.6812496,0.0,974.0,1066.24377,0.0,,,11.3,0.0,9.59,,,0.0,,
2025-11-19 11:22:10+00:00,2025-11-19 11:22:10,20.0,20.0,20.0,20.0,20.0,,2.0,FALLBACK,Fallback Hz 사용: 20.0Hz (essential_range_violation),17.6812496,0.0,974.0,1066.48755,0.0,,,11.3,0.0,9.59,,,0.0,,
2025-11-19 11:22:11+00:00,2025-11-19 11:22:11,,,,,,,,,,17.6812496,0.0,975.0,1065.34998,0.0,,,11.3,0.0,9.59,,,0.0,,
2025-11-19 11:22:12+00:00,2025-11-19 11:22:12,,,,,,,,,,17.6812496,0.0,975.0,1065.2688,0.0,,,11.3,0.0,9.59,,,0.0,,
2025-11-19 11:22:13+00:00,2025-11-19 11:22:13,,,,,,,,,,17.6812496,0.0,975.0,1065.2688,0.0,,,11.3,0.0,9.59,,,0.0,,
2025-11-19 11:22:14+00:00,2025-11-19 11:22:14,,,,,,,,,,17.6812496,0.0,975.0,1065.2688,0.0,,,11.3,0.0,9.59,,,0.0,,
2025-11-19 11:22:15+00:00,2025-11-19 11:22:15,20.0,20.0,20.0,20.0,20.0,,2.0,FALLBACK,Fallback Hz 사용: 20.0Hz (essential_range_violation),17.6812496,0.0,975.0,1066.40625,0.0,,,11.3,0.0,9.59,,,0.0,,
2025-11-19 11:22:16+00:00,2025-11-19 11:22:16,,,,,,,,,,17.6812496,0.0,975.0,1066.40625,0.0,,,11.3,0.0,9.59,,,0.0,,
2025-11-19 11:22:17+00:00,2025-11-19 11:22:17,,,,,,,,,,17.6812496,0.0,975.0,1067.05627,0.0,,,11.3,0.0,9.59,,,0.0,,
2025-11-19 11:22:18+00:00,2025-11-19 11:22:18,,,,,,,,,,17.6812496,0.0,974.0,1067.05627,0.0,,,11.3,0.0,9.59,,,0.0,,
2025-11-19 11:22:19+00:00,2025-11-19 11:22:19,,,,,,,,,,17.6812496,0.0,975.0,1068.03125,0.0,,,11.3,0.0,9.59,,,0.0,,
2025-11-19 11:22:20+00:00,2025-11-19 11:22:20,20.0,20.0,20.0,20.0,20.0,,2.0,FALLBACK,Fallback Hz 사용: 20.0Hz (essential_range_violation),17.6812496,0.0,975.0,1068.03125,0.0,,,11.3,0.0,9.59,,,0.0,,
2025-11-19 11:22:21+00:00,2025-11-19 11:22:21,,,,,,,,,,17.6812496,0.0,975.0,1068.03125,0.0,,,11.3,0.0,9.59,,,0.0,,
2025-11-19 11:22:22+00:00,2025-11-19 11:22:22,,,,,,,,,,17.6812496,0.0,974.0,1067.94995,0.0,,,11.3,0.0,9.59,,,0.0,,
2025-11-19 11:22:23+00:00,2025-11-19 11:22:23,,,,,,,,,,17.6812496,0.0,974.0,1067.94995,0.0,,,11.3,0.0,9.59,,,0.0,,
2025-11-19 11:22:24+00:00,2025-11-19 11:22:24,,,,,,,,,,17.6812496,0.0,974.0,1068.5188,0.0,,,11.3,0.0,9.59,,,0.0,,
2025-11-19 11:22:25+00:00,2025-11-19 11:22:25,20.0,20.0,20.0,20.0,20.0,,2.0,FALLBACK,Fallback Hz 사용: 20.0Hz (essential_range_violation),17.6812496,0.0,974.0,1068.5188,0.0,,,11.3,0.0,9.59,,,0.0,,
2025-11-19 11:22:26+00:00,2025-11-19 11:22:26,,,,,,,,,,17.6812496,0.0,974.0,1068.5188,0.0,,,11.3,0.0,9.59,,,0.0,,
2025-11-19 11:22:27+00:00,2025-11-19 11:22:27,,,,,,,,,,17.6812496,0.0,974.0,1070.875,0.0,,,11.3,0.0,9.59,,,0.0,,
2025-11-19 11:22:28+00:00,2025-11-19 11:22:28,,,,,,,,,,17.6812496,0.0,974.0,1070.875,0.0,,,11.3,0.0,9.59,,,0.0,,
2025-11-19 11:22:29+00:00,2025-11-19 11:22:29,,,,,,,,,,17.6812496,0.0,973.0,1070.30627,0.0,,,11.3,0.0,9.59,,,0.0,,
2025-11-19 11:22:30+00:00,2025-11-19 11:22:30,20.0,20.0,20.0,20.0,20.0,,2.0,FALLBACK,Fallback Hz 사용: 20.0Hz (essential_range_violation),17.6812496,0.0,977.0,1072.66248,0.0,,,11.3,0.0,9.59,,,0.0,,
2025-11-19 11:22:31+00:00,2025-11-19 11:22:31,,,,,,,,,,17.6812496,0.0,977.0,1072.66248,0.0,,,11.3,0.0,9.59,,,0.0,,
2025-11-19 11:22:32+00:00,2025-11-19 11:22:32,,,,,,,,,,17.6812496,0.0,976.0,1072.66248,0.0,,,11.3,0.0,9.59,,,0.0,,
2025-11-19 11:22:33+00:00,2025-11-19 11:22:33,,,,,,,,,,17.6812496,0.0,976.0,1072.5,0.0,,,11.3,0.0,9.59,,,0.0,,
2025-11-19 11:22:34+00:00,2025-11-19 11:22:34,,,,,,,,,,17.6812496,0.0,976.0,1072.5,0.0,,,11.3,0.0,9.59,,,0.0,,
2025-11-19 11:22:35+00:00,2025-11-19 11:22:35,20.0,20.0,20.0,20.0,20.0,,2.0,FALLBACK,Fallback Hz 사용: 20.0Hz (essential_range_violation),17.6812496,0.0,977.0,1071.6062,0.0,,,11.3,0.0,9.59,,,0.0,,
2025-11-19 11:22:36+00:00,2025-11-19 11:22:36,,,,,,,,,,17.6812496,0.0,977.0,1071.6062,0.0,,,11.3,0.0,9.59,,,0.0,,
2025-11-19 11:22:37+00:00,2025-11-19 11:22:37,,,,,,,,,,17.6812496,0.0,976.0,1071.52502,0.0,,,11.3,0.0,9.59,,,0.0,,
2025-11-19 11:22:38+00:00,2025-11-19 11:22:38,,,,,,,,,,17.6812496,0.0,976.0,1071.52502,0.0,,,11.3,0.0,9.59,,,0.0,,
2025-11-19 11:22:39+00:00,2025-11-19 11:22:39,,,,,,,,,,17.6812496,0.0,976.0,1073.3938,0.0,,,11.3,0.0,9.59,,,0.0,,
2025-11-19 11:22:40+00:00,2025-11-19 11:22:40,20.0,20.0,20.0,20.0,20.0,,2.0,FALLBACK,Fallback Hz 사용: 20.0Hz (essential_range_violation),17.6812496,0.0,978.0,1073.47498,0.0,,,11.3,0.0,9.59,,,0.0,,
2025-11-19 11:22:41+00:00,2025-11-19 11:22:41,,,,,,,,,,17.6812496,0.0,977.0,1075.91248,0.0,,,11.3,0.0,9.59,,,0.0,,
2025-11-19 11:22:42+00:00,2025-11-19 11:22:42,,,,,,,,,,17.6812496,0.0,977.0,1075.91248,0.0,,,11.3,0.0,9.59,,,0.0,,
2025-11-19 11:22:43+00:00,2025-11-19 11:22:43,,,,,,,,,,17.6812496,0.0,979.0,1074.69373,0.0,,,11.3,0.0,9.59,,,0.0,,
2025-11-19 11:22:44+00:00,2025-11-19 11:22:44,,,,,,,,,,17.6812496,0.0,979.0,1075.0188,0.0,,,11.3,0.0,9.59,,,0.0,,
2025-11-19 11:22:45+00:00,2025-11-19 11:22:45,20.0,20.0,20.0,20.0,20.0,,2.0,FALLBACK,Fallback Hz 사용: 20.0Hz (essential_range_violation),17.6812496,0.0,979.0,1075.0188,0.0,,,11.3,0.0,9.59,,,0.0,,
2025-11-19 11:22:46+00:00,2025-11-19 11:22:46,,,,,,,,,,17.6812496,0.0,979.0,1076.31873,0.0,,,11.3,0.0,9.59,,,0.0,,
2025-11-19 11:22:47+00:00,2025-11-19 11:22:47,,,,,,,,,,17.6812496,0.0,979.0,1076.31873,0.0,,,11.3,0.0,9.59,,,0.0,,
2025-11-19 11:22:48+00:00,2025-11-19 11:22:48,,,,,,,,,,17.6812496,0.0,980.0,1077.53748,0.0,,,11.3,0.0,9.59,,,0.0,,
2025-11-19 11:22:49+00:00,2025-11-19 11:22:49,,,,,,,,,,17.6812496,0.0,980.0,1077.53748,0.0,,,11.3,0.0,9.59,,,0.0,,
2025-11-19 11:22:50+00:00,2025-11-19 11:22:50,20.0,20.0,20.0,20.0,20.0,,2.0,FALLBACK,Fallback Hz 사용: 20.0Hz (essential_range_violation),17.6812496,0.0,980.0,1078.1875,0.0,,,11.3,0.0,9.59,,,0.0,,
2025-11-19 11:22:51+00:00,2025-11-19 11:22:51,,,,,,,,,,17.6812496,0.0,980.0,1078.1875,0.0,,,11.3,0.0,9.59,,,0.0,,
2025-11-19 11:22:52+00:00,2025-11-19 11:22:52,,,,,,,,,,17.6812496,0.0,979.0,1078.1875,0.0,,,11.3,0.0,9.59,,,0.0,,
2025-11-19 11:22:53+00:00,2025-11-19 11:22:53,,,,,,,,,,17.6812496,0.0,979.0,1078.67505,0.0,,,11.3,0.0,9.59,,,0.0,,
2025-11-19 11:22:54+00:00,2025-11-19 11:22:54,,,,,,,,,,17.6812496,0.0,982.0,1079.24377,0.0,,,11.3,0.0,9.59,,,0.0,,
2025-11-19 11:22:55+00:00,2025-11-19 11:22:55,20.0,20.0,20.0,20.0,20.0,,2.0,FALLBACK,Fallback Hz 사용: 20.0Hz (essential_range_violation),17.6812496,0.0,982.0,1079.24377,0.0,,,11.3,0.0,9.59,,,0.0,,
2025-11-19 11:22:56+00:00,2025-11-19 11:22:56,,,,,,,,,,17.6812496,0.0,982.0,1079.97498,0.0,,,11.3,0.0,9.59,,,0.0,,
2025-11-19 11:22:57+00:00,2025-11-19 11:22:57,,,,,,,,,,17.6812496,0.0,980.0,1079.97498,0.0,,,11.3,0.0,9.59,,,0.0,,
2025-11-19 11:22:58+00:00,2025-11-19 11:22:58,,,,,,,,,,17.6812496,0.0,982.0,1081.5188,0.0,,,11.3,0.0,9.59,,,0.0,,
2025-11-19 11:22:59+00:00,2025-11-19 11:22:59,,,,,,,,,,17.6812496,0.0,981.0,1082.1687,0.0,,,11.3,0.0,9.59,,,0.0,,
2025-11-19 11:23:00+00:00,2025-11-19 11:23:00,20.0,20.0,20.0,20.0,20.0,,2.0,FALLBACK,Fallback Hz 사용: 20.0Hz (essential_range_violation),17.6812496,0.0,981.0,1082.1687,0.0,,,11.3,0.0,9.59,,,0.0,,
2025-11-19 11:23:01+00:00,2025-11-19 11:23:01,,,,,,,,,,17.6812496,0.0,981.0,1083.875,0.0,,,11.3,0.0,9.59,,,0.0,,
2025-11-19 11:23:03+00:00,2025-11-19 11:23:03,,,,,,,,,,17.6812496,0.0,981.0,1085.33752,0.0,,,11.3,0.0,9.59,,,0.0,,
2025-11-19 11:23:04+00:00,2025-11-19 11:23:04,,,,,,,,,,17.6812496,0.0,981.0,1085.33752,0.0,,,11.3,0.0,9.59,,,0.0,,
2025-11-19 11:23:05+00:00,2025-11-19 11:23:05,20.0,20.0,20.0,20.0,20.0,,2.0,FALLBACK,Fallback Hz 사용: 20.0Hz (essential_range_violation),17.6812496,0.0,981.0,1085.74377,0.0,,,11.3,0.0,9.59,,,0.0,,
2025-11-19 11:23:06+00:00,2025-11-19 11:23:06,,,,,,,,,,17.6812496,0.0,981.0,1085.74377,0.0,,,11.3,0.0,9.59,,,0.0,,
2025-11-19 11:23:07+00:00,2025-11-19 11:23:07,,,,,,,,,,17.6812496,0.0,982.0,1085.01245,0.0,,,11.3,0.0,9.59,,,0.0,,
2025-11-19 11:23:08+00:00,2025-11-19 11:23:08,,,,,,,,,,17.6812496,0.0,981.0,1085.5,0.0,,,11.3,0.0,9.59,,,0.0,,
2025-11-19 11:23:09+00:00,2025-11-19 11:23:09,,,,,,,,,,17.6812496,0.0,981.0,1085.5,0.0,,,11.3,0.0,9.59,,,0.0,,
2025-11-19 11:23:10+00:00,2025-11-19 11:23:10,20.0,20.0,20.0,20.0,20.0,,2.0,FALLBACK,Fallback Hz 사용: 20.0Hz (essential_range_violation),17.6812496,0.0,983.0,1087.2063,0.0,,,11.3,0.0,9.59,,,0.0,,
2025-11-19 11:23:11+00:00,2025-11-19 11:23:11,,,,,,,,,,17.6812496,0.0,982.0,1088.0188,0.0,,,11.3,0.0,9.59,,,0.0,,
2025-11-19 11:23:12+00:00,2025-11-19 11:23:12,,,,,,,,,,17.6812496,0.0,982.0,1088.0188,0.0,,,11.3,0.0,9.59,,,0.0,,
2025-11-19 11:23:13+00:00,2025-11-19 11:23:13,,,,,,,,,,17.6812496,0.0,982.0,1088.58752,0.0,,,11.3,0.0,9.59,,,0.0,,
2025-11-19 11:23:14+00:00,2025-11-19 11:23:14,,,,,,,,,,17.6812496,0.0,984.0,1088.18127,0.0,,,11.3,0.0,9.59,,,0.0,,
2025-11-19 11:23:15+00:00,2025-11-19 11:23:15,20.0,20.0,20.0,20.0,20.0,,2.0,FALLBACK,Fallback Hz 사용: 20.0Hz (essential_range_violation),17.6812496,0.0,984.0,1088.18127,0.0,,,11.3,0.0,9.59,,,0.0,,
2025-11-19 11:23:16+00:00,2025-11-19 11:23:16,,,,,,,,,,17.6812496,0.0,984.0,1089.5625,0.0,,,11.3,0.0,9.59,,,0.0,,
2025-11-19 11:23:17+00:00,2025-11-19 11:23:17,,,,,,,,,,17.6812496,0.0,984.0,1089.88745,0.0,,,11.3,0.0,9.59,,,0.0,,
2025-11-19 11:23:18+00:00,2025-11-19 11:23:18,,,,,,,,,,17.6812496,0.0,985.0,1089.88745,0.0,,,11.3,0.0,9.59,,,0.0,,
2025-11-19 11:23:19+00:00,2025-11-19 11:23:19,,,,,,,,,,17.6812496,0.0,985.0,1089.88745,0.0,,,11.3,0.0,9.59,,,0.0,,
2025-11-19 11:23:20+00:00,2025-11-19 11:23:20,20.0,20.0,20.0,20.0,20.0,,2.0,FALLBACK,Fallback Hz 사용: 20.0Hz (essential_range_violation),17.6812496,0.0,984.0,1091.59375,0.0,,,11.3,0.0,9.59,,,0.0,,
2025-11-19 11:23:21+00:00,2025-11-19 11:23:21,,,,,,,,,,17.6812496,0.0,984.0,1091.2688,0.0,,,11.3,0.0,9.59,,,0.0,,
2025-11-19 11:23:22+00:00,2025-11-19 11:23:22,,,,,,,,,,17.6812496,0.0,985.0,1092.0813,0.0,,,11.3,0.0,9.59,,,0.0,,
2025-11-19 11:23:23+00:00,2025-11-19 11:23:23,,,,,,,,,,17.6812496,0.0,984.0,1091.75623,0.0,,,11.3,0.0,9.59,,,0.0,,
2025-11-19 11:23:24+00:00,2025-11-19 11:23:24,,,,,,,,,,17.6812496,0.0,985.0,1090.94373,0.0,,,11.3,0.0,9.59,,,0.0,,
2025-11-19 11:23:25+00:00,2025-11-19 11:23:25,20.0,20.0,20.0,20.0,20.0,,2.0,FALLBACK,Fallback Hz 사용: 20.0Hz (essential_range_violation),17.6812496,0.0,985.0,1090.94373,0.0,,,11.3,0.0,9.59,,,0.0,,
2025-11-19 11:23:26+00:00,2025-11-19 11:23:26,,,,,,,,,,17.6812496,0.0,985.0,1093.38123,0.0,,,11.3,0.0,9.59,,,0.0,,
2025-11-19 11:23:27+00:00,2025-11-19 11:23:27,,,,,,,,,,17.6812496,0.0,985.0,1093.38123,0.0,,,11.3,0.0,9.59,,,0.0,,
2025-11-19 11:23:28+00:00,2025-11-19 11:23:28,,,,,,,,,,17.6812496,0.0,986.0,1094.4375,0.0,,,11.3,0.0,9.59,,,0.0,,
2025-11-19 11:23:29+00:00,2025-11-19 11:23:29,,,,,,,,,,17.6812496,0.0,986.0,1094.76245,0.0,,,11.3,0.0,9.59,,,0.0,,
2025-11-19 11:23:30+00:00,2025-11-19 11:23:30,20.0,20.0,20.0,20.0,20.0,,2.0,FALLBACK,Fallback Hz 사용: 20.0Hz (essential_range_violation),17.6812496,0.0,986.0,1094.76245,0.0,,,11.3,0.0,9.59,,,0.0,,
2025-11-19 11:23:31+00:00,2025-11-19 11:23:31,,,,,,,,,,17.6812496,0.0,987.0,1096.30627,0.0,,,11.3,0.0,9.59,,,0.0,,
2025-11-19 11:23:32+00:00,2025-11-19 11:23:32,,,,,,,,,,17.6812496,0.0,987.0,1097.28125,0.0,,,11.3,0.0,9.59,,,0.0,,
2025-11-19 11:23:33+00:00,2025-11-19 11:23:33,,,,,,,,,,17.6812496,0.0,987.0,1098.5813,0.0,,,11.3,0.0,9.59,,,0.0,,
2025-11-19 11:23:34+00:00,2025-11-19 11:23:34,,,,,,,,,,17.6812496,0.0,987.0,1098.5813,0.0,,,11.3,0.0,9.59,,,0.0,,
2025-11-19 11:23:35+00:00,2025-11-19 11:23:35,20.0,20.0,20.0,20.0,20.0,,2.0,FALLBACK,Fallback Hz 사용: 20.0Hz (essential_range_violation),17.6812496,0.0,988.0,1097.6062,0.0,,,11.3,0.0,9.59,,,0.0,,
2025-11-19 11:23:36+00:00,2025-11-19 11:23:36,,,,,,,,,,17.6812496,0.0,987.0,1098.5,0.0,,,11.3,0.0,9.59,,,0.0,,
2025-11-19 11:23:37+00:00,2025-11-19 11:23:37,,,,,,,,,,17.6812496,0.0,987.0,1098.5,0.0,,,11.3,0.0,9.59,,,0.0,,
2025-11-19 11:23:38+00:00,2025-11-19 11:23:38,,,,,,,,,,17.6812496,0.0,987.0,1097.52502,0.0,,,11.3,0.0,9.59,,,0.0,,
2025-11-19 11:23:39+00:00,2025-11-19 11:23:39,,,,,,,,,,17.6812496,0.0,987.0,1097.84998,0.0,,,11.3,0.0,9.59,,,0.0,,
2025-11-19 11:23:40+00:00,2025-11-19 11:23:40,20.0,20.0,20.0,20.0,20.0,,2.0,FALLBACK,Fallback Hz 사용: 20.0Hz (essential_range_violation),,,,,,,,11.3,0.0,9.59,,,,,
2025-11-19 11:23:41+00:00,2025-11-19 11:23:41,,,,,,,,,,17.6812496,0.0,988.0,1099.96252,0.0,,,11.3,0.0,9.59,,,0.0,,
2025-11-19 11:23:42+00:00,2025-11-19 11:23:42,,,,,,,,,,17.6812496,0.0,988.0,1100.53125,0.0,,,11.3,0.0,9.59,,,0.0,,
2025-11-19 11:23:43+00:00,2025-11-19 11:23:43,,,,,,,,,,17.6812496,0.0,987.0,1100.9375,0.0,,,11.3,0.0,9.59,,,0.0,,
2025-11-19 11:23:44+00:00,2025-11-19 11:23:44,,,,,,,,,,17.6812496,0.0,987.0,1100.9375,0.0,,,11.3,0.0,9.59,,,0.0,,
2025-11-19 11:23:45+00:00,2025-11-19 11:23:45,20.0,20.0,20.0,20.0,20.0,,2.0,FALLBACK,Fallback Hz 사용: 20.0Hz (essential_range_violation),17.6812496,0.0,987.0,1101.18127,0.0,,,11.3,0.0,9.59,,,0.0,,
2025-11-19 11:23:46+00:00,2025-11-19 11:23:46,,,,,,,,,,17.6812496,0.0,987.0,1101.18127,0.0,,,11.3,0.0,9.59,,,0.0,,
2025-11-19 11:23:47+00:00,2025-11-19 11:23:47,,,,,,,,,,17.6812496,0.0,988.0,1100.77502,0.0,,,11.3,0.0,9.59,,,0.0,,
2025-11-19 11:23:48+00:00,2025-11-19 11:23:48,,,,,,,,,,17.6812496,0.0,988.0,1102.96875,0.0,,,11.3,0.0,9.59,,,0.0,,
2025-11-19 11:23:49+00:00,2025-11-19 11:23:49,,,,,,,,,,17.6812496,0.0,988.0,1102.96875,0.0,,,11.3,0.0,9.59,,,0.0,,
2025-11-19 11:23:50+00:00,2025-11-19 11:23:50,20.0,20.0,20.0,20.0,20.0,,2.0,FALLBACK,Fallback Hz 사용: 20.0Hz (essential_range_violation),17.6812496,0.0,989.0,1102.6438,0.0,,,11.3,0.0,9.59,,,0.0,,
2025-11-19 11:23:51+00:00,2025-11-19 11:23:51,,,,,,,,,,17.6812496,0.0,989.0,1104.59375,0.0,,,11.3,0.0,9.59,,,0.0,,
2025-11-19 11:23:52+00:00,2025-11-19 11:23:52,,,,,,,,,,17.6812496,0.0,989.0,1104.59375,0.0,,,11.3,0.0,9.59,,,0.0,,
2025-11-19 11:23:53+00:00,2025-11-19 11:23:53,,,,,,,,,,17.6812496,0.0,990.0,1105.0813,0.0,,,11.3,0.0,9.59,,,0.0,,
2025-11-19 11:23:54+00:00,2025-11-19 11:23:54,,,,,,,,,,17.6812496,0.0,989.0,1104.2688,0.0,,,11.3,0.0,9.59,,,0.0,,
2025-11-19 11:23:55+00:00,2025-11-19 11:23:55,20.0,20.0,20.0,20.0,20.0,,2.0,FALLBACK,Fallback Hz 사용: 20.0Hz (essential_range_violation),17.6812496,0.0,989.0,1104.2688,0.0,,,11.3,0.0,9.59,,,0.0,,
2025-11-19 11:23:56+00:00,2025-11-19 11:23:56,,,,,,,,,,17.6812496,0.0,989.0,1104.2688,0.0,,,11.3,0.0,9.59,,,0.0,,
2025-11-19 11:23:57+00:00,2025-11-19 11:23:57,,,,,,,,,,17.6812496,0.0,989.0,1104.2688,0.0,,,11.3,0.0,9.59,,,0.0,,
2025-11-19 11:23:58+00:00,2025-11-19 11:23:58,,,,,,,,,,17.6812496,0.0,991.0,1105.0813,0.0,,,11.3,0.0,9.59,,,0.0,,
2025-11-19 11:23:59+00:00,2025-11-19 11:23:59,,,,,,,,,,17.6812496,0.0,991.0,1104.2688,0.0,,,11.3,0.0,9.59,,,0.0,,
2025-11-19 11:24:00+00:00,2025-11-19 11:24:00,20.0,20.0,20.0,20.0,20.0,,2.0,FALLBACK,Fallback Hz 사용: 20.0Hz (essential_range_violation),17.6812496,0.0,991.0,1104.2688,0.0,,,11.3,0.0,9.59,,,0.0,,
2025-11-19 11:24:01+00:00,2025-11-19 11:24:01,,,,,,,,,,17.6812496,0.0,990.0,1105.40625,0.0,,,11.3,0.0,9.59,,,0.0,,
2025-11-19 11:24:02+00:00,2025-11-19 11:24:02,,,,,,,,,,17.6812496,0.0,992.0,1105.8125,0.0,,,11.3,0.0,9.59,,,0.0,,
2025-11-19 11:24:03+00:00,2025-11-19 11:24:03,,,,,,,,,,17.6812496,0.0,992.0,1105.8125,0.0,,,11.3,0.0,9.59,,,0.0,,
2025-11-19 11:24:04+00:00,2025-11-19 11:24:04,,,,,,,,,,17.6812496,0.0,990.0,1106.38123,0.0,,,11.3,0.0,9.59,,,0.0,,
2025-11-19 11:24:05+00:00,2025-11-19 11:24:05,20.0,20.0,20.0,20.0,20.0,,2.0,FALLBACK,Fallback Hz 사용: 20.0Hz (essential_range_violation),17.6812496,0.0,992.0,1107.11255,0.0,,,11.3,0.0,9.59,,,0.0,,
2025-11-19 11:24:06+00:00,2025-11-19 11:24:06,,,,,,,,,,17.6812496,0.0,991.0,1108.08752,0.0,,,11.3,0.0,9.59,,,0.0,,
2025-11-19 11:24:07+00:00,2025-11-19 11:24:07,,,,,,,,,,17.6812496,0.0,991.0,1108.08752,0.0,,,11.3,0.0,9.59,,,0.0,,
2025-11-19 11:24:08+00:00,2025-11-19 11:24:08,,,,,,,,,,17.6812496,0.0,990.0,1108.08752,0.0,,,11.3,0.0,9.59,,,0.0,,
2025-11-19 11:24:09+00:00,2025-11-19 11:24:09,,,,,,,,,,17.6812496,0.0,990.0,1109.55005,0.0,,,11.3,0.0,9.59,,,0.0,,
2025-11-19 11:24:10+00:00,2025-11-19 11:24:10,20.0,20.0,20.0,20.0,20.0,,2.0,FALLBACK,Fallback Hz 사용: 20.0Hz (essential_range_violation),17.6812496,0.0,993.0,1109.1438,0.0,,,11.3,0.0,9.59,,,0.0,,
2025-11-19 11:24:11+00:00,2025-11-19 11:24:11,,,,,,,,,,17.6812496,0.0,993.0,1109.1438,0.0,,,11.3,0.0,9.59,,,0.0,,
2025-11-19 11:24:12+00:00,2025-11-19 11:24:12,,,,,,,,,,17.6812496,0.0,992.0,1108.90002,0.0,,,11.3,0.0,9.59,,,0.0,,
2025-11-19 11:24:13+00:00,2025-11-19 11:24:13,,,,,,,,,,17.6812496,0.0,992.0,1108.90002,0.0,,,11.3,0.0,9.59,,,0.0,,
2025-11-19 11:24:14+00:00,2025-11-19 11:24:14,,,,,,,,,,17.6812496,0.0,992.0,1110.52502,0.0,,,11.3,0.0,9.59,,,0.0,,
2025-11-19 11:24:15+00:00,2025-11-19 11:24:15,20.0,20.0,20.0,20.0,20.0,,2.0,FALLBACK,Fallback Hz 사용: 20.0Hz (essential_range_violation),17.6812496,0.0,992.0,1110.52502,0.0,,,11.3,0.0,9.59,,,0.0,,
2025-11-19 11:24:16+00:00,2025-11-19 11:24:16,,,,,,,,,,17.6812496,0.0,993.0,1111.66248,0.0,,,11.3,0.0,9.59,,,0.0,,
2025-11-19 11:24:17+00:00,2025-11-19 11:24:17,,,,,,,,,,17.6812496,0.0,994.0,1111.5,0.0,,,11.3,0.0,9.59,,,0.0,,
2025-11-19 11:24:18+00:00,2025-11-19 11:24:18,,,,,,,,,,17.6812496,0.0,994.0,1110.6062,0.0,,,11.3,0.0,9.59,,,0.0,,
2025-11-19 11:24:19+00:00,2025-11-19 11:24:19,,,,,,,,,,17.6812496,0.0,994.0,1110.7688,0.0,,,11.3,0.0,9.59,,,0.0,,
2025-11-19 11:24:20+00:00,2025-11-19 11:24:20,20.0,20.0,20.0,20.0,20.0,,2.0,FALLBACK,Fallback Hz 사용: 20.0Hz (essential_range_violation),17.6812496,0.0,995.0,1110.93127,0.0,,,11.3,0.0,9.59,,,0.0,,
2025-11-19 11:24:21+00:00,2025-11-19 11:24:21,,,,,,,,,,17.6812496,0.0,994.0,1111.4187,0.0,,,11.3,0.0,9.59,,,0.0,,
2025-11-19 11:24:22+00:00,2025-11-19 11:24:22,,,,,,,,,,17.6812496,0.0,994.0,1111.4187,0.0,,,11.3,0.0,9.59,,,0.0,,
2025-11-19 11:24:23+00:00,2025-11-19 11:24:23,,,,,,,,,,17.6812496,0.0,993.0,1110.36255,0.0,,,11.3,0.0,9.59,,,0.0,,
2025-11-19 11:24:24+00:00,2025-11-19 11:24:24,,,,,,,,,,17.6812496,0.0,995.0,1110.36255,0.0,,,11.3,0.0,9.59,,,0.0,,
2025-11-19 11:24:25+00:00,2025-11-19 11:24:25,20.0,20.0,20.0,20.0,20.0,,2.0,FALLBACK,Fallback Hz 사용: 20.0Hz (essential_range_violation),17.6812496,0.0,995.0,1111.4187,0.0,,,11.3,0.0,9.59,,,0.0,,
2025-11-19 11:24:26+00:00,2025-11-19 11:24:26,,,,,,,,,,17.6812496,0.0,994.0,1111.4187,0.0,,,11.3,0.0,9.59,,,0.0,,
2025-11-19 11:24:27+00:00,2025-11-19 11:24:27,,,,,,,,,,17.6812496,0.0,994.0,1111.33752,0.0,,,11.3,0.0,9.59,,,0.0,,
2025-11-19 11:24:28+00:00,2025-11-19 11:24:28,,,,,,,,,,17.6812496,0.0,994.0,1112.3125,0.0,,,11.3,0.0,9.59,,,0.0,,
2025-11-19 11:24:29+00:00,2025-11-19 11:24:29,,,,,,,,,,17.6812496,0.0,995.0,1112.06873,0.0,,,11.3,0.0,9.59,,,0.0,,
2025-11-19 11:24:30+00:00,2025-11-19 11:24:30,20.0,20.0,20.0,20.0,20.0,,2.0,FALLBACK,Fallback Hz 사용: 20.0Hz (essential_range_violation),17.6812496,0.0,995.0,1112.06873,0.0,,,11.3,0.0,9.59,,,0.0,,
2025-11-19 11:24:31+00:00,2025-11-19 11:24:31,,,,,,,,,,17.6812496,0.0,994.0,1112.3938,0.0,,,11.3,0.0,9.59,,,0.0,,
2025-11-19 11:24:32+00:00,2025-11-19 11:24:32,,,,,,,,,,17.6812496,0.0,995.0,1113.125,0.0,,,11.3,0.0,9.59,,,0.0,,
2025-11-19 11:24:33+00:00,2025-11-19 11:24:33,,,,,,,,,,17.6812496,0.0,994.0,1112.88123,0.0,,,11.3,0.0,9.59,,,0.0,,
2025-11-19 11:24:34+00:00,2025-11-19 11:24:34,,,,,,,,,,17.6812496,0.0,994.0,1114.0188,0.0,,,11.3,0.0,9.59,,,0.0,,
2025-11-19 11:24:35+00:00,2025-11-19 11:24:35,20.0,20.0,20.0,20.0,20.0,,2.0,FALLBACK,Fallback Hz 사용: 20.0Hz (essential_range_violation),17.6812496,0.0,994.0,1114.0188,0.0,,,11.3,0.0,9.59,,,0.0,,
2025-11-19 11:24:36+00:00,2025-11-19 11:24:36,,,,,,,,,,17.6812496,0.0,994.0,1114.42505,0.0,,,11.3,0.0,9.59,,,0.0,,
2025-11-19 11:24:37+00:00,2025-11-19 11:24:37,,,,,,,,,,17.6812496,0.0,995.0,1114.42505,0.0,,,11.3,0.0,9.59,,,0.0,,
2025-11-19 11:24:38+00:00,2025-11-19 11:24:38,,,,,,,,,,17.6812496,0.0,995.0,1113.8562,0.0,,,11.3,0.0,9.59,,,0.0,,
2025-11-19 11:24:39+00:00,2025-11-19 11:24:39,,,,,,,,,,17.6812496,0.0,994.0,1114.26245,0.0,,,11.3,0.0,9.59,,,0.0,,
2025-11-19 11:24:40+00:00,2025-11-19 11:24:40,20.0,20.0,20.0,20.0,20.0,,2.0,FALLBACK,Fallback Hz 사용: 20.0Hz (essential_range_violation),17.6812496,0.0,994.0,1114.26245,0.0,,,11.3,0.0,9.59,,,0.0,,
2025-11-19 11:24:41+00:00,2025-11-19 11:24:41,,,,,,,,,,17.6812496,0.0,994.0,1114.0188,0.0,,,11.3,0.0,9.59,,,0.0,,
2025-11-19 11:24:43+00:00,2025-11-19 11:24:43,,,,,,,,,,17.6812496,0.0,993.0,1114.42505,0.0,,,11.3,0.0,9.59,,,0.0,,
2025-11-19 11:24:44+00:00,2025-11-19 11:24:44,,,,,,,,,,17.6812496,0.0,994.0,1114.6687,0.0,,,11.3,0.0,9.59,,,0.0,,
2025-11-19 11:24:45+00:00,2025-11-19 11:24:45,20.0,20.0,20.0,20.0,20.0,,2.0,FALLBACK,Fallback Hz 사용: 20.0Hz (essential_range_violation),17.6812496,0.0,994.0,1114.6687,0.0,,,11.3,0.0,9.59,,,0.0,,
2025-11-19 11:24:46+00:00,2025-11-19 11:24:46,,,,,,,,,,17.6812496,0.0,995.0,1113.44995,0.0,,,11.3,0.0,9.59,,,0.0,,
2025-11-19 11:24:47+00:00,2025-11-19 11:24:47,,,,,,,,,,17.6812496,0.0,995.0,1113.44995,0.0,,,11.3,0.0,9.59,,,0.0,,
2025-11-19 11:24:48+00:00,2025-11-19 11:24:48,,,,,,,,,,17.6812496,0.0,995.0,1114.8313,0.0,,,11.3,0.0,9.59,,,0.0,,
2025-11-19 11:24:49+00:00,2025-11-19 11:24:49,,,,,,,,,,17.6812496,0.0,995.0,1116.2937,0.0,,,11.3,0.0,9.59,,,0.0,,
2025-11-19 11:24:50+00:00,2025-11-19 11:24:50,20.0,20.0,20.0,20.0,20.0,,2.0,FALLBACK,Fallback Hz 사용: 20.0Hz (essential_range_violation),17.6812496,0.0,995.0,1116.2937,0.0,,,11.3,0.0,9.59,,,0.0,,
2025-11-19 11:24:51+00:00,2025-11-19 11:24:51,,,,,,,,,,17.6812496,0.0,994.0,1116.2937,0.0,,,11.3,0.0,9.59,,,0.0,,
2025-11-19 11:24:52+00:00,2025-11-19 11:24:52,,,,,,,,,,17.6812496,0.0,994.0,1116.05005,0.0,,,11.3,0.0,9.59,,,0.0,,
2025-11-19 11:24:53+00:00,2025-11-19 11:24:53,,,,,,,,,,17.6812496,0.0,994.0,1116.375,0.0,,,11.3,0.0,9.59,,,0.0,,
2025-11-19 11:24:54+00:00,2025-11-19 11:24:54,,,,,,,,,,17.6812496,0.0,994.0,1115.80627,0.0,,,11.3,0.0,9.59,,,0.0,,
2025-11-19 11:24:55+00:00,2025-11-19 11:24:55,20.0,20.0,20.0,20.0,20.0,,2.0,FALLBACK,Fallback Hz 사용: 20.0Hz (essential_range_violation),17.6812496,0.0,994.0,1115.80627,0.0,,,11.3,0.0,9.59,,,0.0,,
2025-11-19 11:24:56+00:00,2025-11-19 11:24:56,,,,,,,,,,17.6812496,0.0,994.0,1116.2937,0.0,,,11.3,0.0,9.59,,,0.0,,
2025-11-19 11:24:57+00:00,2025-11-19 11:24:57,,,,,,,,,,17.6812496,0.0,995.0,1115.80627,0.0,,,11.3,0.0,9.59,,,0.0,,
2025-11-19 11:24:58+00:00,2025-11-19 11:24:58,,,,,,,,,,17.6812496,0.0,995.0,1115.80627,0.0,,,11.3,0.0,9.59,,,0.0,,
2025-11-19 11:24:59+00:00,2025-11-19 11:24:59,,,,,,,,,,17.6812496,0.0,994.0,1116.4563,0.0,,,11.3,0.0,9.59,,,0.0,,
2025-11-19 11:25:00+00:00,2025-11-19 11:25:00,20.0,20.0,20.0,20.0,20.0,,2.0,FALLBACK,Fallback Hz 사용: 20.0Hz (essential_range_violation),17.6812496,0.0,994.0,1116.4563,0.0,,,11.3,0.0,9.59,,,0.0,,
2025-11-19 11:25:01+00:00,2025-11-19 11:25:01,,,,,,,,,,17.6812496,0.0,994.0,1115.31873,0.0,,,11.3,0.0,9.59,,,0.0,,
2025-11-19 11:25:02+00:00,2025-11-19 11:25:02,,,,,,,,,,17.6812496,0.0,994.0,1115.31873,0.0,,,11.3,0.0,9.59,,,0.0,,
2025-11-19 11:25:03+00:00,2025-11-19 11:25:03,,,,,,,,,,17.6812496,0.0,993.0,1115.31873,0.0,,,11.3,0.0,9.59,,,0.0,,
2025-11-19 11:25:04+00:00,2025-11-19 11:25:04,,,,,,,,,,17.6812496,0.0,993.0,1115.31873,0.0,,,11.3,0.0,9.59,,,0.0,,
2025-11-19 11:25:05+00:00,2025-11-19 11:25:05,20.0,20.0,20.0,20.0,20.0,,2.0,FALLBACK,Fallback Hz 사용: 20.0Hz (essential_range_violation),17.6812496,0.0,993.0,1117.1062,0.0,,,11.3,0.0,9.59,,,0.0,,
2025-11-19 11:25:06+00:00,2025-11-19 11:25:06,,,,,,,,,,17.6812496,0.0,994.0,1117.1062,0.0,,,11.3,0.0,9.59,,,0.0,,
2025-11-19 11:25:07+00:00,2025-11-19 11:25:07,,,,,,,,,,17.6812496,0.0,993.0,1117.59375,0.0,,,11.3,0.0,9.59,,,0.0,,
2025-11-19 11:25:08+00:00,2025-11-19 11:25:08,,,,,,,,,,17.6812496,0.0,993.0,1117.59375,0.0,,,11.3,0.0,9.59,,,0.0,,
2025-11-19 11:25:09+00:00,2025-11-19 11:25:09,,,,,,,,,,17.6812496,0.0,994.0,1117.59375,0.0,,,11.3,0.0,9.59,,,0.0,,
2025-11-19 11:25:10+00:00,2025-11-19 11:25:10,20.0,20.0,20.0,20.0,20.0,,2.0,FALLBACK,Fallback Hz 사용: 20.0Hz (essential_range_violation),17.6812496,0.0,994.0,1117.59375,0.0,,,11.3,0.0,9.59,,,0.0,,
2025-11-19 11:25:11+00:00,2025-11-19 11:25:11,,,,,,,,,,17.6812496,0.0,994.0,1116.69995,0.0,,,11.3,0.0,9.59,,,0.0,,
2025-11-19 11:25:12+00:00,2025-11-19 11:25:12,,,,,,,,,,17.6812496,0.0,994.0,1116.69995,0.0,,,11.3,0.0,9.59,,,0.0,,
2025-11-19 11:25:13+00:00,2025-11-19 11:25:13,,,,,,,,,,17.6812496,0.0,995.0,1116.78125,0.0,,,11.3,0.0,9.59,,,0.0,,
2025-11-19 11:25:14+00:00,2025-11-19 11:25:14,,,,,,,,,,17.6812496,0.0,994.0,1117.1062,0.0,,,11.3,0.0,9.59,,,0.0,,
2025-11-19 11:25:15+00:00,2025-11-19 11:25:15,20.0,20.0,20.0,20.0,20.0,,2.0,FALLBACK,Fallback Hz 사용: 20.0Hz (essential_range_violation),17.6812496,0.0,994.0,1117.1062,0.0,,,11.3,0.0,9.59,,,0.0,,
2025-11-19 11:25:16+00:00,2025-11-19 11:25:16,,,,,,,,,,17.6812496,0.0,994.0,1117.83752,0.0,,,11.3,0.0,9.59,,,0.0,,
2025-11-19 11:25:17+00:00,2025-11-19 11:25:17,,,,,,,,,,17.6812496,0.0,994.0,1117.83752,0.0,,,11.3,0.0,9.59,,,0.0,,
2025-11-19 11:25:18+00:00,2025-11-19 11:25:18,,,,,,,,,,17.6812496,0.0,994.0,1116.94373,0.0,,,11.3,0.0,9.59,,,0.0,,
2025-11-19 11:25:19+00:00,2025-11-19 11:25:19,,,,,,,,,,17.6812496,0.0,995.0,1116.94373,0.0,,,11.3,0.0,9.59,,,0.0,,
2025-11-19 11:25:20+00:00,2025-11-19 11:25:20,20.0,20.0,20.0,20.0,20.0,,2.0,FALLBACK,Fallback Hz 사용: 20.0Hz (essential_range_violation),17.6812496,0.0,995.0,1117.43127,0.0,,,11.3,0.0,9.59,,,0.0,,
2025-11-19 11:25:21+00:00,2025-11-19 11:25:21,,,,,,,,,,17.6812496,0.0,994.0,1117.9187,0.0,,,11.3,0.0,9.59,,,0.0,,
2025-11-19 11:25:22+00:00,2025-11-19 11:25:22,,,,,,,,,,17.6812496,0.0,994.0,1117.9187,0.0,,,11.3,0.0,9.59,,,0.0,,
2025-11-19 11:25:23+00:00,2025-11-19 11:25:23,,,,,,,,,,17.6812496,0.0,995.0,1116.94373,0.0,,,11.3,0.0,9.59,,,0.0,,
2025-11-19 11:25:24+00:00,2025-11-19 11:25:24,,,,,,,,,,17.6812496,0.0,995.0,1116.94373,0.0,,,11.3,0.0,9.59,,,0.0,,
2025-11-19 11:25:25+00:00,2025-11-19 11:25:25,20.0,20.0,20.0,20.0,20.0,,2.0,FALLBACK,Fallback Hz 사용: 20.0Hz (essential_range_violation),17.6812496,0.0,993.0,1117.34998,0.0,,,11.3,0.0,9.59,,,0.0,,
2025-11-19 11:25:26+00:00,2025-11-19 11:25:26,,,,,,,,,,17.6812496,0.0,993.0,1117.34998,0.0,,,11.3,0.0,9.59,,,0.0,,
2025-11-19 11:25:27+00:00,2025-11-19 11:25:27,,,,,,,,,,17.6812496,0.0,994.0,1117.9187,0.0,,,11.3,0.0,9.59,,,0.0,,
2025-11-19 11:25:28+00:00,2025-11-19 11:25:28,,,,,,,,,,17.6812496,0.0,994.0,1117.9187,0.0,,,11.3,0.0,9.59,,,0.0,,
2025-11-19 11:25:29+00:00,2025-11-19 11:25:29,,,,,,,,,,17.6812496,0.0,994.0,1116.94373,0.0,,,11.3,0.0,9.59,,,0.0,,
2025-11-19 11:25:30+00:00,2025-11-19 11:25:30,20.0,20.0,20.0,20.0,20.0,,2.0,FALLBACK,Fallback Hz 사용: 20.0Hz (essential_range_violation),17.6812496,0.0,994.0,1116.94373,0.0,,,11.3,0.0,9.59,,,0.0,,
2025-11-19 11:25:31+00:00,2025-11-19 11:25:31,,,,,,,,,,17.6812496,0.0,995.0,1117.83752,0.0,,,11.3,0.0,9.59,,,0.0,,
2025-11-19 11:25:32+00:00,2025-11-19 11:25:32,,,,,,,,,,17.6812496,0.0,995.0,1117.83752,0.0,,,11.3,0.0,9.59,,,0.0,,
2025-11-19 11:25:33+00:00,2025-11-19 11:25:33,,,,,,,,,,17.6812496,0.0,993.0,1117.2688,0.0,,,11.3,0.0,9.59,,,0.0,,
2025-11-19 11:25:34+00:00,2025-11-19 11:25:34,,,,,,,,,,17.6812496,0.0,993.0,1117.2688,0.0,,,11.3,0.0,9.59,,,0.0,,
2025-11-19 11:25:35+00:00,2025-11-19 11:25:35,20.0,20.0,20.0,20.0,20.0,,2.0,FALLBACK,Fallback Hz 사용: 20.0Hz (essential_range_violation),17.6812496,0.0,994.0,1118.0813,0.0,,,11.3,0.0,9.59,,,0.0,,
2025-11-19 11:25:36+00:00,2025-11-19 11:25:36,,,,,,,,,,17.6812496,0.0,994.0,1118.0813,0.0,,,11.3,0.0,9.59,,,0.0,,
2025-11-19 11:25:37+00:00,2025-11-19 11:25:37,,,,,,,,,,17.6812496,0.0,994.0,1116.86255,0.0,,,11.3,0.0,9.59,,,0.0,,
2025-11-19 11:25:38+00:00,2025-11-19 11:25:38,,,,,,,,,,17.6812496,0.0,994.0,1117.2688,0.0,,,11.3,0.0,9.59,,,0.0,,
2025-11-19 11:25:39+00:00,2025-11-19 11:25:39,,,,,,,,,,17.6812496,0.0,994.0,1117.2688,0.0,,,11.3,0.0,9.59,,,0.0,,
2025-11-19 11:25:40+00:00,2025-11-19 11:25:40,20.0,20.0,20.0,20.0,20.0,,2.0,FALLBACK,Fallback Hz 사용: 20.0Hz (essential_range_violation),17.6812496,0.0,994.0,1117.9187,0.0,,,11.3,0.0,9.59,,,0.0,,
2025-11-19 11:25:41+00:00,2025-11-19 11:25:41,,,,,,,,,,17.6812496,0.0,993.0,1117.9187,0.0,,,11.3,0.0,9.59,,,0.0,,
2025-11-19 11:25:42+00:00,2025-11-19 11:25:42,,,,,,,,,,17.6812496,0.0,994.0,1116.69995,0.0,,,11.3,0.0,9.59,,,0.0,,
2025-11-19 11:25:43+00:00,2025-11-19 11:25:43,,,,,,,,,,17.6812496,0.0,994.0,1117.67505,0.0,,,11.3,0.0,9.59,,,0.0,,
2025-11-19 11:25:44+00:00,2025-11-19 11:25:44,,,,,,,,,,17.6812496,0.0,994.0,1117.67505,0.0,,,11.3,0.0,9.59,,,0.0,,
2025-11-19 11:25:45+00:00,2025-11-19 11:25:45,20.0,20.0,20.0,20.0,20.0,,2.0,FALLBACK,Fallback Hz 사용: 20.0Hz (essential_range_violation),17.6812496,0.0,994.0,1118.0,0.0,,,11.3,0.0,9.59,,,0.0,,
2025-11-19 11:25:46+00:00,2025-11-19 11:25:46,,,,,,,,,,17.6812496,0.0,994.0,1116.4563,0.0,,,11.3,0.0,9.59,,,0.0,,
2025-11-19 11:25:47+00:00,2025-11-19 11:25:47,,,,,,,,,,17.6812496,0.0,994.0,1116.4563,0.0,,,11.3,0.0,9.59,,,0.0,,
2025-11-19 11:25:48+00:00,2025-11-19 11:25:48,,,,,,,,,,17.6812496,0.0,993.0,1116.53748,0.0,,,11.3,0.0,9.59,,,0.0,,
2025-11-19 11:25:49+00:00,2025-11-19 11:25:49,,,,,,,,,,17.6812496,0.0,994.0,1115.31873,0.0,,,11.3,0.0,9.59,,,0.0,,
2025-11-19 11:25:50+00:00,2025-11-19 11:25:50,20.0,20.0,20.0,20.0,20.0,,2.0,FALLBACK,Fallback Hz 사용: 20.0Hz (essential_range_violation),17.6812496,0.0,994.0,1115.31873,0.0,,,11.3,0.0,9.59,,,0.0,,
2025-11-19 11:25:51+00:00,2025-11-19 11:25:51,,,,,,,,,,17.6812496,0.0,994.0,1115.15625,0.0,,,11.3,0.0,9.59,,,0.0,,
2025-11-19 11:25:52+00:00,2025-11-19 11:25:52,,,,,,,,,,17.6812496,0.0,994.0,1115.15625,0.0,,,11.3,0.0,9.59,,,0.0,,
2025-11-19 11:25:53+00:00,2025-11-19 11:25:53,,,,,,,,,,17.6812496,0.0,995.0,1115.80627,0.0,,,11.3,0.0,9.59,,,0.0,,
2025-11-19 11:25:54+00:00,2025-11-19 11:25:54,,,,,,,,,,17.6812496,0.0,995.0,1115.80627,0.0,,,11.3,0.0,9.59,,,0.0,,
2025-11-19 11:25:55+00:00,2025-11-19 11:25:55,20.0,20.0,20.0,20.0,20.0,,2.0,FALLBACK,Fallback Hz 사용: 20.0Hz (essential_range_violation),17.6812496,0.0,994.0,1115.88745,0.0,,,11.3,0.0,9.59,,,0.0,,
2025-11-19 11:25:56+00:00,2025-11-19 11:25:56,,,,,,,,,,17.6812496,0.0,994.0,1115.40002,0.0,,,11.3,0.0,9.59,,,0.0,,
2025-11-19 11:25:57+00:00,2025-11-19 11:25:57,,,,,,,,,,17.6812496,0.0,995.0,1115.40002,0.0,,,11.3,0.0,9.59,,,0.0,,
2025-11-19 11:25:58+00:00,2025-11-19 11:25:58,,,,,,,,,,17.6812496,0.0,995.0,1115.5625,0.0,,,11.3,0.0,9.59,,,0.0,,
2025-11-19 11:25:59+00:00,2025-11-19 11:25:59,,,,,,,,,,17.6812496,0.0,994.0,1116.375,0.0,,,11.3,0.0,9.59,,,0.0,,
2025-11-19 11:26:00+00:00,2025-11-19 11:26:00,20.0,20.0,20.0,20.0,20.0,,2.0,FALLBACK,Fallback Hz 사용: 20.0Hz (essential_range_violation),17.6812496,0.0,994.0,1115.88745,0.0,,,11.3,0.0,9.59,,,0.0,,
2025-11-19 11:26:01+00:00,2025-11-19 11:26:01,,,,,,,,,,17.6812496,0.0,994.0,1115.88745,0.0,,,11.3,0.0,9.59,,,0.0,,
2025-11-19 11:26:02+00:00,2025-11-19 11:26:02,,,,,,,,,,17.6812496,0.0,994.0,1114.34375,0.0,,,11.3,0.0,9.59,,,0.0,,
2025-11-19 11:26:03+00:00,2025-11-19 11:26:03,,,,,,,,,,17.6812496,0.0,995.0,1113.61255,0.0,,,11.3,0.0,9.59,,,0.0,,
2025-11-19 11:26:04+00:00,2025-11-19 11:26:04,,,,,,,,,,17.6812496,0.0,995.0,1113.61255,0.0,,,11.3,0.0,9.59,,,0.0,,
2025-11-19 11:26:05+00:00,2025-11-19 11:26:05,20.0,20.0,20.0,20.0,20.0,,2.0,FALLBACK,Fallback Hz 사용: 20.0Hz (essential_range_violation),17.6812496,0.0,994.0,1114.18127,0.0,,,11.3,0.0,9.59,,,0.0,,
2025-11-19 11:26:06+00:00,2025-11-19 11:26:06,,,,,,,,,,17.6812496,0.0,994.0,1113.61255,0.0,,,11.3,0.0,9.59,,,0.0,,
2025-11-19 11:26:07+00:00,2025-11-19 11:26:07,,,,,,,,,,17.6812496,0.0,995.0,1113.61255,0.0,,,11.3,0.0,9.59,,,0.0,,
2025-11-19 11:26:08+00:00,2025-11-19 11:26:08,,,,,,,,,,17.6812496,0.0,995.0,1114.34375,0.0,,,11.3,0.0,9.59,,,0.0,,
2025-11-19 11:26:09+00:00,2025-11-19 11:26:09,,,,,,,,,,17.6812496,0.0,995.0,1114.34375,0.0,,,11.3,0.0,9.59,,,0.0,,
2025-11-19 11:26:10+00:00,2025-11-19 11:26:10,20.0,20.0,20.0,20.0,20.0,,2.0,FALLBACK,Fallback Hz 사용: 20.0Hz (essential_range_violation),17.6812496,0.0,994.0,1113.8562,0.0,,,11.3,0.0,9.59,,,0.0,,
2025-11-19 11:26:11+00:00,2025-11-19 11:26:11,,,,,,,,,,17.6812496,0.0,993.0,1114.18127,0.0,,,11.3,0.0,9.59,,,0.0,,
2025-11-19 11:26:12+00:00,2025-11-19 11:26:12,,,,,,,,,,17.6812496,0.0,993.0,1114.18127,0.0,,,11.3,0.0,9.59,,,0.0,,
2025-11-19 11:26:13+00:00,2025-11-19 11:26:13,,,,,,,,,,17.6812496,0.0,994.0,1114.34375,0.0,,,11.3,0.0,9.59,,,0.0,,
2025-11-19 11:26:14+00:00,2025-11-19 11:26:14,,,,,,,,,,17.6812496,0.0,994.0,1114.34375,0.0,,,11.3,0.0,9.59,,,0.0,,
2025-11-19 11:26:15+00:00,2025-11-19 11:26:15,20.0,20.0,20.0,20.0,20.0,,2.0,FALLBACK,Fallback Hz 사용: 20.0Hz (essential_range_violation),17.6812496,0.0,992.0,1114.42505,0.0,,,11.3,0.0,9.59,,,0.0,,
2025-11-19 11:26:16+00:00,2025-11-19 11:26:16,,,,,,,,,,17.6812496,0.0,992.0,1114.18127,0.0,,,11.3,0.0,9.59,,,0.0,,
2025-11-19 11:26:17+00:00,2025-11-19 11:26:17,,,,,,,,,,17.6812496,0.0,992.0,1114.18127,0.0,,,11.3,0.0,9.59,,,0.0,,
2025-11-19 11:26:18+00:00,2025-11-19 11:26:18,,,,,,,,,,17.6812496,0.0,992.0,1112.3125,0.0,,,11.3,0.0,9.59,,,0.0,,
2025-11-19 11:26:19+00:00,2025-11-19 11:26:19,,,,,,,,,,17.6812496,0.0,992.0,1112.3125,0.0,,,11.3,0.0,9.59,,,0.0,,
2025-11-19 11:26:20+00:00,2025-11-19 11:26:20,20.0,20.0,20.0,20.0,20.0,,2.0,FALLBACK,Fallback Hz 사용: 20.0Hz (essential_range_violation),17.6812496,0.0,992.0,1112.06873,0.0,,,11.3,0.0,9.59,,,0.0,,
2025-11-19 11:26:22+00:00,2025-11-19 11:26:22,,,,,,,,,,17.6812496,0.0,992.0,1112.06873,0.0,,,11.3,0.0,9.59,,,0.0,,
2025-11-19 11:26:23+00:00,2025-11-19 11:26:23,,,,,,,,,,17.6812496,0.0,992.0,1110.6062,0.0,,,11.3,0.0,9.59,,,0.0,,
2025-11-19 11:26:24+00:00,2025-11-19 11:26:24,,,,,,,,,,17.6812496,0.0,992.0,1110.6062,0.0,,,11.3,0.0,9.59,,,0.0,,
2025-11-19 11:26:25+00:00,2025-11-19 11:26:25,20.0,20.0,20.0,20.0,20.0,,2.0,FALLBACK,Fallback Hz 사용: 20.0Hz (essential_range_violation),17.6812496,0.0,993.0,1110.52502,0.0,,,11.3,0.0,9.59,,,0.0,,
2025-11-19 11:26:26+00:00,2025-11-19 11:26:26,,,,,,,,,,17.6812496,0.0,993.0,1110.52502,0.0,,,11.3,0.0,9.59,,,0.0,,
2025-11-19 11:26:27+00:00,2025-11-19 11:26:27,,,,,,,,,,17.6812496,0.0,990.0,1110.6875,0.0,,,11.3,0.0,9.59,,,0.0,,
2025-11-19 11:26:28+00:00,2025-11-19 11:26:28,,,,,,,,,,17.6812496,0.0,990.0,1111.5,0.0,,,11.3,0.0,9.59,,,0.0,,
2025-11-19 11:26:29+00:00,2025-11-19 11:26:29,,,,,,,,,,17.6812496,0.0,990.0,1111.5,0.0,,,11.3,0.0,9.59,,,0.0,,
2025-11-19 11:26:30+00:00,2025-11-19 11:26:30,20.0,20.0,20.0,20.0,20.0,,2.0,FALLBACK,Fallback Hz 사용: 20.0Hz (essential_range_violation),17.6812496,0.0,990.0,1110.52502,0.0,,,11.3,0.0,9.59,,,0.0,,
2025-11-19 11:26:31+00:00,2025-11-19 11:26:31,,,,,,,,,,17.6812496,0.0,990.0,1110.52502,0.0,,,11.3,0.0,9.59,,,0.0,,
2025-11-19 11:26:32+00:00,2025-11-19 11:26:32,,,,,,,,,,17.6812496,0.0,991.0,1110.93127,0.0,,,11.3,0.0,9.59,,,0.0,,
2025-11-19 11:26:33+00:00,2025-11-19 11:26:33,,,,,,,,,,17.6812496,0.0,992.0,1110.6875,0.0,,,11.3,0.0,9.59,,,0.0,,
2025-11-19 11:26:34+00:00,2025-11-19 11:26:34,,,,,,,,,,17.6812496,0.0,992.0,1110.6875,0.0,,,11.3,0.0,9.59,,,0.0,,
2025-11-19 11:26:35+00:00,2025-11-19 11:26:35,20.0,20.0,20.0,20.0,20.0,,2.0,FALLBACK,Fallback Hz 사용: 20.0Hz (essential_range_violation),17.6812496,0.0,991.0,1111.5813,0.0,,,11.3,0.0,9.59,,,0.0,,
2025-11-19 11:26:36+00:00,2025-11-19 11:26:36,,,,,,,,,,17.6812496,0.0,991.0,1111.5813,0.0,,,11.3,0.0,9.59,,,0.0,,
2025-11-19 11:26:37+00:00,2025-11-19 11:26:37,,,,,,,,,,17.6812496,0.0,990.0,1110.6062,0.0,,,11.3,0.0,9.59,,,0.0,,
2025-11-19 11:26:38+00:00,2025-11-19 11:26:38,,,,,,,,,,17.6812496,0.0,990.0,1109.55005,0.0,,,11.3,0.0,9.59,,,0.0,,
2025-11-19 11:26:39+00:00,2025-11-19 11:26:39,,,,,,,,,,17.6812496,0.0,990.0,1109.0625,0.0,,,11.3,0.0,9.59,,,0.0,,
2025-11-19 11:26:40+00:00,2025-11-19 11:26:40,20.0,20.0,20.0,20.0,20.0,,2.0,FALLBACK,Fallback Hz 사용: 20.0Hz (essential_range_violation),17.6812496,0.0,990.0,1109.0625,0.0,,,11.3,0.0,9.59,,,0.0,,
2025-11-19 11:26:41+00:00,2025-11-19 11:26:41,,,,,,,,,,17.6812496,0.0,991.0,1109.30627,0.0,,,11.3,0.0,9.59,,,0.0,,
2025-11-19 11:26:42+00:00,2025-11-19 11:26:42,,,,,,,,,,17.6812496,0.0,990.0,1108.81873,0.0,,,11.3,0.0,9.59,,,0.0,,
2025-11-19 11:26:43+00:00,2025-11-19 11:26:43,,,,,,,,,,17.6812496,0.0,990.0,1108.81873,0.0,,,11.3,0.0,9.59,,,0.0,,
2025-11-19 11:26:44+00:00,2025-11-19 11:26:44,,,,,,,,,,17.6812496,0.0,992.0,1107.59998,0.0,,,11.3,0.0,9.59,,,0.0,,
2025-11-19 11:26:45+00:00,2025-11-19 11:26:45,20.0,20.0,20.0,20.0,20.0,,2.0,FALLBACK,Fallback Hz 사용: 20.0Hz (essential_range_violation),17.6812496,0.0,992.0,1107.59998,0.0,,,11.3,0.0,9.59,,,0.0,,
2025-11-19 11:26:46+00:00,2025-11-19 11:26:46,,,,,,,,,,17.6812496,0.0,991.0,1108.08752,0.0,,,11.3,0.0,9.59,,,0.0,,
2025-11-19 11:26:47+00:00,2025-11-19 11:26:47,,,,,,,,,,17.6812496,0.0,992.0,1106.13745,0.0,,,11.3,0.0,9.59,,,0.0,,
2025-11-19 11:26:48+00:00,2025-11-19 11:26:48,,,,,,,,,,17.6812496,0.0,992.0,1106.13745,0.0,,,11.3,0.0,9.59,,,0.0,,
2025-11-19 11:26:49+00:00,2025-11-19 11:26:49,,,,,,,,,,17.6812496,0.0,989.0,1105.8938,0.0,,,11.3,0.0,9.59,,,0.0,,
2025-11-19 11:26:50+00:00,2025-11-19 11:26:50,20.0,20.0,20.0,20.0,20.0,,2.0,FALLBACK,Fallback Hz 사용: 20.0Hz (essential_range_violation),17.6812496,0.0,989.0,1105.8938,0.0,,,11.3,0.0,9.59,,,0.0,,
2025-11-19 11:26:51+00:00,2025-11-19 11:26:51,,,,,,,,,,17.6812496,0.0,989.0,1104.2688,0.0,,,11.3,0.0,9.59,,,0.0,,
2025-11-19 11:26:52+00:00,2025-11-19 11:26:52,,,,,,,,,,17.6812496,0.0,989.0,1104.2688,0.0,,,11.3,0.0,9.59,,,0.0,,
2025-11-19 11:26:53+00:00,2025-11-19 11:26:53,,,,,,,,,,17.6812496,0.0,989.0,1105.24377,0.0,,,11.3,0.0,9.59,,,0.0,,
2025-11-19 11:26:54+00:00,2025-11-19 11:26:54,,,,,,,,,,17.6812496,0.0,989.0,1104.34998,0.0,,,11.3,0.0,9.59,,,0.0,,
2025-11-19 11:26:55+00:00,2025-11-19 11:26:55,20.0,20.0,20.0,20.0,20.0,,2.0,FALLBACK,Fallback Hz 사용: 20.0Hz (essential_range_violation),17.6812496,0.0,990.0,1104.59375,0.0,,,11.3,0.0,9.59,,,0.0,,
2025-11-19 11:26:56+00:00,2025-11-19 11:26:56,,,,,,,,,,17.6812496,0.0,990.0,1104.59375,0.0,,,11.3,0.0,9.59,,,0.0,,
2025-11-19 11:26:57+00:00,2025-11-19 11:26:57,,,,,,,,,,17.6812496,0.0,990.0,1103.94373,0.0,,,11.3,0.0,9.59,,,0.0,,
2025-11-19 11:26:58+00:00,2025-11-19 11:26:58,,,,,,,,,,17.6812496,0.0,988.0,1103.94373,0.0,,,11.3,0.0,9.59,,,0.0,,
2025-11-19 11:26:59+00:00,2025-11-19 11:26:59,,,,,,,,,,17.6812496,0.0,987.0,1104.1062,0.0,,,11.3,0.0,9.59,,,0.0,,
2025-11-19 11:27:00+00:00,2025-11-19 11:27:00,20.0,20.0,20.0,20.0,20.0,,2.0,FALLBACK,Fallback Hz 사용: 20.0Hz (essential_range_violation),17.6812496,0.0,987.0,1104.67505,0.0,,,11.3,0.0,9.59,,,0.0,,
2025-11-19 11:27:01+00:00,2025-11-19 11:27:01,,,,,,,,,,17.6812496,0.0,987.0,1104.67505,0.0,,,11.3,0.0,9.59,,,0.0,,
2025-11-19 11:27:02+00:00,2025-11-19 11:27:02,,,,,,,,,,17.6812496,0.0,988.0,1102.6438,0.0,,,11.3,0.0,9.59,,,0.0,,
2025-11-19 11:27:03+00:00,2025-11-19 11:27:03,,,,,,,,,,17.6812496,0.0,988.0,1102.6438,0.0,,,11.3,0.0,9.59,,,0.0,,
2025-11-19 11:27:04+00:00,2025-11-19 11:27:04,,,,,,,,,,17.6812496,0.0,988.0,1103.69995,0.0,,,11.3,0.0,9.59,,,0.0,,
2025-11-19 11:27:05+00:00,2025-11-19 11:27:05,20.0,20.0,20.0,20.0,20.0,,2.0,FALLBACK,Fallback Hz 사용: 20.0Hz (essential_range_violation),17.6812496,0.0,987.0,1101.6687,0.0,,,11.3,0.0,9.59,,,0.0,,
2025-11-19 11:27:06+00:00,2025-11-19 11:27:06,,,,,,,,,,17.6812496,0.0,987.0,1101.6687,0.0,,,11.3,0.0,9.59,,,0.0,,
2025-11-19 11:27:07+00:00,2025-11-19 11:27:07,,,,,,,,,,17.6812496,0.0,987.0,1101.99377,0.0,,,11.3,0.0,9.59,,,0.0,,
2025-11-19 11:27:08+00:00,2025-11-19 11:27:08,,,,,,,,,,17.6812496,0.0,987.0,1101.99377,0.0,,,11.3,0.0,9.59,,,0.0,,
2025-11-19 11:27:09+00:00,2025-11-19 11:27:09,,,,,,,,,,17.6812496,0.0,987.0,1101.6687,0.0,,,11.3,0.0,9.59,,,0.0,,
2025-11-19 11:27:10+00:00,2025-11-19 11:27:10,20.0,20.0,20.0,20.0,20.0,,2.0,FALLBACK,Fallback Hz 사용: 20.0Hz (essential_range_violation),17.6812496,0.0,988.0,1101.58752,0.0,,,11.3,0.0,9.59,,,0.0,,
2025-11-19 11:27:11+00:00,2025-11-19 11:27:11,,,,,,,,,,17.6812496,0.0,988.0,1101.58752,0.0,,,11.3,0.0,9.59,,,0.0,,
2025-11-19 11:27:12+00:00,2025-11-19 11:27:12,,,,,,,,,,17.6812496,0.0,987.0,1099.88123,0.0,,,11.3,0.0,9.59,,,0.0,,
2025-11-19 11:27:13+00:00,2025-11-19 11:27:13,,,,,,,,,,17.6812496,0.0,987.0,1099.88123,0.0,,,11.3,0.0,9.59,,,0.0,,
2025-11-19 11:27:14+00:00,2025-11-19 11:27:14,,,,,,,,,,17.6812496,0.0,988.0,1098.90625,0.0,,,11.3,0.0,9.59,,,0.0,,
2025-11-19 11:27:15+00:00,2025-11-19 11:27:15,20.0,20.0,20.0,20.0,20.0,,2.0,FALLBACK,Fallback Hz 사용: 20.0Hz (essential_range_violation),17.6812496,0.0,988.0,1098.90625,0.0,,,11.3,0.0,9.59,,,0.0,,
2025-11-19 11:27:16+00:00,2025-11-19 11:27:16,,,,,,,,,,17.6812496,0.0,987.0,1097.52502,0.0,,,11.3,0.0,9.59,,,0.0,,
2025-11-19 11:27:17+00:00,2025-11-19 11:27:17,,,,,,,,,,17.6812496,0.0,987.0,1097.52502,0.0,,,11.3,0.0,9.59,,,0.0,,
2025-11-19 11:27:18+00:00,2025-11-19 11:27:18,,,,,,,,,,17.6812496,0.0,987.0,1097.52502,0.0,,,11.3,0.0,9.59,,,0.0,,
2025-11-19 11:27:19+00:00,2025-11-19 11:27:19,,,,,,,,,,17.6812496,0.0,987.0,1097.28125,0.0,,,11.3,0.0,9.59,,,0.0,,
2025-11-19 11:27:20+00:00,2025-11-19 11:27:20,20.0,20.0,20.0,20.0,20.0,,2.0,FALLBACK,Fallback Hz 사용: 20.0Hz (essential_range_violation),17.6812496,0.0,987.0,1097.6875,0.0,,,11.3,0.0,9.59,,,0.0,,
2025-11-19 11:27:21+00:00,2025-11-19 11:27:21,,,,,,,,,,17.6812496,0.0,987.0,1097.6875,0.0,,,11.3,0.0,9.59,,,0.0,,
2025-11-19 11:27:22+00:00,2025-11-19 11:27:22,,,,,,,,,,17.6812496,0.0,986.0,1098.17505,0.0,,,11.3,0.0,9.59,,,0.0,,
2025-11-19 11:27:23+00:00,2025-11-19 11:27:23,,,,,,,,,,17.6812496,0.0,987.0,1096.30627,0.0,,,11.3,0.0,9.59,,,0.0,,
2025-11-19 11:27:24+00:00,2025-11-19 11:27:24,,,,,,,,,,17.6812496,0.0,987.0,1096.30627,0.0,,,11.3,0.0,9.59,,,0.0,,
2025-11-19 11:27:25+00:00,2025-11-19 11:27:25,20.0,20.0,20.0,20.0,20.0,,2.0,FALLBACK,Fallback Hz 사용: 20.0Hz (essential_range_violation),17.6812496,0.0,987.0,1095.9812,0.0,,,11.3,0.0,9.59,,,0.0,,
2025-11-19 11:27:26+00:00,2025-11-19 11:27:26,,,,,,,,,,17.6812496,0.0,986.0,1095.41248,0.0,,,11.3,0.0,9.59,,,0.0,,
2025-11-19 11:27:27+00:00,2025-11-19 11:27:27,,,,,,,,,,17.6812496,0.0,986.0,1094.3562,0.0,,,11.3,0.0,9.59,,,0.0,,
2025-11-19 11:27:28+00:00,2025-11-19 11:27:28,,,,,,,,,,17.6812496,0.0,984.0,1094.3562,0.0,,,11.3,0.0,9.59,,,0.0,,
2025-11-19 11:27:29+00:00,2025-11-19 11:27:29,,,,,,,,,,17.6812496,0.0,984.0,1092.7312,0.0,,,11.3,0.0,9.59,,,0.0,,
2025-11-19 11:27:30+00:00,2025-11-19 11:27:30,20.0,20.0,20.0,20.0,20.0,,2.0,FALLBACK,Fallback Hz 사용: 20.0Hz (essential_range_violation),17.6812496,0.0,984.0,1092.7312,0.0,,,11.3,0.0,9.59,,,0.0,,
2025-11-19 11:27:31+00:00,2025-11-19 11:27:31,,,,,,,,,,17.6812496,0.0,984.0,1092.0813,0.0,,,11.3,0.0,9.59,,,0.0,,
2025-11-19 11:27:32+00:00,2025-11-19 11:27:32,,,,,,,,,,17.6812496,0.0,984.0,1092.16248,0.0,,,11.3,0.0,9.59,,,0.0,,
2025-11-19 11:27:33+00:00,2025-11-19 11:27:33,,,,,,,,,,17.6812496,0.0,985.0,1091.75623,0.0,,,11.3,0.0,9.59,,,0.0,,
2025-11-19 11:27:34+00:00,2025-11-19 11:27:34,,,,,,,,,,17.6812496,0.0,985.0,1091.75623,0.0,,,11.3,0.0,9.59,,,0.0,,
2025-11-19 11:27:35+00:00,2025-11-19 11:27:35,20.0,20.0,20.0,20.0,20.0,,2.0,FALLBACK,Fallback Hz 사용: 20.0Hz (essential_range_violation),17.6812496,0.0,984.0,1092.16248,0.0,,,11.3,0.0,9.59,,,0.0,,
2025-11-19 11:27:36+00:00,2025-11-19 11:27:36,,,,,,,,,,17.6812496,0.0,984.0,1092.16248,0.0,,,11.3,0.0,9.59,,,0.0,,
2025-11-19 11:27:37+00:00,2025-11-19 11:27:37,,,,,,,,,,17.6812496,0.0,984.0,1092.24377,0.0,,,11.3,0.0,9.59,,,0.0,,
2025-11-19 11:27:38+00:00,2025-11-19 11:27:38,,,,,,,,,,17.6812496,0.0,985.0,1092.0813,0.0,,,11.3,0.0,9.59,,,0.0,,
2025-11-19 11:27:39+00:00,2025-11-19 11:27:39,,,,,,,,,,17.6812496,0.0,985.0,1092.0813,0.0,,,11.3,0.0,9.59,,,0.0,,
2025-11-19 11:27:40+00:00,2025-11-19 11:27:40,20.0,20.0,20.0,20.0,20.0,,2.0,FALLBACK,Fallback Hz 사용: 20.0Hz (essential_range_violation),17.6812496,0.0,985.0,1089.40002,0.0,,,11.3,0.0,9.59,,,0.0,,
2025-11-19 11:27:41+00:00,2025-11-19 11:27:41,,,,,,,,,,17.6812496,0.0,985.0,1089.40002,0.0,,,11.3,0.0,9.59,,,0.0,,
2025-11-19 11:27:42+00:00,2025-11-19 11:27:42,,,,,,,,,,17.6812496,0.0,984.0,1089.4812,0.0,,,11.3,0.0,9.59,,,0.0,,
2025-11-19 11:27:43+00:00,2025-11-19 11:27:43,,,,,,,,,,17.6812496,0.0,984.0,1087.44995,0.0,,,11.3,0.0,9.59,,,0.0,,
2025-11-19 11:27:44+00:00,2025-11-19 11:27:44,,,,,,,,,,17.6812496,0.0,984.0,1087.44995,0.0,,,11.3,0.0,9.59,,,0.0,,
2025-11-19 11:27:45+00:00,2025-11-19 11:27:45,20.0,20.0,20.0,20.0,20.0,,2.0,FALLBACK,Fallback Hz 사용: 20.0Hz (essential_range_violation),17.6812496,0.0,984.0,1088.91248,0.0,,,11.3,0.0,9.59,,,0.0,,
2025-11-19 11:27:46+00:00,2025-11-19 11:27:46,,,,,,,,,,17.6812496,0.0,985.0,1088.91248,0.0,,,11.3,0.0,9.59,,,0.0,,
2025-11-19 11:27:47+00:00,2025-11-19 11:27:47,,,,,,,,,,17.6812496,0.0,985.0,1088.34375,0.0,,,11.3,0.0,9.59,,,0.0,,
2025-11-19 11:27:48+00:00,2025-11-19 11:27:48,,,,,,,,,,17.6812496,0.0,986.0,1087.9375,0.0,,,11.3,0.0,9.59,,,0.0,,
2025-11-19 11:27:49+00:00,2025-11-19 11:27:49,,,,,,,,,,17.6812496,0.0,986.0,1087.9375,0.0,,,11.3,0.0,9.59,,,0.0,,
2025-11-19 11:27:50+00:00,2025-11-19 11:27:50,20.0,20.0,20.0,20.0,20.0,,2.0,FALLBACK,Fallback Hz 사용: 20.0Hz (essential_range_violation),17.6812496,0.0,986.0,1088.18127,0.0,,,11.3,0.0,9.59,,,0.0,,
2025-11-19 11:27:51+00:00,2025-11-19 11:27:51,,,,,,,,,,17.6812496,0.0,986.0,1087.9375,0.0,,,11.3,0.0,9.59,,,0.0,,
2025-11-19 11:27:52+00:00,2025-11-19 11:27:52,,,,,,,,,,17.6812496,0.0,986.0,1087.9375,0.0,,,11.3,0.0,9.59,,,0.0,,
2025-11-19 11:27:53+00:00,2025-11-19 11:27:53,,,,,,,,,,17.6812496,0.0,986.0,1088.91248,0.0,,,11.3,0.0,9.59,,,0.0,,
2025-11-19 11:27:54+00:00,2025-11-19 11:27:54,,,,,,,,,,17.6812496,0.0,986.0,1088.91248,0.0,,,11.3,0.0,9.59,,,0.0,,
2025-11-19 11:27:55+00:00,2025-11-19 11:27:55,20.0,20.0,20.0,20.0,20.0,,2.0,FALLBACK,Fallback Hz 사용: 20.0Hz (essential_range_violation),17.6812496,0.0,987.0,1088.75,0.0,,,11.3,0.0,9.59,,,0.0,,
2025-11-19 11:27:56+00:00,2025-11-19 11:27:56,,,,,,,,,,17.6812496,0.0,987.0,1088.75,0.0,,,11.3,0.0,9.59,,,0.0,,
2025-11-19 11:27:57+00:00,2025-11-19 11:27:57,,,,,,,,,,17.6812496,0.0,986.0,1086.2312,0.0,,,11.3,0.0,9.59,,,0.0,,
2025-11-19 11:27:58+00:00,2025-11-19 11:27:58,,,,,,,,,,17.6812496,0.0,986.0,1087.2063,0.0,,,11.3,0.0,9.59,,,0.0,,
2025-11-19 11:28:00+00:00,2025-11-19 11:28:00,20.0,20.0,20.0,20.0,20.0,,2.0,FALLBACK,Fallback Hz 사용: 20.0Hz (essential_range_violation),17.6812496,0.0,986.0,1087.2063,0.0,,,11.3,0.0,9.59,,,0.0,,
2025-11-19 11:28:01+00:00,2025-11-19 11:28:01,,,,,,,,,,17.6812496,0.0,986.0,1087.44995,0.0,,,11.3,0.0,9.59,,,0.0,,
2025-11-19 11:28:02+00:00,2025-11-19 11:28:02,,,,,,,,,,17.6812496,0.0,986.0,1087.44995,0.0,,,11.3,0.0,9.59,,,0.0,,
2025-11-19 11:28:03+00:00,2025-11-19 11:28:03,,,,,,,,,,17.6812496,0.0,987.0,1086.88123,0.0,,,11.3,0.0,9.59,,,0.0,,
2025-11-19 11:28:04+00:00,2025-11-19 11:28:04,,,,,,,,,,17.6812496,0.0,986.0,1087.44995,0.0,,,11.3,0.0,9.59,,,0.0,,
2025-11-19 11:28:05+00:00,2025-11-19 11:28:05,20.0,20.0,20.0,20.0,20.0,,2.0,FALLBACK,Fallback Hz 사용: 20.0Hz (essential_range_violation),17.6812496,0.0,986.0,1087.44995,0.0,,,11.3,0.0,9.59,,,0.0,,
2025-11-19 11:28:06+00:00,2025-11-19 11:28:06,,,,,,,,,,17.6812496,0.0,985.0,1086.63745,0.0,,,11.3,0.0,9.59,,,0.0,,
2025-11-19 11:28:07+00:00,2025-11-19 11:28:07,,,,,,,,,,17.6812496,0.0,985.0,1086.63745,0.0,,,11.3,0.0,9.59,,,0.0,,
2025-11-19 11:28:08+00:00,2025-11-19 11:28:08,,,,,,,,,,17.6812496,0.0,987.0,1086.47498,0.0,,,11.3,0.0,9.59,,,0.0,,
2025-11-19 11:28:09+00:00,2025-11-19 11:28:09,,,,,,,,,,17.6812496,0.0,987.0,1086.47498,0.0,,,11.3,0.0,9.59,,,0.0,,
2025-11-19 11:28:10+00:00,2025-11-19 11:28:10,20.0,20.0,20.0,20.0,20.0,,2.0,FALLBACK,Fallback Hz 사용: 20.0Hz (essential_range_violation),17.6812496,0.0,988.0,1086.96252,0.0,,,11.3,0.0,9.59,,,0.0,,
2025-11-19 11:28:11+00:00,2025-11-19 11:28:11,,,,,,,,,,17.6812496,0.0,988.0,1086.96252,0.0,,,11.3,0.0,9.59,,,0.0,,
2025-11-19 11:28:12+00:00,2025-11-19 11:28:12,,,,,,,,,,17.6812496,0.0,987.0,1086.47498,0.0,,,11.3,0.0,9.59,,,0.0,,
2025-11-19 11:28:13+00:00,2025-11-19 11:28:13,,,,,,,,,,17.6812496,0.0,988.0,1086.71875,0.0,,,11.3,0.0,9.59,,,0.0,,
2025-11-19 11:28:14+00:00,2025-11-19 11:28:14,,,,,,,,,,17.6812496,0.0,988.0,1086.71875,0.0,,,11.3,0.0,9.59,,,0.0,,
2025-11-19 11:28:15+00:00,2025-11-19 11:28:15,20.0,20.0,20.0,20.0,20.0,,2.0,FALLBACK,Fallback Hz 사용: 20.0Hz (essential_range_violation),17.6812496,0.0,988.0,1088.42505,0.0,,,11.3,0.0,9.59,,,0.0,,
2025-11-19 11:28:16+00:00,2025-11-19 11:28:16,,,,,,,,,,17.6812496,0.0,988.0,1088.42505,0.0,,,11.3,0.0,9.59,,,0.0,,
2025-11-19 11:28:17+00:00,2025-11-19 11:28:17,,,,,,,,,,17.6812496,0.0,987.0,1088.0188,0.0,,,11.3,0.0,9.59,,,0.0,,
2025-11-19 11:28:18+00:00,2025-11-19 11:28:18,,,,,,,,,,17.6812496,0.0,987.0,1088.0188,0.0,,,11.3,0.0,9.59,,,0.0,,
2025-11-19 11:28:19+00:00,2025-11-19 11:28:19,,,,,,,,,,17.6812496,0.0,988.0,1088.50623,0.0,,,11.3,0.0,9.59,,,0.0,,
2025-11-19 11:28:20+00:00,2025-11-19 11:28:20,20.0,20.0,20.0,20.0,20.0,,2.0,FALLBACK,Fallback Hz 사용: 20.0Hz (essential_range_violation),17.6812496,0.0,988.0,1088.50623,0.0,,,11.3,0.0,9.59,,,0.0,,
2025-11-19 11:28:21+00:00,2025-11-19 11:28:21,,,,,,,,,,17.6812496,0.0,987.0,1088.26245,0.0,,,11.3,0.0,9.59,,,0.0,,
2025-11-19 11:28:22+00:00,2025-11-19 11:28:22,,,,,,,,,,17.6812496,0.0,987.0,1088.26245,0.0,,,11.3,0.0,9.59,,,0.0,,
2025-11-19 11:28:23+00:00,2025-11-19 11:28:23,,,,,,,,,,17.6812496,0.0,988.0,1088.75,0.0,,,11.3,0.0,9.59,,,0.0,,
2025-11-19 11:28:24+00:00,2025-11-19 11:28:24,,,,,,,,,,17.6812496,0.0,987.0,1088.26245,0.0,,,11.3,0.0,9.59,,,0.0,,
2025-11-19 11:28:25+00:00,2025-11-19 11:28:25,20.0,20.0,20.0,20.0,20.0,,2.0,FALLBACK,Fallback Hz 사용: 20.0Hz (essential_range_violation),17.6812496,0.0,988.0,1089.15625,0.0,,,11.3,0.0,9.59,,,0.0,,
2025-11-19 11:28:26+00:00,2025-11-19 11:28:26,,,,,,,,,,17.6812496,0.0,988.0,1089.15625,0.0,,,11.3,0.0,9.59,,,0.0,,
2025-11-19 11:28:27+00:00,2025-11-19 11:28:27,,,,,,,,,,17.6812496,0.0,987.0,1090.05005,0.0,,,11.3,0.0,9.59,,,0.0,,
2025-11-19 11:28:28+00:00,2025-11-19 11:28:28,,,,,,,,,,17.6812496,0.0,987.0,1089.40002,0.0,,,11.3,0.0,9.59,,,0.0,,
2025-11-19 11:28:29+00:00,2025-11-19 11:28:29,,,,,,,,,,17.6812496,0.0,987.0,1089.40002,0.0,,,11.3,0.0,9.59,,,0.0,,
2025-11-19 11:28:30+00:00,2025-11-19 11:28:30,20.0,20.0,20.0,20.0,20.0,,2.0,FALLBACK,Fallback Hz 사용: 20.0Hz (essential_range_violation),17.6812496,0.0,988.0,1091.51245,0.0,,,11.3,0.0,9.59,,,0.0,,
2025-11-19 11:28:31+00:00,2025-11-19 11:28:31,,,,,,,,,,17.6812496,0.0,988.0,1091.51245,0.0,,,11.3,0.0,9.59,,,0.0,,
2025-11-19 11:28:32+00:00,2025-11-19 11:28:32,,,,,,,,,,17.6812496,0.0,988.0,1092.0,0.0,,,11.3,0.0,9.59,,,0.0,,
2025-11-19 11:28:33+00:00,2025-11-19 11:28:33,,,,,,,,,,17.6812496,0.0,988.0,1092.0,0.0,,,11.3,0.0,9.59,,,0.0,,
2025-11-19 11:28:34+00:00,2025-11-19 11:28:34,,,,,,,,,,17.6812496,0.0,988.0,1090.78125,0.0,,,11.3,0.0,9.59,,,0.0,,
2025-11-19 11:28:35+00:00,2025-11-19 11:28:35,20.0,20.0,20.0,20.0,20.0,,2.0,FALLBACK,Fallback Hz 사용: 20.0Hz (essential_range_violation),17.6812496,0.0,988.0,1090.78125,0.0,,,11.3,0.0,9.59,,,0.0,,
2025-11-19 11:28:36+00:00,2025-11-19 11:28:36,,,,,,,,,,17.6812496,0.0,987.0,1090.78125,0.0,,,11.3,0.0,9.59,,,0.0,,
2025-11-19 11:28:37+00:00,2025-11-19 11:28:37,,,,,,,,,,17.6812496,0.0,987.0,1091.02502,0.0,,,11.3,0.0,9.59,,,0.0,,
2025-11-19 11:28:38+00:00,2025-11-19 11:28:38,,,,,,,,,,17.6812496,0.0,987.0,1091.2688,0.0,,,11.3,0.0,9.59,,,0.0,,
2025-11-19 11:28:39+00:00,2025-11-19 11:28:39,,,,,,,,,,17.6812496,0.0,988.0,1092.48755,0.0,,,11.3,0.0,9.59,,,0.0,,
2025-11-19 11:28:40+00:00,2025-11-19 11:28:40,20.0,20.0,20.0,20.0,20.0,,2.0,FALLBACK,Fallback Hz 사용: 20.0Hz (essential_range_violation),17.6812496,0.0,988.0,1092.48755,0.0,,,11.3,0.0,9.59,,,0.0,,
2025-11-19 11:28:41+00:00,2025-11-19 11:28:41,,,,,,,,,,17.6812496,0.0,988.0,1092.65002,0.0,,,11.3,0.0,9.59,,,0.0,,
2025-11-19 11:28:42+00:00,2025-11-19 11:28:42,,,,,,,,,,17.6812496,0.0,988.0,1093.78748,0.0,,,11.3,0.0,9.59,,,0.0,,
2025-11-19 11:28:43+00:00,2025-11-19 11:28:43,,,,,,,,,,17.6812496,0.0,988.0,1093.78748,0.0,,,11.3,0.0,9.59,,,0.0,,
2025-11-19 11:28:44+00:00,2025-11-19 11:28:44,,,,,,,,,,17.6812496,0.0,988.0,1094.19373,0.0,,,11.3,0.0,9.59,,,0.0,,
2025-11-19 11:28:45+00:00,2025-11-19 11:28:45,20.0,20.0,20.0,20.0,20.0,,2.0,FALLBACK,Fallback Hz 사용: 20.0Hz (essential_range_violation),17.6812496,0.0,987.0,1094.19373,0.0,,,11.3,0.0,9.59,,,0.0,,
2025-11-19 11:28:46+00:00,2025-11-19 11:28:46,,,,,,,,,,17.6812496,0.0,987.0,1094.19373,0.0,,,11.3,0.0,9.59,,,0.0,,
2025-11-19 11:28:47+00:00,2025-11-19 11:28:47,,,,,,,,,,17.6812496,0.0,988.0,1095.1687,0.0,,,11.3,0.0,9.59,,,0.0,,
2025-11-19 11:28:48+00:00,2025-11-19 11:28:48,,,,,,,,,,17.6812496,0.0,987.0,1095.73755,0.0,,,11.3,0.0,9.59,,,0.0,,
2025-11-19 11:28:49+00:00,2025-11-19 11:28:49,,,,,,,,,,17.6812496,0.0,987.0,1095.9812,0.0,,,11.3,0.0,9.59,,,0.0,,
2025-11-19 11:28:50+00:00,2025-11-19 11:28:50,20.0,20.0,20.0,20.0,20.0,,2.0,FALLBACK,Fallback Hz 사용: 20.0Hz (essential_range_violation),17.6812496,0.0,987.0,1095.9812,0.0,,,11.3,0.0,9.59,,,0.0,,
2025-11-19 11:28:51+00:00,2025-11-19 11:28:51,,,,,,,,,,17.6812496,0.0,987.0,1096.55005,0.0,,,11.3,0.0,9.59,,,0.0,,
2025-11-19 11:28:52+00:00,2025-11-19 11:28:52,,,,,,,,,,17.6812496,0.0,987.0,1096.55005,0.0,,,11.3,0.0,9.59,,,0.0,,
2025-11-19 11:28:53+00:00,2025-11-19 11:28:53,,,,,,,,,,17.6812496,0.0,988.0,1097.7688,0.0,,,11.3,0.0,9.59,,,0.0,,
2025-11-19 11:28:54+00:00,2025-11-19 11:28:54,,,,,,,,,,17.6812496,0.0,988.0,1097.7688,0.0,,,11.3,0.0,9.59,,,0.0,,
2025-11-19 11:28:55+00:00,2025-11-19 11:28:55,20.0,20.0,20.0,20.0,20.0,,2.0,FALLBACK,Fallback Hz 사용: 20.0Hz (essential_range_violation),17.6812496,0.0,987.0,1097.93127,0.0,,,11.3,0.0,9.59,,,0.0,,
2025-11-19 11:28:56+00:00,2025-11-19 11:28:56,,,,,,,,,,17.6812496,0.0,987.0,1098.66248,0.0,,,11.3,0.0,9.59,,,0.0,,
2025-11-19 11:28:57+00:00,2025-11-19 11:28:57,,,,,,,,,,17.6812496,0.0,987.0,1098.66248,0.0,,,11.3,0.0,9.59,,,0.0,,
2025-11-19 11:28:58+00:00,2025-11-19 11:28:58,,,,,,,,,,17.6812496,0.0,987.0,1098.09375,0.0,,,11.3,0.0,9.59,,,0.0,,
2025-11-19 11:28:59+00:00,2025-11-19 11:28:59,,,,,,,,,,17.6812496,0.0,987.0,1098.09375,0.0,,,11.3,0.0,9.59,,,0.0,,
2025-11-19 11:29:00+00:00,2025-11-19 11:29:00,20.0,20.0,20.0,20.0,20.0,,2.0,FALLBACK,Fallback Hz 사용: 20.0Hz (essential_range_violation),17.6812496,0.0,989.0,1097.52502,0.0,,,11.3,0.0,9.59,,,0.0,,
2025-11-19 11:29:01+00:00,2025-11-19 11:29:01,,,,,,,,,,17.6812496,0.0,990.0,1097.84998,0.0,,,11.3,0.0,9.59,,,0.0,,
2025-11-19 11:29:02+00:00,2025-11-19 11:29:02,,,,,,,,,,17.6812496,0.0,989.0,1097.44373,0.0,,,11.3,0.0,9.59,,,0.0,,
2025-11-19 11:29:03+00:00,2025-11-19 11:29:03,,,,,,,,,,17.6812496,0.0,989.0,1097.44373,0.0,,,11.3,0.0,9.59,,,0.0,,
2025-11-19 11:29:04+00:00,2025-11-19 11:29:04,,,,,,,,,,17.6812496,0.0,989.0,1098.98755,0.0,,,11.3,0.0,9.59,,,0.0,,
2025-11-19 11:29:05+00:00,2025-11-19 11:29:05,20.0,20.0,20.0,20.0,20.0,,2.0,FALLBACK,Fallback Hz 사용: 20.0Hz (essential_range_violation),17.6812496,0.0,989.0,1099.15002,0.0,,,11.3,0.0,9.59,,,0.0,,
2025-11-19 11:29:06+00:00,2025-11-19 11:29:06,,,,,,,,,,17.6812496,0.0,989.0,1099.15002,0.0,,,11.3,0.0,9.59,,,0.0,,
2025-11-19 11:29:07+00:00,2025-11-19 11:29:07,,,,,,,,,,17.6812496,0.0,989.0,1099.2312,0.0,,,11.3,0.0,9.59,,,0.0,,
2025-11-19 11:29:08+00:00,2025-11-19 11:29:08,,,,,,,,,,17.6812496,0.0,988.0,1101.42505,0.0,,,11.3,0.0,9.59,,,0.0,,
2025-11-19 11:29:09+00:00,2025-11-19 11:29:09,,,,,,,,,,17.6812496,0.0,990.0,1100.9375,0.0,,,11.3,0.0,9.59,,,0.0,,
2025-11-19 11:29:10+00:00,2025-11-19 11:29:10,20.0,20.0,20.0,20.0,20.0,,2.0,FALLBACK,Fallback Hz 사용: 20.0Hz (essential_range_violation),17.6812496,0.0,990.0,1100.9375,0.0,,,11.3,0.0,9.59,,,0.0,,
2025-11-19 11:29:11+00:00,2025-11-19 11:29:11,,,,,,,,,,17.6812496,0.0,990.0,1100.69373,0.0,,,11.3,0.0,9.59,,,0.0,,
2025-11-19 11:29:12+00:00,2025-11-19 11:29:12,,,,,,,,,,17.6812496,0.0,990.0,1100.69373,0.0,,,11.3,0.0,9.59,,,0.0,,
2025-11-19 11:29:13+00:00,2025-11-19 11:29:13,,,,,,,,,,17.6812496,0.0,989.0,1101.75,0.0,,,11.3,0.0,9.59,,,0.0,,
2025-11-19 11:29:14+00:00,2025-11-19 11:29:14,,,,,,,,,,17.6812496,0.0,988.0,1101.18127,0.0,,,11.3,0.0,9.59,,,0.0,,
2025-11-19 11:29:15+00:00,2025-11-19 11:29:15,20.0,20.0,20.0,20.0,20.0,,2.0,FALLBACK,Fallback Hz 사용: 20.0Hz (essential_range_violation),17.6812496,0.0,988.0,1101.18127,0.0,,,11.3,0.0,9.59,,,0.0,,
2025-11-19 11:29:16+00:00,2025-11-19 11:29:16,,,,,,,,,,17.6812496,0.0,989.0,1103.78125,0.0,,,11.3,0.0,9.59,,,0.0,,
2025-11-19 11:29:17+00:00,2025-11-19 11:29:17,,,,,,,,,,17.6812496,0.0,989.0,1103.61877,0.0,,,11.3,0.0,9.59,,,0.0,,
2025-11-19 11:29:18+00:00,2025-11-19 11:29:18,,,,,,,,,,17.6812496,0.0,989.0,1103.61877,0.0,,,11.3,0.0,9.59,,,0.0,,
2025-11-19 11:29:19+00:00,2025-11-19 11:29:19,,,,,,,,,,17.6812496,0.0,990.0,1103.375,0.0,,,11.3,0.0,9.59,,,0.0,,
2025-11-19 11:29:20+00:00,2025-11-19 11:29:20,20.0,20.0,20.0,20.0,20.0,,2.0,FALLBACK,Fallback Hz 사용: 20.0Hz (essential_range_violation),17.6812496,0.0,990.0,1103.375,0.0,,,11.3,0.0,9.59,,,0.0,,
2025-11-19 11:29:21+00:00,2025-11-19 11:29:21,,,,,,,,,,17.6812496,0.0,991.0,1104.1875,0.0,,,11.3,0.0,9.59,,,0.0,,
2025-11-19 11:29:22+00:00,2025-11-19 11:29:22,,,,,,,,,,17.6812496,0.0,991.0,1104.1875,0.0,,,11.3,0.0,9.59,,,0.0,,
2025-11-19 11:29:23+00:00,2025-11-19 11:29:23,,,,,,,,,,17.6812496,0.0,990.0,1104.02502,0.0,,,11.3,0.0,9.59,,,0.0,,
2025-11-19 11:29:24+00:00,2025-11-19 11:29:24,,,,,,,,,,17.6812496,0.0,990.0,1104.02502,0.0,,,11.3,0.0,9.59,,,0.0,,
2025-11-19 11:29:25+00:00,2025-11-19 11:29:25,20.0,20.0,20.0,20.0,20.0,,2.0,FALLBACK,Fallback Hz 사용: 20.0Hz (essential_range_violation),17.6812496,0.0,991.0,1104.02502,0.0,,,11.3,0.0,9.59,,,0.0,,
2025-11-19 11:29:26+00:00,2025-11-19 11:29:26,,,,,,,,,,17.6812496,0.0,991.0,1104.1062,0.0,,,11.3,0.0,9.59,,,0.0,,
2025-11-19 11:29:27+00:00,2025-11-19 11:29:27,,,,,,,,,,17.6812496,0.0,991.0,1104.1062,0.0,,,11.3,0.0,9.59,,,0.0,,
2025-11-19 11:29:28+00:00,2025-11-19 11:29:28,,,,,,,,,,17.6812496,0.0,991.0,1104.83752,0.0,,,11.3,0.0,9.59,,,0.0,,
2025-11-19 11:29:29+00:00,2025-11-19 11:29:29,,,,,,,,,,17.6812496,0.0,991.0,1105.56873,0.0,,,11.3,0.0,9.59,,,0.0,,
2025-11-19 11:29:30+00:00,2025-11-19 11:29:30,20.0,20.0,20.0,20.0,20.0,,2.0,FALLBACK,Fallback Hz 사용: 20.0Hz (essential_range_violation),17.6812496,0.0,991.0,1105.56873,0.0,,,11.3,0.0,9.59,,,0.0,,
2025-11-19 11:29:31+00:00,2025-11-19 11:29:31,,,,,,,,,,17.6812496,0.0,991.0,1104.2688,0.0,,,11.3,0.0,9.59,,,0.0,,
2025-11-19 11:29:32+00:00,2025-11-19 11:29:32,,,,,,,,,,17.6812496,0.0,992.0,1104.9187,0.0,,,11.3,0.0,9.59,,,0.0,,
2025-11-19 11:29:33+00:00,2025-11-19 11:29:33,,,,,,,,,,17.6812496,0.0,992.0,1104.9187,0.0,,,11.3,0.0,9.59,,,0.0,,
2025-11-19 11:29:34+00:00,2025-11-19 11:29:34,,,,,,,,,,17.6812496,0.0,990.0,1106.86877,0.0,,,11.3,0.0,9.59,,,0.0,,
2025-11-19 11:29:35+00:00,2025-11-19 11:29:35,20.0,20.0,20.0,20.0,20.0,,2.0,FALLBACK,Fallback Hz 사용: 20.0Hz (essential_range_violation),17.6812496,0.0,991.0,1106.05627,0.0,,,11.3,0.0,9.59,,,0.0,,
2025-11-19 11:29:36+00:00,2025-11-19 11:29:36,,,,,,,,,,17.6812496,0.0,991.0,1106.05627,0.0,,,11.3,0.0,9.59,,,0.0,,
2025-11-19 11:29:37+00:00,2025-11-19 11:29:37,,,,,,,,,,17.6812496,0.0,991.0,1108.3313,0.0,,,11.3,0.0,9.59,,,0.0,,
2025-11-19 11:29:38+00:00,2025-11-19 11:29:38,,,,,,,,,,17.6812496,0.0,991.0,1108.1687,0.0,,,11.3,0.0,9.59,,,0.0,,
2025-11-19 11:29:39+00:00,2025-11-19 11:29:39,,,,,,,,,,17.6812496,0.0,991.0,1108.1687,0.0,,,11.3,0.0,9.59,,,0.0,,
2025-11-19 11:29:40+00:00,2025-11-19 11:29:40,20.0,20.0,20.0,20.0,20.0,,2.0,FALLBACK,Fallback Hz 사용: 20.0Hz (essential_range_violation),17.6812496,0.0,992.0,1108.25,0.0,,,11.3,0.0,9.59,,,0.0,,
2025-11-19 11:29:41+00:00,2025-11-19 11:29:41,,,,,,,,,,17.6812496,0.0,992.0,1108.25,0.0,,,11.3,0.0,9.59,,,0.0,,
2025-11-19 11:29:43+00:00,2025-11-19 11:29:43,,,,,,,,,,17.6812496,0.0,990.0,1108.9812,0.0,,,11.3,0.0,9.59,,,0.0,,
2025-11-19 11:29:44+00:00,2025-11-19 11:29:44,,,,,,,,,,17.6812496,0.0,990.0,1108.9812,0.0,,,11.3,0.0,9.59,,,0.0,,
2025-11-19 11:29:45+00:00,2025-11-19 11:29:45,20.0,20.0,20.0,20.0,20.0,,2.0,FALLBACK,Fallback Hz 사용: 20.0Hz (essential_range_violation),17.6812496,0.0,991.0,1109.9563,0.0,,,11.3,0.0,9.59,,,0.0,,
2025-11-19 11:29:46+00:00,2025-11-19 11:29:46,,,,,,,,,,17.6812496,0.0,991.0,1108.90002,0.0,,,11.3,0.0,9.59,,,0.0,,
2025-11-19 11:29:47+00:00,2025-11-19 11:29:47,,,,,,,,,,17.6812496,0.0,991.0,1109.46875,0.0,,,11.3,0.0,9.59,,,0.0,,
2025-11-19 11:29:48+00:00,2025-11-19 11:29:48,,,,,,,,,,17.6812496,0.0,991.0,1109.46875,0.0,,,11.3,0.0,9.59,,,0.0,,
2025-11-19 11:29:49+00:00,2025-11-19 11:29:49,,,,,,,,,,17.6812496,0.0,991.0,1111.66248,0.0,,,11.3,0.0,9.59,,,0.0,,
2025-11-19 11:29:50+00:00,2025-11-19 11:29:50,20.0,20.0,20.0,20.0,20.0,,2.0,FALLBACK,Fallback Hz 사용: 20.0Hz (essential_range_violation),17.6812496,0.0,991.0,1111.66248,0.0,,,11.3,0.0,9.59,,,0.0,,
2025-11-19 11:29:51+00:00,2025-11-19 11:29:51,,,,,,,,,,17.6812496,0.0,989.0,1111.5813,0.0,,,11.3,0.0,9.59,,,0.0,,
2025-11-19 11:29:52+00:00,2025-11-19 11:29:52,,,,,,,,,,17.6812496,0.0,988.0,1111.66248,0.0,,,11.3,0.0,9.59,,,0.0,,
2025-11-19 11:29:53+00:00,2025-11-19 11:29:53,,,,,,,,,,17.6812496,0.0,988.0,1111.66248,0.0,,,11.3,0.0,9.59,,,0.0,,
2025-11-19 11:29:54+00:00,2025-11-19 11:29:54,,,,,,,,,,17.6812496,0.0,989.0,1111.25623,0.0,,,11.3,0.0,9.59,,,0.0,,
2025-11-19 11:29:55+00:00,2025-11-19 11:29:55,20.0,20.0,20.0,20.0,20.0,,2.0,FALLBACK,Fallback Hz 사용: 20.0Hz (essential_range_violation),17.6812496,0.0,990.0,1111.5,0.0,,,11.3,0.0,9.59,,,0.0,,
2025-11-19 11:29:56+00:00,2025-11-19 11:29:56,,,,,,,,,,17.6812496,0.0,990.0,1111.5,0.0,,,11.3,0.0,9.59,,,0.0,,
2025-11-19 11:29:57+00:00,2025-11-19 11:29:57,,,,,,,,,,17.6812496,0.0,989.0,1111.5,0.0,,,11.3,0.0,9.59,,,0.0,,
2025-11-19 11:29:58+00:00,2025-11-19 11:29:58,,,,,,,,,,17.6812496,0.0,989.0,1111.25623,0.0,,,11.3,0.0,9.59,,,0.0,,
2025-11-19 11:29:59+00:00,2025-11-19 11:29:59,,,,,,,,,,17.6812496,0.0,989.0,1111.25623,0.0,,,11.3,0.0,9.59,,,0.0,,
2025-11-19 11:30:00+00:00,2025-11-19 11:30:00,20.0,20.0,20.0,20.0,20.0,,2.0,FALLBACK,Fallback Hz 사용: 20.0Hz (essential_range_violation),17.6812496,0.0,988.0,1110.6062,0.0,,,11.3,0.0,9.59,,,0.0,,
2025-11-19 11:30:01+00:00,2025-11-19 11:30:01,,,,,,,,,,17.6812496,0.0,989.0,1111.17505,0.0,,,11.3,0.0,9.59,,,0.0,,
2025-11-19 11:30:02+00:00,2025-11-19 11:30:02,,,,,,,,,,17.6812496,0.0,989.0,1111.17505,0.0,,,11.3,0.0,9.59,,,0.0,,
2025-11-19 11:30:03+00:00,2025-11-19 11:30:03,,,,,,,,,,17.6812496,0.0,990.0,1111.66248,0.0,,,11.3,0.0,9.59,,,0.0,,
2025-11-19 11:30:04+00:00,2025-11-19 11:30:04,,,,,,,,,,17.6812496,0.0,990.0,1111.66248,0.0,,,11.3,0.0,9.59,,,0.0,,
2025-11-19 11:30:05+00:00,2025-11-19 11:30:05,20.0,20.0,20.0,20.0,20.0,,2.0,FALLBACK,Fallback Hz 사용: 20.0Hz (essential_range_violation),17.6812496,0.0,988.0,1111.82495,0.0,,,11.3,0.0,9.59,,,0.0,,
2025-11-19 11:30:06+00:00,2025-11-19 11:30:06,,,,,,,,,,17.6812496,0.0,988.0,1111.82495,0.0,,,11.3,0.0,9.59,,,0.0,,
2025-11-19 11:30:07+00:00,2025-11-19 11:30:07,,,,,,,,,,17.6812496,0.0,988.0,1112.06873,0.0,,,11.3,0.0,9.59,,,0.0,,
2025-11-19 11:30:08+00:00,2025-11-19 11:30:08,,,,,,,,,,17.6812496,0.0,988.0,1112.06873,0.0,,,11.3,0.0,9.59,,,0.0,,
2025-11-19 11:30:09+00:00,2025-11-19 11:30:09,,,,,,,,,,17.6812496,0.0,988.0,1113.28748,0.0,,,11.3,0.0,9.59,,,0.0,,
2025-11-19 11:30:10+00:00,2025-11-19 11:30:10,20.0,20.0,20.0,20.0,20.0,,2.0,FALLBACK,Fallback Hz 사용: 20.0Hz (essential_range_violation),17.6812496,0.0,988.0,1113.28748,0.0,,,11.3,0.0,9.59,,,0.0,,
2025-11-19 11:30:11+00:00,2025-11-19 11:30:11,,,,,,,,,,17.6812496,0.0,987.0,1113.36877,0.0,,,11.3,0.0,9.59,,,0.0,,
2025-11-19 11:30:12+00:00,2025-11-19 11:30:12,,,,,,,,,,17.6812496,0.0,987.0,1112.3938,0.0,,,11.3,0.0,9.59,,,0.0,,
2025-11-19 11:30:13+00:00,2025-11-19 11:30:13,,,,,,,,,,17.6812496,0.0,987.0,1112.3938,0.0,,,11.3,0.0,9.59,,,0.0,,
2025-11-19 11:30:14+00:00,2025-11-19 11:30:14,,,,,,,,,,17.6812496,0.0,988.0,1114.58752,0.0,,,11.3,0.0,9.59,,,0.0,,
2025-11-19 11:30:15+00:00,2025-11-19 11:30:15,20.0,20.0,20.0,20.0,20.0,,2.0,FALLBACK,Fallback Hz 사용: 20.0Hz (essential_range_violation),17.6812496,0.0,987.0,1113.77502,0.0,,,11.3,0.0,9.59,,,0.0,,
2025-11-19 11:30:16+00:00,2025-11-19 11:30:16,,,,,,,,,,17.6812496,0.0,987.0,1113.53125,0.0,,,11.3,0.0,9.59,,,0.0,,
2025-11-19 11:30:17+00:00,2025-11-19 11:30:17,,,,,,,,,,17.6812496,0.0,987.0,1113.53125,0.0,,,11.3,0.0,9.59,,,0.0,,
2025-11-19 11:30:18+00:00,2025-11-19 11:30:18,,,,,,,,,,17.6812496,0.0,987.0,1114.0188,0.0,,,11.3,0.0,9.59,,,0.0,,
2025-11-19 11:30:19+00:00,2025-11-19 11:30:19,,,,,,,,,,17.6812496,0.0,988.0,1114.8313,0.0,,,11.3,0.0,9.59,,,0.0,,
2025-11-19 11:30:20+00:00,2025-11-19 11:30:20,20.0,20.0,20.0,20.0,20.0,,2.0,FALLBACK,Fallback Hz 사용: 20.0Hz (essential_range_violation),17.6812496,0.0,988.0,1114.8313,0.0,,,11.3,0.0,9.59,,,0.0,,
2025-11-19 11:30:21+00:00,2025-11-19 11:30:21,,,,,,,,,,17.6812496,0.0,988.0,1114.26245,0.0,,,11.3,0.0,9.59,,,0.0,,
2025-11-19 11:30:22+00:00,2025-11-19 11:30:22,,,,,,,,,,17.6812496,0.0,988.0,1113.9375,0.0,,,11.3,0.0,9.59,,,0.0,,
2025-11-19 11:30:23+00:00,2025-11-19 11:30:23,,,,,,,,,,17.6812496,0.0,988.0,1113.9375,0.0,,,11.3,0.0,9.59,,,0.0,,
2025-11-19 11:30:24+00:00,2025-11-19 11:30:24,,,,,,,,,,17.6812496,0.0,987.0,1113.8562,0.0,,,11.3,0.0,9.59,,,0.0,,
2025-11-19 11:30:25+00:00,2025-11-19 11:30:25,20.0,20.0,20.0,20.0,20.0,,2.0,FALLBACK,Fallback Hz 사용: 20.0Hz (essential_range_violation),17.6812496,0.0,987.0,1113.8562,0.0,,,11.3,0.0,9.59,,,0.0,,
2025-11-19 11:30:26+00:00,2025-11-19 11:30:26,,,,,,,,,,17.6812496,0.0,988.0,1114.42505,0.0,,,11.3,0.0,9.59,,,0.0,,
2025-11-19 11:30:27+00:00,2025-11-19 11:30:27,,,,,,,,,,17.6812496,0.0,987.0,1114.09998,0.0,,,11.3,0.0,9.59,,,0.0,,
2025-11-19 11:30:28+00:00,2025-11-19 11:30:28,,,,,,,,,,17.6812496,0.0,987.0,1114.09998,0.0,,,11.3,0.0,9.59,,,0.0,,
2025-11-19 11:30:29+00:00,2025-11-19 11:30:29,,,,,,,,,,17.6812496,0.0,987.0,1114.75,0.0,,,11.3,0.0,9.59,,,0.0,,
2025-11-19 11:30:30+00:00,2025-11-19 11:30:30,20.0,20.0,20.0,20.0,20.0,,2.0,FALLBACK,Fallback Hz 사용: 20.0Hz (essential_range_violation),17.6812496,0.0,987.0,1114.0188,0.0,,,11.3,0.0,9.59,,,0.0,,
2025-11-19 11:30:31+00:00,2025-11-19 11:30:31,,,,,,,,,,17.6812496,0.0,987.0,1114.0188,0.0,,,11.3,0.0,9.59,,,0.0,,
2025-11-19 11:30:32+00:00,2025-11-19 11:30:32,,,,,,,,,,17.6812496,0.0,988.0,1114.58752,0.0,,,11.3,0.0,9.59,,,0.0,,
2025-11-19 11:30:33+00:00,2025-11-19 11:30:33,,,,,,,,,,17.6812496,0.0,988.0,1114.58752,0.0,,,11.3,0.0,9.59,,,0.0,,
2025-11-19 11:30:34+00:00,2025-11-19 11:30:34,,,,,,,,,,17.6812496,0.0,987.0,1115.31873,0.0,,,11.3,0.0,9.59,,,0.0,,
2025-11-19 11:30:35+00:00,2025-11-19 11:30:35,20.0,20.0,20.0,20.0,20.0,,2.0,FALLBACK,Fallback Hz 사용: 20.0Hz (essential_range_violation),17.6812496,0.0,988.0,1115.80627,0.0,,,11.3,0.0,9.59,,,0.0,,
2025-11-19 11:30:36+00:00,2025-11-19 11:30:36,,,,,,,,,,17.6812496,0.0,988.0,1115.80627,0.0,,,11.3,0.0,9.59,,,0.0,,
2025-11-19 11:30:37+00:00,2025-11-19 11:30:37,,,,,,,,,,17.6812496,0.0,988.0,1115.07495,0.0,,,11.3,0.0,9.59,,,0.0,,
2025-11-19 11:30:38+00:00,2025-11-19 11:30:38,,,,,,,,,,17.6812496,0.0,988.0,1115.07495,0.0,,,11.3,0.0,9.59,,,0.0,,
2025-11-19 11:30:39+00:00,2025-11-19 11:30:39,,,,,,,,,,17.6812496,0.0,987.0,1115.31873,0.0,,,11.3,0.0,9.59,,,0.0,,
2025-11-19 11:30:40+00:00,2025-11-19 11:30:40,20.0,20.0,20.0,20.0,20.0,,2.0,FALLBACK,Fallback Hz 사용: 20.0Hz (essential_range_violation),17.6812496,0.0,987.0,1116.2937,0.0,,,11.3,0.0,9.59,,,0.0,,
2025-11-19 11:30:41+00:00,2025-11-19 11:30:41,,,,,,,,,,17.6812496,0.0,987.0,1116.2937,0.0,,,11.3,0.0,9.59,,,0.0,,
2025-11-19 11:30:42+00:00,2025-11-19 11:30:42,,,,,,,,,,17.6812496,0.0,987.0,1116.53748,0.0,,,11.3,0.0,9.59,,,0.0,,
2025-11-19 11:30:43+00:00,2025-11-19 11:30:43,,,,,,,,,,17.6812496,0.0,987.0,1115.88745,0.0,,,11.3,0.0,9.59,,,0.0,,
2025-11-19 11:30:44+00:00,2025-11-19 11:30:44,,,,,,,,,,17.6812496,0.0,987.0,1115.88745,0.0,,,11.3,0.0,9.59,,,0.0,,
2025-11-19 11:30:45+00:00,2025-11-19 11:30:45,20.0,20.0,20.0,20.0,20.0,,2.0,FALLBACK,Fallback Hz 사용: 20.0Hz (essential_range_violation),17.6812496,0.0,987.0,1115.40002,0.0,,,11.3,0.0,9.59,,,0.0,,
2025-11-19 11:30:46+00:00,2025-11-19 11:30:46,,,,,,,,,,17.6812496,0.0,988.0,1115.88745,0.0,,,11.3,0.0,9.59,,,0.0,,
2025-11-19 11:30:47+00:00,2025-11-19 11:30:47,,,,,,,,,,17.6812496,0.0,987.0,1115.88745,0.0,,,11.3,0.0,9.59,,,0.0,,
2025-11-19 11:30:48+00:00,2025-11-19 11:30:48,,,,,,,,,,17.6812496,0.0,987.0,1115.88745,0.0,,,11.3,0.0,9.59,,,0.0,,
2025-11-19 11:30:49+00:00,2025-11-19 11:30:49,,,,,,,,,,17.6812496,0.0,988.0,1116.05005,0.0,,,11.3,0.0,9.59,,,0.0,,
2025-11-19 11:30:50+00:00,2025-11-19 11:30:50,20.0,20.0,20.0,20.0,20.0,,2.0,FALLBACK,Fallback Hz 사용: 20.0Hz (essential_range_violation),17.6812496,0.0,988.0,1116.05005,0.0,,,11.3,0.0,9.59,,,0.0,,
2025-11-19 11:30:51+00:00,2025-11-19 11:30:51,,,,,,,,,,17.6812496,0.0,987.0,1114.09998,0.0,,,11.3,0.0,9.59,,,0.0,,
2025-11-19 11:30:52+00:00,2025-11-19 11:30:52,,,,,,,,,,17.6812496,0.0,988.0,1114.6687,0.0,,,11.3,0.0,9.59,,,0.0,,
2025-11-19 11:30:53+00:00,2025-11-19 11:30:53,,,,,,,,,,17.6812496,0.0,988.0,1114.34375,0.0,,,11.3,0.0,9.59,,,0.0,,
2025-11-19 11:30:54+00:00,2025-11-19 11:30:54,,,,,,,,,,17.6812496,0.0,988.0,1114.34375,0.0,,,11.3,0.0,9.59,,,0.0,,
2025-11-19 11:30:55+00:00,2025-11-19 11:30:55,20.0,20.0,20.0,20.0,20.0,,2.0,FALLBACK,Fallback Hz 사용: 20.0Hz (essential_range_violation),17.6812496,0.0,988.0,1114.75,0.0,,,11.3,0.0,9.59,,,0.0,,
2025-11-19 11:30:56+00:00,2025-11-19 11:30:56,,,,,,,,,,17.6812496,0.0,988.0,1114.75,0.0,,,11.3,0.0,9.59,,,0.0,,
2025-11-19 11:30:57+00:00,2025-11-19 11:30:57,,,,,,,,,,17.6812496,0.0,988.0,1114.75,0.0,,,11.3,0.0,9.59,,,0.0,,
2025-11-19 11:30:58+00:00,2025-11-19 11:30:58,,,,,,,,,,17.6812496,0.0,988.0,1114.75,0.0,,,11.3,0.0,9.59,,,0.0,,
2025-11-19 11:30:59+00:00,2025-11-19 11:30:59,,,,,,,,,,17.6812496,0.0,987.0,1114.58752,0.0,,,11.3,0.0,9.59,,,0.0,,
2025-11-19 11:31:00+00:00,2025-11-19 11:31:00,20.0,20.0,20.0,20.0,20.0,,2.0,FALLBACK,Fallback Hz 사용: 20.0Hz (essential_range_violation),17.6812496,0.0,986.0,1113.61255,0.0,,,11.3,0.0,9.59,,,0.0,,
2025-11-19 11:31:01+00:00,2025-11-19 11:31:01,,,,,,,,,,17.6812496,0.0,986.0,1113.61255,0.0,,,11.3,0.0,9.59,,,0.0,,
2025-11-19 11:31:02+00:00,2025-11-19 11:31:02,,,,,,,,,,17.6812496,0.0,988.0,1113.8562,0.0,,,11.3,0.0,9.59,,,0.0,,
2025-11-19 11:31:03+00:00,2025-11-19 11:31:03,,,,,,,,,,17.6812496,0.0,988.0,1113.8562,0.0,,,11.3,0.0,9.59,,,0.0,,
2025-11-19 11:31:04+00:00,2025-11-19 11:31:04,,,,,,,,,,17.6812496,0.0,987.0,1114.26245,0.0,,,11.3,0.0,9.59,,,0.0,,
2025-11-19 11:31:05+00:00,2025-11-19 11:31:05,20.0,20.0,20.0,20.0,20.0,,2.0,FALLBACK,Fallback Hz 사용: 20.0Hz (essential_range_violation),17.6812496,0.0,987.0,1114.26245,0.0,,,11.3,0.0,9.59,,,0.0,,
2025-11-19 11:31:06+00:00,2025-11-19 11:31:06,,,,,,,,,,17.6812496,0.0,987.0,1113.69373,0.0,,,11.3,0.0,9.59,,,0.0,,
2025-11-19 11:31:07+00:00,2025-11-19 11:31:07,,,,,,,,,,17.6812496,0.0,987.0,1113.69373,0.0,,,11.3,0.0,9.59,,,0.0,,
2025-11-19 11:31:08+00:00,2025-11-19 11:31:08,,,,,,,,,,17.6812496,0.0,988.0,1114.09998,0.0,,,11.3,0.0,9.59,,,0.0,,
2025-11-19 11:31:09+00:00,2025-11-19 11:31:09,,,,,,,,,,17.6812496,0.0,988.0,1114.09998,0.0,,,11.3,0.0,9.59,,,0.0,,
2025-11-19 11:31:10+00:00,2025-11-19 11:31:10,20.0,20.0,20.0,20.0,20.0,,2.0,FALLBACK,Fallback Hz 사용: 20.0Hz (essential_range_violation),17.6812496,0.0,988.0,1114.26245,0.0,,,11.3,0.0,9.59,,,0.0,,
2025-11-19 11:31:11+00:00,2025-11-19 11:31:11,,,,,,,,,,17.6812496,0.0,987.0,1113.69373,0.0,,,11.3,0.0,9.59,,,0.0,,
2025-11-19 11:31:12+00:00,2025-11-19 11:31:12,,,,,,,,,,17.6812496,0.0,987.0,1113.69373,0.0,,,11.3,0.0,9.59,,,0.0,,
2025-11-19 11:31:13+00:00,2025-11-19 11:31:13,,,,,,,,,,17.6812496,0.0,988.0,1113.77502,0.0,,,11.3,0.0,9.59,,,0.0,,
2025-11-19 11:31:14+00:00,2025-11-19 11:31:14,,,,,,,,,,17.6812496,0.0,988.0,1114.18127,0.0,,,11.3,0.0,9.59,,,0.0,,
2025-11-19 11:31:15+00:00,2025-11-19 11:31:15,20.0,20.0,20.0,20.0,20.0,,2.0,FALLBACK,Fallback Hz 사용: 20.0Hz (essential_range_violation),17.6812496,0.0,987.0,1113.77502,0.0,,,11.3,0.0,9.59,,,0.0,,
2025-11-19 11:31:16+00:00,2025-11-19 11:31:16,,,,,,,,,,17.6812496,0.0,987.0,1113.77502,0.0,,,11.3,0.0,9.59,,,0.0,,
2025-11-19 11:31:17+00:00,2025-11-19 11:31:17,,,,,,,,,,17.6812496,0.0,987.0,1114.18127,0.0,,,11.3,0.0,9.59,,,0.0,,
2025-11-19 11:31:18+00:00,2025-11-19 11:31:18,,,,,,,,,,17.6812496,0.0,987.0,1114.18127,0.0,,,11.3,0.0,9.59,,,0.0,,
2025-11-19 11:31:19+00:00,2025-11-19 11:31:19,,,,,,,,,,17.6812496,0.0,987.0,1113.77502,0.0,,,11.3,0.0,9.59,,,0.0,,
2025-11-19 11:31:20+00:00,2025-11-19 11:31:20,20.0,20.0,20.0,20.0,20.0,,2.0,FALLBACK,Fallback Hz 사용: 20.0Hz (essential_range_violation),17.6812496,0.0,987.0,1113.77502,0.0,,,11.3,0.0,9.59,,,0.0,,
2025-11-19 11:31:21+00:00,2025-11-19 11:31:21,,,,,,,,,,17.6812496,0.0,987.0,1113.61255,0.0,,,11.3,0.0,9.59,,,0.0,,
2025-11-19 11:31:22+00:00,2025-11-19 11:31:22,,,,,,,,,,17.6812496,0.0,987.0,1113.61255,0.0,,,11.3,0.0,9.59,,,0.0,,
2025-11-19 11:31:23+00:00,2025-11-19 11:31:23,,,,,,,,,,17.6812496,0.0,987.0,1113.8562,0.0,,,11.3,0.0,9.59,,,0.0,,
2025-11-19 11:31:24+00:00,2025-11-19 11:31:24,,,,,,,,,,17.6812496,0.0,988.0,1114.58752,0.0,,,11.3,0.0,9.59,,,0.0,,
2025-11-19 11:31:25+00:00,2025-11-19 11:31:25,20.0,20.0,20.0,20.0,20.0,,2.0,FALLBACK,Fallback Hz 사용: 20.0Hz (essential_range_violation),17.6812496,0.0,988.0,1113.9375,0.0,,,11.3,0.0,9.59,,,0.0,,
2025-11-19 11:31:27+00:00,2025-11-19 11:31:27,,,,,,,,,,17.6812496,0.0,988.0,1113.9375,0.0,,,11.3,0.0,9.59,,,0.0,,
2025-11-19 11:31:28+00:00,2025-11-19 11:31:28,,,,,,,,,,17.6812496,0.0,987.0,1112.47498,0.0,,,11.3,0.0,9.59,,,0.0,,
2025-11-19 11:31:29+00:00,2025-11-19 11:31:29,,,,,,,,,,17.6812496,0.0,988.0,1113.0437,0.0,,,11.3,0.0,9.59,,,0.0,,
2025-11-19 11:31:30+00:00,2025-11-19 11:31:30,20.0,20.0,20.0,20.0,20.0,,2.0,FALLBACK,Fallback Hz 사용: 20.0Hz (essential_range_violation),17.6812496,0.0,988.0,1113.0437,0.0,,,11.3,0.0,9.59,,,0.0,,
2025-11-19 11:31:31+00:00,2025-11-19 11:31:31,,,,,,,,,,17.6812496,0.0,988.0,1112.47498,0.0,,,11.3,0.0,9.59,,,0.0,,
2025-11-19 11:31:32+00:00,2025-11-19 11:31:32,,,,,,,,,,17.6812496,0.0,988.0,1112.47498,0.0,,,11.3,0.0,9.59,,,0.0,,
2025-11-19 11:31:33+00:00,2025-11-19 11:31:33,,,,,,,,,,17.6812496,0.0,987.0,1112.3125,0.0,,,11.3,0.0,9.59,,,0.0,,
2025-11-19 11:31:34+00:00,2025-11-19 11:31:34,,,,,,,,,,17.6812496,0.0,987.0,1112.3125,0.0,,,11.3,0.0,9.59,,,0.0,,
2025-11-19 11:31:35+00:00,2025-11-19 11:31:35,20.0,20.0,20.0,20.0,20.0,,2.0,FALLBACK,Fallback Hz 사용: 20.0Hz (essential_range_violation),17.6812496,0.0,987.0,1113.28748,0.0,,,11.3,0.0,9.59,,,0.0,,
2025-11-19 11:31:36+00:00,2025-11-19 11:31:36,,,,,,,,,,17.6812496,0.0,987.0,1113.0437,0.0,,,11.3,0.0,9.59,,,0.0,,
2025-11-19 11:31:37+00:00,2025-11-19 11:31:37,,,,,,,,,,17.6812496,0.0,987.0,1113.0437,0.0,,,11.3,0.0,9.59,,,0.0,,
2025-11-19 11:31:38+00:00,2025-11-19 11:31:38,,,,,,,,,,17.6812496,0.0,987.0,1110.44373,0.0,,,11.3,0.0,9.59,,,0.0,,
2025-11-19 11:31:39+00:00,2025-11-19 11:31:39,,,,,,,,,,17.6812496,0.0,987.0,1110.44373,0.0,,,11.3,0.0,9.59,,,0.0,,
2025-11-19 11:31:40+00:00,2025-11-19 11:31:40,20.0,20.0,20.0,20.0,20.0,,2.0,FALLBACK,Fallback Hz 사용: 20.0Hz (essential_range_violation),17.6812496,0.0,988.0,1111.33752,0.0,,,11.3,0.0,9.59,,,0.0,,
2025-11-19 11:31:41+00:00,2025-11-19 11:31:41,,,,,,,,,,17.6812496,0.0,988.0,1111.33752,0.0,,,11.3,0.0,9.59,,,0.0,,
2025-11-19 11:31:42+00:00,2025-11-19 11:31:42,,,,,,,,,,17.6812496,0.0,987.0,1111.17505,0.0,,,11.3,0.0,9.59,,,0.0,,
2025-11-19 11:31:43+00:00,2025-11-19 11:31:43,,,,,,,,,,17.6812496,0.0,987.0,1111.17505,0.0,,,11.3,0.0,9.59,,,0.0,,
2025-11-19 11:31:44+00:00,2025-11-19 11:31:44,,,,,,,,,,17.6812496,0.0,987.0,1111.17505,0.0,,,11.3,0.0,9.59,,,0.0,,
2025-11-19 11:31:45+00:00,2025-11-19 11:31:45,20.0,20.0,20.0,20.0,20.0,,2.0,FALLBACK,Fallback Hz 사용: 20.0Hz (essential_range_violation),17.6812496,0.0,987.0,1111.33752,0.0,,,11.3,0.0,9.59,,,0.0,,
2025-11-19 11:31:46+00:00,2025-11-19 11:31:46,,,,,,,,,,17.6812496,0.0,987.0,1111.25623,0.0,,,11.3,0.0,9.59,,,0.0,,
2025-11-19 11:31:47+00:00,2025-11-19 11:31:47,,,,,,,,,,17.6812496,0.0,987.0,1111.66248,0.0,,,11.3,0.0,9.59,,,0.0,,
2025-11-19 11:31:48+00:00,2025-11-19 11:31:48,,,,,,,,,,17.6812496,0.0,987.0,1111.66248,0.0,,,11.3,0.0,9.59,,,0.0,,
2025-11-19 11:31:49+00:00,2025-11-19 11:31:49,,,,,,,,,,17.6812496,0.0,988.0,1111.66248,0.0,,,11.3,0.0,9.59,,,0.0,,
2025-11-19 11:31:50+00:00,2025-11-19 11:31:50,20.0,20.0,20.0,20.0,20.0,,2.0,FALLBACK,Fallback Hz 사용: 20.0Hz (essential_range_violation),17.6812496,0.0,988.0,1111.66248,0.0,,,11.3,0.0,9.59,,,0.0,,
2025-11-19 11:31:51+00:00,2025-11-19 11:31:51,,,,,,,,,,17.6812496,0.0,988.0,1111.17505,0.0,,,11.3,0.0,9.59,,,0.0,,
2025-11-19 11:31:52+00:00,2025-11-19 11:31:52,,,,,,,,,,17.6812496,0.0,988.0,1111.17505,0.0,,,11.3,0.0,9.59,,,0.0,,
2025-11-19 11:31:53+00:00,2025-11-19 11:31:53,,,,,,,,,,17.6812496,0.0,988.0,1110.84998,0.0,,,11.3,0.0,9.59,,,0.0,,
2025-11-19 11:31:54+00:00,2025-11-19 11:31:54,,,,,,,,,,17.6812496,0.0,988.0,1110.84998,0.0,,,11.3,0.0,9.59,,,0.0,,
2025-11-19 11:31:55+00:00,2025-11-19 11:31:55,20.0,20.0,20.0,20.0,20.0,,2.0,FALLBACK,Fallback Hz 사용: 20.0Hz (essential_range_violation),17.6812496,0.0,987.0,1111.66248,0.0,,,11.3,0.0,9.59,,,0.0,,
2025-11-19 11:31:56+00:00,2025-11-19 11:31:56,,,,,,,,,,17.6812496,0.0,987.0,1111.66248,0.0,,,11.3,0.0,9.59,,,0.0,,
2025-11-19 11:31:57+00:00,2025-11-19 11:31:57,,,,,,,,,,17.6812496,0.0,988.0,1109.55005,0.0,,,11.3,0.0,9.59,,,0.0,,
2025-11-19 11:31:58+00:00,2025-11-19 11:31:58,,,,,,,,,,17.6812496,0.0,988.0,1109.1438,0.0,,,11.3,0.0,9.59,,,0.0,,
2025-11-19 11:31:59+00:00,2025-11-19 11:31:59,,,,,,,,,,17.6812496,0.0,988.0,1109.1438,0.0,,,11.3,0.0,9.59,,,0.0,,
2025-11-19 11:32:00+00:00,2025-11-19 11:32:00,20.0,20.0,20.0,20.0,20.0,,2.0,FALLBACK,Fallback Hz 사용: 20.0Hz (essential_range_violation),17.6812496,0.0,988.0,1109.875,0.0,,,11.3,0.0,9.59,,,0.0,,
2025-11-19 11:32:01+00:00,2025-11-19 11:32:01,,,,,,,,,,17.6812496,0.0,988.0,1109.875,0.0,,,11.3,0.0,9.59,,,0.0,,
2025-11-19 11:32:02+00:00,2025-11-19 11:32:02,,,,,,,,,,17.6812496,0.0,987.0,1108.00623,0.0,,,11.3,0.0,9.59,,,0.0,,
2025-11-19 11:32:03+00:00,2025-11-19 11:32:03,,,,,,,,,,17.6812496,0.0,987.0,1108.00623,0.0,,,11.3,0.0,9.59,,,0.0,,
2025-11-19 11:32:04+00:00,2025-11-19 11:32:04,,,,,,,,,,17.6812496,0.0,987.0,1107.59998,0.0,,,11.3,0.0,9.59,,,0.0,,
2025-11-19 11:32:05+00:00,2025-11-19 11:32:05,20.0,20.0,20.0,20.0,20.0,,2.0,FALLBACK,Fallback Hz 사용: 20.0Hz (essential_range_violation),17.6812496,0.0,988.0,1107.3562,0.0,,,11.3,0.0,9.59,,,0.0,,
2025-11-19 11:32:06+00:00,2025-11-19 11:32:06,,,,,,,,,,17.6812496,0.0,986.0,1107.76245,0.0,,,11.3,0.0,9.59,,,0.0,,
2025-11-19 11:32:07+00:00,2025-11-19 11:32:07,,,,,,,,,,17.6812496,0.0,985.0,1106.05627,0.0,,,11.3,0.0,9.59,,,0.0,,
2025-11-19 11:32:08+00:00,2025-11-19 11:32:08,,,,,,,,,,17.6812496,0.0,985.0,1106.05627,0.0,,,11.3,0.0,9.59,,,0.0,,
2025-11-19 11:32:09+00:00,2025-11-19 11:32:09,,,,,,,,,,17.6812496,0.0,986.0,1106.38123,0.0,,,11.3,0.0,9.59,,,0.0,,
2025-11-19 11:32:10+00:00,2025-11-19 11:32:10,20.0,20.0,20.0,20.0,20.0,,2.0,FALLBACK,Fallback Hz 사용: 20.0Hz (essential_range_violation),17.6812496,0.0,986.0,1106.38123,0.0,,,11.3,0.0,9.59,,,0.0,,
2025-11-19 11:32:11+00:00,2025-11-19 11:32:11,,,,,,,,,,17.6812496,0.0,986.0,1106.38123,0.0,,,11.3,0.0,9.59,,,0.0,,
2025-11-19 11:32:12+00:00,2025-11-19 11:32:12,,,,,,,,,,17.6812496,0.0,986.0,1105.65002,0.0,,,11.3,0.0,9.59,,,0.0,,
2025-11-19 11:32:13+00:00,2025-11-19 11:32:13,,,,,,,,,,17.6812496,0.0,985.0,1105.32495,0.0,,,11.3,0.0,9.59,,,0.0,,
2025-11-19 11:32:14+00:00,2025-11-19 11:32:14,,,,,,,,,,17.6812496,0.0,985.0,1104.34998,0.0,,,11.3,0.0,9.59,,,0.0,,
2025-11-19 11:32:15+00:00,2025-11-19 11:32:15,20.0,20.0,20.0,20.0,20.0,,2.0,FALLBACK,Fallback Hz 사용: 20.0Hz (essential_range_violation),17.6812496,0.0,985.0,1104.34998,0.0,,,11.3,0.0,9.59,,,0.0,,
2025-11-19 11:32:16+00:00,2025-11-19 11:32:16,,,,,,,,,,17.6812496,0.0,984.0,1104.43127,0.0,,,11.3,0.0,9.59,,,0.0,,
2025-11-19 11:32:17+00:00,2025-11-19 11:32:17,,,,,,,,,,17.6812496,0.0,984.0,1104.43127,0.0,,,11.3,0.0,9.59,,,0.0,,
2025-11-19 11:32:18+00:00,2025-11-19 11:32:18,,,,,,,,,,17.6812496,0.0,984.0,1104.9187,0.0,,,11.3,0.0,9.59,,,0.0,,
2025-11-19 11:32:19+00:00,2025-11-19 11:32:19,,,,,,,,,,17.6812496,0.0,984.0,1104.9187,0.0,,,11.3,0.0,9.59,,,0.0,,
2025-11-19 11:32:20+00:00,2025-11-19 11:32:20,20.0,20.0,20.0,20.0,20.0,,2.0,FALLBACK,Fallback Hz 사용: 20.0Hz (essential_range_violation),17.6812496,0.0,984.0,1105.0813,0.0,,,11.3,0.0,9.59,,,0.0,,
2025-11-19 11:32:21+00:00,2025-11-19 11:32:21,,,,,,,,,,17.6812496,0.0,984.0,1105.0813,0.0,,,11.3,0.0,9.59,,,0.0,,
2025-11-19 11:32:22+00:00,2025-11-19 11:32:22,,,,,,,,,,17.6812496,0.0,985.0,1105.40625,0.0,,,11.3,0.0,9.59,,,0.0,,
2025-11-19 11:32:23+00:00,2025-11-19 11:32:23,,,,,,,,,,17.6812496,0.0,984.0,1105.0,0.0,,,11.3,0.0,9.59,,,0.0,,
2025-11-19 11:32:24+00:00,2025-11-19 11:32:24,,,,,,,,,,17.6812496,0.0,984.0,1105.0,0.0,,,11.3,0.0,9.59,,,0.0,,
2025-11-19 11:32:25+00:00,2025-11-19 11:32:25,20.0,20.0,20.0,20.0,20.0,,2.0,FALLBACK,Fallback Hz 사용: 20.0Hz (essential_range_violation),17.6812496,0.0,984.0,1104.51245,0.0,,,11.3,0.0,9.59,,,0.0,,
2025-11-19 11:32:26+00:00,2025-11-19 11:32:26,,,,,,,,,,17.6812496,0.0,984.0,1104.51245,0.0,,,11.3,0.0,9.59,,,0.0,,
2025-11-19 11:32:27+00:00,2025-11-19 11:32:27,,,,,,,,,,17.6812496,0.0,983.0,1102.88745,0.0,,,11.3,0.0,9.59,,,0.0,,
2025-11-19 11:32:28+00:00,2025-11-19 11:32:28,,,,,,,,,,17.6812496,0.0,982.0,1103.53748,0.0,,,11.3,0.0,9.59,,,0.0,,
2025-11-19 11:32:29+00:00,2025-11-19 11:32:29,,,,,,,,,,17.6812496,0.0,982.0,1103.53748,0.0,,,11.3,0.0,9.59,,,0.0,,
2025-11-19 11:32:30+00:00,2025-11-19 11:32:30,20.0,20.0,20.0,20.0,20.0,,2.0,FALLBACK,Fallback Hz 사용: 20.0Hz (essential_range_violation),17.6812496,0.0,983.0,1103.53748,0.0,,,11.3,0.0,9.59,,,0.0,,
2025-11-19 11:32:31+00:00,2025-11-19 11:32:31,,,,,,,,,,17.6812496,0.0,983.0,1101.8313,0.0,,,11.3,0.0,9.59,,,0.0,,
2025-11-19 11:32:32+00:00,2025-11-19 11:32:32,,,,,,,,,,17.6812496,0.0,983.0,1101.58752,0.0,,,11.3,0.0,9.59,,,0.0,,
2025-11-19 11:32:33+00:00,2025-11-19 11:32:33,,,,,,,,,,17.6812496,0.0,983.0,1101.58752,0.0,,,11.3,0.0,9.59,,,0.0,,
2025-11-19 11:32:34+00:00,2025-11-19 11:32:34,,,,,,,,,,17.6812496,0.0,981.0,1101.0188,0.0,,,11.3,0.0,9.59,,,0.0,,
2025-11-19 11:32:35+00:00,2025-11-19 11:32:35,20.0,20.0,20.0,20.0,20.0,,2.0,FALLBACK,Fallback Hz 사용: 20.0Hz (essential_range_violation),17.6812496,0.0,981.0,1101.0188,0.0,,,11.3,0.0,9.59,,,0.0,,
2025-11-19 11:32:36+00:00,2025-11-19 11:32:36,,,,,,,,,,17.6812496,0.0,981.0,1101.42505,0.0,,,11.3,0.0,9.59,,,0.0,,
2025-11-19 11:32:37+00:00,2025-11-19 11:32:37,,,,,,,,,,17.6812496,0.0,981.0,1101.42505,0.0,,,11.3,0.0,9.59,,,0.0,,
2025-11-19 11:32:38+00:00,2025-11-19 11:32:38,,,,,,,,,,17.6812496,0.0,981.0,1101.42505,0.0,,,11.3,0.0,9.59,,,0.0,,
2025-11-19 11:32:39+00:00,2025-11-19 11:32:39,,,,,,,,,,17.6812496,0.0,981.0,1101.42505,0.0,,,11.3,0.0,9.59,,,0.0,,
2025-11-19 11:32:40+00:00,2025-11-19 11:32:40,20.0,20.0,20.0,20.0,20.0,,2.0,FALLBACK,Fallback Hz 사용: 20.0Hz (essential_range_violation),17.6812496,0.0,981.0,1099.3125,0.0,,,11.3,0.0,9.59,,,0.0,,
2025-11-19 11:32:41+00:00,2025-11-19 11:32:41,,,,,,,,,,17.6812496,0.0,981.0,1099.3125,0.0,,,11.3,0.0,9.59,,,0.0,,
2025-11-19 11:32:42+00:00,2025-11-19 11:32:42,,,,,,,,,,17.6812496,0.0,981.0,1099.06873,0.0,,,11.3,0.0,9.59,,,0.0,,
2025-11-19 11:32:43+00:00,2025-11-19 11:32:43,,,,,,,,,,17.6812496,0.0,981.0,1099.06873,0.0,,,11.3,0.0,9.59,,,0.0,,
2025-11-19 11:32:44+00:00,2025-11-19 11:32:44,,,,,,,,,,17.6812496,0.0,981.0,1098.74377,0.0,,,11.3,0.0,9.59,,,0.0,,
2025-11-19 11:32:45+00:00,2025-11-19 11:32:45,20.0,20.0,20.0,20.0,20.0,,2.0,FALLBACK,Fallback Hz 사용: 20.0Hz (essential_range_violation),17.6812496,0.0,981.0,1098.74377,0.0,,,11.3,0.0,9.59,,,0.0,,
2025-11-19 11:32:46+00:00,2025-11-19 11:32:46,,,,,,,,,,17.6812496,0.0,982.0,1098.4187,0.0,,,11.3,0.0,9.59,,,0.0,,
2025-11-19 11:32:47+00:00,2025-11-19 11:32:47,,,,,,,,,,17.6812496,0.0,982.0,1098.74377,0.0,,,11.3,0.0,9.59,,,0.0,,
2025-11-19 11:32:48+00:00,2025-11-19 11:32:48,,,,,,,,,,17.6812496,0.0,981.0,1098.74377,0.0,,,11.3,0.0,9.59,,,0.0,,
2025-11-19 11:32:49+00:00,2025-11-19 11:32:49,,,,,,,,,,17.6812496,0.0,981.0,1097.52502,0.0,,,11.3,0.0,9.59,,,0.0,,
2025-11-19 11:32:50+00:00,2025-11-19 11:32:50,20.0,20.0,20.0,20.0,20.0,,2.0,FALLBACK,Fallback Hz 사용: 20.0Hz (essential_range_violation),17.6812496,0.0,982.0,1098.66248,0.0,,,11.3,0.0,9.59,,,0.0,,
2025-11-19 11:32:51+00:00,2025-11-19 11:32:51,,,,,,,,,,17.6812496,0.0,982.0,1098.66248,0.0,,,11.3,0.0,9.59,,,0.0,,
2025-11-19 11:32:52+00:00,2025-11-19 11:32:52,,,,,,,,,,17.6812496,0.0,981.0,1097.52502,0.0,,,11.3,0.0,9.59,,,0.0,,
2025-11-19 11:32:53+00:00,2025-11-19 11:32:53,,,,,,,,,,17.6812496,0.0,981.0,1097.44373,0.0,,,11.3,0.0,9.59,,,0.0,,
2025-11-19 11:32:54+00:00,2025-11-19 11:32:54,,,,,,,,,,17.6812496,0.0,981.0,1097.44373,0.0,,,11.3,0.0,9.59,,,0.0,,
2025-11-19 11:32:55+00:00,2025-11-19 11:32:55,20.0,20.0,20.0,20.0,20.0,,2.0,FALLBACK,Fallback Hz 사용: 20.0Hz (essential_range_violation),17.6812496,0.0,981.0,1095.81873,0.0,,,11.3,0.0,9.59,,,0.0,,
2025-11-19 11:32:56+00:00,2025-11-19 11:32:56,,,,,,,,,,17.6812496,0.0,981.0,1095.81873,0.0,,,11.3,0.0,9.59,,,0.0,,
2025-11-19 11:32:57+00:00,2025-11-19 11:32:57,,,,,,,,,,17.6812496,0.0,982.0,1096.0625,0.0,,,11.3,0.0,9.59,,,0.0,,
2025-11-19 11:32:58+00:00,2025-11-19 11:32:58,,,,,,,,,,17.6812496,0.0,981.0,1095.81873,0.0,,,11.3,0.0,9.59,,,0.0,,
2025-11-19 11:32:59+00:00,2025-11-19 11:32:59,,,,,,,,,,17.6812496,0.0,980.0,1094.3562,0.0,,,11.3,0.0,9.59,,,0.0,,
2025-11-19 11:33:00+00:00,2025-11-19 11:33:00,20.0,20.0,20.0,20.0,20.0,,2.0,FALLBACK,Fallback Hz 사용: 20.0Hz (essential_range_violation),17.6812496,0.0,980.0,1094.3562,0.0,,,11.3,0.0,9.59,,,0.0,,
2025-11-19 11:33:01+00:00,2025-11-19 11:33:01,,,,,,,,,,17.6812496,0.0,980.0,1094.3562,0.0,,,11.3,0.0,9.59,,,0.0,,
2025-11-19 11:33:02+00:00,2025-11-19 11:33:02,,,,,,,,,,17.6812496,0.0,980.0,1094.3562,0.0,,,11.3,0.0,9.59,,,0.0,,
2025-11-19 11:33:03+00:00,2025-11-19 11:33:03,,,,,,,,,,17.6812496,0.0,980.0,1093.21875,0.0,,,11.3,0.0,9.59,,,0.0,,
2025-11-19 11:33:04+00:00,2025-11-19 11:33:04,,,,,,,,,,17.6812496,0.0,980.0,1092.65002,0.0,,,11.3,0.0,9.59,,,0.0,,
2025-11-19 11:33:05+00:00,2025-11-19 11:33:05,20.0,20.0,20.0,20.0,20.0,,2.0,FALLBACK,Fallback Hz 사용: 20.0Hz (essential_range_violation),17.6812496,0.0,979.0,1092.8938,0.0,,,11.3,0.0,9.59,,,0.0,,
2025-11-19 11:33:06+00:00,2025-11-19 11:33:06,,,,,,,,,,17.6812496,0.0,979.0,1092.8938,0.0,,,11.3,0.0,9.59,,,0.0,,
2025-11-19 11:33:08+00:00,2025-11-19 11:33:08,,,,,,,,,,17.6812496,0.0,979.0,1091.1875,0.0,,,11.3,0.0,9.59,,,0.0,,
2025-11-19 11:33:09+00:00,2025-11-19 11:33:09,,,,,,,,,,17.6812496,0.0,979.0,1091.1875,0.0,,,11.3,0.0,9.59,,,0.0,,
2025-11-19 11:33:10+00:00,2025-11-19 11:33:10,20.0,20.0,20.0,20.0,20.0,,2.0,FALLBACK,Fallback Hz 사용: 20.0Hz (essential_range_violation),17.6812496,0.0,980.0,1091.34998,0.0,,,11.3,0.0,9.59,,,0.0,,
2025-11-19 11:33:11+00:00,2025-11-19 11:33:11,,,,,,,,,,17.6812496,0.0,980.0,1091.34998,0.0,,,11.3,0.0,9.59,,,0.0,,
2025-11-19 11:33:12+00:00,2025-11-19 11:33:12,,,,,,,,,,17.6812496,0.0,980.0,1092.0,0.0,,,11.3,0.0,9.59,,,0.0,,
2025-11-19 11:33:13+00:00,2025-11-19 11:33:13,,,,,,,,,,17.6812496,0.0,980.0,1092.0,0.0,,,11.3,0.0,9.59,,,0.0,,
2025-11-19 11:33:14+00:00,2025-11-19 11:33:14,,,,,,,,,,17.6812496,0.0,980.0,1091.1875,0.0,,,11.3,0.0,9.59,,,0.0,,
2025-11-19 11:33:15+00:00,2025-11-19 11:33:15,20.0,20.0,20.0,20.0,20.0,,2.0,FALLBACK,Fallback Hz 사용: 20.0Hz (essential_range_violation),17.6812496,0.0,980.0,1091.1875,0.0,,,11.3,0.0,9.59,,,0.0,,
2025-11-19 11:33:16+00:00,2025-11-19 11:33:16,,,,,,,,,,17.6812496,0.0,979.0,1090.53748,0.0,,,11.3,0.0,9.59,,,0.0,,
2025-11-19 11:33:17+00:00,2025-11-19 11:33:17,,,,,,,,,,17.6812496,0.0,979.0,1090.53748,0.0,,,11.3,0.0,9.59,,,0.0,,
2025-11-19 11:33:18+00:00,2025-11-19 11:33:18,,,,,,,,,,17.6812496,0.0,980.0,1089.72498,0.0,,,11.3,0.0,9.59,,,0.0,,
2025-11-19 11:33:19+00:00,2025-11-19 11:33:19,,,,,,,,,,17.6812496,0.0,980.0,1089.5625,0.0,,,11.3,0.0,9.59,,,0.0,,
2025-11-19 11:33:20+00:00,2025-11-19 11:33:20,20.0,20.0,20.0,20.0,20.0,,2.0,FALLBACK,Fallback Hz 사용: 20.0Hz (essential_range_violation),17.6812496,0.0,980.0,1089.5625,0.0,,,11.3,0.0,9.59,,,0.0,,
2025-11-19 11:33:21+00:00,2025-11-19 11:33:21,,,,,,,,,,17.6812496,0.0,980.0,1087.9375,0.0,,,11.3,0.0,9.59,,,0.0,,
2025-11-19 11:33:22+00:00,2025-11-19 11:33:22,,,,,,,,,,17.6812496,0.0,980.0,1087.9375,0.0,,,11.3,0.0,9.59,,,0.0,,
2025-11-19 11:33:23+00:00,2025-11-19 11:33:23,,,,,,,,,,17.6812496,0.0,981.0,1088.26245,0.0,,,11.3,0.0,9.59,,,0.0,,
2025-11-19 11:33:24+00:00,2025-11-19 11:33:24,,,,,,,,,,17.6812496,0.0,982.0,1088.42505,0.0,,,11.3,0.0,9.59,,,0.0,,
2025-11-19 11:33:25+00:00,2025-11-19 11:33:25,20.0,20.0,20.0,20.0,20.0,,2.0,FALLBACK,Fallback Hz 사용: 20.0Hz (essential_range_violation),17.6812496,0.0,982.0,1088.42505,0.0,,,11.3,0.0,9.59,,,0.0,,
2025-11-19 11:33:26+00:00,2025-11-19 11:33:26,,,,,,,,,,17.6812496,0.0,981.0,1088.42505,0.0,,,11.3,0.0,9.59,,,0.0,,
2025-11-19 11:33:27+00:00,2025-11-19 11:33:27,,,,,,,,,,17.6812496,0.0,982.0,1087.36877,0.0,,,11.3,0.0,9.59,,,0.0,,
2025-11-19 11:33:28+00:00,2025-11-19 11:33:28,,,,,,,,,,17.6812496,0.0,981.0,1086.55627,0.0,,,11.3,0.0,9.59,,,0.0,,
2025-11-19 11:33:29+00:00,2025-11-19 11:33:29,,,,,,,,,,17.6812496,0.0,981.0,1086.55627,0.0,,,11.3,0.0,9.59,,,0.0,,
2025-11-19 11:33:30+00:00,2025-11-19 11:33:30,20.0,20.0,20.0,20.0,20.0,,2.0,FALLBACK,Fallback Hz 사용: 20.0Hz (essential_range_violation),17.6812496,0.0,980.0,1087.0437,0.0,,,11.3,0.0,9.59,,,0.0,,
2025-11-19 11:33:31+00:00,2025-11-19 11:33:31,,,,,,,,,,17.6812496,0.0,980.0,1087.0437,0.0,,,11.3,0.0,9.59,,,0.0,,
2025-11-19 11:33:32+00:00,2025-11-19 11:33:32,,,,,,,,,,17.6812496,0.0,981.0,1085.25623,0.0,,,11.3,0.0,9.59,,,0.0,,
2025-11-19 11:33:33+00:00,2025-11-19 11:33:33,,,,,,,,,,17.6812496,0.0,981.0,1085.25623,0.0,,,11.3,0.0,9.59,,,0.0,,
2025-11-19 11:33:34+00:00,2025-11-19 11:33:34,,,,,,,,,,17.6812496,0.0,981.0,1084.84998,0.0,,,11.3,0.0,9.59,,,0.0,,
2025-11-19 11:33:35+00:00,2025-11-19 11:33:35,20.0,20.0,20.0,20.0,20.0,,2.0,FALLBACK,Fallback Hz 사용: 20.0Hz (essential_range_violation),17.6812496,0.0,981.0,1084.84998,0.0,,,11.3,0.0,9.59,,,0.0,,
2025-11-19 11:33:36+00:00,2025-11-19 11:33:36,,,,,,,,,,17.6812496,0.0,982.0,1085.5813,0.0,,,11.3,0.0,9.59,,,0.0,,
2025-11-19 11:33:37+00:00,2025-11-19 11:33:37,,,,,,,,,,17.6812496,0.0,982.0,1085.5813,0.0,,,11.3,0.0,9.59,,,0.0,,
2025-11-19 11:33:38+00:00,2025-11-19 11:33:38,,,,,,,,,,17.6812496,0.0,982.0,1085.09375,0.0,,,11.3,0.0,9.59,,,0.0,,
2025-11-19 11:33:39+00:00,2025-11-19 11:33:39,,,,,,,,,,17.6812496,0.0,981.0,1085.66248,0.0,,,11.3,0.0,9.59,,,0.0,,
2025-11-19 11:33:40+00:00,2025-11-19 11:33:40,20.0,20.0,20.0,20.0,20.0,,2.0,FALLBACK,Fallback Hz 사용: 20.0Hz (essential_range_violation),17.6812496,0.0,981.0,1085.66248,0.0,,,11.3,0.0,9.59,,,0.0,,
2025-11-19 11:33:41+00:00,2025-11-19 11:33:41,,,,,,,,,,17.6812496,0.0,981.0,1085.90625,0.0,,,11.3,0.0,9.59,,,0.0,,
2025-11-19 11:33:42+00:00,2025-11-19 11:33:42,,,,,,,,,,17.6812496,0.0,981.0,1085.90625,0.0,,,11.3,0.0,9.59,,,0.0,,
2025-11-19 11:33:43+00:00,2025-11-19 11:33:43,,,,,,,,,,17.6812496,0.0,981.0,1085.82495,0.0,,,11.3,0.0,9.59,,,0.0,,
2025-11-19 11:33:44+00:00,2025-11-19 11:33:44,,,,,,,,,,17.6812496,0.0,981.0,1085.25623,0.0,,,11.3,0.0,9.59,,,0.0,,
2025-11-19 11:33:45+00:00,2025-11-19 11:33:45,20.0,20.0,20.0,20.0,20.0,,2.0,FALLBACK,Fallback Hz 사용: 20.0Hz (essential_range_violation),17.6812496,0.0,981.0,1085.25623,0.0,,,11.3,0.0,9.59,,,0.0,,
2025-11-19 11:33:46+00:00,2025-11-19 11:33:46,,,,,,,,,,17.6812496,0.0,981.0,1085.33752,0.0,,,11.3,0.0,9.59,,,0.0,,
2025-11-19 11:33:47+00:00,2025-11-19 11:33:47,,,,,,,,,,17.6812496,0.0,981.0,1085.33752,0.0,,,11.3,0.0,9.59,,,0.0,,
2025-11-19 11:33:48+00:00,2025-11-19 11:33:48,,,,,,,,,,17.6812496,0.0,982.0,1085.33752,0.0,,,11.3,0.0,9.59,,,0.0,,
2025-11-19 11:33:49+00:00,2025-11-19 11:33:49,,,,,,,,,,17.6812496,0.0,982.0,1085.98755,0.0,,,11.3,0.0,9.59,,,0.0,,
2025-11-19 11:33:50+00:00,2025-11-19 11:33:50,20.0,20.0,20.0,20.0,20.0,,2.0,FALLBACK,Fallback Hz 사용: 20.0Hz (essential_range_violation),17.6812496,0.0,982.0,1084.6875,0.0,,,11.3,0.0,9.59,,,0.0,,
2025-11-19 11:33:51+00:00,2025-11-19 11:33:51,,,,,,,,,,17.6812496,0.0,982.0,1084.6875,0.0,,,11.3,0.0,9.59,,,0.0,,
2025-11-19 11:33:52+00:00,2025-11-19 11:33:52,,,,,,,,,,17.6812496,0.0,982.0,1084.6875,0.0,,,11.3,0.0,9.59,,,0.0,,
2025-11-19 11:33:53+00:00,2025-11-19 11:33:53,,,,,,,,,,17.6812496,0.0,981.0,1084.6875,0.0,,,11.3,0.0,9.59,,,0.0,,
2025-11-19 11:33:54+00:00,2025-11-19 11:33:54,,,,,,,,,,17.6812496,0.0,982.0,1085.25623,0.0,,,11.3,0.0,9.59,,,0.0,,
2025-11-19 11:33:55+00:00,2025-11-19 11:33:55,20.0,20.0,20.0,20.0,20.0,,2.0,FALLBACK,Fallback Hz 사용: 20.0Hz (essential_range_violation),17.6812496,0.0,982.0,1085.25623,0.0,,,11.3,0.0,9.59,,,0.0,,
2025-11-19 11:33:56+00:00,2025-11-19 11:33:56,,,,,,,,,,17.6812496,0.0,981.0,1085.90625,0.0,,,11.3,0.0,9.59,,,0.0,,
2025-11-19 11:33:57+00:00,2025-11-19 11:33:57,,,,,,,,,,17.6812496,0.0,981.0,1085.90625,0.0,,,11.3,0.0,9.59,,,0.0,,
2025-11-19 11:33:58+00:00,2025-11-19 11:33:58,,,,,,,,,,17.6812496,0.0,981.0,1085.90625,0.0,,,11.3,0.0,9.59,,,0.0,,
2025-11-19 11:33:59+00:00,2025-11-19 11:33:59,,,,,,,,,,17.6812496,0.0,981.0,1085.09375,0.0,,,11.3,0.0,9.59,,,0.0,,
2025-11-19 11:34:00+00:00,2025-11-19 11:34:00,20.0,20.0,20.0,20.0,20.0,,2.0,FALLBACK,Fallback Hz 사용: 20.0Hz (essential_range_violation),17.6812496,0.0,981.0,1085.09375,0.0,,,11.3,0.0,9.59,,,0.0,,
2025-11-19 11:34:01+00:00,2025-11-19 11:34:01,,,,,,,,,,17.6812496,0.0,981.0,1086.47498,0.0,,,11.3,0.0,9.59,,,0.0,,
2025-11-19 11:34:02+00:00,2025-11-19 11:34:02,,,,,,,,,,17.6812496,0.0,982.0,1086.80005,0.0,,,11.3,0.0,9.59,,,0.0,,
2025-11-19 11:34:03+00:00,2025-11-19 11:34:03,,,,,,,,,,17.6812496,0.0,982.0,1086.80005,0.0,,,11.3,0.0,9.59,,,0.0,,
2025-11-19 11:34:04+00:00,2025-11-19 11:34:04,,,,,,,,,,17.6812496,0.0,981.0,1087.36877,0.0,,,11.3,0.0,9.59,,,0.0,,
2025-11-19 11:34:05+00:00,2025-11-19 11:34:05,20.0,20.0,20.0,20.0,20.0,,2.0,FALLBACK,Fallback Hz 사용: 20.0Hz (essential_range_violation),17.6812496,0.0,981.0,1088.0188,0.0,,,11.3,0.0,9.59,,,0.0,,
2025-11-19 11:34:06+00:00,2025-11-19 11:34:06,,,,,,,,,,17.6812496,0.0,981.0,1088.0188,0.0,,,11.3,0.0,9.59,,,0.0,,
2025-11-19 11:34:07+00:00,2025-11-19 11:34:07,,,,,,,,,,17.6812496,0.0,981.0,1088.91248,0.0,,,11.3,0.0,9.59,,,0.0,,
2025-11-19 11:34:08+00:00,2025-11-19 11:34:08,,,,,,,,,,17.6812496,0.0,981.0,1088.91248,0.0,,,11.3,0.0,9.59,,,0.0,,
2025-11-19 11:34:09+00:00,2025-11-19 11:34:09,,,,,,,,,,17.6812496,0.0,982.0,1088.91248,0.0,,,11.3,0.0,9.59,,,0.0,,
2025-11-19 11:34:10+00:00,2025-11-19 11:34:10,20.0,20.0,20.0,20.0,20.0,,2.0,FALLBACK,Fallback Hz 사용: 20.0Hz (essential_range_violation),17.6812496,0.0,982.0,1088.42505,0.0,,,11.3,0.0,9.59,,,0.0,,
2025-11-19 11:34:11+00:00,2025-11-19 11:34:11,,,,,,,,,,17.6812496,0.0,982.0,1089.80627,0.0,,,11.3,0.0,9.59,,,0.0,,
2025-11-19 11:34:12+00:00,2025-11-19 11:34:12,,,,,,,,,,17.6812496,0.0,982.0,1090.53748,0.0,,,11.3,0.0,9.59,,,0.0,,
2025-11-19 11:34:13+00:00,2025-11-19 11:34:13,,,,,,,,,,17.6812496,0.0,982.0,1090.53748,0.0,,,11.3,0.0,9.59,,,0.0,,
2025-11-19 11:34:14+00:00,2025-11-19 11:34:14,,,,,,,,,,17.6812496,0.0,983.0,1090.375,0.0,,,11.3,0.0,9.59,,,0.0,,
2025-11-19 11:34:15+00:00,2025-11-19 11:34:15,20.0,20.0,20.0,20.0,20.0,,2.0,FALLBACK,Fallback Hz 사용: 20.0Hz (essential_range_violation),17.6812496,0.0,982.0,1091.9187,0.0,,,11.3,0.0,9.59,,,0.0,,
2025-11-19 11:34:16+00:00,2025-11-19 11:34:16,,,,,,,,,,17.6812496,0.0,982.0,1091.67505,0.0,,,11.3,0.0,9.59,,,0.0,,
2025-11-19 11:34:17+00:00,2025-11-19 11:34:17,,,,,,,,,,17.6812496,0.0,982.0,1091.67505,0.0,,,11.3,0.0,9.59,,,0.0,,
2025-11-19 11:34:18+00:00,2025-11-19 11:34:18,,,,,,,,,,17.6812496,0.0,983.0,1092.16248,0.0,,,11.3,0.0,9.59,,,0.0,,
2025-11-19 11:34:19+00:00,2025-11-19 11:34:19,,,,,,,,,,17.6812496,0.0,983.0,1092.16248,0.0,,,11.3,0.0,9.59,,,0.0,,
2025-11-19 11:34:20+00:00,2025-11-19 11:34:20,20.0,20.0,20.0,20.0,20.0,,2.0,FALLBACK,Fallback Hz 사용: 20.0Hz (essential_range_violation),17.6812496,0.0,983.0,1091.9187,0.0,,,11.3,0.0,9.59,,,0.0,,
2025-11-19 11:34:21+00:00,2025-11-19 11:34:21,,,,,,,,,,17.6812496,0.0,983.0,1091.9187,0.0,,,11.3,0.0,9.59,,,0.0,,
2025-11-19 11:34:22+00:00,2025-11-19 11:34:22,,,,,,,,,,17.6812496,0.0,983.0,1092.40625,0.0,,,11.3,0.0,9.59,,,0.0,,
2025-11-19 11:34:23+00:00,2025-11-19 11:34:23,,,,,,,,,,17.6812496,0.0,984.0,1092.8938,0.0,,,11.3,0.0,9.59,,,0.0,,
2025-11-19 11:34:24+00:00,2025-11-19 11:34:24,,,,,,,,,,17.6812496,0.0,985.0,1093.05627,0.0,,,11.3,0.0,9.59,,,0.0,,
2025-11-19 11:34:25+00:00,2025-11-19 11:34:25,20.0,20.0,20.0,20.0,20.0,,2.0,FALLBACK,Fallback Hz 사용: 20.0Hz (essential_range_violation),17.6812496,0.0,985.0,1093.05627,0.0,,,11.3,0.0,9.59,,,0.0,,
2025-11-19 11:34:26+00:00,2025-11-19 11:34:26,,,,,,,,,,17.6812496,0.0,984.0,1094.03125,0.0,,,11.3,0.0,9.59,,,0.0,,
2025-11-19 11:34:27+00:00,2025-11-19 11:34:27,,,,,,,,,,17.6812496,0.0,984.0,1094.03125,0.0,,,11.3,0.0,9.59,,,0.0,,
2025-11-19 11:34:28+00:00,2025-11-19 11:34:28,,,,,,,,,,17.6812496,0.0,985.0,1096.71252,0.0,,,11.3,0.0,9.59,,,0.0,,
2025-11-19 11:34:29+00:00,2025-11-19 11:34:29,,,,,,,,,,17.6812496,0.0,985.0,1096.71252,0.0,,,11.3,0.0,9.59,,,0.0,,
2025-11-19 11:34:30+00:00,2025-11-19 11:34:30,20.0,20.0,20.0,20.0,20.0,,2.0,FALLBACK,Fallback Hz 사용: 20.0Hz (essential_range_violation),17.6812496,0.0,985.0,1097.84998,0.0,,,11.3,0.0,9.59,,,0.0,,
2025-11-19 11:34:31+00:00,2025-11-19 11:34:31,,,,,,,,,,17.6812496,0.0,985.0,1098.4187,0.0,,,11.3,0.0,9.59,,,0.0,,
2025-11-19 11:34:32+00:00,2025-11-19 11:34:32,,,,,,,,,,17.6812496,0.0,985.0,1098.4187,0.0,,,11.3,0.0,9.59,,,0.0,,
2025-11-19 11:34:33+00:00,2025-11-19 11:34:33,,,,,,,,,,17.6812496,0.0,985.0,1098.4187,0.0,,,11.3,0.0,9.59,,,0.0,,
2025-11-19 11:34:34+00:00,2025-11-19 11:34:34,,,,,,,,,,17.6812496,0.0,985.0,1098.66248,0.0,,,11.3,0.0,9.59,,,0.0,,
2025-11-19 11:34:35+00:00,2025-11-19 11:34:35,20.0,20.0,20.0,20.0,20.0,,2.0,FALLBACK,Fallback Hz 사용: 20.0Hz (essential_range_violation),17.6812496,0.0,984.0,1098.09375,0.0,,,11.3,0.0,9.59,,,0.0,,
2025-11-19 11:34:36+00:00,2025-11-19 11:34:36,,,,,,,,,,17.6812496,0.0,984.0,1098.09375,0.0,,,11.3,0.0,9.59,,,0.0,,
2025-11-19 11:34:37+00:00,2025-11-19 11:34:37,,,,,,,,,,17.6812496,0.0,985.0,1098.09375,0.0,,,11.3,0.0,9.59,,,0.0,,
2025-11-19 11:34:38+00:00,2025-11-19 11:34:38,,,,,,,,,,17.6812496,0.0,985.0,1099.88123,0.0,,,11.3,0.0,9.59,,,0.0,,
2025-11-19 11:34:39+00:00,2025-11-19 11:34:39,,,,,,,,,,17.6812496,0.0,985.0,1099.88123,0.0,,,11.3,0.0,9.59,,,0.0,,
2025-11-19 11:34:40+00:00,2025-11-19 11:34:40,20.0,20.0,20.0,20.0,20.0,,2.0,FALLBACK,Fallback Hz 사용: 20.0Hz (essential_range_violation),17.6812496,0.0,986.0,1100.77502,0.0,,,11.3,0.0,9.59,,,0.0,,
2025-11-19 11:34:41+00:00,2025-11-19 11:34:41,,,,,,,,,,17.6812496,0.0,987.0,1101.34375,0.0,,,11.3,0.0,9.59,,,0.0,,
2025-11-19 11:34:42+00:00,2025-11-19 11:34:42,,,,,,,,,,17.6812496,0.0,985.0,1100.53125,0.0,,,11.3,0.0,9.59,,,0.0,,
2025-11-19 11:34:43+00:00,2025-11-19 11:34:43,,,,,,,,,,17.6812496,0.0,985.0,1100.53125,0.0,,,11.3,0.0,9.59,,,0.0,,
2025-11-19 11:34:45+00:00,2025-11-19 11:34:45,20.0,20.0,20.0,20.0,20.0,,2.0,FALLBACK,Fallback Hz 사용: 20.0Hz (essential_range_violation),17.6812496,0.0,985.0,1102.6438,0.0,,,11.3,0.0,9.59,,,0.0,,
2025-11-19 11:34:46+00:00,2025-11-19 11:34:46,,,,,,,,,,17.6812496,0.0,986.0,1105.24377,0.0,,,11.3,0.0,9.59,,,0.0,,
2025-11-19 11:34:47+00:00,2025-11-19 11:34:47,,,,,,,,,,17.6812496,0.0,987.0,1104.43127,0.0,,,11.3,0.0,9.59,,,0.0,,
2025-11-19 11:34:48+00:00,2025-11-19 11:34:48,,,,,,,,,,17.6812496,0.0,987.0,1104.43127,0.0,,,11.3,0.0,9.59,,,0.0,,
2025-11-19 11:34:49+00:00,2025-11-19 11:34:49,,,,,,,,,,17.6812496,0.0,987.0,1104.34998,0.0,,,11.3,0.0,9.59,,,0.0,,
2025-11-19 11:34:50+00:00,2025-11-19 11:34:50,20.0,20.0,20.0,20.0,20.0,,2.0,FALLBACK,Fallback Hz 사용: 20.0Hz (essential_range_violation),17.6812496,0.0,987.0,1104.34998,0.0,,,11.3,0.0,9.59,,,0.0,,
2025-11-19 11:34:51+00:00,2025-11-19 11:34:51,,,,,,,,,,17.6812496,0.0,988.0,1104.1062,0.0,,,11.3,0.0,9.59,,,0.0,,
2025-11-19 11:34:52+00:00,2025-11-19 11:34:52,,,,,,,,,,17.6812496,0.0,988.0,1104.1062,0.0,,,11.3,0.0,9.59,,,0.0,,
2025-11-19 11:34:53+00:00,2025-11-19 11:34:53,,,,,,,,,,17.6812496,0.0,987.0,1106.38123,0.0,,,11.3,0.0,9.59,,,0.0,,
2025-11-19 11:34:54+00:00,2025-11-19 11:34:54,,,,,,,,,,17.6812496,0.0,988.0,1106.46252,0.0,,,11.3,0.0,9.59,,,0.0,,
2025-11-19 11:34:55+00:00,2025-11-19 11:34:55,20.0,20.0,20.0,20.0,20.0,,2.0,FALLBACK,Fallback Hz 사용: 20.0Hz (essential_range_violation),17.6812496,0.0,988.0,1106.46252,0.0,,,11.3,0.0,9.59,,,0.0,,
2025-11-19 11:34:56+00:00,2025-11-19 11:34:56,,,,,,,,,,17.6812496,0.0,987.0,1107.68127,0.0,,,11.3,0.0,9.59,,,0.0,,
2025-11-19 11:34:57+00:00,2025-11-19 11:34:57,,,,,,,,,,17.6812496,0.0,987.0,1108.90002,0.0,,,11.3,0.0,9.59,,,0.0,,
2025-11-19 11:34:58+00:00,2025-11-19 11:34:58,,,,,,,,,,17.6812496,0.0,988.0,1108.9812,0.0,,,11.3,0.0,9.59,,,0.0,,
2025-11-19 11:34:59+00:00,2025-11-19 11:34:59,,,,,,,,,,17.6812496,0.0,988.0,1108.9812,0.0,,,11.3,0.0,9.59,,,0.0,,
2025-11-19 11:35:00+00:00,2025-11-19 11:35:00,20.0,20.0,20.0,20.0,20.0,,2.0,FALLBACK,Fallback Hz 사용: 20.0Hz (essential_range_violation),17.6812496,0.0,987.0,1110.6062,0.0,,,11.3,0.0,9.59,,,0.0,,
2025-11-19 11:35:01+00:00,2025-11-19 11:35:01,,,,,,,,,,17.6812496,0.0,987.0,1110.6062,0.0,,,11.3,0.0,9.59,,,0.0,,
2025-11-19 11:35:02+00:00,2025-11-19 11:35:02,,,,,,,,,,17.6812496,0.0,987.0,1110.6875,0.0,,,11.3,0.0,9.59,,,0.0,,
2025-11-19 11:35:03+00:00,2025-11-19 11:35:03,,,,,,,,,,17.6812496,0.0,988.0,1110.36255,0.0,,,11.3,0.0,9.59,,,0.0,,
2025-11-19 11:35:04+00:00,2025-11-19 11:35:04,,,,,,,,,,17.6812496,0.0,988.0,1110.36255,0.0,,,11.3,0.0,9.59,,,0.0,,
2025-11-19 11:35:05+00:00,2025-11-19 11:35:05,20.0,20.0,20.0,20.0,20.0,,2.0,FALLBACK,Fallback Hz 사용: 20.0Hz (essential_range_violation),17.6812496,0.0,987.0,1111.90625,0.0,,,11.3,0.0,9.59,,,0.0,,
2025-11-19 11:35:06+00:00,2025-11-19 11:35:06,,,,,,,,,,17.6812496,0.0,987.0,1111.90625,0.0,,,11.3,0.0,9.59,,,0.0,,
2025-11-19 11:35:07+00:00,2025-11-19 11:35:07,,,,,,,,,,17.6812496,0.0,988.0,1113.36877,0.0,,,11.3,0.0,9.59,,,0.0,,
2025-11-19 11:35:08+00:00,2025-11-19 11:35:08,,,,,,,,,,17.6812496,0.0,988.0,1113.36877,0.0,,,11.3,0.0,9.59,,,0.0,,
2025-11-19 11:35:09+00:00,2025-11-19 11:35:09,,,,,,,,,,17.6812496,0.0,988.0,1114.26245,0.0,,,11.3,0.0,9.59,,,0.0,,
2025-11-19 11:35:10+00:00,2025-11-19 11:35:10,20.0,20.0,20.0,20.0,20.0,,2.0,FALLBACK,Fallback Hz 사용: 20.0Hz (essential_range_violation),17.6812496,0.0,988.0,1114.18127,0.0,,,11.3,0.0,9.59,,,0.0,,
2025-11-19 11:35:11+00:00,2025-11-19 11:35:11,,,,,,,,,,17.6812496,0.0,988.0,1114.18127,0.0,,,11.3,0.0,9.59,,,0.0,,
2025-11-19 11:35:12+00:00,2025-11-19 11:35:12,,,,,,,,,,17.6812496,0.0,988.0,1115.88745,0.0,,,11.3,0.0,9.59,,,0.0,,
2025-11-19 11:35:13+00:00,2025-11-19 11:35:13,,,,,,,,,,17.6812496,0.0,988.0,1115.31873,0.0,,,11.3,0.0,9.59,,,0.0,,
2025-11-19 11:35:14+00:00,2025-11-19 11:35:14,,,,,,,,,,17.6812496,0.0,989.0,1116.86255,0.0,,,11.3,0.0,9.59,,,0.0,,
2025-11-19 11:35:15+00:00,2025-11-19 11:35:15,20.0,20.0,20.0,20.0,20.0,,2.0,FALLBACK,Fallback Hz 사용: 20.0Hz (essential_range_violation),17.6812496,0.0,989.0,1116.86255,0.0,,,11.3,0.0,9.59,,,0.0,,
2025-11-19 11:35:16+00:00,2025-11-19 11:35:16,,,,,,,,,,17.6812496,0.0,989.0,1117.67505,0.0,,,11.3,0.0,9.59,,,0.0,,
2025-11-19 11:35:17+00:00,2025-11-19 11:35:17,,,,,,,,,,17.6812496,0.0,989.0,1117.67505,0.0,,,11.3,0.0,9.59,,,0.0,,
2025-11-19 11:35:18+00:00,2025-11-19 11:35:18,,,,,,,,,,17.6812496,0.0,988.0,1117.51245,0.0,,,11.3,0.0,9.59,,,0.0,,
2025-11-19 11:35:19+00:00,2025-11-19 11:35:19,,,,,,,,,,17.6812496,0.0,989.0,1116.94373,0.0,,,11.3,0.0,9.59,,,0.0,,
2025-11-19 11:35:20+00:00,2025-11-19 11:35:20,20.0,20.0,20.0,20.0,20.0,,2.0,FALLBACK,Fallback Hz 사용: 20.0Hz (essential_range_violation),17.6812496,0.0,989.0,1116.94373,0.0,,,11.3,0.0,9.59,,,0.0,,
2025-11-19 11:35:21+00:00,2025-11-19 11:35:21,,,,,,,,,,17.6812496,0.0,990.0,1118.8125,0.0,,,11.3,0.0,9.59,,,0.0,,
2025-11-19 11:35:22+00:00,2025-11-19 11:35:22,,,,,,,,,,17.6812496,0.0,990.0,1118.8125,0.0,,,11.3,0.0,9.59,,,0.0,,
2025-11-19 11:35:23+00:00,2025-11-19 11:35:23,,,,,,,,,,17.6812496,0.0,990.0,1120.3562,0.0,,,11.3,0.0,9.59,,,0.0,,
2025-11-19 11:35:24+00:00,2025-11-19 11:35:24,,,,,,,,,,17.6812496,0.0,990.0,1120.3562,0.0,,,11.3,0.0,9.59,,,0.0,,
2025-11-19 11:35:25+00:00,2025-11-19 11:35:25,20.0,20.0,20.0,20.0,20.0,,2.0,FALLBACK,Fallback Hz 사용: 20.0Hz (essential_range_violation),17.6812496,0.0,991.0,1122.63123,0.0,,,11.3,0.0,9.59,,,0.0,,
2025-11-19 11:35:26+00:00,2025-11-19 11:35:26,,,,,,,,,,17.6812496,0.0,990.0,1122.0625,0.0,,,11.3,0.0,9.59,,,0.0,,
2025-11-19 11:35:27+00:00,2025-11-19 11:35:27,,,,,,,,,,17.6812496,0.0,990.0,1122.0625,0.0,,,11.3,0.0,9.59,,,0.0,,
2025-11-19 11:35:28+00:00,2025-11-19 11:35:28,,,,,,,,,,17.6812496,0.0,990.0,1124.74377,0.0,,,11.3,0.0,9.59,,,0.0,,
2025-11-19 11:35:29+00:00,2025-11-19 11:35:29,,,,,,,,,,17.6812496,0.0,992.0,1124.09375,0.0,,,11.3,0.0,9.59,,,0.0,,
2025-11-19 11:35:30+00:00,2025-11-19 11:35:30,20.0,20.0,20.0,20.0,20.0,,2.0,FALLBACK,Fallback Hz 사용: 20.0Hz (essential_range_violation),17.6812496,0.0,992.0,1124.09375,0.0,,,11.3,0.0,9.59,,,0.0,,
2025-11-19 11:35:31+00:00,2025-11-19 11:35:31,,,,,,,,,,17.6812496,0.0,990.0,1124.4187,0.0,,,11.3,0.0,9.59,,,0.0,,
2025-11-19 11:35:32+00:00,2025-11-19 11:35:32,,,,,,,,,,17.6812496,0.0,990.0,1124.4187,0.0,,,11.3,0.0,9.59,,,0.0,,
2025-11-19 11:35:33+00:00,2025-11-19 11:35:33,,,,,,,,,,17.6812496,0.0,993.0,1123.44373,0.0,,,11.3,0.0,9.59,,,0.0,,
2025-11-19 11:35:34+00:00,2025-11-19 11:35:34,,,,,,,,,,17.6812496,0.0,993.0,1123.52502,0.0,,,11.3,0.0,9.59,,,0.0,,
2025-11-19 11:35:35+00:00,2025-11-19 11:35:35,20.0,20.0,20.0,20.0,20.0,,2.0,FALLBACK,Fallback Hz 사용: 20.0Hz (essential_range_violation),17.6812496,0.0,993.0,1123.52502,0.0,,,11.3,0.0,9.59,,,0.0,,
2025-11-19 11:35:36+00:00,2025-11-19 11:35:36,,,,,,,,,,17.6812496,0.0,992.0,1126.44995,0.0,,,11.3,0.0,9.59,,,0.0,,
2025-11-19 11:35:37+00:00,2025-11-19 11:35:37,,,,,,,,,,17.6812496,0.0,992.0,1126.44995,0.0,,,11.3,0.0,9.59,,,0.0,,
2025-11-19 11:35:38+00:00,2025-11-19 11:35:38,,,,,,,,,,17.6812496,0.0,992.0,1126.36877,0.0,,,11.3,0.0,9.59,,,0.0,,
2025-11-19 11:35:39+00:00,2025-11-19 11:35:39,,,,,,,,,,17.6812496,0.0,993.0,1127.58752,0.0,,,11.3,0.0,9.59,,,0.0,,
2025-11-19 11:35:40+00:00,2025-11-19 11:35:40,20.0,20.0,20.0,20.0,20.0,,2.0,FALLBACK,Fallback Hz 사용: 20.0Hz (essential_range_violation),17.6812496,0.0,993.0,1127.58752,0.0,,,11.3,0.0,9.59,,,0.0,,
2025-11-19 11:35:41+00:00,2025-11-19 11:35:41,,,,,,,,,,17.6812496,0.0,994.0,1127.91248,0.0,,,11.3,0.0,9.59,,,0.0,,
2025-11-19 11:35:42+00:00,2025-11-19 11:35:42,,,,,,,,,,17.6812496,0.0,995.0,1126.8562,0.0,,,11.3,0.0,9.59,,,0.0,,
2025-11-19 11:35:43+00:00,2025-11-19 11:35:43,,,,,,,,,,17.6812496,0.0,995.0,1126.8562,0.0,,,11.3,0.0,9.59,,,0.0,,
2025-11-19 11:35:44+00:00,2025-11-19 11:35:44,,,,,,,,,,17.6812496,0.0,994.0,1126.61255,0.0,,,11.3,0.0,9.59,,,0.0,,
2025-11-19 11:35:45+00:00,2025-11-19 11:35:45,20.0,20.0,20.0,20.0,20.0,,2.0,FALLBACK,Fallback Hz 사용: 20.0Hz (essential_range_violation),17.6812496,0.0,994.0,1126.61255,0.0,,,11.3,0.0,9.59,,,0.0,,
2025-11-19 11:35:46+00:00,2025-11-19 11:35:46,,,,,,,,,,17.6812496,0.0,995.0,1128.5625,0.0,,,11.3,0.0,9.59,,,0.0,,
2025-11-19 11:35:47+00:00,2025-11-19 11:35:47,,,,,,,,,,17.6812496,0.0,995.0,1128.5625,0.0,,,11.3,0.0,9.59,,,0.0,,
2025-11-19 11:35:48+00:00,2025-11-19 11:35:48,,,,,,,,,,17.6812496,0.0,995.0,1130.51245,0.0,,,11.3,0.0,9.59,,,0.0,,
2025-11-19 11:35:49+00:00,2025-11-19 11:35:49,,,,,,,,,,17.6812496,0.0,995.0,1130.51245,0.0,,,11.3,0.0,9.59,,,0.0,,
2025-11-19 11:35:50+00:00,2025-11-19 11:35:50,20.0,20.0,20.0,20.0,20.0,,2.0,FALLBACK,Fallback Hz 사용: 20.0Hz (essential_range_violation),17.6812496,0.0,993.0,1130.59375,0.0,,,11.3,0.0,9.59,,,0.0,,
2025-11-19 11:35:51+00:00,2025-11-19 11:35:51,,,,,,,,,,17.6812496,0.0,995.0,1130.2688,0.0,,,11.3,0.0,9.59,,,0.0,,
2025-11-19 11:35:52+00:00,2025-11-19 11:35:52,,,,,,,,,,17.6812496,0.0,995.0,1130.2688,0.0,,,11.3,0.0,9.59,,,0.0,,
2025-11-19 11:35:53+00:00,2025-11-19 11:35:53,,,,,,,,,,17.6812496,0.0,995.0,1130.1875,0.0,,,11.3,0.0,9.59,,,0.0,,
2025-11-19 11:35:54+00:00,2025-11-19 11:35:54,,,,,,,,,,17.6812496,0.0,995.0,1130.1875,0.0,,,11.3,0.0,9.59,,,0.0,,
2025-11-19 11:35:55+00:00,2025-11-19 11:35:55,20.0,20.0,20.0,20.0,20.0,,2.0,FALLBACK,Fallback Hz 사용: 20.0Hz (essential_range_violation),17.6812496,0.0,994.0,1130.9187,0.0,,,11.3,0.0,9.59,,,0.0,,
2025-11-19 11:35:56+00:00,2025-11-19 11:35:56,,,,,,,,,,17.6812496,0.0,993.0,1130.83752,0.0,,,11.3,0.0,9.59,,,0.0,,
2025-11-19 11:35:57+00:00,2025-11-19 11:35:57,,,,,,,,,,17.6812496,0.0,993.0,1130.83752,0.0,,,11.3,0.0,9.59,,,0.0,,
2025-11-19 11:35:58+00:00,2025-11-19 11:35:58,,,,,,,,,,17.6812496,0.0,994.0,1131.8125,0.0,,,11.3,0.0,9.59,,,0.0,,
2025-11-19 11:35:59+00:00,2025-11-19 11:35:59,,,,,,,,,,17.6812496,0.0,994.0,1131.8125,0.0,,,11.3,0.0,9.59,,,0.0,,
2025-11-19 11:36:00+00:00,2025-11-19 11:36:00,20.0,20.0,20.0,20.0,20.0,,2.0,FALLBACK,Fallback Hz 사용: 20.0Hz (essential_range_violation),17.6812496,0.0,994.0,1132.78748,0.0,,,11.3,0.0,9.59,,,0.0,,
2025-11-19 11:36:01+00:00,2025-11-19 11:36:01,,,,,,,,,,17.6812496,0.0,995.0,1131.65002,0.0,,,11.3,0.0,9.59,,,0.0,,
2025-11-19 11:36:02+00:00,2025-11-19 11:36:02,,,,,,,,,,17.6812496,0.0,994.0,1133.3562,0.0,,,11.3,0.0,9.59,,,0.0,,
2025-11-19 11:36:03+00:00,2025-11-19 11:36:03,,,,,,,,,,17.6812496,0.0,994.0,1133.3562,0.0,,,11.3,0.0,9.59,,,0.0,,
2025-11-19 11:36:04+00:00,2025-11-19 11:36:04,,,,,,,,,,17.6812496,0.0,995.0,1133.3562,0.0,,,11.3,0.0,9.59,,,0.0,,
2025-11-19 11:36:05+00:00,2025-11-19 11:36:05,20.0,20.0,20.0,20.0,20.0,,2.0,FALLBACK,Fallback Hz 사용: 20.0Hz (essential_range_violation),17.6812496,0.0,995.0,1133.3562,0.0,,,11.3,0.0,9.59,,,0.0,,
2025-11-19 11:36:06+00:00,2025-11-19 11:36:06,,,,,,,,,,17.6812496,0.0,994.0,1135.7937,0.0,,,11.3,0.0,9.59,,,0.0,,
2025-11-19 11:36:07+00:00,2025-11-19 11:36:07,,,,,,,,,,17.6812496,0.0,994.0,1135.7937,0.0,,,11.3,0.0,9.59,,,0.0,,
2025-11-19 11:36:08+00:00,2025-11-19 11:36:08,,,,,,,,,,17.6812496,0.0,995.0,1135.30627,0.0,,,11.3,0.0,9.59,,,0.0,,
2025-11-19 11:36:09+00:00,2025-11-19 11:36:09,,,,,,,,,,17.6812496,0.0,995.0,1135.30627,0.0,,,11.3,0.0,9.59,,,0.0,,
2025-11-19 11:36:10+00:00,2025-11-19 11:36:10,20.0,20.0,20.0,20.0,20.0,,2.0,FALLBACK,Fallback Hz 사용: 20.0Hz (essential_range_violation),17.6812496,0.0,995.0,1136.6875,0.0,,,11.3,0.0,9.59,,,0.0,,
2025-11-19 11:36:11+00:00,2025-11-19 11:36:11,,,,,,,,,,17.6812496,0.0,996.0,1136.93127,0.0,,,11.3,0.0,9.59,,,0.0,,
2025-11-19 11:36:12+00:00,2025-11-19 11:36:12,,,,,,,,,,17.6812496,0.0,996.0,1136.93127,0.0,,,11.3,0.0,9.59,,,0.0,,
2025-11-19 11:36:13+00:00,2025-11-19 11:36:13,,,,,,,,,,17.6812496,0.0,995.0,1136.52502,0.0,,,11.3,0.0,9.59,,,0.0,,
2025-11-19 11:36:14+00:00,2025-11-19 11:36:14,,,,,,,,,,17.6812496,0.0,995.0,1136.6062,0.0,,,11.3,0.0,9.59,,,0.0,,
2025-11-19 11:36:15+00:00,2025-11-19 11:36:15,20.0,20.0,20.0,20.0,20.0,,2.0,FALLBACK,Fallback Hz 사용: 20.0Hz (essential_range_violation),17.6812496,0.0,995.0,1136.6062,0.0,,,11.3,0.0,9.59,,,0.0,,
2025-11-19 11:36:16+00:00,2025-11-19 11:36:16,,,,,,,,,,17.6812496,0.0,995.0,1136.52502,0.0,,,11.3,0.0,9.59,,,0.0,,
2025-11-19 11:36:17+00:00,2025-11-19 11:36:17,,,,,,,,,,17.6812496,0.0,995.0,1136.52502,0.0,,,11.3,0.0,9.59,,,0.0,,
2025-11-19 11:36:18+00:00,2025-11-19 11:36:18,,,,,,,,,,17.6812496,0.0,994.0,1137.01245,0.0,,,11.3,0.0,9.59,,,0.0,,
2025-11-19 11:36:19+00:00,2025-11-19 11:36:19,,,,,,,,,,17.6812496,0.0,994.0,1137.01245,0.0,,,11.3,0.0,9.59,,,0.0,,
2025-11-19 11:36:20+00:00,2025-11-19 11:36:20,20.0,20.0,20.0,20.0,20.0,,2.0,FALLBACK,Fallback Hz 사용: 20.0Hz (essential_range_violation),17.6812496,0.0,994.0,1137.74377,0.0,,,11.3,0.0,9.59,,,0.0,,
2025-11-19 11:36:22+00:00,2025-11-19 11:36:22,,,,,,,,,,17.6812496,0.0,994.0,1137.74377,0.0,,,11.3,0.0,9.59,,,0.0,,
2025-11-19 11:36:23+00:00,2025-11-19 11:36:23,,,,,,,,,,17.6812496,0.0,994.0,1137.74377,0.0,,,11.3,0.0,9.59,,,0.0,,
2025-11-19 11:36:24+00:00,2025-11-19 11:36:24,,,,,,,,,,17.6812496,0.0,994.0,1136.28125,0.0,,,11.3,0.0,9.59,,,0.0,,
2025-11-19 11:36:25+00:00,2025-11-19 11:36:25,20.0,20.0,20.0,20.0,20.0,,2.0,FALLBACK,Fallback Hz 사용: 20.0Hz (essential_range_violation),17.6812496,0.0,994.0,1137.4187,0.0,,,11.3,0.0,9.59,,,0.0,,
2025-11-19 11:36:26+00:00,2025-11-19 11:36:26,,,,,,,,,,17.6812496,0.0,993.0,1136.84998,0.0,,,11.3,0.0,9.59,,,0.0,,
2025-11-19 11:36:27+00:00,2025-11-19 11:36:27,,,,,,,,,,17.6812496,0.0,993.0,1136.84998,0.0,,,11.3,0.0,9.59,,,0.0,,
2025-11-19 11:36:28+00:00,2025-11-19 11:36:28,,,,,,,,,,17.6812496,0.0,995.0,1138.15002,0.0,,,11.3,0.0,9.59,,,0.0,,
2025-11-19 11:36:29+00:00,2025-11-19 11:36:29,,,,,,,,,,17.6812496,0.0,994.0,1137.90625,0.0,,,11.3,0.0,9.59,,,0.0,,
2025-11-19 11:36:30+00:00,2025-11-19 11:36:30,20.0,20.0,20.0,20.0,20.0,,2.0,FALLBACK,Fallback Hz 사용: 20.0Hz (essential_range_violation),17.6812496,0.0,995.0,1138.06873,0.0,,,11.3,0.0,9.59,,,0.0,,
2025-11-19 11:36:31+00:00,2025-11-19 11:36:31,,,,,,,,,,17.6812496,0.0,995.0,1138.2312,0.0,,,11.3,0.0,9.59,,,0.0,,
2025-11-19 11:36:32+00:00,2025-11-19 11:36:32,,,,,,,,,,17.6812496,0.0,995.0,1138.2312,0.0,,,11.3,0.0,9.59,,,0.0,,
2025-11-19 11:36:33+00:00,2025-11-19 11:36:33,,,,,,,,,,17.6812496,0.0,995.0,1138.63745,0.0,,,11.3,0.0,9.59,,,0.0,,
2025-11-19 11:36:34+00:00,2025-11-19 11:36:34,,,,,,,,,,17.6812496,0.0,995.0,1138.63745,0.0,,,11.3,0.0,9.59,,,0.0,,
2025-11-19 11:36:35+00:00,2025-11-19 11:36:35,20.0,20.0,20.0,20.0,20.0,,2.0,FALLBACK,Fallback Hz 사용: 20.0Hz (essential_range_violation),17.6812496,0.0,994.0,1140.58752,0.0,,,11.3,0.0,9.59,,,0.0,,
2025-11-19 11:36:36+00:00,2025-11-19 11:36:36,,,,,,,,,,17.6812496,0.0,994.0,1140.58752,0.0,,,11.3,0.0,9.59,,,0.0,,
2025-11-19 11:36:37+00:00,2025-11-19 11:36:37,,,,,,,,,,17.6812496,0.0,994.0,1140.50623,0.0,,,11.3,0.0,9.59,,,0.0,,
2025-11-19 11:36:38+00:00,2025-11-19 11:36:38,,,,,,,,,,17.6812496,0.0,995.0,1140.34375,0.0,,,11.3,0.0,9.59,,,0.0,,
2025-11-19 11:36:39+00:00,2025-11-19 11:36:39,,,,,,,,,,17.6812496,0.0,995.0,1140.34375,0.0,,,11.3,0.0,9.59,,,0.0,,
2025-11-19 11:36:40+00:00,2025-11-19 11:36:40,20.0,20.0,20.0,20.0,20.0,,2.0,FALLBACK,Fallback Hz 사용: 20.0Hz (essential_range_violation),17.6812496,0.0,994.0,1139.69373,0.0,,,11.3,0.0,9.59,,,0.0,,
2025-11-19 11:36:41+00:00,2025-11-19 11:36:41,,,,,,,,,,17.6812496,0.0,994.0,1139.69373,0.0,,,11.3,0.0,9.59,,,0.0,,
2025-11-19 11:36:42+00:00,2025-11-19 11:36:42,,,,,,,,,,17.6812496,0.0,994.0,1139.77502,0.0,,,11.3,0.0,9.59,,,0.0,,
2025-11-19 11:36:43+00:00,2025-11-19 11:36:43,,,,,,,,,,17.6812496,0.0,994.0,1139.77502,0.0,,,11.3,0.0,9.59,,,0.0,,
2025-11-19 11:36:44+00:00,2025-11-19 11:36:44,,,,,,,,,,17.6812496,0.0,993.0,1140.18127,0.0,,,11.3,0.0,9.59,,,0.0,,
2025-11-19 11:36:45+00:00,2025-11-19 11:36:45,20.0,20.0,20.0,20.0,20.0,,2.0,FALLBACK,Fallback Hz 사용: 20.0Hz (essential_range_violation),17.6812496,0.0,994.0,1139.61255,0.0,,,11.3,0.0,9.59,,,0.0,,
2025-11-19 11:36:46+00:00,2025-11-19 11:36:46,,,,,,,,,,17.6812496,0.0,994.0,1139.36877,0.0,,,11.3,0.0,9.59,,,0.0,,
2025-11-19 11:36:47+00:00,2025-11-19 11:36:47,,,,,,,,,,17.6812496,0.0,994.0,1139.36877,0.0,,,11.3,0.0,9.59,,,0.0,,
2025-11-19 11:36:48+00:00,2025-11-19 11:36:48,,,,,,,,,,17.6812496,0.0,994.0,1140.34375,0.0,,,11.3,0.0,9.59,,,0.0,,
2025-11-19 11:36:49+00:00,2025-11-19 11:36:49,,,,,,,,,,17.6812496,0.0,993.0,1139.36877,0.0,,,11.3,0.0,9.59,,,0.0,,
2025-11-19 11:36:50+00:00,2025-11-19 11:36:50,20.0,20.0,20.0,20.0,20.0,,2.0,FALLBACK,Fallback Hz 사용: 20.0Hz (essential_range_violation),17.6812496,0.0,995.0,1139.53125,0.0,,,11.3,0.0,9.59,,,0.0,,
2025-11-19 11:36:51+00:00,2025-11-19 11:36:51,,,,,,,,,,17.6812496,0.0,995.0,1139.53125,0.0,,,11.3,0.0,9.59,,,0.0,,
2025-11-19 11:36:52+00:00,2025-11-19 11:36:52,,,,,,,,,,17.6812496,0.0,995.0,1140.42505,0.0,,,11.3,0.0,9.59,,,0.0,,
2025-11-19 11:36:53+00:00,2025-11-19 11:36:53,,,,,,,,,,17.6812496,0.0,995.0,1140.42505,0.0,,,11.3,0.0,9.59,,,0.0,,
2025-11-19 11:36:54+00:00,2025-11-19 11:36:54,,,,,,,,,,17.6812496,0.0,994.0,1139.53125,0.0,,,11.3,0.0,9.59,,,0.0,,
2025-11-19 11:36:55+00:00,2025-11-19 11:36:55,20.0,20.0,20.0,20.0,20.0,,2.0,FALLBACK,Fallback Hz 사용: 20.0Hz (essential_range_violation),17.6812496,0.0,995.0,1140.50623,0.0,,,11.3,0.0,9.59,,,0.0,,
2025-11-19 11:36:56+00:00,2025-11-19 11:36:56,,,,,,,,,,17.6812496,0.0,995.0,1140.50623,0.0,,,11.3,0.0,9.59,,,0.0,,
2025-11-19 11:36:57+00:00,2025-11-19 11:36:57,,,,,,,,,,17.6812496,0.0,994.0,1139.53125,0.0,,,11.3,0.0,9.59,,,0.0,,
2025-11-19 11:36:58+00:00,2025-11-19 11:36:58,,,,,,,,,,17.6812496,0.0,993.0,1139.61255,0.0,,,11.3,0.0,9.59,,,0.0,,
2025-11-19 11:36:59+00:00,2025-11-19 11:36:59,,,,,,,,,,17.6812496,0.0,993.0,1140.6687,0.0,,,11.3,0.0,9.59,,,0.0,,
2025-11-19 11:37:00+00:00,2025-11-19 11:37:00,20.0,20.0,20.0,20.0,20.0,,2.0,FALLBACK,Fallback Hz 사용: 20.0Hz (essential_range_violation),17.6812496,0.0,993.0,1140.6687,0.0,,,11.3,0.0,9.59,,,0.0,,
2025-11-19 11:37:01+00:00,2025-11-19 11:37:01,,,,,,,,,,17.6812496,0.0,993.0,1139.61255,0.0,,,11.3,0.0,9.59,,,0.0,,
2025-11-19 11:37:02+00:00,2025-11-19 11:37:02,,,,,,,,,,17.6812496,0.0,992.0,1139.61255,0.0,,,11.3,0.0,9.59,,,0.0,,
2025-11-19 11:37:03+00:00,2025-11-19 11:37:03,,,,,,,,,,17.6812496,0.0,992.0,1140.0188,0.0,,,11.3,0.0,9.59,,,0.0,,
2025-11-19 11:37:04+00:00,2025-11-19 11:37:04,,,,,,,,,,17.6812496,0.0,992.0,1139.44995,0.0,,,11.3,0.0,9.59,,,0.0,,
2025-11-19 11:37:05+00:00,2025-11-19 11:37:05,20.0,20.0,20.0,20.0,20.0,,2.0,FALLBACK,Fallback Hz 사용: 20.0Hz (essential_range_violation),17.6812496,0.0,992.0,1139.44995,0.0,,,11.3,0.0,9.59,,,0.0,,
2025-11-19 11:37:06+00:00,2025-11-19 11:37:06,,,,,,,,,,17.6812496,0.0,992.0,1140.26245,0.0,,,11.3,0.0,9.59,,,0.0,,
2025-11-19 11:37:07+00:00,2025-11-19 11:37:07,,,,,,,,,,17.6812496,0.0,993.0,1138.96252,0.0,,,11.3,0.0,9.59,,,0.0,,
2025-11-19 11:37:08+00:00,2025-11-19 11:37:08,,,,,,,,,,17.6812496,0.0,993.0,1138.96252,0.0,,,11.3,0.0,9.59,,,0.0,,
2025-11-19 11:37:09+00:00,2025-11-19 11:37:09,,,,,,,,,,17.6812496,0.0,992.0,1138.63745,0.0,,,11.3,0.0,9.59,,,0.0,,
2025-11-19 11:37:10+00:00,2025-11-19 11:37:10,20.0,20.0,20.0,20.0,20.0,,2.0,FALLBACK,Fallback Hz 사용: 20.0Hz (essential_range_violation),17.6812496,0.0,993.0,1137.98755,0.0,,,11.3,0.0,9.59,,,0.0,,
2025-11-19 11:37:11+00:00,2025-11-19 11:37:11,,,,,,,,,,17.6812496,0.0,993.0,1138.2312,0.0,,,11.3,0.0,9.59,,,0.0,,
2025-11-19 11:37:12+00:00,2025-11-19 11:37:12,,,,,,,,,,17.6812496,0.0,990.0,1138.80005,0.0,,,11.3,0.0,9.59,,,0.0,,
2025-11-19 11:37:13+00:00,2025-11-19 11:37:13,,,,,,,,,,17.6812496,0.0,991.0,1138.88123,0.0,,,11.3,0.0,9.59,,,0.0,,
2025-11-19 11:37:14+00:00,2025-11-19 11:37:14,,,,,,,,,,17.6812496,0.0,991.0,1138.88123,0.0,,,11.3,0.0,9.59,,,0.0,,
2025-11-19 11:37:15+00:00,2025-11-19 11:37:15,20.0,20.0,20.0,20.0,20.0,,2.0,FALLBACK,Fallback Hz 사용: 20.0Hz (essential_range_violation),17.6812496,0.0,991.0,1138.06873,0.0,,,11.3,0.0,9.59,,,0.0,,
2025-11-19 11:37:16+00:00,2025-11-19 11:37:16,,,,,,,,,,17.6812496,0.0,991.0,1138.06873,0.0,,,11.3,0.0,9.59,,,0.0,,
2025-11-19 11:37:17+00:00,2025-11-19 11:37:17,,,,,,,,,,17.6812496,0.0,990.0,1137.09375,0.0,,,11.3,0.0,9.59,,,0.0,,
2025-11-19 11:37:18+00:00,2025-11-19 11:37:18,,,,,,,,,,17.6812496,0.0,990.0,1137.4187,0.0,,,11.3,0.0,9.59,,,0.0,,
2025-11-19 11:37:19+00:00,2025-11-19 11:37:19,,,,,,,,,,17.6812496,0.0,991.0,1137.25623,0.0,,,11.3,0.0,9.59,,,0.0,,
2025-11-19 11:37:20+00:00,2025-11-19 11:37:20,20.0,20.0,20.0,20.0,20.0,,2.0,FALLBACK,Fallback Hz 사용: 20.0Hz (essential_range_violation),17.6812496,0.0,990.0,1137.01245,0.0,,,11.3,0.0,9.59,,,0.0,,
2025-11-19 11:37:21+00:00,2025-11-19 11:37:21,,,,,,,,,,17.6812496,0.0,991.0,1136.36255,0.0,,,11.3,0.0,9.59,,,0.0,,
2025-11-19 11:37:22+00:00,2025-11-19 11:37:22,,,,,,,,,,17.6812496,0.0,991.0,1136.36255,0.0,,,11.3,0.0,9.59,,,0.0,,
2025-11-19 11:37:23+00:00,2025-11-19 11:37:23,,,,,,,,,,17.6812496,0.0,991.0,1136.36255,0.0,,,11.3,0.0,9.59,,,0.0,,
2025-11-19 11:37:24+00:00,2025-11-19 11:37:24,,,,,,,,,,17.6812496,0.0,991.0,1136.28125,0.0,,,11.3,0.0,9.59,,,0.0,,
2025-11-19 11:37:25+00:00,2025-11-19 11:37:25,20.0,20.0,20.0,20.0,20.0,,2.0,FALLBACK,Fallback Hz 사용: 20.0Hz (essential_range_violation),17.6812496,0.0,991.0,1136.11877,0.0,,,11.3,0.0,9.59,,,0.0,,
2025-11-19 11:37:26+00:00,2025-11-19 11:37:26,,,,,,,,,,17.6812496,0.0,991.0,1136.11877,0.0,,,11.3,0.0,9.59,,,0.0,,
2025-11-19 11:37:27+00:00,2025-11-19 11:37:27,,,,,,,,,,17.6812496,0.0,991.0,1137.09375,0.0,,,11.3,0.0,9.59,,,0.0,,
2025-11-19 11:37:28+00:00,2025-11-19 11:37:28,,,,,,,,,,17.6812496,0.0,991.0,1137.09375,0.0,,,11.3,0.0,9.59,,,0.0,,
2025-11-19 11:37:29+00:00,2025-11-19 11:37:29,,,,,,,,,,17.6812496,0.0,990.0,1136.6875,0.0,,,11.3,0.0,9.59,,,0.0,,
2025-11-19 11:37:30+00:00,2025-11-19 11:37:30,20.0,20.0,20.0,20.0,20.0,,2.0,FALLBACK,Fallback Hz 사용: 20.0Hz (essential_range_violation),17.6812496,0.0,991.0,1136.52502,0.0,,,11.3,0.0,9.59,,,0.0,,
2025-11-19 11:37:31+00:00,2025-11-19 11:37:31,,,,,,,,,,17.6812496,0.0,991.0,1136.52502,0.0,,,11.3,0.0,9.59,,,0.0,,
2025-11-19 11:37:32+00:00,2025-11-19 11:37:32,,,,,,,,,,17.6812496,0.0,991.0,1136.36255,0.0,,,11.3,0.0,9.59,,,0.0,,
2025-11-19 11:37:33+00:00,2025-11-19 11:37:33,,,,,,,,,,17.6812496,0.0,991.0,1136.36255,0.0,,,11.3,0.0,9.59,,,0.0,,
2025-11-19 11:37:34+00:00,2025-11-19 11:37:34,,,,,,,,,,17.6812496,0.0,991.0,1136.7688,0.0,,,11.3,0.0,9.59,,,0.0,,
2025-11-19 11:37:35+00:00,2025-11-19 11:37:35,20.0,20.0,20.0,20.0,20.0,,2.0,FALLBACK,Fallback Hz 사용: 20.0Hz (essential_range_violation),17.6812496,0.0,989.0,1135.1438,0.0,,,11.3,0.0,9.59,,,0.0,,
2025-11-19 11:37:36+00:00,2025-11-19 11:37:36,,,,,,,,,,17.6812496,0.0,989.0,1135.1438,0.0,,,11.3,0.0,9.59,,,0.0,,
2025-11-19 11:37:37+00:00,2025-11-19 11:37:37,,,,,,,,,,17.6812496,0.0,989.0,1135.1438,0.0,,,11.3,0.0,9.59,,,0.0,,
2025-11-19 11:37:38+00:00,2025-11-19 11:37:38,,,,,,,,,,17.6812496,0.0,989.0,1134.65625,0.0,,,11.3,0.0,9.59,,,0.0,,
2025-11-19 11:37:39+00:00,2025-11-19 11:37:39,,,,,,,,,,17.6812496,0.0,988.0,1134.81873,0.0,,,11.3,0.0,9.59,,,0.0,,
2025-11-19 11:37:40+00:00,2025-11-19 11:37:40,20.0,20.0,20.0,20.0,20.0,,2.0,FALLBACK,Fallback Hz 사용: 20.0Hz (essential_range_violation),17.6812496,0.0,990.0,1133.4375,0.0,,,11.3,0.0,9.59,,,0.0,,
2025-11-19 11:37:41+00:00,2025-11-19 11:37:41,,,,,,,,,,17.6812496,0.0,990.0,1133.4375,0.0,,,11.3,0.0,9.59,,,0.0,,
2025-11-19 11:37:42+00:00,2025-11-19 11:37:42,,,,,,,,,,17.6812496,0.0,990.0,1133.3562,0.0,,,11.3,0.0,9.59,,,0.0,,
2025-11-19 11:37:43+00:00,2025-11-19 11:37:43,,,,,,,,,,17.6812496,0.0,990.0,1133.27502,0.0,,,11.3,0.0,9.59,,,0.0,,
2025-11-19 11:37:44+00:00,2025-11-19 11:37:44,,,,,,,,,,17.6812496,0.0,989.0,1131.56873,0.0,,,11.3,0.0,9.59,,,0.0,,
2025-11-19 11:37:45+00:00,2025-11-19 11:37:45,20.0,20.0,20.0,20.0,20.0,,2.0,FALLBACK,Fallback Hz 사용: 20.0Hz (essential_range_violation),17.6812496,0.0,989.0,1131.56873,0.0,,,11.3,0.0,9.59,,,0.0,,
2025-11-19 11:37:46+00:00,2025-11-19 11:37:46,,,,,,,,,,17.6812496,0.0,988.0,1131.7312,0.0,,,11.3,0.0,9.59,,,0.0,,
2025-11-19 11:37:47+00:00,2025-11-19 11:37:47,,,,,,,,,,17.6812496,0.0,988.0,1131.7312,0.0,,,11.3,0.0,9.59,,,0.0,,
2025-11-19 11:37:48+00:00,2025-11-19 11:37:48,,,,,,,,,,17.6812496,0.0,987.0,1131.0,0.0,,,11.3,0.0,9.59,,,0.0,,
2025-11-19 11:37:49+00:00,2025-11-19 11:37:49,,,,,,,,,,17.6812496,0.0,987.0,1131.0,0.0,,,11.3,0.0,9.59,,,0.0,,
2025-11-19 11:37:50+00:00,2025-11-19 11:37:50,20.0,20.0,20.0,20.0,20.0,,2.0,FALLBACK,Fallback Hz 사용: 20.0Hz (essential_range_violation),17.6812496,0.0,987.0,1131.16248,0.0,,,11.3,0.0,9.59,,,0.0,,
2025-11-19 11:37:51+00:00,2025-11-19 11:37:51,,,,,,,,,,17.6812496,0.0,987.0,1131.16248,0.0,,,11.3,0.0,9.59,,,0.0,,
2025-11-19 11:37:52+00:00,2025-11-19 11:37:52,,,,,,,,,,17.6812496,0.0,988.0,1130.1062,0.0,,,11.3,0.0,9.59,,,0.0,,
2025-11-19 11:37:53+00:00,2025-11-19 11:37:53,,,,,,,,,,17.6812496,0.0,988.0,1130.1062,0.0,,,11.3,0.0,9.59,,,0.0,,
2025-11-19 11:37:54+00:00,2025-11-19 11:37:54,,,,,,,,,,17.6812496,0.0,988.0,1130.2688,0.0,,,11.3,0.0,9.59,,,0.0,,
2025-11-19 11:37:55+00:00,2025-11-19 11:37:55,20.0,20.0,20.0,20.0,20.0,,2.0,FALLBACK,Fallback Hz 사용: 20.0Hz (essential_range_violation),17.6812496,0.0,988.0,1130.2688,0.0,,,11.3,0.0,9.59,,,0.0,,
2025-11-19 11:37:56+00:00,2025-11-19 11:37:56,,,,,,,,,,17.6812496,0.0,988.0,1130.2688,0.0,,,11.3,0.0,9.59,,,0.0,,
2025-11-19 11:37:58+00:00,2025-11-19 11:37:58,,,,,,,,,,17.6812496,0.0,988.0,1130.34998,0.0,,,11.3,0.0,9.59,,,0.0,,
2025-11-19 11:37:59+00:00,2025-11-19 11:37:59,,,,,,,,,,17.6812496,0.0,987.0,1130.83752,0.0,,,11.3,0.0,9.59,,,0.0,,
2025-11-19 11:38:00+00:00,2025-11-19 11:38:00,20.0,20.0,20.0,20.0,20.0,,2.0,FALLBACK,Fallback Hz 사용: 20.0Hz (essential_range_violation),17.6812496,0.0,987.0,1130.83752,0.0,,,11.3,0.0,9.59,,,0.0,,
2025-11-19 11:38:01+00:00,2025-11-19 11:38:01,,,,,,,,,,17.6812496,0.0,987.0,1129.2937,0.0,,,11.3,0.0,9.59,,,0.0,,
2025-11-19 11:38:02+00:00,2025-11-19 11:38:02,,,,,,,,,,17.6812496,0.0,987.0,1129.375,0.0,,,11.3,0.0,9.59,,,0.0,,
2025-11-19 11:38:03+00:00,2025-11-19 11:38:03,,,,,,,,,,17.6812496,0.0,987.0,1129.375,0.0,,,11.3,0.0,9.59,,,0.0,,
2025-11-19 11:38:04+00:00,2025-11-19 11:38:04,,,,,,,,,,17.6812496,0.0,987.0,1127.18127,0.0,,,11.3,0.0,9.59,,,0.0,,
2025-11-19 11:38:05+00:00,2025-11-19 11:38:05,20.0,20.0,20.0,20.0,20.0,,2.0,FALLBACK,Fallback Hz 사용: 20.0Hz (essential_range_violation),17.6812496,0.0,987.0,1127.75,0.0,,,11.3,0.0,9.59,,,0.0,,
2025-11-19 11:38:06+00:00,2025-11-19 11:38:06,,,,,,,,,,17.6812496,0.0,987.0,1127.75,0.0,,,11.3,0.0,9.59,,,0.0,,
2025-11-19 11:38:07+00:00,2025-11-19 11:38:07,,,,,,,,,,17.6812496,0.0,988.0,1126.77502,0.0,,,11.3,0.0,9.59,,,0.0,,
2025-11-19 11:38:08+00:00,2025-11-19 11:38:08,,,,,,,,,,17.6812496,0.0,986.0,1127.75,0.0,,,11.3,0.0,9.59,,,0.0,,
2025-11-19 11:38:09+00:00,2025-11-19 11:38:09,,,,,,,,,,17.6812496,0.0,987.0,1125.80005,0.0,,,11.3,0.0,9.59,,,0.0,,
2025-11-19 11:38:10+00:00,2025-11-19 11:38:10,20.0,20.0,20.0,20.0,20.0,,2.0,FALLBACK,Fallback Hz 사용: 20.0Hz (essential_range_violation),17.6812496,0.0,987.0,1125.80005,0.0,,,11.3,0.0,9.59,,,0.0,,
2025-11-19 11:38:11+00:00,2025-11-19 11:38:11,,,,,,,,,,17.6812496,0.0,987.0,1125.2312,0.0,,,11.3,0.0,9.59,,,0.0,,
2025-11-19 11:38:12+00:00,2025-11-19 11:38:12,,,,,,,,,,17.6812496,0.0,987.0,1125.2312,0.0,,,11.3,0.0,9.59,,,0.0,,
2025-11-19 11:38:13+00:00,2025-11-19 11:38:13,,,,,,,,,,17.6812496,0.0,987.0,1123.28125,0.0,,,11.3,0.0,9.59,,,0.0,,
2025-11-19 11:38:14+00:00,2025-11-19 11:38:14,,,,,,,,,,17.6812496,0.0,988.0,1123.28125,0.0,,,11.3,0.0,9.59,,,0.0,,
2025-11-19 11:38:15+00:00,2025-11-19 11:38:15,20.0,20.0,20.0,20.0,20.0,,2.0,FALLBACK,Fallback Hz 사용: 20.0Hz (essential_range_violation),17.6812496,0.0,988.0,1124.82495,0.0,,,11.3,0.0,9.59,,,0.0,,
2025-11-19 11:38:16+00:00,2025-11-19 11:38:16,,,,,,,,,,17.6812496,0.0,988.0,1124.82495,0.0,,,11.3,0.0,9.59,,,0.0,,
2025-11-19 11:38:17+00:00,2025-11-19 11:38:17,,,,,,,,,,17.6812496,0.0,987.0,1123.52502,0.0,,,11.3,0.0,9.59,,,0.0,,
2025-11-19 11:38:18+00:00,2025-11-19 11:38:18,,,,,,,,,,17.6812496,0.0,987.0,1123.52502,0.0,,,11.3,0.0,9.59,,,0.0,,
2025-11-19 11:38:19+00:00,2025-11-19 11:38:19,,,,,,,,,,17.6812496,0.0,987.0,1124.66248,0.0,,,11.3,0.0,9.59,,,0.0,,
2025-11-19 11:38:20+00:00,2025-11-19 11:38:20,20.0,20.0,20.0,20.0,20.0,,2.0,FALLBACK,Fallback Hz 사용: 20.0Hz (essential_range_violation),17.6812496,0.0,987.0,1124.66248,0.0,,,11.3,0.0,9.59,,,0.0,,
2025-11-19 11:38:21+00:00,2025-11-19 11:38:21,,,,,,,,,,17.6812496,0.0,988.0,1124.09375,0.0,,,11.3,0.0,9.59,,,0.0,,
2025-11-19 11:38:22+00:00,2025-11-19 11:38:22,,,,,,,,,,17.6812496,0.0,987.0,1122.0625,0.0,,,11.3,0.0,9.59,,,0.0,,
2025-11-19 11:38:23+00:00,2025-11-19 11:38:23,,,,,,,,,,17.6812496,0.0,988.0,1123.28125,0.0,,,11.3,0.0,9.59,,,0.0,,
2025-11-19 11:38:24+00:00,2025-11-19 11:38:24,,,,,,,,,,17.6812496,0.0,988.0,1123.28125,0.0,,,11.3,0.0,9.59,,,0.0,,
2025-11-19 11:38:25+00:00,2025-11-19 11:38:25,20.0,20.0,20.0,20.0,20.0,,2.0,FALLBACK,Fallback Hz 사용: 20.0Hz (essential_range_violation),17.6812496,0.0,987.0,1121.1687,0.0,,,11.3,0.0,9.59,,,0.0,,
2025-11-19 11:38:26+00:00,2025-11-19 11:38:26,,,,,,,,,,17.6812496,0.0,986.0,1121.08752,0.0,,,11.3,0.0,9.59,,,0.0,,
2025-11-19 11:38:27+00:00,2025-11-19 11:38:27,,,,,,,,,,17.6812496,0.0,986.0,1121.08752,0.0,,,11.3,0.0,9.59,,,0.0,,
2025-11-19 11:38:28+00:00,2025-11-19 11:38:28,,,,,,,,,,17.6812496,0.0,985.0,1119.7063,0.0,,,11.3,0.0,9.59,,,0.0,,
2025-11-19 11:38:29+00:00,2025-11-19 11:38:29,,,,,,,,,,17.6812496,0.0,985.0,1119.05627,0.0,,,11.3,0.0,9.59,,,0.0,,
2025-11-19 11:38:30+00:00,2025-11-19 11:38:30,20.0,20.0,20.0,20.0,20.0,,2.0,FALLBACK,Fallback Hz 사용: 20.0Hz (essential_range_violation),17.6812496,0.0,986.0,1116.69995,0.0,,,11.3,0.0,9.59,,,0.0,,
2025-11-19 11:38:31+00:00,2025-11-19 11:38:31,,,,,,,,,,17.6812496,0.0,986.0,1116.69995,0.0,,,11.3,0.0,9.59,,,0.0,,
2025-11-19 11:38:32+00:00,2025-11-19 11:38:32,,,,,,,,,,17.6812496,0.0,986.0,1117.1062,0.0,,,11.3,0.0,9.59,,,0.0,,
2025-11-19 11:38:33+00:00,2025-11-19 11:38:33,,,,,,,,,,17.6812496,0.0,986.0,1116.94373,0.0,,,11.3,0.0,9.59,,,0.0,,
2025-11-19 11:38:34+00:00,2025-11-19 11:38:34,,,,,,,,,,17.6812496,0.0,986.0,1116.94373,0.0,,,11.3,0.0,9.59,,,0.0,,
2025-11-19 11:38:35+00:00,2025-11-19 11:38:35,20.0,20.0,20.0,20.0,20.0,,2.0,FALLBACK,Fallback Hz 사용: 20.0Hz (essential_range_violation),17.6812496,0.0,984.0,1117.83752,0.0,,,11.3,0.0,9.59,,,0.0,,
2025-11-19 11:38:36+00:00,2025-11-19 11:38:36,,,,,,,,,,17.6812496,0.0,984.0,1116.2937,0.0,,,11.3,0.0,9.59,,,0.0,,
2025-11-19 11:38:37+00:00,2025-11-19 11:38:37,,,,,,,,,,17.6812496,0.0,985.0,1116.2937,0.0,,,11.3,0.0,9.59,,,0.0,,
2025-11-19 11:38:38+00:00,2025-11-19 11:38:38,,,,,,,,,,17.6812496,0.0,984.0,1114.26245,0.0,,,11.3,0.0,9.59,,,0.0,,
2025-11-19 11:38:39+00:00,2025-11-19 11:38:39,,,,,,,,,,17.6812496,0.0,984.0,1114.09998,0.0,,,11.3,0.0,9.59,,,0.0,,
2025-11-19 11:38:40+00:00,2025-11-19 11:38:40,20.0,20.0,20.0,20.0,20.0,,2.0,FALLBACK,Fallback Hz 사용: 20.0Hz (essential_range_violation),17.6812496,0.0,984.0,1114.50623,0.0,,,11.3,0.0,9.59,,,0.0,,
2025-11-19 11:38:41+00:00,2025-11-19 11:38:41,,,,,,,,,,17.6812496,0.0,984.0,1114.50623,0.0,,,11.3,0.0,9.59,,,0.0,,
2025-11-19 11:38:42+00:00,2025-11-19 11:38:42,,,,,,,,,,17.6812496,0.0,984.0,1112.88123,0.0,,,11.3,0.0,9.59,,,0.0,,
2025-11-19 11:38:43+00:00,2025-11-19 11:38:43,,,,,,,,,,17.6812496,0.0,984.0,1112.88123,0.0,,,11.3,0.0,9.59,,,0.0,,
2025-11-19 11:38:44+00:00,2025-11-19 11:38:44,,,,,,,,,,17.6812496,0.0,982.0,1110.6875,0.0,,,11.3,0.0,9.59,,,0.0,,
2025-11-19 11:38:45+00:00,2025-11-19 11:38:45,20.0,20.0,20.0,20.0,20.0,,2.0,FALLBACK,Fallback Hz 사용: 20.0Hz (essential_range_violation),17.6812496,0.0,982.0,1110.6875,0.0,,,11.3,0.0,9.59,,,0.0,,
2025-11-19 11:38:46+00:00,2025-11-19 11:38:46,,,,,,,,,,17.6812496,0.0,983.0,1110.52502,0.0,,,11.3,0.0,9.59,,,0.0,,
2025-11-19 11:38:47+00:00,2025-11-19 11:38:47,,,,,,,,,,17.6812496,0.0,982.0,1111.5,0.0,,,11.3,0.0,9.59,,,0.0,,
2025-11-19 11:38:48+00:00,2025-11-19 11:38:48,,,,,,,,,,17.6812496,0.0,982.0,1111.5,0.0,,,11.3,0.0,9.59,,,0.0,,
2025-11-19 11:38:49+00:00,2025-11-19 11:38:49,,,,,,,,,,17.6812496,0.0,981.0,1111.5,0.0,,,11.3,0.0,9.59,,,0.0,,
2025-11-19 11:38:50+00:00,2025-11-19 11:38:50,20.0,20.0,20.0,20.0,20.0,,2.0,FALLBACK,Fallback Hz 사용: 20.0Hz (essential_range_violation),17.6812496,0.0,981.0,1111.5,0.0,,,11.3,0.0,9.59,,,0.0,,
2025-11-19 11:38:51+00:00,2025-11-19 11:38:51,,,,,,,,,,17.6812496,0.0,981.0,1109.71252,0.0,,,11.3,0.0,9.59,,,0.0,,
2025-11-19 11:38:52+00:00,2025-11-19 11:38:52,,,,,,,,,,17.6812496,0.0,981.0,1109.71252,0.0,,,11.3,0.0,9.59,,,0.0,,
2025-11-19 11:38:53+00:00,2025-11-19 11:38:53,,,,,,,,,,17.6812496,0.0,981.0,1108.00623,0.0,,,11.3,0.0,9.59,,,0.0,,
2025-11-19 11:38:54+00:00,2025-11-19 11:38:54,,,,,,,,,,17.6812496,0.0,981.0,1107.59998,0.0,,,11.3,0.0,9.59,,,0.0,,
2025-11-19 11:38:55+00:00,2025-11-19 11:38:55,20.0,20.0,20.0,20.0,20.0,,2.0,FALLBACK,Fallback Hz 사용: 20.0Hz (essential_range_violation),17.6812496,0.0,981.0,1107.59998,0.0,,,11.3,0.0,9.59,,,0.0,,
2025-11-19 11:38:56+00:00,2025-11-19 11:38:56,,,,,,,,,,17.6812496,0.0,981.0,1106.5437,0.0,,,11.3,0.0,9.59,,,0.0,,
2025-11-19 11:38:57+00:00,2025-11-19 11:38:57,,,,,,,,,,17.6812496,0.0,981.0,1106.5437,0.0,,,11.3,0.0,9.59,,,0.0,,
2025-11-19 11:38:58+00:00,2025-11-19 11:38:58,,,,,,,,,,17.6812496,0.0,981.0,1104.83752,0.0,,,11.3,0.0,9.59,,,0.0,,
2025-11-19 11:38:59+00:00,2025-11-19 11:38:59,,,,,,,,,,17.6812496,0.0,981.0,1104.83752,0.0,,,11.3,0.0,9.59,,,0.0,,
2025-11-19 11:39:00+00:00,2025-11-19 11:39:00,20.0,20.0,20.0,20.0,20.0,,2.0,FALLBACK,Fallback Hz 사용: 20.0Hz (essential_range_violation),17.6812496,0.0,982.0,1104.1062,0.0,,,11.3,0.0,9.59,,,0.0,,
2025-11-19 11:39:01+00:00,2025-11-19 11:39:01,,,,,,,,,,17.6812496,0.0,981.0,1104.2688,0.0,,,11.3,0.0,9.59,,,0.0,,
2025-11-19 11:39:02+00:00,2025-11-19 11:39:02,,,,,,,,,,17.6812496,0.0,981.0,1104.2688,0.0,,,11.3,0.0,9.59,,,0.0,,
2025-11-19 11:39:03+00:00,2025-11-19 11:39:03,,,,,,,,,,17.6812496,0.0,981.0,1105.24377,0.0,,,11.3,0.0,9.59,,,0.0,,
2025-11-19 11:39:04+00:00,2025-11-19 11:39:04,,,,,,,,,,17.6812496,0.0,981.0,1105.24377,0.0,,,11.3,0.0,9.59,,,0.0,,
2025-11-19 11:39:05+00:00,2025-11-19 11:39:05,20.0,20.0,20.0,20.0,20.0,,2.0,FALLBACK,Fallback Hz 사용: 20.0Hz (essential_range_violation),17.6812496,0.0,981.0,1103.86255,0.0,,,11.3,0.0,9.59,,,0.0,,
2025-11-19 11:39:06+00:00,2025-11-19 11:39:06,,,,,,,,,,17.6812496,0.0,980.0,1100.69373,0.0,,,11.3,0.0,9.59,,,0.0,,
2025-11-19 11:39:07+00:00,2025-11-19 11:39:07,,,,,,,,,,17.6812496,0.0,982.0,1100.77502,0.0,,,11.3,0.0,9.59,,,0.0,,
2025-11-19 11:39:08+00:00,2025-11-19 11:39:08,,,,,,,,,,17.6812496,0.0,982.0,1100.77502,0.0,,,11.3,0.0,9.59,,,0.0,,
2025-11-19 11:39:09+00:00,2025-11-19 11:39:09,,,,,,,,,,17.6812496,0.0,982.0,1100.9375,0.0,,,11.3,0.0,9.59,,,0.0,,
2025-11-19 11:39:10+00:00,2025-11-19 11:39:10,20.0,20.0,20.0,20.0,20.0,,2.0,FALLBACK,Fallback Hz 사용: 20.0Hz (essential_range_violation),17.6812496,0.0,981.0,1099.71875,0.0,,,11.3,0.0,9.59,,,0.0,,
2025-11-19 11:39:11+00:00,2025-11-19 11:39:11,,,,,,,,,,17.6812496,0.0,981.0,1099.71875,0.0,,,11.3,0.0,9.59,,,0.0,,
2025-11-19 11:39:12+00:00,2025-11-19 11:39:12,,,,,,,,,,17.6812496,0.0,982.0,1098.01245,0.0,,,11.3,0.0,9.59,,,0.0,,
2025-11-19 11:39:13+00:00,2025-11-19 11:39:13,,,,,,,,,,17.6812496,0.0,982.0,1098.01245,0.0,,,11.3,0.0,9.59,,,0.0,,
2025-11-19 11:39:14+00:00,2025-11-19 11:39:14,,,,,,,,,,17.6812496,0.0,982.0,1098.66248,0.0,,,11.3,0.0,9.59,,,0.0,,
2025-11-19 11:39:15+00:00,2025-11-19 11:39:15,20.0,20.0,20.0,20.0,20.0,,2.0,FALLBACK,Fallback Hz 사용: 20.0Hz (essential_range_violation),17.6812496,0.0,980.0,1098.25623,0.0,,,11.3,0.0,9.59,,,0.0,,
2025-11-19 11:39:16+00:00,2025-11-19 11:39:16,,,,,,,,,,17.6812496,0.0,980.0,1098.25623,0.0,,,11.3,0.0,9.59,,,0.0,,
2025-11-19 11:39:17+00:00,2025-11-19 11:39:17,,,,,,,,,,17.6812496,0.0,982.0,1098.25623,0.0,,,11.3,0.0,9.59,,,0.0,,
2025-11-19 11:39:18+00:00,2025-11-19 11:39:18,,,,,,,,,,17.6812496,0.0,980.0,1098.09375,0.0,,,11.3,0.0,9.59,,,0.0,,
2025-11-19 11:39:19+00:00,2025-11-19 11:39:19,,,,,,,,,,17.6812496,0.0,981.0,1097.44373,0.0,,,11.3,0.0,9.59,,,0.0,,
2025-11-19 11:39:20+00:00,2025-11-19 11:39:20,20.0,20.0,20.0,20.0,20.0,,2.0,FALLBACK,Fallback Hz 사용: 20.0Hz (essential_range_violation),17.6812496,0.0,981.0,1097.44373,0.0,,,11.3,0.0,9.59,,,0.0,,
2025-11-19 11:39:21+00:00,2025-11-19 11:39:21,,,,,,,,,,17.6812496,0.0,981.0,1096.71252,0.0,,,11.3,0.0,9.59,,,0.0,,
2025-11-19 11:39:22+00:00,2025-11-19 11:39:22,,,,,,,,,,17.6812496,0.0,982.0,1095.81873,0.0,,,11.3,0.0,9.59,,,0.0,,
2025-11-19 11:39:23+00:00,2025-11-19 11:39:23,,,,,,,,,,17.6812496,0.0,982.0,1095.81873,0.0,,,11.3,0.0,9.59,,,0.0,,
2025-11-19 11:39:24+00:00,2025-11-19 11:39:24,,,,,,,,,,17.6812496,0.0,982.0,1095.9812,0.0,,,11.3,0.0,9.59,,,0.0,,
2025-11-19 11:39:25+00:00,2025-11-19 11:39:25,20.0,20.0,20.0,20.0,20.0,,2.0,FALLBACK,Fallback Hz 사용: 20.0Hz (essential_range_violation),17.6812496,0.0,982.0,1094.4375,0.0,,,11.3,0.0,9.59,,,0.0,,
2025-11-19 11:39:26+00:00,2025-11-19 11:39:26,,,,,,,,,,17.6812496,0.0,982.0,1094.4375,0.0,,,11.3,0.0,9.59,,,0.0,,
2025-11-19 11:39:27+00:00,2025-11-19 11:39:27,,,,,,,,,,17.6812496,0.0,981.0,1094.3562,0.0,,,11.3,0.0,9.59,,,0.0,,
2025-11-19 11:39:28+00:00,2025-11-19 11:39:28,,,,,,,,,,17.6812496,0.0,982.0,1094.4375,0.0,,,11.3,0.0,9.59,,,0.0,,
2025-11-19 11:39:29+00:00,2025-11-19 11:39:29,,,,,,,,,,17.6812496,0.0,982.0,1094.4375,0.0,,,11.3,0.0,9.59,,,0.0,,
2025-11-19 11:39:30+00:00,2025-11-19 11:39:30,20.0,20.0,20.0,20.0,20.0,,2.0,FALLBACK,Fallback Hz 사용: 20.0Hz (essential_range_violation),17.6812496,0.0,982.0,1092.8125,0.0,,,11.3,0.0,9.59,,,0.0,,
2025-11-19 11:39:31+00:00,2025-11-19 11:39:31,,,,,,,,,,17.6812496,0.0,982.0,1092.8125,0.0,,,11.3,0.0,9.59,,,0.0,,
2025-11-19 11:39:32+00:00,2025-11-19 11:39:32,,,,,,,,,,17.6812496,0.0,982.0,1093.13745,0.0,,,11.3,0.0,9.59,,,0.0,,
2025-11-19 11:39:33+00:00,2025-11-19 11:39:33,,,,,,,,,,17.6812496,0.0,982.0,1093.13745,0.0,,,11.3,0.0,9.59,,,0.0,,
2025-11-19 11:39:34+00:00,2025-11-19 11:39:34,,,,,,,,,,17.6812496,0.0,982.0,1093.13745,0.0,,,11.3,0.0,9.59,,,0.0,,
2025-11-19 11:39:35+00:00,2025-11-19 11:39:35,20.0,20.0,20.0,20.0,20.0,,2.0,FALLBACK,Fallback Hz 사용: 20.0Hz (essential_range_violation),,,,,,,,,,,,,,,
2025-11-19 11:39:36+00:00,2025-11-19 11:39:36,,,,,,,,,,17.6812496,0.0,981.0,1092.32495,0.0,,,11.3,0.0,9.59,,,0.0,,
2025-11-19 11:39:37+00:00,2025-11-19 11:39:37,,,,,,,,,,17.6812496,0.0,980.0,1092.0813,0.0,,,11.3,0.0,9.59,,,0.0,,
2025-11-19 11:39:38+00:00,2025-11-19 11:39:38,,,,,,,,,,17.6812496,0.0,982.0,1091.9187,0.0,,,11.3,0.0,9.59,,,0.0,,
2025-11-19 11:39:39+00:00,2025-11-19 11:39:39,,,,,,,,,,17.6812496,0.0,982.0,1091.9187,0.0,,,11.3,0.0,9.59,,,0.0,,
2025-11-19 11:39:40+00:00,2025-11-19 11:39:40,20.0,20.0,20.0,20.0,20.0,,2.0,FALLBACK,Fallback Hz 사용: 20.0Hz (essential_range_violation),17.6812496,0.0,982.0,1091.9187,0.0,,,11.3,0.0,9.59,,,0.0,,
2025-11-19 11:39:41+00:00,2025-11-19 11:39:41,,,,,,,,,,17.6812496,0.0,981.0,1091.51245,0.0,,,11.3,0.0,9.59,,,0.0,,
2025-11-19 11:39:42+00:00,2025-11-19 11:39:42,,,,,,,,,,17.6812496,0.0,981.0,1091.51245,0.0,,,11.3,0.0,9.59,,,0.0,,
2025-11-19 11:39:43+00:00,2025-11-19 11:39:43,,,,,,,,,,17.6812496,0.0,981.0,1091.9187,0.0,,,11.3,0.0,9.59,,,0.0,,
2025-11-19 11:39:44+00:00,2025-11-19 11:39:44,,,,,,,,,,17.6812496,0.0,982.0,1091.34998,0.0,,,11.3,0.0,9.59,,,0.0,,
2025-11-19 11:39:45+00:00,2025-11-19 11:39:45,20.0,20.0,20.0,20.0,20.0,,2.0,FALLBACK,Fallback Hz 사용: 20.0Hz (essential_range_violation),17.6812496,0.0,982.0,1091.2688,0.0,,,11.3,0.0,9.59,,,0.0,,
2025-11-19 11:39:46+00:00,2025-11-19 11:39:46,,,,,,,,,,17.6812496,0.0,982.0,1091.2688,0.0,,,11.3,0.0,9.59,,,0.0,,
2025-11-19 11:39:47+00:00,2025-11-19 11:39:47,,,,,,,,,,17.6812496,0.0,981.0,1091.9187,0.0,,,11.3,0.0,9.59,,,0.0,,
2025-11-19 11:39:48+00:00,2025-11-19 11:39:48,,,,,,,,,,17.6812496,0.0,982.0,1091.02502,0.0,,,11.3,0.0,9.59,,,0.0,,
2025-11-19 11:39:49+00:00,2025-11-19 11:39:49,,,,,,,,,,17.6812496,0.0,981.0,1092.0813,0.0,,,11.3,0.0,9.59,,,0.0,,
2025-11-19 11:39:50+00:00,2025-11-19 11:39:50,20.0,20.0,20.0,20.0,20.0,,2.0,FALLBACK,Fallback Hz 사용: 20.0Hz (essential_range_violation),17.6812496,0.0,981.0,1092.0813,0.0,,,11.3,0.0,9.59,,,0.0,,
2025-11-19 11:39:51+00:00,2025-11-19 11:39:51,,,,,,,,,,17.6812496,0.0,981.0,1090.94373,0.0,,,11.3,0.0,9.59,,,0.0,,
2025-11-19 11:39:52+00:00,2025-11-19 11:39:52,,,,,,,,,,17.6812496,0.0,982.0,1091.75623,0.0,,,11.3,0.0,9.59,,,0.0,,
2025-11-19 11:39:53+00:00,2025-11-19 11:39:53,,,,,,,,,,17.6812496,0.0,982.0,1091.75623,0.0,,,11.3,0.0,9.59,,,0.0,,
2025-11-19 11:39:54+00:00,2025-11-19 11:39:54,,,,,,,,,,17.6812496,0.0,982.0,1092.16248,0.0,,,11.3,0.0,9.59,,,0.0,,
2025-11-19 11:39:55+00:00,2025-11-19 11:39:55,20.0,20.0,20.0,20.0,20.0,,2.0,FALLBACK,Fallback Hz 사용: 20.0Hz (essential_range_violation),17.6812496,0.0,982.0,1092.16248,0.0,,,11.3,0.0,9.59,,,0.0,,
2025-11-19 11:39:56+00:00,2025-11-19 11:39:56,,,,,,,,,,17.6812496,0.0,982.0,1091.75623,0.0,,,11.3,0.0,9.59,,,0.0,,
2025-11-19 11:39:57+00:00,2025-11-19 11:39:57,,,,,,,,,,17.6812496,0.0,982.0,1091.75623,0.0,,,11.3,0.0,9.59,,,0.0,,
2025-11-19 11:39:58+00:00,2025-11-19 11:39:58,,,,,,,,,,17.6812496,0.0,983.0,1091.75623,0.0,,,11.3,0.0,9.59,,,0.0,,
2025-11-19 11:39:59+00:00,2025-11-19 11:39:59,,,,,,,,,,17.6812496,0.0,983.0,1091.75623,0.0,,,11.3,0.0,9.59,,,0.0,,
2025-11-19 11:40:00+00:00,2025-11-19 11:40:00,20.0,20.0,20.0,20.0,20.0,,2.0,FALLBACK,Fallback Hz 사용: 20.0Hz (essential_range_violation),17.6812496,0.0,982.0,1093.7063,0.0,,,11.3,0.0,9.59,,,0.0,,
2025-11-19 11:40:01+00:00,2025-11-19 11:40:01,,,,,,,,,,17.6812496,0.0,982.0,1093.7063,0.0,,,11.3,0.0,9.59,,,0.0,,
2025-11-19 11:40:02+00:00,2025-11-19 11:40:02,,,,,,,,,,17.6812496,0.0,983.0,1092.8125,0.0,,,11.3,0.0,9.59,,,0.0,,
2025-11-19 11:40:03+00:00,2025-11-19 11:40:03,,,,,,,,,,17.6812496,0.0,983.0,1093.46252,0.0,,,11.3,0.0,9.59,,,0.0,,
2025-11-19 11:40:04+00:00,2025-11-19 11:40:04,,,,,,,,,,17.6812496,0.0,982.0,1092.8938,0.0,,,11.3,0.0,9.59,,,0.0,,
2025-11-19 11:40:05+00:00,2025-11-19 11:40:05,20.0,20.0,20.0,20.0,20.0,,2.0,FALLBACK,Fallback Hz 사용: 20.0Hz (essential_range_violation),17.6812496,0.0,982.0,1092.8938,0.0,,,11.3,0.0,9.59,,,0.0,,
2025-11-19 11:40:06+00:00,2025-11-19 11:40:06,,,,,,,,,,17.6812496,0.0,982.0,1094.76245,0.0,,,11.3,0.0,9.59,,,0.0,,
2025-11-19 11:40:07+00:00,2025-11-19 11:40:07,,,,,,,,,,17.6812496,0.0,982.0,1094.76245,0.0,,,11.3,0.0,9.59,,,0.0,,
2025-11-19 11:40:08+00:00,2025-11-19 11:40:08,,,,,,,,,,17.6812496,0.0,982.0,1094.76245,0.0,,,11.3,0.0,9.59,,,0.0,,
2025-11-19 11:40:09+00:00,2025-11-19 11:40:09,,,,,,,,,,17.6812496,0.0,985.0,1094.76245,0.0,,,11.3,0.0,9.59,,,0.0,,
2025-11-19 11:40:10+00:00,2025-11-19 11:40:10,20.0,20.0,20.0,20.0,20.0,,2.0,FALLBACK,Fallback Hz 사용: 20.0Hz (essential_range_violation),17.6812496,0.0,985.0,1094.59998,0.0,,,11.3,0.0,9.59,,,0.0,,
2025-11-19 11:40:11+00:00,2025-11-19 11:40:11,,,,,,,,,,17.6812496,0.0,985.0,1094.59998,0.0,,,11.3,0.0,9.59,,,0.0,,
2025-11-19 11:40:12+00:00,2025-11-19 11:40:12,,,,,,,,,,17.6812496,0.0,985.0,1096.22498,0.0,,,11.3,0.0,9.59,,,0.0,,
2025-11-19 11:40:13+00:00,2025-11-19 11:40:13,,,,,,,,,,17.6812496,0.0,984.0,1095.90002,0.0,,,11.3,0.0,9.59,,,0.0,,
2025-11-19 11:40:14+00:00,2025-11-19 11:40:14,,,,,,,,,,17.6812496,0.0,984.0,1096.38745,0.0,,,11.3,0.0,9.59,,,0.0,,
2025-11-19 11:40:15+00:00,2025-11-19 11:40:15,20.0,20.0,20.0,20.0,20.0,,2.0,FALLBACK,Fallback Hz 사용: 20.0Hz (essential_range_violation),17.6812496,0.0,985.0,1098.4187,0.0,,,11.3,0.0,9.59,,,0.0,,
2025-11-19 11:40:16+00:00,2025-11-19 11:40:16,,,,,,,,,,17.6812496,0.0,985.0,1098.4187,0.0,,,11.3,0.0,9.59,,,0.0,,
2025-11-19 11:40:17+00:00,2025-11-19 11:40:17,,,,,,,,,,17.6812496,0.0,984.0,1098.17505,0.0,,,11.3,0.0,9.59,,,0.0,,
2025-11-19 11:40:18+00:00,2025-11-19 11:40:18,,,,,,,,,,17.6812496,0.0,985.0,1097.44373,0.0,,,11.3,0.0,9.59,,,0.0,,
2025-11-19 11:40:19+00:00,2025-11-19 11:40:19,,,,,,,,,,17.6812496,0.0,985.0,1097.52502,0.0,,,11.3,0.0,9.59,,,0.0,,
2025-11-19 11:40:20+00:00,2025-11-19 11:40:20,20.0,20.0,20.0,20.0,20.0,,2.0,FALLBACK,Fallback Hz 사용: 20.0Hz (essential_range_violation),17.6812496,0.0,984.0,1097.6875,0.0,,,11.3,0.0,9.59,,,0.0,,
2025-11-19 11:40:21+00:00,2025-11-19 11:40:21,,,,,,,,,,17.6812496,0.0,984.0,1097.52502,0.0,,,11.3,0.0,9.59,,,0.0,,
2025-11-19 11:40:22+00:00,2025-11-19 11:40:22,,,,,,,,,,17.6812496,0.0,984.0,1097.52502,0.0,,,11.3,0.0,9.59,,,0.0,,
2025-11-19 11:40:23+00:00,2025-11-19 11:40:23,,,,,,,,,,17.6812496,0.0,985.0,1097.52502,0.0,,,11.3,0.0,9.59,,,0.0,,
2025-11-19 11:40:24+00:00,2025-11-19 11:40:24,,,,,,,,,,17.6812496,0.0,985.0,1097.52502,0.0,,,11.3,0.0,9.59,,,0.0,,
2025-11-19 11:40:25+00:00,2025-11-19 11:40:25,20.0,20.0,20.0,20.0,20.0,,2.0,FALLBACK,Fallback Hz 사용: 20.0Hz (essential_range_violation),17.6812496,0.0,984.0,1099.63745,0.0,,,11.3,0.0,9.59,,,0.0,,
2025-11-19 11:40:26+00:00,2025-11-19 11:40:26,,,,,,,,,,17.6812496,0.0,984.0,1099.63745,0.0,,,11.3,0.0,9.59,,,0.0,,
2025-11-19 11:40:27+00:00,2025-11-19 11:40:27,,,,,,,,,,17.6812496,0.0,984.0,1100.2063,0.0,,,11.3,0.0,9.59,,,0.0,,
2025-11-19 11:40:28+00:00,2025-11-19 11:40:28,,,,,,,,,,17.6812496,0.0,984.0,1100.2063,0.0,,,11.3,0.0,9.59,,,0.0,,
2025-11-19 11:40:29+00:00,2025-11-19 11:40:29,,,,,,,,,,17.6812496,0.0,985.0,1100.2063,0.0,,,11.3,0.0,9.59,,,0.0,,
2025-11-19 11:40:30+00:00,2025-11-19 11:40:30,20.0,20.0,20.0,20.0,20.0,,2.0,FALLBACK,Fallback Hz 사용: 20.0Hz (essential_range_violation),17.6812496,0.0,985.0,1100.61255,0.0,,,11.3,0.0,9.59,,,0.0,,
2025-11-19 11:40:31+00:00,2025-11-19 11:40:31,,,,,,,,,,17.6812496,0.0,985.0,1101.0188,0.0,,,11.3,0.0,9.59,,,0.0,,
2025-11-19 11:40:32+00:00,2025-11-19 11:40:32,,,,,,,,,,17.6812496,0.0,985.0,1101.0188,0.0,,,11.3,0.0,9.59,,,0.0,,
2025-11-19 11:40:33+00:00,2025-11-19 11:40:33,,,,,,,,,,17.6812496,0.0,984.0,1101.58752,0.0,,,11.3,0.0,9.59,,,0.0,,
2025-11-19 11:40:34+00:00,2025-11-19 11:40:34,,,,,,,,,,17.6812496,0.0,984.0,1103.78125,0.0,,,11.3,0.0,9.59,,,0.0,,
2025-11-19 11:40:35+00:00,2025-11-19 11:40:35,20.0,20.0,20.0,20.0,20.0,,2.0,FALLBACK,Fallback Hz 사용: 20.0Hz (essential_range_violation),17.6812496,0.0,985.0,1102.72498,0.0,,,11.3,0.0,9.59,,,0.0,,
2025-11-19 11:40:36+00:00,2025-11-19 11:40:36,,,,,,,,,,17.6812496,0.0,985.0,1102.72498,0.0,,,11.3,0.0,9.59,,,0.0,,
2025-11-19 11:40:37+00:00,2025-11-19 11:40:37,,,,,,,,,,17.6812496,0.0,983.0,1104.2688,0.0,,,11.3,0.0,9.59,,,0.0,,
2025-11-19 11:40:38+00:00,2025-11-19 11:40:38,,,,,,,,,,17.6812496,0.0,983.0,1104.2688,0.0,,,11.3,0.0,9.59,,,0.0,,
2025-11-19 11:40:39+00:00,2025-11-19 11:40:39,,,,,,,,,,17.6812496,0.0,984.0,1105.0,0.0,,,11.3,0.0,9.59,,,0.0,,
2025-11-19 11:40:40+00:00,2025-11-19 11:40:40,20.0,20.0,20.0,20.0,20.0,,2.0,FALLBACK,Fallback Hz 사용: 20.0Hz (essential_range_violation),17.6812496,0.0,984.0,1105.0,0.0,,,11.3,0.0,9.59,,,0.0,,
2025-11-19 11:40:41+00:00,2025-11-19 11:40:41,,,,,,,,,,17.6812496,0.0,986.0,1104.51245,0.0,,,11.3,0.0,9.59,,,0.0,,
2025-11-19 11:40:42+00:00,2025-11-19 11:40:42,,,,,,,,,,17.6812496,0.0,986.0,1104.51245,0.0,,,11.3,0.0,9.59,,,0.0,,
2025-11-19 11:40:43+00:00,2025-11-19 11:40:43,,,,,,,,,,17.6812496,0.0,987.0,1105.24377,0.0,,,11.3,0.0,9.59,,,0.0,,
2025-11-19 11:40:44+00:00,2025-11-19 11:40:44,,,,,,,,,,17.6812496,0.0,987.0,1105.24377,0.0,,,11.3,0.0,9.59,,,0.0,,
2025-11-19 11:40:45+00:00,2025-11-19 11:40:45,20.0,20.0,20.0,20.0,20.0,,2.0,FALLBACK,Fallback Hz 사용: 20.0Hz (essential_range_violation),17.6812496,0.0,987.0,1104.34998,0.0,,,11.3,0.0,9.59,,,0.0,,
2025-11-19 11:40:46+00:00,2025-11-19 11:40:46,,,,,,,,,,17.6812496,0.0,986.0,1104.2688,0.0,,,11.3,0.0,9.59,,,0.0,,
2025-11-19 11:40:47+00:00,2025-11-19 11:40:47,,,,,,,,,,17.6812496,0.0,986.0,1104.2688,0.0,,,11.3,0.0,9.59,,,0.0,,
2025-11-19 11:40:48+00:00,2025-11-19 11:40:48,,,,,,,,,,17.6812496,0.0,987.0,1106.86877,0.0,,,11.3,0.0,9.59,,,0.0,,
2025-11-19 11:40:49+00:00,2025-11-19 11:40:49,,,,,,,,,,17.6812496,0.0,987.0,1106.86877,0.0,,,11.3,0.0,9.59,,,0.0,,
2025-11-19 11:40:50+00:00,2025-11-19 11:40:50,20.0,20.0,20.0,20.0,20.0,,2.0,FALLBACK,Fallback Hz 사용: 20.0Hz (essential_range_violation),17.6812496,0.0,985.0,1108.41248,0.0,,,11.3,0.0,9.59,,,0.0,,
2025-11-19 11:40:51+00:00,2025-11-19 11:40:51,,,,,,,,,,17.6812496,0.0,985.0,1108.41248,0.0,,,11.3,0.0,9.59,,,0.0,,
2025-11-19 11:40:52+00:00,2025-11-19 11:40:52,,,,,,,,,,17.6812496,0.0,985.0,1107.3562,0.0,,,11.3,0.0,9.59,,,0.0,,
2025-11-19 11:40:53+00:00,2025-11-19 11:40:53,,,,,,,,,,17.6812496,0.0,987.0,1107.3562,0.0,,,11.3,0.0,9.59,,,0.0,,
2025-11-19 11:40:54+00:00,2025-11-19 11:40:54,,,,,,,,,,17.6812496,0.0,987.0,1110.03748,0.0,,,11.3,0.0,9.59,,,0.0,,
2025-11-19 11:40:55+00:00,2025-11-19 11:40:55,20.0,20.0,20.0,20.0,20.0,,2.0,FALLBACK,Fallback Hz 사용: 20.0Hz (essential_range_violation),17.6812496,0.0,988.0,1110.03748,0.0,,,11.3,0.0,9.59,,,0.0,,
2025-11-19 11:40:56+00:00,2025-11-19 11:40:56,,,,,,,,,,17.6812496,0.0,987.0,1108.90002,0.0,,,11.3,0.0,9.59,,,0.0,,
2025-11-19 11:40:57+00:00,2025-11-19 11:40:57,,,,,,,,,,17.6812496,0.0,987.0,1111.5,0.0,,,11.3,0.0,9.59,,,0.0,,
2025-11-19 11:40:58+00:00,2025-11-19 11:40:58,,,,,,,,,,17.6812496,0.0,987.0,1111.5,0.0,,,11.3,0.0,9.59,,,0.0,,
2025-11-19 11:40:59+00:00,2025-11-19 11:40:59,,,,,,,,,,17.6812496,0.0,988.0,1110.52502,0.0,,,11.3,0.0,9.59,,,0.0,,
2025-11-19 11:41:00+00:00,2025-11-19 11:41:00,20.0,20.0,20.0,20.0,20.0,,2.0,FALLBACK,Fallback Hz 사용: 20.0Hz (essential_range_violation),17.6812496,0.0,987.0,1110.84998,0.0,,,11.3,0.0,9.59,,,0.0,,
2025-11-19 11:41:01+00:00,2025-11-19 11:41:01,,,,,,,,,,17.6812496,0.0,987.0,1110.84998,0.0,,,11.3,0.0,9.59,,,0.0,,
2025-11-19 11:41:02+00:00,2025-11-19 11:41:02,,,,,,,,,,17.6812496,0.0,987.0,1110.6875,0.0,,,11.3,0.0,9.59,,,0.0,,
2025-11-19 11:41:03+00:00,2025-11-19 11:41:03,,,,,,,,,,17.6812496,0.0,987.0,1110.52502,0.0,,,11.3,0.0,9.59,,,0.0,,
2025-11-19 11:41:04+00:00,2025-11-19 11:41:04,,,,,,,,,,17.6812496,0.0,987.0,1110.52502,0.0,,,11.3,0.0,9.59,,,0.0,,
2025-11-19 11:41:05+00:00,2025-11-19 11:41:05,20.0,20.0,20.0,20.0,20.0,,2.0,FALLBACK,Fallback Hz 사용: 20.0Hz (essential_range_violation),17.6812496,0.0,987.0,1111.4187,0.0,,,11.3,0.0,9.59,,,0.0,,
2025-11-19 11:41:06+00:00,2025-11-19 11:41:06,,,,,,,,,,17.6812496,0.0,987.0,1111.4187,0.0,,,11.3,0.0,9.59,,,0.0,,
2025-11-19 11:41:07+00:00,2025-11-19 11:41:07,,,,,,,,,,17.6812496,0.0,987.0,1110.84998,0.0,,,11.3,0.0,9.59,,,0.0,,
2025-11-19 11:41:08+00:00,2025-11-19 11:41:08,,,,,,,,,,17.6812496,0.0,988.0,1112.06873,0.0,,,11.3,0.0,9.59,,,0.0,,
2025-11-19 11:41:09+00:00,2025-11-19 11:41:09,,,,,,,,,,17.6812496,0.0,988.0,1112.06873,0.0,,,11.3,0.0,9.59,,,0.0,,
2025-11-19 11:41:10+00:00,2025-11-19 11:41:10,20.0,20.0,20.0,20.0,20.0,,2.0,FALLBACK,Fallback Hz 사용: 20.0Hz (essential_range_violation),17.6812496,0.0,988.0,1112.2312,0.0,,,11.3,0.0,9.59,,,0.0,,
2025-11-19 11:41:11+00:00,2025-11-19 11:41:11,,,,,,,,,,17.6812496,0.0,988.0,1112.2312,0.0,,,11.3,0.0,9.59,,,0.0,,
2025-11-19 11:41:12+00:00,2025-11-19 11:41:12,,,,,,,,,,17.6812496,0.0,988.0,1114.75,0.0,,,11.3,0.0,9.59,,,0.0,,
2025-11-19 11:41:13+00:00,2025-11-19 11:41:13,,,,,,,,,,17.6812496,0.0,988.0,1114.75,0.0,,,11.3,0.0,9.59,,,0.0,,
2025-11-19 11:41:14+00:00,2025-11-19 11:41:14,,,,,,,,,,17.6812496,0.0,988.0,1114.75,0.0,,,11.3,0.0,9.59,,,0.0,,
2025-11-19 11:41:15+00:00,2025-11-19 11:41:15,20.0,20.0,20.0,20.0,20.0,,2.0,FALLBACK,Fallback Hz 사용: 20.0Hz (essential_range_violation),,,,,,,,,,,,,,,
2025-11-19 11:41:16+00:00,2025-11-19 11:41:16,,,,,,,,,,17.6812496,0.0,988.0,1114.75,0.0,,,11.3,0.0,9.59,,,0.0,,
2025-11-19 11:41:17+00:00,2025-11-19 11:41:17,,,,,,,,,,17.6812496,0.0,988.0,1114.42505,0.0,,,11.3,0.0,9.59,,,0.0,,
2025-11-19 11:41:18+00:00,2025-11-19 11:41:18,,,,,,,,,,17.6812496,0.0,986.0,1114.42505,0.0,,,11.3,0.0,9.59,,,0.0,,
2025-11-19 11:41:19+00:00,2025-11-19 11:41:19,,,,,,,,,,17.6812496,0.0,986.0,1114.0188,0.0,,,11.3,0.0,9.59,,,0.0,,
2025-11-19 11:41:20+00:00,2025-11-19 11:41:20,20.0,20.0,20.0,20.0,20.0,,2.0,FALLBACK,Fallback Hz 사용: 20.0Hz (essential_range_violation),17.6812496,0.0,986.0,1114.0188,0.0,,,11.3,0.0,9.59,,,0.0,,
2025-11-19 11:41:21+00:00,2025-11-19 11:41:21,,,,,,,,,,17.6812496,0.0,986.0,1115.23755,0.0,,,11.3,0.0,9.59,,,0.0,,
2025-11-19 11:41:22+00:00,2025-11-19 11:41:22,,,,,,,,,,17.6812496,0.0,986.0,1115.23755,0.0,,,11.3,0.0,9.59,,,0.0,,
2025-11-19 11:41:23+00:00,2025-11-19 11:41:23,,,,,,,,,,17.6812496,0.0,987.0,1115.40002,0.0,,,11.3,0.0,9.59,,,0.0,,
2025-11-19 11:41:24+00:00,2025-11-19 11:41:24,,,,,,,,,,17.6812496,0.0,987.0,1115.40002,0.0,,,11.3,0.0,9.59,,,0.0,,
2025-11-19 11:41:25+00:00,2025-11-19 11:41:25,20.0,20.0,20.0,20.0,20.0,,2.0,FALLBACK,Fallback Hz 사용: 20.0Hz (essential_range_violation),17.6812496,0.0,985.0,1116.69995,0.0,,,11.3,0.0,9.59,,,0.0,,
2025-11-19 11:41:26+00:00,2025-11-19 11:41:26,,,,,,,,,,17.6812496,0.0,985.0,1116.69995,0.0,,,11.3,0.0,9.59,,,0.0,,
2025-11-19 11:41:27+00:00,2025-11-19 11:41:27,,,,,,,,,,17.6812496,0.0,985.0,1117.51245,0.0,,,11.3,0.0,9.59,,,0.0,,
2025-11-19 11:41:28+00:00,2025-11-19 11:41:28,,,,,,,,,,17.6812496,0.0,984.0,1116.86255,0.0,,,11.3,0.0,9.59,,,0.0,,
2025-11-19 11:41:29+00:00,2025-11-19 11:41:29,,,,,,,,,,17.6812496,0.0,984.0,1116.86255,0.0,,,11.3,0.0,9.59,,,0.0,,
2025-11-19 11:41:30+00:00,2025-11-19 11:41:30,20.0,20.0,20.0,20.0,20.0,,2.0,FALLBACK,Fallback Hz 사용: 20.0Hz (essential_range_violation),17.6812496,0.0,984.0,1117.34998,0.0,,,11.3,0.0,9.59,,,0.0,,
2025-11-19 11:41:31+00:00,2025-11-19 11:41:31,,,,,,,,,,17.6812496,0.0,984.0,1117.34998,0.0,,,11.3,0.0,9.59,,,0.0,,
2025-11-19 11:41:32+00:00,2025-11-19 11:41:32,,,,,,,,,,17.6812496,0.0,985.0,1117.34998,0.0,,,11.3,0.0,9.59,,,0.0,,
2025-11-19 11:41:33+00:00,2025-11-19 11:41:33,,,,,,,,,,17.6812496,0.0,985.0,1116.94373,0.0,,,11.3,0.0,9.59,,,0.0,,
2025-11-19 11:41:34+00:00,2025-11-19 11:41:34,,,,,,,,,,17.6812496,0.0,984.0,1117.83752,0.0,,,11.3,0.0,9.59,,,0.0,,
2025-11-19 11:41:35+00:00,2025-11-19 11:41:35,20.0,20.0,20.0,20.0,20.0,,2.0,FALLBACK,Fallback Hz 사용: 20.0Hz (essential_range_violation),17.6812496,0.0,984.0,1117.83752,0.0,,,11.3,0.0,9.59,,,0.0,,
2025-11-19 11:41:36+00:00,2025-11-19 11:41:36,,,,,,,,,,17.6812496,0.0,984.0,1116.78125,0.0,,,11.3,0.0,9.59,,,0.0,,
2025-11-19 11:41:37+00:00,2025-11-19 11:41:37,,,,,,,,,,17.6812496,0.0,984.0,1116.78125,0.0,,,11.3,0.0,9.59,,,0.0,,
2025-11-19 11:41:38+00:00,2025-11-19 11:41:38,,,,,,,,,,17.6812496,0.0,985.0,1117.1875,0.0,,,11.3,0.0,9.59,,,0.0,,
2025-11-19 11:41:39+00:00,2025-11-19 11:41:39,,,,,,,,,,17.6812496,0.0,984.0,1116.86255,0.0,,,11.3,0.0,9.59,,,0.0,,
2025-11-19 11:41:40+00:00,2025-11-19 11:41:40,20.0,20.0,20.0,20.0,20.0,,2.0,FALLBACK,Fallback Hz 사용: 20.0Hz (essential_range_violation),17.6812496,0.0,984.0,1116.86255,0.0,,,11.3,0.0,9.59,,,0.0,,
2025-11-19 11:41:41+00:00,2025-11-19 11:41:41,,,,,,,,,,17.6812496,0.0,985.0,1117.51245,0.0,,,11.3,0.0,9.59,,,0.0,,
2025-11-19 11:41:42+00:00,2025-11-19 11:41:42,,,,,,,,,,17.6812496,0.0,985.0,1117.51245,0.0,,,11.3,0.0,9.59,,,0.0,,
2025-11-19 11:41:43+00:00,2025-11-19 11:41:43,,,,,,,,,,17.6812496,0.0,984.0,1117.2688,0.0,,,11.3,0.0,9.59,,,0.0,,
2025-11-19 11:41:44+00:00,2025-11-19 11:41:44,,,,,,,,,,17.6812496,0.0,984.0,1117.2688,0.0,,,11.3,0.0,9.59,,,0.0,,
2025-11-19 11:41:45+00:00,2025-11-19 11:41:45,20.0,20.0,20.0,20.0,20.0,,2.0,FALLBACK,Fallback Hz 사용: 20.0Hz (essential_range_violation),17.6812496,0.0,985.0,1116.69995,0.0,,,11.3,0.0,9.59,,,0.0,,
2025-11-19 11:41:46+00:00,2025-11-19 11:41:46,,,,,,,,,,17.6812496,0.0,984.0,1117.2688,0.0,,,11.3,0.0,9.59,,,0.0,,
2025-11-19 11:41:47+00:00,2025-11-19 11:41:47,,,,,,,,,,17.6812496,0.0,984.0,1117.2688,0.0,,,11.3,0.0,9.59,,,0.0,,
2025-11-19 11:41:48+00:00,2025-11-19 11:41:48,,,,,,,,,,17.6812496,0.0,984.0,1117.34998,0.0,,,11.3,0.0,9.59,,,0.0,,
2025-11-19 11:41:49+00:00,2025-11-19 11:41:49,,,,,,,,,,17.6812496,0.0,984.0,1117.34998,0.0,,,11.3,0.0,9.59,,,0.0,,
2025-11-19 11:41:50+00:00,2025-11-19 11:41:50,20.0,20.0,20.0,20.0,20.0,,2.0,FALLBACK,Fallback Hz 사용: 20.0Hz (essential_range_violation),17.6812496,0.0,984.0,1118.16248,0.0,,,11.3,0.0,9.59,,,0.0,,
2025-11-19 11:41:51+00:00,2025-11-19 11:41:51,,,,,,,,,,17.6812496,0.0,985.0,1118.56873,0.0,,,11.3,0.0,9.59,,,0.0,,
2025-11-19 11:41:52+00:00,2025-11-19 11:41:52,,,,,,,,,,,,,,,,,11.3,0.0,9.59,,,,,
2025-11-19 11:41:53+00:00,2025-11-19 11:41:53,,,,,,,,,,17.6812496,0.0,985.0,1119.30005,0.0,,,11.3,0.0,9.59,,,0.0,,
2025-11-19 11:41:54+00:00,2025-11-19 11:41:54,,,,,,,,,,17.6812496,0.0,985.0,1119.30005,0.0,,,11.3,0.0,9.59,,,0.0,,
2025-11-19 11:41:55+00:00,2025-11-19 11:41:55,20.0,20.0,20.0,20.0,20.0,,2.0,FALLBACK,Fallback Hz 사용: 20.0Hz (essential_range_violation),17.6812496,0.0,985.0,1118.65002,0.0,,,11.3,0.0,9.59,,,0.0,,
2025-11-19 11:41:56+00:00,2025-11-19 11:41:56,,,,,,,,,,17.6812496,0.0,985.0,1118.65002,0.0,,,11.3,0.0,9.59,,,0.0,,
2025-11-19 11:41:57+00:00,2025-11-19 11:41:57,,,,,,,,,,17.6812496,0.0,985.0,1119.5437,0.0,,,11.3,0.0,9.59,,,0.0,,
2025-11-19 11:41:58+00:00,2025-11-19 11:41:58,,,,,,,,,,17.6812496,0.0,984.0,1119.5437,0.0,,,11.3,0.0,9.59,,,0.0,,
2025-11-19 11:41:59+00:00,2025-11-19 11:41:59,,,,,,,,,,17.6812496,0.0,984.0,1119.5437,0.0,,,11.3,0.0,9.59,,,0.0,,
2025-11-19 11:42:00+00:00,2025-11-19 11:42:00,20.0,20.0,20.0,20.0,20.0,,2.0,FALLBACK,Fallback Hz 사용: 20.0Hz (essential_range_violation),17.6812496,0.0,985.0,1118.8938,0.0,,,11.3,0.0,9.59,,,0.0,,
2025-11-19 11:42:01+00:00,2025-11-19 11:42:01,,,,,,,,,,17.6812496,0.0,985.0,1118.8938,0.0,,,11.3,0.0,9.59,,,0.0,,
2025-11-19 11:42:02+00:00,2025-11-19 11:42:02,,,,,,,,,,17.6812496,0.0,985.0,1118.16248,0.0,,,11.3,0.0,9.59,,,0.0,,
2025-11-19 11:42:03+00:00,2025-11-19 11:42:03,,,,,,,,,,17.6812496,0.0,985.0,1118.16248,0.0,,,11.3,0.0,9.59,,,0.0,,
2025-11-19 11:42:04+00:00,2025-11-19 11:42:04,,,,,,,,,,17.6812496,0.0,985.0,1118.32495,0.0,,,11.3,0.0,9.59,,,0.0,,
2025-11-19 11:42:05+00:00,2025-11-19 11:42:05,20.0,20.0,20.0,20.0,20.0,,2.0,FALLBACK,Fallback Hz 사용: 20.0Hz (essential_range_violation),17.6812496,0.0,985.0,1118.32495,0.0,,,11.3,0.0,9.59,,,0.0,,
2025-11-19 11:42:06+00:00,2025-11-19 11:42:06,,,,,,,,,,17.6812496,0.0,984.0,1118.7312,0.0,,,11.3,0.0,9.59,,,0.0,,
2025-11-19 11:42:07+00:00,2025-11-19 11:42:07,,,,,,,,,,17.6812496,0.0,984.0,1118.7312,0.0,,,11.3,0.0,9.59,,,0.0,,
2025-11-19 11:42:08+00:00,2025-11-19 11:42:08,,,,,,,,,,17.6812496,0.0,985.0,1119.05627,0.0,,,11.3,0.0,9.59,,,0.0,,
2025-11-19 11:42:09+00:00,2025-11-19 11:42:09,,,,,,,,,,17.6812496,0.0,985.0,1119.05627,0.0,,,11.3,0.0,9.59,,,0.0,,
2025-11-19 11:42:10+00:00,2025-11-19 11:42:10,20.0,20.0,20.0,20.0,20.0,,2.0,FALLBACK,Fallback Hz 사용: 20.0Hz (essential_range_violation),17.6812496,0.0,984.0,1118.16248,0.0,,,11.3,0.0,9.59,,,0.0,,
2025-11-19 11:42:11+00:00,2025-11-19 11:42:11,,,,,,,,,,17.6812496,0.0,984.0,1119.05627,0.0,,,11.3,0.0,9.59,,,0.0,,
2025-11-19 11:42:12+00:00,2025-11-19 11:42:12,,,,,,,,,,17.6812496,0.0,982.0,1119.5437,0.0,,,11.3,0.0,9.59,,,0.0,,
2025-11-19 11:42:13+00:00,2025-11-19 11:42:13,,,,,,,,,,17.6812496,0.0,982.0,1119.5437,0.0,,,11.3,0.0,9.59,,,0.0,,
2025-11-19 11:42:14+00:00,2025-11-19 11:42:14,,,,,,,,,,17.6812496,0.0,982.0,1118.7312,0.0,,,11.3,0.0,9.59,,,0.0,,
2025-11-19 11:42:15+00:00,2025-11-19 11:42:15,20.0,20.0,20.0,20.0,20.0,,2.0,FALLBACK,Fallback Hz 사용: 20.0Hz (essential_range_violation),17.6812496,0.0,982.0,1118.7312,0.0,,,11.3,0.0,9.59,,,0.0,,
2025-11-19 11:42:16+00:00,2025-11-19 11:42:16,,,,,,,,,,17.6812496,0.0,983.0,1119.46252,0.0,,,11.3,0.0,9.59,,,0.0,,
2025-11-19 11:42:17+00:00,2025-11-19 11:42:17,,,,,,,,,,17.6812496,0.0,983.0,1119.46252,0.0,,,11.3,0.0,9.59,,,0.0,,
2025-11-19 11:42:18+00:00,2025-11-19 11:42:18,,,,,,,,,,17.6812496,0.0,983.0,1118.65002,0.0,,,11.3,0.0,9.59,,,0.0,,
2025-11-19 11:42:19+00:00,2025-11-19 11:42:19,,,,,,,,,,17.6812496,0.0,982.0,1118.8938,0.0,,,11.3,0.0,9.59,,,0.0,,
2025-11-19 11:42:20+00:00,2025-11-19 11:42:20,20.0,20.0,20.0,20.0,20.0,,2.0,FALLBACK,Fallback Hz 사용: 20.0Hz (essential_range_violation),17.6812496,0.0,982.0,1118.8938,0.0,,,11.3,0.0,9.59,,,0.0,,
2025-11-19 11:42:21+00:00,2025-11-19 11:42:21,,,,,,,,,,17.6812496,0.0,983.0,1119.38123,0.0,,,11.3,0.0,9.59,,,0.0,,
2025-11-19 11:42:22+00:00,2025-11-19 11:42:22,,,,,,,,,,17.6812496,0.0,982.0,1119.21875,0.0,,,11.3,0.0,9.59,,,0.0,,
2025-11-19 11:42:23+00:00,2025-11-19 11:42:23,,,,,,,,,,17.6812496,0.0,982.0,1119.21875,0.0,,,11.3,0.0,9.59,,,0.0,,
2025-11-19 11:42:24+00:00,2025-11-19 11:42:24,,,,,,,,,,17.6812496,0.0,982.0,1118.40625,0.0,,,11.3,0.0,9.59,,,0.0,,
2025-11-19 11:42:25+00:00,2025-11-19 11:42:25,20.0,20.0,20.0,20.0,20.0,,2.0,FALLBACK,Fallback Hz 사용: 20.0Hz (essential_range_violation),17.6812496,0.0,982.0,1118.40625,0.0,,,11.3,0.0,9.59,,,0.0,,
2025-11-19 11:42:26+00:00,2025-11-19 11:42:26,,,,,,,,,,17.6812496,0.0,983.0,1119.46252,0.0,,,11.3,0.0,9.59,,,0.0,,
2025-11-19 11:42:27+00:00,2025-11-19 11:42:27,,,,,,,,,,17.6812496,0.0,983.0,1119.625,0.0,,,11.3,0.0,9.59,,,0.0,,
2025-11-19 11:42:28+00:00,2025-11-19 11:42:28,,,,,,,,,,17.6812496,0.0,982.0,1119.7063,0.0,,,11.3,0.0,9.59,,,0.0,,
2025-11-19 11:42:29+00:00,2025-11-19 11:42:29,,,,,,,,,,17.6812496,0.0,982.0,1118.48755,0.0,,,11.3,0.0,9.59,,,0.0,,
2025-11-19 11:42:30+00:00,2025-11-19 11:42:30,20.0,20.0,20.0,20.0,20.0,,2.0,FALLBACK,Fallback Hz 사용: 20.0Hz (essential_range_violation),17.6812496,0.0,982.0,1118.48755,0.0,,,11.3,0.0,9.59,,,0.0,,
2025-11-19 11:42:31+00:00,2025-11-19 11:42:31,,,,,,,,,,17.6812496,0.0,982.0,1117.9187,0.0,,,11.3,0.0,9.59,,,0.0,,
2025-11-19 11:42:32+00:00,2025-11-19 11:42:32,,,,,,,,,,17.6812496,0.0,982.0,1117.9187,0.0,,,11.3,0.0,9.59,,,0.0,,
2025-11-19 11:42:33+00:00,2025-11-19 11:42:33,,,,,,,,,,17.6812496,0.0,982.0,1117.1062,0.0,,,11.3,0.0,9.59,,,0.0,,
2025-11-19 11:42:34+00:00,2025-11-19 11:42:34,,,,,,,,,,17.6812496,0.0,982.0,1116.78125,0.0,,,11.3,0.0,9.59,,,0.0,,
2025-11-19 11:42:35+00:00,2025-11-19 11:42:35,20.0,20.0,20.0,20.0,20.0,,2.0,FALLBACK,Fallback Hz 사용: 20.0Hz (essential_range_violation),17.6812496,0.0,981.0,1117.1062,0.0,,,11.3,0.0,9.59,,,0.0,,
2025-11-19 11:42:36+00:00,2025-11-19 11:42:36,,,,,,,,,,17.6812496,0.0,981.0,1117.1062,0.0,,,11.3,0.0,9.59,,,0.0,,
2025-11-19 11:42:37+00:00,2025-11-19 11:42:37,,,,,,,,,,17.6812496,0.0,982.0,1116.86255,0.0,,,11.3,0.0,9.59,,,0.0,,
2025-11-19 11:42:38+00:00,2025-11-19 11:42:38,,,,,,,,,,17.6812496,0.0,982.0,1116.86255,0.0,,,11.3,0.0,9.59,,,0.0,,
2025-11-19 11:42:39+00:00,2025-11-19 11:42:39,,,,,,,,,,17.6812496,0.0,982.0,1117.2688,0.0,,,11.3,0.0,9.59,,,0.0,,
2025-11-19 11:42:40+00:00,2025-11-19 11:42:40,20.0,20.0,20.0,20.0,20.0,,2.0,FALLBACK,Fallback Hz 사용: 20.0Hz (essential_range_violation),17.6812496,0.0,982.0,1117.2688,0.0,,,11.3,0.0,9.59,,,0.0,,
2025-11-19 11:42:41+00:00,2025-11-19 11:42:41,,,,,,,,,,17.6812496,0.0,982.0,1117.34998,0.0,,,11.3,0.0,9.59,,,0.0,,
2025-11-19 11:42:42+00:00,2025-11-19 11:42:42,,,,,,,,,,17.6812496,0.0,981.0,1118.0813,0.0,,,11.3,0.0,9.59,,,0.0,,
2025-11-19 11:42:43+00:00,2025-11-19 11:42:43,,,,,,,,,,17.6812496,0.0,981.0,1116.69995,0.0,,,11.3,0.0,9.59,,,0.0,,
2025-11-19 11:42:44+00:00,2025-11-19 11:42:44,,,,,,,,,,17.6812496,0.0,981.0,1116.69995,0.0,,,11.3,0.0,9.59,,,0.0,,
2025-11-19 11:42:45+00:00,2025-11-19 11:42:45,20.0,20.0,20.0,20.0,20.0,,2.0,FALLBACK,Fallback Hz 사용: 20.0Hz (essential_range_violation),17.6812496,0.0,980.0,1116.86255,0.0,,,11.3,0.0,9.59,,,0.0,,
2025-11-19 11:42:46+00:00,2025-11-19 11:42:46,,,,,,,,,,17.6812496,0.0,981.0,1116.94373,0.0,,,11.3,0.0,9.59,,,0.0,,
2025-11-19 11:42:47+00:00,2025-11-19 11:42:47,,,,,,,,,,17.6812496,0.0,981.0,1116.94373,0.0,,,11.3,0.0,9.59,,,0.0,,
2025-11-19 11:42:48+00:00,2025-11-19 11:42:48,,,,,,,,,,17.6812496,0.0,982.0,1116.86255,0.0,,,11.3,0.0,9.59,,,0.0,,
2025-11-19 11:42:49+00:00,2025-11-19 11:42:49,,,,,,,,,,17.6812496,0.0,982.0,1116.86255,0.0,,,11.3,0.0,9.59,,,0.0,,
2025-11-19 11:42:50+00:00,2025-11-19 11:42:50,20.0,20.0,20.0,20.0,20.0,,2.0,FALLBACK,Fallback Hz 사용: 20.0Hz (essential_range_violation),17.6812496,0.0,981.0,1118.0,0.0,,,11.3,0.0,9.59,,,0.0,,
2025-11-19 11:42:51+00:00,2025-11-19 11:42:51,,,,,,,,,,17.6812496,0.0,981.0,1118.0,0.0,,,11.3,0.0,9.59,,,0.0,,
2025-11-19 11:42:52+00:00,2025-11-19 11:42:52,,,,,,,,,,17.6812496,0.0,982.0,1117.34998,0.0,,,11.3,0.0,9.59,,,0.0,,
2025-11-19 11:42:54+00:00,2025-11-19 11:42:54,,,,,,,,,,17.6812496,0.0,981.0,1116.21252,0.0,,,11.3,0.0,9.59,,,0.0,,
2025-11-19 11:42:55+00:00,2025-11-19 11:42:55,20.0,20.0,20.0,20.0,20.0,,2.0,FALLBACK,Fallback Hz 사용: 20.0Hz (essential_range_violation),17.6812496,0.0,981.0,1116.21252,0.0,,,11.3,0.0,9.59,,,0.0,,
2025-11-19 11:42:56+00:00,2025-11-19 11:42:56,,,,,,,,,,17.6812496,0.0,982.0,1115.4812,0.0,,,11.3,0.0,9.59,,,0.0,,
2025-11-19 11:42:57+00:00,2025-11-19 11:42:57,,,,,,,,,,17.6812496,0.0,981.0,1116.375,0.0,,,11.3,0.0,9.59,,,0.0,,
2025-11-19 11:42:58+00:00,2025-11-19 11:42:58,,,,,,,,,,17.6812496,0.0,981.0,1116.375,0.0,,,11.3,0.0,9.59,,,0.0,,
2025-11-19 11:42:59+00:00,2025-11-19 11:42:59,,,,,,,,,,17.6812496,0.0,982.0,1116.375,0.0,,,11.3,0.0,9.59,,,0.0,,
2025-11-19 11:43:00+00:00,2025-11-19 11:43:00,20.0,20.0,20.0,20.0,20.0,,2.0,FALLBACK,Fallback Hz 사용: 20.0Hz (essential_range_violation),17.6812496,0.0,981.0,1113.77502,0.0,,,11.3,0.0,9.59,,,0.0,,
2025-11-19 11:43:01+00:00,2025-11-19 11:43:01,,,,,,,,,,17.6812496,0.0,982.0,1114.18127,0.0,,,11.3,0.0,9.59,,,0.0,,
2025-11-19 11:43:02+00:00,2025-11-19 11:43:02,,,,,,,,,,17.6812496,0.0,982.0,1114.18127,0.0,,,11.3,0.0,9.59,,,0.0,,
2025-11-19 11:43:03+00:00,2025-11-19 11:43:03,,,,,,,,,,17.6812496,0.0,981.0,1113.8562,0.0,,,11.3,0.0,9.59,,,0.0,,
2025-11-19 11:43:04+00:00,2025-11-19 11:43:04,,,,,,,,,,17.6812496,0.0,981.0,1113.8562,0.0,,,11.3,0.0,9.59,,,0.0,,
2025-11-19 11:43:05+00:00,2025-11-19 11:43:05,20.0,20.0,20.0,20.0,20.0,,2.0,FALLBACK,Fallback Hz 사용: 20.0Hz (essential_range_violation),17.6812496,0.0,981.0,1113.44995,0.0,,,11.3,0.0,9.59,,,0.0,,
2025-11-19 11:43:06+00:00,2025-11-19 11:43:06,,,,,,,,,,17.6812496,0.0,981.0,1113.8562,0.0,,,11.3,0.0,9.59,,,0.0,,
2025-11-19 11:43:07+00:00,2025-11-19 11:43:07,,,,,,,,,,17.6812496,0.0,981.0,1113.8562,0.0,,,11.3,0.0,9.59,,,0.0,,
2025-11-19 11:43:08+00:00,2025-11-19 11:43:08,,,,,,,,,,17.6812496,0.0,981.0,1113.125,0.0,,,11.3,0.0,9.59,,,0.0,,
2025-11-19 11:43:09+00:00,2025-11-19 11:43:09,,,,,,,,,,17.6812496,0.0,981.0,1113.125,0.0,,,11.3,0.0,9.59,,,0.0,,
2025-11-19 11:43:10+00:00,2025-11-19 11:43:10,20.0,20.0,20.0,20.0,20.0,,2.0,FALLBACK,Fallback Hz 사용: 20.0Hz (essential_range_violation),17.6812496,0.0,982.0,1112.15002,0.0,,,11.3,0.0,9.59,,,0.0,,
2025-11-19 11:43:11+00:00,2025-11-19 11:43:11,,,,,,,,,,17.6812496,0.0,982.0,1112.15002,0.0,,,11.3,0.0,9.59,,,0.0,,
2025-11-19 11:43:12+00:00,2025-11-19 11:43:12,,,,,,,,,,17.6812496,0.0,982.0,1110.6875,0.0,,,11.3,0.0,9.59,,,0.0,,
2025-11-19 11:43:13+00:00,2025-11-19 11:43:13,,,,,,,,,,17.6812496,0.0,981.0,1111.66248,0.0,,,11.3,0.0,9.59,,,0.0,,
2025-11-19 11:43:14+00:00,2025-11-19 11:43:14,,,,,,,,,,17.6812496,0.0,981.0,1111.66248,0.0,,,11.3,0.0,9.59,,,0.0,,
2025-11-19 11:43:15+00:00,2025-11-19 11:43:15,20.0,20.0,20.0,20.0,20.0,,2.0,FALLBACK,Fallback Hz 사용: 20.0Hz (essential_range_violation),17.6812496,0.0,981.0,1111.01245,0.0,,,11.3,0.0,9.59,,,0.0,,
2025-11-19 11:43:16+00:00,2025-11-19 11:43:16,,,,,,,,,,17.6812496,0.0,981.0,1111.01245,0.0,,,11.3,0.0,9.59,,,0.0,,
2025-11-19 11:43:17+00:00,2025-11-19 11:43:17,,,,,,,,,,17.6812496,0.0,981.0,1110.44373,0.0,,,11.3,0.0,9.59,,,0.0,,
2025-11-19 11:43:18+00:00,2025-11-19 11:43:18,,,,,,,,,,17.6812496,0.0,981.0,1110.44373,0.0,,,11.3,0.0,9.59,,,0.0,,
2025-11-19 11:43:19+00:00,2025-11-19 11:43:19,,,,,,,,,,17.6812496,0.0,982.0,1111.74377,0.0,,,11.3,0.0,9.59,,,0.0,,
2025-11-19 11:43:20+00:00,2025-11-19 11:43:20,20.0,20.0,20.0,20.0,20.0,,2.0,FALLBACK,Fallback Hz 사용: 20.0Hz (essential_range_violation),17.6812496,0.0,982.0,1111.74377,0.0,,,11.3,0.0,9.59,,,0.0,,
2025-11-19 11:43:21+00:00,2025-11-19 11:43:21,,,,,,,,,,17.6812496,0.0,982.0,1111.5,0.0,,,11.3,0.0,9.59,,,0.0,,
2025-11-19 11:43:22+00:00,2025-11-19 11:43:22,,,,,,,,,,17.6812496,0.0,981.0,1111.4187,0.0,,,11.3,0.0,9.59,,,0.0,,
2025-11-19 11:43:23+00:00,2025-11-19 11:43:23,,,,,,,,,,17.6812496,0.0,981.0,1111.4187,0.0,,,11.3,0.0,9.59,,,0.0,,
2025-11-19 11:43:24+00:00,2025-11-19 11:43:24,,,,,,,,,,17.6812496,0.0,981.0,1109.875,0.0,,,11.3,0.0,9.59,,,0.0,,
2025-11-19 11:43:25+00:00,2025-11-19 11:43:25,20.0,20.0,20.0,20.0,20.0,,2.0,FALLBACK,Fallback Hz 사용: 20.0Hz (essential_range_violation),17.6812496,0.0,981.0,1109.875,0.0,,,11.3,0.0,9.59,,,0.0,,
2025-11-19 11:43:26+00:00,2025-11-19 11:43:26,,,,,,,,,,17.6812496,0.0,982.0,1107.76245,0.0,,,11.3,0.0,9.59,,,0.0,,
2025-11-19 11:43:27+00:00,2025-11-19 11:43:27,,,,,,,,,,17.6812496,0.0,982.0,1107.76245,0.0,,,11.3,0.0,9.59,,,0.0,,
2025-11-19 11:43:28+00:00,2025-11-19 11:43:28,,,,,,,,,,17.6812496,0.0,982.0,1107.5188,0.0,,,11.3,0.0,9.59,,,0.0,,
2025-11-19 11:43:29+00:00,2025-11-19 11:43:29,,,,,,,,,,17.6812496,0.0,982.0,1107.5188,0.0,,,11.3,0.0,9.59,,,0.0,,
2025-11-19 11:43:30+00:00,2025-11-19 11:43:30,20.0,20.0,20.0,20.0,20.0,,2.0,FALLBACK,Fallback Hz 사용: 20.0Hz (essential_range_violation),17.6812496,0.0,981.0,1105.8938,0.0,,,11.3,0.0,9.59,,,0.0,,
2025-11-19 11:43:31+00:00,2025-11-19 11:43:31,,,,,,,,,,17.6812496,0.0,981.0,1105.8938,0.0,,,11.3,0.0,9.59,,,0.0,,
2025-11-19 11:43:32+00:00,2025-11-19 11:43:32,,,,,,,,,,17.6812496,0.0,981.0,1104.51245,0.0,,,11.3,0.0,9.59,,,0.0,,
2025-11-19 11:43:33+00:00,2025-11-19 11:43:33,,,,,,,,,,17.6812496,0.0,980.0,1104.59375,0.0,,,11.3,0.0,9.59,,,0.0,,
2025-11-19 11:43:34+00:00,2025-11-19 11:43:34,,,,,,,,,,17.6812496,0.0,980.0,1104.59375,0.0,,,11.3,0.0,9.59,,,0.0,,
2025-11-19 11:43:35+00:00,2025-11-19 11:43:35,20.0,20.0,20.0,20.0,20.0,,2.0,FALLBACK,Fallback Hz 사용: 20.0Hz (essential_range_violation),17.6812496,0.0,982.0,1104.59375,0.0,,,11.3,0.0,9.59,,,0.0,,
2025-11-19 11:43:36+00:00,2025-11-19 11:43:36,,,,,,,,,,17.6812496,0.0,982.0,1104.67505,0.0,,,11.3,0.0,9.59,,,0.0,,
2025-11-19 11:43:37+00:00,2025-11-19 11:43:37,,,,,,,,,,17.6812496,0.0,982.0,1104.67505,0.0,,,11.3,0.0,9.59,,,0.0,,
2025-11-19 11:43:38+00:00,2025-11-19 11:43:38,,,,,,,,,,17.6812496,0.0,982.0,1104.59375,0.0,,,11.3,0.0,9.59,,,0.0,,
2025-11-19 11:43:39+00:00,2025-11-19 11:43:39,,,,,,,,,,17.6812496,0.0,982.0,1105.0813,0.0,,,11.3,0.0,9.59,,,0.0,,
2025-11-19 11:43:40+00:00,2025-11-19 11:43:40,20.0,20.0,20.0,20.0,20.0,,2.0,FALLBACK,Fallback Hz 사용: 20.0Hz (essential_range_violation),17.6812496,0.0,982.0,1105.0813,0.0,,,11.3,0.0,9.59,,,0.0,,
2025-11-19 11:43:41+00:00,2025-11-19 11:43:41,,,,,,,,,,17.6812496,0.0,982.0,1103.375,0.0,,,11.3,0.0,9.59,,,0.0,,
2025-11-19 11:43:42+00:00,2025-11-19 11:43:42,,,,,,,,,,17.6812496,0.0,982.0,1103.375,0.0,,,11.3,0.0,9.59,,,0.0,,
2025-11-19 11:43:43+00:00,2025-11-19 11:43:43,,,,,,,,,,17.6812496,0.0,981.0,1102.40002,0.0,,,11.3,0.0,9.59,,,0.0,,
2025-11-19 11:43:44+00:00,2025-11-19 11:43:44,,,,,,,,,,17.6812496,0.0,982.0,1100.9375,0.0,,,11.3,0.0,9.59,,,0.0,,
2025-11-19 11:43:45+00:00,2025-11-19 11:43:45,20.0,20.0,20.0,20.0,20.0,,2.0,FALLBACK,Fallback Hz 사용: 20.0Hz (essential_range_violation),17.6812496,0.0,982.0,1100.9375,0.0,,,11.3,0.0,9.59,,,0.0,,
2025-11-19 11:43:46+00:00,2025-11-19 11:43:46,,,,,,,,,,17.6812496,0.0,981.0,1101.42505,0.0,,,11.3,0.0,9.59,,,0.0,,
2025-11-19 11:43:47+00:00,2025-11-19 11:43:47,,,,,,,,,,17.6812496,0.0,981.0,1101.42505,0.0,,,11.3,0.0,9.59,,,0.0,,
2025-11-19 11:43:48+00:00,2025-11-19 11:43:48,,,,,,,,,,17.6812496,0.0,981.0,1101.42505,0.0,,,11.3,0.0,9.59,,,0.0,,
2025-11-19 11:43:49+00:00,2025-11-19 11:43:49,,,,,,,,,,17.6812496,0.0,982.0,1099.63745,0.0,,,11.3,0.0,9.59,,,0.0,,
2025-11-19 11:43:50+00:00,2025-11-19 11:43:50,20.0,20.0,20.0,20.0,20.0,,2.0,FALLBACK,Fallback Hz 사용: 20.0Hz (essential_range_violation),17.6812496,0.0,982.0,1099.63745,0.0,,,11.3,0.0,9.59,,,0.0,,
2025-11-19 11:43:51+00:00,2025-11-19 11:43:51,,,,,,,,,,17.6812496,0.0,982.0,1099.63745,0.0,,,11.3,0.0,9.59,,,0.0,,
2025-11-19 11:43:52+00:00,2025-11-19 11:43:52,,,,,,,,,,17.6812496,0.0,981.0,1099.96252,0.0,,,11.3,0.0,9.59,,,0.0,,
2025-11-19 11:43:53+00:00,2025-11-19 11:43:53,,,,,,,,,,17.6812496,0.0,981.0,1099.96252,0.0,,,11.3,0.0,9.59,,,0.0,,
2025-11-19 11:43:54+00:00,2025-11-19 11:43:54,,,,,,,,,,17.6812496,0.0,982.0,1098.5,0.0,,,11.3,0.0,9.59,,,0.0,,
2025-11-19 11:43:55+00:00,2025-11-19 11:43:55,20.0,20.0,20.0,20.0,20.0,,2.0,FALLBACK,Fallback Hz 사용: 20.0Hz (essential_range_violation),17.6812496,0.0,981.0,1098.5,0.0,,,11.3,0.0,9.59,,,0.0,,
2025-11-19 11:43:56+00:00,2025-11-19 11:43:56,,,,,,,,,,17.6812496,0.0,981.0,1097.84998,0.0,,,11.3,0.0,9.59,,,0.0,,
2025-11-19 11:43:57+00:00,2025-11-19 11:43:57,,,,,,,,,,17.6812496,0.0,981.0,1097.84998,0.0,,,11.3,0.0,9.59,,,0.0,,
2025-11-19 11:43:58+00:00,2025-11-19 11:43:58,,,,,,,,,,17.6812496,0.0,980.0,1097.84998,0.0,,,11.3,0.0,9.59,,,0.0,,
2025-11-19 11:43:59+00:00,2025-11-19 11:43:59,,,,,,,,,,17.6812496,0.0,980.0,1097.84998,0.0,,,11.3,0.0,9.59,,,0.0,,
2025-11-19 11:44:00+00:00,2025-11-19 11:44:00,20.0,20.0,20.0,20.0,20.0,,2.0,FALLBACK,Fallback Hz 사용: 20.0Hz (essential_range_violation),17.6812496,0.0,979.0,1097.11877,0.0,,,11.3,0.0,9.59,,,0.0,,
2025-11-19 11:44:01+00:00,2025-11-19 11:44:01,,,,,,,,,,17.6812496,0.0,979.0,1095.9812,0.0,,,11.3,0.0,9.59,,,0.0,,
2025-11-19 11:44:02+00:00,2025-11-19 11:44:02,,,,,,,,,,17.6812496,0.0,979.0,1095.73755,0.0,,,11.3,0.0,9.59,,,0.0,,
2025-11-19 11:44:03+00:00,2025-11-19 11:44:03,,,,,,,,,,17.6812496,0.0,979.0,1095.73755,0.0,,,11.3,0.0,9.59,,,0.0,,
2025-11-19 11:44:04+00:00,2025-11-19 11:44:04,,,,,,,,,,17.6812496,0.0,979.0,1094.76245,0.0,,,11.3,0.0,9.59,,,0.0,,
2025-11-19 11:44:05+00:00,2025-11-19 11:44:05,20.0,20.0,20.0,20.0,20.0,,2.0,FALLBACK,Fallback Hz 사용: 20.0Hz (essential_range_violation),17.6812496,0.0,979.0,1094.76245,0.0,,,11.3,0.0,9.59,,,0.0,,
2025-11-19 11:44:06+00:00,2025-11-19 11:44:06,,,,,,,,,,17.6812496,0.0,980.0,1093.625,0.0,,,11.3,0.0,9.59,,,0.0,,
2025-11-19 11:44:07+00:00,2025-11-19 11:44:07,,,,,,,,,,17.6812496,0.0,980.0,1093.625,0.0,,,11.3,0.0,9.59,,,0.0,,
2025-11-19 11:44:08+00:00,2025-11-19 11:44:08,,,,,,,,,,17.6812496,0.0,980.0,1093.05627,0.0,,,11.3,0.0,9.59,,,0.0,,
2025-11-19 11:44:09+00:00,2025-11-19 11:44:09,,,,,,,,,,17.6812496,0.0,980.0,1093.05627,0.0,,,11.3,0.0,9.59,,,0.0,,
2025-11-19 11:44:10+00:00,2025-11-19 11:44:10,20.0,20.0,20.0,20.0,20.0,,2.0,FALLBACK,Fallback Hz 사용: 20.0Hz (essential_range_violation),17.6812496,0.0,980.0,1091.9187,0.0,,,11.3,0.0,9.59,,,0.0,,
2025-11-19 11:44:11+00:00,2025-11-19 11:44:11,,,,,,,,,,17.6812496,0.0,980.0,1091.9187,0.0,,,11.3,0.0,9.59,,,0.0,,
2025-11-19 11:44:12+00:00,2025-11-19 11:44:12,,,,,,,,,,17.6812496,0.0,980.0,1091.83752,0.0,,,11.3,0.0,9.59,,,0.0,,
2025-11-19 11:44:13+00:00,2025-11-19 11:44:13,,,,,,,,,,17.6812496,0.0,980.0,1091.83752,0.0,,,11.3,0.0,9.59,,,0.0,,
2025-11-19 11:44:14+00:00,2025-11-19 11:44:14,,,,,,,,,,17.6812496,0.0,978.0,1091.2688,0.0,,,11.3,0.0,9.59,,,0.0,,
2025-11-19 11:44:15+00:00,2025-11-19 11:44:15,20.0,20.0,20.0,20.0,20.0,,2.0,FALLBACK,Fallback Hz 사용: 20.0Hz (essential_range_violation),17.6812496,0.0,978.0,1091.2688,0.0,,,11.3,0.0,9.59,,,0.0,,
2025-11-19 11:44:16+00:00,2025-11-19 11:44:16,,,,,,,,,,17.6812496,0.0,978.0,1090.05005,0.0,,,11.3,0.0,9.59,,,0.0,,
2025-11-19 11:44:17+00:00,2025-11-19 11:44:17,,,,,,,,,,17.6812496,0.0,978.0,1090.05005,0.0,,,11.3,0.0,9.59,,,0.0,,
2025-11-19 11:44:18+00:00,2025-11-19 11:44:18,,,,,,,,,,17.6812496,0.0,979.0,1088.18127,0.0,,,11.3,0.0,9.59,,,0.0,,
2025-11-19 11:44:19+00:00,2025-11-19 11:44:19,,,,,,,,,,17.6812496,0.0,979.0,1088.18127,0.0,,,11.3,0.0,9.59,,,0.0,,
2025-11-19 11:44:20+00:00,2025-11-19 11:44:20,20.0,20.0,20.0,20.0,20.0,,2.0,FALLBACK,Fallback Hz 사용: 20.0Hz (essential_range_violation),17.6812496,0.0,976.0,1088.18127,0.0,,,11.3,0.0,9.59,,,0.0,,
2025-11-19 11:44:21+00:00,2025-11-19 11:44:21,,,,,,,,,,17.6812496,0.0,977.0,1088.42505,0.0,,,11.3,0.0,9.59,,,0.0,,
2025-11-19 11:44:22+00:00,2025-11-19 11:44:22,,,,,,,,,,17.6812496,0.0,977.0,1088.42505,0.0,,,11.3,0.0,9.59,,,0.0,,
2025-11-19 11:44:23+00:00,2025-11-19 11:44:23,,,,,,,,,,17.6812496,0.0,976.0,1086.63745,0.0,,,11.3,0.0,9.59,,,0.0,,
2025-11-19 11:44:24+00:00,2025-11-19 11:44:24,,,,,,,,,,17.6812496,0.0,976.0,1086.63745,0.0,,,11.3,0.0,9.59,,,0.0,,
2025-11-19 11:44:25+00:00,2025-11-19 11:44:25,20.0,20.0,20.0,20.0,20.0,,2.0,FALLBACK,Fallback Hz 사용: 20.0Hz (essential_range_violation),17.6812496,0.0,976.0,1084.6875,0.0,,,11.3,0.0,9.59,,,0.0,,
2025-11-19 11:44:26+00:00,2025-11-19 11:44:26,,,,,,,,,,17.6812496,0.0,976.0,1084.6875,0.0,,,11.3,0.0,9.59,,,0.0,,
2025-11-19 11:44:27+00:00,2025-11-19 11:44:27,,,,,,,,,,17.6812496,0.0,977.0,1084.84998,0.0,,,11.3,0.0,9.59,,,0.0,,
2025-11-19 11:44:28+00:00,2025-11-19 11:44:28,,,,,,,,,,17.6812496,0.0,977.0,1084.84998,0.0,,,11.3,0.0,9.59,,,0.0,,
2025-11-19 11:44:29+00:00,2025-11-19 11:44:29,,,,,,,,,,17.6812496,0.0,976.0,1085.82495,0.0,,,11.3,0.0,9.59,,,0.0,,
2025-11-19 11:44:30+00:00,2025-11-19 11:44:30,20.0,20.0,20.0,20.0,20.0,,2.0,FALLBACK,Fallback Hz 사용: 20.0Hz (essential_range_violation),17.6812496,0.0,976.0,1085.82495,0.0,,,11.3,0.0,9.59,,,0.0,,
2025-11-19 11:44:31+00:00,2025-11-19 11:44:31,,,,,,,,,,17.6812496,0.0,976.0,1083.55005,0.0,,,11.3,0.0,9.59,,,0.0,,
2025-11-19 11:44:32+00:00,2025-11-19 11:44:32,,,,,,,,,,17.6812496,0.0,977.0,1083.1438,0.0,,,11.3,0.0,9.59,,,0.0,,
2025-11-19 11:44:33+00:00,2025-11-19 11:44:33,,,,,,,,,,17.6812496,0.0,977.0,1083.1438,0.0,,,11.3,0.0,9.59,,,0.0,,
2025-11-19 11:44:34+00:00,2025-11-19 11:44:34,,,,,,,,,,17.6812496,0.0,977.0,1083.1438,0.0,,,11.3,0.0,9.59,,,0.0,,
2025-11-19 11:44:35+00:00,2025-11-19 11:44:35,20.0,20.0,20.0,20.0,20.0,,2.0,FALLBACK,Fallback Hz 사용: 20.0Hz (essential_range_violation),17.6812496,0.0,977.0,1079.8125,0.0,,,11.3,0.0,9.59,,,0.0,,
2025-11-19 11:44:36+00:00,2025-11-19 11:44:36,,,,,,,,,,17.6812496,0.0,977.0,1079.56873,0.0,,,11.3,0.0,9.59,,,0.0,,
2025-11-19 11:44:38+00:00,2025-11-19 11:44:38,,,,,,,,,,17.6812496,0.0,977.0,1079.56873,0.0,,,11.3,0.0,9.59,,,0.0,,
2025-11-19 11:44:39+00:00,2025-11-19 11:44:39,,,,,,,,,,17.6812496,0.0,979.0,1078.34998,0.0,,,11.3,0.0,9.59,,,0.0,,
2025-11-19 11:44:40+00:00,2025-11-19 11:44:40,20.0,20.0,20.0,20.0,20.0,,2.0,FALLBACK,Fallback Hz 사용: 20.0Hz (essential_range_violation),17.6812496,0.0,979.0,1078.34998,0.0,,,11.3,0.0,9.59,,,0.0,,
2025-11-19 11:44:41+00:00,2025-11-19 11:44:41,,,,,,,,,,17.6812496,0.0,978.0,1079.16248,0.0,,,11.3,0.0,9.59,,,0.0,,
2025-11-19 11:44:42+00:00,2025-11-19 11:44:42,,,,,,,,,,17.6812496,0.0,978.0,1079.16248,0.0,,,11.3,0.0,9.59,,,0.0,,
2025-11-19 11:44:43+00:00,2025-11-19 11:44:43,,,,,,,,,,17.6812496,0.0,980.0,1077.94373,0.0,,,11.3,0.0,9.59,,,0.0,,
2025-11-19 11:44:44+00:00,2025-11-19 11:44:44,,,,,,,,,,17.6812496,0.0,979.0,1078.1062,0.0,,,11.3,0.0,9.59,,,0.0,,
2025-11-19 11:44:45+00:00,2025-11-19 11:44:45,20.0,20.0,20.0,20.0,20.0,,2.0,FALLBACK,Fallback Hz 사용: 20.0Hz (essential_range_violation),17.6812496,0.0,979.0,1078.34998,0.0,,,11.3,0.0,9.59,,,0.0,,
2025-11-19 11:44:46+00:00,2025-11-19 11:44:46,,,,,,,,,,17.6812496,0.0,979.0,1078.34998,0.0,,,11.3,0.0,9.59,,,0.0,,
2025-11-19 11:44:47+00:00,2025-11-19 11:44:47,,,,,,,,,,17.6812496,0.0,980.0,1078.34998,0.0,,,11.3,0.0,9.59,,,0.0,,
2025-11-19 11:44:48+00:00,2025-11-19 11:44:48,,,,,,,,,,17.6812496,0.0,980.0,1078.2688,0.0,,,11.3,0.0,9.59,,,0.0,,
2025-11-19 11:44:49+00:00,2025-11-19 11:44:49,,,,,,,,,,17.6812496,0.0,980.0,1076.31873,0.0,,,11.3,0.0,9.59,,,0.0,,
2025-11-19 11:44:50+00:00,2025-11-19 11:44:50,20.0,20.0,20.0,20.0,20.0,,2.0,FALLBACK,Fallback Hz 사용: 20.0Hz (essential_range_violation),17.6812496,0.0,980.0,1076.40002,0.0,,,11.3,0.0,9.59,,,0.0,,
2025-11-19 11:44:51+00:00,2025-11-19 11:44:51,,,,,,,,,,17.6812496,0.0,980.0,1076.40002,0.0,,,11.3,0.0,9.59,,,0.0,,
2025-11-19 11:44:52+00:00,2025-11-19 11:44:52,,,,,,,,,,17.6812496,0.0,979.0,1077.4563,0.0,,,11.3,0.0,9.59,,,0.0,,
2025-11-19 11:44:53+00:00,2025-11-19 11:44:53,,,,,,,,,,17.6812496,0.0,980.0,1075.8313,0.0,,,11.3,0.0,9.59,,,0.0,,
2025-11-19 11:44:54+00:00,2025-11-19 11:44:54,,,,,,,,,,17.6812496,0.0,980.0,1075.42505,0.0,,,11.3,0.0,9.59,,,0.0,,
2025-11-19 11:44:55+00:00,2025-11-19 11:44:55,20.0,20.0,20.0,20.0,20.0,,2.0,FALLBACK,Fallback Hz 사용: 20.0Hz (essential_range_violation),17.6812496,0.0,980.0,1075.42505,0.0,,,11.3,0.0,9.59,,,0.0,,
2025-11-19 11:44:56+00:00,2025-11-19 11:44:56,,,,,,,,,,17.6812496,0.0,980.0,1075.42505,0.0,,,11.3,0.0,9.59,,,0.0,,
2025-11-19 11:44:57+00:00,2025-11-19 11:44:57,,,,,,,,,,17.6812496,0.0,979.0,1074.9375,0.0,,,11.3,0.0,9.59,,,0.0,,
2025-11-19 11:44:58+00:00,2025-11-19 11:44:58,,,,,,,,,,17.6812496,0.0,979.0,1074.9375,0.0,,,11.3,0.0,9.59,,,0.0,,
2025-11-19 11:44:59+00:00,2025-11-19 11:44:59,,,,,,,,,,17.6812496,0.0,979.0,1075.58752,0.0,,,11.3,0.0,9.59,,,0.0,,
2025-11-19 11:45:00+00:00,2025-11-19 11:45:00,20.0,20.0,20.0,20.0,20.0,,2.0,FALLBACK,Fallback Hz 사용: 20.0Hz (essential_range_violation),17.6812496,0.0,979.0,1075.58752,0.0,,,11.3,0.0,9.59,,,0.0,,
2025-11-19 11:45:01+00:00,2025-11-19 11:45:01,,,,,,,,,,17.6812496,0.0,979.0,1075.58752,0.0,,,11.3,0.0,9.59,,,0.0,,
2025-11-19 11:45:02+00:00,2025-11-19 11:45:02,,,,,,,,,,17.6812496,0.0,979.0,1075.58752,0.0,,,11.3,0.0,9.59,,,0.0,,
2025-11-19 11:45:03+00:00,2025-11-19 11:45:03,,,,,,,,,,17.6812496,0.0,981.0,1074.69373,0.0,,,11.3,0.0,9.59,,,0.0,,
2025-11-19 11:45:04+00:00,2025-11-19 11:45:04,,,,,,,,,,17.6812496,0.0,981.0,1074.69373,0.0,,,11.3,0.0,9.59,,,0.0,,
2025-11-19 11:45:05+00:00,2025-11-19 11:45:05,20.0,20.0,20.0,20.0,20.0,,2.0,FALLBACK,Fallback Hz 사용: 20.0Hz (essential_range_violation),17.6812496,0.0,982.0,1075.0188,0.0,,,11.3,0.0,9.59,,,0.0,,
2025-11-19 11:45:06+00:00,2025-11-19 11:45:06,,,,,,,,,,17.6812496,0.0,982.0,1075.0188,0.0,,,11.3,0.0,9.59,,,0.0,,
2025-11-19 11:45:07+00:00,2025-11-19 11:45:07,,,,,,,,,,17.6812496,0.0,982.0,1075.42505,0.0,,,11.3,0.0,9.59,,,0.0,,
2025-11-19 11:45:08+00:00,2025-11-19 11:45:08,,,,,,,,,,17.6812496,0.0,981.0,1074.77502,0.0,,,11.3,0.0,9.59,,,0.0,,
2025-11-19 11:45:09+00:00,2025-11-19 11:45:09,,,,,,,,,,17.6812496,0.0,982.0,1075.0188,0.0,,,11.3,0.0,9.59,,,0.0,,
2025-11-19 11:45:10+00:00,2025-11-19 11:45:10,20.0,20.0,20.0,20.0,20.0,,2.0,FALLBACK,Fallback Hz 사용: 20.0Hz (essential_range_violation),17.6812496,0.0,982.0,1075.0188,0.0,,,11.3,0.0,9.59,,,0.0,,
2025-11-19 11:45:11+00:00,2025-11-19 11:45:11,,,,,,,,,,17.6812496,0.0,981.0,1075.91248,0.0,,,11.3,0.0,9.59,,,0.0,,
2025-11-19 11:45:12+00:00,2025-11-19 11:45:12,,,,,,,,,,17.6812496,0.0,981.0,1075.91248,0.0,,,11.3,0.0,9.59,,,0.0,,
2025-11-19 11:45:13+00:00,2025-11-19 11:45:13,,,,,,,,,,17.6812496,0.0,982.0,1075.18127,0.0,,,11.3,0.0,9.59,,,0.0,,
2025-11-19 11:45:14+00:00,2025-11-19 11:45:14,,,,,,,,,,17.6812496,0.0,982.0,1075.18127,0.0,,,11.3,0.0,9.59,,,0.0,,
2025-11-19 11:45:15+00:00,2025-11-19 11:45:15,20.0,20.0,20.0,20.0,20.0,,2.0,FALLBACK,Fallback Hz 사용: 20.0Hz (essential_range_violation),17.6812496,0.0,982.0,1075.26245,0.0,,,11.3,0.0,9.59,,,0.0,,
2025-11-19 11:45:16+00:00,2025-11-19 11:45:16,,,,,,,,,,17.6812496,0.0,981.0,1074.9375,0.0,,,11.3,0.0,9.59,,,0.0,,
2025-11-19 11:45:17+00:00,2025-11-19 11:45:17,,,,,,,,,,17.6812496,0.0,981.0,1074.9375,0.0,,,11.3,0.0,9.59,,,0.0,,
2025-11-19 11:45:18+00:00,2025-11-19 11:45:18,,,,,,,,,,17.6812496,0.0,983.0,1074.69373,0.0,,,11.3,0.0,9.59,,,0.0,,
2025-11-19 11:45:19+00:00,2025-11-19 11:45:19,,,,,,,,,,17.6812496,0.0,982.0,1075.91248,0.0,,,11.3,0.0,9.59,,,0.0,,
2025-11-19 11:45:20+00:00,2025-11-19 11:45:20,20.0,20.0,20.0,20.0,20.0,,2.0,FALLBACK,Fallback Hz 사용: 20.0Hz (essential_range_violation),17.6812496,0.0,982.0,1074.9375,0.0,,,11.3,0.0,9.59,,,0.0,,
2025-11-19 11:45:21+00:00,2025-11-19 11:45:21,,,,,,,,,,17.6812496,0.0,983.0,1075.99377,0.0,,,11.3,0.0,9.59,,,0.0,,
2025-11-19 11:45:22+00:00,2025-11-19 11:45:22,,,,,,,,,,17.6812496,0.0,984.0,1074.77502,0.0,,,11.3,0.0,9.59,,,0.0,,
2025-11-19 11:45:23+00:00,2025-11-19 11:45:23,,,,,,,,,,17.6812496,0.0,984.0,1074.77502,0.0,,,11.3,0.0,9.59,,,0.0,,
2025-11-19 11:45:24+00:00,2025-11-19 11:45:24,,,,,,,,,,17.6812496,0.0,984.0,1077.4563,0.0,,,11.3,0.0,9.59,,,0.0,,
2025-11-19 11:45:25+00:00,2025-11-19 11:45:25,20.0,20.0,20.0,20.0,20.0,,2.0,FALLBACK,Fallback Hz 사용: 20.0Hz (essential_range_violation),17.6812496,0.0,984.0,1077.53748,0.0,,,11.3,0.0,9.59,,,0.0,,
2025-11-19 11:45:26+00:00,2025-11-19 11:45:26,,,,,,,,,,17.6812496,0.0,984.0,1077.53748,0.0,,,11.3,0.0,9.59,,,0.0,,
2025-11-19 11:45:27+00:00,2025-11-19 11:45:27,,,,,,,,,,17.6812496,0.0,984.0,1076.6438,0.0,,,11.3,0.0,9.59,,,0.0,,
2025-11-19 11:45:28+00:00,2025-11-19 11:45:28,,,,,,,,,,17.6812496,0.0,984.0,1076.6438,0.0,,,11.3,0.0,9.59,,,0.0,,
2025-11-19 11:45:29+00:00,2025-11-19 11:45:29,,,,,,,,,,17.6812496,0.0,984.0,1078.1875,0.0,,,11.3,0.0,9.59,,,0.0,,
2025-11-19 11:45:30+00:00,2025-11-19 11:45:30,20.0,20.0,20.0,20.0,20.0,,2.0,FALLBACK,Fallback Hz 사용: 20.0Hz (essential_range_violation),17.6812496,0.0,984.0,1078.1875,0.0,,,11.3,0.0,9.59,,,0.0,,
2025-11-19 11:45:31+00:00,2025-11-19 11:45:31,,,,,,,,,,17.6812496,0.0,986.0,1078.43127,0.0,,,11.3,0.0,9.59,,,0.0,,
2025-11-19 11:45:32+00:00,2025-11-19 11:45:32,,,,,,,,,,17.6812496,0.0,986.0,1078.02502,0.0,,,11.3,0.0,9.59,,,0.0,,
2025-11-19 11:45:33+00:00,2025-11-19 11:45:33,,,,,,,,,,17.6812496,0.0,986.0,1079.24377,0.0,,,11.3,0.0,9.59,,,0.0,,
2025-11-19 11:45:34+00:00,2025-11-19 11:45:34,,,,,,,,,,17.6812496,0.0,986.0,1079.24377,0.0,,,11.3,0.0,9.59,,,0.0,,
2025-11-19 11:45:35+00:00,2025-11-19 11:45:35,20.0,20.0,20.0,20.0,20.0,,2.0,FALLBACK,Fallback Hz 사용: 20.0Hz (essential_range_violation),17.6812496,0.0,986.0,1078.1875,0.0,,,11.3,0.0,9.59,,,0.0,,
2025-11-19 11:45:36+00:00,2025-11-19 11:45:36,,,,,,,,,,17.6812496,0.0,986.0,1079.16248,0.0,,,11.3,0.0,9.59,,,0.0,,
2025-11-19 11:45:37+00:00,2025-11-19 11:45:37,,,,,,,,,,17.6812496,0.0,986.0,1079.16248,0.0,,,11.3,0.0,9.59,,,0.0,,
2025-11-19 11:45:38+00:00,2025-11-19 11:45:38,,,,,,,,,,17.6812496,0.0,988.0,1078.1062,0.0,,,11.3,0.0,9.59,,,0.0,,
2025-11-19 11:45:39+00:00,2025-11-19 11:45:39,,,,,,,,,,17.6812496,0.0,988.0,1078.1062,0.0,,,11.3,0.0,9.59,,,0.0,,
2025-11-19 11:45:40+00:00,2025-11-19 11:45:40,20.0,20.0,20.0,20.0,20.0,,2.0,FALLBACK,Fallback Hz 사용: 20.0Hz (essential_range_violation),17.6812496,0.0,987.0,1079.40625,0.0,,,11.3,0.0,9.59,,,0.0,,
2025-11-19 11:45:41+00:00,2025-11-19 11:45:41,,,,,,,,,,17.6812496,0.0,988.0,1080.625,0.0,,,11.3,0.0,9.59,,,0.0,,
2025-11-19 11:45:42+00:00,2025-11-19 11:45:42,,,,,,,,,,17.6812496,0.0,988.0,1080.625,0.0,,,11.3,0.0,9.59,,,0.0,,
2025-11-19 11:45:43+00:00,2025-11-19 11:45:43,,,,,,,,,,17.6812496,0.0,988.0,1080.78748,0.0,,,11.3,0.0,9.59,,,0.0,,
2025-11-19 11:45:44+00:00,2025-11-19 11:45:44,,,,,,,,,,17.6812496,0.0,988.0,1080.78748,0.0,,,11.3,0.0,9.59,,,0.0,,
2025-11-19 11:45:45+00:00,2025-11-19 11:45:45,20.0,20.0,20.0,20.0,20.0,,2.0,FALLBACK,Fallback Hz 사용: 20.0Hz (essential_range_violation),17.6812496,0.0,987.0,1080.78748,0.0,,,11.3,0.0,9.59,,,0.0,,
2025-11-19 11:45:46+00:00,2025-11-19 11:45:46,,,,,,,,,,17.6812496,0.0,987.0,1081.27502,0.0,,,11.3,0.0,9.59,,,0.0,,
2025-11-19 11:45:47+00:00,2025-11-19 11:45:47,,,,,,,,,,17.6812496,0.0,987.0,1081.27502,0.0,,,11.3,0.0,9.59,,,0.0,,
2025-11-19 11:45:48+00:00,2025-11-19 11:45:48,,,,,,,,,,17.6812496,0.0,988.0,1082.25,0.0,,,11.3,0.0,9.59,,,0.0,,
2025-11-19 11:45:49+00:00,2025-11-19 11:45:49,,,,,,,,,,17.6812496,0.0,988.0,1082.25,0.0,,,11.3,0.0,9.59,,,0.0,,
2025-11-19 11:45:50+00:00,2025-11-19 11:45:50,20.0,20.0,20.0,20.0,20.0,,2.0,FALLBACK,Fallback Hz 사용: 20.0Hz (essential_range_violation),17.6812496,0.0,988.0,1083.1438,0.0,,,11.3,0.0,9.59,,,0.0,,
2025-11-19 11:45:51+00:00,2025-11-19 11:45:51,,,,,,,,,,17.6812496,0.0,988.0,1083.22498,0.0,,,11.3,0.0,9.59,,,0.0,,
2025-11-19 11:45:52+00:00,2025-11-19 11:45:52,,,,,,,,,,17.6812496,0.0,988.0,1083.22498,0.0,,,11.3,0.0,9.59,,,0.0,,
2025-11-19 11:45:53+00:00,2025-11-19 11:45:53,,,,,,,,,,17.6812496,0.0,987.0,1085.82495,0.0,,,11.3,0.0,9.59,,,0.0,,
2025-11-19 11:45:54+00:00,2025-11-19 11:45:54,,,,,,,,,,17.6812496,0.0,987.0,1085.82495,0.0,,,11.3,0.0,9.59,,,0.0,,
2025-11-19 11:45:55+00:00,2025-11-19 11:45:55,20.0,20.0,20.0,20.0,20.0,,2.0,FALLBACK,Fallback Hz 사용: 20.0Hz (essential_range_violation),17.6812496,0.0,988.0,1085.82495,0.0,,,11.3,0.0,9.59,,,0.0,,
2025-11-19 11:45:56+00:00,2025-11-19 11:45:56,,,,,,,,,,17.6812496,0.0,988.0,1085.82495,0.0,,,11.3,0.0,9.59,,,0.0,,
2025-11-19 11:45:57+00:00,2025-11-19 11:45:57,,,,,,,,,,17.6812496,0.0,988.0,1085.66248,0.0,,,11.3,0.0,9.59,,,0.0,,
2025-11-19 11:45:58+00:00,2025-11-19 11:45:58,,,,,,,,,,17.6812496,0.0,987.0,1085.17505,0.0,,,11.3,0.0,9.59,,,0.0,,
2025-11-19 11:45:59+00:00,2025-11-19 11:45:59,,,,,,,,,,17.6812496,0.0,988.0,1084.84998,0.0,,,11.3,0.0,9.59,,,0.0,,
2025-11-19 11:46:00+00:00,2025-11-19 11:46:00,20.0,20.0,20.0,20.0,20.0,,2.0,FALLBACK,Fallback Hz 사용: 20.0Hz (essential_range_violation),17.6812496,0.0,988.0,1084.84998,0.0,,,11.3,0.0,9.59,,,0.0,,
2025-11-19 11:46:01+00:00,2025-11-19 11:46:01,,,,,,,,,,17.6812496,0.0,989.0,1085.5,0.0,,,11.3,0.0,9.59,,,0.0,,
2025-11-19 11:46:02+00:00,2025-11-19 11:46:02,,,,,,,,,,17.6812496,0.0,989.0,1085.5,0.0,,,11.3,0.0,9.59,,,0.0,,
2025-11-19 11:46:03+00:00,2025-11-19 11:46:03,,,,,,,,,,17.6812496,0.0,990.0,1085.5,0.0,,,11.3,0.0,9.59,,,0.0,,
2025-11-19 11:46:04+00:00,2025-11-19 11:46:04,,,,,,,,,,17.6812496,0.0,990.0,1085.5,0.0,,,11.3,0.0,9.59,,,0.0,,
2025-11-19 11:46:05+00:00,2025-11-19 11:46:05,20.0,20.0,20.0,20.0,20.0,,2.0,FALLBACK,Fallback Hz 사용: 20.0Hz (essential_range_violation),17.6812496,0.0,988.0,1085.74377,0.0,,,11.3,0.0,9.59,,,0.0,,
2025-11-19 11:46:06+00:00,2025-11-19 11:46:06,,,,,,,,,,17.6812496,0.0,990.0,1085.33752,0.0,,,11.3,0.0,9.59,,,0.0,,
2025-11-19 11:46:07+00:00,2025-11-19 11:46:07,,,,,,,,,,17.6812496,0.0,990.0,1085.33752,0.0,,,11.3,0.0,9.59,,,0.0,,
2025-11-19 11:46:08+00:00,2025-11-19 11:46:08,,,,,,,,,,17.6812496,0.0,990.0,1086.3125,0.0,,,11.3,0.0,9.59,,,0.0,,
2025-11-19 11:46:09+00:00,2025-11-19 11:46:09,,,,,,,,,,17.6812496,0.0,990.0,1086.3125,0.0,,,11.3,0.0,9.59,,,0.0,,
2025-11-19 11:46:10+00:00,2025-11-19 11:46:10,20.0,20.0,20.0,20.0,20.0,,2.0,FALLBACK,Fallback Hz 사용: 20.0Hz (essential_range_violation),17.6812496,0.0,990.0,1087.44995,0.0,,,11.3,0.0,9.59,,,0.0,,
2025-11-19 11:46:11+00:00,2025-11-19 11:46:11,,,,,,,,,,17.6812496,0.0,991.0,1087.44995,0.0,,,11.3,0.0,9.59,,,0.0,,
2025-11-19 11:46:12+00:00,2025-11-19 11:46:12,,,,,,,,,,17.6812496,0.0,991.0,1086.3125,0.0,,,11.3,0.0,9.59,,,0.0,,
2025-11-19 11:46:13+00:00,2025-11-19 11:46:13,,,,,,,,,,17.6812496,0.0,990.0,1089.07495,0.0,,,11.3,0.0,9.59,,,0.0,,
2025-11-19 11:46:14+00:00,2025-11-19 11:46:14,,,,,,,,,,17.6812496,0.0,990.0,1088.58752,0.0,,,11.3,0.0,9.59,,,0.0,,
2025-11-19 11:46:15+00:00,2025-11-19 11:46:15,20.0,20.0,20.0,20.0,20.0,,2.0,FALLBACK,Fallback Hz 사용: 20.0Hz (essential_range_violation),17.6812496,0.0,990.0,1088.58752,0.0,,,11.3,0.0,9.59,,,0.0,,
2025-11-19 11:46:16+00:00,2025-11-19 11:46:16,,,,,,,,,,17.6812496,0.0,991.0,1088.99377,0.0,,,11.3,0.0,9.59,,,0.0,,
2025-11-19 11:46:17+00:00,2025-11-19 11:46:17,,,,,,,,,,17.6812496,0.0,991.0,1088.99377,0.0,,,11.3,0.0,9.59,,,0.0,,
2025-11-19 11:46:18+00:00,2025-11-19 11:46:18,,,,,,,,,,17.6812496,0.0,991.0,1088.91248,0.0,,,11.3,0.0,9.59,,,0.0,,
2025-11-19 11:46:19+00:00,2025-11-19 11:46:19,,,,,,,,,,17.6812496,0.0,992.0,1089.07495,0.0,,,11.3,0.0,9.59,,,0.0,,
2025-11-19 11:46:20+00:00,2025-11-19 11:46:20,20.0,20.0,20.0,20.0,20.0,,2.0,FALLBACK,Fallback Hz 사용: 20.0Hz (essential_range_violation),,,,,,,,,,,,,,,
2025-11-19 11:46:21+00:00,2025-11-19 11:46:21,,,,,,,,,,17.6812496,0.0,992.0,1089.07495,0.0,,,11.3,0.0,9.59,,,0.0,,
2025-11-19 11:46:22+00:00,2025-11-19 11:46:22,,,,,,,,,,17.6812496,0.0,993.0,1088.18127,0.0,,,11.3,0.0,9.59,,,0.0,,
2025-11-19 11:46:23+00:00,2025-11-19 11:46:23,,,,,,,,,,17.6812496,0.0,993.0,1088.18127,0.0,,,11.3,0.0,9.59,,,0.0,,
2025-11-19 11:46:24+00:00,2025-11-19 11:46:24,,,,,,,,,,17.6812496,0.0,992.0,1088.34375,0.0,,,11.3,0.0,9.59,,,0.0,,
2025-11-19 11:46:25+00:00,2025-11-19 11:46:25,20.0,20.0,20.0,20.0,20.0,,2.0,FALLBACK,Fallback Hz 사용: 20.0Hz (essential_range_violation),17.6812496,0.0,992.0,1088.34375,0.0,,,11.3,0.0,9.59,,,0.0,,
2025-11-19 11:46:26+00:00,2025-11-19 11:46:26,,,,,,,,,,17.6812496,0.0,992.0,1087.9375,0.0,,,11.3,0.0,9.59,,,0.0,,
2025-11-19 11:46:27+00:00,2025-11-19 11:46:27,,,,,,,,,,17.6812496,0.0,992.0,1087.9375,0.0,,,11.3,0.0,9.59,,,0.0,,
2025-11-19 11:46:28+00:00,2025-11-19 11:46:28,,,,,,,,,,17.6812496,0.0,995.0,1089.15625,0.0,,,11.3,0.0,9.59,,,0.0,,
2025-11-19 11:46:29+00:00,2025-11-19 11:46:29,,,,,,,,,,17.6812496,0.0,994.0,1089.4812,0.0,,,11.3,0.0,9.59,,,0.0,,
2025-11-19 11:46:30+00:00,2025-11-19 11:46:30,20.0,20.0,20.0,20.0,20.0,,2.0,FALLBACK,Fallback Hz 사용: 20.0Hz (essential_range_violation),17.6812496,0.0,995.0,1090.375,0.0,,,11.3,0.0,9.59,,,0.0,,
2025-11-19 11:46:31+00:00,2025-11-19 11:46:31,,,,,,,,,,17.6812496,0.0,995.0,1090.375,0.0,,,11.3,0.0,9.59,,,0.0,,
2025-11-19 11:46:32+00:00,2025-11-19 11:46:32,,,,,,,,,,17.6812496,0.0,994.0,1089.31873,0.0,,,11.3,0.0,9.59,,,0.0,,
2025-11-19 11:46:33+00:00,2025-11-19 11:46:33,,,,,,,,,,17.6812496,0.0,994.0,1089.31873,0.0,,,11.3,0.0,9.59,,,0.0,,
2025-11-19 11:46:34+00:00,2025-11-19 11:46:34,,,,,,,,,,17.6812496,0.0,995.0,1089.96875,0.0,,,11.3,0.0,9.59,,,0.0,,
2025-11-19 11:46:35+00:00,2025-11-19 11:46:35,20.0,20.0,20.0,20.0,20.0,,2.0,FALLBACK,Fallback Hz 사용: 20.0Hz (essential_range_violation),17.6812496,0.0,995.0,1089.96875,0.0,,,11.3,0.0,9.59,,,0.0,,
2025-11-19 11:46:36+00:00,2025-11-19 11:46:36,,,,,,,,,,17.6812496,0.0,993.0,1089.6438,0.0,,,11.3,0.0,9.59,,,0.0,,
2025-11-19 11:46:37+00:00,2025-11-19 11:46:37,,,,,,,,,,17.6812496,0.0,993.0,1089.6438,0.0,,,11.3,0.0,9.59,,,0.0,,
2025-11-19 11:46:38+00:00,2025-11-19 11:46:38,,,,,,,,,,17.6812496,0.0,993.0,1089.6438,0.0,,,11.3,0.0,9.59,,,0.0,,
2025-11-19 11:46:39+00:00,2025-11-19 11:46:39,,,,,,,,,,17.6812496,0.0,994.0,1090.4563,0.0,,,11.3,0.0,9.59,,,0.0,,
2025-11-19 11:46:40+00:00,2025-11-19 11:46:40,20.0,20.0,20.0,20.0,20.0,,2.0,FALLBACK,Fallback Hz 사용: 20.0Hz (essential_range_violation),17.6812496,0.0,994.0,1090.4563,0.0,,,11.3,0.0,9.59,,,0.0,,
2025-11-19 11:46:41+00:00,2025-11-19 11:46:41,,,,,,,,,,17.6812496,0.0,993.0,1091.43127,0.0,,,11.3,0.0,9.59,,,0.0,,
2025-11-19 11:46:42+00:00,2025-11-19 11:46:42,,,,,,,,,,17.6812496,0.0,994.0,1091.34998,0.0,,,11.3,0.0,9.59,,,0.0,,
2025-11-19 11:46:43+00:00,2025-11-19 11:46:43,,,,,,,,,,17.6812496,0.0,994.0,1091.34998,0.0,,,11.3,0.0,9.59,,,0.0,,
2025-11-19 11:46:44+00:00,2025-11-19 11:46:44,,,,,,,,,,17.6812496,0.0,995.0,1092.24377,0.0,,,11.3,0.0,9.59,,,0.0,,
2025-11-19 11:46:45+00:00,2025-11-19 11:46:45,20.0,20.0,20.0,20.0,20.0,,2.0,FALLBACK,Fallback Hz 사용: 20.0Hz (essential_range_violation),17.6812496,0.0,995.0,1092.24377,0.0,,,11.3,0.0,9.59,,,0.0,,
2025-11-19 11:46:46+00:00,2025-11-19 11:46:46,,,,,,,,,,17.6812496,0.0,994.0,1092.24377,0.0,,,11.3,0.0,9.59,,,0.0,,
2025-11-19 11:46:47+00:00,2025-11-19 11:46:47,,,,,,,,,,17.6812496,0.0,994.0,1092.24377,0.0,,,11.3,0.0,9.59,,,0.0,,
2025-11-19 11:46:48+00:00,2025-11-19 11:46:48,,,,,,,,,,17.6812496,0.0,994.0,1091.67505,0.0,,,11.3,0.0,9.59,,,0.0,,
2025-11-19 11:46:49+00:00,2025-11-19 11:46:49,,,,,,,,,,17.6812496,0.0,994.0,1091.67505,0.0,,,11.3,0.0,9.59,,,0.0,,
2025-11-19 11:46:50+00:00,2025-11-19 11:46:50,20.0,20.0,20.0,20.0,20.0,,2.0,FALLBACK,Fallback Hz 사용: 20.0Hz (essential_range_violation),17.6812496,0.0,994.0,1091.9187,0.0,,,11.3,0.0,9.59,,,0.0,,
2025-11-19 11:46:51+00:00,2025-11-19 11:46:51,,,,,,,,,,17.6812496,0.0,994.0,1091.75623,0.0,,,11.3,0.0,9.59,,,0.0,,
2025-11-19 11:46:52+00:00,2025-11-19 11:46:52,,,,,,,,,,17.6812496,0.0,994.0,1091.75623,0.0,,,11.3,0.0,9.59,,,0.0,,
2025-11-19 11:46:53+00:00,2025-11-19 11:46:53,,,,,,,,,,17.6812496,0.0,995.0,1091.2688,0.0,,,11.3,0.0,9.59,,,0.0,,
2025-11-19 11:46:54+00:00,2025-11-19 11:46:54,,,,,,,,,,17.6812496,0.0,995.0,1091.2688,0.0,,,11.3,0.0,9.59,,,0.0,,
2025-11-19 11:46:55+00:00,2025-11-19 11:46:55,20.0,20.0,20.0,20.0,20.0,,2.0,FALLBACK,Fallback Hz 사용: 20.0Hz (essential_range_violation),17.6812496,0.0,995.0,1091.1062,0.0,,,11.3,0.0,9.59,,,0.0,,
2025-11-19 11:46:56+00:00,2025-11-19 11:46:56,,,,,,,,,,17.6812496,0.0,996.0,1091.43127,0.0,,,11.3,0.0,9.59,,,0.0,,
2025-11-19 11:46:57+00:00,2025-11-19 11:46:57,,,,,,,,,,17.6812496,0.0,996.0,1091.1062,0.0,,,11.3,0.0,9.59,,,0.0,,
2025-11-19 11:46:58+00:00,2025-11-19 11:46:58,,,,,,,,,,17.6812496,0.0,996.0,1091.02502,0.0,,,11.3,0.0,9.59,,,0.0,,
2025-11-19 11:46:59+00:00,2025-11-19 11:46:59,,,,,,,,,,17.6812496,0.0,996.0,1091.02502,0.0,,,11.3,0.0,9.59,,,0.0,,
2025-11-19 11:47:00+00:00,2025-11-19 11:47:00,20.0,20.0,20.0,20.0,20.0,,2.0,FALLBACK,Fallback Hz 사용: 20.0Hz (essential_range_violation),17.6812496,0.0,996.0,1092.0813,0.0,,,11.3,0.0,9.59,,,0.0,,
2025-11-19 11:47:01+00:00,2025-11-19 11:47:01,,,,,,,,,,17.6812496,0.0,995.0,1091.34998,0.0,,,,,,,,0.0,,
2025-11-19 11:47:02+00:00,2025-11-19 11:47:02,,,,,,,,,,17.6812496,0.0,996.0,1091.1062,0.0,,,11.3,0.0,9.59,,,0.0,,
2025-11-19 11:47:03+00:00,2025-11-19 11:47:03,,,,,,,,,,17.6812496,0.0,997.0,1091.2688,0.0,,,11.3,0.0,9.59,,,0.0,,
2025-11-19 11:47:04+00:00,2025-11-19 11:47:04,,,,,,,,,,17.6812496,0.0,996.0,1091.67505,0.0,,,11.3,0.0,9.59,,,0.0,,
2025-11-19 11:47:05+00:00,2025-11-19 11:47:05,20.0,20.0,20.0,20.0,20.0,,2.0,FALLBACK,Fallback Hz 사용: 20.0Hz (essential_range_violation),17.6812496,0.0,996.0,1091.67505,0.0,,,11.3,0.0,9.59,,,0.0,,
2025-11-19 11:47:06+00:00,2025-11-19 11:47:06,,,,,,,,,,17.6812496,0.0,995.0,1091.59375,0.0,,,11.3,0.0,9.59,,,0.0,,
2025-11-19 11:47:07+00:00,2025-11-19 11:47:07,,,,,,,,,,17.6812496,0.0,996.0,1092.0813,0.0,,,11.3,0.0,9.59,,,0.0,,
2025-11-19 11:47:08+00:00,2025-11-19 11:47:08,,,,,,,,,,17.6812496,0.0,995.0,1091.02502,0.0,,,11.3,0.0,9.59,,,0.0,,
2025-11-19 11:47:09+00:00,2025-11-19 11:47:09,,,,,,,,,,17.6812496,0.0,995.0,1091.02502,0.0,,,11.3,0.0,9.59,,,0.0,,
2025-11-19 11:47:10+00:00,2025-11-19 11:47:10,20.0,20.0,20.0,20.0,20.0,,2.0,FALLBACK,Fallback Hz 사용: 20.0Hz (essential_range_violation),17.6812496,0.0,996.0,1089.31873,0.0,,,11.3,0.0,9.59,,,0.0,,
2025-11-19 11:47:11+00:00,2025-11-19 11:47:11,,,,,,,,,,17.6812496,0.0,997.0,1090.53748,0.0,,,11.3,0.0,9.59,,,0.0,,
2025-11-19 11:47:12+00:00,2025-11-19 11:47:12,,,,,,,,,,17.6812496,0.0,997.0,1090.53748,0.0,,,11.3,0.0,9.59,,,0.0,,
2025-11-19 11:47:13+00:00,2025-11-19 11:47:13,,,,,,,,,,17.6812496,0.0,996.0,1090.53748,0.0,,,11.3,0.0,9.59,,,0.0,,
2025-11-19 11:47:14+00:00,2025-11-19 11:47:14,,,,,,,,,,17.6812496,0.0,995.0,1089.5625,0.0,,,11.3,0.0,9.59,,,0.0,,
2025-11-19 11:47:15+00:00,2025-11-19 11:47:15,20.0,20.0,20.0,20.0,20.0,,2.0,FALLBACK,Fallback Hz 사용: 20.0Hz (essential_range_violation),17.6812496,0.0,995.0,1089.5625,0.0,,,11.3,0.0,9.59,,,0.0,,
2025-11-19 11:47:16+00:00,2025-11-19 11:47:16,,,,,,,,,,17.6812496,0.0,996.0,1089.5625,0.0,,,11.3,0.0,9.59,,,0.0,,
2025-11-19 11:47:17+00:00,2025-11-19 11:47:17,,,,,,,,,,17.6812496,0.0,996.0,1090.13123,0.0,,,11.3,0.0,9.59,,,0.0,,
2025-11-19 11:47:18+00:00,2025-11-19 11:47:18,,,,,,,,,,17.6812496,0.0,996.0,1090.53748,0.0,,,11.3,0.0,9.59,,,0.0,,
2025-11-19 11:47:19+00:00,2025-11-19 11:47:19,,,,,,,,,,17.6812496,0.0,995.0,1090.53748,0.0,,,11.3,0.0,9.59,,,0.0,,
2025-11-19 11:47:20+00:00,2025-11-19 11:47:20,20.0,20.0,20.0,20.0,20.0,,2.0,FALLBACK,Fallback Hz 사용: 20.0Hz (essential_range_violation),17.6812496,0.0,997.0,1089.96875,0.0,,,11.3,0.0,9.59,,,0.0,,
2025-11-19 11:47:21+00:00,2025-11-19 11:47:21,,,,,,,,,,17.6812496,0.0,997.0,1089.96875,0.0,,,11.3,0.0,9.59,,,0.0,,
2025-11-19 11:47:22+00:00,2025-11-19 11:47:22,,,,,,,,,,17.6812496,0.0,996.0,1090.13123,0.0,,,11.3,0.0,9.59,,,0.0,,
2025-11-19 11:47:23+00:00,2025-11-19 11:47:23,,,,,,,,,,17.6812496,0.0,997.0,1089.5625,0.0,,,11.3,0.0,9.59,,,0.0,,
2025-11-19 11:47:24+00:00,2025-11-19 11:47:24,,,,,,,,,,17.6812496,0.0,997.0,1089.5625,0.0,,,11.3,0.0,9.59,,,0.0,,
2025-11-19 11:47:25+00:00,2025-11-19 11:47:25,20.0,20.0,20.0,20.0,20.0,,2.0,FALLBACK,Fallback Hz 사용: 20.0Hz (essential_range_violation),17.6812496,0.0,997.0,1090.53748,0.0,,,11.3,0.0,9.59,,,0.0,,
2025-11-19 11:47:26+00:00,2025-11-19 11:47:26,,,,,,,,,,17.6812496,0.0,995.0,1089.31873,0.0,,,11.3,0.0,9.59,,,0.0,,
2025-11-19 11:47:27+00:00,2025-11-19 11:47:27,,,,,,,,,,17.6812496,0.0,995.0,1089.31873,0.0,,,11.3,0.0,9.59,,,0.0,,
2025-11-19 11:47:28+00:00,2025-11-19 11:47:28,,,,,,,,,,17.6812496,0.0,995.0,1089.72498,0.0,,,11.3,0.0,9.59,,,0.0,,
2025-11-19 11:47:29+00:00,2025-11-19 11:47:29,,,,,,,,,,17.6812496,0.0,995.0,1089.72498,0.0,,,11.3,0.0,9.59,,,0.0,,
2025-11-19 11:47:30+00:00,2025-11-19 11:47:30,20.0,20.0,20.0,20.0,20.0,,2.0,FALLBACK,Fallback Hz 사용: 20.0Hz (essential_range_violation),17.6812496,0.0,995.0,1087.9375,0.0,,,11.3,0.0,9.59,,,0.0,,
2025-11-19 11:47:31+00:00,2025-11-19 11:47:31,,,,,,,,,,17.6812496,0.0,995.0,1087.9375,0.0,,,11.3,0.0,9.59,,,0.0,,
2025-11-19 11:47:32+00:00,2025-11-19 11:47:32,,,,,,,,,,17.6812496,0.0,995.0,1088.8313,0.0,,,11.3,0.0,9.59,,,0.0,,
2025-11-19 11:47:33+00:00,2025-11-19 11:47:33,,,,,,,,,,17.6812496,0.0,995.0,1088.8313,0.0,,,11.3,0.0,9.59,,,0.0,,
2025-11-19 11:47:34+00:00,2025-11-19 11:47:34,,,,,,,,,,17.6812496,0.0,995.0,1087.8562,0.0,,,11.3,0.0,9.59,,,0.0,,
2025-11-19 11:47:35+00:00,2025-11-19 11:47:35,20.0,20.0,20.0,20.0,20.0,,2.0,FALLBACK,Fallback Hz 사용: 20.0Hz (essential_range_violation),17.6812496,0.0,995.0,1088.99377,0.0,,,11.3,0.0,9.59,,,0.0,,
2025-11-19 11:47:36+00:00,2025-11-19 11:47:36,,,,,,,,,,17.6812496,0.0,995.0,1088.99377,0.0,,,11.3,0.0,9.59,,,0.0,,
2025-11-19 11:47:37+00:00,2025-11-19 11:47:37,,,,,,,,,,17.6812496,0.0,995.0,1087.9375,0.0,,,11.3,0.0,9.59,,,0.0,,
2025-11-19 11:47:38+00:00,2025-11-19 11:47:38,,,,,,,,,,17.6812496,0.0,993.0,1087.9375,0.0,,,11.3,0.0,9.59,,,0.0,,
2025-11-19 11:47:39+00:00,2025-11-19 11:47:39,,,,,,,,,,17.6812496,0.0,994.0,1088.42505,0.0,,,11.3,0.0,9.59,,,0.0,,
2025-11-19 11:47:40+00:00,2025-11-19 11:47:40,20.0,20.0,20.0,20.0,20.0,,2.0,FALLBACK,Fallback Hz 사용: 20.0Hz (essential_range_violation),17.6812496,0.0,994.0,1088.42505,0.0,,,11.3,0.0,9.59,,,0.0,,
2025-11-19 11:47:41+00:00,2025-11-19 11:47:41,,,,,,,,,,17.6812496,0.0,994.0,1088.0188,0.0,,,11.3,0.0,9.59,,,0.0,,
2025-11-19 11:47:42+00:00,2025-11-19 11:47:42,,,,,,,,,,17.6812496,0.0,994.0,1088.58752,0.0,,,11.3,0.0,9.59,,,0.0,,
2025-11-19 11:47:43+00:00,2025-11-19 11:47:43,,,,,,,,,,17.6812496,0.0,994.0,1088.58752,0.0,,,11.3,0.0,9.59,,,0.0,,
2025-11-19 11:47:44+00:00,2025-11-19 11:47:44,,,,,,,,,,17.6812496,0.0,994.0,1088.58752,0.0,,,11.3,0.0,9.59,,,0.0,,
2025-11-19 11:47:45+00:00,2025-11-19 11:47:45,20.0,20.0,20.0,20.0,20.0,,2.0,FALLBACK,Fallback Hz 사용: 20.0Hz (essential_range_violation),17.6812496,0.0,994.0,1087.69373,0.0,,,11.3,0.0,9.59,,,0.0,,
2025-11-19 11:47:46+00:00,2025-11-19 11:47:46,,,,,,,,,,17.6812496,0.0,995.0,1088.91248,0.0,,,11.3,0.0,9.59,,,0.0,,
2025-11-19 11:47:47+00:00,2025-11-19 11:47:47,,,,,,,,,,17.6812496,0.0,994.0,1088.50623,0.0,,,11.3,0.0,9.59,,,0.0,,
2025-11-19 11:47:48+00:00,2025-11-19 11:47:48,,,,,,,,,,17.6812496,0.0,994.0,1088.50623,0.0,,,11.3,0.0,9.59,,,0.0,,
2025-11-19 11:47:49+00:00,2025-11-19 11:47:49,,,,,,,,,,17.6812496,0.0,993.0,1087.9375,0.0,,,11.3,0.0,9.59,,,0.0,,
2025-11-19 11:47:50+00:00,2025-11-19 11:47:50,20.0,20.0,20.0,20.0,20.0,,2.0,FALLBACK,Fallback Hz 사용: 20.0Hz (essential_range_violation),17.6812496,0.0,994.0,1088.50623,0.0,,,11.3,0.0,9.59,,,0.0,,
2025-11-19 11:47:51+00:00,2025-11-19 11:47:51,,,,,,,,,,17.6812496,0.0,995.0,1087.77502,0.0,,,11.3,0.0,9.59,,,0.0,,
2025-11-19 11:47:52+00:00,2025-11-19 11:47:52,,,,,,,,,,17.6812496,0.0,995.0,1087.77502,0.0,,,11.3,0.0,9.59,,,0.0,,
2025-11-19 11:47:53+00:00,2025-11-19 11:47:53,,,,,,,,,,17.6812496,0.0,994.0,1088.50623,0.0,,,11.3,0.0,9.59,,,0.0,,
2025-11-19 11:47:54+00:00,2025-11-19 11:47:54,,,,,,,,,,17.6812496,0.0,995.0,1087.9375,0.0,,,11.3,0.0,9.59,,,0.0,,
2025-11-19 11:47:55+00:00,2025-11-19 11:47:55,20.0,20.0,20.0,20.0,20.0,,2.0,FALLBACK,Fallback Hz 사용: 20.0Hz (essential_range_violation),17.6812496,0.0,995.0,1087.9375,0.0,,,11.3,0.0,9.59,,,0.0,,
2025-11-19 11:47:56+00:00,2025-11-19 11:47:56,,,,,,,,,,17.6812496,0.0,994.0,1087.125,0.0,,,11.3,0.0,9.59,,,0.0,,
2025-11-19 11:47:57+00:00,2025-11-19 11:47:57,,,,,,,,,,17.6812496,0.0,994.0,1087.36877,0.0,,,11.3,0.0,9.59,,,0.0,,
2025-11-19 11:47:58+00:00,2025-11-19 11:47:58,,,,,,,,,,17.6812496,0.0,995.0,1086.96252,0.0,,,11.3,0.0,9.59,,,0.0,,
2025-11-19 11:47:59+00:00,2025-11-19 11:47:59,,,,,,,,,,17.6812496,0.0,995.0,1086.96252,0.0,,,11.3,0.0,9.59,,,0.0,,
2025-11-19 11:48:00+00:00,2025-11-19 11:48:00,20.0,20.0,20.0,20.0,20.0,,2.0,FALLBACK,Fallback Hz 사용: 20.0Hz (essential_range_violation),17.6812496,0.0,993.0,1086.06873,0.0,,,11.3,0.0,9.59,,,0.0,,
2025-11-19 11:48:01+00:00,2025-11-19 11:48:01,,,,,,,,,,17.6812496,0.0,993.0,1086.06873,0.0,,,11.3,0.0,9.59,,,0.0,,
2025-11-19 11:48:02+00:00,2025-11-19 11:48:02,,,,,,,,,,17.6812496,0.0,994.0,1086.88123,0.0,,,11.3,0.0,9.59,,,0.0,,
2025-11-19 11:48:04+00:00,2025-11-19 11:48:04,,,,,,,,,,17.6812496,0.0,994.0,1086.88123,0.0,,,11.3,0.0,9.59,,,0.0,,
2025-11-19 11:48:05+00:00,2025-11-19 11:48:05,20.0,20.0,20.0,20.0,20.0,,2.0,FALLBACK,Fallback Hz 사용: 20.0Hz (essential_range_violation),17.6812496,0.0,994.0,1085.25623,0.0,,,11.3,0.0,9.59,,,0.0,,
2025-11-19 11:48:06+00:00,2025-11-19 11:48:06,,,,,,,,,,17.6812496,0.0,994.0,1085.5813,0.0,,,11.3,0.0,9.59,,,0.0,,
2025-11-19 11:48:07+00:00,2025-11-19 11:48:07,,,,,,,,,,17.6812496,0.0,995.0,1085.66248,0.0,,,11.3,0.0,9.59,,,0.0,,
2025-11-19 11:48:08+00:00,2025-11-19 11:48:08,,,,,,,,,,17.6812496,0.0,995.0,1085.66248,0.0,,,11.3,0.0,9.59,,,0.0,,
2025-11-19 11:48:09+00:00,2025-11-19 11:48:09,,,,,,,,,,17.6812496,0.0,995.0,1084.7688,0.0,,,11.3,0.0,9.59,,,0.0,,
2025-11-19 11:48:10+00:00,2025-11-19 11:48:10,20.0,20.0,20.0,20.0,20.0,,2.0,FALLBACK,Fallback Hz 사용: 20.0Hz (essential_range_violation),17.6812496,0.0,995.0,1084.7688,0.0,,,11.3,0.0,9.59,,,0.0,,
2025-11-19 11:48:11+00:00,2025-11-19 11:48:11,,,,,,,,,,17.6812496,0.0,995.0,1085.4187,0.0,,,11.3,0.0,9.59,,,0.0,,
2025-11-19 11:48:12+00:00,2025-11-19 11:48:12,,,,,,,,,,17.6812496,0.0,993.0,1084.84998,0.0,,,11.3,0.0,9.59,,,0.0,,
2025-11-19 11:48:13+00:00,2025-11-19 11:48:13,,,,,,,,,,17.6812496,0.0,994.0,1085.25623,0.0,,,11.3,0.0,9.59,,,0.0,,
2025-11-19 11:48:14+00:00,2025-11-19 11:48:14,,,,,,,,,,17.6812496,0.0,994.0,1085.66248,0.0,,,11.3,0.0,9.59,,,0.0,,
2025-11-19 11:48:15+00:00,2025-11-19 11:48:15,20.0,20.0,20.0,20.0,20.0,,2.0,FALLBACK,Fallback Hz 사용: 20.0Hz (essential_range_violation),17.6812496,0.0,994.0,1085.66248,0.0,,,11.3,0.0,9.59,,,0.0,,
2025-11-19 11:48:16+00:00,2025-11-19 11:48:16,,,,,,,,,,17.6812496,0.0,995.0,1084.84998,0.0,,,11.3,0.0,9.59,,,0.0,,
2025-11-19 11:48:17+00:00,2025-11-19 11:48:17,,,,,,,,,,17.6812496,0.0,995.0,1084.84998,0.0,,,11.3,0.0,9.59,,,0.0,,
2025-11-19 11:48:18+00:00,2025-11-19 11:48:18,,,,,,,,,,17.6812496,0.0,993.0,1085.01245,0.0,,,11.3,0.0,9.59,,,0.0,,
2025-11-19 11:48:19+00:00,2025-11-19 11:48:19,,,,,,,,,,17.6812496,0.0,993.0,1085.01245,0.0,,,11.3,0.0,9.59,,,0.0,,
2025-11-19 11:48:20+00:00,2025-11-19 11:48:20,20.0,20.0,20.0,20.0,20.0,,2.0,FALLBACK,Fallback Hz 사용: 20.0Hz (essential_range_violation),17.6812496,0.0,994.0,1085.5,0.0,,,11.3,0.0,9.59,,,0.0,,
2025-11-19 11:48:21+00:00,2025-11-19 11:48:21,,,,,,,,,,17.6812496,0.0,995.0,1084.84998,0.0,,,11.3,0.0,9.59,,,0.0,,
2025-11-19 11:48:22+00:00,2025-11-19 11:48:22,,,,,,,,,,17.6812496,0.0,995.0,1084.84998,0.0,,,11.3,0.0,9.59,,,0.0,,
2025-11-19 11:48:23+00:00,2025-11-19 11:48:23,,,,,,,,,,17.6812496,0.0,992.0,1084.93127,0.0,,,11.3,0.0,9.59,,,0.0,,
2025-11-19 11:48:24+00:00,2025-11-19 11:48:24,,,,,,,,,,17.6812496,0.0,991.0,1084.6875,0.0,,,11.3,0.0,9.59,,,0.0,,
2025-11-19 11:48:25+00:00,2025-11-19 11:48:25,20.0,20.0,20.0,20.0,20.0,,2.0,FALLBACK,Fallback Hz 사용: 20.0Hz (essential_range_violation),17.6812496,0.0,992.0,1084.84998,0.0,,,11.3,0.0,9.59,,,0.0,,
2025-11-19 11:48:26+00:00,2025-11-19 11:48:26,,,,,,,,,,17.6812496,0.0,992.0,1085.09375,0.0,,,11.3,0.0,9.59,,,0.0,,
2025-11-19 11:48:27+00:00,2025-11-19 11:48:27,,,,,,,,,,17.6812496,0.0,992.0,1085.09375,0.0,,,11.3,0.0,9.59,,,0.0,,
2025-11-19 11:48:28+00:00,2025-11-19 11:48:28,,,,,,,,,,17.6812496,0.0,993.0,1085.09375,0.0,,,11.3,0.0,9.59,,,0.0,,
2025-11-19 11:48:29+00:00,2025-11-19 11:48:29,,,,,,,,,,17.6812496,0.0,993.0,1085.09375,0.0,,,11.3,0.0,9.59,,,0.0,,
2025-11-19 11:48:30+00:00,2025-11-19 11:48:30,20.0,20.0,20.0,20.0,20.0,,2.0,FALLBACK,Fallback Hz 사용: 20.0Hz (essential_range_violation),17.6812496,0.0,993.0,1084.03748,0.0,,,11.3,0.0,9.59,,,0.0,,
2025-11-19 11:48:31+00:00,2025-11-19 11:48:31,,,,,,,,,,17.6812496,0.0,993.0,1084.03748,0.0,,,11.3,0.0,9.59,,,0.0,,
2025-11-19 11:48:32+00:00,2025-11-19 11:48:32,,,,,,,,,,17.6812496,0.0,993.0,1082.3313,0.0,,,11.3,0.0,9.59,,,0.0,,
2025-11-19 11:48:33+00:00,2025-11-19 11:48:33,,,,,,,,,,17.6812496,0.0,993.0,1082.1687,0.0,,,11.3,0.0,9.59,,,0.0,,
2025-11-19 11:48:34+00:00,2025-11-19 11:48:34,,,,,,,,,,17.6812496,0.0,993.0,1082.1687,0.0,,,11.3,0.0,9.59,,,0.0,,
2025-11-19 11:48:35+00:00,2025-11-19 11:48:35,20.0,20.0,20.0,20.0,20.0,,2.0,FALLBACK,Fallback Hz 사용: 20.0Hz (essential_range_violation),17.6812496,0.0,993.0,1082.3313,0.0,,,11.3,0.0,9.59,,,0.0,,
2025-11-19 11:48:36+00:00,2025-11-19 11:48:36,,,,,,,,,,17.6812496,0.0,993.0,1082.3313,0.0,,,11.3,0.0,9.59,,,0.0,,
2025-11-19 11:48:37+00:00,2025-11-19 11:48:37,,,,,,,,,,17.6812496,0.0,990.0,1080.46252,0.0,,,11.3,0.0,9.59,,,0.0,,
2025-11-19 11:48:38+00:00,2025-11-19 11:48:38,,,,,,,,,,17.6812496,0.0,990.0,1080.46252,0.0,,,11.3,0.0,9.59,,,0.0,,
2025-11-19 11:48:39+00:00,2025-11-19 11:48:39,,,,,,,,,,17.6812496,0.0,990.0,1079.8938,0.0,,,11.3,0.0,9.59,,,0.0,,
2025-11-19 11:48:40+00:00,2025-11-19 11:48:40,20.0,20.0,20.0,20.0,20.0,,2.0,FALLBACK,Fallback Hz 사용: 20.0Hz (essential_range_violation),17.6812496,0.0,991.0,1079.8125,0.0,,,11.3,0.0,9.59,,,0.0,,
2025-11-19 11:48:41+00:00,2025-11-19 11:48:41,,,,,,,,,,17.6812496,0.0,991.0,1078.83752,0.0,,,11.3,0.0,9.59,,,0.0,,
2025-11-19 11:48:42+00:00,2025-11-19 11:48:42,,,,,,,,,,17.6812496,0.0,991.0,1078.83752,0.0,,,11.3,0.0,9.59,,,0.0,,
2025-11-19 11:48:43+00:00,2025-11-19 11:48:43,,,,,,,,,,17.6812496,0.0,990.0,1078.1875,0.0,,,11.3,0.0,9.59,,,0.0,,
2025-11-19 11:48:44+00:00,2025-11-19 11:48:44,,,,,,,,,,,,,,,,,11.3,0.0,9.59,,,,,
2025-11-19 11:48:45+00:00,2025-11-19 11:48:45,20.0,20.0,20.0,20.0,20.0,,2.0,FALLBACK,Fallback Hz 사용: 20.0Hz (essential_range_violation),17.6812496,0.0,991.0,1078.43127,0.0,,,11.3,0.0,9.59,,,0.0,,
2025-11-19 11:48:46+00:00,2025-11-19 11:48:46,,,,,,,,,,17.6812496,0.0,991.0,1078.43127,0.0,,,11.3,0.0,9.59,,,0.0,,
2025-11-19 11:48:47+00:00,2025-11-19 11:48:47,,,,,,,,,,17.6812496,0.0,991.0,1078.1875,0.0,,,11.3,0.0,9.59,,,0.0,,
2025-11-19 11:48:48+00:00,2025-11-19 11:48:48,,,,,,,,,,17.6812496,0.0,991.0,1078.1875,0.0,,,11.3,0.0,9.59,,,0.0,,
2025-11-19 11:48:49+00:00,2025-11-19 11:48:49,,,,,,,,,,17.6812496,0.0,991.0,1079.0,0.0,,,11.3,0.0,9.59,,,0.0,,
2025-11-19 11:48:50+00:00,2025-11-19 11:48:50,20.0,20.0,20.0,20.0,20.0,,2.0,FALLBACK,Fallback Hz 사용: 20.0Hz (essential_range_violation),17.6812496,0.0,991.0,1079.0,0.0,,,11.3,0.0,9.59,,,0.0,,
2025-11-19 11:48:51+00:00,2025-11-19 11:48:51,,,,,,,,,,17.6812496,0.0,990.0,1078.1875,0.0,,,11.3,0.0,9.59,,,0.0,,
2025-11-19 11:48:52+00:00,2025-11-19 11:48:52,,,,,,,,,,17.6812496,0.0,991.0,1078.67505,0.0,,,11.3,0.0,9.59,,,0.0,,
2025-11-19 11:48:53+00:00,2025-11-19 11:48:53,,,,,,,,,,17.6812496,0.0,991.0,1077.2937,0.0,,,11.3,0.0,9.59,,,0.0,,
2025-11-19 11:48:54+00:00,2025-11-19 11:48:54,,,,,,,,,,17.6812496,0.0,991.0,1077.2937,0.0,,,11.3,0.0,9.59,,,0.0,,
2025-11-19 11:48:55+00:00,2025-11-19 11:48:55,20.0,20.0,20.0,20.0,20.0,,2.0,FALLBACK,Fallback Hz 사용: 20.0Hz (essential_range_violation),17.6812496,0.0,990.0,1076.40002,0.0,,,11.3,0.0,9.59,,,0.0,,
2025-11-19 11:48:56+00:00,2025-11-19 11:48:56,,,,,,,,,,17.6812496,0.0,990.0,1076.40002,0.0,,,11.3,0.0,9.59,,,0.0,,
2025-11-19 11:48:57+00:00,2025-11-19 11:48:57,,,,,,,,,,17.6812496,0.0,988.0,1075.42505,0.0,,,11.3,0.0,9.59,,,0.0,,
2025-11-19 11:48:58+00:00,2025-11-19 11:48:58,,,,,,,,,,17.6812496,0.0,990.0,1076.15625,0.0,,,11.3,0.0,9.59,,,0.0,,
2025-11-19 11:48:59+00:00,2025-11-19 11:48:59,,,,,,,,,,17.6812496,0.0,990.0,1076.15625,0.0,,,11.3,0.0,9.59,,,0.0,,
2025-11-19 11:49:00+00:00,2025-11-19 11:49:00,20.0,20.0,20.0,20.0,20.0,,2.0,FALLBACK,Fallback Hz 사용: 20.0Hz (essential_range_violation),17.6812496,0.0,990.0,1076.15625,0.0,,,11.3,0.0,9.59,,,0.0,,
2025-11-19 11:49:01+00:00,2025-11-19 11:49:01,,,,,,,,,,17.6812496,0.0,990.0,1076.15625,0.0,,,11.3,0.0,9.59,,,0.0,,
2025-11-19 11:49:02+00:00,2025-11-19 11:49:02,,,,,,,,,,17.6812496,0.0,988.0,1074.8562,0.0,,,11.3,0.0,9.59,,,0.0,,
2025-11-19 11:49:03+00:00,2025-11-19 11:49:03,,,,,,,,,,17.6812496,0.0,990.0,1075.91248,0.0,,,11.3,0.0,9.59,,,0.0,,
2025-11-19 11:49:04+00:00,2025-11-19 11:49:04,,,,,,,,,,17.6812496,0.0,990.0,1075.50623,0.0,,,11.3,0.0,9.59,,,0.0,,
2025-11-19 11:49:05+00:00,2025-11-19 11:49:05,20.0,20.0,20.0,20.0,20.0,,2.0,FALLBACK,Fallback Hz 사용: 20.0Hz (essential_range_violation),17.6812496,0.0,989.0,1073.96252,0.0,,,11.3,0.0,9.59,,,0.0,,
2025-11-19 11:49:06+00:00,2025-11-19 11:49:06,,,,,,,,,,17.6812496,0.0,989.0,1073.96252,0.0,,,11.3,0.0,9.59,,,0.0,,
2025-11-19 11:49:07+00:00,2025-11-19 11:49:07,,,,,,,,,,17.6812496,0.0,990.0,1073.96252,0.0,,,11.3,0.0,9.59,,,0.0,,
2025-11-19 11:49:08+00:00,2025-11-19 11:49:08,,,,,,,,,,17.6812496,0.0,990.0,1073.96252,0.0,,,11.3,0.0,9.59,,,0.0,,
2025-11-19 11:49:09+00:00,2025-11-19 11:49:09,,,,,,,,,,17.6812496,0.0,988.0,1073.06873,0.0,,,11.3,0.0,9.59,,,0.0,,
2025-11-19 11:49:10+00:00,2025-11-19 11:49:10,20.0,20.0,20.0,20.0,20.0,,2.0,FALLBACK,Fallback Hz 사용: 20.0Hz (essential_range_violation),17.6812496,0.0,988.0,1073.06873,0.0,,,11.3,0.0,9.59,,,0.0,,
2025-11-19 11:49:11+00:00,2025-11-19 11:49:11,,,,,,,,,,17.6812496,0.0,987.0,1072.33752,0.0,,,11.3,0.0,9.59,,,0.0,,
2025-11-19 11:49:12+00:00,2025-11-19 11:49:12,,,,,,,,,,17.6812496,0.0,987.0,1071.6062,0.0,,,11.3,0.0,9.59,,,0.0,,
2025-11-19 11:49:13+00:00,2025-11-19 11:49:13,,,,,,,,,,17.6812496,0.0,987.0,1071.6062,0.0,,,11.3,0.0,9.59,,,0.0,,
2025-11-19 11:49:14+00:00,2025-11-19 11:49:14,,,,,,,,,,17.6812496,0.0,988.0,1072.09375,0.0,,,11.3,0.0,9.59,,,0.0,,
2025-11-19 11:49:15+00:00,2025-11-19 11:49:15,20.0,20.0,20.0,20.0,20.0,,2.0,FALLBACK,Fallback Hz 사용: 20.0Hz (essential_range_violation),17.6812496,0.0,988.0,1072.09375,0.0,,,11.3,0.0,9.59,,,0.0,,
2025-11-19 11:49:16+00:00,2025-11-19 11:49:16,,,,,,,,,,17.6812496,0.0,988.0,1072.33752,0.0,,,11.3,0.0,9.59,,,0.0,,
2025-11-19 11:49:17+00:00,2025-11-19 11:49:17,,,,,,,,,,17.6812496,0.0,988.0,1072.33752,0.0,,,11.3,0.0,9.59,,,0.0,,
2025-11-19 11:49:18+00:00,2025-11-19 11:49:18,,,,,,,,,,17.6812496,0.0,987.0,1071.6062,0.0,,,11.3,0.0,9.59,,,0.0,,
2025-11-19 11:49:19+00:00,2025-11-19 11:49:19,,,,,,,,,,17.6812496,0.0,987.0,1071.6062,0.0,,,11.3,0.0,9.59,,,0.0,,
2025-11-19 11:49:20+00:00,2025-11-19 11:49:20,20.0,20.0,20.0,20.0,20.0,,2.0,FALLBACK,Fallback Hz 사용: 20.0Hz (essential_range_violation),17.6812496,0.0,987.0,1071.19995,0.0,,,11.3,0.0,9.59,,,0.0,,
2025-11-19 11:49:21+00:00,2025-11-19 11:49:21,,,,,,,,,,17.6812496,0.0,988.0,1071.03748,0.0,,,11.3,0.0,9.59,,,0.0,,
2025-11-19 11:49:22+00:00,2025-11-19 11:49:22,,,,,,,,,,17.6812496,0.0,988.0,1071.03748,0.0,,,11.3,0.0,9.59,,,0.0,,
2025-11-19 11:49:23+00:00,2025-11-19 11:49:23,,,,,,,,,,17.6812496,0.0,988.0,1071.03748,0.0,,,11.3,0.0,9.59,,,0.0,,
2025-11-19 11:49:24+00:00,2025-11-19 11:49:24,,,,,,,,,,17.6812496,0.0,987.0,1070.9563,0.0,,,11.3,0.0,9.59,,,0.0,,
2025-11-19 11:49:25+00:00,2025-11-19 11:49:25,20.0,20.0,20.0,20.0,20.0,,2.0,FALLBACK,Fallback Hz 사용: 20.0Hz (essential_range_violation),17.6812496,0.0,987.0,1070.9563,0.0,,,11.3,0.0,9.59,,,0.0,,
2025-11-19 11:49:26+00:00,2025-11-19 11:49:26,,,,,,,,,,17.6812496,0.0,987.0,1068.4375,0.0,,,11.3,0.0,9.59,,,0.0,,
2025-11-19 11:49:27+00:00,2025-11-19 11:49:27,,,,,,,,,,17.6812496,0.0,987.0,1069.3313,0.0,,,11.3,0.0,9.59,,,0.0,,
2025-11-19 11:49:28+00:00,2025-11-19 11:49:28,,,,,,,,,,17.6812496,0.0,987.0,1069.3313,0.0,,,11.3,0.0,9.59,,,0.0,,
2025-11-19 11:49:29+00:00,2025-11-19 11:49:29,,,,,,,,,,17.6812496,0.0,988.0,1068.03125,0.0,,,11.3,0.0,9.59,,,0.0,,
2025-11-19 11:49:30+00:00,2025-11-19 11:49:30,20.0,20.0,20.0,20.0,20.0,,2.0,FALLBACK,Fallback Hz 사용: 20.0Hz (essential_range_violation),17.6812496,0.0,988.0,1068.03125,0.0,,,11.3,0.0,9.59,,,0.0,,
2025-11-19 11:49:31+00:00,2025-11-19 11:49:31,,,,,,,,,,17.6812496,0.0,988.0,1067.30005,0.0,,,11.3,0.0,9.59,,,0.0,,
2025-11-19 11:49:32+00:00,2025-11-19 11:49:32,,,,,,,,,,17.6812496,0.0,988.0,1067.30005,0.0,,,11.3,0.0,9.59,,,0.0,,
2025-11-19 11:49:33+00:00,2025-11-19 11:49:33,,,,,,,,,,17.6812496,0.0,988.0,1065.83752,0.0,,,11.3,0.0,9.59,,,0.0,,
2025-11-19 11:49:34+00:00,2025-11-19 11:49:34,,,,,,,,,,17.6812496,0.0,988.0,1065.83752,0.0,,,11.3,0.0,9.59,,,0.0,,
2025-11-19 11:49:35+00:00,2025-11-19 11:49:35,20.0,20.0,20.0,20.0,20.0,,2.0,FALLBACK,Fallback Hz 사용: 20.0Hz (essential_range_violation),17.6812496,0.0,987.0,1066.0813,0.0,,,11.3,0.0,9.59,,,0.0,,
2025-11-19 11:49:36+00:00,2025-11-19 11:49:36,,,,,,,,,,17.6812496,0.0,987.0,1066.0813,0.0,,,11.3,0.0,9.59,,,0.0,,
2025-11-19 11:49:37+00:00,2025-11-19 11:49:37,,,,,,,,,,17.6812496,0.0,988.0,1065.9187,0.0,,,11.3,0.0,9.59,,,0.0,,
2025-11-19 11:49:38+00:00,2025-11-19 11:49:38,,,,,,,,,,17.6812496,0.0,988.0,1065.9187,0.0,,,11.3,0.0,9.59,,,0.0,,
2025-11-19 11:49:39+00:00,2025-11-19 11:49:39,,,,,,,,,,17.6812496,0.0,987.0,1065.67505,0.0,,,11.3,0.0,9.59,,,0.0,,
2025-11-19 11:49:40+00:00,2025-11-19 11:49:40,20.0,20.0,20.0,20.0,20.0,,2.0,FALLBACK,Fallback Hz 사용: 20.0Hz (essential_range_violation),17.6812496,0.0,987.0,1065.67505,0.0,,,11.3,0.0,9.59,,,0.0,,
2025-11-19 11:49:42+00:00,2025-11-19 11:49:42,,,,,,,,,,17.6812496,0.0,988.0,1065.67505,0.0,,,11.3,0.0,9.59,,,0.0,,
2025-11-19 11:49:43+00:00,2025-11-19 11:49:43,,,,,,,,,,17.6812496,0.0,988.0,1064.13123,0.0,,,11.3,0.0,9.59,,,0.0,,
2025-11-19 11:49:44+00:00,2025-11-19 11:49:44,,,,,,,,,,17.6812496,0.0,988.0,1064.13123,0.0,,,11.3,0.0,9.59,,,0.0,,
2025-11-19 11:49:45+00:00,2025-11-19 11:49:45,20.0,20.0,20.0,20.0,20.0,,2.0,FALLBACK,Fallback Hz 사용: 20.0Hz (essential_range_violation),17.6812496,0.0,988.0,1064.13123,0.0,,,11.3,0.0,9.59,,,0.0,,
2025-11-19 11:49:46+00:00,2025-11-19 11:49:46,,,,,,,,,,17.6812496,0.0,988.0,1062.42505,0.0,,,11.3,0.0,9.59,,,0.0,,
2025-11-19 11:49:47+00:00,2025-11-19 11:49:47,,,,,,,,,,17.6812496,0.0,988.0,1062.42505,0.0,,,11.3,0.0,9.59,,,0.0,,
2025-11-19 11:49:48+00:00,2025-11-19 11:49:48,,,,,,,,,,17.6812496,0.0,988.0,1062.34375,0.0,,,11.3,0.0,9.59,,,0.0,,
2025-11-19 11:49:49+00:00,2025-11-19 11:49:49,,,,,,,,,,17.6812496,0.0,988.0,1062.34375,0.0,,,11.3,0.0,9.59,,,0.0,,
2025-11-19 11:49:50+00:00,2025-11-19 11:49:50,20.0,20.0,20.0,20.0,20.0,,2.0,FALLBACK,Fallback Hz 사용: 20.0Hz (essential_range_violation),17.6812496,0.0,988.0,1061.8562,0.0,,,11.3,0.0,9.59,,,0.0,,
2025-11-19 11:49:51+00:00,2025-11-19 11:49:51,,,,,,,,,,17.6812496,0.0,987.0,1062.0188,0.0,,,11.3,0.0,9.59,,,0.0,,
2025-11-19 11:49:52+00:00,2025-11-19 11:49:52,,,,,,,,,,17.6812496,0.0,987.0,1062.0188,0.0,,,11.3,0.0,9.59,,,0.0,,
2025-11-19 11:49:53+00:00,2025-11-19 11:49:53,,,,,,,,,,17.6812496,0.0,987.0,1060.96252,0.0,,,11.3,0.0,9.59,,,0.0,,
2025-11-19 11:49:54+00:00,2025-11-19 11:49:54,,,,,,,,,,17.6812496,0.0,987.0,1060.80005,0.0,,,11.3,0.0,9.59,,,0.0,,
2025-11-19 11:49:55+00:00,2025-11-19 11:49:55,20.0,20.0,20.0,20.0,20.0,,2.0,FALLBACK,Fallback Hz 사용: 20.0Hz (essential_range_violation),17.6812496,0.0,987.0,1060.80005,0.0,,,11.3,0.0,9.59,,,0.0,,
2025-11-19 11:49:56+00:00,2025-11-19 11:49:56,,,,,,,,,,17.6812496,0.0,987.0,1059.25623,0.0,,,11.3,0.0,9.59,,,0.0,,
2025-11-19 11:49:57+00:00,2025-11-19 11:49:57,,,,,,,,,,17.6812496,0.0,988.0,1058.93127,0.0,,,11.3,0.0,9.59,,,0.0,,
2025-11-19 11:49:58+00:00,2025-11-19 11:49:58,,,,,,,,,,17.6812496,0.0,987.0,1059.4187,0.0,,,11.3,0.0,9.59,,,0.0,,
2025-11-19 11:49:59+00:00,2025-11-19 11:49:59,,,,,,,,,,17.6812496,0.0,987.0,1059.4187,0.0,,,11.3,0.0,9.59,,,0.0,,
2025-11-19 11:50:00+00:00,2025-11-19 11:50:00,20.0,20.0,20.0,20.0,20.0,,2.0,FALLBACK,Fallback Hz 사용: 20.0Hz (essential_range_violation),17.6812496,0.0,988.0,1059.25623,0.0,,,11.3,0.0,9.59,,,0.0,,
2025-11-19 11:50:01+00:00,2025-11-19 11:50:01,,,,,,,,,,17.6812496,0.0,987.0,1058.52502,0.0,,,11.3,0.0,9.59,,,0.0,,
2025-11-19 11:50:02+00:00,2025-11-19 11:50:02,,,,,,,,,,17.6812496,0.0,987.0,1058.52502,0.0,,,11.3,0.0,9.59,,,0.0,,
2025-11-19 11:50:03+00:00,2025-11-19 11:50:03,,,,,,,,,,17.6812496,0.0,987.0,1059.25623,0.0,,,11.3,0.0,9.59,,,0.0,,
2025-11-19 11:50:04+00:00,2025-11-19 11:50:04,,,,,,,,,,17.6812496,0.0,987.0,1059.25623,0.0,,,11.3,0.0,9.59,,,0.0,,
2025-11-19 11:50:05+00:00,2025-11-19 11:50:05,20.0,20.0,20.0,20.0,20.0,,2.0,FALLBACK,Fallback Hz 사용: 20.0Hz (essential_range_violation),17.6812496,0.0,986.0,1059.4187,0.0,,,11.3,0.0,9.59,,,0.0,,
2025-11-19 11:50:06+00:00,2025-11-19 11:50:06,,,,,,,,,,17.6812496,0.0,985.0,1059.66248,0.0,,,11.3,0.0,9.59,,,0.0,,
2025-11-19 11:50:07+00:00,2025-11-19 11:50:07,,,,,,,,,,17.6812496,0.0,985.0,1059.66248,0.0,,,11.3,0.0,9.59,,,0.0,,
2025-11-19 11:50:08+00:00,2025-11-19 11:50:08,,,,,,,,,,17.6812496,0.0,986.0,1058.84998,0.0,,,11.3,0.0,9.59,,,0.0,,
2025-11-19 11:50:09+00:00,2025-11-19 11:50:09,,,,,,,,,,17.6812496,0.0,987.0,1059.66248,0.0,,,11.3,0.0,9.59,,,0.0,,
2025-11-19 11:50:10+00:00,2025-11-19 11:50:10,20.0,20.0,20.0,20.0,20.0,,2.0,FALLBACK,Fallback Hz 사용: 20.0Hz (essential_range_violation),17.6812496,0.0,987.0,1059.66248,0.0,,,11.3,0.0,9.59,,,0.0,,
2025-11-19 11:50:11+00:00,2025-11-19 11:50:11,,,,,,,,,,17.6812496,0.0,986.0,1059.25623,0.0,,,11.3,0.0,9.59,,,0.0,,
2025-11-19 11:50:12+00:00,2025-11-19 11:50:12,,,,,,,,,,17.6812496,0.0,986.0,1059.25623,0.0,,,11.3,0.0,9.59,,,0.0,,
2025-11-19 11:50:13+00:00,2025-11-19 11:50:13,,,,,,,,,,17.6812496,0.0,986.0,1057.46875,0.0,,,11.3,0.0,9.59,,,0.0,,
2025-11-19 11:50:14+00:00,2025-11-19 11:50:14,,,,,,,,,,17.6812496,0.0,986.0,1057.46875,0.0,,,11.3,0.0,9.59,,,0.0,,
2025-11-19 11:50:15+00:00,2025-11-19 11:50:15,20.0,20.0,20.0,20.0,20.0,,2.0,FALLBACK,Fallback Hz 사용: 20.0Hz (essential_range_violation),17.6812496,0.0,986.0,1057.30627,0.0,,,11.3,0.0,9.59,,,0.0,,
2025-11-19 11:50:16+00:00,2025-11-19 11:50:16,,,,,,,,,,17.6812496,0.0,986.0,1057.30627,0.0,,,11.3,0.0,9.59,,,0.0,,
2025-11-19 11:50:17+00:00,2025-11-19 11:50:17,,,,,,,,,,17.6812496,0.0,986.0,1058.03748,0.0,,,11.3,0.0,9.59,,,0.0,,
2025-11-19 11:50:18+00:00,2025-11-19 11:50:18,,,,,,,,,,17.6812496,0.0,985.0,1056.81873,0.0,,,11.3,0.0,9.59,,,0.0,,
2025-11-19 11:50:19+00:00,2025-11-19 11:50:19,,,,,,,,,,17.6812496,0.0,985.0,1056.81873,0.0,,,11.3,0.0,9.59,,,0.0,,
2025-11-19 11:50:20+00:00,2025-11-19 11:50:20,20.0,20.0,20.0,20.0,20.0,,2.0,FALLBACK,Fallback Hz 사용: 20.0Hz (essential_range_violation),17.6812496,0.0,985.0,1056.9812,0.0,,,11.3,0.0,9.59,,,0.0,,
2025-11-19 11:50:21+00:00,2025-11-19 11:50:21,,,,,,,,,,17.6812496,0.0,985.0,1058.03748,0.0,,,11.3,0.0,9.59,,,0.0,,
2025-11-19 11:50:22+00:00,2025-11-19 11:50:22,,,,,,,,,,17.6812496,0.0,985.0,1057.55005,0.0,,,11.3,0.0,9.59,,,0.0,,
2025-11-19 11:50:23+00:00,2025-11-19 11:50:23,,,,,,,,,,17.6812496,0.0,985.0,1057.55005,0.0,,,11.3,0.0,9.59,,,0.0,,
2025-11-19 11:50:24+00:00,2025-11-19 11:50:24,,,,,,,,,,17.6812496,0.0,985.0,1057.9563,0.0,,,11.3,0.0,9.59,,,0.0,,
2025-11-19 11:50:25+00:00,2025-11-19 11:50:25,20.0,20.0,20.0,20.0,20.0,,2.0,FALLBACK,Fallback Hz 사용: 20.0Hz (essential_range_violation),17.6812496,0.0,986.0,1057.0625,0.0,,,11.3,0.0,9.59,,,0.0,,
2025-11-19 11:50:26+00:00,2025-11-19 11:50:26,,,,,,,,,,17.6812496,0.0,986.0,1057.0625,0.0,,,11.3,0.0,9.59,,,0.0,,
2025-11-19 11:50:27+00:00,2025-11-19 11:50:27,,,,,,,,,,17.6812496,0.0,987.0,1057.46875,0.0,,,11.3,0.0,9.59,,,0.0,,
2025-11-19 11:50:28+00:00,2025-11-19 11:50:28,,,,,,,,,,17.6812496,0.0,987.0,1057.30627,0.0,,,11.3,0.0,9.59,,,0.0,,
2025-11-19 11:50:29+00:00,2025-11-19 11:50:29,,,,,,,,,,17.6812496,0.0,987.0,1057.30627,0.0,,,11.3,0.0,9.59,,,0.0,,
2025-11-19 11:50:30+00:00,2025-11-19 11:50:30,20.0,20.0,20.0,20.0,20.0,,2.0,FALLBACK,Fallback Hz 사용: 20.0Hz (essential_range_violation),17.6812496,0.0,988.0,1056.9812,0.0,,,11.3,0.0,9.59,,,0.0,,
2025-11-19 11:50:31+00:00,2025-11-19 11:50:31,,,,,,,,,,17.6812496,0.0,988.0,1056.9812,0.0,,,11.3,0.0,9.59,,,0.0,,
2025-11-19 11:50:32+00:00,2025-11-19 11:50:32,,,,,,,,,,17.6812496,0.0,988.0,1057.875,0.0,,,11.3,0.0,9.59,,,0.0,,
2025-11-19 11:50:33+00:00,2025-11-19 11:50:33,,,,,,,,,,17.6812496,0.0,988.0,1057.55005,0.0,,,11.3,0.0,9.59,,,0.0,,
2025-11-19 11:50:34+00:00,2025-11-19 11:50:34,,,,,,,,,,17.6812496,0.0,988.0,1057.55005,0.0,,,11.3,0.0,9.59,,,0.0,,
2025-11-19 11:50:35+00:00,2025-11-19 11:50:35,20.0,20.0,20.0,20.0,20.0,,2.0,FALLBACK,Fallback Hz 사용: 20.0Hz (essential_range_violation),17.6812496,0.0,988.0,1057.875,0.0,,,11.3,0.0,9.59,,,0.0,,
2025-11-19 11:50:36+00:00,2025-11-19 11:50:36,,,,,,,,,,17.6812496,0.0,988.0,1057.63123,0.0,,,11.3,0.0,9.59,,,0.0,,
2025-11-19 11:50:37+00:00,2025-11-19 11:50:37,,,,,,,,,,17.6812496,0.0,988.0,1057.63123,0.0,,,11.3,0.0,9.59,,,0.0,,
2025-11-19 11:50:38+00:00,2025-11-19 11:50:38,,,,,,,,,,17.6812496,0.0,988.0,1057.1438,0.0,,,11.3,0.0,9.59,,,0.0,,
2025-11-19 11:50:39+00:00,2025-11-19 11:50:39,,,,,,,,,,17.6812496,0.0,988.0,1057.1438,0.0,,,11.3,0.0,9.59,,,0.0,,
2025-11-19 11:50:40+00:00,2025-11-19 11:50:40,20.0,20.0,20.0,20.0,20.0,,2.0,FALLBACK,Fallback Hz 사용: 20.0Hz (essential_range_violation),17.6812496,0.0,988.0,1056.90002,0.0,,,11.3,0.0,9.59,,,0.0,,
2025-11-19 11:50:41+00:00,2025-11-19 11:50:41,,,,,,,,,,17.6812496,0.0,987.0,1056.90002,0.0,,,11.3,0.0,9.59,,,0.0,,
2025-11-19 11:50:42+00:00,2025-11-19 11:50:42,,,,,,,,,,17.6812496,0.0,987.0,1059.01245,0.0,,,11.3,0.0,9.59,,,0.0,,
2025-11-19 11:50:43+00:00,2025-11-19 11:50:43,,,,,,,,,,17.6812496,0.0,987.0,1059.01245,0.0,,,11.3,0.0,9.59,,,0.0,,
2025-11-19 11:50:44+00:00,2025-11-19 11:50:44,,,,,,,,,,17.6812496,0.0,987.0,1059.09375,0.0,,,11.3,0.0,9.59,,,0.0,,
2025-11-19 11:50:45+00:00,2025-11-19 11:50:45,20.0,20.0,20.0,20.0,20.0,,2.0,FALLBACK,Fallback Hz 사용: 20.0Hz (essential_range_violation),17.6812496,0.0,986.0,1059.4187,0.0,,,11.3,0.0,9.59,,,0.0,,
2025-11-19 11:50:46+00:00,2025-11-19 11:50:46,,,,,,,,,,17.6812496,0.0,987.0,1059.66248,0.0,,,11.3,0.0,9.59,,,0.0,,
2025-11-19 11:50:47+00:00,2025-11-19 11:50:47,,,,,,,,,,17.6812496,0.0,987.0,1059.66248,0.0,,,11.3,0.0,9.59,,,0.0,,
2025-11-19 11:50:48+00:00,2025-11-19 11:50:48,,,,,,,,,,17.6812496,0.0,987.0,1059.5,0.0,,,11.3,0.0,9.59,,,0.0,,
2025-11-19 11:50:49+00:00,2025-11-19 11:50:49,,,,,,,,,,17.6812496,0.0,987.0,1058.6875,0.0,,,11.3,0.0,9.59,,,0.0,,
2025-11-19 11:50:50+00:00,2025-11-19 11:50:50,20.0,20.0,20.0,20.0,20.0,,2.0,FALLBACK,Fallback Hz 사용: 20.0Hz (essential_range_violation),17.6812496,0.0,987.0,1058.7688,0.0,,,11.3,0.0,9.59,,,0.0,,
2025-11-19 11:50:51+00:00,2025-11-19 11:50:51,,,,,,,,,,17.6812496,0.0,987.0,1058.7688,0.0,,,11.3,0.0,9.59,,,0.0,,
2025-11-19 11:50:52+00:00,2025-11-19 11:50:52,,,,,,,,,,17.6812496,0.0,987.0,1058.52502,0.0,,,11.3,0.0,9.59,,,0.0,,
2025-11-19 11:50:53+00:00,2025-11-19 11:50:53,,,,,,,,,,17.6812496,0.0,988.0,1059.33752,0.0,,,11.3,0.0,9.59,,,0.0,,
2025-11-19 11:50:54+00:00,2025-11-19 11:50:54,,,,,,,,,,17.6812496,0.0,988.0,1059.33752,0.0,,,11.3,0.0,9.59,,,0.0,,
2025-11-19 11:50:55+00:00,2025-11-19 11:50:55,20.0,20.0,20.0,20.0,20.0,,2.0,FALLBACK,Fallback Hz 사용: 20.0Hz (essential_range_violation),17.6812496,0.0,987.0,1058.84998,0.0,,,11.3,0.0,9.59,,,0.0,,
2025-11-19 11:50:56+00:00,2025-11-19 11:50:56,,,,,,,,,,17.6812496,0.0,987.0,1058.84998,0.0,,,11.3,0.0,9.59,,,0.0,,
2025-11-19 11:50:57+00:00,2025-11-19 11:50:57,,,,,,,,,,17.6812496,0.0,988.0,1058.52502,0.0,,,11.3,0.0,9.59,,,0.0,,
2025-11-19 11:50:58+00:00,2025-11-19 11:50:58,,,,,,,,,,17.6812496,0.0,987.0,1059.4187,0.0,,,11.3,0.0,9.59,,,0.0,,
2025-11-19 11:50:59+00:00,2025-11-19 11:50:59,,,,,,,,,,17.6812496,0.0,987.0,1059.4187,0.0,,,11.3,0.0,9.59,,,0.0,,
2025-11-19 11:51:00+00:00,2025-11-19 11:51:00,20.0,20.0,20.0,20.0,20.0,,2.0,FALLBACK,Fallback Hz 사용: 20.0Hz (essential_range_violation),17.6812496,0.0,987.0,1060.3938,0.0,,,11.3,0.0,9.59,,,0.0,,
2025-11-19 11:51:01+00:00,2025-11-19 11:51:01,,,,,,,,,,17.6812496,0.0,987.0,1060.3938,0.0,,,11.3,0.0,9.59,,,0.0,,
2025-11-19 11:51:02+00:00,2025-11-19 11:51:02,,,,,,,,,,17.6812496,0.0,990.0,1061.0437,0.0,,,11.3,0.0,9.59,,,0.0,,
2025-11-19 11:51:03+00:00,2025-11-19 11:51:03,,,,,,,,,,17.6812496,0.0,990.0,1061.0437,0.0,,,11.3,0.0,9.59,,,0.0,,
2025-11-19 11:51:04+00:00,2025-11-19 11:51:04,,,,,,,,,,17.6812496,0.0,990.0,1061.0437,0.0,,,11.3,0.0,9.59,,,0.0,,
2025-11-19 11:51:05+00:00,2025-11-19 11:51:05,20.0,20.0,20.0,20.0,20.0,,2.0,FALLBACK,Fallback Hz 사용: 20.0Hz (essential_range_violation),17.6812496,0.0,990.0,1061.0437,0.0,,,11.3,0.0,9.59,,,0.0,,
2025-11-19 11:51:06+00:00,2025-11-19 11:51:06,,,,,,,,,,17.6812496,0.0,989.0,1062.0188,0.0,,,11.3,0.0,9.59,,,0.0,,
2025-11-19 11:51:07+00:00,2025-11-19 11:51:07,,,,,,,,,,17.6812496,0.0,989.0,1062.0188,0.0,,,11.3,0.0,9.59,,,0.0,,
2025-11-19 11:51:08+00:00,2025-11-19 11:51:08,,,,,,,,,,17.6812496,0.0,989.0,1061.69373,0.0,,,11.3,0.0,9.59,,,0.0,,
2025-11-19 11:51:09+00:00,2025-11-19 11:51:09,,,,,,,,,,17.6812496,0.0,991.0,1061.9375,0.0,,,11.3,0.0,9.59,,,0.0,,
2025-11-19 11:51:10+00:00,2025-11-19 11:51:10,20.0,20.0,20.0,20.0,20.0,,2.0,FALLBACK,Fallback Hz 사용: 20.0Hz (essential_range_violation),17.6812496,0.0,991.0,1061.9375,0.0,,,11.3,0.0,9.59,,,0.0,,
2025-11-19 11:51:11+00:00,2025-11-19 11:51:11,,,,,,,,,,17.6812496,0.0,991.0,1061.61255,0.0,,,11.3,0.0,9.59,,,0.0,,
2025-11-19 11:51:12+00:00,2025-11-19 11:51:12,,,,,,,,,,17.6812496,0.0,991.0,1061.61255,0.0,,,11.3,0.0,9.59,,,0.0,,
2025-11-19 11:51:13+00:00,2025-11-19 11:51:13,,,,,,,,,,17.6812496,0.0,991.0,1062.91248,0.0,,,11.3,0.0,9.59,,,0.0,,
2025-11-19 11:51:14+00:00,2025-11-19 11:51:14,,,,,,,,,,17.6812496,0.0,990.0,1062.91248,0.0,,,11.3,0.0,9.59,,,0.0,,
2025-11-19 11:51:15+00:00,2025-11-19 11:51:15,20.0,20.0,20.0,20.0,20.0,,2.0,FALLBACK,Fallback Hz 사용: 20.0Hz (essential_range_violation),17.6812496,0.0,991.0,1062.0188,0.0,,,11.3,0.0,9.59,,,0.0,,
2025-11-19 11:51:16+00:00,2025-11-19 11:51:16,,,,,,,,,,17.6812496,0.0,991.0,1061.9375,0.0,,,11.3,0.0,9.59,,,0.0,,
2025-11-19 11:51:17+00:00,2025-11-19 11:51:17,,,,,,,,,,17.6812496,0.0,990.0,1061.9375,0.0,,,11.3,0.0,9.59,,,0.0,,
2025-11-19 11:51:18+00:00,2025-11-19 11:51:18,,,,,,,,,,17.6812496,0.0,990.0,1062.91248,0.0,,,11.3,0.0,9.59,,,0.0,,
2025-11-19 11:51:19+00:00,2025-11-19 11:51:19,,,,,,,,,,17.6812496,0.0,990.0,1062.91248,0.0,,,11.3,0.0,9.59,,,0.0,,
2025-11-19 11:51:20+00:00,2025-11-19 11:51:20,20.0,20.0,20.0,20.0,20.0,,2.0,FALLBACK,Fallback Hz 사용: 20.0Hz (essential_range_violation),,,,,,,,,,,,,,,
2025-11-19 11:51:21+00:00,2025-11-19 11:51:21,,,,,,,,,,17.6812496,0.0,991.0,1063.5625,0.0,,,11.3,0.0,9.59,,,0.0,,
2025-11-19 11:51:22+00:00,2025-11-19 11:51:22,,,,,,,,,,17.6812496,0.0,991.0,1063.5625,0.0,,,11.3,0.0,9.59,,,0.0,,
2025-11-19 11:51:23+00:00,2025-11-19 11:51:23,,,,,,,,,,17.6812496,0.0,992.0,1063.5625,0.0,,,11.3,0.0,9.59,,,0.0,,
2025-11-19 11:51:24+00:00,2025-11-19 11:51:24,,,,,,,,,,17.6812496,0.0,992.0,1064.69995,0.0,,,11.3,0.0,9.59,,,0.0,,
2025-11-19 11:51:25+00:00,2025-11-19 11:51:25,20.0,20.0,20.0,20.0,20.0,,2.0,FALLBACK,Fallback Hz 사용: 20.0Hz (essential_range_violation),17.6812496,0.0,992.0,1064.69995,0.0,,,11.3,0.0,9.59,,,0.0,,
2025-11-19 11:51:26+00:00,2025-11-19 11:51:26,,,,,,,,,,17.6812496,0.0,992.0,1064.05005,0.0,,,11.3,0.0,9.59,,,0.0,,
2025-11-19 11:51:27+00:00,2025-11-19 11:51:27,,,,,,,,,,17.6812496,0.0,995.0,1064.53748,0.0,,,11.3,0.0,9.59,,,0.0,,
2025-11-19 11:51:28+00:00,2025-11-19 11:51:28,,,,,,,,,,17.6812496,0.0,995.0,1064.53748,0.0,,,11.3,0.0,9.59,,,0.0,,
2025-11-19 11:51:29+00:00,2025-11-19 11:51:29,,,,,,,,,,17.6812496,0.0,993.0,1063.72498,0.0,,,11.3,0.0,9.59,,,0.0,,
2025-11-19 11:51:30+00:00,2025-11-19 11:51:30,20.0,20.0,20.0,20.0,20.0,,2.0,FALLBACK,Fallback Hz 사용: 20.0Hz (essential_range_violation),17.6812496,0.0,993.0,1063.72498,0.0,,,11.3,0.0,9.59,,,0.0,,
2025-11-19 11:51:31+00:00,2025-11-19 11:51:31,,,,,,,,,,17.6812496,0.0,994.0,1063.80627,0.0,,,11.3,0.0,9.59,,,0.0,,
2025-11-19 11:51:32+00:00,2025-11-19 11:51:32,,,,,,,,,,17.6812496,0.0,994.0,1063.72498,0.0,,,11.3,0.0,9.59,,,0.0,,
2025-11-19 11:51:33+00:00,2025-11-19 11:51:33,,,,,,,,,,17.6812496,0.0,994.0,1063.72498,0.0,,,11.3,0.0,9.59,,,0.0,,
2025-11-19 11:51:34+00:00,2025-11-19 11:51:34,,,,,,,,,,17.6812496,0.0,994.0,1065.43127,0.0,,,11.3,0.0,9.59,,,0.0,,
2025-11-19 11:51:35+00:00,2025-11-19 11:51:35,20.0,20.0,20.0,20.0,20.0,,2.0,FALLBACK,Fallback Hz 사용: 20.0Hz (essential_range_violation),17.6812496,0.0,994.0,1065.1062,0.0,,,11.3,0.0,9.59,,,0.0,,
2025-11-19 11:51:36+00:00,2025-11-19 11:51:36,,,,,,,,,,17.6812496,0.0,994.0,1066.48755,0.0,,,11.3,0.0,9.59,,,0.0,,
2025-11-19 11:51:37+00:00,2025-11-19 11:51:37,,,,,,,,,,17.6812496,0.0,994.0,1066.48755,0.0,,,11.3,0.0,9.59,,,0.0,,
2025-11-19 11:51:38+00:00,2025-11-19 11:51:38,,,,,,,,,,17.6812496,0.0,995.0,1065.2688,0.0,,,11.3,0.0,9.59,,,0.0,,
2025-11-19 11:51:39+00:00,2025-11-19 11:51:39,,,,,,,,,,17.6812496,0.0,995.0,1065.2688,0.0,,,11.3,0.0,9.59,,,0.0,,
2025-11-19 11:51:40+00:00,2025-11-19 11:51:40,20.0,20.0,20.0,20.0,20.0,,2.0,FALLBACK,Fallback Hz 사용: 20.0Hz (essential_range_violation),17.6812496,0.0,994.0,1065.51245,0.0,,,11.3,0.0,9.59,,,0.0,,
2025-11-19 11:51:41+00:00,2025-11-19 11:51:41,,,,,,,,,,17.6812496,0.0,994.0,1065.51245,0.0,,,11.3,0.0,9.59,,,0.0,,
2025-11-19 11:51:42+00:00,2025-11-19 11:51:42,,,,,,,,,,17.6812496,0.0,994.0,1065.1062,0.0,,,11.3,0.0,9.59,,,0.0,,
2025-11-19 11:51:43+00:00,2025-11-19 11:51:43,,,,,,,,,,17.6812496,0.0,994.0,1065.1062,0.0,,,11.3,0.0,9.59,,,0.0,,
2025-11-19 11:51:44+00:00,2025-11-19 11:51:44,,,,,,,,,,17.6812496,0.0,997.0,1065.2688,0.0,,,11.3,0.0,9.59,,,0.0,,
2025-11-19 11:51:45+00:00,2025-11-19 11:51:45,20.0,20.0,20.0,20.0,20.0,,2.0,FALLBACK,Fallback Hz 사용: 20.0Hz (essential_range_violation),17.6812496,0.0,996.0,1065.2688,0.0,,,11.3,0.0,9.59,,,0.0,,
2025-11-19 11:51:46+00:00,2025-11-19 11:51:46,,,,,,,,,,17.6812496,0.0,996.0,1066.0,0.0,,,11.3,0.0,9.59,,,0.0,,
2025-11-19 11:51:47+00:00,2025-11-19 11:51:47,,,,,,,,,,17.6812496,0.0,997.0,1066.40625,0.0,,,11.3,0.0,9.59,,,0.0,,
2025-11-19 11:51:48+00:00,2025-11-19 11:51:48,,,,,,,,,,17.6812496,0.0,997.0,1066.40625,0.0,,,11.3,0.0,9.59,,,0.0,,
2025-11-19 11:51:49+00:00,2025-11-19 11:51:49,,,,,,,,,,17.6812496,0.0,995.0,1066.16248,0.0,,,11.3,0.0,9.59,,,0.0,,
2025-11-19 11:51:50+00:00,2025-11-19 11:51:50,20.0,20.0,20.0,20.0,20.0,,2.0,FALLBACK,Fallback Hz 사용: 20.0Hz (essential_range_violation),17.6812496,0.0,995.0,1066.16248,0.0,,,11.3,0.0,9.59,,,0.0,,
2025-11-19 11:51:51+00:00,2025-11-19 11:51:51,,,,,,,,,,17.6812496,0.0,995.0,1065.67505,0.0,,,11.3,0.0,9.59,,,0.0,,
2025-11-19 11:51:52+00:00,2025-11-19 11:51:52,,,,,,,,,,17.6812496,0.0,995.0,1065.67505,0.0,,,11.3,0.0,9.59,,,0.0,,
2025-11-19 11:51:53+00:00,2025-11-19 11:51:53,,,,,,,,,,17.6812496,0.0,996.0,1066.16248,0.0,,,11.3,0.0,9.59,,,0.0,,
2025-11-19 11:51:54+00:00,2025-11-19 11:51:54,,,,,,,,,,17.6812496,0.0,996.0,1066.16248,0.0,,,11.3,0.0,9.59,,,0.0,,
2025-11-19 11:51:55+00:00,2025-11-19 11:51:55,20.0,20.0,20.0,20.0,20.0,,2.0,FALLBACK,Fallback Hz 사용: 20.0Hz (essential_range_violation),17.6812496,0.0,998.0,1065.02502,0.0,,,11.3,0.0,9.59,,,0.0,,
2025-11-19 11:51:56+00:00,2025-11-19 11:51:56,,,,,,,,,,17.6812496,0.0,997.0,1065.43127,0.0,,,11.3,0.0,9.59,,,0.0,,
2025-11-19 11:51:57+00:00,2025-11-19 11:51:57,,,,,,,,,,17.6812496,0.0,997.0,1065.43127,0.0,,,11.3,0.0,9.59,,,0.0,,
2025-11-19 11:51:58+00:00,2025-11-19 11:51:58,,,,,,,,,,17.6812496,0.0,998.0,1066.24377,0.0,,,11.3,0.0,9.59,,,0.0,,
2025-11-19 11:51:59+00:00,2025-11-19 11:51:59,,,,,,,,,,17.6812496,0.0,997.0,1065.34998,0.0,,,11.3,0.0,9.59,,,0.0,,
2025-11-19 11:52:00+00:00,2025-11-19 11:52:00,20.0,20.0,20.0,20.0,20.0,,2.0,FALLBACK,Fallback Hz 사용: 20.0Hz (essential_range_violation),17.6812496,0.0,997.0,1065.34998,0.0,,,11.3,0.0,9.59,,,0.0,,
2025-11-19 11:52:01+00:00,2025-11-19 11:52:01,,,,,,,,,,17.6812496,0.0,1000.0,1065.67505,0.0,,,11.3,0.0,9.59,,,0.0,,
2025-11-19 11:52:02+00:00,2025-11-19 11:52:02,,,,,,,,,,17.6812496,0.0,999.0,1065.2688,0.0,,,11.3,0.0,9.59,,,0.0,,
2025-11-19 11:52:03+00:00,2025-11-19 11:52:03,,,,,,,,,,17.6812496,0.0,999.0,1065.2688,0.0,,,11.3,0.0,9.59,,,0.0,,
2025-11-19 11:52:04+00:00,2025-11-19 11:52:04,,,,,,,,,,17.6812496,0.0,999.0,1065.43127,0.0,,,11.3,0.0,9.59,,,0.0,,
2025-11-19 11:52:05+00:00,2025-11-19 11:52:05,20.0,20.0,20.0,20.0,20.0,,2.0,FALLBACK,Fallback Hz 사용: 20.0Hz (essential_range_violation),17.6812496,0.0,999.0,1065.9187,0.0,,,11.3,0.0,9.59,,,0.0,,
2025-11-19 11:52:06+00:00,2025-11-19 11:52:06,,,,,,,,,,17.6812496,0.0,999.0,1065.9187,0.0,,,11.3,0.0,9.59,,,0.0,,
2025-11-19 11:52:07+00:00,2025-11-19 11:52:07,,,,,,,,,,17.6812496,0.0,999.0,1065.34998,0.0,,,11.3,0.0,9.59,,,0.0,,
2025-11-19 11:52:08+00:00,2025-11-19 11:52:08,,,,,,,,,,17.6812496,0.0,998.0,1065.67505,0.0,,,11.3,0.0,9.59,,,0.0,,
2025-11-19 11:52:09+00:00,2025-11-19 11:52:09,,,,,,,,,,17.6812496,0.0,998.0,1065.67505,0.0,,,11.3,0.0,9.59,,,0.0,,
2025-11-19 11:52:10+00:00,2025-11-19 11:52:10,20.0,20.0,20.0,20.0,20.0,,2.0,FALLBACK,Fallback Hz 사용: 20.0Hz (essential_range_violation),17.6812496,0.0,1000.0,1065.51245,0.0,,,11.3,0.0,9.59,,,0.0,,
2025-11-19 11:52:11+00:00,2025-11-19 11:52:11,,,,,,,,,,17.6812496,0.0,1000.0,1066.24377,0.0,,,11.3,0.0,9.59,,,0.0,,
2025-11-19 11:52:12+00:00,2025-11-19 11:52:12,,,,,,,,,,17.6812496,0.0,1000.0,1065.51245,0.0,,,11.3,0.0,9.59,,,0.0,,
2025-11-19 11:52:13+00:00,2025-11-19 11:52:13,,,,,,,,,,17.6812496,0.0,1001.0,1065.67505,0.0,,,11.3,0.0,9.59,,,0.0,,
2025-11-19 11:52:14+00:00,2025-11-19 11:52:14,,,,,,,,,,17.6812496,0.0,1001.0,1065.67505,0.0,,,11.3,0.0,9.59,,,0.0,,
2025-11-19 11:52:15+00:00,2025-11-19 11:52:15,20.0,20.0,20.0,20.0,20.0,,2.0,FALLBACK,Fallback Hz 사용: 20.0Hz (essential_range_violation),17.6812496,0.0,1000.0,1066.24377,0.0,,,11.3,0.0,9.59,,,0.0,,
2025-11-19 11:52:16+00:00,2025-11-19 11:52:16,,,,,,,,,,17.6812496,0.0,1000.0,1065.67505,0.0,,,11.3,0.0,9.59,,,0.0,,
2025-11-19 11:52:17+00:00,2025-11-19 11:52:17,,,,,,,,,,17.6812496,0.0,1000.0,1065.67505,0.0,,,11.3,0.0,9.59,,,0.0,,
2025-11-19 11:52:18+00:00,2025-11-19 11:52:18,,,,,,,,,,17.6812496,0.0,1000.0,1066.24377,0.0,,,11.3,0.0,9.59,,,0.0,,
2025-11-19 11:52:19+00:00,2025-11-19 11:52:19,,,,,,,,,,17.6812496,0.0,1000.0,1066.24377,0.0,,,11.3,0.0,9.59,,,0.0,,
2025-11-19 11:52:20+00:00,2025-11-19 11:52:20,20.0,20.0,20.0,20.0,20.0,,2.0,FALLBACK,Fallback Hz 사용: 20.0Hz (essential_range_violation),17.6812496,0.0,1001.0,1066.24377,0.0,,,11.3,0.0,9.59,,,0.0,,
2025-11-19 11:52:21+00:00,2025-11-19 11:52:21,,,,,,,,,,17.6812496,0.0,1001.0,1066.48755,0.0,,,11.3,0.0,9.59,,,0.0,,
2025-11-19 11:52:22+00:00,2025-11-19 11:52:22,,,,,,,,,,17.6812496,0.0,1001.0,1066.48755,0.0,,,11.3,0.0,9.59,,,0.0,,
2025-11-19 11:52:23+00:00,2025-11-19 11:52:23,,,,,,,,,,17.6812496,0.0,1001.0,1065.43127,0.0,,,11.3,0.0,9.59,,,0.0,,
2025-11-19 11:52:24+00:00,2025-11-19 11:52:24,,,,,,,,,,17.6812496,0.0,1000.0,1066.16248,0.0,,,11.3,0.0,9.59,,,0.0,,
2025-11-19 11:52:25+00:00,2025-11-19 11:52:25,20.0,20.0,20.0,20.0,20.0,,2.0,FALLBACK,Fallback Hz 사용: 20.0Hz (essential_range_violation),17.6812496,0.0,1000.0,1066.16248,0.0,,,11.3,0.0,9.59,,,0.0,,
2025-11-19 11:52:26+00:00,2025-11-19 11:52:26,,,,,,,,,,17.6812496,0.0,1000.0,1065.02502,0.0,,,11.3,0.0,9.59,,,0.0,,
2025-11-19 11:52:27+00:00,2025-11-19 11:52:27,,,,,,,,,,17.6812496,0.0,1001.0,1065.02502,0.0,,,11.3,0.0,9.59,,,0.0,,
2025-11-19 11:52:28+00:00,2025-11-19 11:52:28,,,,,,,,,,17.6812496,0.0,1001.0,1064.05005,0.0,,,11.3,0.0,9.59,,,0.0,,
2025-11-19 11:52:29+00:00,2025-11-19 11:52:29,,,,,,,,,,17.6812496,0.0,1001.0,1064.05005,0.0,,,11.3,0.0,9.59,,,0.0,,
2025-11-19 11:52:30+00:00,2025-11-19 11:52:30,20.0,20.0,20.0,20.0,20.0,,2.0,FALLBACK,Fallback Hz 사용: 20.0Hz (essential_range_violation),17.6812496,0.0,1001.0,1064.86255,0.0,,,11.3,0.0,9.59,,,0.0,,
2025-11-19 11:52:31+00:00,2025-11-19 11:52:31,,,,,,,,,,17.6812496,0.0,1001.0,1064.86255,0.0,,,11.3,0.0,9.59,,,0.0,,
2025-11-19 11:52:32+00:00,2025-11-19 11:52:32,,,,,,,,,,17.6812496,0.0,1001.0,1063.96875,0.0,,,11.3,0.0,9.59,,,0.0,,
2025-11-19 11:52:33+00:00,2025-11-19 11:52:33,,,,,,,,,,17.6812496,0.0,1001.0,1064.13123,0.0,,,11.3,0.0,9.59,,,0.0,,
2025-11-19 11:52:34+00:00,2025-11-19 11:52:34,,,,,,,,,,17.6812496,0.0,1001.0,1064.13123,0.0,,,11.3,0.0,9.59,,,0.0,,
2025-11-19 11:52:35+00:00,2025-11-19 11:52:35,20.0,20.0,20.0,20.0,20.0,,2.0,FALLBACK,Fallback Hz 사용: 20.0Hz (essential_range_violation),17.6812496,0.0,1000.0,1064.61877,0.0,,,11.3,0.0,9.59,,,0.0,,
2025-11-19 11:52:36+00:00,2025-11-19 11:52:36,,,,,,,,,,17.6812496,0.0,1000.0,1064.61877,0.0,,,11.3,0.0,9.59,,,0.0,,
2025-11-19 11:52:37+00:00,2025-11-19 11:52:37,,,,,,,,,,17.6812496,0.0,1001.0,1064.13123,0.0,,,11.3,0.0,9.59,,,0.0,,
2025-11-19 11:52:38+00:00,2025-11-19 11:52:38,,,,,,,,,,17.6812496,0.0,1001.0,1064.13123,0.0,,,11.3,0.0,9.59,,,0.0,,
2025-11-19 11:52:39+00:00,2025-11-19 11:52:39,,,,,,,,,,17.6812496,0.0,1001.0,1063.23755,0.0,,,11.3,0.0,9.59,,,0.0,,
2025-11-19 11:52:40+00:00,2025-11-19 11:52:40,20.0,20.0,20.0,20.0,20.0,,2.0,FALLBACK,Fallback Hz 사용: 20.0Hz (essential_range_violation),17.6812496,0.0,1000.0,1062.91248,0.0,,,11.3,0.0,9.59,,,0.0,,
2025-11-19 11:52:41+00:00,2025-11-19 11:52:41,,,,,,,,,,17.6812496,0.0,1000.0,1062.34375,0.0,,,11.3,0.0,9.59,,,0.0,,
2025-11-19 11:52:42+00:00,2025-11-19 11:52:42,,,,,,,,,,17.6812496,0.0,1000.0,1062.34375,0.0,,,11.3,0.0,9.59,,,0.0,,
2025-11-19 11:52:43+00:00,2025-11-19 11:52:43,,,,,,,,,,17.6812496,0.0,1000.0,1061.77502,0.0,,,11.3,0.0,9.59,,,0.0,,
2025-11-19 11:52:44+00:00,2025-11-19 11:52:44,,,,,,,,,,17.6812496,0.0,1001.0,1062.26245,0.0,,,11.3,0.0,9.59,,,0.0,,
2025-11-19 11:52:45+00:00,2025-11-19 11:52:45,20.0,20.0,20.0,20.0,20.0,,2.0,FALLBACK,Fallback Hz 사용: 20.0Hz (essential_range_violation),17.6812496,0.0,1001.0,1062.26245,0.0,,,11.3,0.0,9.59,,,0.0,,
2025-11-19 11:52:46+00:00,2025-11-19 11:52:46,,,,,,,,,,17.6812496,0.0,1000.0,1062.6687,0.0,,,11.3,0.0,9.59,,,0.0,,
2025-11-19 11:52:47+00:00,2025-11-19 11:52:47,,,,,,,,,,17.6812496,0.0,1000.0,1062.50623,0.0,,,11.3,0.0,9.59,,,0.0,,
2025-11-19 11:52:48+00:00,2025-11-19 11:52:48,,,,,,,,,,17.6812496,0.0,1000.0,1061.9375,0.0,,,11.3,0.0,9.59,,,0.0,,
2025-11-19 11:52:49+00:00,2025-11-19 11:52:49,,,,,,,,,,17.6812496,0.0,1000.0,1061.9375,0.0,,,11.3,0.0,9.59,,,0.0,,
2025-11-19 11:52:50+00:00,2025-11-19 11:52:50,20.0,20.0,20.0,20.0,20.0,,2.0,FALLBACK,Fallback Hz 사용: 20.0Hz (essential_range_violation),17.6812496,0.0,1001.0,1061.9375,0.0,,,11.3,0.0,9.59,,,0.0,,
2025-11-19 11:52:51+00:00,2025-11-19 11:52:51,,,,,,,,,,17.6812496,0.0,1001.0,1061.9375,0.0,,,11.3,0.0,9.59,,,0.0,,
2025-11-19 11:52:52+00:00,2025-11-19 11:52:52,,,,,,,,,,17.6812496,0.0,1000.0,1061.9375,0.0,,,11.3,0.0,9.59,,,0.0,,
2025-11-19 11:52:53+00:00,2025-11-19 11:52:53,,,,,,,,,,17.6812496,0.0,1000.0,1062.18127,0.0,,,11.3,0.0,9.59,,,0.0,,
2025-11-19 11:52:54+00:00,2025-11-19 11:52:54,,,,,,,,,,17.6812496,0.0,1001.0,1061.36877,0.0,,,11.3,0.0,9.59,,,0.0,,
2025-11-19 11:52:55+00:00,2025-11-19 11:52:55,20.0,20.0,20.0,20.0,20.0,,2.0,FALLBACK,Fallback Hz 사용: 20.0Hz (essential_range_violation),17.6812496,0.0,1001.0,1061.36877,0.0,,,11.3,0.0,9.59,,,0.0,,
2025-11-19 11:52:56+00:00,2025-11-19 11:52:56,,,,,,,,,,17.6812496,0.0,1001.0,1060.47498,0.0,,,11.3,0.0,9.59,,,0.0,,
2025-11-19 11:52:57+00:00,2025-11-19 11:52:57,,,,,,,,,,17.6812496,0.0,1001.0,1060.47498,0.0,,,11.3,0.0,9.59,,,0.0,,
2025-11-19 11:52:58+00:00,2025-11-19 11:52:58,,,,,,,,,,17.6812496,0.0,1001.0,1060.15002,0.0,,,11.3,0.0,9.59,,,0.0,,
2025-11-19 11:52:59+00:00,2025-11-19 11:52:59,,,,,,,,,,17.6812496,0.0,1001.0,1060.15002,0.0,,,11.3,0.0,9.59,,,0.0,,
2025-11-19 11:53:00+00:00,2025-11-19 11:53:00,20.0,20.0,20.0,20.0,20.0,,2.0,FALLBACK,Fallback Hz 사용: 20.0Hz (essential_range_violation),17.6812496,0.0,1000.0,1061.2063,0.0,,,11.3,0.0,9.59,,,0.0,,
2025-11-19 11:53:02+00:00,2025-11-19 11:53:02,,,,,,,,,,17.6812496,0.0,1001.0,1060.2312,0.0,,,11.3,0.0,9.59,,,0.0,,
2025-11-19 11:53:03+00:00,2025-11-19 11:53:03,,,,,,,,,,17.6812496,0.0,1001.0,1060.2312,0.0,,,11.3,0.0,9.59,,,0.0,,
2025-11-19 11:53:04+00:00,2025-11-19 11:53:04,,,,,,,,,,17.6812496,0.0,1001.0,1058.6062,0.0,,,11.3,0.0,9.59,,,0.0,,
2025-11-19 11:53:05+00:00,2025-11-19 11:53:05,20.0,20.0,20.0,20.0,20.0,,2.0,FALLBACK,Fallback Hz 사용: 20.0Hz (essential_range_violation),17.6812496,0.0,1001.0,1059.09375,0.0,,,11.3,0.0,9.59,,,0.0,,
2025-11-19 11:53:06+00:00,2025-11-19 11:53:06,,,,,,,,,,17.6812496,0.0,1001.0,1059.09375,0.0,,,11.3,0.0,9.59,,,0.0,,
2025-11-19 11:53:07+00:00,2025-11-19 11:53:07,,,,,,,,,,17.6812496,0.0,1001.0,1059.09375,0.0,,,11.3,0.0,9.59,,,0.0,,
2025-11-19 11:53:08+00:00,2025-11-19 11:53:08,,,,,,,,,,17.6812496,0.0,1000.0,1058.93127,0.0,,,11.3,0.0,9.59,,,0.0,,
2025-11-19 11:53:09+00:00,2025-11-19 11:53:09,,,,,,,,,,17.6812496,0.0,1000.0,1058.93127,0.0,,,11.3,0.0,9.59,,,0.0,,
2025-11-19 11:53:10+00:00,2025-11-19 11:53:10,20.0,20.0,20.0,20.0,20.0,,2.0,FALLBACK,Fallback Hz 사용: 20.0Hz (essential_range_violation),17.6812496,0.0,1000.0,1059.17505,0.0,,,11.3,0.0,9.59,,,0.0,,
2025-11-19 11:53:11+00:00,2025-11-19 11:53:11,,,,,,,,,,17.6812496,0.0,1001.0,1058.52502,0.0,,,11.3,0.0,9.59,,,0.0,,
2025-11-19 11:53:12+00:00,2025-11-19 11:53:12,,,,,,,,,,17.6812496,0.0,1001.0,1058.52502,0.0,,,11.3,0.0,9.59,,,0.0,,
2025-11-19 11:53:13+00:00,2025-11-19 11:53:13,,,,,,,,,,17.6812496,0.0,1001.0,1058.52502,0.0,,,11.3,0.0,9.59,,,0.0,,
2025-11-19 11:53:14+00:00,2025-11-19 11:53:14,,,,,,,,,,17.6812496,0.0,1001.0,1059.09375,0.0,,,11.3,0.0,9.59,,,0.0,,
2025-11-19 11:53:15+00:00,2025-11-19 11:53:15,20.0,20.0,20.0,20.0,20.0,,2.0,FALLBACK,Fallback Hz 사용: 20.0Hz (essential_range_violation),17.6812496,0.0,1001.0,1059.09375,0.0,,,11.3,0.0,9.59,,,0.0,,
2025-11-19 11:53:16+00:00,2025-11-19 11:53:16,,,,,,,,,,17.6812496,0.0,1002.0,1058.6875,0.0,,,11.3,0.0,9.59,,,0.0,,
2025-11-19 11:53:17+00:00,2025-11-19 11:53:17,,,,,,,,,,17.6812496,0.0,1003.0,1058.84998,0.0,,,11.3,0.0,9.59,,,0.0,,
2025-11-19 11:53:18+00:00,2025-11-19 11:53:18,,,,,,,,,,17.6812496,0.0,1003.0,1058.84998,0.0,,,11.3,0.0,9.59,,,0.0,,
2025-11-19 11:53:19+00:00,2025-11-19 11:53:19,,,,,,,,,,17.6812496,0.0,1002.0,1059.66248,0.0,,,11.3,0.0,9.59,,,0.0,,
2025-11-19 11:53:20+00:00,2025-11-19 11:53:20,20.0,20.0,20.0,20.0,20.0,,2.0,FALLBACK,Fallback Hz 사용: 20.0Hz (essential_range_violation),17.6812496,0.0,1001.0,1058.6875,0.0,,,11.3,0.0,9.59,,,0.0,,
2025-11-19 11:53:21+00:00,2025-11-19 11:53:21,,,,,,,,,,17.6812496,0.0,1003.0,1059.5,0.0,,,11.3,0.0,9.59,,,0.0,,
2025-11-19 11:53:22+00:00,2025-11-19 11:53:22,,,,,,,,,,17.6812496,0.0,1003.0,1059.5,0.0,,,11.3,0.0,9.59,,,0.0,,
2025-11-19 11:53:23+00:00,2025-11-19 11:53:23,,,,,,,,,,17.6812496,0.0,1001.0,1058.93127,0.0,,,11.3,0.0,9.59,,,0.0,,
2025-11-19 11:53:24+00:00,2025-11-19 11:53:24,,,,,,,,,,17.6812496,0.0,1001.0,1058.93127,0.0,,,11.3,0.0,9.59,,,0.0,,
2025-11-19 11:53:25+00:00,2025-11-19 11:53:25,20.0,20.0,20.0,20.0,20.0,,2.0,FALLBACK,Fallback Hz 사용: 20.0Hz (essential_range_violation),17.6812496,0.0,1002.0,1059.33752,0.0,,,11.3,0.0,9.59,,,0.0,,
2025-11-19 11:53:26+00:00,2025-11-19 11:53:26,,,,,,,,,,17.6812496,0.0,1003.0,1058.6062,0.0,,,11.3,0.0,9.59,,,0.0,,
2025-11-19 11:53:27+00:00,2025-11-19 11:53:27,,,,,,,,,,17.6812496,0.0,1003.0,1058.6062,0.0,,,11.3,0.0,9.59,,,0.0,,
2025-11-19 11:53:28+00:00,2025-11-19 11:53:28,,,,,,,,,,17.6812496,0.0,1003.0,1058.7688,0.0,,,11.3,0.0,9.59,,,0.0,,
2025-11-19 11:53:29+00:00,2025-11-19 11:53:29,,,,,,,,,,17.6812496,0.0,1003.0,1058.7688,0.0,,,11.3,0.0,9.59,,,0.0,,
2025-11-19 11:53:30+00:00,2025-11-19 11:53:30,20.0,20.0,20.0,20.0,20.0,,2.0,FALLBACK,Fallback Hz 사용: 20.0Hz (essential_range_violation),17.6812496,0.0,1003.0,1059.66248,0.0,,,11.3,0.0,9.59,,,0.0,,
2025-11-19 11:53:31+00:00,2025-11-19 11:53:31,,,,,,,,,,17.6812496,0.0,1003.0,1058.84998,0.0,,,11.3,0.0,9.59,,,0.0,,
2025-11-19 11:53:32+00:00,2025-11-19 11:53:32,,,,,,,,,,17.6812496,0.0,1003.0,1058.84998,0.0,,,11.3,0.0,9.59,,,0.0,,
2025-11-19 11:53:33+00:00,2025-11-19 11:53:33,,,,,,,,,,17.6812496,0.0,1004.0,1057.22498,0.0,,,11.3,0.0,9.59,,,0.0,,
2025-11-19 11:53:34+00:00,2025-11-19 11:53:34,,,,,,,,,,17.6812496,0.0,1006.0,1057.0625,0.0,,,11.3,0.0,9.59,,,0.0,,
2025-11-19 11:53:35+00:00,2025-11-19 11:53:35,20.0,20.0,20.0,20.0,20.0,,2.0,FALLBACK,Fallback Hz 사용: 20.0Hz (essential_range_violation),17.6812496,0.0,1006.0,1057.0625,0.0,,,11.3,0.0,9.59,,,0.0,,
2025-11-19 11:53:36+00:00,2025-11-19 11:53:36,,,,,,,,,,17.6812496,0.0,1005.0,1057.0625,0.0,,,11.3,0.0,9.59,,,0.0,,
2025-11-19 11:53:37+00:00,2025-11-19 11:53:37,,,,,,,,,,17.6812496,0.0,1005.0,1057.55005,0.0,,,11.3,0.0,9.59,,,0.0,,
2025-11-19 11:53:38+00:00,2025-11-19 11:53:38,,,,,,,,,,17.6812496,0.0,1005.0,1058.03748,0.0,,,11.3,0.0,9.59,,,0.0,,
2025-11-19 11:53:39+00:00,2025-11-19 11:53:39,,,,,,,,,,17.6812496,0.0,1005.0,1058.03748,0.0,,,11.3,0.0,9.59,,,0.0,,
2025-11-19 11:53:40+00:00,2025-11-19 11:53:40,20.0,20.0,20.0,20.0,20.0,,2.0,FALLBACK,Fallback Hz 사용: 20.0Hz (essential_range_violation),17.6812496,0.0,1006.0,1057.71252,0.0,,,11.3,0.0,9.59,,,0.0,,
2025-11-19 11:53:41+00:00,2025-11-19 11:53:41,,,,,,,,,,17.6812496,0.0,1005.0,1056.73755,0.0,,,11.3,0.0,9.59,,,0.0,,
2025-11-19 11:53:42+00:00,2025-11-19 11:53:42,,,,,,,,,,17.6812496,0.0,1005.0,1056.73755,0.0,,,11.3,0.0,9.59,,,0.0,,
2025-11-19 11:53:43+00:00,2025-11-19 11:53:43,,,,,,,,,,17.6812496,0.0,1005.0,1057.875,0.0,,,11.3,0.0,9.59,,,0.0,,
2025-11-19 11:53:44+00:00,2025-11-19 11:53:44,,,,,,,,,,17.6812496,0.0,1005.0,1057.875,0.0,,,11.3,0.0,9.59,,,0.0,,
2025-11-19 11:53:45+00:00,2025-11-19 11:53:45,20.0,20.0,20.0,20.0,20.0,,2.0,FALLBACK,Fallback Hz 사용: 20.0Hz (essential_range_violation),17.6812496,0.0,1006.0,1056.3313,0.0,,,11.3,0.0,9.59,,,0.0,,
2025-11-19 11:53:46+00:00,2025-11-19 11:53:46,,,,,,,,,,17.6812496,0.0,1005.0,1056.3313,0.0,,,11.3,0.0,9.59,,,0.0,,
2025-11-19 11:53:47+00:00,2025-11-19 11:53:47,,,,,,,,,,17.6812496,0.0,1005.0,1055.5188,0.0,,,11.3,0.0,9.59,,,0.0,,
2025-11-19 11:53:48+00:00,2025-11-19 11:53:48,,,,,,,,,,17.6812496,0.0,1005.0,1055.5188,0.0,,,11.3,0.0,9.59,,,0.0,,
2025-11-19 11:53:49+00:00,2025-11-19 11:53:49,,,,,,,,,,17.6812496,0.0,1006.0,1055.59998,0.0,,,11.3,0.0,9.59,,,0.0,,
2025-11-19 11:53:50+00:00,2025-11-19 11:53:50,20.0,20.0,20.0,20.0,20.0,,2.0,FALLBACK,Fallback Hz 사용: 20.0Hz (essential_range_violation),17.6812496,0.0,1008.0,1055.84375,0.0,,,11.3,0.0,9.59,,,0.0,,
2025-11-19 11:53:51+00:00,2025-11-19 11:53:51,,,,,,,,,,17.6812496,0.0,1008.0,1055.84375,0.0,,,11.3,0.0,9.59,,,0.0,,
2025-11-19 11:53:52+00:00,2025-11-19 11:53:52,,,,,,,,,,17.6812496,0.0,1008.0,1055.4375,0.0,,,11.3,0.0,9.59,,,0.0,,
2025-11-19 11:53:53+00:00,2025-11-19 11:53:53,,,,,,,,,,17.6812496,0.0,1008.0,1055.4375,0.0,,,11.3,0.0,9.59,,,0.0,,
2025-11-19 11:53:54+00:00,2025-11-19 11:53:54,,,,,,,,,,17.6812496,0.0,1007.0,1055.03125,0.0,,,11.3,0.0,9.59,,,0.0,,
2025-11-19 11:53:55+00:00,2025-11-19 11:53:55,20.0,20.0,20.0,20.0,20.0,,2.0,FALLBACK,Fallback Hz 사용: 20.0Hz (essential_range_violation),17.6812496,0.0,1007.0,1055.03125,0.0,,,11.3,0.0,9.59,,,0.0,,
2025-11-19 11:53:56+00:00,2025-11-19 11:53:56,,,,,,,,,,17.6812496,0.0,1007.0,1054.625,0.0,,,11.3,0.0,9.59,,,0.0,,
2025-11-19 11:53:57+00:00,2025-11-19 11:53:57,,,,,,,,,,17.6812496,0.0,1007.0,1054.625,0.0,,,11.3,0.0,9.59,,,0.0,,
2025-11-19 11:53:58+00:00,2025-11-19 11:53:58,,,,,,,,,,17.6812496,0.0,1007.0,1054.625,0.0,,,11.3,0.0,9.59,,,0.0,,
