time,_time_gateway,ACT_SNR_PMP_BO_0,ACT_SNR_PMP_BO_1,ACT_SNR_PMP_BO_2,ACT_SNR_PMP_BO_3,ACT_SNR_PMP_BO_4,SNR_NOX_PRED,SNR_STATUS_CODE,SNR_STAGE,SNR_MESSAGE,SNR_PMP_UW_S_1,BR1_EO_O2_A,ICF_CCS_FG_T_1,ICF_SCS_FG_T_1,ICF_TMS_NOX_A,ACC_SNR_AI_1A,ACT_STATUS,NOX_30m_Value,NOX_EQ_Status,NOX_Value,SNR_EQ_UW_F_1,ACT_SNR_PMP_UW_S,SNR_EQ_UW_F_1_1,SNR_EQ_DW_F_1,SNR_EQ_UW_F_2,IncineratorStatus
2025-10-17 07:59:42+00:00,2025-10-17 07:59:42,,,,,,,,,,49.03125,7.0703125,1035.67505,901.575012,16.8250008,1.0,,17.31,0.0,16.91,45.2156258,,45.2156258,0.0,153.300003,0.0
2025-10-17 07:59:43+00:00,2025-10-17 07:59:43,,,,,,,,,,49.0349998,7.0703125,1036.05005,901.650024,16.8374996,1.0,,17.31,0.0,16.91,45.3375015,,45.3375015,0.0,153.300003,0.0
2025-10-17 07:59:44+00:00,2025-10-17 07:59:44,,,,,,,,,,49.0424995,7.0859375,1036.57495,901.724976,16.8374996,1.0,,17.31,0.0,16.85,45.3937492,,45.3937492,0.0,153.300003,0.0
2025-10-17 07:59:45+00:00,2025-10-17 07:59:45,46.0,47.0,46.0,46.0,46.0,15.193155562588615,205.0,BO_O2,"O2 규칙 적용: 7.1% (7.0% < O2 ≤ 8.0%) (2단계 롤백, 3~4단계에서 Hz 변화 없음)",49.0387497,7.1015625,1036.94995,901.875,16.8250008,1.0,,17.31,0.0,16.85,45.3937492,,45.3937492,0.0,153.300003,0.0
2025-10-17 07:59:46+00:00,2025-10-17 07:59:46,,,,,,,,,,49.0275002,7.1015625,1037.55005,902.025024,16.8250008,1.0,,17.31,0.0,16.85,45.3937492,,45.3937492,0.0,153.300003,0.0
2025-10-17 07:59:47+00:00,2025-10-17 07:59:47,,,,,,,,,,47.2537498,7.1156249,1037.84998,902.099976,16.8250008,1.0,,17.31,0.0,16.85,45.3937492,,45.3937492,0.0,153.375,0.0
2025-10-17 07:59:48+00:00,2025-10-17 07:59:48,,,,,,,,,,46.9537506,7.1343751,1038.375,902.25,16.8250008,1.0,,17.31,0.0,16.85,45.3937492,,45.3937492,0.0,153.300003,0.0
2025-10-17 07:59:49+00:00,2025-10-17 07:59:49,,,,,,,,,,46.9575005,7.1343751,1038.75,902.325012,16.8250008,1.0,,17.31,0.0,16.85,45.2062492,,45.2062492,0.0,154.425003,0.0
2025-10-17 07:59:50+00:00,2025-10-17 07:59:50,46.0,47.0,46.0,46.0,46.0,15.199132166934058,205.0,BO_O2,"O2 규칙 적용: 7.1% (7.0% < O2 ≤ 8.0%) (2단계 롤백, 3~4단계에서 Hz 변화 없음)",46.9575005,7.1546874,1039.19995,902.474976,16.8250008,1.0,,17.31,0.0,16.85,44.5968742,,44.5968742,0.0,154.800003,0.0
2025-10-17 07:59:51+00:00,2025-10-17 07:59:51,,,,,,,,,,46.9537506,7.1546874,1039.57495,902.549988,16.8374996,1.0,,17.31,0.0,16.85,43.7906265,,43.7906265,0.0,154.800003,0.0
2025-10-17 07:59:52+00:00,2025-10-17 07:59:52,,,,,,,,,,46.9612503,7.1781249,1040.17505,902.700012,16.8250008,1.0,,17.31,0.0,16.85,43.1343765,,43.1343765,0.0,156.225006,0.0
2025-10-17 07:59:53+00:00,2025-10-17 07:59:53,,,,,,,,,,46.9575005,7.1968751,1040.47498,902.849976,16.8250008,1.0,,17.31,0.0,16.85,42.609375,,42.609375,0.0,156.225006,0.0
2025-10-17 07:59:54+00:00,2025-10-17 07:59:54,,,,,,,,,,46.9462509,7.1968751,1041.0,902.924988,16.75,1.0,,17.31,0.0,16.85,42.2625008,,42.2625008,0.0,156.225006,0.0
2025-10-17 07:59:55+00:00,2025-10-17 07:59:55,46.0,47.0,46.0,46.0,46.0,15.403438333993515,205.0,BO_O2,"O2 규칙 적용: 7.2% (7.0% < O2 ≤ 8.0%) (2단계 롤백, 3~4단계에서 Hz 변화 없음)",46.9575005,7.2109375,1041.30005,903.0,16.75,1.0,,17.31,0.0,16.85,42.0187492,,42.0187492,0.0,156.300003,0.0
2025-10-17 07:59:56+00:00,2025-10-17 07:59:56,,,,,,,,,,46.9575005,7.2093749,1041.82495,903.150024,16.75,1.0,,17.31,0.0,16.85,41.8312492,,41.8312492,0.0,156.225006,0.0
2025-10-17 07:59:57+00:00,2025-10-17 07:59:57,,,,,,,,,,46.9612503,7.2093749,1042.125,903.299988,16.75,1.0,,17.31,0.0,16.85,41.8312492,,41.8312492,0.0,156.149994,0.0
2025-10-17 07:59:58+00:00,2025-10-17 07:59:58,,,,,,,,,,46.9575005,7.19218731,1042.57495,903.375,16.75,1.0,,17.31,0.0,16.85,41.8312492,,41.8312492,0.0,156.225006,0.0
2025-10-17 07:59:59+00:00,2025-10-17 07:59:59,,,,,,,,,,46.9500008,7.19218731,1042.875,903.525024,16.5375004,1.0,,17.31,0.0,16.85,41.8218765,,41.8218765,0.0,156.225006,0.0
2025-10-17 08:00:00+00:00,2025-10-17 08:00:00,46.0,47.0,46.0,46.0,46.0,15.344019257982161,205.0,BO_O2,"O2 규칙 적용: 7.2% (7.0% < O2 ≤ 8.0%) (2단계 롤백, 3~4단계에서 Hz 변화 없음)",46.9537506,7.16874981,1043.25,903.599976,16.4125004,1.0,,17.31,0.0,16.85,41.8312492,,41.8312492,0.0,156.225006,0.0
2025-10-17 08:00:01+00:00,2025-10-17 08:00:01,,,,,,,,,,46.9537506,7.14375019,1043.55005,903.75,16.4125004,1.0,,17.31,0.0,16.85,41.8312492,,41.8312492,0.0,156.225006,0.0
2025-10-17 08:00:02+00:00,2025-10-17 08:00:02,,,,,,,,,,46.9575005,7.14375019,1043.92505,903.900024,16.4125004,1.0,,17.31,0.0,16.85,41.8312492,,41.8312492,0.0,156.225006,0.0
2025-10-17 08:00:03+00:00,2025-10-17 08:00:03,,,,,,,,,,46.9612503,7.1187501,1044.15002,903.974976,16.4125004,1.0,,17.31,0.0,16.85,41.8218765,,41.8218765,0.0,156.225006,0.0
2025-10-17 08:00:04+00:00,2025-10-17 08:00:04,,,,,,,,,,46.9537506,7.09062481,1044.52502,904.049988,15.9875002,1.0,,17.31,0.0,16.42,41.8312492,,41.8312492,0.0,156.225006,0.0
2025-10-17 08:00:05+00:00,2025-10-17 08:00:05,46.0,47.0,46.0,46.0,46.0,15.375952148606936,205.0,BO_O2,"O2 규칙 적용: 7.1% (7.0% < O2 ≤ 8.0%) (2단계 롤백, 3~4단계에서 Hz 변화 없음)",46.9575005,7.09062481,1044.75,904.125,15.9875002,1.0,,17.31,0.0,16.42,41.8312492,,41.8312492,0.0,156.225006,0.0
2025-10-17 08:00:06+00:00,2025-10-17 08:00:06,,,,,,,,,,46.9650002,7.0562501,1045.125,904.275024,15.9875002,1.0,,17.31,0.0,16.42,41.8312492,,41.8312492,0.0,156.225006,0.0
2025-10-17 08:00:07+00:00,2025-10-17 08:00:07,,,,,,,,,,46.9537506,7.0562501,1045.34998,904.424988,15.9875002,1.0,,17.31,0.0,16.42,41.8218765,,41.8218765,0.0,156.225006,0.0
2025-10-17 08:00:08+00:00,2025-10-17 08:00:08,,,,,,,,,,46.9537506,7.01875019,1045.65002,904.575012,15.9875002,1.0,,17.31,0.0,16.42,41.8312492,,41.8312492,0.0,156.225006,0.0
2025-10-17 08:00:09+00:00,2025-10-17 08:00:09,,,,,,,,,,46.9537506,6.98124981,1045.875,904.650024,15.7749996,1.0,,17.31,0.0,16.42,41.8312492,,41.8312492,0.0,156.225006,0.0
2025-10-17 08:00:10+00:00,2025-10-17 08:00:10,46.0,47.0,46.0,46.0,46.0,14.971799221877307,205.0,BO_O2,"O2 규칙 적용: 7.0% (7.0% < O2 ≤ 8.0%) (2단계 롤백, 3~4단계에서 Hz 변화 없음)",46.9537506,6.98124981,1046.09998,904.799988,15.6499996,1.0,,17.31,0.0,16.42,41.8312492,,41.8312492,0.0,156.225006,0.0
2025-10-17 08:00:11+00:00,2025-10-17 08:00:11,,,,,,,,,,46.9537506,6.9390626,1046.25,904.875,15.6499996,1.0,,17.31,0.0,16.42,41.8218765,,41.8218765,0.0,156.225006,0.0
2025-10-17 08:00:12+00:00,2025-10-17 08:00:12,,,,,,,,,,46.9537506,6.90156269,1046.47498,904.950012,15.6499996,1.0,,17.31,0.0,16.42,41.8218765,,41.8218765,0.0,156.225006,0.0
2025-10-17 08:00:13+00:00,2025-10-17 08:00:13,,,,,,,,,,46.9462509,6.90156269,1046.625,905.025024,15.6499996,1.0,,17.31,0.0,16.42,41.8312492,,41.8312492,0.0,156.149994,0.0
2025-10-17 08:00:14+00:00,2025-10-17 08:00:14,,,,,,,,,,46.9575005,6.87187481,1046.77502,905.25,15.4875002,1.0,,17.31,0.0,15.71,41.8312492,,41.8312492,0.0,156.225006,0.0
2025-10-17 08:00:15+00:00,2025-10-17 08:00:15,47.0,47.0,47.0,47.0,47.0,14.331610063826043,100.0,BO_ONLY,"BO 모델 결과만 사용 (1단계 롤백, 2~4단계에서 Hz 변화 없음)",46.9575005,6.87187481,1046.92505,905.325012,15.4875002,1.0,,17.31,0.0,15.71,41.8312492,,41.8312492,0.0,156.225006,0.0
2025-10-17 08:00:16+00:00,2025-10-17 08:00:16,,,,,,,,,,46.9575005,6.84062481,1047.07495,905.474976,15.4750004,1.0,,17.31,0.0,15.71,41.8312492,,41.8312492,0.0,156.225006,0.0
2025-10-17 08:00:17+00:00,2025-10-17 08:00:17,,,,,,,,,,47.9812508,6.80937481,1047.22498,905.549988,15.4875002,1.0,,17.31,0.0,15.71,41.8312492,,41.8312492,0.0,156.225006,0.0
2025-10-17 08:00:18+00:00,2025-10-17 08:00:18,,,,,,,,,,47.9887505,6.80937481,1047.375,905.700012,15.4875002,1.0,,17.31,0.0,15.71,41.8312492,,41.8312492,0.0,156.225006,0.0
2025-10-17 08:00:19+00:00,2025-10-17 08:00:19,,,,,,,,,,48.0037498,6.7874999,1047.52502,905.775024,15.3249998,1.0,,17.31,0.0,15.71,41.8312492,,41.8312492,0.0,156.225006,0.0
2025-10-17 08:00:20+00:00,2025-10-17 08:00:20,47.0,47.0,47.0,47.0,47.0,13.732223846928385,100.0,BO_ONLY,"BO 모델 결과만 사용 (1단계 롤백, 2~4단계에서 Hz 변화 없음)",48.0,6.7796874,1047.59998,906.0,15.2250004,1.0,,17.31,0.0,15.71,42.2249985,,42.2249985,0.0,156.225006,0.0
2025-10-17 08:00:21+00:00,2025-10-17 08:00:21,,,,,,,,,,48.0037498,6.7796874,1047.75,906.075012,15.2375002,1.0,,17.31,0.0,15.71,42.609375,,42.609375,0.0,154.800003,0.0
2025-10-17 08:00:22+00:00,2025-10-17 08:00:22,,,,,,,,,,48.0037498,6.79374981,1047.82495,906.150024,15.2375002,1.0,,17.31,0.0,15.71,42.9749985,,42.9749985,0.0,154.725006,0.0
2025-10-17 08:00:23+00:00,2025-10-17 08:00:23,,,,,,,,,,47.9925003,6.79374981,1047.90002,906.299988,15.2375002,1.0,,17.31,0.0,15.71,43.3312492,,43.3312492,0.0,154.800003,0.0
2025-10-17 08:00:24+00:00,2025-10-17 08:00:24,,,,,,,,,,47.9925003,6.79374981,1047.90002,906.299988,15.2375002,1.0,,17.31,0.0,15.25,43.3312492,,43.3312492,0.0,154.800003,0.0
2025-10-17 08:00:25+00:00,2025-10-17 08:00:25,47.0,47.0,47.0,47.0,47.0,13.238400772112842,100.0,BO_ONLY,"BO 모델 결과만 사용 (1단계 롤백, 2~4단계에서 Hz 변화 없음)",47.9962502,6.8687501,1048.05005,906.525024,14.9750004,1.0,,17.31,0.0,15.25,43.3406258,,43.3406258,0.0,154.800003,0.0
2025-10-17 08:00:26+00:00,2025-10-17 08:00:26,,,,,,,,,,48.0074997,6.8687501,1048.125,906.674988,14.9750004,1.0,,17.31,0.0,15.25,43.3406258,,43.3406258,0.0,154.800003,0.0
2025-10-17 08:00:27+00:00,2025-10-17 08:00:27,,,,,,,,,,47.9925003,6.92500019,1048.125,906.825012,14.9750004,1.0,,17.31,0.0,15.25,43.5093765,,43.5093765,0.0,154.800003,0.0
2025-10-17 08:00:28+00:00,2025-10-17 08:00:28,,,,,,,,,,47.9962502,6.98906231,1048.125,906.900024,14.9750004,1.0,,17.31,0.0,15.25,43.5093765,,43.5093765,0.0,154.800003,0.0
2025-10-17 08:00:29+00:00,2025-10-17 08:00:29,,,,,,,,,,48.0,6.98906231,1048.125,907.049988,14.7875004,1.0,,17.31,0.0,15.25,43.5187492,,43.5187492,0.0,154.725006,0.0
2025-10-17 08:00:30+00:00,2025-10-17 08:00:30,47.0,47.0,47.0,47.0,47.0,13.302685520085893,100.0,BO_ONLY,"BO 모델 결과만 사용 (1단계 롤백, 2~4단계에서 Hz 변화 없음)",47.9925003,7.0609374,1048.125,907.200012,14.6499996,1.0,,17.31,0.0,15.25,43.5187492,,43.5187492,0.0,154.800003,0.0
2025-10-17 08:00:31+00:00,2025-10-17 08:00:31,,,,,,,,,,47.9887505,7.0609374,1048.125,907.275024,14.6499996,1.0,,17.31,0.0,15.25,43.5187492,,43.5187492,0.0,154.800003,0.0
2025-10-17 08:00:32+00:00,2025-10-17 08:00:32,,,,,,,,,,48.0,7.1343751,1048.125,907.349976,14.6499996,1.0,,17.31,0.0,15.25,43.5187492,,43.5187492,0.0,153.300003,0.0
2025-10-17 08:00:33+00:00,2025-10-17 08:00:33,,,,,,,,,,48.0,7.1343751,1048.125,907.349976,14.6499996,1.0,,17.31,0.0,15.25,43.5187492,,43.5187492,0.0,153.300003,0.0
2025-10-17 08:00:34+00:00,2025-10-17 08:00:34,,,,,,,,,,48.0037498,7.20781231,1047.97498,907.575012,14.375,1.0,,17.31,0.0,14.67,43.5187492,,43.5187492,0.0,153.300003,0.0
2025-10-17 08:00:35+00:00,2025-10-17 08:00:35,46.0,47.0,46.0,46.0,46.0,13.301592685209792,205.0,BO_O2,"O2 규칙 적용: 7.1% (7.0% < O2 ≤ 8.0%) (2단계 롤백, 3~4단계에서 Hz 변화 없음)",48.0037498,7.2796874,1047.97498,907.650024,14.375,1.0,,17.31,0.0,14.67,43.5187492,,43.5187492,0.0,153.824997,0.0
2025-10-17 08:00:36+00:00,2025-10-17 08:00:36,,,,,,,,,,47.9925003,7.359375,1047.97498,907.799988,14.375,1.0,,17.31,0.0,14.67,43.5187492,,43.5187492,0.0,153.449997,0.0
2025-10-17 08:00:37+00:00,2025-10-17 08:00:37,,,,,,,,,,47.2912483,7.359375,1047.82495,907.875,14.375,1.0,,17.31,0.0,14.67,43.40625,,43.40625,0.0,153.300003,0.0
2025-10-17 08:00:38+00:00,2025-10-17 08:00:38,,,,,,,,,,46.96875,7.4437499,1047.82495,908.025024,14.3874998,1.0,,17.31,0.0,14.67,43.3406258,,43.3406258,0.0,153.300003,0.0
2025-10-17 08:00:39+00:00,2025-10-17 08:00:39,,,,,,,,,,46.9500008,7.4437499,1047.75,908.099976,14.1750002,1.0,,17.31,0.0,14.67,43.3312492,,43.3312492,0.0,153.300003,0.0
2025-10-17 08:00:40+00:00,2025-10-17 08:00:40,46.0,46.0,46.0,46.0,46.0,12.791666187263925,100.0,BO_ONLY,"BO 모델 결과만 사용 (1단계 롤백, 2~4단계에서 Hz 변화 없음)",46.9575005,7.53125,1047.59998,908.25,14.0375004,1.0,,17.31,0.0,14.67,43.1812515,,43.1812515,0.0,153.300003,0.0
2025-10-17 08:00:41+00:00,2025-10-17 08:00:41,,,,,,,,,,46.9500008,7.61406231,1047.59998,908.325012,14.0500002,1.0,,17.31,0.0,14.67,42.6187515,,42.6187515,0.0,153.300003,0.0
2025-10-17 08:00:42+00:00,2025-10-17 08:00:42,,,,,,,,,,46.9575005,7.61406231,1047.52502,908.400024,14.0500002,1.0,,17.31,0.0,14.67,42.3187485,,42.3187485,0.0,153.300003,0.0
2025-10-17 08:00:43+00:00,2025-10-17 08:00:43,,,,,,,,,,46.9575005,7.6890626,1047.44995,908.549988,14.0500002,1.0,,17.31,0.0,14.67,41.9156265,,41.9156265,0.0,154.800003,0.0
2025-10-17 08:00:44+00:00,2025-10-17 08:00:44,,,,,,,,,,46.9575005,7.7562499,1047.375,908.625,13.9624996,1.0,,17.31,0.0,14.08,41.8218765,,41.8218765,0.0,154.800003,0.0
2025-10-17 08:00:45+00:00,2025-10-17 08:00:45,46.0,46.0,46.0,46.0,46.0,12.781085040657597,100.0,BO_ONLY,"BO 모델 결과만 사용 (1단계 롤백, 2~4단계에서 Hz 변화 없음)",46.9537506,7.7562499,1047.30005,908.700012,13.9624996,1.0,,17.31,0.0,14.08,41.8312492,,41.8312492,0.0,154.725006,0.0
2025-10-17 08:00:46+00:00,2025-10-17 08:00:46,,,,,,,,,,46.9612503,7.8187499,1047.15002,908.775024,13.9624996,1.0,,17.31,0.0,14.08,41.8312492,,41.8312492,0.0,154.800003,0.0
2025-10-17 08:00:47+00:00,2025-10-17 08:00:47,,,,,,,,,,46.9537506,7.8187499,1047.07495,908.924988,13.9624996,1.0,,17.31,0.0,14.08,41.8312492,,41.8312492,0.0,154.800003,0.0
2025-10-17 08:00:48+00:00,2025-10-17 08:00:48,,,,,,,,,,46.9537506,7.87968731,1047.0,909.075012,13.9624996,1.0,,17.31,0.0,14.08,41.8312492,,41.8312492,0.0,154.725006,0.0
2025-10-17 08:00:49+00:00,2025-10-17 08:00:49,,,,,,,,,,46.9537506,7.94218731,1046.92505,909.075012,13.9125004,1.0,,17.31,0.0,14.08,41.8312492,,41.8312492,0.0,154.725006,0.0
2025-10-17 08:00:50+00:00,2025-10-17 08:00:50,46.0,46.0,46.0,46.0,46.0,13.09149606539818,100.0,BO_ONLY,"BO 모델 결과만 사용 (1단계 롤백, 2~4단계에서 Hz 변화 없음)",46.9575005,7.94218731,1046.77502,909.150024,13.875,1.0,,17.31,0.0,14.08,41.8312492,,41.8312492,0.0,154.725006,0.0
2025-10-17 08:00:51+00:00,2025-10-17 08:00:51,,,,,,,,,,46.9537506,8.0078125,1046.69995,909.299988,13.875,1.0,,17.31,0.0,14.08,41.8312492,,41.8312492,0.0,155.925003,0.0
2025-10-17 08:00:52+00:00,2025-10-17 08:00:52,,,,,,,,,,46.9500008,8.06718731,1046.55005,909.375,13.875,1.0,,17.31,0.0,14.08,41.8218765,,41.8218765,0.0,156.225006,0.0
2025-10-17 08:00:53+00:00,2025-10-17 08:00:53,,,,,,,,,,46.9575005,8.06718731,1046.40002,909.450012,13.875,1.0,,17.31,0.0,14.08,41.8312492,,41.8312492,0.0,156.225006,0.0
2025-10-17 08:00:54+00:00,2025-10-17 08:00:54,,,,,,,,,,46.9575005,8.12968731,1046.25,909.525024,13.4499998,1.0,,17.31,0.0,13.9,41.8312492,,41.8312492,0.0,156.225006,0.0
2025-10-17 08:00:55+00:00,2025-10-17 08:00:55,46.0,46.0,46.0,46.0,46.0,13.21456306021968,100.0,BO_ONLY,"BO 모델 결과만 사용 (1단계 롤백, 2~4단계에서 Hz 변화 없음)",46.9462509,8.12968731,1046.09998,909.599976,13.4499998,1.0,,17.31,0.0,13.9,41.8218765,,41.8218765,0.0,156.225006,0.0
2025-10-17 08:00:56+00:00,2025-10-17 08:00:56,,,,,,,,,,46.7587509,8.1953125,1045.875,909.75,13.4499998,1.0,,17.31,0.0,13.9,41.8218765,,41.8218765,0.0,156.225006,0.0
2025-10-17 08:00:57+00:00,2025-10-17 08:00:57,,,,,,,,,,44.9249992,8.26249981,1045.72498,909.75,13.4499998,1.0,,17.31,0.0,13.9,41.8312492,,41.8312492,0.0,156.225006,0.0
2025-10-17 08:00:58+00:00,2025-10-17 08:00:58,,,,,,,,,,44.90625,8.26249981,1045.42505,909.825012,13.4499998,1.0,,17.31,0.0,13.9,41.6437492,,41.6437492,0.0,156.225006,0.0
2025-10-17 08:00:59+00:00,2025-10-17 08:00:59,,,,,,,,,,44.9099998,8.32187462,1045.34998,909.900024,13.3999996,1.0,,17.31,0.0,13.9,41.109375,,41.109375,0.0,156.225006,0.0
2025-10-17 08:01:00+00:00,2025-10-17 08:01:00,,,,,,,,,,44.9025002,8.37343788,1044.97498,910.049988,13.3625002,1.0,,17.31,0.0,13.9,40.4625015,,40.4625015,0.0,156.225006,0.0
2025-10-17 08:01:01+00:00,2025-10-17 08:01:01,,,,,,,,,,44.9025002,8.37343788,1044.75,910.049988,13.375,1.0,,17.31,0.0,13.9,39.7874985,,39.7874985,0.0,156.149994,0.0
2025-10-17 08:01:02+00:00,2025-10-17 08:01:02,,,,,,,,,,44.8950005,8.4140625,1044.52502,910.200012,13.3625002,1.0,,17.31,0.0,13.9,39.2437515,,39.2437515,0.0,156.225006,0.0
2025-10-17 08:01:03+00:00,2025-10-17 08:01:03,,,,,,,,,,44.8987503,8.4140625,1044.30005,910.275024,13.3625002,1.0,,17.31,0.0,13.9,38.859375,,38.859375,0.0,156.225006,0.0
2025-10-17 08:01:04+00:00,2025-10-17 08:01:04,,,,,,,,,,44.8950005,8.43906212,1044.0,910.275024,13.1999998,1.0,,17.31,0.0,13.4,38.6906242,,38.6906242,0.0,156.225006,0.0
2025-10-17 08:01:05+00:00,2025-10-17 08:01:05,,,,,,,,,,44.8912506,8.45937538,1043.77502,910.349976,13.1999998,1.0,,17.31,0.0,13.4,38.4937515,,38.4937515,0.0,156.225006,0.0
2025-10-17 08:01:06+00:00,2025-10-17 08:01:06,,,,,,,,,,44.8987503,8.45937538,1043.47498,910.424988,13.1875,1.0,,17.31,0.0,13.4,38.4281235,,38.4281235,0.0,156.225006,0.0
2025-10-17 08:01:07+00:00,2025-10-17 08:01:07,,,,,,,,,,44.8950005,8.47968769,1043.25,910.5,13.1875,1.0,,17.31,0.0,13.4,38.3062515,,38.3062515,0.0,156.225006,0.0
2025-10-17 08:01:08+00:00,2025-10-17 08:01:08,,,,,,,,,,44.9025002,8.50156212,1042.94995,910.575012,13.1999998,1.0,,17.31,0.0,13.4,38.3062515,,38.3062515,0.0,156.225006,0.0
2025-10-17 08:01:09+00:00,2025-10-17 08:01:09,,,,,,,,,,44.90625,8.50156212,1042.65002,910.650024,13.0874996,1.0,,17.31,0.0,13.4,38.3062515,,38.3062515,0.0,156.149994,0.0
2025-10-17 08:01:10+00:00,2025-10-17 08:01:10,,,,,,,,,,44.8950005,8.52968788,1042.19995,910.650024,13.0249996,1.0,,17.31,0.0,13.4,38.3062515,,38.3062515,0.0,156.225006,0.0
2025-10-17 08:01:11+00:00,2025-10-17 08:01:11,,,,,,,,,,44.9025002,8.52968788,1041.90002,910.724976,13.0249996,1.0,,17.31,0.0,13.4,38.3062515,,38.3062515,0.0,156.225006,0.0
2025-10-17 08:01:12+00:00,2025-10-17 08:01:12,,,,,,,,,,44.9025002,8.56406212,1041.44995,910.799988,13.0249996,1.0,,17.31,0.0,13.4,38.3062515,,38.3062515,0.0,156.225006,0.0
2025-10-17 08:01:13+00:00,2025-10-17 08:01:13,,,,,,,,,,44.8950005,8.60312462,1041.15002,910.875,13.0249996,1.0,,17.31,0.0,13.4,38.3062515,,38.3062515,0.0,156.149994,0.0
2025-10-17 08:01:14+00:00,2025-10-17 08:01:14,,,,,,,,,,44.8987503,8.60312462,1040.69995,910.950012,12.7749996,1.0,,17.31,0.0,13.1,38.3062515,,38.3062515,0.0,156.225006,0.0
2025-10-17 08:01:15+00:00,2025-10-17 08:01:15,39.8995003,44.0,44.0,38.0,38.0,11.684296585115975,304.0,BO_O2_RULE,"제어매트릭스 규칙 적용: NOX_LOW (3단계 롤백, 4단계에서 Hz 변화 없음)",44.8950005,8.64687538,1040.32495,910.950012,12.7749996,1.0,,17.31,0.0,13.1,38.3062515,,38.3062515,0.0,156.225006,0.0
2025-10-17 08:01:16+00:00,2025-10-17 08:01:16,,,,,,,,,,44.9025002,8.68906212,1039.875,911.025024,12.7749996,1.0,,17.31,0.0,13.1,38.2593765,,38.2593765,0.0,156.225006,0.0
2025-10-17 08:01:17+00:00,2025-10-17 08:01:17,,,,,,,,,,44.90625,8.68906212,1039.42505,911.025024,12.7749996,1.0,,17.31,0.0,13.1,38.1187515,,38.1187515,0.0,156.225006,0.0
2025-10-17 08:01:18+00:00,2025-10-17 08:01:18,,,,,,,,,,44.9174995,8.73281288,1038.90002,911.099976,12.7749996,1.0,,17.31,0.0,13.1,38.1187515,,38.1187515,0.0,156.149994,0.0
2025-10-17 08:01:19+00:00,2025-10-17 08:01:19,,,,,,,,,,44.90625,8.73281288,1038.44995,911.174988,12.7749996,1.0,,17.31,0.0,13.1,38.1187515,,38.1187515,0.0,156.225006,0.0
2025-10-17 08:01:20+00:00,2025-10-17 08:01:20,39.904375099999996,44.0,44.0,38.0,38.0,11.295853360824701,304.0,BO_O2_RULE,"제어매트릭스 규칙 적용: NOX_LOW (3단계 롤백, 4단계에서 Hz 변화 없음)",44.9025002,8.76875019,1037.84998,911.174988,12.7749996,1.0,,17.31,0.0,13.1,38.1187515,,38.1187515,0.0,156.225006,0.0
2025-10-17 08:01:21+00:00,2025-10-17 08:01:21,,,,,,,,,,44.8987503,8.80624962,1037.32495,911.25,12.7749996,1.0,,17.31,0.0,13.1,38.1187515,,38.1187515,0.0,156.225006,0.0
2025-10-17 08:01:22+00:00,2025-10-17 08:01:22,,,,,,,,,,44.9025002,8.80624962,1036.72498,911.25,12.7749996,1.0,,17.31,0.0,13.1,38.1281242,,38.1281242,0.0,156.149994,0.0
2025-10-17 08:01:23+00:00,2025-10-17 08:01:23,,,,,,,,,,44.9025002,8.86093712,1036.27502,911.325012,12.7749996,1.0,,17.31,0.0,13.1,38.1187515,,38.1187515,0.0,156.225006,0.0
2025-10-17 08:01:24+00:00,2025-10-17 08:01:24,,,,,,,,,,44.8912506,8.92500019,1035.67505,911.325012,12.7749996,1.0,,17.31,0.0,12.84,38.1187515,,38.1187515,0.0,156.225006,0.0
2025-10-17 08:01:25+00:00,2025-10-17 08:01:25,39.900625250000004,45.0,44.0,38.0,38.0,11.394942374589212,304.0,BO_O2_RULE,"제어매트릭스 규칙 적용: NOX_LOW (3단계 롤백, 4단계에서 Hz 변화 없음)",44.8987503,8.92500019,1035.22498,911.325012,12.7749996,1.0,,17.31,0.0,12.84,38.1187515,,38.1187515,0.0,156.225006,0.0
2025-10-17 08:01:26+00:00,2025-10-17 08:01:26,,,,,,,,,,44.7900009,9.00468731,1034.625,911.325012,12.7749996,1.0,,17.31,0.0,12.84,38.1187515,,38.1187515,0.0,156.225006,0.0
2025-10-17 08:01:27+00:00,2025-10-17 08:01:27,,,,,,,,,,40.8187485,9.00468731,1034.09998,911.325012,12.7749996,1.0,,17.31,0.0,12.84,38.1187515,,38.1187515,0.0,156.225006,0.0
2025-10-17 08:01:28+00:00,2025-10-17 08:01:28,,,,,,,,,,40.7775002,9.09687519,1033.5,911.325012,12.7749996,1.0,,17.31,0.0,12.84,38.1187515,,38.1187515,0.0,156.225006,0.0
2025-10-17 08:01:29+00:00,2025-10-17 08:01:29,,,,,,,,,,40.7737503,9.1953125,1033.05005,911.325012,12.7749996,1.0,,17.31,0.0,12.84,37.5843735,,37.5843735,0.0,156.225006,0.0
2025-10-17 08:01:30+00:00,2025-10-17 08:01:30,38.0,38.0,39.0,38.0,38.0,11.663731794454256,304.0,BO_O2_RULE,"제어매트릭스 규칙 적용: NOX_LOW (3단계 롤백, 4단계에서 Hz 변화 없음)",40.7625008,9.1953125,1032.30005,911.325012,12.7749996,1.0,,17.31,0.0,12.84,36.2062492,,36.2062492,0.0,156.149994,0.0
2025-10-17 08:01:31+00:00,2025-10-17 08:01:31,,,,,,,,,,40.3312492,9.30156231,1031.84998,911.325012,12.7749996,1.0,,17.31,0.0,12.84,34.9124985,,34.9124985,0.0,156.225006,0.0
2025-10-17 08:01:32+00:00,2025-10-17 08:01:32,,,,,,,,,,39.7162514,9.42031288,1031.25,911.325012,12.7749996,1.0,,17.31,0.0,12.84,33.6468735,,33.6468735,0.0,156.225006,0.0
2025-10-17 08:01:33+00:00,2025-10-17 08:01:33,,,,,,,,,,39.6974983,9.42031288,1030.80005,911.325012,12.7749996,1.0,,17.31,0.0,12.84,32.6624985,,32.6624985,0.0,157.725006,0.0
2025-10-17 08:01:34+00:00,2025-10-17 08:01:34,,,,,,,,,,39.6937485,9.546875,1030.125,911.325012,12.6875,1.0,,17.31,0.0,12.77,31.7999992,,31.7999992,0.0,157.574997,0.0
2025-10-17 08:01:35+00:00,2025-10-17 08:01:35,38.0,38.0,39.0,38.0,38.0,11.721830752608312,304.0,BO_O2_RULE,"제어매트릭스 규칙 적용: NOX_LOW (3단계 롤백, 4단계에서 Hz 변화 없음)",39.7050018,9.546875,1029.67505,911.325012,12.6875,1.0,,17.31,0.0,12.77,31.1625004,,31.1625004,0.0,157.649994,0.0
2025-10-17 08:01:36+00:00,2025-10-17 08:01:36,,,,,,,,,,39.7050018,9.546875,1029.67505,911.325012,12.6875,1.0,,17.31,0.0,12.77,31.1625004,,31.1625004,0.0,157.649994,0.0
2025-10-17 08:01:37+00:00,2025-10-17 08:01:37,,,,,,,,,,39.6937485,9.79218769,1028.69995,911.325012,12.6875,1.0,,17.31,0.0,12.77,29.9718742,,29.9718742,0.0,159.225006,0.0
2025-10-17 08:01:38+00:00,2025-10-17 08:01:38,,,,,,,,,,39.7050018,9.79218769,1028.17505,911.325012,12.6875,1.0,,17.31,0.0,12.77,29.7749996,,29.7749996,0.0,159.149994,0.0
2025-10-17 08:01:39+00:00,2025-10-17 08:01:39,,,,,,,,,,39.7012482,9.88906288,1027.80005,911.25,12.6374998,1.0,,17.31,0.0,12.77,29.53125,,29.53125,0.0,159.225006,0.0
2025-10-17 08:01:40+00:00,2025-10-17 08:01:40,38.0,38.0,39.0,38.0,38.0,11.450562613809558,304.0,BO_O2_RULE,"제어매트릭스 규칙 적용: NOX_LOW (3단계 롤백, 4단계에서 Hz 변화 없음)",39.6974983,9.96249962,1027.27502,911.25,12.6125002,1.0,,17.31,0.0,12.77,29.34375,,29.34375,0.0,159.225006,0.0
2025-10-17 08:01:41+00:00,2025-10-17 08:01:41,,,,,,,,,,39.7012482,9.96249962,1026.97498,911.25,12.6125002,1.0,,17.31,0.0,12.77,29.2406254,,29.2406254,0.0,159.149994,0.0
2025-10-17 08:01:42+00:00,2025-10-17 08:01:42,,,,,,,,,,39.7012482,10.0218754,1026.52502,911.25,12.6125002,1.0,,17.31,0.0,12.77,29.1656246,,29.1656246,0.0,159.074997,0.0
2025-10-17 08:01:43+00:00,2025-10-17 08:01:43,,,,,,,,,,39.7012482,10.0218754,1026.22498,911.174988,12.6125002,1.0,,17.31,0.0,12.77,29.1656246,38.70680375729881,29.1656246,0.0,159.149994,0.0
2025-10-17 08:01:44+00:00,2025-10-17 08:01:44,,,,,,,,,,39.7050018,10.0609379,1025.77502,911.174988,12.5249996,1.0,,17.31,0.0,12.69,29.15625,,29.15625,0.0,157.649994,0.0
2025-10-17 08:01:45+00:00,2025-10-17 08:01:45,38.0,38.0,39.0,38.0,38.0,11.049651266423812,304.0,BO_O2_RULE,"제어매트릭스 규칙 적용: NOX_LOW (3단계 롤백, 4단계에서 Hz 변화 없음)",39.6899986,10.078125,1025.55005,911.174988,12.5249996,1.0,,17.31,0.0,12.69,29.15625,,29.15625,0.0,157.649994,0.0
2025-10-17 08:01:46+00:00,2025-10-17 08:01:46,,,,,,,,,,39.6974983,10.078125,1025.09998,911.174988,12.5249996,1.0,,17.31,0.0,12.69,29.1656246,,29.1656246,0.0,157.574997,0.0
2025-10-17 08:01:47+00:00,2025-10-17 08:01:47,,,,,,,,,,39.6974983,10.078125,1025.09998,911.174988,12.5249996,1.0,,17.31,0.0,12.69,29.1656246,,29.1656246,0.0,157.574997,0.0
2025-10-17 08:01:48+00:00,2025-10-17 08:01:48,,,,,,,,,,39.7012482,10.0375004,1024.57495,911.099976,12.5249996,1.0,,17.31,0.0,12.69,29.15625,,29.15625,0.0,157.649994,0.0
2025-10-17 08:01:49+00:00,2025-10-17 08:01:49,,,,,,,,,,39.6899986,10.0375004,1024.42505,911.025024,12.5249996,1.0,,17.31,0.0,12.69,29.15625,,29.15625,0.0,157.649994,0.0
2025-10-17 08:01:50+00:00,2025-10-17 08:01:50,38.0,39.0,39.0,38.0,38.0,10.309617693670837,304.0,BO_O2_RULE,"제어매트릭스 규칙 적용: NOX_LOW (3단계 롤백, 4단계에서 Hz 변화 없음)",39.6937485,9.98281288,1024.05005,911.025024,12.5249996,1.0,,17.31,0.0,12.69,29.1656246,,29.1656246,0.0,157.574997,0.0
2025-10-17 08:01:51+00:00,2025-10-17 08:01:51,,,,,,,,,,39.6937485,9.98281288,1023.90002,911.025024,12.5249996,1.0,,17.31,0.0,12.69,29.1656246,,29.1656246,0.0,157.649994,0.0
2025-10-17 08:01:52+00:00,2025-10-17 08:01:52,,,,,,,,,,39.6937485,9.90625,1023.59998,911.025024,12.5249996,1.0,,17.31,0.0,12.69,29.15625,,29.15625,0.0,159.149994,0.0
2025-10-17 08:01:53+00:00,2025-10-17 08:01:53,,,,,,,,,,39.6937485,9.81093788,1023.45001,910.950012,12.5249996,1.0,,17.31,0.0,12.69,29.15625,,29.15625,0.0,159.149994,0.0
2025-10-17 08:01:54+00:00,2025-10-17 08:01:54,,,,,,,,,,39.6974983,9.81093788,1023.22498,910.950012,12.4375,1.0,,17.31,0.0,12.56,29.1656246,,29.1656246,0.0,159.149994,0.0
2025-10-17 08:01:55+00:00,2025-10-17 08:01:55,38.0,39.0,39.0,38.0,38.0,10.499892461979602,304.0,BO_O2_RULE,"제어매트릭스 규칙 적용: NOX_LOW (3단계 롤백, 4단계에서 Hz 변화 없음)",39.7050018,9.703125,1023.0,910.950012,12.4375,1.0,,17.31,0.0,12.56,29.1656246,,29.1656246,0.0,159.149994,0.0
2025-10-17 08:01:56+00:00,2025-10-17 08:01:56,,,,,,,,,,39.6899986,9.59531212,1022.77502,910.950012,12.4375,1.0,,17.31,0.0,12.56,29.1656246,,29.1656246,0.0,159.149994,0.0
2025-10-17 08:01:57+00:00,2025-10-17 08:01:57,,,,,,,,,,39.6937485,9.59531212,1022.625,910.875,12.4375,1.0,,17.31,0.0,12.56,29.15625,39.60680375729881,29.15625,0.0,159.225006,0.0
2025-10-17 08:01:58+00:00,2025-10-17 08:01:58,,,,,,,,,,39.6974983,9.48281288,1022.40002,910.875,12.4375,1.0,,17.31,0.0,12.56,29.15625,,29.15625,0.0,159.149994,0.0
2025-10-17 08:01:59+00:00,2025-10-17 08:01:59,,,,,,,,,,39.6899986,9.48281288,1022.32501,910.799988,12.3249998,1.0,,17.31,0.0,12.56,29.1656246,,29.1656246,0.0,159.149994,0.0
2025-10-17 08:02:00+00:00,2025-10-17 08:02:00,38.0,38.0,39.0,38.0,38.0,9.956348741054615,304.0,BO_O2_RULE,"제어매트릭스 규칙 적용: NOX_LOW (3단계 롤백, 4단계에서 Hz 변화 없음)",39.6937485,9.37343788,1022.09998,910.799988,12.2749996,1.0,,17.31,0.0,12.56,29.1656246,,29.1656246,0.0,159.149994,0.0
2025-10-17 08:02:01+00:00,2025-10-17 08:02:01,,,,,,,,,,39.6974983,9.26875019,1021.95001,910.724976,12.2749996,1.0,,17.31,0.0,12.56,29.15625,,29.15625,0.0,159.149994,0.0
2025-10-17 08:02:02+00:00,2025-10-17 08:02:02,,,,,,,,,,39.6974983,9.26875019,1021.95001,910.724976,12.2749996,1.0,,17.31,0.0,12.56,29.15625,,29.15625,0.0,159.149994,0.0
2025-10-17 08:02:03+00:00,2025-10-17 08:02:03,,,,,,,,,,39.6937485,9.1640625,1021.72498,910.799988,12.2749996,1.0,,17.31,0.0,12.56,29.15625,,29.15625,0.0,160.649994,0.0
2025-10-17 08:02:04+00:00,2025-10-17 08:02:04,,,,,,,,,,39.6899986,9.05781269,1021.57501,910.724976,12.1000004,1.0,,17.31,0.0,12.29,29.1656246,,29.1656246,0.0,160.649994,0.0
2025-10-17 08:02:05+00:00,2025-10-17 08:02:05,38.0,38.0,39.0,38.0,38.0,9.844718811713639,304.0,BO_O2_RULE,"제어매트릭스 규칙 적용: NOX_LOW (3단계 롤백, 4단계에서 Hz 변화 없음)",39.6974983,9.05781269,1021.5,910.724976,12.1125002,1.0,,17.31,0.0,12.29,29.15625,,29.15625,0.0,160.649994,0.0
2025-10-17 08:02:06+00:00,2025-10-17 08:02:06,,,,,,,,,,39.6937485,8.95468712,1021.42499,910.650024,12.1000004,1.0,,17.31,0.0,12.29,29.1656246,,29.1656246,0.0,160.649994,0.0
2025-10-17 08:02:07+00:00,2025-10-17 08:02:07,,,,,,,,,,39.6974983,8.95468712,1021.34998,910.650024,12.1000004,1.0,,17.31,0.0,12.29,29.1656246,,29.1656246,0.0,160.574997,0.0
2025-10-17 08:02:08+00:00,2025-10-17 08:02:08,,,,,,,,,,39.6937485,8.85312462,1021.34998,910.650024,12.1000004,1.0,,17.31,0.0,12.29,29.25,,29.25,0.0,160.649994,0.0
2025-10-17 08:02:09+00:00,2025-10-17 08:02:09,,,,,,,,,,39.7050018,8.7578125,1021.27502,910.650024,11.9875002,1.0,,17.31,0.0,12.29,29.3343754,,29.3343754,0.0,160.574997,0.0
2025-10-17 08:02:10+00:00,2025-10-17 08:02:10,38.0,39.0,40.0,38.0,38.0,9.193272638125253,304.0,BO_O2_RULE,"제어매트릭스 규칙 적용: NOX_LOW (3단계 롤백, 4단계에서 Hz 변화 없음)",39.6937485,8.7578125,1021.27502,910.650024,11.9375,1.0,,17.31,0.0,12.29,29.34375,,29.34375,0.0,160.649994,0.0
2025-10-17 08:02:11+00:00,2025-10-17 08:02:11,,,,,,,,,,40.3087502,8.66874981,1021.27502,910.650024,11.9375,1.0,,17.31,0.0,12.29,29.34375,,29.34375,0.0,160.574997,0.0
2025-10-17 08:02:12+00:00,2025-10-17 08:02:12,,,,,,,,,,40.7400017,8.58437538,1021.27502,910.650024,11.9375,1.0,,17.31,0.0,12.29,29.34375,,29.34375,0.0,160.649994,0.0
2025-10-17 08:02:13+00:00,2025-10-17 08:02:13,,,,,,,,,,40.7662506,8.58437538,1021.20001,910.650024,11.9375,1.0,,17.31,0.0,12.29,29.3343754,,29.3343754,0.0,160.649994,0.0
2025-10-17 08:02:14+00:00,2025-10-17 08:02:14,,,,,,,,,,40.7587509,8.51249981,1021.125,910.650024,11.7624998,1.0,,17.31,0.0,11.97,29.5593758,38.70680375729881,29.5593758,0.0,160.649994,0.0
2025-10-17 08:02:15+00:00,2025-10-17 08:02:15,38.0,44.0,44.0,38.0,38.0,9.324138728735882,304.0,BO_O2_RULE,"제어매트릭스 규칙 적용: NOX_LOW (3단계 롤백, 4단계에서 Hz 변화 없음)",40.7587509,8.51249981,1021.125,910.650024,11.7624998,1.0,,17.31,0.0,11.97,29.5593758,,29.5593758,0.0,160.649994,0.0
2025-10-17 08:02:16+00:00,2025-10-17 08:02:16,,,,,,,,,,40.8074989,8.44843769,1020.97498,910.650024,11.7624998,1.0,,17.31,0.0,11.97,30.1593742,,30.1593742,0.0,159.149994,0.0
2025-10-17 08:02:17+00:00,2025-10-17 08:02:17,,,,,,,,,,42.6412506,8.39218712,1020.90002,910.575012,11.7624998,1.0,,17.31,0.0,11.97,30.6000004,,30.6000004,0.0,159.225006,0.0
2025-10-17 08:02:18+00:00,2025-10-17 08:02:18,,,,,,,,,,42.6412506,8.39218712,1020.90002,910.575012,11.7624998,1.0,,17.31,0.0,11.97,30.6000004,,30.6000004,0.0,159.225006,0.0
2025-10-17 08:02:19+00:00,2025-10-17 08:02:19,,,,,,,,,,42.8400002,8.33281231,1020.75,910.650024,11.7749996,1.0,,17.31,0.0,11.97,31.078125,,31.078125,0.0,159.074997,0.0
2025-10-17 08:02:20+00:00,2025-10-17 08:02:20,38.0,43.0,43.0,38.0,38.0,9.240253512704662,304.0,BO_O2_RULE,"제어매트릭스 규칙 적용: NOX_LOW (3단계 롤백, 4단계에서 Hz 변화 없음)",42.8400002,8.26875019,1020.67499,910.650024,11.7624998,1.0,,17.31,0.0,11.97,31.5187492,,31.5187492,0.0,159.149994,0.0
2025-10-17 08:02:21+00:00,2025-10-17 08:02:21,,,,,,,,,,43.1775017,8.26875019,1020.59998,910.650024,11.7624998,1.0,,17.31,0.0,11.97,32.5125008,,32.5125008,0.0,157.725006,0.0
2025-10-17 08:02:22+00:00,2025-10-17 08:02:22,,,,,,,,,,43.1775017,8.26875019,1020.59998,910.650024,11.7624998,1.0,,17.31,0.0,11.97,32.5125008,,32.5125008,0.0,157.725006,0.0
2025-10-17 08:02:23+00:00,2025-10-17 08:02:23,,,,,,,,,,43.8487511,8.16250038,1020.45001,910.650024,11.7749996,1.0,,17.31,0.0,11.97,33.7593765,,33.7593765,0.0,157.574997,0.0
2025-10-17 08:02:24+00:00,2025-10-17 08:02:24,,,,,,,,,,43.8600006,8.16250038,1020.375,910.650024,11.7749996,1.0,,17.31,0.0,11.83,34.3781242,,34.3781242,0.0,157.649994,0.0
2025-10-17 08:02:25+00:00,2025-10-17 08:02:25,38.0,43.0,43.0,38.0,38.0,9.318956649124729,304.0,BO_O2_RULE,"제어매트릭스 규칙 적용: NOX_LOW (3단계 롤백, 4단계에서 Hz 변화 없음)",43.8600006,8.16250038,1020.375,910.650024,11.7749996,1.0,,17.31,0.0,11.83,34.3781242,,34.3781242,0.0,157.649994,0.0
2025-10-17 08:02:26+00:00,2025-10-17 08:02:26,,,,,,,,,,43.8525009,8.125,1020.15002,910.575012,11.7624998,1.0,,17.31,0.0,11.83,35.3812485,,35.3812485,0.0,156.225006,0.0
2025-10-17 08:02:27+00:00,2025-10-17 08:02:27,,,,,,,,,,43.8525009,8.125,1020.15002,910.575012,11.7624998,1.0,,17.31,0.0,11.83,35.3812485,38.0,35.3812485,0.0,156.225006,0.0
2025-10-17 08:02:28+00:00,2025-10-17 08:02:28,,,,,,,,,,43.8487511,8.13437462,1020.0,910.575012,11.7749996,1.0,,17.31,0.0,11.83,35.9625015,,35.9625015,0.0,156.225006,0.0
2025-10-17 08:02:29+00:00,2025-10-17 08:02:29,,,,,,,,,,43.875,8.13437462,1019.92499,910.650024,11.7624998,1.0,,17.31,0.0,11.83,36.234375,,36.234375,0.0,156.149994,0.0
2025-10-17 08:02:30+00:00,2025-10-17 08:02:30,38.8525009,43.0,43.0,38.0,38.0,9.75587319267865,304.0,BO_O2_RULE,"제어매트릭스 규칙 적용: NOX_LOW (3단계 롤백, 4단계에서 Hz 변화 없음)",43.8787498,8.15937519,1019.92499,910.575012,11.7624998,1.0,,17.31,0.0,11.83,36.421875,,36.421875,0.0,156.225006,0.0
2025-10-17 08:02:31+00:00,2025-10-17 08:02:31,,,,,,,,,,43.8787498,8.15937519,1019.92499,910.575012,11.7624998,1.0,,17.31,0.0,11.83,36.421875,,36.421875,0.0,156.225006,0.0
2025-10-17 08:02:32+00:00,2025-10-17 08:02:32,,,,,,,,,,43.8600006,8.18437481,1019.77502,910.575012,11.7624998,1.0,,17.31,0.0,11.83,36.4312515,,36.4312515,0.0,156.225006,0.0
2025-10-17 08:02:33+00:00,2025-10-17 08:02:33,,,,,,,,,,43.8600006,8.18437481,1019.77502,910.575012,11.7624998,1.0,,17.31,0.0,11.83,36.4312515,,36.4312515,0.0,156.225006,0.0
2025-10-17 08:02:34+00:00,2025-10-17 08:02:34,,,,,,,,,,43.8899994,8.2109375,1019.77502,910.575012,11.7624998,1.0,,17.31,0.0,11.77,36.6187515,,36.6187515,0.0,156.225006,0.0
2025-10-17 08:02:35+00:00,2025-10-17 08:02:35,38.8693752,43.0,43.0,38.0,38.0,10.079819022318802,304.0,BO_O2_RULE,"제어매트릭스 규칙 적용: NOX_LOW (3단계 롤백, 4단계에서 Hz 변화 없음)",43.8712502,8.2109375,1019.70001,910.575012,11.6875,1.0,,17.31,0.0,11.77,36.6187515,,36.6187515,0.0,156.225006,0.0
2025-10-17 08:02:36+00:00,2025-10-17 08:02:36,,,,,,,,,,43.8487511,8.23906231,1019.625,910.575012,11.6875,1.0,,17.31,0.0,11.77,36.6187515,,36.6187515,0.0,156.225006,0.0
2025-10-17 08:02:37+00:00,2025-10-17 08:02:37,,,,,,,,,,43.8525009,8.26718712,1019.54999,910.575012,11.6875,1.0,,17.31,0.0,11.77,36.6187515,,36.6187515,0.0,156.225006,0.0
2025-10-17 08:02:38+00:00,2025-10-17 08:02:38,,,,,,,,,,43.8787498,8.26718712,1019.54999,910.575012,11.6875,1.0,,17.31,0.0,11.77,36.4312515,,36.4312515,0.0,156.225006,0.0
2025-10-17 08:02:39+00:00,2025-10-17 08:02:39,,,,,,,,,,43.8562508,8.29218769,1019.47498,910.575012,11.6875,1.0,,17.31,0.0,11.77,36.6187515,,36.6187515,0.0,156.225006,0.0
2025-10-17 08:02:40+00:00,2025-10-17 08:02:40,38.850626000000005,43.0,43.0,38.0,38.0,9.499261915393404,304.0,BO_O2_RULE,"제어매트릭스 규칙 적용: NOX_LOW (3단계 롤백, 4단계에서 Hz 변화 없음)",43.8562508,8.31093788,1019.40002,910.575012,11.5124998,1.0,,17.31,0.0,11.77,36.6281242,,36.6281242,0.0,156.225006,0.0
2025-10-17 08:02:41+00:00,2025-10-17 08:02:41,,,,,,,,,,43.8562508,8.31093788,1019.32501,910.575012,11.5124998,1.0,,17.31,0.0,11.77,36.6187515,,36.6187515,0.0,156.149994,0.0
2025-10-17 08:02:42+00:00,2025-10-17 08:02:42,,,,,,,,,,43.8525009,8.32499981,1019.25,910.575012,11.5124998,1.0,,17.31,0.0,11.77,36.5718765,,36.5718765,0.0,156.225006,0.0
2025-10-17 08:02:43+00:00,2025-10-17 08:02:43,,,,,,,,,,43.8450012,8.32499981,1019.25,910.575012,11.5124998,1.0,,17.31,0.0,11.77,36.6187515,,36.6187515,0.0,156.225006,0.0
2025-10-17 08:02:44+00:00,2025-10-17 08:02:44,,,,,,,,,,43.8487511,8.3359375,1019.09998,910.575012,11.5124998,1.0,,17.31,0.0,11.55,36.6187515,38.0,36.6187515,0.0,156.225006,0.0
2025-10-17 08:02:45+00:00,2025-10-17 08:02:45,38.8562508,43.0,43.0,38.0,38.0,9.423361525604044,304.0,BO_O2_RULE,"제어매트릭스 규칙 적용: NOX_LOW (3단계 롤백, 4단계에서 Hz 변화 없음)",43.8525009,8.34843731,1019.09998,910.650024,11.4250002,1.0,,17.31,0.0,11.55,36.4968758,,36.4968758,0.0,156.225006,0.0
2025-10-17 08:02:46+00:00,2025-10-17 08:02:46,,,,,,,,,,43.8600006,8.34843731,1018.95001,910.575012,11.4250002,1.0,,17.31,0.0,11.55,36.4312515,,36.4312515,0.0,156.225006,0.0
2025-10-17 08:02:47+00:00,2025-10-17 08:02:47,,,,,,,,,,43.8487511,8.359375,1018.95001,910.575012,11.4250002,1.0,,17.31,0.0,11.55,36.4312515,,36.4312515,0.0,156.225006,0.0
2025-10-17 08:02:48+00:00,2025-10-17 08:02:48,,,,,,,,,,43.8487511,8.36250019,1018.875,910.575012,11.4250002,1.0,,17.31,0.0,11.55,36.4312515,,36.4312515,0.0,156.225006,0.0
2025-10-17 08:02:49+00:00,2025-10-17 08:02:49,,,,,,,,,,43.8525009,8.36250019,1018.875,910.575012,11.4375,1.0,,17.31,0.0,11.55,36.4312515,,36.4312515,0.0,156.225006,0.0
2025-10-17 08:02:50+00:00,2025-10-17 08:02:50,38.85437585,43.0,43.0,38.0,38.0,9.344735319048315,304.0,BO_O2_RULE,"제어매트릭스 규칙 적용: NOX_LOW (3단계 롤백, 4단계에서 Hz 변화 없음)",43.8525009,8.3515625,1018.79999,910.650024,11.4250002,1.0,,17.31,0.0,11.55,36.4312515,,36.4312515,0.0,156.225006,0.0
2025-10-17 08:02:51+00:00,2025-10-17 08:02:51,,,,,,,,,,43.8487511,8.3515625,1018.72498,910.650024,11.4250002,1.0,,17.31,0.0,11.55,36.4312515,,36.4312515,0.0,156.225006,0.0
2025-10-17 08:02:52+00:00,2025-10-17 08:02:52,,,,,,,,,,43.8450012,8.33437538,1018.72498,910.650024,11.4250002,1.0,,17.31,0.0,11.55,36.4312515,,36.4312515,0.0,156.225006,0.0
2025-10-17 08:02:53+00:00,2025-10-17 08:02:53,,,,,,,,,,43.8525009,8.30937481,1018.65002,910.650024,11.4250002,1.0,,17.31,0.0,11.55,36.4312515,,36.4312515,0.0,156.149994,0.0
2025-10-17 08:02:54+00:00,2025-10-17 08:02:54,,,,,,,,,,43.8450012,8.30937481,1018.5,910.650024,11.4250002,1.0,,17.31,0.0,11.46,36.4312515,,36.4312515,0.0,156.225006,0.0
2025-10-17 08:02:55+00:00,2025-10-17 08:02:55,38.84687615,43.0,43.0,38.0,38.0,9.434972481275848,304.0,BO_O2_RULE,"제어매트릭스 규칙 적용: NOX_LOW (3단계 롤백, 4단계에서 Hz 변화 없음)",43.8412514,8.28125,1018.5,910.650024,11.3500004,1.0,,17.31,0.0,11.46,36.421875,,36.421875,0.0,156.225006,0.0
2025-10-17 08:02:56+00:00,2025-10-17 08:02:56,,,,,,,,,,43.8562508,8.25156212,1018.42499,910.650024,11.3500004,1.0,,17.31,0.0,11.46,36.4312515,38.70680375729881,36.4312515,0.0,156.225006,0.0
2025-10-17 08:02:57+00:00,2025-10-17 08:02:57,,,,,,,,,,43.8525009,8.25156212,1018.42499,910.650024,11.3500004,1.0,,17.31,0.0,11.46,36.4312515,,36.4312515,0.0,156.225006,0.0
2025-10-17 08:02:58+00:00,2025-10-17 08:02:58,,,,,,,,,,43.8787498,8.21875,1018.34998,910.650024,11.3500004,1.0,,17.31,0.0,11.46,36.4312515,,36.4312515,0.0,156.225006,0.0
2025-10-17 08:02:59+00:00,2025-10-17 08:02:59,,,,,,,,,,43.8412514,8.21875,1018.27502,910.650024,11.3500004,1.0,,17.31,0.0,11.46,36.4312515,,36.4312515,0.0,156.225006,0.0
2025-10-17 08:03:00+00:00,2025-10-17 08:03:00,38.85437585,43.0,43.0,38.0,38.0,9.771687744233743,304.0,BO_O2_RULE,"제어매트릭스 규칙 적용: NOX_LOW (3단계 롤백, 4단계에서 Hz 변화 없음)",43.8412514,8.18437481,1018.27502,910.724976,11.2624998,1.0,,17.31,0.0,11.46,36.4312515,,36.4312515,0.0,156.225006,0.0
2025-10-17 08:03:01+00:00,2025-10-17 08:03:01,,,,,,,,,,43.8712502,8.15156269,1018.27502,910.724976,11.2624998,1.0,,17.31,0.0,11.46,36.4312515,,36.4312515,0.0,156.149994,0.0
2025-10-17 08:03:02+00:00,2025-10-17 08:03:02,,,,,,,,,,43.8412514,8.15156269,1018.34998,910.724976,11.2624998,1.0,,17.31,0.0,11.46,36.4312515,,36.4312515,0.0,156.225006,0.0
2025-10-17 08:03:03+00:00,2025-10-17 08:03:03,,,,,,,,,,43.8450012,8.12187481,1018.42499,910.799988,11.2624998,1.0,,17.31,0.0,11.46,36.5437508,,36.5437508,0.0,156.225006,0.0
2025-10-17 08:03:04+00:00,2025-10-17 08:03:04,,,,,,,,,,43.8899994,8.09531212,1018.42499,910.724976,11.25,1.0,,17.31,0.0,11.31,36.4312515,,36.4312515,0.0,156.149994,0.0
2025-10-17 08:03:05+00:00,2025-10-17 08:03:05,38.8562508,43.0,43.0,38.0,38.0,10.030210963220526,304.0,BO_O2_RULE,"제어매트릭스 규칙 적용: NOX_LOW (3단계 롤백, 4단계에서 Hz 변화 없음)",43.8412514,8.09531212,1018.5,910.724976,11.0874996,1.0,,17.31,0.0,11.31,36.4312515,,36.4312515,0.0,156.225006,0.0
2025-10-17 08:03:06+00:00,2025-10-17 08:03:06,,,,,,,,,,43.8487511,8.0703125,1018.65002,910.724976,11.0874996,1.0,,17.31,0.0,11.31,36.4312515,,36.4312515,0.0,156.225006,0.0
2025-10-17 08:03:07+00:00,2025-10-17 08:03:07,,,,,,,,,,43.8487511,8.0703125,1018.72498,910.799988,11.1000004,1.0,,17.31,0.0,11.31,36.4312515,,36.4312515,0.0,156.225006,0.0
2025-10-17 08:03:08+00:00,2025-10-17 08:03:08,,,,,,,,,,43.8450012,8.0390625,1018.875,910.799988,11.0874996,1.0,,17.31,0.0,11.31,36.5999985,,36.5999985,0.0,156.225006,0.0
2025-10-17 08:03:09+00:00,2025-10-17 08:03:09,,,,,,,,,,43.8487511,8.00468731,1019.02502,910.799988,11.0874996,1.0,,17.31,0.0,11.31,36.6187515,,36.6187515,0.0,156.149994,0.0
2025-10-17 08:03:10+00:00,2025-10-17 08:03:10,38.8487511,43.0,43.0,38.0,38.0,9.773188371825514,304.0,BO_O2_RULE,"제어매트릭스 규칙 적용: NOX_LOW (3단계 롤백, 4단계에서 Hz 변화 없음)",43.8675003,8.00468731,1019.25,910.875,11.0124998,1.0,,17.31,0.0,11.31,36.6187515,,36.6187515,0.0,156.225006,0.0
2025-10-17 08:03:11+00:00,2025-10-17 08:03:11,,,,,,,,,,43.8412514,7.9609375,1019.47498,910.875,11.0124998,1.0,,17.31,0.0,11.31,36.6187515,,36.6187515,0.0,156.225006,0.0
2025-10-17 08:03:12+00:00,2025-10-17 08:03:12,,,,,,,,,,43.8637505,7.91874981,1019.70001,910.950012,11.0124998,1.0,,17.31,0.0,11.31,36.6187515,,36.6187515,0.0,156.225006,0.0
2025-10-17 08:03:13+00:00,2025-10-17 08:03:13,,,,,,,,,,43.8637505,7.91874981,1019.92499,910.950012,11.0124998,1.0,,17.31,0.0,11.31,36.6187515,38.70680375729881,36.6187515,0.0,156.225006,0.0
2025-10-17 08:03:14+00:00,2025-10-17 08:03:14,,,,,,,,,,43.8525009,7.87031269,1020.15002,910.950012,11.0,1.0,,17.31,0.0,11.08,36.6281242,,36.6281242,0.0,156.225006,0.0
2025-10-17 08:03:15+00:00,2025-10-17 08:03:15,38.85250095,43.0,43.0,38.0,38.0,10.045690516775727,304.0,BO_O2_RULE,"제어매트릭스 규칙 적용: NOX_LOW (3단계 롤백, 4단계에서 Hz 변화 없음)",43.8487511,7.87031269,1020.29999,911.025024,10.9250002,1.0,,17.31,0.0,11.08,36.6187515,,36.6187515,0.0,156.225006,0.0
2025-10-17 08:03:16+00:00,2025-10-17 08:03:16,,,,,,,,,,43.8412514,7.8125,1020.59998,911.025024,10.9250002,1.0,,17.31,0.0,11.08,36.6187515,,36.6187515,0.0,156.225006,0.0
2025-10-17 08:03:17+00:00,2025-10-17 08:03:17,,,,,,,,,,43.8450012,7.7515626,1020.82501,911.025024,10.9250002,1.0,,17.31,0.0,11.08,36.6187515,,36.6187515,0.0,156.149994,0.0
2025-10-17 08:03:18+00:00,2025-10-17 08:03:18,,,,,,,,,,43.8600006,7.7515626,1021.20001,911.099976,10.9250002,1.0,,17.31,0.0,11.08,36.6187515,,36.6187515,0.0,156.225006,0.0
2025-10-17 08:03:19+00:00,2025-10-17 08:03:19,,,,,,,,,,43.8412514,7.6859374,1021.42499,911.099976,10.9250002,1.0,,17.31,0.0,11.08,36.6187515,,36.6187515,0.0,156.225006,0.0
2025-10-17 08:03:20+00:00,2025-10-17 08:03:20,38.8412514,43.0,43.0,38.0,38.0,9.736853259183086,304.0,BO_O2_RULE,"제어매트릭스 규칙 적용: NOX_LOW (3단계 롤백, 4단계에서 Hz 변화 없음)",43.8450012,7.62187481,1021.79999,911.174988,10.9250002,1.0,,17.31,0.0,11.08,36.6187515,,36.6187515,0.0,156.149994,0.0
2025-10-17 08:03:21+00:00,2025-10-17 08:03:21,,,,,,,,,,43.8487511,7.62187481,1022.02502,911.174988,10.9250002,1.0,,17.31,0.0,11.08,36.6187515,,36.6187515,0.0,156.225006,0.0
2025-10-17 08:03:22+00:00,2025-10-17 08:03:22,,,,,,,,,,43.8824997,7.5640626,1022.40002,911.25,10.9250002,1.0,,17.31,0.0,11.08,36.6187515,,36.6187515,0.0,156.225006,0.0
2025-10-17 08:03:23+00:00,2025-10-17 08:03:23,,,,,,,,,,43.8600006,7.5640626,1022.625,911.25,10.9250002,1.0,,17.31,0.0,11.08,36.6187515,,36.6187515,0.0,156.225006,0.0
2025-10-17 08:03:24+00:00,2025-10-17 08:03:24,,,,,,,,,,43.875,7.5171876,1023.0,911.325012,10.9125004,1.0,,17.31,0.0,10.96,36.6187515,,36.6187515,0.0,156.225006,0.0
2025-10-17 08:03:25+00:00,2025-10-17 08:03:25,38.8656254,47.0,46.0,38.0,38.0,9.786286701817456,304.0,BO_O2_RULE,"제어매트릭스 규칙 적용: NOX_LOW (3단계 롤백, 4단계에서 Hz 변화 없음)",43.8562508,7.4781251,1023.22498,911.325012,11.0874996,1.0,,17.31,0.0,10.96,36.6187515,,36.6187515,0.0,156.225006,0.0
2025-10-17 08:03:26+00:00,2025-10-17 08:03:26,,,,,,,,,,43.8862495,7.4781251,1023.67499,911.400024,11.0874996,1.0,,17.31,0.0,10.96,36.6187515,,36.6187515,0.0,156.225006,0.0
2025-10-17 08:03:27+00:00,2025-10-17 08:03:27,,,,,,,,,,46.5900002,7.4453125,1023.90002,911.474976,11.0874996,1.0,,17.31,0.0,10.96,36.6187515,39.60680375729881,36.6187515,0.0,156.225006,0.0
2025-10-17 08:03:28+00:00,2025-10-17 08:03:28,,,,,,,,,,46.9387512,7.4140625,1024.27502,911.474976,11.0874996,1.0,,17.31,0.0,10.96,36.6187515,,36.6187515,0.0,156.149994,0.0
2025-10-17 08:03:29+00:00,2025-10-17 08:03:29,,,,,,,,,,46.9462509,7.4140625,1024.57495,911.474976,11.0874996,1.0,,17.31,0.0,10.96,36.703125,,36.703125,0.0,156.225006,0.0
2025-10-17 08:03:30+00:00,2025-10-17 08:03:30,40.23812485,47.0,46.0,38.0,38.0,11.675208159649367,304.0,BO_O2_RULE,"제어매트릭스 규칙 적용: NOX_LOW (3단계 롤백, 4단계에서 Hz 변화 없음)",46.9575005,7.3890624,1024.875,911.549988,11.1000004,1.0,,17.31,0.0,10.96,37.8187485,,37.8187485,0.0,156.225006,0.0
2025-10-17 08:03:31+00:00,2025-10-17 08:03:31,,,,,,,,,,46.9462509,7.3890624,1025.09998,911.625,11.0874996,1.0,,17.31,0.0,10.96,38.90625,,38.90625,0.0,156.225006,0.0
2025-10-17 08:03:32+00:00,2025-10-17 08:03:32,,,,,,,,,,46.9537506,7.37031269,1025.47498,911.700012,11.0874996,1.0,,17.31,0.0,10.96,39.890625,,39.890625,0.0,156.225006,0.0
2025-10-17 08:03:33+00:00,2025-10-17 08:03:33,,,,,,,,,,46.9575005,7.3515625,1025.77502,911.700012,11.0874996,1.0,,17.31,0.0,10.96,40.5843735,,40.5843735,0.0,156.225006,0.0
2025-10-17 08:03:34+00:00,2025-10-17 08:03:34,,,,,,,,,,46.9462509,7.3515625,1026.15002,911.700012,11.0874996,1.0,,17.31,0.0,11.16,41.0906258,,41.0906258,0.0,156.225006,0.0
2025-10-17 08:03:35+00:00,2025-10-17 08:03:35,41.95000075,47.0,46.0,38.0,38.0,11.791280766697527,304.0,BO_O2_RULE,"제어매트릭스 규칙 적용: NOX_LOW (3단계 롤백, 4단계에서 Hz 변화 없음)",46.9537506,7.328125,1026.59998,911.849976,11.1750002,1.0,,17.31,0.0,11.16,41.2218742,,41.2218742,0.0,155.324997,0.0
2025-10-17 08:03:36+00:00,2025-10-17 08:03:36,,,,,,,,,,46.9575005,7.30781269,1026.82495,911.849976,11.1750002,1.0,,17.31,0.0,11.16,41.4656258,,41.4656258,0.0,154.725006,0.0
2025-10-17 08:03:37+00:00,2025-10-17 08:03:37,,,,,,,,,,46.9537506,7.30781269,1027.05005,911.849976,11.1750002,1.0,,17.31,0.0,11.16,41.6437492,,41.6437492,0.0,154.725006,0.0
2025-10-17 08:03:38+00:00,2025-10-17 08:03:38,,,,,,,,,,46.9612503,7.2890625,1027.5,911.924988,11.1750002,1.0,,17.31,0.0,11.16,41.8218765,,41.8218765,0.0,154.800003,0.0
2025-10-17 08:03:39+00:00,2025-10-17 08:03:39,,,,,,,,,,46.9425011,7.2890625,1027.72498,911.924988,11.1875,1.0,,17.31,0.0,11.16,41.8218765,,41.8218765,0.0,154.800003,0.0
2025-10-17 08:03:40+00:00,2025-10-17 08:03:40,41.95562555,47.0,46.0,38.0,38.0,11.844272528011292,304.0,BO_O2_RULE,"제어매트릭스 규칙 적용: NOX_LOW (3단계 롤백, 4단계에서 Hz 변화 없음)",46.9500008,7.27812481,1028.17505,912.075012,11.2624998,1.0,,17.31,0.0,11.16,41.8312492,,41.8312492,0.0,154.725006,0.0
2025-10-17 08:03:41+00:00,2025-10-17 08:03:41,,,,,,,,,,46.9425011,7.2734375,1028.47498,912.150024,11.2624998,1.0,,17.31,0.0,11.16,41.8218765,,41.8218765,0.0,154.800003,0.0
2025-10-17 08:03:42+00:00,2025-10-17 08:03:42,,,,,,,,,,46.9537506,7.2734375,1028.92505,912.150024,11.2624998,1.0,,17.31,0.0,11.16,41.8218765,,41.8218765,0.0,154.725006,0.0
2025-10-17 08:03:43+00:00,2025-10-17 08:03:43,,,,,,,,,,46.9575005,7.27031231,1029.22498,912.224976,11.2624998,1.0,,17.31,0.0,11.16,41.8218765,39.60680375729881,41.8218765,0.0,154.725006,0.0
2025-10-17 08:03:44+00:00,2025-10-17 08:03:44,,,,,,,,,,46.9500008,7.2671876,1029.75,912.299988,11.25,1.0,,17.31,0.0,11.16,41.8312492,,41.8312492,0.0,154.725006,0.0
2025-10-17 08:03:45+00:00,2025-10-17 08:03:45,41.94812585,47.0,46.0,38.0,38.0,11.609041985817884,304.0,BO_O2_RULE,"제어매트릭스 규칙 적용: NOX_LOW (3단계 롤백, 4단계에서 Hz 변화 없음)",46.9500008,7.2671876,1030.05005,912.299988,11.4250002,1.0,,17.31,0.0,11.29,41.8312492,,41.8312492,0.0,154.725006,0.0
2025-10-17 08:03:46+00:00,2025-10-17 08:03:46,,,,,,,,,,46.9500008,7.2671876,1030.57495,912.375,11.4375,1.0,,17.31,0.0,11.29,41.8218765,,41.8218765,0.0,154.725006,0.0
2025-10-17 08:03:47+00:00,2025-10-17 08:03:47,,,,,,,,,,46.9575005,7.2671876,1030.94995,912.450012,11.4250002,1.0,,17.31,0.0,11.29,41.8218765,,41.8218765,0.0,154.725006,0.0
2025-10-17 08:03:48+00:00,2025-10-17 08:03:48,,,,,,,,,,46.9500008,7.27656269,1031.47498,912.450012,11.4250002,1.0,,17.31,0.0,11.29,41.8312492,,41.8312492,0.0,154.725006,0.0
2025-10-17 08:03:49+00:00,2025-10-17 08:03:49,,,,,,,,,,46.9500008,7.2906251,1031.92505,912.525024,11.4375,1.0,,17.31,0.0,11.29,41.8312492,,41.8312492,0.0,154.725006,0.0
2025-10-17 08:03:50+00:00,2025-10-17 08:03:50,41.95375065,47.0,46.0,38.0,38.0,11.66828100266094,304.0,BO_O2_RULE,"제어매트릭스 규칙 적용: NOX_LOW (3단계 롤백, 4단계에서 Hz 변화 없음)",46.9462509,7.2906251,1032.52502,912.599976,11.5124998,1.0,,17.31,0.0,11.29,41.8312492,,41.8312492,0.0,153.300003,0.0
2025-10-17 08:03:51+00:00,2025-10-17 08:03:51,,,,,,,,,,46.9537506,7.3031249,1032.97498,912.674988,11.5124998,1.0,,17.31,0.0,11.29,41.8218765,,41.8218765,0.0,153.300003,0.0
2025-10-17 08:03:52+00:00,2025-10-17 08:03:52,,,,,,,,,,46.9537506,7.30781269,1033.57495,912.75,11.5124998,1.0,,17.31,0.0,11.29,41.8312492,,41.8312492,0.0,153.300003,0.0
2025-10-17 08:03:53+00:00,2025-10-17 08:03:53,,,,,,,,,,46.9537506,7.30781269,1033.94995,912.75,11.5124998,1.0,,17.31,0.0,11.29,41.8312492,,41.8312492,0.0,153.225006,0.0
2025-10-17 08:03:54+00:00,2025-10-17 08:03:54,,,,,,,,,,46.9537506,7.30937481,1034.55005,912.825012,11.5124998,1.0,,17.31,0.0,11.29,41.8312492,,41.8312492,0.0,153.300003,0.0
2025-10-17 08:03:55+00:00,2025-10-17 08:03:55,46.0,47.0,46.0,46.0,46.0,13.371498694437,205.0,BO_O2,"O2 규칙 적용: 7.3% (7.0% < O2 ≤ 8.0%) (2단계 롤백, 3~4단계에서 Hz 변화 없음)",46.9575005,7.30937481,1035.0,912.900024,11.6875,1.0,,17.31,0.0,11.51,41.8218765,39.60680375729881,41.8218765,0.0,153.300003,0.0
2025-10-17 08:03:56+00:00,2025-10-17 08:03:56,,,,,,,,,,46.9500008,7.30937481,1035.67505,912.900024,11.6875,1.0,,17.31,0.0,11.51,41.8312492,,41.8312492,0.0,153.300003,0.0
2025-10-17 08:03:57+00:00,2025-10-17 08:03:57,,,,,,,,,,46.9537506,7.3218751,1036.05005,912.974976,11.6875,1.0,,17.31,0.0,11.51,41.8312492,,41.8312492,0.0,153.300003,0.0
2025-10-17 08:03:58+00:00,2025-10-17 08:03:58,,,,,,,,,,46.9425011,7.3218751,1036.65002,913.049988,11.6875,1.0,,17.31,0.0,11.51,41.8312492,,41.8312492,0.0,153.300003,0.0
2025-10-17 08:03:59+00:00,2025-10-17 08:03:59,,,,,,,,,,46.9500008,7.3359375,1037.02502,913.049988,11.6875,1.0,,17.31,0.0,11.51,41.8218765,,41.8218765,0.0,153.300003,0.0
2025-10-17 08:04:00+00:00,2025-10-17 08:04:00,46.0,47.0,46.0,46.0,46.0,13.50938800214297,205.0,BO_O2,"O2 규칙 적용: 7.3% (7.0% < O2 ≤ 8.0%) (2단계 롤백, 3~4단계에서 Hz 변화 없음)",46.9537506,7.3499999,1037.625,913.200012,11.9375,1.0,,17.31,0.0,11.51,41.8218765,,41.8218765,0.0,153.300003,0.0
2025-10-17 08:04:01+00:00,2025-10-17 08:04:01,,,,,,,,,,46.9575005,7.3499999,1038.0,913.200012,11.9375,1.0,,17.31,0.0,11.51,41.8218765,,41.8218765,0.0,153.225006,0.0
2025-10-17 08:04:02+00:00,2025-10-17 08:04:02,,,,,,,,,,46.9425011,7.3687501,1038.59998,913.200012,11.9375,1.0,,17.31,0.0,11.51,41.8312492,,41.8312492,0.0,153.300003,0.0
2025-10-17 08:04:03+00:00,2025-10-17 08:04:03,,,,,,,,,,46.9537506,7.390625,1039.19995,913.275024,11.9375,1.0,,17.31,0.0,11.51,41.8218765,,41.8218765,0.0,153.300003,0.0
2025-10-17 08:04:04+00:00,2025-10-17 08:04:04,,,,,,,,,,46.9500008,7.390625,1039.65002,913.275024,11.9375,1.0,,17.31,0.0,11.51,41.8218765,,41.8218765,0.0,153.300003,0.0
2025-10-17 08:04:05+00:00,2025-10-17 08:04:05,46.0,47.0,46.0,46.0,46.0,13.494567237270305,205.0,BO_O2,"O2 규칙 적용: 7.3% (7.0% < O2 ≤ 8.0%) (2단계 롤백, 3~4단계에서 Hz 변화 없음)",46.9575005,7.4140625,1040.09998,913.349976,12.1000004,1.0,,17.31,0.0,11.95,41.8312492,,41.8312492,0.0,153.225006,0.0
2025-10-17 08:04:06+00:00,2025-10-17 08:04:06,,,,,,,,,,46.9500008,7.4140625,1040.77502,913.349976,12.1125002,1.0,,17.31,0.0,11.95,41.8312492,,41.8312492,0.0,154.725006,0.0
2025-10-17 08:04:07+00:00,2025-10-17 08:04:07,,,,,,,,,,46.9575005,7.4359374,1041.22498,913.424988,12.1125002,1.0,,17.31,0.0,11.95,41.8218765,,41.8218765,0.0,154.800003,0.0
2025-10-17 08:04:08+00:00,2025-10-17 08:04:08,,,,,,,,,,46.9425011,7.45625019,1042.05005,913.5,12.1125002,1.0,,17.31,0.0,11.95,41.8218765,,41.8218765,0.0,154.725006,0.0
2025-10-17 08:04:09+00:00,2025-10-17 08:04:09,,,,,,,,,,46.9650002,7.45625019,1042.57495,913.5,12.1000004,1.0,,17.31,0.0,11.95,41.8312492,,41.8312492,0.0,154.725006,0.0
2025-10-17 08:04:10+00:00,2025-10-17 08:04:10,46.0,46.0,46.0,46.0,46.0,14.24829532213727,100.0,BO_ONLY,"BO 모델 결과만 사용 (1단계 롤백, 2~4단계에서 Hz 변화 없음)",46.9500008,7.47343731,1043.40002,913.575012,12.2749996,1.0,,17.31,0.0,11.95,41.8312492,,41.8312492,0.0,154.725006,0.0
2025-10-17 08:04:11+00:00,2025-10-17 08:04:11,,,,,,,,,,46.9537506,7.4937501,1043.92505,913.575012,12.2749996,1.0,,17.31,0.0,11.95,41.8218765,,41.8218765,0.0,154.725006,0.0
2025-10-17 08:04:12+00:00,2025-10-17 08:04:12,,,,,,,,,,46.9575005,7.4937501,1044.75,913.650024,12.2749996,1.0,,17.31,0.0,11.95,41.8218765,42.30680375729881,41.8218765,0.0,154.800003,0.0
2025-10-17 08:04:13+00:00,2025-10-17 08:04:13,,,,,,,,,,46.9500008,7.5093751,1045.27502,913.724976,12.2749996,1.0,,17.31,0.0,11.95,41.8312492,,41.8312492,0.0,154.725006,0.0
2025-10-17 08:04:14+00:00,2025-10-17 08:04:14,,,,,,,,,,46.9425011,7.5093751,1046.02502,913.724976,12.2749996,1.0,,17.31,0.0,11.95,41.8312492,,41.8312492,0.0,154.725006,0.0
2025-10-17 08:04:15+00:00,2025-10-17 08:04:15,46.0,46.0,46.0,46.0,46.0,14.018700490751463,100.0,BO_ONLY,"BO 모델 결과만 사용 (1단계 롤백, 2~4단계에서 Hz 변화 없음)",46.9537506,7.5234375,1046.77502,913.799988,12.4375,1.0,,17.31,0.0,12.31,41.8218765,,41.8218765,0.0,154.800003,0.0
2025-10-17 08:04:16+00:00,2025-10-17 08:04:16,,,,,,,,,,46.9612503,7.5250001,1047.22498,913.799988,12.4375,1.0,,17.31,0.0,12.31,41.8218765,,41.8218765,0.0,154.800003,0.0
2025-10-17 08:04:17+00:00,2025-10-17 08:04:17,,,,,,,,,,46.9500008,7.5250001,1047.75,913.875,12.4375,1.0,,17.31,0.0,12.31,41.8312492,,41.8312492,0.0,154.725006,0.0
2025-10-17 08:04:18+00:00,2025-10-17 08:04:18,,,,,,,,,,46.9462509,7.5062499,1048.42505,913.875,12.4375,1.0,,17.31,0.0,12.31,41.8218765,,41.8218765,0.0,155.475006,0.0
2025-10-17 08:04:19+00:00,2025-10-17 08:04:19,,,,,,,,,,46.9612503,7.46562481,1048.875,913.950012,12.4375,1.0,,17.31,0.0,12.31,41.8218765,,41.8218765,0.0,156.225006,0.0
2025-10-17 08:04:20+00:00,2025-10-17 08:04:20,46.0,46.0,46.0,46.0,46.0,13.670499758275012,100.0,BO_ONLY,"BO 모델 결과만 사용 (1단계 롤백, 2~4단계에서 Hz 변화 없음)",46.9612503,7.46562481,1049.55005,913.950012,12.5249996,1.0,,17.31,0.0,12.31,41.8218765,,41.8218765,0.0,156.225006,0.0
2025-10-17 08:04:21+00:00,2025-10-17 08:04:21,,,,,,,,,,46.9462509,7.41718769,1050.0,913.950012,12.5249996,1.0,,17.31,0.0,12.31,41.8312492,,41.8312492,0.0,156.225006,0.0
2025-10-17 08:04:22+00:00,2025-10-17 08:04:22,,,,,,,,,,46.9537506,7.41718769,1050.59998,914.025024,12.5249996,1.0,,17.31,0.0,12.31,41.8218765,,41.8218765,0.0,156.225006,0.0
2025-10-17 08:04:23+00:00,2025-10-17 08:04:23,,,,,,,,,,46.9500008,7.3671875,1050.97498,914.099976,12.5249996,1.0,,17.31,0.0,12.31,41.8218765,,41.8218765,0.0,156.225006,0.0
2025-10-17 08:04:24+00:00,2025-10-17 08:04:24,,,,,,,,,,46.9575005,7.3187499,1051.57495,914.099976,12.5249996,1.0,,17.31,0.0,12.31,41.8218765,,41.8218765,0.0,156.225006,0.0
2025-10-17 08:04:25+00:00,2025-10-17 08:04:25,46.0,46.0,46.0,46.0,46.0,14.032515515849292,100.0,BO_ONLY,"BO 모델 결과만 사용 (1단계 롤백, 2~4단계에서 Hz 변화 없음)",46.9537506,7.3187499,1051.94995,914.174988,12.7749996,1.0,,17.31,0.0,12.6,41.8312492,,41.8312492,0.0,156.149994,0.0
2025-10-17 08:04:26+00:00,2025-10-17 08:04:26,,,,,,,,,,46.9575005,7.2734375,1052.55005,914.174988,12.7749996,1.0,,17.31,0.0,12.6,41.8312492,,41.8312492,0.0,154.725006,0.0
2025-10-17 08:04:27+00:00,2025-10-17 08:04:27,,,,,,,,,,46.9500008,7.2265625,1053.0,914.25,12.7749996,1.0,,17.31,0.0,12.6,41.8312492,41.4068037572988,41.8312492,0.0,154.800003,0.0
2025-10-17 08:04:28+00:00,2025-10-17 08:04:28,,,,,,,,,,46.9537506,7.2265625,1053.59998,914.25,12.7749996,1.0,,17.31,0.0,12.6,41.8218765,,41.8218765,0.0,154.800003,0.0
2025-10-17 08:04:29+00:00,2025-10-17 08:04:29,,,,,,,,,,46.9537506,7.1859374,1053.97498,914.325012,12.7749996,1.0,,17.31,0.0,12.6,41.8312492,,41.8312492,0.0,154.725006,0.0
2025-10-17 08:04:30+00:00,2025-10-17 08:04:30,46.0,47.0,46.0,46.0,46.0,14.437631438078572,205.0,BO_O2,"O2 규칙 적용: 7.2% (7.0% < O2 ≤ 8.0%) (2단계 롤백, 3~4단계에서 Hz 변화 없음)",46.9575005,7.1859374,1054.65002,914.400024,12.8625002,1.0,,17.31,0.0,12.6,41.8312492,,41.8312492,0.0,154.725006,0.0
2025-10-17 08:04:31+00:00,2025-10-17 08:04:31,,,,,,,,,,46.9500008,7.15156269,1055.25,914.474976,12.8625002,1.0,,17.31,0.0,12.6,41.8312492,,41.8312492,0.0,154.725006,0.0
2025-10-17 08:04:32+00:00,2025-10-17 08:04:32,,,,,,,,,,46.9537506,7.1171875,1055.69995,914.549988,12.8625002,1.0,,17.31,0.0,12.6,41.8218765,,41.8218765,0.0,154.800003,0.0
2025-10-17 08:04:33+00:00,2025-10-17 08:04:33,,,,,,,,,,46.9537506,7.1171875,1056.30005,914.549988,12.8625002,1.0,,17.31,0.0,12.6,41.8312492,,41.8312492,0.0,154.725006,0.0
2025-10-17 08:04:34+00:00,2025-10-17 08:04:34,,,,,,,,,,46.9575005,7.08281231,1056.67505,914.549988,12.8625002,1.0,,17.31,0.0,12.6,41.8312492,,41.8312492,0.0,154.725006,0.0
2025-10-17 08:04:35+00:00,2025-10-17 08:04:35,46.0,47.0,46.0,46.0,46.0,13.98500358621353,205.0,BO_O2,"O2 규칙 적용: 7.2% (7.0% < O2 ≤ 8.0%) (2단계 롤백, 3~4단계에서 Hz 변화 없음)",46.9500008,7.04374981,1057.27502,914.700012,12.9375,1.0,,17.31,0.0,12.93,41.8312492,,41.8312492,0.0,154.800003,0.0
2025-10-17 08:04:36+00:00,2025-10-17 08:04:36,,,,,,,,,,46.9500008,7.04374981,1057.72498,914.700012,12.9499998,1.0,,17.31,0.0,12.93,41.8218765,,41.8218765,0.0,154.800003,0.0
2025-10-17 08:04:37+00:00,2025-10-17 08:04:37,,,,,,,,,,46.9537506,7.0062499,1058.40002,914.775024,12.9499998,1.0,,17.31,0.0,12.93,41.8312492,,41.8312492,0.0,154.725006,0.0
2025-10-17 08:04:38+00:00,2025-10-17 08:04:38,,,,,,,,,,46.9537506,7.0062499,1058.77502,914.775024,12.9375,1.0,,17.31,0.0,12.93,41.8312492,,41.8312492,0.0,154.725006,0.0
2025-10-17 08:04:39+00:00,2025-10-17 08:04:39,,,,,,,,,,46.9537506,6.9671874,1059.375,914.849976,12.9499998,1.0,,17.31,0.0,12.93,41.8312492,,41.8312492,0.0,154.800003,0.0
2025-10-17 08:04:40+00:00,2025-10-17 08:04:40,46.0,47.0,46.0,46.0,46.0,14.529425083287565,205.0,BO_O2,"O2 규칙 적용: 7.0% (7.0% < O2 ≤ 8.0%) (2단계 롤백, 3~4단계에서 Hz 변화 없음)",46.9612503,6.92656231,1059.75,914.924988,13.0249996,1.0,,17.31,0.0,12.93,41.8218765,,41.8218765,0.0,154.800003,0.0
2025-10-17 08:04:41+00:00,2025-10-17 08:04:41,,,,,,,,,,46.9387512,6.92656231,1060.34998,915.0,13.0249996,1.0,,17.31,0.0,12.93,41.8218765,,41.8218765,0.0,154.725006,0.0
2025-10-17 08:04:42+00:00,2025-10-17 08:04:42,,,,,,,,,,46.9575005,6.8828125,1060.72498,915.075012,13.0249996,1.0,,17.31,0.0,12.93,41.8218765,,41.8218765,0.0,154.725006,0.0
2025-10-17 08:04:43+00:00,2025-10-17 08:04:43,,,,,,,,,,46.9612503,6.83906269,1061.25,915.075012,13.0249996,1.0,,17.31,0.0,12.93,41.8312492,42.30680375729881,41.8312492,0.0,154.725006,0.0
2025-10-17 08:04:44+00:00,2025-10-17 08:04:44,,,,,,,,,,46.9612503,6.83906269,1061.625,915.150024,13.0249996,1.0,,17.31,0.0,12.93,41.8218765,,41.8218765,0.0,153.75,0.0
2025-10-17 08:04:45+00:00,2025-10-17 08:04:45,47.0,47.0,47.0,47.0,47.0,13.407049673433068,100.0,BO_ONLY,"BO 모델 결과만 사용 (1단계 롤백, 2~4단계에서 Hz 변화 없음)",46.9537506,6.80000019,1062.15002,915.224976,13.0249996,1.0,,17.31,0.0,13.05,41.8218765,,41.8218765,0.0,153.300003,0.0
2025-10-17 08:04:46+00:00,2025-10-17 08:04:46,,,,,,,,,,46.9500008,6.80000019,1062.44995,915.299988,13.0249996,1.0,,17.31,0.0,13.05,41.8312492,,41.8312492,0.0,153.225006,0.0
2025-10-17 08:04:47+00:00,2025-10-17 08:04:47,,,,,,,,,,47.1974983,6.7640624,1063.05005,915.375,13.0249996,1.0,,17.31,0.0,13.05,41.8312492,,41.8312492,0.0,153.300003,0.0
2025-10-17 08:04:48+00:00,2025-10-17 08:04:48,,,,,,,,,,47.9962502,6.73124981,1063.27502,915.450012,13.0249996,1.0,,17.31,0.0,13.05,41.8218765,,41.8218765,0.0,153.300003,0.0
2025-10-17 08:04:49+00:00,2025-10-17 08:04:49,,,,,,,,,,47.9887505,6.73124981,1063.80005,915.525024,13.0249996,1.0,,17.31,0.0,13.05,41.8312492,,41.8312492,0.0,153.300003,0.0
2025-10-17 08:04:50+00:00,2025-10-17 08:04:50,49.0,51.0,49.0,49.0,49.0,13.563051046545382,204.0,BO_O2,"O2 규칙 적용: 6.8% (6.0% < O2 ≤ 7.0%) (2단계 롤백, 3~4단계에서 Hz 변화 없음)",47.9962502,6.70625019,1064.09998,915.525024,13.0249996,1.0,,17.31,0.0,13.05,41.8968735,,41.8968735,0.0,153.300003,0.0
2025-10-17 08:04:51+00:00,2025-10-17 08:04:51,,,,,,,,,,47.9962502,6.69218731,1064.55005,915.599976,13.0249996,1.0,,17.31,0.0,13.05,42.5531235,,42.5531235,0.0,153.300003,0.0
2025-10-17 08:04:52+00:00,2025-10-17 08:04:52,,,,,,,,,,49.9425011,6.69218731,1064.84998,915.674988,13.0249996,1.0,,17.31,0.0,13.05,42.7125015,,42.7125015,0.0,153.300003,0.0
2025-10-17 08:04:53+00:00,2025-10-17 08:04:53,,,,,,,,,,50.1262512,6.6890626,1065.30005,915.75,13.0249996,1.0,,17.31,0.0,13.05,43.1624985,,43.1624985,0.0,152.475006,0.0
2025-10-17 08:04:54+00:00,2025-10-17 08:04:54,,,,,,,,,,50.1824989,6.6890626,1065.59998,915.825012,13.0249996,1.0,,17.31,0.0,13.05,43.3968735,,43.3968735,0.0,151.574997,0.0
2025-10-17 08:04:55+00:00,2025-10-17 08:04:55,49.0,51.0,49.0,49.0,49.0,13.378014007036985,204.0,BO_O2,"O2 규칙 적용: 6.7% (6.0% < O2 ≤ 7.0%) (2단계 롤백, 3~4단계에서 Hz 변화 없음)",50.1974983,6.6953125,1065.97498,915.900024,12.9375,1.0,,17.31,0.0,13.08,44.2312508,,44.2312508,0.0,151.5,0.0
2025-10-17 08:04:56+00:00,2025-10-17 08:04:56,,,,,,,,,,50.1412506,6.7109375,1066.27502,915.974976,12.9499998,1.0,,17.31,0.0,13.08,45.2156258,,45.2156258,0.0,150.225006,0.0
2025-10-17 08:04:57+00:00,2025-10-17 08:04:57,,,,,,,,,,50.1787491,6.7109375,1066.65002,916.049988,12.9375,1.0,,17.31,0.0,13.08,45.8343735,,45.8343735,0.0,150.074997,0.0
2025-10-17 08:04:58+00:00,2025-10-17 08:04:58,,,,,,,,,,50.1337509,6.734375,1066.875,916.125,12.9375,1.0,,17.31,0.0,13.08,46.3125,,46.3125,0.0,150.074997,0.0
2025-10-17 08:04:59+00:00,2025-10-17 08:04:59,,,,,,,,,,50.1525002,6.765625,1067.17505,916.200012,12.9375,1.0,,17.31,0.0,13.08,46.5656242,,46.5656242,0.0,150.074997,0.0
2025-10-17 08:05:00+00:00,2025-10-17 08:05:00,49.0,51.0,49.0,49.0,49.0,12.606799107742637,204.0,BO_O2,"O2 규칙 적용: 6.7% (6.0% < O2 ≤ 7.0%) (2단계 롤백, 3~4단계에서 Hz 변화 없음)",50.1262512,6.765625,1067.40002,916.275024,12.8625002,1.0,,17.31,0.0,13.08,46.8937492,,46.8937492,0.0,150.149994,0.0
2025-10-17 08:05:01+00:00,2025-10-17 08:05:01,,,,,,,,,,50.1300011,6.80000019,1067.625,916.349976,12.8500004,1.0,,17.31,0.0,13.08,47.0812492,,47.0812492,0.0,150.074997,0.0
2025-10-17 08:05:02+00:00,2025-10-17 08:05:02,,,,,,,,,,50.1300011,6.80000019,1067.77502,916.349976,12.8500004,1.0,,17.31,0.0,13.08,47.0812492,,47.0812492,0.0,150.074997,0.0
2025-10-17 08:05:03+00:00,2025-10-17 08:05:03,,,,,,,,,,50.1412506,6.8359375,1068.0,916.5,12.8625002,1.0,,17.31,0.0,13.08,47.0812492,,47.0812492,0.0,150.074997,0.0
2025-10-17 08:05:04+00:00,2025-10-17 08:05:04,,,,,,,,,,50.1300011,6.87187481,1068.15002,916.5,12.8625002,1.0,,17.31,0.0,13.08,47.0812492,,47.0812492,0.0,150.074997,0.0
2025-10-17 08:05:05+00:00,2025-10-17 08:05:05,49.0,51.0,49.0,49.0,49.0,12.586866202053733,204.0,BO_O2,"O2 규칙 적용: 6.8% (6.0% < O2 ≤ 7.0%) (2단계 롤백, 3~4단계에서 Hz 변화 없음)",50.1899986,6.87187481,1068.30005,916.650024,12.8500004,1.0,,17.31,0.0,12.93,47.0812492,,47.0812492,0.0,150.074997,0.0
2025-10-17 08:05:06+00:00,2025-10-17 08:05:06,,,,,,,,,,50.1225014,6.9140625,1068.44995,916.650024,12.8625002,1.0,,17.31,0.0,12.93,47.0812492,,47.0812492,0.0,150.074997,0.0
2025-10-17 08:05:07+00:00,2025-10-17 08:05:07,,,,,,,,,,50.1262512,6.9593749,1068.59998,916.799988,12.8625002,1.0,,17.31,0.0,12.93,47.0812492,,47.0812492,0.0,150.074997,0.0
2025-10-17 08:05:08+00:00,2025-10-17 08:05:08,,,,,,,,,,50.1300011,6.9593749,1068.67505,916.875,12.8500004,1.0,,17.31,0.0,12.93,47.0812492,,47.0812492,0.0,150.074997,0.0
2025-10-17 08:05:09+00:00,2025-10-17 08:05:09,,,,,,,,,,50.15625,7.00468731,1068.82495,916.950012,12.8625002,1.0,,17.31,0.0,12.93,47.0812492,,47.0812492,0.0,150.0,0.0
2025-10-17 08:05:10+00:00,2025-10-17 08:05:10,49.0,51.0,49.0,49.0,49.0,12.701629689787605,204.0,BO_O2,"O2 규칙 적용: 6.9% (6.0% < O2 ≤ 7.0%) (2단계 롤백, 3~4단계에서 Hz 변화 없음)",50.1412506,7.00468731,1068.90002,917.025024,12.7749996,1.0,,17.31,0.0,12.93,47.0812492,,47.0812492,0.0,150.074997,0.0
2025-10-17 08:05:11+00:00,2025-10-17 08:05:11,,,,,,,,,,50.1225014,7.046875,1069.05005,917.099976,12.7749996,1.0,,17.31,0.0,12.93,47.0812492,,47.0812492,0.0,150.074997,0.0
2025-10-17 08:05:12+00:00,2025-10-17 08:05:12,,,,,,,,,,50.1037483,7.08906269,1069.05005,917.174988,12.7749996,1.0,,17.31,0.0,12.93,47.0812492,,47.0812492,0.0,150.149994,0.0
2025-10-17 08:05:13+00:00,2025-10-17 08:05:13,,,,,,,,,,49.1212502,7.08906269,1069.19995,917.325012,12.7749996,1.0,,17.31,0.0,12.93,47.0812492,41.4068037572988,47.0812492,0.0,150.074997,0.0
2025-10-17 08:05:14+00:00,2025-10-17 08:05:14,,,,,,,,,,49.0387497,7.1312499,1069.19995,917.325012,12.7749996,1.0,,17.31,0.0,12.93,47.0812492,,47.0812492,0.0,150.074997,0.0
2025-10-17 08:05:15+00:00,2025-10-17 08:05:15,46.0,47.0,46.0,46.0,46.0,12.402013297891148,205.0,BO_O2,"O2 규칙 적용: 7.1% (7.0% < O2 ≤ 8.0%) (2단계 롤백, 3~4단계에서 Hz 변화 없음)",49.0162506,7.171875,1069.27502,917.400024,12.6875,1.0,,17.31,0.0,12.81,46.9031258,,46.9031258,0.0,150.074997,0.0
2025-10-17 08:05:16+00:00,2025-10-17 08:05:16,,,,,,,,,,49.0387497,7.171875,1069.34998,917.474976,12.6875,1.0,,17.31,0.0,12.81,46.3312492,,46.3312492,0.0,150.074997,0.0
2025-10-17 08:05:17+00:00,2025-10-17 08:05:17,,,,,,,,,,49.0387497,7.2093749,1069.42505,917.625,12.6875,1.0,,17.31,0.0,12.81,46.0218735,,46.0218735,0.0,150.0,0.0
2025-10-17 08:05:18+00:00,2025-10-17 08:05:18,,,,,,,,,,48.6074982,7.2421875,1069.5,917.700012,12.6875,1.0,,17.31,0.0,12.81,45.5906258,,45.5906258,0.0,150.074997,0.0
2025-10-17 08:05:19+00:00,2025-10-17 08:05:19,,,,,,,,,,47.0849991,7.2421875,1069.57495,917.775024,12.6875,1.0,,17.31,0.0,12.81,45.5718765,,45.5718765,0.0,150.149994,0.0
2025-10-17 08:05:20+00:00,2025-10-17 08:05:20,46.0,47.0,46.0,46.0,46.0,12.518045000003292,205.0,BO_O2,"O2 규칙 적용: 7.2% (7.0% < O2 ≤ 8.0%) (2단계 롤백, 3~4단계에서 Hz 변화 없음)",46.9575005,7.26249981,1069.65002,917.775024,12.6875,1.0,,17.31,0.0,12.81,45.3093758,,45.3093758,0.0,151.574997,0.0
2025-10-17 08:05:21+00:00,2025-10-17 08:05:21,,,,,,,,,,46.9874992,7.26249981,1069.72498,917.924988,12.6875,1.0,,17.31,0.0,12.81,44.8499985,,44.8499985,0.0,151.574997,0.0
2025-10-17 08:05:22+00:00,2025-10-17 08:05:22,,,,,,,,,,46.9462509,7.2718749,1069.72498,918.0,12.6875,1.0,,17.31,0.0,12.81,44.0812492,,44.0812492,0.0,151.574997,0.0
2025-10-17 08:05:23+00:00,2025-10-17 08:05:23,,,,,,,,,,46.9575005,7.2734375,1069.72498,918.075012,12.6875,1.0,,17.31,0.0,12.81,43.3406258,,43.3406258,0.0,153.300003,0.0
2025-10-17 08:05:24+00:00,2025-10-17 08:05:24,,,,,,,,,,46.9537506,7.2734375,1069.80005,918.224976,12.6875,1.0,,17.31,0.0,12.81,42.6281242,,42.6281242,0.0,153.300003,0.0
2025-10-17 08:05:25+00:00,2025-10-17 08:05:25,46.0,48.0,46.0,46.0,46.0,12.535913172216322,205.0,BO_O2,"O2 규칙 적용: 7.3% (7.0% < O2 ≤ 8.0%) (2단계 롤백, 3~4단계에서 Hz 변화 없음)",46.9537506,7.27031231,1069.875,918.299988,12.4375,1.0,,17.31,0.0,12.71,42.2437515,,42.2437515,0.0,153.300003,0.0
2025-10-17 08:05:26+00:00,2025-10-17 08:05:26,,,,,,,,,,46.9500008,7.265625,1069.875,918.375,12.4499998,1.0,,17.31,0.0,12.71,42.0187492,,42.0187492,0.0,153.675003,0.0
2025-10-17 08:05:27+00:00,2025-10-17 08:05:27,,,,,,,,,,46.9500008,7.265625,1069.94995,918.525024,12.4375,1.0,,17.31,0.0,12.71,41.8312492,,41.8312492,0.0,154.725006,0.0
2025-10-17 08:05:28+00:00,2025-10-17 08:05:28,,,,,,,,,,46.9537506,7.26093769,1070.02502,918.525024,12.4375,1.0,,17.31,0.0,12.71,41.8218765,41.4068037572988,41.8218765,0.0,154.725006,0.0
2025-10-17 08:05:29+00:00,2025-10-17 08:05:29,,,,,,,,,,46.9462509,7.26093769,1070.02502,918.674988,12.4375,1.0,,17.31,0.0,12.71,41.8218765,,41.8218765,0.0,154.800003,0.0
2025-10-17 08:05:30+00:00,2025-10-17 08:05:30,46.0,48.0,46.0,46.0,46.0,12.260924516745899,205.0,BO_O2,"O2 규칙 적용: 7.3% (7.0% < O2 ≤ 8.0%) (2단계 롤백, 3~4단계에서 Hz 변화 없음)",46.9537506,7.2515626,1070.02502,918.75,12.3625002,1.0,,17.31,0.0,12.71,41.8312492,,41.8312492,0.0,154.725006,0.0
2025-10-17 08:05:31+00:00,2025-10-17 08:05:31,,,,,,,,,,46.9462509,7.2437501,1070.02502,918.825012,12.3500004,1.0,,17.31,0.0,12.71,41.8312492,,41.8312492,0.0,154.725006,0.0
2025-10-17 08:05:32+00:00,2025-10-17 08:05:32,,,,,,,,,,46.9500008,7.2437501,1070.02502,918.900024,12.3625002,1.0,,17.31,0.0,12.71,41.8218765,,41.8218765,0.0,154.725006,0.0
2025-10-17 08:05:33+00:00,2025-10-17 08:05:33,,,,,,,,,,46.9462509,7.234375,1069.94995,919.049988,12.3625002,1.0,,17.31,0.0,12.71,41.8312492,,41.8312492,0.0,154.800003,0.0
2025-10-17 08:05:34+00:00,2025-10-17 08:05:34,,,,,,,,,,46.9500008,7.22968769,1069.94995,919.200012,12.3625002,1.0,,17.31,0.0,12.71,41.8312492,,41.8312492,0.0,154.725006,0.0
2025-10-17 08:05:35+00:00,2025-10-17 08:05:35,46.0,47.0,46.0,46.0,46.0,12.004918371446758,205.0,BO_O2,"O2 규칙 적용: 7.2% (7.0% < O2 ≤ 8.0%) (2단계 롤백, 3~4단계에서 Hz 변화 없음)",46.9500008,7.22968769,1069.875,919.275024,12.2749996,1.0,,17.31,0.0,12.36,41.8218765,,41.8218765,0.0,154.800003,0.0
2025-10-17 08:05:36+00:00,2025-10-17 08:05:36,,,,,,,,,,46.9537506,7.22968769,1069.80005,919.349976,12.2749996,1.0,,17.31,0.0,12.36,41.8218765,,41.8218765,0.0,154.800003,0.0
2025-10-17 08:05:37+00:00,2025-10-17 08:05:37,,,,,,,,,,46.9537506,7.22968769,1069.80005,919.424988,12.2749996,1.0,,17.31,0.0,12.36,41.8312492,,41.8312492,0.0,154.800003,0.0
2025-10-17 08:05:38+00:00,2025-10-17 08:05:38,,,,,,,,,,46.9537506,7.2328124,1069.72498,919.575012,12.2749996,1.0,,17.31,0.0,12.36,41.8312492,,41.8312492,0.0,154.725006,0.0
2025-10-17 08:05:39+00:00,2025-10-17 08:05:39,,,,,,,,,,46.9387512,7.23124981,1069.65002,919.650024,12.2749996,1.0,,17.31,0.0,12.36,41.8218765,,41.8218765,0.0,154.725006,0.0
2025-10-17 08:05:40+00:00,2025-10-17 08:05:40,41.9537506,47.0,46.0,38.0,38.0,11.656453059139167,304.0,BO_O2_RULE,"제어매트릭스 규칙 적용: NOX_LOW (3단계 롤백, 4단계에서 Hz 변화 없음)",46.9462509,7.23124981,1069.57495,919.724976,12.1000004,1.0,,17.31,0.0,12.36,41.8218765,,41.8218765,0.0,154.725006,0.0
2025-10-17 08:05:41+00:00,2025-10-17 08:05:41,,,,,,,,,,46.9500008,7.22968769,1069.42505,919.799988,12.1000004,1.0,,17.31,0.0,12.36,41.8218765,,41.8218765,0.0,154.800003,0.0
2025-10-17 08:05:42+00:00,2025-10-17 08:05:42,,,,,,,,,,46.9575005,7.234375,1069.34998,919.875,12.1125002,1.0,,17.31,0.0,12.36,41.8312492,,41.8312492,0.0,154.725006,0.0
2025-10-17 08:05:43+00:00,2025-10-17 08:05:43,,,,,,,,,,46.9500008,7.234375,1069.19995,920.025024,12.1000004,1.0,,17.31,0.0,12.36,41.8218765,,41.8218765,0.0,154.725006,0.0
2025-10-17 08:05:44+00:00,2025-10-17 08:05:44,,,,,,,,,,46.9500008,7.2515626,1069.05005,920.099976,12.0625,1.0,,17.31,0.0,12.36,41.8218765,40.5068037572988,41.8218765,0.0,154.725006,0.0
2025-10-17 08:05:45+00:00,2025-10-17 08:05:45,41.95375065,47.0,46.0,38.0,38.0,11.417351016832415,304.0,BO_O2_RULE,"제어매트릭스 규칙 적용: NOX_LOW (3단계 롤백, 4단계에서 Hz 변화 없음)",46.9575005,7.2515626,1068.90002,920.174988,11.9375,1.0,,17.31,0.0,12.15,41.8218765,,41.8218765,0.0,154.800003,0.0
2025-10-17 08:05:46+00:00,2025-10-17 08:05:46,,,,,,,,,,46.9500008,7.27656269,1068.75,920.325012,11.9375,1.0,,17.31,0.0,12.15,41.8312492,,41.8312492,0.0,154.725006,0.0
2025-10-17 08:05:47+00:00,2025-10-17 08:05:47,,,,,,,,,,46.9500008,7.3062501,1068.67505,920.400024,11.9375,1.0,,17.31,0.0,12.15,41.8312492,,41.8312492,0.0,154.800003,0.0
2025-10-17 08:05:48+00:00,2025-10-17 08:05:48,,,,,,,,,,46.9537506,7.3062501,1068.52502,920.474976,11.9375,1.0,,17.31,0.0,12.15,41.8218765,,41.8218765,0.0,154.800003,0.0
2025-10-17 08:05:49+00:00,2025-10-17 08:05:49,,,,,,,,,,46.9462509,7.3375001,1068.375,920.625,11.9375,1.0,,17.31,0.0,12.15,41.8218765,,41.8218765,0.0,154.800003,0.0
2025-10-17 08:05:50+00:00,2025-10-17 08:05:50,41.9500008,48.0,46.0,38.0,38.0,11.505394935011815,304.0,BO_O2_RULE,"제어매트릭스 규칙 적용: NOX_LOW (3단계 롤백, 4단계에서 Hz 변화 없음)",46.9537506,7.375,1068.22498,920.700012,11.8500004,1.0,,17.31,0.0,12.15,41.8312492,,41.8312492,0.0,154.725006,0.0
2025-10-17 08:05:51+00:00,2025-10-17 08:05:51,,,,,,,,,,46.9500008,7.375,1068.07495,920.700012,11.8500004,1.0,,17.31,0.0,12.15,41.8218765,,41.8218765,0.0,153.375,0.0
2025-10-17 08:05:52+00:00,2025-10-17 08:05:52,,,,,,,,,,46.9500008,7.41874981,1067.84998,920.924988,11.8500004,1.0,,17.31,0.0,12.15,41.8218765,,41.8218765,0.0,153.300003,0.0
2025-10-17 08:05:53+00:00,2025-10-17 08:05:53,,,,,,,,,,46.9537506,7.41874981,1067.69995,920.924988,11.8500004,1.0,,17.31,0.0,12.15,41.8218765,,41.8218765,0.0,153.300003,0.0
2025-10-17 08:05:54+00:00,2025-10-17 08:05:54,,,,,,,,,,46.9462509,7.4609375,1067.55005,921.0,11.8500004,1.0,,17.31,0.0,12.15,41.8312492,,41.8312492,0.0,153.300003,0.0
2025-10-17 08:05:55+00:00,2025-10-17 08:05:55,41.9500008,48.0,46.0,38.0,38.0,11.082705351697363,304.0,BO_O2_RULE,"제어매트릭스 규칙 적용: NOX_LOW (3단계 롤백, 4단계에서 Hz 변화 없음)",46.9537506,7.4921875,1067.40002,921.075012,11.8500004,1.0,,17.31,0.0,11.91,41.8218765,,41.8218765,0.0,153.300003,0.0
2025-10-17 08:05:56+00:00,2025-10-17 08:05:56,,,,,,,,,,46.9762497,7.4921875,1067.32495,921.224976,11.8500004,1.0,,17.31,0.0,11.91,41.8312492,,41.8312492,0.0,153.300003,0.0
2025-10-17 08:05:57+00:00,2025-10-17 08:05:57,,,,,,,,,,46.9537506,7.50468731,1067.17505,921.299988,11.8500004,1.0,,17.31,0.0,11.91,41.8218765,,41.8218765,0.0,153.300003,0.0
2025-10-17 08:05:58+00:00,2025-10-17 08:05:58,,,,,,,,,,46.9500008,7.51093769,1067.02502,921.450012,11.8500004,1.0,,17.31,0.0,11.91,41.8312492,,41.8312492,0.0,153.300003,0.0
2025-10-17 08:05:59+00:00,2025-10-17 08:05:59,,,,,,,,,,46.9537506,7.51093769,1066.875,921.450012,11.8500004,1.0,,17.31,0.0,11.91,41.8312492,,41.8312492,0.0,153.225006,0.0
2025-10-17 08:06:00+00:00,2025-10-17 08:06:00,41.965000149999995,48.0,46.0,38.0,38.0,11.137901407106613,304.0,BO_O2_RULE,"제어매트릭스 규칙 적용: NOX_LOW (3단계 롤백, 4단계에서 Hz 변화 없음)",46.9537506,7.52031231,1066.65002,921.525024,11.8500004,1.0,,17.31,0.0,11.91,41.8218765,,41.8218765,0.0,153.300003,0.0
2025-10-17 08:06:01+00:00,2025-10-17 08:06:01,,,,,,,,,,46.9537506,7.52031231,1066.57495,921.599976,11.8500004,1.0,,17.31,0.0,11.91,41.8218765,,41.8218765,0.0,153.300003,0.0
2025-10-17 08:06:02+00:00,2025-10-17 08:06:02,,,,,,,,,,46.9500008,7.5374999,1066.34998,921.75,11.8500004,1.0,,17.31,0.0,11.91,41.8312492,,41.8312492,0.0,153.300003,0.0
2025-10-17 08:06:03+00:00,2025-10-17 08:06:03,,,,,,,,,,46.9462509,7.5625,1066.125,921.825012,11.8625002,1.0,,17.31,0.0,11.91,41.8218765,,41.8218765,0.0,153.300003,0.0
2025-10-17 08:06:04+00:00,2025-10-17 08:06:04,,,,,,,,,,46.9500008,7.5625,1065.90002,921.900024,11.8500004,1.0,,17.31,0.0,11.91,41.8218765,,41.8218765,0.0,153.300003,0.0
2025-10-17 08:06:05+00:00,2025-10-17 08:06:05,41.9518757,48.0,46.0,38.0,38.0,11.21047972145088,304.0,BO_O2_RULE,"제어매트릭스 규칙 적용: NOX_LOW (3단계 롤백, 4단계에서 Hz 변화 없음)",46.9575005,7.5921874,1065.75,921.900024,11.7624998,1.0,,17.31,0.0,11.89,41.8218765,,41.8218765,0.0,153.300003,0.0
2025-10-17 08:06:06+00:00,2025-10-17 08:06:06,,,,,,,,,,46.9575005,7.62031269,1065.52502,922.049988,11.7624998,1.0,,17.31,0.0,11.89,41.8218765,,41.8218765,0.0,153.300003,0.0
2025-10-17 08:06:07+00:00,2025-10-17 08:06:07,,,,,,,,,,46.9650002,7.62031269,1065.375,922.125,11.7749996,1.0,,17.31,0.0,11.89,41.8218765,,41.8218765,0.0,153.225006,0.0
2025-10-17 08:06:08+00:00,2025-10-17 08:06:08,,,,,,,,,,46.9500008,7.6468749,1065.22498,922.200012,11.7624998,1.0,,17.31,0.0,11.89,41.8218765,,41.8218765,0.0,153.300003,0.0
2025-10-17 08:06:09+00:00,2025-10-17 08:06:09,,,,,,,,,,46.9575005,7.6468749,1065.0,922.275024,11.7749996,1.0,,17.31,0.0,11.89,41.8218765,,41.8218765,0.0,153.300003,0.0
2025-10-17 08:06:10+00:00,2025-10-17 08:06:10,41.9575005,48.0,46.0,38.0,38.0,11.134104209791063,304.0,BO_O2_RULE,"제어매트릭스 규칙 적용: NOX_LOW (3단계 롤백, 4단계에서 Hz 변화 없음)",46.9425011,7.6734376,1064.77502,922.349976,11.9375,1.0,,17.31,0.0,11.89,41.8218765,,41.8218765,0.0,153.300003,0.0
2025-10-17 08:06:11+00:00,2025-10-17 08:06:11,,,,,,,,,,46.9575005,7.7015624,1064.55005,922.349976,11.9375,1.0,,17.31,0.0,11.89,41.8312492,,41.8312492,0.0,153.300003,0.0
2025-10-17 08:06:12+00:00,2025-10-17 08:06:12,,,,,,,,,,46.9500008,7.7015624,1064.32495,922.424988,11.9375,1.0,,17.31,0.0,11.89,41.8312492,,41.8312492,0.0,151.949997,0.0
2025-10-17 08:06:13+00:00,2025-10-17 08:06:13,,,,,,,,,,46.9500008,7.7281251,1064.17505,922.5,11.9375,1.0,,17.31,0.0,11.89,41.8218765,,41.8218765,0.0,151.5,0.0
2025-10-17 08:06:14+00:00,2025-10-17 08:06:14,,,,,,,,,,46.9462509,7.7515626,1063.875,922.575012,11.8874998,1.0,,17.31,0.0,11.89,41.8218765,,41.8218765,0.0,151.574997,0.0
2025-10-17 08:06:15+00:00,2025-10-17 08:06:15,46.0,48.0,46.0,46.0,46.0,12.26708796815066,205.0,BO_O2,"O2 규칙 적용: 7.7% (7.0% < O2 ≤ 8.0%) (2단계 롤백, 3~4단계에서 Hz 변화 없음)",46.9575005,7.7515626,1063.72498,922.650024,11.7624998,1.0,,17.31,0.0,11.92,41.8312492,,41.8312492,0.0,151.5,0.0
2025-10-17 08:06:16+00:00,2025-10-17 08:06:16,,,,,,,,,,46.9537506,7.77812481,1063.5,922.650024,11.7749996,1.0,,17.31,0.0,11.92,41.8312492,,41.8312492,0.0,151.574997,0.0
2025-10-17 08:06:17+00:00,2025-10-17 08:06:17,,,,,,,,,,46.9537506,7.77812481,1063.34998,922.724976,11.7624998,1.0,,17.31,0.0,11.92,41.8218765,,41.8218765,0.0,151.574997,0.0
2025-10-17 08:06:18+00:00,2025-10-17 08:06:18,,,,,,,,,,46.9500008,7.80156231,1063.19995,922.724976,11.7624998,1.0,,17.31,0.0,11.92,41.8218765,,41.8218765,0.0,151.5,0.0
2025-10-17 08:06:19+00:00,2025-10-17 08:06:19,,,,,,,,,,46.9500008,7.83125019,1063.125,922.799988,11.7749996,1.0,,17.31,0.0,11.92,41.8218765,,41.8218765,0.0,151.5,0.0
2025-10-17 08:06:20+00:00,2025-10-17 08:06:20,41.9537506,48.0,46.0,38.0,38.0,11.820882429938866,304.0,BO_O2_RULE,"제어매트릭스 규칙 적용: NOX_LOW (3단계 롤백, 4단계에서 Hz 변화 없음)",46.9537506,7.83125019,1062.97498,922.875,11.7749996,1.0,,17.31,0.0,11.92,41.8218765,,41.8218765,0.0,151.574997,0.0
2025-10-17 08:06:21+00:00,2025-10-17 08:06:21,,,,,,,,,,46.9500008,7.85624981,1062.90002,922.950012,11.7749996,1.0,,17.31,0.0,11.92,41.8218765,,41.8218765,0.0,153.300003,0.0
2025-10-17 08:06:22+00:00,2025-10-17 08:06:22,,,,,,,,,,45.75,7.875,1062.75,923.025024,11.7749996,1.0,,17.31,0.0,11.92,41.8218765,,41.8218765,0.0,153.300003,0.0
2025-10-17 08:06:23+00:00,2025-10-17 08:06:23,,,,,,,,,,42.8587494,7.875,1062.67505,923.025024,11.7749996,1.0,,17.31,0.0,11.92,41.8218765,,41.8218765,0.0,153.300003,0.0
2025-10-17 08:06:24+00:00,2025-10-17 08:06:24,,,,,,,,,,42.84375,7.890625,1062.52502,923.099976,11.7749996,1.0,,17.31,0.0,11.92,41.7562485,,41.7562485,0.0,153.300003,0.0
2025-10-17 08:06:25+00:00,2025-10-17 08:06:25,41.3500004,48.0,46.0,38.0,38.0,11.858211364015615,304.0,BO_O2_RULE,"제어매트릭스 규칙 적용: NOX_LOW (3단계 롤백, 4단계에서 Hz 변화 없음)",42.84375,7.90156269,1062.44995,923.099976,11.6875,1.0,,17.31,0.0,11.83,40.6593742,,40.6593742,0.0,153.524994,0.0
2025-10-17 08:06:26+00:00,2025-10-17 08:06:26,,,,,,,,,,42.84375,7.90156269,1062.22498,923.174988,11.6875,1.0,,17.31,0.0,11.83,39.4500008,,39.4500008,0.0,154.725006,0.0
2025-10-17 08:06:27+00:00,2025-10-17 08:06:27,,,,,,,,,,42.8325005,7.9000001,1062.07495,923.25,11.6875,1.0,,17.31,0.0,11.83,38.0718765,40.5068037572988,38.0718765,0.0,155.850006,0.0
2025-10-17 08:06:28+00:00,2025-10-17 08:06:28,,,,,,,,,,42.8325005,7.9000001,1061.92505,923.325012,11.6875,1.0,,17.31,0.0,11.83,36.7218742,,36.7218742,0.0,156.225006,0.0
2025-10-17 08:06:29+00:00,2025-10-17 08:06:29,,,,,,,,,,42.8287506,7.8828125,1061.84998,923.325012,11.6875,1.0,,17.31,0.0,11.83,35.90625,,35.90625,0.0,156.149994,0.0
2025-10-17 08:06:30+00:00,2025-10-17 08:06:30,38.0,48.0,46.0,38.0,38.0,10.825576470082707,304.0,BO_O2_RULE,"제어매트릭스 규칙 적용: NOX_LOW (3단계 롤백, 4단계에서 Hz 변화 없음)",42.8325005,7.85468769,1061.69995,923.400024,11.6875,1.0,,17.31,0.0,11.83,35.3718758,,35.3718758,0.0,156.149994,0.0
2025-10-17 08:06:31+00:00,2025-10-17 08:06:31,,,,,,,,,,42.8362503,7.85468769,1061.47498,923.400024,11.6875,1.0,,17.31,0.0,11.83,35.109375,,35.109375,0.0,156.149994,0.0
2025-10-17 08:06:32+00:00,2025-10-17 08:06:32,,,,,,,,,,42.8474998,7.828125,1061.32495,923.549988,11.6875,1.0,,17.31,0.0,11.83,35.0437508,,35.0437508,0.0,156.225006,0.0
2025-10-17 08:06:33+00:00,2025-10-17 08:06:33,,,,,,,,,,42.8362503,7.80781269,1061.09998,923.549988,11.6875,1.0,,17.31,0.0,11.83,34.9312515,,34.9312515,0.0,156.225006,0.0
2025-10-17 08:06:34+00:00,2025-10-17 08:06:34,,,,,,,,,,42.8325005,7.80781269,1060.875,923.549988,11.6875,1.0,,17.31,0.0,11.83,34.921875,,34.921875,0.0,156.225006,0.0
2025-10-17 08:06:35+00:00,2025-10-17 08:06:35,38.0,48.0,46.0,38.0,38.0,10.817284049727142,304.0,BO_O2_RULE,"제어매트릭스 규칙 적용: NOX_LOW (3단계 롤백, 4단계에서 Hz 변화 없음)",42.8362503,7.79374981,1060.72498,923.625,11.6875,1.0,,17.31,0.0,11.67,34.7437515,,34.7437515,0.0,156.149994,0.0
2025-10-17 08:06:36+00:00,2025-10-17 08:06:36,,,,,,,,,,42.84375,7.79374981,1060.5,923.700012,11.6875,1.0,,17.31,0.0,11.67,34.7437515,,34.7437515,0.0,156.149994,0.0
2025-10-17 08:06:37+00:00,2025-10-17 08:06:37,,,,,,,,,,42.8325005,7.7874999,1060.34998,923.700012,11.6875,1.0,,17.31,0.0,11.67,34.734375,,34.734375,0.0,156.225006,0.0
2025-10-17 08:06:38+00:00,2025-10-17 08:06:38,,,,,,,,,,42.8362503,7.7890625,1060.125,923.775024,11.6875,1.0,,17.31,0.0,11.67,34.734375,,34.734375,0.0,156.225006,0.0
2025-10-17 08:06:39+00:00,2025-10-17 08:06:39,,,,,,,,,,42.8362503,7.7890625,1060.05005,923.775024,11.6875,1.0,,17.31,0.0,11.67,34.7437515,,34.7437515,0.0,156.149994,0.0
2025-10-17 08:06:40+00:00,2025-10-17 08:06:40,38.0,49.0,46.0,38.0,38.0,10.788978627914995,304.0,BO_O2_RULE,"제어매트릭스 규칙 적용: NOX_LOW (3단계 롤백, 4단계에서 Hz 변화 없음)",42.8287506,7.79218769,1059.75,923.849976,11.6000004,1.0,,17.31,0.0,11.67,34.734375,,34.734375,0.0,156.225006,0.0
2025-10-17 08:06:41+00:00,2025-10-17 08:06:41,,,,,,,,,,42.8362503,7.79218769,1059.59998,923.849976,11.6000004,1.0,,17.31,0.0,11.67,34.734375,,34.734375,0.0,156.225006,0.0
2025-10-17 08:06:42+00:00,2025-10-17 08:06:42,,,,,,,,,,42.8400002,7.7953124,1059.44995,923.849976,11.6000004,1.0,,17.31,0.0,11.67,34.734375,40.5068037572988,34.734375,0.0,156.225006,0.0
2025-10-17 08:06:43+00:00,2025-10-17 08:06:43,,,,,,,,,,42.84375,7.8109374,1059.15002,923.924988,11.6000004,1.0,,17.31,0.0,11.67,34.7437515,,34.7437515,0.0,156.225006,0.0
2025-10-17 08:06:44+00:00,2025-10-17 08:06:44,,,,,,,,,,42.8400002,7.8109374,1058.92505,923.924988,11.6000004,1.0,,17.31,0.0,11.67,34.7437515,,34.7437515,0.0,156.149994,0.0
2025-10-17 08:06:45+00:00,2025-10-17 08:06:45,38.0,49.0,46.0,38.0,38.0,10.695333503524193,304.0,BO_O2_RULE,"제어매트릭스 규칙 적용: NOX_LOW (3단계 롤백, 4단계에서 Hz 변화 없음)",42.8325005,7.8375001,1058.69995,924.0,11.6000004,1.0,,17.31,0.0,11.66,34.7437515,,34.7437515,0.0,156.225006,0.0
2025-10-17 08:06:46+00:00,2025-10-17 08:06:46,,,,,,,,,,42.84375,7.8734374,1058.32495,924.0,11.6000004,1.0,,17.31,0.0,11.66,34.734375,,34.734375,0.0,156.225006,0.0
2025-10-17 08:06:47+00:00,2025-10-17 08:06:47,,,,,,,,,,42.8212509,7.8734374,1058.09998,924.0,11.6000004,1.0,,17.31,0.0,11.66,34.7437515,,34.7437515,0.0,156.149994,0.0
2025-10-17 08:06:48+00:00,2025-10-17 08:06:48,,,,,,,,,,42.84375,7.91718769,1057.72498,924.075012,11.6000004,1.0,,17.31,0.0,11.66,34.7437515,,34.7437515,0.0,156.149994,0.0
2025-10-17 08:06:49+00:00,2025-10-17 08:06:49,,,,,,,,,,42.8362503,7.91718769,1057.5,924.075012,11.6000004,1.0,,17.31,0.0,11.66,34.7437515,,34.7437515,0.0,156.225006,0.0
2025-10-17 08:06:50+00:00,2025-10-17 08:06:50,38.0,46.0,46.0,38.0,38.0,10.68771555924505,304.0,BO_O2_RULE,"제어매트릭스 규칙 적용: NOX_LOW (3단계 롤백, 4단계에서 Hz 변화 없음)",42.8250008,7.96406269,1057.27502,924.075012,11.6000004,1.0,,17.31,0.0,11.66,34.734375,,34.734375,0.0,156.225006,0.0
2025-10-17 08:06:51+00:00,2025-10-17 08:06:51,,,,,,,,,,42.8325005,8.01718712,1056.90002,924.075012,11.6000004,1.0,,17.31,0.0,11.66,34.7437515,,34.7437515,0.0,156.149994,0.0
2025-10-17 08:06:52+00:00,2025-10-17 08:06:52,,,,,,,,,,42.8400002,8.01718712,1056.44995,924.075012,11.6000004,1.0,,17.31,0.0,11.66,34.7437515,,34.7437515,0.0,156.225006,0.0
2025-10-17 08:06:53+00:00,2025-10-17 08:06:53,,,,,,,,,,42.8512497,8.08437538,1056.22498,924.075012,11.6000004,1.0,,17.31,0.0,11.66,34.7437515,,34.7437515,0.0,156.225006,0.0
2025-10-17 08:06:54+00:00,2025-10-17 08:06:54,,,,,,,,,,42.8325005,8.17031288,1055.92505,924.075012,11.6000004,1.0,,17.31,0.0,11.66,34.734375,,34.734375,0.0,156.225006,0.0
2025-10-17 08:06:55+00:00,2025-10-17 08:06:55,38.0,44.0,44.0,38.0,38.0,10.456584258797589,304.0,BO_O2_RULE,"제어매트릭스 규칙 적용: NOX_LOW (3단계 롤백, 4단계에서 Hz 변화 없음)",42.8400002,8.17031288,1055.625,924.075012,11.6000004,1.0,,17.31,0.0,11.66,34.7437515,,34.7437515,0.0,156.149994,0.0
2025-10-17 08:06:56+00:00,2025-10-17 08:06:56,,,,,,,,,,42.8325005,8.26875019,1055.25,924.075012,11.6000004,1.0,,17.31,0.0,11.66,34.7437515,40.5068037572988,34.7437515,0.0,156.149994,0.0
2025-10-17 08:06:57+00:00,2025-10-17 08:06:57,,,,,,,,,,42.84375,8.26875019,1054.80005,924.075012,11.6000004,1.0,,17.31,0.0,11.66,34.6218758,,34.6218758,0.0,156.225006,0.0
2025-10-17 08:06:58+00:00,2025-10-17 08:06:58,,,,,,,,,,42.8400002,8.36406231,1054.34998,924.075012,11.6000004,1.0,,17.31,0.0,11.66,34.5562515,,34.5562515,0.0,156.225006,0.0
2025-10-17 08:06:59+00:00,2025-10-17 08:06:59,,,,,,,,,,42.8362503,8.45781231,1053.97498,924.075012,11.6000004,1.0,,17.31,0.0,11.66,34.5562515,,34.5562515,0.0,156.149994,0.0
2025-10-17 08:07:00+00:00,2025-10-17 08:07:00,38.0,43.0,43.0,38.0,38.0,10.572745622676345,304.0,BO_O2_RULE,"제어매트릭스 규칙 적용: NOX_LOW (3단계 롤백, 4단계에서 Hz 변화 없음)",42.8362503,8.45781231,1053.375,924.0,11.6000004,1.0,,17.31,0.0,11.66,34.5562515,,34.5562515,0.0,156.149994,0.0
2025-10-17 08:07:01+00:00,2025-10-17 08:07:01,,,,,,,,,,42.8325005,8.55000019,1053.0,924.0,11.6000004,1.0,,17.31,0.0,11.66,34.5656242,,34.5656242,0.0,156.225006,0.0
2025-10-17 08:07:02+00:00,2025-10-17 08:07:02,,,,,,,,,,43.2150002,8.64375019,1052.55005,924.0,11.6000004,1.0,,17.31,0.0,11.66,34.5562515,,34.5562515,0.0,156.225006,0.0
2025-10-17 08:07:03+00:00,2025-10-17 08:07:03,,,,,,,,,,43.8712502,8.64375019,1051.94995,923.924988,11.6000004,1.0,,17.31,0.0,11.66,34.5562515,,34.5562515,0.0,156.149994,0.0
2025-10-17 08:07:04+00:00,2025-10-17 08:07:04,,,,,,,,,,43.8899994,8.74062538,1051.27502,923.849976,11.5749998,1.0,,17.31,0.0,11.66,34.5656242,,34.5656242,0.0,156.149994,0.0
2025-10-17 08:07:05+00:00,2025-10-17 08:07:05,38.02375035,43.0,43.0,38.0,38.0,10.566433372811993,304.0,BO_O2_RULE,"제어매트릭스 규칙 적용: NOX_LOW (3단계 롤백, 4단계에서 Hz 변화 없음)",43.8487511,8.74062538,1050.90002,923.849976,11.5124998,1.0,,17.31,0.0,11.63,34.8562508,,34.8562508,0.0,156.225006,0.0
2025-10-17 08:07:06+00:00,2025-10-17 08:07:06,,,,,,,,,,43.8487511,8.84531212,1050.30005,923.849976,11.5124998,1.0,,17.31,0.0,11.63,35.0999985,,35.0999985,0.0,156.225006,0.0
2025-10-17 08:07:07+00:00,2025-10-17 08:07:07,,,,,,,,,,43.8412514,8.94999981,1049.84998,923.775024,11.5124998,1.0,,17.31,0.0,11.63,35.5406265,,35.5406265,0.0,156.225006,0.0
2025-10-17 08:07:08+00:00,2025-10-17 08:07:08,,,,,,,,,,43.8525009,8.94999981,1049.25,923.700012,11.5124998,1.0,,17.31,0.0,11.63,35.8875008,,35.8875008,0.0,156.149994,0.0
2025-10-17 08:07:09+00:00,2025-10-17 08:07:09,,,,,,,,,,43.8562508,9.05156231,1048.80005,923.700012,11.5124998,1.0,,17.31,0.0,11.63,35.9437485,,35.9437485,0.0,156.149994,0.0
2025-10-17 08:07:10+00:00,2025-10-17 08:07:10,38.53150028,43.0,43.0,38.0,38.0,10.494245083136683,304.0,BO_O2_RULE,"제어매트릭스 규칙 적용: NOX_LOW (3단계 롤백, 4단계에서 Hz 변화 없음)",43.875,9.15937519,1048.19995,923.625,11.5124998,1.0,,17.31,0.0,11.63,36.2249985,,36.2249985,0.0,156.225006,0.0
2025-10-17 08:07:11+00:00,2025-10-17 08:07:11,,,,,,,,,,43.8600006,9.15937519,1047.75,923.549988,11.5249996,1.0,,17.31,0.0,11.63,36.2531242,,36.2531242,0.0,156.225006,0.0
2025-10-17 08:07:12+00:00,2025-10-17 08:07:12,,,,,,,,,,44.4787483,9.27968788,1047.07495,923.474976,11.5124998,1.0,,17.31,0.0,11.63,36.4312515,40.5068037572988,36.4312515,0.0,156.149994,0.0
2025-10-17 08:07:13+00:00,2025-10-17 08:07:13,,,,,,,,,,44.8875008,9.27968788,1046.625,923.400024,11.5249996,1.0,,17.31,0.0,11.63,36.4312515,,36.4312515,0.0,156.225006,0.0
2025-10-17 08:07:14+00:00,2025-10-17 08:07:14,,,,,,,,,,44.8912506,9.40312481,1045.94995,923.325012,11.4624996,1.0,,17.31,0.0,11.63,36.4406242,,36.4406242,0.0,156.149994,0.0
2025-10-17 08:07:15+00:00,2025-10-17 08:07:15,39.16937445,39.0,39.0,38.0,38.0,10.353772608464201,304.0,BO_O2_RULE,"제어매트릭스 규칙 적용: NOX_LOW (3단계 롤백, 4단계에서 Hz 변화 없음)",44.8950005,9.5234375,1045.42505,923.325012,11.3374996,1.0,,17.31,0.0,11.53,36.6187515,,36.6187515,0.0,154.725006,0.0
2025-10-17 08:07:16+00:00,2025-10-17 08:07:16,,,,,,,,,,44.9099998,9.5234375,1044.75,923.174988,11.3374996,1.0,,17.31,0.0,11.53,36.9375,,36.9375,0.0,154.725006,0.0
2025-10-17 08:07:17+00:00,2025-10-17 08:07:17,,,,,,,,,,42.6862488,9.63906288,1044.30005,923.099976,11.3500004,1.0,,17.31,0.0,11.53,37.3499985,,37.3499985,0.0,154.725006,0.0
2025-10-17 08:07:18+00:00,2025-10-17 08:07:18,,,,,,,,,,39.7799988,9.75312519,1043.55005,923.025024,11.3374996,1.0,,17.31,0.0,11.53,37.6687508,,37.6687508,0.0,154.725006,0.0
2025-10-17 08:07:19+00:00,2025-10-17 08:07:19,,,,,,,,,,39.7050018,9.75312519,1043.17505,922.950012,11.3374996,1.0,,17.31,0.0,11.53,37.9031258,,37.9031258,0.0,154.800003,0.0
2025-10-17 08:07:20+00:00,2025-10-17 08:07:20,38.7981243,39.0,39.0,38.0,38.0,9.590417015345333,304.0,BO_O2_RULE,"제어매트릭스 규칙 적용: NOX_LOW (3단계 롤백, 4단계에서 Hz 변화 없음)",39.7012482,9.8671875,1042.5,922.799988,11.2624998,1.0,,17.31,0.0,11.53,36.84375,,36.84375,0.0,155.175003,0.0
2025-10-17 08:07:21+00:00,2025-10-17 08:07:21,,,,,,,,,,39.6937485,9.8671875,1042.05005,922.724976,11.2624998,1.0,,17.31,0.0,11.53,35.6624985,,35.6624985,0.0,156.149994,0.0
2025-10-17 08:07:22+00:00,2025-10-17 08:07:22,,,,,,,,,,39.6974983,9.98124981,1041.375,922.575012,11.2624998,1.0,,17.31,0.0,11.53,33.8531265,,33.8531265,0.0,156.225006,0.0
2025-10-17 08:07:23+00:00,2025-10-17 08:07:23,,,,,,,,,,39.7050018,10.09375,1040.92505,922.5,11.2624998,1.0,,17.31,0.0,11.53,32.2874985,,32.2874985,0.0,156.225006,0.0
2025-10-17 08:07:24+00:00,2025-10-17 08:07:24,,,,,,,,,,39.7012482,10.09375,1040.25,922.424988,11.2624998,1.0,,17.31,0.0,11.53,31.3687496,,31.3687496,0.0,156.149994,0.0
2025-10-17 08:07:25+00:00,2025-10-17 08:07:25,38.0,39.0,39.0,38.0,38.0,9.458798059161031,304.0,BO_O2_RULE,"제어매트릭스 규칙 적용: NOX_LOW (3단계 롤백, 4단계에서 Hz 변화 없음)",39.6899986,10.1999998,1039.80005,922.349976,11.25,1.0,,17.31,0.0,11.32,30.375,,30.375,0.0,156.225006,0.0
2025-10-17 08:07:26+00:00,2025-10-17 08:07:26,,,,,,,,,,39.6937485,10.2984371,1039.19995,922.200012,11.2624998,1.0,,17.31,0.0,11.32,29.8968754,,29.8968754,0.0,156.225006,0.0
2025-10-17 08:07:27+00:00,2025-10-17 08:07:27,,,,,,,,,,39.6974983,10.2984371,1038.82495,922.125,11.2624998,1.0,,17.31,0.0,11.32,29.6812496,38.70680375729881,29.6812496,0.0,156.225006,0.0
2025-10-17 08:07:28+00:00,2025-10-17 08:07:28,,,,,,,,,,39.7050018,10.3921871,1038.22498,921.900024,11.2624998,1.0,,17.31,0.0,11.32,29.4750004,,29.4750004,0.0,157.574997,0.0
2025-10-17 08:07:29+00:00,2025-10-17 08:07:29,,,,,,,,,,39.6899986,10.3921871,1037.77502,921.825012,11.25,1.0,,17.31,0.0,11.32,29.34375,,29.34375,0.0,157.649994,0.0
2025-10-17 08:07:30+00:00,2025-10-17 08:07:30,38.0,39.0,39.0,38.0,38.0,9.375661741347397,304.0,BO_O2_RULE,"제어매트릭스 규칙 적용: NOX_LOW (3단계 롤백, 4단계에서 Hz 변화 없음)",39.6862488,10.4750004,1037.17505,921.674988,11.0874996,1.0,,17.31,0.0,11.32,29.34375,,29.34375,0.0,157.649994,0.0
2025-10-17 08:07:31+00:00,2025-10-17 08:07:31,,,,,,,,,,39.6937485,10.5437498,1036.72498,921.525024,11.0874996,1.0,,17.31,0.0,11.32,29.203125,,29.203125,0.0,157.649994,0.0
2025-10-17 08:07:32+00:00,2025-10-17 08:07:32,,,,,,,,,,39.7012482,10.5437498,1036.125,921.375,11.0874996,1.0,,17.31,0.0,11.32,29.1656246,,29.1656246,0.0,159.149994,0.0
2025-10-17 08:07:33+00:00,2025-10-17 08:07:33,,,,,,,,,,39.6974983,10.6000004,1035.67505,921.299988,11.0874996,1.0,,17.31,0.0,11.32,29.1656246,,29.1656246,0.0,159.149994,0.0
2025-10-17 08:07:34+00:00,2025-10-17 08:07:34,,,,,,,,,,39.7012482,10.6374998,1035.0,921.150024,11.0625,1.0,,17.31,0.0,11.32,29.15625,,29.15625,0.0,159.149994,0.0
2025-10-17 08:07:35+00:00,2025-10-17 08:07:35,38.0,39.0,39.0,38.0,38.0,9.01179800251485,304.0,BO_O2_RULE,"제어매트릭스 규칙 적용: NOX_LOW (3단계 롤백, 4단계에서 Hz 변화 없음)",39.6824989,10.6374998,1034.40002,921.0,11.0,1.0,,17.31,0.0,11.11,29.296875,,29.296875,0.0,159.149994,0.0
2025-10-17 08:07:36+00:00,2025-10-17 08:07:36,,,,,,,,,,39.6974983,10.6546879,1034.02502,920.849976,11.0,1.0,,17.31,0.0,11.11,29.34375,,29.34375,0.0,159.149994,0.0
2025-10-17 08:07:37+00:00,2025-10-17 08:07:37,,,,,,,,,,39.6974983,10.6546879,1033.65002,920.700012,11.0,1.0,,17.31,0.0,11.11,29.34375,,29.34375,0.0,159.149994,0.0
2025-10-17 08:07:38+00:00,2025-10-17 08:07:38,,,,,,,,,,39.6937485,10.6609373,1033.05005,920.549988,11.0,1.0,,17.31,0.0,11.11,29.34375,,29.34375,0.0,159.149994,0.0
2025-10-17 08:07:39+00:00,2025-10-17 08:07:39,,,,,,,,,,39.6937485,10.6625004,1032.59998,920.474976,11.0,1.0,,17.31,0.0,11.11,29.3343754,,29.3343754,0.0,159.149994,0.0
2025-10-17 08:07:40+00:00,2025-10-17 08:07:40,38.0,39.0,39.0,38.0,38.0,9.063706788521403,304.0,BO_O2_RULE,"제어매트릭스 규칙 적용: NOX_LOW (3단계 롤백, 4단계에서 Hz 변화 없음)",39.6862488,10.6625004,1032.07495,920.325012,11.0124998,1.0,,17.31,0.0,11.11,29.34375,,29.34375,0.0,159.149994,0.0
2025-10-17 08:07:41+00:00,2025-10-17 08:07:41,,,,,,,,,,39.6937485,10.6593752,1031.625,920.174988,11.0,1.0,,17.31,0.0,11.11,29.34375,,29.34375,0.0,159.149994,0.0
2025-10-17 08:07:42+00:00,2025-10-17 08:07:42,,,,,,,,,,39.7012482,10.65625,1031.02502,920.025024,11.0,1.0,,17.31,0.0,11.11,29.34375,,29.34375,0.0,159.225006,0.0
2025-10-17 08:07:43+00:00,2025-10-17 08:07:43,,,,,,,,,,39.6937485,10.65625,1030.57495,919.875,11.0124998,1.0,,17.31,0.0,11.11,29.3343754,38.70680375729881,29.3343754,0.0,159.149994,0.0
2025-10-17 08:07:44+00:00,2025-10-17 08:07:44,,,,,,,,,,39.6899986,10.6484375,1029.97498,919.724976,11.0375004,1.0,,17.31,0.0,11.11,29.34375,,29.34375,0.0,159.149994,0.0
2025-10-17 08:07:45+00:00,2025-10-17 08:07:45,38.0,39.0,39.0,38.0,38.0,8.627536451716358,304.0,BO_O2_RULE,"제어매트릭스 규칙 적용: NOX_LOW (3단계 롤백, 4단계에서 Hz 변화 없음)",39.6824989,10.6484375,1029.59998,919.575012,11.0874996,1.0,,17.31,0.0,11.01,29.34375,,29.34375,0.0,160.5,0.0
2025-10-17 08:07:46+00:00,2025-10-17 08:07:46,,,,,,,,,,39.6974983,10.6359377,1028.92505,919.349976,11.0874996,1.0,,17.31,0.0,11.01,29.34375,,29.34375,0.0,160.649994,0.0
2025-10-17 08:07:47+00:00,2025-10-17 08:07:47,,,,,,,,,,39.6862488,10.6203127,1028.55005,919.275024,11.0874996,1.0,,17.31,0.0,11.01,29.3343754,,29.3343754,0.0,160.649994,0.0
2025-10-17 08:07:48+00:00,2025-10-17 08:07:48,,,,,,,,,,39.7012482,10.6203127,1027.875,919.049988,11.0874996,1.0,,17.31,0.0,11.01,29.34375,,29.34375,0.0,160.649994,0.0
2025-10-17 08:07:49+00:00,2025-10-17 08:07:49,,,,,,,,,,39.7012482,10.6062498,1027.5,918.900024,11.0874996,1.0,,17.31,0.0,11.01,29.34375,,29.34375,0.0,160.649994,0.0
2025-10-17 08:07:50+00:00,2025-10-17 08:07:50,38.0,39.0,39.0,38.0,38.0,9.59876513867386,304.0,BO_O2_RULE,"제어매트릭스 규칙 적용: NOX_LOW (3단계 롤백, 4단계에서 Hz 변화 없음)",39.6974983,10.5874996,1026.90002,918.75,11.2624998,1.0,,17.31,0.0,11.01,29.34375,,29.34375,0.0,159.149994,0.0
2025-10-17 08:07:51+00:00,2025-10-17 08:07:51,,,,,,,,,,39.6824989,10.5874996,1026.44995,918.599976,11.2624998,1.0,,17.31,0.0,11.01,29.34375,,29.34375,0.0,159.149994,0.0
2025-10-17 08:07:52+00:00,2025-10-17 08:07:52,,,,,,,,,,39.7050018,10.5703125,1025.84998,918.450012,11.25,1.0,,17.31,0.0,11.01,29.34375,,29.34375,0.0,159.149994,0.0
2025-10-17 08:07:53+00:00,2025-10-17 08:07:53,,,,,,,,,,39.6937485,10.5703125,1025.40002,918.375,11.2624998,1.0,,17.31,0.0,11.01,29.34375,,29.34375,0.0,159.149994,0.0
2025-10-17 08:07:54+00:00,2025-10-17 08:07:54,,,,,,,,,,39.6899986,10.5515623,1024.80005,918.150024,11.2375002,1.0,,17.31,0.0,11.01,29.34375,,29.34375,0.0,159.225006,0.0
2025-10-17 08:07:55+00:00,2025-10-17 08:07:55,38.0,39.0,39.0,38.0,38.0,10.275899532631108,304.0,BO_O2_RULE,"제어매트릭스 규칙 적용: NOX_LOW (3단계 롤백, 4단계에서 Hz 변화 없음)",39.6899986,10.5281248,1024.27502,918.0,11.1750002,1.0,,17.31,0.0,11.32,29.34375,38.70680375729881,29.34375,0.0,159.149994,0.0
2025-10-17 08:07:56+00:00,2025-10-17 08:07:56,,,,,,,,,,39.6899986,10.5281248,1023.67499,917.775024,11.1750002,1.0,,17.31,0.0,11.32,29.34375,,29.34375,0.0,159.149994,0.0
2025-10-17 08:07:57+00:00,2025-10-17 08:07:57,,,,,,,,,,39.6899986,10.5015621,1023.22498,917.700012,11.1750002,1.0,,17.31,0.0,11.32,29.2312508,,29.2312508,0.0,159.149994,0.0
2025-10-17 08:07:58+00:00,2025-10-17 08:07:58,,,,,,,,,,39.6937485,10.46875,1022.625,917.474976,11.1750002,1.0,,17.31,0.0,11.32,29.15625,,29.15625,0.0,159.225006,0.0
2025-10-17 08:07:59+00:00,2025-10-17 08:07:59,,,,,,,,,,39.6937485,10.46875,1022.09998,917.400024,11.1750002,1.0,,17.31,0.0,11.32,29.15625,,29.15625,0.0,159.225006,0.0
2025-10-17 08:08:00+00:00,2025-10-17 08:08:00,38.0,39.0,39.0,38.0,38.0,10.47123768121366,304.0,BO_O2_RULE,"제어매트릭스 규칙 적용: NOX_LOW (3단계 롤백, 4단계에서 Hz 변화 없음)",39.6974983,10.4250002,1021.5,917.174988,11.3500004,1.0,,17.31,0.0,11.32,29.1656246,,29.1656246,0.0,159.149994,0.0
2025-10-17 08:08:01+00:00,2025-10-17 08:08:01,,,,,,,,,,39.6899986,10.4250002,1021.04999,917.099976,11.3500004,1.0,,17.31,0.0,11.32,29.1656246,,29.1656246,0.0,159.149994,0.0
2025-10-17 08:08:02+00:00,2025-10-17 08:08:02,,,,,,,,,,39.6937485,10.375,1020.45001,916.875,11.3500004,1.0,,17.31,0.0,11.32,29.15625,,29.15625,0.0,159.149994,0.0
2025-10-17 08:08:03+00:00,2025-10-17 08:08:03,,,,,,,,,,39.6899986,10.328125,1020.0,916.799988,11.3500004,1.0,,17.31,0.0,11.32,29.15625,,29.15625,0.0,159.225006,0.0
2025-10-17 08:08:04+00:00,2025-10-17 08:08:04,,,,,,,,,,39.7087517,10.328125,1019.40002,916.575012,11.375,1.0,,17.31,0.0,11.32,29.1656246,,29.1656246,0.0,159.074997,0.0
2025-10-17 08:08:05+00:00,2025-10-17 08:08:05,38.0,39.0,39.0,38.0,38.0,10.067118066873515,304.0,BO_O2_RULE,"제어매트릭스 규칙 적용: NOX_LOW (3단계 롤백, 4단계에서 Hz 변화 없음)",39.6974983,10.3015623,1018.95001,916.424988,11.4250002,1.0,,17.31,0.0,11.41,29.1656246,,29.1656246,0.0,159.149994,0.0
2025-10-17 08:08:06+00:00,2025-10-17 08:08:06,,,,,,,,,,39.6899986,10.3015623,1018.34998,916.275024,11.4250002,1.0,,17.31,0.0,11.41,29.15625,,29.15625,0.0,159.149994,0.0
2025-10-17 08:08:07+00:00,2025-10-17 08:08:07,,,,,,,,,,39.6974983,10.3015623,1017.97498,916.049988,11.4250002,1.0,,17.31,0.0,11.41,29.15625,,29.15625,0.0,159.225006,0.0
2025-10-17 08:08:08+00:00,2025-10-17 08:08:08,,,,,,,,,,39.6899986,10.3140621,1017.375,915.900024,11.4250002,1.0,,17.31,0.0,11.41,29.1656246,,29.1656246,0.0,159.149994,0.0
2025-10-17 08:08:09+00:00,2025-10-17 08:08:09,,,,,,,,,,39.6937485,10.3140621,1017.0,915.75,11.4250002,1.0,,17.31,0.0,11.41,29.15625,,29.15625,0.0,159.149994,0.0
2025-10-17 08:08:10+00:00,2025-10-17 08:08:10,38.0,40.0,40.0,38.0,38.0,10.247097429821194,304.0,BO_O2_RULE,"제어매트릭스 규칙 적용: NOX_LOW (3단계 롤백, 4단계에서 Hz 변화 없음)",39.6899986,10.3312502,1016.47498,915.525024,11.6875,1.0,,17.31,0.0,11.41,29.1656246,,29.1656246,0.0,159.149994,0.0
2025-10-17 08:08:11+00:00,2025-10-17 08:08:11,,,,,,,,,,39.6824989,10.3468752,1016.09998,915.450012,11.6875,1.0,,17.31,0.0,11.41,29.15625,,29.15625,0.0,159.0,0.0
2025-10-17 08:08:12+00:00,2025-10-17 08:08:12,,,,,,,,,,40.5525017,10.3468752,1015.65002,915.224976,11.6875,1.0,,17.31,0.0,11.41,29.1656246,,29.1656246,0.0,157.574997,0.0
2025-10-17 08:08:13+00:00,2025-10-17 08:08:13,,,,,,,,,,40.7362518,10.3578129,1015.34998,915.075012,11.6875,1.0,,17.31,0.0,11.41,29.1656246,,29.1656246,0.0,157.574997,0.0
2025-10-17 08:08:14+00:00,2025-10-17 08:08:14,,,,,,,,,,40.7625008,10.3656254,1014.90002,914.849976,11.6875,1.0,,17.31,0.0,11.41,29.2781258,,29.2781258,0.0,157.649994,0.0
2025-10-17 08:08:15+00:00,2025-10-17 08:08:15,38.0,40.0,40.0,38.0,38.0,11.13939512423146,304.0,BO_O2_RULE,"제어매트릭스 규칙 적용: NOX_LOW (3단계 롤백, 4단계에서 Hz 변화 없음)",40.7550011,10.3656254,1014.59998,914.775024,11.6750002,1.0,,17.31,0.0,11.69,29.6625004,38.70680375729881,29.6625004,0.0,157.649994,0.0
2025-10-17 08:08:16+00:00,2025-10-17 08:08:16,,,,,,,,,,40.7512512,10.3656254,1014.29999,914.549988,11.6875,1.0,,17.31,0.0,11.69,29.8875008,,29.8875008,0.0,157.574997,0.0
2025-10-17 08:08:17+00:00,2025-10-17 08:08:17,,,,,,,,,,40.7587509,10.3656254,1014.07501,914.400024,11.6875,1.0,,17.31,0.0,11.69,30.2062492,,30.2062492,0.0,157.574997,0.0
2025-10-17 08:08:18+00:00,2025-10-17 08:08:18,,,,,,,,,,40.7437515,10.3468752,1013.70001,914.25,11.6875,1.0,,17.31,0.0,11.69,30.6187496,,30.6187496,0.0,157.649994,0.0
2025-10-17 08:08:19+00:00,2025-10-17 08:08:19,,,,,,,,,,40.7587509,10.3078127,1013.54999,914.025024,11.6875,1.0,,17.31,0.0,11.69,30.6187496,,30.6187496,0.0,157.649994,0.0
2025-10-17 08:08:20+00:00,2025-10-17 08:08:20,38.0,40.0,40.0,38.0,38.0,10.824725411010794,304.0,BO_O2_RULE,"제어매트릭스 규칙 적용: NOX_LOW (3단계 롤백, 4단계에서 Hz 변화 없음)",40.7512512,10.3078127,1013.25,913.875,11.6000004,1.0,,17.31,0.0,11.69,30.8062496,,30.8062496,0.0,157.574997,0.0
2025-10-17 08:08:21+00:00,2025-10-17 08:08:21,,,,,,,,,,40.7587509,10.2406254,1013.02502,913.724976,11.6000004,1.0,,17.31,0.0,11.69,30.890625,,30.890625,0.0,157.649994,0.0
2025-10-17 08:08:22+00:00,2025-10-17 08:08:22,,,,,,,,,,40.7324982,10.1515627,1012.79999,913.575012,11.6000004,1.0,,17.31,0.0,11.69,30.9937496,,30.9937496,0.0,157.649994,0.0
2025-10-17 08:08:23+00:00,2025-10-17 08:08:23,,,,,,,,,,40.7400017,10.1515627,1012.65002,913.424988,11.6000004,1.0,,17.31,0.0,11.69,30.9937496,,30.9937496,0.0,157.649994,0.0
2025-10-17 08:08:24+00:00,2025-10-17 08:08:24,,,,,,,,,,40.7475014,10.0437498,1012.42499,913.200012,11.625,1.0,,17.31,0.0,11.69,31.0031242,,31.0031242,0.0,156.225006,0.0
2025-10-17 08:08:25+00:00,2025-10-17 08:08:25,38.0,40.0,40.0,38.0,38.0,10.659126720472118,304.0,BO_O2_RULE,"제어매트릭스 규칙 적용: NOX_LOW (3단계 롤백, 4단계에서 Hz 변화 없음)",40.7662506,10.0437498,1012.27502,913.049988,11.6750002,1.0,,17.31,0.0,11.66,31.0031242,,31.0031242,0.0,156.149994,0.0
2025-10-17 08:08:26+00:00,2025-10-17 08:08:26,,,,,,,,,,40.7587509,9.921875,1012.125,912.900024,11.6875,1.0,,17.31,0.0,11.66,31.0031242,,31.0031242,0.0,157.5,0.0
2025-10-17 08:08:27+00:00,2025-10-17 08:08:27,,,,,,,,,,40.7400017,9.79843712,1012.04999,912.75,11.6875,1.0,,17.31,0.0,11.66,30.9937496,38.70680375729881,30.9937496,0.0,157.649994,0.0
2025-10-17 08:08:28+00:00,2025-10-17 08:08:28,,,,,,,,,,40.7362518,9.79843712,1011.90002,912.525024,11.6875,1.0,,17.31,0.0,11.66,31.0031242,,31.0031242,0.0,157.649994,0.0
2025-10-17 08:08:29+00:00,2025-10-17 08:08:29,,,,,,,,,,40.7362518,9.66718769,1011.90002,912.375,11.6875,1.0,,17.31,0.0,11.66,30.9937496,,30.9937496,0.0,157.574997,0.0
2025-10-17 08:08:30+00:00,2025-10-17 08:08:30,38.0,39.0,39.0,38.0,38.0,10.377014273852785,304.0,BO_O2_RULE,"제어매트릭스 규칙 적용: NOX_LOW (3단계 롤백, 4단계에서 Hz 변화 없음)",40.7587509,9.54374981,1011.82501,912.224976,11.7749996,1.0,,17.31,0.0,11.66,31.0031242,,31.0031242,0.0,157.649994,0.0
2025-10-17 08:08:31+00:00,2025-10-17 08:08:31,,,,,,,,,,40.7475014,9.54374981,1011.75,912.075012,11.7749996,1.0,,17.31,0.0,11.66,31.078125,,31.078125,0.0,157.649994,0.0
2025-10-17 08:08:32+00:00,2025-10-17 08:08:32,,,,,,,,,,40.0875015,9.43437481,1011.82501,911.924988,11.7624998,1.0,,17.31,0.0,11.66,31.1906242,,31.1906242,0.0,157.649994,0.0
2025-10-17 08:08:33+00:00,2025-10-17 08:08:33,,,,,,,,,,39.7050018,9.43437481,1011.75,911.775024,11.7749996,1.0,,17.31,0.0,11.66,31.21875,,31.21875,0.0,157.574997,0.0
2025-10-17 08:08:34+00:00,2025-10-17 08:08:34,,,,,,,,,,39.7012482,9.34062481,1011.75,911.549988,11.8000002,1.0,,17.31,0.0,11.66,30.9187508,,30.9187508,0.0,157.649994,0.0
2025-10-17 08:08:35+00:00,2025-10-17 08:08:35,38.0,39.0,39.0,38.0,38.0,10.713481377979619,304.0,BO_O2_RULE,"제어매트릭스 규칙 적용: NOX_LOW (3단계 롤백, 4단계에서 Hz 변화 없음)",39.6899986,9.24531269,1011.67499,911.474976,11.8500004,1.0,,17.31,0.0,11.79,30.6281242,,30.6281242,0.0,157.649994,0.0
2025-10-17 08:08:36+00:00,2025-10-17 08:08:36,,,,,,,,,,39.6899986,9.24531269,1011.67499,911.25,11.8500004,1.0,,17.31,0.0,11.79,30.6281242,,30.6281242,0.0,159.074997,0.0
2025-10-17 08:08:37+00:00,2025-10-17 08:08:37,,,,,,,,,,39.6937485,9.140625,1011.67499,911.174988,11.8500004,1.0,,17.31,0.0,11.79,30.1499996,,30.1499996,0.0,159.149994,0.0
2025-10-17 08:08:38+00:00,2025-10-17 08:08:38,,,,,,,,,,39.6899986,9.02031231,1011.67499,910.950012,11.8500004,1.0,,17.31,0.0,11.79,29.8968754,,29.8968754,0.0,159.149994,0.0
2025-10-17 08:08:39+00:00,2025-10-17 08:08:39,,,,,,,,,,39.6937485,9.02031231,1011.67499,910.875,11.8500004,1.0,,17.31,0.0,11.79,29.7093754,,29.7093754,0.0,159.225006,0.0
2025-10-17 08:08:40+00:00,2025-10-17 08:08:40,38.0,39.0,39.0,38.0,38.0,11.320356992752474,304.0,BO_O2_RULE,"제어매트릭스 규칙 적용: NOX_LOW (3단계 롤백, 4단계에서 Hz 변화 없음)",39.6937485,8.89375019,1011.75,910.650024,12.0249996,1.0,,17.31,0.0,11.79,29.53125,,29.53125,0.0,159.149994,0.0
2025-10-17 08:08:41+00:00,2025-10-17 08:08:41,,,,,,,,,,39.6937485,8.89375019,1011.82501,910.575012,12.0124998,1.0,,17.31,0.0,11.79,29.4187508,,29.4187508,0.0,159.149994,0.0
2025-10-17 08:08:42+00:00,2025-10-17 08:08:42,,,,,,,,,,40.6237488,8.77499962,1011.82501,910.424988,12.0124998,1.0,,17.31,0.0,11.79,29.34375,,29.34375,0.0,159.225006,0.0
2025-10-17 08:08:43+00:00,2025-10-17 08:08:43,,,,,,,,,,40.7512512,8.66250038,1011.90002,910.275024,12.0124998,1.0,,17.31,0.0,11.79,29.34375,,29.34375,0.0,159.149994,0.0
2025-10-17 08:08:44+00:00,2025-10-17 08:08:44,,,,,,,,,,40.7287483,8.66250038,1011.97498,910.125,12.0249996,1.0,,17.31,0.0,11.79,29.5125008,,29.5125008,0.0,159.149994,0.0
2025-10-17 08:08:45+00:00,2025-10-17 08:08:45,38.0,43.0,43.0,38.0,38.0,11.546658064144511,304.0,BO_O2_RULE,"제어매트릭스 규칙 적용: NOX_LOW (3단계 롤백, 4단계에서 Hz 변화 없음)",40.7475014,8.55781269,1012.125,909.974976,12.0124998,1.0,,17.31,0.0,12.04,29.7093754,39.60680375729881,29.7093754,0.0,159.149994,0.0
2025-10-17 08:08:46+00:00,2025-10-17 08:08:46,,,,,,,,,,40.7625008,8.45625019,1012.20001,909.900024,12.0124998,1.0,,17.31,0.0,12.04,29.8968754,,29.8968754,0.0,159.149994,0.0
2025-10-17 08:08:47+00:00,2025-10-17 08:08:47,,,,,,,,,,42.6150017,8.45625019,1012.27502,909.825012,12.0249996,1.0,,17.31,0.0,12.04,30.46875,,30.46875,0.0,159.149994,0.0
2025-10-17 08:08:48+00:00,2025-10-17 08:08:48,,,,,,,,,,42.8250008,8.359375,1012.42499,909.674988,12.0124998,1.0,,17.31,0.0,12.04,30.6281242,,30.6281242,0.0,159.149994,0.0
2025-10-17 08:08:49+00:00,2025-10-17 08:08:49,,,,,,,,,,42.8362503,8.359375,1012.57501,909.525024,12.0124998,1.0,,17.31,0.0,12.04,30.8624992,,30.8624992,0.0,159.074997,0.0
2025-10-17 08:08:50+00:00,2025-10-17 08:08:50,38.0,43.0,43.0,38.0,38.0,11.377370241635758,304.0,BO_O2_RULE,"제어매트릭스 규칙 적용: NOX_LOW (3단계 롤백, 4단계에서 Hz 변화 없음)",42.8287506,8.26718712,1012.875,909.450012,12.0249996,1.0,,17.31,0.0,12.04,31.6031246,,31.6031246,0.0,159.225006,0.0
2025-10-17 08:08:51+00:00,2025-10-17 08:08:51,,,,,,,,,,42.8325005,8.18593788,1013.02502,909.450012,12.0249996,1.0,,17.31,0.0,12.04,32.5968742,,32.5968742,0.0,157.649994,0.0
2025-10-17 08:08:52+00:00,2025-10-17 08:08:52,,,,,,,,,,42.8400002,8.18593788,1013.25,909.299988,12.0124998,1.0,,17.31,0.0,12.04,33.3843765,,33.3843765,0.0,157.649994,0.0
2025-10-17 08:08:53+00:00,2025-10-17 08:08:53,,,,,,,,,,42.8325005,8.11250019,1013.47498,909.150024,12.0124998,1.0,,17.31,0.0,12.04,33.8624992,,33.8624992,0.0,157.574997,0.0
2025-10-17 08:08:54+00:00,2025-10-17 08:08:54,,,,,,,,,,42.8362503,8.04843712,1013.77502,909.150024,12.0249996,1.0,,17.31,0.0,12.04,34.359375,,34.359375,0.0,157.649994,0.0
2025-10-17 08:08:55+00:00,2025-10-17 08:08:55,38.0,43.0,43.0,38.0,38.0,11.196601201017915,304.0,BO_O2_RULE,"제어매트릭스 규칙 적용: NOX_LOW (3단계 롤백, 4단계에서 Hz 변화 없음)",42.8400002,8.04843712,1013.92499,909.075012,12.0249996,1.0,,17.31,0.0,12.06,34.3781242,,34.3781242,0.0,157.649994,0.0
2025-10-17 08:08:56+00:00,2025-10-17 08:08:56,,,,,,,,,,42.8400002,7.984375,1014.29999,908.924988,12.0249996,1.0,,17.31,0.0,12.06,34.546875,39.60680375729881,34.546875,0.0,157.649994,0.0
2025-10-17 08:08:57+00:00,2025-10-17 08:08:57,,,,,,,,,,42.8325005,7.9156251,1014.45001,908.924988,12.0249996,1.0,,17.31,0.0,12.06,34.5656242,,34.5656242,0.0,157.574997,0.0
2025-10-17 08:08:58+00:00,2025-10-17 08:08:58,,,,,,,,,,43.6199989,7.9156251,1014.82501,908.849976,12.0249996,1.0,,17.31,0.0,12.06,34.734375,,34.734375,0.0,157.199997,0.0
2025-10-17 08:08:59+00:00,2025-10-17 08:08:59,,,,,,,,,,43.8600006,7.84062481,1015.04999,908.775024,12.0124998,1.0,,17.31,0.0,12.06,34.7437515,,34.7437515,0.0,156.225006,0.0
2025-10-17 08:09:00+00:00,2025-10-17 08:09:00,38.0,42.0,42.0,38.0,38.0,10.27424227197721,304.0,BO_O2_RULE,"제어매트릭스 규칙 적용: NOX_LOW (3단계 롤백, 4단계에서 Hz 변화 없음)",43.8412514,7.84062481,1015.34998,908.775024,12.0249996,1.0,,17.31,0.0,12.06,34.875,,34.875,0.0,156.225006,0.0
2025-10-17 08:09:01+00:00,2025-10-17 08:09:01,,,,,,,,,,43.8487511,7.7578125,1015.57501,908.700012,12.0249996,1.0,,17.31,0.0,12.06,35.109375,,35.109375,0.0,156.149994,0.0
2025-10-17 08:09:02+00:00,2025-10-17 08:09:02,,,,,,,,,,43.875,7.65625,1015.95001,908.625,12.0124998,1.0,,17.31,0.0,12.06,35.3531265,,35.3531265,0.0,156.225006,0.0
2025-10-17 08:09:03+00:00,2025-10-17 08:09:03,,,,,,,,,,43.8562508,7.65625,1016.09998,908.625,12.0124998,1.0,,17.31,0.0,12.06,35.8781242,,35.8781242,0.0,156.225006,0.0
2025-10-17 08:09:04+00:00,2025-10-17 08:09:04,,,,,,,,,,43.8525009,7.53125,1016.47498,908.625,12.0249996,1.0,,17.31,0.0,12.06,36.0374985,,36.0374985,0.0,156.225006,0.0
2025-10-17 08:09:05+00:00,2025-10-17 08:09:05,38.86187555,42.0,42.0,38.0,38.0,10.231699083562445,304.0,BO_O2_RULE,"제어매트릭스 규칙 적용: NOX_LOW (3단계 롤백, 4단계에서 Hz 변화 없음)",43.8675003,7.3921876,1016.70001,908.549988,12.0124998,1.0,,17.31,0.0,12.03,36.2531242,,36.2531242,0.0,156.149994,0.0
2025-10-17 08:09:06+00:00,2025-10-17 08:09:06,,,,,,,,,,43.8412514,7.3921876,1017.0,908.549988,12.0124998,1.0,,17.31,0.0,12.03,36.4312515,,36.4312515,0.0,156.149994,0.0
2025-10-17 08:09:07+00:00,2025-10-17 08:09:07,,,,,,,,,,43.3349991,7.24531269,1017.29999,908.549988,12.0249996,1.0,,17.31,0.0,12.03,36.4312515,,36.4312515,0.0,156.225006,0.0
2025-10-17 08:09:08+00:00,2025-10-17 08:09:08,,,,,,,,,,42.84375,7.24531269,1017.59998,908.474976,12.0249996,1.0,,17.31,0.0,12.03,36.5906258,,36.5906258,0.0,156.225006,0.0
2025-10-17 08:09:09+00:00,2025-10-17 08:09:09,,,,,,,,,,42.8287506,7.10468769,1017.82501,908.474976,12.0249996,1.0,,17.31,0.0,12.03,36.4312515,,36.4312515,0.0,156.149994,0.0
2025-10-17 08:09:10+00:00,2025-10-17 08:09:10,38.58812525,49.0,46.0,38.0,38.0,10.318282589809629,304.0,BO_O2_RULE,"제어매트릭스 규칙 적용: NOX_LOW (3단계 롤백, 4단계에서 Hz 변화 없음)",42.8325005,6.96875,1018.20001,908.474976,11.9375,1.0,,17.31,0.0,12.03,36.1031265,,36.1031265,0.0,156.225006,0.0
2025-10-17 08:09:11+00:00,2025-10-17 08:09:11,,,,,,,,,,42.8325005,6.96875,1018.34998,908.474976,11.9375,1.0,,17.31,0.0,12.03,35.8875008,,35.8875008,0.0,156.225006,0.0
2025-10-17 08:09:12+00:00,2025-10-17 08:09:12,,,,,,,,,,45.0449982,6.8453126,1018.72498,908.474976,11.9375,1.0,,17.31,0.0,12.03,35.5031242,,35.5031242,0.0,156.225006,0.0
2025-10-17 08:09:13+00:00,2025-10-17 08:09:13,,,,,,,,,,46.9350014,6.73750019,1018.95001,908.474976,11.9375,1.0,,17.31,0.0,12.03,35.1187515,,35.1187515,0.0,156.149994,0.0
2025-10-17 08:09:14+00:00,2025-10-17 08:09:14,,,,,,,,,,46.9425011,6.73750019,1019.25,908.474976,11.9125004,1.0,,17.31,0.0,12.03,35.1281242,39.60680375729881,35.1281242,0.0,156.149994,0.0
2025-10-17 08:09:15+00:00,2025-10-17 08:09:15,38.93874935,48.0,48.0,38.0,38.0,10.290041260303672,304.0,BO_O2_RULE,"제어매트릭스 규칙 적용: NOX_LOW (3단계 롤백, 4단계에서 Hz 변화 없음)",46.9462509,6.6546874,1019.54999,908.474976,11.8500004,1.0,,17.31,0.0,11.96,36.2718735,,36.2718735,0.0,156.225006,0.0
2025-10-17 08:09:16+00:00,2025-10-17 08:09:16,,,,,,,,,,46.9500008,6.6546874,1019.77502,908.474976,11.8500004,1.0,,17.31,0.0,11.96,37.9968758,,37.9968758,0.0,156.225006,0.0
2025-10-17 08:09:17+00:00,2025-10-17 08:09:17,,,,,,,,,,48.4949989,6.58906269,1020.0,908.474976,11.8625002,1.0,,17.31,0.0,11.96,39.3937492,,39.3937492,0.0,156.225006,0.0
2025-10-17 08:09:18+00:00,2025-10-17 08:09:18,,,,,,,,,,49.0237503,6.5390625,1020.29999,908.549988,11.8625002,1.0,,17.31,0.0,11.96,40.3499985,,40.3499985,0.0,156.149994,0.0
2025-10-17 08:09:19+00:00,2025-10-17 08:09:19,,,,,,,,,,49.0275002,6.5390625,1020.52502,908.549988,11.8500004,1.0,,17.31,0.0,11.96,41.0625,,41.0625,0.0,156.225006,0.0
2025-10-17 08:09:20+00:00,2025-10-17 08:09:20,42.72249985,48.0,48.0,38.0,38.0,10.273156126216781,304.0,BO_O2_RULE,"제어매트릭스 규칙 적용: NOX_LOW (3단계 롤백, 4단계에서 Hz 변화 없음)",49.03125,6.5015626,1020.82501,908.549988,11.8500004,1.0,,17.31,0.0,11.96,41.953125,,41.953125,0.0,156.225006,0.0
2025-10-17 08:09:21+00:00,2025-10-17 08:09:21,,,,,,,,,,49.1362495,6.4765625,1021.04999,908.549988,11.8500004,1.0,,17.31,0.0,11.96,43.1343765,,43.1343765,0.0,154.725006,0.0
2025-10-17 08:09:22+00:00,2025-10-17 08:09:22,,,,,,,,,,50.0849991,6.4765625,1021.27502,908.625,11.8500004,1.0,,17.31,0.0,11.96,44.015625,,44.015625,0.0,154.725006,0.0
2025-10-17 08:09:23+00:00,2025-10-17 08:09:23,,,,,,,,,,50.1187515,6.46875,1021.5,908.625,11.8500004,1.0,,17.31,0.0,11.96,44.578125,,44.578125,0.0,154.800003,0.0
2025-10-17 08:09:24+00:00,2025-10-17 08:09:24,,,,,,,,,,50.1599998,6.46875,1021.79999,908.625,11.8874998,1.0,,17.31,0.0,11.96,45.0187492,,45.0187492,0.0,153.300003,0.0
2025-10-17 08:09:25+00:00,2025-10-17 08:09:25,44.6106243,48.0,48.0,38.0,38.0,10.369471687348113,304.0,BO_O2_RULE,"제어매트릭스 규칙 적용: NOX_LOW (3단계 롤백, 4단계에서 Hz 변화 없음)",50.15625,6.4703126,1022.02502,908.700012,11.9375,1.0,,17.31,0.0,11.87,45.5812492,,45.5812492,0.0,153.300003,0.0
2025-10-17 08:09:26+00:00,2025-10-17 08:09:26,,,,,,,,,,50.1712494,6.4828124,1022.32501,908.700012,11.9375,1.0,,17.31,0.0,11.87,46.265625,,46.265625,0.0,153.300003,0.0
2025-10-17 08:09:27+00:00,2025-10-17 08:09:27,,,,,,,,,,50.1412506,6.4828124,1022.54999,908.775024,11.9375,1.0,,17.31,0.0,11.87,46.4343758,,46.4343758,0.0,153.300003,0.0
2025-10-17 08:09:28+00:00,2025-10-17 08:09:28,,,,,,,,,,50.1599998,6.5062499,1022.84998,908.775024,11.9375,1.0,,17.31,0.0,11.87,46.7906265,39.60680375729881,46.7906265,0.0,153.300003,0.0
2025-10-17 08:09:29+00:00,2025-10-17 08:09:29,,,,,,,,,,50.1412506,6.53125,1023.07501,908.849976,11.9375,1.0,,17.31,0.0,11.87,47.0718765,,47.0718765,0.0,153.0,0.0
2025-10-17 08:09:30+00:00,2025-10-17 08:09:30,45.15625,48.0,48.0,38.0,38.0,11.28686117246038,304.0,BO_O2_RULE,"제어매트릭스 규칙 적용: NOX_LOW (3단계 롤백, 4단계에서 Hz 변화 없음)",50.1337509,6.53125,1023.29999,908.924988,12.0249996,1.0,,17.31,0.0,11.87,47.0812492,,47.0812492,0.0,151.574997,0.0
2025-10-17 08:09:31+00:00,2025-10-17 08:09:31,,,,,,,,,,50.1262512,6.5531249,1023.52502,908.924988,12.0249996,1.0,,17.31,0.0,11.87,47.0812492,,47.0812492,0.0,151.574997,0.0
2025-10-17 08:09:32+00:00,2025-10-17 08:09:32,,,,,,,,,,50.1150017,6.5531249,1023.90002,909.0,12.0124998,1.0,,17.31,0.0,11.87,47.0812492,,47.0812492,0.0,151.574997,0.0
2025-10-17 08:09:33+00:00,2025-10-17 08:09:33,,,,,,,,,,50.1262512,6.57343769,1024.125,909.075012,12.0124998,1.0,,17.31,0.0,11.87,47.0812492,,47.0812492,0.0,151.5,0.0
2025-10-17 08:09:34+00:00,2025-10-17 08:09:34,,,,,,,,,,50.1375008,6.58906269,1024.57495,909.075012,12.1125002,1.0,,17.31,0.0,11.87,47.0812492,,47.0812492,0.0,151.5,0.0
2025-10-17 08:09:35+00:00,2025-10-17 08:09:35,45.12062645,48.0,48.0,38.0,38.0,11.855994627963067,304.0,BO_O2_RULE,"제어매트릭스 규칙 적용: NOX_LOW (3단계 롤백, 4단계에서 Hz 변화 없음)",50.1375008,6.58906269,1024.94995,909.150024,12.2749996,1.0,,17.31,0.0,12.09,47.0812492,,47.0812492,0.0,151.649994,0.0
2025-10-17 08:09:36+00:00,2025-10-17 08:09:36,,,,,,,,,,50.1525002,6.60468769,1025.32495,909.224976,12.2749996,1.0,,17.31,0.0,12.09,47.0812492,,47.0812492,0.0,151.574997,0.0
2025-10-17 08:09:37+00:00,2025-10-17 08:09:37,,,,,,,,,,50.2012482,6.6234374,1025.625,909.299988,12.2749996,1.0,,17.31,0.0,12.09,47.0812492,,47.0812492,0.0,151.574997,0.0
2025-10-17 08:09:38+00:00,2025-10-17 08:09:38,,,,,,,,,,50.1262512,6.6234374,1026.07495,909.375,12.2749996,1.0,,17.31,0.0,12.09,47.0812492,,47.0812492,0.0,151.5,0.0
2025-10-17 08:09:39+00:00,2025-10-17 08:09:39,,,,,,,,,,50.1412506,6.6468749,1026.375,909.375,12.2749996,1.0,,17.31,0.0,12.09,47.0812492,,47.0812492,0.0,151.574997,0.0
2025-10-17 08:09:40+00:00,2025-10-17 08:09:40,48.0,48.0,48.0,48.0,48.0,13.120348907418588,100.0,BO_ONLY,"BO 모델 결과만 사용 (1단계 롤백, 2~4단계에서 Hz 변화 없음)",50.1262512,6.6468749,1026.75,909.450012,12.6125002,1.0,,17.31,0.0,12.09,47.0812492,,47.0812492,0.0,151.574997,0.0
2025-10-17 08:09:41+00:00,2025-10-17 08:09:41,,,,,,,,,,50.15625,6.67656231,1027.05005,909.525024,12.6125002,1.0,,17.31,0.0,12.09,47.0812492,,47.0812492,0.0,153.300003,0.0
2025-10-17 08:09:42+00:00,2025-10-17 08:09:42,,,,,,,,,,50.1824989,6.703125,1027.5,909.599976,12.6000004,1.0,,17.31,0.0,12.09,47.0812492,,47.0812492,0.0,153.300003,0.0
2025-10-17 08:09:43+00:00,2025-10-17 08:09:43,,,,,,,,,,50.1300011,6.703125,1027.72498,909.75,12.6125002,1.0,,17.31,0.0,12.09,47.0906258,39.60680375729881,47.0906258,0.0,153.300003,0.0
2025-10-17 08:09:44+00:00,2025-10-17 08:09:44,,,,,,,,,,50.1225014,6.7249999,1028.17505,909.75,12.7250004,1.0,,17.31,0.0,12.09,47.0812492,,47.0812492,0.0,153.300003,0.0
2025-10-17 08:09:45+00:00,2025-10-17 08:09:45,48.0,48.0,48.0,48.0,48.0,13.310377685210106,100.0,BO_ONLY,"BO 모델 결과만 사용 (1단계 롤백, 2~4단계에서 Hz 변화 없음)",50.1599998,6.7406249,1028.47498,909.825012,12.9499998,1.0,,17.31,0.0,12.67,47.0812492,,47.0812492,0.0,153.300003,0.0
2025-10-17 08:09:46+00:00,2025-10-17 08:09:46,,,,,,,,,,50.1412506,6.7406249,1028.84998,909.900024,12.9499998,1.0,,17.31,0.0,12.67,47.0812492,,47.0812492,0.0,153.300003,0.0
2025-10-17 08:09:47+00:00,2025-10-17 08:09:47,,,,,,,,,,50.1337509,6.73906231,1029.07495,909.974976,12.9499998,1.0,,17.31,0.0,12.67,47.0812492,,47.0812492,0.0,153.300003,0.0
2025-10-17 08:09:48+00:00,2025-10-17 08:09:48,,,,,,,,,,50.1187515,6.73906231,1029.375,910.125,12.9499998,1.0,,17.31,0.0,12.67,47.2687492,,47.2687492,0.0,153.300003,0.0
2025-10-17 08:09:49+00:00,2025-10-17 08:09:49,,,,,,,,,,50.1225014,6.7171874,1029.59998,910.125,12.9375,1.0,,17.31,0.0,12.67,47.2593765,,47.2593765,0.0,153.300003,0.0
2025-10-17 08:09:50+00:00,2025-10-17 08:09:50,48.0,48.0,48.0,48.0,48.0,14.18508322508926,100.0,BO_ONLY,"BO 모델 결과만 사용 (1단계 롤백, 2~4단계에서 Hz 변화 없음)",50.1300011,6.6875,1029.90002,910.275024,13.1999998,1.0,,17.31,0.0,12.67,47.2593765,,47.2593765,0.0,154.125,0.0
2025-10-17 08:09:51+00:00,2025-10-17 08:09:51,,,,,,,,,,50.1300011,6.6875,1030.125,910.275024,13.1999998,1.0,,17.31,0.0,12.67,47.0906258,,47.0906258,0.0,154.725006,0.0
2025-10-17 08:09:52+00:00,2025-10-17 08:09:52,,,,,,,,,,49.1324997,6.65625,1030.42505,910.424988,13.1875,1.0,,17.31,0.0,12.67,47.0812492,,47.0812492,0.0,154.725006,0.0
2025-10-17 08:09:53+00:00,2025-10-17 08:09:53,,,,,,,,,,49.0387497,6.63749981,1030.65002,910.5,13.1999998,1.0,,17.31,0.0,12.67,47.0812492,,47.0812492,0.0,153.300003,0.0
2025-10-17 08:09:54+00:00,2025-10-17 08:09:54,,,,,,,,,,49.0200005,6.63749981,1030.94995,910.575012,13.2624998,1.0,,17.31,0.0,12.67,47.0812492,,47.0812492,0.0,153.300003,0.0
2025-10-17 08:09:55+00:00,2025-10-17 08:09:55,48.0,48.0,48.0,48.0,48.0,14.374919678350693,100.0,BO_ONLY,"BO 모델 결과만 사용 (1단계 롤백, 2~4단계에서 Hz 변화 없음)",49.0349998,6.6234374,1031.17505,910.650024,13.3625002,1.0,,17.31,0.0,13.27,46.5843735,39.60680375729881,46.5843735,0.0,154.725006,0.0
2025-10-17 08:09:56+00:00,2025-10-17 08:09:56,,,,,,,,,,49.0387497,6.6234374,1031.47498,910.724976,13.3625002,1.0,,17.31,0.0,13.27,46.3031235,,46.3031235,0.0,154.725006,0.0
2025-10-17 08:09:57+00:00,2025-10-17 08:09:57,,,,,,,,,,50.1037483,6.62031269,1031.625,910.799988,13.375,1.0,,17.31,0.0,13.27,45.84375,,45.84375,0.0,154.725006,0.0
2025-10-17 08:09:58+00:00,2025-10-17 08:09:58,,,,,,,,,,50.1187515,6.6234374,1031.84998,910.950012,13.375,1.0,,17.31,0.0,13.27,45.7687492,,45.7687492,0.0,154.725006,0.0
2025-10-17 08:09:59+00:00,2025-10-17 08:09:59,,,,,,,,,,50.1674995,6.6234374,1032.07495,911.025024,13.3625002,1.0,,17.31,0.0,13.27,45.7593765,,45.7593765,0.0,154.050003,0.0
2025-10-17 08:10:00+00:00,2025-10-17 08:10:00,48.0,48.0,48.0,48.0,48.0,14.425627596452516,100.0,BO_ONLY,"BO 모델 결과만 사용 (1단계 롤백, 2~4단계에서 Hz 변화 없음)",50.1974983,6.6328125,1032.30005,911.099976,13.7124996,1.0,,17.31,0.0,13.27,46.1531258,,46.1531258,0.0,153.300003,0.0
2025-10-17 08:10:01+00:00,2025-10-17 08:10:01,,,,,,,,,,50.1262512,6.6468749,1032.52502,911.174988,13.7124996,1.0,,17.31,0.0,13.27,46.3125,,46.3125,0.0,153.225006,0.0
2025-10-17 08:10:02+00:00,2025-10-17 08:10:02,,,,,,,,,,50.1375008,6.6468749,1032.82495,911.325012,13.6999998,1.0,,17.31,0.0,13.27,46.6875,,46.6875,0.0,153.225006,0.0
2025-10-17 08:10:03+00:00,2025-10-17 08:10:03,,,,,,,,,,50.1749992,6.67500019,1033.05005,911.400024,13.7124996,1.0,,17.31,0.0,13.27,47.0812492,,47.0812492,0.0,153.300003,0.0
2025-10-17 08:10:04+00:00,2025-10-17 08:10:04,,,,,,,,,,50.1300011,6.67500019,1033.19995,911.474976,13.8500004,1.0,,17.31,0.0,13.27,47.0812492,,47.0812492,0.0,153.300003,0.0
2025-10-17 08:10:05+00:00,2025-10-17 08:10:05,48.0,48.0,48.0,48.0,48.0,14.417774935433831,100.0,BO_ONLY,"BO 모델 결과만 사용 (1단계 롤백, 2~4단계에서 Hz 변화 없음)",50.1525002,6.71562481,1033.5,911.625,14.125,1.0,,17.31,0.0,13.76,47.0812492,,47.0812492,0.0,153.300003,0.0
2025-10-17 08:10:06+00:00,2025-10-17 08:10:06,,,,,,,,,,50.1337509,6.76093769,1033.65002,911.700012,14.125,1.0,,17.31,0.0,13.76,47.0812492,,47.0812492,0.0,151.5,0.0
2025-10-17 08:10:07+00:00,2025-10-17 08:10:07,,,,,,,,,,50.1337509,6.76093769,1033.875,911.849976,14.125,1.0,,17.31,0.0,13.76,47.0812492,,47.0812492,0.0,151.5,0.0
2025-10-17 08:10:08+00:00,2025-10-17 08:10:08,,,,,,,,,,50.1337509,6.8031249,1034.02502,911.849976,14.125,1.0,,17.31,0.0,13.76,47.0812492,,47.0812492,0.0,151.574997,0.0
2025-10-17 08:10:09+00:00,2025-10-17 08:10:09,,,,,,,,,,50.1225014,6.8453126,1034.32495,912.0,14.1999998,1.0,,17.31,0.0,13.76,47.0812492,,47.0812492,0.0,151.574997,0.0
2025-10-17 08:10:10+00:00,2025-10-17 08:10:10,48.0,48.0,48.0,48.0,48.0,15.011784849575205,100.0,BO_ONLY,"BO 모델 결과만 사용 (1단계 롤백, 2~4단계에서 Hz 변화 없음)",50.1337509,6.8453126,1034.47498,912.075012,14.2124996,1.0,,17.31,0.0,13.76,47.0812492,,47.0812492,0.0,151.574997,0.0
2025-10-17 08:10:11+00:00,2025-10-17 08:10:11,,,,,,,,,,50.1862488,6.890625,1034.77502,912.224976,14.2124996,1.0,,17.31,0.0,13.76,47.0812492,,47.0812492,0.0,151.5,0.0
2025-10-17 08:10:12+00:00,2025-10-17 08:10:12,,,,,,,,,,49.0687485,6.890625,1034.92505,912.299988,14.2124996,1.0,,17.31,0.0,13.76,47.0812492,39.60680375729881,47.0812492,0.0,151.5,0.0
2025-10-17 08:10:13+00:00,2025-10-17 08:10:13,,,,,,,,,,49.0349998,6.9359374,1035.15002,912.450012,14.2124996,1.0,,17.31,0.0,13.76,47.0812492,,47.0812492,0.0,151.574997,0.0
2025-10-17 08:10:14+00:00,2025-10-17 08:10:14,,,,,,,,,,49.0349998,6.98124981,1035.375,912.450012,14.4250002,1.0,,17.31,0.0,13.76,47.0812492,,47.0812492,0.0,151.5,0.0
2025-10-17 08:10:15+00:00,2025-10-17 08:10:15,48.0,48.0,48.0,48.0,48.0,14.540913942196934,100.0,BO_ONLY,"BO 모델 결과만 사용 (1단계 롤백, 2~4단계에서 Hz 변화 없음)",49.0237503,6.98124981,1035.52502,912.674988,14.8125,1.0,,17.31,0.0,14.28,46.5656242,,46.5656242,0.0,151.5,0.0
2025-10-17 08:10:16+00:00,2025-10-17 08:10:16,,,,,,,,,,49.0349998,7.0218749,1035.67505,912.75,14.8125,1.0,,17.31,0.0,14.28,46.2750015,,46.2750015,0.0,151.574997,0.0
2025-10-17 08:10:17+00:00,2025-10-17 08:10:17,,,,,,,,,,49.0349998,7.0625,1035.90002,912.825012,14.8125,1.0,,17.31,0.0,14.28,45.7781258,,45.7781258,0.0,151.574997,0.0
2025-10-17 08:10:18+00:00,2025-10-17 08:10:18,,,,,,,,,,49.0387497,7.0625,1036.05005,912.900024,14.8125,1.0,,17.31,0.0,14.28,45.5718765,,45.5718765,0.0,151.574997,0.0
2025-10-17 08:10:19+00:00,2025-10-17 08:10:19,,,,,,,,,,49.03125,7.1015625,1036.19995,913.049988,15.1000004,1.0,,17.31,0.0,14.28,45.5718765,,45.5718765,0.0,151.5,0.0
2025-10-17 08:10:20+00:00,2025-10-17 08:10:20,48.0,48.0,48.0,48.0,48.0,15.10234174888405,100.0,BO_ONLY,"BO 모델 결과만 사용 (1단계 롤백, 2~4단계에서 Hz 변화 없음)",49.0237503,7.1015625,1036.34998,913.125,15.1499996,1.0,,17.31,0.0,14.28,45.5718765,,45.5718765,0.0,151.574997,0.0
2025-10-17 08:10:21+00:00,2025-10-17 08:10:21,,,,,,,,,,48.9225006,7.1343751,1036.57495,913.275024,15.1499996,1.0,,17.31,0.0,14.28,45.5718765,,45.5718765,0.0,151.574997,0.0
2025-10-17 08:10:22+00:00,2025-10-17 08:10:22,,,,,,,,,,47.0400009,7.15625,1036.65002,913.349976,15.1374998,1.0,,17.31,0.0,14.28,45.3937492,,45.3937492,0.0,151.574997,0.0
2025-10-17 08:10:23+00:00,2025-10-17 08:10:23,,,,,,,,,,46.9575005,7.15625,1036.875,913.5,15.1499996,1.0,,17.31,0.0,14.28,45.2437515,,45.2437515,0.0,151.5,0.0
2025-10-17 08:10:24+00:00,2025-10-17 08:10:24,,,,,,,,,,46.9537506,7.171875,1037.02502,913.575012,15.2124996,1.0,,17.31,0.0,14.28,44.8499985,,44.8499985,0.0,151.5,0.0
2025-10-17 08:10:25+00:00,2025-10-17 08:10:25,46.0,47.0,46.0,46.0,46.0,17.06173258665413,205.0,BO_O2,"O2 규칙 적용: 7.1% (7.0% < O2 ≤ 8.0%) (2단계 롤백, 3~4단계에서 Hz 변화 없음)",46.9537506,7.1781249,1037.17505,913.724976,15.3125,1.0,,17.31,0.0,15.15,44.0999985,,44.0999985,0.0,151.574997,0.0
2025-10-17 08:10:26+00:00,2025-10-17 08:10:26,,,,,,,,,,46.9500008,7.1781249,1037.32495,913.724976,15.3125,1.0,,17.31,0.0,15.15,43.359375,,43.359375,0.0,153.225006,0.0
2025-10-17 08:10:27+00:00,2025-10-17 08:10:27,,,,,,,,,,46.9500008,7.1937499,1037.47498,913.875,15.3249998,1.0,,17.31,0.0,15.15,42.6843758,,42.6843758,0.0,153.225006,0.0
2025-10-17 08:10:28+00:00,2025-10-17 08:10:28,,,,,,,,,,46.9537506,7.1937499,1037.55005,913.950012,15.3249998,1.0,,17.31,0.0,15.15,42.4312515,,42.4312515,0.0,153.300003,0.0
2025-10-17 08:10:29+00:00,2025-10-17 08:10:29,,,,,,,,,,46.9462509,7.2171874,1037.77502,914.099976,15.6125002,1.0,,17.31,0.0,15.15,42.0093765,,42.0093765,0.0,153.225006,0.0
2025-10-17 08:10:30+00:00,2025-10-17 08:10:30,46.0,47.0,46.0,46.0,46.0,17.06173258665413,205.0,BO_O2,"O2 규칙 적용: 7.2% (7.0% < O2 ≤ 8.0%) (2단계 롤백, 3~4단계에서 Hz 변화 없음)",46.9425011,7.2421875,1037.84998,914.174988,15.6499996,1.0,,17.31,0.0,15.15,41.8218765,,41.8218765,0.0,153.300003,0.0
2025-10-17 08:10:31+00:00,2025-10-17 08:10:31,,,,,,,,,,46.9537506,7.2421875,1038.0,914.325012,15.6499996,1.0,,17.31,0.0,15.15,41.8218765,,41.8218765,0.0,153.225006,0.0
2025-10-17 08:10:32+00:00,2025-10-17 08:10:32,,,,,,,,,,46.9537506,7.26249981,1038.15002,914.400024,15.6499996,1.0,,17.31,0.0,15.15,41.8312492,,41.8312492,0.0,153.300003,0.0
2025-10-17 08:10:33+00:00,2025-10-17 08:10:33,,,,,,,,,,46.9425011,7.27812481,1038.30005,914.474976,15.6499996,1.0,,17.31,0.0,15.15,41.8312492,,41.8312492,0.0,153.225006,0.0
2025-10-17 08:10:34+00:00,2025-10-17 08:10:34,,,,,,,,,,46.9425011,7.27812481,1038.375,914.625,15.7250004,1.0,,17.31,0.0,15.15,41.8218765,,41.8218765,0.0,153.300003,0.0
2025-10-17 08:10:35+00:00,2025-10-17 08:10:35,46.0,47.0,46.0,46.0,46.0,16.191049302905146,205.0,BO_O2,"O2 규칙 적용: 7.3% (7.0% < O2 ≤ 8.0%) (2단계 롤백, 3~4단계에서 Hz 변화 없음)",46.9537506,7.296875,1038.59998,914.775024,15.8125,1.0,,17.31,0.0,15.68,41.8312492,,41.8312492,0.0,153.300003,0.0
2025-10-17 08:10:36+00:00,2025-10-17 08:10:36,,,,,,,,,,46.9387512,7.296875,1038.67505,914.775024,15.8125,1.0,,17.31,0.0,15.68,41.8218765,,41.8218765,0.0,153.300003,0.0
2025-10-17 08:10:37+00:00,2025-10-17 08:10:37,,,,,,,,,,46.9537506,7.3203125,1038.82495,914.924988,15.8249998,1.0,,17.31,0.0,15.68,41.8218765,,41.8218765,0.0,153.300003,0.0
2025-10-17 08:10:38+00:00,2025-10-17 08:10:38,,,,,,,,,,46.9500008,7.35468769,1038.97498,915.0,15.8125,1.0,,17.31,0.0,15.68,41.8218765,,41.8218765,0.0,153.225006,0.0
2025-10-17 08:10:39+00:00,2025-10-17 08:10:39,,,,,,,,,,46.9350014,7.35468769,1039.19995,915.150024,15.8999996,1.0,,17.31,0.0,15.68,41.8312492,,41.8312492,0.0,153.225006,0.0
2025-10-17 08:10:40+00:00,2025-10-17 08:10:40,46.0,47.0,46.0,46.0,46.0,16.26431161029844,205.0,BO_O2,"O2 규칙 적용: 7.3% (7.0% < O2 ≤ 8.0%) (2단계 롤백, 3~4단계에서 Hz 변화 없음)",46.9387512,7.38593769,1039.27502,915.224976,15.8999996,1.0,,17.31,0.0,15.68,41.8312492,,41.8312492,0.0,153.300003,0.0
2025-10-17 08:10:41+00:00,2025-10-17 08:10:41,,,,,,,,,,46.9537506,7.40937519,1039.42505,915.299988,15.8999996,1.0,,17.31,0.0,15.68,41.8218765,,41.8218765,0.0,153.300003,0.0
2025-10-17 08:10:42+00:00,2025-10-17 08:10:42,,,,,,,,,,46.9537506,7.40937519,1039.5,915.450012,15.8999996,1.0,,17.31,0.0,15.68,41.8218765,,41.8218765,0.0,153.300003,0.0
2025-10-17 08:10:43+00:00,2025-10-17 08:10:43,,,,,,,,,,46.9462509,7.42656231,1039.72498,915.599976,15.8999996,1.0,,17.31,0.0,15.68,41.8218765,,41.8218765,0.0,153.300003,0.0
2025-10-17 08:10:44+00:00,2025-10-17 08:10:44,,,,,,,,,,46.9462509,7.42656231,1039.80005,915.599976,15.9750004,1.0,,17.31,0.0,15.68,41.8312492,,41.8312492,0.0,153.300003,0.0
2025-10-17 08:10:45+00:00,2025-10-17 08:10:45,46.0,46.0,46.0,46.0,46.0,16.428013514689034,100.0,BO_ONLY,"BO 모델 결과만 사용 (1단계 롤백, 2~4단계에서 Hz 변화 없음)",46.9462509,7.44843769,1039.94995,915.75,16.0625,1.0,,17.31,0.0,15.95,41.8218765,,41.8218765,0.0,153.899994,0.0
2025-10-17 08:10:46+00:00,2025-10-17 08:10:46,,,,,,,,,,46.9462509,7.4749999,1040.02502,915.900024,16.0750008,1.0,,17.31,0.0,15.95,41.8218765,,41.8218765,0.0,154.725006,0.0
2025-10-17 08:10:47+00:00,2025-10-17 08:10:47,,,,,,,,,,46.9500008,7.4749999,1040.17505,915.974976,16.0750008,1.0,,17.31,0.0,15.95,41.8218765,,41.8218765,0.0,154.725006,0.0
2025-10-17 08:10:48+00:00,2025-10-17 08:10:48,,,,,,,,,,46.9575005,7.50312519,1040.25,916.049988,16.0750008,1.0,,17.31,0.0,15.95,41.8312492,,41.8312492,0.0,154.725006,0.0
2025-10-17 08:10:49+00:00,2025-10-17 08:10:49,,,,,,,,,,46.9425011,7.52812481,1040.32495,916.125,16.2250004,1.0,,17.31,0.0,15.95,41.8218765,,41.8218765,0.0,154.725006,0.0
2025-10-17 08:10:50+00:00,2025-10-17 08:10:50,46.0,46.0,46.0,46.0,46.0,17.2789319859474,100.0,BO_ONLY,"BO 모델 결과만 사용 (1단계 롤백, 2~4단계에서 Hz 변화 없음)",46.9500008,7.52812481,1040.40002,916.275024,16.2374992,1.0,,17.31,0.0,15.95,41.8218765,,41.8218765,0.0,154.800003,0.0
2025-10-17 08:10:51+00:00,2025-10-17 08:10:51,,,,,,,,,,46.9537506,7.5406251,1040.47498,916.349976,16.2374992,1.0,,17.31,0.0,15.95,41.8218765,,41.8218765,0.0,154.725006,0.0
2025-10-17 08:10:52+00:00,2025-10-17 08:10:52,,,,,,,,,,46.9500008,7.5406251,1040.47498,916.424988,16.2374992,1.0,,17.31,0.0,15.95,41.8218765,,41.8218765,0.0,154.725006,0.0
2025-10-17 08:10:53+00:00,2025-10-17 08:10:53,,,,,,,,,,46.9462509,7.54374981,1040.55005,916.575012,16.2374992,1.0,,17.31,0.0,15.95,41.8218765,,41.8218765,0.0,154.875,0.0
2025-10-17 08:10:54+00:00,2025-10-17 08:10:54,,,,,,,,,,46.9500008,7.5453124,1040.55005,916.650024,16.3374996,1.0,,17.31,0.0,15.95,41.8218765,,41.8218765,0.0,156.225006,0.0
2025-10-17 08:10:55+00:00,2025-10-17 08:10:55,46.0,46.0,46.0,46.0,46.0,17.500633841929975,100.0,BO_ONLY,"BO 모델 결과만 사용 (1단계 롤백, 2~4단계에서 Hz 변화 없음)",46.9462509,7.5453124,1040.625,916.799988,16.5,1.0,,17.31,0.0,16.3,41.8312492,,41.8312492,0.0,156.225006,0.0
2025-10-17 08:10:56+00:00,2025-10-17 08:10:56,,,,,,,,,,46.9575005,7.546875,1040.625,916.799988,16.5,1.0,,17.31,0.0,16.3,41.8312492,,41.8312492,0.0,156.149994,0.0
2025-10-17 08:10:57+00:00,2025-10-17 08:10:57,,,,,,,,,,46.9500008,7.55156231,1040.625,916.875,16.5,1.0,,17.31,0.0,16.3,41.8312492,,41.8312492,0.0,156.225006,0.0
2025-10-17 08:10:58+00:00,2025-10-17 08:10:58,,,,,,,,,,46.9537506,7.55156231,1040.625,917.025024,16.5,1.0,,17.31,0.0,16.3,41.8218765,,41.8218765,0.0,156.225006,0.0
2025-10-17 08:10:59+00:00,2025-10-17 08:10:59,,,,,,,,,,46.9425011,7.55781269,1040.625,917.099976,16.4125004,1.0,,17.31,0.0,16.3,41.8218765,,41.8218765,0.0,156.225006,0.0
2025-10-17 08:11:00+00:00,2025-10-17 08:11:00,,,,,,,,,,46.9462509,7.55781269,1040.69995,917.174988,16.4125004,1.0,,17.31,0.0,16.3,41.8218765,,41.8218765,0.0,156.149994,0.0
2025-10-17 08:11:01+00:00,2025-10-17 08:11:01,,,,,,,,,,46.9462509,7.5625,1040.55005,917.325012,16.4125004,1.0,,17.31,0.0,16.3,41.8312492,,41.8312492,0.0,156.225006,0.0
2025-10-17 08:11:02+00:00,2025-10-17 08:11:02,,,,,,,,,,46.9462509,7.5703125,1040.55005,917.325012,16.4125004,1.0,,17.31,0.0,16.3,41.8218765,,41.8218765,0.0,156.225006,0.0
2025-10-17 08:11:03+00:00,2025-10-17 08:11:03,,,,,,,,,,46.9500008,7.5703125,1040.47498,917.400024,16.4125004,1.0,,17.31,0.0,16.3,41.8312492,,41.8312492,0.0,156.149994,0.0
2025-10-17 08:11:04+00:00,2025-10-17 08:11:04,,,,,,,,,,46.9425011,7.5859375,1040.40002,917.549988,16.4750004,1.0,,17.31,0.0,16.3,41.8218765,,41.8218765,0.0,156.149994,0.0
2025-10-17 08:11:05+00:00,2025-10-17 08:11:05,46.0,46.0,46.0,46.0,46.0,17.174222898038185,100.0,BO_ONLY,"BO 모델 결과만 사용 (1단계 롤백, 2~4단계에서 Hz 변화 없음)",46.9537506,7.6156249,1040.32495,917.625,16.5750008,1.0,,17.31,0.0,16.41,41.8312492,,41.8312492,0.0,156.149994,0.0
2025-10-17 08:11:06+00:00,2025-10-17 08:11:06,,,,,,,,,,46.9537506,7.6156249,1040.25,917.700012,16.5874996,1.0,,17.31,0.0,16.41,41.8218765,,41.8218765,0.0,156.225006,0.0
2025-10-17 08:11:07+00:00,2025-10-17 08:11:07,,,,,,,,,,46.9500008,7.65937519,1040.17505,917.775024,16.5874996,1.0,,17.31,0.0,16.41,41.8312492,,41.8312492,0.0,156.225006,0.0
2025-10-17 08:11:08+00:00,2025-10-17 08:11:08,,,,,,,,,,46.9537506,7.65937519,1040.02502,917.775024,16.5874996,1.0,,17.31,0.0,16.41,41.8312492,,41.8312492,0.0,156.149994,0.0
2025-10-17 08:11:09+00:00,2025-10-17 08:11:09,,,,,,,,,,46.9500008,7.7093749,1039.875,917.924988,16.5,1.0,,17.31,0.0,16.41,41.8218765,,41.8218765,0.0,156.149994,0.0
2025-10-17 08:11:10+00:00,2025-10-17 08:11:10,46.0,46.0,46.0,46.0,46.0,17.328217000212334,100.0,BO_ONLY,"BO 모델 결과만 사용 (1단계 롤백, 2~4단계에서 Hz 변화 없음)",46.9500008,7.76093769,1039.72498,918.0,16.5,1.0,,17.31,0.0,16.41,41.8218765,,41.8218765,0.0,156.225006,0.0
2025-10-17 08:11:11+00:00,2025-10-17 08:11:11,,,,,,,,,,46.9425011,7.76093769,1039.5,918.075012,16.5,1.0,,17.31,0.0,16.41,41.8218765,,41.8218765,0.0,156.225006,0.0
2025-10-17 08:11:12+00:00,2025-10-17 08:11:12,,,,,,,,,,46.9537506,7.8140626,1039.27502,918.075012,16.4874992,1.0,,17.31,0.0,16.41,41.8312492,,41.8312492,0.0,155.024994,0.0
2025-10-17 08:11:13+00:00,2025-10-17 08:11:13,,,,,,,,,,46.9575005,7.875,1039.05005,918.224976,16.5,1.0,,17.31,0.0,16.41,41.8312492,,41.8312492,0.0,154.800003,0.0
2025-10-17 08:11:14+00:00,2025-10-17 08:11:14,,,,,,,,,,46.9537506,7.875,1038.82495,918.224976,16.4375,1.0,,17.31,0.0,16.41,41.8218765,,41.8218765,0.0,154.800003,0.0
2025-10-17 08:11:15+00:00,2025-10-17 08:11:15,46.0,46.0,46.0,46.0,46.0,16.326063484470293,100.0,BO_ONLY,"BO 모델 결과만 사용 (1단계 롤백, 2~4단계에서 Hz 변화 없음)",46.9537506,7.94062519,1038.52502,918.375,16.3250008,1.0,,17.31,0.0,16.5,41.8218765,,41.8218765,0.0,154.725006,0.0
2025-10-17 08:11:16+00:00,2025-10-17 08:11:16,,,,,,,,,,46.9500008,8.01249981,1038.30005,918.375,16.3250008,1.0,,17.31,0.0,16.5,41.8218765,,41.8218765,0.0,154.725006,0.0
2025-10-17 08:11:17+00:00,2025-10-17 08:11:17,,,,,,,,,,46.9425011,8.01249981,1037.84998,918.450012,16.3250008,1.0,,17.31,0.0,16.5,41.8218765,,41.8218765,0.0,154.725006,0.0
2025-10-17 08:11:18+00:00,2025-10-17 08:11:18,,,,,,,,,,46.9575005,8.08906269,1037.69995,918.450012,16.3250008,1.0,,17.31,0.0,16.5,41.8218765,,41.8218765,0.0,154.800003,0.0
2025-10-17 08:11:19+00:00,2025-10-17 08:11:19,,,,,,,,,,46.9462509,8.08906269,1037.32495,918.525024,16.0125008,1.0,,17.31,0.0,16.5,41.8218765,,41.8218765,0.0,154.725006,0.0
2025-10-17 08:11:20+00:00,2025-10-17 08:11:20,44.0,45.0,44.0,44.0,44.0,16.001493490983677,206.0,BO_O2,"O2 규칙 적용: 8.0% (8.0% < O2 ≤ 9.0%) (2단계 롤백, 3~4단계에서 Hz 변화 없음)",46.9500008,8.16718769,1037.02502,918.599976,15.9875002,1.0,,17.31,0.0,16.5,41.8218765,,41.8218765,0.0,154.725006,0.0
2025-10-17 08:11:21+00:00,2025-10-17 08:11:21,,,,,,,,,,46.9462509,8.25625038,1036.65002,918.599976,15.9875002,1.0,,17.31,0.0,16.5,41.8218765,,41.8218765,0.0,154.725006,0.0
2025-10-17 08:11:22+00:00,2025-10-17 08:11:22,,,,,,,,,,45.5212517,8.25625038,1036.34998,918.599976,15.9875002,1.0,,17.31,0.0,16.5,41.8218765,,41.8218765,0.0,154.800003,0.0
2025-10-17 08:11:23+00:00,2025-10-17 08:11:23,,,,,,,,,,44.9174995,8.35624981,1035.90002,918.674988,15.9875002,1.0,,17.31,0.0,16.5,41.8218765,,41.8218765,0.0,154.800003,0.0
2025-10-17 08:11:24+00:00,2025-10-17 08:11:24,,,,,,,,,,44.9099998,8.35624981,1035.67505,918.75,15.9875002,1.0,,17.31,0.0,16.5,41.8312492,,41.8312492,0.0,154.725006,0.0
2025-10-17 08:11:25+00:00,2025-10-17 08:11:25,44.0,45.0,44.0,44.0,44.0,14.873469598614369,206.0,BO_O2,"O2 규칙 적용: 8.3% (8.0% < O2 ≤ 9.0%) (2단계 롤백, 3~4단계에서 Hz 변화 없음)",44.8950005,8.46562481,1035.22498,918.75,15.9875002,1.0,,17.31,0.0,16.5,41.2593765,,41.2593765,0.0,154.725006,0.0
2025-10-17 08:11:26+00:00,2025-10-17 08:11:26,,,,,,,,,,44.8912506,8.58437538,1034.92505,918.75,15.9875002,1.0,,17.31,0.0,16.05,40.453125,,40.453125,0.0,154.725006,0.0
2025-10-17 08:11:27+00:00,2025-10-17 08:11:27,,,,,,,,,,44.8912506,8.58437538,1034.40002,918.75,15.9875002,1.0,,17.31,0.0,16.05,39.6375008,,39.6375008,0.0,156.0,0.0
2025-10-17 08:11:28+00:00,2025-10-17 08:11:28,,,,,,,,,,44.8987503,8.71406269,1034.09998,918.75,15.9875002,1.0,,17.31,0.0,16.05,39.0750008,,39.0750008,0.0,156.225006,0.0
2025-10-17 08:11:29+00:00,2025-10-17 08:11:29,,,,,,,,,,44.8987503,8.84843731,1033.57495,918.825012,15.6750002,1.0,,17.31,0.0,16.05,38.859375,,38.859375,0.0,156.225006,0.0
2025-10-17 08:11:30+00:00,2025-10-17 08:11:30,44.0,45.0,44.0,44.0,44.0,15.13589445407019,206.0,BO_O2,"O2 규칙 적용: 8.6% (8.0% < O2 ≤ 9.0%) (2단계 롤백, 3~4단계에서 Hz 변화 없음)",44.9025002,8.84843731,1033.27502,918.825012,15.6499996,1.0,,17.31,0.0,16.05,38.5125008,,38.5125008,0.0,156.149994,0.0
2025-10-17 08:11:31+00:00,2025-10-17 08:11:31,,,,,,,,,,44.9025002,8.97968769,1032.75,918.825012,15.6499996,1.0,,17.31,0.0,16.05,38.3062515,,38.3062515,0.0,156.225006,0.0
2025-10-17 08:11:32+00:00,2025-10-17 08:11:32,,,,,,,,,,44.8987503,8.97968769,1032.44995,918.825012,15.6499996,1.0,,17.31,0.0,16.05,38.3062515,,38.3062515,0.0,156.149994,0.0
2025-10-17 08:11:33+00:00,2025-10-17 08:11:33,,,,,,,,,,44.8950005,9.109375,1031.92505,918.75,15.6499996,1.0,,17.31,0.0,16.05,38.1187515,,38.1187515,0.0,156.149994,0.0
2025-10-17 08:11:34+00:00,2025-10-17 08:11:34,,,,,,,,,,44.8950005,9.22500038,1031.625,918.75,15.4750004,1.0,,17.31,0.0,16.05,38.1187515,,38.1187515,0.0,156.225006,0.0
2025-10-17 08:11:35+00:00,2025-10-17 08:11:35,40.0,38.0,40.0,40.0,40.0,14.187295083682988,206.0,BO_O2,"O2 규칙 적용: 9.0% (8.0% < O2 ≤ 9.0%) (2단계 롤백, 3~4단계에서 Hz 변화 없음)",44.9025002,9.22500038,1031.17505,918.75,15.2250004,1.0,,17.31,0.0,16.05,38.1187515,,38.1187515,0.0,156.225006,0.0
2025-10-17 08:11:36+00:00,2025-10-17 08:11:36,,,,,,,,,,44.8912506,9.32499981,1030.875,918.75,15.2375002,1.0,,17.31,0.0,15.64,38.1187515,,38.1187515,0.0,156.149994,0.0
2025-10-17 08:11:37+00:00,2025-10-17 08:11:37,,,,,,,,,,44.1712494,9.41718769,1030.34998,918.75,15.2375002,1.0,,17.31,0.0,15.64,38.1187515,,38.1187515,0.0,156.149994,0.0
2025-10-17 08:11:38+00:00,2025-10-17 08:11:38,,,,,,,,,,40.7924995,9.41718769,1030.125,918.75,15.2375002,1.0,,17.31,0.0,15.64,38.1187515,,38.1187515,0.0,156.149994,0.0
2025-10-17 08:11:39+00:00,2025-10-17 08:11:39,,,,,,,,,,40.7775002,9.4921875,1029.67505,918.674988,14.7624998,1.0,,17.31,0.0,15.64,38.1187515,,38.1187515,0.0,156.225006,0.0
2025-10-17 08:11:40+00:00,2025-10-17 08:11:40,39.53125,38.0,39.0,39.0,39.0,13.34659923083178,207.0,BO_O2,"O2 규칙 적용: 9.4% (9.0% < O2 ≤ 10.0%) (2단계 롤백, 3~4단계에서 Hz 변화 없음)",40.7625008,9.4921875,1029.375,918.674988,14.7250004,1.0,,17.31,0.0,15.64,37.359375,,37.359375,0.0,156.225006,0.0
2025-10-17 08:11:41+00:00,2025-10-17 08:11:41,,,,,,,,,,40.7587509,9.56718731,1028.92505,918.599976,14.7250004,1.0,,17.31,0.0,15.64,36.2531242,,36.2531242,0.0,156.149994,0.0
2025-10-17 08:11:42+00:00,2025-10-17 08:11:42,,,,,,,,,,40.0687485,9.63749981,1028.69995,918.599976,14.7250004,1.0,,17.31,0.0,15.64,35.0437508,46.8068037572988,35.0437508,0.0,156.225006,0.0
2025-10-17 08:11:43+00:00,2025-10-17 08:11:43,,,,,,,,,,39.7087517,9.63749981,1028.32495,918.525024,14.7250004,1.0,,17.31,0.0,15.64,33.6468735,,33.6468735,0.0,156.225006,0.0
2025-10-17 08:11:44+00:00,2025-10-17 08:11:44,,,,,,,,,,39.7050018,9.69062519,1028.09998,918.525024,14.5749998,1.0,,17.31,0.0,15.64,32.3156242,,32.3156242,0.0,156.149994,0.0
2025-10-17 08:11:45+00:00,2025-10-17 08:11:45,39.0,38.0,39.0,39.0,39.0,12.563142194958203,207.0,BO_O2,"O2 규칙 적용: 9.6% (9.0% < O2 ≤ 10.0%) (2단계 롤백, 3~4단계에서 Hz 변화 없음)",39.6899986,9.72812462,1027.72498,918.525024,14.375,1.0,,17.31,0.0,15.64,31.7437496,,31.7437496,0.0,156.149994,0.0
2025-10-17 08:11:46+00:00,2025-10-17 08:11:46,,,,,,,,,,39.6937485,9.72812462,1027.57495,918.525024,14.3874998,1.0,,17.31,0.0,14.72,31.1812496,,31.1812496,0.0,156.225006,0.0
2025-10-17 08:11:47+00:00,2025-10-17 08:11:47,,,,,,,,,,39.6937485,9.75,1027.27502,918.450012,14.3874998,1.0,,17.31,0.0,14.72,30.6281242,,30.6281242,0.0,156.149994,0.0
2025-10-17 08:11:48+00:00,2025-10-17 08:11:48,,,,,,,,,,39.6937485,9.76249981,1027.125,918.375,14.3874998,1.0,,17.31,0.0,14.72,29.8968754,,29.8968754,0.0,157.649994,0.0
2025-10-17 08:11:49+00:00,2025-10-17 08:11:49,,,,,,,,,,39.6937485,9.76249981,1026.82495,918.375,13.9125004,1.0,,17.31,0.0,14.72,29.7374992,,29.7374992,0.0,157.649994,0.0
2025-10-17 08:11:50+00:00,2025-10-17 08:11:50,38.0,38.0,39.0,38.0,38.0,11.795185846833572,304.0,BO_O2_RULE,"제어매트릭스 규칙 적용: NOX_LOW (3단계 롤백, 4단계에서 Hz 변화 없음)",39.6937485,9.77031231,1026.67505,918.299988,13.875,1.0,,17.31,0.0,14.72,29.53125,,29.53125,0.0,157.649994,0.0
2025-10-17 08:11:51+00:00,2025-10-17 08:11:51,,,,,,,,,,39.6899986,9.77031231,1026.52502,918.299988,13.875,1.0,,17.31,0.0,14.72,29.34375,,29.34375,0.0,159.149994,0.0
2025-10-17 08:11:52+00:00,2025-10-17 08:11:52,,,,,,,,,,39.6899986,9.76718712,1026.30005,918.224976,13.875,1.0,,17.31,0.0,14.72,29.34375,,29.34375,0.0,159.149994,0.0
2025-10-17 08:11:53+00:00,2025-10-17 08:11:53,,,,,,,,,,39.6937485,9.75,1026.07495,918.224976,13.875,1.0,,17.31,0.0,14.72,29.1656246,,29.1656246,0.0,159.225006,0.0
2025-10-17 08:11:54+00:00,2025-10-17 08:11:54,,,,,,,,,,39.6937485,9.75,1026.0,918.150024,13.7250004,1.0,,17.31,0.0,14.72,29.15625,,29.15625,0.0,159.149994,0.0
2025-10-17 08:11:55+00:00,2025-10-17 08:11:55,38.0,38.0,39.0,38.0,38.0,11.463465824788573,304.0,BO_O2_RULE,"제어매트릭스 규칙 적용: NOX_LOW (3단계 롤백, 4단계에서 Hz 변화 없음)",39.6824989,9.71718788,1025.77502,918.150024,13.5375004,1.0,,17.31,0.0,14.72,29.15625,,29.15625,0.0,159.149994,0.0
2025-10-17 08:11:56+00:00,2025-10-17 08:11:56,,,,,,,,,,39.6937485,9.71718788,1025.625,918.075012,13.5375004,1.0,,17.31,0.0,13.93,29.1656246,42.30680375729881,29.1656246,0.0,159.149994,0.0
2025-10-17 08:11:57+00:00,2025-10-17 08:11:57,,,,,,,,,,39.6974983,9.671875,1025.47498,918.0,13.5375004,1.0,,17.31,0.0,13.93,29.1656246,,29.1656246,0.0,159.149994,0.0
2025-10-17 08:11:58+00:00,2025-10-17 08:11:58,,,,,,,,,,39.6862488,9.61093712,1025.32495,918.0,13.5375004,1.0,,17.31,0.0,13.93,29.15625,,29.15625,0.0,159.225006,0.0
2025-10-17 08:11:59+00:00,2025-10-17 08:11:59,,,,,,,,,,39.6937485,9.61093712,1025.09998,918.0,13.1374998,1.0,,17.31,0.0,13.93,29.15625,,29.15625,0.0,160.125,0.0
2025-10-17 08:12:00+00:00,2025-10-17 08:12:00,38.0,38.0,39.0,38.0,38.0,10.38405976666241,304.0,BO_O2_RULE,"제어매트릭스 규칙 적용: NOX_LOW (3단계 롤백, 4단계에서 Hz 변화 없음)",39.6937485,9.54062462,1024.94995,917.924988,13.1125002,1.0,,17.31,0.0,13.93,29.34375,,29.34375,0.0,160.574997,0.0
2025-10-17 08:12:01+00:00,2025-10-17 08:12:01,,,,,,,,,,39.6937485,9.45937538,1024.72498,917.849976,13.1125002,1.0,,17.31,0.0,13.93,29.34375,,29.34375,0.0,160.649994,0.0
2025-10-17 08:12:02+00:00,2025-10-17 08:12:02,,,,,,,,,,39.6749992,9.45937538,1024.57495,917.849976,13.1125002,1.0,,17.31,0.0,13.93,29.34375,,29.34375,0.0,160.649994,0.0
2025-10-17 08:12:03+00:00,2025-10-17 08:12:03,,,,,,,,,,39.6974983,9.3671875,1024.34998,917.775024,13.1125002,1.0,,17.31,0.0,13.93,29.3343754,,29.3343754,0.0,160.649994,0.0
2025-10-17 08:12:04+00:00,2025-10-17 08:12:04,,,,,,,,,,39.7050018,9.3671875,1024.19995,917.775024,12.9624996,1.0,,17.31,0.0,13.93,29.34375,,29.34375,0.0,160.574997,0.0
2025-10-17 08:12:05+00:00,2025-10-17 08:12:05,38.0,38.0,39.0,38.0,38.0,9.561462744020702,304.0,BO_O2_RULE,"제어매트릭스 규칙 적용: NOX_LOW (3단계 롤백, 4단계에서 Hz 변화 없음)",39.6899986,9.27187538,1024.05005,917.700012,12.7749996,1.0,,17.31,0.0,13.93,29.34375,,29.34375,0.0,160.649994,0.0
2025-10-17 08:12:06+00:00,2025-10-17 08:12:06,,,,,,,,,,39.6937485,9.16718769,1023.82501,917.700012,12.7749996,1.0,,17.31,0.0,13.19,29.34375,,29.34375,0.0,160.649994,0.0
2025-10-17 08:12:07+00:00,2025-10-17 08:12:07,,,,,,,,,,39.7012482,9.16718769,1023.67499,917.700012,12.7749996,1.0,,17.31,0.0,13.19,29.3343754,,29.3343754,0.0,160.649994,0.0
2025-10-17 08:12:08+00:00,2025-10-17 08:12:08,,,,,,,,,,39.6787491,9.06093788,1023.52502,917.625,12.7749996,1.0,,17.31,0.0,13.19,29.34375,,29.34375,0.0,160.574997,0.0
2025-10-17 08:12:09+00:00,2025-10-17 08:12:09,,,,,,,,,,39.6974983,8.95625019,1023.29999,917.549988,12.3125,1.0,,17.31,0.0,13.19,29.34375,,29.34375,0.0,160.649994,0.0
2025-10-17 08:12:10+00:00,2025-10-17 08:12:10,38.0,38.0,39.0,38.0,38.0,9.392615480893436,304.0,BO_O2_RULE,"제어매트릭스 규칙 적용: NOX_LOW (3단계 롤백, 4단계에서 Hz 변화 없음)",39.6974983,8.95625019,1023.15002,917.549988,12.2749996,1.0,,17.31,0.0,13.19,29.34375,,29.34375,0.0,160.649994,0.0
2025-10-17 08:12:11+00:00,2025-10-17 08:12:11,,,,,,,,,,39.6974983,8.86406231,1023.0,917.549988,12.2749996,1.0,,17.31,0.0,13.19,29.3343754,,29.3343754,0.0,160.649994,0.0
2025-10-17 08:12:12+00:00,2025-10-17 08:12:12,,,,,,,,,,39.6899986,8.86406231,1022.92499,917.474976,12.2749996,1.0,,17.31,0.0,13.19,29.34375,38.70680375729881,29.34375,0.0,160.574997,0.0
2025-10-17 08:12:13+00:00,2025-10-17 08:12:13,,,,,,,,,,39.6974983,8.78593731,1022.77502,917.474976,12.2749996,1.0,,17.31,0.0,13.19,29.34375,,29.34375,0.0,160.649994,0.0
2025-10-17 08:12:14+00:00,2025-10-17 08:12:14,,,,,,,,,,39.7050018,8.72187519,1022.70001,917.400024,12.125,1.0,,17.31,0.0,13.19,29.34375,,29.34375,0.0,160.649994,0.0
2025-10-17 08:12:15+00:00,2025-10-17 08:12:15,38.0,39.0,40.0,38.0,38.0,8.976568913337298,304.0,BO_O2_RULE,"제어매트릭스 규칙 적용: NOX_LOW (3단계 롤백, 4단계에서 Hz 변화 없음)",39.6862488,8.72187519,1022.54999,917.400024,11.9375,1.0,,17.31,0.0,13.19,29.3343754,,29.3343754,0.0,160.649994,0.0
2025-10-17 08:12:16+00:00,2025-10-17 08:12:16,,,,,,,,,,40.0950012,8.671875,1022.54999,917.400024,11.9375,1.0,,17.31,0.0,12.35,29.34375,,29.34375,0.0,160.5,0.0
2025-10-17 08:12:17+00:00,2025-10-17 08:12:17,,,,,,,,,,40.7024994,8.640625,1022.47498,917.325012,11.9375,1.0,,17.31,0.0,12.35,29.34375,,29.34375,0.0,159.149994,0.0
2025-10-17 08:12:18+00:00,2025-10-17 08:12:18,,,,,,,,,,40.7550011,8.640625,1022.40002,917.25,11.9375,1.0,,17.31,0.0,12.35,29.34375,,29.34375,0.0,159.149994,0.0
2025-10-17 08:12:19+00:00,2025-10-17 08:12:19,,,,,,,,,,40.7550011,8.61874962,1022.40002,917.325012,11.6999998,1.0,,17.31,0.0,12.35,29.34375,,29.34375,0.0,159.149994,0.0
2025-10-17 08:12:20+00:00,2025-10-17 08:12:20,38.0,40.0,40.0,38.0,38.0,8.323514962028817,304.0,BO_O2_RULE,"제어매트릭스 규칙 적용: NOX_LOW (3단계 롤백, 4단계에서 Hz 변화 없음)",40.7512512,8.61874962,1022.40002,917.325012,11.6875,1.0,,17.31,0.0,12.35,29.8687496,,29.8687496,0.0,159.149994,0.0
2025-10-17 08:12:21+00:00,2025-10-17 08:12:21,,,,,,,,,,41.0587502,8.60000038,1022.40002,917.25,11.6875,1.0,,17.31,0.0,12.35,30.09375,,30.09375,0.0,159.149994,0.0
2025-10-17 08:12:22+00:00,2025-10-17 08:12:22,,,,,,,,,,41.7599983,8.57499981,1022.40002,917.174988,11.6875,1.0,,17.31,0.0,12.35,30.4593754,,30.4593754,0.0,159.225006,0.0
2025-10-17 08:12:23+00:00,2025-10-17 08:12:23,,,,,,,,,,41.7712517,8.57499981,1022.40002,917.174988,11.6875,1.0,,17.31,0.0,12.35,30.6187496,,30.6187496,0.0,159.149994,0.0
2025-10-17 08:12:24+00:00,2025-10-17 08:12:24,,,,,,,,,,41.7750015,8.53750038,1022.47498,917.174988,11.5749998,1.0,,17.31,0.0,12.35,31.1062508,,31.1062508,0.0,159.149994,0.0
2025-10-17 08:12:25+00:00,2025-10-17 08:12:25,38.0,44.0,44.0,38.0,38.0,8.237338896833702,304.0,BO_O2_RULE,"제어매트릭스 규칙 적용: NOX_LOW (3단계 롤백, 4단계에서 Hz 변화 없음)",41.7750015,8.4921875,1022.54999,917.174988,11.4250002,1.0,,17.31,0.0,12.35,31.4718742,,31.4718742,0.0,159.149994,0.0
2025-10-17 08:12:26+00:00,2025-10-17 08:12:26,,,,,,,,,,42.1650009,8.4921875,1022.70001,917.099976,11.4250002,1.0,,17.31,0.0,11.72,32.0625,,32.0625,0.0,157.649994,0.0
2025-10-17 08:12:27+00:00,2025-10-17 08:12:27,,,,,,,,,,43.7849998,8.43593788,1022.77502,917.025024,11.4250002,1.0,,17.31,0.0,11.72,32.15625,,32.15625,0.0,157.649994,0.0
2025-10-17 08:12:28+00:00,2025-10-17 08:12:28,,,,,,,,,,43.8525009,8.43593788,1022.84998,917.099976,11.4250002,1.0,,17.31,0.0,11.72,32.6624985,38.0,32.6624985,0.0,157.649994,0.0
2025-10-17 08:12:29+00:00,2025-10-17 08:12:29,,,,,,,,,,43.8450012,8.35781288,1023.07501,917.025024,11.1875,1.0,,17.31,0.0,11.72,32.8687515,,32.8687515,0.0,157.574997,0.0
2025-10-17 08:12:30+00:00,2025-10-17 08:12:30,38.0,44.0,44.0,38.0,38.0,8.532355729034409,304.0,BO_O2_RULE,"제어매트릭스 규칙 적용: NOX_LOW (3단계 롤백, 4단계에서 Hz 변화 없음)",43.8450012,8.26249981,1023.22498,917.025024,11.1750002,1.0,,17.31,0.0,11.72,33.65625,,33.65625,0.0,156.225006,0.0
2025-10-17 08:12:31+00:00,2025-10-17 08:12:31,,,,,,,,,,43.8824997,8.26249981,1023.52502,917.025024,11.1750002,1.0,,17.31,0.0,11.72,34.5374985,,34.5374985,0.0,156.225006,0.0
2025-10-17 08:12:32+00:00,2025-10-17 08:12:32,,,,,,,,,,43.875,8.15468788,1023.67499,917.025024,11.1750002,1.0,,17.31,0.0,11.72,35.2125015,,35.2125015,0.0,156.225006,0.0
2025-10-17 08:12:33+00:00,2025-10-17 08:12:33,,,,,,,,,,43.8675003,8.03593731,1023.97498,917.025024,11.1750002,1.0,,17.31,0.0,11.72,35.859375,,35.859375,0.0,156.149994,0.0
2025-10-17 08:12:34+00:00,2025-10-17 08:12:34,,,,,,,,,,43.8712502,8.03593731,1024.19995,917.025024,11.1000004,1.0,,17.31,0.0,11.72,35.9249992,,35.9249992,0.0,156.225006,0.0
2025-10-17 08:12:35+00:00,2025-10-17 08:12:35,38.87874985,44.0,44.0,38.0,38.0,8.728072547826562,304.0,BO_O2_RULE,"제어매트릭스 규칙 적용: NOX_LOW (3단계 롤백, 4단계에서 Hz 변화 없음)",43.8525009,7.9124999,1024.57495,917.025024,11.0124998,1.0,,17.31,0.0,11.72,36.2249985,,36.2249985,0.0,156.225006,0.0
2025-10-17 08:12:36+00:00,2025-10-17 08:12:36,,,,,,,,,,43.8487511,7.9124999,1024.80005,917.025024,11.0,1.0,,17.31,0.0,11.24,36.2999992,,36.2999992,0.0,156.225006,0.0
2025-10-17 08:12:37+00:00,2025-10-17 08:12:37,,,,,,,,,,43.8450012,7.7828126,1025.17505,917.025024,11.0124998,1.0,,17.31,0.0,11.24,36.4312515,,36.4312515,0.0,156.149994,0.0
2025-10-17 08:12:38+00:00,2025-10-17 08:12:38,,,,,,,,,,44.8762512,7.65312481,1025.55005,917.025024,11.0,1.0,,17.31,0.0,11.24,36.46875,,36.46875,0.0,156.225006,0.0
2025-10-17 08:12:39+00:00,2025-10-17 08:12:39,,,,,,,,,,44.8912506,7.65312481,1025.92505,917.025024,10.7624998,1.0,,17.31,0.0,11.24,36.6187515,,36.6187515,0.0,156.225006,0.0
2025-10-17 08:12:40+00:00,2025-10-17 08:12:40,38.84687615,46.0,46.0,38.0,38.0,8.518600799843766,304.0,BO_O2_RULE,"제어매트릭스 규칙 적용: NOX_LOW (3단계 롤백, 4단계에서 Hz 변화 없음)",44.8950005,7.5218749,1026.22498,917.025024,10.75,1.0,,17.31,0.0,11.24,36.6187515,,36.6187515,0.0,156.225006,0.0
2025-10-17 08:12:41+00:00,2025-10-17 08:12:41,,,,,,,,,,44.9174995,7.390625,1026.75,917.099976,10.75,1.0,,17.31,0.0,11.24,36.8624992,,36.8624992,0.0,156.149994,0.0
2025-10-17 08:12:42+00:00,2025-10-17 08:12:42,,,,,,,,,,46.9275017,7.390625,1027.125,917.025024,10.75,1.0,,17.31,0.0,11.24,37.3499985,38.0,37.3499985,0.0,156.225006,0.0
2025-10-17 08:12:43+00:00,2025-10-17 08:12:43,,,,,,,,,,46.9537506,7.2640624,1027.65002,917.099976,10.75,1.0,,17.31,0.0,11.24,37.7062492,,37.7062492,0.0,156.225006,0.0
2025-10-17 08:12:44+00:00,2025-10-17 08:12:44,,,,,,,,,,46.9462509,7.2640624,1028.02502,917.174988,10.7124996,1.0,,17.31,0.0,11.24,38.15625,,38.15625,0.0,156.225006,0.0
2025-10-17 08:12:45+00:00,2025-10-17 08:12:45,40.9225006,47.0,46.0,38.0,38.0,8.483649609494345,304.0,BO_O2_RULE,"제어매트릭스 규칙 적용: NOX_LOW (3단계 롤백, 4단계에서 Hz 변화 없음)",46.9537506,7.14375019,1028.55005,917.174988,10.6625004,1.0,,17.31,0.0,11.24,39.09375,,39.09375,0.0,156.149994,0.0
2025-10-17 08:12:46+00:00,2025-10-17 08:12:46,,,,,,,,,,46.9425011,7.02812481,1029.0,917.174988,10.6625004,1.0,,17.31,0.0,10.82,40.078125,,40.078125,0.0,155.100006,0.0
2025-10-17 08:12:47+00:00,2025-10-17 08:12:47,,,,,,,,,,46.9462509,7.02812481,1029.59998,917.25,10.6625004,1.0,,17.31,0.0,10.82,40.6687508,,40.6687508,0.0,154.800003,0.0
2025-10-17 08:12:48+00:00,2025-10-17 08:12:48,,,,,,,,,,46.9500008,6.9078126,1030.05005,917.325012,10.6625004,1.0,,17.31,0.0,10.82,41.0906258,,41.0906258,0.0,154.800003,0.0
2025-10-17 08:12:49+00:00,2025-10-17 08:12:49,,,,,,,,,,46.9500008,6.79218769,1030.72498,917.325012,10.5874996,1.0,,17.31,0.0,10.82,41.2593765,,41.2593765,0.0,154.725006,0.0
2025-10-17 08:12:50+00:00,2025-10-17 08:12:50,41.944376000000005,47.0,46.0,38.0,38.0,7.954956795011779,304.0,BO_O2_RULE,"제어매트릭스 규칙 적용: NOX_LOW (3단계 롤백, 4단계에서 Hz 변화 없음)",46.9500008,6.79218769,1031.25,917.400024,10.5749998,1.0,,17.31,0.0,10.82,41.4656258,,41.4656258,0.0,154.725006,0.0
2025-10-17 08:12:51+00:00,2025-10-17 08:12:51,,,,,,,,,,46.9500008,6.6812501,1032.07495,917.400024,10.5874996,1.0,,17.31,0.0,10.82,41.6437492,,41.6437492,0.0,154.800003,0.0
2025-10-17 08:12:52+00:00,2025-10-17 08:12:52,,,,,,,,,,48.8887482,6.6812501,1032.59998,917.474976,10.5874996,1.0,,17.31,0.0,10.82,41.6437492,,41.6437492,0.0,154.725006,0.0
2025-10-17 08:12:53+00:00,2025-10-17 08:12:53,,,,,,,,,,49.0237503,6.5796876,1033.42505,917.549988,10.5874996,1.0,,17.31,0.0,10.82,41.8312492,,41.8312492,0.0,154.725006,0.0
2025-10-17 08:12:54+00:00,2025-10-17 08:12:54,,,,,,,,,,49.0387497,6.4781251,1034.02502,917.549988,10.5500002,1.0,,17.31,0.0,10.82,41.8312492,,41.8312492,0.0,154.725006,0.0
2025-10-17 08:12:55+00:00,2025-10-17 08:12:55,42.9193745,48.0,48.0,38.0,38.0,8.38974942105374,304.0,BO_O2_RULE,"제어매트릭스 규칙 적용: NOX_LOW (3단계 롤백, 4단계에서 Hz 변화 없음)",49.0349998,6.4781251,1034.92505,917.700012,10.5,1.0,,17.31,0.0,10.82,42.6749992,38.0,42.6749992,0.0,154.725006,0.0
2025-10-17 08:12:56+00:00,2025-10-17 08:12:56,,,,,,,,,,49.0275002,6.37968731,1035.52502,917.700012,10.4875002,1.0,,17.31,0.0,10.66,43.5093765,,43.5093765,0.0,153.300003,0.0
2025-10-17 08:12:57+00:00,2025-10-17 08:12:57,,,,,,,,,,49.9387512,6.27812481,1036.42505,917.849976,10.5,1.0,,17.31,0.0,10.66,44.1749992,,44.1749992,0.0,153.300003,0.0
2025-10-17 08:12:58+00:00,2025-10-17 08:12:58,,,,,,,,,,50.1225014,6.27812481,1037.02502,917.924988,10.5,1.0,,17.31,0.0,10.66,44.8218765,,44.8218765,0.0,153.300003,0.0
2025-10-17 08:12:59+00:00,2025-10-17 08:12:59,,,,,,,,,,50.1787491,6.17500019,1037.92505,918.0,10.5,1.0,,17.31,0.0,10.66,45.1500015,,45.1500015,0.0,153.300003,0.0
2025-10-17 08:13:00+00:00,2025-10-17 08:13:00,44.4831257,53.0,49.0,38.0,38.0,8.424160213677338,304.0,BO_O2_RULE,"제어매트릭스 규칙 적용: NOX_LOW (3단계 롤백, 4단계에서 Hz 변화 없음)",50.1262512,6.078125,1038.52502,918.075012,10.5,1.0,,17.31,0.0,10.66,45.5718765,,45.5718765,0.0,153.300003,0.0
2025-10-17 08:13:01+00:00,2025-10-17 08:13:01,,,,,,,,,,50.15625,6.078125,1039.42505,918.224976,10.5,1.0,,17.31,0.0,10.66,46.2281265,,46.2281265,0.0,153.300003,0.0
2025-10-17 08:13:02+00:00,2025-10-17 08:13:02,,,,,,,,,,50.1300011,5.9859376,1040.02502,918.224976,10.5,1.0,,17.31,0.0,10.66,46.4343758,,46.4343758,0.0,153.300003,0.0
2025-10-17 08:13:03+00:00,2025-10-17 08:13:03,,,,,,,,,,50.15625,5.9859376,1041.0,918.375,10.4875002,1.0,,17.31,0.0,10.66,46.8656235,,46.8656235,0.0,153.300003,0.0
2025-10-17 08:13:04+00:00,2025-10-17 08:13:04,,,,,,,,,,50.1375008,5.8968749,1041.59998,918.450012,10.5375004,1.0,,17.31,0.0,10.66,47.0812492,,47.0812492,0.0,153.300003,0.0
2025-10-17 08:13:05+00:00,2025-10-17 08:13:05,45.15625,53.0,49.0,38.0,38.0,8.730983997116489,304.0,BO_O2_RULE,"제어매트릭스 규칙 적용: NOX_LOW (3단계 롤백, 4단계에서 Hz 변화 없음)",50.1262512,5.8031249,1042.57495,918.599976,10.5874996,1.0,,17.31,0.0,10.66,47.0812492,,47.0812492,0.0,153.300003,0.0
2025-10-17 08:13:06+00:00,2025-10-17 08:13:06,,,,,,,,,,50.2050018,5.8031249,1043.25,918.674988,10.5749998,1.0,,17.31,0.0,10.55,47.0812492,,47.0812492,0.0,153.300003,0.0
2025-10-17 08:13:07+00:00,2025-10-17 08:13:07,,,,,,,,,,50.2200012,5.7046876,1044.22498,918.75,10.5874996,1.0,,17.31,0.0,10.55,47.0812492,,47.0812492,0.0,153.300003,0.0
2025-10-17 08:13:08+00:00,2025-10-17 08:13:08,,,,,,,,,,50.1262512,5.6078124,1044.90002,918.900024,10.5874996,1.0,,17.31,0.0,10.55,47.0812492,,47.0812492,0.0,153.300003,0.0
2025-10-17 08:13:09+00:00,2025-10-17 08:13:09,,,,,,,,,,50.1300011,5.6078124,1045.80005,919.049988,10.5874996,1.0,,17.31,0.0,10.55,47.0812492,,47.0812492,0.0,153.300003,0.0
2025-10-17 08:13:10+00:00,2025-10-17 08:13:10,45.2125015,53.0,53.0,38.0,38.0,9.25000790355642,304.0,BO_O2_RULE,"제어매트릭스 규칙 적용: NOX_LOW (3단계 롤백, 4단계에서 Hz 변화 없음)",50.1637497,5.5234375,1046.55005,919.049988,10.5874996,1.0,,17.31,0.0,10.55,47.2406235,,47.2406235,0.0,153.300003,0.0
2025-10-17 08:13:11+00:00,2025-10-17 08:13:11,,,,,,,,,,50.1599998,5.5234375,1047.52502,919.200012,10.5874996,1.0,,17.31,0.0,10.55,47.2593765,,47.2593765,0.0,153.300003,0.0
2025-10-17 08:13:12+00:00,2025-10-17 08:13:12,,,,,,,,,,53.9174995,5.45781231,1048.125,919.275024,10.5874996,1.0,,17.31,0.0,10.55,47.2593765,38.0,47.2593765,0.0,153.300003,0.0
2025-10-17 08:13:13+00:00,2025-10-17 08:13:13,,,,,,,,,,54.3337517,5.40937519,1049.17505,919.424988,10.5749998,1.0,,17.31,0.0,10.55,47.3062515,,47.3062515,0.0,153.300003,0.0
2025-10-17 08:13:14+00:00,2025-10-17 08:13:14,,,,,,,,,,54.3412514,5.40937519,1049.84998,919.575012,10.625,1.0,,17.31,0.0,10.55,47.8968735,,47.8968735,0.0,153.300003,0.0
2025-10-17 08:13:15+00:00,2025-10-17 08:13:15,47.03874965,53.0,53.0,38.0,38.0,10.079494286419456,304.0,BO_O2_RULE,"제어매트릭스 규칙 적용: NOX_LOW (3단계 롤백, 4단계에서 Hz 변화 없음)",54.3450012,5.36250019,1050.90002,919.724976,10.6750002,1.0,,17.31,0.0,10.55,49.3875008,,49.3875008,0.0,153.149994,0.0
2025-10-17 08:13:16+00:00,2025-10-17 08:13:16,,,,,,,,,,54.3487511,5.3187499,1051.65002,919.724976,10.6625004,1.0,,17.31,0.0,10.63,50.90625,,50.90625,0.0,151.574997,0.0
2025-10-17 08:13:17+00:00,2025-10-17 08:13:17,,,,,,,,,,54.3525009,5.3187499,1052.69995,919.875,10.6625004,1.0,,17.31,0.0,10.63,52.171875,,52.171875,0.0,151.574997,0.0
2025-10-17 08:13:18+00:00,2025-10-17 08:13:18,,,,,,,,,,54.3487511,5.27656269,1053.44995,920.025024,10.6750002,1.0,,17.31,0.0,10.63,52.8843765,,52.8843765,0.0,150.375,0.0
2025-10-17 08:13:19+00:00,2025-10-17 08:13:19,,,,,,,,,,54.3487511,5.27656269,1054.57495,920.174988,10.6625004,1.0,,17.31,0.0,10.63,53.1937485,,53.1937485,0.0,150.074997,0.0
2025-10-17 08:13:20+00:00,2025-10-17 08:13:20,49.350626000000005,52.0,52.0,38.0,38.0,10.677676124440698,304.0,BO_O2_RULE,"제어매트릭스 규칙 적용: NOX_LOW (3단계 롤백, 4단계에서 Hz 변화 없음)",54.3525009,5.24687481,1055.32495,920.25,10.6625004,1.0,,17.31,0.0,10.63,53.5875015,,53.5875015,0.0,150.149994,0.0
2025-10-17 08:13:21+00:00,2025-10-17 08:13:21,,,,,,,,,,54.3525009,5.22187519,1056.375,920.400024,10.6625004,1.0,,17.31,0.0,10.63,53.7937508,,53.7937508,0.0,150.074997,0.0
2025-10-17 08:13:22+00:00,2025-10-17 08:13:22,,,,,,,,,,54.3562508,5.22187519,1057.05005,920.474976,10.6625004,1.0,,17.31,0.0,10.63,53.7937508,,53.7937508,0.0,150.074997,0.0
2025-10-17 08:13:23+00:00,2025-10-17 08:13:23,,,,,,,,,,54.3525009,5.1953125,1058.09998,920.625,10.6625004,1.0,,17.31,0.0,10.63,53.7937508,,53.7937508,0.0,150.149994,0.0
2025-10-17 08:13:24+00:00,2025-10-17 08:13:24,,,,,,,,,,54.3487511,5.1640625,1058.69995,920.849976,10.6625004,1.0,,17.31,0.0,10.63,53.7937508,,53.7937508,0.0,150.074997,0.0
2025-10-17 08:13:25+00:00,2025-10-17 08:13:25,49.350626000000005,52.0,52.0,38.0,38.0,10.20458927064053,304.0,BO_O2_RULE,"제어매트릭스 규칙 적용: NOX_LOW (3단계 롤백, 4단계에서 Hz 변화 없음)",54.3562508,5.1640625,1059.67505,921.0,10.6625004,1.0,,17.31,0.0,10.63,53.7937508,38.0,53.7937508,0.0,150.149994,0.0
2025-10-17 08:13:26+00:00,2025-10-17 08:13:26,,,,,,,,,,54.3525009,5.1234374,1060.19995,921.075012,10.6625004,1.0,,17.31,0.0,10.69,53.7937508,,53.7937508,0.0,150.074997,0.0
2025-10-17 08:13:27+00:00,2025-10-17 08:13:27,,,,,,,,,,54.3450012,5.1234374,1061.02502,921.299988,10.6625004,1.0,,17.31,0.0,10.69,53.7937508,,53.7937508,0.0,150.074997,0.0
2025-10-17 08:13:28+00:00,2025-10-17 08:13:28,,,,,,,,,,54.3562508,5.07499981,1061.625,921.450012,10.6750002,1.0,,17.31,0.0,10.69,53.7937508,,53.7937508,0.0,150.149994,0.0
2025-10-17 08:13:29+00:00,2025-10-17 08:13:29,,,,,,,,,,54.3562508,5.01093769,1062.375,921.525024,10.6750002,1.0,,17.31,0.0,10.69,53.7937508,,53.7937508,0.0,150.074997,0.0
2025-10-17 08:13:30+00:00,2025-10-17 08:13:30,49.348751050000004,52.0,52.0,38.0,38.0,10.417742232609758,304.0,BO_O2_RULE,"제어매트릭스 규칙 적용: NOX_LOW (3단계 롤백, 4단계에서 Hz 변화 없음)",54.3525009,5.01093769,1062.97498,921.75,10.6625004,1.0,,17.31,0.0,10.69,53.7937508,,53.7937508,0.0,150.074997,0.0
2025-10-17 08:13:31+00:00,2025-10-17 08:13:31,,,,,,,,,,54.3525009,4.9359374,1063.80005,921.825012,10.6750002,1.0,,17.31,0.0,10.69,53.7937508,,53.7937508,0.0,150.149994,0.0
2025-10-17 08:13:32+00:00,2025-10-17 08:13:32,,,,,,,,,,54.3562508,4.8656249,1064.32495,922.049988,10.6750002,1.0,,17.31,0.0,10.69,53.7937508,,53.7937508,0.0,150.149994,0.0
2025-10-17 08:13:33+00:00,2025-10-17 08:13:33,,,,,,,,,,54.3525009,4.8656249,1065.07495,922.200012,10.6625004,1.0,,17.31,0.0,10.69,53.7937508,,53.7937508,0.0,150.149994,0.0
2025-10-17 08:13:34+00:00,2025-10-17 08:13:34,,,,,,,,,,54.3525009,4.8062501,1065.59998,922.349976,10.6625004,1.0,,17.31,0.0,10.69,53.7937508,,53.7937508,0.0,150.074997,0.0
2025-10-17 08:13:35+00:00,2025-10-17 08:13:35,49.35437585,52.0,52.0,38.0,38.0,10.110283750748696,304.0,BO_O2_RULE,"제어매트릭스 규칙 적용: NOX_LOW (3단계 롤백, 4단계에서 Hz 변화 없음)",54.3487511,4.8062501,1066.34998,922.575012,10.6625004,1.0,,17.31,0.0,10.69,53.7937508,,53.7937508,0.0,150.074997,0.0
2025-10-17 08:13:36+00:00,2025-10-17 08:13:36,,,,,,,,,,54.3562508,4.7578125,1066.875,922.650024,10.6625004,1.0,,17.31,0.0,10.7,53.7937508,,53.7937508,0.0,150.149994,0.0
2025-10-17 08:13:37+00:00,2025-10-17 08:13:37,,,,,,,,,,54.46875,4.73750019,1067.55005,922.875,10.6625004,1.0,,17.31,0.0,10.7,53.7937508,,53.7937508,0.0,150.074997,0.0
2025-10-17 08:13:38+00:00,2025-10-17 08:13:38,,,,,,,,,,55.3650017,4.73750019,1068.07495,923.025024,10.6750002,1.0,,17.31,0.0,10.7,53.7937508,,53.7937508,0.0,150.074997,0.0
2025-10-17 08:13:39+00:00,2025-10-17 08:13:39,,,,,,,,,,55.3837509,4.74687481,1068.75,923.25,10.6625004,1.0,,17.31,0.0,10.7,53.8125,,53.8125,0.0,150.149994,0.0
2025-10-17 08:13:40+00:00,2025-10-17 08:13:40,49.4125004,52.0,52.0,38.0,38.0,10.145859180411366,304.0,BO_O2_RULE,"제어매트릭스 규칙 적용: NOX_LOW (3단계 롤백, 4단계에서 Hz 변화 없음)",55.3499985,4.78437519,1069.125,923.325012,10.6750002,1.0,,17.31,0.0,10.7,54.2906265,,54.2906265,0.0,150.074997,0.0
2025-10-17 08:13:41+00:00,2025-10-17 08:13:41,,,,,,,,,,55.3800011,4.78437519,1069.80005,923.549988,10.6750002,1.0,,17.31,0.0,10.7,54.5250015,,54.5250015,0.0,150.074997,0.0
2025-10-17 08:13:42+00:00,2025-10-17 08:13:42,,,,,,,,,,55.3650017,4.8375001,1070.17505,923.700012,10.6625004,1.0,,17.31,0.0,10.7,54.9093742,,54.9093742,0.0,150.074997,0.0
2025-10-17 08:13:43+00:00,2025-10-17 08:13:43,,,,,,,,,,55.3537483,4.8375001,1070.77502,923.849976,10.6750002,1.0,,17.31,0.0,10.7,55.2562485,,55.2562485,0.0,150.074997,0.0
2025-10-17 08:13:44+00:00,2025-10-17 08:13:44,,,,,,,,,,55.3537483,4.9078126,1071.15002,924.0,10.7124996,1.0,,17.31,0.0,10.7,55.2562485,,55.2562485,0.0,150.149994,0.0
2025-10-17 08:13:45+00:00,2025-10-17 08:13:45,50.372501400000004,52.0,52.0,38.0,38.0,10.558160116799503,304.0,BO_O2_RULE,"제어매트릭스 규칙 적용: NOX_LOW (3단계 롤백, 4단계에서 Hz 변화 없음)",55.3574982,4.98906231,1071.67505,924.224976,10.75,1.0,,17.31,0.0,10.7,55.2562485,,55.2562485,0.0,150.149994,0.0
2025-10-17 08:13:46+00:00,2025-10-17 08:13:46,,,,,,,,,,55.3725014,4.98906231,1072.05005,924.375,10.75,1.0,,17.31,0.0,10.69,55.4437485,,55.4437485,0.0,150.074997,0.0
2025-10-17 08:13:47+00:00,2025-10-17 08:13:47,,,,,,,,,,55.3650017,5.0796876,1072.5,924.599976,10.75,1.0,,17.31,0.0,10.69,55.4437485,,55.4437485,0.0,150.149994,0.0
2025-10-17 08:13:48+00:00,2025-10-17 08:13:48,,,,,,,,,,55.3800011,5.171875,1072.80005,924.75,10.75,1.0,,17.31,0.0,10.69,55.4437485,,55.4437485,0.0,148.725006,0.0
2025-10-17 08:13:49+00:00,2025-10-17 08:13:49,,,,,,,,,,55.3537483,5.171875,1073.25,924.900024,10.8374996,1.0,,17.31,0.0,10.69,55.4343758,,55.4343758,0.0,148.574997,0.0
2025-10-17 08:13:50+00:00,2025-10-17 08:13:50,52.0,52.0,52.0,52.0,52.0,13.053668066161654,100.0,BO_ONLY,"BO 모델 결과만 사용 (1단계 롤백, 2~4단계에서 Hz 변화 없음)",55.3574982,5.2515626,1073.55005,925.049988,10.8374996,1.0,,17.31,0.0,10.69,55.4437485,,55.4437485,0.0,148.5,0.0
2025-10-17 08:13:51+00:00,2025-10-17 08:13:51,,,,,,,,,,55.3537483,5.2515626,1073.92505,925.200012,10.8374996,1.0,,17.31,0.0,10.69,55.4437485,,55.4437485,0.0,148.5,0.0
2025-10-17 08:13:52+00:00,2025-10-17 08:13:52,,,,,,,,,,54.4837494,5.3296876,1074.15002,925.424988,10.8374996,1.0,,17.31,0.0,10.69,55.4437485,,55.4437485,0.0,148.574997,0.0
2025-10-17 08:13:53+00:00,2025-10-17 08:13:53,,,,,,,,,,54.3525009,5.40312481,1074.52502,925.575012,10.8374996,1.0,,17.31,0.0,10.69,55.4343758,,55.4343758,0.0,148.574997,0.0
2025-10-17 08:13:54+00:00,2025-10-17 08:13:54,,,,,,,,,,54.3487511,5.40312481,1074.82495,925.724976,10.875,1.0,,17.31,0.0,10.69,55.2562485,,55.2562485,0.0,148.5,0.0
2025-10-17 08:13:55+00:00,2025-10-17 08:13:55,52.0,52.0,52.0,52.0,52.0,13.126697511307118,100.0,BO_ONLY,"BO 모델 결과만 사용 (1단계 롤백, 2~4단계에서 Hz 변화 없음)",54.3525009,5.4781251,1075.19995,925.950012,10.9250002,1.0,,17.31,0.0,10.69,54.9187508,,54.9187508,0.0,148.5,0.0
2025-10-17 08:13:56+00:00,2025-10-17 08:13:56,,,,,,,,,,54.3562508,5.5562501,1075.42505,926.099976,10.9250002,1.0,,17.31,0.0,10.84,54.5343742,,54.5343742,0.0,148.574997,0.0
2025-10-17 08:13:57+00:00,2025-10-17 08:13:57,,,,,,,,,,54.3525009,5.5562501,1075.875,926.325012,10.9250002,1.0,,17.31,0.0,10.84,54.3375015,,54.3375015,0.0,148.574997,0.0
2025-10-17 08:13:58+00:00,2025-10-17 08:13:58,,,,,,,,,,54.3487511,5.6390624,1076.09998,926.474976,10.9250002,1.0,,17.31,0.0,10.84,54.0750008,,54.0750008,0.0,150.074997,0.0
2025-10-17 08:13:59+00:00,2025-10-17 08:13:59,,,,,,,,,,54.3525009,5.6390624,1076.47498,926.625,11.0,1.0,,17.31,0.0,10.84,53.9718742,,53.9718742,0.0,150.074997,0.0
2025-10-17 08:14:00+00:00,2025-10-17 08:14:00,52.0,52.0,52.0,52.0,52.0,13.644049999287738,100.0,BO_ONLY,"BO 모델 결과만 사용 (1단계 롤백, 2~4단계에서 Hz 변화 없음)",54.3487511,5.72187519,1076.69995,926.775024,11.0,1.0,,17.31,0.0,10.84,53.7937508,,53.7937508,0.0,150.149994,0.0
2025-10-17 08:14:01+00:00,2025-10-17 08:14:01,,,,,,,,,,54.3562508,5.80156231,1077.07495,927.0,11.0124998,1.0,,17.31,0.0,10.84,53.7937508,,53.7937508,0.0,150.074997,0.0
2025-10-17 08:14:02+00:00,2025-10-17 08:14:02,,,,,,,,,,54.3525009,5.80156231,1077.30005,927.150024,11.0,1.0,,17.31,0.0,10.84,53.7937508,,53.7937508,0.0,150.074997,0.0
2025-10-17 08:14:03+00:00,2025-10-17 08:14:03,,,,,,,,,,54.3525009,5.8812499,1077.59998,927.299988,11.0,1.0,,17.31,0.0,10.84,53.7937508,,53.7937508,0.0,150.074997,0.0
2025-10-17 08:14:04+00:00,2025-10-17 08:14:04,,,,,,,,,,54.3487511,5.9546876,1077.75,927.450012,11.0500002,1.0,,17.31,0.0,10.84,53.7937508,,53.7937508,0.0,150.149994,0.0
2025-10-17 08:14:05+00:00,2025-10-17 08:14:05,51.0,51.0,51.0,51.0,51.0,14.199673841609306,100.0,BO_ONLY,"BO 모델 결과만 사용 (1단계 롤백, 2~4단계에서 Hz 변화 없음)",54.3487511,5.9546876,1078.05005,927.674988,11.0874996,1.0,,17.31,0.0,10.84,53.7937508,,53.7937508,0.0,150.149994,0.0
2025-10-17 08:14:06+00:00,2025-10-17 08:14:06,,,,,,,,,,53.9474983,6.01875019,1078.19995,927.825012,11.0874996,1.0,,17.31,0.0,11.01,53.7937508,,53.7937508,0.0,150.074997,0.0
2025-10-17 08:14:07+00:00,2025-10-17 08:14:07,,,,,,,,,,53.2987518,6.01875019,1078.5,928.049988,11.0874996,1.0,,17.31,0.0,11.01,53.7937508,,53.7937508,0.0,150.074997,0.0
2025-10-17 08:14:08+00:00,2025-10-17 08:14:08,,,,,,,,,,53.2987518,6.05937481,1078.72498,928.125,11.0874996,1.0,,17.31,0.0,11.01,53.7937508,,53.7937508,0.0,150.074997,0.0
2025-10-17 08:14:09+00:00,2025-10-17 08:14:09,,,,,,,,,,53.2949982,6.08125019,1079.02502,928.349976,11.1750002,1.0,,17.31,0.0,11.01,53.4937515,,53.4937515,0.0,150.149994,0.0
2025-10-17 08:14:10+00:00,2025-10-17 08:14:10,,,,,,,,,,53.3025017,6.08125019,1079.17505,928.5,11.1750002,1.0,,17.31,0.0,11.01,53.0437508,,53.0437508,0.0,150.074997,0.0
2025-10-17 08:14:11+00:00,2025-10-17 08:14:11,,,,,,,,,,50.7825012,6.0999999,1079.40002,928.724976,11.1750002,1.0,,17.31,0.0,11.01,52.921875,,52.921875,0.0,150.074997,0.0
2025-10-17 08:14:12+00:00,2025-10-17 08:14:12,,,,,,,,,,50.2312508,6.1156249,1079.625,928.875,11.1750002,1.0,,17.31,0.0,11.01,52.6593742,,52.6593742,0.0,150.149994,0.0
2025-10-17 08:14:13+00:00,2025-10-17 08:14:13,,,,,,,,,,50.1412506,6.1156249,1079.84998,929.099976,11.1750002,1.0,,17.31,0.0,11.01,52.3125,,52.3125,0.0,150.149994,0.0
2025-10-17 08:14:14+00:00,2025-10-17 08:14:14,,,,,,,,,,50.2200012,6.1328125,1080.07495,929.174988,11.2875004,1.0,,17.31,0.0,11.01,51.4031258,,51.4031258,0.0,150.074997,0.0
2025-10-17 08:14:15+00:00,2025-10-17 08:14:15,49.0,51.0,49.0,49.0,49.0,13.48619550366919,204.0,BO_O2,"O2 규칙 적용: 6.1% (6.0% < O2 ≤ 7.0%) (2단계 롤백, 3~4단계에서 Hz 변화 없음)",50.15625,6.1328125,1080.30005,929.400024,11.4250002,1.0,,17.31,0.0,11.01,50.0906258,,50.0906258,0.0,150.0,0.0
2025-10-17 08:14:16+00:00,2025-10-17 08:14:16,,,,,,,,,,50.2050018,6.15312481,1080.52502,929.549988,11.4250002,1.0,,17.31,0.0,11.24,49.125,,49.125,0.0,151.574997,0.0
2025-10-17 08:14:17+00:00,2025-10-17 08:14:17,,,,,,,,,,50.1300011,6.1781249,1080.75,929.775024,11.4375,1.0,,17.31,0.0,11.24,48.4500008,,48.4500008,0.0,151.574997,0.0
2025-10-17 08:14:18+00:00,2025-10-17 08:14:18,,,,,,,,,,50.2012482,6.1781249,1081.05005,930.0,11.4250002,1.0,,17.31,0.0,11.24,47.8406258,,47.8406258,0.0,151.574997,0.0
2025-10-17 08:14:19+00:00,2025-10-17 08:14:19,,,,,,,,,,50.1637497,6.203125,1081.27502,930.150024,11.5874996,1.0,,17.31,0.0,11.24,47.8125,,47.8125,0.0,151.725006,0.0
2025-10-17 08:14:20+00:00,2025-10-17 08:14:20,49.0,50.0,49.0,49.0,49.0,13.942699612207022,204.0,BO_O2,"O2 규칙 적용: 6.2% (6.0% < O2 ≤ 7.0%) (2단계 롤백, 3~4단계에서 Hz 변화 없음)",50.1375008,6.2171874,1081.42505,930.224976,11.6000004,1.0,,17.31,0.0,11.24,47.6343765,,47.6343765,0.0,152.25,0.0
2025-10-17 08:14:21+00:00,2025-10-17 08:14:21,,,,,,,,,,50.1375008,6.2171874,1081.65002,930.450012,11.6000004,1.0,,17.31,0.0,11.24,47.4468765,,47.4468765,0.0,151.649994,0.0
2025-10-17 08:14:22+00:00,2025-10-17 08:14:22,,,,,,,,,,50.1337509,6.2203126,1081.875,930.599976,11.6000004,1.0,,17.31,0.0,11.24,47.4468765,,47.4468765,0.0,151.574997,0.0
2025-10-17 08:14:23+00:00,2025-10-17 08:14:23,,,,,,,,,,50.1899986,6.2203126,1082.09998,930.825012,11.6000004,1.0,,17.31,0.0,11.24,47.4468765,,47.4468765,0.0,151.574997,0.0
2025-10-17 08:14:24+00:00,2025-10-17 08:14:24,,,,,,,,,,50.1300011,6.21875,1082.25,930.974976,11.6750002,1.0,,17.31,0.0,11.24,47.4562492,,47.4562492,0.0,151.574997,0.0
2025-10-17 08:14:25+00:00,2025-10-17 08:14:25,49.0,50.0,49.0,49.0,49.0,14.887172488809753,14.0,FALLBACK,"임시 추천값: (tms_nox_status_error) 기존 SNR 코드: 204(BO_O2) - O2 규칙 적용: 6.2% (6.0% < O2 ≤ 7.0%) (2단계 롤백, 3~4단계에서 Hz 변화 없음)",50.1487503,6.2171874,1082.47498,931.125,11.7624998,1.0,,17.31,0.0,11.24,47.2593765,,47.2593765,0.0,151.574997,0.0
2025-10-17 08:14:26+00:00,2025-10-17 08:14:26,,,,,,,,,,50.1300011,6.2171874,1082.625,931.275024,11.7749996,1.0,,17.31,0.0,11.63,47.2593765,,47.2593765,0.0,151.574997,0.0
2025-10-17 08:14:27+00:00,2025-10-17 08:14:27,,,,,,,,,,50.1674995,6.2203126,1082.84998,931.5,11.7624998,1.0,,17.31,0.0,11.63,47.2593765,,47.2593765,0.0,151.5,0.0
2025-10-17 08:14:28+00:00,2025-10-17 08:14:28,,,,,,,,,,50.1674995,6.2265625,1083.0,931.650024,11.7749996,1.0,,17.31,0.0,11.63,47.2593765,,47.2593765,0.0,151.574997,0.0
2025-10-17 08:14:29+00:00,2025-10-17 08:14:29,,,,,,,,,,50.1599998,6.2265625,1083.22498,931.875,11.8500004,1.0,,17.31,0.0,11.63,47.4468765,,47.4468765,0.0,151.574997,0.0
2025-10-17 08:14:30+00:00,2025-10-17 08:14:30,49.0,50.0,49.0,49.0,49.0,14.900244118230757,204.0,BO_O2,"O2 규칙 적용: 6.2% (6.0% < O2 ≤ 7.0%) (2단계 롤백, 3~4단계에서 Hz 변화 없음)",50.1862488,6.2281251,1083.375,931.950012,11.8500004,1.0,,17.31,0.0,11.63,47.2593765,,47.2593765,0.0,151.574997,0.0
2025-10-17 08:14:31+00:00,2025-10-17 08:14:31,,,,,,,,,,50.1337509,6.2281251,1083.67505,932.174988,11.8500004,1.0,,17.31,0.0,11.63,47.2593765,,47.2593765,0.0,151.5,0.0
2025-10-17 08:14:32+00:00,2025-10-17 08:14:32,,,,,,,,,,50.1262512,6.23124981,1083.82495,932.325012,11.8500004,1.0,,17.31,0.0,11.63,47.2593765,,47.2593765,0.0,151.574997,0.0
2025-10-17 08:14:33+00:00,2025-10-17 08:14:33,,,,,,,,,,50.1712494,6.2359376,1083.97498,932.549988,11.8500004,1.0,,17.31,0.0,11.63,47.2593765,,47.2593765,0.0,151.574997,0.0
2025-10-17 08:14:34+00:00,2025-10-17 08:14:34,,,,,,,,,,50.1262512,6.2359376,1084.19995,932.700012,11.9750004,1.0,,17.31,0.0,11.63,47.2593765,,47.2593765,0.0,151.574997,0.0
2025-10-17 08:14:35+00:00,2025-10-17 08:14:35,49.0,50.0,49.0,49.0,49.0,14.763632458590802,204.0,BO_O2,"O2 규칙 적용: 6.2% (6.0% < O2 ≤ 7.0%) (2단계 롤백, 3~4단계에서 Hz 변화 없음)",50.1262512,6.2359376,1084.42505,932.849976,12.1000004,1.0,,17.31,0.0,11.63,47.2593765,,47.2593765,0.0,151.574997,0.0
2025-10-17 08:14:36+00:00,2025-10-17 08:14:36,,,,,,,,,,50.1525002,6.23750019,1084.57495,933.0,12.1000004,1.0,,17.31,0.0,11.88,47.2593765,,47.2593765,0.0,151.574997,0.0
2025-10-17 08:14:37+00:00,2025-10-17 08:14:37,,,,,,,,,,50.1337509,6.23750019,1084.875,933.224976,12.1000004,1.0,,17.31,0.0,11.88,47.2593765,,47.2593765,0.0,151.574997,0.0
2025-10-17 08:14:38+00:00,2025-10-17 08:14:38,,,,,,,,,,50.1337509,6.24687481,1084.94995,933.299988,12.1125002,1.0,,17.31,0.0,11.88,47.2593765,,47.2593765,0.0,151.574997,0.0
2025-10-17 08:14:39+00:00,2025-10-17 08:14:39,,,,,,,,,,50.1300011,6.24687481,1085.17505,933.525024,12.3500004,1.0,,17.31,0.0,11.88,47.2593765,,47.2593765,0.0,151.574997,0.0
2025-10-17 08:14:40+00:00,2025-10-17 08:14:40,49.0,50.0,49.0,49.0,49.0,15.553329880317268,204.0,BO_O2,"O2 규칙 적용: 6.2% (6.0% < O2 ≤ 7.0%) (2단계 롤백, 3~4단계에서 Hz 변화 없음)",50.15625,6.265625,1085.32495,933.674988,12.3625002,1.0,,17.31,0.0,11.88,47.2593765,,47.2593765,0.0,151.574997,0.0
2025-10-17 08:14:41+00:00,2025-10-17 08:14:41,,,,,,,,,,50.1599998,6.2906251,1085.55005,933.900024,12.3625002,1.0,,17.31,0.0,11.88,47.2593765,,47.2593765,0.0,151.574997,0.0
2025-10-17 08:14:42+00:00,2025-10-17 08:14:42,,,,,,,,,,50.1412506,6.2906251,1085.625,933.974976,12.3625002,1.0,,17.31,0.0,11.88,47.2593765,,47.2593765,0.0,151.574997,0.0
2025-10-17 08:14:43+00:00,2025-10-17 08:14:43,,,,,,,,,,50.1262512,6.3140626,1085.84998,934.125,12.3500004,1.0,,17.31,0.0,11.88,47.15625,,47.15625,0.0,151.5,0.0
2025-10-17 08:14:44+00:00,2025-10-17 08:14:44,,,,,,,,,,50.1375008,6.3343749,1086.0,934.349976,12.8625002,1.0,,17.31,0.0,11.88,47.0812492,,47.0812492,0.0,151.5,0.0
2025-10-17 08:14:45+00:00,2025-10-17 08:14:45,49.0,50.0,49.0,49.0,49.0,15.665587579617915,204.0,BO_O2,"O2 규칙 적용: 6.3% (6.0% < O2 ≤ 7.0%) (2단계 롤백, 3~4단계에서 Hz 변화 없음)",50.1375008,6.3343749,1086.15002,934.5,12.8625002,1.0,,17.31,0.0,11.88,47.0812492,,47.0812492,0.0,151.574997,0.0
2025-10-17 08:14:46+00:00,2025-10-17 08:14:46,,,,,,,,,,50.1824989,6.35624981,1086.30005,934.575012,12.8625002,1.0,,17.31,0.0,12.36,47.0812492,,47.0812492,0.0,151.574997,0.0
2025-10-17 08:14:47+00:00,2025-10-17 08:14:47,,,,,,,,,,50.1337509,6.35624981,1086.52502,934.799988,12.8625002,1.0,,17.31,0.0,12.36,47.0812492,,47.0812492,0.0,151.574997,0.0
2025-10-17 08:14:48+00:00,2025-10-17 08:14:48,,,,,,,,,,50.1525002,6.37812519,1086.75,934.950012,12.8625002,1.0,,17.31,0.0,12.36,47.0812492,,47.0812492,0.0,151.5,0.0
2025-10-17 08:14:49+00:00,2025-10-17 08:14:49,,,,,,,,,,50.1412506,6.40312481,1086.90002,935.099976,13.1875,1.0,,17.31,0.0,12.36,47.0812492,,47.0812492,0.0,151.574997,0.0
2025-10-17 08:14:50+00:00,2025-10-17 08:14:50,49.0,50.0,49.0,49.0,49.0,16.1690679686506,204.0,BO_O2,"O2 규칙 적용: 6.4% (6.0% < O2 ≤ 7.0%) (2단계 롤백, 3~4단계에서 Hz 변화 없음)",50.1674995,6.40312481,1087.05005,935.25,13.1999998,1.0,,17.31,0.0,12.36,47.0718765,,47.0718765,0.0,151.574997,0.0
2025-10-17 08:14:51+00:00,2025-10-17 08:14:51,,,,,,,,,,50.1262512,6.4296875,1087.19995,935.400024,13.1999998,1.0,,17.31,0.0,12.36,47.0812492,,47.0812492,0.0,151.574997,0.0
2025-10-17 08:14:52+00:00,2025-10-17 08:14:52,,,,,,,,,,50.1712494,6.4546876,1087.42505,935.625,13.1999998,1.0,,17.31,0.0,12.36,47.0999985,,47.0999985,0.0,151.5,0.0
2025-10-17 08:14:53+00:00,2025-10-17 08:14:53,,,,,,,,,,50.1262512,6.4546876,1087.5,935.700012,13.1999998,1.0,,17.31,0.0,12.36,47.109375,,47.109375,0.0,151.574997,0.0
2025-10-17 08:14:54+00:00,2025-10-17 08:14:54,,,,,,,,,,50.1262512,6.4859376,1087.57495,935.775024,13.1999998,1.0,,17.31,0.0,12.36,47.0812492,,47.0812492,0.0,151.574997,0.0
2025-10-17 08:14:55+00:00,2025-10-17 08:14:55,49.0,50.0,49.0,49.0,49.0,16.63964762544457,204.0,BO_O2,"O2 규칙 적용: 6.4% (6.0% < O2 ≤ 7.0%) (2단계 롤백, 3~4단계에서 Hz 변화 없음)",50.1300011,6.4859376,1087.65002,936.0,13.1999998,1.0,,17.31,0.0,12.36,47.0812492,,47.0812492,0.0,151.5,0.0
2025-10-17 08:14:56+00:00,2025-10-17 08:14:56,,,,,,,,,,50.1974983,6.5171876,1087.72498,936.075012,13.1999998,1.0,,17.31,0.0,13.22,47.0812492,,47.0812492,0.0,150.0,0.0
2025-10-17 08:14:57+00:00,2025-10-17 08:14:57,,,,,,,,,,50.1262512,6.546875,1087.875,936.299988,13.1999998,1.0,,17.31,0.0,13.22,47.0812492,,47.0812492,0.0,150.074997,0.0
2025-10-17 08:14:58+00:00,2025-10-17 08:14:58,,,,,,,,,,50.1225014,6.546875,1088.02502,936.375,13.1999998,1.0,,17.31,0.0,13.22,47.0812492,,47.0812492,0.0,150.074997,0.0
2025-10-17 08:14:59+00:00,2025-10-17 08:14:59,,,,,,,,,,50.1525002,6.5765624,1088.25,936.599976,13.7749996,1.0,,17.31,0.0,13.22,47.0812492,,47.0812492,0.0,150.074997,0.0
2025-10-17 08:15:00+00:00,2025-10-17 08:15:00,49.0,50.0,49.0,49.0,49.0,16.156054647090176,204.0,BO_O2,"O2 규칙 적용: 6.5% (6.0% < O2 ≤ 7.0%) (2단계 롤백, 3~4단계에서 Hz 변화 없음)",50.1300011,6.6031251,1088.55005,936.674988,13.7875004,1.0,,17.31,0.0,13.22,47.0812492,,47.0812492,0.0,150.0,0.0
2025-10-17 08:15:01+00:00,2025-10-17 08:15:01,,,,,,,,,,50.1375008,6.6031251,1088.84998,936.825012,13.7875004,1.0,,17.31,0.0,13.22,47.0812492,,47.0812492,0.0,150.074997,0.0
2025-10-17 08:15:02+00:00,2025-10-17 08:15:02,,,,,,,,,,50.1412506,6.6265626,1089.15002,936.974976,13.7875004,1.0,,17.31,0.0,13.22,47.0812492,,47.0812492,0.0,150.149994,0.0
2025-10-17 08:15:03+00:00,2025-10-17 08:15:03,,,,,,,,,,50.1674995,6.6265626,1089.59998,937.125,13.7875004,1.0,,17.31,0.0,13.22,47.0812492,,47.0812492,0.0,150.074997,0.0
2025-10-17 08:15:04+00:00,2025-10-17 08:15:04,,,,,,,,,,50.15625,6.6546874,1089.90002,937.200012,13.9750004,1.0,,17.31,0.0,13.22,47.0812492,,47.0812492,0.0,150.074997,0.0
2025-10-17 08:15:05+00:00,2025-10-17 08:15:05,49.0,50.0,49.0,49.0,49.0,16.224920513823566,204.0,BO_O2,"O2 규칙 적용: 6.6% (6.0% < O2 ≤ 7.0%) (2단계 롤백, 3~4단계에서 Hz 변화 없음)",50.1375008,6.6859374,1090.34998,937.424988,14.2124996,1.0,,17.31,0.0,13.22,47.0812492,,47.0812492,0.0,150.074997,0.0
2025-10-17 08:15:06+00:00,2025-10-17 08:15:06,,,,,,,,,,50.15625,6.6859374,1090.65002,937.5,14.2124996,1.0,,17.31,0.0,13.83,47.0812492,,47.0812492,0.0,150.975006,0.0
2025-10-17 08:15:07+00:00,2025-10-17 08:15:07,,,,,,,,,,50.1300011,6.71875,1091.02502,937.724976,14.2124996,1.0,,17.31,0.0,13.83,47.0812492,,47.0812492,0.0,151.574997,0.0
2025-10-17 08:15:08+00:00,2025-10-17 08:15:08,,,,,,,,,,50.1337509,6.73750019,1091.32495,937.799988,14.2124996,1.0,,17.31,0.0,13.83,47.0812492,,47.0812492,0.0,151.574997,0.0
2025-10-17 08:15:09+00:00,2025-10-17 08:15:09,,,,,,,,,,50.1450005,6.73750019,1091.77502,938.025024,14.6374998,1.0,,17.31,0.0,13.83,47.0812492,,47.0812492,0.0,151.574997,0.0
2025-10-17 08:15:10+00:00,2025-10-17 08:15:10,49.0,50.0,49.0,49.0,49.0,17.368902451381224,204.0,BO_O2,"O2 규칙 적용: 6.7% (6.0% < O2 ≤ 7.0%) (2단계 롤백, 3~4단계에서 Hz 변화 없음)",50.1525002,6.73124981,1092.15002,938.174988,14.6499996,1.0,,17.31,0.0,13.83,47.0812492,,47.0812492,0.0,151.574997,0.0
2025-10-17 08:15:11+00:00,2025-10-17 08:15:11,,,,,,,,,,50.15625,6.73124981,1092.44995,938.325012,14.6499996,1.0,,17.31,0.0,13.83,47.0812492,,47.0812492,0.0,151.574997,0.0
2025-10-17 08:15:12+00:00,2025-10-17 08:15:12,,,,,,,,,,50.1974983,6.7015624,1092.67505,938.400024,14.6499996,1.0,,17.31,0.0,13.83,47.1468735,,47.1468735,0.0,151.5,0.0
2025-10-17 08:15:13+00:00,2025-10-17 08:15:13,,,,,,,,,,50.1637497,6.6500001,1093.05005,938.549988,14.6499996,1.0,,17.31,0.0,13.83,47.0812492,,47.0812492,0.0,151.574997,0.0
2025-10-17 08:15:14+00:00,2025-10-17 08:15:14,,,,,,,,,,50.1749992,6.6500001,1093.27502,938.700012,14.8000002,1.0,,17.31,0.0,13.83,47.0812492,,47.0812492,0.0,151.574997,0.0
2025-10-17 08:15:15+00:00,2025-10-17 08:15:15,49.0,49.0,49.0,49.0,49.0,17.08467316678199,100.0,BO_ONLY,"BO 모델 결과만 사용 (1단계 롤백, 2~4단계에서 Hz 변화 없음)",50.1525002,6.5843749,1093.65002,938.849976,14.9875002,1.0,,17.31,0.0,13.83,47.1656265,,47.1656265,0.0,151.574997,0.0
2025-10-17 08:15:16+00:00,2025-10-17 08:15:16,,,,,,,,,,50.1525002,6.51249981,1093.94995,939.0,14.9875002,1.0,,17.31,0.0,14.67,47.2593765,,47.2593765,0.0,152.399994,0.0
2025-10-17 08:15:17+00:00,2025-10-17 08:15:17,,,,,,,,,,50.1300011,6.51249981,1094.17505,939.150024,14.9875002,1.0,,17.31,0.0,14.67,47.2593765,,47.2593765,0.0,153.300003,0.0
2025-10-17 08:15:18+00:00,2025-10-17 08:15:18,,,,,,,,,,50.1599998,6.43437481,1094.47498,939.299988,14.9750004,1.0,,17.31,0.0,14.67,47.2593765,,47.2593765,0.0,153.300003,0.0
2025-10-17 08:15:19+00:00,2025-10-17 08:15:19,,,,,,,,,,50.1337509,6.43437481,1094.77502,939.375,15.3874998,1.0,,17.31,0.0,14.67,47.2593765,,47.2593765,0.0,153.300003,0.0
2025-10-17 08:15:20+00:00,2025-10-17 08:15:20,49.0,49.0,49.0,49.0,49.0,17.051364685938236,100.0,BO_ONLY,"BO 모델 결과만 사용 (1단계 롤백, 2~4단계에서 Hz 변화 없음)",50.1375008,6.35468769,1095.0,939.525024,15.3999996,1.0,,17.31,0.0,14.67,47.2593765,,47.2593765,0.0,153.300003,0.0
2025-10-17 08:15:21+00:00,2025-10-17 08:15:21,,,,,,,,,,50.1412506,6.2796874,1095.22498,939.674988,15.3999996,1.0,,17.31,0.0,14.67,47.2593765,,47.2593765,0.0,153.300003,0.0
2025-10-17 08:15:22+00:00,2025-10-17 08:15:22,,,,,,,,,,50.1450005,6.2796874,1095.52502,939.900024,15.3999996,1.0,,17.31,0.0,14.67,47.2593765,,47.2593765,0.0,151.574997,0.0
2025-10-17 08:15:23+00:00,2025-10-17 08:15:23,,,,,,,,,,50.1262512,6.21562481,1095.75,939.974976,15.3999996,1.0,,17.31,0.0,14.67,47.2593765,,47.2593765,0.0,153.300003,0.0
2025-10-17 08:15:24+00:00,2025-10-17 08:15:24,,,,,,,,,,50.1300011,6.1734376,1095.90002,940.125,15.3249998,1.0,,17.31,0.0,14.67,47.2593765,,47.2593765,0.0,153.225006,0.0
2025-10-17 08:15:25+00:00,2025-10-17 08:15:25,49.0,50.0,49.0,49.0,49.0,16.48452950014397,204.0,BO_O2,"O2 규칙 적용: 6.3% (6.0% < O2 ≤ 7.0%) (2단계 롤백, 3~4단계에서 Hz 변화 없음)",50.1300011,6.1734376,1096.125,940.275024,15.2375002,1.0,,17.31,0.0,14.67,47.2593765,,47.2593765,0.0,153.300003,0.0
2025-10-17 08:15:26+00:00,2025-10-17 08:15:26,,,,,,,,,,50.1937485,6.15156269,1096.34998,940.349976,15.2375002,1.0,,17.31,0.0,15.39,47.2593765,,47.2593765,0.0,151.574997,0.0
2025-10-17 08:15:27+00:00,2025-10-17 08:15:27,,,,,,,,,,50.1450005,6.15156269,1096.42505,940.5,15.2375002,1.0,,17.31,0.0,15.39,47.2593765,,47.2593765,0.0,151.574997,0.0
2025-10-17 08:15:28+00:00,2025-10-17 08:15:28,,,,,,,,,,50.1412506,6.1390624,1096.65002,940.575012,15.2375002,1.0,,17.31,0.0,15.39,47.2593765,,47.2593765,0.0,151.574997,0.0
2025-10-17 08:15:29+00:00,2025-10-17 08:15:29,,,,,,,,,,50.1262512,6.12812519,1096.80005,940.799988,15.2375002,1.0,,17.31,0.0,15.39,47.2593765,,47.2593765,0.0,151.574997,0.0
2025-10-17 08:15:30+00:00,2025-10-17 08:15:30,49.0,51.0,49.0,49.0,49.0,15.92725793873247,204.0,BO_O2,"O2 규칙 적용: 6.2% (6.0% < O2 ≤ 7.0%) (2단계 롤백, 3~4단계에서 Hz 변화 없음)",50.1899986,6.12812519,1096.94995,940.875,15.2375002,1.0,,17.31,0.0,15.39,47.2593765,,47.2593765,0.0,151.574997,0.0
2025-10-17 08:15:31+00:00,2025-10-17 08:15:31,,,,,,,,,,50.1487503,6.12031269,1097.09998,941.099976,15.2375002,1.0,,17.31,0.0,15.39,47.2593765,,47.2593765,0.0,151.574997,0.0
2025-10-17 08:15:32+00:00,2025-10-17 08:15:32,,,,,,,,,,50.1375008,6.1187501,1097.17505,941.174988,15.2375002,1.0,,17.31,0.0,15.39,47.2593765,,47.2593765,0.0,151.574997,0.0
2025-10-17 08:15:33+00:00,2025-10-17 08:15:33,,,,,,,,,,50.2050018,6.1187501,1097.40002,941.325012,15.2250004,1.0,,17.31,0.0,15.39,47.2593765,,47.2593765,0.0,151.574997,0.0
2025-10-17 08:15:34+00:00,2025-10-17 08:15:34,,,,,,,,,,50.1262512,6.1265626,1097.47498,941.474976,15.1125002,1.0,,17.31,0.0,15.39,47.2593765,,47.2593765,0.0,151.574997,0.0
2025-10-17 08:15:35+00:00,2025-10-17 08:15:35,49.0,53.0,49.0,49.0,49.0,15.605352626244168,204.0,BO_O2,"O2 규칙 적용: 6.1% (6.0% < O2 ≤ 7.0%) (2단계 롤백, 3~4단계에서 Hz 변화 없음)",50.1674995,6.1265626,1097.55005,941.625,14.9750004,1.0,,17.31,0.0,15.39,47.2593765,,47.2593765,0.0,151.574997,0.0
2025-10-17 08:15:36+00:00,2025-10-17 08:15:36,,,,,,,,,,50.1337509,6.13749981,1097.625,941.700012,14.9875002,1.0,,17.31,0.0,15.24,47.2593765,,47.2593765,0.0,151.574997,0.0
2025-10-17 08:15:37+00:00,2025-10-17 08:15:37,,,,,,,,,,50.1637497,6.1546874,1097.69995,941.924988,14.9750004,1.0,,17.31,0.0,15.24,47.2593765,,47.2593765,0.0,151.5,0.0
2025-10-17 08:15:38+00:00,2025-10-17 08:15:38,,,,,,,,,,50.2275009,6.1546874,1097.77502,942.075012,14.9875002,1.0,,17.31,0.0,15.24,47.2593765,,47.2593765,0.0,151.574997,0.0
2025-10-17 08:15:39+00:00,2025-10-17 08:15:39,,,,,,,,,,50.1862488,6.18437481,1097.84998,942.150024,15.0625,1.0,,17.31,0.0,15.24,47.2593765,,47.2593765,0.0,151.574997,0.0
2025-10-17 08:15:40+00:00,2025-10-17 08:15:40,49.0,51.0,49.0,49.0,49.0,13.751238914274412,204.0,BO_O2,"O2 규칙 적용: 6.1% (6.0% < O2 ≤ 7.0%) (2단계 롤백, 3~4단계에서 Hz 변화 없음)",50.1300011,6.2203126,1097.84998,942.299988,15.0625,1.0,,17.31,0.0,15.24,47.2593765,,47.2593765,0.0,151.574997,0.0
2025-10-17 08:15:41+00:00,2025-10-17 08:15:41,,,,,,,,,,50.1337509,6.2203126,1097.92505,942.450012,15.0625,1.0,,17.31,0.0,15.24,47.2593765,,47.2593765,0.0,151.574997,0.0
2025-10-17 08:15:42+00:00,2025-10-17 08:15:42,,,,,,,,,,50.1225014,6.2640624,1097.92505,942.525024,15.0625,1.0,,17.31,0.0,15.24,47.0812492,,47.0812492,0.0,151.574997,0.0
2025-10-17 08:15:43+00:00,2025-10-17 08:15:43,,,,,,,,,,50.1599998,6.2640624,1097.92505,942.674988,15.0625,1.0,,17.31,0.0,15.24,47.0812492,,47.0812492,0.0,151.574997,0.0
2025-10-17 08:15:44+00:00,2025-10-17 08:15:44,,,,,,,,,,50.1599998,6.2640624,1097.92505,942.674988,15.0625,1.0,,17.31,0.0,15.24,47.0812492,,47.0812492,0.0,151.574997,0.0
2025-10-17 08:15:45+00:00,2025-10-17 08:15:45,49.0,50.0,49.0,49.0,49.0,14.344238109106232,204.0,BO_O2,"O2 규칙 적용: 6.2% (6.0% < O2 ≤ 7.0%) (2단계 롤백, 3~4단계에서 Hz 변화 없음)",50.1862488,6.3609376,1097.84998,942.974976,14.8999996,1.0,,17.31,0.0,15.24,47.0812492,,47.0812492,0.0,151.5,0.0
2025-10-17 08:15:46+00:00,2025-10-17 08:15:46,,,,,,,,,,50.1225014,6.3609376,1097.77502,943.125,14.8999996,1.0,,17.31,0.0,15.13,47.0812492,,47.0812492,0.0,151.574997,0.0
2025-10-17 08:15:47+00:00,2025-10-17 08:15:47,,,,,,,,,,50.1787491,6.41093731,1097.69995,943.200012,14.8874998,1.0,,17.31,0.0,15.13,47.0812492,,47.0812492,0.0,151.574997,0.0
2025-10-17 08:15:48+00:00,2025-10-17 08:15:48,,,,,,,,,,50.1375008,6.4625001,1097.69995,943.349976,14.8999996,1.0,,17.31,0.0,15.13,47.0812492,,47.0812492,0.0,151.574997,0.0
2025-10-17 08:15:49+00:00,2025-10-17 08:15:49,,,,,,,,,,50.1637497,6.4625001,1097.69995,943.424988,14.7375002,1.0,,17.31,0.0,15.13,47.0812492,,47.0812492,0.0,150.149994,0.0
2025-10-17 08:15:50+00:00,2025-10-17 08:15:50,49.0,49.0,49.0,49.0,49.0,13.681522098604171,100.0,BO_ONLY,"BO 모델 결과만 사용 (1단계 롤백, 2~4단계에서 Hz 변화 없음)",50.1262512,6.515625,1097.69995,943.650024,14.7375002,1.0,,17.31,0.0,15.13,47.0812492,,47.0812492,0.0,150.074997,0.0
2025-10-17 08:15:51+00:00,2025-10-17 08:15:51,,,,,,,,,,49.3125,6.515625,1097.69995,943.724976,14.7250004,1.0,,17.31,0.0,15.13,47.0812492,,47.0812492,0.0,150.074997,0.0
2025-10-17 08:15:52+00:00,2025-10-17 08:15:52,,,,,,,,,,48.0374985,6.56718731,1097.625,943.875,14.7250004,1.0,,17.31,0.0,15.13,47.0812492,,47.0812492,0.0,150.074997,0.0
2025-10-17 08:15:53+00:00,2025-10-17 08:15:53,,,,,,,,,,47.9962502,6.6171875,1097.55005,944.025024,14.7250004,1.0,,17.31,0.0,15.13,47.0812492,,47.0812492,0.0,150.0,0.0
2025-10-17 08:15:54+00:00,2025-10-17 08:15:54,,,,,,,,,,47.9925003,6.6171875,1097.55005,944.099976,14.6499996,1.0,,17.31,0.0,15.13,46.5562515,,46.5562515,0.0,150.074997,0.0
2025-10-17 08:15:55+00:00,2025-10-17 08:15:55,49.0,49.0,49.0,49.0,49.0,13.640706124166792,100.0,BO_ONLY,"BO 모델 결과만 사용 (1단계 롤백, 2~4단계에서 Hz 변화 없음)",48.0037498,6.6640625,1097.47498,944.25,14.6499996,1.0,,17.31,0.0,15.13,45.9093742,,45.9093742,0.0,150.074997,0.0
2025-10-17 08:15:56+00:00,2025-10-17 08:15:56,,,,,,,,,,48.0,6.7093749,1097.32495,944.400024,14.6499996,1.0,,17.31,0.0,14.79,44.9343758,,44.9343758,0.0,151.5,0.0
2025-10-17 08:15:57+00:00,2025-10-17 08:15:57,,,,,,,,,,48.0037498,6.7093749,1097.25,944.474976,14.6499996,1.0,,17.31,0.0,14.79,44.6343765,,44.6343765,0.0,151.5,0.0
2025-10-17 08:15:58+00:00,2025-10-17 08:15:58,,,,,,,,,,47.9962502,6.7515626,1097.09998,944.625,14.6499996,1.0,,17.31,0.0,14.79,44.0625,,44.0625,0.0,151.574997,0.0
2025-10-17 08:15:59+00:00,2025-10-17 08:15:59,,,,,,,,,,48.0,6.7515626,1097.02502,944.700012,14.3874998,1.0,,17.31,0.0,14.79,43.9031258,,43.9031258,0.0,151.574997,0.0
2025-10-17 08:16:00+00:00,2025-10-17 08:16:00,48.0,48.0,48.0,48.0,48.0,13.529557909089656,100.0,BO_ONLY,"BO 모델 결과만 사용 (1단계 롤백, 2~4단계에서 Hz 변화 없음)",47.9925003,6.796875,1096.875,944.775024,14.375,1.0,,17.31,0.0,14.79,43.8843765,,43.8843765,0.0,151.574997,0.0
2025-10-17 08:16:01+00:00,2025-10-17 08:16:01,,,,,,,,,,47.1637497,6.84062481,1096.72498,944.924988,14.375,1.0,,17.31,0.0,14.79,43.7062492,,43.7062492,0.0,151.574997,0.0
2025-10-17 08:16:02+00:00,2025-10-17 08:16:02,,,,,,,,,,46.9650002,6.84062481,1096.65002,945.075012,14.3874998,1.0,,17.31,0.0,14.79,43.6968765,,43.6968765,0.0,151.574997,0.0
2025-10-17 08:16:03+00:00,2025-10-17 08:16:03,,,,,,,,,,46.9575005,6.87812519,1096.65002,945.224976,14.3874998,1.0,,17.31,0.0,14.79,43.3499985,,43.3499985,0.0,151.574997,0.0
2025-10-17 08:16:04+00:00,2025-10-17 08:16:04,,,,,,,,,,46.9575005,6.87812519,1096.65002,945.224976,14.3874998,1.0,,17.31,0.0,14.79,43.3499985,,43.3499985,0.0,151.574997,0.0
2025-10-17 08:16:05+00:00,2025-10-17 08:16:05,48.0,48.0,48.0,48.0,48.0,12.731824900181246,100.0,BO_ONLY,"BO 모델 결과만 사용 (1단계 롤백, 2~4단계에서 Hz 변화 없음)",46.9462509,6.90625,1096.5,945.299988,14.2124996,1.0,,17.31,0.0,14.79,42.8156242,,42.8156242,0.0,151.574997,0.0
2025-10-17 08:16:06+00:00,2025-10-17 08:16:06,,,,,,,,,,46.9612503,6.9375,1096.34998,945.450012,14.2124996,1.0,,17.31,0.0,14.46,42.5906258,,42.5906258,0.0,153.300003,0.0
2025-10-17 08:16:07+00:00,2025-10-17 08:16:07,,,,,,,,,,46.9462509,6.9375,1096.34998,945.599976,14.2124996,1.0,,17.31,0.0,14.46,42.1781235,,42.1781235,0.0,153.300003,0.0
2025-10-17 08:16:08+00:00,2025-10-17 08:16:08,,,,,,,,,,46.9462509,6.9765625,1096.27502,945.674988,14.2124996,1.0,,17.31,0.0,14.46,41.8312492,,41.8312492,0.0,153.300003,0.0
2025-10-17 08:16:09+00:00,2025-10-17 08:16:09,,,,,,,,,,46.9500008,7.0234375,1096.27502,945.75,14.0500002,1.0,,17.31,0.0,14.46,41.8312492,,41.8312492,0.0,153.225006,0.0
2025-10-17 08:16:10+00:00,2025-10-17 08:16:10,48.0,48.0,48.0,48.0,48.0,12.674004132703148,100.0,BO_ONLY,"BO 모델 결과만 사용 (1단계 롤백, 2~4단계에서 Hz 변화 없음)",46.9500008,7.0234375,1096.27502,945.75,14.0500002,1.0,,17.31,0.0,14.46,41.8312492,,41.8312492,0.0,153.225006,0.0
2025-10-17 08:16:11+00:00,2025-10-17 08:16:11,,,,,,,,,,46.9537506,7.078125,1096.27502,946.049988,14.0375004,1.0,,17.31,0.0,14.46,41.8218765,,41.8218765,0.0,153.300003,0.0
2025-10-17 08:16:12+00:00,2025-10-17 08:16:12,,,,,,,,,,46.9537506,7.1265626,1096.27502,946.125,14.0375004,1.0,,17.31,0.0,14.46,41.8218765,,41.8218765,0.0,153.300003,0.0
2025-10-17 08:16:13+00:00,2025-10-17 08:16:13,,,,,,,,,,46.9500008,7.1265626,1096.34998,946.200012,14.0375004,1.0,,17.31,0.0,14.46,41.8218765,,41.8218765,0.0,153.300003,0.0
2025-10-17 08:16:14+00:00,2025-10-17 08:16:14,,,,,,,,,,46.9500008,7.1265626,1096.34998,946.200012,14.0375004,1.0,,17.31,0.0,14.46,41.8218765,,41.8218765,0.0,153.300003,0.0
2025-10-17 08:16:15+00:00,2025-10-17 08:16:15,46.0,48.0,46.0,46.0,46.0,12.63540048922764,205.0,BO_O2,"O2 규칙 적용: 7.1% (7.0% < O2 ≤ 8.0%) (2단계 롤백, 3~4단계에서 Hz 변화 없음)",46.9500008,7.1640625,1096.34998,946.424988,13.9624996,1.0,,17.31,0.0,14.46,41.8218765,,41.8218765,0.0,154.274994,0.0
2025-10-17 08:16:16+00:00,2025-10-17 08:16:16,,,,,,,,,,46.5974998,7.1859374,1096.34998,946.575012,13.9499998,1.0,,17.31,0.0,14.07,41.8218765,,41.8218765,0.0,154.800003,0.0
2025-10-17 08:16:17+00:00,2025-10-17 08:16:17,,,,,,,,,,45.9900017,7.1937499,1096.34998,946.650024,13.9624996,1.0,,17.31,0.0,14.07,41.8218765,,41.8218765,0.0,154.725006,0.0
2025-10-17 08:16:18+00:00,2025-10-17 08:16:18,,,,,,,,,,45.9824982,7.1937499,1096.34998,946.799988,13.9624996,1.0,,17.31,0.0,14.07,41.8218765,,41.8218765,0.0,154.725006,0.0
2025-10-17 08:16:19+00:00,2025-10-17 08:16:19,,,,,,,,,,45.9900017,7.1859374,1096.34998,946.799988,13.625,1.0,,17.31,0.0,14.07,41.625,,41.625,0.0,154.800003,0.0
2025-10-17 08:16:20+00:00,2025-10-17 08:16:20,46.0,47.0,46.0,46.0,46.0,12.392641398888454,205.0,BO_O2,"O2 규칙 적용: 7.2% (7.0% < O2 ≤ 8.0%) (2단계 롤백, 3~4단계에서 Hz 변화 없음)",45.9900017,7.1859374,1096.34998,946.799988,13.625,1.0,,17.31,0.0,14.07,41.625,,41.625,0.0,154.800003,0.0
2025-10-17 08:16:21+00:00,2025-10-17 08:16:21,,,,,,,,,,45.0449982,7.1624999,1096.27502,947.025024,13.6125002,1.0,,17.31,0.0,14.07,40.8093758,,40.8093758,0.0,154.725006,0.0
2025-10-17 08:16:22+00:00,2025-10-17 08:16:22,,,,,,,,,,44.8987503,7.1234374,1096.19995,947.174988,13.625,1.0,,17.31,0.0,14.07,40.3875008,,40.3875008,0.0,154.725006,0.0
2025-10-17 08:16:23+00:00,2025-10-17 08:16:23,,,,,,,,,,44.8987503,7.1234374,1096.125,947.25,13.625,1.0,,17.31,0.0,14.07,40.3499985,,40.3499985,0.0,156.149994,0.0
2025-10-17 08:16:24+00:00,2025-10-17 08:16:24,,,,,,,,,,44.8950005,7.07343769,1095.97498,947.400024,13.4499998,1.0,,17.31,0.0,14.07,39.8250008,,39.8250008,0.0,156.225006,0.0
2025-10-17 08:16:25+00:00,2025-10-17 08:16:25,46.0,48.0,46.0,46.0,46.0,12.472216354561011,205.0,BO_O2,"O2 규칙 적용: 7.1% (7.0% < O2 ≤ 8.0%) (2단계 롤백, 3~4단계에서 Hz 변화 없음)",44.9025002,7.01875019,1095.90002,947.474976,13.4499998,1.0,,17.31,0.0,14.07,39.5718765,,39.5718765,0.0,156.225006,0.0
2025-10-17 08:16:26+00:00,2025-10-17 08:16:26,,,,,,,,,,44.8987503,7.01875019,1095.67505,947.549988,13.4499998,1.0,,17.31,0.0,13.68,39.0374985,,39.0374985,0.0,156.225006,0.0
2025-10-17 08:16:27+00:00,2025-10-17 08:16:27,,,,,,,,,,44.9025002,6.97343731,1095.52502,947.700012,13.4499998,1.0,,17.31,0.0,13.68,38.859375,,38.859375,0.0,156.225006,0.0
2025-10-17 08:16:28+00:00,2025-10-17 08:16:28,,,,,,,,,,44.9099998,6.9375,1095.22498,947.775024,13.4499998,1.0,,17.31,0.0,13.68,38.6812515,,38.6812515,0.0,156.225006,0.0
2025-10-17 08:16:29+00:00,2025-10-17 08:16:29,,,,,,,,,,44.8950005,6.9375,1095.07495,947.849976,13.375,1.0,,17.31,0.0,13.68,38.5031242,,38.5031242,0.0,156.225006,0.0
2025-10-17 08:16:30+00:00,2025-10-17 08:16:30,48.0,48.0,48.0,48.0,48.0,12.414715828354256,100.0,BO_ONLY,"BO 모델 결과만 사용 (1단계 롤백, 2~4단계에서 Hz 변화 없음)",44.8950005,6.90937519,1094.69995,947.924988,13.3625002,1.0,,17.31,0.0,13.68,38.4937515,,38.4937515,0.0,156.149994,0.0
2025-10-17 08:16:31+00:00,2025-10-17 08:16:31,,,,,,,,,,45.6450005,6.90937519,1094.55005,948.075012,13.3625002,1.0,,17.31,0.0,13.68,38.4281235,,38.4281235,0.0,156.300003,0.0
2025-10-17 08:16:32+00:00,2025-10-17 08:16:32,,,,,,,,,,45.9674988,6.890625,1094.25,948.150024,13.3625002,1.0,,17.31,0.0,13.68,38.3062515,,38.3062515,0.0,156.225006,0.0
2025-10-17 08:16:33+00:00,2025-10-17 08:16:33,,,,,,,,,,45.9824982,6.88593769,1094.02502,948.224976,13.3625002,1.0,,17.31,0.0,13.68,38.3062515,,38.3062515,0.0,156.225006,0.0
2025-10-17 08:16:34+00:00,2025-10-17 08:16:34,,,,,,,,,,45.9824982,6.88593769,1094.02502,948.224976,13.3625002,1.0,,17.31,0.0,13.68,38.3062515,,38.3062515,0.0,156.225006,0.0
2025-10-17 08:16:35+00:00,2025-10-17 08:16:35,40.80624965,48.0,48.0,38.0,38.0,11.777241585784827,304.0,BO_O2_RULE,"제어매트릭스 규칙 적용: NOX_LOW (3단계 롤백, 4단계에서 Hz 변화 없음)",45.9862518,6.9000001,1093.5,948.375,13.1999998,1.0,,17.31,0.0,13.68,38.859375,,38.859375,0.0,156.225006,0.0
2025-10-17 08:16:36+00:00,2025-10-17 08:16:36,,,,,,,,,,46.1362495,6.9375,1093.19995,948.525024,13.1999998,1.0,,17.31,0.0,13.38,39.3468742,,39.3468742,0.0,156.225006,0.0
2025-10-17 08:16:37+00:00,2025-10-17 08:16:37,,,,,,,,,,46.9425011,6.9375,1092.97498,948.525024,13.1999998,1.0,,17.31,0.0,13.38,39.5812492,,39.5812492,0.0,156.225006,0.0
2025-10-17 08:16:38+00:00,2025-10-17 08:16:38,,,,,,,,,,46.9537506,6.9937501,1092.59998,948.674988,13.1999998,1.0,,17.31,0.0,13.38,39.609375,,39.609375,0.0,156.225006,0.0
2025-10-17 08:16:39+00:00,2025-10-17 08:16:39,,,,,,,,,,46.9500008,6.9937501,1092.375,948.75,13.1999998,1.0,,17.31,0.0,13.38,40.1437492,,40.1437492,0.0,156.225006,0.0
2025-10-17 08:16:40+00:00,2025-10-17 08:16:40,41.5393753,49.0,49.0,38.0,38.0,11.97856626980444,304.0,BO_O2_RULE,"제어매트릭스 규칙 적용: NOX_LOW (3단계 롤백, 4단계에서 Hz 변화 없음)",46.9462509,7.06562519,1092.07495,948.825012,13.1999998,1.0,,17.31,0.0,13.38,40.5,,40.5,0.0,156.225006,0.0
2025-10-17 08:16:41+00:00,2025-10-17 08:16:41,,,,,,,,,,46.1512489,7.1500001,1091.84998,948.900024,13.1999998,1.0,,17.31,0.0,13.38,41.0906258,,41.0906258,0.0,154.725006,0.0
2025-10-17 08:16:42+00:00,2025-10-17 08:16:42,,,,,,,,,,45.9862518,7.1500001,1091.47498,949.049988,13.1999998,1.0,,17.31,0.0,13.38,41.2125015,,41.2125015,0.0,154.725006,0.0
2025-10-17 08:16:43+00:00,2025-10-17 08:16:43,,,,,,,,,,45.9824982,7.234375,1091.25,949.049988,13.1875,1.0,,17.31,0.0,13.38,41.4562492,,41.4562492,0.0,154.800003,0.0
2025-10-17 08:16:44+00:00,2025-10-17 08:16:44,,,,,,,,,,45.9900017,7.31718731,1090.94995,949.125,13.1125002,1.0,,17.31,0.0,13.38,41.2687492,,41.2687492,0.0,154.725006,0.0
2025-10-17 08:16:45+00:00,2025-10-17 08:16:45,46.0,48.0,46.0,46.0,46.0,12.230557444989417,205.0,BO_O2,"O2 규칙 적용: 7.2% (7.0% < O2 ≤ 8.0%) (2단계 롤백, 3~4단계에서 Hz 변화 없음)",45.9787483,7.31718731,1090.65002,949.200012,13.1125002,1.0,,17.31,0.0,13.38,41.0999985,,41.0999985,0.0,154.725006,0.0
2025-10-17 08:16:46+00:00,2025-10-17 08:16:46,,,,,,,,,,45.9225006,7.390625,1090.27502,949.275024,13.1125002,1.0,,17.31,0.0,13.2,40.6218758,,40.6218758,0.0,154.649994,0.0
2025-10-17 08:16:47+00:00,2025-10-17 08:16:47,,,,,,,,,,44.9174995,7.390625,1089.97498,949.349976,13.1125002,1.0,,17.31,0.0,13.2,40.3687515,,40.3687515,0.0,154.800003,0.0
2025-10-17 08:16:48+00:00,2025-10-17 08:16:48,,,,,,,,,,44.9174995,7.390625,1089.97498,949.349976,13.1125002,1.0,,17.31,0.0,13.2,40.3687515,,40.3687515,0.0,154.800003,0.0
2025-10-17 08:16:49+00:00,2025-10-17 08:16:49,,,,,,,,,,44.8987503,7.5078125,1089.44995,949.5,13.1125002,1.0,,17.31,0.0,13.2,40.0031242,,40.0031242,0.0,154.800003,0.0
2025-10-17 08:16:50+00:00,2025-10-17 08:16:50,41.03999963333333,48.0,46.0,38.0,38.0,11.712071185561788,304.0,BO_O2_RULE,"제어매트릭스 규칙 적용: NOX_LOW (3단계 롤백, 4단계에서 Hz 변화 없음)",44.8987503,7.5078125,1089.0,949.575012,13.1125002,1.0,,17.31,0.0,13.2,39.5906258,,39.5906258,0.0,154.725006,0.0
2025-10-17 08:16:51+00:00,2025-10-17 08:16:51,,,,,,,,,,44.5800018,7.5562501,1088.77502,949.575012,13.1125002,1.0,,17.31,0.0,13.2,39.0750008,,39.0750008,0.0,154.725006,0.0
2025-10-17 08:16:52+00:00,2025-10-17 08:16:52,,,,,,,,,,43.9012489,7.6031251,1088.47498,949.724976,13.1125002,1.0,,17.31,0.0,13.2,38.859375,,38.859375,0.0,156.0,0.0
2025-10-17 08:16:53+00:00,2025-10-17 08:16:53,,,,,,,,,,43.8487511,7.6031251,1088.25,949.724976,13.1125002,1.0,,17.31,0.0,13.2,38.5875015,,38.5875015,0.0,156.225006,0.0
2025-10-17 08:16:54+00:00,2025-10-17 08:16:54,,,,,,,,,,43.8899994,7.65312481,1088.02502,949.799988,13.1125002,1.0,,17.31,0.0,13.2,38.25,,38.25,0.0,156.149994,0.0
2025-10-17 08:16:55+00:00,2025-10-17 08:16:55,46.0,48.0,46.0,46.0,46.0,12.036773574605599,205.0,BO_O2,"O2 규칙 적용: 7.2% (7.0% < O2 ≤ 8.0%) (2단계 롤백, 3~4단계에서 Hz 변화 없음)",43.8412514,7.65312481,1087.80005,949.875,13.1125002,1.0,,17.31,0.0,13.2,37.96875,,37.96875,0.0,156.225006,0.0
2025-10-17 08:16:56+00:00,2025-10-17 08:16:56,,,,,,,,,,43.8487511,7.69843769,1087.57495,949.950012,13.1125002,1.0,,17.31,0.0,13.14,37.3499985,,37.3499985,0.0,156.225006,0.0
2025-10-17 08:16:57+00:00,2025-10-17 08:16:57,,,,,,,,,,43.8637505,7.73906231,1087.42505,950.025024,13.1125002,1.0,,17.31,0.0,13.14,37.078125,,37.078125,0.0,156.225006,0.0
2025-10-17 08:16:58+00:00,2025-10-17 08:16:58,,,,,,,,,,43.8525009,7.73906231,1087.27502,950.099976,13.1125002,1.0,,17.31,0.0,13.14,36.796875,,36.796875,0.0,156.225006,0.0
2025-10-17 08:16:59+00:00,2025-10-17 08:16:59,,,,,,,,,,43.8450012,7.7796874,1087.05005,950.174988,13.0375004,1.0,,17.31,0.0,13.14,36.6187515,,36.6187515,0.0,156.225006,0.0
2025-10-17 08:17:00+00:00,2025-10-17 08:17:00,41.03999963333333,48.0,46.0,38.0,38.0,11.962011889137115,304.0,BO_O2_RULE,"제어매트릭스 규칙 적용: NOX_LOW (3단계 롤백, 4단계에서 Hz 변화 없음)",43.8675003,7.8218751,1086.90002,950.25,13.0249996,1.0,,17.31,0.0,13.14,36.6187515,,36.6187515,0.0,156.225006,0.0
2025-10-17 08:17:01+00:00,2025-10-17 08:17:01,,,,,,,,,,43.8974991,7.8218751,1086.75,950.25,13.0249996,1.0,,17.31,0.0,13.14,36.609375,,36.609375,0.0,156.225006,0.0
2025-10-17 08:17:02+00:00,2025-10-17 08:17:02,,,,,,,,,,43.8450012,7.859375,1086.67505,950.325012,13.0249996,1.0,,17.31,0.0,13.14,36.6187515,,36.6187515,0.0,156.149994,0.0
2025-10-17 08:17:03+00:00,2025-10-17 08:17:03,,,,,,,,,,43.8450012,7.859375,1086.67505,950.325012,13.0249996,1.0,,17.31,0.0,13.14,36.6187515,,36.6187515,0.0,156.149994,0.0
2025-10-17 08:17:04+00:00,2025-10-17 08:17:04,,,,,,,,,,43.8675003,7.8828125,1086.59998,950.325012,13.0375004,1.0,,17.31,0.0,13.14,36.6187515,,36.6187515,0.0,156.225006,0.0
2025-10-17 08:17:05+00:00,2025-10-17 08:17:05,39.012250519999995,43.0,43.0,38.0,38.0,11.762766861410233,304.0,BO_O2_RULE,"제어매트릭스 규칙 적용: NOX_LOW (3단계 롤백, 4단계에서 Hz 변화 없음)",43.8450012,7.8828125,1086.375,950.400024,13.1125002,1.0,,17.31,0.0,13.14,36.609375,,36.609375,0.0,156.225006,0.0
2025-10-17 08:17:06+00:00,2025-10-17 08:17:06,,,,,,,,,,43.8525009,7.8890624,1086.30005,950.474976,13.1125002,1.0,,17.31,0.0,13.07,36.6187515,,36.6187515,0.0,156.225006,0.0
2025-10-17 08:17:07+00:00,2025-10-17 08:17:07,,,,,,,,,,43.8525009,7.8890624,1086.15002,950.474976,13.1125002,1.0,,17.31,0.0,13.07,36.6187515,,36.6187515,0.0,156.225006,0.0
2025-10-17 08:17:08+00:00,2025-10-17 08:17:08,,,,,,,,,,43.8675003,7.87812519,1086.0,950.549988,13.1125002,1.0,,17.31,0.0,13.07,36.6187515,,36.6187515,0.0,156.225006,0.0
2025-10-17 08:17:09+00:00,2025-10-17 08:17:09,,,,,,,,,,43.8450012,7.86406231,1085.84998,950.625,13.1125002,1.0,,17.31,0.0,13.07,36.609375,,36.609375,0.0,156.225006,0.0
2025-10-17 08:17:10+00:00,2025-10-17 08:17:10,43.0,43.0,43.0,43.0,43.0,13.064996633807558,100.0,BO_ONLY,"BO 모델 결과만 사용 (1단계 롤백, 2~4단계에서 Hz 변화 없음)",43.8412514,7.86406231,1085.84998,950.625,13.2749996,1.0,,17.31,0.0,13.07,36.6187515,,36.6187515,0.0,156.149994,0.0
2025-10-17 08:17:11+00:00,2025-10-17 08:17:11,,,,,,,,,,43.8675003,7.84843731,1085.625,950.700012,13.2749996,1.0,,17.31,0.0,13.07,36.6187515,,36.6187515,0.0,156.149994,0.0
2025-10-17 08:17:12+00:00,2025-10-17 08:17:12,,,,,,,,,,43.8487511,7.83281231,1085.55005,950.700012,13.2749996,1.0,,17.31,0.0,13.07,36.6187515,,36.6187515,0.0,156.225006,0.0
2025-10-17 08:17:13+00:00,2025-10-17 08:17:13,,,,,,,,,,43.8412514,7.83281231,1085.40002,950.775024,13.2749996,1.0,,17.31,0.0,13.07,36.609375,,36.609375,0.0,156.225006,0.0
2025-10-17 08:17:14+00:00,2025-10-17 08:17:14,,,,,,,,,,43.8450012,7.8062501,1085.32495,950.849976,13.2875004,1.0,,17.31,0.0,13.07,36.6187515,,36.6187515,0.0,156.225006,0.0
2025-10-17 08:17:15+00:00,2025-10-17 08:17:15,43.0,43.0,43.0,43.0,43.0,13.421126564711077,100.0,BO_ONLY,"BO 모델 결과만 사용 (1단계 롤백, 2~4단계에서 Hz 변화 없음)",43.8525009,7.8062501,1085.32495,950.849976,13.5375004,1.0,,17.31,0.0,13.07,36.6187515,,36.6187515,0.0,156.149994,0.0
2025-10-17 08:17:16+00:00,2025-10-17 08:17:16,,,,,,,,,,43.8412514,7.76875019,1085.25,950.924988,13.5375004,1.0,,17.31,0.0,13.33,36.6187515,,36.6187515,0.0,156.225006,0.0
2025-10-17 08:17:17+00:00,2025-10-17 08:17:17,,,,,,,,,,43.8412514,7.71875,1085.17505,950.924988,13.5375004,1.0,,17.31,0.0,13.33,36.6187515,,36.6187515,0.0,156.225006,0.0
2025-10-17 08:17:18+00:00,2025-10-17 08:17:18,,,,,,,,,,43.8412514,7.71875,1085.17505,951.0,13.5375004,1.0,,17.31,0.0,13.33,36.6187515,,36.6187515,0.0,156.225006,0.0
2025-10-17 08:17:19+00:00,2025-10-17 08:17:19,,,,,,,,,,43.8637505,7.6656251,1085.09998,951.0,13.5375004,1.0,,17.31,0.0,13.33,36.6187515,,36.6187515,0.0,156.149994,0.0
2025-10-17 08:17:20+00:00,2025-10-17 08:17:20,43.0,43.0,43.0,43.0,43.0,14.633307568960625,100.0,BO_ONLY,"BO 모델 결과만 사용 (1단계 롤백, 2~4단계에서 Hz 변화 없음)",43.8487511,7.61406231,1085.02502,951.075012,13.9499998,1.0,,17.31,0.0,13.33,36.6187515,,36.6187515,0.0,156.225006,0.0
2025-10-17 08:17:21+00:00,2025-10-17 08:17:21,,,,,,,,,,43.8487511,7.61406231,1084.94995,951.150024,13.9499998,1.0,,17.31,0.0,13.33,36.609375,,36.609375,0.0,156.225006,0.0
2025-10-17 08:17:22+00:00,2025-10-17 08:17:22,,,,,,,,,,43.8525009,7.5687499,1084.80005,951.150024,13.9499998,1.0,,17.31,0.0,13.33,36.6187515,,36.6187515,0.0,156.225006,0.0
2025-10-17 08:17:23+00:00,2025-10-17 08:17:23,,,,,,,,,,43.8450012,7.5687499,1084.65002,951.150024,13.9624996,1.0,,17.31,0.0,13.33,36.6187515,,36.6187515,0.0,156.149994,0.0
2025-10-17 08:17:24+00:00,2025-10-17 08:17:24,,,,,,,,,,43.8562508,7.5250001,1084.57495,951.150024,13.9624996,1.0,,17.31,0.0,13.33,36.6187515,,36.6187515,0.0,156.225006,0.0
2025-10-17 08:17:25+00:00,2025-10-17 08:17:25,43.0,43.0,43.0,43.0,43.0,14.206520353850014,100.0,BO_ONLY,"BO 모델 결과만 사용 (1단계 롤백, 2~4단계에서 Hz 변화 없음)",43.8562508,7.4781251,1084.34998,951.224976,14.2124996,1.0,,17.31,0.0,13.33,36.6187515,,36.6187515,0.0,156.149994,0.0
2025-10-17 08:17:26+00:00,2025-10-17 08:17:26,,,,,,,,,,43.8450012,7.4781251,1084.125,951.224976,14.2124996,1.0,,17.31,0.0,13.95,36.6187515,,36.6187515,0.0,156.225006,0.0
2025-10-17 08:17:27+00:00,2025-10-17 08:17:27,,,,,,,,,,43.8562508,7.4375,1084.05005,951.224976,14.2124996,1.0,,17.31,0.0,13.95,36.6187515,,36.6187515,0.0,156.149994,0.0
2025-10-17 08:17:28+00:00,2025-10-17 08:17:28,,,,,,,,,,43.8450012,7.4124999,1083.90002,951.224976,14.2124996,1.0,,17.31,0.0,13.95,36.6187515,,36.6187515,0.0,156.225006,0.0
2025-10-17 08:17:29+00:00,2025-10-17 08:17:29,,,,,,,,,,43.8562508,7.4124999,1083.75,951.299988,14.2124996,1.0,,17.31,0.0,13.95,36.6187515,,36.6187515,0.0,156.225006,0.0
2025-10-17 08:17:30+00:00,2025-10-17 08:17:30,43.0,43.0,43.0,43.0,43.0,15.177408421228229,100.0,BO_ONLY,"BO 모델 결과만 사용 (1단계 롤백, 2~4단계에서 Hz 변화 없음)",43.8375015,7.4000001,1083.67505,951.299988,14.3000002,1.0,,17.31,0.0,13.95,36.6187515,,36.6187515,0.0,156.225006,0.0
2025-10-17 08:17:31+00:00,2025-10-17 08:17:31,,,,,,,,,,43.8412514,7.4000001,1083.44995,951.299988,14.3000002,1.0,,17.31,0.0,13.95,36.6187515,,36.6187515,0.0,156.149994,0.0
2025-10-17 08:17:32+00:00,2025-10-17 08:17:32,,,,,,,,,,43.8450012,7.39531231,1083.375,951.299988,14.2875004,1.0,,17.31,0.0,13.95,36.6187515,,36.6187515,0.0,156.225006,0.0
2025-10-17 08:17:33+00:00,2025-10-17 08:17:33,,,,,,,,,,43.8450012,7.39531231,1083.15002,951.299988,14.3000002,1.0,,17.31,0.0,13.95,36.6187515,,36.6187515,0.0,156.225006,0.0
2025-10-17 08:17:34+00:00,2025-10-17 08:17:34,,,,,,,,,,43.8862495,7.39531231,1082.92505,951.299988,14.2875004,1.0,,17.31,0.0,13.95,36.6187515,,36.6187515,0.0,156.149994,0.0
2025-10-17 08:17:35+00:00,2025-10-17 08:17:35,43.0,43.0,43.0,43.0,43.0,15.271670658124057,100.0,BO_ONLY,"BO 모델 결과만 사용 (1단계 롤백, 2~4단계에서 Hz 변화 없음)",43.8412514,7.3968749,1082.77502,951.299988,14.6499996,1.0,,17.31,0.0,13.95,36.6187515,,36.6187515,0.0,156.149994,0.0
2025-10-17 08:17:36+00:00,2025-10-17 08:17:36,,,,,,,,,,43.8637505,7.3984375,1082.47498,951.299988,14.6499996,1.0,,17.31,0.0,14.36,36.6187515,,36.6187515,0.0,156.225006,0.0
2025-10-17 08:17:37+00:00,2025-10-17 08:17:37,,,,,,,,,,43.8525009,7.3984375,1082.25,951.299988,14.6499996,1.0,,17.31,0.0,14.36,36.6187515,,36.6187515,0.0,156.225006,0.0
2025-10-17 08:17:38+00:00,2025-10-17 08:17:38,,,,,,,,,,43.8525009,7.40312481,1081.94995,951.224976,14.6499996,1.0,,17.31,0.0,14.36,36.6187515,,36.6187515,0.0,156.225006,0.0
2025-10-17 08:17:39+00:00,2025-10-17 08:17:39,,,,,,,,,,43.8487511,7.40312481,1081.72498,951.224976,14.6499996,1.0,,17.31,0.0,14.36,36.6187515,,36.6187515,0.0,156.149994,0.0
2025-10-17 08:17:40+00:00,2025-10-17 08:17:40,43.0,43.0,43.0,43.0,43.0,15.109795236116458,100.0,BO_ONLY,"BO 모델 결과만 사용 (1단계 롤백, 2~4단계에서 Hz 변화 없음)",43.8450012,7.4203124,1081.42505,951.224976,14.8999996,1.0,,17.31,0.0,14.36,36.6187515,,36.6187515,0.0,156.225006,0.0
2025-10-17 08:17:41+00:00,2025-10-17 08:17:41,,,,,,,,,,43.8450012,7.4468751,1081.19995,951.224976,14.8999996,1.0,,17.31,0.0,14.36,36.6187515,,36.6187515,0.0,156.225006,0.0
2025-10-17 08:17:42+00:00,2025-10-17 08:17:42,,,,,,,,,,43.8450012,7.4468751,1080.82495,951.150024,14.8999996,1.0,,17.31,0.0,14.36,36.6187515,,36.6187515,0.0,156.225006,0.0
2025-10-17 08:17:43+00:00,2025-10-17 08:17:43,,,,,,,,,,43.8637505,7.47343731,1080.59998,951.150024,14.8999996,1.0,,17.31,0.0,14.36,36.6187515,,36.6187515,0.0,156.149994,0.0
2025-10-17 08:17:44+00:00,2025-10-17 08:17:44,,,,,,,,,,43.8600006,7.5015626,1080.30005,951.150024,14.8999996,1.0,,17.31,0.0,14.36,36.6187515,,36.6187515,0.0,156.225006,0.0
2025-10-17 08:17:45+00:00,2025-10-17 08:17:45,43.0,43.0,43.0,43.0,43.0,15.00575669207766,100.0,BO_ONLY,"BO 모델 결과만 사용 (1단계 롤백, 2~4단계에서 Hz 변화 없음)",43.8450012,7.5015626,1080.15002,951.150024,15.2250004,1.0,,17.31,0.0,14.36,36.609375,,36.609375,0.0,156.225006,0.0
2025-10-17 08:17:46+00:00,2025-10-17 08:17:46,,,,,,,,,,43.8487511,7.5296874,1079.77502,951.150024,15.2375002,1.0,,17.31,0.0,14.93,36.6187515,,36.6187515,0.0,156.149994,0.0
2025-10-17 08:17:47+00:00,2025-10-17 08:17:47,,,,,,,,,,42.9375,7.5609374,1079.625,951.075012,15.2375002,1.0,,17.31,0.0,14.93,36.6187515,,36.6187515,0.0,156.225006,0.0
2025-10-17 08:17:48+00:00,2025-10-17 08:17:48,,,,,,,,,,42.84375,7.5609374,1079.32495,951.075012,15.2250004,1.0,,17.31,0.0,14.93,36.6187515,,36.6187515,0.0,156.225006,0.0
2025-10-17 08:17:49+00:00,2025-10-17 08:17:49,,,,,,,,,,42.8362503,7.5921874,1079.09998,951.0,15.2375002,1.0,,17.31,0.0,14.93,36.4312515,,36.4312515,0.0,156.149994,0.0
2025-10-17 08:17:50+00:00,2025-10-17 08:17:50,46.0,48.0,46.0,46.0,46.0,15.354003207850635,205.0,BO_O2,"O2 규칙 적용: 7.5% (7.0% < O2 ≤ 8.0%) (2단계 롤백, 3~4단계에서 Hz 변화 없음)",42.8287506,7.5921874,1078.80005,951.0,15.4875002,1.0,,17.31,0.0,14.93,36.2625008,,36.2625008,0.0,156.225006,0.0
2025-10-17 08:17:51+00:00,2025-10-17 08:17:51,,,,,,,,,,42.8325005,7.61406231,1078.57495,951.0,15.4875002,1.0,,17.31,0.0,14.93,35.8781242,,35.8781242,0.0,156.149994,0.0
2025-10-17 08:17:52+00:00,2025-10-17 08:17:52,,,,,,,,,,42.84375,7.62187481,1078.27502,950.924988,15.4875002,1.0,,17.31,0.0,14.93,35.4187508,,35.4187508,0.0,156.225006,0.0
2025-10-17 08:17:53+00:00,2025-10-17 08:17:53,,,,,,,,,,42.8400002,7.62187481,1078.05005,950.924988,15.4875002,1.0,,17.31,0.0,14.93,35.109375,,35.109375,0.0,156.225006,0.0
2025-10-17 08:17:54+00:00,2025-10-17 08:17:54,,,,,,,,,,42.8400002,7.62187481,1077.67505,950.924988,15.4875002,1.0,,17.31,0.0,14.93,35.0999985,,35.0999985,0.0,156.225006,0.0
2025-10-17 08:17:55+00:00,2025-10-17 08:17:55,46.0,48.0,46.0,46.0,46.0,15.34979775629083,205.0,BO_O2,"O2 규칙 적용: 7.6% (7.0% < O2 ≤ 8.0%) (2단계 롤백, 3~4단계에서 Hz 변화 없음)",42.8325005,7.6156249,1077.375,950.924988,15.7375002,1.0,,17.31,0.0,14.93,34.9312515,,34.9312515,0.0,156.149994,0.0
2025-10-17 08:17:56+00:00,2025-10-17 08:17:56,,,,,,,,,,42.8287506,7.6156249,1077.07495,950.924988,15.7375002,1.0,,17.31,0.0,15.48,34.9312515,,34.9312515,0.0,156.149994,0.0
2025-10-17 08:17:57+00:00,2025-10-17 08:17:57,,,,,,,,,,42.8287506,7.60468769,1076.84998,950.849976,15.7375002,1.0,,17.31,0.0,15.48,34.7625008,38.0,34.7625008,0.0,156.225006,0.0
2025-10-17 08:17:58+00:00,2025-10-17 08:17:58,,,,,,,,,,42.8325005,7.60468769,1076.47498,950.849976,15.7375002,1.0,,17.31,0.0,15.48,34.7437515,,34.7437515,0.0,156.149994,0.0
2025-10-17 08:17:59+00:00,2025-10-17 08:17:59,,,,,,,,,,42.8400002,7.5859375,1076.25,950.849976,15.7250004,1.0,,17.31,0.0,15.48,34.7437515,,34.7437515,0.0,156.149994,0.0
2025-10-17 08:18:00+00:00,2025-10-17 08:18:00,46.0,48.0,46.0,46.0,46.0,15.520340225398048,205.0,BO_O2,"O2 규칙 적용: 7.6% (7.0% < O2 ≤ 8.0%) (2단계 롤백, 3~4단계에서 Hz 변화 없음)",42.8362503,7.5625,1075.94995,950.775024,15.8125,1.0,,17.31,0.0,15.48,34.7437515,,34.7437515,0.0,156.225006,0.0
2025-10-17 08:18:01+00:00,2025-10-17 08:18:01,,,,,,,,,,42.8325005,7.5625,1075.72498,950.700012,15.8125,1.0,,17.31,0.0,15.48,34.734375,,34.734375,0.0,156.149994,0.0
2025-10-17 08:18:02+00:00,2025-10-17 08:18:02,,,,,,,,,,42.8362503,7.53593731,1075.42505,950.700012,15.8125,1.0,,17.31,0.0,15.48,34.7437515,,34.7437515,0.0,156.225006,0.0
2025-10-17 08:18:03+00:00,2025-10-17 08:18:03,,,,,,,,,,42.8287506,7.53593731,1075.19995,950.700012,15.8249998,1.0,,17.31,0.0,15.48,34.7437515,,34.7437515,0.0,156.149994,0.0
2025-10-17 08:18:04+00:00,2025-10-17 08:18:04,,,,,,,,,,42.8362503,7.51875019,1074.90002,950.700012,15.8249998,1.0,,17.31,0.0,15.48,34.7437515,,34.7437515,0.0,156.149994,0.0
2025-10-17 08:18:05+00:00,2025-10-17 08:18:05,46.0,48.0,46.0,46.0,46.0,14.976785628868623,205.0,BO_O2,"O2 규칙 적용: 7.5% (7.0% < O2 ≤ 8.0%) (2단계 롤백, 3~4단계에서 Hz 변화 없음)",42.8400002,7.5140624,1074.67505,950.700012,15.8249998,1.0,,17.31,0.0,15.48,34.734375,,34.734375,0.0,156.225006,0.0
2025-10-17 08:18:06+00:00,2025-10-17 08:18:06,,,,,,,,,,42.8325005,7.5140624,1074.44995,950.700012,15.8249998,1.0,,17.31,0.0,15.81,34.7437515,,34.7437515,0.0,156.225006,0.0
2025-10-17 08:18:07+00:00,2025-10-17 08:18:07,,,,,,,,,,43.4850006,7.5140624,1074.30005,950.625,15.8249998,1.0,,17.31,0.0,15.81,34.7437515,,34.7437515,0.0,156.149994,0.0
2025-10-17 08:18:08+00:00,2025-10-17 08:18:08,,,,,,,,,,46.7700005,7.5171876,1074.07495,950.625,15.8125,1.0,,17.31,0.0,15.81,34.7437515,,34.7437515,0.0,156.149994,0.0
2025-10-17 08:18:09+00:00,2025-10-17 08:18:09,,,,,,,,,,46.9425011,7.5171876,1074.0,950.625,15.8125,1.0,,17.31,0.0,15.81,34.734375,,34.734375,0.0,156.225006,0.0
2025-10-17 08:18:10+00:00,2025-10-17 08:18:10,46.0,48.0,46.0,46.0,46.0,14.991065435467295,205.0,BO_O2,"O2 규칙 적용: 7.5% (7.0% < O2 ≤ 8.0%) (2단계 롤백, 3~4단계에서 Hz 변화 없음)",46.9425011,7.52031231,1073.84998,950.625,15.8249998,1.0,,17.31,0.0,15.81,35.1468735,,35.1468735,0.0,156.225006,0.0
2025-10-17 08:18:11+00:00,2025-10-17 08:18:11,,,,,,,,,,46.9500008,7.52031231,1073.69995,950.625,15.8125,1.0,,17.31,0.0,15.81,36.65625,,36.65625,0.0,156.225006,0.0
2025-10-17 08:18:12+00:00,2025-10-17 08:18:12,,,,,,,,,,46.9537506,7.53125,1073.55005,950.549988,15.8125,1.0,,17.31,0.0,15.81,38.15625,38.0,38.15625,0.0,154.725006,0.0
2025-10-17 08:18:13+00:00,2025-10-17 08:18:13,,,,,,,,,,46.9425011,7.5546875,1073.40002,950.549988,15.8249998,1.0,,17.31,0.0,15.81,39.6656265,,39.6656265,0.0,154.800003,0.0
2025-10-17 08:18:14+00:00,2025-10-17 08:18:14,,,,,,,,,,46.9537506,7.5546875,1073.17505,950.549988,15.8125,1.0,,17.31,0.0,15.81,40.40625,,40.40625,0.0,154.725006,0.0
2025-10-17 08:18:15+00:00,2025-10-17 08:18:15,46.0,48.0,46.0,46.0,46.0,14.079483779299451,205.0,BO_O2,"O2 규칙 적용: 7.5% (7.0% < O2 ≤ 8.0%) (2단계 롤백, 3~4단계에서 Hz 변화 없음)",46.9500008,7.5953126,1073.02502,950.474976,15.8125,1.0,,17.31,0.0,15.81,40.9874992,,40.9874992,0.0,153.300003,0.0
2025-10-17 08:18:16+00:00,2025-10-17 08:18:16,,,,,,,,,,46.9462509,7.6468749,1072.875,950.474976,15.8249998,1.0,,17.31,0.0,15.84,41.203125,,41.203125,0.0,153.300003,0.0
2025-10-17 08:18:17+00:00,2025-10-17 08:18:17,,,,,,,,,,46.9425011,7.6468749,1072.80005,950.474976,15.8249998,1.0,,17.31,0.0,15.84,41.4562492,,41.4562492,0.0,153.300003,0.0
2025-10-17 08:18:18+00:00,2025-10-17 08:18:18,,,,,,,,,,46.9425011,7.6875,1072.65002,950.474976,15.8249998,1.0,,17.31,0.0,15.84,41.6437492,,41.6437492,0.0,153.300003,0.0
2025-10-17 08:18:19+00:00,2025-10-17 08:18:19,,,,,,,,,,46.9425011,7.6875,1072.57495,950.474976,15.8125,1.0,,17.31,0.0,15.84,41.6437492,,41.6437492,0.0,153.300003,0.0
2025-10-17 08:18:20+00:00,2025-10-17 08:18:20,46.0,48.0,46.0,46.0,46.0,13.76703495582534,205.0,BO_O2,"O2 규칙 적용: 7.6% (7.0% < O2 ≤ 8.0%) (2단계 롤백, 3~4단계에서 Hz 변화 없음)",46.9500008,7.703125,1072.42505,950.400024,15.7375002,1.0,,17.31,0.0,15.84,41.6437492,,41.6437492,0.0,153.225006,0.0
2025-10-17 08:18:21+00:00,2025-10-17 08:18:21,,,,,,,,,,46.9500008,7.69999981,1072.34998,950.400024,15.7375002,1.0,,17.31,0.0,15.84,41.8218765,,41.8218765,0.0,153.300003,0.0
2025-10-17 08:18:22+00:00,2025-10-17 08:18:22,,,,,,,,,,46.9500008,7.69999981,1072.19995,950.325012,15.7375002,1.0,,17.31,0.0,15.84,41.8218765,,41.8218765,0.0,153.300003,0.0
2025-10-17 08:18:23+00:00,2025-10-17 08:18:23,,,,,,,,,,46.9724998,7.6890626,1072.125,950.325012,15.7375002,1.0,,17.31,0.0,15.84,41.8218765,,41.8218765,0.0,153.300003,0.0
2025-10-17 08:18:24+00:00,2025-10-17 08:18:24,,,,,,,,,,46.9387512,7.671875,1072.05005,950.325012,15.7375002,1.0,,17.31,0.0,15.84,41.8312492,,41.8312492,0.0,153.300003,0.0
2025-10-17 08:18:25+00:00,2025-10-17 08:18:25,46.0,48.0,46.0,46.0,46.0,13.48018397703974,205.0,BO_O2,"O2 규칙 적용: 7.7% (7.0% < O2 ≤ 8.0%) (2단계 롤백, 3~4단계에서 Hz 변화 없음)",46.9425011,7.671875,1071.97498,950.25,15.7375002,1.0,,17.31,0.0,15.84,41.8312492,,41.8312492,0.0,153.300003,0.0
2025-10-17 08:18:26+00:00,2025-10-17 08:18:26,,,,,,,,,,46.9462509,7.6500001,1072.05005,950.25,15.7375002,1.0,,17.31,0.0,15.74,41.8218765,,41.8218765,0.0,153.300003,0.0
2025-10-17 08:18:27+00:00,2025-10-17 08:18:27,,,,,,,,,,46.9500008,7.6500001,1072.125,950.25,15.7375002,1.0,,17.31,0.0,15.74,41.8218765,38.0,41.8218765,0.0,153.300003,0.0
2025-10-17 08:18:28+00:00,2025-10-17 08:18:28,,,,,,,,,,46.9387512,7.6171875,1072.19995,950.174988,15.7375002,1.0,,17.31,0.0,15.74,41.8312492,,41.8312492,0.0,153.300003,0.0
2025-10-17 08:18:29+00:00,2025-10-17 08:18:29,,,,,,,,,,46.9387512,7.578125,1072.19995,950.174988,15.7375002,1.0,,17.31,0.0,15.74,41.8312492,,41.8312492,0.0,154.199997,0.0
2025-10-17 08:18:30+00:00,2025-10-17 08:18:30,46.0,48.0,46.0,46.0,46.0,13.893811107457381,205.0,BO_O2,"O2 규칙 적용: 7.7% (7.0% < O2 ≤ 8.0%) (2단계 롤백, 3~4단계에서 Hz 변화 없음)",46.9575005,7.578125,1072.34998,950.174988,15.7375002,1.0,,17.31,0.0,15.74,41.8218765,,41.8218765,0.0,154.725006,0.0
2025-10-17 08:18:31+00:00,2025-10-17 08:18:31,,,,,,,,,,46.9350014,7.53593731,1072.42505,950.174988,15.7375002,1.0,,17.31,0.0,15.74,41.8312492,,41.8312492,0.0,154.725006,0.0
2025-10-17 08:18:32+00:00,2025-10-17 08:18:32,,,,,,,,,,46.9500008,7.49531269,1072.42505,950.099976,15.7375002,1.0,,17.31,0.0,15.74,41.8312492,,41.8312492,0.0,154.725006,0.0
2025-10-17 08:18:33+00:00,2025-10-17 08:18:33,,,,,,,,,,46.9425011,7.49531269,1072.42505,950.099976,15.7375002,1.0,,17.31,0.0,15.74,41.8218765,,41.8218765,0.0,154.800003,0.0
2025-10-17 08:18:34+00:00,2025-10-17 08:18:34,,,,,,,,,,46.9462509,7.45781231,1072.34998,950.025024,15.7375002,1.0,,17.31,0.0,15.74,41.8312492,,41.8312492,0.0,154.800003,0.0
2025-10-17 08:18:35+00:00,2025-10-17 08:18:35,46.0,48.0,46.0,46.0,46.0,13.927855235335741,205.0,BO_O2,"O2 규칙 적용: 7.6% (7.0% < O2 ≤ 8.0%) (2단계 롤백, 3~4단계에서 Hz 변화 없음)",46.9537506,7.45781231,1072.27502,950.025024,15.7375002,1.0,,17.31,0.0,15.74,41.8218765,,41.8218765,0.0,154.800003,0.0
2025-10-17 08:18:36+00:00,2025-10-17 08:18:36,,,,,,,,,,46.9350014,7.41874981,1072.19995,949.950012,15.7375002,1.0,,17.31,0.0,15.79,41.8218765,,41.8218765,0.0,154.725006,0.0
2025-10-17 08:18:37+00:00,2025-10-17 08:18:37,,,,,,,,,,46.9500008,7.3843751,1072.19995,949.950012,15.7375002,1.0,,17.31,0.0,15.79,41.8312492,,41.8312492,0.0,154.725006,0.0
2025-10-17 08:18:38+00:00,2025-10-17 08:18:38,,,,,,,,,,46.9500008,7.3843751,1072.125,949.875,15.7375002,1.0,,17.31,0.0,15.79,41.8218765,,41.8218765,0.0,154.725006,0.0
2025-10-17 08:18:39+00:00,2025-10-17 08:18:39,,,,,,,,,,46.9462509,7.359375,1072.05005,949.875,15.7375002,1.0,,17.31,0.0,15.79,41.8218765,,41.8218765,0.0,154.800003,0.0
2025-10-17 08:18:40+00:00,2025-10-17 08:18:40,46.0,48.0,46.0,46.0,46.0,13.869896850199021,205.0,BO_O2,"O2 규칙 적용: 7.4% (7.0% < O2 ≤ 8.0%) (2단계 롤백, 3~4단계에서 Hz 변화 없음)",46.9500008,7.34375,1071.90002,949.799988,15.7375002,1.0,,17.31,0.0,15.79,41.8312492,,41.8312492,0.0,154.725006,0.0
2025-10-17 08:18:41+00:00,2025-10-17 08:18:41,,,,,,,,,,46.9462509,7.34375,1071.82495,949.799988,15.7375002,1.0,,17.31,0.0,15.79,41.8312492,,41.8312492,0.0,154.725006,0.0
2025-10-17 08:18:42+00:00,2025-10-17 08:18:42,,,,,,,,,,46.9500008,7.34062481,1071.59998,949.724976,15.7375002,1.0,,17.31,0.0,15.79,41.8218765,,41.8218765,0.0,154.800003,0.0
2025-10-17 08:18:43+00:00,2025-10-17 08:18:43,,,,,,,,,,46.9537506,7.34062481,1071.44995,949.724976,15.7375002,1.0,,17.31,0.0,15.79,41.8218765,38.0,41.8218765,0.0,154.800003,0.0
2025-10-17 08:18:44+00:00,2025-10-17 08:18:44,,,,,,,,,,46.9537506,7.3421874,1071.22498,949.650024,15.7375002,1.0,,17.31,0.0,15.79,41.8218765,,41.8218765,0.0,154.725006,0.0
2025-10-17 08:18:45+00:00,2025-10-17 08:18:45,46.0,48.0,46.0,46.0,46.0,13.906394226392255,205.0,BO_O2,"O2 규칙 적용: 7.3% (7.0% < O2 ≤ 8.0%) (2단계 롤백, 3~4단계에서 Hz 변화 없음)",46.9724998,7.34843731,1071.0,949.575012,15.6499996,1.0,,17.31,0.0,15.79,41.8312492,,41.8312492,0.0,154.725006,0.0
2025-10-17 08:18:46+00:00,2025-10-17 08:18:46,,,,,,,,,,46.9500008,7.34843731,1070.625,949.5,15.6499996,1.0,,17.31,0.0,15.74,41.8312492,,41.8312492,0.0,154.800003,0.0
2025-10-17 08:18:47+00:00,2025-10-17 08:18:47,,,,,,,,,,46.9387512,7.3578124,1070.40002,949.5,15.6499996,1.0,,17.31,0.0,15.74,41.8312492,,41.8312492,0.0,154.725006,0.0
2025-10-17 08:18:48+00:00,2025-10-17 08:18:48,,,,,,,,,,46.9500008,7.37968731,1070.02502,949.424988,15.6499996,1.0,,17.31,0.0,15.74,41.8312492,,41.8312492,0.0,154.725006,0.0
2025-10-17 08:18:49+00:00,2025-10-17 08:18:49,,,,,,,,,,46.9500008,7.37968731,1069.72498,949.424988,15.6499996,1.0,,17.31,0.0,15.74,41.8312492,,41.8312492,0.0,154.800003,0.0
2025-10-17 08:18:50+00:00,2025-10-17 08:18:50,46.0,48.0,46.0,46.0,46.0,13.741480109791656,205.0,BO_O2,"O2 규칙 적용: 7.4% (7.0% < O2 ≤ 8.0%) (2단계 롤백, 3~4단계에서 Hz 변화 없음)",46.9462509,7.4124999,1069.27502,949.349976,15.6499996,1.0,,17.31,0.0,15.74,41.8312492,,41.8312492,0.0,154.800003,0.0
2025-10-17 08:18:51+00:00,2025-10-17 08:18:51,,,,,,,,,,46.9575005,7.4124999,1068.97498,949.275024,15.6499996,1.0,,17.31,0.0,15.74,41.8218765,,41.8218765,0.0,154.725006,0.0
2025-10-17 08:18:52+00:00,2025-10-17 08:18:52,,,,,,,,,,46.9462509,7.4609375,1068.52502,949.200012,15.6499996,1.0,,17.31,0.0,15.74,41.8312492,,41.8312492,0.0,154.800003,0.0
2025-10-17 08:18:53+00:00,2025-10-17 08:18:53,,,,,,,,,,46.9425011,7.52656269,1068.15002,949.200012,15.6625004,1.0,,17.31,0.0,15.74,41.8312492,,41.8312492,0.0,154.725006,0.0
2025-10-17 08:18:54+00:00,2025-10-17 08:18:54,,,,,,,,,,46.9462509,7.52656269,1067.55005,949.125,15.6499996,1.0,,17.31,0.0,15.74,41.8312492,,41.8312492,0.0,154.800003,0.0
2025-10-17 08:18:55+00:00,2025-10-17 08:18:55,46.0,48.0,46.0,46.0,46.0,13.733862165512512,205.0,BO_O2,"O2 규칙 적용: 7.4% (7.0% < O2 ≤ 8.0%) (2단계 롤백, 3~4단계에서 Hz 변화 없음)",46.9387512,7.60624981,1067.17505,949.049988,15.7375002,1.0,,17.31,0.0,15.74,41.8312492,,41.8312492,0.0,154.725006,0.0
2025-10-17 08:18:56+00:00,2025-10-17 08:18:56,,,,,,,,,,46.9425011,7.6968751,1066.57495,948.974976,15.7375002,1.0,,17.31,0.0,15.67,41.8312492,38.0,41.8312492,0.0,154.725006,0.0
2025-10-17 08:18:57+00:00,2025-10-17 08:18:57,,,,,,,,,,46.9387512,7.6968751,1066.19995,948.974976,15.7375002,1.0,,17.31,0.0,15.67,41.8312492,,41.8312492,0.0,154.725006,0.0
2025-10-17 08:18:58+00:00,2025-10-17 08:18:58,,,,,,,,,,46.9425011,7.78593731,1065.59998,948.900024,15.7375002,1.0,,17.31,0.0,15.67,41.8218765,,41.8218765,0.0,154.800003,0.0
2025-10-17 08:18:59+00:00,2025-10-17 08:18:59,,,,,,,,,,46.9500008,7.78593731,1065.22498,948.825012,15.7375002,1.0,,17.31,0.0,15.67,41.8218765,,41.8218765,0.0,154.725006,0.0
2025-10-17 08:19:00+00:00,2025-10-17 08:19:00,46.0,48.0,46.0,46.0,46.0,14.353242199259364,205.0,BO_O2,"O2 규칙 적용: 7.7% (7.0% < O2 ≤ 8.0%) (2단계 롤백, 3~4단계에서 Hz 변화 없음)",46.9425011,7.87968731,1064.55005,948.75,15.7375002,1.0,,17.31,0.0,15.67,41.8218765,,41.8218765,0.0,154.800003,0.0
2025-10-17 08:19:01+00:00,2025-10-17 08:19:01,,,,,,,,,,46.9500008,7.9765625,1064.09998,948.674988,15.7375002,1.0,,17.31,0.0,15.67,41.8312492,,41.8312492,0.0,154.274994,0.0
2025-10-17 08:19:02+00:00,2025-10-17 08:19:02,,,,,,,,,,46.9462509,7.9765625,1063.42505,948.599976,15.7375002,1.0,,17.31,0.0,15.67,41.8312492,,41.8312492,0.0,153.300003,0.0
2025-10-17 08:19:03+00:00,2025-10-17 08:19:03,,,,,,,,,,46.9387512,8.07187462,1062.97498,948.525024,15.7375002,1.0,,17.31,0.0,15.67,41.8218765,,41.8218765,0.0,153.449997,0.0
2025-10-17 08:19:04+00:00,2025-10-17 08:19:04,,,,,,,,,,46.9500008,8.171875,1062.22498,948.375,15.7375002,1.0,,17.31,0.0,15.67,41.8312492,,41.8312492,0.0,153.300003,0.0
2025-10-17 08:19:05+00:00,2025-10-17 08:19:05,44.0,44.0,44.0,44.0,44.0,14.511349312022116,100.0,BO_ONLY,"BO 모델 결과만 사용 (1단계 롤백, 2~4단계에서 Hz 변화 없음)",46.9537506,8.171875,1061.77502,948.375,15.8249998,1.0,,17.31,0.0,15.67,41.8312492,,41.8312492,0.0,153.225006,0.0
2025-10-17 08:19:06+00:00,2025-10-17 08:19:06,,,,,,,,,,46.9462509,8.28437519,1061.09998,948.224976,15.8249998,1.0,,17.31,0.0,15.74,41.8218765,,41.8218765,0.0,153.300003,0.0
2025-10-17 08:19:07+00:00,2025-10-17 08:19:07,,,,,,,,,,43.2150002,8.40468788,1060.57495,948.150024,15.8125,1.0,,17.31,0.0,15.74,41.8218765,,41.8218765,0.0,153.300003,0.0
2025-10-17 08:19:08+00:00,2025-10-17 08:19:08,,,,,,,,,,42.8512497,8.40468788,1059.75,948.075012,15.8125,1.0,,17.31,0.0,15.74,41.8312492,,41.8312492,0.0,153.300003,0.0
2025-10-17 08:19:09+00:00,2025-10-17 08:19:09,,,,,,,,,,42.8474998,8.52812481,1059.22498,947.924988,15.8125,1.0,,17.31,0.0,15.74,41.5218735,,41.5218735,0.0,153.300003,0.0
2025-10-17 08:19:10+00:00,2025-10-17 08:19:10,43.0,43.0,43.0,43.0,43.0,14.403314375400557,100.0,BO_ONLY,"BO 모델 결과만 사용 (1단계 롤백, 2~4단계에서 Hz 변화 없음)",42.8362503,8.52812481,1058.40002,947.849976,15.8999996,1.0,,17.31,0.0,15.74,40.4249992,,40.4249992,0.0,153.899994,0.0
2025-10-17 08:19:11+00:00,2025-10-17 08:19:11,,,,,,,,,,42.8212509,8.64531231,1057.875,947.700012,15.8999996,1.0,,17.31,0.0,15.74,38.7093735,,38.7093735,0.0,154.725006,0.0
2025-10-17 08:19:12+00:00,2025-10-17 08:19:12,,,,,,,,,,43.1775017,8.75937462,1057.125,947.625,15.8999996,1.0,,17.31,0.0,15.74,37.4249992,38.0,37.4249992,0.0,154.800003,0.0
2025-10-17 08:19:13+00:00,2025-10-17 08:19:13,,,,,,,,,,43.8375015,8.75937462,1056.59998,947.549988,15.8999996,1.0,,17.31,0.0,15.74,36.234375,,36.234375,0.0,156.149994,0.0
2025-10-17 08:19:14+00:00,2025-10-17 08:19:14,,,,,,,,,,43.8675003,8.86874962,1055.77502,947.400024,15.8999996,1.0,,17.31,0.0,15.74,35.8875008,,35.8875008,0.0,156.225006,0.0
2025-10-17 08:19:15+00:00,2025-10-17 08:19:15,43.0,43.0,43.0,43.0,43.0,14.306216523704762,100.0,BO_ONLY,"BO 모델 결과만 사용 (1단계 롤백, 2~4단계에서 Hz 변화 없음)",43.8562508,8.86874962,1055.32495,947.25,15.9875002,1.0,,17.31,0.0,15.74,35.4937515,,35.4937515,0.0,156.225006,0.0
2025-10-17 08:19:16+00:00,2025-10-17 08:19:16,,,,,,,,,,43.8487511,8.98124981,1054.5,947.174988,15.9875002,1.0,,17.31,0.0,15.74,35.6062508,,35.6062508,0.0,156.225006,0.0
2025-10-17 08:19:17+00:00,2025-10-17 08:19:17,,,,,,,,,,43.8600006,9.10312462,1053.97498,947.025024,15.9875002,1.0,,17.31,0.0,15.96,35.8875008,,35.8875008,0.0,154.800003,0.0
2025-10-17 08:19:18+00:00,2025-10-17 08:19:18,,,,,,,,,,43.8824997,9.10312462,1053.15002,946.875,15.9875002,1.0,,17.31,0.0,15.96,35.9156265,,35.9156265,0.0,154.800003,0.0
2025-10-17 08:19:19+00:00,2025-10-17 08:19:19,,,,,,,,,,43.8712502,9.23593712,1052.625,946.724976,15.9875002,1.0,,17.31,0.0,15.96,36.1687508,,36.1687508,0.0,154.725006,0.0
2025-10-17 08:19:20+00:00,2025-10-17 08:19:20,42.0,42.0,42.0,42.0,42.0,14.438648939527745,100.0,BO_ONLY,"BO 모델 결과만 사용 (1단계 롤백, 2~4단계에서 Hz 변화 없음)",43.8562508,9.37031269,1051.80005,946.575012,16.1625004,1.0,,17.31,0.0,15.96,36.2531242,,36.2531242,0.0,154.725006,0.0
2025-10-17 08:19:21+00:00,2025-10-17 08:19:21,,,,,,,,,,43.8675003,9.37031269,1051.27502,946.5,16.1625004,1.0,,17.31,0.0,15.96,36.4312515,,36.4312515,0.0,154.725006,0.0
2025-10-17 08:19:22+00:00,2025-10-17 08:19:22,,,,,,,,,,43.0087509,9.49374962,1050.52502,946.275024,16.1625004,1.0,,17.31,0.0,15.96,36.4312515,,36.4312515,0.0,154.800003,0.0
2025-10-17 08:19:23+00:00,2025-10-17 08:19:23,,,,,,,,,,42.8287506,9.60468769,1050.07495,946.125,16.1625004,1.0,,17.31,0.0,15.96,36.4312515,,36.4312515,0.0,154.800003,0.0
2025-10-17 08:19:24+00:00,2025-10-17 08:19:24,,,,,,,,,,42.8400002,9.60468769,1049.40002,945.974976,16.1625004,1.0,,17.31,0.0,15.96,36.2531242,,36.2531242,0.0,154.725006,0.0
2025-10-17 08:19:25+00:00,2025-10-17 08:19:25,39.0,39.0,39.0,39.0,39.0,15.089126997534981,100.0,BO_ONLY,"BO 모델 결과만 사용 (1단계 롤백, 2~4단계에서 Hz 변화 없음)",42.8325005,9.703125,1048.94995,945.900024,16.1499996,1.0,,17.31,0.0,15.96,35.9156265,,35.9156265,0.0,156.149994,0.0
2025-10-17 08:19:26+00:00,2025-10-17 08:19:26,,,,,,,,,,42.8325005,9.703125,1048.42505,945.674988,16.1625004,1.0,,17.31,0.0,15.96,35.71875,,35.71875,0.0,156.225006,0.0
2025-10-17 08:19:27+00:00,2025-10-17 08:19:27,,,,,,,,,,41.8650017,9.79062462,1047.97498,945.599976,16.1499996,1.0,,17.31,0.0,16.15,35.1468735,,35.1468735,0.0,156.225006,0.0
2025-10-17 08:19:28+00:00,2025-10-17 08:19:28,,,,,,,,,,39.7649994,9.86562538,1047.375,945.375,16.1499996,1.0,,17.31,0.0,16.15,35.109375,38.0,35.109375,0.0,156.225006,0.0
2025-10-17 08:19:29+00:00,2025-10-17 08:19:29,,,,,,,,,,39.6937485,9.86562538,1047.0,945.299988,16.1499996,1.0,,17.31,0.0,16.15,34.7062492,,34.7062492,0.0,156.225006,0.0
2025-10-17 08:19:30+00:00,2025-10-17 08:19:30,39.0,38.0,39.0,39.0,39.0,14.978193562357557,207.0,BO_O2,"O2 규칙 적용: 9.7% (9.0% < O2 ≤ 10.0%) (2단계 롤백, 3~4단계에서 Hz 변화 없음)",39.7012482,9.92500019,1046.47498,945.075012,16.3250008,1.0,,17.31,0.0,16.15,34.0499992,,34.0499992,0.0,156.225006,0.0
2025-10-17 08:19:31+00:00,2025-10-17 08:19:31,,,,,,,,,,39.6974983,9.97031212,1046.09998,944.924988,16.3250008,1.0,,17.31,0.0,16.15,33.2625008,,33.2625008,0.0,156.225006,0.0
2025-10-17 08:19:32+00:00,2025-10-17 08:19:32,,,,,,,,,,39.6899986,9.97031212,1045.5,944.775024,16.3250008,1.0,,17.31,0.0,16.15,32.2781258,,32.2781258,0.0,156.149994,0.0
2025-10-17 08:19:33+00:00,2025-10-17 08:19:33,,,,,,,,,,39.6862488,10.0015621,1045.19995,944.625,16.3250008,1.0,,17.31,0.0,16.15,31.359375,,31.359375,0.0,156.225006,0.0
2025-10-17 08:19:34+00:00,2025-10-17 08:19:34,,,,,,,,,,39.6937485,10.0015621,1044.59998,944.400024,16.3250008,1.0,,17.31,0.0,16.15,30.609375,,30.609375,0.0,156.225006,0.0
2025-10-17 08:19:35+00:00,2025-10-17 08:19:35,39.0,39.0,39.0,39.0,39.0,14.784390633201731,100.0,BO_ONLY,"BO 모델 결과만 사용 (1단계 롤백, 2~4단계에서 Hz 변화 없음)",39.6899986,10.0171871,1044.30005,944.25,16.2374992,1.0,,17.31,0.0,16.15,29.90625,,29.90625,0.0,156.225006,0.0
2025-10-17 08:19:36+00:00,2025-10-17 08:19:36,,,,,,,,,,39.7012482,10.0046873,1043.69995,944.099976,16.2374992,1.0,,17.31,0.0,16.15,29.7843742,,29.7843742,0.0,156.225006,0.0
2025-10-17 08:19:37+00:00,2025-10-17 08:19:37,,,,,,,,,,39.6937485,10.0046873,1043.32495,943.950012,16.2374992,1.0,,17.31,0.0,16.32,29.53125,,29.53125,0.0,156.300003,0.0
2025-10-17 08:19:38+00:00,2025-10-17 08:19:38,,,,,,,,,,39.6899986,9.97500038,1042.72498,943.724976,16.2374992,1.0,,17.31,0.0,16.32,29.34375,,29.34375,0.0,157.649994,0.0
2025-10-17 08:19:39+00:00,2025-10-17 08:19:39,,,,,,,,,,39.6899986,9.93124962,1042.34998,943.575012,16.2374992,1.0,,17.31,0.0,16.32,29.34375,,29.34375,0.0,157.649994,0.0
2025-10-17 08:19:40+00:00,2025-10-17 08:19:40,39.0,39.0,39.0,39.0,39.0,14.533296565230016,100.0,BO_ONLY,"BO 모델 결과만 사용 (1단계 롤백, 2~4단계에서 Hz 변화 없음)",39.6862488,9.93124962,1041.75,943.349976,16.3250008,1.0,,17.31,0.0,16.32,29.34375,,29.34375,0.0,157.649994,0.0
2025-10-17 08:19:41+00:00,2025-10-17 08:19:41,,,,,,,,,,39.6937485,9.88125038,1041.375,943.275024,16.3250008,1.0,,17.31,0.0,16.32,29.34375,38.0,29.34375,0.0,157.649994,0.0
2025-10-17 08:19:42+00:00,2025-10-17 08:19:42,,,,,,,,,,39.6937485,9.88125038,1040.84998,943.049988,16.3250008,1.0,,17.31,0.0,16.32,29.34375,,29.34375,0.0,158.625,0.0
2025-10-17 08:19:43+00:00,2025-10-17 08:19:43,,,,,,,,,,39.6787491,9.83125019,1040.40002,942.900024,16.3250008,1.0,,17.31,0.0,16.32,29.34375,,29.34375,0.0,159.225006,0.0
2025-10-17 08:19:44+00:00,2025-10-17 08:19:44,,,,,,,,,,39.6899986,9.79218769,1039.80005,942.674988,16.3250008,1.0,,17.31,0.0,16.32,29.34375,,29.34375,0.0,159.225006,0.0
2025-10-17 08:19:45+00:00,2025-10-17 08:19:45,39.0,39.0,39.0,39.0,39.0,14.652730161124731,100.0,BO_ONLY,"BO 모델 결과만 사용 (1단계 롤백, 2~4단계에서 Hz 변화 없음)",39.6937485,9.79218769,1039.34998,942.525024,15.9875002,1.0,,17.31,0.0,16.32,29.34375,,29.34375,0.0,159.149994,0.0
2025-10-17 08:19:46+00:00,2025-10-17 08:19:46,,,,,,,,,,39.6974983,9.76875019,1038.75,942.299988,15.9875002,1.0,,17.31,0.0,16.32,29.34375,,29.34375,0.0,159.225006,0.0
2025-10-17 08:19:47+00:00,2025-10-17 08:19:47,,,,,,,,,,39.6899986,9.765625,1038.375,942.150024,16.0,1.0,,17.31,0.0,16.32,29.34375,,29.34375,0.0,159.225006,0.0
2025-10-17 08:19:48+00:00,2025-10-17 08:19:48,,,,,,,,,,39.6974983,9.765625,1037.77502,941.924988,15.9875002,1.0,,17.31,0.0,16.32,29.34375,,29.34375,0.0,159.225006,0.0
2025-10-17 08:19:49+00:00,2025-10-17 08:19:49,,,,,,,,,,39.6899986,9.77812481,1037.40002,941.775024,15.9875002,1.0,,17.31,0.0,16.32,29.34375,,29.34375,0.0,159.149994,0.0
2025-10-17 08:19:50+00:00,2025-10-17 08:19:50,39.0,39.0,39.0,39.0,39.0,13.585245855998329,100.0,BO_ONLY,"BO 모델 결과만 사용 (1단계 롤백, 2~4단계에서 Hz 변화 없음)",39.6937485,9.77812481,1036.875,941.549988,15.8249998,1.0,,17.31,0.0,16.32,29.34375,,29.34375,0.0,159.225006,0.0
2025-10-17 08:19:51+00:00,2025-10-17 08:19:51,,,,,,,,,,39.7012482,9.80781269,1036.42505,941.400024,15.8249998,1.0,,17.31,0.0,16.32,29.34375,,29.34375,0.0,159.225006,0.0
2025-10-17 08:19:52+00:00,2025-10-17 08:19:52,,,,,,,,,,39.6899986,9.85312462,1035.90002,941.174988,15.8249998,1.0,,17.31,0.0,16.32,29.34375,,29.34375,0.0,159.149994,0.0
2025-10-17 08:19:53+00:00,2025-10-17 08:19:53,,,,,,,,,,39.6899986,9.85312462,1035.44995,940.950012,15.8249998,1.0,,17.31,0.0,16.32,29.34375,,29.34375,0.0,159.149994,0.0
2025-10-17 08:19:54+00:00,2025-10-17 08:19:54,,,,,,,,,,39.6824989,9.90468788,1034.92505,940.724976,15.8249998,1.0,,17.31,0.0,16.32,29.34375,,29.34375,0.0,159.149994,0.0
2025-10-17 08:19:55+00:00,2025-10-17 08:19:55,39.0,39.0,39.0,39.0,39.0,13.9754169117157,100.0,BO_ONLY,"BO 모델 결과만 사용 (1단계 롤백, 2~4단계에서 Hz 변화 없음)",39.6899986,9.96249962,1034.55005,940.575012,15.6499996,1.0,,17.31,0.0,16.32,29.34375,,29.34375,0.0,159.149994,0.0
2025-10-17 08:19:56+00:00,2025-10-17 08:19:56,,,,,,,,,,39.6937485,9.96249962,1034.09998,940.349976,15.6499996,1.0,,17.31,0.0,16.32,29.34375,38.0,29.34375,0.0,159.149994,0.0
2025-10-17 08:19:57+00:00,2025-10-17 08:19:57,,,,,,,,,,39.6824989,10.0187502,1033.72498,940.200012,15.6499996,1.0,,17.31,0.0,15.81,29.34375,,29.34375,0.0,159.149994,0.0
2025-10-17 08:19:58+00:00,2025-10-17 08:19:58,,,,,,,,,,39.7012482,10.0187502,1033.27502,939.974976,15.6499996,1.0,,17.31,0.0,15.81,29.34375,,29.34375,0.0,159.149994,0.0
2025-10-17 08:19:59+00:00,2025-10-17 08:19:59,,,,,,,,,,39.6937485,10.0687504,1032.97498,939.75,15.6499996,1.0,,17.31,0.0,15.81,29.34375,,29.34375,0.0,159.149994,0.0
2025-10-17 08:20:00+00:00,2025-10-17 08:20:00,39.0,38.0,39.0,39.0,39.0,12.36527110734687,207.0,BO_O2,"O2 규칙 적용: 10.0% (9.0% < O2 ≤ 10.0%) (2단계 롤백, 3~4단계에서 Hz 변화 없음)",39.6899986,10.1109371,1032.52502,939.525024,15.3999996,1.0,,17.31,0.0,15.81,29.3343754,,29.3343754,0.0,159.225006,0.0
2025-10-17 08:20:01+00:00,2025-10-17 08:20:01,,,,,,,,,,39.6937485,10.1109371,1032.22498,939.375,15.3999996,1.0,,17.31,0.0,15.81,29.34375,,29.34375,0.0,159.149994,0.0
2025-10-17 08:20:02+00:00,2025-10-17 08:20:02,,,,,,,,,,39.4837494,10.1499996,1031.77502,939.150024,15.3999996,1.0,,17.31,0.0,15.81,29.34375,,29.34375,0.0,159.149994,0.0
2025-10-17 08:20:03+00:00,2025-10-17 08:20:03,,,,,,,,,,38.6100006,10.1796875,1031.55005,939.0,15.3999996,1.0,,17.31,0.0,15.81,29.34375,,29.34375,0.0,159.225006,0.0
2025-10-17 08:20:04+00:00,2025-10-17 08:20:04,,,,,,,,,,38.5837517,10.1796875,1031.09998,938.700012,15.3999996,1.0,,17.31,0.0,15.81,29.3343754,,29.3343754,0.0,159.149994,0.0
2025-10-17 08:20:05+00:00,2025-10-17 08:20:05,38.0,38.0,38.0,38.0,38.0,12.085518155838722,100.0,BO_ONLY,"BO 모델 결과만 사용 (1단계 롤백, 2~4단계에서 Hz 변화 없음)",38.6175003,10.1906252,1030.80005,938.474976,15.6499996,1.0,,17.31,0.0,15.81,29.1656246,,29.1656246,0.0,159.149994,0.0
2025-10-17 08:20:06+00:00,2025-10-17 08:20:06,,,,,,,,,,38.6137505,10.1906252,1030.5,938.325012,15.6499996,1.0,,17.31,0.0,15.81,28.8468742,,28.8468742,0.0,159.149994,0.0
2025-10-17 08:20:07+00:00,2025-10-17 08:20:07,,,,,,,,,,38.5912514,10.1765623,1030.34998,938.174988,15.6499996,1.0,,17.31,0.0,15.46,28.3968754,,28.3968754,0.0,159.149994,0.0
2025-10-17 08:20:08+00:00,2025-10-17 08:20:08,,,,,,,,,,38.5875015,10.1359377,1029.97498,937.950012,15.6499996,1.0,,17.31,0.0,15.46,28.2093754,,28.2093754,0.0,159.225006,0.0
2025-10-17 08:20:09+00:00,2025-10-17 08:20:09,,,,,,,,,,38.5987511,10.1359377,1029.82495,937.799988,15.6499996,1.0,,17.31,0.0,15.46,27.8343754,,27.8343754,0.0,159.149994,0.0
2025-10-17 08:20:10+00:00,2025-10-17 08:20:10,39.0,39.0,39.0,39.0,39.0,13.871223926204236,100.0,BO_ONLY,"BO 모델 결과만 사용 (1단계 롤백, 2~4단계에서 Hz 변화 없음)",38.5912514,10.0734377,1029.59998,937.575012,15.4875002,1.0,,17.31,0.0,15.46,27.65625,,27.65625,0.0,159.149994,0.0
2025-10-17 08:20:11+00:00,2025-10-17 08:20:11,,,,,,,,,,38.6025009,9.99531269,1029.375,937.424988,15.4875002,1.0,,17.31,0.0,15.46,27.65625,,27.65625,0.0,159.225006,0.0
2025-10-17 08:20:12+00:00,2025-10-17 08:20:12,,,,,,,,,,38.5950012,9.99531269,1029.22498,937.275024,15.4875002,1.0,,17.31,0.0,15.46,27.6468754,39.60680375729881,27.6468754,0.0,159.225006,0.0
2025-10-17 08:20:13+00:00,2025-10-17 08:20:13,,,,,,,,,,38.625,9.89375019,1029.07495,937.125,15.4875002,1.0,,17.31,0.0,15.46,27.65625,,27.65625,0.0,159.149994,0.0
2025-10-17 08:20:14+00:00,2025-10-17 08:20:14,,,,,,,,,,38.5987511,9.89375019,1028.92505,936.900024,15.4875002,1.0,,17.31,0.0,15.46,27.5812492,,27.5812492,0.0,159.225006,0.0
2025-10-17 08:20:15+00:00,2025-10-17 08:20:15,39.0,38.0,39.0,39.0,39.0,13.928112414577543,207.0,BO_O2,"O2 규칙 적용: 10.0% (9.0% < O2 ≤ 10.0%) (2단계 롤백, 3~4단계에서 Hz 변화 없음)",38.6175003,9.77499962,1028.77502,936.75,15.2375002,1.0,,17.31,0.0,15.46,27.46875,,27.46875,0.0,159.149994,0.0
2025-10-17 08:20:16+00:00,2025-10-17 08:20:16,,,,,,,,,,38.6737518,9.640625,1028.625,936.525024,15.2375002,1.0,,17.31,0.0,15.46,27.46875,,27.46875,0.0,159.149994,0.0
2025-10-17 08:20:17+00:00,2025-10-17 08:20:17,,,,,,,,,,39.6225014,9.640625,1028.625,936.375,15.2375002,1.0,,17.31,0.0,15.53,27.46875,,27.46875,0.0,159.149994,0.0
2025-10-17 08:20:18+00:00,2025-10-17 08:20:18,,,,,,,,,,39.6899986,9.49687481,1028.55005,936.224976,15.2375002,1.0,,17.31,0.0,15.53,27.46875,,27.46875,0.0,159.149994,0.0
2025-10-17 08:20:19+00:00,2025-10-17 08:20:19,,,,,,,,,,39.6974983,9.34062481,1028.55005,936.150024,15.2375002,1.0,,17.31,0.0,15.53,27.46875,,27.46875,0.0,159.225006,0.0
2025-10-17 08:20:20+00:00,2025-10-17 08:20:20,39.0,38.0,39.0,39.0,39.0,13.702878653458068,207.0,BO_O2,"O2 규칙 적용: 9.6% (9.0% < O2 ≤ 10.0%) (2단계 롤백, 3~4단계에서 Hz 변화 없음)",39.6937485,9.34062481,1028.40002,936.0,15.0625,1.0,,17.31,0.0,15.53,27.6468754,,27.6468754,0.0,159.149994,0.0
2025-10-17 08:20:21+00:00,2025-10-17 08:20:21,,,,,,,,,,39.6824989,9.171875,1028.40002,935.849976,15.0625,1.0,,17.31,0.0,15.53,28.0125008,,28.0125008,0.0,159.149994,0.0
2025-10-17 08:20:22+00:00,2025-10-17 08:20:22,,,,,,,,,,39.6937485,9.171875,1028.40002,935.700012,15.0625,1.0,,17.31,0.0,15.53,28.3875008,,28.3875008,0.0,157.649994,0.0
2025-10-17 08:20:23+00:00,2025-10-17 08:20:23,,,,,,,,,,39.6899986,8.99843788,1028.40002,935.549988,15.0625,1.0,,17.31,0.0,15.53,28.6593742,,28.6593742,0.0,157.649994,0.0
2025-10-17 08:20:24+00:00,2025-10-17 08:20:24,,,,,,,,,,39.6937485,8.82499981,1028.47498,935.474976,15.0625,1.0,,17.31,0.0,15.53,28.96875,,28.96875,0.0,157.649994,0.0
2025-10-17 08:20:25+00:00,2025-10-17 08:20:25,39.0,38.0,39.0,39.0,39.0,11.983849868677783,207.0,BO_O2,"O2 규칙 적용: 9.2% (9.0% < O2 ≤ 10.0%) (2단계 롤백, 3~4단계에서 Hz 변화 없음)",39.6899986,8.82499981,1028.40002,935.325012,14.8125,1.0,,17.31,0.0,15.53,29.15625,,29.15625,0.0,157.649994,0.0
2025-10-17 08:20:26+00:00,2025-10-17 08:20:26,,,,,,,,,,39.6974983,8.66874981,1028.47498,935.25,14.8125,1.0,,17.31,0.0,15.53,29.1656246,38.0,29.1656246,0.0,157.649994,0.0
2025-10-17 08:20:27+00:00,2025-10-17 08:20:27,,,,,,,,,,39.6974983,8.5234375,1028.47498,935.099976,14.8125,1.0,,17.31,0.0,15.07,29.1656246,,29.1656246,0.0,157.649994,0.0
2025-10-17 08:20:28+00:00,2025-10-17 08:20:28,,,,,,,,,,39.6862488,8.5234375,1028.55005,935.025024,14.8125,1.0,,17.31,0.0,15.07,29.15625,,29.15625,0.0,157.649994,0.0
2025-10-17 08:20:29+00:00,2025-10-17 08:20:29,,,,,,,,,,39.6862488,8.37968731,1028.55005,934.950012,14.8125,1.0,,17.31,0.0,15.07,29.1656246,,29.1656246,0.0,157.649994,0.0
2025-10-17 08:20:30+00:00,2025-10-17 08:20:30,38.0,45.0,44.0,38.0,38.0,11.762351217837654,304.0,BO_O2_RULE,"제어매트릭스 규칙 적용: NOX_LOW (3단계 롤백, 4단계에서 Hz 변화 없음)",39.6824989,8.37968731,1028.625,934.799988,14.5625,1.0,,17.31,0.0,15.07,29.1656246,,29.1656246,0.0,157.574997,0.0
2025-10-17 08:20:31+00:00,2025-10-17 08:20:31,,,,,,,,,,39.6974983,8.23906231,1028.625,934.724976,14.5625,1.0,,17.31,0.0,15.07,29.1656246,,29.1656246,0.0,157.649994,0.0
2025-10-17 08:20:32+00:00,2025-10-17 08:20:32,,,,,,,,,,44.1899986,8.10000038,1028.77502,934.575012,14.5625,1.0,,17.31,0.0,15.07,29.15625,,29.15625,0.0,157.649994,0.0
2025-10-17 08:20:33+00:00,2025-10-17 08:20:33,,,,,,,,,,44.8650017,8.10000038,1028.84998,934.5,14.5625,1.0,,17.31,0.0,15.07,29.15625,,29.15625,0.0,157.649994,0.0
2025-10-17 08:20:34+00:00,2025-10-17 08:20:34,,,,,,,,,,44.8875008,7.96562481,1028.92505,934.424988,14.5625,1.0,,17.31,0.0,15.07,29.7374992,,29.7374992,0.0,157.574997,0.0
2025-10-17 08:20:35+00:00,2025-10-17 08:20:35,44.0,45.0,44.0,44.0,44.0,12.098679538080193,206.0,BO_O2,"O2 규칙 적용: 8.2% (8.0% < O2 ≤ 9.0%) (2단계 롤백, 3~4단계에서 Hz 변화 없음)",44.8800011,7.8421874,1029.0,934.349976,14.5625,1.0,,17.31,0.0,15.07,30.5718746,,30.5718746,0.0,156.225006,0.0
2025-10-17 08:20:36+00:00,2025-10-17 08:20:36,,,,,,,,,,44.8837509,7.8421874,1029.22498,934.275024,14.5625,1.0,,17.31,0.0,15.07,32.390625,,32.390625,0.0,156.225006,0.0
2025-10-17 08:20:37+00:00,2025-10-17 08:20:37,,,,,,,,,,44.8875008,7.7328124,1029.22498,934.200012,14.5625,1.0,,17.31,0.0,14.63,34.3406258,,34.3406258,0.0,156.225006,0.0
2025-10-17 08:20:38+00:00,2025-10-17 08:20:38,,,,,,,,,,44.8950005,7.7328124,1029.44995,934.125,14.5625,1.0,,17.31,0.0,14.63,35.8312492,,35.8312492,0.0,156.149994,0.0
2025-10-17 08:20:39+00:00,2025-10-17 08:20:39,,,,,,,,,,44.8800011,7.6328125,1029.52502,934.049988,14.5625,1.0,,17.31,0.0,14.63,36.6937485,,36.6937485,0.0,156.225006,0.0
2025-10-17 08:20:40+00:00,2025-10-17 08:20:40,46.0,46.0,46.0,46.0,46.0,12.270309592238773,100.0,BO_ONLY,"BO 모델 결과만 사용 (1단계 롤백, 2~4단계에서 Hz 변화 없음)",44.8875008,7.5328126,1029.75,934.049988,14.3874998,1.0,,17.31,0.0,14.63,37.3406258,,37.3406258,0.0,156.225006,0.0
2025-10-17 08:20:41+00:00,2025-10-17 08:20:41,,,,,,,,,,44.8837509,7.5328126,1029.82495,933.974976,14.3874998,1.0,,17.31,0.0,14.63,37.6687508,,37.6687508,0.0,156.225006,0.0
2025-10-17 08:20:42+00:00,2025-10-17 08:20:42,,,,,,,,,,44.8875008,7.4312501,1030.125,933.825012,14.375,1.0,,17.31,0.0,14.63,38.0343742,,38.0343742,0.0,156.149994,0.0
2025-10-17 08:20:43+00:00,2025-10-17 08:20:43,,,,,,,,,,46.5675011,7.33281231,1030.27502,933.825012,14.375,1.0,,17.31,0.0,14.63,38.1187515,38.0,38.1187515,0.0,156.225006,0.0
2025-10-17 08:20:44+00:00,2025-10-17 08:20:44,,,,,,,,,,46.9387512,7.33281231,1030.5,933.75,14.3874998,1.0,,17.31,0.0,14.63,38.1187515,,38.1187515,0.0,156.300003,0.0
2025-10-17 08:20:45+00:00,2025-10-17 08:20:45,39.88562585,47.0,46.0,38.0,38.0,11.425382393506792,304.0,BO_O2_RULE,"제어매트릭스 규칙 적용: NOX_LOW (3단계 롤백, 4단계에서 Hz 변화 없음)",46.9387512,7.2484374,1030.72498,933.75,14.375,1.0,,17.31,0.0,14.63,38.390625,,38.390625,0.0,156.225006,0.0
2025-10-17 08:20:46+00:00,2025-10-17 08:20:46,,,,,,,,,,46.9425011,7.2484374,1030.94995,933.674988,14.375,1.0,,17.31,0.0,14.63,38.8687515,,38.8687515,0.0,156.149994,0.0
2025-10-17 08:20:47+00:00,2025-10-17 08:20:47,,,,,,,,,,46.9462509,7.18437481,1031.09998,933.674988,14.3874998,1.0,,17.31,0.0,14.44,39.6656265,,39.6656265,0.0,156.225006,0.0
2025-10-17 08:20:48+00:00,2025-10-17 08:20:48,,,,,,,,,,46.9350014,7.1343751,1031.47498,933.599976,14.375,1.0,,17.31,0.0,14.44,40.40625,,40.40625,0.0,156.225006,0.0
2025-10-17 08:20:49+00:00,2025-10-17 08:20:49,,,,,,,,,,46.9462509,7.1343751,1031.77502,933.525024,14.3500004,1.0,,17.31,0.0,14.44,41.0999985,,41.0999985,0.0,156.225006,0.0
2025-10-17 08:20:50+00:00,2025-10-17 08:20:50,40.819376,47.0,46.0,38.0,38.0,11.570663729060888,304.0,BO_O2_RULE,"제어매트릭스 규칙 적용: NOX_LOW (3단계 롤백, 4단계에서 Hz 변화 없음)",46.9387512,7.0875001,1031.92505,933.525024,14.2124996,1.0,,17.31,0.0,14.44,41.2593765,,41.2593765,0.0,156.149994,0.0
2025-10-17 08:20:51+00:00,2025-10-17 08:20:51,,,,,,,,,,46.9350014,7.0374999,1032.22498,933.450012,14.2124996,1.0,,17.31,0.0,14.44,41.5875015,,41.5875015,0.0,156.225006,0.0
2025-10-17 08:20:52+00:00,2025-10-17 08:20:52,,,,,,,,,,46.9387512,7.0374999,1032.44995,933.450012,14.2124996,1.0,,17.31,0.0,14.44,41.7937508,,41.7937508,0.0,156.225006,0.0
2025-10-17 08:20:53+00:00,2025-10-17 08:20:53,,,,,,,,,,46.9500008,6.98750019,1032.67505,933.450012,14.1999998,1.0,,17.31,0.0,14.44,41.8218765,,41.8218765,0.0,156.225006,0.0
2025-10-17 08:20:54+00:00,2025-10-17 08:20:54,,,,,,,,,,46.9312515,6.98750019,1032.97498,933.375,14.2124996,1.0,,17.31,0.0,14.44,41.8312492,38.0,41.8312492,0.0,156.225006,0.0
2025-10-17 08:20:55+00:00,2025-10-17 08:20:55,41.9350014,47.0,46.0,38.0,38.0,11.794987335768539,304.0,BO_O2_RULE,"제어매트릭스 규칙 적용: NOX_LOW (3단계 롤백, 4단계에서 Hz 변화 없음)",46.9387512,6.9375,1033.27502,933.375,13.875,1.0,,17.31,0.0,14.44,41.8312492,,41.8312492,0.0,156.225006,0.0
2025-10-17 08:20:56+00:00,2025-10-17 08:20:56,,,,,,,,,,46.9500008,6.89531231,1033.5,933.375,13.875,1.0,,17.31,0.0,14.44,41.8312492,,41.8312492,0.0,156.225006,0.0
2025-10-17 08:20:57+00:00,2025-10-17 08:20:57,,,,,,,,,,46.9462509,6.89531231,1033.65002,933.299988,13.875,1.0,,17.31,0.0,14.23,41.8218765,,41.8218765,0.0,156.225006,0.0
2025-10-17 08:20:58+00:00,2025-10-17 08:20:58,,,,,,,,,,46.9537506,6.859375,1034.02502,933.299988,13.875,1.0,,17.31,0.0,14.23,41.8312492,,41.8312492,0.0,156.225006,0.0
2025-10-17 08:20:59+00:00,2025-10-17 08:20:59,,,,,,,,,,46.9350014,6.82499981,1034.40002,933.375,13.875,1.0,,17.31,0.0,14.23,41.8312492,,41.8312492,0.0,156.225006,0.0
2025-10-17 08:21:00+00:00,2025-10-17 08:21:00,41.94812585,48.0,48.0,38.0,38.0,11.539119408685986,304.0,BO_O2_RULE,"제어매트릭스 규칙 적용: NOX_LOW (3단계 롤백, 4단계에서 Hz 변화 없음)",46.9387512,6.82499981,1034.625,933.299988,13.875,1.0,,17.31,0.0,14.23,41.8312492,,41.8312492,0.0,156.225006,0.0
2025-10-17 08:21:01+00:00,2025-10-17 08:21:01,,,,,,,,,,46.9462509,6.7890625,1034.92505,933.299988,13.875,1.0,,17.31,0.0,14.23,41.8218765,,41.8218765,0.0,156.225006,0.0
2025-10-17 08:21:02+00:00,2025-10-17 08:21:02,,,,,,,,,,48.9674988,6.7890625,1035.07495,933.299988,13.875,1.0,,17.31,0.0,14.23,41.8312492,,41.8312492,0.0,156.225006,0.0
2025-10-17 08:21:03+00:00,2025-10-17 08:21:03,,,,,,,,,,49.0162506,6.76093769,1035.375,933.224976,13.8625002,1.0,,17.31,0.0,14.23,41.8312492,,41.8312492,0.0,156.225006,0.0
2025-10-17 08:21:04+00:00,2025-10-17 08:21:04,,,,,,,,,,49.0237503,6.7484374,1035.67505,933.224976,13.875,1.0,,17.31,0.0,14.23,41.9249992,,41.9249992,0.0,156.225006,0.0
2025-10-17 08:21:05+00:00,2025-10-17 08:21:05,42.956874850000005,48.0,48.0,38.0,38.0,11.839890403145498,304.0,BO_O2_RULE,"제어매트릭스 규칙 적용: NOX_LOW (3단계 롤백, 4단계에서 Hz 변화 없음)",49.03125,6.7484374,1035.82495,933.224976,13.875,1.0,,17.31,0.0,14.23,42.8343735,,42.8343735,0.0,154.800003,0.0
2025-10-17 08:21:06+00:00,2025-10-17 08:21:06,,,,,,,,,,49.0200005,6.7484374,1036.125,933.224976,13.875,1.0,,17.31,0.0,14.23,43.9031258,,43.9031258,0.0,154.725006,0.0
2025-10-17 08:21:07+00:00,2025-10-17 08:21:07,,,,,,,,,,49.0162506,6.7484374,1036.42505,933.224976,13.875,1.0,,17.31,0.0,13.94,44.2406235,,44.2406235,0.0,154.725006,0.0
2025-10-17 08:21:08+00:00,2025-10-17 08:21:08,,,,,,,,,,49.0349998,6.7484374,1036.57495,933.224976,13.875,1.0,,17.31,0.0,13.94,44.8406258,,44.8406258,0.0,154.725006,0.0
2025-10-17 08:21:09+00:00,2025-10-17 08:21:09,,,,,,,,,,49.0275002,6.7515626,1036.94995,933.224976,13.875,1.0,,17.31,0.0,13.94,44.8406258,,44.8406258,0.0,154.800003,0.0
2025-10-17 08:21:10+00:00,2025-10-17 08:21:10,44.01812555,48.0,48.0,38.0,38.0,11.866125413590861,304.0,BO_O2_RULE,"제어매트릭스 규칙 적용: NOX_LOW (3단계 롤백, 4단계에서 Hz 변화 없음)",49.0275002,6.76093769,1037.17505,933.150024,13.875,1.0,,17.31,0.0,13.94,45.0281258,,45.0281258,0.0,154.574997,0.0
2025-10-17 08:21:11+00:00,2025-10-17 08:21:11,,,,,,,,,,49.0200005,6.76093769,1037.47498,933.150024,13.875,1.0,,17.31,0.0,13.94,45.2156258,,45.2156258,0.0,153.300003,0.0
2025-10-17 08:21:12+00:00,2025-10-17 08:21:12,,,,,,,,,,49.0275002,6.77656269,1037.77502,933.150024,13.875,1.0,,17.31,0.0,13.94,45.3375015,38.0,45.3375015,0.0,153.300003,0.0
2025-10-17 08:21:13+00:00,2025-10-17 08:21:13,,,,,,,,,,49.0349998,6.77656269,1038.07495,933.150024,13.875,1.0,,17.31,0.0,13.94,45.3937492,,45.3937492,0.0,153.375,0.0
2025-10-17 08:21:14+00:00,2025-10-17 08:21:14,,,,,,,,,,49.0387497,6.8031249,1038.30005,933.150024,13.875,1.0,,17.31,0.0,13.94,45.3937492,,45.3937492,0.0,153.300003,0.0
2025-10-17 08:21:15+00:00,2025-10-17 08:21:15,47.0,47.0,47.0,47.0,47.0,12.141174538773647,100.0,BO_ONLY,"BO 모델 결과만 사용 (1단계 롤백, 2~4단계에서 Hz 변화 없음)",49.03125,6.8359375,1038.67505,933.150024,13.7875004,1.0,,17.31,0.0,13.94,45.3937492,,45.3937492,0.0,153.300003,0.0
2025-10-17 08:21:16+00:00,2025-10-17 08:21:16,,,,,,,,,,49.0087509,6.8359375,1038.97498,933.224976,13.7875004,1.0,,17.31,0.0,13.94,45.3937492,,45.3937492,0.0,153.300003,0.0
2025-10-17 08:21:17+00:00,2025-10-17 08:21:17,,,,,,,,,,49.0237503,6.8687501,1039.42505,933.224976,13.7875004,1.0,,17.31,0.0,13.93,45.3937492,,45.3937492,0.0,153.300003,0.0
2025-10-17 08:21:18+00:00,2025-10-17 08:21:18,,,,,,,,,,49.0237503,6.90937519,1039.72498,933.224976,13.7875004,1.0,,17.31,0.0,13.93,45.3937492,,45.3937492,0.0,153.300003,0.0
2025-10-17 08:21:19+00:00,2025-10-17 08:21:19,,,,,,,,,,49.0349998,6.90937519,1040.17505,933.224976,13.7875004,1.0,,17.31,0.0,13.93,45.3937492,,45.3937492,0.0,153.300003,0.0
2025-10-17 08:21:20+00:00,2025-10-17 08:21:20,47.0,47.0,47.0,47.0,47.0,12.279437176782476,100.0,BO_ONLY,"BO 모델 결과만 사용 (1단계 롤백, 2~4단계에서 Hz 변화 없음)",49.0275002,6.9609375,1040.47498,933.224976,13.7875004,1.0,,17.31,0.0,13.93,45.3937492,,45.3937492,0.0,153.300003,0.0
2025-10-17 08:21:21+00:00,2025-10-17 08:21:21,,,,,,,,,,49.0349998,6.9609375,1040.92505,933.299988,13.7875004,1.0,,17.31,0.0,13.93,45.3937492,,45.3937492,0.0,151.574997,0.0
2025-10-17 08:21:22+00:00,2025-10-17 08:21:22,,,,,,,,,,49.0387497,7.0062499,1041.22498,933.299988,13.7875004,1.0,,17.31,0.0,13.93,45.3937492,,45.3937492,0.0,151.574997,0.0
2025-10-17 08:21:23+00:00,2025-10-17 08:21:23,,,,,,,,,,49.03125,7.0374999,1041.67505,933.299988,13.7875004,1.0,,17.31,0.0,13.93,45.3937492,,45.3937492,0.0,151.5,0.0
2025-10-17 08:21:24+00:00,2025-10-17 08:21:24,,,,,,,,,,49.0387497,7.0374999,1041.90002,933.375,13.7875004,1.0,,17.31,0.0,13.93,45.3937492,,45.3937492,0.0,151.574997,0.0
2025-10-17 08:21:25+00:00,2025-10-17 08:21:25,47.0,47.0,47.0,47.0,47.0,12.939468584741764,100.0,BO_ONLY,"BO 모델 결과만 사용 (1단계 롤백, 2~4단계에서 Hz 변화 없음)",49.0200005,7.0453124,1042.34998,933.375,13.875,1.0,,17.31,0.0,13.93,45.3937492,,45.3937492,0.0,151.574997,0.0
2025-10-17 08:21:26+00:00,2025-10-17 08:21:26,,,,,,,,,,48.9862518,7.03437519,1042.65002,933.299988,13.875,1.0,,17.31,0.0,13.93,45.3937492,,45.3937492,0.0,151.574997,0.0
2025-10-17 08:21:27+00:00,2025-10-17 08:21:27,,,,,,,,,,47.15625,7.03437519,1043.02502,933.375,13.875,1.0,,17.31,0.0,13.82,45.3937492,,45.3937492,0.0,151.5,0.0
2025-10-17 08:21:28+00:00,2025-10-17 08:21:28,,,,,,,,,,46.9537506,7.01093769,1043.25,933.375,13.8874998,1.0,,17.31,0.0,13.82,45.2249985,38.0,45.2249985,0.0,151.574997,0.0
2025-10-17 08:21:29+00:00,2025-10-17 08:21:29,,,,,,,,,,46.9575005,7.01093769,1043.625,933.375,13.875,1.0,,17.31,0.0,13.82,44.8312492,,44.8312492,0.0,151.574997,0.0
2025-10-17 08:21:30+00:00,2025-10-17 08:21:30,46.0,47.0,46.0,46.0,46.0,14.301193438772314,205.0,BO_O2,"O2 규칙 적용: 7.0% (7.0% < O2 ≤ 8.0%) (2단계 롤백, 3~4단계에서 Hz 변화 없음)",46.9500008,6.98124981,1043.84998,933.450012,13.875,1.0,,17.31,0.0,13.82,44.15625,,44.15625,0.0,151.574997,0.0
2025-10-17 08:21:31+00:00,2025-10-17 08:21:31,,,,,,,,,,46.9500008,6.9593749,1044.22498,933.450012,13.875,1.0,,17.31,0.0,13.82,43.3499985,,43.3499985,0.0,151.574997,0.0
2025-10-17 08:21:32+00:00,2025-10-17 08:21:32,,,,,,,,,,46.9500008,6.9593749,1044.52502,933.450012,13.875,1.0,,17.31,0.0,13.82,42.6375008,,42.6375008,0.0,153.300003,0.0
2025-10-17 08:21:33+00:00,2025-10-17 08:21:33,,,,,,,,,,46.9387512,6.9375,1044.82495,933.525024,13.875,1.0,,17.31,0.0,13.82,42.3093758,,42.3093758,0.0,153.300003,0.0
2025-10-17 08:21:34+00:00,2025-10-17 08:21:34,,,,,,,,,,46.9462509,6.9124999,1045.125,933.525024,13.875,1.0,,17.31,0.0,13.82,41.8687515,,41.8687515,0.0,153.300003,0.0
2025-10-17 08:21:35+00:00,2025-10-17 08:21:35,47.0,47.0,47.0,47.0,47.0,14.564369187644562,100.0,BO_ONLY,"BO 모델 결과만 사용 (1단계 롤백, 2~4단계에서 Hz 변화 없음)",46.9500008,6.9124999,1045.5,933.599976,13.875,1.0,,17.31,0.0,13.82,41.8312492,,41.8312492,0.0,153.300003,0.0
2025-10-17 08:21:36+00:00,2025-10-17 08:21:36,,,,,,,,,,46.9387512,6.88749981,1045.72498,933.599976,13.875,1.0,,17.31,0.0,13.82,41.8312492,,41.8312492,0.0,153.300003,0.0
2025-10-17 08:21:37+00:00,2025-10-17 08:21:37,,,,,,,,,,47.6775017,6.88749981,1046.17505,933.599976,13.875,1.0,,17.31,0.0,13.92,41.8312492,,41.8312492,0.0,153.300003,0.0
2025-10-17 08:21:38+00:00,2025-10-17 08:21:38,,,,,,,,,,48.0037498,6.87031269,1046.47498,933.599976,13.875,1.0,,17.31,0.0,13.92,41.8312492,,41.8312492,0.0,153.225006,0.0
2025-10-17 08:21:39+00:00,2025-10-17 08:21:39,,,,,,,,,,47.9850006,6.8687501,1046.92505,933.674988,13.875,1.0,,17.31,0.0,13.92,41.8312492,,41.8312492,0.0,154.725006,0.0
2025-10-17 08:21:40+00:00,2025-10-17 08:21:40,47.0,47.0,47.0,47.0,47.0,14.50749771695689,100.0,BO_ONLY,"BO 모델 결과만 사용 (1단계 롤백, 2~4단계에서 Hz 변화 없음)",47.9925003,6.8687501,1047.15002,933.75,13.875,1.0,,17.31,0.0,13.92,42.0374985,,42.0374985,0.0,154.199997,0.0
2025-10-17 08:21:41+00:00,2025-10-17 08:21:41,,,,,,,,,,48.0,6.87812519,1047.59998,933.75,13.875,1.0,,17.31,0.0,13.92,42.5437508,38.0,42.5437508,0.0,153.300003,0.0
2025-10-17 08:21:42+00:00,2025-10-17 08:21:42,,,,,,,,,,47.9887505,6.8890624,1047.90002,933.825012,13.875,1.0,,17.31,0.0,13.92,42.8812485,,42.8812485,0.0,153.300003,0.0
2025-10-17 08:21:43+00:00,2025-10-17 08:21:43,,,,,,,,,,47.9887505,6.8890624,1048.34998,933.900024,13.875,1.0,,17.31,0.0,13.92,43.1531258,,43.1531258,0.0,154.725006,0.0
2025-10-17 08:21:44+00:00,2025-10-17 08:21:44,,,,,,,,,,48.0,6.89375019,1048.65002,933.900024,13.875,1.0,,17.31,0.0,13.92,43.3406258,,43.3406258,0.0,154.800003,0.0
2025-10-17 08:21:45+00:00,2025-10-17 08:21:45,47.0,47.0,47.0,47.0,47.0,13.510652217094208,100.0,BO_ONLY,"BO 모델 결과만 사용 (1단계 롤백, 2~4단계에서 Hz 변화 없음)",47.9850006,6.89375019,1049.09998,933.974976,13.875,1.0,,17.31,0.0,13.92,43.3312492,,43.3312492,0.0,154.800003,0.0
2025-10-17 08:21:46+00:00,2025-10-17 08:21:46,,,,,,,,,,47.9850006,6.8921876,1049.40002,934.049988,13.875,1.0,,17.31,0.0,13.92,43.3406258,,43.3406258,0.0,154.725006,0.0
2025-10-17 08:21:47+00:00,2025-10-17 08:21:47,,,,,,,,,,48.0074997,6.88593769,1049.84998,934.125,13.875,1.0,,17.31,0.0,13.88,43.5187492,,43.5187492,0.0,154.725006,0.0
2025-10-17 08:21:48+00:00,2025-10-17 08:21:48,,,,,,,,,,47.9962502,6.88593769,1050.22498,934.125,13.875,1.0,,17.31,0.0,13.88,43.5187492,,43.5187492,0.0,154.800003,0.0
2025-10-17 08:21:49+00:00,2025-10-17 08:21:49,,,,,,,,,,47.9925003,6.8656249,1050.59998,934.200012,13.8874998,1.0,,17.31,0.0,13.88,43.5187492,,43.5187492,0.0,154.800003,0.0
2025-10-17 08:21:50+00:00,2025-10-17 08:21:50,47.0,47.0,47.0,47.0,47.0,13.521642614001024,100.0,BO_ONLY,"BO 모델 결과만 사용 (1단계 롤백, 2~4단계에서 Hz 변화 없음)",47.9962502,6.83281231,1050.90002,934.275024,13.9624996,1.0,,17.31,0.0,13.88,43.5093765,,43.5093765,0.0,154.800003,0.0
2025-10-17 08:21:51+00:00,2025-10-17 08:21:51,,,,,,,,,,48.0,6.83281231,1051.34998,934.275024,13.9624996,1.0,,17.31,0.0,13.88,43.5187492,,43.5187492,0.0,154.800003,0.0
2025-10-17 08:21:52+00:00,2025-10-17 08:21:52,,,,,,,,,,47.9850006,6.79218769,1051.57495,934.349976,13.9624996,1.0,,17.31,0.0,13.88,43.5187492,,43.5187492,0.0,154.800003,0.0
2025-10-17 08:21:53+00:00,2025-10-17 08:21:53,,,,,,,,,,47.9962502,6.79218769,1052.02502,934.424988,13.9624996,1.0,,17.31,0.0,13.88,43.5187492,,43.5187492,0.0,154.800003,0.0
2025-10-17 08:21:54+00:00,2025-10-17 08:21:54,,,,,,,,,,47.9962502,6.7484374,1052.25,934.424988,13.9624996,1.0,,17.31,0.0,13.88,43.5093765,,43.5093765,0.0,154.725006,0.0
2025-10-17 08:21:55+00:00,2025-10-17 08:21:55,47.0,47.0,47.0,47.0,47.0,14.646649671076538,100.0,BO_ONLY,"BO 모델 결과만 사용 (1단계 롤백, 2~4단계에서 Hz 변화 없음)",47.9925003,6.7093749,1052.69995,934.575012,14.125,1.0,,17.31,0.0,13.88,43.5187492,,43.5187492,0.0,154.800003,0.0
2025-10-17 08:21:56+00:00,2025-10-17 08:21:56,,,,,,,,,,47.9887505,6.7093749,1052.92505,934.575012,14.125,1.0,,17.31,0.0,13.88,43.7062492,38.0,43.7062492,0.0,154.800003,0.0
2025-10-17 08:21:57+00:00,2025-10-17 08:21:57,,,,,,,,,,47.9925003,6.68281269,1053.375,934.575012,14.125,1.0,,17.31,0.0,13.97,43.7062492,,43.7062492,0.0,154.800003,0.0
2025-10-17 08:21:58+00:00,2025-10-17 08:21:58,,,,,,,,,,47.9850006,6.6734376,1053.59998,934.575012,14.125,1.0,,17.31,0.0,13.97,43.7062492,,43.7062492,0.0,154.800003,0.0
2025-10-17 08:21:59+00:00,2025-10-17 08:21:59,,,,,,,,,,47.9925003,6.6734376,1054.05005,934.650024,14.1625004,1.0,,17.31,0.0,13.97,43.7062492,,43.7062492,0.0,154.725006,0.0
2025-10-17 08:22:00+00:00,2025-10-17 08:22:00,47.0,47.0,47.0,47.0,47.0,15.756005435956986,100.0,BO_ONLY,"BO 모델 결과만 사용 (1단계 롤백, 2~4단계에서 Hz 변화 없음)",48.0,6.68437481,1054.27502,934.650024,14.3000002,1.0,,17.31,0.0,13.97,43.7062492,,43.7062492,0.0,154.800003,0.0
2025-10-17 08:22:01+00:00,2025-10-17 08:22:01,,,,,,,,,,48.0,6.68437481,1054.65002,934.799988,14.3000002,1.0,,17.31,0.0,13.97,43.7062492,,43.7062492,0.0,154.800003,0.0
2025-10-17 08:22:02+00:00,2025-10-17 08:22:02,,,,,,,,,,47.9925003,6.7046876,1054.875,934.799988,14.2875004,1.0,,17.31,0.0,13.97,43.5187492,,43.5187492,0.0,154.800003,0.0
2025-10-17 08:22:03+00:00,2025-10-17 08:22:03,,,,,,,,,,48.0037498,6.7265625,1055.25,934.799988,14.3000002,1.0,,17.31,0.0,13.97,43.5187492,,43.5187492,0.0,154.725006,0.0
2025-10-17 08:22:04+00:00,2025-10-17 08:22:04,,,,,,,,,,47.9962502,6.7265625,1055.47498,934.875,14.3000002,1.0,,17.31,0.0,13.97,43.5187492,,43.5187492,0.0,154.725006,0.0
2025-10-17 08:22:05+00:00,2025-10-17 08:22:05,49.0,52.0,49.0,49.0,49.0,16.23969685762751,204.0,BO_O2,"O2 규칙 적용: 6.7% (6.0% < O2 ≤ 7.0%) (2단계 롤백, 3~4단계에서 Hz 변화 없음)",47.9962502,6.75312519,1055.77502,934.950012,14.375,1.0,,17.31,0.0,13.97,43.5187492,,43.5187492,0.0,154.725006,0.0
2025-10-17 08:22:06+00:00,2025-10-17 08:22:06,,,,,,,,,,47.9887505,6.7906251,1055.92505,934.950012,14.375,1.0,,17.31,0.0,13.97,43.5187492,,43.5187492,0.0,154.800003,0.0
2025-10-17 08:22:07+00:00,2025-10-17 08:22:07,,,,,,,,,,47.9962502,6.7906251,1056.30005,934.950012,14.3874998,1.0,,17.31,0.0,14.34,43.5187492,,43.5187492,0.0,154.725006,0.0
2025-10-17 08:22:08+00:00,2025-10-17 08:22:08,,,,,,,,,,47.9925003,6.8296876,1056.52502,935.025024,14.3874998,1.0,,17.31,0.0,14.34,43.5187492,,43.5187492,0.0,154.725006,0.0
2025-10-17 08:22:09+00:00,2025-10-17 08:22:09,,,,,,,,,,48.0037498,6.8296876,1056.82495,935.025024,14.4375,1.0,,17.31,0.0,14.34,43.5093765,,43.5093765,0.0,154.800003,0.0
2025-10-17 08:22:10+00:00,2025-10-17 08:22:10,47.0,47.0,47.0,47.0,47.0,16.24567885607169,100.0,BO_ONLY,"BO 모델 결과만 사용 (1단계 롤백, 2~4단계에서 Hz 변화 없음)",48.0,6.86406231,1057.05005,935.099976,14.6499996,1.0,,17.31,0.0,14.34,43.5187492,,43.5187492,0.0,154.800003,0.0
2025-10-17 08:22:11+00:00,2025-10-17 08:22:11,,,,,,,,,,47.9812508,6.8921876,1057.42505,935.174988,14.6499996,1.0,,17.31,0.0,14.34,43.5187492,,43.5187492,0.0,154.725006,0.0
2025-10-17 08:22:12+00:00,2025-10-17 08:22:12,,,,,,,,,,47.9962502,6.8921876,1057.65002,935.174988,14.6499996,1.0,,17.31,0.0,14.34,43.5187492,,43.5187492,0.0,154.800003,0.0
2025-10-17 08:22:13+00:00,2025-10-17 08:22:13,,,,,,,,,,47.9962502,6.91874981,1058.02502,935.174988,14.6499996,1.0,,17.31,0.0,14.34,43.5187492,,43.5187492,0.0,154.800003,0.0
2025-10-17 08:22:14+00:00,2025-10-17 08:22:14,,,,,,,,,,48.0037498,6.9453125,1058.25,935.25,14.6499996,1.0,,17.31,0.0,14.34,43.5187492,,43.5187492,0.0,154.725006,0.0
2025-10-17 08:22:15+00:00,2025-10-17 08:22:15,47.0,47.0,47.0,47.0,47.0,16.70515859625604,100.0,BO_ONLY,"BO 모델 결과만 사용 (1단계 롤백, 2~4단계에서 Hz 변화 없음)",47.9925003,6.9453125,1058.55005,935.25,14.8999996,1.0,,17.31,0.0,14.34,43.5187492,,43.5187492,0.0,153.600006,0.0
2025-10-17 08:22:16+00:00,2025-10-17 08:22:16,,,,,,,,,,47.9925003,6.97343731,1058.69995,935.25,14.8999996,1.0,,17.31,0.0,14.34,43.5187492,,43.5187492,0.0,153.300003,0.0
2025-10-17 08:22:17+00:00,2025-10-17 08:22:17,,,,,,,,,,47.9887505,6.97343731,1059.0,935.325012,14.8999996,1.0,,17.31,0.0,14.65,43.5187492,,43.5187492,0.0,153.300003,0.0
2025-10-17 08:22:18+00:00,2025-10-17 08:22:18,,,,,,,,,,48.0,7.00312519,1059.15002,935.325012,14.8999996,1.0,,17.31,0.0,14.65,43.5187492,,43.5187492,0.0,153.300003,0.0
2025-10-17 08:22:19+00:00,2025-10-17 08:22:19,,,,,,,,,,47.9887505,7.02812481,1059.44995,935.325012,14.9375,1.0,,17.31,0.0,14.65,43.5187492,,43.5187492,0.0,153.300003,0.0
2025-10-17 08:22:20+00:00,2025-10-17 08:22:20,47.0,47.0,47.0,47.0,47.0,16.729912605498306,100.0,BO_ONLY,"BO 모델 결과만 사용 (1단계 롤백, 2~4단계에서 Hz 변화 없음)",47.9887505,7.02812481,1059.59998,935.325012,15.0625,1.0,,17.31,0.0,14.65,43.5187492,,43.5187492,0.0,153.300003,0.0
2025-10-17 08:22:21+00:00,2025-10-17 08:22:21,,,,,,,,,,47.9925003,7.0390625,1059.90002,935.325012,15.0625,1.0,,17.31,0.0,14.65,43.5093765,,43.5093765,0.0,153.300003,0.0
2025-10-17 08:22:22+00:00,2025-10-17 08:22:22,,,,,,,,,,48.0,7.0484376,1059.97498,935.400024,15.0625,1.0,,17.31,0.0,14.65,43.5093765,,43.5093765,0.0,153.300003,0.0
2025-10-17 08:22:23+00:00,2025-10-17 08:22:23,,,,,,,,,,47.9925003,7.0484376,1060.27502,935.400024,15.0625,1.0,,17.31,0.0,14.65,43.5187492,,43.5187492,0.0,153.300003,0.0
2025-10-17 08:22:24+00:00,2025-10-17 08:22:24,,,,,,,,,,47.9887505,7.05937481,1060.42505,935.400024,15.0625,1.0,,17.31,0.0,14.65,43.5187492,,43.5187492,0.0,153.300003,0.0
2025-10-17 08:22:25+00:00,2025-10-17 08:22:25,46.0,47.0,46.0,46.0,46.0,17.302555083679227,205.0,BO_O2,"O2 규칙 적용: 7.0% (7.0% < O2 ≤ 8.0%) (2단계 롤백, 3~4단계에서 Hz 변화 없음)",48.0037498,7.05937481,1060.57495,935.474976,15.3125,1.0,,17.31,0.0,14.65,43.5187492,,43.5187492,0.0,153.300003,0.0
2025-10-17 08:22:26+00:00,2025-10-17 08:22:26,,,,,,,,,,47.9850006,7.07499981,1060.72498,935.474976,15.3125,1.0,,17.31,0.0,14.65,43.5187492,,43.5187492,0.0,153.300003,0.0
2025-10-17 08:22:27+00:00,2025-10-17 08:22:27,,,,,,,,,,47.9775009,7.09687519,1060.94995,935.474976,15.3249998,1.0,,17.31,0.0,15.1,43.5187492,43.20680375729881,43.5187492,0.0,153.300003,0.0
2025-10-17 08:22:28+00:00,2025-10-17 08:22:28,,,,,,,,,,46.9724998,7.09687519,1061.09998,935.474976,15.3249998,1.0,,17.31,0.0,15.1,43.5187492,,43.5187492,0.0,153.300003,0.0
2025-10-17 08:22:29+00:00,2025-10-17 08:22:29,,,,,,,,,,46.9537506,7.1187501,1061.32495,935.474976,15.3500004,1.0,,17.31,0.0,15.1,43.3499985,,43.3499985,0.0,153.300003,0.0
2025-10-17 08:22:30+00:00,2025-10-17 08:22:30,46.0,47.0,46.0,46.0,46.0,17.10369279746203,205.0,BO_O2,"O2 규칙 적용: 7.1% (7.0% < O2 ≤ 8.0%) (2단계 롤백, 3~4단계에서 Hz 변화 없음)",46.9612503,7.1421876,1061.40002,935.549988,15.4875002,1.0,,17.31,0.0,15.1,43.3312492,,43.3312492,0.0,153.300003,0.0
2025-10-17 08:22:31+00:00,2025-10-17 08:22:31,,,,,,,,,,46.9500008,7.1421876,1061.55005,935.549988,15.4875002,1.0,,17.31,0.0,15.1,42.8250008,,42.8250008,0.0,153.225006,0.0
2025-10-17 08:22:32+00:00,2025-10-17 08:22:32,,,,,,,,,,46.9537506,7.16718769,1061.69995,935.549988,15.4875002,1.0,,17.31,0.0,15.1,42.5718765,,42.5718765,0.0,153.300003,0.0
2025-10-17 08:22:33+00:00,2025-10-17 08:22:33,,,,,,,,,,46.9462509,7.16718769,1061.92505,935.549988,15.4875002,1.0,,17.31,0.0,15.1,42.1312485,,42.1312485,0.0,153.300003,0.0
2025-10-17 08:22:34+00:00,2025-10-17 08:22:34,,,,,,,,,,46.9575005,7.1937499,1062.0,935.549988,15.4875002,1.0,,17.31,0.0,15.1,41.8218765,,41.8218765,0.0,153.300003,0.0
2025-10-17 08:22:35+00:00,2025-10-17 08:22:35,46.0,48.0,46.0,46.0,46.0,17.222707788301793,205.0,BO_O2,"O2 규칙 적용: 7.2% (7.0% < O2 ≤ 8.0%) (2단계 롤백, 3~4단계에서 Hz 변화 없음)",46.9500008,7.2249999,1062.22498,935.549988,15.5625,1.0,,17.31,0.0,15.1,41.8312492,,41.8312492,0.0,153.300003,0.0
2025-10-17 08:22:36+00:00,2025-10-17 08:22:36,,,,,,,,,,46.9500008,7.2249999,1062.375,935.549988,15.5625,1.0,,17.31,0.0,15.1,41.8312492,,41.8312492,0.0,153.300003,0.0
2025-10-17 08:22:37+00:00,2025-10-17 08:22:37,,,,,,,,,,46.9462509,7.2640624,1062.52502,935.549988,15.5749998,1.0,,17.31,0.0,15.47,41.8218765,,41.8218765,0.0,154.725006,0.0
2025-10-17 08:22:38+00:00,2025-10-17 08:22:38,,,,,,,,,,46.9500008,7.30156231,1062.67505,935.549988,15.5749998,1.0,,17.31,0.0,15.47,41.8218765,,41.8218765,0.0,154.725006,0.0
2025-10-17 08:22:39+00:00,2025-10-17 08:22:39,,,,,,,,,,46.9387512,7.30156231,1062.90002,935.549988,15.625,1.0,,17.31,0.0,15.47,41.8312492,,41.8312492,0.0,154.725006,0.0
2025-10-17 08:22:40+00:00,2025-10-17 08:22:40,46.0,48.0,46.0,46.0,46.0,17.366637260790192,205.0,BO_O2,"O2 규칙 적용: 7.2% (7.0% < O2 ≤ 8.0%) (2단계 롤백, 3~4단계에서 Hz 변화 없음)",46.9762497,7.3343749,1063.05005,935.549988,15.8125,1.0,,17.31,0.0,15.47,41.8312492,,41.8312492,0.0,154.725006,0.0
2025-10-17 08:22:41+00:00,2025-10-17 08:22:41,,,,,,,,,,46.9425011,7.3343749,1063.27502,935.549988,15.8249998,1.0,,17.31,0.0,15.47,41.8312492,45.006803757298805,41.8312492,0.0,154.725006,0.0
2025-10-17 08:22:42+00:00,2025-10-17 08:22:42,,,,,,,,,,46.9462509,7.37187481,1063.42505,935.549988,15.8125,1.0,,17.31,0.0,15.47,41.8218765,,41.8218765,0.0,154.725006,0.0
2025-10-17 08:22:43+00:00,2025-10-17 08:22:43,,,,,,,,,,46.9462509,7.4140625,1063.65002,935.549988,15.8249998,1.0,,17.31,0.0,15.47,41.8218765,,41.8218765,0.0,154.725006,0.0
2025-10-17 08:22:44+00:00,2025-10-17 08:22:44,,,,,,,,,,46.9575005,7.4140625,1063.72498,935.549988,15.8249998,1.0,,17.31,0.0,15.47,41.8312492,,41.8312492,0.0,154.725006,0.0
2025-10-17 08:22:45+00:00,2025-10-17 08:22:45,46.0,48.0,46.0,46.0,46.0,17.253520874731088,205.0,BO_O2,"O2 규칙 적용: 7.4% (7.0% < O2 ≤ 8.0%) (2단계 롤백, 3~4단계에서 Hz 변화 없음)",46.9500008,7.45625019,1063.94995,935.474976,15.8999996,1.0,,17.31,0.0,15.47,41.8312492,,41.8312492,0.0,154.725006,0.0
2025-10-17 08:22:46+00:00,2025-10-17 08:22:46,,,,,,,,,,46.9425011,7.49531269,1064.02502,935.549988,15.8999996,1.0,,17.31,0.0,15.47,41.8218765,,41.8218765,0.0,154.800003,0.0
2025-10-17 08:22:47+00:00,2025-10-17 08:22:47,,,,,,,,,,46.9537506,7.49531269,1064.25,935.474976,15.8999996,1.0,,17.31,0.0,15.85,41.8218765,,41.8218765,0.0,154.725006,0.0
2025-10-17 08:22:48+00:00,2025-10-17 08:22:48,,,,,,,,,,46.9387512,7.5250001,1064.32495,935.549988,15.8999996,1.0,,17.31,0.0,15.85,41.8312492,,41.8312492,0.0,154.725006,0.0
2025-10-17 08:22:49+00:00,2025-10-17 08:22:49,,,,,,,,,,46.9500008,7.5250001,1064.55005,935.549988,15.9375,1.0,,17.31,0.0,15.85,41.8312492,,41.8312492,0.0,154.800003,0.0
2025-10-17 08:22:50+00:00,2025-10-17 08:22:50,46.0,48.0,46.0,46.0,46.0,16.98113333466773,205.0,BO_O2,"O2 규칙 적용: 7.5% (7.0% < O2 ≤ 8.0%) (2단계 롤백, 3~4단계에서 Hz 변화 없음)",46.9425011,7.5453124,1064.69995,935.549988,16.0750008,1.0,,17.31,0.0,15.85,41.8218765,,41.8218765,0.0,154.725006,0.0
2025-10-17 08:22:51+00:00,2025-10-17 08:22:51,,,,,,,,,,46.9500008,7.55937481,1064.84998,935.474976,16.0750008,1.0,,17.31,0.0,15.85,41.8312492,,41.8312492,0.0,154.725006,0.0
2025-10-17 08:22:52+00:00,2025-10-17 08:22:52,,,,,,,,,,46.9500008,7.55937481,1064.92505,935.474976,16.0750008,1.0,,17.31,0.0,15.85,41.8218765,,41.8218765,0.0,154.725006,0.0
2025-10-17 08:22:53+00:00,2025-10-17 08:22:53,,,,,,,,,,46.9462509,7.5718751,1065.07495,935.474976,16.0750008,1.0,,17.31,0.0,15.85,41.8312492,,41.8312492,0.0,154.800003,0.0
2025-10-17 08:22:54+00:00,2025-10-17 08:22:54,,,,,,,,,,46.9387512,7.5796876,1065.22498,935.474976,16.0750008,1.0,,17.31,0.0,15.85,41.8218765,,41.8218765,0.0,156.225006,0.0
2025-10-17 08:22:55+00:00,2025-10-17 08:22:55,46.0,48.0,46.0,46.0,46.0,17.29844784893134,205.0,BO_O2,"O2 규칙 적용: 7.6% (7.0% < O2 ≤ 8.0%) (2단계 롤백, 3~4단계에서 Hz 변화 없음)",46.9500008,7.5796876,1065.375,935.474976,16.0625,1.0,,17.31,0.0,15.85,41.8218765,45.006803757298805,41.8218765,0.0,156.225006,0.0
2025-10-17 08:22:56+00:00,2025-10-17 08:22:56,,,,,,,,,,46.9425011,7.5859375,1065.44995,935.474976,16.0750008,1.0,,17.31,0.0,15.85,41.8312492,,41.8312492,0.0,156.225006,0.0
2025-10-17 08:22:57+00:00,2025-10-17 08:22:57,,,,,,,,,,46.9500008,7.5859375,1065.52502,935.474976,16.0750008,1.0,,17.31,0.0,16.11,41.8312492,,41.8312492,0.0,156.225006,0.0
2025-10-17 08:22:58+00:00,2025-10-17 08:22:58,,,,,,,,,,46.9387512,7.59375,1065.59998,935.400024,16.0750008,1.0,,17.31,0.0,16.11,41.8218765,,41.8218765,0.0,156.225006,0.0
2025-10-17 08:22:59+00:00,2025-10-17 08:22:59,,,,,,,,,,46.9462509,7.60468769,1065.67505,935.400024,16.0750008,1.0,,17.31,0.0,16.11,41.8218765,,41.8218765,0.0,156.225006,0.0
2025-10-17 08:23:00+00:00,2025-10-17 08:23:00,46.0,48.0,46.0,46.0,46.0,17.414278789550096,205.0,BO_O2,"O2 규칙 적용: 7.6% (7.0% < O2 ≤ 8.0%) (2단계 롤백, 3~4단계에서 Hz 변화 없음)",46.9425011,7.60468769,1065.75,935.400024,16.0625,1.0,,17.31,0.0,16.11,41.8218765,,41.8218765,0.0,156.149994,0.0
2025-10-17 08:23:01+00:00,2025-10-17 08:23:01,,,,,,,,,,46.9500008,7.62031269,1065.82495,935.325012,16.0625,1.0,,17.31,0.0,16.11,41.8312492,,41.8312492,0.0,156.225006,0.0
2025-10-17 08:23:02+00:00,2025-10-17 08:23:02,,,,,,,,,,46.9462509,7.6468749,1065.90002,935.325012,16.0750008,1.0,,17.31,0.0,16.11,41.8218765,,41.8218765,0.0,156.225006,0.0
2025-10-17 08:23:03+00:00,2025-10-17 08:23:03,,,,,,,,,,46.9462509,7.6468749,1065.97498,935.400024,16.0750008,1.0,,17.31,0.0,16.11,41.8218765,,41.8218765,0.0,156.225006,0.0
2025-10-17 08:23:04+00:00,2025-10-17 08:23:04,,,,,,,,,,46.9537506,7.6703124,1065.97498,935.325012,16.0750008,1.0,,17.31,0.0,16.11,41.8312492,,41.8312492,0.0,156.149994,0.0
2025-10-17 08:23:05+00:00,2025-10-17 08:23:05,46.0,48.0,46.0,46.0,46.0,17.09912232716632,205.0,BO_O2,"O2 규칙 적용: 7.6% (7.0% < O2 ≤ 8.0%) (2단계 롤백, 3~4단계에서 Hz 변화 없음)",46.9462509,7.6937499,1066.125,935.325012,16.0750008,1.0,,17.31,0.0,16.11,41.8218765,,41.8218765,0.0,156.225006,0.0
2025-10-17 08:23:06+00:00,2025-10-17 08:23:06,,,,,,,,,,46.9425011,7.6937499,1066.125,935.325012,16.0750008,1.0,,17.31,0.0,16.11,41.8218765,,41.8218765,0.0,156.225006,0.0
2025-10-17 08:23:07+00:00,2025-10-17 08:23:07,,,,,,,,,,46.9537506,7.71562481,1066.27502,935.25,16.0750008,1.0,,17.31,0.0,16.06,41.8218765,,41.8218765,0.0,156.225006,0.0
2025-10-17 08:23:08+00:00,2025-10-17 08:23:08,,,,,,,,,,46.9462509,7.71562481,1066.27502,935.25,16.0750008,1.0,,17.31,0.0,16.06,41.8312492,,41.8312492,0.0,156.149994,0.0
2025-10-17 08:23:09+00:00,2025-10-17 08:23:09,,,,,,,,,,46.9500008,7.73906231,1066.34998,935.25,16.0125008,1.0,,17.31,0.0,16.06,41.8312492,,41.8312492,0.0,156.300003,0.0
2025-10-17 08:23:10+00:00,2025-10-17 08:23:10,46.0,48.0,46.0,46.0,46.0,16.316846973792835,205.0,BO_O2,"O2 규칙 적용: 7.7% (7.0% < O2 ≤ 8.0%) (2단계 롤백, 3~4단계에서 Hz 변화 없음)",46.9387512,7.7640624,1066.42505,935.25,15.8125,1.0,,17.31,0.0,16.06,41.8218765,,41.8218765,0.0,156.225006,0.0
2025-10-17 08:23:11+00:00,2025-10-17 08:23:11,,,,,,,,,,46.9537506,7.7640624,1066.5,935.174988,15.8125,1.0,,17.31,0.0,16.06,41.8218765,,41.8218765,0.0,156.225006,0.0
2025-10-17 08:23:12+00:00,2025-10-17 08:23:12,,,,,,,,,,46.9425011,7.78593731,1066.5,935.099976,15.8125,1.0,,17.31,0.0,16.06,41.8312492,44.10680375729881,41.8312492,0.0,156.225006,0.0
2025-10-17 08:23:13+00:00,2025-10-17 08:23:13,,,,,,,,,,46.9387512,7.78593731,1066.5,935.099976,15.8125,1.0,,17.31,0.0,16.06,41.8312492,,41.8312492,0.0,156.225006,0.0
2025-10-17 08:23:14+00:00,2025-10-17 08:23:14,,,,,,,,,,46.9462509,7.8062501,1066.65002,935.099976,15.8249998,1.0,,17.31,0.0,16.06,41.8312492,,41.8312492,0.0,156.225006,0.0
2025-10-17 08:23:15+00:00,2025-10-17 08:23:15,46.0,48.0,46.0,46.0,46.0,15.1634146285259,205.0,BO_O2,"O2 규칙 적용: 7.8% (7.0% < O2 ≤ 8.0%) (2단계 롤백, 3~4단계에서 Hz 변화 없음)",46.9500008,7.8296876,1066.72498,935.099976,15.8125,1.0,,17.31,0.0,16.06,41.8218765,,41.8218765,0.0,156.225006,0.0
2025-10-17 08:23:16+00:00,2025-10-17 08:23:16,,,,,,,,,,46.9537506,7.8296876,1066.80005,935.025024,15.8125,1.0,,17.31,0.0,16.06,41.8312492,,41.8312492,0.0,156.149994,0.0
2025-10-17 08:23:17+00:00,2025-10-17 08:23:17,,,,,,,,,,44.0849991,7.8578124,1066.80005,934.950012,15.8249998,1.0,,17.31,0.0,15.89,41.8312492,,41.8312492,0.0,156.225006,0.0
2025-10-17 08:23:18+00:00,2025-10-17 08:23:18,,,,,,,,,,42.8549995,7.890625,1066.80005,934.950012,15.8249998,1.0,,17.31,0.0,15.89,41.8218765,,41.8218765,0.0,154.800003,0.0
2025-10-17 08:23:19+00:00,2025-10-17 08:23:19,,,,,,,,,,42.8400002,7.890625,1066.875,934.950012,15.8374996,1.0,,17.31,0.0,15.89,41.5499992,,41.5499992,0.0,156.149994,0.0
2025-10-17 08:23:20+00:00,2025-10-17 08:23:20,46.0,48.0,46.0,46.0,46.0,15.31158779666921,205.0,BO_O2,"O2 규칙 적용: 7.8% (7.0% < O2 ≤ 8.0%) (2단계 롤백, 3~4단계에서 Hz 변화 없음)",42.84375,7.9203124,1066.875,934.875,15.8999996,1.0,,17.31,0.0,15.89,40.5656242,,40.5656242,0.0,156.225006,0.0
2025-10-17 08:23:21+00:00,2025-10-17 08:23:21,,,,,,,,,,42.8325005,7.9203124,1066.94995,934.875,15.8999996,1.0,,17.31,0.0,15.89,39.5250015,,39.5250015,0.0,156.225006,0.0
2025-10-17 08:23:22+00:00,2025-10-17 08:23:22,,,,,,,,,,42.8287506,7.953125,1066.875,934.799988,15.8999996,1.0,,17.31,0.0,15.89,37.9968758,,37.9968758,0.0,156.225006,0.0
2025-10-17 08:23:23+00:00,2025-10-17 08:23:23,,,,,,,,,,42.84375,7.9859376,1066.80005,934.799988,15.8999996,1.0,,17.31,0.0,15.89,36.703125,,36.703125,0.0,156.225006,0.0
2025-10-17 08:23:24+00:00,2025-10-17 08:23:24,,,,,,,,,,42.8325005,7.9859376,1066.80005,934.650024,15.8999996,1.0,,17.31,0.0,15.89,35.90625,,35.90625,0.0,156.149994,0.0
2025-10-17 08:23:25+00:00,2025-10-17 08:23:25,46.0,48.0,46.0,46.0,46.0,15.73064410356581,205.0,BO_O2,"O2 규칙 적용: 7.9% (7.0% < O2 ≤ 8.0%) (2단계 롤백, 3~4단계에서 Hz 변화 없음)",42.8400002,8.015625,1066.72498,934.650024,15.6499996,1.0,,17.31,0.0,15.89,35.3250008,,35.3250008,0.0,156.149994,0.0
2025-10-17 08:23:26+00:00,2025-10-17 08:23:26,,,,,,,,,,42.8400002,8.04062462,1066.72498,934.575012,15.6499996,1.0,,17.31,0.0,15.89,35.109375,44.10680375729881,35.109375,0.0,156.225006,0.0
2025-10-17 08:23:27+00:00,2025-10-17 08:23:27,,,,,,,,,,42.84375,8.04062462,1066.65002,934.575012,15.6499996,1.0,,17.31,0.0,15.94,34.9312515,,34.9312515,0.0,156.225006,0.0
2025-10-17 08:23:28+00:00,2025-10-17 08:23:28,,,,,,,,,,42.8325005,8.06406212,1066.57495,934.5,15.6499996,1.0,,17.31,0.0,15.94,34.8937492,,34.8937492,0.0,156.225006,0.0
2025-10-17 08:23:29+00:00,2025-10-17 08:23:29,,,,,,,,,,42.8325005,8.06406212,1066.5,934.424988,15.6999998,1.0,,17.31,0.0,15.94,34.7437515,,34.7437515,0.0,156.225006,0.0
2025-10-17 08:23:30+00:00,2025-10-17 08:23:30,44.0,44.0,44.0,44.0,44.0,14.729450932647222,100.0,BO_ONLY,"BO 모델 결과만 사용 (1단계 롤백, 2~4단계에서 Hz 변화 없음)",42.8325005,8.08906269,1066.42505,934.349976,15.8249998,1.0,,17.31,0.0,15.94,34.7437515,,34.7437515,0.0,156.149994,0.0
2025-10-17 08:23:31+00:00,2025-10-17 08:23:31,,,,,,,,,,42.8400002,8.11093712,1066.27502,934.349976,15.8249998,1.0,,17.31,0.0,15.94,34.734375,,34.734375,0.0,156.225006,0.0
2025-10-17 08:23:32+00:00,2025-10-17 08:23:32,,,,,,,,,,42.8325005,8.11093712,1066.19995,934.275024,15.8125,1.0,,17.31,0.0,15.94,34.7437515,,34.7437515,0.0,156.225006,0.0
2025-10-17 08:23:33+00:00,2025-10-17 08:23:33,,,,,,,,,,42.8325005,8.13437462,1066.125,934.200012,15.8125,1.0,,17.31,0.0,15.94,34.5750008,,34.5750008,0.0,156.225006,0.0
2025-10-17 08:23:34+00:00,2025-10-17 08:23:34,,,,,,,,,,42.8287506,8.16250038,1065.97498,934.200012,15.8249998,1.0,,17.31,0.0,15.94,34.5656242,,34.5656242,0.0,156.225006,0.0
2025-10-17 08:23:35+00:00,2025-10-17 08:23:35,44.0,44.0,44.0,44.0,44.0,15.57893910475563,100.0,BO_ONLY,"BO 모델 결과만 사용 (1단계 롤백, 2~4단계에서 Hz 변화 없음)",42.8250008,8.16250038,1065.90002,934.125,15.8249998,1.0,,17.31,0.0,15.94,34.5562515,,34.5562515,0.0,156.225006,0.0
2025-10-17 08:23:36+00:00,2025-10-17 08:23:36,,,,,,,,,,42.8325005,8.19999981,1065.75,934.049988,15.8125,1.0,,17.31,0.0,15.94,34.5562515,,34.5562515,0.0,156.225006,0.0
2025-10-17 08:23:37+00:00,2025-10-17 08:23:37,,,,,,,,,,42.8362503,8.19999981,1065.75,933.974976,15.8249998,1.0,,17.31,0.0,15.84,34.5562515,,34.5562515,0.0,156.225006,0.0
2025-10-17 08:23:38+00:00,2025-10-17 08:23:38,,,,,,,,,,42.8325005,8.24062538,1065.59998,933.900024,15.8249998,1.0,,17.31,0.0,15.84,34.5656242,,34.5656242,0.0,156.225006,0.0
