time,_time_gateway,ACT_SNR_PMP_BO_0,ACT_SNR_PMP_BO_1,ACT_SNR_PMP_BO_2,ACT_SNR_PMP_BO_3,ACT_SNR_PMP_BO_4,SNR_NOX_PRED,SNR_STATUS_CODE,SNR_STAGE,SNR_MESSAGE,SNR_PMP_UW_S_1,BR1_EO_O2_A,ICF_CCS_FG_T_1,ICF_SCS_FG_T_1,ICF_TMS_NOX_A,ACC_SNR_AI_1A,ACT_STATUS,NOX_30m_Value,NOX_EQ_Status,NOX_Value,SNR_EQ_UW_F_1,ACT_SNR_PMP_UW_S,SNR_EQ_UW_F_1_1,SNR_EQ_DW_F_1,SNR_EQ_UW_F_2,IncineratorStatus,SNR_UREA_SAVING_RATE,SNR_NOX_PRED_MAE
2025-11-05 23:59:11+00:00,2025-11-05 23:59:11,,,,,,,,,,55.6912498,4.0015626,1063.65002,806.174988,26.7000008,1.0,,9.32,0.0,28.81,103.106247,,103.106247,0.0,359.924988,0.0,,
2025-11-05 23:59:12+00:00,2025-11-05 23:59:12,,,,,,,,,,55.6987495,4.0015626,1065.07495,806.325012,26.7000008,1.0,,9.32,0.0,28.81,103.087502,,103.087502,0.0,359.924988,0.0,,
2025-11-05 23:59:13+00:00,2025-11-05 23:59:13,,,,,,,,,,55.6762505,4.03593731,1066.05005,806.474976,26.6875,1.0,,9.32,0.0,28.81,103.087502,,103.087502,0.0,359.924988,0.0,,
2025-11-05 23:59:14+00:00,2025-11-05 23:59:14,,,,,,,,,,55.7024994,4.03593731,1067.55005,806.549988,26.6875,1.0,,9.32,0.0,28.81,103.106247,,103.106247,0.0,359.924988,0.0,,
2025-11-05 23:59:15+00:00,2025-11-05 23:59:15,52.0,52.0,52.0,52.0,52.0,15.150045405329822,100.0,BO_ONLY,"BO 모델 결과만 사용 (1단계 롤백, 2~4단계에서 Hz 변화 없음)",55.7062492,4.0640626,1068.52502,806.700012,25.7749996,1.0,,9.32,0.0,26.8,103.237503,38.0,103.237503,0.0,359.924988,0.0,,
2025-11-05 23:59:16+00:00,2025-11-05 23:59:16,,,,,,,,,,55.6949997,4.08906269,1069.94995,806.849976,25.7625008,1.0,,9.32,0.0,26.8,103.462502,,103.462502,0.0,359.924988,0.0,,
2025-11-05 23:59:17+00:00,2025-11-05 23:59:17,,,,,,,,,,55.6875,4.08906269,1070.84998,806.924988,25.7749996,1.0,,9.32,0.0,26.8,103.631248,,103.631248,0.0,359.924988,0.0,,
2025-11-05 23:59:18+00:00,2025-11-05 23:59:18,,,,,,,,,,53.6812515,4.10468769,1072.27502,807.150024,25.7749996,1.0,,9.32,0.0,26.8,103.837502,,103.837502,0.0,359.924988,0.0,,
2025-11-05 23:59:19+00:00,2025-11-05 23:59:19,,,,,,,,,,53.6212502,4.11406231,1073.25,807.224976,25.7749996,1.0,,9.32,0.0,26.8,103.5,,103.5,0.0,361.424988,0.0,,
2025-11-05 23:59:20+00:00,2025-11-05 23:59:20,53.0,53.0,53.0,53.0,53.0,14.18153709391489,100.0,BO_ONLY,"BO 모델 결과만 사용 (1단계 롤백, 2~4단계에서 Hz 변화 없음)",53.6062508,4.11406231,1074.52502,807.375,25.1875,1.0,,9.32,0.0,26.8,103.087502,,103.087502,0.0,361.424988,0.0,,
2025-11-05 23:59:21+00:00,2025-11-05 23:59:21,,,,,,,,,,53.6175003,4.125,1075.5,807.525024,25.1875,1.0,,9.32,0.0,26.8,101.568748,,101.568748,0.0,362.850006,0.0,,
2025-11-05 23:59:22+00:00,2025-11-05 23:59:22,,,,,,,,,,53.6962509,4.1265626,1076.84998,807.674988,25.1875,1.0,,9.32,0.0,26.8,100.125,,100.125,0.0,362.850006,0.0,,
2025-11-05 23:59:23+00:00,2025-11-05 23:59:23,,,,,,,,,,54.6300011,4.1265626,1077.75,807.825012,25.1875,1.0,,9.32,0.0,26.8,98.90625,,98.90625,0.0,362.850006,0.0,,
2025-11-05 23:59:24+00:00,2025-11-05 23:59:24,,,,,,,,,,54.6637497,4.125,1079.17505,808.049988,25.1875,1.0,,9.32,0.0,26.8,98.5687485,,98.5687485,0.0,362.549988,0.0,,
2025-11-05 23:59:25+00:00,2025-11-05 23:59:25,53.0,53.0,53.0,53.0,53.0,14.138797199950702,100.0,BO_ONLY,"BO 모델 결과만 사용 (1단계 롤백, 2~4단계에서 Hz 변화 없음)",54.6712494,4.125,1080.0,808.125,24.3250008,1.0,,9.32,0.0,25.27,98.2874985,,98.2874985,0.0,361.424988,0.0,,
2025-11-05 23:59:26+00:00,2025-11-05 23:59:26,,,,,,,,,,54.6712494,4.12187481,1081.34998,808.349976,24.3250008,1.0,,9.32,0.0,25.27,98.625,,98.625,0.0,360.524994,0.0,,
2025-11-05 23:59:27+00:00,2025-11-05 23:59:27,,,,,,,,,,54.6712494,4.1109376,1082.32495,808.5,24.3250008,1.0,,9.32,0.0,25.27,98.9812469,,98.9812469,0.0,359.924988,0.0,,
2025-11-05 23:59:28+00:00,2025-11-05 23:59:28,,,,,,,,,,54.6674995,4.1109376,1083.67505,808.724976,24.3250008,1.0,,9.32,0.0,25.27,99.6187515,,99.6187515,0.0,359.924988,0.0,,
2025-11-05 23:59:29+00:00,2025-11-05 23:59:29,,,,,,,,,,54.6712494,4.08906269,1084.57495,808.799988,24.3250008,1.0,,9.32,0.0,25.27,100.03125,,100.03125,0.0,359.924988,0.0,,
2025-11-05 23:59:30+00:00,2025-11-05 23:59:30,53.0,53.0,53.0,53.0,53.0,13.928555331587605,100.0,BO_ONLY,"BO 모델 결과만 사용 (1단계 롤백, 2~4단계에서 Hz 변화 없음)",54.6712494,4.08906269,1085.92505,809.025024,24.0,1.0,,9.32,0.0,25.27,100.087502,38.0,100.087502,0.0,359.924988,0.0,,
2025-11-05 23:59:31+00:00,2025-11-05 23:59:31,,,,,,,,,,54.6749992,4.0625,1086.90002,809.174988,23.9874992,1.0,,9.32,0.0,25.27,100.068748,,100.068748,0.0,359.924988,0.0,,
2025-11-05 23:59:32+00:00,2025-11-05 23:59:32,,,,,,,,,,54.6712494,4.0374999,1088.32495,809.400024,23.9874992,1.0,,9.32,0.0,25.27,100.068748,,100.068748,0.0,359.924988,0.0,,
2025-11-05 23:59:33+00:00,2025-11-05 23:59:33,,,,,,,,,,54.6749992,4.0374999,1089.67505,809.625,23.9874992,1.0,,9.32,0.0,25.27,100.087502,,100.087502,0.0,359.924988,0.0,,
2025-11-05 23:59:34+00:00,2025-11-05 23:59:34,,,,,,,,,,54.6712494,4.01093769,1090.57495,809.775024,23.9874992,1.0,,9.32,0.0,25.27,100.087502,,100.087502,0.0,359.924988,0.0,,
2025-11-05 23:59:35+00:00,2025-11-05 23:59:35,53.0,53.0,53.0,53.0,53.0,13.055208199721925,100.0,BO_ONLY,"BO 모델 결과만 사용 (1단계 롤백, 2~4단계에서 Hz 변화 없음)",54.6862488,3.98906255,1091.55005,809.924988,23.0625,1.0,,9.32,0.0,24.08,100.087502,,100.087502,0.0,359.924988,0.0,,
2025-11-05 23:59:36+00:00,2025-11-05 23:59:36,,,,,,,,,,54.6787491,3.98906255,1092.90002,810.150024,23.0499992,1.0,,9.32,0.0,24.08,100.068748,,100.068748,0.0,360.0,0.0,,
2025-11-05 23:59:37+00:00,2025-11-05 23:59:37,,,,,,,,,,54.6712494,3.97187495,1093.80005,810.299988,23.0625,1.0,,9.32,0.0,24.08,100.068748,,100.068748,0.0,360.0,0.0,,
2025-11-05 23:59:38+00:00,2025-11-05 23:59:38,,,,,,,,,,54.6712494,3.97187495,1095.22498,810.525024,23.0625,1.0,,9.32,0.0,24.08,100.068748,,100.068748,0.0,359.924988,0.0,,
2025-11-05 23:59:39+00:00,2025-11-05 23:59:39,,,,,,,,,,54.6787491,3.96875,1096.05005,810.75,23.0625,1.0,,9.32,0.0,24.08,100.087502,,100.087502,0.0,359.924988,0.0,,
2025-11-05 23:59:40+00:00,2025-11-05 23:59:40,54.0,53.0,53.0,54.0,54.0,13.263625279950817,308.0,BO_O2_RULE,"제어매트릭스 규칙 적용: O2_LOW (3단계 롤백, 4단계에서 Hz 변화 없음)",54.6749992,3.9765625,1097.40002,810.974976,22.5499992,1.0,,9.32,0.0,24.08,100.087502,,100.087502,0.0,360.0,0.0,,
2025-11-05 23:59:41+00:00,2025-11-05 23:59:41,,,,,,,,,,54.6899986,3.9765625,1098.30005,811.125,22.5499992,1.0,,9.32,0.0,24.08,100.068748,,100.068748,0.0,359.924988,0.0,,
2025-11-05 23:59:42+00:00,2025-11-05 23:59:42,,,,,,,,,,55.3050003,3.9765625,1099.65002,811.349976,22.5499992,1.0,,9.32,0.0,24.08,100.087502,,100.087502,0.0,359.924988,0.0,,
2025-11-05 23:59:43+00:00,2025-11-05 23:59:43,,,,,,,,,,55.6650009,3.9609375,1100.55005,811.575012,22.5499992,1.0,,9.32,0.0,24.08,100.087502,,100.087502,0.0,359.924988,0.0,,
2025-11-05 23:59:44+00:00,2025-11-05 23:59:44,,,,,,,,,,55.6987495,3.9609375,1101.90002,811.799988,22.5625,1.0,,9.32,0.0,24.08,100.087502,,100.087502,0.0,359.924988,0.0,,
2025-11-05 23:59:45+00:00,2025-11-05 23:59:45,54.0,53.0,53.0,54.0,54.0,12.768724533958547,308.0,BO_O2_RULE,"제어매트릭스 규칙 적용: O2_LOW (3단계 롤백, 4단계에서 Hz 변화 없음)",55.7099991,3.92499995,1102.72498,811.950012,21.7124996,1.0,,16.45,0.0,22.66,100.5,38.0,100.5,0.0,359.924988,0.0,,
2025-11-05 23:59:46+00:00,2025-11-05 23:59:46,,,,,,,,,,55.6987495,3.92499995,1104.07495,812.174988,21.7000008,1.0,,16.45,0.0,22.66,101.53125,,101.53125,0.0,359.850006,0.0,,
2025-11-05 23:59:47+00:00,2025-11-05 23:59:47,,,,,,,,,,55.6875,3.8765626,1104.97498,812.400024,21.7124996,1.0,,16.45,0.0,22.66,101.887497,,101.887497,0.0,359.924988,0.0,,
2025-11-05 23:59:48+00:00,2025-11-05 23:59:48,,,,,,,,,,55.6949997,3.8375001,1106.32495,812.625,21.7124996,1.0,,16.45,0.0,22.66,102.712502,,102.712502,0.0,359.924988,0.0,,
2025-11-05 23:59:49+00:00,2025-11-05 23:59:49,,,,,,,,,,55.6949997,3.8375001,1107.15002,812.849976,21.7000008,1.0,,16.45,0.0,22.66,103.087502,,103.087502,0.0,359.924988,0.0,,
2025-11-05 23:59:50+00:00,2025-11-05 23:59:50,54.0,53.0,53.0,54.0,54.0,11.320231789383428,308.0,BO_O2_RULE,"제어매트릭스 규칙 적용: O2_LOW (3단계 롤백, 4단계에서 Hz 변화 없음)",55.6949997,3.7984376,1108.5,813.075012,20.875,1.0,,16.45,0.0,22.66,103.087502,,103.087502,0.0,359.924988,0.0,,
2025-11-05 23:59:51+00:00,2025-11-05 23:59:51,,,,,,,,,,55.6949997,3.75312495,1109.32495,813.299988,20.8624992,1.0,,16.45,0.0,22.66,103.087502,,103.087502,0.0,360.0,0.0,,
2025-11-05 23:59:52+00:00,2025-11-05 23:59:52,,,,,,,,,,55.7099991,3.75312495,1110.67505,813.525024,20.8624992,1.0,,16.45,0.0,22.66,103.087502,,103.087502,0.0,360.0,0.0,,
2025-11-05 23:59:53+00:00,2025-11-05 23:59:53,,,,,,,,,,55.6875,3.6937499,1111.42505,813.75,20.8624992,1.0,,16.45,0.0,22.66,103.087502,,103.087502,0.0,359.924988,0.0,,
2025-11-05 23:59:54+00:00,2025-11-05 23:59:54,,,,,,,,,,55.6912498,3.6937499,1112.625,814.049988,20.8624992,1.0,,16.45,0.0,22.66,103.087502,,103.087502,0.0,359.924988,0.0,,
2025-11-05 23:59:55+00:00,2025-11-05 23:59:55,54.0,53.0,53.0,54.0,54.0,11.669253389026794,308.0,BO_O2_RULE,"제어매트릭스 규칙 적용: O2_LOW (3단계 롤백, 4단계에서 Hz 변화 없음)",55.6912498,3.640625,1113.44995,814.200012,19.4375,1.0,,16.45,0.0,20.98,103.087502,,103.087502,0.0,359.924988,0.0,,
2025-11-05 23:59:56+00:00,2025-11-05 23:59:56,,,,,,,,,,55.6837502,3.59843755,1114.5,814.5,19.4375,1.0,,16.45,0.0,20.98,103.087502,,103.087502,0.0,359.924988,0.0,,
2025-11-05 23:59:57+00:00,2025-11-05 23:59:57,,,,,,,,,,55.6875,3.59843755,1115.25,814.650024,19.4375,1.0,,16.45,0.0,20.98,103.087502,,103.087502,0.0,359.924988,0.0,,
2025-11-05 23:59:58+00:00,2025-11-05 23:59:58,,,,,,,,,,55.6875,3.5640626,1116.22498,814.950012,19.4375,1.0,,16.45,0.0,20.98,103.087502,,103.087502,0.0,359.924988,0.0,,
2025-11-05 23:59:59+00:00,2025-11-05 23:59:59,,,,,,,,,,55.6912498,3.546875,1116.90002,815.174988,19.4375,1.0,,16.45,0.0,20.98,103.087502,,103.087502,0.0,359.924988,0.0,,
2025-11-06 00:00:00+00:00,2025-11-06 00:00:00,54.0,53.0,53.0,54.0,54.0,10.177969491679727,308.0,BO_O2_RULE,"제어매트릭스 규칙 적용: O2_LOW (3단계 롤백, 4단계에서 Hz 변화 없음)",55.6912498,3.546875,1117.875,815.474976,18.2749996,1.0,,16.45,0.0,20.98,103.087502,38.0,103.087502,0.0,359.924988,0.0,,
2025-11-06 00:00:01+00:00,2025-11-06 00:00:01,,,,,,,,,,55.7099991,3.5374999,1118.55005,815.625,18.25,1.0,,16.45,0.0,20.98,103.087502,,103.087502,0.0,359.924988,0.0,,
2025-11-06 00:00:02+00:00,2025-11-06 00:00:02,,,,,,,,,,55.6762505,3.53125,1119.52502,815.924988,18.25,1.0,,16.45,0.0,20.98,103.087502,,103.087502,0.0,359.850006,0.0,,
2025-11-06 00:00:03+00:00,2025-11-06 00:00:03,,,,,,,,,,55.7024994,3.53125,1120.19995,816.150024,18.2625008,1.0,,16.45,0.0,20.98,103.087502,,103.087502,0.0,359.924988,0.0,,
2025-11-06 00:00:04+00:00,2025-11-06 00:00:04,,,,,,,,,,55.7062492,3.53125,1121.25,816.450012,18.25,1.0,,16.45,0.0,20.98,103.087502,,103.087502,0.0,359.924988,0.0,,
2025-11-06 00:00:05+00:00,2025-11-06 00:00:05,54.0,53.0,53.0,54.0,54.0,8.191855834508686,308.0,BO_O2_RULE,"제어매트릭스 규칙 적용: O2_LOW (3단계 롤백, 4단계에서 Hz 변화 없음)",55.6687508,3.53125,1122.0,816.674988,17.5750008,1.0,,16.45,0.0,18.36,103.087502,,103.087502,0.0,359.924988,0.0,,
2025-11-06 00:00:06+00:00,2025-11-06 00:00:06,,,,,,,,,,55.6875,3.546875,1123.05005,816.974976,17.5750008,1.0,,16.45,0.0,18.36,103.087502,,103.087502,0.0,359.924988,0.0,,
2025-11-06 00:00:07+00:00,2025-11-06 00:00:07,,,,,,,,,,55.6875,3.5687499,1123.72498,817.200012,17.5750008,1.0,,16.45,0.0,18.36,103.087502,,103.087502,0.0,358.725006,0.0,,
2025-11-06 00:00:08+00:00,2025-11-06 00:00:08,,,,,,,,,,55.6875,3.5687499,1124.84998,817.5,17.5874996,1.0,,16.45,0.0,18.36,103.087502,,103.087502,0.0,352.424988,0.0,,
2025-11-06 00:00:09+00:00,2025-11-06 00:00:09,,,,,,,,,,55.6837502,3.59843755,1125.52502,817.650024,17.5874996,1.0,,16.45,0.0,18.36,103.237503,,103.237503,0.0,338.850006,0.0,,
2025-11-06 00:00:10+00:00,2025-11-06 00:00:10,54.0,53.0,53.0,54.0,54.0,7.42775224841523,308.0,BO_O2_RULE,"제어매트릭스 규칙 적용: O2_LOW (3단계 롤백, 4단계에서 Hz 변화 없음)",55.6837502,3.6265626,1126.5,818.025024,17.3374996,1.0,,16.45,0.0,18.36,103.78125,,103.78125,0.0,323.399994,0.0,,
2025-11-06 00:00:11+00:00,2025-11-06 00:00:11,,,,,,,,,,55.7062492,3.6265626,1127.17505,818.25,17.3374996,1.0,,16.45,0.0,18.36,104.493752,,104.493752,0.0,310.799988,0.0,,
2025-11-06 00:00:12+00:00,2025-11-06 00:00:12,,,,,,,,,,55.7062492,3.65156245,1128.07495,818.549988,17.3250008,1.0,,16.45,0.0,18.36,104.568748,,104.568748,0.0,300.450012,0.0,,
2025-11-06 00:00:13+00:00,2025-11-06 00:00:13,,,,,,,,,,55.7174988,3.65156245,1128.67505,818.775024,17.3374996,1.0,,16.45,0.0,18.36,104.925003,,104.925003,0.0,295.575012,0.0,,
2025-11-06 00:00:14+00:00,2025-11-06 00:00:14,,,,,,,,,,55.6875,3.6812501,1129.5,819.075012,17.3250008,1.0,,16.45,0.0,18.36,105.28125,,105.28125,0.0,293.924988,0.0,,
2025-11-06 00:00:15+00:00,2025-11-06 00:00:15,54.0,53.0,53.0,54.0,54.0,8.48388418860072,308.0,BO_O2_RULE,"제어매트릭스 규칙 적용: O2_LOW (3단계 롤백, 4단계에서 Hz 변화 없음)",55.6949997,3.71562505,1130.02502,819.299988,15.8125,1.0,,16.45,0.0,17.44,105.768753,38.0,105.768753,0.0,293.850006,0.0,,
2025-11-06 00:00:16+00:00,2025-11-06 00:00:16,,,,,,,,,,55.6912498,3.71562505,1130.84998,819.599976,15.8125,1.0,,16.45,0.0,17.44,106.03125,,106.03125,0.0,292.424988,0.0,,
2025-11-06 00:00:17+00:00,2025-11-06 00:00:17,,,,,,,,,,55.6762505,3.74531245,1131.30005,819.825012,15.8125,1.0,,16.45,0.0,17.44,106.012497,,106.012497,0.0,292.424988,0.0,,
2025-11-06 00:00:18+00:00,2025-11-06 00:00:18,,,,,,,,,,55.6875,3.76093745,1132.05005,820.200012,15.8125,1.0,,16.45,0.0,17.44,106.03125,,106.03125,0.0,292.350006,0.0,,
2025-11-06 00:00:19+00:00,2025-11-06 00:00:19,,,,,,,,,,55.6800003,3.76093745,1132.5,820.424988,15.8125,1.0,,16.45,0.0,17.44,106.012497,,106.012497,0.0,292.424988,0.0,,
2025-11-06 00:00:20+00:00,2025-11-06 00:00:20,54.0,53.0,53.0,54.0,54.0,6.693211080774743,308.0,BO_O2_RULE,"제어매트릭스 규칙 적용: O2_LOW (3단계 롤백, 4단계에서 Hz 변화 없음)",55.6837502,3.765625,1133.17505,820.799988,14.7250004,1.0,,16.45,0.0,17.44,106.03125,,106.03125,0.0,293.325012,0.0,,
2025-11-06 00:00:21+00:00,2025-11-06 00:00:21,,,,,,,,,,55.6949997,3.765625,1133.55005,821.025024,14.7250004,1.0,,16.45,0.0,17.44,106.012497,,106.012497,0.0,293.850006,0.0,,
2025-11-06 00:00:22+00:00,2025-11-06 00:00:22,,,,,,,,,,55.7099991,3.75312495,1134.22498,821.325012,14.7250004,1.0,,16.45,0.0,17.44,106.293747,,106.293747,0.0,293.850006,0.0,,
2025-11-06 00:00:23+00:00,2025-11-06 00:00:23,,,,,,,,,,55.7024994,3.72968745,1134.67505,821.625,14.7250004,1.0,,16.45,0.0,17.44,106.387497,,106.387497,0.0,293.850006,0.0,,
2025-11-06 00:00:24+00:00,2025-11-06 00:00:24,,,,,,,,,,55.6912498,3.72968745,1135.34998,822.0,14.7250004,1.0,,16.45,0.0,17.44,106.387497,,106.387497,0.0,293.924988,0.0,,
2025-11-06 00:00:25+00:00,2025-11-06 00:00:25,50.7024994,53.0,53.0,38.0,38.0,6.442509956084125,304.0,BO_O2_RULE,"제어매트릭스 규칙 적용: NOX_LOW (3단계 롤백, 4단계에서 Hz 변화 없음)",55.7024994,3.7046876,1135.80005,822.224976,14.9750004,1.0,,16.45,0.0,14.82,106.387497,,106.387497,0.0,293.850006,0.0,,
2025-11-06 00:00:26+00:00,2025-11-06 00:00:26,,,,,,,,,,55.6912498,3.6781249,1136.40002,822.525024,14.9875002,1.0,,16.45,0.0,14.82,106.574997,,106.574997,0.0,293.850006,0.0,,
2025-11-06 00:00:27+00:00,2025-11-06 00:00:27,,,,,,,,,,55.1624985,3.6781249,1136.84998,822.825012,14.9750004,1.0,,16.45,0.0,14.82,106.668747,,106.668747,0.0,293.850006,0.0,,
2025-11-06 00:00:28+00:00,2025-11-06 00:00:28,,,,,,,,,,52.5825005,3.6484375,1137.44995,823.200012,14.9750004,1.0,,16.45,0.0,14.82,106.387497,,106.387497,0.0,293.924988,0.0,,
2025-11-06 00:00:29+00:00,2025-11-06 00:00:29,,,,,,,,,,52.5750008,3.6484375,1137.90002,823.424988,14.9750004,1.0,,16.45,0.0,14.82,106.012497,,106.012497,0.0,293.850006,0.0,,
2025-11-06 00:00:30+00:00,2025-11-06 00:00:30,49.47874959999999,53.0,53.0,38.0,38.0,8.17048879436151,304.0,BO_O2_RULE,"제어매트릭스 규칙 적용: NOX_LOW (3단계 롤백, 4단계에서 Hz 변화 없음)",52.5299988,3.62031245,1138.42505,823.799988,13.6999998,1.0,,16.45,0.0,14.82,104.418747,38.0,104.418747,0.0,294.524994,0.0,,
2025-11-06 00:00:31+00:00,2025-11-06 00:00:31,,,,,,,,,,52.5712509,3.59687495,1138.80005,824.099976,13.6999998,1.0,,16.45,0.0,14.82,102.262497,,102.262497,0.0,295.350006,0.0,,
2025-11-06 00:00:32+00:00,2025-11-06 00:00:32,,,,,,,,,,51.6074982,3.59687495,1139.25,824.474976,13.6999998,1.0,,16.45,0.0,14.82,100.237503,,100.237503,0.0,296.850006,0.0,,
2025-11-06 00:00:33+00:00,2025-11-06 00:00:33,,,,,,,,,,51.6074982,3.59687495,1139.25,824.474976,13.6999998,1.0,,16.45,0.0,14.82,100.237503,,100.237503,0.0,296.850006,0.0,,
2025-11-06 00:00:34+00:00,2025-11-06 00:00:34,,,,,,,,,,50.4524994,3.53593755,1140.22498,825.075012,13.6999998,1.0,,16.45,0.0,14.82,98.3062515,,98.3062515,0.0,296.774994,0.0,,
2025-11-06 00:00:35+00:00,2025-11-06 00:00:35,46.928749100000005,53.0,53.0,38.0,38.0,7.055489398136268,304.0,BO_O2_RULE,"제어매트릭스 규칙 적용: NOX_LOW (3단계 롤백, 4단계에서 Hz 변화 없음)",50.4300003,3.53593755,1140.52502,825.299988,13.875,1.0,,16.45,0.0,13.83,96.7874985,,96.7874985,0.0,298.5,0.0,,
2025-11-06 00:00:36+00:00,2025-11-06 00:00:36,,,,,,,,,,50.4412498,3.5,1141.05005,825.674988,13.875,1.0,,16.45,0.0,13.83,94.8000031,,94.8000031,0.0,298.799988,0.0,,
2025-11-06 00:00:37+00:00,2025-11-06 00:00:37,,,,,,,,,,50.4337502,3.5,1141.42505,825.974976,13.875,1.0,,16.45,0.0,13.83,93.2062531,,93.2062531,0.0,300.075012,0.0,,
2025-11-06 00:00:38+00:00,2025-11-06 00:00:38,,,,,,,,,,48.3300018,3.4625001,1141.875,826.349976,13.8625002,1.0,,16.45,0.0,13.83,92.2687531,,92.2687531,0.0,300.075012,0.0,,
2025-11-06 00:00:39+00:00,2025-11-06 00:00:39,,,,,,,,,,48.28125,3.43281245,1142.17505,826.575012,13.875,1.0,,16.45,0.0,13.83,91.1812515,,91.1812515,0.0,300.075012,0.0,,
2025-11-06 00:00:40+00:00,2025-11-06 00:00:40,44.7350006,53.0,53.0,38.0,38.0,7.952557652938157,304.0,BO_O2_RULE,"제어매트릭스 규칙 적용: NOX_LOW (3단계 롤백, 4단계에서 Hz 변화 없음)",48.3037491,3.43281245,1142.55005,827.025024,13.6125002,1.0,,16.45,0.0,13.83,89.8499985,,89.8499985,0.0,300.075012,0.0,,
2025-11-06 00:00:41+00:00,2025-11-06 00:00:41,,,,,,,,,,48.2775002,3.42499995,1142.77502,827.25,13.6125002,1.0,,16.45,0.0,13.83,88.4437485,,88.4437485,0.0,300.149994,0.0,,
2025-11-06 00:00:42+00:00,2025-11-06 00:00:42,,,,,,,,,,48.2962494,3.44218755,1143.15002,827.549988,13.6125002,1.0,,16.45,0.0,13.83,86.6437531,,86.6437531,0.0,300.0,0.0,,
2025-11-06 00:00:43+00:00,2025-11-06 00:00:43,,,,,,,,,,47.2012482,3.44218755,1143.30005,827.849976,13.6125002,1.0,,16.45,0.0,13.83,85.21875,,85.21875,0.0,300.075012,0.0,,
2025-11-06 00:00:44+00:00,2025-11-06 00:00:44,,,,,,,,,,46.2825012,3.4828124,1143.52502,828.224976,13.6125002,1.0,,16.45,0.0,13.83,84.3000031,,84.3000031,0.0,300.075012,0.0,,
2025-11-06 00:00:45+00:00,2025-11-06 00:00:45,42.92499926666667,53.0,53.0,38.0,38.0,8.962510677244312,304.0,BO_O2_RULE,"제어매트릭스 규칙 적용: NOX_LOW (3단계 롤백, 4단계에서 Hz 변화 없음)",46.2750015,3.4828124,1143.59998,828.525024,13.1875,1.0,,16.45,0.0,13.71,83.625,38.0,83.625,0.0,300.075012,0.0,,
2025-11-06 00:00:46+00:00,2025-11-06 00:00:46,,,,,,,,,,46.2712517,3.54375005,1143.75,828.825012,13.1999998,1.0,,16.45,0.0,13.71,82.3499985,,82.3499985,0.0,300.075012,0.0,,
2025-11-06 00:00:47+00:00,2025-11-06 00:00:47,,,,,,,,,,46.2675018,3.6156249,1143.90002,829.049988,13.1875,1.0,,16.45,0.0,13.71,80.8312531,,80.8312531,0.0,301.5,0.0,,
2025-11-06 00:00:48+00:00,2025-11-06 00:00:48,,,,,,,,,,44.2087517,3.6156249,1144.05005,829.424988,13.1875,1.0,,16.45,0.0,13.71,79.2375031,,79.2375031,0.0,301.575012,0.0,,
2025-11-06 00:00:49+00:00,2025-11-06 00:00:49,,,,,,,,,,44.1150017,3.6953125,1144.125,829.724976,13.1999998,1.0,,16.45,0.0,13.71,78.1687469,,78.1687469,0.0,302.25,0.0,,
2025-11-06 00:00:50+00:00,2025-11-06 00:00:50,40.58250173333334,53.0,53.0,38.0,38.0,9.408067573022086,304.0,BO_O2_RULE,"제어매트릭스 규칙 적용: NOX_LOW (3단계 롤백, 4단계에서 Hz 변화 없음)",44.1112518,3.77812505,1144.19995,830.099976,12.4375,1.0,,16.45,0.0,13.71,77.0625,,77.0625,0.0,303.0,0.0,,
2025-11-06 00:00:51+00:00,2025-11-06 00:00:51,,,,,,,,,,44.1187515,3.77812505,1144.27502,830.325012,12.4375,1.0,,16.45,0.0,13.71,75.0749969,,75.0749969,0.0,303.75,0.0,,
2025-11-06 00:00:52+00:00,2025-11-06 00:00:52,,,,,,,,,,42.8212509,3.859375,1144.27502,830.700012,12.4375,1.0,,16.45,0.0,13.71,73.40625,,73.40625,0.0,304.424988,0.0,,
2025-11-06 00:00:53+00:00,2025-11-06 00:00:53,,,,,,,,,,42.0412483,3.859375,1144.34998,830.924988,12.4375,1.0,,16.45,0.0,13.71,72.0,,72.0,0.0,305.924988,0.0,,
2025-11-06 00:00:54+00:00,2025-11-06 00:00:54,,,,,,,,,,42.0374985,3.95624995,1144.27502,831.299988,12.4375,1.0,,16.45,0.0,13.71,70.7062531,,70.7062531,0.0,305.850006,0.0,,
2025-11-06 00:00:55+00:00,2025-11-06 00:00:55,38.0,53.0,53.0,38.0,38.0,7.392403117508744,304.0,BO_O2_RULE,"제어매트릭스 규칙 적용: NOX_LOW (3단계 롤백, 4단계에서 Hz 변화 없음)",42.0299988,4.0687499,1144.27502,831.525024,11.5124998,1.0,,16.45,0.0,12.6,69.2437515,,69.2437515,0.0,305.850006,0.0,,
2025-11-06 00:00:56+00:00,2025-11-06 00:00:56,,,,,,,,,,42.0337486,4.0687499,1144.19995,831.900024,11.5124998,1.0,,16.45,0.0,12.6,68.1187515,,68.1187515,0.0,305.924988,0.0,,
2025-11-06 00:00:57+00:00,2025-11-06 00:00:57,,,,,,,,,,42.0449982,4.1937499,1144.125,832.125,11.5124998,1.0,,16.45,0.0,12.6,66.2437515,,66.2437515,0.0,305.924988,0.0,,
2025-11-06 00:00:58+00:00,2025-11-06 00:00:58,,,,,,,,,,40.6162491,4.32499981,1143.97498,832.5,11.5124998,1.0,,16.45,0.0,12.6,64.8187485,,64.8187485,0.0,305.850006,0.0,,
2025-11-06 00:00:59+00:00,2025-11-06 00:00:59,,,,,,,,,,38.8349991,4.32499981,1143.90002,832.724976,11.5124998,1.0,,16.45,0.0,12.6,64.21875,,64.21875,0.0,305.924988,0.0,,
2025-11-06 00:01:00+00:00,2025-11-06 00:01:00,38.0,53.0,53.0,38.0,38.0,6.8361144089969486,304.0,BO_O2_RULE,"제어매트릭스 규칙 적용: NOX_LOW (3단계 롤백, 4단계에서 Hz 변화 없음)",38.8125,4.4546876,1143.82495,833.099976,11.6750002,1.0,,16.45,0.0,12.6,63.3562508,38.0,63.3562508,0.0,305.850006,0.0,,
2025-11-06 00:01:01+00:00,2025-11-06 00:01:01,,,,,,,,,,38.8162498,4.4546876,1143.67505,833.25,11.6875,1.0,,16.45,0.0,12.6,62.2125015,,62.2125015,0.0,307.350006,0.0,,
2025-11-06 00:01:02+00:00,2025-11-06 00:01:02,,,,,,,,,,38.8387489,4.57499981,1143.52502,833.700012,11.6875,1.0,,16.45,0.0,12.6,59.8687515,,59.8687515,0.0,307.350006,0.0,,
2025-11-06 00:01:03+00:00,2025-11-06 00:01:03,,,,,,,,,,38.8387489,4.57499981,1143.52502,833.700012,11.6875,1.0,,16.45,0.0,12.6,59.8687515,,59.8687515,0.0,307.350006,0.0,,
2025-11-06 00:01:04+00:00,2025-11-06 00:01:04,,,,,,,,,,38.8125,4.69062519,1143.22498,834.0,11.6750002,1.0,,16.45,0.0,12.6,57.6375008,,57.6375008,0.0,307.950012,0.0,,
2025-11-06 00:01:05+00:00,2025-11-06 00:01:05,38.0,52.0,52.0,38.0,38.0,7.508902916487647,304.0,BO_O2_RULE,"제어매트릭스 규칙 적용: NOX_LOW (3단계 롤백, 4단계에서 Hz 변화 없음)",38.8125,4.69062519,1143.15002,834.224976,11.6750002,1.0,,16.45,0.0,11.77,56.0625,,56.0625,0.0,308.850006,0.0,,
2025-11-06 00:01:06+00:00,2025-11-06 00:01:06,,,,,,,,,,38.8237495,4.8109374,1143.0,834.674988,11.1750002,1.0,,16.45,0.0,11.77,54.46875,,54.46875,0.0,308.924988,0.0,,
2025-11-06 00:01:07+00:00,2025-11-06 00:01:07,,,,,,,,,,38.8125,4.9281249,1142.84998,834.825012,11.1750002,1.0,,16.45,0.0,11.77,53.34375,,53.34375,0.0,308.924988,0.0,,
2025-11-06 00:01:08+00:00,2025-11-06 00:01:08,,,,,,,,,,38.8125,4.9281249,1142.69995,835.200012,11.1750002,1.0,,16.45,0.0,11.77,52.2750015,,52.2750015,0.0,308.850006,0.0,,
2025-11-06 00:01:09+00:00,2025-11-06 00:01:09,,,,,,,,,,38.8162498,5.03593731,1142.55005,835.424988,11.1750002,1.0,,16.45,0.0,11.77,52.2562485,,52.2562485,0.0,308.924988,0.0,,
2025-11-06 00:01:10+00:00,2025-11-06 00:01:10,38.0,48.0,49.0,38.0,38.0,6.607794293595742,304.0,BO_O2_RULE,"제어매트릭스 규칙 적용: NOX_LOW (3단계 롤백, 4단계에서 Hz 변화 없음)",38.8125,5.12968731,1142.40002,835.799988,11.1750002,1.0,,16.45,0.0,11.77,52.0125008,,52.0125008,0.0,308.850006,0.0,,
2025-11-06 00:01:11+00:00,2025-11-06 00:01:11,,,,,,,,,,38.8050003,5.12968731,1142.25,836.025024,10.9250002,1.0,,16.45,0.0,11.77,51.8812485,,51.8812485,0.0,308.850006,0.0,,
2025-11-06 00:01:12+00:00,2025-11-06 00:01:12,,,,,,,,,,38.8237495,5.22187519,1142.09998,836.400024,10.9125004,1.0,,16.45,0.0,11.77,51.9000015,,51.9000015,0.0,308.774994,0.0,,
2025-11-06 00:01:13+00:00,2025-11-06 00:01:13,,,,,,,,,,38.8162498,5.22187519,1141.94995,836.625,10.9250002,1.0,,16.45,0.0,11.77,51.8812485,,51.8812485,0.0,308.924988,0.0,,
2025-11-06 00:01:14+00:00,2025-11-06 00:01:14,,,,,,,,,,38.8087502,5.30781269,1141.65002,836.924988,10.9250002,1.0,,16.45,0.0,11.77,51.8812485,,51.8812485,0.0,308.924988,0.0,,
2025-11-06 00:01:15+00:00,2025-11-06 00:01:15,38.0,47.0,47.0,38.0,38.0,6.560195240904225,304.0,BO_O2_RULE,"제어매트릭스 규칙 적용: NOX_LOW (3단계 롤백, 4단계에서 Hz 변화 없음)",38.8087502,5.37968731,1141.5,837.150024,10.9250002,1.0,,16.45,0.0,11.01,51.5250015,38.0,51.5250015,0.0,307.424988,0.0,,
2025-11-06 00:01:16+00:00,2025-11-06 00:01:16,,,,,,,,,,38.8125,5.37968731,1141.19995,837.525024,10.5,1.0,,16.45,0.0,11.01,51.5250015,,51.5250015,0.0,307.274994,0.0,,
2025-11-06 00:01:17+00:00,2025-11-06 00:01:17,,,,,,,,,,38.8237495,5.4390626,1140.97498,837.75,10.5,1.0,,16.45,0.0,11.01,51.5250015,,51.5250015,0.0,307.350006,0.0,,
2025-11-06 00:01:18+00:00,2025-11-06 00:01:18,,,,,,,,,,38.8199997,5.49687481,1140.75,838.049988,10.5,1.0,,16.45,0.0,11.01,51.5250015,,51.5250015,0.0,307.200012,0.0,,
2025-11-06 00:01:19+00:00,2025-11-06 00:01:19,,,,,,,,,,38.8087502,5.49687481,1140.59998,838.275024,10.5,1.0,,16.45,0.0,11.01,51.1875,,51.1875,0.0,306.149994,0.0,,
2025-11-06 00:01:20+00:00,2025-11-06 00:01:20,38.0,47.0,47.0,38.0,38.0,4.783333821125974,304.0,BO_O2_RULE,"제어매트릭스 규칙 적용: NOX_LOW (3단계 롤백, 4단계에서 Hz 변화 없음)",38.8162498,5.55156231,1140.44995,838.650024,10.5,1.0,,16.45,0.0,11.01,51.1500015,,51.1500015,0.0,307.274994,0.0,,
2025-11-06 00:01:21+00:00,2025-11-06 00:01:21,,,,,,,,,,38.8125,5.55156231,1140.30005,838.875,9.98750019,1.0,,16.45,0.0,11.01,51.1500015,,51.1500015,0.0,307.350006,0.0,,
2025-11-06 00:01:22+00:00,2025-11-06 00:01:22,,,,,,,,,,38.8162498,5.60624981,1140.22498,839.174988,9.98750019,1.0,,16.45,0.0,11.01,51.1500015,,51.1500015,0.0,307.350006,0.0,,
2025-11-06 00:01:23+00:00,2025-11-06 00:01:23,,,,,,,,,,38.8199997,5.66718769,1140.15002,839.474976,10.0,1.0,,16.45,0.0,11.01,51.5250015,,51.5250015,0.0,307.350006,0.0,,
2025-11-06 00:01:24+00:00,2025-11-06 00:01:24,,,,,,,,,,38.8087502,5.66718769,1140.15002,839.775024,9.98750019,1.0,,16.45,0.0,11.01,51.5250015,,51.5250015,0.0,307.274994,0.0,,
2025-11-06 00:01:25+00:00,2025-11-06 00:01:25,38.0,48.0,48.0,38.0,38.0,5.1557512689623035,304.0,BO_O2_RULE,"제어매트릭스 규칙 적용: NOX_LOW (3단계 롤백, 4단계에서 Hz 변화 없음)",38.8087502,5.734375,1140.22498,840.0,9.98750019,1.0,,16.45,0.0,10.12,51.5250015,,51.5250015,0.0,307.350006,0.0,,
2025-11-06 00:01:26+00:00,2025-11-06 00:01:26,,,,,,,,,,38.8199997,5.8031249,1140.30005,840.375,9.32499981,1.0,,16.45,0.0,10.12,51.5250015,,51.5250015,0.0,307.350006,0.0,,
2025-11-06 00:01:27+00:00,2025-11-06 00:01:27,,,,,,,,,,38.8162498,5.8031249,1140.375,840.599976,9.32499981,1.0,,16.45,0.0,10.12,51.5250015,,51.5250015,0.0,307.350006,0.0,,
2025-11-06 00:01:28+00:00,2025-11-06 00:01:28,,,,,,,,,,38.8237495,5.87968731,1140.44995,840.900024,9.32499981,1.0,,16.45,0.0,10.12,51.5250015,,51.5250015,0.0,307.274994,0.0,,
2025-11-06 00:01:29+00:00,2025-11-06 00:01:29,,,,,,,,,,38.8537483,5.87968731,1140.59998,841.125,9.32499981,1.0,,16.45,0.0,10.12,51.5250015,,51.5250015,0.0,307.274994,0.0,,
2025-11-06 00:01:30+00:00,2025-11-06 00:01:30,38.0,48.0,48.0,38.0,38.0,4.944258003042893,304.0,BO_O2_RULE,"제어매트릭스 규칙 적용: NOX_LOW (3단계 롤백, 4단계에서 Hz 변화 없음)",38.8125,5.953125,1140.82495,841.5,9.32499981,1.0,,16.45,0.0,10.12,51.5250015,38.0,51.5250015,0.0,307.350006,0.0,,
2025-11-06 00:01:31+00:00,2025-11-06 00:01:31,,,,,,,,,,38.8162498,6.0093751,1140.97498,841.724976,8.89999962,1.0,,16.45,0.0,10.12,51.5250015,,51.5250015,0.0,307.350006,0.0,,
2025-11-06 00:01:32+00:00,2025-11-06 00:01:32,,,,,,,,,,38.8087502,6.0093751,1141.19995,842.025024,8.89999962,1.0,,16.45,0.0,10.12,51.5250015,,51.5250015,0.0,307.274994,0.0,,
2025-11-06 00:01:33+00:00,2025-11-06 00:01:33,,,,,,,,,,38.8199997,6.0374999,1141.42505,842.25,8.89999962,1.0,,16.45,0.0,10.12,51.5250015,,51.5250015,0.0,307.350006,0.0,,
2025-11-06 00:01:34+00:00,2025-11-06 00:01:34,,,,,,,,,,38.8125,6.0406251,1141.65002,842.549988,8.89999962,1.0,,16.45,0.0,10.12,51.5250015,,51.5250015,0.0,307.350006,0.0,,
2025-11-06 00:01:35+00:00,2025-11-06 00:01:35,38.0,48.0,48.0,38.0,38.0,4.506844121939238,304.0,BO_O2_RULE,"제어매트릭스 규칙 적용: NOX_LOW (3단계 롤백, 4단계에서 Hz 변화 없음)",38.8199997,6.0406251,1141.80005,842.775024,8.89999962,1.0,,16.45,0.0,9.01,51.5250015,,51.5250015,0.0,307.274994,0.0,,
2025-11-06 00:01:36+00:00,2025-11-06 00:01:36,,,,,,,,,,38.8050003,6.0171876,1142.02502,843.150024,8.48750019,1.0,,16.45,0.0,9.01,51.5250015,,51.5250015,0.0,307.274994,0.0,,
2025-11-06 00:01:37+00:00,2025-11-06 00:01:37,,,,,,,,,,38.8199997,6.0171876,1142.25,843.375,8.47500038,1.0,,16.45,0.0,9.01,51.1500015,,51.1500015,0.0,307.350006,0.0,,
2025-11-06 00:01:38+00:00,2025-11-06 00:01:38,,,,,,,,,,38.8162498,5.96875,1142.55005,843.674988,8.47500038,1.0,,16.45,0.0,9.01,51.1500015,,51.1500015,0.0,307.350006,0.0,,
2025-11-06 00:01:39+00:00,2025-11-06 00:01:39,,,,,,,,,,38.8125,5.9078126,1142.77502,843.900024,8.48750019,1.0,,16.45,0.0,9.01,51.1500015,,51.1500015,0.0,307.350006,0.0,,
2025-11-06 00:01:40+00:00,2025-11-06 00:01:40,38.0,48.0,48.0,38.0,38.0,5.064358933583577,304.0,BO_O2_RULE,"제어매트릭스 규칙 적용: NOX_LOW (3단계 롤백, 4단계에서 Hz 변화 없음)",38.8462486,5.9078126,1143.07495,844.275024,8.48750019,1.0,,16.45,0.0,9.01,51.1312485,,51.1312485,0.0,307.274994,0.0,,
2025-11-06 00:01:41+00:00,2025-11-06 00:01:41,,,,,,,,,,38.8050003,5.8453126,1143.22498,844.424988,8.0625,1.0,,16.45,0.0,9.01,51.1500015,,51.1500015,0.0,307.350006,0.0,,
2025-11-06 00:01:42+00:00,2025-11-06 00:01:42,,,,,,,,,,38.8125,5.7796874,1143.52502,844.799988,8.0625,1.0,,16.45,0.0,9.01,51.1500015,,51.1500015,0.0,305.924988,0.0,,
2025-11-06 00:01:43+00:00,2025-11-06 00:01:43,,,,,,,,,,38.8199997,5.7796874,1143.67505,845.025024,8.0625,1.0,,16.45,0.0,9.01,51.1500015,,51.1500015,0.0,305.924988,0.0,,
2025-11-06 00:01:44+00:00,2025-11-06 00:01:44,,,,,,,,,,38.8162498,5.70781231,1143.90002,845.325012,8.0625,1.0,,16.45,0.0,9.01,51.1500015,,51.1500015,0.0,305.850006,0.0,,
2025-11-06 00:01:45+00:00,2025-11-06 00:01:45,38.0,48.0,48.0,38.0,38.0,4.329131942993139,304.0,BO_O2_RULE,"제어매트릭스 규칙 적용: NOX_LOW (3단계 롤백, 4단계에서 Hz 변화 없음)",38.8087502,5.70781231,1144.05005,845.549988,8.0625,1.0,,16.45,0.0,8.2,51.1500015,41.4068037572988,51.1500015,0.0,305.924988,0.0,,
2025-11-06 00:01:46+00:00,2025-11-06 00:01:46,,,,,,,,,,38.8237495,5.6328125,1144.27502,845.924988,7.88749981,1.0,,16.45,0.0,8.2,51.1687508,,51.1687508,0.0,305.924988,0.0,,
2025-11-06 00:01:47+00:00,2025-11-06 00:01:47,,,,,,,,,,38.8162498,5.5640626,1144.34998,846.075012,7.88749981,1.0,,16.45,0.0,8.2,51.1500015,,51.1500015,0.0,305.850006,0.0,,
2025-11-06 00:01:48+00:00,2025-11-06 00:01:48,,,,,,,,,,38.8087502,5.5640626,1144.57495,846.450012,7.88749981,1.0,,16.45,0.0,8.2,51.1500015,,51.1500015,0.0,305.850006,0.0,,
2025-11-06 00:01:49+00:00,2025-11-06 00:01:49,,,,,,,,,,38.8162498,5.50312519,1144.72498,846.75,7.88749981,1.0,,16.45,0.0,8.2,51.1500015,,51.1500015,0.0,305.850006,0.0,,
2025-11-06 00:01:50+00:00,2025-11-06 00:01:50,38.0,48.0,48.0,38.0,38.0,4.334291840824752,304.0,BO_O2_RULE,"제어매트릭스 규칙 적용: NOX_LOW (3단계 롤백, 4단계에서 Hz 변화 없음)",38.8050003,5.43281269,1144.80005,847.049988,7.88749981,1.0,,16.45,0.0,8.2,51.1500015,,51.1500015,0.0,305.924988,0.0,,
2025-11-06 00:01:51+00:00,2025-11-06 00:01:51,,,,,,,,,,38.8125,5.43281269,1144.94995,847.275024,7.7249999,1.0,,16.45,0.0,8.2,51.1500015,,51.1500015,0.0,305.850006,0.0,,
2025-11-06 00:01:52+00:00,2025-11-06 00:01:52,,,,,,,,,,38.8199997,5.3609376,1145.02502,847.575012,7.7249999,1.0,,16.45,0.0,8.2,51.1500015,,51.1500015,0.0,305.850006,0.0,,
2025-11-06 00:01:53+00:00,2025-11-06 00:01:53,,,,,,,,,,38.8499985,5.3609376,1145.09998,847.799988,7.7249999,1.0,,16.45,0.0,8.2,51.1500015,,51.1500015,0.0,305.850006,0.0,,
2025-11-06 00:01:54+00:00,2025-11-06 00:01:54,,,,,,,,,,38.8050003,5.2906251,1145.25,848.174988,7.7249999,1.0,,16.45,0.0,8.2,51.1500015,,51.1500015,0.0,305.850006,0.0,,
2025-11-06 00:01:55+00:00,2025-11-06 00:01:55,38.0,47.0,47.0,38.0,38.0,4.375237059056896,304.0,BO_O2_RULE,"제어매트릭스 규칙 적용: NOX_LOW (3단계 롤백, 4단계에서 Hz 변화 없음)",38.8012505,5.2265625,1145.40002,848.400024,7.7249999,1.0,,16.45,0.0,7.84,51.1500015,,51.1500015,0.0,305.924988,0.0,,
2025-11-06 00:01:56+00:00,2025-11-06 00:01:56,,,,,,,,,,38.8125,5.2265625,1145.47498,848.700012,7.05000019,1.0,,16.45,0.0,7.84,51.1500015,,51.1500015,0.0,305.850006,0.0,,
2025-11-06 00:01:57+00:00,2025-11-06 00:01:57,,,,,,,,,,38.8087502,5.171875,1145.47498,848.924988,7.05000019,1.0,,16.45,0.0,7.84,51.1500015,,51.1500015,0.0,305.850006,0.0,,
2025-11-06 00:01:58+00:00,2025-11-06 00:01:58,,,,,,,,,,38.8087502,5.1265626,1145.55005,849.299988,7.05000019,1.0,,16.45,0.0,7.84,51.1500015,,51.1500015,0.0,305.850006,0.0,,
2025-11-06 00:01:59+00:00,2025-11-06 00:01:59,,,,,,,,,,38.8087502,5.1265626,1145.625,849.525024,7.05000019,1.0,,16.45,0.0,7.84,51.1500015,,51.1500015,0.0,305.850006,0.0,,
2025-11-06 00:02:00+00:00,2025-11-06 00:02:00,38.0,48.0,48.0,38.0,38.0,3.7996022687565225,304.0,BO_O2_RULE,"제어매트릭스 규칙 적용: NOX_LOW (3단계 롤백, 4단계에서 Hz 변화 없음)",38.8125,5.09062481,1145.77502,849.825012,7.05000019,1.0,,16.45,0.0,7.84,51.1500015,39.60680375729881,51.1500015,0.0,305.924988,0.0,,
2025-11-06 00:02:01+00:00,2025-11-06 00:02:01,,,,,,,,,,38.8087502,5.09062481,1145.77502,850.049988,6.7125001,1.0,,16.45,0.0,7.84,51.1500015,,51.1500015,0.0,305.850006,0.0,,
2025-11-06 00:02:02+00:00,2025-11-06 00:02:02,,,,,,,,,,38.8199997,5.05937481,1145.92505,850.424988,6.7249999,1.0,,16.45,0.0,7.84,51.1500015,,51.1500015,0.0,305.850006,0.0,,
2025-11-06 00:02:03+00:00,2025-11-06 00:02:03,,,,,,,,,,38.8237495,5.05000019,1145.92505,850.575012,6.7125001,1.0,,16.45,0.0,7.84,51.1500015,,51.1500015,0.0,305.924988,0.0,,
2025-11-06 00:02:04+00:00,2025-11-06 00:02:04,,,,,,,,,,38.8050003,5.05000019,1146.0,850.950012,6.7125001,1.0,,16.45,0.0,7.84,51.1500015,,51.1500015,0.0,307.274994,0.0,,
2025-11-06 00:02:05+00:00,2025-11-06 00:02:05,38.0,48.0,48.0,38.0,38.0,4.345482078280323,304.0,BO_O2_RULE,"제어매트릭스 규칙 적용: NOX_LOW (3단계 롤백, 4단계에서 Hz 변화 없음)",38.8050003,5.05937481,1146.0,851.099976,6.7125001,1.0,,16.45,0.0,6.83,51.1500015,,51.1500015,0.0,307.274994,0.0,,
2025-11-06 00:02:06+00:00,2025-11-06 00:02:06,,,,,,,,,,38.8125,5.07499981,1146.07495,851.400024,6.4625001,1.0,,16.45,0.0,6.83,51.1500015,,51.1500015,0.0,307.350006,0.0,,
2025-11-06 00:02:07+00:00,2025-11-06 00:02:07,,,,,,,,,,38.8125,5.07499981,1146.0,851.625,6.4625001,1.0,,16.45,0.0,6.83,51.5062485,,51.5062485,0.0,307.350006,0.0,,
2025-11-06 00:02:08+00:00,2025-11-06 00:02:08,,,,,,,,,,38.8125,5.0921874,1146.07495,852.0,6.4625001,1.0,,16.45,0.0,6.83,51.5250015,,51.5250015,0.0,307.274994,0.0,,
2025-11-06 00:02:09+00:00,2025-11-06 00:02:09,,,,,,,,,,38.8125,5.0921874,1146.07495,852.150024,6.4625001,1.0,,16.45,0.0,6.83,51.5250015,,51.5250015,0.0,307.274994,0.0,,
2025-11-06 00:02:10+00:00,2025-11-06 00:02:10,38.0,48.0,48.0,38.0,38.0,4.244473050591174,304.0,BO_O2_RULE,"제어매트릭스 규칙 적용: NOX_LOW (3단계 롤백, 4단계에서 Hz 변화 없음)",38.8162498,5.109375,1145.92505,852.450012,6.44999981,1.0,,16.45,0.0,6.83,51.5250015,,51.5250015,0.0,307.350006,0.0,,
2025-11-06 00:02:11+00:00,2025-11-06 00:02:11,,,,,,,,,,38.8087502,5.12968731,1145.92505,852.674988,6.375,1.0,,16.45,0.0,6.83,51.5437508,,51.5437508,0.0,307.350006,0.0,,
2025-11-06 00:02:12+00:00,2025-11-06 00:02:12,,,,,,,,,,38.8050003,5.12968731,1145.84998,852.974976,6.375,1.0,,16.45,0.0,6.83,51.5250015,,51.5250015,0.0,307.274994,0.0,,
2025-11-06 00:02:13+00:00,2025-11-06 00:02:13,,,,,,,,,,38.8199997,5.15937519,1145.77502,853.200012,6.375,1.0,,16.45,0.0,6.83,51.5437508,,51.5437508,0.0,307.274994,0.0,,
2025-11-06 00:02:14+00:00,2025-11-06 00:02:14,,,,,,,,,,38.8274994,5.1953125,1145.69995,853.5,6.375,1.0,,16.45,0.0,6.83,51.5250015,,51.5250015,0.0,307.350006,0.0,,
2025-11-06 00:02:15+00:00,2025-11-06 00:02:15,38.0,48.0,48.0,38.0,38.0,5.138978457089759,304.0,BO_O2_RULE,"제어매트릭스 규칙 적용: NOX_LOW (3단계 롤백, 4단계에서 Hz 변화 없음)",38.8125,5.1953125,1145.625,853.724976,6.375,1.0,,16.45,0.0,6.45,51.8812485,38.0,51.8812485,0.0,308.625,0.0,,
2025-11-06 00:02:16+00:00,2025-11-06 00:02:16,,,,,,,,,,38.8087502,5.2328124,1145.55005,854.025024,6.2125001,1.0,,16.45,0.0,6.45,51.8812485,,51.8812485,0.0,308.850006,0.0,,
2025-11-06 00:02:17+00:00,2025-11-06 00:02:17,,,,,,,,,,38.8050003,5.2328124,1145.47498,854.25,6.2125001,1.0,,16.45,0.0,6.45,51.8812485,,51.8812485,0.0,308.850006,0.0,,
2025-11-06 00:02:18+00:00,2025-11-06 00:02:18,,,,,,,,,,38.8199997,5.27656269,1145.40002,854.625,6.2125001,1.0,,16.45,0.0,6.45,51.9000015,,51.9000015,0.0,308.850006,0.0,,
2025-11-06 00:02:19+00:00,2025-11-06 00:02:19,,,,,,,,,,38.8574982,5.3359375,1145.32495,854.775024,6.2125001,1.0,,16.45,0.0,6.45,51.8812485,,51.8812485,0.0,308.850006,0.0,,
2025-11-06 00:02:20+00:00,2025-11-06 00:02:20,38.0,47.0,47.0,38.0,38.0,5.914737929237728,304.0,BO_O2_RULE,"제어매트릭스 규칙 적용: NOX_LOW (3단계 롤백, 4단계에서 Hz 변화 없음)",38.8050003,5.3359375,1145.32495,855.075012,6.1500001,1.0,,16.45,0.0,6.45,51.8812485,,51.8812485,0.0,308.850006,0.0,,
2025-11-06 00:02:21+00:00,2025-11-06 00:02:21,,,,,,,,,,38.8050003,5.4000001,1145.40002,855.299988,5.875,1.0,,16.45,0.0,6.45,51.9000015,,51.9000015,0.0,308.924988,0.0,,
2025-11-06 00:02:22+00:00,2025-11-06 00:02:22,,,,,,,,,,38.8125,5.4546876,1145.47498,855.599976,5.875,1.0,,16.45,0.0,6.45,51.9000015,,51.9000015,0.0,308.850006,0.0,,
2025-11-06 00:02:23+00:00,2025-11-06 00:02:23,,,,,,,,,,38.8050003,5.4546876,1145.55005,855.825012,5.875,1.0,,16.45,0.0,6.45,51.9000015,,51.9000015,0.0,308.850006,0.0,,
2025-11-06 00:02:24+00:00,2025-11-06 00:02:24,,,,,,,,,,38.7937508,5.49687481,1145.69995,856.125,5.875,1.0,,16.45,0.0,6.45,51.8812485,,51.8812485,0.0,307.5,0.0,,
2025-11-06 00:02:25+00:00,2025-11-06 00:02:25,38.0,48.0,48.0,38.0,38.0,6.386498337456276,304.0,BO_O2_RULE,"제어매트릭스 규칙 적용: NOX_LOW (3단계 롤백, 4단계에서 Hz 변화 없음)",38.8162498,5.49687481,1145.84998,856.349976,5.875,1.0,,16.45,0.0,5.96,51.9000015,,51.9000015,0.0,307.350006,0.0,,
2025-11-06 00:02:26+00:00,2025-11-06 00:02:26,,,,,,,,,,38.8125,5.53593731,1145.92505,856.650024,5.5374999,1.0,,16.45,0.0,5.96,51.9000015,,51.9000015,0.0,307.350006,0.0,,
2025-11-06 00:02:27+00:00,2025-11-06 00:02:27,,,,,,,,,,38.7975006,5.5718751,1146.07495,856.799988,5.5250001,1.0,,16.45,0.0,5.96,51.9000015,,51.9000015,0.0,307.350006,0.0,,
2025-11-06 00:02:28+00:00,2025-11-06 00:02:28,,,,,,,,,,38.8012505,5.5718751,1146.15002,857.174988,5.5374999,1.0,,16.45,0.0,5.96,51.8812485,,51.8812485,0.0,307.350006,0.0,,
2025-11-06 00:02:29+00:00,2025-11-06 00:02:29,,,,,,,,,,38.8199997,5.60468769,1146.22498,857.325012,5.5374999,1.0,,16.45,0.0,5.96,51.9000015,,51.9000015,0.0,307.350006,0.0,,
2025-11-06 00:02:30+00:00,2025-11-06 00:02:30,38.0,48.0,48.0,38.0,38.0,6.047397171007452,304.0,BO_O2_RULE,"제어매트릭스 규칙 적용: NOX_LOW (3단계 롤백, 4단계에서 Hz 변화 없음)",38.8050003,5.63593769,1146.30005,857.625,5.48750019,1.0,,16.45,0.0,5.96,51.9000015,38.0,51.9000015,0.0,307.350006,0.0,,
2025-11-06 00:02:31+00:00,2025-11-06 00:02:31,,,,,,,,,,38.8237495,5.63593769,1146.375,857.849976,5.2750001,1.0,,16.45,0.0,5.96,51.9000015,,51.9000015,0.0,307.350006,0.0,,
2025-11-06 00:02:32+00:00,2025-11-06 00:02:32,,,,,,,,,,38.8199997,5.6640625,1146.44995,858.150024,5.2874999,1.0,,16.45,0.0,5.96,51.8812485,,51.8812485,0.0,307.274994,0.0,,
2025-11-06 00:02:33+00:00,2025-11-06 00:02:33,,,,,,,,,,38.8199997,5.6640625,1146.52502,858.375,5.2874999,1.0,,16.45,0.0,5.96,51.8062515,,51.8062515,0.0,307.274994,0.0,,
2025-11-06 00:02:34+00:00,2025-11-06 00:02:34,,,,,,,,,,38.8199997,5.6734376,1146.59998,858.674988,5.2874999,1.0,,16.45,0.0,5.96,51.5437508,,51.5437508,0.0,307.350006,0.0,,
2025-11-06 00:02:35+00:00,2025-11-06 00:02:35,38.0,48.0,48.0,38.0,38.0,5.908569683248827,304.0,BO_O2_RULE,"제어매트릭스 규칙 적용: NOX_LOW (3단계 롤백, 4단계에서 Hz 변화 없음)",38.8125,5.6640625,1146.59998,858.825012,5.2874999,1.0,,16.45,0.0,5.39,51.5250015,,51.5250015,0.0,307.350006,0.0,,
2025-11-06 00:02:36+00:00,2025-11-06 00:02:36,,,,,,,,,,38.8087502,5.6640625,1146.67505,859.200012,5.2750001,1.0,,16.45,0.0,5.39,51.5250015,,51.5250015,0.0,305.850006,0.0,,
2025-11-06 00:02:37+00:00,2025-11-06 00:02:37,,,,,,,,,,38.8274994,5.6546874,1146.67505,859.349976,5.2750001,1.0,,16.45,0.0,5.39,51.5250015,,51.5250015,0.0,305.850006,0.0,,
2025-11-06 00:02:38+00:00,2025-11-06 00:02:38,,,,,,,,,,38.8237495,5.64375019,1146.67505,859.650024,5.2750001,1.0,,16.45,0.0,5.39,51.5250015,,51.5250015,0.0,305.850006,0.0,,
2025-11-06 00:02:39+00:00,2025-11-06 00:02:39,,,,,,,,,,38.8125,5.64375019,1146.59998,859.875,5.2874999,1.0,,16.45,0.0,5.39,51.5250015,,51.5250015,0.0,307.125,0.0,,
2025-11-06 00:02:40+00:00,2025-11-06 00:02:40,38.0,48.0,48.0,38.0,38.0,6.067666650005193,304.0,BO_O2_RULE,"제어매트릭스 규칙 적용: NOX_LOW (3단계 롤백, 4단계에서 Hz 변화 없음)",38.8125,5.62187481,1146.59998,860.174988,5.2249999,1.0,,16.45,0.0,5.39,51.5250015,,51.5250015,0.0,305.850006,0.0,,
2025-11-06 00:02:41+00:00,2025-11-06 00:02:41,,,,,,,,,,38.8125,5.62187481,1146.52502,860.400024,4.94999981,1.0,,16.45,0.0,5.39,51.5250015,,51.5250015,0.0,307.274994,0.0,,
2025-11-06 00:02:42+00:00,2025-11-06 00:02:42,,,,,,,,,,38.8050003,5.5843749,1146.375,860.700012,4.9375,1.0,,16.45,0.0,5.39,51.5250015,,51.5250015,0.0,306.75,0.0,,
2025-11-06 00:02:43+00:00,2025-11-06 00:02:43,,,,,,,,,,38.8087502,5.54374981,1146.30005,860.849976,4.94999981,1.0,,16.45,0.0,5.39,51.8812485,,51.8812485,0.0,305.850006,0.0,,
2025-11-06 00:02:44+00:00,2025-11-06 00:02:44,,,,,,,,,,38.8125,5.54374981,1146.22498,861.150024,4.94999981,1.0,,16.45,0.0,5.39,51.8812485,,51.8812485,0.0,306.75,0.0,,
2025-11-06 00:02:45+00:00,2025-11-06 00:02:45,38.0,48.0,48.0,38.0,38.0,6.040253344405368,304.0,BO_O2_RULE,"제어매트릭스 규칙 적용: NOX_LOW (3단계 롤백, 4단계에서 Hz 변화 없음)",38.8050003,5.5171876,1146.22498,861.450012,4.94999981,1.0,,16.45,0.0,5.05,51.5250015,38.0,51.5250015,0.0,305.850006,0.0,,
2025-11-06 00:02:46+00:00,2025-11-06 00:02:46,,,,,,,,,,38.8162498,5.5062499,1146.07495,861.674988,4.9375,1.0,,16.45,0.0,5.05,51.5250015,,51.5250015,0.0,305.924988,0.0,,
2025-11-06 00:02:47+00:00,2025-11-06 00:02:47,,,,,,,,,,38.8199997,5.5062499,1146.07495,861.900024,4.94999981,1.0,,16.45,0.0,5.05,51.5250015,,51.5250015,0.0,307.350006,0.0,,
2025-11-06 00:02:48+00:00,2025-11-06 00:02:48,,,,,,,,,,38.8012505,5.5062499,1145.92505,862.200012,4.94999981,1.0,,16.45,0.0,5.05,51.5250015,,51.5250015,0.0,307.350006,0.0,,
2025-11-06 00:02:49+00:00,2025-11-06 00:02:49,,,,,,,,,,38.8162498,5.5062499,1145.84998,862.349976,4.9375,1.0,,16.45,0.0,5.05,51.5250015,,51.5250015,0.0,305.850006,0.0,,
2025-11-06 00:02:50+00:00,2025-11-06 00:02:50,38.0,48.0,48.0,38.0,38.0,5.671611623157508,304.0,BO_O2_RULE,"제어매트릭스 규칙 적용: NOX_LOW (3단계 롤백, 4단계에서 Hz 변화 없음)",38.8087502,5.5140624,1145.77502,862.724976,4.9124999,1.0,,16.45,0.0,5.05,51.5437508,,51.5437508,0.0,305.850006,0.0,,
2025-11-06 00:02:51+00:00,2025-11-06 00:02:51,,,,,,,,,,38.8125,5.52031231,1145.69995,862.950012,4.7750001,1.0,,16.45,0.0,5.05,51.5250015,,51.5250015,0.0,305.924988,0.0,,
2025-11-06 00:02:52+00:00,2025-11-06 00:02:52,,,,,,,,,,38.8162498,5.52031231,1145.55005,863.25,4.7750001,1.0,,16.45,0.0,5.05,51.5250015,,51.5250015,0.0,305.850006,0.0,,
2025-11-06 00:02:53+00:00,2025-11-06 00:02:53,,,,,,,,,,38.8050003,5.52656269,1145.55005,863.474976,4.7750001,1.0,,16.45,0.0,5.05,51.5250015,,51.5250015,0.0,305.774994,0.0,,
2025-11-06 00:02:54+00:00,2025-11-06 00:02:54,,,,,,,,,,38.8387489,5.5250001,1145.40002,863.700012,4.7750001,1.0,,16.45,0.0,5.05,51.5250015,,51.5250015,0.0,305.850006,0.0,,
2025-11-06 00:02:55+00:00,2025-11-06 00:02:55,38.0,48.0,48.0,38.0,38.0,5.484456472477762,304.0,BO_O2_RULE,"제어매트릭스 규칙 적용: NOX_LOW (3단계 롤백, 4단계에서 Hz 변화 없음)",38.8199997,5.5250001,1145.32495,864.0,4.7750001,1.0,,16.45,0.0,4.93,51.5250015,,51.5250015,0.0,305.924988,0.0,,
2025-11-06 00:02:56+00:00,2025-11-06 00:02:56,,,,,,,,,,38.8125,5.5062499,1145.25,864.299988,4.86250019,1.0,,16.45,0.0,4.93,51.5250015,,51.5250015,0.0,305.850006,0.0,,
2025-11-06 00:02:57+00:00,2025-11-06 00:02:57,,,,,,,,,,38.8087502,5.5062499,1145.09998,864.450012,4.86250019,1.0,,16.45,0.0,4.93,51.5250015,,51.5250015,0.0,305.850006,0.0,,
2025-11-06 00:02:58+00:00,2025-11-06 00:02:58,,,,,,,,,,38.8349991,5.4781251,1145.02502,864.825012,4.86250019,1.0,,16.45,0.0,4.93,51.5250015,,51.5250015,0.0,305.924988,0.0,,
2025-11-06 00:02:59+00:00,2025-11-06 00:02:59,,,,,,,,,,38.8125,5.4468751,1145.02502,865.049988,4.86250019,1.0,,16.45,0.0,4.93,51.5437508,,51.5437508,0.0,305.850006,0.0,,
2025-11-06 00:03:00+00:00,2025-11-06 00:03:00,38.0,48.0,48.0,38.0,38.0,4.820327451749186,304.0,BO_O2_RULE,"제어매트릭스 규칙 적용: NOX_LOW (3단계 롤백, 4단계에서 Hz 변화 없음)",38.8012505,5.4468751,1144.94995,865.349976,4.8499999,1.0,,16.45,0.0,4.93,51.5250015,38.0,51.5250015,0.0,305.850006,0.0,,
2025-11-06 00:03:01+00:00,2025-11-06 00:03:01,,,,,,,,,,38.8087502,5.40625,1144.875,865.575012,4.7750001,1.0,,16.45,0.0,4.93,51.5250015,,51.5250015,0.0,305.850006,0.0,,
2025-11-06 00:03:02+00:00,2025-11-06 00:03:02,,,,,,,,,,38.8199997,5.3578124,1144.80005,865.950012,4.7750001,1.0,,16.45,0.0,4.93,51.5250015,,51.5250015,0.0,305.850006,0.0,,
2025-11-06 00:03:03+00:00,2025-11-06 00:03:03,,,,,,,,,,38.8125,5.3578124,1144.80005,866.099976,4.7750001,1.0,,16.45,0.0,4.93,51.5437508,,51.5437508,0.0,305.850006,0.0,,
2025-11-06 00:03:04+00:00,2025-11-06 00:03:04,,,,,,,,,,38.8274994,5.3125,1144.875,866.400024,4.7750001,1.0,,16.45,0.0,4.93,51.1500015,,51.1500015,0.0,305.850006,0.0,,
2025-11-06 00:03:05+00:00,2025-11-06 00:03:05,38.0,47.0,47.0,38.0,38.0,4.918492819624529,304.0,BO_O2_RULE,"제어매트릭스 규칙 적용: NOX_LOW (3단계 롤백, 4단계에서 Hz 변화 없음)",38.8125,5.3125,1145.02502,866.625,4.7750001,1.0,,16.45,0.0,4.88,51.5250015,,51.5250015,0.0,306.899994,0.0,,
2025-11-06 00:03:06+00:00,2025-11-06 00:03:06,,,,,,,,,,38.8087502,5.2593751,1145.09998,866.924988,4.86250019,1.0,,16.45,0.0,4.88,51.5250015,,51.5250015,0.0,309.0,0.0,,
2025-11-06 00:03:07+00:00,2025-11-06 00:03:07,,,,,,,,,,38.8050003,5.2109375,1145.25,867.299988,4.86250019,1.0,,16.45,0.0,4.88,51.5437508,,51.5437508,0.0,310.575012,0.0,,
2025-11-06 00:03:08+00:00,2025-11-06 00:03:08,,,,,,,,,,38.8125,5.2109375,1145.32495,867.450012,4.86250019,1.0,,16.45,0.0,4.88,51.8812485,,51.8812485,0.0,311.774994,0.0,,
2025-11-06 00:03:09+00:00,2025-11-06 00:03:09,,,,,,,,,,38.8087502,5.1734376,1145.40002,867.674988,4.86250019,1.0,,16.45,0.0,4.88,52.2562485,,52.2562485,0.0,311.774994,0.0,,
2025-11-06 00:03:10+00:00,2025-11-06 00:03:10,38.0,47.0,47.0,38.0,38.0,4.967109332162609,304.0,BO_O2_RULE,"제어매트릭스 규칙 적용: NOX_LOW (3단계 롤백, 4단계에서 Hz 변화 없음)",38.8237495,5.15312481,1145.625,868.049988,4.875,1.0,,16.45,0.0,4.88,52.2562485,,52.2562485,0.0,311.774994,0.0,,
2025-11-06 00:03:11+00:00,2025-11-06 00:03:11,,,,,,,,,,38.8087502,5.15312481,1145.77502,868.275024,4.94999981,1.0,,16.45,0.0,4.88,52.2562485,,52.2562485,0.0,311.850006,0.0,,
2025-11-06 00:03:12+00:00,2025-11-06 00:03:12,,,,,,,,,,38.8199997,5.15156269,1145.92505,868.575012,4.94999981,1.0,,16.45,0.0,4.88,52.2562485,,52.2562485,0.0,311.850006,0.0,,
2025-11-06 00:03:13+00:00,2025-11-06 00:03:13,,,,,,,,,,38.8087502,5.15156269,1146.15002,868.724976,4.94999981,1.0,,16.45,0.0,4.88,52.2562485,,52.2562485,0.0,311.774994,0.0,,
2025-11-06 00:03:14+00:00,2025-11-06 00:03:14,,,,,,,,,,38.8162498,5.16718769,1146.375,869.025024,4.94999981,1.0,,16.45,0.0,4.88,52.2562485,,52.2562485,0.0,311.774994,0.0,,
2025-11-06 00:03:15+00:00,2025-11-06 00:03:15,38.0,48.0,48.0,38.0,38.0,4.622461649462175,304.0,BO_O2_RULE,"제어매트릭스 규칙 적용: NOX_LOW (3단계 롤백, 4단계에서 Hz 변화 없음)",38.8199997,5.18281269,1146.59998,869.325012,4.9375,1.0,,16.45,0.0,5.03,52.2562485,38.0,52.2562485,0.0,311.774994,0.0,,
2025-11-06 00:03:16+00:00,2025-11-06 00:03:16,,,,,,,,,,38.8050003,5.18281269,1146.90002,869.625,4.9375,1.0,,16.45,0.0,5.03,52.2374992,,52.2374992,0.0,311.774994,0.0,,
2025-11-06 00:03:17+00:00,2025-11-06 00:03:17,,,,,,,,,,38.8125,5.19843769,1147.125,869.924988,4.94999981,1.0,,16.45,0.0,5.03,52.2562485,,52.2562485,0.0,311.774994,0.0,,
2025-11-06 00:03:18+00:00,2025-11-06 00:03:18,,,,,,,,,,38.8050003,5.2093749,1147.27502,870.150024,4.9375,1.0,,16.45,0.0,5.03,52.2562485,,52.2562485,0.0,311.774994,0.0,,
2025-11-06 00:03:19+00:00,2025-11-06 00:03:19,,,,,,,,,,38.8162498,5.2093749,1147.57495,870.525024,4.9375,1.0,,16.45,0.0,5.03,52.2562485,,52.2562485,0.0,311.774994,0.0,,
2025-11-06 00:03:20+00:00,2025-11-06 00:03:20,38.0,48.0,48.0,38.0,38.0,4.962761504671741,304.0,BO_O2_RULE,"제어매트릭스 규칙 적용: NOX_LOW (3단계 롤백, 4단계에서 Hz 변화 없음)",38.8050003,5.2171874,1147.72498,870.674988,4.94999981,1.0,,16.45,0.0,5.03,52.2562485,,52.2562485,0.0,310.350006,0.0,,
2025-11-06 00:03:21+00:00,2025-11-06 00:03:21,,,,,,,,,,38.8199997,5.2171874,1147.94995,870.974976,4.94999981,1.0,,16.45,0.0,5.03,52.2562485,,52.2562485,0.0,310.350006,0.0,,
2025-11-06 00:03:22+00:00,2025-11-06 00:03:22,,,,,,,,,,38.8050003,5.2265625,1148.09998,871.200012,4.9375,1.0,,16.45,0.0,5.03,52.2562485,,52.2562485,0.0,310.350006,0.0,,
2025-11-06 00:03:23+00:00,2025-11-06 00:03:23,,,,,,,,,,38.8012505,5.234375,1148.25,871.424988,4.94999981,1.0,,16.45,0.0,5.03,52.2562485,,52.2562485,0.0,310.350006,0.0,,
2025-11-06 00:03:24+00:00,2025-11-06 00:03:24,,,,,,,,,,38.8199997,5.234375,1148.47498,871.724976,4.94999981,1.0,,16.45,0.0,5.03,52.2562485,,52.2562485,0.0,310.350006,0.0,,
2025-11-06 00:03:25+00:00,2025-11-06 00:03:25,38.0,48.0,48.0,38.0,38.0,5.056754559912501,304.0,BO_O2_RULE,"제어매트릭스 규칙 적용: NOX_LOW (3단계 롤백, 4단계에서 Hz 변화 없음)",38.8162498,5.2484374,1148.55005,872.025024,4.9375,1.0,,16.45,0.0,5.03,52.2374992,,52.2374992,0.0,310.274994,0.0,,
2025-11-06 00:03:26+00:00,2025-11-06 00:03:26,,,,,,,,,,38.8050003,5.2671876,1148.69995,872.25,4.9375,1.0,,16.45,0.0,5.03,52.2562485,,52.2562485,0.0,310.274994,0.0,,
2025-11-06 00:03:27+00:00,2025-11-06 00:03:27,,,,,,,,,,38.8012505,5.2671876,1148.84998,872.625,4.94999981,1.0,,16.45,0.0,5.03,52.2562485,,52.2562485,0.0,310.350006,0.0,,
2025-11-06 00:03:28+00:00,2025-11-06 00:03:28,,,,,,,,,,38.8199997,5.2953124,1148.92505,872.775024,4.9375,1.0,,16.45,0.0,5.03,52.2562485,,52.2562485,0.0,311.700012,0.0,,
2025-11-06 00:03:29+00:00,2025-11-06 00:03:29,,,,,,,,,,38.8162498,5.2953124,1149.15002,873.075012,4.9375,1.0,,16.45,0.0,5.03,52.2374992,,52.2374992,0.0,311.850006,0.0,,
2025-11-06 00:03:30+00:00,2025-11-06 00:03:30,38.0,48.0,48.0,38.0,38.0,4.532864249714774,304.0,BO_O2_RULE,"제어매트릭스 규칙 적용: NOX_LOW (3단계 롤백, 4단계에서 Hz 변화 없음)",38.8125,5.3218751,1149.22498,873.375,4.9625001,1.0,,16.45,0.0,5.03,52.2562485,,52.2562485,0.0,311.774994,0.0,,
2025-11-06 00:03:31+00:00,2025-11-06 00:03:31,,,,,,,,,,38.8050003,5.34843731,1149.375,873.599976,5.0250001,1.0,,16.45,0.0,5.03,52.2562485,,52.2562485,0.0,311.774994,0.0,,
2025-11-06 00:03:32+00:00,2025-11-06 00:03:32,,,,,,,,,,38.8087502,5.34843731,1149.52502,873.900024,5.0250001,1.0,,16.45,0.0,5.03,52.2374992,,52.2374992,0.0,311.774994,0.0,,
2025-11-06 00:03:33+00:00,2025-11-06 00:03:33,,,,,,,,,,38.8050003,5.3828125,1149.67505,874.049988,5.0374999,1.0,,16.45,0.0,5.03,52.2562485,,52.2562485,0.0,311.774994,0.0,,
2025-11-06 00:03:34+00:00,2025-11-06 00:03:34,,,,,,,,,,38.8050003,5.4234376,1149.75,874.349976,5.0374999,1.0,,16.45,0.0,5.03,52.2562485,,52.2562485,0.0,310.424988,0.0,,
2025-11-06 00:03:35+00:00,2025-11-06 00:03:35,38.0,48.0,48.0,38.0,38.0,5.126502270587928,304.0,BO_O2_RULE,"제어매트릭스 규칙 적용: NOX_LOW (3단계 롤백, 4단계에서 Hz 변화 없음)",38.8050003,5.4234376,1149.90002,874.5,5.0374999,1.0,,16.45,0.0,5.1,52.2562485,,52.2562485,0.0,310.350006,0.0,,
2025-11-06 00:03:36+00:00,2025-11-06 00:03:36,,,,,,,,,,38.8237495,5.47187519,1150.05005,874.799988,5.0250001,1.0,,16.45,0.0,5.1,52.2562485,,52.2562485,0.0,310.350006,0.0,,
2025-11-06 00:03:37+00:00,2025-11-06 00:03:37,,,,,,,,,,38.7937508,5.5234375,1150.19995,875.174988,5.0250001,1.0,,16.45,0.0,5.1,52.2562485,,52.2562485,0.0,310.274994,0.0,,
2025-11-06 00:03:38+00:00,2025-11-06 00:03:38,,,,,,,,,,38.8087502,5.5234375,1150.34998,875.325012,5.0250001,1.0,,16.45,0.0,5.1,52.2562485,,52.2562485,0.0,310.350006,0.0,,
2025-11-06 00:03:39+00:00,2025-11-06 00:03:39,,,,,,,,,,38.8162498,5.5640626,1150.42505,875.625,5.0374999,1.0,,16.45,0.0,5.1,52.2562485,,52.2562485,0.0,310.350006,0.0,,
2025-11-06 00:03:40+00:00,2025-11-06 00:03:40,38.0,48.0,48.0,38.0,38.0,5.007274570744749,304.0,BO_O2_RULE,"제어매트릭스 규칙 적용: NOX_LOW (3단계 롤백, 4단계에서 Hz 변화 없음)",38.8237495,5.5640626,1150.57495,875.849976,5.0374999,1.0,,16.45,0.0,5.1,52.2562485,,52.2562485,0.0,310.350006,0.0,,
2025-11-06 00:03:41+00:00,2025-11-06 00:03:41,,,,,,,,,,38.8012505,5.6015625,1150.875,876.150024,5.0250001,1.0,,16.45,0.0,5.1,52.2562485,,52.2562485,0.0,310.274994,0.0,,
2025-11-06 00:03:42+00:00,2025-11-06 00:03:42,,,,,,,,,,38.8162498,5.6468749,1151.09998,876.299988,5.0250001,1.0,,16.45,0.0,5.1,52.2562485,,52.2562485,0.0,310.350006,0.0,,
2025-11-06 00:03:43+00:00,2025-11-06 00:03:43,,,,,,,,,,38.8050003,5.6468749,1151.32495,876.599976,5.0250001,1.0,,16.45,0.0,5.1,52.2562485,,52.2562485,0.0,308.850006,0.0,,
2025-11-06 00:03:44+00:00,2025-11-06 00:03:44,,,,,,,,,,38.8125,5.70625019,1151.47498,876.825012,5.0250001,1.0,,16.45,0.0,5.1,52.2374992,,52.2374992,0.0,308.850006,0.0,,
2025-11-06 00:03:45+00:00,2025-11-06 00:03:45,38.0,48.0,48.0,38.0,38.0,4.916506008189591,304.0,BO_O2_RULE,"제어매트릭스 규칙 적용: NOX_LOW (3단계 롤백, 4단계에서 Hz 변화 없음)",38.8125,5.77031231,1151.625,877.125,5.0875001,1.0,,16.45,0.0,5.18,51.9937515,,51.9937515,0.0,308.850006,0.0,,
2025-11-06 00:03:46+00:00,2025-11-06 00:03:46,,,,,,,,,,38.8387489,5.77031231,1151.77502,877.275024,5.11250019,1.0,,16.45,0.0,5.18,51.9000015,38.0,51.9000015,0.0,308.850006,0.0,,
2025-11-06 00:03:47+00:00,2025-11-06 00:03:47,,,,,,,,,,38.8087502,5.84062481,1151.84998,877.5,5.11250019,1.0,,16.45,0.0,5.18,51.9000015,,51.9000015,0.0,308.850006,0.0,,
2025-11-06 00:03:48+00:00,2025-11-06 00:03:48,,,,,,,,,,38.7975006,5.84062481,1151.84998,877.724976,5.11250019,1.0,,16.45,0.0,5.18,51.9000015,,51.9000015,0.0,307.5,0.0,,
2025-11-06 00:03:49+00:00,2025-11-06 00:03:49,,,,,,,,,,38.7975006,5.91093731,1152.0,878.025024,5.11250019,1.0,,16.45,0.0,5.18,51.9000015,,51.9000015,0.0,307.274994,0.0,,
2025-11-06 00:03:50+00:00,2025-11-06 00:03:50,38.0,48.0,48.0,38.0,38.0,5.262649293363818,304.0,BO_O2_RULE,"제어매트릭스 규칙 적용: NOX_LOW (3단계 롤백, 4단계에서 Hz 변화 없음)",38.8087502,5.98750019,1152.07495,878.174988,5.125,1.0,,16.45,0.0,5.18,51.9000015,,51.9000015,0.0,307.350006,0.0,,
2025-11-06 00:03:51+00:00,2025-11-06 00:03:51,,,,,,,,,,38.8199997,5.98750019,1152.30005,878.474976,5.19999981,1.0,,16.45,0.0,5.18,51.9000015,,51.9000015,0.0,306.524994,0.0,,
2025-11-06 00:03:52+00:00,2025-11-06 00:03:52,,,,,,,,,,38.8087502,6.06562519,1152.52502,878.625,5.19999981,1.0,,16.45,0.0,5.18,51.8812485,,51.8812485,0.0,305.850006,0.0,,
2025-11-06 00:03:53+00:00,2025-11-06 00:03:53,,,,,,,,,,38.8050003,6.14375019,1152.82495,878.924988,5.19999981,1.0,,16.45,0.0,5.18,51.5250015,,51.5250015,0.0,305.774994,0.0,,
2025-11-06 00:03:54+00:00,2025-11-06 00:03:54,,,,,,,,,,38.8199997,6.14375019,1153.05005,879.075012,5.19999981,1.0,,16.45,0.0,5.18,51.5437508,,51.5437508,0.0,305.850006,0.0,,
2025-11-06 00:03:55+00:00,2025-11-06 00:03:55,38.0,48.0,48.0,38.0,38.0,5.2117890024794065,304.0,BO_O2_RULE,"제어매트릭스 규칙 적용: NOX_LOW (3단계 롤백, 4단계에서 Hz 변화 없음)",38.8087502,6.21875,1153.5,879.375,5.26249981,1.0,,16.45,0.0,5.28,51.5437508,,51.5437508,0.0,305.924988,0.0,,
2025-11-06 00:03:56+00:00,2025-11-06 00:03:56,,,,,,,,,,38.8050003,6.2906251,1153.94995,879.599976,5.2874999,1.0,,16.45,0.0,5.28,51.5250015,,51.5250015,0.0,305.850006,0.0,,
2025-11-06 00:03:57+00:00,2025-11-06 00:03:57,,,,,,,,,,38.8087502,6.2906251,1154.17505,879.825012,5.2874999,1.0,,16.45,0.0,5.28,51.5250015,,51.5250015,0.0,305.850006,0.0,,
2025-11-06 00:03:58+00:00,2025-11-06 00:03:58,,,,,,,,,,38.8162498,6.3499999,1154.47498,879.974976,5.2874999,1.0,,16.45,0.0,5.28,51.5250015,,51.5250015,0.0,305.850006,0.0,,
2025-11-06 00:03:59+00:00,2025-11-06 00:03:59,,,,,,,,,,38.8125,6.3499999,1154.84998,880.200012,5.2874999,1.0,,16.45,0.0,5.28,51.5250015,,51.5250015,0.0,305.850006,0.0,,
2025-11-06 00:04:00+00:00,2025-11-06 00:04:00,38.0,47.0,47.0,38.0,38.0,5.446187079481942,304.0,BO_O2_RULE,"제어매트릭스 규칙 적용: NOX_LOW (3단계 롤백, 4단계에서 Hz 변화 없음)",38.8050003,6.3921876,1155.15002,880.424988,5.32499981,1.0,,16.45,0.0,5.28,51.5437508,38.0,51.5437508,0.0,305.850006,0.0,,
2025-11-06 00:04:01+00:00,2025-11-06 00:04:01,,,,,,,,,,38.8199997,6.42656231,1155.52502,880.650024,5.44999981,1.0,,16.45,0.0,5.28,51.5250015,,51.5250015,0.0,305.850006,0.0,,
2025-11-06 00:04:02+00:00,2025-11-06 00:04:02,,,,,,,,,,38.8125,6.42656231,1155.90002,880.875,5.44999981,1.0,,16.45,0.0,5.28,51.5437508,,51.5437508,0.0,305.850006,0.0,,
2025-11-06 00:04:03+00:00,2025-11-06 00:04:03,,,,,,,,,,38.8050003,6.44843769,1156.19995,881.099976,5.44999981,1.0,,16.45,0.0,5.28,51.5250015,,51.5250015,0.0,305.924988,0.0,,
2025-11-06 00:04:04+00:00,2025-11-06 00:04:04,,,,,,,,,,38.8087502,6.4515624,1156.65002,881.325012,5.44999981,1.0,,16.45,0.0,5.28,51.5250015,,51.5250015,0.0,305.924988,0.0,,
2025-11-06 00:04:05+00:00,2025-11-06 00:04:05,38.0,47.0,47.0,38.0,38.0,6.434405283514717,304.0,BO_O2_RULE,"제어매트릭스 규칙 적용: NOX_LOW (3단계 롤백, 4단계에서 Hz 변화 없음)",38.8050003,6.4515624,1156.94995,881.474976,5.57499981,1.0,,16.45,0.0,5.57,51.5437508,,51.5437508,0.0,305.850006,0.0,,
2025-11-06 00:04:06+00:00,2025-11-06 00:04:06,,,,,,,,,,38.8087502,6.44218731,1157.40002,881.700012,5.625,1.0,,16.45,0.0,5.57,51.5250015,,51.5250015,0.0,305.850006,0.0,,
2025-11-06 00:04:07+00:00,2025-11-06 00:04:07,,,,,,,,,,38.8125,6.44218731,1157.77502,881.924988,5.625,1.0,,16.45,0.0,5.57,51.5437508,,51.5437508,0.0,305.850006,0.0,,
2025-11-06 00:04:08+00:00,2025-11-06 00:04:08,,,,,,,,,,38.8087502,6.421875,1158.22498,882.150024,5.625,1.0,,16.45,0.0,5.57,51.5437508,,51.5437508,0.0,305.924988,0.0,,
2025-11-06 00:04:09+00:00,2025-11-06 00:04:09,,,,,,,,,,38.8199997,6.40625,1158.59998,882.299988,5.625,1.0,,16.45,0.0,5.57,51.5250015,,51.5250015,0.0,305.850006,0.0,,
2025-11-06 00:04:10+00:00,2025-11-06 00:04:10,38.0,47.0,47.0,38.0,38.0,7.389934942394688,304.0,BO_O2_RULE,"제어매트릭스 규칙 적용: NOX_LOW (3단계 롤백, 4단계에서 Hz 변화 없음)",38.8050003,6.40625,1159.125,882.599976,5.625,1.0,,16.45,0.0,5.57,51.5437508,,51.5437508,0.0,305.850006,0.0,,
2025-11-06 00:04:11+00:00,2025-11-06 00:04:11,,,,,,,,,,38.8050003,6.39375019,1159.42505,882.75,5.625,1.0,,16.45,0.0,5.57,51.5250015,,51.5250015,0.0,306.825012,0.0,,
2025-11-06 00:04:12+00:00,2025-11-06 00:04:12,,,,,,,,,,38.8162498,6.3843751,1159.94995,882.974976,5.625,1.0,,16.45,0.0,5.57,51.5250015,,51.5250015,0.0,307.350006,0.0,,
2025-11-06 00:04:13+00:00,2025-11-06 00:04:13,,,,,,,,,,38.8125,6.3843751,1160.25,883.125,5.625,1.0,,16.45,0.0,5.57,51.5250015,,51.5250015,0.0,307.350006,0.0,,
2025-11-06 00:04:14+00:00,2025-11-06 00:04:14,,,,,,,,,,38.8125,6.3765626,1160.69995,883.424988,5.625,1.0,,16.45,0.0,5.57,51.8062515,,51.8062515,0.0,307.274994,0.0,,
2025-11-06 00:04:15+00:00,2025-11-06 00:04:15,38.0,47.0,47.0,38.0,38.0,7.516096621958548,304.0,BO_O2_RULE,"제어매트릭스 규칙 적용: NOX_LOW (3단계 롤백, 4단계에서 Hz 변화 없음)",38.8012505,6.3765626,1160.92505,883.575012,5.75,1.0,,16.45,0.0,5.78,51.9000015,38.0,51.9000015,0.0,307.350006,0.0,,
2025-11-06 00:04:16+00:00,2025-11-06 00:04:16,,,,,,,,,,38.8087502,6.3671875,1161.22498,883.799988,5.7874999,1.0,,16.45,0.0,5.78,51.9000015,,51.9000015,0.0,307.350006,0.0,,
2025-11-06 00:04:17+00:00,2025-11-06 00:04:17,,,,,,,,,,38.8050003,6.37187481,1161.44995,883.950012,5.7874999,1.0,,16.45,0.0,5.78,51.8812485,,51.8812485,0.0,307.350006,0.0,,
2025-11-06 00:04:18+00:00,2025-11-06 00:04:18,,,,,,,,,,38.8050003,6.37187481,1161.67505,884.174988,5.7874999,1.0,,16.45,0.0,5.78,51.9000015,,51.9000015,0.0,307.274994,0.0,,
2025-11-06 00:04:19+00:00,2025-11-06 00:04:19,,,,,,,,,,38.8125,6.38749981,1161.90002,884.400024,5.80000019,1.0,,16.45,0.0,5.78,51.9000015,,51.9000015,0.0,307.350006,0.0,,
2025-11-06 00:04:20+00:00,2025-11-06 00:04:20,38.0,46.0,46.0,38.0,38.0,7.863274088770271,304.0,BO_O2_RULE,"제어매트릭스 규칙 적용: NOX_LOW (3단계 롤백, 4단계에서 Hz 변화 없음)",38.8087502,6.40312481,1162.125,884.549988,5.8125,1.0,,16.45,0.0,5.78,51.9000015,,51.9000015,0.0,307.350006,0.0,,
2025-11-06 00:04:21+00:00,2025-11-06 00:04:21,,,,,,,,,,38.8162498,6.40312481,1162.27502,884.700012,5.875,1.0,,16.45,0.0,5.78,51.8812485,,51.8812485,0.0,307.350006,0.0,,
2025-11-06 00:04:22+00:00,2025-11-06 00:04:22,,,,,,,,,,38.8087502,6.4203124,1162.5,884.924988,5.875,1.0,,16.45,0.0,5.78,51.9000015,,51.9000015,0.0,307.274994,0.0,,
2025-11-06 00:04:23+00:00,2025-11-06 00:04:23,,,,,,,,,,38.7975006,6.4203124,1162.57495,885.075012,5.875,1.0,,16.45,0.0,5.78,51.9000015,,51.9000015,0.0,307.350006,0.0,,
2025-11-06 00:04:24+00:00,2025-11-06 00:04:24,,,,,,,,,,38.8125,6.44218731,1162.72498,885.299988,5.875,1.0,,16.45,0.0,5.78,51.9000015,,51.9000015,0.0,307.350006,0.0,,
2025-11-06 00:04:25+00:00,2025-11-06 00:04:25,38.0,46.0,46.0,38.0,38.0,8.058033374984905,304.0,BO_O2_RULE,"제어매트릭스 규칙 적용: NOX_LOW (3단계 롤백, 4단계에서 Hz 변화 없음)",38.8050003,6.47968769,1162.80005,885.450012,5.9375,1.0,,16.45,0.0,5.96,51.8812485,,51.8812485,0.0,307.274994,0.0,,
2025-11-06 00:04:26+00:00,2025-11-06 00:04:26,,,,,,,,,,38.8125,6.47968769,1162.94995,885.674988,5.9625001,1.0,,16.45,0.0,5.96,51.8812485,,51.8812485,0.0,307.274994,0.0,,
2025-11-06 00:04:27+00:00,2025-11-06 00:04:27,,,,,,,,,,38.8050003,6.51875019,1163.02502,885.900024,5.9625001,1.0,,16.45,0.0,5.96,51.9000015,,51.9000015,0.0,307.350006,0.0,,
2025-11-06 00:04:28+00:00,2025-11-06 00:04:28,,,,,,,,,,38.8125,6.5484376,1163.09998,886.125,5.9625001,1.0,,16.45,0.0,5.96,51.9000015,,51.9000015,0.0,307.350006,0.0,,
2025-11-06 00:04:29+00:00,2025-11-06 00:04:29,,,,,,,,,,38.8087502,6.5484376,1163.25,886.275024,5.9625001,1.0,,16.45,0.0,5.96,51.8812485,,51.8812485,0.0,307.350006,0.0,,
2025-11-06 00:04:30+00:00,2025-11-06 00:04:30,38.0,46.0,46.0,38.0,38.0,7.946879051396162,304.0,BO_O2_RULE,"제어매트릭스 규칙 적용: NOX_LOW (3단계 롤백, 4단계에서 Hz 변화 없음)",38.8050003,6.56718731,1163.32495,886.5,5.9749999,1.0,,16.45,0.0,5.96,51.9000015,38.0,51.9000015,0.0,307.274994,0.0,,
2025-11-06 00:04:31+00:00,2025-11-06 00:04:31,,,,,,,,,,38.8125,6.56718731,1163.40002,886.650024,6.0374999,1.0,,16.45,0.0,5.96,51.75,,51.75,0.0,307.350006,0.0,,
2025-11-06 00:04:32+00:00,2025-11-06 00:04:32,,,,,,,,,,38.8050003,6.59062481,1163.55005,886.875,6.05000019,1.0,,16.45,0.0,5.96,51.5250015,,51.5250015,0.0,307.350006,0.0,,
2025-11-06 00:04:33+00:00,2025-11-06 00:04:33,,,,,,,,,,38.8162498,6.6156249,1163.625,887.025024,6.0374999,1.0,,16.45,0.0,5.96,51.5250015,,51.5250015,0.0,307.350006,0.0,,
2025-11-06 00:04:34+00:00,2025-11-06 00:04:34,,,,,,,,,,38.8050003,6.6156249,1163.77502,887.25,6.0374999,1.0,,16.45,0.0,5.96,51.5250015,,51.5250015,0.0,305.850006,0.0,,
2025-11-06 00:04:35+00:00,2025-11-06 00:04:35,38.0,46.0,46.0,38.0,38.0,7.403121649362273,304.0,BO_O2_RULE,"제어매트릭스 규칙 적용: NOX_LOW (3단계 롤백, 4단계에서 Hz 변화 없음)",38.8050003,6.640625,1163.84998,887.325012,6.11250019,1.0,,16.45,0.0,6.13,51.5437508,,51.5437508,0.0,305.850006,0.0,,
2025-11-06 00:04:36+00:00,2025-11-06 00:04:36,,,,,,,,,,38.8087502,6.65937519,1163.92505,887.549988,6.125,1.0,,16.45,0.0,6.13,51.5437508,,51.5437508,0.0,305.924988,0.0,,
2025-11-06 00:04:37+00:00,2025-11-06 00:04:37,,,,,,,,,,38.8125,6.65937519,1164.0,887.700012,6.125,1.0,,16.45,0.0,6.13,51.5250015,,51.5250015,0.0,305.850006,0.0,,
2025-11-06 00:04:38+00:00,2025-11-06 00:04:38,,,,,,,,,,38.8087502,6.6703124,1164.15002,887.924988,6.125,1.0,,16.45,0.0,6.13,51.5437508,,51.5437508,0.0,305.924988,0.0,,
2025-11-06 00:04:39+00:00,2025-11-06 00:04:39,,,,,,,,,,38.8162498,6.6703124,1164.30005,888.0,6.13749981,1.0,,16.45,0.0,6.13,51.5437508,,51.5437508,0.0,305.850006,0.0,,
2025-11-06 00:04:40+00:00,2025-11-06 00:04:40,38.0,46.0,46.0,38.0,38.0,7.431812063095829,304.0,BO_O2_RULE,"제어매트릭스 규칙 적용: NOX_LOW (3단계 롤백, 4단계에서 Hz 변화 없음)",38.8087502,6.68437481,1164.375,888.150024,6.1500001,1.0,,16.45,0.0,6.13,51.5437508,,51.5437508,0.0,305.850006,0.0,,
2025-11-06 00:04:41+00:00,2025-11-06 00:04:41,,,,,,,,,,38.8125,6.70625019,1164.59998,888.375,6.2125001,1.0,,16.45,0.0,6.13,51.5250015,,51.5250015,0.0,305.924988,0.0,,
2025-11-06 00:04:42+00:00,2025-11-06 00:04:42,,,,,,,,,,38.8312492,6.70625019,1164.75,888.599976,6.2125001,1.0,,16.45,0.0,6.13,51.5250015,,51.5250015,0.0,305.850006,0.0,,
2025-11-06 00:04:43+00:00,2025-11-06 00:04:43,,,,,,,,,,38.8087502,6.73750019,1164.82495,888.75,6.2125001,1.0,,16.45,0.0,6.13,51.5437508,,51.5437508,0.0,305.850006,0.0,,
2025-11-06 00:04:44+00:00,2025-11-06 00:04:44,,,,,,,,,,38.8050003,6.7750001,1164.97498,888.974976,6.2125001,1.0,,16.45,0.0,6.13,51.5250015,,51.5250015,0.0,305.850006,0.0,,
2025-11-06 00:04:45+00:00,2025-11-06 00:04:45,38.0,46.0,46.0,38.0,38.0,7.915164646089023,304.0,BO_O2_RULE,"제어매트릭스 규칙 적용: NOX_LOW (3단계 롤백, 4단계에서 Hz 변화 없음)",38.8125,6.7750001,1165.05005,889.125,6.2125001,1.0,,16.45,0.0,6.29,51.5250015,38.0,51.5250015,0.0,305.850006,0.0,,
2025-11-06 00:04:46+00:00,2025-11-06 00:04:46,,,,,,,,,,38.8199997,6.79218769,1165.125,889.349976,6.2249999,1.0,,16.45,0.0,6.29,51.5250015,,51.5250015,0.0,305.774994,0.0,,
2025-11-06 00:04:47+00:00,2025-11-06 00:04:47,,,,,,,,,,38.8087502,6.79218769,1165.125,889.424988,6.2125001,1.0,,16.45,0.0,6.29,51.5437508,,51.5437508,0.0,305.850006,0.0,,
2025-11-06 00:04:48+00:00,2025-11-06 00:04:48,,,,,,,,,,38.8087502,6.7874999,1165.125,889.650024,6.2125001,1.0,,16.45,0.0,6.29,51.5250015,,51.5250015,0.0,305.924988,0.0,,
2025-11-06 00:04:49+00:00,2025-11-06 00:04:49,,,,,,,,,,38.8050003,6.7640624,1165.125,889.799988,6.2125001,1.0,,16.45,0.0,6.29,51.5250015,,51.5250015,0.0,305.850006,0.0,,
2025-11-06 00:04:50+00:00,2025-11-06 00:04:50,38.0,46.0,46.0,38.0,38.0,7.603376830814187,304.0,BO_O2_RULE,"제어매트릭스 규칙 적용: NOX_LOW (3단계 롤백, 4단계에서 Hz 변화 없음)",38.8050003,6.7640624,1165.05005,890.025024,6.23750019,1.0,,16.45,0.0,6.29,51.5250015,,51.5250015,0.0,305.850006,0.0,,
2025-11-06 00:04:51+00:00,2025-11-06 00:04:51,,,,,,,,,,38.8050003,6.73750019,1164.97498,890.099976,6.30000019,1.0,,16.45,0.0,6.29,51.5437508,,51.5437508,0.0,305.850006,0.0,,
2025-11-06 00:04:52+00:00,2025-11-06 00:04:52,,,,,,,,,,38.8087502,6.71406269,1164.82495,890.325012,6.30000019,1.0,,16.45,0.0,6.29,51.4874992,,51.4874992,0.0,305.924988,0.0,,
2025-11-06 00:04:53+00:00,2025-11-06 00:04:53,,,,,,,,,,38.8087502,6.71406269,1164.82495,890.474976,6.30000019,1.0,,16.45,0.0,6.29,51.1500015,,51.1500015,0.0,305.850006,0.0,,
2025-11-06 00:04:54+00:00,2025-11-06 00:04:54,,,,,,,,,,38.8274994,6.69062519,1164.67505,890.625,6.30000019,1.0,,16.45,0.0,6.29,51.1500015,,51.1500015,0.0,305.850006,0.0,,
2025-11-06 00:04:55+00:00,2025-11-06 00:04:55,38.0,46.0,46.0,38.0,38.0,7.350958414069252,304.0,BO_O2_RULE,"제어매트릭스 규칙 적용: NOX_LOW (3단계 롤백, 4단계에서 Hz 변화 없음)",38.8162498,6.69062519,1164.59998,890.849976,6.36250019,1.0,,16.45,0.0,6.37,51.1687508,,51.1687508,0.0,305.850006,0.0,,
2025-11-06 00:04:56+00:00,2025-11-06 00:04:56,,,,,,,,,,38.8087502,6.6640625,1164.52502,891.0,6.375,1.0,,16.45,0.0,6.37,51.1500015,,51.1500015,0.0,305.850006,0.0,,
2025-11-06 00:04:57+00:00,2025-11-06 00:04:57,,,,,,,,,,38.8087502,6.6328125,1164.44995,891.224976,6.375,1.0,,16.45,0.0,6.37,51.1500015,,51.1500015,0.0,305.850006,0.0,,
2025-11-06 00:04:58+00:00,2025-11-06 00:04:58,,,,,,,,,,38.8012505,6.6328125,1164.44995,891.375,6.38749981,1.0,,16.45,0.0,6.37,51.1500015,,51.1500015,0.0,305.850006,0.0,,
2025-11-06 00:04:59+00:00,2025-11-06 00:04:59,,,,,,,,,,38.8162498,6.61250019,1164.375,891.525024,6.375,1.0,,16.45,0.0,6.37,51.5062485,,51.5062485,0.0,305.850006,0.0,,
2025-11-06 00:05:00+00:00,2025-11-06 00:05:00,38.0,46.0,46.0,38.0,38.0,7.529197054283837,304.0,BO_O2_RULE,"제어매트릭스 규칙 적용: NOX_LOW (3단계 롤백, 4단계에서 Hz 변화 없음)",38.8087502,6.59375,1164.30005,891.75,6.4000001,1.0,,16.45,0.0,6.37,51.5437508,38.0,51.5437508,0.0,305.850006,0.0,,
2025-11-06 00:05:01+00:00,2025-11-06 00:05:01,,,,,,,,,,38.8237495,6.59375,1164.22498,891.825012,6.4625001,1.0,,16.45,0.0,6.37,51.5250015,,51.5250015,0.0,305.850006,0.0,,
2025-11-06 00:05:02+00:00,2025-11-06 00:05:02,,,,,,,,,,38.8050003,6.5843749,1164.15002,892.049988,6.4749999,1.0,,16.45,0.0,6.37,51.5437508,,51.5437508,0.0,307.200012,0.0,,
2025-11-06 00:05:03+00:00,2025-11-06 00:05:03,,,,,,,,,,38.8199997,6.5843749,1164.0,892.200012,6.4625001,1.0,,16.45,0.0,6.37,51.5437508,,51.5437508,0.0,305.924988,0.0,,
2025-11-06 00:05:04+00:00,2025-11-06 00:05:04,,,,,,,,,,38.8087502,6.57499981,1163.77502,892.424988,6.4625001,1.0,,16.45,0.0,6.37,51.5437508,,51.5437508,0.0,305.924988,0.0,,
2025-11-06 00:05:05+00:00,2025-11-06 00:05:05,38.0,46.0,46.0,38.0,38.0,7.2403061806158036,304.0,BO_O2_RULE,"제어매트릭스 규칙 적용: NOX_LOW (3단계 롤백, 4단계에서 Hz 변화 없음)",38.8125,6.57499981,1163.625,892.5,6.5875001,1.0,,16.45,0.0,6.57,51.5250015,,51.5250015,0.0,305.924988,0.0,,
2025-11-06 00:05:06+00:00,2025-11-06 00:05:06,,,,,,,,,,38.8012505,6.57499981,1163.40002,892.724976,6.63749981,1.0,,16.45,0.0,6.57,51.5250015,,51.5250015,0.0,305.850006,0.0,,
2025-11-06 00:05:07+00:00,2025-11-06 00:05:07,,,,,,,,,,38.8125,6.58906269,1163.25,892.875,6.63749981,1.0,,16.45,0.0,6.57,51.5437508,,51.5437508,0.0,305.850006,0.0,,
2025-11-06 00:05:08+00:00,2025-11-06 00:05:08,,,,,,,,,,38.8087502,6.61406231,1163.09998,893.025024,6.63749981,1.0,,16.45,0.0,6.57,51.5437508,,51.5437508,0.0,305.850006,0.0,,
2025-11-06 00:05:09+00:00,2025-11-06 00:05:09,,,,,,,,,,38.8050003,6.61406231,1162.94995,893.174988,6.63749981,1.0,,16.45,0.0,6.57,51.1687508,,51.1687508,0.0,305.850006,0.0,,
2025-11-06 00:05:10+00:00,2025-11-06 00:05:10,38.0,46.0,46.0,38.0,38.0,7.34895320909737,304.0,BO_O2_RULE,"제어매트릭스 규칙 적용: NOX_LOW (3단계 롤백, 4단계에서 Hz 변화 없음)",38.8012505,6.640625,1162.875,893.325012,6.69999981,1.0,,16.45,0.0,6.57,51.1500015,,51.1500015,0.0,305.924988,0.0,,
2025-11-06 00:05:11+00:00,2025-11-06 00:05:11,,,,,,,,,,38.8125,6.640625,1162.72498,893.474976,6.88749981,1.0,,16.45,0.0,6.57,51.1687508,,51.1687508,0.0,305.850006,0.0,,
2025-11-06 00:05:12+00:00,2025-11-06 00:05:12,,,,,,,,,,38.8237495,6.671875,1162.65002,893.700012,6.88749981,1.0,,16.45,0.0,6.57,51.1687508,,51.1687508,0.0,305.850006,0.0,,
2025-11-06 00:05:13+00:00,2025-11-06 00:05:13,,,,,,,,,,38.8125,6.7046876,1162.5,893.775024,6.88749981,1.0,,16.45,0.0,6.57,51.1687508,,51.1687508,0.0,305.924988,0.0,,
2025-11-06 00:05:14+00:00,2025-11-06 00:05:14,,,,,,,,,,38.8087502,6.7046876,1162.27502,893.924988,6.88749981,1.0,,16.45,0.0,6.57,51.1500015,,51.1500015,0.0,305.924988,0.0,,
2025-11-06 00:05:15+00:00,2025-11-06 00:05:15,38.0,46.0,46.0,38.0,38.0,7.7153346086592265,304.0,BO_O2_RULE,"제어매트릭스 규칙 적용: NOX_LOW (3단계 롤백, 4단계에서 Hz 변화 없음)",38.8125,6.7359376,1162.19995,894.075012,7.26249981,1.0,,16.45,0.0,7.01,51.1687508,38.70680375729881,51.1687508,0.0,305.850006,0.0,,
2025-11-06 00:05:16+00:00,2025-11-06 00:05:16,,,,,,,,,,38.8125,6.76875019,1161.97498,894.224976,7.38749981,1.0,,16.45,0.0,7.01,51.1500015,,51.1500015,0.0,305.850006,0.0,,
2025-11-06 00:05:17+00:00,2025-11-06 00:05:17,,,,,,,,,,38.8012505,6.76875019,1161.75,894.375,7.38749981,1.0,,16.45,0.0,7.01,51.1500015,,51.1500015,0.0,305.850006,0.0,,
2025-11-06 00:05:18+00:00,2025-11-06 00:05:18,,,,,,,,,,38.8125,6.80156231,1161.67505,894.525024,7.38749981,1.0,,16.45,0.0,7.01,51.4500008,,51.4500008,0.0,305.924988,0.0,,
2025-11-06 00:05:19+00:00,2025-11-06 00:05:19,,,,,,,,,,38.8162498,6.80156231,1161.52502,894.674988,7.38749981,1.0,,16.45,0.0,7.01,51.5250015,,51.5250015,0.0,307.274994,0.0,,
2025-11-06 00:05:20+00:00,2025-11-06 00:05:20,38.0,46.0,46.0,38.0,38.0,8.21405067285972,304.0,BO_O2_RULE,"제어매트릭스 규칙 적용: NOX_LOW (3단계 롤백, 4단계에서 Hz 변화 없음)",38.8162498,6.8265624,1161.30005,894.825012,7.4749999,1.0,,16.45,0.0,7.01,51.5250015,,51.5250015,0.0,307.350006,0.0,,
2025-11-06 00:05:21+00:00,2025-11-06 00:05:21,,,,,,,,,,38.8050003,6.85624981,1161.15002,894.974976,7.4749999,1.0,,16.45,0.0,7.01,51.5437508,,51.5437508,0.0,307.350006,0.0,,
2025-11-06 00:05:22+00:00,2025-11-06 00:05:22,,,,,,,,,,38.8087502,6.85624981,1160.92505,895.125,7.4749999,1.0,,16.45,0.0,7.01,51.9000015,,51.9000015,0.0,305.850006,0.0,,
2025-11-06 00:05:23+00:00,2025-11-06 00:05:23,,,,,,,,,,38.8050003,6.88749981,1160.69995,895.200012,7.4749999,1.0,,16.45,0.0,7.01,51.9000015,,51.9000015,0.0,305.850006,0.0,,
2025-11-06 00:05:24+00:00,2025-11-06 00:05:24,,,,,,,,,,38.8162498,6.92500019,1160.55005,895.424988,7.4749999,1.0,,16.45,0.0,7.01,51.5437508,,51.5437508,0.0,305.924988,0.0,,
2025-11-06 00:05:25+00:00,2025-11-06 00:05:25,38.0,46.0,46.0,38.0,38.0,8.375922298744742,304.0,BO_O2_RULE,"제어매트릭스 규칙 적용: NOX_LOW (3단계 롤백, 4단계에서 Hz 변화 없음)",38.8087502,6.92500019,1160.32495,895.5,8.11250019,1.0,,16.45,0.0,7.58,51.5437508,,51.5437508,0.0,305.924988,0.0,,
2025-11-06 00:05:26+00:00,2025-11-06 00:05:26,,,,,,,,,,38.8087502,6.9671874,1160.09998,895.724976,8.3125,1.0,,16.45,0.0,7.58,51.5250015,,51.5250015,0.0,305.924988,0.0,,
2025-11-06 00:05:27+00:00,2025-11-06 00:05:27,,,,,,,,,,38.8087502,6.9671874,1159.875,895.799988,8.3125,1.0,,16.45,0.0,7.58,51.5437508,,51.5437508,0.0,305.850006,0.0,,
2025-11-06 00:05:28+00:00,2025-11-06 00:05:28,,,,,,,,,,38.8050003,7.01093769,1159.57495,895.950012,8.3125,1.0,,16.45,0.0,7.58,51.5437508,,51.5437508,0.0,305.924988,0.0,,
2025-11-06 00:05:29+00:00,2025-11-06 00:05:29,,,,,,,,,,38.8050003,7.0546875,1159.42505,896.099976,8.3125,1.0,,16.45,0.0,7.58,51.1500015,,51.1500015,0.0,305.924988,0.0,,
2025-11-06 00:05:30+00:00,2025-11-06 00:05:30,38.0,45.0,45.0,38.0,38.0,10.351075209066009,304.0,BO_O2_RULE,"제어매트릭스 규칙 적용: NOX_LOW (3단계 롤백, 4단계에서 Hz 변화 없음)",38.8125,7.0546875,1159.125,896.25,9.32499981,1.0,,16.45,0.0,7.58,51.1500015,40.5068037572988,51.1500015,0.0,305.774994,0.0,,
2025-11-06 00:05:31+00:00,2025-11-06 00:05:31,,,,,,,,,,38.8125,7.0953126,1158.97498,896.325012,9.32499981,1.0,,16.45,0.0,7.58,51.5250015,,51.5250015,0.0,305.850006,0.0,,
2025-11-06 00:05:32+00:00,2025-11-06 00:05:32,,,,,,,,,,38.8162498,7.14531231,1158.75,896.474976,9.32499981,1.0,,16.45,0.0,7.58,51.5437508,,51.5437508,0.0,305.850006,0.0,,
2025-11-06 00:05:33+00:00,2025-11-06 00:05:33,,,,,,,,,,38.8050003,7.14531231,1158.67505,896.625,9.32499981,1.0,,16.45,0.0,7.58,51.5250015,,51.5250015,0.0,305.850006,0.0,,
2025-11-06 00:05:34+00:00,2025-11-06 00:05:34,,,,,,,,,,38.8125,7.19218731,1158.52502,896.775024,9.32499981,1.0,,16.45,0.0,7.58,51.9000015,,51.9000015,0.0,305.850006,0.0,,
2025-11-06 00:05:35+00:00,2025-11-06 00:05:35,38.0,42.0,42.0,38.0,38.0,11.072746249424771,304.0,BO_O2_RULE,"제어매트릭스 규칙 적용: NOX_LOW (3단계 롤백, 4단계에서 Hz 변화 없음)",38.8162498,7.19218731,1158.44995,896.924988,10.1125002,1.0,,16.45,0.0,9.46,51.9000015,,51.9000015,0.0,305.850006,0.0,,
2025-11-06 00:05:36+00:00,2025-11-06 00:05:36,,,,,,,,,,38.8012505,7.2249999,1158.375,897.0,10.4125004,1.0,,16.45,0.0,9.46,51.9000015,,51.9000015,0.0,307.350006,0.0,,
2025-11-06 00:05:37+00:00,2025-11-06 00:05:37,,,,,,,,,,38.8125,7.23906231,1158.375,897.150024,10.4250002,1.0,,16.45,0.0,9.46,51.9000015,,51.9000015,0.0,307.350006,0.0,,
2025-11-06 00:05:38+00:00,2025-11-06 00:05:38,,,,,,,,,,38.8050003,7.23906231,1158.30005,897.299988,10.4125004,1.0,,16.45,0.0,9.46,51.8812485,,51.8812485,0.0,307.274994,0.0,,
2025-11-06 00:05:39+00:00,2025-11-06 00:05:39,,,,,,,,,,38.8087502,7.25,1158.22498,897.375,10.4125004,1.0,,16.45,0.0,9.46,51.9000015,,51.9000015,0.0,307.350006,0.0,,
2025-11-06 00:05:40+00:00,2025-11-06 00:05:40,42.0,42.0,42.0,42.0,42.0,12.724590655270056,100.0,BO_ONLY,"BO 모델 결과만 사용 (1단계 롤백, 2~4단계에서 Hz 변화 없음)",38.8050003,7.2671876,1158.22498,897.525024,11.1750002,1.0,,16.45,0.0,9.46,51.9000015,,51.9000015,0.0,307.350006,0.0,,
2025-11-06 00:05:41+00:00,2025-11-06 00:05:41,,,,,,,,,,38.8162498,7.2671876,1158.22498,897.674988,11.1875,1.0,,16.45,0.0,9.46,51.9000015,,51.9000015,0.0,307.350006,0.0,,
2025-11-06 00:05:42+00:00,2025-11-06 00:05:42,,,,,,,,,,39.0074997,7.3031249,1158.07495,897.825012,11.1750002,1.0,,16.45,0.0,9.46,51.9000015,,51.9000015,0.0,307.350006,0.0,,
2025-11-06 00:05:43+00:00,2025-11-06 00:05:43,,,,,,,,,,42.6450005,7.3031249,1157.92505,897.974976,11.1750002,1.0,,16.45,0.0,9.46,51.9000015,,51.9000015,0.0,307.350006,0.0,,
2025-11-06 00:05:44+00:00,2025-11-06 00:05:44,,,,,,,,,,43.0950012,7.3499999,1157.77502,898.049988,11.1750002,1.0,,16.45,0.0,9.46,51.9000015,,51.9000015,0.0,305.924988,0.0,,
2025-11-06 00:05:45+00:00,2025-11-06 00:05:45,42.0,42.0,42.0,42.0,42.0,14.382192594148162,100.0,BO_ONLY,"BO 모델 결과만 사용 (1단계 롤백, 2~4단계에서 Hz 변화 없음)",43.0837517,7.38749981,1157.625,898.275024,11.4250002,1.0,,16.45,0.0,9.46,52.2562485,45.006803757298805,52.2562485,0.0,305.924988,0.0,,
2025-11-06 00:05:46+00:00,2025-11-06 00:05:46,,,,,,,,,,43.0950012,7.38749981,1157.40002,898.349976,11.5124998,1.0,,16.45,0.0,11.31,54.0562515,,54.0562515,0.0,305.850006,0.0,,
2025-11-06 00:05:47+00:00,2025-11-06 00:05:47,,,,,,,,,,43.0987511,7.40937519,1157.25,898.5,11.5124998,1.0,,16.45,0.0,11.31,57.7312508,,57.7312508,0.0,305.850006,0.0,,
2025-11-06 00:05:48+00:00,2025-11-06 00:05:48,,,,,,,,,,43.0837517,7.4078126,1157.02502,898.650024,11.5124998,1.0,,16.45,0.0,11.31,61.0125008,,61.0125008,0.0,305.549988,0.0,,
2025-11-06 00:05:49+00:00,2025-11-06 00:05:49,,,,,,,,,,43.0875015,7.4078126,1156.94995,898.724976,11.5124998,1.0,,16.45,0.0,11.31,62.8312492,,62.8312492,0.0,304.424988,0.0,,
2025-11-06 00:05:50+00:00,2025-11-06 00:05:50,42.0,42.0,42.0,42.0,42.0,14.297437386124912,100.0,BO_ONLY,"BO 모델 결과만 사용 (1단계 롤백, 2~4단계에서 Hz 변화 없음)",43.0950012,7.3890624,1156.72498,898.875,11.5124998,1.0,,16.45,0.0,11.31,64.1999969,,64.1999969,0.0,302.924988,0.0,,
2025-11-06 00:05:51+00:00,2025-11-06 00:05:51,,,,,,,,,,43.0912514,7.3890624,1156.57495,899.025024,11.5124998,1.0,,16.45,0.0,11.31,64.7062531,,64.7062531,0.0,302.850006,0.0,,
2025-11-06 00:05:52+00:00,2025-11-06 00:05:52,,,,,,,,,,43.0950012,7.34687519,1156.42505,899.174988,11.5124998,1.0,,16.45,0.0,11.31,65.34375,,65.34375,0.0,301.575012,0.0,,
2025-11-06 00:05:53+00:00,2025-11-06 00:05:53,,,,,,,,,,43.1062508,7.28593731,1156.19995,899.174988,11.5124998,1.0,,16.45,0.0,11.31,65.71875,,65.71875,0.0,301.5,0.0,,
2025-11-06 00:05:54+00:00,2025-11-06 00:05:54,,,,,,,,,,43.0950012,7.28593731,1155.97498,899.400024,11.5124998,1.0,,16.45,0.0,11.31,65.71875,,65.71875,0.0,301.575012,0.0,,
2025-11-06 00:05:55+00:00,2025-11-06 00:05:55,38.09750113333333,42.0,42.0,38.0,38.0,11.890962317351745,304.0,BO_O2_RULE,"제어매트릭스 규칙 적용: NOX_LOW (3단계 롤백, 4단계에서 Hz 변화 없음)",43.0987511,7.2171874,1155.75,899.474976,12.125,1.0,,16.45,0.0,11.31,65.71875,,65.71875,0.0,300.225006,0.0,,
2025-11-06 00:05:56+00:00,2025-11-06 00:05:56,,,,,,,,,,43.0912514,7.1546874,1155.375,899.625,12.3625002,1.0,,16.45,0.0,11.66,65.71875,,65.71875,0.0,300.075012,0.0,,
2025-11-06 00:05:57+00:00,2025-11-06 00:05:57,,,,,,,,,,43.1025009,7.1546874,1155.15002,899.700012,12.3625002,1.0,,16.45,0.0,11.66,65.71875,,65.71875,0.0,300.075012,0.0,,
2025-11-06 00:05:58+00:00,2025-11-06 00:05:58,,,,,,,,,,43.0800018,7.1078124,1154.77502,899.849976,12.3500004,1.0,,16.45,0.0,11.66,65.71875,,65.71875,0.0,300.075012,0.0,,
2025-11-06 00:05:59+00:00,2025-11-06 00:05:59,,,,,,,,,,42.9075012,7.1078124,1154.55005,900.0,12.3500004,1.0,,16.45,0.0,11.66,65.71875,,65.71875,0.0,301.5,0.0,,
2025-11-06 00:06:00+00:00,2025-11-06 00:06:00,43.0,43.0,43.0,43.0,43.0,12.75852395276224,100.0,BO_ONLY,"BO 모델 결과만 사용 (1단계 롤백, 2~4단계에서 Hz 변화 없음)",38.8837509,7.06718731,1154.17505,900.075012,12.5249996,1.0,,16.45,0.0,11.66,65.71875,45.9068037572988,65.71875,0.0,301.575012,0.0,,
2025-11-06 00:06:01+00:00,2025-11-06 00:06:01,,,,,,,,,,38.8274994,7.03125,1153.875,900.224976,12.5249996,1.0,,16.45,0.0,11.66,65.6624985,,65.6624985,0.0,301.575012,0.0,,
2025-11-06 00:06:02+00:00,2025-11-06 00:06:02,,,,,,,,,,38.8125,7.03125,1153.42505,900.299988,12.5249996,1.0,,16.45,0.0,11.66,65.0250015,,65.0250015,0.0,303.0,0.0,,
2025-11-06 00:06:03+00:00,2025-11-06 00:06:03,,,,,,,,,,39.9900017,7.0078125,1153.125,900.450012,12.5375004,1.0,,16.45,0.0,11.66,64.1437531,,64.1437531,0.0,304.424988,0.0,,
2025-11-06 00:06:04+00:00,2025-11-06 00:06:04,,,,,,,,,,44.0737495,6.99531269,1152.59998,900.599976,12.5249996,1.0,,16.45,0.0,11.66,60.9375,,60.9375,0.0,305.549988,0.0,,
2025-11-06 00:06:05+00:00,2025-11-06 00:06:05,43.0,43.0,43.0,43.0,43.0,12.499104859332597,100.0,BO_ONLY,"BO 모델 결과만 사용 (1단계 롤백, 2~4단계에서 Hz 변화 없음)",44.1074982,6.99531269,1152.30005,900.674988,12.6499996,1.0,,16.45,0.0,11.66,58.1062508,,58.1062508,0.0,305.924988,0.0,,
2025-11-06 00:06:06+00:00,2025-11-06 00:06:06,,,,,,,,,,44.1037483,7.0015626,1151.84998,900.825012,12.6999998,1.0,,16.45,0.0,12.62,57.8812485,,57.8812485,0.0,304.5,0.0,,
2025-11-06 00:06:07+00:00,2025-11-06 00:06:07,,,,,,,,,,44.1037483,7.0015626,1151.55005,900.900024,12.6875,1.0,,16.45,0.0,12.62,59.1749992,,59.1749992,0.0,304.350006,0.0,,
2025-11-06 00:06:08+00:00,2025-11-06 00:06:08,,,,,,,,,,44.1074982,7.01875019,1151.17505,901.049988,12.6875,1.0,,16.45,0.0,12.62,61.8937492,,61.8937492,0.0,304.424988,0.0,,
2025-11-06 00:06:09+00:00,2025-11-06 00:06:09,,,,,,,,,,44.0999985,7.0562501,1150.94995,901.125,12.6875,1.0,,16.45,0.0,12.62,64.5562515,,64.5562515,0.0,303.0,0.0,,
2025-11-06 00:06:10+00:00,2025-11-06 00:06:10,44.0,44.0,44.0,44.0,44.0,12.72818447127319,100.0,BO_ONLY,"BO 모델 결과만 사용 (1단계 롤백, 2~4단계에서 Hz 변화 없음)",44.1187515,7.0562501,1150.72498,901.275024,13.3625002,1.0,,16.45,0.0,12.62,66.7312469,,66.7312469,0.0,302.924988,0.0,,
2025-11-06 00:06:11+00:00,2025-11-06 00:06:11,,,,,,,,,,44.1150017,7.1015625,1150.5,901.349976,13.3625002,1.0,,16.45,0.0,12.62,67.8000031,,67.8000031,0.0,302.924988,0.0,,
2025-11-06 00:06:12+00:00,2025-11-06 00:06:12,,,,,,,,,,44.1824989,7.1578126,1150.34998,901.5,13.3625002,1.0,,16.45,0.0,12.62,68.7375031,,68.7375031,0.0,303.0,0.0,,
2025-11-06 00:06:13+00:00,2025-11-06 00:06:13,,,,,,,,,,45.1500015,7.1578126,1150.125,901.575012,13.375,1.0,,16.45,0.0,12.62,68.90625,,68.90625,0.0,302.625,0.0,,
2025-11-06 00:06:14+00:00,2025-11-06 00:06:14,,,,,,,,,,45.1462517,7.21406269,1149.90002,901.650024,13.3625002,1.0,,16.45,0.0,12.62,69.3937531,,69.3937531,0.0,301.575012,0.0,,
2025-11-06 00:06:15+00:00,2025-11-06 00:06:15,43.0,43.0,43.0,43.0,43.0,12.538567511361062,100.0,BO_ONLY,"BO 모델 결과만 사용 (1단계 롤백, 2~4단계에서 Hz 변화 없음)",45.1687508,7.21406269,1149.75,901.724976,13.625,1.0,,16.45,0.0,12.62,69.7312469,45.9068037572988,69.7312469,0.0,301.575012,0.0,,
2025-11-06 00:06:16+00:00,2025-11-06 00:06:16,,,,,,,,,,45.1537514,7.28125,1149.59998,901.875,13.7124996,1.0,,16.45,0.0,13.51,70.2937469,,70.2937469,0.0,301.5,0.0,,
2025-11-06 00:06:17+00:00,2025-11-06 00:06:17,,,,,,,,,,45.1537514,7.3421874,1149.44995,901.950012,13.6999998,1.0,,16.45,0.0,13.51,71.6812515,,71.6812515,0.0,301.575012,0.0,,
2025-11-06 00:06:18+00:00,2025-11-06 00:06:18,,,,,,,,,,44.2462502,7.3421874,1149.375,902.099976,13.6999998,1.0,,16.45,0.0,13.51,72.0187531,,72.0187531,0.0,301.575012,0.0,,
2025-11-06 00:06:19+00:00,2025-11-06 00:06:19,,,,,,,,,,44.1375008,7.3984375,1149.22498,902.174988,13.6999998,1.0,,16.45,0.0,13.51,72.6374969,,72.6374969,0.0,301.5,0.0,,
2025-11-06 00:06:20+00:00,2025-11-06 00:06:20,43.0,43.0,43.0,43.0,43.0,12.558471479671592,100.0,BO_ONLY,"BO 모델 결과만 사용 (1단계 롤백, 2~4단계에서 Hz 변화 없음)",44.1300011,7.4515624,1149.0,902.25,13.6999998,1.0,,16.45,0.0,13.51,72.84375,,72.84375,0.0,301.5,0.0,,
2025-11-06 00:06:21+00:00,2025-11-06 00:06:21,,,,,,,,,,44.1262512,7.4515624,1148.92505,902.325012,13.6999998,1.0,,16.45,0.0,13.51,72.3562469,,72.3562469,0.0,301.575012,0.0,,
2025-11-06 00:06:22+00:00,2025-11-06 00:06:22,,,,,,,,,,44.1074982,7.4984374,1148.69995,902.400024,13.6999998,1.0,,16.45,0.0,13.51,71.7562485,,71.7562485,0.0,301.575012,0.0,,
2025-11-06 00:06:23+00:00,2025-11-06 00:06:23,,,,,,,,,,44.0962486,7.4984374,1148.55005,902.549988,13.6999998,1.0,,16.45,0.0,13.51,70.8562469,,70.8562469,0.0,301.5,0.0,,
2025-11-06 00:06:24+00:00,2025-11-06 00:06:24,,,,,,,,,,44.1112518,7.54218769,1148.25,902.625,13.6999998,1.0,,16.45,0.0,13.51,70.21875,,70.21875,0.0,302.924988,0.0,,
2025-11-06 00:06:25+00:00,2025-11-06 00:06:25,43.0,43.0,43.0,43.0,43.0,12.131148427709526,100.0,BO_ONLY,"BO 모델 결과만 사용 (1단계 롤백, 2~4단계에서 Hz 변화 없음)",44.0999985,7.57499981,1148.02502,902.700012,13.8999996,1.0,,16.45,0.0,13.51,70.1999969,,70.1999969,0.0,303.0,0.0,,
2025-11-06 00:06:26+00:00,2025-11-06 00:06:26,,,,,,,,,,44.1525002,7.57499981,1147.72498,902.849976,13.9624996,1.0,,16.45,0.0,13.86,70.1999969,,70.1999969,0.0,303.0,0.0,,
2025-11-06 00:06:27+00:00,2025-11-06 00:06:27,,,,,,,,,,44.1150017,7.59375,1147.5,902.924988,13.9624996,1.0,,16.45,0.0,13.86,70.1999969,,70.1999969,0.0,302.924988,0.0,,
2025-11-06 00:06:28+00:00,2025-11-06 00:06:28,,,,,,,,,,44.1074982,7.6109376,1147.27502,902.924988,13.9624996,1.0,,16.45,0.0,13.86,70.1999969,,70.1999969,0.0,302.924988,0.0,,
2025-11-06 00:06:29+00:00,2025-11-06 00:06:29,,,,,,,,,,44.1074982,7.6109376,1147.05005,903.0,13.9624996,1.0,,16.45,0.0,13.86,70.1999969,,70.1999969,0.0,303.0,0.0,,
2025-11-06 00:06:30+00:00,2025-11-06 00:06:30,39.12500003333333,43.0,43.0,38.0,38.0,11.871083230844237,304.0,BO_O2_RULE,"제어매트릭스 규칙 적용: NOX_LOW (3단계 롤백, 4단계에서 Hz 변화 없음)",44.1074982,7.63593769,1146.82495,903.150024,14.0375004,1.0,,16.45,0.0,13.86,70.1999969,45.9068037572988,70.1999969,0.0,303.0,0.0,,
2025-11-06 00:06:31+00:00,2025-11-06 00:06:31,,,,,,,,,,44.1187515,7.63593769,1146.59998,903.224976,14.0375004,1.0,,16.45,0.0,13.86,70.1999969,,70.1999969,0.0,302.924988,0.0,,
2025-11-06 00:06:32+00:00,2025-11-06 00:06:32,,,,,,,,,,44.1074982,7.6703124,1146.375,903.299988,14.0500002,1.0,,16.45,0.0,13.86,70.1999969,,70.1999969,0.0,302.924988,0.0,,
2025-11-06 00:06:33+00:00,2025-11-06 00:06:33,,,,,,,,,,40.1437492,7.70781231,1146.15002,903.375,14.0500002,1.0,,16.45,0.0,13.86,70.1999969,,70.1999969,0.0,303.0,0.0,,
2025-11-06 00:06:34+00:00,2025-11-06 00:06:34,,,,,,,,,,39.9412498,7.70781231,1145.84998,903.450012,14.0375004,1.0,,16.45,0.0,13.86,70.1999969,,70.1999969,0.0,303.0,0.0,,
2025-11-06 00:06:35+00:00,2025-11-06 00:06:35,43.0,43.0,43.0,43.0,43.0,12.337326041300608,100.0,BO_ONLY,"BO 모델 결과만 사용 (1단계 롤백, 2~4단계에서 Hz 변화 없음)",39.9375,7.74531269,1145.69995,903.525024,14.1750002,1.0,,16.45,0.0,13.86,68.9625015,,68.9625015,0.0,301.5,0.0,,
2025-11-06 00:06:36+00:00,2025-11-06 00:06:36,,,,,,,,,,39.9412498,7.7874999,1145.40002,903.599976,14.2124996,1.0,,16.45,0.0,14.15,67.125,,67.125,0.0,302.325012,0.0,,
2025-11-06 00:06:37+00:00,2025-11-06 00:06:37,,,,,,,,,,39.9449997,7.7874999,1145.17505,903.674988,14.2124996,1.0,,16.45,0.0,14.15,64.9499969,,64.9499969,0.0,303.0,0.0,,
2025-11-06 00:06:38+00:00,2025-11-06 00:06:38,,,,,,,,,,43.125,7.83125019,1144.94995,903.75,14.2124996,1.0,,16.45,0.0,14.15,62.3250008,,62.3250008,0.0,303.0,0.0,,
2025-11-06 00:06:39+00:00,2025-11-06 00:06:39,,,,,,,,,,44.0999985,7.83125019,1144.72498,903.75,14.2124996,1.0,,16.45,0.0,14.15,59.8312492,,59.8312492,0.0,303.375,0.0,,
2025-11-06 00:06:40+00:00,2025-11-06 00:06:40,43.0,43.0,43.0,43.0,43.0,12.3563285389923,100.0,BO_ONLY,"BO 모델 결과만 사용 (1단계 롤백, 2~4단계에서 Hz 변화 없음)",44.0999985,7.8890624,1144.34998,903.900024,14.3000002,1.0,,16.45,0.0,14.15,58.6875,,58.6875,0.0,302.924988,0.0,,
2025-11-06 00:06:41+00:00,2025-11-06 00:06:41,,,,,,,,,,44.1037483,7.9593749,1144.05005,903.900024,14.3000002,1.0,,16.45,0.0,14.15,59.2687492,,59.2687492,0.0,301.649994,0.0,,
2025-11-06 00:06:42+00:00,2025-11-06 00:06:42,,,,,,,,,,44.1112518,7.9593749,1143.67505,904.049988,14.3000002,1.0,,16.45,0.0,14.15,61.0499992,,61.0499992,0.0,301.5,0.0,,
2025-11-06 00:06:43+00:00,2025-11-06 00:06:43,,,,,,,,,,44.1187515,8.03125,1143.375,904.049988,14.3000002,1.0,,16.45,0.0,14.15,63.6375008,,63.6375008,0.0,300.975006,0.0,,
2025-11-06 00:06:44+00:00,2025-11-06 00:06:44,,,,,,,,,,44.1112518,8.10624981,1142.92505,904.125,14.3000002,1.0,,16.45,0.0,14.15,65.6999969,,65.6999969,0.0,300.075012,0.0,,
2025-11-06 00:06:45+00:00,2025-11-06 00:06:45,43.0,43.0,43.0,43.0,43.0,12.393647289910835,100.0,BO_ONLY,"BO 모델 결과만 사용 (1단계 롤백, 2~4단계에서 Hz 변화 없음)",44.1074982,8.10624981,1142.69995,904.125,15.0874996,1.0,,16.45,0.0,14.15,67.2562485,45.9068037572988,67.2562485,0.0,300.075012,0.0,,
2025-11-06 00:06:46+00:00,2025-11-06 00:06:46,,,,,,,,,,44.1074982,8.18437481,1142.17505,904.275024,15.3249998,1.0,,16.45,0.0,14.46,68.3249969,,68.3249969,0.0,300.075012,0.0,,
2025-11-06 00:06:47+00:00,2025-11-06 00:06:47,,,,,,,,,,44.1112518,8.18437481,1141.875,904.275024,15.3125,1.0,,16.45,0.0,14.46,68.7375031,,68.7375031,0.0,300.075012,0.0,,
2025-11-06 00:06:48+00:00,2025-11-06 00:06:48,,,,,,,,,,44.1150017,8.26718712,1141.34998,904.349976,15.3125,1.0,,16.45,0.0,14.46,68.7750015,,68.7750015,0.0,300.0,0.0,,
2025-11-06 00:06:49+00:00,2025-11-06 00:06:49,,,,,,,,,,44.1074982,8.34531212,1140.82495,904.424988,15.3249998,1.0,,16.45,0.0,14.46,69.1125031,,69.1125031,0.0,300.075012,0.0,,
2025-11-06 00:06:50+00:00,2025-11-06 00:06:50,43.0,43.0,43.0,43.0,43.0,15.84286414581403,100.0,BO_ONLY,"BO 모델 결과만 사용 (1단계 롤백, 2~4단계에서 Hz 변화 없음)",44.1337509,8.34531212,1140.44995,904.424988,15.3125,1.0,,16.45,0.0,14.46,69.1125031,,69.1125031,0.0,300.075012,0.0,,
2025-11-06 00:06:51+00:00,2025-11-06 00:06:51,,,,,,,,,,44.1187515,8.4296875,1140.15002,904.5,15.3125,1.0,,16.45,0.0,14.46,69.46875,,69.46875,0.0,300.075012,0.0,,
2025-11-06 00:06:52+00:00,2025-11-06 00:06:52,,,,,,,,,,44.1599998,8.50937462,1139.625,904.575012,15.3249998,1.0,,16.45,0.0,14.46,69.46875,,69.46875,0.0,300.0,0.0,,
2025-11-06 00:06:53+00:00,2025-11-06 00:06:53,,,,,,,,,,44.1262512,8.50937462,1139.32495,904.575012,15.3249998,1.0,,16.45,0.0,14.46,69.5250015,,69.5250015,0.0,300.075012,0.0,,
2025-11-06 00:06:54+00:00,2025-11-06 00:06:54,,,,,,,,,,44.1074982,8.59062481,1138.94995,904.575012,15.3125,1.0,,16.45,0.0,14.46,69.46875,,69.46875,0.0,300.075012,0.0,,
2025-11-06 00:06:55+00:00,2025-11-06 00:06:55,43.0,43.0,43.0,43.0,43.0,15.667772481138613,100.0,BO_ONLY,"BO 모델 결과만 사용 (1단계 롤백, 2~4단계에서 Hz 변화 없음)",44.1150017,8.59062481,1138.72498,904.650024,15.4499998,1.0,,16.45,0.0,14.46,69.4499969,,69.4499969,0.0,300.075012,0.0,,
2025-11-06 00:06:56+00:00,2025-11-06 00:06:56,,,,,,,,,,44.1300011,8.67343712,1138.42505,904.724976,15.4875002,1.0,,16.45,0.0,15.43,69.46875,,69.46875,0.0,300.0,0.0,,
2025-11-06 00:06:57+00:00,2025-11-06 00:06:57,,,,,,,,,,44.0999985,8.76249981,1138.27502,904.724976,15.4875002,1.0,,16.45,0.0,15.43,69.46875,,69.46875,0.0,300.075012,0.0,,
2025-11-06 00:06:58+00:00,2025-11-06 00:06:58,,,,,,,,,,44.1037483,8.76249981,1137.97498,904.799988,15.4875002,1.0,,16.45,0.0,15.43,69.46875,,69.46875,0.0,300.075012,0.0,,
2025-11-06 00:06:59+00:00,2025-11-06 00:06:59,,,,,,,,,,44.1074982,8.84375,1137.90002,904.875,15.4875002,1.0,,16.45,0.0,15.43,69.4499969,,69.4499969,0.0,300.075012,0.0,,
2025-11-06 00:07:00+00:00,2025-11-06 00:07:00,43.0,43.0,43.0,43.0,43.0,15.652618228151086,100.0,BO_ONLY,"BO 모델 결과만 사용 (1단계 롤백, 2~4단계에서 Hz 변화 없음)",44.1112518,8.92031288,1137.52502,904.799988,15.9875002,1.0,,16.45,0.0,15.43,69.46875,44.10680375729881,69.46875,0.0,300.075012,0.0,,
2025-11-06 00:07:01+00:00,2025-11-06 00:07:01,,,,,,,,,,44.1074982,8.92031288,1137.375,904.875,15.9875002,1.0,,16.45,0.0,15.43,69.46875,,69.46875,0.0,300.075012,0.0,,
2025-11-06 00:07:02+00:00,2025-11-06 00:07:02,,,,,,,,,,44.0999985,8.99843788,1137.07495,904.950012,15.9875002,1.0,,16.45,0.0,15.43,69.46875,,69.46875,0.0,300.075012,0.0,,
2025-11-06 00:07:03+00:00,2025-11-06 00:07:03,,,,,,,,,,44.1187515,8.99843788,1136.77502,904.950012,15.9875002,1.0,,16.45,0.0,15.43,69.46875,,69.46875,0.0,300.075012,0.0,,
2025-11-06 00:07:04+00:00,2025-11-06 00:07:04,,,,,,,,,,44.1074982,9.07187462,1136.47498,904.950012,15.9875002,1.0,,16.45,0.0,15.43,69.84375,,69.84375,0.0,300.0,0.0,,
2025-11-06 00:07:05+00:00,2025-11-06 00:07:05,44.0,44.0,44.0,44.0,44.0,14.119959996889648,100.0,BO_ONLY,"BO 모델 결과만 사용 (1단계 롤백, 2~4단계에서 Hz 변화 없음)",44.1187515,9.13125038,1136.25,905.025024,15.9875002,1.0,,16.45,0.0,15.43,69.84375,,69.84375,0.0,301.575012,0.0,,
2025-11-06 00:07:06+00:00,2025-11-06 00:07:06,,,,,,,,,,44.1074982,9.13125038,1135.875,905.099976,15.9875002,1.0,,16.45,0.0,16.1,69.84375,,69.84375,0.0,301.5,0.0,,
2025-11-06 00:07:07+00:00,2025-11-06 00:07:07,,,,,,,,,,44.1187515,9.16093731,1135.65002,905.025024,15.9875002,1.0,,16.45,0.0,16.1,70.0875015,,70.0875015,0.0,301.575012,0.0,,
2025-11-06 00:07:08+00:00,2025-11-06 00:07:08,,,,,,,,,,44.1375008,9.171875,1135.42505,905.099976,15.9875002,1.0,,16.45,0.0,16.1,70.1999969,,70.1999969,0.0,302.924988,0.0,,
2025-11-06 00:07:09+00:00,2025-11-06 00:07:09,,,,,,,,,,44.1074982,9.171875,1135.19995,905.099976,15.9875002,1.0,,16.45,0.0,16.1,70.1999969,,70.1999969,0.0,303.0,0.0,,
2025-11-06 00:07:10+00:00,2025-11-06 00:07:10,42.0,44.0,42.0,42.0,42.0,14.414962159525768,207.0,BO_O2,"O2 규칙 적용: 9.2% (9.0% < O2 ≤ 10.0%) (2단계 롤백, 3~4단계에서 Hz 변화 없음)",44.1225014,9.171875,1135.05005,905.099976,16.3250008,1.0,,16.45,0.0,16.1,70.1999969,,70.1999969,0.0,303.0,0.0,,
2025-11-06 00:07:11+00:00,2025-11-06 00:07:11,,,,,,,,,,44.1150017,9.171875,1134.90002,905.099976,16.3250008,1.0,,16.45,0.0,16.1,70.1999969,,70.1999969,0.0,303.0,0.0,,
2025-11-06 00:07:12+00:00,2025-11-06 00:07:12,,,,,,,,,,44.1112518,9.16874981,1134.75,905.174988,16.3250008,1.0,,16.45,0.0,16.1,70.1999969,,70.1999969,0.0,302.924988,0.0,,
2025-11-06 00:07:13+00:00,2025-11-06 00:07:13,,,,,,,,,,41.1674995,9.17031288,1134.59998,905.174988,16.3250008,1.0,,16.45,0.0,16.1,70.1999969,,70.1999969,0.0,303.0,0.0,,
2025-11-06 00:07:14+00:00,2025-11-06 00:07:14,,,,,,,,,,40.9949989,9.17031288,1134.375,905.25,16.3250008,1.0,,16.45,0.0,16.1,70.1437531,,70.1437531,0.0,303.0,0.0,,
2025-11-06 00:07:15+00:00,2025-11-06 00:07:15,42.0,44.0,42.0,42.0,42.0,14.155010328950967,207.0,BO_O2,"O2 규칙 적용: 9.2% (9.0% < O2 ≤ 10.0%) (2단계 롤백, 3~4단계에서 Hz 변화 없음)",41.0062485,9.17343712,1134.22498,905.25,16.7250004,1.0,,16.45,0.0,16.1,69.6937485,43.20680375729881,69.6937485,0.0,303.0,0.0,,
2025-11-06 00:07:16+00:00,2025-11-06 00:07:16,,,,,,,,,,41.0212517,9.16718769,1134.0,905.25,16.8250008,1.0,,16.45,0.0,16.44,68.2687531,,68.2687531,0.0,303.0,0.0,,
2025-11-06 00:07:17+00:00,2025-11-06 00:07:17,,,,,,,,,,40.9724998,9.16718769,1133.84998,905.325012,16.8250008,1.0,,16.45,0.0,16.44,65.8499985,,65.8499985,0.0,304.424988,0.0,,
2025-11-06 00:07:18+00:00,2025-11-06 00:07:18,,,,,,,,,,41.0024986,9.1484375,1133.55005,905.325012,16.8250008,1.0,,16.45,0.0,16.44,63.9937515,,63.9937515,0.0,304.424988,0.0,,
2025-11-06 00:07:19+00:00,2025-11-06 00:07:19,,,,,,,,,,40.9949989,9.1484375,1133.32495,905.325012,16.8374996,1.0,,16.45,0.0,16.44,62.3062515,,62.3062515,0.0,304.424988,0.0,,
2025-11-06 00:07:20+00:00,2025-11-06 00:07:20,42.0,43.0,42.0,42.0,42.0,14.301804826223398,207.0,BO_O2,"O2 규칙 적용: 9.2% (9.0% < O2 ≤ 10.0%) (2단계 롤백, 3~4단계에서 Hz 변화 없음)",41.0062485,9.11250019,1132.875,905.325012,16.9125004,1.0,,16.45,0.0,16.44,61.0499992,,61.0499992,0.0,305.850006,0.0,,
2025-11-06 00:07:21+00:00,2025-11-06 00:07:21,,,,,,,,,,41.0212517,9.07343769,1132.57495,905.325012,16.9125004,1.0,,16.45,0.0,16.44,59.9249992,,59.9249992,0.0,305.850006,0.0,,
2025-11-06 00:07:22+00:00,2025-11-06 00:07:22,,,,,,,,,,41.0024986,9.07343769,1132.05005,905.325012,16.9125004,1.0,,16.45,0.0,16.44,59.7750015,,59.7750015,0.0,305.924988,0.0,,
2025-11-06 00:07:23+00:00,2025-11-06 00:07:23,,,,,,,,,,41.0175018,9.0390625,1131.59998,905.325012,16.9125004,1.0,,16.45,0.0,16.44,59.7750015,,59.7750015,0.0,305.924988,0.0,,
2025-11-06 00:07:24+00:00,2025-11-06 00:07:24,,,,,,,,,,41.0062485,9.0078125,1130.92505,905.400024,16.9125004,1.0,,16.45,0.0,16.44,59.4187508,,59.4187508,0.0,305.850006,0.0,,
2025-11-06 00:07:25+00:00,2025-11-06 00:07:25,42.0,42.0,42.0,42.0,42.0,14.21064716404538,100.0,BO_ONLY,"BO 모델 결과만 사용 (1단계 롤백, 2~4단계에서 Hz 변화 없음)",41.0137482,9.0078125,1130.47498,905.325012,17.1749992,1.0,,16.45,0.0,16.44,59.4000015,,59.4000015,0.0,305.850006,0.0,,
2025-11-06 00:07:26+00:00,2025-11-06 00:07:26,,,,,,,,,,41.0062485,8.98281288,1129.72498,905.400024,17.25,1.0,,16.45,0.0,17.0,59.4000015,,59.4000015,0.0,305.850006,0.0,,
2025-11-06 00:07:27+00:00,2025-11-06 00:07:27,,,,,,,,,,40.9949989,8.98281288,1129.27502,905.325012,17.25,1.0,,16.45,0.0,17.0,59.4000015,,59.4000015,0.0,305.924988,0.0,,
2025-11-06 00:07:28+00:00,2025-11-06 00:07:28,,,,,,,,,,40.9575005,8.96718788,1128.52502,905.325012,17.2625008,1.0,,16.45,0.0,17.0,59.4000015,,59.4000015,0.0,304.725006,0.0,,
2025-11-06 00:07:29+00:00,2025-11-06 00:07:29,,,,,,,,,,40.9874992,8.96562481,1128.0,905.400024,17.25,1.0,,16.45,0.0,17.0,59.0437508,,59.0437508,0.0,304.424988,0.0,,
2025-11-06 00:07:30+00:00,2025-11-06 00:07:30,42.0,42.0,42.0,42.0,42.0,14.679351935319987,100.0,BO_ONLY,"BO 모델 결과만 사용 (1단계 롤백, 2~4단계에서 Hz 변화 없음)",41.0024986,8.96562481,1127.25,905.400024,17.5,1.0,,16.45,0.0,17.0,59.0437508,41.4068037572988,59.0437508,0.0,304.424988,0.0,,
2025-11-06 00:07:31+00:00,2025-11-06 00:07:31,,,,,,,,,,41.0099983,8.97500038,1126.72498,905.400024,17.5,1.0,,16.45,0.0,17.0,59.0437508,,59.0437508,0.0,303.0,0.0,,
2025-11-06 00:07:32+00:00,2025-11-06 00:07:32,,,,,,,,,,41.0024986,9.00468731,1125.97498,905.400024,17.5,1.0,,16.45,0.0,17.0,58.7625008,,58.7625008,0.0,303.0,0.0,,
2025-11-06 00:07:33+00:00,2025-11-06 00:07:33,,,,,,,,,,42.1687508,9.00468731,1125.52502,905.400024,17.5,1.0,,16.45,0.0,17.0,58.6687508,,58.6687508,0.0,302.924988,0.0,,
2025-11-06 00:07:34+00:00,2025-11-06 00:07:34,,,,,,,,,,43.0912514,9.04218769,1124.77502,905.325012,17.5,1.0,,16.45,0.0,17.0,58.6687508,,58.6687508,0.0,301.575012,0.0,,
2025-11-06 00:07:35+00:00,2025-11-06 00:07:35,42.0,42.0,42.0,42.0,42.0,14.012696417206028,100.0,BO_ONLY,"BO 모델 결과만 사용 (1단계 롤백, 2~4단계에서 Hz 변화 없음)",43.0950012,9.04218769,1124.17505,905.325012,17.6375008,1.0,,16.45,0.0,17.0,58.8562508,,58.8562508,0.0,301.575012,0.0,,
2025-11-06 00:07:36+00:00,2025-11-06 00:07:36,,,,,,,,,,43.0950012,9.08749962,1123.5,905.325012,17.6625004,1.0,,16.45,0.0,17.59,59.53125,,59.53125,0.0,301.5,0.0,,
2025-11-06 00:07:37+00:00,2025-11-06 00:07:37,,,,,,,,,,43.0987511,9.140625,1123.05005,905.325012,17.6625004,1.0,,16.45,0.0,17.59,60.9749985,,60.9749985,0.0,300.0,0.0,,
2025-11-06 00:07:38+00:00,2025-11-06 00:07:38,,,,,,,,,,42.8325005,9.140625,1122.375,905.325012,17.6749992,1.0,,16.45,0.0,17.59,62.6062508,,62.6062508,0.0,300.075012,0.0,,
2025-11-06 00:07:39+00:00,2025-11-06 00:07:39,,,,,,,,,,41.0212517,9.21718788,1121.92505,905.325012,17.6749992,1.0,,16.45,0.0,17.59,63.65625,,63.65625,0.0,300.0,0.0,,
2025-11-06 00:07:40+00:00,2025-11-06 00:07:40,42.0,42.0,42.0,42.0,42.0,13.890702994330335,100.0,BO_ONLY,"BO 모델 결과만 사용 (1단계 롤백, 2~4단계에서 Hz 변화 없음)",40.9612503,9.296875,1121.17505,905.325012,18.0874996,1.0,,16.45,0.0,17.59,64.2375031,,64.2375031,0.0,300.075012,0.0,,
2025-11-06 00:07:41+00:00,2025-11-06 00:07:41,,,,,,,,,,40.9987488,9.296875,1120.65002,905.325012,18.0874996,1.0,,16.45,0.0,17.59,64.2375031,,64.2375031,0.0,300.0,0.0,,
2025-11-06 00:07:42+00:00,2025-11-06 00:07:42,,,,,,,,,,41.0175018,9.37187481,1119.97498,905.25,18.0874996,1.0,,16.45,0.0,17.59,63.2999992,,63.2999992,0.0,300.375,0.0,,
2025-11-06 00:07:43+00:00,2025-11-06 00:07:43,,,,,,,,,,40.9650002,9.37187481,1119.52502,905.25,18.0874996,1.0,,16.45,0.0,17.59,62.4749985,,62.4749985,0.0,301.5,0.0,,
2025-11-06 00:07:44+00:00,2025-11-06 00:07:44,,,,,,,,,,40.9837494,9.453125,1118.92505,905.25,18.0874996,1.0,,16.45,0.0,17.59,61.21875,,61.21875,0.0,300.075012,0.0,,
2025-11-06 00:07:45+00:00,2025-11-06 00:07:45,42.0,42.0,42.0,42.0,42.0,14.774393910710316,100.0,BO_ONLY,"BO 모델 결과만 사용 (1단계 롤백, 2~4단계에서 Hz 변화 없음)",40.9987488,9.53593731,1118.47498,905.25,18.2875004,1.0,,16.45,0.0,17.59,59.9812508,40.5068037572988,59.9812508,0.0,300.0,0.0,,
2025-11-06 00:07:46+00:00,2025-11-06 00:07:46,,,,,,,,,,40.9799995,9.53593731,1117.94995,905.174988,18.3374996,1.0,,16.45,0.0,18.21,59.7374992,,59.7374992,0.0,300.075012,0.0,,
2025-11-06 00:07:47+00:00,2025-11-06 00:07:47,,,,,,,,,,40.9575005,9.62187481,1117.57495,905.174988,18.3374996,1.0,,16.45,0.0,18.21,59.0625,,59.0625,0.0,301.575012,0.0,,
2025-11-06 00:07:48+00:00,2025-11-06 00:07:48,,,,,,,,,,41.0212517,9.70468712,1116.97498,905.174988,18.3500004,1.0,,16.45,0.0,18.21,58.6500015,,58.6500015,0.0,301.5,0.0,,
2025-11-06 00:07:49+00:00,2025-11-06 00:07:49,,,,,,,,,,40.9837494,9.70468712,1116.52502,905.099976,18.3374996,1.0,,16.45,0.0,18.21,58.59375,,58.59375,0.0,300.0,0.0,,
2025-11-06 00:07:50+00:00,2025-11-06 00:07:50,39.0,38.0,39.0,39.0,39.0,14.99284199767497,207.0,BO_O2,"O2 규칙 적용: 9.6% (9.0% < O2 ≤ 10.0%) (2단계 롤백, 3~4단계에서 Hz 변화 없음)",41.0099983,9.77968788,1115.77502,905.025024,18.6749992,1.0,,16.45,0.0,18.21,58.3125,,58.3125,0.0,300.075012,0.0,,
2025-11-06 00:07:51+00:00,2025-11-06 00:07:51,,,,,,,,,,40.9762497,9.77968788,1115.32495,905.025024,18.6749992,1.0,,16.45,0.0,18.21,58.3125,,58.3125,0.0,300.075012,0.0,,
2025-11-06 00:07:52+00:00,2025-11-06 00:07:52,,,,,,,,,,40.9087486,9.84218788,1114.5,905.025024,18.6749992,1.0,,16.45,0.0,18.21,58.2937508,,58.2937508,0.0,300.075012,0.0,,
2025-11-06 00:07:53+00:00,2025-11-06 00:07:53,,,,,,,,,,39.9937515,9.89218712,1113.97498,904.950012,18.6749992,1.0,,16.45,0.0,18.21,58.2937508,,58.2937508,0.0,300.75,0.0,,
2025-11-06 00:07:54+00:00,2025-11-06 00:07:54,,,,,,,,,,39.9262505,9.89218712,1113.15002,904.950012,18.6749992,1.0,,16.45,0.0,18.21,58.3125,,58.3125,0.0,301.5,0.0,,
2025-11-06 00:07:55+00:00,2025-11-06 00:07:55,39.0,38.0,39.0,39.0,39.0,16.223979710121732,207.0,BO_O2,"O2 규칙 적용: 9.8% (9.0% < O2 ≤ 10.0%) (2단계 롤백, 3~4단계에서 Hz 변화 없음)",39.9300003,9.93437481,1112.47498,904.950012,18.7374992,1.0,,16.45,0.0,18.21,58.2937508,,58.2937508,0.0,301.5,0.0,,
2025-11-06 00:07:56+00:00,2025-11-06 00:07:56,,,,,,,,,,39.9187508,9.97031212,1111.65002,904.875,18.7625008,1.0,,16.45,0.0,18.76,57.6375008,,57.6375008,0.0,301.5,0.0,,
2025-11-06 00:07:57+00:00,2025-11-06 00:07:57,,,,,,,,,,39.9187508,9.97031212,1111.05005,904.799988,18.7625008,1.0,,16.45,0.0,18.76,56.7750015,,56.7750015,0.0,301.5,0.0,,
2025-11-06 00:07:58+00:00,2025-11-06 00:07:58,,,,,,,,,,39.9375,9.99843788,1110.15002,904.799988,18.7625008,1.0,,16.45,0.0,18.76,56.53125,,56.53125,0.0,301.5,0.0,,
2025-11-06 00:07:59+00:00,2025-11-06 00:07:59,,,,,,,,,,39.9262505,9.99843788,1109.47498,904.799988,18.7625008,1.0,,16.45,0.0,18.76,55.78125,,55.78125,0.0,303.0,0.0,,
2025-11-06 00:08:00+00:00,2025-11-06 00:08:00,39.0,38.0,39.0,39.0,39.0,15.488886436130214,207.0,BO_O2,"O2 규칙 적용: 10.0% (9.0% < O2 ≤ 10.0%) (2단계 롤백, 3~4단계에서 Hz 변화 없음)",39.9262505,10.0281248,1108.5,904.724976,18.7625008,1.0,,16.45,0.0,18.76,55.2750015,38.70680375729881,55.2750015,0.0,303.0,0.0,,
2025-11-06 00:08:01+00:00,2025-11-06 00:08:01,,,,,,,,,,39.9262505,10.0640621,1107.82495,904.650024,18.7625008,1.0,,16.45,0.0,18.76,55.2750015,,55.2750015,0.0,302.924988,0.0,,
2025-11-06 00:08:02+00:00,2025-11-06 00:08:02,,,,,,,,,,39.9337502,10.0640621,1106.92505,904.575012,18.7625008,1.0,,16.45,0.0,18.76,55.2937508,,55.2937508,0.0,302.924988,0.0,,
2025-11-06 00:08:03+00:00,2025-11-06 00:08:03,,,,,,,,,,39.9300003,10.1171875,1106.25,904.575012,18.7625008,1.0,,16.45,0.0,18.76,55.2937508,,55.2937508,0.0,303.0,0.0,,
2025-11-06 00:08:04+00:00,2025-11-06 00:08:04,,,,,,,,,,39.9375,10.1812496,1105.19995,904.5,18.7625008,1.0,,16.45,0.0,18.76,55.2750015,,55.2750015,0.0,303.0,0.0,,
2025-11-06 00:08:05+00:00,2025-11-06 00:08:05,38.0,38.0,38.0,38.0,38.0,14.902547009913452,100.0,BO_ONLY,"BO 모델 결과만 사용 (1단계 롤백, 2~4단계에서 Hz 변화 없음)",39.9300003,10.1812496,1104.52502,904.5,18.7625008,1.0,,16.45,0.0,18.76,55.2750015,,55.2750015,0.0,302.924988,0.0,,
2025-11-06 00:08:06+00:00,2025-11-06 00:08:06,,,,,,,,,,39.9300003,10.25,1103.47498,904.424988,18.7625008,1.0,,16.45,0.0,18.86,55.2750015,,55.2750015,0.0,302.924988,0.0,,
2025-11-06 00:08:07+00:00,2025-11-06 00:08:07,,,,,,,,,,39.6300011,10.25,1102.80005,904.349976,18.7625008,1.0,,16.45,0.0,18.86,55.2750015,,55.2750015,0.0,303.0,0.0,,
2025-11-06 00:08:08+00:00,2025-11-06 00:08:08,,,,,,,,,,38.8574982,10.3109379,1101.82495,904.349976,18.7625008,1.0,,16.45,0.0,18.86,55.2750015,,55.2750015,0.0,303.0,0.0,,
2025-11-06 00:08:09+00:00,2025-11-06 00:08:09,,,,,,,,,,38.8050003,10.3671875,1101.15002,904.275024,18.7625008,1.0,,16.45,0.0,18.86,55.2750015,,55.2750015,0.0,302.924988,0.0,,
2025-11-06 00:08:10+00:00,2025-11-06 00:08:10,38.0,38.0,38.0,38.0,38.0,14.225212607430219,100.0,BO_ONLY,"BO 모델 결과만 사용 (1단계 롤백, 2~4단계에서 Hz 변화 없음)",38.8349991,10.3671875,1100.09998,904.200012,18.4249992,1.0,,16.45,0.0,18.86,54.9937515,,54.9937515,0.0,304.125,0.0,,
2025-11-06 00:08:11+00:00,2025-11-06 00:08:11,,,,,,,,,,38.8125,10.421875,1099.42505,904.125,18.4249992,1.0,,16.45,0.0,18.86,54.2062492,,54.2062492,0.0,304.424988,0.0,,
2025-11-06 00:08:12+00:00,2025-11-06 00:08:12,,,,,,,,,,38.8050003,10.484375,1098.375,904.049988,18.4249992,1.0,,16.45,0.0,18.86,53.8312492,,53.8312492,0.0,304.424988,0.0,,
2025-11-06 00:08:13+00:00,2025-11-06 00:08:13,,,,,,,,,,38.8274994,10.484375,1097.69995,904.049988,18.4249992,1.0,,16.45,0.0,18.86,53.1749992,,53.1749992,0.0,304.424988,0.0,,
2025-11-06 00:08:14+00:00,2025-11-06 00:08:14,,,,,,,,,,38.8087502,10.5484371,1096.65002,903.974976,18.4249992,1.0,,16.45,0.0,18.86,52.2937508,,52.2937508,0.0,304.424988,0.0,,
2025-11-06 00:08:15+00:00,2025-11-06 00:08:15,38.0,38.0,38.0,38.0,38.0,12.594555722367632,100.0,BO_ONLY,"BO 모델 결과만 사용 (1단계 롤백, 2~4단계에서 Hz 변화 없음)",38.8087502,10.5484371,1095.90002,903.900024,18.3624992,1.0,,16.45,0.0,18.86,52.2750015,38.0,52.2750015,0.0,304.424988,0.0,,
2025-11-06 00:08:16+00:00,2025-11-06 00:08:16,,,,,,,,,,38.8125,10.6046877,1094.84998,903.825012,18.3374996,1.0,,16.45,0.0,18.52,51.9187508,,51.9187508,0.0,305.850006,0.0,,
2025-11-06 00:08:17+00:00,2025-11-06 00:08:17,,,,,,,,,,38.8162498,10.6546879,1093.80005,903.75,18.3500004,1.0,,16.45,0.0,18.52,51.8812485,,51.8812485,0.0,305.850006,0.0,,
2025-11-06 00:08:18+00:00,2025-11-06 00:08:18,,,,,,,,,,38.8162498,10.6546879,1093.125,903.674988,18.3500004,1.0,,16.45,0.0,18.52,51.5437508,,51.5437508,0.0,305.850006,0.0,,
2025-11-06 00:08:19+00:00,2025-11-06 00:08:19,,,,,,,,,,38.8125,10.6999998,1092.07495,903.599976,18.3500004,1.0,,16.45,0.0,18.52,51.5437508,,51.5437508,0.0,305.924988,0.0,,
2025-11-06 00:08:20+00:00,2025-11-06 00:08:20,38.0,38.0,38.0,38.0,38.0,11.881208004272608,100.0,BO_ONLY,"BO 모델 결과만 사용 (1단계 롤백, 2~4단계에서 Hz 변화 없음)",38.8237495,10.7515621,1091.32495,903.525024,18.0874996,1.0,,16.45,0.0,18.52,51.5250015,,51.5250015,0.0,305.850006,0.0,,
2025-11-06 00:08:21+00:00,2025-11-06 00:08:21,,,,,,,,,,38.8125,10.7515621,1090.65002,903.525024,18.0874996,1.0,,16.45,0.0,18.52,51.5250015,,51.5250015,0.0,305.924988,0.0,,
2025-11-06 00:08:22+00:00,2025-11-06 00:08:22,,,,,,,,,,38.8162498,10.796875,1089.67505,903.375,18.0874996,1.0,,16.45,0.0,18.52,51.5250015,,51.5250015,0.0,305.850006,0.0,,
2025-11-06 00:08:23+00:00,2025-11-06 00:08:23,,,,,,,,,,38.8162498,10.796875,1089.07495,903.299988,18.0874996,1.0,,16.45,0.0,18.52,51.5250015,,51.5250015,0.0,305.924988,0.0,,
2025-11-06 00:08:24+00:00,2025-11-06 00:08:24,,,,,,,,,,38.8125,10.8390627,1088.09998,903.224976,18.0874996,1.0,,16.45,0.0,18.52,51.8812485,,51.8812485,0.0,305.924988,0.0,,
2025-11-06 00:08:25+00:00,2025-11-06 00:08:25,38.0,38.0,38.0,38.0,38.0,11.997907213223812,100.0,BO_ONLY,"BO 모델 결과만 사용 (1단계 롤백, 2~4단계에서 Hz 변화 없음)",38.8087502,10.8765621,1087.57495,903.224976,18.0874996,1.0,,16.45,0.0,18.52,51.8812485,,51.8812485,0.0,305.850006,0.0,,
2025-11-06 00:08:26+00:00,2025-11-06 00:08:26,,,,,,,,,,38.8050003,10.8765621,1086.67505,903.075012,18.0874996,1.0,,16.45,0.0,18.19,51.9000015,,51.9000015,0.0,305.850006,0.0,,
2025-11-06 00:08:27+00:00,2025-11-06 00:08:27,,,,,,,,,,38.8199997,10.9171877,1086.15002,903.075012,18.0874996,1.0,,16.45,0.0,18.19,51.9000015,,51.9000015,0.0,305.924988,0.0,,
2025-11-06 00:08:28+00:00,2025-11-06 00:08:28,,,,,,,,,,38.8125,10.9640627,1085.32495,902.924988,18.0874996,1.0,,16.45,0.0,18.19,51.9000015,,51.9000015,0.0,305.924988,0.0,,
2025-11-06 00:08:29+00:00,2025-11-06 00:08:29,,,,,,,,,,38.8162498,10.9640627,1084.72498,902.849976,18.0874996,1.0,,16.45,0.0,18.19,51.8812485,,51.8812485,0.0,305.850006,0.0,,
2025-11-06 00:08:30+00:00,2025-11-06 00:08:30,38.0,38.0,38.0,38.0,38.0,12.697860486733344,100.0,BO_ONLY,"BO 모델 결과만 사용 (1단계 롤백, 2~4단계에서 Hz 변화 없음)",38.8087502,11.0,1083.90002,902.849976,17.7625008,1.0,,16.45,0.0,18.19,51.9000015,38.0,51.9000015,0.0,305.850006,0.0,,
2025-11-06 00:08:31+00:00,2025-11-06 00:08:31,,,,,,,,,,38.8199997,11.0,1083.30005,902.700012,17.7625008,1.0,,16.45,0.0,18.19,51.9000015,,51.9000015,0.0,305.850006,0.0,,
2025-11-06 00:08:32+00:00,2025-11-06 00:08:32,,,,,,,,,,38.8199997,11.0218754,1082.40002,902.700012,17.75,1.0,,16.45,0.0,18.19,51.9000015,,51.9000015,0.0,305.924988,0.0,,
2025-11-06 00:08:33+00:00,2025-11-06 00:08:33,,,,,,,,,,38.8162498,11.0265627,1081.80005,902.549988,17.75,1.0,,16.45,0.0,18.19,51.8812485,,51.8812485,0.0,305.850006,0.0,,
2025-11-06 00:08:34+00:00,2025-11-06 00:08:34,,,,,,,,,,38.8125,11.0265627,1080.90002,902.474976,17.75,1.0,,16.45,0.0,18.19,51.9000015,,51.9000015,0.0,305.924988,0.0,,
2025-11-06 00:08:35+00:00,2025-11-06 00:08:35,38.0,38.0,38.0,38.0,38.0,12.135924203878522,100.0,BO_ONLY,"BO 모델 결과만 사용 (1단계 롤백, 2~4단계에서 Hz 변화 없음)",38.8162498,11.0171871,1080.0,902.400024,17.75,1.0,,16.45,0.0,18.19,51.9000015,,51.9000015,0.0,305.850006,0.0,,
2025-11-06 00:08:36+00:00,2025-11-06 00:08:36,,,,,,,,,,38.8125,11.0093746,1079.40002,902.325012,17.75,1.0,,16.45,0.0,17.88,51.9000015,,51.9000015,0.0,305.924988,0.0,,
2025-11-06 00:08:37+00:00,2025-11-06 00:08:37,,,,,,,,,,38.8199997,11.0093746,1078.5,902.25,17.75,1.0,,16.45,0.0,17.88,51.8812485,,51.8812485,0.0,305.924988,0.0,,
2025-11-06 00:08:38+00:00,2025-11-06 00:08:38,,,,,,,,,,38.8162498,10.9984379,1077.82495,902.174988,17.75,1.0,,16.45,0.0,17.88,51.8812485,,51.8812485,0.0,305.850006,0.0,,
2025-11-06 00:08:39+00:00,2025-11-06 00:08:39,,,,,,,,,,38.8274994,10.9781246,1076.92505,902.025024,17.75,1.0,,16.45,0.0,17.88,51.9000015,,51.9000015,0.0,305.850006,0.0,,
2025-11-06 00:08:40+00:00,2025-11-06 00:08:40,38.0,38.0,38.0,38.0,38.0,12.21043175622317,100.0,BO_ONLY,"BO 모델 결과만 사용 (1단계 롤백, 2~4단계에서 Hz 변화 없음)",38.8199997,10.9781246,1076.32495,902.025024,17.25,1.0,,16.45,0.0,17.88,52.125,,52.125,0.0,305.850006,0.0,,
2025-11-06 00:08:41+00:00,2025-11-06 00:08:41,,,,,,,,,,38.8162498,10.9578123,1075.34998,901.875,17.2625008,1.0,,16.45,0.0,17.88,52.2562485,,52.2562485,0.0,305.924988,0.0,,
2025-11-06 00:08:42+00:00,2025-11-06 00:08:42,,,,,,,,,,38.8162498,10.9578123,1074.75,901.875,17.25,1.0,,16.45,0.0,17.88,52.2562485,,52.2562485,0.0,305.850006,0.0,,
2025-11-06 00:08:43+00:00,2025-11-06 00:08:43,,,,,,,,,,38.8012505,10.9359379,1073.84998,901.724976,17.25,1.0,,16.45,0.0,17.88,52.21875,,52.21875,0.0,305.850006,0.0,,
2025-11-06 00:08:44+00:00,2025-11-06 00:08:44,,,,,,,,,,38.8087502,10.9156246,1073.17505,901.650024,17.2625008,1.0,,16.45,0.0,17.88,51.9000015,,51.9000015,0.0,305.850006,0.0,,
2025-11-06 00:08:45+00:00,2025-11-06 00:08:45,38.0,38.0,38.0,38.0,38.0,11.233382687109069,100.0,BO_ONLY,"BO 모델 결과만 사용 (1단계 롤백, 2~4단계에서 Hz 변화 없음)",38.8199997,10.9156246,1072.27502,901.5,16.5,1.0,,16.45,0.0,17.88,51.8812485,38.0,51.8812485,0.0,305.924988,0.0,,
2025-11-06 00:08:46+00:00,2025-11-06 00:08:46,,,,,,,,,,38.8199997,10.8953123,1071.75,901.5,16.3250008,1.0,,16.45,0.0,17.38,51.8812485,,51.8812485,0.0,305.850006,0.0,,
2025-11-06 00:08:47+00:00,2025-11-06 00:08:47,,,,,,,,,,38.8162498,10.8703127,1070.77502,901.349976,16.3250008,1.0,,16.45,0.0,17.38,51.9000015,,51.9000015,0.0,305.924988,0.0,,
2025-11-06 00:08:48+00:00,2025-11-06 00:08:48,,,,,,,,,,38.8162498,10.8703127,1070.25,901.349976,16.3250008,1.0,,16.45,0.0,17.38,51.9000015,,51.9000015,0.0,305.924988,0.0,,
2025-11-06 00:08:49+00:00,2025-11-06 00:08:49,,,,,,,,,,38.8237495,10.8406248,1069.34998,901.200012,16.3250008,1.0,,16.45,0.0,17.38,51.9000015,,51.9000015,0.0,305.924988,0.0,,
2025-11-06 00:08:50+00:00,2025-11-06 00:08:50,40.0,41.0,40.0,40.0,40.0,8.97658867286668,208.0,BO_O2,"O2 규칙 적용: 10.9% (10.0% < O2 ≤ 12.0%) (2단계 롤백, 3~4단계에서 Hz 변화 없음)",38.8199997,10.8406248,1068.75,901.125,15.7375002,1.0,,16.45,0.0,17.38,51.8812485,,51.8812485,0.0,305.850006,0.0,,
2025-11-06 00:08:51+00:00,2025-11-06 00:08:51,,,,,,,,,,38.8087502,10.8031254,1067.84998,901.049988,15.7375002,1.0,,16.45,0.0,17.38,51.9000015,,51.9000015,0.0,305.850006,0.0,,
2025-11-06 00:08:52+00:00,2025-11-06 00:08:52,,,,,,,,,,38.8087502,10.7562504,1067.25,900.974976,15.7375002,1.0,,16.45,0.0,17.38,51.9000015,,51.9000015,0.0,305.850006,0.0,,
2025-11-06 00:08:53+00:00,2025-11-06 00:08:53,,,,,,,,,,38.8162498,10.7562504,1066.34998,900.900024,15.7375002,1.0,,16.45,0.0,17.38,51.9000015,,51.9000015,0.0,305.924988,0.0,,
2025-11-06 00:08:54+00:00,2025-11-06 00:08:54,,,,,,,,,,38.8087502,10.7124996,1065.75,900.825012,15.7375002,1.0,,16.45,0.0,17.38,51.8812485,,51.8812485,0.0,305.850006,0.0,,
2025-11-06 00:08:55+00:00,2025-11-06 00:08:55,40.0,42.0,40.0,40.0,40.0,7.8568345861998035,208.0,BO_O2,"O2 규칙 적용: 10.8% (10.0% < O2 ≤ 12.0%) (2단계 롤백, 3~4단계에서 Hz 변화 없음)",38.8237495,10.6609373,1064.92505,900.674988,15.7375002,1.0,,16.45,0.0,17.38,51.9000015,,51.9000015,0.0,305.850006,0.0,,
2025-11-06 00:08:56+00:00,2025-11-06 00:08:56,,,,,,,,,,38.8087502,10.6609373,1064.40002,900.599976,15.7375002,1.0,,16.45,0.0,15.83,51.9000015,,51.9000015,0.0,305.924988,0.0,,
2025-11-06 00:08:57+00:00,2025-11-06 00:08:57,,,,,,,,,,38.8125,10.59375,1063.65002,900.525024,15.7375002,1.0,,16.45,0.0,15.83,51.9000015,,51.9000015,0.0,305.924988,0.0,,
2025-11-06 00:08:58+00:00,2025-11-06 00:08:58,,,,,,,,,,38.8125,10.59375,1063.125,900.450012,15.7375002,1.0,,16.45,0.0,15.83,51.8812485,,51.8812485,0.0,305.850006,0.0,,
2025-11-06 00:08:59+00:00,2025-11-06 00:08:59,,,,,,,,,,38.8162498,10.5171871,1062.375,900.299988,15.7250004,1.0,,16.45,0.0,15.83,51.9000015,,51.9000015,0.0,305.850006,0.0,,
2025-11-06 00:09:00+00:00,2025-11-06 00:09:00,40.0,43.0,40.0,40.0,40.0,8.29327532261744,208.0,BO_O2,"O2 규칙 적용: 10.6% (10.0% < O2 ≤ 12.0%) (2단계 롤백, 3~4단계에서 Hz 변화 없음)",38.8087502,10.4390621,1061.84998,900.299988,14.5625,1.0,,16.45,0.0,15.83,51.9000015,38.0,51.9000015,0.0,305.924988,0.0,,
2025-11-06 00:09:01+00:00,2025-11-06 00:09:01,,,,,,,,,,38.8312492,10.4390621,1061.09998,900.150024,14.5625,1.0,,16.45,0.0,15.83,51.9000015,,51.9000015,0.0,305.924988,0.0,,
2025-11-06 00:09:02+00:00,2025-11-06 00:09:02,,,,,,,,,,38.8087502,10.3671875,1060.65002,900.075012,14.5625,1.0,,16.45,0.0,15.83,51.8812485,,51.8812485,0.0,305.850006,0.0,,
2025-11-06 00:09:03+00:00,2025-11-06 00:09:03,,,,,,,,,,38.8162498,10.3015623,1059.97498,899.924988,14.5625,1.0,,16.45,0.0,15.83,51.9000015,,51.9000015,0.0,305.850006,0.0,,
2025-11-06 00:09:04+00:00,2025-11-06 00:09:04,,,,,,,,,,38.8274994,10.3015623,1059.52502,899.924988,14.5625,1.0,,16.45,0.0,15.83,51.9000015,,51.9000015,0.0,305.924988,0.0,,
2025-11-06 00:09:05+00:00,2025-11-06 00:09:05,38.0,38.0,38.0,38.0,38.0,7.136849492481518,100.0,BO_ONLY,"BO 모델 결과만 사용 (1단계 롤백, 2~4단계에서 Hz 변화 없음)",38.8274994,10.2390623,1058.77502,899.775024,14.0625,1.0,,16.45,0.0,15.83,51.9000015,,51.9000015,0.0,305.850006,0.0,,
2025-11-06 00:09:06+00:00,2025-11-06 00:09:06,,,,,,,,,,38.8125,10.2390623,1058.40002,899.775024,13.9624996,1.0,,16.45,0.0,14.7,51.8812485,,51.8812485,0.0,305.850006,0.0,,
2025-11-06 00:09:07+00:00,2025-11-06 00:09:07,,,,,,,,,,38.8087502,10.1765623,1057.80005,899.625,13.9624996,1.0,,16.45,0.0,14.7,51.9000015,,51.9000015,0.0,305.850006,0.0,,
2025-11-06 00:09:08+00:00,2025-11-06 00:09:08,,,,,,,,,,38.8125,10.1125002,1057.34998,899.549988,13.9499998,1.0,,16.45,0.0,14.7,51.9000015,,51.9000015,0.0,305.850006,0.0,,
2025-11-06 00:09:09+00:00,2025-11-06 00:09:09,,,,,,,,,,38.8087502,10.1125002,1056.75,899.474976,13.9624996,1.0,,16.45,0.0,14.7,51.9000015,,51.9000015,0.0,305.850006,0.0,,
2025-11-06 00:09:10+00:00,2025-11-06 00:09:10,38.0,38.0,38.0,38.0,38.0,6.770310908396173,100.0,BO_ONLY,"BO 모델 결과만 사용 (1단계 롤백, 2~4단계에서 Hz 변화 없음)",38.8162498,10.0484371,1056.375,899.400024,13.1999998,1.0,,16.45,0.0,14.7,51.8812485,,51.8812485,0.0,305.850006,0.0,,
2025-11-06 00:09:11+00:00,2025-11-06 00:09:11,,,,,,,,,,38.8125,9.98124981,1055.84998,899.25,13.1875,1.0,,16.45,0.0,14.7,51.9000015,,51.9000015,0.0,305.850006,0.0,,
2025-11-06 00:09:12+00:00,2025-11-06 00:09:12,,,,,,,,,,38.8012505,9.98124981,1055.55005,899.174988,13.1999998,1.0,,16.45,0.0,14.7,51.9000015,,51.9000015,0.0,305.850006,0.0,,
2025-11-06 00:09:13+00:00,2025-11-06 00:09:13,,,,,,,,,,38.8162498,9.90781212,1055.09998,899.099976,13.1999998,1.0,,16.45,0.0,14.7,51.9000015,,51.9000015,0.0,305.850006,0.0,,
2025-11-06 00:09:14+00:00,2025-11-06 00:09:14,,,,,,,,,,38.8162498,9.90781212,1054.80005,899.025024,13.1999998,1.0,,16.45,0.0,14.7,51.8812485,,51.8812485,0.0,305.850006,0.0,,
2025-11-06 00:09:15+00:00,2025-11-06 00:09:15,38.0,38.0,39.0,38.0,38.0,6.70991255270379,304.0,BO_O2_RULE,"제어매트릭스 규칙 적용: NOX_LOW (3단계 롤백, 4단계에서 Hz 변화 없음)",38.8087502,9.82968712,1054.42505,898.875,13.2749996,1.0,,16.45,0.0,14.7,51.9000015,38.0,51.9000015,0.0,305.850006,0.0,,
2025-11-06 00:09:16+00:00,2025-11-06 00:09:16,,,,,,,,,,38.8125,9.7421875,1054.19995,898.875,13.2875004,1.0,,16.45,0.0,13.33,51.9000015,,51.9000015,0.0,305.850006,0.0,,
2025-11-06 00:09:17+00:00,2025-11-06 00:09:17,,,,,,,,,,38.8312492,9.7421875,1053.82495,898.724976,13.2875004,1.0,,16.45,0.0,13.33,51.8812485,,51.8812485,0.0,305.924988,0.0,,
2025-11-06 00:09:18+00:00,2025-11-06 00:09:18,,,,,,,,,,38.8125,9.6640625,1053.59998,898.650024,13.2875004,1.0,,16.45,0.0,13.33,51.8812485,,51.8812485,0.0,305.850006,0.0,,
2025-11-06 00:09:19+00:00,2025-11-06 00:09:19,,,,,,,,,,38.8087502,9.59062481,1053.30005,898.575012,13.2875004,1.0,,16.45,0.0,13.33,51.9000015,,51.9000015,0.0,305.850006,0.0,,
2025-11-06 00:09:20+00:00,2025-11-06 00:09:20,38.0,38.0,39.0,38.0,38.0,9.193743865364244,304.0,BO_O2_RULE,"제어매트릭스 규칙 적용: NOX_LOW (3단계 롤백, 4단계에서 Hz 변화 없음)",38.8087502,9.59062481,1053.07495,898.5,12.6125002,1.0,,16.45,0.0,13.33,51.9000015,,51.9000015,0.0,305.850006,0.0,,
2025-11-06 00:09:21+00:00,2025-11-06 00:09:21,,,,,,,,,,38.8162498,9.5,1052.77502,898.349976,12.6125002,1.0,,16.45,0.0,13.33,51.9000015,,51.9000015,0.0,305.850006,0.0,,
2025-11-06 00:09:22+00:00,2025-11-06 00:09:22,,,,,,,,,,38.8312492,9.5,1052.625,898.275024,12.6125002,1.0,,16.45,0.0,13.33,51.9000015,,51.9000015,0.0,305.924988,0.0,,
2025-11-06 00:09:23+00:00,2025-11-06 00:09:23,,,,,,,,,,38.8199997,9.3828125,1052.40002,898.200012,12.6125002,1.0,,16.45,0.0,13.33,51.8812485,,51.8812485,0.0,305.850006,0.0,,
2025-11-06 00:09:24+00:00,2025-11-06 00:09:24,,,,,,,,,,38.8012505,9.25,1052.25,898.200012,12.6125002,1.0,,16.45,0.0,13.33,51.9000015,,51.9000015,0.0,305.850006,0.0,,
2025-11-06 00:09:25+00:00,2025-11-06 00:09:25,38.0,39.0,39.0,38.0,38.0,7.474630194753718,304.0,BO_O2_RULE,"제어매트릭스 규칙 적용: NOX_LOW (3단계 롤백, 4단계에서 Hz 변화 없음)",38.8050003,9.25,1052.02502,898.049988,12.8249998,1.0,,16.45,0.0,13.33,51.9000015,,51.9000015,0.0,305.850006,0.0,,
2025-11-06 00:09:26+00:00,2025-11-06 00:09:26,,,,,,,,,,38.8162498,9.11093712,1051.875,898.049988,12.8625002,1.0,,16.45,0.0,12.76,51.8812485,,51.8812485,0.0,305.850006,0.0,,
2025-11-06 00:09:27+00:00,2025-11-06 00:09:27,,,,,,,,,,38.8087502,8.97187519,1051.72498,897.900024,12.8625002,1.0,,16.45,0.0,12.76,51.5250015,,51.5250015,0.0,305.850006,0.0,,
2025-11-06 00:09:28+00:00,2025-11-06 00:09:28,,,,,,,,,,38.8012505,8.97187519,1051.57495,897.825012,12.8625002,1.0,,16.45,0.0,12.76,51.8624992,,51.8624992,0.0,305.924988,0.0,,
2025-11-06 00:09:29+00:00,2025-11-06 00:09:29,,,,,,,,,,38.8087502,8.84062481,1051.34998,897.674988,12.875,1.0,,16.45,0.0,12.76,51.9000015,,51.9000015,0.0,305.850006,0.0,,
2025-11-06 00:09:30+00:00,2025-11-06 00:09:30,38.0,42.0,42.0,38.0,38.0,10.164157694741618,304.0,BO_O2_RULE,"제어매트릭스 규칙 적용: NOX_LOW (3단계 롤백, 4단계에서 Hz 변화 없음)",38.8125,8.84062481,1051.27502,897.599976,12.5249996,1.0,,16.45,0.0,12.76,51.9000015,38.0,51.9000015,0.0,305.850006,0.0,,
2025-11-06 00:09:31+00:00,2025-11-06 00:09:31,,,,,,,,,,38.8087502,8.70468712,1051.19995,897.525024,12.5249996,1.0,,16.45,0.0,12.76,51.8812485,,51.8812485,0.0,305.850006,0.0,,
2025-11-06 00:09:32+00:00,2025-11-06 00:09:32,,,,,,,,,,38.8125,8.57656288,1051.19995,897.525024,12.5249996,1.0,,16.45,0.0,12.76,52.0125008,,52.0125008,0.0,305.850006,0.0,,
2025-11-06 00:09:33+00:00,2025-11-06 00:09:33,,,,,,,,,,38.8087502,8.57656288,1051.19995,897.375,12.5375004,1.0,,16.45,0.0,12.76,52.2562485,,52.2562485,0.0,305.924988,0.0,,
2025-11-06 00:09:34+00:00,2025-11-06 00:09:34,,,,,,,,,,38.8050003,8.44843769,1051.19995,897.375,12.5249996,1.0,,16.45,0.0,12.76,52.2562485,,52.2562485,0.0,305.850006,0.0,,
2025-11-06 00:09:35+00:00,2025-11-06 00:09:35,38.0,43.0,43.0,38.0,38.0,9.64952996957323,304.0,BO_O2_RULE,"제어매트릭스 규칙 적용: NOX_LOW (3단계 롤백, 4단계에서 Hz 변화 없음)",38.8349991,8.33125019,1051.19995,897.224976,11.7250004,1.0,,16.45,0.0,12.76,52.2562485,,52.2562485,0.0,307.274994,0.0,,
2025-11-06 00:09:36+00:00,2025-11-06 00:09:36,,,,,,,,,,38.8050003,8.33125019,1051.19995,897.150024,11.6125002,1.0,,16.45,0.0,12.62,52.2750015,,52.2750015,0.0,307.350006,0.0,,
2025-11-06 00:09:37+00:00,2025-11-06 00:09:37,,,,,,,,,,38.8087502,8.21875,1051.27502,897.075012,11.6000004,1.0,,16.45,0.0,12.62,52.2750015,,52.2750015,0.0,307.350006,0.0,,
2025-11-06 00:09:38+00:00,2025-11-06 00:09:38,,,,,,,,,,38.8162498,8.21875,1051.34998,897.075012,11.6000004,1.0,,16.45,0.0,12.62,52.2562485,,52.2562485,0.0,307.350006,0.0,,
2025-11-06 00:09:39+00:00,2025-11-06 00:09:39,,,,,,,,,,38.8162498,8.12656212,1051.5,897.0,11.6000004,1.0,,16.45,0.0,12.62,52.2562485,,52.2562485,0.0,307.274994,0.0,,
2025-11-06 00:09:40+00:00,2025-11-06 00:09:40,38.0,44.0,44.0,38.0,38.0,7.804501119595599,304.0,BO_O2_RULE,"제어매트릭스 규칙 적용: NOX_LOW (3단계 롤백, 4단계에서 Hz 변화 없음)",38.8087502,8.03750038,1051.5,896.849976,12.1000004,1.0,,16.45,0.0,12.62,52.2562485,,52.2562485,0.0,307.350006,0.0,,
2025-11-06 00:09:41+00:00,2025-11-06 00:09:41,,,,,,,,,,38.8125,8.03750038,1051.80005,896.849976,12.1000004,1.0,,16.45,0.0,12.62,52.2562485,,52.2562485,0.0,307.350006,0.0,,
2025-11-06 00:09:42+00:00,2025-11-06 00:09:42,,,,,,,,,,38.8050003,7.94999981,1052.02502,896.775024,12.1125002,1.0,,16.45,0.0,12.62,52.2562485,,52.2562485,0.0,307.350006,0.0,,
2025-11-06 00:09:43+00:00,2025-11-06 00:09:43,,,,,,,,,,38.8199997,7.87187481,1052.25,896.700012,12.1125002,1.0,,16.45,0.0,12.62,52.2562485,,52.2562485,0.0,307.350006,0.0,,
2025-11-06 00:09:44+00:00,2025-11-06 00:09:44,,,,,,,,,,38.8125,7.87187481,1052.47498,896.625,12.1125002,1.0,,16.45,0.0,12.62,52.2562485,,52.2562485,0.0,307.274994,0.0,,
2025-11-06 00:09:45+00:00,2025-11-06 00:09:45,38.0,45.0,45.0,38.0,38.0,11.781596855664306,304.0,BO_O2_RULE,"제어매트릭스 규칙 적용: NOX_LOW (3단계 롤백, 4단계에서 Hz 변화 없음)",38.8087502,7.7984376,1052.84998,896.549988,11.5500002,1.0,,16.45,0.0,12.62,52.2750015,38.0,52.2750015,0.0,307.350006,0.0,,
2025-11-06 00:09:46+00:00,2025-11-06 00:09:46,,,,,,,,,,38.8087502,7.7984376,1053.07495,896.549988,11.4375,1.0,,16.45,0.0,12.19,52.2562485,,52.2562485,0.0,307.350006,0.0,,
2025-11-06 00:09:47+00:00,2025-11-06 00:09:47,,,,,,,,,,38.8125,7.71406269,1053.44995,896.474976,11.4375,1.0,,16.45,0.0,12.19,52.2562485,,52.2562485,0.0,307.274994,0.0,,
2025-11-06 00:09:48+00:00,2025-11-06 00:09:48,,,,,,,,,,38.8274994,7.6234374,1053.82495,896.400024,11.4375,1.0,,16.45,0.0,12.19,52.2562485,,52.2562485,0.0,307.350006,0.0,,
2025-11-06 00:09:49+00:00,2025-11-06 00:09:49,,,,,,,,,,38.8162498,7.6234374,1054.34998,896.325012,11.4375,1.0,,16.45,0.0,12.19,52.2562485,,52.2562485,0.0,307.350006,0.0,,
2025-11-06 00:09:50+00:00,2025-11-06 00:09:50,38.0,46.0,46.0,38.0,38.0,9.906330613060886,304.0,BO_O2_RULE,"제어매트릭스 규칙 적용: NOX_LOW (3단계 롤백, 4단계에서 Hz 변화 없음)",38.8199997,7.5374999,1054.80005,896.25,11.4250002,1.0,,16.45,0.0,12.19,52.2562485,,52.2562485,0.0,307.350006,0.0,,
2025-11-06 00:09:51+00:00,2025-11-06 00:09:51,,,,,,,,,,38.8274994,7.4593749,1055.47498,896.174988,11.4375,1.0,,16.45,0.0,12.19,52.2562485,,52.2562485,0.0,307.350006,0.0,,
2025-11-06 00:09:52+00:00,2025-11-06 00:09:52,,,,,,,,,,38.8162498,7.4593749,1055.92505,896.174988,11.4375,1.0,,16.45,0.0,12.19,52.2562485,,52.2562485,0.0,305.924988,0.0,,
2025-11-06 00:09:53+00:00,2025-11-06 00:09:53,,,,,,,,,,38.8087502,7.3734374,1056.67505,896.099976,11.4250002,1.0,,16.45,0.0,12.19,52.2562485,,52.2562485,0.0,305.850006,0.0,,
2025-11-06 00:09:54+00:00,2025-11-06 00:09:54,,,,,,,,,,38.8125,7.3734374,1057.19995,896.099976,11.4375,1.0,,16.45,0.0,12.19,52.2562485,,52.2562485,0.0,306.149994,0.0,,
2025-11-06 00:09:55+00:00,2025-11-06 00:09:55,,,,,,,,,,38.8125,7.28125,1058.17505,895.950012,11.6000004,1.0,,16.45,0.0,12.19,52.2562485,,52.2562485,0.0,307.274994,0.0,,
2025-11-06 00:09:56+00:00,2025-11-06 00:09:56,,,,,,,,,,38.8274994,7.19218731,1059.15002,895.950012,11.6125002,1.0,,16.45,0.0,11.56,52.2562485,,52.2562485,0.0,307.350006,0.0,,
2025-11-06 00:09:57+00:00,2025-11-06 00:09:57,,,,,,,,,,42.3712502,7.19218731,1059.75,895.875,11.6000004,1.0,,16.45,0.0,11.56,52.2750015,,52.2750015,0.0,306.075012,0.0,,
2025-11-06 00:09:58+00:00,2025-11-06 00:09:58,,,,,,,,,,44.0962486,7.11406231,1060.42505,895.875,11.6000004,1.0,,16.45,0.0,11.56,52.2562485,,52.2562485,0.0,305.850006,0.0,,
2025-11-06 00:09:59+00:00,2025-11-06 00:09:59,,,,,,,,,,44.1074982,7.0374999,1061.47498,895.799988,11.6000004,1.0,,16.45,0.0,11.56,52.8562508,,52.8562508,0.0,305.850006,0.0,,
2025-11-06 00:10:00+00:00,2025-11-06 00:10:00,38.0,47.0,46.0,38.0,38.0,9.901458051015084,304.0,BO_O2_RULE,"제어매트릭스 규칙 적용: NOX_LOW (3단계 롤백, 4단계에서 Hz 변화 없음)",44.1037483,7.0374999,1062.15002,895.799988,11.2624998,1.0,,16.45,0.0,11.56,54.2625008,38.0,54.2625008,0.0,305.850006,0.0,,
2025-11-06 00:10:01+00:00,2025-11-06 00:10:01,,,,,,,,,,44.1037483,6.9609375,1063.19995,895.724976,11.2749996,1.0,,16.45,0.0,11.56,57.9749985,,57.9749985,0.0,304.5,0.0,,
2025-11-06 00:10:02+00:00,2025-11-06 00:10:02,,,,,,,,,,44.1074982,6.87187481,1064.25,895.650024,11.2624998,1.0,,16.45,0.0,11.56,62.0250015,,62.0250015,0.0,303.0,0.0,,
2025-11-06 00:10:03+00:00,2025-11-06 00:10:03,,,,,,,,,,41.1712494,6.87187481,1065.0,895.650024,11.2624998,1.0,,16.45,0.0,11.56,65.0999985,,65.0999985,0.0,301.575012,0.0,,
2025-11-06 00:10:04+00:00,2025-11-06 00:10:04,,,,,,,,,,38.8387489,6.76093769,1065.75,895.650024,11.2624998,1.0,,16.45,0.0,11.56,66.9749985,,66.9749985,0.0,301.575012,0.0,,
2025-11-06 00:10:05+00:00,2025-11-06 00:10:05,38.0,51.0,49.0,38.0,38.0,10.611429059780612,304.0,BO_O2_RULE,"제어매트릭스 규칙 적용: NOX_LOW (3단계 롤백, 4단계에서 Hz 변화 없음)",38.8349991,6.76093769,1066.875,895.575012,11.1750002,1.0,,16.45,0.0,11.56,67.2562485,,67.2562485,0.0,301.5,0.0,,
2025-11-06 00:10:06+00:00,2025-11-06 00:10:06,,,,,,,,,,38.8162498,6.6328125,1068.07495,895.575012,11.1750002,1.0,,16.45,0.0,11.36,66.5999985,,66.5999985,0.0,301.575012,0.0,,
2025-11-06 00:10:07+00:00,2025-11-06 00:10:07,,,,,,,,,,38.8087502,6.484375,1068.82495,895.5,11.1750002,1.0,,16.45,0.0,11.36,64.8000031,,64.8000031,0.0,301.575012,0.0,,
2025-11-06 00:10:08+00:00,2025-11-06 00:10:08,,,,,,,,,,38.8162498,6.484375,1069.875,895.5,11.1875,1.0,,16.45,0.0,11.36,61.5750008,,61.5750008,0.0,303.0,0.0,,
2025-11-06 00:10:09+00:00,2025-11-06 00:10:09,,,,,,,,,,38.8237495,6.328125,1070.55005,895.5,11.1750002,1.0,,16.45,0.0,11.36,58.1062508,,58.1062508,0.0,302.924988,0.0,,
2025-11-06 00:10:10+00:00,2025-11-06 00:10:10,38.0,52.0,49.0,38.0,38.0,10.441355974265099,304.0,BO_O2_RULE,"제어매트릭스 규칙 적용: NOX_LOW (3단계 롤백, 4단계에서 Hz 변화 없음)",38.8162498,6.15156269,1071.59998,895.424988,10.5,1.0,,16.45,0.0,11.36,55.3687515,,55.3687515,0.0,304.424988,0.0,,
2025-11-06 00:10:11+00:00,2025-11-06 00:10:11,,,,,,,,,,38.8125,6.15156269,1072.34998,895.424988,10.5124998,1.0,,16.45,0.0,11.36,53.8312492,,53.8312492,0.0,304.5,0.0,,
2025-11-06 00:10:12+00:00,2025-11-06 00:10:12,,,,,,,,,,38.8537483,5.9625001,1073.47498,895.424988,10.5124998,1.0,,16.45,0.0,11.36,52.7249985,,52.7249985,0.0,305.850006,0.0,,
2025-11-06 00:10:13+00:00,2025-11-06 00:10:13,,,,,,,,,,38.7975006,5.9625001,1074.15002,895.5,10.5,1.0,,16.45,0.0,11.36,52.2750015,,52.2750015,0.0,305.924988,0.0,,
2025-11-06 00:10:14+00:00,2025-11-06 00:10:14,,,,,,,,,,38.8087502,5.76875019,1075.27502,895.424988,10.5,1.0,,16.45,0.0,11.36,52.2562485,,52.2562485,0.0,305.850006,0.0,,
2025-11-06 00:10:15+00:00,2025-11-06 00:10:15,38.0,52.0,52.0,38.0,38.0,7.251091394503753,304.0,BO_O2_RULE,"제어매트릭스 규칙 적용: NOX_LOW (3단계 롤백, 4단계에서 Hz 변화 없음)",38.8125,5.5765624,1075.94995,895.424988,10.4125004,1.0,,16.45,0.0,11.36,52.2562485,38.0,52.2562485,0.0,305.850006,0.0,,
2025-11-06 00:10:16+00:00,2025-11-06 00:10:16,,,,,,,,,,38.8125,5.5765624,1075.94995,895.424988,10.4125004,1.0,,16.45,0.0,10.64,52.2562485,,52.2562485,0.0,305.850006,0.0,,
2025-11-06 00:10:17+00:00,2025-11-06 00:10:17,,,,,,,,,,38.8125,5.40937519,1077.67505,895.5,10.4125004,1.0,,16.45,0.0,10.64,51.9000015,,51.9000015,0.0,304.424988,0.0,,
2025-11-06 00:10:18+00:00,2025-11-06 00:10:18,,,,,,,,,,38.8387489,5.27031231,1078.80005,895.5,10.4250002,1.0,,16.45,0.0,10.64,51.6937485,,51.6937485,0.0,304.350006,0.0,,
2025-11-06 00:10:19+00:00,2025-11-06 00:10:19,,,,,,,,,,38.8050003,5.27031231,1079.55005,895.5,10.4125004,1.0,,16.45,0.0,10.64,51.5250015,,51.5250015,0.0,304.424988,0.0,,
2025-11-06 00:10:20+00:00,2025-11-06 00:10:20,38.0,52.0,52.0,38.0,38.0,6.781100930866413,304.0,BO_O2_RULE,"제어매트릭스 규칙 적용: NOX_LOW (3단계 롤백, 4단계에서 Hz 변화 없음)",38.8050003,5.15156269,1080.67505,895.5,10.3374996,1.0,,16.45,0.0,10.64,51.5437508,,51.5437508,0.0,304.424988,0.0,,
2025-11-06 00:10:21+00:00,2025-11-06 00:10:21,,,,,,,,,,38.8087502,5.15156269,1081.42505,895.5,10.3374996,1.0,,16.45,0.0,10.64,51.5250015,,51.5250015,0.0,304.424988,0.0,,
2025-11-06 00:10:22+00:00,2025-11-06 00:10:22,,,,,,,,,,38.8162498,5.05937481,1082.625,895.5,10.3374996,1.0,,16.45,0.0,10.64,51.5250015,,51.5250015,0.0,304.424988,0.0,,
2025-11-06 00:10:23+00:00,2025-11-06 00:10:23,,,,,,,,,,38.8050003,4.9921875,1083.375,895.5,10.3374996,1.0,,16.45,0.0,10.64,51.5250015,,51.5250015,0.0,304.350006,0.0,,
2025-11-06 00:10:24+00:00,2025-11-06 00:10:24,,,,,,,,,,38.8125,4.9921875,1084.5,895.575012,10.3374996,1.0,,16.45,0.0,10.64,51.5437508,,51.5437508,0.0,304.424988,0.0,,
2025-11-06 00:10:25+00:00,2025-11-06 00:10:25,38.0,51.0,51.0,38.0,38.0,6.384523666854037,304.0,BO_O2_RULE,"제어매트릭스 규칙 적용: NOX_LOW (3단계 롤백, 4단계에서 Hz 변화 없음)",38.8087502,4.95625019,1085.25,895.575012,10.3374996,1.0,,16.45,0.0,10.64,51.2437515,,51.2437515,0.0,304.424988,0.0,,
2025-11-06 00:10:26+00:00,2025-11-06 00:10:26,,,,,,,,,,38.8050003,4.94062519,1086.30005,895.650024,10.3374996,1.0,,16.45,0.0,10.47,51.46875,,51.46875,0.0,305.700012,0.0,,
2025-11-06 00:10:27+00:00,2025-11-06 00:10:27,,,,,,,,,,38.8087502,4.94062519,1086.97498,895.650024,10.3374996,1.0,,16.45,0.0,10.47,51.5437508,,51.5437508,0.0,305.850006,0.0,,
2025-11-06 00:10:28+00:00,2025-11-06 00:10:28,,,,,,,,,,38.8125,4.9375,1087.94995,895.724976,10.3374996,1.0,,16.45,0.0,10.47,51.5437508,,51.5437508,0.0,305.850006,0.0,,
2025-11-06 00:10:29+00:00,2025-11-06 00:10:29,,,,,,,,,,38.8050003,4.9375,1088.55005,895.724976,10.3374996,1.0,,16.45,0.0,10.47,51.5437508,,51.5437508,0.0,305.850006,0.0,,
2025-11-06 00:10:30+00:00,2025-11-06 00:10:30,38.0,52.0,52.0,38.0,38.0,8.988903903536205,304.0,BO_O2_RULE,"제어매트릭스 규칙 적용: NOX_LOW (3단계 롤백, 4단계에서 Hz 변화 없음)",38.8087502,4.9453125,1089.52502,895.799988,10.0,1.0,,16.45,0.0,10.47,51.5437508,38.0,51.5437508,0.0,305.850006,0.0,,
2025-11-06 00:10:31+00:00,2025-11-06 00:10:31,,,,,,,,,,38.8050003,4.9593749,1090.19995,895.799988,10.0,1.0,,16.45,0.0,10.47,51.6937485,,51.6937485,0.0,305.850006,0.0,,
2025-11-06 00:10:32+00:00,2025-11-06 00:10:32,,,,,,,,,,38.8274994,4.9593749,1091.17505,895.799988,10.0,1.0,,16.45,0.0,10.47,51.9000015,,51.9000015,0.0,305.850006,0.0,,
2025-11-06 00:10:33+00:00,2025-11-06 00:10:33,,,,,,,,,,38.8012505,4.9765625,1091.92505,895.875,10.0,1.0,,16.45,0.0,10.47,51.9000015,,51.9000015,0.0,305.924988,0.0,,
2025-11-06 00:10:34+00:00,2025-11-06 00:10:34,,,,,,,,,,38.8012505,4.9765625,1091.92505,895.875,10.0,1.0,,16.45,0.0,10.47,51.9000015,,51.9000015,0.0,305.924988,0.0,,
2025-11-06 00:10:35+00:00,2025-11-06 00:10:35,38.0,53.0,53.0,38.0,38.0,8.394274983383584,304.0,BO_O2_RULE,"제어매트릭스 규칙 적용: NOX_LOW (3단계 롤백, 4단계에서 Hz 변화 없음)",38.8012505,4.9937501,1093.57495,895.950012,10.0,1.0,,16.45,0.0,10.47,51.8812485,,51.8812485,0.0,305.850006,0.0,,
2025-11-06 00:10:36+00:00,2025-11-06 00:10:36,,,,,,,,,,38.8050003,4.99531269,1094.47498,896.099976,10.0,1.0,,16.45,0.0,10.1,51.9000015,,51.9000015,0.0,305.850006,0.0,,
2025-11-06 00:10:37+00:00,2025-11-06 00:10:37,,,,,,,,,,38.8087502,4.99531269,1095.15002,896.099976,10.0,1.0,,16.45,0.0,10.1,51.9000015,,51.9000015,0.0,305.850006,0.0,,
2025-11-06 00:10:38+00:00,2025-11-06 00:10:38,,,,,,,,,,38.8125,4.9937501,1096.19995,896.25,10.0,1.0,,16.45,0.0,10.1,51.9000015,,51.9000015,0.0,305.850006,0.0,,
2025-11-06 00:10:39+00:00,2025-11-06 00:10:39,,,,,,,,,,38.8087502,4.9906249,1096.94995,896.25,10.0,1.0,,16.45,0.0,10.1,51.8812485,,51.8812485,0.0,305.924988,0.0,,
2025-11-06 00:10:40+00:00,2025-11-06 00:10:40,38.0,53.0,53.0,38.0,38.0,8.338956510045685,304.0,BO_O2_RULE,"제어매트릭스 규칙 적용: NOX_LOW (3단계 롤백, 4단계에서 Hz 변화 없음)",38.8050003,4.9906249,1098.0,896.325012,9.23750019,1.0,,16.45,0.0,10.1,51.9000015,,51.9000015,0.0,305.850006,0.0,,
2025-11-06 00:10:41+00:00,2025-11-06 00:10:41,,,,,,,,,,38.8087502,4.9859376,1098.75,896.325012,9.23750019,1.0,,16.45,0.0,10.1,51.9000015,,51.9000015,0.0,305.924988,0.0,,
2025-11-06 00:10:42+00:00,2025-11-06 00:10:42,,,,,,,,,,38.7975006,4.9781251,1099.875,896.474976,9.25,1.0,,16.45,0.0,10.1,51.9000015,,51.9000015,0.0,305.924988,0.0,,
2025-11-06 00:10:43+00:00,2025-11-06 00:10:43,,,,,,,,,,38.7975006,4.9781251,1100.625,896.549988,9.23750019,1.0,,16.45,0.0,10.1,51.8812485,,51.8812485,0.0,305.850006,0.0,,
2025-11-06 00:10:44+00:00,2025-11-06 00:10:44,,,,,,,,,,38.8312492,4.9749999,1101.75,896.625,9.25,1.0,,16.45,0.0,10.1,51.9000015,,51.9000015,0.0,305.850006,0.0,,
2025-11-06 00:10:45+00:00,2025-11-06 00:10:45,38.0,53.0,53.0,38.0,38.0,6.334566165905783,304.0,BO_O2_RULE,"제어매트릭스 규칙 적용: NOX_LOW (3단계 롤백, 4단계에서 Hz 변화 없음)",38.8012505,4.9749999,1102.5,896.625,9.5,1.0,,16.45,0.0,10.1,51.9000015,,51.9000015,0.0,305.924988,0.0,,
2025-11-06 00:10:46+00:00,2025-11-06 00:10:46,,,,,,,,,,38.8050003,4.9765625,1103.55005,896.775024,9.5,1.0,,16.45,0.0,9.38,51.9000015,,51.9000015,0.0,305.850006,0.0,,
2025-11-06 00:10:47+00:00,2025-11-06 00:10:47,,,,,,,,,,38.8012505,4.9781251,1104.375,896.849976,9.5,1.0,,16.45,0.0,9.38,51.8812485,,51.8812485,0.0,305.924988,0.0,,
2025-11-06 00:10:48+00:00,2025-11-06 00:10:48,,,,,,,,,,38.8012505,4.9781251,1104.375,896.849976,9.5,1.0,,16.45,0.0,9.38,51.8812485,,51.8812485,0.0,305.924988,0.0,,
2025-11-06 00:10:49+00:00,2025-11-06 00:10:49,,,,,,,,,,38.7937508,4.96875,1106.25,897.0,9.5,1.0,,16.45,0.0,9.38,51.9000015,,51.9000015,0.0,305.924988,0.0,,
2025-11-06 00:10:50+00:00,2025-11-06 00:10:50,38.0,53.0,53.0,38.0,38.0,9.627532914750246,304.0,BO_O2_RULE,"제어매트릭스 규칙 적용: NOX_LOW (3단계 롤백, 4단계에서 Hz 변화 없음)",38.8050003,4.9515624,1107.44995,897.150024,9.48750019,1.0,,16.45,0.0,9.38,51.9000015,,51.9000015,0.0,305.850006,0.0,,
2025-11-06 00:10:51+00:00,2025-11-06 00:10:51,,,,,,,,,,38.8199997,4.9515624,1108.27502,897.224976,9.5,1.0,,16.45,0.0,9.38,51.8812485,,51.8812485,0.0,305.850006,0.0,,
2025-11-06 00:10:52+00:00,2025-11-06 00:10:52,,,,,,,,,,38.8125,4.9234376,1109.47498,897.375,9.48750019,1.0,,16.45,0.0,9.38,51.9000015,,51.9000015,0.0,305.850006,0.0,,
2025-11-06 00:10:53+00:00,2025-11-06 00:10:53,,,,,,,,,,38.8050003,4.9234376,1110.30005,897.450012,9.5,1.0,,16.45,0.0,9.38,51.9000015,,51.9000015,0.0,305.850006,0.0,,
2025-11-06 00:10:54+00:00,2025-11-06 00:10:54,,,,,,,,,,38.8125,4.88749981,1111.57495,897.525024,9.5,1.0,,16.45,0.0,9.38,51.9000015,,51.9000015,0.0,305.850006,0.0,,
2025-11-06 00:10:55+00:00,2025-11-06 00:10:55,38.0,52.0,52.0,38.0,38.0,9.636855158078815,304.0,BO_O2_RULE,"제어매트릭스 규칙 적용: NOX_LOW (3단계 롤백, 4단계에서 Hz 변화 없음)",38.8012505,4.8421874,1112.40002,897.674988,9.57499981,1.0,,16.45,0.0,9.38,51.8812485,,51.8812485,0.0,305.850006,0.0,,
2025-11-06 00:10:56+00:00,2025-11-06 00:10:56,,,,,,,,,,38.7975006,4.8421874,1113.52502,897.825012,9.57499981,1.0,,16.45,0.0,9.59,51.9000015,,51.9000015,0.0,305.774994,0.0,,
2025-11-06 00:10:57+00:00,2025-11-06 00:10:57,,,,,,,,,,38.8125,4.78437519,1114.34998,897.900024,9.57499981,1.0,,16.45,0.0,9.59,51.5437508,,51.5437508,0.0,305.850006,0.0,,
2025-11-06 00:10:58+00:00,2025-11-06 00:10:58,,,,,,,,,,38.8125,4.7359376,1115.47498,898.049988,9.57499981,1.0,,16.45,0.0,9.59,51.5437508,,51.5437508,0.0,305.850006,0.0,,
2025-11-06 00:10:59+00:00,2025-11-06 00:10:59,,,,,,,,,,38.8162498,4.7359376,1116.22498,898.125,9.57499981,1.0,,16.45,0.0,9.59,51.5250015,,51.5250015,0.0,305.850006,0.0,,
2025-11-06 00:11:00+00:00,2025-11-06 00:11:00,43.809687600000004,52.0,52.0,52.0,52.0,12.233003916851338,100.0,BO_ONLY,"BO 모델 결과만 사용 (1단계 롤백, 2~4단계에서 Hz 변화 없음)",38.8125,4.69062519,1117.42505,898.275024,9.16250038,1.0,,16.45,0.0,9.59,51.5250015,38.70680375729881,51.5250015,0.0,305.850006,0.0,,
2025-11-06 00:11:01+00:00,2025-11-06 00:11:01,,,,,,,,,,38.8162498,4.69062519,1118.17505,898.349976,9.16250038,1.0,,16.45,0.0,9.59,51.5437508,,51.5437508,0.0,305.850006,0.0,,
2025-11-06 00:11:02+00:00,2025-11-06 00:11:02,,,,,,,,,,39.3675003,4.65312481,1119.30005,898.5,9.16250038,1.0,,16.45,0.0,9.59,51.5437508,,51.5437508,0.0,305.850006,0.0,,
2025-11-06 00:11:03+00:00,2025-11-06 00:11:03,,,,,,,,,,39.3675003,4.65312481,1119.30005,898.5,9.16250038,1.0,,16.45,0.0,9.59,51.5437508,,51.5437508,0.0,305.850006,0.0,,
2025-11-06 00:11:04+00:00,2025-11-06 00:11:04,,,,,,,,,,45.1462517,4.62968731,1120.94995,898.724976,9.16250038,1.0,,16.45,0.0,9.59,51.5250015,,51.5250015,0.0,305.774994,0.0,,
2025-11-06 00:11:05+00:00,2025-11-06 00:11:05,38.0,51.0,51.0,38.0,38.0,9.17697614371415,304.0,BO_O2_RULE,"제어매트릭스 규칙 적용: NOX_LOW (3단계 롤백, 4단계에서 Hz 변화 없음)",45.1387482,4.6265626,1121.47498,898.875,9.14999962,1.0,,16.45,0.0,9.59,52.2750015,,52.2750015,0.0,304.424988,0.0,,
2025-11-06 00:11:06+00:00,2025-11-06 00:11:06,,,,,,,,,,45.1462517,4.62968731,1122.375,899.025024,9.16250038,1.0,,16.45,0.0,9.29,56.0625,,56.0625,0.0,303.0,0.0,,
2025-11-06 00:11:07+00:00,2025-11-06 00:11:07,,,,,,,,,,45.1612511,4.62968731,1122.82495,899.099976,9.16250038,1.0,,16.45,0.0,9.29,61.0687485,,61.0687485,0.0,301.725006,0.0,,
2025-11-06 00:11:08+00:00,2025-11-06 00:11:08,,,,,,,,,,41.7299995,4.6343751,1123.57495,899.25,9.16250038,1.0,,16.45,0.0,9.29,64.59375,,64.59375,0.0,301.5,0.0,,
2025-11-06 00:11:09+00:00,2025-11-06 00:11:09,,,,,,,,,,38.8762512,4.6343751,1124.02502,899.400024,9.16250038,1.0,,16.45,0.0,9.29,67.8562469,,67.8562469,0.0,301.575012,0.0,,
2025-11-06 00:11:10+00:00,2025-11-06 00:11:10,38.0,50.0,50.0,38.0,38.0,9.753215370051173,304.0,BO_O2_RULE,"제어매트릭스 규칙 적용: NOX_LOW (3단계 롤백, 4단계에서 Hz 변화 없음)",38.8125,4.63749981,1124.84998,899.549988,9.41250038,1.0,,16.45,0.0,9.29,70.0500031,,70.0500031,0.0,301.5,0.0,,
2025-11-06 00:11:11+00:00,2025-11-06 00:11:11,,,,,,,,,,38.8087502,4.6328125,1125.30005,899.700012,9.41250038,1.0,,16.45,0.0,9.29,70.9312515,,70.9312515,0.0,301.5,0.0,,
2025-11-06 00:11:12+00:00,2025-11-06 00:11:12,,,,,,,,,,38.8274994,4.6328125,1126.125,899.849976,9.41250038,1.0,,16.45,0.0,9.29,67.1999969,,67.1999969,0.0,302.850006,0.0,,
2025-11-06 00:11:13+00:00,2025-11-06 00:11:13,,,,,,,,,,39.7200012,4.62812519,1126.57495,899.924988,9.41250038,1.0,,16.45,0.0,9.29,63.5625,,63.5625,0.0,302.924988,0.0,,
2025-11-06 00:11:14+00:00,2025-11-06 00:11:14,,,,,,,,,,39.9262505,4.62812519,1127.25,900.150024,9.41250038,1.0,,16.45,0.0,9.29,59.8125,,59.8125,0.0,304.424988,0.0,,
2025-11-06 00:11:15+00:00,2025-11-06 00:11:15,38.0,50.0,50.0,38.0,38.0,11.933686631257453,304.0,BO_O2_RULE,"제어매트릭스 규칙 적용: NOX_LOW (3단계 롤백, 4단계에서 Hz 변화 없음)",39.9262505,4.62812519,1127.625,900.299988,9.57499981,1.0,,16.45,0.0,9.29,56.8499985,39.60680375729881,56.8499985,0.0,304.424988,0.0,,
2025-11-06 00:11:16+00:00,2025-11-06 00:11:16,,,,,,,,,,39.9187508,4.6390624,1128.22498,900.450012,9.57499981,1.0,,16.45,0.0,9.53,54.9000015,,54.9000015,0.0,304.424988,0.0,,
2025-11-06 00:11:17+00:00,2025-11-06 00:11:17,,,,,,,,,,39.9225006,4.6390624,1128.52502,900.599976,9.57499981,1.0,,16.45,0.0,9.53,54.1875,,54.1875,0.0,304.424988,0.0,,
2025-11-06 00:11:18+00:00,2025-11-06 00:11:18,,,,,,,,,,38.8424988,4.65625,1129.05005,900.75,9.57499981,1.0,,16.45,0.0,9.53,54.1875,,54.1875,0.0,304.424988,0.0,,
2025-11-06 00:11:19+00:00,2025-11-06 00:11:19,,,,,,,,,,38.8125,4.6796875,1129.34998,900.825012,9.58749962,1.0,,16.45,0.0,9.53,54.5625,,54.5625,0.0,304.424988,0.0,,
2025-11-06 00:11:20+00:00,2025-11-06 00:11:20,44.37406255,50.0,50.0,50.0,50.0,13.783210480307238,100.0,BO_ONLY,"BO 모델 결과만 사용 (1단계 롤백, 2~4단계에서 Hz 변화 없음)",38.8087502,4.6796875,1129.875,901.049988,9.82499981,1.0,,16.45,0.0,9.53,54.5625,,54.5625,0.0,304.424988,0.0,,
2025-11-06 00:11:21+00:00,2025-11-06 00:11:21,,,,,,,,,,38.8012505,4.70781231,1130.25,901.200012,9.83749962,1.0,,16.45,0.0,9.53,54.5625,,54.5625,0.0,304.424988,0.0,,
2025-11-06 00:11:22+00:00,2025-11-06 00:11:22,,,,,,,,,,38.8087502,4.7328124,1130.77502,901.349976,9.82499981,1.0,,16.45,0.0,9.53,53.8312492,,53.8312492,0.0,305.850006,0.0,,
2025-11-06 00:11:23+00:00,2025-11-06 00:11:23,,,,,,,,,,41.4225006,4.7328124,1131.22498,901.5,9.83749962,1.0,,16.45,0.0,9.53,53.4375,,53.4375,0.0,305.850006,0.0,,
2025-11-06 00:11:24+00:00,2025-11-06 00:11:24,,,,,,,,,,46.1850014,4.76093769,1131.82495,901.724976,9.83749962,1.0,,16.45,0.0,9.53,52.6500015,,52.6500015,0.0,305.850006,0.0,,
2025-11-06 00:11:25+00:00,2025-11-06 00:11:25,43.80500035,49.0,49.0,49.0,49.0,15.04154878663532,100.0,BO_ONLY,"BO 모델 결과만 사용 (1단계 롤백, 2~4단계에서 Hz 변화 없음)",46.2449989,4.76093769,1132.19995,901.875,10.0,1.0,,16.45,0.0,9.53,52.9124985,,52.9124985,0.0,305.850006,0.0,,
2025-11-06 00:11:26+00:00,2025-11-06 00:11:26,,,,,,,,,,46.2449989,4.79374981,1132.80005,902.025024,10.0,1.0,,16.45,0.0,9.91,54.2249985,,54.2249985,0.0,305.924988,0.0,,
2025-11-06 00:11:27+00:00,2025-11-06 00:11:27,,,,,,,,,,46.2599983,4.82343769,1133.25,902.174988,10.0,1.0,,16.45,0.0,9.91,59.7000008,,59.7000008,0.0,304.575012,0.0,,
2025-11-06 00:11:28+00:00,2025-11-06 00:11:28,,,,,,,,,,46.2562485,4.82343769,1133.92505,902.400024,9.98750019,1.0,,16.45,0.0,9.91,65.4375,,65.4375,0.0,304.049988,0.0,,
2025-11-06 00:11:29+00:00,2025-11-06 00:11:29,,,,,,,,,,46.2562485,4.84062481,1134.44995,902.549988,9.98750019,1.0,,16.45,0.0,9.91,69.8812485,,69.8812485,0.0,302.924988,0.0,,
2025-11-06 00:11:30+00:00,2025-11-06 00:11:30,49.0,49.0,49.0,49.0,49.0,14.90305917390106,100.0,BO_ONLY,"BO 모델 결과만 사용 (1단계 롤백, 2~4단계에서 Hz 변화 없음)",46.2637482,4.84687519,1135.125,902.775024,10.4250002,1.0,,16.45,0.0,9.91,72.9375,39.52625406329881,72.9375,0.0,301.649994,0.0,,
2025-11-06 00:11:31+00:00,2025-11-06 00:11:31,,,,,,,,,,46.2599983,4.84687519,1135.65002,902.924988,10.4125004,1.0,,16.45,0.0,9.91,74.625,,74.625,0.0,301.575012,0.0,,
2025-11-06 00:11:32+00:00,2025-11-06 00:11:32,,,,,,,,,,47.3212509,4.84375,1136.40002,903.075012,10.4125004,1.0,,16.45,0.0,9.91,75.7312469,,75.7312469,0.0,301.5,0.0,,
2025-11-06 00:11:33+00:00,2025-11-06 00:11:33,,,,,,,,,,50.3362503,4.84375,1136.92505,903.224976,10.4250002,1.0,,16.45,0.0,9.91,76.21875,,76.21875,0.0,301.5,0.0,,
2025-11-06 00:11:34+00:00,2025-11-06 00:11:34,,,,,,,,,,50.4112511,4.8453126,1137.59998,903.525024,10.4250002,1.0,,16.45,0.0,9.91,76.5187531,,76.5187531,0.0,300.225006,0.0,,
2025-11-06 00:11:35+00:00,2025-11-06 00:11:35,49.0,48.0,49.0,49.0,49.0,16.14586850214274,202.0,BO_O2,"O2 규칙 적용: 4.8% (4.0% < O2 ≤ 5.0%) (2단계 롤백, 3~4단계에서 Hz 변화 없음)",50.4150009,4.8453126,1138.125,903.674988,10.5874996,1.0,,16.45,0.0,9.91,78.1312485,,78.1312485,0.0,300.075012,0.0,,
2025-11-06 00:11:36+00:00,2025-11-06 00:11:36,,,,,,,,,,50.4150009,4.8453126,1138.80005,903.900024,10.5874996,1.0,,16.45,0.0,10.5,81.8249969,,81.8249969,0.0,300.075012,0.0,,
2025-11-06 00:11:37+00:00,2025-11-06 00:11:37,,,,,,,,,,50.4300003,4.8375001,1139.25,904.049988,10.5874996,1.0,,16.45,0.0,10.5,85.0687485,,85.0687485,0.0,300.075012,0.0,,
2025-11-06 00:11:38+00:00,2025-11-06 00:11:38,,,,,,,,,,50.4262505,4.8203125,1139.92505,904.275024,10.5874996,1.0,,16.45,0.0,10.5,87.3375015,,87.3375015,0.0,300.075012,0.0,,
2025-11-06 00:11:39+00:00,2025-11-06 00:11:39,,,,,,,,,,50.4187508,4.8203125,1140.52502,904.424988,10.5874996,1.0,,16.45,0.0,10.5,88.8375015,,88.8375015,0.0,300.075012,0.0,,
2025-11-06 00:11:40+00:00,2025-11-06 00:11:40,49.0,48.0,49.0,49.0,49.0,14.993817272106922,202.0,BO_O2,"O2 규칙 적용: 4.8% (4.0% < O2 ≤ 5.0%) (2단계 롤백, 3~4단계에서 Hz 변화 없음)",50.4337502,4.78437519,1141.27502,904.724976,11.1000004,1.0,,16.45,0.0,10.5,89.6624985,,89.6624985,0.0,300.149994,0.0,,
2025-11-06 00:11:41+00:00,2025-11-06 00:11:41,,,,,,,,,,50.4337502,4.78437519,1141.80005,904.875,11.1000004,1.0,,16.45,0.0,10.5,90.3562469,,90.3562469,0.0,298.575012,0.0,,
2025-11-06 00:11:42+00:00,2025-11-06 00:11:42,,,,,,,,,,50.4300003,4.7359376,1142.625,905.099976,11.1000004,1.0,,16.45,0.0,10.5,90.9187469,,90.9187469,0.0,298.575012,0.0,,
2025-11-06 00:11:43+00:00,2025-11-06 00:11:43,,,,,,,,,,50.4300003,4.6781249,1143.22498,905.325012,11.1000004,1.0,,16.45,0.0,10.5,91.125,,91.125,0.0,298.575012,0.0,,
2025-11-06 00:11:44+00:00,2025-11-06 00:11:44,,,,,,,,,,50.4262505,4.6781249,1144.05005,905.549988,11.1000004,1.0,,16.45,0.0,10.5,91.125,,91.125,0.0,298.575012,0.0,,
2025-11-06 00:11:45+00:00,2025-11-06 00:11:45,49.0,49.0,49.0,49.0,49.0,14.820108736906093,100.0,BO_ONLY,"BO 모델 결과만 사용 (1단계 롤백, 2~4단계에서 Hz 변화 없음)",50.4412498,4.5999999,1144.57495,905.700012,11.8500004,1.0,,16.45,0.0,10.5,91.125,40.6694785592988,91.125,0.0,298.5,0.0,,
2025-11-06 00:11:46+00:00,2025-11-06 00:11:46,,,,,,,,,,50.4412498,4.51093769,1145.40002,905.924988,11.8625002,1.0,,16.45,0.0,11.17,91.1437531,,91.1437531,0.0,298.575012,0.0,,
2025-11-06 00:11:47+00:00,2025-11-06 00:11:47,,,,,,,,,,50.4449997,4.51093769,1145.92505,906.150024,11.8625002,1.0,,16.45,0.0,11.17,91.1437531,,91.1437531,0.0,298.575012,0.0,,
2025-11-06 00:11:48+00:00,2025-11-06 00:11:48,,,,,,,,,,50.4375,4.4281249,1146.75,906.375,11.8500004,1.0,,16.45,0.0,11.17,91.125,,91.125,0.0,298.5,0.0,,
2025-11-06 00:11:49+00:00,2025-11-06 00:11:49,,,,,,,,,,50.4300003,4.4281249,1147.125,906.525024,11.8625002,1.0,,16.45,0.0,11.17,91.1437531,,91.1437531,0.0,298.575012,0.0,,
2025-11-06 00:11:50+00:00,2025-11-06 00:11:50,52.0,52.0,52.0,52.0,52.0,15.70451557283353,100.0,BO_ONLY,"BO 모델 결과만 사용 (1단계 롤백, 2~4단계에서 Hz 변화 없음)",50.4337502,4.3609376,1147.80005,906.825012,11.6125002,1.0,,16.45,0.0,11.17,91.1437531,,91.1437531,0.0,297.899994,0.0,,
2025-11-06 00:11:51+00:00,2025-11-06 00:11:51,,,,,,,,,,50.4824982,4.3140626,1148.25,906.974976,11.6000004,1.0,,16.45,0.0,11.17,91.125,,91.125,0.0,297.075012,0.0,,
2025-11-06 00:11:52+00:00,2025-11-06 00:11:52,,,,,,,,,,52.2675018,4.3140626,1148.77502,907.200012,11.6125002,1.0,,16.45,0.0,11.17,91.125,,91.125,0.0,296.774994,0.0,,
2025-11-06 00:11:53+00:00,2025-11-06 00:11:53,,,,,,,,,,53.5537491,4.29218769,1149.07495,907.349976,11.6125002,1.0,,16.45,0.0,11.17,91.125,,91.125,0.0,295.575012,0.0,,
2025-11-06 00:11:54+00:00,2025-11-06 00:11:54,,,,,,,,,,53.5837517,4.2828126,1149.44995,907.650024,11.6125002,1.0,,16.45,0.0,11.17,91.1624985,,91.1624985,0.0,295.200012,0.0,,
2025-11-06 00:11:55+00:00,2025-11-06 00:11:55,52.0,52.0,52.0,52.0,52.0,14.191280567866661,100.0,BO_ONLY,"BO 모델 결과만 사용 (1단계 롤백, 2~4단계에서 Hz 변화 없음)",53.5912514,4.2828126,1149.67505,907.799988,11.6000004,1.0,,16.45,0.0,11.17,93.1875,,93.1875,0.0,293.850006,0.0,,
2025-11-06 00:11:56+00:00,2025-11-06 00:11:56,,,,,,,,,,53.6100006,4.2890625,1149.97498,908.025024,11.6000004,1.0,,16.45,0.0,11.74,95.5500031,,95.5500031,0.0,293.850006,0.0,,
2025-11-06 00:11:57+00:00,2025-11-06 00:11:57,,,,,,,,,,53.6025009,4.2890625,1150.19995,908.25,11.6125002,1.0,,16.45,0.0,11.74,97.1624985,,97.1624985,0.0,293.850006,0.0,,
2025-11-06 00:11:58+00:00,2025-11-06 00:11:58,,,,,,,,,,53.6025009,4.3140626,1150.57495,908.474976,11.6000004,1.0,,16.45,0.0,11.74,98.6062469,,98.6062469,0.0,293.850006,0.0,,
2025-11-06 00:11:59+00:00,2025-11-06 00:11:59,,,,,,,,,,53.6100006,4.3671875,1150.80005,908.700012,11.6125002,1.0,,16.45,0.0,11.74,99.3375015,,99.3375015,0.0,293.399994,0.0,,
2025-11-06 00:12:00+00:00,2025-11-06 00:12:00,52.0,52.0,52.0,52.0,52.0,14.074282762974295,100.0,BO_ONLY,"BO 모델 결과만 사용 (1단계 롤백, 2~4단계에서 Hz 변화 없음)",53.5950012,4.3671875,1151.09998,908.924988,12.3625002,1.0,,16.45,0.0,11.74,100.03125,47.39787897929881,100.03125,0.0,292.350006,0.0,,
2025-11-06 00:12:01+00:00,2025-11-06 00:12:01,,,,,,,,,,53.6025009,4.43281269,1151.25,909.075012,12.3625002,1.0,,16.45,0.0,11.74,100.087502,,100.087502,0.0,292.350006,0.0,,
2025-11-06 00:12:02+00:00,2025-11-06 00:12:02,,,,,,,,,,53.6062508,4.5,1151.47498,909.375,12.3625002,1.0,,16.45,0.0,11.74,100.087502,,100.087502,0.0,292.424988,0.0,,
2025-11-06 00:12:03+00:00,2025-11-06 00:12:03,,,,,,,,,,53.6025009,4.5,1151.625,909.450012,12.3625002,1.0,,16.45,0.0,11.74,100.087502,,100.087502,0.0,292.424988,0.0,,
2025-11-06 00:12:04+00:00,2025-11-06 00:12:04,,,,,,,,,,53.6025009,4.5,1151.625,909.450012,12.3625002,1.0,,16.45,0.0,11.74,100.087502,,100.087502,0.0,292.424988,0.0,,
2025-11-06 00:12:05+00:00,2025-11-06 00:12:05,50.0,50.0,50.0,50.0,50.0,13.950919387220464,100.0,BO_ONLY,"BO 모델 결과만 사용 (1단계 롤백, 2~4단계에서 Hz 변화 없음)",53.6137505,4.5687499,1151.77502,909.75,12.3625002,1.0,,16.45,0.0,11.74,100.087502,,100.087502,0.0,292.350006,0.0,,
2025-11-06 00:12:06+00:00,2025-11-06 00:12:06,,,,,,,,,,53.6025009,4.6484375,1152.07495,910.125,12.2749996,1.0,,16.45,0.0,12.46,100.087502,,100.087502,0.0,292.424988,0.0,,
2025-11-06 00:12:07+00:00,2025-11-06 00:12:07,,,,,,,,,,53.6025009,4.6484375,1152.07495,910.125,12.2749996,1.0,,16.45,0.0,12.46,100.087502,,100.087502,0.0,292.424988,0.0,,
2025-11-06 00:12:08+00:00,2025-11-06 00:12:08,,,,,,,,,,51.5550003,4.73906231,1152.375,910.575012,12.2749996,1.0,,16.45,0.0,12.46,100.068748,,100.068748,0.0,290.850006,0.0,,
2025-11-06 00:12:09+00:00,2025-11-06 00:12:09,,,,,,,,,,51.4912491,4.83125019,1152.52502,910.724976,12.2749996,1.0,,16.45,0.0,12.46,100.087502,,100.087502,0.0,290.924988,0.0,,
2025-11-06 00:12:10+00:00,2025-11-06 00:12:10,50.0,50.0,50.0,50.0,50.0,13.91831464519604,100.0,BO_ONLY,"BO 모델 결과만 사용 (1단계 롤백, 2~4단계에서 Hz 변화 없음)",51.4912491,4.83125019,1152.52502,910.724976,12.2749996,1.0,,16.45,0.0,12.46,100.087502,,100.087502,0.0,290.924988,0.0,,
2025-11-06 00:12:11+00:00,2025-11-06 00:12:11,,,,,,,,,,51.4949989,4.91718769,1153.05005,911.099976,12.8625002,1.0,,16.45,0.0,12.46,97.7624969,,97.7624969,0.0,292.424988,0.0,,
2025-11-06 00:12:12+00:00,2025-11-06 00:12:12,,,,,,,,,,51.4949989,4.91718769,1153.05005,911.099976,12.8625002,1.0,,16.45,0.0,12.46,97.7624969,,97.7624969,0.0,292.424988,0.0,,
2025-11-06 00:12:13+00:00,2025-11-06 00:12:13,,,,,,,,,,51.4912491,5.00312519,1153.34998,911.400024,12.8625002,1.0,,16.45,0.0,12.46,96.5250015,,96.5250015,0.0,293.850006,0.0,,
2025-11-06 00:12:14+00:00,2025-11-06 00:12:14,,,,,,,,,,51.4912491,5.0999999,1153.65002,911.549988,12.8625002,1.0,,16.45,0.0,12.46,95.625,,95.625,0.0,293.774994,0.0,,
2025-11-06 00:12:15+00:00,2025-11-06 00:12:15,49.0,49.0,49.0,49.0,49.0,14.307784325044201,100.0,BO_ONLY,"BO 모델 결과만 사용 (1단계 롤백, 2~4단계에서 Hz 변화 없음)",51.4987488,5.0999999,1153.94995,911.775024,12.8625002,1.0,,16.45,0.0,12.46,94.8937531,49.53875405729881,94.8937531,0.0,293.924988,0.0,,
2025-11-06 00:12:16+00:00,2025-11-06 00:12:16,,,,,,,,,,51.4949989,5.1953125,1154.09998,911.924988,13.2875004,1.0,,16.45,0.0,13.0,94.5187531,,94.5187531,0.0,293.850006,0.0,,
2025-11-06 00:12:17+00:00,2025-11-06 00:12:17,,,,,,,,,,51.3525009,5.296875,1154.47498,912.299988,13.2875004,1.0,,16.45,0.0,13.0,94.1624985,,94.1624985,0.0,293.850006,0.0,,
2025-11-06 00:12:18+00:00,2025-11-06 00:12:18,,,,,,,,,,50.5537491,5.3921876,1154.77502,912.525024,13.2875004,1.0,,16.45,0.0,13.0,94.1624985,,94.1624985,0.0,293.850006,0.0,,
2025-11-06 00:12:19+00:00,2025-11-06 00:12:19,,,,,,,,,,50.4262505,5.3921876,1154.77502,912.674988,13.2875004,1.0,,16.45,0.0,13.0,94.1624985,,94.1624985,0.0,293.924988,0.0,,
2025-11-06 00:12:20+00:00,2025-11-06 00:12:20,48.0,48.0,48.0,48.0,48.0,14.924070561240768,100.0,BO_ONLY,"BO 모델 결과만 사용 (1단계 롤백, 2~4단계에서 Hz 변화 없음)",50.4262505,5.3921876,1155.0,912.674988,13.2875004,1.0,,16.45,0.0,13.0,94.1624985,,94.1624985,0.0,293.924988,0.0,,
2025-11-06 00:12:21+00:00,2025-11-06 00:12:21,,,,,,,,,,50.4225006,5.4828124,1155.22498,912.974976,14.125,1.0,,16.45,0.0,13.0,94.0875015,,94.0875015,0.0,293.850006,0.0,,
2025-11-06 00:12:22+00:00,2025-11-06 00:12:22,,,,,,,,,,50.4300003,5.56718731,1155.30005,913.125,14.125,1.0,,16.45,0.0,13.0,92.7750015,,92.7750015,0.0,293.850006,0.0,,
2025-11-06 00:12:23+00:00,2025-11-06 00:12:23,,,,,,,,,,50.4337502,5.56718731,1155.44995,913.349976,14.125,1.0,,16.45,0.0,13.0,92.4187469,,92.4187469,0.0,293.850006,0.0,,
2025-11-06 00:12:24+00:00,2025-11-06 00:12:24,,,,,,,,,,50.4412498,5.64531231,1155.52502,913.5,14.125,1.0,,16.45,0.0,13.0,91.5374985,,91.5374985,0.0,293.924988,0.0,,
2025-11-06 00:12:25+00:00,2025-11-06 00:12:25,48.0,48.0,48.0,48.0,48.0,15.074552844593237,100.0,BO_ONLY,"BO 모델 결과만 사용 (1단계 롤백, 2~4단계에서 Hz 변화 없음)",50.4674988,5.703125,1155.82495,913.875,13.9624996,1.0,,16.45,0.0,13.0,91.125,,91.125,0.0,293.850006,0.0,,
2025-11-06 00:12:26+00:00,2025-11-06 00:12:26,,,,,,,,,,50.4674988,5.703125,1155.82495,913.875,13.9624996,1.0,,16.45,0.0,14.21,91.125,,91.125,0.0,293.850006,0.0,,
2025-11-06 00:12:27+00:00,2025-11-06 00:12:27,,,,,,,,,,50.4300003,5.74687481,1155.90002,914.099976,13.9624996,1.0,,16.45,0.0,14.21,91.1437531,,91.1437531,0.0,293.850006,0.0,,
2025-11-06 00:12:28+00:00,2025-11-06 00:12:28,,,,,,,,,,49.7400017,5.74687481,1155.97498,914.25,13.9624996,1.0,,16.45,0.0,14.21,91.1437531,,91.1437531,0.0,293.850006,0.0,,
2025-11-06 00:12:29+00:00,2025-11-06 00:12:29,,,,,,,,,,49.3537483,5.78125,1156.05005,914.474976,13.9624996,1.0,,16.45,0.0,14.21,91.125,,91.125,0.0,293.850006,0.0,,
2025-11-06 00:12:30+00:00,2025-11-06 00:12:30,48.0,48.0,48.0,48.0,48.0,15.043197764101889,100.0,BO_ONLY,"BO 모델 결과만 사용 (1단계 롤백, 2~4단계에서 Hz 변화 없음)",49.3424988,5.81562519,1156.125,914.849976,14.4875002,1.0,,16.45,0.0,14.21,89.90625,50.06705384729882,89.90625,0.0,293.924988,0.0,,
2025-11-06 00:12:31+00:00,2025-11-06 00:12:31,,,,,,,,,,49.3424988,5.81562519,1156.125,914.849976,14.4875002,1.0,,16.45,0.0,14.21,89.90625,,89.90625,0.0,293.924988,0.0,,
2025-11-06 00:12:32+00:00,2025-11-06 00:12:32,,,,,,,,,,49.3462486,5.85624981,1156.19995,915.150024,14.4875002,1.0,,16.45,0.0,14.21,88.4625015,,88.4625015,0.0,296.625,0.0,,
2025-11-06 00:12:33+00:00,2025-11-06 00:12:33,,,,,,,,,,49.3462486,5.85624981,1156.19995,915.150024,14.4875002,1.0,,16.45,0.0,14.21,88.4625015,,88.4625015,0.0,296.625,0.0,,
2025-11-06 00:12:34+00:00,2025-11-06 00:12:34,,,,,,,,,,49.3312492,5.90156269,1156.19995,915.375,14.4875002,1.0,,16.45,0.0,14.21,88.1062469,,88.1062469,0.0,296.774994,0.0,,
2025-11-06 00:12:35+00:00,2025-11-06 00:12:35,48.0,48.0,48.0,48.0,48.0,16.191415796335853,100.0,BO_ONLY,"BO 모델 결과만 사용 (1단계 롤백, 2~4단계에서 Hz 변화 없음)",49.3349991,5.9468751,1156.19995,915.599976,14.4875002,1.0,,16.45,0.0,14.21,88.0875015,,88.0875015,0.0,298.575012,0.0,,
2025-11-06 00:12:36+00:00,2025-11-06 00:12:36,,,,,,,,,,49.3087502,5.9468751,1156.19995,915.75,15.1499996,1.0,,16.45,0.0,14.63,87.75,,87.75,0.0,298.575012,0.0,,
2025-11-06 00:12:37+00:00,2025-11-06 00:12:37,,,,,,,,,,49.3050003,5.9906249,1156.05005,916.125,15.1499996,1.0,,16.45,0.0,14.63,87.3937531,,87.3937531,0.0,298.5,0.0,,
2025-11-06 00:12:38+00:00,2025-11-06 00:12:38,,,,,,,,,,49.3050003,5.9906249,1156.05005,916.125,15.1499996,1.0,,16.45,0.0,14.63,87.3937531,,87.3937531,0.0,298.5,0.0,,
2025-11-06 00:12:39+00:00,2025-11-06 00:12:39,,,,,,,,,,49.3424988,6.0406251,1155.97498,916.275024,15.1499996,1.0,,16.45,0.0,14.63,87.4124985,,87.4124985,0.0,298.575012,0.0,,
2025-11-06 00:12:40+00:00,2025-11-06 00:12:40,48.0,48.0,48.0,48.0,48.0,15.653229549133647,100.0,BO_ONLY,"BO 모델 결과만 사용 (1단계 롤백, 2~4단계에서 Hz 변화 없음)",49.3312492,6.1109376,1155.90002,916.424988,15.1499996,1.0,,16.45,0.0,14.63,87.3937531,,87.3937531,0.0,298.575012,0.0,,
2025-11-06 00:12:41+00:00,2025-11-06 00:12:41,,,,,,,,,,49.3162498,6.1875,1155.59998,916.724976,16.25,1.0,,16.45,0.0,14.63,87.3937531,,87.3937531,0.0,300.075012,0.0,,
2025-11-06 00:12:42+00:00,2025-11-06 00:12:42,,,,,,,,,,49.3387489,6.2515626,1155.375,916.950012,16.2374992,1.0,,16.45,0.0,14.63,87.3937531,,87.3937531,0.0,298.575012,0.0,,
2025-11-06 00:12:43+00:00,2025-11-06 00:12:43,,,,,,,,,,49.3387489,6.2515626,1155.375,916.950012,16.2374992,1.0,,16.45,0.0,14.63,87.3937531,,87.3937531,0.0,298.575012,0.0,,
2025-11-06 00:12:44+00:00,2025-11-06 00:12:44,,,,,,,,,,49.3087502,6.2515626,1155.15002,917.099976,16.2374992,1.0,,16.45,0.0,14.63,87.3937531,,87.3937531,0.0,298.575012,0.0,,
2025-11-06 00:12:45+00:00,2025-11-06 00:12:45,47.0,47.0,47.0,47.0,47.0,19.567077763806136,100.0,BO_ONLY,"BO 모델 결과만 사용 (1단계 롤백, 2~4단계에서 Hz 변화 없음)",49.3387489,6.3062501,1154.92505,917.25,16.25,1.0,,16.45,0.0,14.63,87.3937531,48.183128607298805,87.3937531,0.0,296.850006,0.0,,
2025-11-06 00:12:46+00:00,2025-11-06 00:12:46,,,,,,,,,,49.3274994,6.36250019,1154.77502,917.400024,17.0874996,1.0,,16.45,0.0,16.35,87.0187531,,87.0187531,0.0,296.850006,0.0,,
2025-11-06 00:12:47+00:00,2025-11-06 00:12:47,,,,,,,,,,49.3387489,6.36250019,1154.55005,917.549988,17.0874996,1.0,,16.45,0.0,16.35,87.0187531,,87.0187531,0.0,295.725006,0.0,,
2025-11-06 00:12:48+00:00,2025-11-06 00:12:48,,,,,,,,,,48.6862488,6.42656231,1154.32495,917.700012,17.0874996,1.0,,16.45,0.0,16.35,87.0187531,,87.0187531,0.0,295.350006,0.0,,
2025-11-06 00:12:49+00:00,2025-11-06 00:12:49,,,,,,,,,,48.2999992,6.42656231,1154.02502,917.849976,17.0874996,1.0,,16.45,0.0,16.35,87.0187531,,87.0187531,0.0,295.350006,0.0,,
2025-11-06 00:12:50+00:00,2025-11-06 00:12:50,47.0,47.0,47.0,47.0,47.0,20.93753566725232,100.0,BO_ONLY,"BO 모델 결과만 사용 (1단계 롤백, 2~4단계에서 Hz 변화 없음)",48.2849998,6.5,1153.80005,918.0,17.0874996,1.0,,16.45,0.0,16.35,86.6812515,,86.6812515,0.0,295.350006,0.0,,
2025-11-06 00:12:51+00:00,2025-11-06 00:12:51,,,,,,,,,,48.2849998,6.5718751,1153.5,918.224976,18.4249992,1.0,,16.45,0.0,16.35,86.6437531,,86.6437531,0.0,295.350006,0.0,,
2025-11-06 00:12:52+00:00,2025-11-06 00:12:52,,,,,,,,,,48.2924995,6.5718751,1153.19995,918.375,18.4375,1.0,,16.45,0.0,16.35,85.6500015,,85.6500015,0.0,296.25,0.0,,
2025-11-06 00:12:53+00:00,2025-11-06 00:12:53,,,,,,,,,,48.2849998,6.63593769,1152.90002,918.525024,18.4249992,1.0,,16.45,0.0,16.35,85.1999969,,85.1999969,0.0,296.850006,0.0,,
2025-11-06 00:12:54+00:00,2025-11-06 00:12:54,,,,,,,,,,48.2887497,6.6937499,1152.67505,918.599976,18.4249992,1.0,,16.45,0.0,16.35,84.4312515,,84.4312515,0.0,297.149994,0.0,,
2025-11-06 00:12:55+00:00,2025-11-06 00:12:55,46.0,46.0,46.0,46.0,46.0,24.648489813599717,100.0,BO_ONLY,"BO 모델 결과만 사용 (1단계 롤백, 2~4단계에서 Hz 변화 없음)",48.2775002,6.6937499,1152.22498,918.825012,18.4249992,1.0,,16.45,0.0,16.35,84.09375,,84.09375,0.0,298.575012,0.0,,
2025-11-06 00:12:56+00:00,2025-11-06 00:12:56,,,,,,,,,,48.2700005,6.7515626,1151.84998,918.974976,18.1000004,1.0,,16.45,0.0,18.54,84.0374985,,84.0374985,0.0,298.575012,0.0,,
2025-11-06 00:12:57+00:00,2025-11-06 00:12:57,,,,,,,,,,48.2775002,6.7515626,1151.47498,919.049988,18.0874996,1.0,,16.45,0.0,18.54,84.0,,84.0,0.0,299.924988,0.0,,
2025-11-06 00:12:58+00:00,2025-11-06 00:12:58,,,,,,,,,,48.2924995,6.8109374,1151.32495,919.200012,18.0874996,1.0,,16.45,0.0,18.54,83.625,,83.625,0.0,300.075012,0.0,,
2025-11-06 00:12:59+00:00,2025-11-06 00:12:59,,,,,,,,,,48.2775002,6.87031269,1150.875,919.349976,18.0874996,1.0,,16.45,0.0,18.54,83.6437531,,83.6437531,0.0,300.075012,0.0,,
2025-11-06 00:13:00+00:00,2025-11-06 00:13:00,46.0,46.0,46.0,46.0,46.0,23.710436734624945,100.0,BO_ONLY,"BO 모델 결과만 사용 (1단계 롤백, 2~4단계에서 Hz 변화 없음)",48.2849998,6.87031269,1150.72498,919.5,18.0874996,1.0,,16.45,0.0,18.54,83.6437531,47.1031281392988,83.6437531,0.0,300.149994,0.0,,
2025-11-06 00:13:01+00:00,2025-11-06 00:13:01,,,,,,,,,,48.2775002,6.92500019,1150.42505,919.650024,18.2625008,1.0,,16.45,0.0,18.54,83.6437531,,83.6437531,0.0,300.075012,0.0,,
2025-11-06 00:13:02+00:00,2025-11-06 00:13:02,,,,,,,,,,48.28125,6.9765625,1150.27502,919.724976,18.2625008,1.0,,16.45,0.0,18.54,83.90625,,83.90625,0.0,300.075012,0.0,,
2025-11-06 00:13:03+00:00,2025-11-06 00:13:03,,,,,,,,,,48.2962494,6.9765625,1149.97498,919.950012,18.2625008,1.0,,16.45,0.0,18.54,84.0187531,,84.0187531,0.0,300.0,0.0,,
2025-11-06 00:13:04+00:00,2025-11-06 00:13:04,,,,,,,,,,47.3287506,7.0234375,1149.67505,920.099976,18.2625008,1.0,,16.45,0.0,18.54,84.0187531,,84.0187531,0.0,300.075012,0.0,,
2025-11-06 00:13:05+00:00,2025-11-06 00:13:05,45.0,45.0,45.0,45.0,45.0,23.456862872943013,100.0,BO_ONLY,"BO 모델 결과만 사용 (1단계 롤백, 2~4단계에서 Hz 변화 없음)",47.2462502,7.0234375,1149.52502,920.174988,18.2625008,1.0,,16.45,0.0,18.54,83.6437531,,83.6437531,0.0,300.075012,0.0,,
2025-11-06 00:13:06+00:00,2025-11-06 00:13:06,,,,,,,,,,47.2387505,7.0796876,1149.30005,920.325012,19.2749996,1.0,,16.45,0.0,18.36,83.6437531,,83.6437531,0.0,300.075012,0.0,,
2025-11-06 00:13:07+00:00,2025-11-06 00:13:07,,,,,,,,,,47.2350006,7.1343751,1149.22498,920.549988,19.2749996,1.0,,16.45,0.0,18.36,83.0812531,,83.0812531,0.0,300.149994,0.0,,
2025-11-06 00:13:08+00:00,2025-11-06 00:13:08,,,,,,,,,,46.3537483,7.1343751,1149.15002,920.625,19.2749996,1.0,,16.45,0.0,18.36,82.21875,,82.21875,0.0,300.075012,0.0,,
2025-11-06 00:13:09+00:00,2025-11-06 00:13:09,,,,,,,,,,46.2675018,7.1781249,1149.07495,920.775024,19.2749996,1.0,,16.45,0.0,18.36,81.9000015,,81.9000015,0.0,300.075012,0.0,,
2025-11-06 00:13:10+00:00,2025-11-06 00:13:10,43.0,43.0,43.0,43.0,43.0,23.19571111753249,100.0,BO_ONLY,"BO 모델 결과만 사용 (1단계 롤백, 2~4단계에서 Hz 변화 없음)",46.2112503,7.203125,1149.0,920.849976,19.2625008,1.0,,16.45,0.0,18.36,81.1875,,81.1875,0.0,300.075012,0.0,,
2025-11-06 00:13:11+00:00,2025-11-06 00:13:11,,,,,,,,,,46.2675018,7.203125,1149.0,921.0,20.0249996,1.0,,16.45,0.0,18.36,80.6437531,,80.6437531,0.0,300.0,0.0,,
2025-11-06 00:13:12+00:00,2025-11-06 00:13:12,,,,,,,,,,46.2449989,7.2171874,1148.92505,921.075012,20.0375004,1.0,,16.45,0.0,18.36,79.1999969,,79.1999969,0.0,300.075012,0.0,,
2025-11-06 00:13:13+00:00,2025-11-06 00:13:13,,,,,,,,,,45.7237511,7.2171874,1148.92505,921.299988,20.0249996,1.0,,16.45,0.0,18.36,78.5437469,,78.5437469,0.0,300.149994,0.0,,
2025-11-06 00:13:14+00:00,2025-11-06 00:13:14,,,,,,,,,,45.1537514,7.2249999,1148.84998,921.375,20.0249996,1.0,,16.45,0.0,18.36,77.7562485,,77.7562485,0.0,300.075012,0.0,,
2025-11-06 00:13:15+00:00,2025-11-06 00:13:15,43.0,43.0,43.0,43.0,43.0,24.606047929340747,100.0,BO_ONLY,"BO 모델 결과만 사용 (1단계 롤백, 2~4단계에서 Hz 변화 없음)",45.1612511,7.22968769,1148.77502,921.450012,20.0375004,1.0,,16.45,0.0,18.36,77.71875,46.37615342129881,77.71875,0.0,300.075012,0.0,,
2025-11-06 00:13:16+00:00,2025-11-06 00:13:16,,,,,,,,,,45.1650009,7.22968769,1148.77502,921.599976,20.7875004,1.0,,16.45,0.0,20.15,77.0062485,,77.0062485,0.0,300.075012,0.0,,
2025-11-06 00:13:17+00:00,2025-11-06 00:13:17,,,,,,,,,,45.1575012,7.234375,1148.55005,921.75,20.7875004,1.0,,16.45,0.0,20.15,76.03125,,76.03125,0.0,300.075012,0.0,,
2025-11-06 00:13:18+00:00,2025-11-06 00:13:18,,,,,,,,,,44.3175011,7.2484374,1148.47498,921.825012,20.7875004,1.0,,16.45,0.0,20.15,74.6999969,,74.6999969,0.0,300.075012,0.0,,
2025-11-06 00:13:19+00:00,2025-11-06 00:13:19,,,,,,,,,,44.1187515,7.2484374,1148.25,921.974976,20.7875004,1.0,,16.45,0.0,20.15,74.3625031,,74.3625031,0.0,298.799988,0.0,,
2025-11-06 00:13:20+00:00,2025-11-06 00:13:20,43.0,43.0,43.0,43.0,43.0,24.680002585621875,100.0,BO_ONLY,"BO 모델 결과만 사용 (1단계 롤백, 2~4단계에서 Hz 변화 없음)",44.1300011,7.26875019,1148.09998,922.049988,20.7875004,1.0,,16.45,0.0,20.15,73.59375,,73.59375,0.0,298.575012,0.0,,
2025-11-06 00:13:21+00:00,2025-11-06 00:13:21,,,,,,,,,,44.1225014,7.26875019,1147.875,922.200012,21.2999992,1.0,,16.45,0.0,20.15,73.21875,,73.21875,0.0,300.075012,0.0,,
2025-11-06 00:13:22+00:00,2025-11-06 00:13:22,,,,,,,,,,44.1150017,7.30156231,1147.65002,922.275024,21.2999992,1.0,,16.45,0.0,20.15,72.09375,,72.09375,0.0,300.075012,0.0,,
2025-11-06 00:13:23+00:00,2025-11-06 00:13:23,,,,,,,,,,44.1262512,7.34687519,1147.27502,922.349976,21.2875004,1.0,,16.45,0.0,20.15,71.6812515,,71.6812515,0.0,300.075012,0.0,,
2025-11-06 00:13:24+00:00,2025-11-06 00:13:24,,,,,,,,,,44.1037483,7.34687519,1147.125,922.5,21.2875004,1.0,,16.45,0.0,20.15,70.6125031,,70.6125031,0.0,300.075012,0.0,,
2025-11-06 00:13:25+00:00,2025-11-06 00:13:25,43.0,43.0,43.0,43.0,43.0,23.03755699291649,100.0,BO_ONLY,"BO 모델 결과만 사용 (1단계 롤백, 2~4단계에서 Hz 변화 없음)",44.1112518,7.4000001,1146.67505,922.650024,21.2999992,1.0,,16.45,0.0,20.15,70.1999969,,70.1999969,0.0,300.075012,0.0,,
2025-11-06 00:13:26+00:00,2025-11-06 00:13:26,,,,,,,,,,44.1112518,7.45781231,1146.375,922.650024,21.9750004,1.0,,16.45,0.0,20.15,70.1999969,,70.1999969,0.0,300.075012,0.0,,
2025-11-06 00:13:27+00:00,2025-11-06 00:13:27,,,,,,,,,,44.1637497,7.45781231,1145.92505,922.799988,21.9624996,1.0,,16.45,0.0,21.41,70.1999969,,70.1999969,0.0,300.0,0.0,,
2025-11-06 00:13:28+00:00,2025-11-06 00:13:28,,,,,,,,,,44.1074982,7.51875019,1145.625,922.875,21.9750004,1.0,,16.45,0.0,21.41,70.1999969,,70.1999969,0.0,300.075012,0.0,,
2025-11-06 00:13:29+00:00,2025-11-06 00:13:29,,,,,,,,,,44.1450005,7.51875019,1145.02502,923.025024,21.9750004,1.0,,16.45,0.0,21.41,70.1999969,,70.1999969,0.0,300.075012,0.0,,
2025-11-06 00:13:30+00:00,2025-11-06 00:13:30,43.0,43.0,43.0,43.0,43.0,23.38237908597818,100.0,BO_ONLY,"BO 모델 결과만 사용 (1단계 롤백, 2~4단계에서 Hz 변화 없음)",44.1037483,7.5875001,1144.72498,923.025024,21.9624996,1.0,,16.45,0.0,21.41,70.1999969,44.97147905129881,70.1999969,0.0,300.075012,0.0,,
2025-11-06 00:13:31+00:00,2025-11-06 00:13:31,,,,,,,,,,44.1112518,7.6703124,1144.05005,923.174988,21.6375008,1.0,,16.45,0.0,21.41,70.03125,,70.03125,0.0,300.075012,0.0,,
2025-11-06 00:13:32+00:00,2025-11-06 00:13:32,,,,,,,,,,44.1337509,7.6703124,1143.67505,923.25,21.6375008,1.0,,16.45,0.0,21.41,69.84375,,69.84375,0.0,300.075012,0.0,,
2025-11-06 00:13:33+00:00,2025-11-06 00:13:33,,,,,,,,,,44.0999985,7.76093769,1143.0,923.325012,21.6375008,1.0,,16.45,0.0,21.41,69.84375,,69.84375,0.0,300.075012,0.0,,
2025-11-06 00:13:34+00:00,2025-11-06 00:13:34,,,,,,,,,,44.1262512,7.8499999,1142.625,923.400024,21.625,1.0,,16.45,0.0,21.41,69.84375,,69.84375,0.0,300.075012,0.0,,
2025-11-06 00:13:35+00:00,2025-11-06 00:13:35,43.0,43.0,43.0,43.0,43.0,21.768862356955847,100.0,BO_ONLY,"BO 모델 결과만 사용 (1단계 롤백, 2~4단계에서 Hz 변화 없음)",44.1074982,7.8499999,1141.875,923.400024,21.625,1.0,,16.45,0.0,21.41,69.9000015,,69.9000015,0.0,300.0,0.0,,
2025-11-06 00:13:36+00:00,2025-11-06 00:13:36,,,,,,,,,,44.0962486,7.9453125,1141.42505,923.549988,21.7999992,1.0,,16.45,0.0,21.41,69.84375,,69.84375,0.0,300.075012,0.0,,
2025-11-06 00:13:37+00:00,2025-11-06 00:13:37,,,,,,,,,,44.1525002,7.9453125,1140.67505,923.625,21.7999992,1.0,,16.45,0.0,21.72,69.84375,,69.84375,0.0,300.075012,0.0,,
2025-11-06 00:13:38+00:00,2025-11-06 00:13:38,,,,,,,,,,44.15625,8.03750038,1140.0,923.700012,21.7999992,1.0,,16.45,0.0,21.72,69.84375,,69.84375,0.0,300.075012,0.0,,
2025-11-06 00:13:39+00:00,2025-11-06 00:13:39,,,,,,,,,,44.1150017,8.13593769,1139.47498,923.700012,21.7999992,1.0,,16.45,0.0,21.72,69.8249969,,69.8249969,0.0,300.0,0.0,,
2025-11-06 00:13:40+00:00,2025-11-06 00:13:40,43.0,43.0,43.0,43.0,43.0,21.346814920753925,100.0,BO_ONLY,"BO 모델 결과만 사용 (1단계 롤백, 2~4단계에서 Hz 변화 없음)",44.1112518,8.13593769,1139.02502,923.849976,21.7999992,1.0,,16.45,0.0,21.72,69.84375,,69.84375,0.0,300.0,0.0,,
2025-11-06 00:13:41+00:00,2025-11-06 00:13:41,,,,,,,,,,44.1112518,8.23281288,1138.27502,923.924988,22.4750004,1.0,,16.45,0.0,21.72,69.84375,,69.84375,0.0,300.149994,0.0,,
2025-11-06 00:13:42+00:00,2025-11-06 00:13:42,,,,,,,,,,44.1150017,8.32656288,1137.75,923.924988,22.4874992,1.0,,16.45,0.0,21.72,69.46875,,69.46875,0.0,300.075012,0.0,,
2025-11-06 00:13:43+00:00,2025-11-06 00:13:43,,,,,,,,,,44.1037483,8.32656288,1136.92505,924.0,22.4750004,1.0,,16.45,0.0,21.72,69.4499969,,69.4499969,0.0,300.075012,0.0,,
2025-11-06 00:13:44+00:00,2025-11-06 00:13:44,,,,,,,,,,44.1225014,8.4140625,1136.40002,924.075012,22.4750004,1.0,,16.45,0.0,21.72,69.46875,,69.46875,0.0,300.075012,0.0,,
2025-11-06 00:13:45+00:00,2025-11-06 00:13:45,43.0,43.0,43.0,43.0,43.0,21.477167809152352,100.0,BO_ONLY,"BO 모델 결과만 사용 (1단계 롤백, 2~4단계에서 Hz 변화 없음)",44.1262512,8.4140625,1135.57495,924.150024,22.4750004,1.0,,16.45,0.0,21.72,69.8062515,38.0,69.8062515,0.0,300.075012,0.0,,
2025-11-06 00:13:46+00:00,2025-11-06 00:13:46,,,,,,,,,,44.1112518,8.5,1134.97498,924.150024,22.9750004,1.0,,16.45,0.0,21.72,69.84375,,69.84375,0.0,300.075012,0.0,,
2025-11-06 00:13:47+00:00,2025-11-06 00:13:47,,,,,,,,,,44.0962486,8.58125019,1134.15002,924.224976,22.9750004,1.0,,16.45,0.0,22.58,69.8249969,,69.8249969,0.0,300.075012,0.0,,
2025-11-06 00:13:48+00:00,2025-11-06 00:13:48,,,,,,,,,,44.1037483,8.58125019,1133.55005,924.224976,22.9874992,1.0,,16.45,0.0,22.58,69.84375,,69.84375,0.0,300.075012,0.0,,
2025-11-06 00:13:49+00:00,2025-11-06 00:13:49,,,,,,,,,,44.1450005,8.66562462,1132.72498,924.299988,22.9750004,1.0,,16.45,0.0,22.58,69.84375,,69.84375,0.0,300.075012,0.0,,
2025-11-06 00:13:50+00:00,2025-11-06 00:13:50,42.0,42.0,42.0,42.0,42.0,21.546534417990937,100.0,BO_ONLY,"BO 모델 결과만 사용 (1단계 롤백, 2~4단계에서 Hz 변화 없음)",44.1037483,8.75,1131.90002,924.299988,22.9874992,1.0,,16.45,0.0,22.58,69.84375,,69.84375,0.0,300.075012,0.0,,
2025-11-06 00:13:51+00:00,2025-11-06 00:13:51,,,,,,,,,,44.1112518,8.75,1131.30005,924.375,23.5750008,1.0,,16.45,0.0,22.58,69.8249969,,69.8249969,0.0,300.075012,0.0,,
2025-11-06 00:13:52+00:00,2025-11-06 00:13:52,,,,,,,,,,44.1337509,8.82968712,1130.47498,924.450012,23.5625,1.0,,16.45,0.0,22.58,69.84375,,69.84375,0.0,300.075012,0.0,,
2025-11-06 00:13:53+00:00,2025-11-06 00:13:53,,,,,,,,,,44.1074982,8.82968712,1129.80005,924.450012,23.5625,1.0,,16.45,0.0,22.58,69.84375,,69.84375,0.0,300.075012,0.0,,
2025-11-06 00:13:54+00:00,2025-11-06 00:13:54,,,,,,,,,,44.0999985,8.90156269,1128.90002,924.525024,23.5750008,1.0,,16.45,0.0,22.58,69.8249969,,69.8249969,0.0,300.075012,0.0,,
2025-11-06 00:13:55+00:00,2025-11-06 00:13:55,42.0,42.0,42.0,42.0,42.0,22.05525991522246,100.0,BO_ONLY,"BO 모델 결과만 사용 (1단계 롤백, 2~4단계에서 Hz 변화 없음)",44.1112518,8.97343731,1128.30005,924.525024,23.5750008,1.0,,16.45,0.0,22.58,69.84375,,69.84375,0.0,300.0,0.0,,
2025-11-06 00:13:56+00:00,2025-11-06 00:13:56,,,,,,,,,,44.1037483,8.97343731,1127.40002,924.599976,23.8250008,1.0,,16.45,0.0,22.58,69.84375,,69.84375,0.0,300.075012,0.0,,
2025-11-06 00:13:57+00:00,2025-11-06 00:13:57,,,,,,,,,,44.1112518,9.05000019,1126.80005,924.599976,23.8250008,1.0,,16.45,0.0,23.65,69.84375,,69.84375,0.0,300.075012,0.0,,
2025-11-06 00:13:58+00:00,2025-11-06 00:13:58,,,,,,,,,,44.1262512,9.12968731,1125.90002,924.674988,23.8250008,1.0,,16.45,0.0,23.65,69.8249969,,69.8249969,0.0,300.075012,0.0,,
2025-11-06 00:13:59+00:00,2025-11-06 00:13:59,,,,,,,,,,43.3875008,9.12968731,1125.22498,924.674988,23.8250008,1.0,,16.45,0.0,23.65,69.8249969,,69.8249969,0.0,300.075012,0.0,,
2025-11-06 00:14:00+00:00,2025-11-06 00:14:00,42.0,42.0,42.0,42.0,42.0,21.994990209141363,100.0,BO_ONLY,"BO 모델 결과만 사용 (1단계 롤백, 2~4단계에서 Hz 변화 없음)",43.1025009,9.20781231,1124.32495,924.75,23.8250008,1.0,,16.45,0.0,23.65,69.84375,44.10680375729881,69.84375,0.0,300.075012,0.0,,
2025-11-06 00:14:01+00:00,2025-11-06 00:14:01,,,,,,,,,,43.0987511,9.20781231,1123.80005,924.75,23.7374992,1.0,,16.45,0.0,23.65,69.4875031,,69.4875031,0.0,300.075012,0.0,,
2025-11-06 00:14:02+00:00,2025-11-06 00:14:02,,,,,,,,,,43.0950012,9.27499962,1122.82495,924.75,23.7374992,1.0,,16.45,0.0,23.65,68.7937469,,68.7937469,0.0,300.075012,0.0,,
2025-11-06 00:14:03+00:00,2025-11-06 00:14:03,,,,,,,,,,43.0349998,9.34375,1122.22498,924.75,23.7374992,1.0,,16.45,0.0,23.65,68.4562531,,68.4562531,0.0,300.075012,0.0,,
2025-11-06 00:14:04+00:00,2025-11-06 00:14:04,,,,,,,,,,41.0437508,9.34375,1121.25,924.825012,23.7374992,1.0,,16.45,0.0,23.65,67.4250031,,67.4250031,0.0,300.0,0.0,,
2025-11-06 00:14:05+00:00,2025-11-06 00:14:05,42.0,42.0,42.0,42.0,42.0,21.79839087246149,100.0,BO_ONLY,"BO 모델 결과만 사용 (1단계 롤백, 2~4단계에서 Hz 변화 없음)",41.0287514,9.41250038,1120.34998,924.825012,23.7374992,1.0,,16.45,0.0,23.65,67.0875015,,67.0875015,0.0,300.075012,0.0,,
2025-11-06 00:14:06+00:00,2025-11-06 00:14:06,,,,,,,,,,41.0062485,9.47968769,1119.67505,924.825012,24.1625004,1.0,,16.45,0.0,23.65,65.7375031,,65.7375031,0.0,300.075012,0.0,,
2025-11-06 00:14:07+00:00,2025-11-06 00:14:07,,,,,,,,,,40.9874992,9.47968769,1118.77502,924.825012,24.1625004,1.0,,16.45,0.0,23.88,64.2937469,,64.2937469,0.0,300.0,0.0,,
2025-11-06 00:14:08+00:00,2025-11-06 00:14:08,,,,,,,,,,41.0287514,9.53281212,1118.17505,924.825012,24.1625004,1.0,,16.45,0.0,23.88,62.9625015,,62.9625015,0.0,300.075012,0.0,,
2025-11-06 00:14:09+00:00,2025-11-06 00:14:09,,,,,,,,,,41.0250015,9.578125,1117.27502,924.900024,24.1625004,1.0,,16.45,0.0,23.88,61.5187492,,61.5187492,0.0,301.575012,0.0,,
2025-11-06 00:14:10+00:00,2025-11-06 00:14:10,42.0,42.0,42.0,42.0,42.0,20.637419814638264,100.0,BO_ONLY,"BO 모델 결과만 사용 (1단계 롤백, 2~4단계에서 Hz 변화 없음)",41.0175018,9.578125,1116.59998,924.900024,24.2749996,1.0,,16.45,0.0,23.88,60.6749992,,60.6749992,0.0,302.774994,0.0,,
2025-11-06 00:14:11+00:00,2025-11-06 00:14:11,,,,,,,,,,40.9650002,9.62031269,1115.69995,924.900024,24.4125004,1.0,,16.45,0.0,23.88,59.7937508,,59.7937508,0.0,302.924988,0.0,,
2025-11-06 00:14:12+00:00,2025-11-06 00:14:12,,,,,,,,,,40.96875,9.62031269,1115.02502,924.974976,24.4125004,1.0,,16.45,0.0,24.5,59.7562485,,59.7562485,0.0,304.274994,0.0,,
2025-11-06 00:14:13+00:00,2025-11-06 00:14:13,,,,,,,,,,41.0062485,9.67343712,1114.125,924.900024,24.4125004,1.0,,16.45,0.0,24.5,59.7562485,,59.7562485,0.0,304.424988,0.0,,
2025-11-06 00:14:14+00:00,2025-11-06 00:14:14,,,,,,,,,,41.0099983,9.72812462,1113.52502,924.900024,24.4125004,1.0,,16.45,0.0,24.5,59.7562485,,59.7562485,0.0,304.424988,0.0,,
2025-11-06 00:14:15+00:00,2025-11-06 00:14:15,39.0,38.0,39.0,39.0,39.0,22.22558435798946,207.0,BO_O2,"O2 규칙 적용: 9.7% (9.0% < O2 ≤ 10.0%) (2단계 롤백, 3~4단계에서 Hz 변화 없음)",41.0099983,9.72812462,1112.55005,924.900024,24.4125004,1.0,,16.45,0.0,24.5,59.7562485,44.10680375729881,59.7562485,0.0,302.924988,0.0,,
2025-11-06 00:14:16+00:00,2025-11-06 00:14:16,,,,,,,,,,40.9837494,9.79062462,1111.94995,924.900024,24.25,1.0,,16.45,0.0,24.5,59.4187508,,59.4187508,0.0,303.0,0.0,,
2025-11-06 00:14:17+00:00,2025-11-06 00:14:17,,,,,,,,,,40.9949989,9.84531212,1111.05005,924.900024,24.25,1.0,,16.45,0.0,24.5,59.4000015,,59.4000015,0.0,303.0,0.0,,
2025-11-06 00:14:18+00:00,2025-11-06 00:14:18,,,,,,,,,,40.8487511,9.84531212,1110.44995,924.900024,24.25,1.0,,16.45,0.0,24.5,59.1187515,,59.1187515,0.0,301.5,0.0,,
2025-11-06 00:14:19+00:00,2025-11-06 00:14:19,,,,,,,,,,39.9375,9.89999962,1109.625,924.900024,24.25,1.0,,16.45,0.0,24.5,59.0250015,,59.0250015,0.0,301.5,0.0,,
2025-11-06 00:14:20+00:00,2025-11-06 00:14:20,39.0,38.0,39.0,39.0,39.0,22.43583284945499,207.0,BO_O2,"O2 규칙 적용: 9.8% (9.0% < O2 ≤ 10.0%) (2단계 롤백, 3~4단계에서 Hz 변화 없음)",39.9300003,9.89999962,1108.94995,924.900024,24.1749992,1.0,,16.45,0.0,24.5,58.9500008,,58.9500008,0.0,301.5,0.0,,
2025-11-06 00:14:21+00:00,2025-11-06 00:14:21,,,,,,,,,,39.9262505,9.96406269,1108.125,924.825012,24.0874996,1.0,,16.45,0.0,24.5,58.6687508,,58.6687508,0.0,301.5,0.0,,
2025-11-06 00:14:22+00:00,2025-11-06 00:14:22,,,,,,,,,,39.9262505,10.03125,1107.52502,924.825012,24.0750008,1.0,,16.45,0.0,24.5,58.2937508,,58.2937508,0.0,301.575012,0.0,,
2025-11-06 00:14:23+00:00,2025-11-06 00:14:23,,,,,,,,,,39.9225006,10.03125,1106.69995,924.825012,24.0750008,1.0,,16.45,0.0,24.5,57.4312515,,57.4312515,0.0,301.424988,0.0,,
2025-11-06 00:14:24+00:00,2025-11-06 00:14:24,,,,,,,,,,39.9300003,10.0968752,1106.09998,924.825012,24.0750008,1.0,,16.45,0.0,24.5,56.7562485,,56.7562485,0.0,301.5,0.0,,
2025-11-06 00:14:25+00:00,2025-11-06 00:14:25,38.0,38.0,38.0,38.0,38.0,20.255787446623334,100.0,BO_ONLY,"BO 모델 결과만 사용 (1단계 롤백, 2~4단계에서 Hz 변화 없음)",39.9225006,10.1515627,1105.19995,924.825012,24.0750008,1.0,,16.45,0.0,24.5,56.0812492,,56.0812492,0.0,301.5,0.0,,
2025-11-06 00:14:26+00:00,2025-11-06 00:14:26,,,,,,,,,,39.9375,10.1515627,1104.59998,924.825012,23.7374992,1.0,,16.45,0.0,24.5,55.6687508,,55.6687508,0.0,301.5,0.0,,
2025-11-06 00:14:27+00:00,2025-11-06 00:14:27,,,,,,,,,,39.9225006,10.2015629,1103.625,924.75,23.7374992,1.0,,16.45,0.0,24.16,55.2750015,,55.2750015,0.0,301.5,0.0,,
2025-11-06 00:14:28+00:00,2025-11-06 00:14:28,,,,,,,,,,39.0974998,10.2015629,1103.09998,924.75,23.7374992,1.0,,16.45,0.0,24.16,55.2750015,,55.2750015,0.0,301.5,0.0,,
2025-11-06 00:14:29+00:00,2025-11-06 00:14:29,,,,,,,,,,38.8012505,10.2546873,1102.19995,924.75,23.7374992,1.0,,16.45,0.0,24.16,55.2750015,,55.2750015,0.0,301.575012,0.0,,
2025-11-06 00:14:30+00:00,2025-11-06 00:14:30,38.0,38.0,38.0,38.0,38.0,18.74704587010892,100.0,BO_ONLY,"BO 모델 결과만 사용 (1단계 롤백, 2~4단계에서 Hz 변화 없음)",38.8087502,10.3078127,1101.59998,924.75,23.7374992,1.0,,16.45,0.0,24.16,55.2750015,45.006803757298805,55.2750015,0.0,301.5,0.0,,
2025-11-06 00:14:31+00:00,2025-11-06 00:14:31,,,,,,,,,,38.8012505,10.3078127,1100.69995,924.674988,23.7374992,1.0,,16.45,0.0,24.16,54.8812485,,54.8812485,0.0,301.5,0.0,,
2025-11-06 00:14:32+00:00,2025-11-06 00:14:32,,,,,,,,,,38.8050003,10.3625002,1100.02502,924.599976,23.7374992,1.0,,16.45,0.0,24.16,54.2249985,,54.2249985,0.0,301.424988,0.0,,
2025-11-06 00:14:33+00:00,2025-11-06 00:14:33,,,,,,,,,,38.8087502,10.4187498,1099.125,924.599976,23.7374992,1.0,,16.45,0.0,24.16,53.7937508,,53.7937508,0.0,301.5,0.0,,
2025-11-06 00:14:34+00:00,2025-11-06 00:14:34,,,,,,,,,,38.8087502,10.4187498,1098.44995,924.599976,23.7374992,1.0,,16.45,0.0,24.16,52.6124992,,52.6124992,0.0,301.575012,0.0,,
2025-11-06 00:14:35+00:00,2025-11-06 00:14:35,38.0,38.0,38.0,38.0,38.0,19.249747821688015,100.0,BO_ONLY,"BO 모델 결과만 사용 (1단계 롤백, 2~4단계에서 Hz 변화 없음)",38.8012505,10.46875,1097.55005,924.525024,23.8125,1.0,,16.45,0.0,24.16,52.2562485,,52.2562485,0.0,301.5,0.0,,
2025-11-06 00:14:36+00:00,2025-11-06 00:14:36,,,,,,,,,,38.8087502,10.5187502,1096.94995,924.450012,23.8250008,1.0,,16.45,0.0,24.16,51.9000015,,51.9000015,0.0,301.5,0.0,,
2025-11-06 00:14:37+00:00,2025-11-06 00:14:37,,,,,,,,,,38.8087502,10.5187502,1096.05005,924.450012,23.8250008,1.0,,16.45,0.0,23.83,51.5625,,51.5625,0.0,301.5,0.0,,
2025-11-06 00:14:38+00:00,2025-11-06 00:14:38,,,,,,,,,,38.8050003,10.5718746,1095.375,924.375,23.8250008,1.0,,16.45,0.0,23.83,51.5437508,,51.5437508,0.0,301.5,0.0,,
2025-11-06 00:14:39+00:00,2025-11-06 00:14:39,,,,,,,,,,38.8050003,10.5718746,1094.47498,924.375,23.8250008,1.0,,16.45,0.0,23.83,51.5250015,,51.5250015,0.0,301.5,0.0,,
2025-11-06 00:14:40+00:00,2025-11-06 00:14:40,38.0,38.0,38.0,38.0,38.0,19.59307456855364,100.0,BO_ONLY,"BO 모델 결과만 사용 (1단계 롤백, 2~4단계에서 Hz 변화 없음)",38.8125,10.6234379,1093.875,924.299988,23.7000008,1.0,,16.45,0.0,23.83,51.5250015,,51.5250015,0.0,301.424988,0.0,,
2025-11-06 00:14:41+00:00,2025-11-06 00:14:41,,,,,,,,,,38.8050003,10.6640625,1092.97498,924.224976,23.5750008,1.0,,16.45,0.0,23.83,51.5437508,,51.5437508,0.0,301.5,0.0,,
2025-11-06 00:14:42+00:00,2025-11-06 00:14:42,,,,,,,,,,38.8012505,10.6640625,1092.375,924.224976,23.5750008,1.0,,16.45,0.0,23.83,51.5250015,,51.5250015,0.0,301.5,0.0,,
2025-11-06 00:14:43+00:00,2025-11-06 00:14:43,,,,,,,,,,38.8087502,10.7046871,1091.47498,924.150024,23.5750008,1.0,,16.45,0.0,23.83,51.5250015,,51.5250015,0.0,301.5,0.0,,
2025-11-06 00:14:44+00:00,2025-11-06 00:14:44,,,,,,,,,,38.8050003,10.7046871,1090.875,924.150024,23.5750008,1.0,,16.45,0.0,23.83,51.1687508,,51.1687508,0.0,301.5,0.0,,
2025-11-06 00:14:45+00:00,2025-11-06 00:14:45,38.0,38.0,38.0,38.0,38.0,19.161857749015343,100.0,BO_ONLY,"BO 모델 결과만 사용 (1단계 롤백, 2~4단계에서 Hz 변화 없음)",38.8237495,10.7468748,1090.05005,924.075012,23.5499992,1.0,,16.45,0.0,23.83,51.1687508,41.4068037572988,51.1687508,0.0,301.5,0.0,,
2025-11-06 00:14:46+00:00,2025-11-06 00:14:46,,,,,,,,,,38.8050003,10.7984371,1089.44995,924.0,23.1499996,1.0,,16.45,0.0,23.83,51.1500015,,51.1500015,0.0,301.5,0.0,,
2025-11-06 00:14:47+00:00,2025-11-06 00:14:47,,,,,,,,,,38.8050003,10.7984371,1088.625,923.924988,23.1499996,1.0,,16.45,0.0,23.66,51.1500015,,51.1500015,0.0,301.5,0.0,,
2025-11-06 00:14:48+00:00,2025-11-06 00:14:48,,,,,,,,,,38.8050003,10.8500004,1088.09998,923.924988,23.1499996,1.0,,16.45,0.0,23.66,51.1500015,,51.1500015,0.0,301.424988,0.0,,
2025-11-06 00:14:49+00:00,2025-11-06 00:14:49,,,,,,,,,,38.8012505,10.8984375,1087.19995,923.775024,23.1499996,1.0,,16.45,0.0,23.66,51.1687508,,51.1687508,0.0,301.5,0.0,,
2025-11-06 00:14:50+00:00,2025-11-06 00:14:50,38.0,38.0,38.0,38.0,38.0,18.333891872974448,100.0,BO_ONLY,"BO 모델 결과만 사용 (1단계 롤백, 2~4단계에서 Hz 변화 없음)",38.8237495,10.8984375,1086.67505,923.775024,22.8125,1.0,,16.45,0.0,23.66,51.1500015,,51.1500015,0.0,301.575012,0.0,,
2025-11-06 00:14:51+00:00,2025-11-06 00:14:51,,,,,,,,,,38.8087502,10.9359379,1086.15002,923.700012,22.4750004,1.0,,16.45,0.0,23.66,51.1500015,,51.1500015,0.0,301.5,0.0,,
2025-11-06 00:14:52+00:00,2025-11-06 00:14:52,,,,,,,,,,38.8087502,10.9359379,1085.40002,923.625,22.4750004,1.0,,16.45,0.0,22.57,51.1500015,,51.1500015,0.0,301.424988,0.0,,
2025-11-06 00:14:53+00:00,2025-11-06 00:14:53,,,,,,,,,,38.7975006,10.9796877,1084.80005,923.549988,22.4750004,1.0,,16.45,0.0,22.57,51.1500015,,51.1500015,0.0,301.5,0.0,,
2025-11-06 00:14:54+00:00,2025-11-06 00:14:54,,,,,,,,,,38.8050003,11.0265627,1084.42505,923.474976,22.4750004,1.0,,16.45,0.0,22.57,51.1500015,,51.1500015,0.0,301.5,0.0,,
2025-11-06 00:14:55+00:00,2025-11-06 00:14:55,38.0,38.0,38.0,38.0,38.0,15.401287814410185,100.0,BO_ONLY,"BO 모델 결과만 사용 (1단계 롤백, 2~4단계에서 Hz 변화 없음)",38.7975006,11.0265627,1084.05005,923.474976,22.4624996,1.0,,16.45,0.0,22.57,51.1500015,,51.1500015,0.0,301.5,0.0,,
2025-11-06 00:14:56+00:00,2025-11-06 00:14:56,,,,,,,,,,38.8162498,11.0718746,1083.52502,923.325012,21.8875008,1.0,,16.45,0.0,22.57,51.1500015,,51.1500015,0.0,301.5,0.0,,
2025-11-06 00:14:57+00:00,2025-11-06 00:14:57,,,,,,,,,,38.7975006,11.1109371,1083.0,923.325012,21.8875008,1.0,,16.45,0.0,22.57,51.1500015,,51.1500015,0.0,301.5,0.0,,
2025-11-06 00:14:58+00:00,2025-11-06 00:14:58,,,,,,,,,,38.7975006,11.1109371,1082.77502,923.174988,21.875,1.0,,16.45,0.0,22.57,51.1500015,,51.1500015,0.0,301.5,0.0,,
2025-11-06 00:14:59+00:00,2025-11-06 00:14:59,,,,,,,,,,38.8012505,11.1437502,1082.40002,923.099976,21.8875008,1.0,,16.45,0.0,22.57,51.1500015,,51.1500015,0.0,301.5,0.0,,
2025-11-06 00:15:00+00:00,2025-11-06 00:15:00,38.0,38.0,38.0,38.0,38.0,14.49923217501024,100.0,BO_ONLY,"BO 모델 결과만 사용 (1단계 롤백, 2~4단계에서 Hz 변화 없음)",38.8087502,11.1437502,1082.17505,923.099976,21.8875008,1.0,,16.45,0.0,22.57,51.1500015,39.60680375729881,51.1500015,0.0,301.424988,0.0,,
2025-11-06 00:15:01+00:00,2025-11-06 00:15:01,,,,,,,,,,38.8050003,11.1750002,1081.94995,923.025024,21.8875008,1.0,,16.45,0.0,22.57,51.1500015,,51.1500015,0.0,301.5,0.0,,
2025-11-06 00:15:02+00:00,2025-11-06 00:15:02,,,,,,,,,,38.8125,11.1984377,1081.80005,922.950012,21.8875008,1.0,,16.45,0.0,22.57,51.1500015,,51.1500015,0.0,301.5,0.0,,
2025-11-06 00:15:03+00:00,2025-11-06 00:15:03,,,,,,,,,,38.8050003,11.1984377,1081.65002,922.875,21.8875008,1.0,,16.45,0.0,22.57,51.1500015,,51.1500015,0.0,301.5,0.0,,
2025-11-06 00:15:04+00:00,2025-11-06 00:15:04,,,,,,,,,,38.8274994,11.21875,1081.57495,922.799988,21.8875008,1.0,,16.45,0.0,22.57,51.1687508,,51.1687508,0.0,301.5,0.0,,
2025-11-06 00:15:05+00:00,2025-11-06 00:15:05,38.0,38.0,38.0,38.0,38.0,14.558734492635677,100.0,BO_ONLY,"BO 모델 결과만 사용 (1단계 롤백, 2~4단계에서 Hz 변화 없음)",38.7937508,11.2078123,1081.42505,922.724976,21.875,1.0,,16.45,0.0,22.57,51.1687508,,51.1687508,0.0,301.5,0.0,,
2025-11-06 00:15:06+00:00,2025-11-06 00:15:06,,,,,,,,,,38.8087502,11.2078123,1081.34998,922.650024,21.4624996,1.0,,16.45,0.0,22.57,51.1500015,,51.1500015,0.0,301.575012,0.0,,
2025-11-06 00:15:07+00:00,2025-11-06 00:15:07,,,,,,,,,,38.8125,11.1484375,1081.125,922.650024,21.4624996,1.0,,16.45,0.0,22.02,51.1500015,,51.1500015,0.0,301.5,0.0,,
2025-11-06 00:15:08+00:00,2025-11-06 00:15:08,,,,,,,,,,38.8050003,11.1484375,1081.05005,922.5,21.4624996,1.0,,16.45,0.0,22.02,51.3375015,,51.3375015,0.0,302.549988,0.0,,
2025-11-06 00:15:09+00:00,2025-11-06 00:15:09,,,,,,,,,,38.8125,11.0531254,1080.75,922.5,21.4624996,1.0,,16.45,0.0,22.02,51.5437508,,51.5437508,0.0,302.924988,0.0,,
2025-11-06 00:15:10+00:00,2025-11-06 00:15:10,38.0,38.0,38.0,38.0,38.0,14.475467302124747,100.0,BO_ONLY,"BO 모델 결과만 사용 (1단계 롤백, 2~4단계에서 Hz 변화 없음)",38.7975006,10.9250002,1080.67505,922.349976,21.0375004,1.0,,16.45,0.0,22.02,51.5250015,,51.5250015,0.0,303.0,0.0,,
2025-11-06 00:15:11+00:00,2025-11-06 00:15:11,,,,,,,,,,38.8012505,10.9250002,1080.44995,922.349976,20.625,1.0,,16.45,0.0,22.02,51.5250015,,51.5250015,0.0,303.0,0.0,,
2025-11-06 00:15:12+00:00,2025-11-06 00:15:12,,,,,,,,,,38.8199997,10.7749996,1080.30005,922.275024,20.625,1.0,,16.45,0.0,22.02,51.5250015,,51.5250015,0.0,302.924988,0.0,,
2025-11-06 00:15:13+00:00,2025-11-06 00:15:13,,,,,,,,,,38.8050003,10.6187496,1080.07495,922.125,20.625,1.0,,16.45,0.0,22.02,51.5437508,,51.5437508,0.0,303.0,0.0,,
2025-11-06 00:15:14+00:00,2025-11-06 00:15:14,,,,,,,,,,38.8087502,10.6187496,1079.84998,922.125,20.6124992,1.0,,16.45,0.0,22.02,51.5437508,,51.5437508,0.0,304.200012,0.0,,
2025-11-06 00:15:15+00:00,2025-11-06 00:15:15,38.0,38.0,38.0,38.0,38.0,13.034540992889932,100.0,BO_ONLY,"BO 모델 결과만 사용 (1단계 롤백, 2~4단계에서 Hz 변화 없음)",38.8125,10.4640627,1079.625,921.974976,20.6000004,1.0,,16.45,0.0,22.02,51.9000015,38.0,51.9000015,0.0,303.225006,0.0,,
2025-11-06 00:15:16+00:00,2025-11-06 00:15:16,,,,,,,,,,38.8012505,10.4640627,1079.47498,921.900024,20.2000008,1.0,,16.45,0.0,22.02,51.8812485,,51.8812485,0.0,302.924988,0.0,,
2025-11-06 00:15:17+00:00,2025-11-06 00:15:17,,,,,,,,,,38.8012505,10.3249998,1079.17505,921.825012,20.2000008,1.0,,16.45,0.0,20.76,51.9000015,,51.9000015,0.0,303.0,0.0,,
2025-11-06 00:15:18+00:00,2025-11-06 00:15:18,,,,,,,,,,38.8199997,10.1921873,1078.94995,921.825012,20.2000008,1.0,,16.45,0.0,20.76,51.9000015,,51.9000015,0.0,302.924988,0.0,,
2025-11-06 00:15:19+00:00,2025-11-06 00:15:19,,,,,,,,,,38.8050003,10.1921873,1078.57495,921.674988,20.2000008,1.0,,16.45,0.0,20.76,51.8812485,,51.8812485,0.0,302.924988,0.0,,
2025-11-06 00:15:20+00:00,2025-11-06 00:15:20,40.0,44.0,40.0,40.0,40.0,12.752536593039393,208.0,BO_O2,"O2 규칙 적용: 10.3% (10.0% < O2 ≤ 12.0%) (2단계 롤백, 3~4단계에서 Hz 변화 없음)",38.7975006,10.0796871,1078.34998,921.674988,20.1625004,1.0,,16.45,0.0,20.76,51.9000015,,51.9000015,0.0,303.0,0.0,,
2025-11-06 00:15:21+00:00,2025-11-06 00:15:21,,,,,,,,,,38.8012505,9.98750019,1077.90002,921.525024,20.1124992,1.0,,16.45,0.0,20.76,51.9000015,,51.9000015,0.0,303.0,0.0,,
2025-11-06 00:15:22+00:00,2025-11-06 00:15:22,,,,,,,,,,38.8050003,9.98750019,1077.67505,921.450012,20.125,1.0,,16.45,0.0,20.26,51.9000015,,51.9000015,0.0,303.0,0.0,,
2025-11-06 00:15:23+00:00,2025-11-06 00:15:23,,,,,,,,,,38.8050003,9.921875,1077.22498,921.375,20.125,1.0,,16.45,0.0,20.26,51.8812485,,51.8812485,0.0,303.600006,0.0,,
2025-11-06 00:15:24+00:00,2025-11-06 00:15:24,,,,,,,,,,38.8162498,9.921875,1076.92505,921.299988,20.125,1.0,,16.45,0.0,20.26,51.9000015,,51.9000015,0.0,304.350006,0.0,,
2025-11-06 00:15:25+00:00,2025-11-06 00:15:25,39.0,38.0,39.0,39.0,39.0,12.781750952936104,207.0,BO_O2,"O2 규칙 적용: 10.0% (9.0% < O2 ≤ 10.0%) (2단계 롤백, 3~4단계에서 Hz 변화 없음)",38.8125,9.875,1076.40002,921.224976,19.875,1.0,,16.45,0.0,20.26,51.9000015,,51.9000015,0.0,304.424988,0.0,,
2025-11-06 00:15:26+00:00,2025-11-06 00:15:26,,,,,,,,,,38.8087502,9.85312462,1076.09998,921.075012,19.875,1.0,,16.45,0.0,20.26,52.1437492,,52.1437492,0.0,304.424988,0.0,,
2025-11-06 00:15:27+00:00,2025-11-06 00:15:27,,,,,,,,,,38.8012505,9.85312462,1075.65002,921.0,19.8624992,1.0,,16.45,0.0,20.26,52.2562485,,52.2562485,0.0,305.850006,0.0,,
2025-11-06 00:15:28+00:00,2025-11-06 00:15:28,,,,,,,,,,39.3375015,9.85624981,1075.27502,920.924988,19.8624992,1.0,,16.45,0.0,20.26,52.2562485,,52.2562485,0.0,305.850006,0.0,,
2025-11-06 00:15:29+00:00,2025-11-06 00:15:29,,,,,,,,,,39.9187508,9.88125038,1074.75,920.849976,19.875,1.0,,16.45,0.0,20.26,52.2562485,,52.2562485,0.0,305.850006,0.0,,
2025-11-06 00:15:30+00:00,2025-11-06 00:15:30,39.0,38.0,39.0,39.0,39.0,14.490613248941557,207.0,BO_O2,"O2 규칙 적용: 9.9% (9.0% < O2 ≤ 10.0%) (2단계 롤백, 3~4단계에서 Hz 변화 없음)",39.9000015,9.88125038,1074.375,920.775024,19.7749996,1.0,,16.45,0.0,20.26,52.2562485,38.0,52.2562485,0.0,305.25,0.0,,
2025-11-06 00:15:31+00:00,2025-11-06 00:15:31,,,,,,,,,,39.9262505,9.91250038,1073.84998,920.700012,19.7000008,1.0,,16.45,0.0,20.26,52.2374992,,52.2374992,0.0,304.424988,0.0,,
2025-11-06 00:15:32+00:00,2025-11-06 00:15:32,,,,,,,,,,39.9300003,9.94218731,1073.47498,920.625,19.7000008,1.0,,16.45,0.0,19.84,53.0250015,,53.0250015,0.0,304.350006,0.0,,
2025-11-06 00:15:33+00:00,2025-11-06 00:15:33,,,,,,,,,,39.9262505,9.94218731,1072.875,920.474976,19.7000008,1.0,,16.45,0.0,19.84,53.8125,,53.8125,0.0,304.424988,0.0,,
2025-11-06 00:15:34+00:00,2025-11-06 00:15:34,,,,,,,,,,39.9262505,9.98281288,1072.5,920.400024,19.7000008,1.0,,16.45,0.0,19.84,54.3187485,,54.3187485,0.0,304.424988,0.0,,
2025-11-06 00:15:35+00:00,2025-11-06 00:15:35,39.0,38.0,39.0,39.0,39.0,15.498970581661705,207.0,BO_O2,"O2 규칙 적용: 9.9% (9.0% < O2 ≤ 10.0%) (2단계 롤백, 3~4단계에서 Hz 변화 없음)",39.9225006,9.98281288,1071.90002,920.325012,18.7875004,1.0,,16.45,0.0,19.84,55.1812515,,55.1812515,0.0,304.424988,0.0,,
2025-11-06 00:15:36+00:00,2025-11-06 00:15:36,,,,,,,,,,39.9300003,10.0375004,1071.59998,920.174988,18.7625008,1.0,,16.45,0.0,19.84,55.2750015,,55.2750015,0.0,304.350006,0.0,,
2025-11-06 00:15:37+00:00,2025-11-06 00:15:37,,,,,,,,,,39.9225006,10.1062498,1070.92505,920.099976,18.7625008,1.0,,16.45,0.0,19.84,55.2750015,,55.2750015,0.0,302.924988,0.0,,
2025-11-06 00:15:38+00:00,2025-11-06 00:15:38,,,,,,,,,,39.9187508,10.1062498,1070.55005,919.950012,18.7625008,1.0,,16.45,0.0,19.84,55.2750015,,55.2750015,0.0,303.0,0.0,,
2025-11-06 00:15:39+00:00,2025-11-06 00:15:39,,,,,,,,,,39.9300003,10.1781254,1070.09998,919.875,18.7749996,1.0,,16.45,0.0,19.84,55.2750015,,55.2750015,0.0,301.5,0.0,,
2025-11-06 00:15:40+00:00,2025-11-06 00:15:40,40.0,44.0,40.0,40.0,40.0,11.654691316811816,208.0,BO_O2,"O2 규칙 적용: 10.1% (10.0% < O2 ≤ 12.0%) (2단계 롤백, 3~4단계에서 Hz 변화 없음)",39.9075012,10.1781254,1069.72498,919.799988,18.3250008,1.0,,16.45,0.0,19.84,55.2750015,,55.2750015,0.0,301.5,0.0,,
2025-11-06 00:15:41+00:00,2025-11-06 00:15:41,,,,,,,,,,39.9187508,10.25,1069.27502,919.724976,17.9249992,1.0,,16.45,0.0,19.84,55.2750015,,55.2750015,0.0,301.5,0.0,,
2025-11-06 00:15:42+00:00,2025-11-06 00:15:42,,,,,,,,,,39.9225006,10.3218746,1068.90002,919.575012,17.9249992,1.0,,16.45,0.0,18.06,55.2750015,,55.2750015,0.0,301.5,0.0,,
2025-11-06 00:15:43+00:00,2025-11-06 00:15:43,,,,,,,,,,38.8612518,10.3218746,1068.375,919.424988,17.9249992,1.0,,16.45,0.0,18.06,55.2750015,,55.2750015,0.0,301.5,0.0,,
2025-11-06 00:15:44+00:00,2025-11-06 00:15:44,,,,,,,,,,38.8012505,10.3937502,1068.0,919.424988,17.9249992,1.0,,16.45,0.0,18.06,55.2750015,,55.2750015,0.0,300.825012,0.0,,
2025-11-06 00:15:45+00:00,2025-11-06 00:15:45,40.0,44.0,40.0,40.0,40.0,10.65120823634459,208.0,BO_O2,"O2 규칙 적용: 10.3% (10.0% < O2 ≤ 12.0%) (2단계 롤백, 3~4단계에서 Hz 변화 없음)",38.8125,10.4718752,1067.47498,919.200012,17.8999996,1.0,,16.45,0.0,18.06,55.2937508,38.0,55.2937508,0.0,300.975006,0.0,,
2025-11-06 00:15:46+00:00,2025-11-06 00:15:46,,,,,,,,,,38.8012505,10.4718752,1067.09998,919.200012,17.4249992,1.0,,16.45,0.0,18.06,54.9187508,,54.9187508,0.0,301.5,0.0,,
2025-11-06 00:15:47+00:00,2025-11-06 00:15:47,,,,,,,,,,38.8424988,10.5515623,1066.57495,918.974976,17.4249992,1.0,,16.45,0.0,18.06,53.8312492,,53.8312492,0.0,301.5,0.0,,
2025-11-06 00:15:48+00:00,2025-11-06 00:15:48,,,,,,,,,,38.8125,10.5515623,1066.27502,918.900024,17.4249992,1.0,,16.45,0.0,18.06,53.2874985,,53.2874985,0.0,301.5,0.0,,
2025-11-06 00:15:49+00:00,2025-11-06 00:15:49,,,,,,,,,,38.8125,10.6234379,1065.67505,918.75,17.4375,1.0,,16.45,0.0,18.06,52.2937508,,52.2937508,0.0,301.5,0.0,,
2025-11-06 00:15:50+00:00,2025-11-06 00:15:50,40.0,43.0,40.0,40.0,40.0,10.24501914863227,208.0,BO_O2,"O2 규칙 적용: 10.5% (10.0% < O2 ≤ 12.0%) (2단계 롤백, 3~4단계에서 Hz 변화 없음)",38.7975006,10.6843748,1065.375,918.75,16.8875008,1.0,,16.45,0.0,18.06,52.2750015,,52.2750015,0.0,301.5,0.0,,
2025-11-06 00:15:51+00:00,2025-11-06 00:15:51,,,,,,,,,,38.8125,10.6843748,1064.77502,918.599976,16.3374996,1.0,,16.45,0.0,18.06,51.9000015,,51.9000015,0.0,301.5,0.0,,
2025-11-06 00:15:52+00:00,2025-11-06 00:15:52,,,,,,,,,,38.8162498,10.7359371,1064.47498,918.450012,16.3374996,1.0,,16.45,0.0,16.43,51.8812485,,51.8812485,0.0,301.5,0.0,,
2025-11-06 00:15:53+00:00,2025-11-06 00:15:53,,,,,,,,,,38.8125,10.7828121,1063.94995,918.375,16.3374996,1.0,,16.45,0.0,16.43,51.5437508,,51.5437508,0.0,301.5,0.0,,
2025-11-06 00:15:54+00:00,2025-11-06 00:15:54,,,,,,,,,,38.8199997,10.7828121,1063.57495,918.224976,16.3374996,1.0,,16.45,0.0,16.43,51.5437508,,51.5437508,0.0,301.5,0.0,,
2025-11-06 00:15:55+00:00,2025-11-06 00:15:55,40.0,42.0,40.0,40.0,40.0,8.985127107374687,208.0,BO_O2,"O2 규칙 적용: 10.7% (10.0% < O2 ≤ 12.0%) (2단계 롤백, 3~4단계에서 Hz 변화 없음)",38.8050003,10.8187504,1063.05005,918.150024,15.8374996,1.0,,16.45,0.0,16.43,51.5250015,,51.5250015,0.0,301.5,0.0,,
2025-11-06 00:15:56+00:00,2025-11-06 00:15:56,,,,,,,,,,38.8087502,10.8296871,1062.52502,918.0,15.8249998,1.0,,16.45,0.0,16.43,51.5250015,,51.5250015,0.0,301.424988,0.0,,
2025-11-06 00:15:57+00:00,2025-11-06 00:15:57,,,,,,,,,,38.8125,10.8296871,1062.15002,917.849976,15.8249998,1.0,,16.45,0.0,16.43,51.5437508,,51.5437508,0.0,301.5,0.0,,
2025-11-06 00:15:58+00:00,2025-11-06 00:15:58,,,,,,,,,,38.8050003,10.8140621,1061.84998,917.775024,15.8249998,1.0,,16.45,0.0,16.43,51.5437508,,51.5437508,0.0,301.5,0.0,,
2025-11-06 00:15:59+00:00,2025-11-06 00:15:59,,,,,,,,,,38.8125,10.8140621,1061.32495,917.625,15.8249998,1.0,,16.45,0.0,16.43,51.5437508,,51.5437508,0.0,301.5,0.0,,
2025-11-06 00:16:00+00:00,2025-11-06 00:16:00,39.0,39.0,39.0,39.0,39.0,7.3425581820079495,100.0,BO_ONLY,"BO 모델 결과만 사용 (1단계 롤백, 2~4단계에서 Hz 변화 없음)",38.8687515,10.7921877,1061.02502,917.549988,15.9125004,1.0,,16.45,0.0,16.43,51.5250015,38.0,51.5250015,0.0,301.5,0.0,,
2025-11-06 00:16:01+00:00,2025-11-06 00:16:01,,,,,,,,,,38.8050003,10.7921877,1060.5,917.400024,16.0,1.0,,16.45,0.0,16.43,51.5437508,,51.5437508,0.0,301.5,0.0,,
2025-11-06 00:16:02+00:00,2025-11-06 00:16:02,,,,,,,,,,38.7975006,10.7921877,1060.19995,917.325012,16.0,1.0,,16.45,0.0,16.09,51.5437508,,51.5437508,0.0,301.5,0.0,,
2025-11-06 00:16:03+00:00,2025-11-06 00:16:03,,,,,,,,,,38.8012505,10.8015623,1059.67505,917.174988,15.9875002,1.0,,16.45,0.0,16.09,51.5437508,,51.5437508,0.0,301.575012,0.0,,
2025-11-06 00:16:04+00:00,2025-11-06 00:16:04,,,,,,,,,,38.8087502,10.8171873,1059.22498,916.950012,15.9875002,1.0,,16.45,0.0,16.09,51.5250015,,51.5250015,0.0,301.5,0.0,,
2025-11-06 00:16:05+00:00,2025-11-06 00:16:05,39.0,39.0,39.0,39.0,39.0,8.456425454662195,100.0,BO_ONLY,"BO 모델 결과만 사용 (1단계 롤백, 2~4단계에서 Hz 변화 없음)",38.8012505,10.8171873,1058.84998,916.875,15.9499998,1.0,,16.45,0.0,16.09,51.5437508,,51.5437508,0.0,301.5,0.0,,
2025-11-06 00:16:06+00:00,2025-11-06 00:16:06,,,,,,,,,,38.8162498,10.8265629,1058.55005,916.799988,14.8999996,1.0,,16.45,0.0,16.09,51.5437508,,51.5437508,0.0,301.575012,0.0,,
2025-11-06 00:16:07+00:00,2025-11-06 00:16:07,,,,,,,,,,38.8012505,10.8265629,1058.09998,916.575012,14.8999996,1.0,,16.45,0.0,16.09,51.5437508,,51.5437508,0.0,301.5,0.0,,
2025-11-06 00:16:08+00:00,2025-11-06 00:16:08,,,,,,,,,,38.8274994,10.8406248,1057.72498,916.5,14.9125004,1.0,,16.45,0.0,16.09,51.5250015,,51.5250015,0.0,301.5,0.0,,
2025-11-06 00:16:09+00:00,2025-11-06 00:16:09,,,,,,,,,,38.8125,10.8562498,1057.27502,916.349976,14.8999996,1.0,,16.45,0.0,16.09,51.1687508,,51.1687508,0.0,301.5,0.0,,
2025-11-06 00:16:10+00:00,2025-11-06 00:16:10,38.0,39.0,39.0,38.0,38.0,7.918147467091857,304.0,BO_O2_RULE,"제어매트릭스 규칙 적용: NOX_LOW (3단계 롤백, 4단계에서 Hz 변화 없음)",38.7900009,10.8562498,1056.82495,916.275024,14.2375002,1.0,,16.45,0.0,16.09,51.4500008,,51.4500008,0.0,300.075012,0.0,,
2025-11-06 00:16:11+00:00,2025-11-06 00:16:11,,,,,,,,,,38.8087502,10.8703127,1056.30005,916.125,13.5500002,1.0,,16.45,0.0,16.09,51.5437508,,51.5437508,0.0,300.075012,0.0,,
2025-11-06 00:16:12+00:00,2025-11-06 00:16:12,,,,,,,,,,38.8012505,10.8796873,1055.92505,915.974976,13.5500002,1.0,,16.45,0.0,13.63,51.5250015,,51.5250015,0.0,300.075012,0.0,,
2025-11-06 00:16:13+00:00,2025-11-06 00:16:13,,,,,,,,,,38.8050003,10.8796873,1055.40002,915.825012,13.5375004,1.0,,16.45,0.0,13.63,51.5437508,,51.5437508,0.0,300.0,0.0,,
2025-11-06 00:16:14+00:00,2025-11-06 00:16:14,,,,,,,,,,38.8162498,10.8734379,1055.02502,915.75,13.5375004,1.0,,16.45,0.0,13.63,51.1687508,,51.1687508,0.0,300.075012,0.0,,
2025-11-06 00:16:15+00:00,2025-11-06 00:16:15,38.0,39.0,39.0,38.0,38.0,7.1590993714578754,304.0,BO_O2_RULE,"제어매트릭스 규칙 적용: NOX_LOW (3단계 롤백, 4단계에서 Hz 변화 없음)",38.8087502,10.8734379,1054.42505,915.599976,12.7250004,1.0,,16.45,0.0,13.63,51.1687508,38.0,51.1687508,0.0,301.5,0.0,,
2025-11-06 00:16:16+00:00,2025-11-06 00:16:16,,,,,,,,,,38.8012505,10.8578129,1054.05005,915.525024,12.6999998,1.0,,16.45,0.0,13.63,51.5250015,,51.5250015,0.0,301.5,0.0,,
2025-11-06 00:16:17+00:00,2025-11-06 00:16:17,,,,,,,,,,38.8050003,10.8406248,1053.52502,915.299988,12.6999998,1.0,,16.45,0.0,13.63,51.5437508,,51.5437508,0.0,302.549988,0.0,,
2025-11-06 00:16:18+00:00,2025-11-06 00:16:18,,,,,,,,,,38.8087502,10.8406248,1053.15002,915.224976,12.6999998,1.0,,16.45,0.0,13.63,51.5437508,,51.5437508,0.0,303.0,0.0,,
2025-11-06 00:16:19+00:00,2025-11-06 00:16:19,,,,,,,,,,38.8012505,10.828125,1052.47498,915.075012,12.6999998,1.0,,16.45,0.0,13.63,51.5437508,,51.5437508,0.0,303.0,0.0,,
2025-11-06 00:16:20+00:00,2025-11-06 00:16:20,38.0,39.0,39.0,38.0,38.0,5.2721777921195905,304.0,BO_O2_RULE,"제어매트릭스 규칙 적용: NOX_LOW (3단계 롤백, 4단계에서 Hz 변화 없음)",38.8125,10.828125,1052.09998,914.924988,12.4499998,1.0,,16.45,0.0,13.63,51.8812485,,51.8812485,0.0,304.424988,0.0,,
2025-11-06 00:16:21+00:00,2025-11-06 00:16:21,,,,,,,,,,38.8162498,10.8234377,1051.57495,914.775024,12.1999998,1.0,,16.45,0.0,13.63,51.9000015,,51.9000015,0.0,304.350006,0.0,,
2025-11-06 00:16:22+00:00,2025-11-06 00:16:22,,,,,,,,,,38.8012505,10.8234377,1051.125,914.625,12.1999998,1.0,,16.45,0.0,12.29,51.9000015,,51.9000015,0.0,304.424988,0.0,,
2025-11-06 00:16:23+00:00,2025-11-06 00:16:23,,,,,,,,,,38.8012505,10.8234377,1050.52502,914.474976,12.1999998,1.0,,16.45,0.0,12.29,51.9000015,,51.9000015,0.0,304.424988,0.0,,
2025-11-06 00:16:24+00:00,2025-11-06 00:16:24,,,,,,,,,,38.8274994,10.8343754,1050.22498,914.400024,12.1999998,1.0,,16.45,0.0,12.29,51.9000015,,51.9000015,0.0,304.424988,0.0,,
2025-11-06 00:16:25+00:00,2025-11-06 00:16:25,38.0,39.0,39.0,38.0,38.0,5.435233003464913,304.0,BO_O2_RULE,"제어매트릭스 규칙 적용: NOX_LOW (3단계 롤백, 4단계에서 Hz 변화 없음)",38.8125,10.8578129,1049.625,914.25,11.0375004,1.0,,16.45,0.0,12.29,51.9000015,,51.9000015,0.0,304.424988,0.0,,
2025-11-06 00:16:26+00:00,2025-11-06 00:16:26,,,,,,,,,,38.8012505,10.8578129,1049.25,914.099976,11.0124998,1.0,,16.45,0.0,12.29,51.9000015,,51.9000015,0.0,304.5,0.0,,
2025-11-06 00:16:27+00:00,2025-11-06 00:16:27,,,,,,,,,,38.8050003,10.8953123,1048.72498,913.950012,11.0124998,1.0,,16.45,0.0,12.29,52.2562485,,52.2562485,0.0,304.424988,0.0,,
2025-11-06 00:16:28+00:00,2025-11-06 00:16:28,,,,,,,,,,38.8087502,10.8953123,1048.34998,913.799988,11.0124998,1.0,,16.45,0.0,12.29,52.2562485,,52.2562485,0.0,305.850006,0.0,,
2025-11-06 00:16:29+00:00,2025-11-06 00:16:29,,,,,,,,,,38.8087502,10.9437504,1047.82495,913.650024,11.0124998,1.0,,16.45,0.0,12.29,52.2562485,,52.2562485,0.0,305.850006,0.0,,
2025-11-06 00:16:30+00:00,2025-11-06 00:16:30,38.0,39.0,39.0,38.0,38.0,5.994505781815545,304.0,BO_O2_RULE,"제어매트릭스 규칙 적용: NOX_LOW (3단계 롤백, 4단계에서 Hz 변화 없음)",38.8125,10.9953127,1047.52502,913.575012,11.1499996,1.0,,16.45,0.0,12.29,52.2562485,38.0,52.2562485,0.0,305.924988,0.0,,
2025-11-06 00:16:31+00:00,2025-11-06 00:16:31,,,,,,,,,,38.8125,10.9953127,1046.92505,913.349976,11.2749996,1.0,,16.45,0.0,12.29,52.2562485,,52.2562485,0.0,305.924988,0.0,,
2025-11-06 00:16:32+00:00,2025-11-06 00:16:32,,,,,,,,,,38.8050003,11.0437498,1046.55005,913.275024,11.2749996,1.0,,16.45,0.0,11.35,52.2562485,,52.2562485,0.0,305.924988,0.0,,
2025-11-06 00:16:33+00:00,2025-11-06 00:16:33,,,,,,,,,,38.8237495,11.0906248,1046.02502,913.049988,11.2749996,1.0,,16.45,0.0,11.35,52.2562485,,52.2562485,0.0,305.850006,0.0,,
2025-11-06 00:16:34+00:00,2025-11-06 00:16:34,,,,,,,,,,38.8012505,11.0906248,1045.72498,912.900024,11.2749996,1.0,,16.45,0.0,11.35,52.2562485,,52.2562485,0.0,305.924988,0.0,,
2025-11-06 00:16:35+00:00,2025-11-06 00:16:35,38.0,39.0,39.0,38.0,38.0,8.052072702456504,304.0,BO_O2_RULE,"제어매트릭스 규칙 적용: NOX_LOW (3단계 롤백, 4단계에서 Hz 변화 없음)",38.8087502,11.140625,1045.125,912.75,10.4375,1.0,,16.45,0.0,11.35,52.2750015,,52.2750015,0.0,304.424988,0.0,,
2025-11-06 00:16:36+00:00,2025-11-06 00:16:36,,,,,,,,,,38.8050003,11.140625,1044.82495,912.674988,10.4250002,1.0,,16.45,0.0,11.35,52.2562485,,52.2562485,0.0,304.424988,0.0,,
2025-11-06 00:16:37+00:00,2025-11-06 00:16:37,,,,,,,,,,38.8125,11.1890621,1044.30005,912.450012,10.4250002,1.0,,16.45,0.0,11.35,52.2562485,,52.2562485,0.0,303.0,0.0,,
2025-11-06 00:16:38+00:00,2025-11-06 00:16:38,,,,,,,,,,38.8087502,11.2296877,1043.92505,912.375,10.4250002,1.0,,16.45,0.0,11.35,52.2374992,,52.2374992,0.0,303.0,0.0,,
2025-11-06 00:16:39+00:00,2025-11-06 00:16:39,,,,,,,,,,38.8199997,11.2296877,1043.40002,912.150024,10.4250002,1.0,,16.45,0.0,11.35,51.9000015,,51.9000015,0.0,303.0,0.0,,
2025-11-06 00:16:40+00:00,2025-11-06 00:16:40,38.0,39.0,39.0,38.0,38.0,5.958142875598747,304.0,BO_O2_RULE,"제어매트릭스 규칙 적용: NOX_LOW (3단계 롤백, 4단계에서 Hz 변화 없음)",38.8125,11.2531252,1043.02502,912.075012,9.77499962,1.0,,16.45,0.0,11.35,51.9000015,,51.9000015,0.0,303.0,0.0,,
2025-11-06 00:16:41+00:00,2025-11-06 00:16:41,,,,,,,,,,38.8237495,11.2765627,1042.57495,911.849976,9.25,1.0,,16.45,0.0,11.35,51.9000015,,51.9000015,0.0,302.924988,0.0,,
2025-11-06 00:16:42+00:00,2025-11-06 00:16:42,,,,,,,,,,38.8012505,11.2765627,1042.27502,911.775024,9.25,1.0,,16.45,0.0,9.33,51.9000015,,51.9000015,0.0,303.0,0.0,,
2025-11-06 00:16:43+00:00,2025-11-06 00:16:43,,,,,,,,,,38.8050003,11.3015623,1041.75,911.549988,9.23750019,1.0,,16.45,0.0,9.33,51.9000015,,51.9000015,0.0,303.0,0.0,,
2025-11-06 00:16:44+00:00,2025-11-06 00:16:44,,,,,,,,,,38.8162498,11.3015623,1041.375,911.400024,9.25,1.0,,16.45,0.0,9.33,51.9000015,,51.9000015,0.0,303.0,0.0,,
2025-11-06 00:16:45+00:00,2025-11-06 00:16:45,38.0,39.0,39.0,38.0,38.0,5.550731148252203,304.0,BO_O2_RULE,"제어매트릭스 규칙 적용: NOX_LOW (3단계 롤백, 4단계에서 Hz 변화 없음)",38.8012505,11.3328123,1040.84998,911.25,8.66250038,1.0,,16.45,0.0,9.33,51.8812485,38.0,51.8812485,0.0,302.924988,0.0,,
2025-11-06 00:16:46+00:00,2025-11-06 00:16:46,,,,,,,,,,38.8125,11.3640623,1040.55005,911.174988,8.66250038,1.0,,16.45,0.0,9.33,51.9000015,,51.9000015,0.0,302.924988,0.0,,
2025-11-06 00:16:47+00:00,2025-11-06 00:16:47,,,,,,,,,,38.8125,11.3640623,1040.02502,910.950012,8.66250038,1.0,,16.45,0.0,9.33,51.9000015,,51.9000015,0.0,303.0,0.0,,
2025-11-06 00:16:48+00:00,2025-11-06 00:16:48,,,,,,,,,,38.8162498,11.3843746,1039.72498,910.875,8.66250038,1.0,,16.45,0.0,9.33,51.9000015,,51.9000015,0.0,303.0,0.0,,
2025-11-06 00:16:49+00:00,2025-11-06 00:16:49,,,,,,,,,,38.8087502,11.3874998,1039.125,910.650024,8.64999962,1.0,,16.45,0.0,9.33,51.8812485,,51.8812485,0.0,302.924988,0.0,,
2025-11-06 00:16:50+00:00,2025-11-06 00:16:50,38.0,39.0,39.0,38.0,38.0,4.6978313348214025,304.0,BO_O2_RULE,"제어매트릭스 규칙 적용: NOX_LOW (3단계 롤백, 4단계에서 Hz 변화 없음)",38.8125,11.3874998,1038.82495,910.5,8.42500019,1.0,,16.45,0.0,9.33,51.9000015,,51.9000015,0.0,302.850006,0.0,,
2025-11-06 00:16:51+00:00,2025-11-06 00:16:51,,,,,,,,,,38.8087502,11.3843746,1038.22498,910.349976,8.23750019,1.0,,16.45,0.0,9.33,51.9000015,,51.9000015,0.0,301.5,0.0,,
2025-11-06 00:16:52+00:00,2025-11-06 00:16:52,,,,,,,,,,38.8125,11.3843746,1037.92505,910.200012,8.23750019,1.0,,16.45,0.0,8.38,51.9000015,,51.9000015,0.0,301.5,0.0,,
2025-11-06 00:16:53+00:00,2025-11-06 00:16:53,,,,,,,,,,38.8087502,11.3718748,1037.32495,910.049988,8.23750019,1.0,,16.45,0.0,8.38,51.8812485,,51.8812485,0.0,301.5,0.0,,
2025-11-06 00:16:54+00:00,2025-11-06 00:16:54,,,,,,,,,,38.8125,11.3546877,1036.94995,909.900024,8.23750019,1.0,,16.45,0.0,8.38,51.9000015,,51.9000015,0.0,301.5,0.0,,
2025-11-06 00:16:55+00:00,2025-11-06 00:16:55,38.0,39.0,39.0,38.0,38.0,4.960942240564456,304.0,BO_O2_RULE,"제어매트릭스 규칙 적용: NOX_LOW (3단계 롤백, 4단계에서 Hz 변화 없음)",38.7975006,11.3546877,1036.34998,909.75,7.9000001,1.0,,16.45,0.0,8.38,51.9000015,,51.9000015,0.0,301.5,0.0,,
2025-11-06 00:16:56+00:00,2025-11-06 00:16:56,,,,,,,,,,38.8199997,11.3249998,1035.97498,909.599976,7.9000001,1.0,,16.45,0.0,8.38,51.9000015,,51.9000015,0.0,301.575012,0.0,,
2025-11-06 00:16:57+00:00,2025-11-06 00:16:57,,,,,,,,,,38.8312492,11.2875004,1035.375,909.450012,7.9000001,1.0,,16.45,0.0,8.38,51.8812485,,51.8812485,0.0,301.5,0.0,,
2025-11-06 00:16:58+00:00,2025-11-06 00:16:58,,,,,,,,,,38.8162498,11.2875004,1035.0,909.299988,7.9000001,1.0,,16.45,0.0,8.38,51.9000015,,51.9000015,0.0,301.5,0.0,,
2025-11-06 00:16:59+00:00,2025-11-06 00:16:59,,,,,,,,,,38.8050003,11.2546873,1034.40002,909.150024,7.9000001,1.0,,16.45,0.0,8.38,51.9000015,,51.9000015,0.0,301.5,0.0,,
2025-11-06 00:17:00+00:00,2025-11-06 00:17:00,38.0,39.0,39.0,38.0,38.0,5.904786554266616,304.0,BO_O2_RULE,"제어매트릭스 규칙 적용: NOX_LOW (3단계 롤백, 4단계에서 Hz 변화 없음)",38.8050003,11.2546873,1034.02502,909.0,8.0,1.0,,16.45,0.0,8.38,51.9000015,38.0,51.9000015,0.0,301.575012,0.0,,
2025-11-06 00:17:01+00:00,2025-11-06 00:17:01,,,,,,,,,,38.8199997,11.2312498,1033.42505,908.849976,8.07499981,1.0,,16.45,0.0,8.38,51.8812485,,51.8812485,0.0,301.5,0.0,,
2025-11-06 00:17:02+00:00,2025-11-06 00:17:02,,,,,,,,,,38.8050003,11.2093754,1033.05005,908.700012,8.07499981,1.0,,16.45,0.0,8.38,51.9000015,,51.9000015,0.0,301.5,0.0,,
2025-11-06 00:17:03+00:00,2025-11-06 00:17:03,,,,,,,,,,38.8012505,11.2093754,1032.52502,908.549988,8.07499981,1.0,,16.45,0.0,8.38,51.9000015,,51.9000015,0.0,301.5,0.0,,
2025-11-06 00:17:04+00:00,2025-11-06 00:17:04,,,,,,,,,,38.8125,11.1781254,1032.07495,908.400024,8.07499981,1.0,,16.45,0.0,8.38,51.5437508,,51.5437508,0.0,301.5,0.0,,
2025-11-06 00:17:05+00:00,2025-11-06 00:17:05,38.0,39.0,39.0,38.0,38.0,7.605469820553774,304.0,BO_O2_RULE,"제어매트릭스 규칙 적용: NOX_LOW (3단계 롤백, 4단계에서 Hz 변화 없음)",38.8237495,11.1499996,1031.55005,908.25,7.6500001,1.0,,16.45,0.0,8.38,51.5250015,,51.5250015,0.0,301.5,0.0,,
2025-11-06 00:17:06+00:00,2025-11-06 00:17:06,,,,,,,,,,38.8125,11.1499996,1031.25,908.099976,7.6500001,1.0,,16.45,0.0,8.38,51.5437508,,51.5437508,0.0,301.424988,0.0,,
2025-11-06 00:17:07+00:00,2025-11-06 00:17:07,,,,,,,,,,38.8162498,11.1187496,1030.72498,907.950012,7.6500001,1.0,,16.45,0.0,8.2,51.5437508,,51.5437508,0.0,300.225006,0.0,,
2025-11-06 00:17:08+00:00,2025-11-06 00:17:08,,,,,,,,,,38.8012505,11.1187496,1030.34998,907.799988,7.6500001,1.0,,16.45,0.0,8.2,51.5437508,,51.5437508,0.0,300.075012,0.0,,
2025-11-06 00:17:09+00:00,2025-11-06 00:17:09,,,,,,,,,,38.8162498,11.0843754,1029.90002,907.650024,7.6500001,1.0,,16.45,0.0,8.2,51.5250015,,51.5250015,0.0,300.0,0.0,,
2025-11-06 00:17:10+00:00,2025-11-06 00:17:10,38.0,39.0,39.0,38.0,38.0,7.053940031616841,304.0,BO_O2_RULE,"제어매트릭스 규칙 적용: NOX_LOW (3단계 롤백, 4단계에서 Hz 변화 없음)",38.8162498,11.0515623,1029.59998,907.5,7.42500019,1.0,,16.45,0.0,8.2,51.5250015,,51.5250015,0.0,300.0,0.0,,
2025-11-06 00:17:11+00:00,2025-11-06 00:17:11,,,,,,,,,,38.8162498,11.0515623,1029.22498,907.349976,7.2249999,1.0,,16.45,0.0,8.2,51.5437508,,51.5437508,0.0,300.075012,0.0,,
2025-11-06 00:17:12+00:00,2025-11-06 00:17:12,,,,,,,,,,38.8050003,11.0187502,1028.92505,907.275024,7.2249999,1.0,,16.45,0.0,7.31,51.5437508,,51.5437508,0.0,301.5,0.0,,
2025-11-06 00:17:13+00:00,2025-11-06 00:17:13,,,,,,,,,,38.8087502,10.9718752,1028.625,907.049988,7.23750019,1.0,,16.45,0.0,7.31,51.5250015,,51.5250015,0.0,301.5,0.0,,
2025-11-06 00:17:14+00:00,2025-11-06 00:17:14,,,,,,,,,,38.8087502,10.9718752,1028.40002,906.900024,7.2249999,1.0,,16.45,0.0,7.31,51.5250015,,51.5250015,0.0,301.424988,0.0,,
2025-11-06 00:17:15+00:00,2025-11-06 00:17:15,38.0,39.0,39.0,38.0,38.0,6.48713232850547,304.0,BO_O2_RULE,"제어매트릭스 규칙 적용: NOX_LOW (3단계 롤백, 4단계에서 Hz 변화 없음)",38.8125,10.9187498,1028.17505,906.825012,6.6500001,1.0,,16.45,0.0,7.31,51.5437508,38.0,51.5437508,0.0,301.5,0.0,,
2025-11-06 00:17:16+00:00,2025-11-06 00:17:16,,,,,,,,,,38.8162498,10.9187498,1028.02502,906.674988,6.63749981,1.0,,16.45,0.0,7.31,51.5437508,,51.5437508,0.0,301.5,0.0,,
2025-11-06 00:17:17+00:00,2025-11-06 00:17:17,,,,,,,,,,38.8125,10.8609371,1027.80005,906.525024,6.63749981,1.0,,16.45,0.0,7.31,51.5250015,,51.5250015,0.0,301.5,0.0,,
2025-11-06 00:17:18+00:00,2025-11-06 00:17:18,,,,,,,,,,38.8012505,10.8125,1027.72498,906.375,6.63749981,1.0,,16.45,0.0,7.31,51.5250015,,51.5250015,0.0,301.5,0.0,,
2025-11-06 00:17:19+00:00,2025-11-06 00:17:19,,,,,,,,,,38.8012505,10.8125,1027.65002,906.224976,6.63749981,1.0,,16.45,0.0,7.31,51.5437508,,51.5437508,0.0,301.575012,0.0,,
2025-11-06 00:17:20+00:00,2025-11-06 00:17:20,38.0,39.0,39.0,38.0,38.0,5.460799287774142,304.0,BO_O2_RULE,"제어매트릭스 규칙 적용: NOX_LOW (3단계 롤백, 4단계에서 Hz 변화 없음)",38.8050003,10.7546873,1027.57495,906.075012,6.6875,1.0,,16.45,0.0,7.31,51.5437508,,51.5437508,0.0,301.5,0.0,,
2025-11-06 00:17:21+00:00,2025-11-06 00:17:21,,,,,,,,,,38.8125,10.6843748,1027.5,906.0,6.7249999,1.0,,16.45,0.0,7.31,51.5250015,,51.5250015,0.0,301.5,0.0,,
2025-11-06 00:17:22+00:00,2025-11-06 00:17:22,,,,,,,,,,38.8087502,10.6843748,1027.5,905.849976,6.7249999,1.0,,16.45,0.0,6.86,51.5250015,,51.5250015,0.0,301.424988,0.0,,
2025-11-06 00:17:23+00:00,2025-11-06 00:17:23,,,,,,,,,,38.8087502,10.5968752,1027.57495,905.700012,6.7249999,1.0,,16.45,0.0,6.86,51.5437508,,51.5437508,0.0,301.5,0.0,,
2025-11-06 00:17:24+00:00,2025-11-06 00:17:24,,,,,,,,,,38.8162498,10.5968752,1027.65002,905.625,6.7249999,1.0,,16.45,0.0,6.86,51.5437508,,51.5437508,0.0,301.5,0.0,,
2025-11-06 00:17:25+00:00,2025-11-06 00:17:25,38.0,39.0,39.0,38.0,38.0,6.199007388109693,304.0,BO_O2_RULE,"제어매트릭스 규칙 적용: NOX_LOW (3단계 롤백, 4단계에서 Hz 변화 없음)",38.8050003,10.5031252,1027.80005,905.474976,6.5625,1.0,,16.45,0.0,6.86,51.5250015,,51.5250015,0.0,300.075012,0.0,,
2025-11-06 00:17:26+00:00,2025-11-06 00:17:26,,,,,,,,,,38.7900009,10.3890629,1027.875,905.400024,6.55000019,1.0,,16.45,0.0,6.86,51.5250015,,51.5250015,0.0,300.0,0.0,,
2025-11-06 00:17:27+00:00,2025-11-06 00:17:27,,,,,,,,,,38.8087502,10.3890629,1028.17505,905.25,6.5625,1.0,,16.45,0.0,6.86,51.5437508,,51.5437508,0.0,300.075012,0.0,,
2025-11-06 00:17:28+00:00,2025-11-06 00:17:28,,,,,,,,,,38.8050003,10.265625,1028.32495,905.099976,6.55000019,1.0,,16.45,0.0,6.86,51.5437508,,51.5437508,0.0,300.075012,0.0,,
2025-11-06 00:17:29+00:00,2025-11-06 00:17:29,,,,,,,,,,38.8274994,10.1265621,1028.625,904.950012,6.5625,1.0,,16.45,0.0,6.86,51.5250015,,51.5250015,0.0,301.424988,0.0,,
2025-11-06 00:17:30+00:00,2025-11-06 00:17:30,38.0,39.0,39.0,38.0,38.0,5.725949469947634,304.0,BO_O2_RULE,"제어매트릭스 규칙 적용: NOX_LOW (3단계 롤백, 4단계에서 Hz 변화 없음)",38.8125,10.1265621,1028.77502,904.875,6.6500001,1.0,,16.45,0.0,6.86,51.5250015,38.0,51.5250015,0.0,301.5,0.0,,
2025-11-06 00:17:31+00:00,2025-11-06 00:17:31,,,,,,,,,,38.8162498,9.98281288,1029.0,904.724976,6.7249999,1.0,,16.45,0.0,6.86,51.5437508,,51.5437508,0.0,300.075012,0.0,,
2025-11-06 00:17:32+00:00,2025-11-06 00:17:32,,,,,,,,,,38.8012505,9.98281288,1029.22498,904.650024,6.7249999,1.0,,16.45,0.0,6.82,51.5437508,,51.5437508,0.0,300.075012,0.0,,
2025-11-06 00:17:33+00:00,2025-11-06 00:17:33,,,,,,,,,,38.8125,9.84375,1029.44995,904.5,6.7249999,1.0,,16.45,0.0,6.82,51.1875,,51.1875,0.0,300.075012,0.0,,
2025-11-06 00:17:34+00:00,2025-11-06 00:17:34,,,,,,,,,,38.8050003,9.71562481,1029.67505,904.424988,6.7249999,1.0,,16.45,0.0,6.82,51.1500015,,51.1500015,0.0,300.075012,0.0,,
2025-11-06 00:17:35+00:00,2025-11-06 00:17:35,38.0,38.0,39.0,38.0,38.0,7.8212390130747815,304.0,BO_O2_RULE,"제어매트릭스 규칙 적용: NOX_LOW (3단계 롤백, 4단계에서 Hz 변화 없음)",38.8050003,9.71562481,1029.82495,904.275024,6.63749981,1.0,,16.45,0.0,6.82,51.1687508,,51.1687508,0.0,300.075012,0.0,,
2025-11-06 00:17:36+00:00,2025-11-06 00:17:36,,,,,,,,,,38.8125,9.58749962,1029.97498,904.200012,6.63749981,1.0,,16.45,0.0,6.82,51.1687508,,51.1687508,0.0,300.149994,0.0,,
2025-11-06 00:17:37+00:00,2025-11-06 00:17:37,,,,,,,,,,38.8012505,9.46249962,1030.19995,904.125,6.63749981,1.0,,16.45,0.0,6.82,51.1687508,,51.1687508,0.0,300.075012,0.0,,
2025-11-06 00:17:38+00:00,2025-11-06 00:17:38,,,,,,,,,,38.8087502,9.46249962,1030.42505,903.974976,6.63749981,1.0,,16.45,0.0,6.82,51.1500015,,51.1500015,0.0,300.0,0.0,,
2025-11-06 00:17:39+00:00,2025-11-06 00:17:39,,,,,,,,,,38.8349991,9.33281231,1030.72498,903.900024,6.63749981,1.0,,16.45,0.0,6.82,51.1687508,,51.1687508,0.0,300.075012,0.0,,
2025-11-06 00:17:40+00:00,2025-11-06 00:17:40,38.0,38.0,39.0,38.0,38.0,7.671049995724471,304.0,BO_O2_RULE,"제어매트릭스 규칙 적용: NOX_LOW (3단계 롤백, 4단계에서 Hz 변화 없음)",38.8125,9.33281231,1030.875,903.825012,6.63749981,1.0,,16.45,0.0,6.82,51.1687508,,51.1687508,0.0,300.075012,0.0,,
2025-11-06 00:17:41+00:00,2025-11-06 00:17:41,,,,,,,,,,38.8050003,9.19999981,1031.17505,903.674988,6.63749981,1.0,,16.45,0.0,6.82,51.1687508,,51.1687508,0.0,300.075012,0.0,,
2025-11-06 00:17:42+00:00,2025-11-06 00:17:42,,,,,,,,,,38.8012505,9.08125019,1031.32495,903.599976,6.63749981,1.0,,16.45,0.0,6.82,51.1500015,,51.1500015,0.0,300.075012,0.0,,
2025-11-06 00:17:43+00:00,2025-11-06 00:17:43,,,,,,,,,,38.8050003,9.08125019,1031.55005,903.450012,6.6500001,1.0,,16.45,0.0,6.82,51.1687508,,51.1687508,0.0,300.0,0.0,,
2025-11-06 00:17:44+00:00,2025-11-06 00:17:44,,,,,,,,,,38.8050003,8.97500038,1031.69995,903.375,6.63749981,1.0,,16.45,0.0,6.82,51.1500015,,51.1500015,0.0,300.075012,0.0,,
2025-11-06 00:17:45+00:00,2025-11-06 00:17:45,38.0,38.0,39.0,38.0,38.0,7.633899585508325,304.0,BO_O2_RULE,"제어매트릭스 규칙 적용: NOX_LOW (3단계 롤백, 4단계에서 Hz 변화 없음)",38.8199997,8.86562538,1031.92505,903.224976,6.0625,1.0,,16.45,0.0,6.82,51.1687508,38.0,51.1687508,0.0,300.075012,0.0,,
2025-11-06 00:17:46+00:00,2025-11-06 00:17:46,,,,,,,,,,38.7975006,8.86562538,1032.0,903.224976,6.05000019,1.0,,16.45,0.0,6.82,51.1500015,,51.1500015,0.0,300.0,0.0,,
2025-11-06 00:17:47+00:00,2025-11-06 00:17:47,,,,,,,,,,38.7975006,8.765625,1032.22498,903.075012,6.05000019,1.0,,16.45,0.0,6.75,51.1500015,,51.1500015,0.0,300.0,0.0,,
2025-11-06 00:17:48+00:00,2025-11-06 00:17:48,,,,,,,,,,38.7975006,8.6796875,1032.375,903.0,6.05000019,1.0,,16.45,0.0,6.75,51.1687508,,51.1687508,0.0,301.424988,0.0,,
2025-11-06 00:17:49+00:00,2025-11-06 00:17:49,,,,,,,,,,38.8012505,8.6796875,1032.67505,902.849976,6.05000019,1.0,,16.45,0.0,6.75,51.1500015,,51.1500015,0.0,301.5,0.0,,
2025-11-06 00:17:50+00:00,2025-11-06 00:17:50,38.0,45.0,44.0,38.0,38.0,4.7111893251419,304.0,BO_O2_RULE,"제어매트릭스 규칙 적용: NOX_LOW (3단계 롤백, 4단계에서 Hz 변화 없음)",38.7975006,8.60312462,1032.82495,902.775024,6.05000019,1.0,,16.45,0.0,6.75,51.1500015,,51.1500015,0.0,301.5,0.0,,
2025-11-06 00:17:51+00:00,2025-11-06 00:17:51,,,,,,,,,,38.8087502,8.60312462,1033.125,902.700012,6.05000019,1.0,,16.45,0.0,6.75,51.1687508,,51.1687508,0.0,301.424988,0.0,,
2025-11-06 00:17:52+00:00,2025-11-06 00:17:52,,,,,,,,,,38.8050003,8.5390625,1033.27502,902.549988,6.05000019,1.0,,16.45,0.0,6.75,51.5437508,,51.5437508,0.0,301.5,0.0,,
2025-11-06 00:17:53+00:00,2025-11-06 00:17:53,,,,,,,,,,38.8199997,8.48593712,1033.65002,902.474976,6.05000019,1.0,,16.45,0.0,6.75,51.5437508,,51.5437508,0.0,301.5,0.0,,
2025-11-06 00:17:54+00:00,2025-11-06 00:17:54,,,,,,,,,,38.7975006,8.48593712,1033.875,902.400024,6.05000019,1.0,,16.45,0.0,6.75,51.5250015,,51.5250015,0.0,301.5,0.0,,
2025-11-06 00:17:55+00:00,2025-11-06 00:17:55,38.0,45.0,44.0,38.0,38.0,4.869983410288649,304.0,BO_O2_RULE,"제어매트릭스 규칙 적용: NOX_LOW (3단계 롤백, 4단계에서 Hz 변화 없음)",38.8312492,8.43281269,1034.32495,902.325012,6.125,1.0,,16.45,0.0,6.75,51.5437508,,51.5437508,0.0,301.424988,0.0,,
2025-11-06 00:17:56+00:00,2025-11-06 00:17:56,,,,,,,,,,38.8050003,8.3828125,1034.625,902.25,6.13749981,1.0,,16.45,0.0,6.75,51.5437508,,51.5437508,0.0,302.700012,0.0,,
2025-11-06 00:17:57+00:00,2025-11-06 00:17:57,,,,,,,,,,38.8087502,8.3828125,1035.22498,902.099976,6.13749981,1.0,,16.45,0.0,6.18,51.5437508,,51.5437508,0.0,303.0,0.0,,
2025-11-06 00:17:58+00:00,2025-11-06 00:17:58,,,,,,,,,,38.8237495,8.34062481,1035.52502,902.025024,6.13749981,1.0,,16.45,0.0,6.18,51.5250015,,51.5250015,0.0,303.0,0.0,,
2025-11-06 00:17:59+00:00,2025-11-06 00:17:59,,,,,,,,,,38.8012505,8.34062481,1036.05005,901.950012,6.13749981,1.0,,16.45,0.0,6.18,51.5250015,,51.5250015,0.0,302.924988,0.0,,
2025-11-06 00:18:00+00:00,2025-11-06 00:18:00,38.0,45.0,44.0,38.0,38.0,5.669095292595989,304.0,BO_O2_RULE,"제어매트릭스 규칙 적용: NOX_LOW (3단계 롤백, 4단계에서 Hz 변화 없음)",38.8012505,8.3046875,1036.34998,901.875,5.8499999,1.0,,16.45,0.0,6.18,51.5437508,38.0,51.5437508,0.0,302.924988,0.0,,
2025-11-06 00:18:01+00:00,2025-11-06 00:18:01,,,,,,,,,,38.8499985,8.28125,1036.94995,901.724976,5.625,1.0,,16.45,0.0,6.18,51.5437508,,51.5437508,0.0,302.924988,0.0,,
2025-11-06 00:18:02+00:00,2025-11-06 00:18:02,,,,,,,,,,38.8087502,8.28125,1037.25,901.650024,5.63749981,1.0,,16.45,0.0,5.76,51.5250015,,51.5250015,0.0,303.0,0.0,,
2025-11-06 00:18:03+00:00,2025-11-06 00:18:03,,,,,,,,,,38.8050003,8.25312519,1037.69995,901.575012,5.63749981,1.0,,16.45,0.0,5.76,51.5250015,,51.5250015,0.0,302.850006,0.0,,
2025-11-06 00:18:04+00:00,2025-11-06 00:18:04,,,,,,,,,,38.8087502,8.21875,1038.07495,901.5,5.625,1.0,,16.45,0.0,5.76,51.5250015,,51.5250015,0.0,303.0,0.0,,
2025-11-06 00:18:05+00:00,2025-11-06 00:18:05,38.0,45.0,44.0,38.0,38.0,5.2068336578076035,304.0,BO_O2_RULE,"제어매트릭스 규칙 적용: NOX_LOW (3단계 롤백, 4단계에서 Hz 변화 없음)",38.8050003,8.21875,1038.52502,901.424988,5.7125001,1.0,,16.45,0.0,5.76,51.5437508,,51.5437508,0.0,303.0,0.0,,
2025-11-06 00:18:06+00:00,2025-11-06 00:18:06,,,,,,,,,,38.7937508,8.17343712,1038.90002,901.349976,5.7249999,1.0,,16.45,0.0,5.76,51.5250015,,51.5250015,0.0,302.924988,0.0,,
2025-11-06 00:18:07+00:00,2025-11-06 00:18:07,,,,,,,,,,38.8087502,8.17343712,1039.42505,901.275024,5.7125001,1.0,,16.45,0.0,5.76,51.5250015,,51.5250015,0.0,301.5,0.0,,
2025-11-06 00:18:08+00:00,2025-11-06 00:18:08,,,,,,,,,,38.8012505,8.12656212,1039.80005,901.200012,5.7125001,1.0,,16.45,0.0,5.76,51.9000015,,51.9000015,0.0,301.5,0.0,,
2025-11-06 00:18:09+00:00,2025-11-06 00:18:09,,,,,,,,,,38.8125,8.06718731,1040.32495,901.049988,5.7249999,1.0,,16.45,0.0,5.76,51.9000015,,51.9000015,0.0,301.5,0.0,,
2025-11-06 00:18:10+00:00,2025-11-06 00:18:10,38.0,45.0,44.0,38.0,38.0,5.471332499741594,304.0,BO_O2_RULE,"제어매트릭스 규칙 적용: NOX_LOW (3단계 롤백, 4단계에서 Hz 변화 없음)",38.8087502,8.06718731,1040.69995,901.049988,5.8125,1.0,,16.45,0.0,5.76,51.9000015,,51.9000015,0.0,301.5,0.0,,
2025-11-06 00:18:11+00:00,2025-11-06 00:18:11,,,,,,,,,,38.7975006,8.00625038,1041.22498,900.900024,5.875,1.0,,16.45,0.0,5.76,51.9000015,,51.9000015,0.0,301.5,0.0,,
2025-11-06 00:18:12+00:00,2025-11-06 00:18:12,,,,,,,,,,38.8312492,7.9437499,1041.67505,900.900024,5.88749981,1.0,,16.45,0.0,6.02,51.9000015,,51.9000015,0.0,301.5,0.0,,
2025-11-06 00:18:13+00:00,2025-11-06 00:18:13,,,,,,,,,,38.8012505,7.9437499,1042.27502,900.825012,5.88749981,1.0,,16.45,0.0,6.02,51.9000015,,51.9000015,0.0,301.5,0.0,,
2025-11-06 00:18:14+00:00,2025-11-06 00:18:14,,,,,,,,,,38.7975006,7.88593769,1042.72498,900.75,5.88749981,1.0,,16.45,0.0,6.02,51.5437508,,51.5437508,0.0,301.5,0.0,,
2025-11-06 00:18:15+00:00,2025-11-06 00:18:15,38.0,45.0,45.0,38.0,38.0,6.031974781831597,304.0,BO_O2_RULE,"제어매트릭스 규칙 적용: NOX_LOW (3단계 롤백, 4단계에서 Hz 변화 없음)",38.8087502,7.88593769,1043.40002,900.674988,5.80000019,1.0,,16.45,0.0,6.02,51.5250015,38.0,51.5250015,0.0,301.5,0.0,,
2025-11-06 00:18:16+00:00,2025-11-06 00:18:16,,,,,,,,,,38.8050003,7.82499981,1043.84998,900.674988,5.80000019,1.0,,16.45,0.0,6.02,51.5437508,,51.5437508,0.0,301.5,0.0,,
2025-11-06 00:18:17+00:00,2025-11-06 00:18:17,,,,,,,,,,38.8087502,7.765625,1044.44995,900.599976,5.80000019,1.0,,16.45,0.0,6.02,51.5437508,,51.5437508,0.0,301.5,0.0,,
2025-11-06 00:18:18+00:00,2025-11-06 00:18:18,,,,,,,,,,38.8125,7.765625,1044.90002,900.525024,5.80000019,1.0,,16.45,0.0,6.02,51.5437508,,51.5437508,0.0,301.575012,0.0,,
2025-11-06 00:18:19+00:00,2025-11-06 00:18:19,,,,,,,,,,38.8087502,7.703125,1045.5,900.450012,5.80000019,1.0,,16.45,0.0,6.02,51.5250015,,51.5250015,0.0,301.5,0.0,,
2025-11-06 00:18:20+00:00,2025-11-06 00:18:20,38.0,46.0,46.0,38.0,38.0,7.0835540912374375,304.0,BO_O2_RULE,"제어매트릭스 규칙 적용: NOX_LOW (3단계 롤백, 4단계에서 Hz 변화 없음)",38.8462486,7.63749981,1045.94995,900.375,5.69999981,1.0,,16.45,0.0,6.02,51.5437508,,51.5437508,0.0,301.5,0.0,,
2025-11-06 00:18:21+00:00,2025-11-06 00:18:21,,,,,,,,,,38.8087502,7.63749981,1046.47498,900.299988,5.63749981,1.0,,16.45,0.0,6.02,51.5437508,,51.5437508,0.0,301.5,0.0,,
2025-11-06 00:18:22+00:00,2025-11-06 00:18:22,,,,,,,,,,38.8125,7.5796876,1047.0,900.299988,5.63749981,1.0,,16.45,0.0,5.74,51.5437508,,51.5437508,0.0,301.5,0.0,,
2025-11-06 00:18:23+00:00,2025-11-06 00:18:23,,,,,,,,,,38.8162498,7.5796876,1047.30005,900.224976,5.625,1.0,,16.45,0.0,5.74,51.5250015,,51.5250015,0.0,301.424988,0.0,,
2025-11-06 00:18:24+00:00,2025-11-06 00:18:24,,,,,,,,,,38.8274994,7.52656269,1047.59998,900.150024,5.625,1.0,,16.45,0.0,5.74,51.5250015,,51.5250015,0.0,301.5,0.0,,
2025-11-06 00:18:25+00:00,2025-11-06 00:18:25,38.0,46.0,46.0,38.0,38.0,7.462333935954372,304.0,BO_O2_RULE,"제어매트릭스 규칙 적용: NOX_LOW (3단계 롤백, 4단계에서 Hz 변화 없음)",38.8162498,7.47343731,1048.05005,900.150024,5.63749981,1.0,,16.45,0.0,5.74,51.5437508,,51.5437508,0.0,301.5,0.0,,
2025-11-06 00:18:26+00:00,2025-11-06 00:18:26,,,,,,,,,,38.8050003,7.47343731,1048.5,900.075012,5.63749981,1.0,,16.45,0.0,5.74,51.5437508,,51.5437508,0.0,301.5,0.0,,
2025-11-06 00:18:27+00:00,2025-11-06 00:18:27,,,,,,,,,,38.8125,7.41874981,1048.875,900.0,5.63749981,1.0,,16.45,0.0,5.74,51.5250015,,51.5250015,0.0,301.5,0.0,,
2025-11-06 00:18:28+00:00,2025-11-06 00:18:28,,,,,,,,,,38.8087502,7.35624981,1049.32495,899.924988,5.625,1.0,,16.45,0.0,5.74,51.5437508,,51.5437508,0.0,301.424988,0.0,,
2025-11-06 00:18:29+00:00,2025-11-06 00:18:29,,,,,,,,,,38.8012505,7.35624981,1049.625,899.924988,5.63749981,1.0,,16.45,0.0,5.74,51.5250015,,51.5250015,0.0,301.5,0.0,,
2025-11-06 00:18:30+00:00,2025-11-06 00:18:30,38.0,46.0,46.0,38.0,38.0,6.936854368978281,304.0,BO_O2_RULE,"제어매트릭스 규칙 적용: NOX_LOW (3단계 롤백, 4단계에서 Hz 변화 없음)",38.8087502,7.2953124,1050.07495,899.924988,5.625,1.0,,16.45,0.0,5.74,51.5437508,38.0,51.5437508,0.0,301.5,0.0,,
2025-11-06 00:18:31+00:00,2025-11-06 00:18:31,,,,,,,,,,38.8012505,7.2953124,1050.375,899.849976,5.625,1.0,,16.45,0.0,5.74,51.5250015,,51.5250015,0.0,301.5,0.0,,
2025-11-06 00:18:32+00:00,2025-11-06 00:18:32,,,,,,,,,,38.8012505,7.24531269,1050.75,899.775024,5.625,1.0,,16.45,0.0,5.74,51.5437508,,51.5437508,0.0,301.5,0.0,,
2025-11-06 00:18:33+00:00,2025-11-06 00:18:33,,,,,,,,,,38.7975006,7.203125,1050.97498,899.775024,5.625,1.0,,16.45,0.0,5.74,51.5437508,,51.5437508,0.0,301.5,0.0,,
2025-11-06 00:18:34+00:00,2025-11-06 00:18:34,,,,,,,,,,38.8087502,7.203125,1051.19995,899.775024,5.625,1.0,,16.45,0.0,5.74,51.5437508,,51.5437508,0.0,301.5,0.0,,
2025-11-06 00:18:35+00:00,2025-11-06 00:18:35,38.0,46.0,46.0,38.0,38.0,6.600150964415549,304.0,BO_O2_RULE,"제어매트릭스 규칙 적용: NOX_LOW (3단계 롤백, 4단계에서 Hz 변화 없음)",38.8050003,7.17500019,1051.5,899.700012,5.55000019,1.0,,16.45,0.0,5.74,51.5250015,,51.5250015,0.0,301.5,0.0,,
2025-11-06 00:18:36+00:00,2025-11-06 00:18:36,,,,,,,,,,38.8087502,7.1484375,1051.72498,899.625,5.55000019,1.0,,16.45,0.0,5.74,51.5437508,,51.5437508,0.0,301.5,0.0,,
2025-11-06 00:18:37+00:00,2025-11-06 00:18:37,,,,,,,,,,38.8312492,7.1484375,1052.02502,899.625,5.55000019,1.0,,16.45,0.0,5.74,51.5437508,,51.5437508,0.0,301.5,0.0,,
2025-11-06 00:18:38+00:00,2025-11-06 00:18:38,,,,,,,,,,38.7975006,7.125,1052.32495,899.625,5.55000019,1.0,,16.45,0.0,5.74,51.5250015,,51.5250015,0.0,301.5,0.0,,
2025-11-06 00:18:39+00:00,2025-11-06 00:18:39,,,,,,,,,,38.8050003,7.125,1052.55005,899.549988,5.55000019,1.0,,16.45,0.0,5.74,51.375,,51.375,0.0,301.5,0.0,,
2025-11-06 00:18:40+00:00,2025-11-06 00:18:40,38.0,47.0,46.0,38.0,38.0,6.702625396087274,304.0,BO_O2_RULE,"제어매트릭스 규칙 적용: NOX_LOW (3단계 롤백, 4단계에서 Hz 변화 없음)",38.8125,7.1015625,1052.77502,899.549988,5.6500001,1.0,,16.45,0.0,5.74,51.1500015,,51.1500015,0.0,301.424988,0.0,,
2025-11-06 00:18:41+00:00,2025-11-06 00:18:41,,,,,,,,,,38.7975006,7.08906269,1053.07495,899.549988,5.7249999,1.0,,16.45,0.0,5.74,51.1687508,,51.1687508,0.0,301.5,0.0,,
2025-11-06 00:18:42+00:00,2025-11-06 00:18:42,,,,,,,,,,38.8012505,7.08906269,1053.375,899.474976,5.7125001,1.0,,16.45,0.0,5.82,51.1687508,,51.1687508,0.0,301.5,0.0,,
2025-11-06 00:18:43+00:00,2025-11-06 00:18:43,,,,,,,,,,38.8162498,7.08281231,1053.82495,899.400024,5.7125001,1.0,,16.45,0.0,5.82,51.2999992,,51.2999992,0.0,301.5,0.0,,
2025-11-06 00:18:44+00:00,2025-11-06 00:18:44,,,,,,,,,,38.8050003,7.08281231,1054.27502,899.400024,5.7125001,1.0,,16.45,0.0,5.82,51.5250015,,51.5250015,0.0,300.0,0.0,,
2025-11-06 00:18:45+00:00,2025-11-06 00:18:45,38.0,47.0,46.0,38.0,38.0,8.599324490291595,304.0,BO_O2_RULE,"제어매트릭스 규칙 적용: NOX_LOW (3단계 롤백, 4단계에서 Hz 변화 없음)",38.7975006,7.08281231,1054.57495,899.400024,5.63749981,1.0,,16.45,0.0,5.82,51.5437508,,51.5437508,0.0,300.075012,0.0,,
2025-11-06 00:18:46+00:00,2025-11-06 00:18:46,,,,,,,,,,38.8012505,7.08125019,1055.09998,899.400024,5.625,1.0,,16.45,0.0,5.82,51.5250015,,51.5250015,0.0,300.075012,0.0,,
2025-11-06 00:18:47+00:00,2025-11-06 00:18:47,,,,,,,,,,38.7975006,7.08125019,1055.40002,899.400024,5.625,1.0,,16.45,0.0,5.82,51.1687508,,51.1687508,0.0,300.075012,0.0,,
2025-11-06 00:18:48+00:00,2025-11-06 00:18:48,,,,,,,,,,38.8462486,7.08281231,1055.84998,899.325012,5.63749981,1.0,,16.45,0.0,5.82,51.1687508,,51.1687508,0.0,300.0,0.0,,
2025-11-06 00:18:49+00:00,2025-11-06 00:18:49,,,,,,,,,,38.8087502,7.09062481,1056.15002,899.325012,5.63749981,1.0,,16.45,0.0,5.82,51.1687508,,51.1687508,0.0,300.075012,0.0,,
2025-11-06 00:18:50+00:00,2025-11-06 00:18:50,38.0,47.0,46.0,38.0,38.0,8.825726790047955,304.0,BO_O2_RULE,"제어매트릭스 규칙 적용: NOX_LOW (3단계 롤백, 4단계에서 Hz 변화 없음)",38.8087502,7.09062481,1056.59998,899.325012,5.67500019,1.0,,16.45,0.0,5.82,51.1500015,,51.1500015,0.0,300.0,0.0,,
2025-11-06 00:18:51+00:00,2025-11-06 00:18:51,,,,,,,,,,38.8125,7.09843731,1056.90002,899.325012,5.7249999,1.0,,16.45,0.0,5.82,51.1500015,,51.1500015,0.0,300.075012,0.0,,
2025-11-06 00:18:52+00:00,2025-11-06 00:18:52,,,,,,,,,,38.8162498,7.0875001,1057.34998,899.25,5.7249999,1.0,,16.45,0.0,5.85,51.1500015,,51.1500015,0.0,300.0,0.0,,
2025-11-06 00:18:53+00:00,2025-11-06 00:18:53,,,,,,,,,,38.8125,7.0875001,1057.72498,899.25,5.7125001,1.0,,16.45,0.0,5.85,51.1687508,,51.1687508,0.0,300.075012,0.0,,
2025-11-06 00:18:54+00:00,2025-11-06 00:18:54,,,,,,,,,,38.8087502,7.05781269,1058.17505,899.25,5.7125001,1.0,,16.45,0.0,5.85,51.1687508,,51.1687508,0.0,300.075012,0.0,,
2025-11-06 00:18:55+00:00,2025-11-06 00:18:55,38.0,47.0,46.0,38.0,38.0,8.749304546344854,304.0,BO_O2_RULE,"제어매트릭스 규칙 적용: NOX_LOW (3단계 롤백, 4단계에서 Hz 변화 없음)",38.7937508,7.05781269,1058.47498,899.25,6.13749981,1.0,,16.45,0.0,5.85,51.1500015,,51.1500015,0.0,300.075012,0.0,,
2025-11-06 00:18:56+00:00,2025-11-06 00:18:56,,,,,,,,,,38.8012505,7.01875019,1058.92505,899.25,6.125,1.0,,16.45,0.0,5.85,51.1500015,,51.1500015,0.0,300.0,0.0,,
2025-11-06 00:18:57+00:00,2025-11-06 00:18:57,,,,,,,,,,38.8050003,6.9749999,1059.22498,899.25,6.13749981,1.0,,16.45,0.0,5.85,51.1687508,,51.1687508,0.0,300.075012,0.0,,
2025-11-06 00:18:58+00:00,2025-11-06 00:18:58,,,,,,,,,,38.8087502,6.9749999,1059.75,899.25,6.13749981,1.0,,16.45,0.0,5.85,51.1687508,,51.1687508,0.0,300.075012,0.0,,
2025-11-06 00:18:59+00:00,2025-11-06 00:18:59,,,,,,,,,,38.8012505,6.93281269,1060.05005,899.25,6.13749981,1.0,,16.45,0.0,5.85,51.1687508,,51.1687508,0.0,300.075012,0.0,,
2025-11-06 00:19:00+00:00,2025-11-06 00:19:00,38.0,47.0,47.0,38.0,38.0,11.385662313673993,304.0,BO_O2_RULE,"제어매트릭스 규칙 적용: NOX_LOW (3단계 롤백, 4단계에서 Hz 변화 없음)",38.8087502,6.8921876,1060.65002,899.25,6.3375001,1.0,,16.45,0.0,5.85,51.1500015,38.0,51.1500015,0.0,300.0,0.0,,
2025-11-06 00:19:01+00:00,2025-11-06 00:19:01,,,,,,,,,,38.8125,6.8921876,1061.02502,899.25,6.4749999,1.0,,16.45,0.0,5.85,51.1687508,,51.1687508,0.0,300.0,0.0,,
2025-11-06 00:19:02+00:00,2025-11-06 00:19:02,,,,,,,,,,38.8199997,6.85468769,1061.625,899.25,6.4749999,1.0,,16.45,0.0,6.6,51.1687508,,51.1687508,0.0,300.075012,0.0,,
2025-11-06 00:19:03+00:00,2025-11-06 00:19:03,,,,,,,,,,38.8125,6.85468769,1062.07495,899.25,6.4749999,1.0,,16.45,0.0,6.6,51.1500015,,51.1500015,0.0,300.075012,0.0,,
2025-11-06 00:19:04+00:00,2025-11-06 00:19:04,,,,,,,,,,38.8012505,6.81718731,1062.67505,899.25,6.4749999,1.0,,16.45,0.0,6.6,51.1500015,,51.1500015,0.0,300.0,0.0,,
2025-11-06 00:19:05+00:00,2025-11-06 00:19:05,43.81156255,51.0,49.0,49.0,49.0,13.455787495768659,204.0,BO_O2,"O2 규칙 적용: 6.9% (6.0% < O2 ≤ 7.0%) (2단계 롤백, 3~4단계에서 Hz 변화 없음)",38.8087502,6.79218769,1063.05005,899.25,6.4749999,1.0,,16.45,0.0,6.6,51.1500015,,51.1500015,0.0,300.0,0.0,,
2025-11-06 00:19:06+00:00,2025-11-06 00:19:06,,,,,,,,,,38.8125,6.79218769,1063.65002,899.25,6.4749999,1.0,,16.45,0.0,6.6,51.1500015,,51.1500015,0.0,300.075012,0.0,,
2025-11-06 00:19:07+00:00,2025-11-06 00:19:07,,,,,,,,,,38.8012505,6.7796874,1064.09998,899.25,6.4749999,1.0,,16.45,0.0,6.6,51.1500015,,51.1500015,0.0,300.075012,0.0,,
2025-11-06 00:19:08+00:00,2025-11-06 00:19:08,,,,,,,,,,40.3162498,6.77656269,1064.69995,899.25,6.4749999,1.0,,16.45,0.0,6.6,51.1500015,,51.1500015,0.0,300.0,0.0,,
2025-11-06 00:19:09+00:00,2025-11-06 00:19:09,,,,,,,,,,44.6812515,6.77656269,1065.15002,899.25,6.4749999,1.0,,16.45,0.0,6.6,51.1500015,,51.1500015,0.0,300.0,0.0,,
2025-11-06 00:19:10+00:00,2025-11-06 00:19:10,45.65281295,51.0,49.0,49.0,49.0,13.401411005974726,204.0,BO_O2,"O2 규칙 적용: 6.8% (6.0% < O2 ≤ 7.0%) (2단계 롤백, 3~4단계에서 Hz 변화 없음)",45.1349983,6.765625,1065.75,899.325012,6.82499981,1.0,,16.45,0.0,6.6,51.1687508,,51.1687508,0.0,300.075012,0.0,,
2025-11-06 00:19:11+00:00,2025-11-06 00:19:11,,,,,,,,,,45.1425018,6.765625,1066.125,899.325012,7.0625,1.0,,16.45,0.0,6.6,53.1187515,,53.1187515,0.0,300.075012,0.0,,
2025-11-06 00:19:12+00:00,2025-11-06 00:19:12,,,,,,,,,,45.1500015,6.75312519,1066.65002,899.325012,7.0625,1.0,,16.45,0.0,7.12,56.4000015,,56.4000015,0.0,300.075012,0.0,,
2025-11-06 00:19:13+00:00,2025-11-06 00:19:13,,,,,,,,,,45.1537514,6.73124981,1067.02502,899.325012,7.07499981,1.0,,16.45,0.0,7.12,60.7125015,,60.7125015,0.0,300.0,0.0,,
2025-11-06 00:19:14+00:00,2025-11-06 00:19:14,,,,,,,,,,45.1500015,6.73124981,1067.625,899.400024,7.0625,1.0,,16.45,0.0,7.12,65.1187515,,65.1187515,0.0,299.475006,0.0,,
2025-11-06 00:19:15+00:00,2025-11-06 00:19:15,49.0,51.0,49.0,49.0,49.0,13.824893391589361,204.0,BO_O2,"O2 규칙 적용: 6.7% (6.0% < O2 ≤ 7.0%) (2단계 롤백, 3~4단계에서 Hz 변화 없음)",45.1500015,6.69843769,1068.07495,899.400024,7.3125,1.0,,16.45,0.0,7.12,68.34375,38.0,68.34375,0.0,298.575012,0.0,,
2025-11-06 00:19:16+00:00,2025-11-06 00:19:16,,,,,,,,,,45.1575012,6.65312481,1068.67505,899.400024,7.3125,1.0,,16.45,0.0,7.12,70.1812515,,70.1812515,0.0,298.5,0.0,,
2025-11-06 00:19:17+00:00,2025-11-06 00:19:17,,,,,,,,,,45.1500015,6.65312481,1069.125,899.400024,7.3125,1.0,,16.45,0.0,7.12,71.7375031,,71.7375031,0.0,298.575012,0.0,,
2025-11-06 00:19:18+00:00,2025-11-06 00:19:18,,,,,,,,,,47.9249992,6.5953126,1069.80005,899.474976,7.32499981,1.0,,16.45,0.0,7.12,72.1125031,,72.1125031,0.0,298.575012,0.0,,
2025-11-06 00:19:19+00:00,2025-11-06 00:19:19,,,,,,,,,,50.3699989,6.5953126,1070.17505,899.474976,7.3125,1.0,,16.45,0.0,7.12,72.84375,,72.84375,0.0,298.575012,0.0,,
2025-11-06 00:19:20+00:00,2025-11-06 00:19:20,49.0,51.0,49.0,49.0,49.0,12.611495601037532,204.0,BO_O2,"O2 규칙 적용: 6.6% (6.0% < O2 ≤ 7.0%) (2단계 롤백, 3~4단계에서 Hz 변화 없음)",50.4187508,6.5296874,1070.69995,899.474976,7.4625001,1.0,,16.45,0.0,7.12,73.5,,73.5,0.0,296.850006,0.0,,
2025-11-06 00:19:21+00:00,2025-11-06 00:19:21,,,,,,,,,,50.4487495,6.4609375,1071.07495,899.549988,7.57499981,1.0,,16.45,0.0,7.12,75.8812485,,75.8812485,0.0,295.575012,0.0,,
2025-11-06 00:19:22+00:00,2025-11-06 00:19:22,,,,,,,,,,50.4337502,6.4609375,1071.59998,899.549988,7.5625,1.0,,16.45,0.0,7.7,79.7624969,,79.7624969,0.0,295.350006,0.0,,
2025-11-06 00:19:23+00:00,2025-11-06 00:19:23,,,,,,,,,,50.4599991,6.3968749,1071.97498,899.549988,7.5625,1.0,,16.45,0.0,7.7,83.5875015,,83.5875015,0.0,293.850006,0.0,,
2025-11-06 00:19:24+00:00,2025-11-06 00:19:24,,,,,,,,,,50.4150009,6.34062481,1072.65002,899.549988,7.57499981,1.0,,16.45,0.0,7.7,86.53125,,86.53125,0.0,293.850006,0.0,,
2025-11-06 00:19:25+00:00,2025-11-06 00:19:25,49.0,51.0,49.0,49.0,49.0,12.887852849004974,204.0,BO_O2,"O2 규칙 적용: 6.4% (6.0% < O2 ≤ 7.0%) (2단계 롤백, 3~4단계에서 Hz 변화 없음)",50.4562492,6.34062481,1073.09998,899.549988,7.9000001,1.0,,16.45,0.0,7.7,88.125,,88.125,0.0,293.774994,0.0,,
2025-11-06 00:19:26+00:00,2025-11-06 00:19:26,,,,,,,,,,50.4412498,6.2828126,1073.77502,899.625,7.9000001,1.0,,16.45,0.0,7.7,89.5875015,,89.5875015,0.0,293.850006,0.0,,
2025-11-06 00:19:27+00:00,2025-11-06 00:19:27,,,,,,,,,,50.4225006,6.2828126,1074.30005,899.625,7.9124999,1.0,,16.45,0.0,7.7,89.71875,,89.71875,0.0,293.850006,0.0,,
2025-11-06 00:19:28+00:00,2025-11-06 00:19:28,,,,,,,,,,50.4562492,6.2203126,1075.05005,899.625,7.9124999,1.0,,16.45,0.0,7.7,90.375,,90.375,0.0,293.850006,0.0,,
2025-11-06 00:19:29+00:00,2025-11-06 00:19:29,,,,,,,,,,50.4187508,6.1624999,1075.57495,899.700012,7.9000001,1.0,,16.45,0.0,7.7,90.75,,90.75,0.0,293.850006,0.0,,
2025-11-06 00:19:30+00:00,2025-11-06 00:19:30,45.439999866666675,51.0,49.0,38.0,38.0,10.569763712073156,304.0,BO_O2_RULE,"제어매트릭스 규칙 적용: NOX_LOW (3단계 롤백, 4단계에서 Hz 변화 없음)",50.4262505,6.1624999,1076.25,899.700012,8.35000038,1.0,,16.45,0.0,7.7,90.7687531,38.0,90.7687531,0.0,293.850006,0.0,,
2025-11-06 00:19:31+00:00,2025-11-06 00:19:31,,,,,,,,,,50.4187508,6.1156249,1076.77502,899.775024,8.66250038,1.0,,16.45,0.0,7.7,90.7687531,,90.7687531,0.0,293.850006,0.0,,
2025-11-06 00:19:32+00:00,2025-11-06 00:19:32,,,,,,,,,,50.1974983,6.09062481,1077.52502,899.775024,8.66250038,1.0,,16.45,0.0,8.74,90.7687531,,90.7687531,0.0,293.850006,0.0,,
2025-11-06 00:19:33+00:00,2025-11-06 00:19:33,,,,,,,,,,46.5974998,6.09062481,1078.05005,899.775024,8.66250038,1.0,,16.45,0.0,8.74,90.7687531,,90.7687531,0.0,293.850006,0.0,,
2025-11-06 00:19:34+00:00,2025-11-06 00:19:34,,,,,,,,,,46.2712517,6.0703125,1078.875,899.849976,8.66250038,1.0,,16.45,0.0,8.74,90.7874985,,90.7874985,0.0,293.850006,0.0,,
2025-11-06 00:19:35+00:00,2025-11-06 00:19:35,49.0,51.0,49.0,49.0,49.0,13.400406728752298,204.0,BO_O2,"O2 규칙 적용: 6.1% (6.0% < O2 ≤ 7.0%) (2단계 롤백, 3~4단계에서 Hz 변화 없음)",46.2524986,6.0703125,1079.47498,899.849976,8.64999962,1.0,,16.45,0.0,8.74,90.0749969,,90.0749969,0.0,293.850006,0.0,,
2025-11-06 00:19:36+00:00,2025-11-06 00:19:36,,,,,,,,,,46.2449989,6.0640626,1080.30005,899.924988,8.66250038,1.0,,16.45,0.0,8.74,87.3562469,,87.3562469,0.0,293.850006,0.0,,
2025-11-06 00:19:37+00:00,2025-11-06 00:19:37,,,,,,,,,,46.2562485,6.0562501,1080.82495,899.924988,8.66250038,1.0,,16.45,0.0,8.74,83.9437485,,83.9437485,0.0,293.774994,0.0,,
2025-11-06 00:19:38+00:00,2025-11-06 00:19:38,,,,,,,,,,48.6262512,6.0562501,1081.65002,900.0,8.66250038,1.0,,16.45,0.0,8.74,81.2624969,,81.2624969,0.0,293.850006,0.0,,
2025-11-06 00:19:39+00:00,2025-11-06 00:19:39,,,,,,,,,,50.3962517,6.0374999,1082.25,900.0,8.66250038,1.0,,16.45,0.0,8.74,79.2562485,,79.2562485,0.0,293.850006,0.0,,
2025-11-06 00:19:40+00:00,2025-11-06 00:19:40,49.0,51.0,49.0,49.0,49.0,13.297423946371039,204.0,BO_O2,"O2 규칙 적용: 6.1% (6.0% < O2 ≤ 7.0%) (2단계 롤백, 3~4단계에서 Hz 변화 없음)",50.4187508,6.0093751,1083.15002,900.075012,8.86250019,1.0,,16.45,0.0,8.74,78.4499969,,78.4499969,0.0,293.850006,0.0,,
2025-11-06 00:19:41+00:00,2025-11-06 00:19:41,,,,,,,,,,50.4150009,6.0093751,1083.59998,900.150024,9.0,1.0,,16.45,0.0,8.74,79.8187485,,79.8187485,0.0,293.850006,0.0,,
2025-11-06 00:19:42+00:00,2025-11-06 00:19:42,,,,,,,,,,50.4637489,5.97343731,1084.34998,900.224976,9.0,1.0,,16.45,0.0,8.74,83.4000015,,83.4000015,0.0,293.924988,0.0,,
2025-11-06 00:19:43+00:00,2025-11-06 00:19:43,,,,,,,,,,50.4150009,5.97343731,1084.875,900.224976,9.0,1.0,,16.45,0.0,8.74,85.3312531,,85.3312531,0.0,293.850006,0.0,,
2025-11-06 00:19:44+00:00,2025-11-06 00:19:44,,,,,,,,,,50.4262505,5.93281269,1085.69995,900.299988,9.0,1.0,,16.45,0.0,8.74,87.5437469,,87.5437469,0.0,293.850006,0.0,,
2025-11-06 00:19:45+00:00,2025-11-06 00:19:45,51.0,51.0,51.0,51.0,51.0,13.556573812469871,100.0,BO_ONLY,"BO 모델 결과만 사용 (1단계 롤백, 2~4단계에서 Hz 변화 없음)",50.4337502,5.9078126,1086.15002,900.299988,9.75,1.0,,16.45,0.0,8.74,88.78125,38.0,88.78125,0.0,293.774994,0.0,,
2025-11-06 00:19:46+00:00,2025-11-06 00:19:46,,,,,,,,,,50.4337502,5.9078126,1086.90002,900.375,9.75,1.0,,16.45,0.0,8.74,89.6812515,,89.6812515,0.0,293.850006,0.0,,
2025-11-06 00:19:47+00:00,2025-11-06 00:19:47,,,,,,,,,,50.4225006,5.8984375,1087.34998,900.375,9.75,1.0,,16.45,0.0,9.07,89.90625,,89.90625,0.0,293.924988,0.0,,
2025-11-06 00:19:48+00:00,2025-11-06 00:19:48,,,,,,,,,,52.4287491,5.90625,1087.94995,900.450012,9.76249981,1.0,,16.45,0.0,9.07,90.3562469,,90.3562469,0.0,293.850006,0.0,,
2025-11-06 00:19:49+00:00,2025-11-06 00:19:49,,,,,,,,,,52.5149994,5.90625,1088.32495,900.525024,9.75,1.0,,16.45,0.0,9.07,90.4312515,,90.4312515,0.0,292.725006,0.0,,
2025-11-06 00:19:50+00:00,2025-11-06 00:19:50,51.0,51.0,51.0,51.0,51.0,12.342093593235937,100.0,BO_ONLY,"BO 모델 결과만 사용 (1단계 롤백, 2~4단계에서 Hz 변화 없음)",52.5187492,5.9156251,1088.84998,900.599976,10.2124996,1.0,,16.45,0.0,9.07,91.1624985,,91.1624985,0.0,288.299988,0.0,,
2025-11-06 00:19:51+00:00,2025-11-06 00:19:51,,,,,,,,,,52.5525017,5.9156251,1089.22498,900.599976,10.5124998,1.0,,16.45,0.0,9.07,92.6624985,,92.6624985,0.0,281.549988,0.0,,
2025-11-06 00:19:52+00:00,2025-11-06 00:19:52,,,,,,,,,,52.5449982,5.92656231,1089.59998,900.75,10.5124998,1.0,,16.45,0.0,10.62,94.875,,94.875,0.0,270.825012,0.0,,
2025-11-06 00:19:53+00:00,2025-11-06 00:19:53,,,,,,,,,,52.5412483,5.93437481,1089.90002,900.674988,10.5124998,1.0,,16.45,0.0,10.62,95.8125,,95.8125,0.0,267.899994,0.0,,
2025-11-06 00:19:54+00:00,2025-11-06 00:19:54,,,,,,,,,,52.5487518,5.93437481,1090.34998,900.825012,10.5124998,1.0,,16.45,0.0,10.62,97.0687485,,97.0687485,0.0,264.075012,0.0,,
2025-11-06 00:19:55+00:00,2025-11-06 00:19:55,51.0,51.0,51.0,51.0,51.0,13.36716955607625,100.0,BO_ONLY,"BO 모델 결과만 사용 (1단계 롤백, 2~4단계에서 Hz 변화 없음)",52.5525017,5.9468751,1090.57495,900.825012,11.6000004,1.0,,16.45,0.0,10.62,97.6125031,,97.6125031,0.0,262.649994,0.0,,
2025-11-06 00:19:56+00:00,2025-11-06 00:19:56,,,,,,,,,,52.5449982,5.96875,1090.94995,900.900024,11.6125002,1.0,,16.45,0.0,10.62,98.2312469,,98.2312469,0.0,261.0,0.0,,
2025-11-06 00:19:57+00:00,2025-11-06 00:19:57,,,,,,,,,,52.5337486,5.96875,1091.17505,900.900024,11.6125002,1.0,,16.45,0.0,10.62,98.6062469,,98.6062469,0.0,261.0,0.0,,
2025-11-06 00:19:58+00:00,2025-11-06 00:19:58,,,,,,,,,,52.5487518,5.99531269,1091.47498,901.049988,11.6125002,1.0,,16.45,0.0,10.62,98.625,,98.625,0.0,261.149994,0.0,,
2025-11-06 00:19:59+00:00,2025-11-06 00:19:59,,,,,,,,,,52.5374985,5.99531269,1091.69995,901.049988,11.6125002,1.0,,16.45,0.0,10.62,98.625,,98.625,0.0,261.0,0.0,,
2025-11-06 00:20:00+00:00,2025-11-06 00:20:00,51.0,51.0,51.0,51.0,51.0,13.756840578157618,100.0,BO_ONLY,"BO 모델 결과만 사용 (1단계 롤백, 2~4단계에서 Hz 변화 없음)",52.5487518,6.0234375,1091.84998,901.125,12.4250002,1.0,,16.45,0.0,10.62,98.625,39.60680375729881,98.625,0.0,259.424988,0.0,,
2025-11-06 00:20:01+00:00,2025-11-06 00:20:01,,,,,,,,,,52.5525017,6.05781269,1092.0,901.200012,12.9499998,1.0,,16.45,0.0,10.62,98.625,,98.625,0.0,259.350006,0.0,,
2025-11-06 00:20:02+00:00,2025-11-06 00:20:02,,,,,,,,,,52.5487518,6.05781269,1092.30005,901.275024,12.9499998,1.0,,16.45,0.0,13.06,98.625,,98.625,0.0,259.424988,0.0,,
2025-11-06 00:20:03+00:00,2025-11-06 00:20:03,,,,,,,,,,52.5525017,6.0953126,1092.375,901.349976,12.9624996,1.0,,16.45,0.0,13.06,98.625,,98.625,0.0,259.350006,0.0,,
2025-11-06 00:20:04+00:00,2025-11-06 00:20:04,,,,,,,,,,52.5562515,6.14531231,1092.67505,901.424988,12.9624996,1.0,,16.45,0.0,13.06,98.625,,98.625,0.0,259.424988,0.0,,
2025-11-06 00:20:05+00:00,2025-11-06 00:20:05,49.0,51.0,49.0,49.0,49.0,15.883760620382722,204.0,BO_O2,"O2 규칙 적용: 6.1% (6.0% < O2 ≤ 7.0%) (2단계 롤백, 3~4단계에서 Hz 변화 없음)",52.5562515,6.14531231,1092.75,901.5,12.9499998,1.0,,16.45,0.0,13.06,98.625,,98.625,0.0,259.350006,0.0,,
2025-11-06 00:20:06+00:00,2025-11-06 00:20:06,,,,,,,,,,52.5449982,6.2015624,1093.05005,901.5,12.9499998,1.0,,16.45,0.0,13.06,98.625,,98.625,0.0,259.350006,0.0,,
2025-11-06 00:20:07+00:00,2025-11-06 00:20:07,,,,,,,,,,52.5449982,6.2593751,1093.27502,901.650024,12.9499998,1.0,,16.45,0.0,13.06,98.625,,98.625,0.0,259.424988,0.0,,
2025-11-06 00:20:08+00:00,2025-11-06 00:20:08,,,,,,,,,,50.8462486,6.2593751,1093.57495,901.650024,12.9499998,1.0,,16.45,0.0,13.06,98.625,,98.625,0.0,259.424988,0.0,,
2025-11-06 00:20:09+00:00,2025-11-06 00:20:09,,,,,,,,,,50.5087509,6.3062501,1093.72498,901.724976,12.9499998,1.0,,16.45,0.0,13.06,98.625,,98.625,0.0,259.424988,0.0,,
2025-11-06 00:20:10+00:00,2025-11-06 00:20:10,49.0,50.0,49.0,49.0,49.0,15.563268935402892,204.0,BO_O2,"O2 규칙 적용: 6.2% (6.0% < O2 ≤ 7.0%) (2단계 롤백, 3~4단계에서 Hz 변화 없음)",50.4262505,6.3062501,1093.94995,901.799988,13.4125004,1.0,,16.45,0.0,13.06,98.53125,,98.53125,0.0,259.350006,0.0,,
2025-11-06 00:20:11+00:00,2025-11-06 00:20:11,,,,,,,,,,50.4337502,6.35624981,1094.09998,901.875,13.7124996,1.0,,16.45,0.0,13.06,97.0500031,,97.0500031,0.0,259.424988,0.0,,
2025-11-06 00:20:12+00:00,2025-11-06 00:20:12,,,,,,,,,,50.4262505,6.4124999,1094.47498,901.950012,13.7124996,1.0,,16.45,0.0,13.85,95.6437531,,95.6437531,0.0,259.575012,0.0,,
2025-11-06 00:20:13+00:00,2025-11-06 00:20:13,,,,,,,,,,50.4300003,6.4124999,1094.77502,902.025024,13.7124996,1.0,,16.45,0.0,13.85,94.1999969,,94.1999969,0.0,261.075012,0.0,,
2025-11-06 00:20:14+00:00,2025-11-06 00:20:14,,,,,,,,,,50.4337502,6.4765625,1095.15002,902.099976,13.7124996,1.0,,16.45,0.0,13.85,93.3000031,,93.3000031,0.0,261.075012,0.0,,
2025-11-06 00:20:15+00:00,2025-11-06 00:20:15,49.0,50.0,49.0,49.0,49.0,15.75465910838073,204.0,BO_O2,"O2 규칙 적용: 6.4% (6.0% < O2 ≤ 7.0%) (2단계 롤백, 3~4단계에서 Hz 변화 없음)",50.4562492,6.4765625,1095.52502,902.174988,15.0625,1.0,,16.45,0.0,13.85,92.6062469,41.4068037572988,92.6062469,0.0,261.149994,0.0,,
2025-11-06 00:20:16+00:00,2025-11-06 00:20:16,,,,,,,,,,50.4449997,6.53437519,1096.05005,902.325012,15.0749998,1.0,,16.45,0.0,13.85,92.6062469,,92.6062469,0.0,260.924988,0.0,,
2025-11-06 00:20:17+00:00,2025-11-06 00:20:17,,,,,,,,,,50.4337502,6.58125019,1096.42505,902.325012,15.0749998,1.0,,16.45,0.0,13.85,92.2312469,,92.2312469,0.0,261.149994,0.0,,
2025-11-06 00:20:18+00:00,2025-11-06 00:20:18,,,,,,,,,,50.4524994,6.58125019,1096.94995,902.400024,15.0749998,1.0,,16.45,0.0,13.85,92.2312469,,92.2312469,0.0,260.924988,0.0,,
2025-11-06 00:20:19+00:00,2025-11-06 00:20:19,,,,,,,,,,50.4300003,6.6234374,1097.25,902.474976,15.0749998,1.0,,16.45,0.0,13.85,92.2312469,,92.2312469,0.0,261.0,0.0,,
2025-11-06 00:20:20+00:00,2025-11-06 00:20:20,49.0,49.0,49.0,49.0,49.0,17.511996606231353,100.0,BO_ONLY,"BO 모델 결과만 사용 (1단계 롤백, 2~4단계에서 Hz 변화 없음)",50.4262505,6.65625,1097.77502,902.549988,15.5375004,1.0,,16.45,0.0,13.85,92.2312469,,92.2312469,0.0,260.924988,0.0,,
2025-11-06 00:20:21+00:00,2025-11-06 00:20:21,,,,,,,,,,50.4300003,6.65625,1098.15002,902.625,15.8249998,1.0,,16.45,0.0,13.85,92.2125015,,92.2125015,0.0,261.149994,0.0,,
2025-11-06 00:20:22+00:00,2025-11-06 00:20:22,,,,,,,,,,50.4375,6.66874981,1098.67505,902.700012,15.8249998,1.0,,16.45,0.0,15.94,92.2312469,,92.2312469,0.0,261.149994,0.0,,
2025-11-06 00:20:23+00:00,2025-11-06 00:20:23,,,,,,,,,,50.4262505,6.66874981,1099.05005,902.775024,15.8249998,1.0,,16.45,0.0,15.94,92.2312469,,92.2312469,0.0,262.575012,0.0,,
2025-11-06 00:20:24+00:00,2025-11-06 00:20:24,,,,,,,,,,50.4599991,6.65312481,1099.65002,902.849976,15.8249998,1.0,,16.45,0.0,15.94,92.2312469,,92.2312469,0.0,262.575012,0.0,,
2025-11-06 00:20:25+00:00,2025-11-06 00:20:25,48.0,48.0,48.0,48.0,48.0,18.31132729316038,100.0,BO_ONLY,"BO 모델 결과만 사용 (1단계 롤백, 2~4단계에서 Hz 변화 없음)",50.4375,6.6265626,1100.02502,902.849976,16.75,1.0,,16.45,0.0,15.94,92.2312469,,92.2312469,0.0,263.924988,0.0,,
2025-11-06 00:20:26+00:00,2025-11-06 00:20:26,,,,,,,,,,50.4337502,6.6265626,1100.625,902.924988,16.7625008,1.0,,16.45,0.0,15.94,92.5124969,,92.5124969,0.0,264.0,0.0,,
2025-11-06 00:20:27+00:00,2025-11-06 00:20:27,,,,,,,,,,50.4075012,6.59687519,1101.0,903.075012,16.7625008,1.0,,16.45,0.0,15.94,92.6062469,,92.6062469,0.0,264.075012,0.0,,
2025-11-06 00:20:28+00:00,2025-11-06 00:20:28,,,,,,,,,,49.4099998,6.5703125,1101.52502,903.150024,16.75,1.0,,16.45,0.0,15.94,92.6062469,,92.6062469,0.0,264.075012,0.0,,
2025-11-06 00:20:29+00:00,2025-11-06 00:20:29,,,,,,,,,,49.3387489,6.5703125,1101.90002,903.224976,16.7625008,1.0,,16.45,0.0,15.94,92.6062469,,92.6062469,0.0,264.0,0.0,,
2025-11-06 00:20:30+00:00,2025-11-06 00:20:30,48.0,48.0,48.0,48.0,48.0,18.783981603356573,100.0,BO_ONLY,"BO 모델 결과만 사용 (1단계 롤백, 2~4단계에서 Hz 변화 없음)",49.2900009,6.55156231,1102.34998,903.299988,17.0125008,1.0,,16.45,0.0,15.94,92.2312469,42.30680375729881,92.2312469,0.0,264.0,0.0,,
2025-11-06 00:20:31+00:00,2025-11-06 00:20:31,,,,,,,,,,49.2750015,6.55156231,1102.72498,903.375,17.1749992,1.0,,16.45,0.0,15.94,91.1624985,,91.1624985,0.0,264.075012,0.0,,
2025-11-06 00:20:32+00:00,2025-11-06 00:20:32,,,,,,,,,,49.2825012,6.53437519,1103.25,903.375,17.1749992,1.0,,16.45,0.0,17.29,90.4499969,,90.4499969,0.0,264.075012,0.0,,
2025-11-06 00:20:33+00:00,2025-11-06 00:20:33,,,,,,,,,,49.2975006,6.515625,1103.625,903.525024,17.1875,1.0,,16.45,0.0,17.29,89.6812515,,89.6812515,0.0,264.0,0.0,,
2025-11-06 00:20:34+00:00,2025-11-06 00:20:34,,,,,,,,,,49.3424988,6.515625,1104.22498,903.599976,17.1749992,1.0,,16.45,0.0,17.29,89.3249969,,89.3249969,0.0,264.075012,0.0,,
2025-11-06 00:20:35+00:00,2025-11-06 00:20:35,48.0,48.0,48.0,48.0,48.0,18.096240912911053,100.0,BO_ONLY,"BO 모델 결과만 사용 (1단계 롤백, 2~4단계에서 Hz 변화 없음)",49.3274994,6.48750019,1104.59998,903.599976,16.75,1.0,,16.45,0.0,17.29,88.875,,88.875,0.0,264.075012,0.0,,
2025-11-06 00:20:36+00:00,2025-11-06 00:20:36,,,,,,,,,,49.2900009,6.4515624,1105.125,903.75,16.75,1.0,,16.45,0.0,17.29,88.8562469,,88.8562469,0.0,264.075012,0.0,,
2025-11-06 00:20:37+00:00,2025-11-06 00:20:37,,,,,,,,,,49.3050003,6.4515624,1105.5,903.75,16.7625008,1.0,,16.45,0.0,17.29,88.7624969,,88.7624969,0.0,264.0,0.0,,
2025-11-06 00:20:38+00:00,2025-11-06 00:20:38,,,,,,,,,,49.3387489,6.4203124,1106.02502,903.900024,16.75,1.0,,16.45,0.0,17.29,88.5,,88.5,0.0,265.5,0.0,,
2025-11-06 00:20:39+00:00,2025-11-06 00:20:39,,,,,,,,,,49.3012505,6.3984375,1106.32495,903.900024,16.75,1.0,,16.45,0.0,17.29,88.8000031,,88.8000031,0.0,265.5,0.0,,
2025-11-06 00:20:40+00:00,2025-11-06 00:20:40,47.0,47.0,47.0,47.0,47.0,16.93523735586235,100.0,BO_ONLY,"BO 모델 결과만 사용 (1단계 롤백, 2~4단계에서 Hz 변화 없음)",49.3050003,6.3984375,1106.69995,904.049988,17.0874996,1.0,,16.45,0.0,17.29,88.8562469,,88.8562469,0.0,265.575012,0.0,,
2025-11-06 00:20:41+00:00,2025-11-06 00:20:41,,,,,,,,,,49.3237495,6.3734374,1106.92505,904.125,17.0874996,1.0,,16.45,0.0,17.29,88.8562469,,88.8562469,0.0,265.5,0.0,,
2025-11-06 00:20:42+00:00,2025-11-06 00:20:42,,,,,,,,,,49.3387489,6.3734374,1107.375,904.125,17.1000004,1.0,,16.45,0.0,17.17,88.8562469,,88.8562469,0.0,265.5,0.0,,
2025-11-06 00:20:43+00:00,2025-11-06 00:20:43,,,,,,,,,,48.375,6.34843731,1107.67505,904.200012,17.0874996,1.0,,16.45,0.0,17.17,88.875,,88.875,0.0,266.850006,0.0,,
2025-11-06 00:20:44+00:00,2025-11-06 00:20:44,,,,,,,,,,48.2775002,6.3359375,1107.97498,904.349976,17.0874996,1.0,,16.45,0.0,17.17,88.8187485,,88.8187485,0.0,267.075012,0.0,,
2025-11-06 00:20:45+00:00,2025-11-06 00:20:45,47.0,47.0,47.0,47.0,47.0,15.474934870836414,100.0,BO_ONLY,"BO 모델 결과만 사용 (1단계 롤백, 2~4단계에서 Hz 변화 없음)",48.2775002,6.3359375,1108.19995,904.349976,17.8374996,1.0,,16.45,0.0,17.17,88.4812469,43.20680375729881,88.4812469,0.0,267.0,0.0,,
2025-11-06 00:20:46+00:00,2025-11-06 00:20:46,,,,,,,,,,48.2700005,6.34687519,1108.5,904.424988,17.8500004,1.0,,16.45,0.0,17.17,88.0875015,,88.0875015,0.0,267.075012,0.0,,
2025-11-06 00:20:47+00:00,2025-11-06 00:20:47,,,,,,,,,,48.2849998,6.37187481,1108.72498,904.424988,17.8500004,1.0,,16.45,0.0,17.17,87.1875,,87.1875,0.0,267.0,0.0,,
2025-11-06 00:20:48+00:00,2025-11-06 00:20:48,,,,,,,,,,48.2849998,6.37187481,1108.94995,904.575012,17.8500004,1.0,,16.45,0.0,17.17,86.6624985,,86.6624985,0.0,267.075012,0.0,,
2025-11-06 00:20:49+00:00,2025-11-06 00:20:49,,,,,,,,,,48.2700005,6.40625,1109.17505,904.575012,17.8500004,1.0,,16.45,0.0,17.17,86.2874985,,86.2874985,0.0,267.825012,0.0,,
2025-11-06 00:20:50+00:00,2025-11-06 00:20:50,47.0,47.0,47.0,47.0,47.0,17.46498871565564,100.0,BO_ONLY,"BO 모델 결과만 사용 (1단계 롤백, 2~4단계에서 Hz 변화 없음)",48.2775002,6.40625,1109.32495,904.724976,18.0125008,1.0,,16.45,0.0,17.17,85.9124985,,85.9124985,0.0,268.424988,0.0,,
2025-11-06 00:20:51+00:00,2025-11-06 00:20:51,,,,,,,,,,48.28125,6.4437499,1109.47498,904.724976,18.0125008,1.0,,16.45,0.0,17.17,85.59375,,85.59375,0.0,268.5,0.0,,
2025-11-06 00:20:52+00:00,2025-11-06 00:20:52,,,,,,,,,,48.28125,6.484375,1109.625,904.875,18.0125008,1.0,,16.45,0.0,18.13,85.5562515,,85.5562515,0.0,268.5,0.0,,
2025-11-06 00:20:53+00:00,2025-11-06 00:20:53,,,,,,,,,,48.2737503,6.484375,1109.69995,904.875,18.0125008,1.0,,16.45,0.0,18.13,85.5562515,,85.5562515,0.0,268.5,0.0,,
2025-11-06 00:20:54+00:00,2025-11-06 00:20:54,,,,,,,,,,48.2700005,6.5390625,1109.77502,904.950012,18.0125008,1.0,,16.45,0.0,18.13,85.5562515,,85.5562515,0.0,268.424988,0.0,,
2025-11-06 00:20:55+00:00,2025-11-06 00:20:55,47.0,47.0,47.0,47.0,47.0,18.19321223202151,100.0,BO_ONLY,"BO 모델 결과만 사용 (1단계 롤백, 2~4단계에서 Hz 변화 없음)",48.2662506,6.61250019,1109.84998,904.950012,18.1875,1.0,,16.45,0.0,18.13,85.5562515,,85.5562515,0.0,268.5,0.0,,
2025-11-06 00:20:56+00:00,2025-11-06 00:20:56,,,,,,,,,,48.2775002,6.61250019,1109.92505,905.099976,18.1875,1.0,,16.45,0.0,18.13,85.5562515,,85.5562515,0.0,268.5,0.0,,
2025-11-06 00:20:57+00:00,2025-11-06 00:20:57,,,,,,,,,,48.2887497,6.69999981,1110.0,905.099976,18.1875,1.0,,16.45,0.0,18.13,85.5374985,,85.5374985,0.0,268.5,0.0,,
2025-11-06 00:20:58+00:00,2025-11-06 00:20:58,,,,,,,,,,48.2924995,6.69999981,1110.0,905.174988,18.1875,1.0,,16.45,0.0,18.13,85.5562515,,85.5562515,0.0,268.424988,0.0,,
2025-11-06 00:20:59+00:00,2025-11-06 00:20:59,,,,,,,,,,48.2849998,6.796875,1110.0,905.25,18.1875,1.0,,16.45,0.0,18.13,85.5562515,,85.5562515,0.0,268.5,0.0,,
2025-11-06 00:21:00+00:00,2025-11-06 00:21:00,46.0,46.0,46.0,46.0,46.0,18.58205425068793,100.0,BO_ONLY,"BO 모델 결과만 사용 (1단계 롤백, 2~4단계에서 Hz 변화 없음)",48.2775002,6.89531231,1110.0,905.325012,18.4375,1.0,,16.45,0.0,18.13,85.5562515,44.10680375729881,85.5562515,0.0,268.5,0.0,,
2025-11-06 00:21:01+00:00,2025-11-06 00:21:01,,,,,,,,,,48.2775002,6.89531231,1110.0,905.325012,18.4375,1.0,,16.45,0.0,18.13,85.5562515,,85.5562515,0.0,268.5,0.0,,
2025-11-06 00:21:02+00:00,2025-11-06 00:21:02,,,,,,,,,,48.2737503,6.9937501,1110.0,905.400024,18.4375,1.0,,16.45,0.0,18.13,85.21875,,85.21875,0.0,268.424988,0.0,,
2025-11-06 00:21:03+00:00,2025-11-06 00:21:03,,,,,,,,,,47.2537498,7.09843731,1110.07495,905.474976,18.4375,1.0,,16.45,0.0,18.58,85.1999969,,85.1999969,0.0,268.5,0.0,,
2025-11-06 00:21:04+00:00,2025-11-06 00:21:04,,,,,,,,,,47.2312508,7.09843731,1110.07495,905.549988,18.4375,1.0,,16.45,0.0,18.58,85.1999969,,85.1999969,0.0,268.5,0.0,,
2025-11-06 00:21:05+00:00,2025-11-06 00:21:05,47.0,47.0,47.0,47.0,47.0,17.22644986327818,100.0,BO_ONLY,"BO 모델 결과만 사용 (1단계 롤백, 2~4단계에서 Hz 변화 없음)",47.2275009,7.19999981,1110.07495,905.625,18.1875,1.0,,16.45,0.0,18.58,85.1999969,,85.1999969,0.0,268.5,0.0,,
2025-11-06 00:21:06+00:00,2025-11-06 00:21:06,,,,,,,,,,47.2275009,7.19999981,1110.07495,905.700012,18.1875,1.0,,16.45,0.0,18.58,84.3375015,,84.3375015,0.0,268.424988,0.0,,
2025-11-06 00:21:07+00:00,2025-11-06 00:21:07,,,,,,,,,,47.2237511,7.28593731,1110.07495,905.775024,18.1875,1.0,,16.45,0.0,18.58,83.6437531,,83.6437531,0.0,268.5,0.0,,
2025-11-06 00:21:08+00:00,2025-11-06 00:21:08,,,,,,,,,,48.0600014,7.3578124,1110.0,905.775024,18.1875,1.0,,16.45,0.0,18.58,82.9499969,,82.9499969,0.0,268.5,0.0,,
2025-11-06 00:21:09+00:00,2025-11-06 00:21:09,,,,,,,,,,48.2662506,7.3578124,1109.92505,905.849976,18.1875,1.0,,16.45,0.0,18.58,82.4812469,,82.4812469,0.0,268.5,0.0,,
2025-11-06 00:21:10+00:00,2025-11-06 00:21:10,46.0,47.0,46.0,46.0,46.0,16.656332062211032,205.0,BO_O2,"O2 규칙 적용: 7.3% (7.0% < O2 ≤ 8.0%) (2단계 롤백, 3~4단계에서 Hz 변화 없음)",48.2775002,7.41874981,1109.77502,905.924988,18.0125008,1.0,,16.45,0.0,18.58,82.1812515,,82.1812515,0.0,268.5,0.0,,
2025-11-06 00:21:11+00:00,2025-11-06 00:21:11,,,,,,,,,,48.2849998,7.4781251,1109.69995,905.924988,18.0125008,1.0,,16.45,0.0,18.58,83.0250015,,83.0250015,0.0,267.075012,0.0,,
2025-11-06 00:21:12+00:00,2025-11-06 00:21:12,,,,,,,,,,48.28125,7.4781251,1109.625,906.0,18.0249996,1.0,,16.45,0.0,18.58,83.6437531,,83.6437531,0.0,267.075012,0.0,,
2025-11-06 00:21:13+00:00,2025-11-06 00:21:13,,,,,,,,,,47.3737488,7.53125,1109.55005,906.075012,18.0125008,1.0,,16.45,0.0,18.16,84.09375,,84.09375,0.0,267.075012,0.0,,
2025-11-06 00:21:14+00:00,2025-11-06 00:21:14,,,,,,,,,,47.2312508,7.53125,1109.40002,906.150024,18.0125008,1.0,,16.45,0.0,18.16,84.7312469,,84.7312469,0.0,267.0,0.0,,
2025-11-06 00:21:15+00:00,2025-11-06 00:21:15,46.0,47.0,46.0,46.0,46.0,16.14258976345281,205.0,BO_O2,"O2 규칙 적용: 7.5% (7.0% < O2 ≤ 8.0%) (2단계 롤백, 3~4단계에서 Hz 변화 없음)",47.2312508,7.5843749,1109.32495,906.224976,18.3500004,1.0,,16.45,0.0,18.16,84.9562531,44.10680375729881,84.9562531,0.0,267.075012,0.0,,
2025-11-06 00:21:16+00:00,2025-11-06 00:21:16,,,,,,,,,,47.2162514,7.62187481,1109.17505,906.299988,18.3500004,1.0,,16.45,0.0,18.16,84.1312485,,84.1312485,0.0,267.075012,0.0,,
2025-11-06 00:21:17+00:00,2025-11-06 00:21:17,,,,,,,,,,47.2275009,7.62187481,1108.94995,906.299988,18.3500004,1.0,,16.45,0.0,18.16,83.625,,83.625,0.0,267.0,0.0,,
2025-11-06 00:21:18+00:00,2025-11-06 00:21:18,,,,,,,,,,47.2312508,7.65156269,1108.72498,906.375,18.3500004,1.0,,16.45,0.0,18.16,82.9499969,,82.9499969,0.0,267.075012,0.0,,
2025-11-06 00:21:19+00:00,2025-11-06 00:21:19,,,,,,,,,,47.2312508,7.6859374,1108.57495,906.450012,18.3500004,1.0,,16.45,0.0,18.16,82.5187531,,82.5187531,0.0,267.075012,0.0,,
2025-11-06 00:21:20+00:00,2025-11-06 00:21:20,46.0,47.0,46.0,46.0,46.0,16.263870469265008,205.0,BO_O2,"O2 규칙 적용: 7.6% (7.0% < O2 ≤ 8.0%) (2단계 롤백, 3~4단계에서 Hz 변화 없음)",47.2312508,7.6859374,1108.27502,906.450012,18.5125008,1.0,,16.45,0.0,18.16,82.1812515,,82.1812515,0.0,267.075012,0.0,,
2025-11-06 00:21:21+00:00,2025-11-06 00:21:21,,,,,,,,,,47.2312508,7.734375,1108.125,906.525024,18.5249996,1.0,,16.45,0.0,18.16,82.1812515,,82.1812515,0.0,267.075012,0.0,,
2025-11-06 00:21:22+00:00,2025-11-06 00:21:22,,,,,,,,,,47.2275009,7.734375,1107.82495,906.525024,18.5249996,1.0,,16.45,0.0,18.16,82.1624985,,82.1624985,0.0,267.0,0.0,,
2025-11-06 00:21:23+00:00,2025-11-06 00:21:23,,,,,,,,,,47.2350006,7.7906251,1107.75,906.599976,18.5125008,1.0,,16.45,0.0,18.64,82.1812515,,82.1812515,0.0,267.0,0.0,,
2025-11-06 00:21:24+00:00,2025-11-06 00:21:24,,,,,,,,,,47.2237511,7.8531251,1107.52502,906.674988,18.5125008,1.0,,16.45,0.0,18.64,82.1812515,,82.1812515,0.0,267.075012,0.0,,
2025-11-06 00:21:25+00:00,2025-11-06 00:21:25,42.23125076666667,41.0,41.0,41.0,41.0,16.633338482515335,100.0,BO_ONLY,"BO 모델 결과만 사용 (1단계 롤백, 2~4단계에서 Hz 변화 없음)",47.2237511,7.8531251,1107.375,906.674988,19.1124992,1.0,,16.45,0.0,18.64,82.1812515,,82.1812515,0.0,267.075012,0.0,,
2025-11-06 00:21:26+00:00,2025-11-06 00:21:26,,,,,,,,,,47.2350006,7.91874981,1107.15002,906.75,19.1000004,1.0,,16.45,0.0,18.64,82.1624985,,82.1624985,0.0,267.0,0.0,,
2025-11-06 00:21:27+00:00,2025-11-06 00:21:27,,,,,,,,,,47.2312508,7.9906249,1106.84998,906.825012,19.1124992,1.0,,16.45,0.0,18.64,82.1812515,,82.1812515,0.0,267.075012,0.0,,
2025-11-06 00:21:28+00:00,2025-11-06 00:21:28,,,,,,,,,,44.5237503,7.9906249,1106.69995,906.825012,19.1124992,1.0,,16.45,0.0,18.64,82.1812515,,82.1812515,0.0,267.075012,0.0,,
2025-11-06 00:21:29+00:00,2025-11-06 00:21:29,,,,,,,,,,43.0987511,8.06718731,1106.40002,906.825012,19.1124992,1.0,,16.45,0.0,18.64,82.1812515,,82.1812515,0.0,267.0,0.0,,
2025-11-06 00:21:30+00:00,2025-11-06 00:21:30,41.33000056666666,41.0,41.0,41.0,41.0,18.03177908575751,100.0,BO_ONLY,"BO 모델 결과만 사용 (1단계 롤백, 2~4단계에서 Hz 변화 없음)",43.0912514,8.06718731,1106.02502,906.900024,19.5249996,1.0,,16.45,0.0,18.64,81.8249969,43.20680375729881,81.8249969,0.0,267.075012,0.0,,
2025-11-06 00:21:31+00:00,2025-11-06 00:21:31,,,,,,,,,,43.0950012,8.14218712,1105.80005,906.974976,19.5375004,1.0,,16.45,0.0,18.64,79.4625015,,79.4625015,0.0,267.899994,0.0,,
2025-11-06 00:21:32+00:00,2025-11-06 00:21:32,,,,,,,,,,43.0837517,8.22343731,1105.42505,906.974976,19.5375004,1.0,,16.45,0.0,18.64,76.6687469,,76.6687469,0.0,268.5,0.0,,
2025-11-06 00:21:33+00:00,2025-11-06 00:21:33,,,,,,,,,,42.5625,8.22343731,1105.125,906.974976,19.5249996,1.0,,16.45,0.0,19.61,73.59375,,73.59375,0.0,269.475006,0.0,,
2025-11-06 00:21:34+00:00,2025-11-06 00:21:34,,,,,,,,,,42.0337486,8.30624962,1104.75,907.049988,19.5375004,1.0,,16.45,0.0,19.61,71.625,,71.625,0.0,269.924988,0.0,,
2025-11-06 00:21:35+00:00,2025-11-06 00:21:35,41.0,41.0,41.0,41.0,41.0,18.445426064649688,100.0,BO_ONLY,"BO 모델 결과만 사용 (1단계 롤백, 2~4단계에서 Hz 변화 없음)",42.0187492,8.39218712,1104.44995,907.049988,19.375,1.0,,16.45,0.0,19.61,70.0124969,,70.0124969,0.0,269.924988,0.0,,
2025-11-06 00:21:36+00:00,2025-11-06 00:21:36,,,,,,,,,,42.0299988,8.39218712,1104.0,907.049988,19.3624992,1.0,,16.45,0.0,19.61,68.7375031,,68.7375031,0.0,269.924988,0.0,,
2025-11-06 00:21:37+00:00,2025-11-06 00:21:37,,,,,,,,,,42.0299988,8.47968769,1103.625,907.125,19.3624992,1.0,,16.45,0.0,19.61,67.5374985,,67.5374985,0.0,270.0,0.0,,
2025-11-06 00:21:38+00:00,2025-11-06 00:21:38,,,,,,,,,,42.0262489,8.47968769,1103.17505,907.200012,19.3624992,1.0,,16.45,0.0,19.61,66.4312515,,66.4312515,0.0,269.924988,0.0,,
2025-11-06 00:21:39+00:00,2025-11-06 00:21:39,,,,,,,,,,42.0224991,8.56406212,1102.80005,907.200012,19.3624992,1.0,,16.45,0.0,19.61,65.71875,,65.71875,0.0,269.924988,0.0,,
2025-11-06 00:21:40+00:00,2025-11-06 00:21:40,41.0,41.0,41.0,41.0,41.0,18.040949319746062,100.0,BO_ONLY,"BO 모델 결과만 사용 (1단계 롤백, 2~4단계에서 Hz 변화 없음)",42.0299988,8.64375019,1102.34998,907.200012,19.3624992,1.0,,16.45,0.0,19.61,65.0062485,,65.0062485,0.0,269.924988,0.0,,
2025-11-06 00:21:41+00:00,2025-11-06 00:21:41,,,,,,,,,,42.0224991,8.64375019,1102.125,907.275024,19.3624992,1.0,,16.45,0.0,19.61,64.5562515,,64.5562515,0.0,269.924988,0.0,,
2025-11-06 00:21:42+00:00,2025-11-06 00:21:42,,,,,,,,,,42.0299988,8.71718788,1101.67505,907.275024,19.3624992,1.0,,16.45,0.0,19.61,64.2375031,,64.2375031,0.0,269.924988,0.0,,
2025-11-06 00:21:43+00:00,2025-11-06 00:21:43,,,,,,,,,,42.0299988,8.79531288,1101.30005,907.200012,19.3624992,1.0,,16.45,0.0,19.47,64.2375031,,64.2375031,0.0,269.924988,0.0,,
2025-11-06 00:21:44+00:00,2025-11-06 00:21:44,,,,,,,,,,42.0149994,8.79531288,1100.84998,907.275024,19.3624992,1.0,,16.45,0.0,19.47,64.2375031,,64.2375031,0.0,269.924988,0.0,,
2025-11-06 00:21:45+00:00,2025-11-06 00:21:45,41.0,41.0,41.0,41.0,41.0,17.43347179800644,100.0,BO_ONLY,"BO 모델 결과만 사용 (1단계 롤백, 2~4단계에서 Hz 변화 없음)",42.0412483,8.87187481,1100.55005,907.275024,19.4500008,1.0,,16.45,0.0,19.47,64.2375031,43.20680375729881,64.2375031,0.0,268.5,0.0,,
2025-11-06 00:21:46+00:00,2025-11-06 00:21:46,,,,,,,,,,42.0187492,8.94843769,1100.02502,907.275024,19.4375,1.0,,16.45,0.0,19.47,64.2375031,,64.2375031,0.0,268.424988,0.0,,
2025-11-06 00:21:47+00:00,2025-11-06 00:21:47,,,,,,,,,,42.0149994,8.94843769,1099.65002,907.275024,19.4500008,1.0,,16.45,0.0,19.47,64.2375031,,64.2375031,0.0,268.424988,0.0,,
2025-11-06 00:21:48+00:00,2025-11-06 00:21:48,,,,,,,,,,42.0262489,9.02656269,1099.19995,907.349976,19.4500008,1.0,,16.45,0.0,19.47,63.9375,,63.9375,0.0,267.075012,0.0,,
2025-11-06 00:21:49+00:00,2025-11-06 00:21:49,,,,,,,,,,42.0187492,9.02656269,1098.82495,907.349976,19.4375,1.0,,16.45,0.0,19.47,63.8812485,,63.8812485,0.0,267.0,0.0,,
2025-11-06 00:21:50+00:00,2025-11-06 00:21:50,42.0,42.0,42.0,42.0,42.0,17.903368037774204,100.0,BO_ONLY,"BO 모델 결과만 사용 (1단계 롤백, 2~4단계에서 Hz 변화 없음)",42.0149994,9.09531212,1098.30005,907.349976,19.4500008,1.0,,16.45,0.0,19.47,63.8812485,,63.8812485,0.0,267.0,0.0,,
2025-11-06 00:21:51+00:00,2025-11-06 00:21:51,,,,,,,,,,42.0187492,9.14999962,1098.0,907.349976,19.4500008,1.0,,16.45,0.0,19.47,63.8812485,,63.8812485,0.0,267.0,0.0,,
2025-11-06 00:21:52+00:00,2025-11-06 00:21:52,,,,,,,,,,42.46875,9.14999962,1097.47498,907.349976,19.4500008,1.0,,16.45,0.0,19.47,63.8812485,,63.8812485,0.0,267.0,0.0,,
2025-11-06 00:21:53+00:00,2025-11-06 00:21:53,,,,,,,,,,43.0800018,9.18593788,1097.17505,907.349976,19.4500008,1.0,,16.45,0.0,19.56,63.8812485,,63.8812485,0.0,267.0,0.0,,
2025-11-06 00:21:54+00:00,2025-11-06 00:21:54,,,,,,,,,,43.0950012,9.18593788,1096.65002,907.349976,19.4500008,1.0,,16.45,0.0,19.56,63.8624992,,63.8624992,0.0,267.0,0.0,,
2025-11-06 00:21:55+00:00,2025-11-06 00:21:55,42.0,42.0,42.0,42.0,42.0,17.40065346851468,100.0,BO_ONLY,"BO 모델 결과만 사용 (1단계 롤백, 2~4단계에서 Hz 변화 없음)",43.0875015,9.20937538,1096.34998,907.349976,19.2875004,1.0,,16.45,0.0,19.56,64.2375031,,64.2375031,0.0,267.0,0.0,,
2025-11-06 00:21:56+00:00,2025-11-06 00:21:56,,,,,,,,,,43.0912514,9.22968769,1095.90002,907.349976,19.2749996,1.0,,16.45,0.0,19.56,64.2562485,,64.2562485,0.0,267.075012,0.0,,
2025-11-06 00:21:57+00:00,2025-11-06 00:21:57,,,,,,,,,,43.0087509,9.22968769,1095.52502,907.349976,19.2749996,1.0,,16.45,0.0,19.56,65.3812485,,65.3812485,0.0,266.774994,0.0,,
2025-11-06 00:21:58+00:00,2025-11-06 00:21:58,,,,,,,,,,41.1412506,9.23281288,1095.0,907.349976,19.2749996,1.0,,16.45,0.0,19.56,65.6999969,,65.6999969,0.0,265.5,0.0,,
2025-11-06 00:21:59+00:00,2025-11-06 00:21:59,,,,,,,,,,41.0024986,9.234375,1094.625,907.349976,19.2749996,1.0,,16.45,0.0,19.56,66.2437515,,66.2437515,0.0,265.5,0.0,,
2025-11-06 00:22:00+00:00,2025-11-06 00:22:00,42.0,42.0,42.0,42.0,42.0,16.968692298993886,100.0,BO_ONLY,"BO 모델 결과만 사용 (1단계 롤백, 2~4단계에서 Hz 변화 없음)",40.9987488,9.234375,1094.09998,907.349976,19.7875004,1.0,,16.45,0.0,19.56,66.5062485,,66.5062485,0.0,267.075012,0.0,,
2025-11-06 00:22:01+00:00,2025-11-06 00:22:01,,,,,,,,,,40.9762497,9.23906231,1093.72498,907.349976,19.7875004,1.0,,16.45,0.0,19.56,65.6812515,42.30680375729881,65.6812515,0.0,267.0,0.0,,
2025-11-06 00:22:02+00:00,2025-11-06 00:22:02,,,,,,,,,,40.9575005,9.23906231,1093.125,907.349976,19.7875004,1.0,,16.45,0.0,19.56,64.2750015,,64.2750015,0.0,267.0,0.0,,
2025-11-06 00:22:03+00:00,2025-11-06 00:22:03,,,,,,,,,,40.9987488,9.25312519,1092.59998,907.349976,19.7875004,1.0,,16.45,0.0,19.87,62.8125,,62.8125,0.0,267.75,0.0,,
2025-11-06 00:22:04+00:00,2025-11-06 00:22:04,,,,,,,,,,41.0024986,9.2734375,1092.22498,907.349976,19.7875004,1.0,,16.45,0.0,19.87,62.0250015,,62.0250015,0.0,268.5,0.0,,
2025-11-06 00:22:05+00:00,2025-11-06 00:22:05,42.0,42.0,42.0,42.0,42.0,17.455847167238293,100.0,BO_ONLY,"BO 모델 결과만 사용 (1단계 롤백, 2~4단계에서 Hz 변화 없음)",40.9837494,9.2734375,1091.84998,907.349976,19.7124996,1.0,,16.45,0.0,19.87,61.2374992,,61.2374992,0.0,268.424988,0.0,,
2025-11-06 00:22:06+00:00,2025-11-06 00:22:06,,,,,,,,,,41.0024986,9.29218769,1091.25,907.275024,19.7000008,1.0,,16.45,0.0,19.87,60.9000015,,60.9000015,0.0,268.5,0.0,,
2025-11-06 00:22:07+00:00,2025-11-06 00:22:07,,,,,,,,,,41.0287514,9.31406212,1090.875,907.275024,19.7124996,1.0,,16.45,0.0,19.87,60.6375008,,60.6375008,0.0,268.424988,0.0,,
2025-11-06 00:22:08+00:00,2025-11-06 00:22:08,,,,,,,,,,41.0137482,9.31406212,1090.19995,907.275024,19.7124996,1.0,,16.45,0.0,19.87,60.5062485,,60.5062485,0.0,268.424988,0.0,,
2025-11-06 00:22:09+00:00,2025-11-06 00:22:09,,,,,,,,,,41.0062485,9.34062481,1089.82495,907.200012,19.7000008,1.0,,16.45,0.0,19.87,60.5062485,,60.5062485,0.0,268.424988,0.0,,
2025-11-06 00:22:10+00:00,2025-11-06 00:22:10,42.0,42.0,42.0,42.0,42.0,17.222332791813784,100.0,BO_ONLY,"BO 모델 결과만 사용 (1단계 롤백, 2~4단계에서 Hz 변화 없음)",41.0099983,9.34062481,1089.07495,907.200012,19.625,1.0,,16.45,0.0,19.87,60.4874992,,60.4874992,0.0,268.5,0.0,,
2025-11-06 00:22:11+00:00,2025-11-06 00:22:11,,,,,,,,,,41.0137482,9.37031269,1088.625,907.275024,19.625,1.0,,16.45,0.0,19.87,60.4874992,,60.4874992,0.0,268.424988,0.0,,
2025-11-06 00:22:12+00:00,2025-11-06 00:22:12,,,,,,,,,,41.0062485,9.41093731,1087.94995,907.275024,19.6124992,1.0,,16.45,0.0,19.87,60.5062485,,60.5062485,0.0,268.5,0.0,,
2025-11-06 00:22:13+00:00,2025-11-06 00:22:13,,,,,,,,,,40.9987488,9.41093731,1087.27502,907.200012,19.625,1.0,,16.45,0.0,19.74,60.5062485,,60.5062485,0.0,268.5,0.0,,
2025-11-06 00:22:14+00:00,2025-11-06 00:22:14,,,,,,,,,,40.9874992,9.45937538,1086.82495,907.125,19.625,1.0,,16.45,0.0,19.74,60.4874992,,60.4874992,0.0,268.5,0.0,,
2025-11-06 00:22:15+00:00,2025-11-06 00:22:15,41.0,41.0,41.0,41.0,41.0,17.318913278118014,100.0,BO_ONLY,"BO 모델 결과만 사용 (1단계 롤백, 2~4단계에서 Hz 변화 없음)",40.9650002,9.51093769,1086.30005,907.200012,19.4500008,1.0,,16.45,0.0,19.74,60.4874992,44.10680375729881,60.4874992,0.0,268.424988,0.0,,
2025-11-06 00:22:16+00:00,2025-11-06 00:22:16,,,,,,,,,,40.9537506,9.51093769,1085.625,907.049988,19.4500008,1.0,,16.45,0.0,19.74,60.5062485,,60.5062485,0.0,268.424988,0.0,,
2025-11-06 00:22:17+00:00,2025-11-06 00:22:17,,,,,,,,,,41.0024986,9.5625,1085.17505,907.049988,19.4500008,1.0,,16.45,0.0,19.74,60.5062485,,60.5062485,0.0,269.924988,0.0,,
2025-11-06 00:22:18+00:00,2025-11-06 00:22:18,,,,,,,,,,41.0175018,9.5625,1084.42505,907.049988,19.4500008,1.0,,16.45,0.0,19.74,60.4874992,,60.4874992,0.0,268.5,0.0,,
2025-11-06 00:22:19+00:00,2025-11-06 00:22:19,,,,,,,,,,40.9500008,9.62031269,1083.90002,907.049988,19.4500008,1.0,,16.45,0.0,19.74,60.4874992,,60.4874992,0.0,268.424988,0.0,,
2025-11-06 00:22:20+00:00,2025-11-06 00:22:20,39.0,39.0,39.0,39.0,39.0,15.804048737060771,100.0,BO_ONLY,"BO 모델 결과만 사용 (1단계 롤백, 2~4단계에서 Hz 변화 없음)",40.9612503,9.68281269,1083.15002,906.974976,19.2000008,1.0,,16.45,0.0,19.74,60.5062485,,60.5062485,0.0,268.5,0.0,,
2025-11-06 00:22:21+00:00,2025-11-06 00:22:21,,,,,,,,,,40.9462509,9.68281269,1082.47498,906.974976,19.2000008,1.0,,16.45,0.0,19.74,60.4874992,,60.4874992,0.0,268.5,0.0,,
2025-11-06 00:22:22+00:00,2025-11-06 00:22:22,,,,,,,,,,40.9575005,9.7421875,1081.94995,906.974976,19.2000008,1.0,,16.45,0.0,19.74,60.4874992,,60.4874992,0.0,268.5,0.0,,
2025-11-06 00:22:23+00:00,2025-11-06 00:22:23,,,,,,,,,,39.9412498,9.796875,1081.5,906.900024,19.1875,1.0,,16.45,0.0,19.32,60.4874992,,60.4874992,0.0,268.424988,0.0,,
2025-11-06 00:22:24+00:00,2025-11-06 00:22:24,,,,,,,,,,39.9187508,9.796875,1080.75,906.825012,19.2000008,1.0,,16.45,0.0,19.32,60.5062485,,60.5062485,0.0,268.424988,0.0,,
2025-11-06 00:22:25+00:00,2025-11-06 00:22:25,39.0,38.0,39.0,39.0,39.0,15.406333332455926,207.0,BO_O2,"O2 규칙 적용: 9.7% (9.0% < O2 ≤ 10.0%) (2단계 롤백, 3~4단계에서 Hz 변화 없음)",39.9187508,9.85312462,1080.30005,906.825012,19.4500008,1.0,,16.45,0.0,19.32,60.1500015,,60.1500015,0.0,268.5,0.0,,
2025-11-06 00:22:26+00:00,2025-11-06 00:22:26,,,,,,,,,,39.9225006,9.85312462,1079.625,906.75,19.4500008,1.0,,16.45,0.0,19.32,59.7562485,,59.7562485,0.0,269.924988,0.0,,
2025-11-06 00:22:27+00:00,2025-11-06 00:22:27,,,,,,,,,,39.9187508,9.92031288,1078.94995,906.75,19.4500008,1.0,,16.45,0.0,19.32,59.1187515,,59.1187515,0.0,269.924988,0.0,,
2025-11-06 00:22:28+00:00,2025-11-06 00:22:28,,,,,,,,,,39.9262505,9.98750019,1078.42505,906.674988,19.4500008,1.0,,16.45,0.0,19.32,58.3125,,58.3125,0.0,269.924988,0.0,,
2025-11-06 00:22:29+00:00,2025-11-06 00:22:29,,,,,,,,,,39.9225006,9.98750019,1077.97498,906.674988,19.4500008,1.0,,16.45,0.0,19.32,57.9187508,,57.9187508,0.0,269.924988,0.0,,
2025-11-06 00:22:30+00:00,2025-11-06 00:22:30,39.0,38.0,39.0,39.0,39.0,15.836041979330286,207.0,BO_O2,"O2 규칙 적용: 9.9% (9.0% < O2 ≤ 10.0%) (2단계 롤백, 3~4단계에서 Hz 변화 없음)",39.9262505,10.0515623,1077.30005,906.599976,19.375,1.0,,16.45,0.0,19.32,57.2625008,43.20680375729881,57.2625008,0.0,269.924988,0.0,,
2025-11-06 00:22:31+00:00,2025-11-06 00:22:31,,,,,,,,,,39.9187508,10.1125002,1076.625,906.525024,19.375,1.0,,16.45,0.0,19.32,56.9249992,,56.9249992,0.0,269.924988,0.0,,
2025-11-06 00:22:32+00:00,2025-11-06 00:22:32,,,,,,,,,,39.9225006,10.1125002,1076.17505,906.525024,19.3624992,1.0,,16.45,0.0,19.32,56.7562485,,56.7562485,0.0,269.924988,0.0,,
2025-11-06 00:22:33+00:00,2025-11-06 00:22:33,,,,,,,,,,39.9150009,10.1765623,1075.5,906.450012,19.375,1.0,,16.45,0.0,19.47,56.7562485,,56.7562485,0.0,269.924988,0.0,,
2025-11-06 00:22:34+00:00,2025-11-06 00:22:34,,,,,,,,,,39.9187508,10.1765623,1075.05005,906.450012,19.375,1.0,,16.45,0.0,19.47,56.7562485,,56.7562485,0.0,269.924988,0.0,,
2025-11-06 00:22:35+00:00,2025-11-06 00:22:35,40.0,44.0,40.0,40.0,40.0,15.980113364914477,208.0,BO_O2,"O2 규칙 적용: 10.1% (10.0% < O2 ≤ 12.0%) (2단계 롤백, 3~4단계에서 Hz 변화 없음)",39.9225006,10.2406254,1074.44995,906.375,19.3624992,1.0,,16.45,0.0,19.47,56.7374992,,56.7374992,0.0,269.850006,0.0,,
2025-11-06 00:22:36+00:00,2025-11-06 00:22:36,,,,,,,,,,39.9262505,10.3015623,1074.07495,906.299988,19.3624992,1.0,,16.45,0.0,19.47,56.7562485,,56.7562485,0.0,268.5,0.0,,
2025-11-06 00:22:37+00:00,2025-11-06 00:22:37,,,,,,,,,,39.9000015,10.3015623,1073.625,906.299988,19.3624992,1.0,,16.45,0.0,19.47,56.7562485,,56.7562485,0.0,268.5,0.0,,
2025-11-06 00:22:38+00:00,2025-11-06 00:22:38,,,,,,,,,,38.9324989,10.3453121,1072.94995,906.224976,19.3624992,1.0,,16.45,0.0,19.47,56.7562485,,56.7562485,0.0,268.424988,0.0,,
2025-11-06 00:22:39+00:00,2025-11-06 00:22:39,,,,,,,,,,38.8012505,10.3687496,1072.27502,906.150024,19.3624992,1.0,,16.45,0.0,19.47,56.7374992,,56.7374992,0.0,268.424988,0.0,,
2025-11-06 00:22:40+00:00,2025-11-06 00:22:40,40.0,44.0,40.0,40.0,40.0,16.133092420483923,208.0,BO_O2,"O2 규칙 적용: 10.3% (10.0% < O2 ≤ 12.0%) (2단계 롤백, 3~4단계에서 Hz 변화 없음)",38.8125,10.3687496,1071.82495,906.150024,19.625,1.0,,16.45,0.0,19.47,56.7562485,,56.7562485,0.0,268.5,0.0,,
2025-11-06 00:22:41+00:00,2025-11-06 00:22:41,,,,,,,,,,38.8087502,10.3796873,1071.15002,906.0,19.6124992,1.0,,16.45,0.0,19.47,56.0062485,,56.0062485,0.0,269.924988,0.0,,
2025-11-06 00:22:42+00:00,2025-11-06 00:22:42,,,,,,,,,,38.8050003,10.3796873,1070.77502,906.0,19.6124992,1.0,,16.45,0.0,19.47,55.2937508,,55.2937508,0.0,269.924988,0.0,,
2025-11-06 00:22:43+00:00,2025-11-06 00:22:43,,,,,,,,,,38.8087502,10.390625,1070.32495,905.924988,19.625,1.0,,16.45,0.0,19.76,54.9562492,,54.9562492,0.0,269.924988,0.0,,
2025-11-06 00:22:44+00:00,2025-11-06 00:22:44,,,,,,,,,,38.8012505,10.4078121,1069.72498,905.849976,19.625,1.0,,16.45,0.0,19.76,53.8875008,,53.8875008,0.0,269.850006,0.0,,
2025-11-06 00:22:45+00:00,2025-11-06 00:22:45,40.0,44.0,40.0,40.0,40.0,16.05517365956434,208.0,BO_O2,"O2 규칙 적용: 10.4% (10.0% < O2 ≤ 12.0%) (2단계 롤백, 3~4단계에서 Hz 변화 없음)",38.8087502,10.4078121,1069.27502,905.849976,19.875,1.0,,16.45,0.0,19.76,53.8125,39.60680375729881,53.8125,0.0,269.924988,0.0,,
2025-11-06 00:22:46+00:00,2025-11-06 00:22:46,,,,,,,,,,38.8087502,10.4343748,1068.59998,905.775024,19.875,1.0,,16.45,0.0,19.76,53.4000015,,53.4000015,0.0,269.924988,0.0,,
2025-11-06 00:22:47+00:00,2025-11-06 00:22:47,,,,,,,,,,38.8050003,10.4578123,1067.92505,905.700012,19.875,1.0,,16.45,0.0,19.76,53.3812485,,53.3812485,0.0,269.924988,0.0,,
2025-11-06 00:22:48+00:00,2025-11-06 00:22:48,,,,,,,,,,38.8162498,10.4578123,1067.55005,905.625,19.875,1.0,,16.45,0.0,19.76,53.0250015,,53.0250015,0.0,269.850006,0.0,,
2025-11-06 00:22:49+00:00,2025-11-06 00:22:49,,,,,,,,,,38.8050003,10.4859371,1066.875,905.549988,19.875,1.0,,16.45,0.0,19.76,53.0062485,,53.0062485,0.0,269.924988,0.0,,
2025-11-06 00:22:50+00:00,2025-11-06 00:22:50,40.0,44.0,40.0,40.0,40.0,16.257223051890406,208.0,BO_O2,"O2 규칙 적용: 10.4% (10.0% < O2 ≤ 12.0%) (2단계 롤백, 3~4단계에서 Hz 변화 없음)",38.7975006,10.4859371,1066.34998,905.474976,20.2124996,1.0,,16.45,0.0,19.76,53.0062485,,53.0062485,0.0,269.924988,0.0,,
2025-11-06 00:22:51+00:00,2025-11-06 00:22:51,,,,,,,,,,38.8050003,10.5171871,1065.67505,905.400024,20.2124996,1.0,,16.45,0.0,19.76,53.0062485,,53.0062485,0.0,269.850006,0.0,,
2025-11-06 00:22:52+00:00,2025-11-06 00:22:52,,,,,,,,,,38.8012505,10.5609379,1065.30005,905.325012,20.2124996,1.0,,16.45,0.0,19.76,53.0062485,,53.0062485,0.0,269.850006,0.0,,
2025-11-06 00:22:53+00:00,2025-11-06 00:22:53,,,,,,,,,,38.8274994,10.5609379,1064.55005,905.325012,20.2124996,1.0,,16.45,0.0,20.34,53.0062485,,53.0062485,0.0,269.924988,0.0,,
2025-11-06 00:22:54+00:00,2025-11-06 00:22:54,,,,,,,,,,38.8012505,10.6031246,1064.09998,905.25,20.2124996,1.0,,16.45,0.0,20.34,53.0062485,,53.0062485,0.0,269.924988,0.0,,
2025-11-06 00:22:55+00:00,2025-11-06 00:22:55,40.0,43.0,40.0,40.0,40.0,16.83176808599931,208.0,BO_O2,"O2 규칙 적용: 10.5% (10.0% < O2 ≤ 12.0%) (2단계 롤백, 3~4단계에서 Hz 변화 없음)",38.8087502,10.6453123,1063.42505,905.174988,20.7124996,1.0,,16.45,0.0,20.34,53.0062485,,53.0062485,0.0,269.924988,0.0,,
2025-11-06 00:22:56+00:00,2025-11-06 00:22:56,,,,,,,,,,38.7975006,10.6453123,1062.90002,905.025024,20.7124996,1.0,,16.45,0.0,20.34,52.9874992,,52.9874992,0.0,269.850006,0.0,,
2025-11-06 00:22:57+00:00,2025-11-06 00:22:57,,,,,,,,,,38.7975006,10.6859379,1062.44995,905.025024,20.7124996,1.0,,16.45,0.0,20.34,53.0062485,,53.0062485,0.0,269.924988,0.0,,
2025-11-06 00:22:58+00:00,2025-11-06 00:22:58,,,,,,,,,,38.8087502,10.6859379,1061.69995,904.950012,20.7124996,1.0,,16.45,0.0,20.34,53.0062485,,53.0062485,0.0,269.924988,0.0,,
2025-11-06 00:22:59+00:00,2025-11-06 00:22:59,,,,,,,,,,38.8012505,10.7281246,1061.25,904.875,20.7124996,1.0,,16.45,0.0,20.34,52.875,,52.875,0.0,269.924988,0.0,,
2025-11-06 00:23:00+00:00,2025-11-06 00:23:00,40.0,42.0,40.0,40.0,40.0,17.219756947345804,208.0,BO_O2,"O2 규칙 적용: 10.7% (10.0% < O2 ≤ 12.0%) (2단계 롤백, 3~4단계에서 Hz 변화 없음)",38.8050003,10.7734375,1060.57495,904.799988,20.6375008,1.0,,16.45,0.0,20.34,52.6312485,38.70680375729881,52.6312485,0.0,269.850006,0.0,,
2025-11-06 00:23:01+00:00,2025-11-06 00:23:01,,,,,,,,,,38.8125,10.7734375,1060.05005,904.724976,20.625,1.0,,16.45,0.0,20.34,52.6500015,,52.6500015,0.0,269.924988,0.0,,
2025-11-06 00:23:02+00:00,2025-11-06 00:23:02,,,,,,,,,,38.8162498,10.8218746,1059.375,904.650024,20.625,1.0,,16.45,0.0,20.34,52.6500015,,52.6500015,0.0,269.924988,0.0,,
2025-11-06 00:23:03+00:00,2025-11-06 00:23:03,,,,,,,,,,38.8050003,10.8765621,1058.92505,904.575012,20.6375008,1.0,,16.45,0.0,20.7,52.6312485,,52.6312485,0.0,268.5,0.0,,
2025-11-06 00:23:04+00:00,2025-11-06 00:23:04,,,,,,,,,,38.8125,10.8765621,1058.17505,904.5,20.625,1.0,,16.45,0.0,20.7,52.6312485,,52.6312485,0.0,268.424988,0.0,,
2025-11-06 00:23:05+00:00,2025-11-06 00:23:05,39.0,39.0,39.0,39.0,39.0,16.90169680989499,100.0,BO_ONLY,"BO 모델 결과만 사용 (1단계 롤백, 2~4단계에서 Hz 변화 없음)",38.8012505,10.921875,1057.80005,904.424988,20.625,1.0,,16.45,0.0,20.7,52.6500015,,52.6500015,0.0,269.850006,0.0,,
2025-11-06 00:23:06+00:00,2025-11-06 00:23:06,,,,,,,,,,38.8387489,10.921875,1057.125,904.349976,20.6375008,1.0,,16.45,0.0,20.7,52.6500015,,52.6500015,0.0,269.924988,0.0,,
2025-11-06 00:23:07+00:00,2025-11-06 00:23:07,,,,,,,,,,38.7937508,10.9593754,1056.75,904.275024,20.6375008,1.0,,16.45,0.0,20.7,52.6312485,,52.6312485,0.0,268.5,0.0,,
2025-11-06 00:23:08+00:00,2025-11-06 00:23:08,,,,,,,,,,38.7937508,11.0,1056.07495,904.125,20.625,1.0,,16.45,0.0,20.7,52.6312485,,52.6312485,0.0,268.424988,0.0,,
2025-11-06 00:23:09+00:00,2025-11-06 00:23:09,,,,,,,,,,38.7937508,11.0,1055.55005,904.049988,20.625,1.0,,16.45,0.0,20.7,52.6312485,,52.6312485,0.0,268.424988,0.0,,
2025-11-06 00:23:10+00:00,2025-11-06 00:23:10,39.0,39.0,39.0,39.0,39.0,16.93119383410386,100.0,BO_ONLY,"BO 모델 결과만 사용 (1단계 롤백, 2~4단계에서 Hz 변화 없음)",38.8162498,11.0437498,1055.09998,904.049988,20.7124996,1.0,,16.45,0.0,20.7,52.6500015,,52.6500015,0.0,268.5,0.0,,
2025-11-06 00:23:11+00:00,2025-11-06 00:23:11,,,,,,,,,,38.8237495,11.0874996,1054.57495,903.900024,20.7124996,1.0,,16.45,0.0,20.7,52.6500015,,52.6500015,0.0,268.5,0.0,,
2025-11-06 00:23:12+00:00,2025-11-06 00:23:12,,,,,,,,,,38.8050003,11.0874996,1054.19995,903.825012,20.7124996,1.0,,16.45,0.0,20.7,52.6312485,,52.6312485,0.0,268.424988,0.0,,
2025-11-06 00:23:13+00:00,2025-11-06 00:23:13,,,,,,,,,,38.7937508,11.1281252,1053.67505,903.75,20.7124996,1.0,,16.45,0.0,20.8,52.6312485,,52.6312485,0.0,268.424988,0.0,,
2025-11-06 00:23:14+00:00,2025-11-06 00:23:14,,,,,,,,,,38.8199997,11.1281252,1053.30005,903.674988,20.7124996,1.0,,16.45,0.0,20.8,52.6500015,,52.6500015,0.0,269.924988,0.0,,
2025-11-06 00:23:15+00:00,2025-11-06 00:23:15,39.0,39.0,39.0,39.0,39.0,16.83682448833751,100.0,BO_ONLY,"BO 모델 결과만 사용 (1단계 롤백, 2~4단계에서 Hz 변화 없음)",38.8125,11.15625,1053.0,903.599976,20.4624996,1.0,,16.45,0.0,20.8,52.6500015,38.0,52.6500015,0.0,269.924988,0.0,,
2025-11-06 00:23:16+00:00,2025-11-06 00:23:16,,,,,,,,,,38.8012505,11.1703129,1052.47498,903.525024,20.4624996,1.0,,16.45,0.0,20.8,53.0062485,,53.0062485,0.0,269.850006,0.0,,
2025-11-06 00:23:17+00:00,2025-11-06 00:23:17,,,,,,,,,,38.8162498,11.1703129,1051.94995,903.375,20.4750004,1.0,,16.45,0.0,20.8,53.0062485,,53.0062485,0.0,269.850006,0.0,,
2025-11-06 00:23:18+00:00,2025-11-06 00:23:18,,,,,,,,,,38.8125,11.1703129,1051.65002,903.299988,20.4624996,1.0,,16.45,0.0,20.8,53.0062485,,53.0062485,0.0,269.924988,0.0,,
2025-11-06 00:23:19+00:00,2025-11-06 00:23:19,,,,,,,,,,38.8125,11.1531248,1051.34998,903.299988,20.4624996,1.0,,16.45,0.0,20.8,53.34375,,53.34375,0.0,269.924988,0.0,,
2025-11-06 00:23:20+00:00,2025-11-06 00:23:20,39.0,39.0,39.0,39.0,39.0,15.973974447680707,100.0,BO_ONLY,"BO 모델 결과만 사용 (1단계 롤백, 2~4단계에서 Hz 변화 없음)",38.7975006,11.1531248,1050.82495,903.224976,20.2124996,1.0,,16.45,0.0,20.8,53.3624992,,53.3624992,0.0,269.850006,0.0,,
2025-11-06 00:23:21+00:00,2025-11-06 00:23:21,,,,,,,,,,38.8050003,11.1156254,1050.375,903.075012,20.2124996,1.0,,16.45,0.0,20.8,53.3812485,,53.3812485,0.0,269.924988,0.0,,
2025-11-06 00:23:22+00:00,2025-11-06 00:23:22,,,,,,,,,,38.8050003,11.1156254,1050.07495,903.0,20.2124996,1.0,,16.45,0.0,20.8,53.3812485,,53.3812485,0.0,269.924988,0.0,,
2025-11-06 00:23:23+00:00,2025-11-06 00:23:23,,,,,,,,,,38.8050003,11.0546875,1049.625,902.924988,20.2124996,1.0,,16.45,0.0,20.31,53.3812485,,53.3812485,0.0,269.924988,0.0,,
2025-11-06 00:23:24+00:00,2025-11-06 00:23:24,,,,,,,,,,38.8050003,10.9781246,1049.25,902.849976,20.2124996,1.0,,16.45,0.0,20.31,53.3624992,,53.3624992,0.0,269.924988,0.0,,
2025-11-06 00:23:25+00:00,2025-11-06 00:23:25,39.0,39.0,39.0,39.0,39.0,15.17151616729775,100.0,BO_ONLY,"BO 모델 결과만 사용 (1단계 롤백, 2~4단계에서 Hz 변화 없음)",38.8012505,10.9781246,1048.94995,902.775024,19.9624996,1.0,,16.45,0.0,20.31,53.3812485,,53.3812485,0.0,269.924988,0.0,,
2025-11-06 00:23:26+00:00,2025-11-06 00:23:26,,,,,,,,,,38.7975006,10.8890629,1048.5,902.700012,19.9624996,1.0,,16.45,0.0,20.31,53.3812485,,53.3812485,0.0,269.850006,0.0,,
2025-11-06 00:23:27+00:00,2025-11-06 00:23:27,,,,,,,,,,38.8087502,10.7953129,1047.97498,902.549988,19.9624996,1.0,,16.45,0.0,20.31,53.3812485,,53.3812485,0.0,269.924988,0.0,,
2025-11-06 00:23:28+00:00,2025-11-06 00:23:28,,,,,,,,,,38.7975006,10.7953129,1047.67505,902.549988,19.9624996,1.0,,16.45,0.0,20.31,53.8125,,53.8125,0.0,269.924988,0.0,,
2025-11-06 00:23:29+00:00,2025-11-06 00:23:29,,,,,,,,,,38.8012505,10.7046871,1047.375,902.400024,19.9750004,1.0,,16.45,0.0,20.31,53.8125,,53.8125,0.0,270.225006,0.0,,
2025-11-06 00:23:30+00:00,2025-11-06 00:23:30,39.0,39.0,39.0,39.0,39.0,15.095082537342662,100.0,BO_ONLY,"BO 모델 결과만 사용 (1단계 롤백, 2~4단계에서 Hz 변화 없음)",38.8125,10.7046871,1046.84998,902.325012,19.875,1.0,,16.45,0.0,20.31,53.8125,38.0,53.8125,0.0,271.350006,0.0,,
2025-11-06 00:23:31+00:00,2025-11-06 00:23:31,,,,,,,,,,38.7975006,10.6203127,1046.47498,902.25,19.875,1.0,,16.45,0.0,20.31,53.8125,,53.8125,0.0,271.350006,0.0,,
2025-11-06 00:23:32+00:00,2025-11-06 00:23:32,,,,,,,,,,38.7975006,10.546875,1045.94995,902.099976,19.8875008,1.0,,16.45,0.0,20.31,53.8125,,53.8125,0.0,271.350006,0.0,,
2025-11-06 00:23:33+00:00,2025-11-06 00:23:33,,,,,,,,,,38.8050003,10.546875,1045.57495,902.099976,19.875,1.0,,16.45,0.0,19.96,53.8125,,53.8125,0.0,271.350006,0.0,,
2025-11-06 00:23:34+00:00,2025-11-06 00:23:34,,,,,,,,,,38.8050003,10.4906254,1045.05005,902.025024,19.875,1.0,,16.45,0.0,19.96,53.8125,,53.8125,0.0,271.350006,0.0,,
2025-11-06 00:23:35+00:00,2025-11-06 00:23:35,39.0,39.0,39.0,39.0,39.0,15.14304993353383,100.0,BO_ONLY,"BO 모델 결과만 사용 (1단계 롤백, 2~4단계에서 Hz 변화 없음)",38.8050003,10.4437504,1044.67505,901.875,19.875,1.0,,16.45,0.0,19.96,53.8312492,,53.8312492,0.0,271.424988,0.0,,
2025-11-06 00:23:36+00:00,2025-11-06 00:23:36,,,,,,,,,,38.8012505,10.4437504,1044.07495,901.799988,19.875,1.0,,16.45,0.0,19.96,53.8125,,53.8125,0.0,271.350006,0.0,,
2025-11-06 00:23:37+00:00,2025-11-06 00:23:37,,,,,,,,,,38.8050003,10.4156246,1043.47498,901.724976,19.875,1.0,,16.45,0.0,19.96,53.8125,,53.8125,0.0,271.350006,0.0,,
2025-11-06 00:23:38+00:00,2025-11-06 00:23:38,,,,,,,,,,38.7937508,10.4156246,1043.09998,901.575012,19.875,1.0,,16.45,0.0,19.96,53.8125,,53.8125,0.0,271.350006,0.0,,
2025-11-06 00:23:39+00:00,2025-11-06 00:23:39,,,,,,,,,,38.8012505,10.4031248,1042.65002,901.575012,19.875,1.0,,16.45,0.0,19.96,53.8312492,,53.8312492,0.0,271.424988,0.0,,
2025-11-06 00:23:40+00:00,2025-11-06 00:23:40,39.0,39.0,39.0,39.0,39.0,15.879503872353565,100.0,BO_ONLY,"BO 모델 결과만 사용 (1단계 롤백, 2~4단계에서 Hz 변화 없음)",38.8050003,10.40625,1042.05005,901.424988,19.5375004,1.0,,16.45,0.0,19.96,53.8125,,53.8125,0.0,271.424988,0.0,,
2025-11-06 00:23:41+00:00,2025-11-06 00:23:41,,,,,,,,,,38.8125,10.40625,1041.59998,901.349976,19.5375004,1.0,,16.45,0.0,19.96,53.8125,,53.8125,0.0,271.350006,0.0,,
2025-11-06 00:23:42+00:00,2025-11-06 00:23:42,,,,,,,,,,38.8012505,10.4234371,1041.0,901.275024,19.5375004,1.0,,16.45,0.0,19.96,53.8312492,,53.8312492,0.0,271.350006,0.0,,
2025-11-06 00:23:43+00:00,2025-11-06 00:23:43,,,,,,,,,,38.8162498,10.4562502,1040.32495,901.125,19.5375004,1.0,,16.45,0.0,19.63,53.8312492,,53.8312492,0.0,271.424988,0.0,,
2025-11-06 00:23:44+00:00,2025-11-06 00:23:44,,,,,,,,,,38.7937508,10.4562502,1039.875,901.049988,19.5375004,1.0,,16.45,0.0,19.63,53.8125,,53.8125,0.0,271.424988,0.0,,
2025-11-06 00:23:45+00:00,2025-11-06 00:23:45,39.0,39.0,39.0,39.0,39.0,15.277660739931667,100.0,BO_ONLY,"BO 모델 결과만 사용 (1단계 롤백, 2~4단계에서 Hz 변화 없음)",38.8012505,10.5031252,1039.27502,900.900024,19.1124992,1.0,,16.45,0.0,19.63,53.8125,38.0,53.8125,0.0,271.350006,0.0,,
2025-11-06 00:23:46+00:00,2025-11-06 00:23:46,,,,,,,,,,38.8087502,10.5031252,1038.82495,900.900024,19.1124992,1.0,,16.45,0.0,19.63,53.8312492,,53.8312492,0.0,271.350006,0.0,,
2025-11-06 00:23:47+00:00,2025-11-06 00:23:47,,,,,,,,,,38.8050003,10.5640621,1038.07495,900.75,19.1124992,1.0,,16.45,0.0,19.63,53.8125,,53.8125,0.0,270.75,0.0,,
2025-11-06 00:23:48+00:00,2025-11-06 00:23:48,,,,,,,,,,38.8050003,10.6328125,1037.69995,900.674988,19.1124992,1.0,,16.45,0.0,19.63,53.8125,,53.8125,0.0,269.924988,0.0,,
2025-11-06 00:23:49+00:00,2025-11-06 00:23:49,,,,,,,,,,38.8087502,10.6328125,1037.02502,900.599976,19.1124992,1.0,,16.45,0.0,19.63,53.8125,,53.8125,0.0,269.850006,0.0,,
2025-11-06 00:23:50+00:00,2025-11-06 00:23:50,39.0,39.0,39.0,39.0,39.0,14.928927265393487,100.0,BO_ONLY,"BO 모델 결과만 사용 (1단계 롤백, 2~4단계에서 Hz 변화 없음)",38.7975006,10.7078123,1036.57495,900.450012,18.2749996,1.0,,16.45,0.0,19.63,53.8125,,53.8125,0.0,269.924988,0.0,,
2025-11-06 00:23:51+00:00,2025-11-06 00:23:51,,,,,,,,,,38.8050003,10.7937498,1035.90002,900.299988,18.2625008,1.0,,16.45,0.0,19.63,53.8312492,,53.8312492,0.0,269.924988,0.0,,
2025-11-06 00:23:52+00:00,2025-11-06 00:23:52,,,,,,,,,,38.8012505,10.7937498,1035.375,900.224976,18.2749996,1.0,,16.45,0.0,19.63,53.8125,,53.8125,0.0,269.924988,0.0,,
2025-11-06 00:23:53+00:00,2025-11-06 00:23:53,,,,,,,,,,38.8050003,10.8874998,1034.69995,900.150024,18.2749996,1.0,,16.45,0.0,18.39,53.8125,,53.8125,0.0,269.850006,0.0,,
2025-11-06 00:23:54+00:00,2025-11-06 00:23:54,,,,,,,,,,38.7975006,10.8874998,1034.32495,900.075012,18.2625008,1.0,,16.45,0.0,18.39,53.8125,,53.8125,0.0,269.924988,0.0,,
2025-11-06 00:23:55+00:00,2025-11-06 00:23:55,39.0,39.0,39.0,39.0,39.0,12.145453360602735,100.0,BO_ONLY,"BO 모델 결과만 사용 (1단계 롤백, 2~4단계에서 Hz 변화 없음)",38.8050003,10.9765625,1033.65002,899.924988,17.8624992,1.0,,16.45,0.0,18.39,53.8125,,53.8125,0.0,269.924988,0.0,,
2025-11-06 00:23:56+00:00,2025-11-06 00:23:56,,,,,,,,,,38.7975006,11.0593748,1033.19995,899.849976,17.8500004,1.0,,16.45,0.0,18.39,53.8125,,53.8125,0.0,269.850006,0.0,,
2025-11-06 00:23:57+00:00,2025-11-06 00:23:57,,,,,,,,,,38.7937508,11.0593748,1032.52502,899.775024,17.8500004,1.0,,16.45,0.0,18.39,53.8125,,53.8125,0.0,269.924988,0.0,,
2025-11-06 00:23:58+00:00,2025-11-06 00:23:58,,,,,,,,,,38.8125,11.1437502,1032.15002,899.625,17.8500004,1.0,,16.45,0.0,18.39,53.8312492,,53.8312492,0.0,269.924988,0.0,,
2025-11-06 00:23:59+00:00,2025-11-06 00:23:59,,,,,,,,,,38.8012505,11.234375,1031.47498,899.549988,17.8500004,1.0,,16.45,0.0,18.39,53.8312492,,53.8312492,0.0,269.924988,0.0,,
2025-11-06 00:24:00+00:00,2025-11-06 00:24:00,39.0,39.0,39.0,39.0,39.0,11.510620639628502,100.0,BO_ONLY,"BO 모델 결과만 사용 (1단계 롤백, 2~4단계에서 Hz 변화 없음)",38.8050003,11.234375,1031.02502,899.400024,17.5125008,1.0,,16.45,0.0,18.39,53.8125,38.0,53.8125,0.0,269.924988,0.0,,
2025-11-06 00:24:01+00:00,2025-11-06 00:24:01,,,,,,,,,,38.8312492,11.3171873,1030.42505,899.325012,17.5125008,1.0,,16.45,0.0,18.39,53.8125,,53.8125,0.0,269.924988,0.0,,
2025-11-06 00:24:02+00:00,2025-11-06 00:24:02,,,,,,,,,,38.8087502,11.3171873,1029.97498,899.25,17.5125008,1.0,,16.45,0.0,18.39,53.8125,,53.8125,0.0,269.850006,0.0,,
2025-11-06 00:24:03+00:00,2025-11-06 00:24:03,,,,,,,,,,38.7975006,11.3890629,1029.375,899.099976,17.5125008,1.0,,16.45,0.0,17.64,53.8125,,53.8125,0.0,269.924988,0.0,,
2025-11-06 00:24:04+00:00,2025-11-06 00:24:04,,,,,,,,,,38.8050003,11.4515629,1028.92505,899.025024,17.5125008,1.0,,16.45,0.0,17.64,53.8125,,53.8125,0.0,269.924988,0.0,,
2025-11-06 00:24:05+00:00,2025-11-06 00:24:05,39.0,39.0,39.0,39.0,39.0,10.95105985793346,100.0,BO_ONLY,"BO 모델 결과만 사용 (1단계 롤백, 2~4단계에서 Hz 변화 없음)",38.8237495,11.4515629,1028.25,898.875,17.6875,1.0,,16.45,0.0,17.64,53.8125,,53.8125,0.0,269.924988,0.0,,
2025-11-06 00:24:06+00:00,2025-11-06 00:24:06,,,,,,,,,,38.8012505,11.5078125,1027.875,898.799988,17.6749992,1.0,,16.45,0.0,17.64,53.8312492,,53.8312492,0.0,269.924988,0.0,,
2025-11-06 00:24:07+00:00,2025-11-06 00:24:07,,,,,,,,,,38.7937508,11.5500002,1027.19995,898.650024,17.6749992,1.0,,16.45,0.0,17.64,53.8125,,53.8125,0.0,269.924988,0.0,,
2025-11-06 00:24:08+00:00,2025-11-06 00:24:08,,,,,,,,,,38.8012505,11.5500002,1026.75,898.575012,17.6875,1.0,,16.45,0.0,17.64,53.8312492,,53.8312492,0.0,269.924988,0.0,,
2025-11-06 00:24:09+00:00,2025-11-06 00:24:09,,,,,,,,,,38.7937508,11.5687504,1026.15002,898.424988,17.6875,1.0,,16.45,0.0,17.64,53.8125,,53.8125,0.0,269.850006,0.0,,
2025-11-06 00:24:10+00:00,2025-11-06 00:24:10,39.0,39.0,39.0,39.0,39.0,13.646278238410664,100.0,BO_ONLY,"BO 모델 결과만 사용 (1단계 롤백, 2~4단계에서 Hz 변화 없음)",38.8012505,11.5687504,1025.69995,898.349976,16.5874996,1.0,,16.45,0.0,17.64,53.8125,,53.8125,0.0,269.850006,0.0,,
2025-11-06 00:24:11+00:00,2025-11-06 00:24:11,,,,,,,,,,38.8012505,11.5656252,1025.09998,898.200012,16.5874996,1.0,,16.45,0.0,17.64,53.8125,,53.8125,0.0,269.924988,0.0,,
2025-11-06 00:24:12+00:00,2025-11-06 00:24:12,,,,,,,,,,38.7975006,11.5531254,1024.65002,898.125,16.6000004,1.0,,16.45,0.0,17.64,53.8125,,53.8125,0.0,269.924988,0.0,,
2025-11-06 00:24:13+00:00,2025-11-06 00:24:13,,,,,,,,,,38.8087502,11.5531254,1024.05005,897.974976,16.5874996,1.0,,16.45,0.0,16.67,53.8125,,53.8125,0.0,269.924988,0.0,,
2025-11-06 00:24:14+00:00,2025-11-06 00:24:14,,,,,,,,,,38.8050003,11.5375004,1023.59998,897.900024,16.5874996,1.0,,16.45,0.0,16.67,53.8312492,,53.8312492,0.0,269.924988,0.0,,
2025-11-06 00:24:15+00:00,2025-11-06 00:24:15,39.0,39.0,39.0,39.0,39.0,9.90827307536067,100.0,BO_ONLY,"BO 모델 결과만 사용 (1단계 롤백, 2~4단계에서 Hz 변화 없음)",38.8012505,11.5265627,1022.92499,897.75,16.1749992,1.0,,16.45,0.0,16.67,53.8312492,38.0,53.8312492,0.0,270.0,0.0,,
2025-11-06 00:24:16+00:00,2025-11-06 00:24:16,,,,,,,,,,38.7975006,11.5265627,1022.54999,897.674988,16.1749992,1.0,,16.45,0.0,16.67,53.8125,,53.8125,0.0,269.924988,0.0,,
2025-11-06 00:24:17+00:00,2025-11-06 00:24:17,,,,,,,,,,38.8050003,11.5124998,1021.95001,897.525024,16.1625004,1.0,,16.45,0.0,16.67,53.8125,,53.8125,0.0,269.924988,0.0,,
2025-11-06 00:24:18+00:00,2025-11-06 00:24:18,,,,,,,,,,38.7975006,11.5,1021.5,897.375,16.1749992,1.0,,16.45,0.0,16.67,53.8312492,,53.8312492,0.0,269.924988,0.0,,
2025-11-06 00:24:19+00:00,2025-11-06 00:24:19,,,,,,,,,,38.8012505,11.5,1020.90002,897.224976,16.1749992,1.0,,16.45,0.0,16.67,53.8125,,53.8125,0.0,269.924988,0.0,,
2025-11-06 00:24:20+00:00,2025-11-06 00:24:20,39.0,39.0,39.0,39.0,39.0,9.400381605363211,100.0,BO_ONLY,"BO 모델 결과만 사용 (1단계 롤백, 2~4단계에서 Hz 변화 없음)",38.8012505,11.4890623,1020.45001,897.150024,15.5874996,1.0,,16.45,0.0,16.67,53.8125,,53.8125,0.0,269.924988,0.0,,
2025-11-06 00:24:21+00:00,2025-11-06 00:24:21,,,,,,,,,,38.7975006,11.4890623,1019.84998,897.0,15.5874996,1.0,,16.45,0.0,16.67,53.8125,,53.8125,0.0,269.850006,0.0,,
2025-11-06 00:24:22+00:00,2025-11-06 00:24:22,,,,,,,,,,38.7975006,11.4812498,1019.40002,896.924988,15.5874996,1.0,,16.45,0.0,16.67,53.8125,,53.8125,0.0,269.924988,0.0,,
2025-11-06 00:24:23+00:00,2025-11-06 00:24:23,,,,,,,,,,38.8125,11.4703121,1018.79999,896.775024,15.5749998,1.0,,16.45,0.0,15.69,53.8312492,,53.8312492,0.0,269.924988,0.0,,
2025-11-06 00:24:24+00:00,2025-11-06 00:24:24,,,,,,,,,,38.8162498,11.4703121,1018.42499,896.625,15.5874996,1.0,,16.45,0.0,15.69,53.8312492,,53.8312492,0.0,269.924988,0.0,,
2025-11-06 00:24:25+00:00,2025-11-06 00:24:25,39.0,39.0,39.0,39.0,39.0,8.798233055750497,100.0,BO_ONLY,"BO 모델 결과만 사용 (1단계 롤백, 2~4단계에서 Hz 변화 없음)",38.8050003,11.4718752,1017.82501,896.474976,15.0874996,1.0,,16.45,0.0,15.69,53.8125,,53.8125,0.0,269.850006,0.0,,
2025-11-06 00:24:26+00:00,2025-11-06 00:24:26,,,,,,,,,,38.8050003,11.4718752,1017.375,896.400024,15.0749998,1.0,,16.45,0.0,15.69,53.8125,,53.8125,0.0,269.850006,0.0,,
2025-11-06 00:24:27+00:00,2025-11-06 00:24:27,,,,,,,,,,38.7975006,11.4671879,1016.84998,896.25,15.0749998,1.0,,16.45,0.0,15.69,53.8312492,,53.8312492,0.0,269.924988,0.0,,
2025-11-06 00:24:28+00:00,2025-11-06 00:24:28,,,,,,,,,,38.8125,11.4609375,1016.47498,896.099976,15.0874996,1.0,,16.45,0.0,15.69,53.8125,,53.8125,0.0,269.924988,0.0,,
2025-11-06 00:24:29+00:00,2025-11-06 00:24:29,,,,,,,,,,38.7975006,11.4609375,1015.875,895.950012,15.0874996,1.0,,16.45,0.0,15.69,53.8125,,53.8125,0.0,269.924988,0.0,,
2025-11-06 00:24:30+00:00,2025-11-06 00:24:30,39.0,39.0,39.0,39.0,39.0,11.135884033212044,100.0,BO_ONLY,"BO 모델 결과만 사용 (1단계 롤백, 2~4단계에서 Hz 변화 없음)",38.7975006,11.4484377,1015.5,895.875,14.5,1.0,,16.45,0.0,15.69,53.8312492,38.0,53.8312492,0.0,269.924988,0.0,,
2025-11-06 00:24:31+00:00,2025-11-06 00:24:31,,,,,,,,,,38.8050003,11.4421873,1014.90002,895.724976,14.5,1.0,,16.45,0.0,15.69,53.8312492,,53.8312492,0.0,269.924988,0.0,,
2025-11-06 00:24:32+00:00,2025-11-06 00:24:32,,,,,,,,,,38.7975006,11.4421873,1014.59998,895.650024,14.5,1.0,,16.45,0.0,15.69,53.8312492,,53.8312492,0.0,269.924988,0.0,,
2025-11-06 00:24:33+00:00,2025-11-06 00:24:33,,,,,,,,,,38.8087502,11.4375,1014.0,895.5,14.5,1.0,,16.45,0.0,14.56,53.8312492,,53.8312492,0.0,269.924988,0.0,,
2025-11-06 00:24:34+00:00,2025-11-06 00:24:34,,,,,,,,,,38.8125,11.4375,1013.70001,895.349976,14.5,1.0,,16.45,0.0,14.56,53.8312492,,53.8312492,0.0,269.475006,0.0,,
2025-11-06 00:24:35+00:00,2025-11-06 00:24:35,38.0,39.0,39.0,38.0,38.0,10.45528126569673,304.0,BO_O2_RULE,"제어매트릭스 규칙 적용: NOX_LOW (3단계 롤백, 4단계에서 Hz 변화 없음)",38.8050003,11.4328127,1013.17499,895.200012,14.5874996,1.0,,16.45,0.0,14.56,53.8312492,,53.8312492,0.0,268.5,0.0,,
2025-11-06 00:24:36+00:00,2025-11-06 00:24:36,,,,,,,,,,38.7900009,11.4250002,1012.79999,895.125,14.5749998,1.0,,16.45,0.0,14.56,53.8312492,,53.8312492,0.0,268.424988,0.0,,
2025-11-06 00:24:37+00:00,2025-11-06 00:24:37,,,,,,,,,,38.7937508,11.4250002,1012.27502,894.900024,14.5749998,1.0,,16.45,0.0,14.56,53.8125,,53.8125,0.0,268.5,0.0,,
2025-11-06 00:24:38+00:00,2025-11-06 00:24:38,,,,,,,,,,38.8012505,11.4125004,1011.97498,894.900024,14.5749998,1.0,,16.45,0.0,14.56,53.8125,,53.8125,0.0,268.424988,0.0,,
2025-11-06 00:24:39+00:00,2025-11-06 00:24:39,,,,,,,,,,38.8012505,11.3937502,1011.52502,894.674988,14.5749998,1.0,,16.45,0.0,14.56,53.8312492,,53.8312492,0.0,268.5,0.0,,
2025-11-06 00:24:40+00:00,2025-11-06 00:24:40,39.0,39.0,39.0,39.0,39.0,12.681059148504847,100.0,BO_ONLY,"BO 모델 결과만 사용 (1단계 롤백, 2~4단계에서 Hz 변화 없음)",38.8087502,11.3937502,1011.15002,894.599976,13.7250004,1.0,,16.45,0.0,14.56,53.8312492,,53.8312492,0.0,268.424988,0.0,,
2025-11-06 00:24:41+00:00,2025-11-06 00:24:41,,,,,,,,,,38.8125,11.375,1010.77502,894.450012,13.7250004,1.0,,16.45,0.0,14.56,53.8312492,,53.8312492,0.0,268.5,0.0,,
2025-11-06 00:24:42+00:00,2025-11-06 00:24:42,,,,,,,,,,38.7937508,11.375,1010.47498,894.299988,13.7250004,1.0,,16.45,0.0,14.56,53.8312492,,53.8312492,0.0,268.424988,0.0,,
2025-11-06 00:24:43+00:00,2025-11-06 00:24:43,,,,,,,,,,38.8012505,11.3468752,1010.02502,894.224976,13.7250004,1.0,,16.45,0.0,13.83,53.8312492,,53.8312492,0.0,268.5,0.0,,
2025-11-06 00:24:44+00:00,2025-11-06 00:24:44,,,,,,,,,,38.7937508,11.3125,1009.72498,894.075012,13.7250004,1.0,,16.45,0.0,13.83,53.8125,,53.8125,0.0,268.424988,0.0,,
2025-11-06 00:24:45+00:00,2025-11-06 00:24:45,38.0,39.0,39.0,38.0,38.0,9.59092932826874,304.0,BO_O2_RULE,"제어매트릭스 규칙 적용: NOX_LOW (3단계 롤백, 4단계에서 Hz 변화 없음)",38.8087502,11.3125,1009.34998,893.924988,13.5500002,1.0,,16.45,0.0,13.83,53.8125,38.0,53.8125,0.0,268.5,0.0,,
2025-11-06 00:24:46+00:00,2025-11-06 00:24:46,,,,,,,,,,38.7975006,11.265625,1009.04999,893.775024,13.5500002,1.0,,16.45,0.0,13.83,53.8125,,53.8125,0.0,268.424988,0.0,,
2025-11-06 00:24:47+00:00,2025-11-06 00:24:47,,,,,,,,,,38.7975006,11.203125,1008.82501,893.625,13.5500002,1.0,,16.45,0.0,13.83,53.8125,,53.8125,0.0,268.5,0.0,,
2025-11-06 00:24:48+00:00,2025-11-06 00:24:48,,,,,,,,,,38.8012505,11.203125,1008.67499,893.549988,13.5500002,1.0,,16.45,0.0,13.83,53.8312492,,53.8312492,0.0,268.5,0.0,,
2025-11-06 00:24:49+00:00,2025-11-06 00:24:49,,,,,,,,,,38.8125,11.1203127,1008.375,893.400024,13.5500002,1.0,,16.45,0.0,13.83,53.3624992,,53.3624992,0.0,268.424988,0.0,,
2025-11-06 00:24:50+00:00,2025-11-06 00:24:50,38.0,39.0,39.0,38.0,38.0,8.650778662266577,304.0,BO_O2_RULE,"제어매트릭스 규칙 적용: NOX_LOW (3단계 롤백, 4단계에서 Hz 변화 없음)",38.8087502,11.1203127,1008.22498,893.25,12.875,1.0,,16.45,0.0,13.83,53.3812485,,53.3812485,0.0,268.424988,0.0,,
2025-11-06 00:24:51+00:00,2025-11-06 00:24:51,,,,,,,,,,38.8050003,11.046875,1008.07501,893.174988,12.875,1.0,,16.45,0.0,13.83,53.3812485,,53.3812485,0.0,267.0,0.0,,
2025-11-06 00:24:52+00:00,2025-11-06 00:24:52,,,,,,,,,,38.8050003,10.9656248,1008.0,893.025024,12.875,1.0,,16.45,0.0,13.83,53.3812485,,53.3812485,0.0,267.0,0.0,,
2025-11-06 00:24:53+00:00,2025-11-06 00:24:53,,,,,,,,,,38.8012505,10.9656248,1007.92499,892.875,12.875,1.0,,16.45,0.0,12.96,53.3624992,,53.3624992,0.0,267.0,0.0,,
2025-11-06 00:24:54+00:00,2025-11-06 00:24:54,,,,,,,,,,38.8012505,10.8781252,1007.84998,892.799988,12.875,1.0,,16.45,0.0,12.96,53.3812485,,53.3812485,0.0,267.0,0.0,,
2025-11-06 00:24:55+00:00,2025-11-06 00:24:55,38.0,39.0,39.0,38.0,38.0,8.46110366400137,304.0,BO_O2_RULE,"제어매트릭스 규칙 적용: NOX_LOW (3단계 롤백, 4단계에서 Hz 변화 없음)",38.7975006,10.78125,1007.77502,892.575012,12.375,1.0,,16.45,0.0,12.96,53.3812485,,53.3812485,0.0,267.0,0.0,,
2025-11-06 00:24:56+00:00,2025-11-06 00:24:56,,,,,,,,,,38.8050003,10.78125,1007.77502,892.5,12.375,1.0,,16.45,0.0,12.96,53.3812485,,53.3812485,0.0,267.0,0.0,,
2025-11-06 00:24:57+00:00,2025-11-06 00:24:57,,,,,,,,,,38.7975006,10.671875,1007.70001,892.349976,12.375,1.0,,16.45,0.0,12.96,53.3624992,,53.3624992,0.0,267.0,0.0,,
2025-11-06 00:24:58+00:00,2025-11-06 00:24:58,,,,,,,,,,38.8012505,10.5515623,1007.70001,892.275024,12.375,1.0,,16.45,0.0,12.96,53.3812485,,53.3812485,0.0,266.924988,0.0,,
2025-11-06 00:24:59+00:00,2025-11-06 00:24:59,,,,,,,,,,38.7900009,10.5515623,1007.70001,892.125,12.375,1.0,,16.45,0.0,12.96,53.3812485,,53.3812485,0.0,267.0,0.0,,
2025-11-06 00:25:00+00:00,2025-11-06 00:25:00,38.0,40.0,40.0,38.0,38.0,8.869805079862187,304.0,BO_O2_RULE,"제어매트릭스 규칙 적용: NOX_LOW (3단계 롤백, 4단계에서 Hz 변화 없음)",38.8125,10.4140625,1007.70001,891.974976,11.875,1.0,,16.45,0.0,12.96,53.3812485,38.0,53.3812485,0.0,267.0,0.0,,
2025-11-06 00:25:01+00:00,2025-11-06 00:25:01,,,,,,,,,,38.7975006,10.4140625,1007.70001,891.825012,11.875,1.0,,16.45,0.0,12.96,53.3812485,,53.3812485,0.0,267.0,0.0,,
2025-11-06 00:25:02+00:00,2025-11-06 00:25:02,,,,,,,,,,38.7937508,10.2687502,1007.70001,891.75,11.8625002,1.0,,16.45,0.0,12.96,53.3812485,,53.3812485,0.0,266.924988,0.0,,
2025-11-06 00:25:03+00:00,2025-11-06 00:25:03,,,,,,,,,,38.8050003,10.1109371,1007.70001,891.599976,11.875,1.0,,16.45,0.0,11.96,53.3812485,,53.3812485,0.0,267.0,0.0,,
2025-11-06 00:25:04+00:00,2025-11-06 00:25:04,,,,,,,,,,38.8387489,10.1109371,1007.77502,891.525024,11.875,1.0,,16.45,0.0,11.96,53.3812485,,53.3812485,0.0,267.0,0.0,,
2025-11-06 00:25:05+00:00,2025-11-06 00:25:05,38.0,40.0,40.0,38.0,38.0,8.427003326382108,304.0,BO_O2_RULE,"제어매트릭스 규칙 적용: NOX_LOW (3단계 롤백, 4단계에서 Hz 변화 없음)",38.8087502,9.9375,1007.77502,891.299988,12.0375004,1.0,,16.45,0.0,11.96,53.3812485,,53.3812485,0.0,267.0,0.0,,
2025-11-06 00:25:06+00:00,2025-11-06 00:25:06,,,,,,,,,,38.8012505,9.75937462,1007.77502,891.299988,12.0375004,1.0,,16.45,0.0,11.96,53.3812485,,53.3812485,0.0,267.0,0.0,,
2025-11-06 00:25:07+00:00,2025-11-06 00:25:07,,,,,,,,,,38.7975006,9.75937462,1007.84998,891.150024,12.0375004,1.0,,16.45,0.0,11.96,53.3812485,,53.3812485,0.0,267.0,0.0,,
2025-11-06 00:25:08+00:00,2025-11-06 00:25:08,,,,,,,,,,38.8050003,9.56875038,1007.92499,891.0,12.0375004,1.0,,16.45,0.0,11.96,53.3812485,,53.3812485,0.0,267.0,0.0,,
2025-11-06 00:25:09+00:00,2025-11-06 00:25:09,,,,,,,,,,38.8125,9.56875038,1007.92499,890.849976,12.0375004,1.0,,16.45,0.0,11.96,53.3624992,,53.3624992,0.0,267.0,0.0,,
2025-11-06 00:25:10+00:00,2025-11-06 00:25:10,38.0,39.0,39.0,38.0,38.0,10.565836636257421,304.0,BO_O2_RULE,"제어매트릭스 규칙 적용: NOX_LOW (3단계 롤백, 4단계에서 Hz 변화 없음)",38.7975006,9.37968731,1007.92499,890.775024,11.625,1.0,,16.45,0.0,11.96,53.3624992,,53.3624992,0.0,266.924988,0.0,,
2025-11-06 00:25:11+00:00,2025-11-06 00:25:11,,,,,,,,,,38.8162498,9.19375038,1008.0,890.625,11.625,1.0,,16.45,0.0,11.96,53.3812485,,53.3812485,0.0,267.0,0.0,,
2025-11-06 00:25:12+00:00,2025-11-06 00:25:12,,,,,,,,,,38.7975006,9.19375038,1008.0,890.549988,11.6125002,1.0,,16.45,0.0,11.96,53.3812485,,53.3812485,0.0,267.0,0.0,,
2025-11-06 00:25:13+00:00,2025-11-06 00:25:13,,,,,,,,,,38.8162498,9.01875019,1008.0,890.400024,11.6125002,1.0,,16.45,0.0,11.7,53.3812485,,53.3812485,0.0,267.0,0.0,,
2025-11-06 00:25:14+00:00,2025-11-06 00:25:14,,,,,,,,,,38.8312492,8.86874962,1008.0,890.325012,11.625,1.0,,16.45,0.0,11.7,53.3624992,,53.3624992,0.0,267.0,0.0,,
2025-11-06 00:25:15+00:00,2025-11-06 00:25:15,38.0,40.0,40.0,38.0,38.0,10.746809314952825,304.0,BO_O2_RULE,"제어매트릭스 규칙 적용: NOX_LOW (3단계 롤백, 4단계에서 Hz 변화 없음)",38.7975006,8.86874962,1008.07501,890.174988,11.1875,1.0,,16.45,0.0,11.7,53.3812485,38.0,53.3812485,0.0,267.0,0.0,,
2025-11-06 00:25:16+00:00,2025-11-06 00:25:16,,,,,,,,,,38.8087502,8.74843788,1008.15002,890.099976,11.1875,1.0,,16.45,0.0,11.7,53.3812485,,53.3812485,0.0,267.0,0.0,,
2025-11-06 00:25:17+00:00,2025-11-06 00:25:17,,,,,,,,,,38.7900009,8.74843788,1008.15002,889.950012,11.1875,1.0,,16.45,0.0,11.7,53.3812485,,53.3812485,0.0,267.0,0.0,,
2025-11-06 00:25:18+00:00,2025-11-06 00:25:18,,,,,,,,,,38.7937508,8.6484375,1008.22498,889.875,11.1875,1.0,,16.45,0.0,11.7,53.3624992,,53.3624992,0.0,266.924988,0.0,,
2025-11-06 00:25:19+00:00,2025-11-06 00:25:19,,,,,,,,,,38.8050003,8.56406212,1008.22498,889.724976,11.1875,1.0,,16.45,0.0,11.7,53.3812485,,53.3812485,0.0,267.075012,0.0,,
2025-11-06 00:25:20+00:00,2025-11-06 00:25:20,38.0,43.0,43.0,38.0,38.0,9.918198084488075,304.0,BO_O2_RULE,"제어매트릭스 규칙 적용: NOX_LOW (3단계 롤백, 4단계에서 Hz 변화 없음)",38.8050003,8.56406212,1008.22498,889.650024,10.5249996,1.0,,16.45,0.0,11.7,53.3812485,,53.3812485,0.0,267.0,0.0,,
2025-11-06 00:25:21+00:00,2025-11-06 00:25:21,,,,,,,,,,38.7937508,8.50312519,1008.29999,889.575012,10.5249996,1.0,,16.45,0.0,11.7,53.3812485,,53.3812485,0.0,267.0,0.0,,
2025-11-06 00:25:22+00:00,2025-11-06 00:25:22,,,,,,,,,,38.8087502,8.45781231,1008.45001,889.424988,10.5124998,1.0,,16.45,0.0,11.7,53.3812485,,53.3812485,0.0,266.325012,0.0,,
2025-11-06 00:25:23+00:00,2025-11-06 00:25:23,,,,,,,,,,38.8050003,8.45781231,1008.45001,889.349976,10.5124998,1.0,,16.45,0.0,10.62,53.3812485,,53.3812485,0.0,265.424988,0.0,,
2025-11-06 00:25:24+00:00,2025-11-06 00:25:24,,,,,,,,,,38.8125,8.42500019,1008.59998,889.275024,10.5124998,1.0,,16.45,0.0,10.62,53.3812485,,53.3812485,0.0,265.5,0.0,,
2025-11-06 00:25:25+00:00,2025-11-06 00:25:25,38.0,43.0,43.0,38.0,38.0,7.861464909031935,304.0,BO_O2_RULE,"제어매트릭스 규칙 적용: NOX_LOW (3단계 롤백, 4단계에서 Hz 변화 없음)",38.8012505,8.42500019,1008.59998,889.125,10.2624998,1.0,,16.45,0.0,10.62,53.3812485,,53.3812485,0.0,265.5,0.0,,
2025-11-06 00:25:26+00:00,2025-11-06 00:25:26,,,,,,,,,,38.8012505,8.40156269,1008.75,889.049988,10.2624998,1.0,,16.45,0.0,10.62,53.3624992,,53.3624992,0.0,265.424988,0.0,,
2025-11-06 00:25:27+00:00,2025-11-06 00:25:27,,,,,,,,,,38.8050003,8.38593769,1008.82501,888.900024,10.2749996,1.0,,16.45,0.0,10.62,53.3812485,,53.3812485,0.0,265.424988,0.0,,
2025-11-06 00:25:28+00:00,2025-11-06 00:25:28,,,,,,,,,,38.8125,8.38593769,1008.90002,888.825012,10.2624998,1.0,,16.45,0.0,10.62,53.3812485,,53.3812485,0.0,265.5,0.0,,
2025-11-06 00:25:29+00:00,2025-11-06 00:25:29,,,,,,,,,,38.7900009,8.37031269,1009.04999,888.75,10.2624998,1.0,,16.45,0.0,10.62,53.3812485,,53.3812485,0.0,265.5,0.0,,
2025-11-06 00:25:30+00:00,2025-11-06 00:25:30,38.0,43.0,43.0,38.0,38.0,7.398333473336626,304.0,BO_O2_RULE,"제어매트릭스 규칙 적용: NOX_LOW (3단계 롤백, 4단계에서 Hz 변화 없음)",38.7975006,8.36406231,1009.125,888.674988,9.85000038,1.0,,16.45,0.0,10.62,53.3624992,38.0,53.3624992,0.0,265.424988,0.0,,
2025-11-06 00:25:31+00:00,2025-11-06 00:25:31,,,,,,,,,,38.8050003,8.36406231,1009.27502,888.599976,9.83749962,1.0,,16.45,0.0,10.62,53.3812485,,53.3812485,0.0,265.5,0.0,,
2025-11-06 00:25:32+00:00,2025-11-06 00:25:32,,,,,,,,,,38.8050003,8.36406231,1009.42499,888.450012,9.83749962,1.0,,16.45,0.0,10.62,53.3812485,,53.3812485,0.0,265.5,0.0,,
2025-11-06 00:25:33+00:00,2025-11-06 00:25:33,,,,,,,,,,38.7975006,8.36406231,1009.65002,888.375,9.85000038,1.0,,16.45,0.0,9.98,53.3812485,,53.3812485,0.0,265.5,0.0,,
2025-11-06 00:25:34+00:00,2025-11-06 00:25:34,,,,,,,,,,38.8087502,8.36562538,1009.79999,888.299988,9.85000038,1.0,,16.45,0.0,9.98,53.3624992,,53.3624992,0.0,265.5,0.0,,
2025-11-06 00:25:35+00:00,2025-11-06 00:25:35,38.0,43.0,43.0,38.0,38.0,7.17839517468062,304.0,BO_O2_RULE,"제어매트릭스 규칙 적용: NOX_LOW (3단계 롤백, 4단계에서 Hz 변화 없음)",38.8050003,8.36093712,1010.02502,888.150024,9.92500019,1.0,,16.45,0.0,9.98,53.3812485,,53.3812485,0.0,265.424988,0.0,,
2025-11-06 00:25:36+00:00,2025-11-06 00:25:36,,,,,,,,,,38.7937508,8.36093712,1010.17499,888.150024,9.92500019,1.0,,16.45,0.0,9.98,53.1375008,,53.1375008,0.0,265.424988,0.0,,
2025-11-06 00:25:37+00:00,2025-11-06 00:25:37,,,,,,,,,,38.8274994,8.35781288,1010.40002,888.0,9.92500019,1.0,,16.45,0.0,9.98,53.0062485,,53.0062485,0.0,265.5,0.0,,
2025-11-06 00:25:38+00:00,2025-11-06 00:25:38,,,,,,,,,,38.8012505,8.35624981,1010.625,887.924988,9.92500019,1.0,,16.45,0.0,9.98,53.0062485,,53.0062485,0.0,265.424988,0.0,,
2025-11-06 00:25:39+00:00,2025-11-06 00:25:39,,,,,,,,,,38.8087502,8.35624981,1010.84998,887.849976,9.92500019,1.0,,16.45,0.0,9.98,53.0062485,,53.0062485,0.0,265.424988,0.0,,
2025-11-06 00:25:40+00:00,2025-11-06 00:25:40,38.0,43.0,43.0,38.0,38.0,9.620427070345098,304.0,BO_O2_RULE,"제어매트릭스 규칙 적용: NOX_LOW (3단계 롤백, 4단계에서 Hz 변화 없음)",38.8125,8.35624981,1011.0,887.849976,9.92500019,1.0,,16.45,0.0,9.98,53.0062485,,53.0062485,0.0,265.5,0.0,,
2025-11-06 00:25:41+00:00,2025-11-06 00:25:41,,,,,,,,,,38.8087502,8.35624981,1011.22498,887.700012,9.92500019,1.0,,16.45,0.0,9.98,53.0062485,,53.0062485,0.0,265.5,0.0,,
2025-11-06 00:25:42+00:00,2025-11-06 00:25:42,,,,,,,,,,38.7900009,8.34843731,1011.375,887.625,9.92500019,1.0,,16.45,0.0,9.98,53.0062485,,53.0062485,0.0,265.424988,0.0,,
2025-11-06 00:25:43+00:00,2025-11-06 00:25:43,,,,,,,,,,38.8012505,8.3203125,1011.59998,887.549988,9.92500019,1.0,,16.45,0.0,9.99,53.0062485,,53.0062485,0.0,265.424988,0.0,,
2025-11-06 00:25:44+00:00,2025-11-06 00:25:44,,,,,,,,,,38.8162498,8.3203125,1011.82501,887.474976,9.92500019,1.0,,16.45,0.0,9.99,53.0062485,,53.0062485,0.0,265.5,0.0,,
2025-11-06 00:25:45+00:00,2025-11-06 00:25:45,38.0,43.0,43.0,38.0,38.0,9.640293496136737,304.0,BO_O2_RULE,"제어매트릭스 규칙 적용: NOX_LOW (3단계 롤백, 4단계에서 Hz 변화 없음)",38.7900009,8.2734375,1012.04999,887.474976,9.41250038,1.0,,16.45,0.0,9.99,53.0062485,38.0,53.0062485,0.0,265.5,0.0,,
2025-11-06 00:25:46+00:00,2025-11-06 00:25:46,,,,,,,,,,38.8012505,8.22187519,1012.27502,887.400024,9.42500019,1.0,,16.45,0.0,9.99,53.0062485,,53.0062485,0.0,265.424988,0.0,,
2025-11-06 00:25:47+00:00,2025-11-06 00:25:47,,,,,,,,,,38.7975006,8.22187519,1012.5,887.325012,9.42500019,1.0,,16.45,0.0,9.99,53.0062485,,53.0062485,0.0,265.424988,0.0,,
2025-11-06 00:25:48+00:00,2025-11-06 00:25:48,,,,,,,,,,38.7975006,8.17343712,1012.65002,887.25,9.41250038,1.0,,16.45,0.0,9.99,53.0062485,,53.0062485,0.0,265.5,0.0,,
2025-11-06 00:25:49+00:00,2025-11-06 00:25:49,,,,,,,,,,38.7975006,8.17343712,1012.65002,887.25,9.41250038,1.0,,16.45,0.0,9.99,53.0062485,,53.0062485,0.0,265.5,0.0,,
2025-11-06 00:25:50+00:00,2025-11-06 00:25:50,38.0,42.0,42.0,38.0,38.0,8.364168786262322,304.0,BO_O2_RULE,"제어매트릭스 규칙 적용: NOX_LOW (3단계 롤백, 4단계에서 Hz 변화 없음)",38.7975006,8.1328125,1013.25,887.099976,9.17500019,1.0,,16.45,0.0,9.99,53.0062485,,53.0062485,0.0,265.5,0.0,,
2025-11-06 00:25:51+00:00,2025-11-06 00:25:51,,,,,,,,,,38.8012505,8.1015625,1013.40002,887.025024,9.17500019,1.0,,16.45,0.0,9.99,53.0062485,,53.0062485,0.0,265.424988,0.0,,
2025-11-06 00:25:52+00:00,2025-11-06 00:25:52,,,,,,,,,,38.8012505,8.1015625,1013.40002,887.025024,9.17500019,1.0,,16.45,0.0,9.99,53.0062485,,53.0062485,0.0,265.424988,0.0,,
2025-11-06 00:25:53+00:00,2025-11-06 00:25:53,,,,,,,,,,38.7975006,8.07968712,1013.92499,886.950012,9.17500019,1.0,,16.45,0.0,9.3,53.0250015,,53.0250015,0.0,265.5,0.0,,
2025-11-06 00:25:54+00:00,2025-11-06 00:25:54,,,,,,,,,,38.8012505,8.06562519,1014.15002,886.875,9.17500019,1.0,,16.45,0.0,9.3,53.0062485,,53.0062485,0.0,265.5,0.0,,
2025-11-06 00:25:55+00:00,2025-11-06 00:25:55,38.0,42.0,42.0,38.0,38.0,8.190561121904217,304.0,BO_O2_RULE,"제어매트릭스 규칙 적용: NOX_LOW (3단계 롤백, 4단계에서 Hz 변화 없음)",38.8012505,8.06562519,1014.15002,886.875,9.17500019,1.0,,16.45,0.0,9.3,53.0062485,,53.0062485,0.0,265.5,0.0,,
2025-11-06 00:25:56+00:00,2025-11-06 00:25:56,,,,,,,,,,38.7975006,8.04843712,1014.52502,886.724976,8.75,1.0,,16.45,0.0,9.3,53.0250015,,53.0250015,0.0,264.075012,0.0,,
2025-11-06 00:25:57+00:00,2025-11-06 00:25:57,,,,,,,,,,38.7975006,8.04843712,1014.75,886.724976,8.75,1.0,,16.45,0.0,9.3,53.0062485,,53.0062485,0.0,264.075012,0.0,,
2025-11-06 00:25:58+00:00,2025-11-06 00:25:58,,,,,,,,,,38.8125,8.02968788,1014.97498,886.650024,8.75,1.0,,16.45,0.0,9.3,53.0062485,,53.0062485,0.0,264.0,0.0,,
2025-11-06 00:25:59+00:00,2025-11-06 00:25:59,,,,,,,,,,38.8012505,8.015625,1015.125,886.575012,8.75,1.0,,16.45,0.0,9.3,53.0062485,,53.0062485,0.0,264.0,0.0,,
2025-11-06 00:26:00+00:00,2025-11-06 00:26:00,38.0,42.0,42.0,38.0,38.0,8.459095958002973,304.0,BO_O2_RULE,"제어매트릭스 규칙 적용: NOX_LOW (3단계 롤백, 4단계에서 Hz 변화 없음)",38.8012505,8.015625,1015.34998,886.5,8.75,1.0,,16.45,0.0,9.3,53.0062485,38.0,53.0062485,0.0,264.075012,0.0,,
2025-11-06 00:26:01+00:00,2025-11-06 00:26:01,,,,,,,,,,38.8012505,8.015625,1015.34998,886.5,8.75,1.0,,16.45,0.0,9.3,53.0062485,,53.0062485,0.0,264.075012,0.0,,
2025-11-06 00:26:02+00:00,2025-11-06 00:26:02,,,,,,,,,,38.8125,7.99687481,1015.79999,886.424988,8.75,1.0,,16.45,0.0,9.3,53.0062485,,53.0062485,0.0,264.0,0.0,,
2025-11-06 00:26:03+00:00,2025-11-06 00:26:03,,,,,,,,,,38.8087502,7.99687481,1015.95001,886.349976,8.75,1.0,,16.45,0.0,8.82,53.0062485,,53.0062485,0.0,264.0,0.0,,
2025-11-06 00:26:04+00:00,2025-11-06 00:26:04,,,,,,,,,,38.8012505,7.99531269,1016.17499,886.349976,8.75,1.0,,16.45,0.0,8.82,53.0062485,,53.0062485,0.0,264.075012,0.0,,
2025-11-06 00:26:05+00:00,2025-11-06 00:26:05,38.0,43.0,43.0,38.0,38.0,9.091757087618173,304.0,BO_O2_RULE,"제어매트릭스 규칙 적용: NOX_LOW (3단계 롤백, 4단계에서 Hz 변화 없음)",38.7937508,7.99531269,1016.32501,886.275024,8.75,1.0,,16.45,0.0,8.82,53.0250015,,53.0250015,0.0,264.075012,0.0,,
2025-11-06 00:26:06+00:00,2025-11-06 00:26:06,,,,,,,,,,38.7937508,7.99531269,1016.32501,886.275024,8.75,1.0,,16.45,0.0,8.82,53.0250015,,53.0250015,0.0,264.075012,0.0,,
2025-11-06 00:26:07+00:00,2025-11-06 00:26:07,,,,,,,,,,38.7975006,8.00937462,1016.54999,886.275024,8.75,1.0,,16.45,0.0,8.82,53.0062485,,53.0062485,0.0,264.0,0.0,,
2025-11-06 00:26:08+00:00,2025-11-06 00:26:08,,,,,,,,,,38.8050003,8.02656269,1016.84998,886.125,8.75,1.0,,16.45,0.0,8.82,53.0062485,,53.0062485,0.0,264.0,0.0,,
2025-11-06 00:26:09+00:00,2025-11-06 00:26:09,,,,,,,,,,38.8050003,8.02656269,1016.84998,886.125,8.75,1.0,,16.45,0.0,8.82,53.0062485,,53.0062485,0.0,264.0,0.0,,
2025-11-06 00:26:10+00:00,2025-11-06 00:26:10,38.0,43.0,43.0,38.0,38.0,9.207854886645821,304.0,BO_O2_RULE,"제어매트릭스 규칙 적용: NOX_LOW (3단계 롤백, 4단계에서 Hz 변화 없음)",38.7975006,8.05624962,1017.15002,886.049988,8.42500019,1.0,,16.45,0.0,8.82,53.0062485,,53.0062485,0.0,263.924988,0.0,,
2025-11-06 00:26:11+00:00,2025-11-06 00:26:11,,,,,,,,,,38.7975006,8.05624962,1017.15002,886.049988,8.42500019,1.0,,16.45,0.0,8.82,53.0062485,,53.0062485,0.0,263.924988,0.0,,
2025-11-06 00:26:12+00:00,2025-11-06 00:26:12,,,,,,,,,,38.7975006,8.05624962,1017.29999,885.974976,8.41250038,1.0,,16.45,0.0,8.82,53.0250015,,53.0250015,0.0,264.075012,0.0,,
2025-11-06 00:26:13+00:00,2025-11-06 00:26:13,,,,,,,,,,38.8012505,8.07968712,1017.59998,885.974976,8.41250038,1.0,,16.45,0.0,8.53,53.0062485,,53.0062485,0.0,265.5,0.0,,
2025-11-06 00:26:14+00:00,2025-11-06 00:26:14,,,,,,,,,,38.8012505,8.10781288,1017.75,885.900024,8.41250038,1.0,,16.45,0.0,8.53,53.0062485,,53.0062485,0.0,265.5,0.0,,
2025-11-06 00:26:15+00:00,2025-11-06 00:26:15,38.0,43.0,43.0,38.0,38.0,9.436838632276412,304.0,BO_O2_RULE,"제어매트릭스 규칙 적용: NOX_LOW (3단계 롤백, 4단계에서 Hz 변화 없음)",38.8125,8.13437462,1017.97498,885.900024,9.01249981,1.0,,16.45,0.0,8.53,53.0062485,38.0,53.0062485,0.0,265.424988,0.0,,
2025-11-06 00:26:16+00:00,2025-11-06 00:26:16,,,,,,,,,,38.8125,8.13437462,1017.97498,885.900024,9.01249981,1.0,,16.45,0.0,8.53,53.0062485,,53.0062485,0.0,265.424988,0.0,,
2025-11-06 00:26:17+00:00,2025-11-06 00:26:17,,,,,,,,,,38.8050003,8.13437462,1018.125,885.825012,9.0,1.0,,16.45,0.0,8.53,53.0062485,,53.0062485,0.0,265.5,0.0,,
2025-11-06 00:26:18+00:00,2025-11-06 00:26:18,,,,,,,,,,38.8050003,8.15937519,1018.27502,885.825012,9.0,1.0,,16.45,0.0,8.53,53.0062485,,53.0062485,0.0,265.5,0.0,,
2025-11-06 00:26:19+00:00,2025-11-06 00:26:19,,,,,,,,,,38.8087502,8.18906212,1018.72498,885.75,9.01249981,1.0,,16.45,0.0,8.53,53.3624992,,53.3624992,0.0,265.424988,0.0,,
2025-11-06 00:26:20+00:00,2025-11-06 00:26:20,43.0,43.0,43.0,43.0,43.0,14.861536610761412,100.0,BO_ONLY,"BO 모델 결과만 사용 (1단계 롤백, 2~4단계에서 Hz 변화 없음)",38.8087502,8.18906212,1018.72498,885.75,9.01249981,1.0,,16.45,0.0,8.53,53.3624992,,53.3624992,0.0,265.424988,0.0,,
2025-11-06 00:26:21+00:00,2025-11-06 00:26:21,,,,,,,,,,38.8012505,8.22500038,1019.02502,885.75,8.75,1.0,,16.45,0.0,8.53,53.3812485,,53.3812485,0.0,265.5,0.0,,
2025-11-06 00:26:22+00:00,2025-11-06 00:26:22,,,,,,,,,,38.7975006,8.26249981,1019.17499,885.674988,8.75,1.0,,16.45,0.0,8.53,53.3812485,,53.3812485,0.0,265.5,0.0,,
2025-11-06 00:26:23+00:00,2025-11-06 00:26:23,,,,,,,,,,44.0625,8.30624962,1019.625,885.674988,8.75,1.0,,16.45,0.0,8.89,53.3812485,,53.3812485,0.0,265.424988,0.0,,
2025-11-06 00:26:24+00:00,2025-11-06 00:26:24,,,,,,,,,,44.0849991,8.30624962,1019.92499,885.674988,8.75,1.0,,16.45,0.0,8.89,53.5875015,,53.5875015,0.0,265.424988,0.0,,
2025-11-06 00:26:25+00:00,2025-11-06 00:26:25,43.0,43.0,43.0,43.0,43.0,14.099313678838858,100.0,BO_ONLY,"BO 모델 결과만 사용 (1단계 롤백, 2~4단계에서 Hz 변화 없음)",44.0849991,8.30624962,1019.92499,885.674988,8.75,1.0,,16.45,0.0,8.89,53.5875015,,53.5875015,0.0,265.424988,0.0,,
2025-11-06 00:26:26+00:00,2025-11-06 00:26:26,,,,,,,,,,44.1074982,8.35000038,1020.07501,885.599976,8.76249981,1.0,,16.45,0.0,8.89,56.0250015,,56.0250015,0.0,264.075012,0.0,,
2025-11-06 00:26:27+00:00,2025-11-06 00:26:27,,,,,,,,,,44.0962486,8.37656212,1020.52502,885.599976,8.75,1.0,,16.45,0.0,8.89,62.7562485,,62.7562485,0.0,264.0,0.0,,
2025-11-06 00:26:28+00:00,2025-11-06 00:26:28,,,,,,,,,,44.0962486,8.37656212,1020.52502,885.599976,8.75,1.0,,16.45,0.0,8.89,62.7562485,,62.7562485,0.0,264.0,0.0,,
2025-11-06 00:26:29+00:00,2025-11-06 00:26:29,,,,,,,,,,44.0887489,8.37968731,1020.75,885.599976,8.75,1.0,,16.45,0.0,8.89,65.8499985,,65.8499985,0.0,264.0,0.0,,
2025-11-06 00:26:30+00:00,2025-11-06 00:26:30,43.0,43.0,43.0,43.0,43.0,14.122222284654905,100.0,BO_ONLY,"BO 모델 결과만 사용 (1단계 롤백, 2~4단계에서 Hz 변화 없음)",44.0999985,8.37968731,1020.90002,885.525024,8.75,1.0,,16.45,0.0,8.89,67.6875,38.0,67.6875,0.0,264.075012,0.0,,
2025-11-06 00:26:31+00:00,2025-11-06 00:26:31,,,,,,,,,,44.0924988,8.34687519,1021.27502,885.525024,8.83749962,1.0,,16.45,0.0,8.89,70.1999969,,70.1999969,0.0,264.0,0.0,,
2025-11-06 00:26:32+00:00,2025-11-06 00:26:32,,,,,,,,,,44.0924988,8.34687519,1021.27502,885.525024,8.83749962,1.0,,16.45,0.0,8.89,70.1999969,,70.1999969,0.0,264.0,0.0,,
2025-11-06 00:26:33+00:00,2025-11-06 00:26:33,,,,,,,,,,44.0924988,8.32499981,1021.65002,885.525024,8.83749962,1.0,,16.45,0.0,8.9,70.9499969,,70.9499969,0.0,262.799988,0.0,,
2025-11-06 00:26:34+00:00,2025-11-06 00:26:34,,,,,,,,,,44.0924988,8.32499981,1021.65002,885.525024,8.83749962,1.0,,16.45,0.0,8.9,70.9499969,,70.9499969,0.0,262.799988,0.0,,
2025-11-06 00:26:35+00:00,2025-11-06 00:26:35,39.09249880000001,43.0,43.0,38.0,38.0,10.445736261834186,304.0,BO_O2_RULE,"제어매트릭스 규칙 적용: NOX_LOW (3단계 롤백, 4단계에서 Hz 변화 없음)",44.0924988,8.30312538,1021.95001,885.525024,8.83749962,1.0,,16.45,0.0,8.9,70.9499969,,70.9499969,0.0,262.575012,0.0,,
2025-11-06 00:26:36+00:00,2025-11-06 00:26:36,,,,,,,,,,44.0962486,8.30312538,1022.09998,885.525024,8.83749962,1.0,,16.45,0.0,8.9,71.3249969,,71.3249969,0.0,262.575012,0.0,,
2025-11-06 00:26:37+00:00,2025-11-06 00:26:37,,,,,,,,,,44.0924988,8.27968788,1022.32501,885.450012,8.83749962,1.0,,16.45,0.0,8.9,71.34375,,71.34375,0.0,262.575012,0.0,,
2025-11-06 00:26:38+00:00,2025-11-06 00:26:38,,,,,,,,,,42.1387482,8.27968788,1022.40002,885.450012,8.83749962,1.0,,16.45,0.0,8.9,71.3249969,,71.3249969,0.0,262.575012,0.0,,
2025-11-06 00:26:39+00:00,2025-11-06 00:26:39,,,,,,,,,,39.9300003,8.26249981,1022.70001,885.450012,8.83749962,1.0,,16.45,0.0,8.9,71.3625031,,71.3625031,0.0,262.575012,0.0,,
2025-11-06 00:26:40+00:00,2025-11-06 00:26:40,38.44249853333334,43.0,43.0,38.0,38.0,11.360652667521286,304.0,BO_O2_RULE,"제어매트릭스 규칙 적용: NOX_LOW (3단계 롤백, 4단계에서 Hz 변화 없음)",39.9225006,8.24843788,1022.84998,885.450012,8.83749962,1.0,,16.45,0.0,8.9,71.2687531,,71.2687531,0.0,263.399994,0.0,,
2025-11-06 00:26:41+00:00,2025-11-06 00:26:41,,,,,,,,,,39.9225006,8.23906231,1023.29999,885.450012,9.0,1.0,,16.45,0.0,8.9,66.8062515,,66.8062515,0.0,264.0,0.0,,
2025-11-06 00:26:42+00:00,2025-11-06 00:26:42,,,,,,,,,,39.9225006,8.23906231,1023.29999,885.450012,9.0,1.0,,16.45,0.0,8.9,66.8062515,,66.8062515,0.0,264.0,0.0,,
2025-11-06 00:26:43+00:00,2025-11-06 00:26:43,,,,,,,,,,38.8125,8.22812462,1023.67499,885.525024,9.0,1.0,,16.45,0.0,9.14,61.5,,61.5,0.0,264.0,0.0,,
2025-11-06 00:26:44+00:00,2025-11-06 00:26:44,,,,,,,,,,38.8012505,8.21406269,1023.90002,885.450012,9.0,1.0,,16.45,0.0,9.14,59.8312492,,59.8312492,0.0,264.0,0.0,,
2025-11-06 00:26:45+00:00,2025-11-06 00:26:45,44.0,44.0,44.0,44.0,44.0,13.253552482844652,100.0,BO_ONLY,"BO 모델 결과만 사용 (1단계 롤백, 2~4단계에서 Hz 변화 없음)",38.8012505,8.21406269,1023.90002,885.450012,9.0,1.0,,16.45,0.0,9.14,59.8312492,38.0,59.8312492,0.0,264.0,0.0,,
2025-11-06 00:26:46+00:00,2025-11-06 00:26:46,,,,,,,,,,38.8012505,8.21406269,1024.125,885.450012,9.33749962,1.0,,16.45,0.0,9.14,58.3312492,,58.3312492,0.0,264.0,0.0,,
2025-11-06 00:26:47+00:00,2025-11-06 00:26:47,,,,,,,,,,38.8012505,8.20156288,1024.34998,885.450012,9.33749962,1.0,,16.45,0.0,9.14,56.8312492,,56.8312492,0.0,264.0,0.0,,
2025-11-06 00:26:48+00:00,2025-11-06 00:26:48,,,,,,,,,,39.2550011,8.20156288,1024.5,885.450012,9.33749962,1.0,,16.45,0.0,9.14,55.5,,55.5,0.0,264.0,0.0,,
2025-11-06 00:26:49+00:00,2025-11-06 00:26:49,,,,,,,,,,44.0362511,8.20156288,1024.80005,885.450012,9.33749962,1.0,,16.45,0.0,9.14,54.9375,,54.9375,0.0,264.075012,0.0,,
2025-11-06 00:26:50+00:00,2025-11-06 00:26:50,43.9525007,44.0,44.0,44.0,44.0,13.634378708248482,100.0,BO_ONLY,"BO 모델 결과만 사용 (1단계 롤백, 2~4단계에서 Hz 변화 없음)",44.0962486,8.20781231,1024.94995,885.525024,9.33749962,1.0,,16.45,0.0,9.14,54.1875,,54.1875,0.0,264.0,0.0,,
2025-11-06 00:26:51+00:00,2025-11-06 00:26:51,,,,,,,,,,44.0999985,8.21718788,1025.17505,885.450012,10.0124998,1.0,,16.45,0.0,9.14,55.5750008,,55.5750008,0.0,264.075012,0.0,,
2025-11-06 00:26:52+00:00,2025-11-06 00:26:52,,,,,,,,,,44.0924988,8.2265625,1025.55005,885.525024,10.0124998,1.0,,16.45,0.0,9.14,61.6500015,,61.6500015,0.0,264.0,0.0,,
2025-11-06 00:26:53+00:00,2025-11-06 00:26:53,,,,,,,,,,44.0924988,8.2265625,1025.55005,885.525024,10.0124998,1.0,,16.45,0.0,10.13,61.6500015,,61.6500015,0.0,264.0,0.0,,
2025-11-06 00:26:54+00:00,2025-11-06 00:26:54,,,,,,,,,,44.1150017,8.23593712,1025.92505,885.525024,10.0124998,1.0,,16.45,0.0,10.13,67.59375,,67.59375,0.0,264.075012,0.0,,
2025-11-06 00:26:55+00:00,2025-11-06 00:26:55,44.0,45.0,44.0,44.0,44.0,17.80639745328022,206.0,BO_O2,"O2 규칙 적용: 8.2% (8.0% < O2 ≤ 9.0%) (2단계 롤백, 3~4단계에서 Hz 변화 없음)",44.1150017,8.23593712,1025.92505,885.525024,10.0124998,1.0,,16.45,0.0,10.13,67.59375,,67.59375,0.0,264.075012,0.0,,
2025-11-06 00:26:56+00:00,2025-11-06 00:26:56,,,,,,,,,,44.0924988,8.25156212,1026.07495,885.525024,10.1000004,1.0,,16.45,0.0,10.13,68.9250031,,68.9250031,0.0,264.0,0.0,,
2025-11-06 00:26:57+00:00,2025-11-06 00:26:57,,,,,,,,,,44.1112518,8.2734375,1026.44995,885.525024,10.1000004,1.0,,16.45,0.0,10.13,70.5187531,,70.5187531,0.0,264.0,0.0,,
2025-11-06 00:26:58+00:00,2025-11-06 00:26:58,,,,,,,,,,44.1112518,8.2734375,1026.44995,885.525024,10.1000004,1.0,,16.45,0.0,10.13,70.5187531,,70.5187531,0.0,264.0,0.0,,
2025-11-06 00:26:59+00:00,2025-11-06 00:26:59,,,,,,,,,,44.1037483,8.29062462,1026.67505,885.525024,10.1000004,1.0,,16.45,0.0,10.13,70.9499969,,70.9499969,0.0,264.0,0.0,,
2025-11-06 00:27:00+00:00,2025-11-06 00:27:00,44.0,45.0,44.0,44.0,44.0,17.573697111332798,206.0,BO_O2,"O2 규칙 적용: 8.3% (8.0% < O2 ≤ 9.0%) (2단계 롤백, 3~4단계에서 Hz 변화 없음)",44.0962486,8.29218769,1027.125,885.525024,10.5124998,1.0,,16.45,0.0,10.13,71.7375031,39.60680375729881,71.7375031,0.0,264.0,0.0,,
2025-11-06 00:27:01+00:00,2025-11-06 00:27:01,,,,,,,,,,44.1074982,8.29218769,1027.34998,885.525024,10.5249996,1.0,,16.45,0.0,10.13,71.7562485,,71.7562485,0.0,264.0,0.0,,
2025-11-06 00:27:02+00:00,2025-11-06 00:27:02,,,,,,,,,,44.0924988,8.29374981,1027.65002,885.525024,10.5249996,1.0,,16.45,0.0,10.13,71.7562485,,71.7562485,0.0,264.075012,0.0,,
2025-11-06 00:27:03+00:00,2025-11-06 00:27:03,,,,,,,,,,44.0924988,8.29374981,1027.65002,885.525024,10.5249996,1.0,,16.45,0.0,10.59,71.7562485,,71.7562485,0.0,264.075012,0.0,,
2025-11-06 00:27:04+00:00,2025-11-06 00:27:04,,,,,,,,,,44.1037483,8.31406212,1028.17505,885.525024,10.5124998,1.0,,16.45,0.0,10.59,71.7375031,,71.7375031,0.0,264.0,0.0,,
2025-11-06 00:27:05+00:00,2025-11-06 00:27:05,44.0,45.0,44.0,44.0,44.0,17.140937597343072,206.0,BO_O2,"O2 규칙 적용: 8.3% (8.0% < O2 ≤ 9.0%) (2단계 롤백, 3~4단계에서 Hz 변화 없음)",44.1037483,8.31406212,1028.17505,885.525024,10.5124998,1.0,,16.45,0.0,10.59,71.7375031,,71.7375031,0.0,264.0,0.0,,
2025-11-06 00:27:06+00:00,2025-11-06 00:27:06,,,,,,,,,,44.0924988,8.34843731,1028.40002,885.525024,10.6875,1.0,,16.45,0.0,10.59,71.7562485,,71.7562485,0.0,264.0,0.0,,
2025-11-06 00:27:07+00:00,2025-11-06 00:27:07,,,,,,,,,,44.1300011,8.3828125,1028.77502,885.525024,10.6750002,1.0,,16.45,0.0,10.59,71.7562485,,71.7562485,0.0,264.075012,0.0,,
2025-11-06 00:27:08+00:00,2025-11-06 00:27:08,,,,,,,,,,44.1300011,8.3828125,1029.0,885.525024,10.6875,1.0,,16.45,0.0,10.59,71.7375031,,71.7375031,0.0,264.0,0.0,,
2025-11-06 00:27:09+00:00,2025-11-06 00:27:09,,,,,,,,,,44.0887489,8.40468788,1029.75,885.674988,10.6875,1.0,,16.45,0.0,10.59,71.7562485,,71.7562485,0.0,262.725006,0.0,,
2025-11-06 00:27:10+00:00,2025-11-06 00:27:10,44.0,45.0,44.0,44.0,44.0,13.668134637773424,206.0,BO_O2,"O2 규칙 적용: 8.4% (8.0% < O2 ≤ 9.0%) (2단계 롤백, 3~4단계에서 Hz 변화 없음)",44.0962486,8.40937519,1030.34998,885.674988,11.9499998,1.0,,16.45,0.0,10.59,71.6999969,,71.6999969,0.0,262.575012,0.0,,
2025-11-06 00:27:11+00:00,2025-11-06 00:27:11,,,,,,,,,,44.1262512,8.40625,1030.65002,885.674988,11.9624996,1.0,,16.45,0.0,10.59,71.34375,,71.34375,0.0,262.575012,0.0,,
2025-11-06 00:27:12+00:00,2025-11-06 00:27:12,,,,,,,,,,44.0999985,8.40625,1031.25,885.674988,11.9624996,1.0,,16.45,0.0,10.59,71.3812485,,71.3812485,0.0,262.575012,0.0,,
2025-11-06 00:27:13+00:00,2025-11-06 00:27:13,,,,,,,,,,44.0999985,8.40625,1031.25,885.674988,11.9624996,1.0,,16.45,0.0,12.02,71.3812485,,71.3812485,0.0,262.575012,0.0,,
2025-11-06 00:27:14+00:00,2025-11-06 00:27:14,,,,,,,,,,44.1037483,8.37968731,1032.15002,885.75,11.9499998,1.0,,16.45,0.0,12.02,71.3812485,,71.3812485,0.0,261.0,0.0,,
2025-11-06 00:27:15+00:00,2025-11-06 00:27:15,44.0,45.0,44.0,44.0,44.0,17.906831509783313,206.0,BO_O2,"O2 규칙 적용: 8.4% (8.0% < O2 ≤ 9.0%) (2단계 롤백, 3~4단계에서 Hz 변화 없음)",44.1037483,8.37968731,1032.15002,885.75,11.9499998,1.0,,16.45,0.0,12.02,71.3812485,38.0,71.3812485,0.0,261.0,0.0,,
2025-11-06 00:27:16+00:00,2025-11-06 00:27:16,,,,,,,,,,44.1074982,8.37968731,1032.52502,885.75,12.2875004,1.0,,16.45,0.0,12.02,71.3812485,,71.3812485,0.0,261.0,0.0,,
2025-11-06 00:27:17+00:00,2025-11-06 00:27:17,,,,,,,,,,44.1112518,8.359375,1033.125,885.75,12.2875004,1.0,,16.45,0.0,12.02,71.3812485,,71.3812485,0.0,261.0,0.0,,
2025-11-06 00:27:18+00:00,2025-11-06 00:27:18,,,,,,,,,,44.0887489,8.359375,1033.5,885.825012,12.2875004,1.0,,16.45,0.0,12.02,71.4000015,,71.4000015,0.0,260.924988,0.0,,
2025-11-06 00:27:19+00:00,2025-11-06 00:27:19,,,,,,,,,,44.0962486,8.31562519,1034.55005,885.825012,12.2875004,1.0,,16.45,0.0,12.02,71.3249969,,71.3249969,0.0,261.149994,0.0,,
2025-11-06 00:27:20+00:00,2025-11-06 00:27:20,44.0,45.0,44.0,44.0,44.0,17.391266058128757,206.0,BO_O2,"O2 규칙 적용: 8.4% (8.0% < O2 ≤ 9.0%) (2단계 롤백, 3~4단계에서 Hz 변화 없음)",44.0962486,8.31562519,1034.55005,885.825012,12.2875004,1.0,,16.45,0.0,12.02,71.3249969,,71.3249969,0.0,261.149994,0.0,,
2025-11-06 00:27:21+00:00,2025-11-06 00:27:21,,,,,,,,,,44.1037483,8.29531288,1035.44995,885.900024,12.875,1.0,,16.45,0.0,12.02,71.2125015,,71.2125015,0.0,260.774994,0.0,,
2025-11-06 00:27:22+00:00,2025-11-06 00:27:22,,,,,,,,,,44.1037483,8.29531288,1035.44995,885.900024,12.875,1.0,,16.45,0.0,12.02,71.2125015,,71.2125015,0.0,260.774994,0.0,,
2025-11-06 00:27:23+00:00,2025-11-06 00:27:23,,,,,,,,,,44.0924988,8.27812481,1036.42505,885.974976,12.875,1.0,,16.45,0.0,13.02,70.9499969,,70.9499969,0.0,261.0,0.0,,
2025-11-06 00:27:24+00:00,2025-11-06 00:27:24,,,,,,,,,,44.0924988,8.27812481,1036.42505,885.974976,12.875,1.0,,16.45,0.0,13.02,70.9499969,,70.9499969,0.0,261.0,0.0,,
2025-11-06 00:27:25+00:00,2025-11-06 00:27:25,44.0,45.0,44.0,44.0,44.0,17.695367580514695,206.0,BO_O2,"O2 규칙 적용: 8.3% (8.0% < O2 ≤ 9.0%) (2단계 롤백, 3~4단계에서 Hz 변화 없음)",44.0962486,8.23750019,1036.94995,885.974976,12.875,1.0,,16.45,0.0,13.02,70.9499969,,70.9499969,0.0,261.0,0.0,,
2025-11-06 00:27:26+00:00,2025-11-06 00:27:26,,,,,,,,,,44.1037483,8.17343712,1037.25,885.974976,13.6374998,1.0,,16.45,0.0,13.02,70.96875,,70.96875,0.0,260.924988,0.0,,
2025-11-06 00:27:27+00:00,2025-11-06 00:27:27,,,,,,,,,,44.1487503,8.17343712,1037.69995,885.974976,13.6374998,1.0,,16.45,0.0,13.02,70.96875,,70.96875,0.0,261.075012,0.0,,
2025-11-06 00:27:28+00:00,2025-11-06 00:27:28,,,,,,,,,,44.1074982,8.08906269,1038.0,886.049988,13.6374998,1.0,,16.45,0.0,13.02,70.9499969,,70.9499969,0.0,260.924988,0.0,,
2025-11-06 00:27:29+00:00,2025-11-06 00:27:29,,,,,,,,,,44.1037483,8.08906269,1038.44995,886.049988,13.6374998,1.0,,16.45,0.0,13.02,70.9499969,,70.9499969,0.0,260.924988,0.0,,
2025-11-06 00:27:30+00:00,2025-11-06 00:27:30,44.0,45.0,44.0,44.0,44.0,17.07307379308975,206.0,BO_O2,"O2 규칙 적용: 8.1% (8.0% < O2 ≤ 9.0%) (2단계 롤백, 3~4단계에서 Hz 변화 없음)",44.0962486,8.00468731,1038.67505,886.049988,13.6374998,1.0,,16.45,0.0,13.02,70.9499969,38.70680375729881,70.9499969,0.0,261.075012,0.0,,
2025-11-06 00:27:31+00:00,2025-11-06 00:27:31,,,,,,,,,,44.1375008,7.91093731,1039.05005,886.125,14.5,1.0,,16.45,0.0,13.02,70.9499969,,70.9499969,0.0,260.924988,0.0,,
2025-11-06 00:27:32+00:00,2025-11-06 00:27:32,,,,,,,,,,44.1074982,7.91093731,1039.34998,886.200012,14.5,1.0,,16.45,0.0,13.02,70.9499969,,70.9499969,0.0,261.075012,0.0,,
2025-11-06 00:27:33+00:00,2025-11-06 00:27:33,,,,,,,,,,44.0962486,7.8203125,1039.72498,886.200012,14.5,1.0,,16.45,0.0,14.61,70.9499969,,70.9499969,0.0,259.649994,0.0,,
2025-11-06 00:27:34+00:00,2025-11-06 00:27:34,,,,,,,,,,44.0962486,7.72968769,1039.94995,886.275024,14.4875002,1.0,,16.45,0.0,14.61,70.96875,,70.96875,0.0,259.350006,0.0,,
2025-11-06 00:27:35+00:00,2025-11-06 00:27:35,46.0,46.0,46.0,46.0,46.0,17.644609645433608,100.0,BO_ONLY,"BO 모델 결과만 사용 (1단계 롤백, 2~4단계에서 Hz 변화 없음)",44.0962486,7.72968769,1040.32495,886.275024,14.6625004,1.0,,16.45,0.0,14.61,70.9499969,,70.9499969,0.0,259.350006,0.0,,
2025-11-06 00:27:36+00:00,2025-11-06 00:27:36,,,,,,,,,,44.0849991,7.6546874,1040.55005,886.275024,15.0,1.0,,16.45,0.0,14.61,70.9499969,,70.9499969,0.0,260.850006,0.0,,
2025-11-06 00:27:37+00:00,2025-11-06 00:27:37,,,,,,,,,,44.1150017,7.6546874,1040.92505,886.349976,15.0,1.0,,16.45,0.0,14.61,70.9499969,,70.9499969,0.0,261.075012,0.0,,
2025-11-06 00:27:38+00:00,2025-11-06 00:27:38,,,,,,,,,,45.8925018,7.59843731,1041.15002,886.349976,15.0,1.0,,16.45,0.0,14.61,71.1937485,,71.1937485,0.0,261.149994,0.0,,
2025-11-06 00:27:39+00:00,2025-11-06 00:27:39,,,,,,,,,,47.2087517,7.5640626,1041.44995,886.349976,15.0,1.0,,16.45,0.0,14.61,71.3625031,,71.3625031,0.0,261.149994,0.0,,
2025-11-06 00:27:40+00:00,2025-11-06 00:27:40,46.0,46.0,46.0,46.0,46.0,18.517772238900672,100.0,BO_ONLY,"BO 모델 결과만 사용 (1단계 롤백, 2~4단계에서 Hz 변화 없음)",47.2162514,7.5640626,1041.67505,886.349976,15.0,1.0,,16.45,0.0,14.61,71.7375031,,71.7375031,0.0,260.924988,0.0,,
2025-11-06 00:27:41+00:00,2025-11-06 00:27:41,,,,,,,,,,47.2237511,7.54218769,1041.97498,886.424988,15.1750002,1.0,,16.45,0.0,14.61,73.1624985,,73.1624985,0.0,259.350006,0.0,,
2025-11-06 00:27:42+00:00,2025-11-06 00:27:42,,,,,,,,,,47.2200012,7.52812481,1042.125,886.424988,15.1750002,1.0,,16.45,0.0,14.61,75.9000015,,75.9000015,0.0,259.424988,0.0,,
2025-11-06 00:27:43+00:00,2025-11-06 00:27:43,,,,,,,,,,47.2237511,7.52812481,1042.42505,886.5,15.1625004,1.0,,16.45,0.0,15.3,77.8125,,77.8125,0.0,259.350006,0.0,,
2025-11-06 00:27:44+00:00,2025-11-06 00:27:44,,,,,,,,,,47.2237511,7.5234375,1042.57495,886.5,15.1625004,1.0,,16.45,0.0,15.3,79.1999969,,79.1999969,0.0,259.350006,0.0,,
2025-11-06 00:27:45+00:00,2025-11-06 00:27:45,46.0,46.0,46.0,46.0,46.0,18.224844201467306,100.0,BO_ONLY,"BO 모델 결과만 사용 (1단계 롤백, 2~4단계에서 Hz 변화 없음)",47.2237511,7.5234375,1042.875,886.5,15.5874996,1.0,,16.45,0.0,15.3,80.53125,40.5068037572988,80.53125,0.0,259.350006,0.0,,
2025-11-06 00:27:46+00:00,2025-11-06 00:27:46,,,,,,,,,,47.2275009,7.53437519,1043.02502,886.5,16.4249992,1.0,,16.45,0.0,15.3,80.71875,,80.71875,0.0,259.350006,0.0,,
2025-11-06 00:27:47+00:00,2025-11-06 00:27:47,,,,,,,,,,47.2275009,7.5625,1043.32495,886.575012,16.4249992,1.0,,16.45,0.0,15.3,81.0749969,,81.0749969,0.0,259.350006,0.0,,
2025-11-06 00:27:48+00:00,2025-11-06 00:27:48,,,,,,,,,,47.2162514,7.5625,1043.47498,886.650024,16.4375,1.0,,16.45,0.0,15.3,81.4499969,,81.4499969,0.0,259.424988,0.0,,
2025-11-06 00:27:49+00:00,2025-11-06 00:27:49,,,,,,,,,,47.2275009,7.60468769,1043.77502,886.650024,16.4249992,1.0,,16.45,0.0,15.3,81.7312469,,81.7312469,0.0,259.350006,0.0,,
2025-11-06 00:27:50+00:00,2025-11-06 00:27:50,46.0,46.0,46.0,46.0,46.0,20.378503992014075,100.0,BO_ONLY,"BO 모델 결과만 사용 (1단계 롤백, 2~4단계에서 Hz 변화 없음)",47.2275009,7.6484375,1043.92505,886.650024,16.4249992,1.0,,16.45,0.0,15.3,81.8249969,,81.8249969,0.0,259.424988,0.0,,
2025-11-06 00:27:51+00:00,2025-11-06 00:27:51,,,,,,,,,,47.2275009,7.6484375,1044.15002,886.650024,16.3500004,1.0,,16.45,0.0,15.3,81.8249969,,81.8249969,0.0,259.350006,0.0,,
2025-11-06 00:27:52+00:00,2025-11-06 00:27:52,,,,,,,,,,47.2237511,7.69843769,1044.30005,886.650024,16.3374996,1.0,,16.45,0.0,15.3,81.8249969,,81.8249969,0.0,259.424988,0.0,,
2025-11-06 00:27:53+00:00,2025-11-06 00:27:53,,,,,,,,,,47.2200012,7.69843769,1044.59998,886.724976,16.3374996,1.0,,16.45,0.0,16.45,81.8062515,,81.8062515,0.0,259.350006,0.0,,
2025-11-06 00:27:54+00:00,2025-11-06 00:27:54,,,,,,,,,,47.2275009,7.7484374,1044.75,886.724976,16.3500004,1.0,,16.45,0.0,16.45,81.8249969,,81.8249969,0.0,259.424988,0.0,,
2025-11-06 00:27:55+00:00,2025-11-06 00:27:55,46.0,46.0,46.0,46.0,46.0,19.89822004576185,100.0,BO_ONLY,"BO 모델 결과만 사용 (1단계 롤백, 2~4단계에서 Hz 변화 없음)",47.2275009,7.8062501,1044.97498,886.724976,16.2875004,1.0,,16.45,0.0,16.45,81.8249969,,81.8249969,0.0,259.424988,0.0,,
2025-11-06 00:27:56+00:00,2025-11-06 00:27:56,,,,,,,,,,47.2200012,7.8062501,1045.125,886.724976,16.1749992,1.0,,16.45,0.0,16.45,81.8249969,,81.8249969,0.0,259.350006,0.0,,
2025-11-06 00:27:57+00:00,2025-11-06 00:27:57,,,,,,,,,,47.2237511,7.859375,1045.42505,886.724976,16.1749992,1.0,,16.45,0.0,16.45,81.8062515,,81.8062515,0.0,259.350006,0.0,,
2025-11-06 00:27:58+00:00,2025-11-06 00:27:58,,,,,,,,,,47.2237511,7.9046874,1045.65002,886.799988,16.1749992,1.0,,16.45,0.0,16.45,81.8249969,,81.8249969,0.0,259.350006,0.0,,
2025-11-06 00:27:59+00:00,2025-11-06 00:27:59,,,,,,,,,,47.2275009,7.9046874,1045.875,886.799988,16.1749992,1.0,,16.45,0.0,16.45,81.8249969,,81.8249969,0.0,259.350006,0.0,,
2025-11-06 00:28:00+00:00,2025-11-06 00:28:00,46.0,46.0,46.0,46.0,46.0,19.99019185840255,100.0,BO_ONLY,"BO 모델 결과만 사용 (1단계 롤백, 2~4단계에서 Hz 변화 없음)",47.2237511,7.9359374,1046.09998,886.875,16.1749992,1.0,,16.45,0.0,16.45,81.8249969,42.30680375729881,81.8249969,0.0,259.424988,0.0,,
2025-11-06 00:28:01+00:00,2025-11-06 00:28:01,,,,,,,,,,47.2350006,7.9359374,1046.40002,886.875,15.9250002,1.0,,16.45,0.0,16.45,81.8062515,,81.8062515,0.0,259.350006,0.0,,
2025-11-06 00:28:02+00:00,2025-11-06 00:28:02,,,,,,,,,,47.2312508,7.9671874,1046.55005,886.875,15.9250002,1.0,,16.45,0.0,16.45,81.8249969,,81.8249969,0.0,259.350006,0.0,,
2025-11-06 00:28:03+00:00,2025-11-06 00:28:03,,,,,,,,,,47.2237511,8.00156212,1046.84998,886.875,15.9250002,1.0,,16.45,0.0,16.04,81.8249969,,81.8249969,0.0,259.350006,0.0,,
2025-11-06 00:28:04+00:00,2025-11-06 00:28:04,,,,,,,,,,47.2312508,8.00156212,1047.07495,886.875,15.9250002,1.0,,16.45,0.0,16.04,81.8249969,,81.8249969,0.0,259.350006,0.0,,
2025-11-06 00:28:05+00:00,2025-11-06 00:28:05,45.0,45.0,45.0,45.0,45.0,14.200833504197723,100.0,BO_ONLY,"BO 모델 결과만 사용 (1단계 롤백, 2~4단계에서 Hz 변화 없음)",47.2200012,8.04374981,1047.30005,886.950012,16.0625,1.0,,16.45,0.0,16.04,81.8062515,,81.8062515,0.0,259.350006,0.0,,
2025-11-06 00:28:06+00:00,2025-11-06 00:28:06,,,,,,,,,,47.2275009,8.08749962,1047.44995,886.950012,16.3374996,1.0,,16.45,0.0,16.04,81.8249969,,81.8249969,0.0,257.774994,0.0,,
2025-11-06 00:28:07+00:00,2025-11-06 00:28:07,,,,,,,,,,47.2312508,8.08749962,1047.67505,887.025024,16.3374996,1.0,,16.45,0.0,16.04,81.8249969,,81.8249969,0.0,257.850006,0.0,,
2025-11-06 00:28:08+00:00,2025-11-06 00:28:08,,,,,,,,,,47.1412506,8.12812519,1047.90002,886.950012,16.3500004,1.0,,16.45,0.0,16.04,81.8249969,,81.8249969,0.0,257.774994,0.0,,
2025-11-06 00:28:09+00:00,2025-11-06 00:28:09,,,,,,,,,,46.2637482,8.12812519,1048.05005,886.950012,16.3374996,1.0,,16.45,0.0,16.04,81.8062515,,81.8062515,0.0,257.850006,0.0,,
2025-11-06 00:28:10+00:00,2025-11-06 00:28:10,44.0,45.0,44.0,44.0,44.0,16.22989147535111,206.0,BO_O2,"O2 규칙 적용: 8.1% (8.0% < O2 ≤ 9.0%) (2단계 롤백, 3~4단계에서 Hz 변화 없음)",46.2562485,8.16874981,1048.19995,886.950012,16.3374996,1.0,,16.45,0.0,16.04,81.4499969,,81.4499969,0.0,257.774994,0.0,,
2025-11-06 00:28:11+00:00,2025-11-06 00:28:11,,,,,,,,,,46.2599983,8.2109375,1048.34998,887.025024,15.8374996,1.0,,16.45,0.0,16.04,81.09375,,81.09375,0.0,257.774994,0.0,,
2025-11-06 00:28:12+00:00,2025-11-06 00:28:12,,,,,,,,,,46.1962509,8.2109375,1048.42505,887.025024,15.8374996,1.0,,16.45,0.0,16.04,80.6624985,,80.6624985,0.0,257.774994,0.0,,
2025-11-06 00:28:13+00:00,2025-11-06 00:28:13,,,,,,,,,,44.7000008,8.25156212,1048.57495,887.025024,15.8374996,1.0,,16.45,0.0,15.94,79.5,,79.5,0.0,257.774994,0.0,,
2025-11-06 00:28:14+00:00,2025-11-06 00:28:14,,,,,,,,,,44.1337509,8.28437519,1048.65002,887.025024,15.8374996,1.0,,16.45,0.0,15.94,79.1624985,,79.1624985,0.0,257.774994,0.0,,
2025-11-06 00:28:15+00:00,2025-11-06 00:28:15,44.0,44.0,44.0,44.0,44.0,15.266219079063815,100.0,BO_ONLY,"BO 모델 결과만 사용 (1단계 롤백, 2~4단계에서 Hz 변화 없음)",44.0999985,8.28437519,1048.80005,887.025024,15.8874998,1.0,,16.45,0.0,15.94,78.3375015,39.60680375729881,78.3375015,0.0,257.850006,0.0,,
2025-11-06 00:28:16+00:00,2025-11-06 00:28:16,,,,,,,,,,44.1074982,8.30937481,1048.875,887.025024,16.0,1.0,,16.45,0.0,15.94,77.2874985,,77.2874985,0.0,258.375,0.0,,
2025-11-06 00:28:17+00:00,2025-11-06 00:28:17,,,,,,,,,,44.1300011,8.30937481,1048.94995,887.099976,16.0,1.0,,16.45,0.0,15.94,75.75,,75.75,0.0,259.350006,0.0,,
2025-11-06 00:28:18+00:00,2025-11-06 00:28:18,,,,,,,,,,44.1074982,8.34375,1048.94995,887.025024,16.0,1.0,,16.45,0.0,15.94,74.3249969,,74.3249969,0.0,259.350006,0.0,,
2025-11-06 00:28:19+00:00,2025-11-06 00:28:19,,,,,,,,,,44.0962486,8.38593769,1048.94995,887.099976,16.0,1.0,,16.45,0.0,15.94,72.9749985,,72.9749985,0.0,259.350006,0.0,,
2025-11-06 00:28:20+00:00,2025-11-06 00:28:20,44.0,44.0,44.0,44.0,44.0,15.56428988414722,100.0,BO_ONLY,"BO 모델 결과만 사용 (1단계 롤백, 2~4단계에서 Hz 변화 없음)",44.1074982,8.38593769,1049.02502,887.099976,16.0,1.0,,16.45,0.0,15.94,72.1500015,,72.1500015,0.0,259.350006,0.0,,
2025-11-06 00:28:21+00:00,2025-11-06 00:28:21,,,,,,,,,,44.1037483,8.44062519,1048.94995,887.099976,16.3500004,1.0,,16.45,0.0,15.94,71.7562485,,71.7562485,0.0,259.350006,0.0,,
2025-11-06 00:28:22+00:00,2025-11-06 00:28:22,,,,,,,,,,44.1037483,8.50156212,1048.94995,887.099976,16.3374996,1.0,,16.45,0.0,15.94,71.7375031,,71.7375031,0.0,259.350006,0.0,,
2025-11-06 00:28:23+00:00,2025-11-06 00:28:23,,,,,,,,,,44.1037483,8.50156212,1048.94995,887.099976,16.3374996,1.0,,16.45,0.0,16.43,71.7562485,,71.7562485,0.0,259.725006,0.0,,
2025-11-06 00:28:24+00:00,2025-11-06 00:28:24,,,,,,,,,,44.0999985,8.55781269,1048.875,887.099976,16.3500004,1.0,,16.45,0.0,16.43,71.7562485,,71.7562485,0.0,261.149994,0.0,,
2025-11-06 00:28:25+00:00,2025-11-06 00:28:25,44.0,44.0,44.0,44.0,44.0,15.689988606129926,100.0,BO_ONLY,"BO 모델 결과만 사용 (1단계 롤백, 2~4단계에서 Hz 변화 없음)",44.1037483,8.55781269,1048.80005,887.099976,16.2250004,1.0,,16.45,0.0,16.43,71.7375031,,71.7375031,0.0,261.0,0.0,,
2025-11-06 00:28:26+00:00,2025-11-06 00:28:26,,,,,,,,,,44.1037483,8.6171875,1048.65002,887.099976,16.0125008,1.0,,16.45,0.0,16.43,71.7375031,,71.7375031,0.0,262.5,0.0,,
2025-11-06 00:28:27+00:00,2025-11-06 00:28:27,,,,,,,,,,44.0999985,8.67656231,1048.57495,887.099976,16.0125008,1.0,,16.45,0.0,16.43,71.7562485,,71.7562485,0.0,262.575012,0.0,,
2025-11-06 00:28:28+00:00,2025-11-06 00:28:28,,,,,,,,,,44.1187515,8.67656231,1048.57495,887.099976,16.0125008,1.0,,16.45,0.0,16.43,71.7562485,,71.7562485,0.0,262.575012,0.0,,
2025-11-06 00:28:29+00:00,2025-11-06 00:28:29,,,,,,,,,,44.1037483,8.74687481,1048.42505,887.099976,16.0,1.0,,16.45,0.0,16.43,71.7375031,,71.7375031,0.0,262.799988,0.0,,
2025-11-06 00:28:30+00:00,2025-11-06 00:28:30,43.0,43.0,43.0,43.0,43.0,15.528597896028167,100.0,BO_ONLY,"BO 모델 결과만 사용 (1단계 롤백, 2~4단계에서 Hz 변화 없음)",44.1037483,8.82187462,1048.34998,887.025024,16.0,1.0,,16.45,0.0,16.43,71.7375031,40.5068037572988,71.7375031,0.0,264.0,0.0,,
2025-11-06 00:28:31+00:00,2025-11-06 00:28:31,,,,,,,,,,44.0962486,8.82187462,1048.19995,887.099976,15.6750002,1.0,,16.45,0.0,16.43,71.7562485,,71.7562485,0.0,264.0,0.0,,
2025-11-06 00:28:32+00:00,2025-11-06 00:28:32,,,,,,,,,,44.1074982,8.88906288,1048.125,887.025024,15.6625004,1.0,,16.45,0.0,16.43,71.7562485,,71.7562485,0.0,264.0,0.0,,
2025-11-06 00:28:33+00:00,2025-11-06 00:28:33,,,,,,,,,,44.0924988,8.88906288,1047.97498,887.025024,15.6625004,1.0,,16.45,0.0,15.74,71.7375031,,71.7375031,0.0,264.0,0.0,,
2025-11-06 00:28:34+00:00,2025-11-06 00:28:34,,,,,,,,,,44.1262512,8.95781231,1047.90002,887.025024,15.6625004,1.0,,16.45,0.0,15.74,71.7375031,,71.7375031,0.0,264.0,0.0,,
2025-11-06 00:28:35+00:00,2025-11-06 00:28:35,43.0,43.0,43.0,43.0,43.0,15.60990288699172,100.0,BO_ONLY,"BO 모델 결과만 사용 (1단계 롤백, 2~4단계에서 Hz 변화 없음)",44.1037483,9.03437519,1047.75,887.025024,15.75,1.0,,16.45,0.0,15.74,71.7562485,,71.7562485,0.0,264.075012,0.0,,
2025-11-06 00:28:36+00:00,2025-11-06 00:28:36,,,,,,,,,,44.1300011,9.03437519,1047.75,887.099976,15.9250002,1.0,,16.45,0.0,15.74,71.7562485,,71.7562485,0.0,264.0,0.0,,
2025-11-06 00:28:37+00:00,2025-11-06 00:28:37,,,,,,,,,,44.0924988,9.11406231,1047.59998,887.025024,15.9250002,1.0,,16.45,0.0,15.74,71.7562485,,71.7562485,0.0,264.075012,0.0,,
2025-11-06 00:28:38+00:00,2025-11-06 00:28:38,,,,,,,,,,44.1037483,9.19062519,1047.52502,887.025024,15.9250002,1.0,,16.45,0.0,15.74,71.7375031,,71.7375031,0.0,264.0,0.0,,
2025-11-06 00:28:39+00:00,2025-11-06 00:28:39,,,,,,,,,,44.0962486,9.19062519,1047.44995,887.025024,15.9250002,1.0,,16.45,0.0,15.74,71.7562485,,71.7562485,0.0,264.0,0.0,,
2025-11-06 00:28:40+00:00,2025-11-06 00:28:40,40.0,40.0,40.0,40.0,40.0,15.49199853502048,100.0,BO_ONLY,"BO 모델 결과만 사용 (1단계 롤백, 2~4단계에서 Hz 변화 없음)",44.0962486,9.25937462,1047.375,887.025024,15.9250002,1.0,,16.45,0.0,15.74,71.7562485,,71.7562485,0.0,264.075012,0.0,,
2025-11-06 00:28:41+00:00,2025-11-06 00:28:41,,,,,,,,,,44.1074982,9.25937462,1047.15002,887.025024,15.4250002,1.0,,16.45,0.0,15.74,71.7562485,,71.7562485,0.0,264.075012,0.0,,
2025-11-06 00:28:42+00:00,2025-11-06 00:28:42,,,,,,,,,,44.0962486,9.30937481,1047.07495,887.025024,15.4125004,1.0,,16.45,0.0,15.74,71.7375031,,71.7375031,0.0,262.575012,0.0,,
2025-11-06 00:28:43+00:00,2025-11-06 00:28:43,,,,,,,,,,41.4300003,9.35468769,1046.92505,887.025024,15.4250002,1.0,,16.45,0.0,15.74,71.7562485,,71.7562485,0.0,262.575012,0.0,,
2025-11-06 00:28:44+00:00,2025-11-06 00:28:44,,,,,,,,,,40.9987488,9.35468769,1046.77502,886.950012,15.4250002,1.0,,16.45,0.0,15.54,71.34375,,71.34375,0.0,261.0,0.0,,
2025-11-06 00:28:45+00:00,2025-11-06 00:28:45,39.0,39.0,39.0,39.0,39.0,14.92143773279243,100.0,BO_ONLY,"BO 모델 결과만 사용 (1단계 롤백, 2~4단계에서 Hz 변화 없음)",41.0099983,9.390625,1046.625,886.950012,15.4750004,1.0,,16.45,0.0,15.54,70.7062531,38.0,70.7062531,0.0,261.075012,0.0,,
2025-11-06 00:28:46+00:00,2025-11-06 00:28:46,,,,,,,,,,40.9650002,9.42812538,1046.47498,886.950012,15.5874996,1.0,,16.45,0.0,15.54,70.0875015,,70.0875015,0.0,261.0,0.0,,
2025-11-06 00:28:47+00:00,2025-11-06 00:28:47,,,,,,,,,,41.0099983,9.42812538,1046.32495,886.950012,15.5874996,1.0,,16.45,0.0,15.54,67.5749969,,67.5749969,0.0,262.5,0.0,,
2025-11-06 00:28:48+00:00,2025-11-06 00:28:48,,,,,,,,,,40.1062508,9.453125,1046.17505,886.950012,15.5874996,1.0,,16.45,0.0,15.54,65.15625,,65.15625,0.0,262.575012,0.0,,
2025-11-06 00:28:49+00:00,2025-11-06 00:28:49,,,,,,,,,,39.9262505,9.4765625,1046.02502,886.875,15.5874996,1.0,,16.45,0.0,15.54,63.0187492,,63.0187492,0.0,264.0,0.0,,
2025-11-06 00:28:50+00:00,2025-11-06 00:28:50,39.0,39.0,39.0,39.0,39.0,14.848228689458127,100.0,BO_ONLY,"BO 모델 결과만 사용 (1단계 롤백, 2~4단계에서 Hz 변화 없음)",39.9112511,9.4765625,1045.875,886.875,15.5874996,1.0,,16.45,0.0,15.54,62.3062515,,62.3062515,0.0,264.0,0.0,,
2025-11-06 00:28:51+00:00,2025-11-06 00:28:51,,,,,,,,,,39.9187508,9.49843788,1045.65002,886.875,15.4250002,1.0,,16.45,0.0,15.54,61.2374992,,61.2374992,0.0,264.075012,0.0,,
2025-11-06 00:28:52+00:00,2025-11-06 00:28:52,,,,,,,,,,39.9187508,9.49843788,1045.42505,886.875,15.4250002,1.0,,16.45,0.0,15.54,59.9437485,,59.9437485,0.0,264.075012,0.0,,
2025-11-06 00:28:53+00:00,2025-11-06 00:28:53,,,,,,,,,,39.9150009,9.52656269,1045.27502,886.875,15.4250002,1.0,,16.45,0.0,15.54,59.4187508,,59.4187508,0.0,264.075012,0.0,,
2025-11-06 00:28:54+00:00,2025-11-06 00:28:54,,,,,,,,,,39.9187508,9.55156231,1045.125,886.875,15.4250002,1.0,,16.45,0.0,15.55,58.3499985,,58.3499985,0.0,264.0,0.0,,
2025-11-06 00:28:55+00:00,2025-11-06 00:28:55,39.0,39.0,39.0,39.0,39.0,14.727550451490274,100.0,BO_ONLY,"BO 모델 결과만 사용 (1단계 롤백, 2~4단계에서 Hz 변화 없음)",39.9187508,9.55156231,1044.97498,886.799988,15.4499998,1.0,,16.45,0.0,15.55,58.2562485,,58.2562485,0.0,264.0,0.0,,
2025-11-06 00:28:56+00:00,2025-11-06 00:28:56,,,,,,,,,,39.9225006,9.58125019,1044.75,886.799988,15.5,1.0,,16.45,0.0,15.55,57.7874985,,57.7874985,0.0,264.0,0.0,,
2025-11-06 00:28:57+00:00,2025-11-06 00:28:57,,,,,,,,,,39.9112511,9.58125019,1044.52502,886.724976,15.5,1.0,,16.45,0.0,15.55,57.4874992,,57.4874992,0.0,264.0,0.0,,
2025-11-06 00:28:58+00:00,2025-11-06 00:28:58,,,,,,,,,,39.9187508,9.609375,1044.375,886.724976,15.5,1.0,,16.45,0.0,15.55,57.4874992,,57.4874992,0.0,264.225006,0.0,,
2025-11-06 00:28:59+00:00,2025-11-06 00:28:59,,,,,,,,,,39.9150009,9.64375019,1044.15002,886.724976,15.5,1.0,,16.45,0.0,15.55,57.1312485,,57.1312485,0.0,265.424988,0.0,,
2025-11-06 00:29:00+00:00,2025-11-06 00:29:00,39.0,39.0,39.0,39.0,39.0,15.317508194742553,100.0,BO_ONLY,"BO 모델 결과만 사용 (1단계 롤백, 2~4단계에서 Hz 변화 없음)",39.9187508,9.64375019,1043.92505,886.724976,15.5,1.0,,16.45,0.0,15.55,57.1312485,38.0,57.1312485,0.0,265.5,0.0,,
2025-11-06 00:29:01+00:00,2025-11-06 00:29:01,,,,,,,,,,39.9112511,9.68437481,1043.625,886.650024,15.4125004,1.0,,16.45,0.0,15.55,57.1312485,,57.1312485,0.0,265.5,0.0,,
2025-11-06 00:29:02+00:00,2025-11-06 00:29:02,,,,,,,,,,39.9225006,9.73750019,1043.47498,886.650024,15.4125004,1.0,,16.45,0.0,15.55,57.1124992,,57.1124992,0.0,265.5,0.0,,
2025-11-06 00:29:03+00:00,2025-11-06 00:29:03,,,,,,,,,,39.8887482,9.73750019,1043.09998,886.650024,15.4250002,1.0,,16.45,0.0,15.55,57.4874992,,57.4874992,0.0,265.424988,0.0,,
2025-11-06 00:29:04+00:00,2025-11-06 00:29:04,,,,,,,,,,39.9150009,9.80156231,1042.94995,886.650024,15.4250002,1.0,,16.45,0.0,15.54,57.5062485,,57.5062485,0.0,265.5,0.0,,
2025-11-06 00:29:05+00:00,2025-11-06 00:29:05,39.0,38.0,39.0,39.0,39.0,14.282881532874143,207.0,BO_O2,"O2 규칙 적용: 9.7% (9.0% < O2 ≤ 10.0%) (2단계 롤백, 3~4단계에서 Hz 변화 없음)",39.9150009,9.80156231,1042.65002,886.5,15.4125004,1.0,,16.45,0.0,15.54,57.4874992,,57.4874992,0.0,265.5,0.0,,
2025-11-06 00:29:06+00:00,2025-11-06 00:29:06,,,,,,,,,,39.9187508,9.86562538,1042.42505,886.5,15.4250002,1.0,,16.45,0.0,15.54,57.4874992,,57.4874992,0.0,265.5,0.0,,
2025-11-06 00:29:07+00:00,2025-11-06 00:29:07,,,,,,,,,,39.9037514,9.93437481,1042.05005,886.5,15.4250002,1.0,,16.45,0.0,15.54,57.4874992,,57.4874992,0.0,265.424988,0.0,,
2025-11-06 00:29:08+00:00,2025-11-06 00:29:08,,,,,,,,,,39.9112511,9.93437481,1041.82495,886.424988,15.4125004,1.0,,16.45,0.0,15.54,57.4874992,,57.4874992,0.0,266.850006,0.0,,
2025-11-06 00:29:09+00:00,2025-11-06 00:29:09,,,,,,,,,,39.9150009,10.0015621,1041.44995,886.424988,15.4125004,1.0,,16.45,0.0,15.54,57.4874992,,57.4874992,0.0,267.0,0.0,,
2025-11-06 00:29:10+00:00,2025-11-06 00:29:10,39.0,39.0,39.0,39.0,39.0,14.328630247825025,100.0,BO_ONLY,"BO 모델 결과만 사용 (1단계 롤백, 2~4단계에서 Hz 변화 없음)",39.9225006,10.0687504,1041.22498,886.349976,15.4250002,1.0,,16.45,0.0,15.54,57.4874992,,57.4874992,0.0,267.0,0.0,,
2025-11-06 00:29:11+00:00,2025-11-06 00:29:11,,,,,,,,,,39.9187508,10.0687504,1040.84998,886.349976,15.25,1.0,,16.45,0.0,15.54,57.4874992,,57.4874992,0.0,267.0,0.0,,
2025-11-06 00:29:12+00:00,2025-11-06 00:29:12,,,,,,,,,,39.9262505,10.1312504,1040.55005,886.349976,15.25,1.0,,16.45,0.0,15.54,57.4874992,,57.4874992,0.0,267.0,0.0,,
2025-11-06 00:29:13+00:00,2025-11-06 00:29:13,,,,,,,,,,39.9187508,10.1312504,1040.25,886.275024,15.25,1.0,,16.45,0.0,15.54,57.4874992,,57.4874992,0.0,267.0,0.0,,
2025-11-06 00:29:14+00:00,2025-11-06 00:29:14,,,,,,,,,,39.9262505,10.1875,1039.94995,886.275024,15.25,1.0,,16.45,0.0,15.32,57.4874992,,57.4874992,0.0,267.0,0.0,,
2025-11-06 00:29:15+00:00,2025-11-06 00:29:15,39.0,39.0,39.0,39.0,39.0,13.484171105029606,100.0,BO_ONLY,"BO 모델 결과만 사용 (1단계 롤백, 2~4단계에서 Hz 변화 없음)",39.9112511,10.2124996,1039.57495,886.200012,15.3125,1.0,,16.45,0.0,15.32,57.8624992,38.0,57.8624992,0.0,267.0,0.0,,
2025-11-06 00:29:16+00:00,2025-11-06 00:29:16,,,,,,,,,,39.9150009,10.2124996,1039.34998,886.200012,15.4250002,1.0,,16.45,0.0,15.32,57.4874992,,57.4874992,0.0,267.0,0.0,,
2025-11-06 00:29:17+00:00,2025-11-06 00:29:17,,,,,,,,,,39.9187508,10.25,1039.05005,886.125,15.4250002,1.0,,16.45,0.0,15.32,57.4874992,,57.4874992,0.0,265.5,0.0,,
2025-11-06 00:29:18+00:00,2025-11-06 00:29:18,,,,,,,,,,38.8837509,10.2984371,1038.82495,886.049988,15.4125004,1.0,,16.45,0.0,15.32,57.4874992,,57.4874992,0.0,265.5,0.0,,
2025-11-06 00:29:19+00:00,2025-11-06 00:29:19,,,,,,,,,,38.8349991,10.2984371,1038.59998,885.974976,15.4250002,1.0,,16.45,0.0,15.32,57.1500015,,57.1500015,0.0,264.375,0.0,,
2025-11-06 00:29:20+00:00,2025-11-06 00:29:20,39.0,39.0,39.0,39.0,39.0,15.032325542788625,100.0,BO_ONLY,"BO 모델 결과만 사용 (1단계 롤백, 2~4단계에서 Hz 변화 없음)",38.7975006,10.3609371,1038.375,885.974976,15.4250002,1.0,,16.45,0.0,15.32,56.7750015,,56.7750015,0.0,264.0,0.0,,
2025-11-06 00:29:21+00:00,2025-11-06 00:29:21,,,,,,,,,,38.8087502,10.3609371,1038.07495,885.900024,15.4125004,1.0,,16.45,0.0,15.32,56.7562485,,56.7562485,0.0,264.0,0.0,,
2025-11-06 00:29:22+00:00,2025-11-06 00:29:22,,,,,,,,,,38.8050003,10.4281254,1037.77502,885.900024,15.4125004,1.0,,16.45,0.0,15.32,56.1187515,,56.1187515,0.0,264.0,0.0,,
2025-11-06 00:29:23+00:00,2025-11-06 00:29:23,,,,,,,,,,38.8012505,10.4906254,1037.55005,885.825012,15.4250002,1.0,,16.45,0.0,15.32,55.2750015,,55.2750015,0.0,263.924988,0.0,,
2025-11-06 00:29:24+00:00,2025-11-06 00:29:24,,,,,,,,,,38.7975006,10.4906254,1037.40002,885.825012,15.4125004,1.0,,16.45,0.0,15.54,54.7312508,,54.7312508,0.0,264.0,0.0,,
2025-11-06 00:29:25+00:00,2025-11-06 00:29:25,39.0,39.0,39.0,39.0,39.0,14.882718882595706,100.0,BO_ONLY,"BO 모델 결과만 사용 (1단계 롤백, 2~4단계에서 Hz 변화 없음)",38.7975006,10.5515623,1037.02502,885.75,15.4499998,1.0,,16.45,0.0,15.54,53.9625015,,53.9625015,0.0,264.0,0.0,,
2025-11-06 00:29:26+00:00,2025-11-06 00:29:26,,,,,,,,,,38.8125,10.6015625,1036.72498,885.674988,15.5,1.0,,16.45,0.0,15.54,53.8125,,53.8125,0.0,264.0,0.0,,
2025-11-06 00:29:27+00:00,2025-11-06 00:29:27,,,,,,,,,,38.7975006,10.6015625,1036.5,885.674988,15.5,1.0,,16.45,0.0,15.54,53.8125,,53.8125,0.0,264.0,0.0,,
2025-11-06 00:29:28+00:00,2025-11-06 00:29:28,,,,,,,,,,38.8012505,10.6281252,1036.27502,885.599976,15.5,1.0,,16.45,0.0,15.54,53.8312492,,53.8312492,0.0,264.0,0.0,,
2025-11-06 00:29:29+00:00,2025-11-06 00:29:29,,,,,,,,,,38.8237495,10.6281252,1035.90002,885.525024,15.5,1.0,,16.45,0.0,15.54,53.8312492,,53.8312492,0.0,264.075012,0.0,,
2025-11-06 00:29:30+00:00,2025-11-06 00:29:30,39.0,39.0,39.0,39.0,39.0,15.307399990558773,100.0,BO_ONLY,"BO 모델 결과만 사용 (1단계 롤백, 2~4단계에서 Hz 변화 없음)",38.8087502,10.6374998,1035.67505,885.525024,15.5,1.0,,16.45,0.0,15.54,53.8125,38.0,53.8125,0.0,264.0,0.0,,
2025-11-06 00:29:31+00:00,2025-11-06 00:29:31,,,,,,,,,,38.7937508,10.6156254,1035.22498,885.450012,15.5,1.0,,16.45,0.0,15.54,53.4000015,,53.4000015,0.0,264.0,0.0,,
2025-11-06 00:29:32+00:00,2025-11-06 00:29:32,,,,,,,,,,38.8012505,10.6156254,1034.84998,885.450012,15.5,1.0,,16.45,0.0,15.54,53.3812485,,53.3812485,0.0,264.0,0.0,,
2025-11-06 00:29:33+00:00,2025-11-06 00:29:33,,,,,,,,,,38.7975006,10.5734377,1034.55005,885.375,15.5,1.0,,16.45,0.0,15.54,53.3812485,,53.3812485,0.0,264.0,0.0,,
2025-11-06 00:29:34+00:00,2025-11-06 00:29:34,,,,,,,,,,38.8050003,10.5218754,1034.17505,885.299988,15.5,1.0,,16.45,0.0,15.6,53.3624992,,53.3624992,0.0,264.0,0.0,,
2025-11-06 00:29:35+00:00,2025-11-06 00:29:35,39.0,39.0,39.0,39.0,39.0,14.389399576691494,100.0,BO_ONLY,"BO 모델 결과만 사용 (1단계 롤백, 2~4단계에서 Hz 변화 없음)",38.8087502,10.5218754,1033.875,885.299988,15.5249996,1.0,,16.45,0.0,15.6,53.3624992,,53.3624992,0.0,264.0,0.0,,
2025-11-06 00:29:36+00:00,2025-11-06 00:29:36,,,,,,,,,,38.8012505,10.4781246,1033.65002,885.224976,15.5874996,1.0,,16.45,0.0,15.6,53.3812485,,53.3812485,0.0,264.0,0.0,,
2025-11-06 00:29:37+00:00,2025-11-06 00:29:37,,,,,,,,,,38.8012505,10.4781246,1033.19995,885.150024,15.5874996,1.0,,16.45,0.0,15.6,53.3812485,,53.3812485,0.0,264.0,0.0,,
2025-11-06 00:29:38+00:00,2025-11-06 00:29:38,,,,,,,,,,38.7975006,10.4390621,1032.82495,885.150024,15.5874996,1.0,,16.45,0.0,15.6,53.3812485,,53.3812485,0.0,264.075012,0.0,,
2025-11-06 00:29:39+00:00,2025-11-06 00:29:39,,,,,,,,,,38.7975006,10.4156246,1032.44995,885.0,15.5874996,1.0,,16.45,0.0,15.6,53.3624992,,53.3624992,0.0,264.0,0.0,,
2025-11-06 00:29:40+00:00,2025-11-06 00:29:40,39.0,39.0,39.0,39.0,39.0,14.767524618374118,100.0,BO_ONLY,"BO 모델 결과만 사용 (1단계 롤백, 2~4단계에서 Hz 변화 없음)",38.8087502,10.4156246,1032.15002,885.0,15.5874996,1.0,,16.45,0.0,15.6,53.3812485,,53.3812485,0.0,263.924988,0.0,,
2025-11-06 00:29:41+00:00,2025-11-06 00:29:41,,,,,,,,,,38.7975006,10.4015627,1031.625,885.0,15.5874996,1.0,,16.45,0.0,15.6,53.3812485,,53.3812485,0.0,264.0,0.0,,
2025-11-06 00:29:42+00:00,2025-11-06 00:29:42,,,,,,,,,,38.7975006,10.40625,1031.17505,884.924988,15.5874996,1.0,,16.45,0.0,15.6,53.3812485,,53.3812485,0.0,264.0,0.0,,
2025-11-06 00:29:43+00:00,2025-11-06 00:29:43,,,,,,,,,,38.8050003,10.40625,1030.80005,884.849976,15.5874996,1.0,,16.45,0.0,15.6,53.3624992,,53.3624992,0.0,264.0,0.0,,
2025-11-06 00:29:44+00:00,2025-11-06 00:29:44,,,,,,,,,,38.7937508,10.4265623,1030.5,884.849976,15.5874996,1.0,,13.6,0.0,15.71,53.3812485,,53.3812485,0.0,264.0,0.0,,
2025-11-06 00:29:45+00:00,2025-11-06 00:29:45,39.0,39.0,39.0,39.0,39.0,14.656378992456775,100.0,BO_ONLY,"BO 모델 결과만 사용 (1단계 롤백, 2~4단계에서 Hz 변화 없음)",38.8125,10.4265623,1029.97498,884.775024,15.5874996,1.0,,13.6,0.0,15.71,53.3812485,38.0,53.3812485,0.0,264.0,0.0,,
2025-11-06 00:29:46+00:00,2025-11-06 00:29:46,,,,,,,,,,38.8012505,10.4656248,1029.44995,884.700012,15.5874996,1.0,,13.6,0.0,15.71,53.3624992,,53.3624992,0.0,264.0,0.0,,
2025-11-06 00:29:47+00:00,2025-11-06 00:29:47,,,,,,,,,,38.7975006,10.5187502,1029.07495,884.625,15.5874996,1.0,,13.6,0.0,15.71,53.3624992,,53.3624992,0.0,264.0,0.0,,
2025-11-06 00:29:48+00:00,2025-11-06 00:29:48,,,,,,,,,,38.8087502,10.5187502,1028.69995,884.625,15.5749998,1.0,,13.6,0.0,15.71,53.3624992,,53.3624992,0.0,263.924988,0.0,,
2025-11-06 00:29:49+00:00,2025-11-06 00:29:49,,,,,,,,,,38.7975006,10.5828123,1028.17505,884.549988,15.5874996,1.0,,13.6,0.0,15.71,53.3812485,,53.3812485,0.0,264.0,0.0,,
2025-11-06 00:29:50+00:00,2025-11-06 00:29:50,39.0,39.0,39.0,39.0,39.0,14.735978431949055,100.0,BO_ONLY,"BO 모델 결과만 사용 (1단계 롤백, 2~4단계에서 Hz 변화 없음)",38.7975006,10.6515627,1027.72498,884.549988,15.5874996,1.0,,13.6,0.0,15.71,53.3812485,,53.3812485,0.0,264.0,0.0,,
2025-11-06 00:29:51+00:00,2025-11-06 00:29:51,,,,,,,,,,38.8012505,10.6515627,1027.125,884.400024,15.6625004,1.0,,13.6,0.0,15.71,53.3624992,,53.3624992,0.0,264.0,0.0,,
2025-11-06 00:29:52+00:00,2025-11-06 00:29:52,,,,,,,,,,38.7975006,10.7265625,1026.52502,884.325012,15.6750002,1.0,,13.6,0.0,15.71,53.0062485,,53.0062485,0.0,263.924988,0.0,,
2025-11-06 00:29:53+00:00,2025-11-06 00:29:53,,,,,,,,,,38.8012505,10.7265625,1026.15002,884.325012,15.6750002,1.0,,13.6,0.0,15.71,53.0062485,,53.0062485,0.0,264.0,0.0,,
2025-11-06 00:29:54+00:00,2025-11-06 00:29:54,,,,,,,,,,38.7975006,10.8078127,1025.69995,884.25,15.6625004,1.0,,13.6,0.0,15.76,53.3812485,,53.3812485,0.0,264.075012,0.0,,
2025-11-06 00:29:55+00:00,2025-11-06 00:29:55,39.0,39.0,39.0,39.0,39.0,14.522373386447132,100.0,BO_ONLY,"BO 모델 결과만 사용 (1단계 롤백, 2~4단계에서 Hz 변화 없음)",38.8162498,10.8890629,1025.09998,884.174988,15.6750002,1.0,,13.6,0.0,15.76,53.3624992,,53.3624992,0.0,264.0,0.0,,
2025-11-06 00:29:56+00:00,2025-11-06 00:29:56,,,,,,,,,,38.7975006,10.8890629,1024.5,884.099976,15.6750002,1.0,,13.6,0.0,15.76,53.3812485,,53.3812485,0.0,264.0,0.0,,
2025-11-06 00:29:57+00:00,2025-11-06 00:29:57,,,,,,,,,,38.8050003,10.9656248,1024.125,884.025024,15.6625004,1.0,,13.6,0.0,15.76,53.3812485,,53.3812485,0.0,264.0,0.0,,
2025-11-06 00:29:58+00:00,2025-11-06 00:29:58,,,,,,,,,,38.8012505,11.0484371,1023.67499,883.950012,15.6625004,1.0,,13.6,0.0,15.76,53.3812485,,53.3812485,0.0,264.075012,0.0,,
2025-11-06 00:29:59+00:00,2025-11-06 00:29:59,,,,,,,,,,38.8012505,11.0484371,1023.07501,883.875,15.6625004,1.0,,13.6,0.0,15.76,53.3624992,,53.3624992,0.0,264.0,0.0,,
2025-11-06 00:30:00+00:00,2025-11-06 00:30:00,39.0,39.0,39.0,39.0,39.0,14.361784663744148,100.0,BO_ONLY,"BO 모델 결과만 사용 (1단계 롤백, 2~4단계에서 Hz 변화 없음)",38.8125,11.1312504,1022.70001,883.799988,15.6625004,1.0,,13.6,0.0,15.76,53.0062485,38.0,53.0062485,0.0,264.0,0.0,,
2025-11-06 00:30:01+00:00,2025-11-06 00:30:01,,,,,,,,,,38.7975006,11.1312504,1022.02502,883.724976,15.5,1.0,,13.6,0.0,15.76,53.0062485,,53.0062485,0.0,264.0,0.0,,
2025-11-06 00:30:02+00:00,2025-11-06 00:30:02,,,,,,,,,,38.7975006,11.2156248,1021.65002,883.724976,15.5,1.0,,13.6,0.0,15.76,53.0062485,,53.0062485,0.0,264.0,0.0,,
2025-11-06 00:30:03+00:00,2025-11-06 00:30:03,,,,,,,,,,38.7975006,11.3000002,1021.04999,883.575012,15.5,1.0,,13.6,0.0,15.76,53.0062485,,53.0062485,0.0,264.0,0.0,,
2025-11-06 00:30:04+00:00,2025-11-06 00:30:04,,,,,,,,,,38.7975006,11.3000002,1020.67499,883.575012,15.5,1.0,,13.6,0.0,15.56,53.0062485,,53.0062485,0.0,264.0,0.0,,
2025-11-06 00:30:05+00:00,2025-11-06 00:30:05,39.0,39.0,39.0,39.0,39.0,13.261126506065075,100.0,BO_ONLY,"BO 모델 결과만 사용 (1단계 롤백, 2~4단계에서 Hz 변화 없음)",38.8012505,11.3781252,1020.07501,883.5,15.4499998,1.0,,13.6,0.0,15.56,53.0062485,,53.0062485,0.0,264.0,0.0,,
2025-11-06 00:30:06+00:00,2025-11-06 00:30:06,,,,,,,,,,38.8012505,11.4499998,1019.70001,883.424988,15.3374996,1.0,,13.6,0.0,15.56,53.0062485,,53.0062485,0.0,264.0,0.0,,
2025-11-06 00:30:07+00:00,2025-11-06 00:30:07,,,,,,,,,,38.7975006,11.4499998,1019.09998,883.275024,15.3374996,1.0,,13.6,0.0,15.56,53.0062485,,53.0062485,0.0,264.0,0.0,,
2025-11-06 00:30:08+00:00,2025-11-06 00:30:08,,,,,,,,,,38.7975006,11.5203123,1018.65002,883.275024,15.3374996,1.0,,13.6,0.0,15.56,52.9874992,,52.9874992,0.0,264.0,0.0,,
2025-11-06 00:30:09+00:00,2025-11-06 00:30:09,,,,,,,,,,38.8012505,11.5203123,1018.04999,883.125,15.3374996,1.0,,13.6,0.0,15.56,53.0062485,,53.0062485,0.0,264.0,0.0,,
2025-11-06 00:30:10+00:00,2025-11-06 00:30:10,39.0,39.0,39.0,39.0,39.0,12.839422687260555,100.0,BO_ONLY,"BO 모델 결과만 사용 (1단계 롤백, 2~4단계에서 Hz 변화 없음)",38.8237495,11.5921879,1017.67499,883.049988,15.3374996,1.0,,13.6,0.0,15.56,53.0062485,,53.0062485,0.0,264.0,0.0,,
2025-11-06 00:30:11+00:00,2025-11-06 00:30:11,,,,,,,,,,38.7975006,11.6625004,1017.0,883.049988,15.3374996,1.0,,13.6,0.0,15.56,53.0062485,,53.0062485,0.0,264.0,0.0,,
2025-11-06 00:30:12+00:00,2025-11-06 00:30:12,,,,,,,,,,38.8087502,11.6625004,1016.625,882.974976,15.3374996,1.0,,13.6,0.0,15.56,52.9874992,,52.9874992,0.0,264.0,0.0,,
2025-11-06 00:30:13+00:00,2025-11-06 00:30:13,,,,,,,,,,38.8050003,11.7218752,1016.02502,882.825012,15.3374996,1.0,,13.6,0.0,15.56,53.0062485,,53.0062485,0.0,264.0,0.0,,
2025-11-06 00:30:14+00:00,2025-11-06 00:30:14,,,,,,,,,,38.8050003,11.7640629,1015.65002,882.75,15.3374996,1.0,,13.6,0.0,15.44,53.0062485,,53.0062485,0.0,264.0,0.0,,
2025-11-06 00:30:15+00:00,2025-11-06 00:30:15,39.0,39.0,39.0,39.0,39.0,12.70438417759023,100.0,BO_ONLY,"BO 모델 결과만 사용 (1단계 롤백, 2~4단계에서 Hz 변화 없음)",38.8125,11.7640629,1015.04999,882.674988,15.3125,1.0,,13.6,0.0,15.44,53.0062485,38.0,53.0062485,0.0,264.0,0.0,,
2025-11-06 00:30:16+00:00,2025-11-06 00:30:16,,,,,,,,,,38.8087502,11.7953129,1014.59998,882.599976,15.25,1.0,,13.6,0.0,15.44,52.9874992,,52.9874992,0.0,263.924988,0.0,,
2025-11-06 00:30:17+00:00,2025-11-06 00:30:17,,,,,,,,,,38.8087502,11.828125,1013.92499,882.525024,15.25,1.0,,13.6,0.0,15.44,53.0062485,,53.0062485,0.0,264.0,0.0,,
2025-11-06 00:30:18+00:00,2025-11-06 00:30:18,,,,,,,,,,38.8087502,11.828125,1013.54999,882.450012,15.25,1.0,,13.6,0.0,15.44,53.0062485,,53.0062485,0.0,264.0,0.0,,
2025-11-06 00:30:19+00:00,2025-11-06 00:30:19,,,,,,,,,,38.8050003,11.8578129,1012.95001,882.299988,15.25,1.0,,13.6,0.0,15.44,53.0062485,,53.0062485,0.0,264.0,0.0,,
2025-11-06 00:30:20+00:00,2025-11-06 00:30:20,39.0,39.0,39.0,39.0,39.0,12.717704483511502,100.0,BO_ONLY,"BO 모델 결과만 사용 (1단계 롤백, 2~4단계에서 Hz 변화 없음)",38.8012505,11.8578129,1012.42499,882.224976,15.25,1.0,,13.6,0.0,15.44,53.0062485,,53.0062485,0.0,263.924988,0.0,,
2025-11-06 00:30:21+00:00,2025-11-06 00:30:21,,,,,,,,,,38.7975006,11.8843746,1011.82501,882.150024,15.1750002,1.0,,13.6,0.0,15.44,53.0062485,,53.0062485,0.0,264.0,0.0,,
2025-11-06 00:30:22+00:00,2025-11-06 00:30:22,,,,,,,,,,38.8050003,11.9031248,1011.375,882.075012,15.1625004,1.0,,13.6,0.0,15.44,53.0062485,,53.0062485,0.0,264.0,0.0,,
2025-11-06 00:30:23+00:00,2025-11-06 00:30:23,,,,,,,,,,38.7900009,11.9031248,1010.70001,881.924988,15.1625004,1.0,,13.6,0.0,15.44,53.0062485,,53.0062485,0.0,264.0,0.0,,
2025-11-06 00:30:24+00:00,2025-11-06 00:30:24,,,,,,,,,,38.8012505,11.9234371,1010.25,881.924988,15.1625004,1.0,,13.6,0.0,15.24,53.0062485,,53.0062485,0.0,263.924988,0.0,,
2025-11-06 00:30:25+00:00,2025-11-06 00:30:25,39.0,39.0,39.0,39.0,39.0,12.796709004224228,100.0,BO_ONLY,"BO 모델 결과만 사용 (1단계 롤백, 2~4단계에서 Hz 변화 없음)",38.8162498,11.9234371,1009.57501,881.775024,15.0,1.0,,13.6,0.0,15.24,53.0062485,,53.0062485,0.0,263.924988,0.0,,
2025-11-06 00:30:26+00:00,2025-11-06 00:30:26,,,,,,,,,,38.7937508,11.9421873,1009.125,881.700012,14.6625004,1.0,,13.6,0.0,15.24,53.0062485,,53.0062485,0.0,264.0,0.0,,
2025-11-06 00:30:27+00:00,2025-11-06 00:30:27,,,,,,,,,,38.8050003,11.9593754,1008.45001,881.625,14.6625004,1.0,,13.6,0.0,15.24,53.0062485,,53.0062485,0.0,264.0,0.0,,
2025-11-06 00:30:28+00:00,2025-11-06 00:30:28,,,,,,,,,,38.8012505,11.9593754,1007.92499,881.549988,14.6750002,1.0,,13.6,0.0,15.24,53.0062485,,53.0062485,0.0,264.0,0.0,,
2025-11-06 00:30:29+00:00,2025-11-06 00:30:29,,,,,,,,,,38.8012505,11.9765625,1007.32501,881.400024,14.6750002,1.0,,13.6,0.0,15.24,53.0062485,,53.0062485,0.0,264.0,0.0,,
2025-11-06 00:30:30+00:00,2025-11-06 00:30:30,38.0,39.0,39.0,38.0,38.0,11.492925367717845,304.0,BO_O2_RULE,"제어매트릭스 규칙 적용: NOX_LOW (3단계 롤백, 4단계에서 Hz 변화 없음)",38.8125,11.9890623,1006.79999,881.325012,14.6625004,1.0,,13.6,0.0,15.24,53.0062485,38.0,53.0062485,0.0,264.0,0.0,,
2025-11-06 00:30:31+00:00,2025-11-06 00:30:31,,,,,,,,,,38.7975006,11.9890623,1006.125,881.25,14.5,1.0,,13.6,0.0,15.24,53.0062485,,53.0062485,0.0,264.0,0.0,,
2025-11-06 00:30:32+00:00,2025-11-06 00:30:32,,,,,,,,,,38.7975006,12.0015621,1005.45001,881.099976,14.5,1.0,,13.6,0.0,15.24,53.0062485,,53.0062485,0.0,264.0,0.0,,
2025-11-06 00:30:33+00:00,2025-11-06 00:30:33,,,,,,,,,,38.8162498,12.0015621,1005.0,881.025024,14.5,1.0,,13.6,0.0,15.24,53.3812485,,53.3812485,0.0,263.924988,0.0,,
2025-11-06 00:30:34+00:00,2025-11-06 00:30:34,,,,,,,,,,38.8237495,12.0140629,1004.54999,880.950012,14.5,1.0,,13.6,0.0,14.57,53.3812485,,53.3812485,0.0,264.0,0.0,,
2025-11-06 00:30:35+00:00,2025-11-06 00:30:35,38.0,39.0,39.0,38.0,38.0,10.881288091581716,304.0,BO_O2_RULE,"제어매트릭스 규칙 적용: NOX_LOW (3단계 롤백, 4단계에서 Hz 변화 없음)",38.8050003,12.0375004,1003.95001,880.875,14.4125004,1.0,,13.6,0.0,14.57,53.3812485,,53.3812485,0.0,264.0,0.0,,
2025-11-06 00:30:36+00:00,2025-11-06 00:30:36,,,,,,,,,,38.8012505,12.0375004,1003.20001,880.724976,14.2250004,1.0,,13.6,0.0,14.57,53.3812485,,53.3812485,0.0,264.0,0.0,,
2025-11-06 00:30:37+00:00,2025-11-06 00:30:37,,,,,,,,,,38.7975006,12.0640621,1002.75,880.650024,14.2250004,1.0,,13.6,0.0,14.57,53.3624992,,53.3624992,0.0,264.0,0.0,,
2025-11-06 00:30:38+00:00,2025-11-06 00:30:38,,,,,,,,,,38.8050003,12.0890627,1002.29999,880.5,14.2375002,1.0,,13.6,0.0,14.57,53.3812485,,53.3812485,0.0,264.0,0.0,,
2025-11-06 00:30:39+00:00,2025-11-06 00:30:39,,,,,,,,,,38.7937508,12.0890627,1001.625,880.424988,14.2250004,1.0,,13.6,0.0,14.57,53.3812485,,53.3812485,0.0,264.0,0.0,,
2025-11-06 00:30:40+00:00,2025-11-06 00:30:40,38.0,39.0,39.0,38.0,38.0,10.894654656407353,304.0,BO_O2_RULE,"제어매트릭스 규칙 적용: NOX_LOW (3단계 롤백, 4단계에서 Hz 변화 없음)",38.7975006,12.109375,1001.25,880.349976,14.2250004,1.0,,13.6,0.0,14.57,53.3624992,,53.3624992,0.0,264.0,0.0,,
2025-11-06 00:30:41+00:00,2025-11-06 00:30:41,,,,,,,,,,38.8125,12.109375,1000.57501,880.200012,14.2250004,1.0,,13.6,0.0,14.57,53.3624992,,53.3624992,0.0,263.924988,0.0,,
2025-11-06 00:30:42+00:00,2025-11-06 00:30:42,,,,,,,,,,38.7975006,12.1359377,999.900024,880.049988,14.2375002,1.0,,13.6,0.0,14.57,53.3812485,,53.3812485,0.0,264.0,0.0,,
2025-11-06 00:30:43+00:00,2025-11-06 00:30:43,,,,,,,,,,38.8050003,12.1625004,999.525024,879.974976,14.2250004,1.0,,13.6,0.0,14.57,53.3812485,,53.3812485,0.0,264.0,0.0,,
2025-11-06 00:30:44+00:00,2025-11-06 00:30:44,,,,,,,,,,38.7937508,12.1625004,998.849976,879.825012,14.2250004,1.0,,13.6,0.0,14.3,53.3812485,,53.3812485,0.0,264.0,0.0,,
2025-11-06 00:30:45+00:00,2025-11-06 00:30:45,38.0,39.0,39.0,38.0,38.0,11.764494979897442,304.0,BO_O2_RULE,"제어매트릭스 규칙 적용: NOX_LOW (3단계 롤백, 4단계에서 Hz 변화 없음)",38.8050003,12.1921873,998.474976,879.825012,14.1125002,1.0,,13.6,0.0,14.3,53.3812485,38.0,53.3812485,0.0,264.0,0.0,,
2025-11-06 00:30:46+00:00,2025-11-06 00:30:46,,,,,,,,,,38.7975006,12.2156248,998.099976,879.674988,13.8874998,1.0,,13.6,0.0,14.3,53.3812485,,53.3812485,0.0,264.0,0.0,,
2025-11-06 00:30:47+00:00,2025-11-06 00:30:47,,,,,,,,,,38.8349991,12.2156248,997.424988,879.599976,13.8874998,1.0,,13.6,0.0,14.3,53.3812485,,53.3812485,0.0,264.0,0.0,,
2025-11-06 00:30:48+00:00,2025-11-06 00:30:48,,,,,,,,,,38.8050003,12.2375002,997.125,879.450012,13.8999996,1.0,,13.6,0.0,14.3,53.3812485,,53.3812485,0.0,264.0,0.0,,
2025-11-06 00:30:49+00:00,2025-11-06 00:30:49,,,,,,,,,,38.7937508,12.2375002,996.525024,879.375,13.8999996,1.0,,13.6,0.0,14.3,53.3624992,,53.3624992,0.0,264.0,0.0,,
2025-11-06 00:30:50+00:00,2025-11-06 00:30:50,38.0,39.0,39.0,38.0,38.0,11.461091029245503,304.0,BO_O2_RULE,"제어매트릭스 규칙 적용: NOX_LOW (3단계 롤백, 4단계에서 Hz 변화 없음)",38.8050003,12.2515621,996.224976,879.224976,13.8874998,1.0,,13.6,0.0,14.3,53.3812485,,53.3812485,0.0,264.0,0.0,,
2025-11-06 00:30:51+00:00,2025-11-06 00:30:51,,,,,,,,,,38.7975006,12.2703123,995.625,879.075012,13.3874998,1.0,,13.6,0.0,14.3,53.3812485,,53.3812485,0.0,264.0,0.0,,
2025-11-06 00:30:52+00:00,2025-11-06 00:30:52,,,,,,,,,,38.8349991,12.2703123,995.325012,879.0,13.3874998,1.0,,13.6,0.0,14.3,53.3812485,,53.3812485,0.0,264.0,0.0,,
2025-11-06 00:30:53+00:00,2025-11-06 00:30:53,,,,,,,,,,38.8012505,12.2843752,994.799988,878.924988,13.3874998,1.0,,13.6,0.0,14.3,53.3624992,,53.3624992,0.0,264.0,0.0,,
2025-11-06 00:30:54+00:00,2025-11-06 00:30:54,,,,,,,,,,38.8050003,12.2890625,994.5,878.775024,13.3874998,1.0,,13.6,0.0,13.49,53.3812485,,53.3812485,0.0,264.0,0.0,,
2025-11-06 00:30:55+00:00,2025-11-06 00:30:55,38.0,39.0,39.0,38.0,38.0,10.439922772295485,304.0,BO_O2_RULE,"제어매트릭스 규칙 적용: NOX_LOW (3단계 롤백, 4단계에서 Hz 변화 없음)",38.8012505,12.2890625,993.974976,878.625,13.3500004,1.0,,13.6,0.0,13.49,53.3812485,,53.3812485,0.0,264.0,0.0,,
2025-11-06 00:30:56+00:00,2025-11-06 00:30:56,,,,,,,,,,38.8050003,12.2687502,993.674988,878.549988,13.3000002,1.0,,13.6,0.0,13.49,53.3812485,,53.3812485,0.0,264.0,0.0,,
2025-11-06 00:30:57+00:00,2025-11-06 00:30:57,,,,,,,,,,38.8050003,12.2296877,993.224976,878.400024,13.3000002,1.0,,13.6,0.0,13.49,53.3812485,,53.3812485,0.0,264.0,0.0,,
2025-11-06 00:30:58+00:00,2025-11-06 00:30:58,,,,,,,,,,38.8050003,12.2296877,992.924988,878.325012,13.3000002,1.0,,13.6,0.0,13.49,53.3812485,,53.3812485,0.0,264.0,0.0,,
2025-11-06 00:30:59+00:00,2025-11-06 00:30:59,,,,,,,,,,38.7975006,12.1734371,992.474976,878.25,13.3000002,1.0,,13.6,0.0,13.49,53.3812485,,53.3812485,0.0,264.0,0.0,,
2025-11-06 00:31:00+00:00,2025-11-06 00:31:00,38.0,39.0,39.0,38.0,38.0,10.112970321091629,304.0,BO_O2_RULE,"제어매트릭스 규칙 적용: NOX_LOW (3단계 롤백, 4단계에서 Hz 변화 없음)",38.7937508,12.1734371,992.174988,878.099976,13.3000002,1.0,,13.6,0.0,13.49,53.3812485,38.0,53.3812485,0.0,264.0,0.0,,
2025-11-06 00:31:01+00:00,2025-11-06 00:31:01,,,,,,,,,,38.8087502,12.1062498,991.799988,877.950012,12.9624996,1.0,,13.6,0.0,13.49,53.3624992,,53.3624992,0.0,265.424988,0.0,,
2025-11-06 00:31:02+00:00,2025-11-06 00:31:02,,,,,,,,,,38.8349991,12.0296879,991.5,877.875,12.9624996,1.0,,13.6,0.0,13.49,53.8125,,53.8125,0.0,265.5,0.0,,
2025-11-06 00:31:03+00:00,2025-11-06 00:31:03,,,,,,,,,,38.8050003,12.0296879,991.125,877.724976,12.9624996,1.0,,13.6,0.0,13.49,53.8312492,,53.8312492,0.0,265.5,0.0,,
2025-11-06 00:31:04+00:00,2025-11-06 00:31:04,,,,,,,,,,38.8087502,11.9296875,990.900024,877.724976,12.9624996,1.0,,13.6,0.0,13.06,53.8125,,53.8125,0.0,265.5,0.0,,
2025-11-06 00:31:05+00:00,2025-11-06 00:31:05,38.0,39.0,39.0,38.0,38.0,9.88508256730968,304.0,BO_O2_RULE,"제어매트릭스 규칙 적용: NOX_LOW (3단계 롤백, 4단계에서 Hz 변화 없음)",38.8125,11.9296875,990.525024,877.575012,12.7124996,1.0,,13.6,0.0,13.06,53.8125,,53.8125,0.0,266.774994,0.0,,
2025-11-06 00:31:06+00:00,2025-11-06 00:31:06,,,,,,,,,,38.8012505,11.8171873,990.150024,877.424988,12.375,1.0,,13.6,0.0,13.06,53.8125,,53.8125,0.0,265.5,0.0,,
2025-11-06 00:31:07+00:00,2025-11-06 00:31:07,,,,,,,,,,38.7937508,11.6906252,989.924988,877.275024,12.375,1.0,,13.6,0.0,13.06,53.8125,,53.8125,0.0,265.5,0.0,,
2025-11-06 00:31:08+00:00,2025-11-06 00:31:08,,,,,,,,,,38.8087502,11.6906252,989.625,877.200012,12.375,1.0,,13.6,0.0,13.06,53.8125,,53.8125,0.0,265.5,0.0,,
2025-11-06 00:31:09+00:00,2025-11-06 00:31:09,,,,,,,,,,38.8050003,11.5656252,989.400024,877.049988,12.375,1.0,,13.6,0.0,13.06,53.8125,,53.8125,0.0,265.424988,0.0,,
2025-11-06 00:31:10+00:00,2025-11-06 00:31:10,38.0,39.0,39.0,38.0,38.0,9.732308379003973,304.0,BO_O2_RULE,"제어매트릭스 규칙 적용: NOX_LOW (3단계 롤백, 4단계에서 Hz 변화 없음)",38.8087502,11.4499998,989.174988,876.974976,12.375,1.0,,13.6,0.0,13.06,53.8312492,,53.8312492,0.0,265.424988,0.0,,
2025-11-06 00:31:11+00:00,2025-11-06 00:31:11,,,,,,,,,,38.7937508,11.4499998,988.875,876.825012,12.375,1.0,,13.6,0.0,13.06,53.8312492,,53.8312492,0.0,265.5,0.0,,
2025-11-06 00:31:12+00:00,2025-11-06 00:31:12,,,,,,,,,,38.7937508,11.3328123,988.575012,876.674988,12.375,1.0,,13.6,0.0,13.06,53.8125,,53.8125,0.0,265.424988,0.0,,
2025-11-06 00:31:13+00:00,2025-11-06 00:31:13,,,,,,,,,,38.7975006,11.3328123,988.424988,876.674988,12.375,1.0,,13.6,0.0,13.06,53.8125,,53.8125,0.0,265.424988,0.0,,
2025-11-06 00:31:14+00:00,2025-11-06 00:31:14,,,,,,,,,,38.8125,11.2109375,988.200012,876.525024,12.375,1.0,,13.6,0.0,12.5,53.8125,,53.8125,0.0,265.424988,0.0,,
2025-11-06 00:31:15+00:00,2025-11-06 00:31:15,38.0,39.0,39.0,38.0,38.0,9.805894726486418,304.0,BO_O2_RULE,"제어매트릭스 규칙 적용: NOX_LOW (3단계 롤백, 4단계에서 Hz 변화 없음)",38.8050003,11.1015625,988.049988,876.375,12.0874996,1.0,,13.6,0.0,12.5,53.8312492,38.0,53.8312492,0.0,265.5,0.0,,
2025-11-06 00:31:16+00:00,2025-11-06 00:31:16,,,,,,,,,,38.8012505,11.1015625,987.825012,876.299988,11.6999998,1.0,,13.6,0.0,12.5,53.8125,,53.8125,0.0,265.424988,0.0,,
2025-11-06 00:31:17+00:00,2025-11-06 00:31:17,,,,,,,,,,38.8012505,10.9984379,987.674988,876.224976,11.7124996,1.0,,13.6,0.0,12.5,53.8125,,53.8125,0.0,265.5,0.0,,
2025-11-06 00:31:18+00:00,2025-11-06 00:31:18,,,,,,,,,,38.7975006,10.9078121,987.525024,876.075012,11.7124996,1.0,,13.6,0.0,12.5,53.8125,,53.8125,0.0,265.424988,0.0,,
2025-11-06 00:31:19+00:00,2025-11-06 00:31:19,,,,,,,,,,38.8012505,10.9078121,987.525024,876.0,11.6999998,1.0,,13.6,0.0,12.5,53.8312492,,53.8312492,0.0,265.5,0.0,,
2025-11-06 00:31:20+00:00,2025-11-06 00:31:20,38.0,39.0,39.0,38.0,38.0,8.629869673897533,304.0,BO_O2_RULE,"제어매트릭스 규칙 적용: NOX_LOW (3단계 롤백, 4단계에서 Hz 변화 없음)",38.8050003,10.8203125,987.375,875.924988,11.7124996,1.0,,13.6,0.0,12.5,53.8312492,,53.8312492,0.0,265.424988,0.0,,
2025-11-06 00:31:21+00:00,2025-11-06 00:31:21,,,,,,,,,,38.8050003,10.8203125,987.299988,875.775024,11.375,1.0,,13.6,0.0,12.5,53.8125,,53.8125,0.0,265.424988,0.0,,
2025-11-06 00:31:22+00:00,2025-11-06 00:31:22,,,,,,,,,,38.7975006,10.734375,987.299988,875.700012,11.3625002,1.0,,13.6,0.0,12.5,53.8312492,,53.8312492,0.0,265.424988,0.0,,
2025-11-06 00:31:23+00:00,2025-11-06 00:31:23,,,,,,,,,,38.7975006,10.6515627,987.224976,875.625,11.375,1.0,,13.6,0.0,12.5,53.8125,,53.8125,0.0,265.5,0.0,,
2025-11-06 00:31:24+00:00,2025-11-06 00:31:24,,,,,,,,,,38.8050003,10.6515627,987.224976,875.549988,11.3625002,1.0,,13.6,0.0,11.5,53.8312492,,53.8312492,0.0,265.424988,0.0,,
2025-11-06 00:31:25+00:00,2025-11-06 00:31:25,38.0,39.0,39.0,38.0,38.0,8.588704296702309,304.0,BO_O2_RULE,"제어매트릭스 규칙 적용: NOX_LOW (3단계 롤백, 4단계에서 Hz 변화 없음)",38.8012505,10.5703125,987.150024,875.400024,11.1750002,1.0,,13.6,0.0,11.5,53.8125,,53.8125,0.0,265.5,0.0,,
2025-11-06 00:31:26+00:00,2025-11-06 00:31:26,,,,,,,,,,38.8012505,10.4906254,987.150024,875.325012,10.9499998,1.0,,13.6,0.0,11.5,53.8125,,53.8125,0.0,265.424988,0.0,,
2025-11-06 00:31:27+00:00,2025-11-06 00:31:27,,,,,,,,,,38.8012505,10.4906254,987.150024,875.174988,10.9499998,1.0,,13.6,0.0,11.5,53.8125,,53.8125,0.0,265.5,0.0,,
2025-11-06 00:31:28+00:00,2025-11-06 00:31:28,,,,,,,,,,38.7975006,10.4046879,987.150024,875.099976,10.9499998,1.0,,13.6,0.0,11.5,53.8125,,53.8125,0.0,265.424988,0.0,,
2025-11-06 00:31:29+00:00,2025-11-06 00:31:29,,,,,,,,,,38.8125,10.4046879,987.150024,875.025024,10.9375,1.0,,13.6,0.0,11.5,53.8125,,53.8125,0.0,265.5,0.0,,
2025-11-06 00:31:30+00:00,2025-11-06 00:31:30,38.0,39.0,39.0,38.0,38.0,8.415054188312398,304.0,BO_O2_RULE,"제어매트릭스 규칙 적용: NOX_LOW (3단계 롤백, 4단계에서 Hz 변화 없음)",38.7937508,10.3062496,987.224976,874.950012,10.9499998,1.0,,13.6,0.0,11.5,53.8125,38.0,53.8125,0.0,265.5,0.0,,
2025-11-06 00:31:31+00:00,2025-11-06 00:31:31,,,,,,,,,,38.8087502,10.1953125,987.224976,874.875,10.5249996,1.0,,13.6,0.0,11.5,53.8312492,,53.8312492,0.0,265.5,0.0,,
2025-11-06 00:31:32+00:00,2025-11-06 00:31:32,,,,,,,,,,38.7937508,10.1953125,987.299988,874.724976,10.5124998,1.0,,13.6,0.0,11.5,53.8125,,53.8125,0.0,265.5,0.0,,
2025-11-06 00:31:33+00:00,2025-11-06 00:31:33,,,,,,,,,,38.7975006,10.0718746,987.299988,874.724976,10.5249996,1.0,,13.6,0.0,11.5,53.8125,,53.8125,0.0,265.424988,0.0,,
2025-11-06 00:31:34+00:00,2025-11-06 00:31:34,,,,,,,,,,38.8087502,9.9453125,987.299988,874.575012,10.5249996,1.0,,13.6,0.0,10.62,53.8125,,53.8125,0.0,265.424988,0.0,,
2025-11-06 00:31:35+00:00,2025-11-06 00:31:35,38.0,39.0,39.0,38.0,38.0,9.049023073165486,304.0,BO_O2_RULE,"제어매트릭스 규칙 적용: NOX_LOW (3단계 롤백, 4단계에서 Hz 변화 없음)",38.8125,9.9453125,987.375,874.5,10.4499998,1.0,,13.6,0.0,10.62,53.8312492,,53.8312492,0.0,265.5,0.0,,
2025-11-06 00:31:36+00:00,2025-11-06 00:31:36,,,,,,,,,,38.7862511,9.81093788,987.450012,874.424988,10.3500004,1.0,,13.6,0.0,10.62,53.8125,,53.8125,0.0,265.5,0.0,,
2025-11-06 00:31:37+00:00,2025-11-06 00:31:37,,,,,,,,,,38.8050003,9.81093788,987.525024,874.349976,10.3500004,1.0,,13.6,0.0,10.62,53.8125,,53.8125,0.0,265.424988,0.0,,
2025-11-06 00:31:38+00:00,2025-11-06 00:31:38,,,,,,,,,,38.8012505,9.66250038,987.599976,874.275024,10.3500004,1.0,,13.6,0.0,10.62,53.8125,,53.8125,0.0,265.5,0.0,,
2025-11-06 00:31:39+00:00,2025-11-06 00:31:39,,,,,,,,,,38.8050003,9.515625,987.674988,874.200012,10.3500004,1.0,,13.6,0.0,10.62,53.8125,,53.8125,0.0,265.424988,0.0,,
2025-11-06 00:31:40+00:00,2025-11-06 00:31:40,38.0,40.0,40.0,38.0,38.0,9.06254977998546,304.0,BO_O2_RULE,"제어매트릭스 규칙 적용: NOX_LOW (3단계 롤백, 4단계에서 Hz 변화 없음)",38.8012505,9.515625,987.825012,874.049988,10.3625002,1.0,,13.6,0.0,10.62,53.8125,,53.8125,0.0,265.424988,0.0,,
2025-11-06 00:31:41+00:00,2025-11-06 00:31:41,,,,,,,,,,38.8012505,9.37031269,987.900024,873.974976,10.4375,1.0,,13.6,0.0,10.62,53.8125,,53.8125,0.0,265.424988,0.0,,
2025-11-06 00:31:42+00:00,2025-11-06 00:31:42,,,,,,,,,,38.7975006,9.25,988.049988,873.900024,10.4375,1.0,,13.6,0.0,10.62,53.8125,,53.8125,0.0,265.5,0.0,,
2025-11-06 00:31:43+00:00,2025-11-06 00:31:43,,,,,,,,,,38.8274994,9.25,988.125,873.900024,10.4375,1.0,,13.6,0.0,10.62,53.8312492,,53.8312492,0.0,265.5,0.0,,
2025-11-06 00:31:44+00:00,2025-11-06 00:31:44,,,,,,,,,,38.7975006,9.14218712,988.275024,873.75,10.4375,1.0,,13.6,0.0,10.58,53.8125,,53.8125,0.0,265.5,0.0,,
2025-11-06 00:31:45+00:00,2025-11-06 00:31:45,38.0,42.0,42.0,38.0,38.0,9.996291566170093,304.0,BO_O2_RULE,"제어매트릭스 규칙 적용: NOX_LOW (3단계 롤백, 4단계에서 Hz 변화 없음)",38.7975006,9.04218769,988.349976,873.75,10.2875004,1.0,,13.6,0.0,10.58,53.8125,38.0,53.8125,0.0,264.674988,0.0,,
2025-11-06 00:31:46+00:00,2025-11-06 00:31:46,,,,,,,,,,38.8125,9.04218769,988.575012,873.674988,10.1000004,1.0,,13.6,0.0,10.58,53.8125,,53.8125,0.0,264.0,0.0,,
2025-11-06 00:31:47+00:00,2025-11-06 00:31:47,,,,,,,,,,38.7975006,8.95937538,988.575012,873.599976,10.1000004,1.0,,13.6,0.0,10.58,53.4000015,,53.4000015,0.0,264.0,0.0,,
2025-11-06 00:31:48+00:00,2025-11-06 00:31:48,,,,,,,,,,38.8012505,8.95937538,988.799988,873.525024,10.0874996,1.0,,13.6,0.0,10.58,53.3812485,,53.3812485,0.0,264.0,0.0,,
2025-11-06 00:31:49+00:00,2025-11-06 00:31:49,,,,,,,,,,38.7900009,8.88437462,988.950012,873.450012,10.0874996,1.0,,13.6,0.0,10.58,53.3624992,,53.3624992,0.0,264.0,0.0,,
2025-11-06 00:31:50+00:00,2025-11-06 00:31:50,38.0,43.0,43.0,38.0,38.0,10.783885003499043,304.0,BO_O2_RULE,"제어매트릭스 규칙 적용: NOX_LOW (3단계 롤백, 4단계에서 Hz 변화 없음)",38.7975006,8.82187462,989.099976,873.375,10.1000004,1.0,,13.6,0.0,10.58,53.3812485,,53.3812485,0.0,264.0,0.0,,
2025-11-06 00:31:51+00:00,2025-11-06 00:31:51,,,,,,,,,,38.7975006,8.82187462,989.25,873.299988,9.83749962,1.0,,13.6,0.0,10.58,53.0250015,,53.0250015,0.0,264.0,0.0,,
2025-11-06 00:31:52+00:00,2025-11-06 00:31:52,,,,,,,,,,38.7975006,8.76249981,989.400024,873.224976,9.85000038,1.0,,13.6,0.0,10.58,53.0062485,,53.0062485,0.0,264.0,0.0,,
2025-11-06 00:31:53+00:00,2025-11-06 00:31:53,,,,,,,,,,38.7975006,8.703125,989.549988,873.224976,9.85000038,1.0,,13.6,0.0,10.58,53.3624992,,53.3624992,0.0,264.0,0.0,,
2025-11-06 00:31:54+00:00,2025-11-06 00:31:54,,,,,,,,,,38.8050003,8.703125,989.700012,873.075012,9.85000038,1.0,,13.6,0.0,9.98,53.3812485,,53.3812485,0.0,264.0,0.0,,
2025-11-06 00:31:55+00:00,2025-11-06 00:31:55,38.0,44.0,44.0,38.0,38.0,10.564254421804494,304.0,BO_O2_RULE,"제어매트릭스 규칙 적용: NOX_LOW (3단계 롤백, 4단계에서 Hz 변화 없음)",38.8012505,8.65156269,989.849976,873.075012,9.875,1.0,,13.6,0.0,9.98,53.3812485,,53.3812485,0.0,264.0,0.0,,
2025-11-06 00:31:56+00:00,2025-11-06 00:31:56,,,,,,,,,,38.7975006,8.65156269,990.075012,873.0,9.92500019,1.0,,13.6,0.0,9.98,53.3812485,,53.3812485,0.0,264.0,0.0,,
2025-11-06 00:31:57+00:00,2025-11-06 00:31:57,,,,,,,,,,38.8012505,8.60781288,990.224976,872.924988,9.92500019,1.0,,13.6,0.0,9.98,53.3624992,,53.3624992,0.0,264.0,0.0,,
2025-11-06 00:31:58+00:00,2025-11-06 00:31:58,,,,,,,,,,38.7975006,8.5703125,990.375,872.775024,9.92500019,1.0,,13.6,0.0,9.98,53.3812485,,53.3812485,0.0,264.0,0.0,,
2025-11-06 00:31:59+00:00,2025-11-06 00:31:59,,,,,,,,,,38.8087502,8.5703125,990.525024,872.775024,9.9375,1.0,,13.6,0.0,9.98,53.3812485,,53.3812485,0.0,264.0,0.0,,
2025-11-06 00:32:00+00:00,2025-11-06 00:32:00,38.0,44.0,44.0,38.0,38.0,10.953874942929826,304.0,BO_O2_RULE,"제어매트릭스 규칙 적용: NOX_LOW (3단계 롤백, 4단계에서 Hz 변화 없음)",38.8087502,8.53593731,990.75,872.700012,9.92500019,1.0,,13.6,0.0,9.98,53.3812485,38.0,53.3812485,0.0,264.0,0.0,,
2025-11-06 00:32:01+00:00,2025-11-06 00:32:01,,,,,,,,,,38.8012505,8.52031231,990.825012,872.700012,9.67500019,1.0,,13.6,0.0,9.98,53.3624992,,53.3624992,0.0,264.0,0.0,,
2025-11-06 00:32:02+00:00,2025-11-06 00:32:02,,,,,,,,,,38.7975006,8.52031231,991.125,872.549988,9.67500019,1.0,,13.6,0.0,9.98,53.3812485,,53.3812485,0.0,264.0,0.0,,
2025-11-06 00:32:03+00:00,2025-11-06 00:32:03,,,,,,,,,,38.8012505,8.50468731,991.200012,872.625,9.67500019,1.0,,13.6,0.0,9.98,53.3812485,,53.3812485,0.0,265.350006,0.0,,
2025-11-06 00:32:04+00:00,2025-11-06 00:32:04,,,,,,,,,,38.8012505,8.50468731,991.424988,872.549988,9.6875,1.0,,13.6,0.0,9.81,53.7937508,,53.7937508,0.0,265.424988,0.0,,
2025-11-06 00:32:05+00:00,2025-11-06 00:32:05,38.0,43.0,43.0,38.0,38.0,10.92494564199107,304.0,BO_O2_RULE,"제어매트릭스 규칙 적용: NOX_LOW (3단계 롤백, 4단계에서 Hz 변화 없음)",38.8012505,8.4921875,991.650024,872.474976,9.78750038,1.0,,13.6,0.0,9.81,53.8125,,53.8125,0.0,265.5,0.0,,
2025-11-06 00:32:06+00:00,2025-11-06 00:32:06,,,,,,,,,,38.7975006,8.484375,991.875,872.400024,9.9375,1.0,,13.6,0.0,9.81,53.8125,,53.8125,0.0,267.0,0.0,,
2025-11-06 00:32:07+00:00,2025-11-06 00:32:07,,,,,,,,,,38.8050003,8.484375,992.025024,872.325012,9.9375,1.0,,13.6,0.0,9.81,53.8125,,53.8125,0.0,266.924988,0.0,,
2025-11-06 00:32:08+00:00,2025-11-06 00:32:08,,,,,,,,,,38.8162498,8.484375,992.25,872.325012,9.92500019,1.0,,13.6,0.0,9.81,53.8312492,,53.8312492,0.0,267.0,0.0,,
2025-11-06 00:32:09+00:00,2025-11-06 00:32:09,,,,,,,,,,38.8012505,8.48281288,992.325012,872.25,9.9375,1.0,,13.6,0.0,9.81,53.8125,,53.8125,0.0,267.0,0.0,,
2025-11-06 00:32:10+00:00,2025-11-06 00:32:10,43.0,43.0,43.0,43.0,43.0,12.33835279642595,100.0,BO_ONLY,"BO 모델 결과만 사용 (1단계 롤백, 2~4단계에서 Hz 변화 없음)",38.8012505,8.48281288,992.549988,872.174988,9.9375,1.0,,13.6,0.0,9.81,53.8125,,53.8125,0.0,266.924988,0.0,,
2025-11-06 00:32:11+00:00,2025-11-06 00:32:11,,,,,,,,,,38.7937508,8.48124981,992.700012,872.174988,10.0124998,1.0,,13.6,0.0,9.81,53.8312492,,53.8312492,0.0,267.0,0.0,,
2025-11-06 00:32:12+00:00,2025-11-06 00:32:12,,,,,,,,,,38.8050003,8.48124981,992.924988,872.025024,10.0124998,1.0,,13.6,0.0,9.81,53.8312492,,53.8312492,0.0,267.0,0.0,,
2025-11-06 00:32:13+00:00,2025-11-06 00:32:13,,,,,,,,,,38.9137497,8.484375,993.075012,872.025024,10.0124998,1.0,,13.6,0.0,9.81,53.8125,,53.8125,0.0,267.0,0.0,,
2025-11-06 00:32:14+00:00,2025-11-06 00:32:14,,,,,,,,,,43.9724998,8.48593712,993.299988,872.025024,10.0124998,1.0,,13.6,0.0,10.12,53.8125,,53.8125,0.0,267.0,0.0,,
2025-11-06 00:32:15+00:00,2025-11-06 00:32:15,43.0,43.0,43.0,43.0,43.0,12.166478068180979,100.0,BO_ONLY,"BO 모델 결과만 사용 (1단계 롤백, 2~4단계에서 Hz 변화 없음)",44.0774994,8.48593712,993.450012,871.875,9.89999962,1.0,,13.6,0.0,10.12,53.8125,38.0,53.8125,0.0,266.924988,0.0,,
2025-11-06 00:32:16+00:00,2025-11-06 00:32:16,,,,,,,,,,44.0887489,8.4921875,993.674988,871.875,9.76249981,1.0,,13.6,0.0,10.12,55.1437492,,55.1437492,0.0,265.5,0.0,,
2025-11-06 00:32:17+00:00,2025-11-06 00:32:17,,,,,,,,,,44.0887489,8.50156212,993.825012,871.875,9.76249981,1.0,,13.6,0.0,10.12,56.71875,,56.71875,0.0,264.524994,0.0,,
2025-11-06 00:32:18+00:00,2025-11-06 00:32:18,,,,,,,,,,44.0962486,8.50156212,994.049988,871.799988,9.76249981,1.0,,13.6,0.0,10.12,62.0062485,,62.0062485,0.0,264.0,0.0,,
2025-11-06 00:32:19+00:00,2025-11-06 00:32:19,,,,,,,,,,44.0999985,8.515625,994.275024,871.799988,9.76249981,1.0,,13.6,0.0,10.12,65.625,,65.625,0.0,264.0,0.0,,
2025-11-06 00:32:20+00:00,2025-11-06 00:32:20,43.0,43.0,43.0,43.0,43.0,12.097036752727822,100.0,BO_ONLY,"BO 모델 결과만 사용 (1단계 롤백, 2~4단계에서 Hz 변화 없음)",44.0962486,8.515625,994.5,871.724976,9.76249981,1.0,,13.6,0.0,10.12,67.6125031,,67.6125031,0.0,264.0,0.0,,
2025-11-06 00:32:21+00:00,2025-11-06 00:32:21,,,,,,,,,,44.0887489,8.52499962,994.650024,871.650024,9.76249981,1.0,,13.6,0.0,10.12,69.5812531,,69.5812531,0.0,264.0,0.0,,
2025-11-06 00:32:22+00:00,2025-11-06 00:32:22,,,,,,,,,,44.0849991,8.53593731,994.950012,871.575012,9.76249981,1.0,,13.6,0.0,10.12,70.21875,,70.21875,0.0,264.0,0.0,,
2025-11-06 00:32:23+00:00,2025-11-06 00:32:23,,,,,,,,,,44.0924988,8.53593731,995.174988,871.575012,9.76249981,1.0,,13.6,0.0,10.12,70.9124985,,70.9124985,0.0,264.0,0.0,,
2025-11-06 00:32:24+00:00,2025-11-06 00:32:24,,,,,,,,,,44.0924988,8.5546875,995.474976,871.575012,9.76249981,1.0,,13.6,0.0,9.87,71.3625031,,71.3625031,0.0,264.0,0.0,,
2025-11-06 00:32:25+00:00,2025-11-06 00:32:25,39.088748933333335,43.0,43.0,38.0,38.0,10.549094863110202,304.0,BO_O2_RULE,"제어매트릭스 규칙 적용: NOX_LOW (3단계 롤백, 4단계에서 Hz 변화 없음)",44.0999985,8.5546875,995.700012,871.575012,9.91250038,1.0,,13.6,0.0,9.87,71.7562485,,71.7562485,0.0,264.075012,0.0,,
2025-11-06 00:32:26+00:00,2025-11-06 00:32:26,,,,,,,,,,44.0962486,8.57343769,996.0,871.5,10.1000004,1.0,,13.6,0.0,9.87,71.7562485,,71.7562485,0.0,264.0,0.0,,
2025-11-06 00:32:27+00:00,2025-11-06 00:32:27,,,,,,,,,,44.0924988,8.578125,996.224976,871.5,10.1000004,1.0,,13.6,0.0,9.87,71.7562485,,71.7562485,0.0,264.0,0.0,,
2025-11-06 00:32:28+00:00,2025-11-06 00:32:28,,,,,,,,,,41.3175011,8.578125,996.525024,871.424988,10.1000004,1.0,,13.6,0.0,9.87,71.7562485,,71.7562485,0.0,264.075012,0.0,,
2025-11-06 00:32:29+00:00,2025-11-06 00:32:29,,,,,,,,,,39.9524994,8.57343769,996.75,871.424988,10.1000004,1.0,,13.6,0.0,9.87,71.7562485,,71.7562485,0.0,264.075012,0.0,,
2025-11-06 00:32:30+00:00,2025-11-06 00:32:30,43.0,43.0,43.0,43.0,43.0,12.534668467058768,100.0,BO_ONLY,"BO 모델 결과만 사용 (1단계 롤백, 2~4단계에서 Hz 변화 없음)",39.9187508,8.55624962,997.049988,871.349976,10.1000004,1.0,,13.6,0.0,9.87,71.7375031,38.0,71.7375031,0.0,264.0,0.0,,
2025-11-06 00:32:31+00:00,2025-11-06 00:32:31,,,,,,,,,,39.9337502,8.55624962,997.275024,871.349976,10.1000004,1.0,,13.6,0.0,9.87,69.5437469,,69.5437469,0.0,264.0,0.0,,
2025-11-06 00:32:32+00:00,2025-11-06 00:32:32,,,,,,,,,,39.9187508,8.54218769,997.575012,871.349976,10.1000004,1.0,,13.6,0.0,9.87,67.3874969,,67.3874969,0.0,264.0,0.0,,
2025-11-06 00:32:33+00:00,2025-11-06 00:32:33,,,,,,,,,,40.3424988,8.52812481,997.875,871.349976,10.1000004,1.0,,13.6,0.0,9.87,64.3874969,,64.3874969,0.0,264.075012,0.0,,
2025-11-06 00:32:34+00:00,2025-11-06 00:32:34,,,,,,,,,,44.0699997,8.52812481,998.099976,871.349976,10.1000004,1.0,,13.6,0.0,10.23,61.9124985,,61.9124985,0.0,263.924988,0.0,,
2025-11-06 00:32:35+00:00,2025-11-06 00:32:35,43.0,43.0,43.0,43.0,43.0,13.8005295690415,100.0,BO_ONLY,"BO 모델 결과만 사용 (1단계 롤백, 2~4단계에서 Hz 변화 없음)",44.0887489,8.50156212,998.400024,871.275024,10.2124996,1.0,,13.6,0.0,10.23,60.6187515,,60.6187515,0.0,264.0,0.0,,
2025-11-06 00:32:36+00:00,2025-11-06 00:32:36,,,,,,,,,,44.0962486,8.50156212,998.700012,871.275024,10.3500004,1.0,,13.6,0.0,10.23,61.0875015,,61.0875015,0.0,264.075012,0.0,,
2025-11-06 00:32:37+00:00,2025-11-06 00:32:37,,,,,,,,,,44.1037483,8.45625019,998.924988,871.275024,10.3500004,1.0,,13.6,0.0,10.23,62.25,,62.25,0.0,264.0,0.0,,
2025-11-06 00:32:38+00:00,2025-11-06 00:32:38,,,,,,,,,,44.1074982,8.40781212,999.299988,871.200012,10.3500004,1.0,,13.6,0.0,10.23,64.78125,,64.78125,0.0,264.0,0.0,,
2025-11-06 00:32:39+00:00,2025-11-06 00:32:39,,,,,,,,,,44.1037483,8.40781212,999.525024,871.200012,10.3500004,1.0,,13.6,0.0,10.23,67.3687515,,67.3687515,0.0,264.0,0.0,,
2025-11-06 00:32:40+00:00,2025-11-06 00:32:40,43.0,43.0,43.0,43.0,43.0,14.094321990087302,100.0,BO_ONLY,"BO 모델 결과만 사용 (1단계 롤백, 2~4단계에서 Hz 변화 없음)",44.0999985,8.36093712,999.900024,871.200012,10.4250002,1.0,,13.6,0.0,10.23,68.9437485,,68.9437485,0.0,264.075012,0.0,,
2025-11-06 00:32:41+00:00,2025-11-06 00:32:41,,,,,,,,,,44.0999985,8.3203125,1000.125,871.200012,10.4375,1.0,,13.6,0.0,10.23,70.1812515,,70.1812515,0.0,264.075012,0.0,,
2025-11-06 00:32:42+00:00,2025-11-06 00:32:42,,,,,,,,,,44.0999985,8.3203125,1000.5,871.200012,10.4375,1.0,,13.6,0.0,10.23,70.5374985,,70.5374985,0.0,262.5,0.0,,
2025-11-06 00:32:43+00:00,2025-11-06 00:32:43,,,,,,,,,,44.0962486,8.28437519,1000.72498,871.200012,10.4375,1.0,,13.6,0.0,10.23,71.2312469,,71.2312469,0.0,262.5,0.0,,
2025-11-06 00:32:44+00:00,2025-11-06 00:32:44,,,,,,,,,,44.1074982,8.28437519,1001.02502,871.200012,10.4375,1.0,,13.6,0.0,10.52,71.5875015,,71.5875015,0.0,262.575012,0.0,,
2025-11-06 00:32:45+00:00,2025-11-06 00:32:45,43.0,43.0,43.0,43.0,43.0,13.912807339047486,100.0,BO_ONLY,"BO 모델 결과만 사용 (1단계 롤백, 2~4단계에서 Hz 변화 없음)",44.0999985,8.26249981,1001.25,871.200012,10.3249998,1.0,,13.6,0.0,10.52,71.7562485,38.0,71.7562485,0.0,262.575012,0.0,,
2025-11-06 00:32:46+00:00,2025-11-06 00:32:46,,,,,,,,,,44.1187515,8.24374962,1001.625,871.200012,10.1875,1.0,,13.6,0.0,10.52,71.7375031,,71.7375031,0.0,262.575012,0.0,,
2025-11-06 00:32:47+00:00,2025-11-06 00:32:47,,,,,,,,,,44.0962486,8.24374962,1001.84998,871.200012,10.1875,1.0,,13.6,0.0,10.52,71.7562485,,71.7562485,0.0,262.575012,0.0,,
2025-11-06 00:32:48+00:00,2025-11-06 00:32:48,,,,,,,,,,44.1037483,8.23281288,1002.15002,871.200012,10.1875,1.0,,13.6,0.0,10.52,71.7562485,,71.7562485,0.0,262.575012,0.0,,
2025-11-06 00:32:49+00:00,2025-11-06 00:32:49,,,,,,,,,,44.0999985,8.22343731,1002.375,871.125,10.1875,1.0,,13.6,0.0,10.52,71.7562485,,71.7562485,0.0,262.649994,0.0,,
2025-11-06 00:32:50+00:00,2025-11-06 00:32:50,43.0,43.0,43.0,43.0,43.0,13.521639619884924,100.0,BO_ONLY,"BO 모델 결과만 사용 (1단계 롤백, 2~4단계에서 Hz 변화 없음)",44.0962486,8.22343731,1002.75,871.200012,10.1875,1.0,,13.6,0.0,10.52,71.7375031,,71.7375031,0.0,262.575012,0.0,,
2025-11-06 00:32:51+00:00,2025-11-06 00:32:51,,,,,,,,,,44.0924988,8.21406269,1002.97498,871.200012,10.1875,1.0,,13.6,0.0,10.52,71.7562485,,71.7562485,0.0,262.575012,0.0,,
2025-11-06 00:32:52+00:00,2025-11-06 00:32:52,,,,,,,,,,44.0887489,8.21406269,1003.27502,871.200012,10.1875,1.0,,13.6,0.0,10.52,71.7562485,,71.7562485,0.0,262.575012,0.0,,
2025-11-06 00:32:53+00:00,2025-11-06 00:32:53,,,,,,,,,,44.0999985,8.19999981,1003.5,871.200012,10.1875,1.0,,13.6,0.0,10.52,71.7562485,,71.7562485,0.0,262.575012,0.0,,
2025-11-06 00:32:54+00:00,2025-11-06 00:32:54,,,,,,,,,,44.0999985,8.18437481,1003.875,871.200012,10.1875,1.0,,13.6,0.0,10.3,71.7375031,,71.7375031,0.0,262.575012,0.0,,
2025-11-06 00:32:55+00:00,2025-11-06 00:32:55,39.093748733333335,43.0,43.0,38.0,38.0,11.658557895627348,304.0,BO_O2_RULE,"제어매트릭스 규칙 적용: NOX_LOW (3단계 롤백, 4단계에서 Hz 변화 없음)",44.0924988,8.18437481,1004.09998,871.200012,10.3000002,1.0,,13.6,0.0,10.3,71.7375031,,71.7375031,0.0,262.575012,0.0,,
2025-11-06 00:32:56+00:00,2025-11-06 00:32:56,,,,,,,,,,44.0962486,8.18437481,1004.47498,871.200012,10.4375,1.0,,13.6,0.0,10.3,71.7562485,,71.7562485,0.0,262.649994,0.0,,
2025-11-06 00:32:57+00:00,2025-11-06 00:32:57,,,,,,,,,,44.0924988,8.19687462,1004.70001,871.200012,10.4375,1.0,,13.6,0.0,10.3,71.7562485,,71.7562485,0.0,262.575012,0.0,,
2025-11-06 00:32:58+00:00,2025-11-06 00:32:58,,,,,,,,,,40.1287498,8.19687462,1005.07501,871.200012,10.4375,1.0,,13.6,0.0,10.3,71.7562485,,71.7562485,0.0,262.575012,0.0,,
2025-11-06 00:32:59+00:00,2025-11-06 00:32:59,,,,,,,,,,39.9375,8.21718788,1005.22498,871.275024,10.4375,1.0,,13.6,0.0,10.3,71.7375031,,71.7375031,0.0,262.5,0.0,,
2025-11-06 00:33:00+00:00,2025-11-06 00:33:00,43.0,43.0,43.0,43.0,43.0,13.236341376972703,100.0,BO_ONLY,"BO 모델 결과만 사용 (1단계 롤백, 2~4단계에서 Hz 변화 없음)",39.9337502,8.21718788,1005.59998,871.275024,10.5124998,1.0,,13.6,0.0,10.3,71.4937515,41.4068037572988,71.4937515,0.0,262.575012,0.0,,
2025-11-06 00:33:01+00:00,2025-11-06 00:33:01,,,,,,,,,,39.9262505,8.23124981,1005.82501,871.275024,10.5124998,1.0,,13.6,0.0,10.3,69.0187531,,69.0187531,0.0,262.725006,0.0,,
2025-11-06 00:33:02+00:00,2025-11-06 00:33:02,,,,,,,,,,39.9150009,8.25,1006.125,871.275024,10.5249996,1.0,,13.6,0.0,10.3,65.8499985,,65.8499985,0.0,264.0,0.0,,
2025-11-06 00:33:03+00:00,2025-11-06 00:33:03,,,,,,,,,,40.4587517,8.25,1006.34998,871.275024,10.5249996,1.0,,13.6,0.0,10.3,63.0750008,,63.0750008,0.0,264.0,0.0,,
2025-11-06 00:33:04+00:00,2025-11-06 00:33:04,,,,,,,,,,44.0812492,8.26875019,1006.72498,871.349976,10.5249996,1.0,,13.6,0.0,10.62,61.1062508,,61.1062508,0.0,264.075012,0.0,,
2025-11-06 00:33:05+00:00,2025-11-06 00:33:05,43.0,43.0,43.0,43.0,43.0,14.03062878587585,100.0,BO_ONLY,"BO 모델 결과만 사용 (1단계 롤백, 2~4단계에서 Hz 변화 없음)",44.0999985,8.29218769,1007.02502,871.349976,10.6499996,1.0,,13.6,0.0,10.62,59.7750015,,59.7750015,0.0,264.0,0.0,,
2025-11-06 00:33:06+00:00,2025-11-06 00:33:06,,,,,,,,,,44.0962486,8.29218769,1007.25,871.424988,10.7749996,1.0,,13.6,0.0,10.62,60.2625008,,60.2625008,0.0,264.0,0.0,,
2025-11-06 00:33:07+00:00,2025-11-06 00:33:07,,,,,,,,,,44.0999985,8.31875038,1007.47498,871.349976,10.7749996,1.0,,13.6,0.0,10.62,61.7999992,,61.7999992,0.0,263.174988,0.0,,
2025-11-06 00:33:08+00:00,2025-11-06 00:33:08,,,,,,,,,,44.0924988,8.31875038,1007.84998,871.424988,10.7749996,1.0,,13.6,0.0,10.62,64.59375,,64.59375,0.0,262.575012,0.0,,
2025-11-06 00:33:09+00:00,2025-11-06 00:33:09,,,,,,,,,,44.1037483,8.33906269,1008.07501,871.424988,10.7875004,1.0,,13.6,0.0,10.62,67.21875,,67.21875,0.0,262.575012,0.0,,
2025-11-06 00:33:10+00:00,2025-11-06 00:33:10,43.0,43.0,43.0,43.0,43.0,14.485591518343123,100.0,BO_ONLY,"BO 모델 결과만 사용 (1단계 롤백, 2~4단계에서 Hz 변화 없음)",44.1037483,8.35624981,1008.375,871.424988,10.8625002,1.0,,13.6,0.0,10.62,68.8125,,68.8125,0.0,262.575012,0.0,,
2025-11-06 00:33:11+00:00,2025-11-06 00:33:11,,,,,,,,,,44.0999985,8.35624981,1008.59998,871.424988,10.8625002,1.0,,13.6,0.0,10.62,70.1624985,,70.1624985,0.0,262.575012,0.0,,
2025-11-06 00:33:12+00:00,2025-11-06 00:33:12,,,,,,,,,,44.0924988,8.36406231,1008.90002,871.5,10.8625002,1.0,,13.6,0.0,10.62,70.4250031,,70.4250031,0.0,262.575012,0.0,,
2025-11-06 00:33:13+00:00,2025-11-06 00:33:13,,,,,,,,,,44.0962486,8.37812519,1009.125,871.5,10.8625002,1.0,,13.6,0.0,10.62,70.9499969,,70.9499969,0.0,262.575012,0.0,,
2025-11-06 00:33:14+00:00,2025-11-06 00:33:14,,,,,,,,,,44.0962486,8.37812519,1009.42499,871.5,10.8625002,1.0,,13.6,0.0,10.95,71.3249969,,71.3249969,0.0,262.575012,0.0,,
2025-11-06 00:33:15+00:00,2025-11-06 00:33:15,43.0,43.0,43.0,43.0,43.0,14.597227646229083,100.0,BO_ONLY,"BO 모델 결과만 사용 (1단계 롤백, 2~4단계에서 Hz 변화 없음)",44.1074982,8.39999962,1009.65002,871.5,10.9375,1.0,,13.6,0.0,10.95,71.7375031,38.0,71.7375031,0.0,262.5,0.0,,
2025-11-06 00:33:16+00:00,2025-11-06 00:33:16,,,,,,,,,,44.0962486,8.39999962,1009.95001,871.575012,11.0249996,1.0,,13.6,0.0,10.95,71.7562485,,71.7562485,0.0,262.575012,0.0,,
2025-11-06 00:33:17+00:00,2025-11-06 00:33:17,,,,,,,,,,44.0924988,8.42812538,1010.17499,871.650024,11.0249996,1.0,,13.6,0.0,10.95,71.7562485,,71.7562485,0.0,262.575012,0.0,,
2025-11-06 00:33:18+00:00,2025-11-06 00:33:18,,,,,,,,,,44.0962486,8.453125,1010.40002,871.650024,11.0375004,1.0,,13.6,0.0,10.95,71.7562485,,71.7562485,0.0,262.575012,0.0,,
2025-11-06 00:33:19+00:00,2025-11-06 00:33:19,,,,,,,,,,44.1300011,8.453125,1010.625,871.650024,11.0375004,1.0,,13.6,0.0,10.95,71.7375031,,71.7375031,0.0,263.850006,0.0,,
2025-11-06 00:33:20+00:00,2025-11-06 00:33:20,43.0,43.0,43.0,43.0,43.0,14.675103097391009,100.0,BO_ONLY,"BO 모델 결과만 사용 (1단계 롤백, 2~4단계에서 Hz 변화 없음)",44.1150017,8.47187519,1010.84998,871.650024,11.1125002,1.0,,13.6,0.0,10.95,71.7562485,,71.7562485,0.0,264.075012,0.0,,
2025-11-06 00:33:21+00:00,2025-11-06 00:33:21,,,,,,,,,,44.0924988,8.48750019,1011.07501,871.724976,11.1125002,1.0,,13.6,0.0,10.95,71.7562485,,71.7562485,0.0,264.075012,0.0,,
2025-11-06 00:33:22+00:00,2025-11-06 00:33:22,,,,,,,,,,44.0962486,8.48750019,1011.375,871.724976,11.1125002,1.0,,13.6,0.0,10.95,71.7562485,,71.7562485,0.0,264.075012,0.0,,
2025-11-06 00:33:23+00:00,2025-11-06 00:33:23,,,,,,,,,,44.0962486,8.50625038,1011.52502,871.799988,11.1125002,1.0,,13.6,0.0,10.95,71.7375031,,71.7375031,0.0,264.0,0.0,,
2025-11-06 00:33:24+00:00,2025-11-06 00:33:24,,,,,,,,,,44.0999985,8.50625038,1011.82501,871.799988,11.1125002,1.0,,13.6,0.0,11.23,71.7562485,,71.7562485,0.0,264.0,0.0,,
2025-11-06 00:33:25+00:00,2025-11-06 00:33:25,43.0,43.0,43.0,43.0,43.0,14.15047575964718,100.0,BO_ONLY,"BO 모델 결과만 사용 (1단계 롤백, 2~4단계에서 Hz 변화 없음)",44.0962486,8.52656269,1011.97498,871.799988,11.1125002,1.0,,13.6,0.0,11.23,71.7562485,,71.7562485,0.0,264.0,0.0,,
2025-11-06 00:33:26+00:00,2025-11-06 00:33:26,,,,,,,,,,44.1037483,8.54374981,1012.27502,871.875,11.1125002,1.0,,13.6,0.0,11.23,71.7562485,,71.7562485,0.0,264.075012,0.0,,
2025-11-06 00:33:27+00:00,2025-11-06 00:33:27,,,,,,,,,,44.0999985,8.54374981,1012.42499,871.875,11.1125002,1.0,,13.6,0.0,11.23,71.7375031,,71.7375031,0.0,264.0,0.0,,
2025-11-06 00:33:28+00:00,2025-11-06 00:33:28,,,,,,,,,,44.1037483,8.56406212,1012.65002,871.950012,11.1125002,1.0,,13.6,0.0,11.23,71.7562485,,71.7562485,0.0,264.0,0.0,,
2025-11-06 00:33:29+00:00,2025-11-06 00:33:29,,,,,,,,,,44.1187515,8.58906269,1012.79999,871.950012,11.1125002,1.0,,13.6,0.0,11.23,71.7562485,,71.7562485,0.0,264.075012,0.0,,
2025-11-06 00:33:30+00:00,2025-11-06 00:33:30,43.0,43.0,43.0,43.0,43.0,14.270239241508143,100.0,BO_ONLY,"BO 모델 결과만 사용 (1단계 롤백, 2~4단계에서 Hz 변화 없음)",44.1262512,8.58906269,1013.09998,871.950012,11.3625002,1.0,,13.6,0.0,11.23,71.7562485,38.0,71.7562485,0.0,264.0,0.0,,
2025-11-06 00:33:31+00:00,2025-11-06 00:33:31,,,,,,,,,,44.0999985,8.62343788,1013.25,872.025024,11.375,1.0,,13.6,0.0,11.23,71.7375031,,71.7375031,0.0,264.0,0.0,,
2025-11-06 00:33:32+00:00,2025-11-06 00:33:32,,,,,,,,,,44.0999985,8.62343788,1013.47498,872.025024,11.3625002,1.0,,13.6,0.0,11.23,71.7562485,,71.7562485,0.0,264.0,0.0,,
2025-11-06 00:33:33+00:00,2025-11-06 00:33:33,,,,,,,,,,44.0999985,8.65937519,1013.54999,872.025024,11.3625002,1.0,,13.6,0.0,11.23,71.7562485,,71.7562485,0.0,264.0,0.0,,
2025-11-06 00:33:34+00:00,2025-11-06 00:33:34,,,,,,,,,,44.0924988,8.68437481,1013.77502,872.099976,11.375,1.0,,13.6,0.0,11.49,71.7562485,,71.7562485,0.0,264.075012,0.0,,
2025-11-06 00:33:35+00:00,2025-11-06 00:33:35,43.0,43.0,43.0,43.0,43.0,14.97239850509298,100.0,BO_ONLY,"BO 모델 결과만 사용 (1단계 롤백, 2~4단계에서 Hz 변화 없음)",44.0924988,8.68437481,1013.92499,872.099976,11.375,1.0,,13.6,0.0,11.49,71.7375031,,71.7375031,0.0,264.0,0.0,,
2025-11-06 00:33:36+00:00,2025-11-06 00:33:36,,,,,,,,,,44.0962486,8.70625019,1014.15002,872.174988,11.3625002,1.0,,13.6,0.0,11.49,71.7562485,,71.7562485,0.0,264.0,0.0,,
2025-11-06 00:33:37+00:00,2025-11-06 00:33:37,,,,,,,,,,44.1074982,8.73281288,1014.375,872.174988,11.3625002,1.0,,13.6,0.0,11.49,71.7562485,,71.7562485,0.0,264.0,0.0,,
2025-11-06 00:33:38+00:00,2025-11-06 00:33:38,,,,,,,,,,44.1112518,8.73281288,1014.52502,872.174988,11.3625002,1.0,,13.6,0.0,11.49,71.7562485,,71.7562485,0.0,264.0,0.0,,
2025-11-06 00:33:39+00:00,2025-11-06 00:33:39,,,,,,,,,,44.1074982,8.75468731,1014.75,872.325012,11.3625002,1.0,,13.6,0.0,11.49,71.7375031,,71.7375031,0.0,264.0,0.0,,
2025-11-06 00:33:40+00:00,2025-11-06 00:33:40,43.0,43.0,43.0,43.0,43.0,14.46198486226342,100.0,BO_ONLY,"BO 모델 결과만 사용 (1단계 롤백, 2~4단계에서 Hz 변화 없음)",44.1037483,8.75468731,1014.90002,872.325012,11.0375004,1.0,,13.6,0.0,11.49,71.7562485,,71.7562485,0.0,264.0,0.0,,
2025-11-06 00:33:41+00:00,2025-11-06 00:33:41,,,,,,,,,,44.0999985,8.74843788,1015.20001,872.325012,11.0249996,1.0,,13.6,0.0,11.49,71.7562485,,71.7562485,0.0,264.0,0.0,,
2025-11-06 00:33:42+00:00,2025-11-06 00:33:42,,,,,,,,,,44.0999985,8.74531269,1015.34998,872.325012,11.0249996,1.0,,13.6,0.0,11.49,71.7562485,,71.7562485,0.0,264.0,0.0,,
2025-11-06 00:33:43+00:00,2025-11-06 00:33:43,,,,,,,,,,44.1262512,8.74531269,1015.57501,872.400024,11.0249996,1.0,,13.6,0.0,11.49,71.7375031,,71.7375031,0.0,264.0,0.0,,
2025-11-06 00:33:44+00:00,2025-11-06 00:33:44,,,,,,,,,,44.0999985,8.75156212,1015.79999,872.400024,11.0249996,1.0,,13.6,0.0,11.1,71.7375031,,71.7375031,0.0,264.0,0.0,,
2025-11-06 00:33:45+00:00,2025-11-06 00:33:45,41.0,41.0,41.0,41.0,41.0,13.945524340263555,100.0,BO_ONLY,"BO 모델 결과만 사용 (1단계 롤백, 2~4단계에서 Hz 변화 없음)",44.1187515,8.76406288,1016.02502,872.474976,11.3125,1.0,,13.6,0.0,11.1,71.7562485,38.0,71.7562485,0.0,264.0,0.0,,
2025-11-06 00:33:46+00:00,2025-11-06 00:33:46,,,,,,,,,,44.0924988,8.76406288,1016.09998,872.400024,11.625,1.0,,13.6,0.0,11.1,71.7562485,,71.7562485,0.0,264.0,0.0,,
2025-11-06 00:33:47+00:00,2025-11-06 00:33:47,,,,,,,,,,44.1337509,8.79218769,1016.32501,872.474976,11.625,1.0,,13.6,0.0,11.1,71.7375031,,71.7375031,0.0,264.0,0.0,,
2025-11-06 00:33:48+00:00,2025-11-06 00:33:48,,,,,,,,,,44.1074982,8.79218769,1016.54999,872.549988,11.625,1.0,,13.6,0.0,11.1,71.7375031,,71.7375031,0.0,264.0,0.0,,
2025-11-06 00:33:49+00:00,2025-11-06 00:33:49,,,,,,,,,,44.0962486,8.82499981,1016.77502,872.549988,11.6125002,1.0,,13.6,0.0,11.1,71.7562485,,71.7562485,0.0,264.0,0.0,,
2025-11-06 00:33:50+00:00,2025-11-06 00:33:50,40.0,40.0,40.0,40.0,40.0,15.805478431597065,100.0,BO_ONLY,"BO 모델 결과만 사용 (1단계 롤백, 2~4단계에서 Hz 변화 없음)",44.0887489,8.859375,1016.92499,872.625,11.8625002,1.0,,13.6,0.0,11.1,71.7562485,,71.7562485,0.0,264.075012,0.0,,
2025-11-06 00:33:51+00:00,2025-11-06 00:33:51,,,,,,,,,,44.1300011,8.859375,1017.15002,872.625,11.875,1.0,,13.6,0.0,11.1,71.7562485,,71.7562485,0.0,264.0,0.0,,
2025-11-06 00:33:52+00:00,2025-11-06 00:33:52,,,,,,,,,,44.1074982,8.875,1017.29999,872.625,11.875,1.0,,13.6,0.0,11.1,71.7375031,,71.7375031,0.0,264.0,0.0,,
2025-11-06 00:33:53+00:00,2025-11-06 00:33:53,,,,,,,,,,41.0962486,8.87812519,1017.45001,872.625,11.875,1.0,,13.6,0.0,11.1,71.7562485,,71.7562485,0.0,264.075012,0.0,,
2025-11-06 00:33:54+00:00,2025-11-06 00:33:54,,,,,,,,,,41.0287514,8.87812519,1017.67499,872.700012,11.875,1.0,,13.6,0.0,12.0,71.7562485,,71.7562485,0.0,262.575012,0.0,,
2025-11-06 00:33:55+00:00,2025-11-06 00:33:55,40.0,39.0,40.0,40.0,40.0,16.56182874249952,206.0,BO_O2,"O2 규칙 적용: 8.9% (8.0% < O2 ≤ 9.0%) (2단계 롤백, 3~4단계에서 Hz 변화 없음)",40.9612503,8.87187481,1017.90002,872.700012,12.0,1.0,,13.6,0.0,12.0,71.6624985,,71.6624985,0.0,264.0,0.0,,
2025-11-06 00:33:56+00:00,2025-11-06 00:33:56,,,,,,,,,,40.9650002,8.86406231,1018.04999,872.700012,12.125,1.0,,13.6,0.0,12.0,69.2062531,,69.2062531,0.0,264.0,0.0,,
2025-11-06 00:33:57+00:00,2025-11-06 00:33:57,,,,,,,,,,41.0024986,8.86406231,1018.125,872.775024,12.125,1.0,,13.6,0.0,12.0,67.5562515,,67.5562515,0.0,264.0,0.0,,
2025-11-06 00:33:58+00:00,2025-11-06 00:33:58,,,,,,,,,,40.9837494,8.85312462,1018.34998,872.849976,12.125,1.0,,13.6,0.0,12.0,65.71875,,65.71875,0.0,264.075012,0.0,,
2025-11-06 00:33:59+00:00,2025-11-06 00:33:59,,,,,,,,,,40.9949989,8.85312462,1018.5,872.849976,12.125,1.0,,13.6,0.0,12.0,64.0687485,,64.0687485,0.0,264.0,0.0,,
2025-11-06 00:34:00+00:00,2025-11-06 00:34:00,40.0,39.0,40.0,40.0,40.0,16.03351556329243,206.0,BO_O2,"O2 규칙 적용: 8.9% (8.0% < O2 ≤ 9.0%) (2단계 롤백, 3~4단계에서 Hz 변화 없음)",41.0024986,8.83749962,1018.65002,872.849976,12.5375004,1.0,,13.6,0.0,12.0,62.7937508,38.0,62.7937508,0.0,264.0,0.0,,
2025-11-06 00:34:01+00:00,2025-11-06 00:34:01,,,,,,,,,,40.9762497,8.81718731,1018.72498,872.849976,12.5500002,1.0,,13.6,0.0,12.0,61.9500008,,61.9500008,0.0,264.0,0.0,,
2025-11-06 00:34:02+00:00,2025-11-06 00:34:02,,,,,,,,,,40.9537506,8.81718731,1018.875,872.924988,12.5500002,1.0,,13.6,0.0,12.0,61.2562485,,61.2562485,0.0,264.0,0.0,,
2025-11-06 00:34:03+00:00,2025-11-06 00:34:03,,,,,,,,,,40.9724998,8.80156231,1019.02502,873.0,12.5500002,1.0,,13.6,0.0,12.0,61.2374992,,61.2374992,0.0,264.0,0.0,,
2025-11-06 00:34:04+00:00,2025-11-06 00:34:04,,,,,,,,,,40.9462509,8.80156231,1019.09998,873.0,12.5500002,1.0,,13.6,0.0,12.61,61.2374992,,61.2374992,0.0,264.0,0.0,,
2025-11-06 00:34:05+00:00,2025-11-06 00:34:05,40.0,39.0,40.0,40.0,40.0,14.955649804223528,206.0,BO_O2,"O2 규칙 적용: 8.8% (8.0% < O2 ≤ 9.0%) (2단계 롤백, 3~4단계에서 Hz 변화 없음)",41.0137482,8.78750038,1019.17499,873.0,12.7875004,1.0,,13.6,0.0,12.61,61.2374992,,61.2374992,0.0,264.0,0.0,,
2025-11-06 00:34:06+00:00,2025-11-06 00:34:06,,,,,,,,,,40.9799995,8.77499962,1019.32501,873.0,13.0500002,1.0,,13.6,0.0,12.61,61.2374992,,61.2374992,0.0,264.0,0.0,,
2025-11-06 00:34:07+00:00,2025-11-06 00:34:07,,,,,,,,,,41.0062485,8.77499962,1019.32501,873.075012,13.0500002,1.0,,13.6,0.0,12.61,61.2374992,,61.2374992,0.0,264.075012,0.0,,
2025-11-06 00:34:08+00:00,2025-11-06 00:34:08,,,,,,,,,,40.9837494,8.76875019,1019.47498,873.150024,13.0500002,1.0,,13.6,0.0,12.61,61.2374992,,61.2374992,0.0,264.0,0.0,,
2025-11-06 00:34:09+00:00,2025-11-06 00:34:09,,,,,,,,,,40.9724998,8.76718712,1019.54999,873.150024,13.0500002,1.0,,13.6,0.0,12.61,61.2374992,,61.2374992,0.0,264.075012,0.0,,
2025-11-06 00:34:10+00:00,2025-11-06 00:34:10,40.0,40.0,40.0,40.0,40.0,15.627111246471388,100.0,BO_ONLY,"BO 모델 결과만 사용 (1단계 롤백, 2~4단계에서 Hz 변화 없음)",41.0024986,8.76718712,1019.54999,873.224976,13.7875004,1.0,,13.6,0.0,12.61,61.2374992,,61.2374992,0.0,264.0,0.0,,
2025-11-06 00:34:11+00:00,2025-11-06 00:34:11,,,,,,,,,,40.96875,8.77968788,1019.54999,873.224976,13.8125,1.0,,13.6,0.0,12.61,61.2374992,,61.2374992,0.0,264.0,0.0,,
2025-11-06 00:34:12+00:00,2025-11-06 00:34:12,,,,,,,,,,40.9575005,8.77968788,1019.625,873.224976,13.8125,1.0,,13.6,0.0,12.61,61.21875,,61.21875,0.0,264.0,0.0,,
2025-11-06 00:34:13+00:00,2025-11-06 00:34:13,,,,,,,,,,40.9425011,8.81093788,1019.625,873.299988,13.8125,1.0,,13.6,0.0,12.61,61.2374992,,61.2374992,0.0,264.0,0.0,,
2025-11-06 00:34:14+00:00,2025-11-06 00:34:14,,,,,,,,,,40.9874992,8.85468769,1019.625,873.299988,13.8125,1.0,,13.6,0.0,13.89,61.2374992,,61.2374992,0.0,264.075012,0.0,,
2025-11-06 00:34:15+00:00,2025-11-06 00:34:15,40.0,40.0,40.0,40.0,40.0,16.452283177597266,100.0,BO_ONLY,"BO 모델 결과만 사용 (1단계 롤백, 2~4단계에서 Hz 변화 없음)",40.9912491,8.85468769,1019.625,873.375,13.6875,1.0,,13.6,0.0,13.89,61.2374992,38.0,61.2374992,0.0,264.075012,0.0,,
2025-11-06 00:34:16+00:00,2025-11-06 00:34:16,,,,,,,,,,40.9575005,8.90937519,1019.625,873.375,13.5625,1.0,,13.6,0.0,13.89,61.2374992,,61.2374992,0.0,264.0,0.0,,
2025-11-06 00:34:17+00:00,2025-11-06 00:34:17,,,,,,,,,,41.0137482,8.96562481,1019.625,873.375,13.5625,1.0,,13.6,0.0,13.89,61.2374992,,61.2374992,0.0,264.0,0.0,,
2025-11-06 00:34:18+00:00,2025-11-06 00:34:18,,,,,,,,,,40.9874992,8.96562481,1019.54999,873.450012,13.5500002,1.0,,13.6,0.0,13.89,61.2374992,,61.2374992,0.0,264.075012,0.0,,
2025-11-06 00:34:19+00:00,2025-11-06 00:34:19,,,,,,,,,,40.9537506,9.0234375,1019.54999,873.450012,13.5500002,1.0,,13.6,0.0,13.89,61.2374992,,61.2374992,0.0,264.0,0.0,,
2025-11-06 00:34:20+00:00,2025-11-06 00:34:20,40.0,39.0,40.0,40.0,40.0,15.067538932494394,206.0,BO_O2,"O2 규칙 적용: 8.9% (8.0% < O2 ≤ 9.0%) (2단계 롤백, 3~4단계에서 Hz 변화 없음)",40.9650002,9.0234375,1019.54999,873.525024,14.3000002,1.0,,13.6,0.0,13.89,61.2374992,,61.2374992,0.0,264.0,0.0,,
2025-11-06 00:34:21+00:00,2025-11-06 00:34:21,,,,,,,,,,40.9874992,9.08749962,1019.54999,873.525024,14.3249998,1.0,,13.6,0.0,13.89,61.2374992,,61.2374992,0.0,264.0,0.0,,
2025-11-06 00:34:22+00:00,2025-11-06 00:34:22,,,,,,,,,,40.9874992,9.16093731,1019.40002,873.599976,14.3125,1.0,,13.6,0.0,13.89,61.2374992,,61.2374992,0.0,264.0,0.0,,
2025-11-06 00:34:23+00:00,2025-11-06 00:34:23,,,,,,,,,,40.9762497,9.16093731,1019.32501,873.599976,14.3249998,1.0,,13.6,0.0,13.89,61.2374992,,61.2374992,0.0,264.075012,0.0,,
2025-11-06 00:34:24+00:00,2025-11-06 00:34:24,,,,,,,,,,41.0062485,9.23593712,1019.32501,873.599976,14.3249998,1.0,,13.6,0.0,14.37,61.2374992,,61.2374992,0.0,264.0,0.0,,
2025-11-06 00:34:25+00:00,2025-11-06 00:34:25,39.0,39.0,39.0,39.0,39.0,15.861284251184063,100.0,BO_ONLY,"BO 모델 결과만 사용 (1단계 롤백, 2~4단계에서 Hz 변화 없음)",40.9724998,9.30781269,1019.25,873.599976,14.2749996,1.0,,13.6,0.0,14.37,61.2374992,,61.2374992,0.0,264.0,0.0,,
2025-11-06 00:34:26+00:00,2025-11-06 00:34:26,,,,,,,,,,40.9874992,9.30781269,1019.09998,873.674988,14.2375002,1.0,,13.6,0.0,14.37,61.2374992,,61.2374992,0.0,264.0,0.0,,
2025-11-06 00:34:27+00:00,2025-11-06 00:34:27,,,,,,,,,,40.9500008,9.38593769,1019.02502,873.674988,14.2375002,1.0,,13.6,0.0,14.37,61.2374992,,61.2374992,0.0,264.0,0.0,,
2025-11-06 00:34:28+00:00,2025-11-06 00:34:28,,,,,,,,,,40.4174995,9.38593769,1018.95001,873.75,14.2375002,1.0,,13.6,0.0,14.37,61.21875,,61.21875,0.0,264.0,0.0,,
2025-11-06 00:34:29+00:00,2025-11-06 00:34:29,,,,,,,,,,39.9225006,9.46562481,1018.875,873.75,14.2250004,1.0,,13.6,0.0,14.37,61.2374992,,61.2374992,0.0,264.0,0.0,,
2025-11-06 00:34:30+00:00,2025-11-06 00:34:30,39.0,38.0,39.0,39.0,39.0,15.66875980528962,207.0,BO_O2,"O2 규칙 적용: 9.4% (9.0% < O2 ≤ 10.0%) (2단계 롤백, 3~4단계에서 Hz 변화 없음)",39.9150009,9.54843712,1018.72498,873.825012,14.5,1.0,,13.6,0.0,14.37,60.8812485,38.70680375729881,60.8812485,0.0,264.075012,0.0,,
2025-11-06 00:34:31+00:00,2025-11-06 00:34:31,,,,,,,,,,39.9187508,9.54843712,1018.57501,873.825012,14.5,1.0,,13.6,0.0,14.37,60.8250008,,60.8250008,0.0,264.075012,0.0,,
2025-11-06 00:34:32+00:00,2025-11-06 00:34:32,,,,,,,,,,39.9150009,9.62968731,1018.42499,873.900024,14.5,1.0,,13.6,0.0,14.37,59.7750015,,59.7750015,0.0,264.0,0.0,,
2025-11-06 00:34:33+00:00,2025-11-06 00:34:33,,,,,,,,,,39.9187508,9.70937538,1018.34998,873.900024,14.5124998,1.0,,13.6,0.0,14.37,59.3250008,,59.3250008,0.0,264.0,0.0,,
2025-11-06 00:34:34+00:00,2025-11-06 00:34:34,,,,,,,,,,39.9187508,9.70937538,1018.20001,873.900024,14.5124998,1.0,,13.6,0.0,14.59,58.3312492,,58.3312492,0.0,264.0,0.0,,
2025-11-06 00:34:35+00:00,2025-11-06 00:34:35,39.0,39.0,39.0,39.0,39.0,15.635187427334635,100.0,BO_ONLY,"BO 모델 결과만 사용 (1단계 롤백, 2~4단계에서 Hz 변화 없음)",39.9262505,9.78750038,1018.125,873.900024,14.6499996,1.0,,13.6,0.0,14.59,58.2937508,,58.2937508,0.0,264.075012,0.0,,
2025-11-06 00:34:36+00:00,2025-11-06 00:34:36,,,,,,,,,,39.9187508,9.86406231,1017.90002,873.974976,14.8374996,1.0,,13.6,0.0,14.59,57.8812485,,57.8812485,0.0,263.924988,0.0,,
2025-11-06 00:34:37+00:00,2025-11-06 00:34:37,,,,,,,,,,39.9037514,9.86406231,1017.75,874.049988,14.8374996,1.0,,13.6,0.0,14.59,57.4874992,,57.4874992,0.0,263.924988,0.0,,
2025-11-06 00:34:38+00:00,2025-11-06 00:34:38,,,,,,,,,,39.9112511,9.94062519,1017.67499,874.049988,14.8374996,1.0,,13.6,0.0,14.59,57.4874992,,57.4874992,0.0,264.075012,0.0,,
2025-11-06 00:34:39+00:00,2025-11-06 00:34:39,,,,,,,,,,39.9150009,9.94062519,1017.52502,874.049988,14.8249998,1.0,,13.6,0.0,14.59,57.5062485,,57.5062485,0.0,264.0,0.0,,
2025-11-06 00:34:40+00:00,2025-11-06 00:34:40,39.0,39.0,39.0,39.0,39.0,14.236588944675669,100.0,BO_ONLY,"BO 모델 결과만 사용 (1단계 롤백, 2~4단계에서 Hz 변화 없음)",39.9225006,10.0187502,1017.29999,874.049988,14.5124998,1.0,,13.6,0.0,14.59,57.4874992,,57.4874992,0.0,264.0,0.0,,
2025-11-06 00:34:41+00:00,2025-11-06 00:34:41,,,,,,,,,,39.9150009,10.0843754,1017.15002,874.125,14.5,1.0,,13.6,0.0,14.59,57.4874992,,57.4874992,0.0,264.0,0.0,,
2025-11-06 00:34:42+00:00,2025-11-06 00:34:42,,,,,,,,,,39.9037514,10.0843754,1016.92499,874.125,14.5,1.0,,13.6,0.0,14.59,57.4874992,,57.4874992,0.0,264.075012,0.0,,
2025-11-06 00:34:43+00:00,2025-11-06 00:34:43,,,,,,,,,,39.9075012,10.1468754,1016.70001,874.125,14.5124998,1.0,,13.6,0.0,14.59,57.4874992,,57.4874992,0.0,264.0,0.0,,
2025-11-06 00:34:44+00:00,2025-11-06 00:34:44,,,,,,,,,,39.9150009,10.2062502,1016.54999,874.125,14.5,1.0,,13.6,0.0,14.62,57.4874992,,57.4874992,0.0,264.0,0.0,,
2025-11-06 00:34:45+00:00,2025-11-06 00:34:45,39.0,39.0,39.0,39.0,39.0,13.148536090883374,100.0,BO_ONLY,"BO 모델 결과만 사용 (1단계 롤백, 2~4단계에서 Hz 변화 없음)",39.9225006,10.2062502,1016.32501,874.200012,14.5375004,1.0,,13.6,0.0,14.62,57.4874992,38.70680375729881,57.4874992,0.0,264.0,0.0,,
2025-11-06 00:34:46+00:00,2025-11-06 00:34:46,,,,,,,,,,39.9112511,10.2640629,1016.17499,874.200012,14.5874996,1.0,,13.6,0.0,14.62,57.5062485,,57.5062485,0.0,264.075012,0.0,,
2025-11-06 00:34:47+00:00,2025-11-06 00:34:47,,,,,,,,,,39.8287506,10.2640629,1015.95001,874.275024,14.5874996,1.0,,13.6,0.0,14.62,57.4874992,,57.4874992,0.0,264.075012,0.0,,
2025-11-06 00:34:48+00:00,2025-11-06 00:34:48,,,,,,,,,,38.8912506,10.3109379,1015.72498,874.275024,14.5874996,1.0,,13.6,0.0,14.62,57.4874992,,57.4874992,0.0,265.350006,0.0,,
2025-11-06 00:34:49+00:00,2025-11-06 00:34:49,,,,,,,,,,38.8012505,10.3500004,1015.5,874.349976,14.5874996,1.0,,13.6,0.0,14.62,57.4874992,,57.4874992,0.0,265.424988,0.0,,
2025-11-06 00:34:50+00:00,2025-11-06 00:34:50,40.0,40.0,40.0,40.0,40.0,13.159006465236663,100.0,BO_ONLY,"BO 모델 결과만 사용 (1단계 롤백, 2~4단계에서 Hz 변화 없음)",38.7975006,10.3500004,1015.27502,874.275024,14.3249998,1.0,,13.6,0.0,14.62,57.4874992,,57.4874992,0.0,265.5,0.0,,
2025-11-06 00:34:51+00:00,2025-11-06 00:34:51,,,,,,,,,,38.7937508,10.3874998,1014.97498,874.275024,14.3125,1.0,,13.6,0.0,14.62,57.0750008,,57.0750008,0.0,265.5,0.0,,
2025-11-06 00:34:52+00:00,2025-11-06 00:34:52,,,,,,,,,,38.8012505,10.3874998,1014.82501,874.349976,14.3125,1.0,,13.6,0.0,14.62,56.4562492,,56.4562492,0.0,265.5,0.0,,
2025-11-06 00:34:53+00:00,2025-11-06 00:34:53,,,,,,,,,,38.8012505,10.4187498,1014.67499,874.349976,14.3249998,1.0,,13.6,0.0,14.62,55.2937508,,55.2937508,0.0,265.424988,0.0,,
2025-11-06 00:34:54+00:00,2025-11-06 00:34:54,,,,,,,,,,38.7937508,10.4546871,1014.375,874.424988,14.3125,1.0,,13.6,0.0,14.43,55.0499992,,55.0499992,0.0,267.0,0.0,,
2025-11-06 00:34:55+00:00,2025-11-06 00:34:55,38.0,40.0,40.0,38.0,38.0,11.999617311033504,304.0,BO_O2_RULE,"제어매트릭스 규칙 적용: NOX_LOW (3단계 롤백, 4단계에서 Hz 변화 없음)",38.8087502,10.4546871,1014.15002,874.424988,14.4375,1.0,,13.6,0.0,14.43,54.5625,,54.5625,0.0,267.0,0.0,,
2025-11-06 00:34:56+00:00,2025-11-06 00:34:56,,,,,,,,,,38.7937508,10.4890623,1013.92499,874.424988,14.5874996,1.0,,13.6,0.0,14.43,54.1687508,,54.1687508,0.0,267.0,0.0,,
2025-11-06 00:34:57+00:00,2025-11-06 00:34:57,,,,,,,,,,38.7975006,10.5218754,1013.70001,874.424988,14.5874996,1.0,,13.6,0.0,14.43,54.1687508,,54.1687508,0.0,266.924988,0.0,,
2025-11-06 00:34:58+00:00,2025-11-06 00:34:58,,,,,,,,,,38.7975006,10.5218754,1013.40002,874.424988,14.5874996,1.0,,13.6,0.0,14.43,53.8312492,,53.8312492,0.0,267.0,0.0,,
2025-11-06 00:34:59+00:00,2025-11-06 00:34:59,,,,,,,,,,38.8125,10.546875,1013.09998,874.5,14.5874996,1.0,,13.6,0.0,14.43,53.8312492,,53.8312492,0.0,267.0,0.0,,
2025-11-06 00:35:00+00:00,2025-11-06 00:35:00,40.0,40.0,40.0,40.0,40.0,13.298729453925406,100.0,BO_ONLY,"BO 모델 결과만 사용 (1단계 롤백, 2~4단계에서 Hz 변화 없음)",38.8050003,10.546875,1012.95001,874.424988,14.4250002,1.0,,13.6,0.0,14.43,53.8312492,38.0,53.8312492,0.0,267.0,0.0,,
2025-11-06 00:35:01+00:00,2025-11-06 00:35:01,,,,,,,,,,38.8125,10.5640621,1012.72498,874.5,14.4125004,1.0,,13.6,0.0,14.43,53.8125,,53.8125,0.0,266.924988,0.0,,
2025-11-06 00:35:02+00:00,2025-11-06 00:35:02,,,,,,,,,,38.8087502,10.578125,1012.42499,874.5,14.4125004,1.0,,13.6,0.0,14.43,53.8312492,,53.8312492,0.0,267.0,0.0,,
2025-11-06 00:35:03+00:00,2025-11-06 00:35:03,,,,,,,,,,38.7975006,10.578125,1012.27502,874.5,14.4250002,1.0,,13.6,0.0,14.43,53.8312492,,53.8312492,0.0,267.0,0.0,,
2025-11-06 00:35:04+00:00,2025-11-06 00:35:04,,,,,,,,,,38.8125,10.6031246,1011.97498,874.5,14.4125004,1.0,,13.6,0.0,14.48,53.8125,,53.8125,0.0,267.0,0.0,,
2025-11-06 00:35:05+00:00,2025-11-06 00:35:05,40.0,40.0,40.0,40.0,40.0,13.191650463934284,100.0,BO_ONLY,"BO 모델 결과만 사용 (1단계 롤백, 2~4단계에서 Hz 변화 없음)",38.7900009,10.625,1011.59998,874.5,14.4125004,1.0,,13.6,0.0,14.48,53.8125,,53.8125,0.0,266.924988,0.0,,
2025-11-06 00:35:06+00:00,2025-11-06 00:35:06,,,,,,,,,,38.7937508,10.625,1011.45001,874.5,14.4250002,1.0,,13.6,0.0,14.48,53.8312492,,53.8312492,0.0,266.924988,0.0,,
2025-11-06 00:35:07+00:00,2025-11-06 00:35:07,,,,,,,,,,38.8087502,10.6343746,1011.15002,874.575012,14.4250002,1.0,,13.6,0.0,14.48,53.8312492,,53.8312492,0.0,267.0,0.0,,
2025-11-06 00:35:08+00:00,2025-11-06 00:35:08,,,,,,,,,,38.8012505,10.6343746,1010.84998,874.5,14.4250002,1.0,,13.6,0.0,14.48,53.8125,,53.8125,0.0,267.0,0.0,,
2025-11-06 00:35:09+00:00,2025-11-06 00:35:09,,,,,,,,,,38.7975006,10.6453123,1010.625,874.5,14.4250002,1.0,,13.6,0.0,14.48,53.8125,,53.8125,0.0,267.0,0.0,,
2025-11-06 00:35:10+00:00,2025-11-06 00:35:10,40.0,40.0,40.0,40.0,40.0,13.343248768512849,100.0,BO_ONLY,"BO 모델 결과만 사용 (1단계 롤백, 2~4단계에서 Hz 변화 없음)",38.8199997,10.65625,1010.25,874.5,14.2375002,1.0,,13.6,0.0,14.48,53.8125,,53.8125,0.0,265.5,0.0,,
2025-11-06 00:35:11+00:00,2025-11-06 00:35:11,,,,,,,,,,38.8087502,10.65625,1010.02502,874.5,14.2375002,1.0,,13.6,0.0,14.48,53.8312492,,53.8312492,0.0,265.5,0.0,,
2025-11-06 00:35:12+00:00,2025-11-06 00:35:12,,,,,,,,,,38.8012505,10.6765623,1009.65002,874.5,14.2375002,1.0,,13.6,0.0,14.48,53.8312492,,53.8312492,0.0,265.5,0.0,,
2025-11-06 00:35:13+00:00,2025-11-06 00:35:13,,,,,,,,,,38.7975006,10.703125,1009.27502,874.5,14.2375002,1.0,,13.6,0.0,14.48,53.8125,,53.8125,0.0,265.5,0.0,,
2025-11-06 00:35:14+00:00,2025-11-06 00:35:14,,,,,,,,,,38.8050003,10.703125,1009.04999,874.5,14.2250004,1.0,,13.6,0.0,14.32,53.8125,,53.8125,0.0,265.424988,0.0,,
2025-11-06 00:35:15+00:00,2025-11-06 00:35:15,38.0,40.0,40.0,38.0,38.0,11.994808378724974,304.0,BO_O2_RULE,"제어매트릭스 규칙 적용: NOX_LOW (3단계 롤백, 4단계에서 Hz 변화 없음)",38.8087502,10.7312498,1008.67499,874.5,14.1875,1.0,,13.6,0.0,14.32,53.8312492,38.0,53.8312492,0.0,265.5,0.0,,
2025-11-06 00:35:16+00:00,2025-11-06 00:35:16,,,,,,,,,,38.8012505,10.7624998,1008.45001,874.5,14.1499996,1.0,,13.6,0.0,14.32,53.8125,,53.8125,0.0,265.424988,0.0,,
2025-11-06 00:35:17+00:00,2025-11-06 00:35:17,,,,,,,,,,38.8162498,10.7624998,1008.15002,874.424988,14.1499996,1.0,,13.6,0.0,14.32,53.8125,,53.8125,0.0,265.5,0.0,,
2025-11-06 00:35:18+00:00,2025-11-06 00:35:18,,,,,,,,,,38.8087502,10.8015623,1007.84998,874.5,14.1499996,1.0,,13.6,0.0,14.32,53.8125,,53.8125,0.0,265.424988,0.0,,
2025-11-06 00:35:19+00:00,2025-11-06 00:35:19,,,,,,,,,,38.7937508,10.8015623,1007.47498,874.424988,14.1499996,1.0,,13.6,0.0,14.32,53.8125,,53.8125,0.0,265.5,0.0,,
2025-11-06 00:35:20+00:00,2025-11-06 00:35:20,38.0,39.0,39.0,38.0,38.0,11.891689967125425,304.0,BO_O2_RULE,"제어매트릭스 규칙 적용: NOX_LOW (3단계 롤백, 4단계에서 Hz 변화 없음)",38.8087502,10.8515625,1007.25,874.424988,13.8125,1.0,,13.6,0.0,14.32,53.8312492,,53.8312492,0.0,265.5,0.0,,
2025-11-06 00:35:21+00:00,2025-11-06 00:35:21,,,,,,,,,,38.8012505,10.8968754,1007.02502,874.424988,13.8125,1.0,,13.6,0.0,14.32,53.8125,,53.8125,0.0,265.424988,0.0,,
2025-11-06 00:35:22+00:00,2025-11-06 00:35:22,,,,,,,,,,38.8050003,10.8968754,1006.79999,874.424988,13.8125,1.0,,13.6,0.0,14.32,53.8125,,53.8125,0.0,265.5,0.0,,
2025-11-06 00:35:23+00:00,2025-11-06 00:35:23,,,,,,,,,,38.8162498,10.9437504,1006.65002,874.424988,13.8125,1.0,,13.6,0.0,14.32,53.8125,,53.8125,0.0,265.5,0.0,,
2025-11-06 00:35:24+00:00,2025-11-06 00:35:24,,,,,,,,,,38.7937508,10.9437504,1006.42499,874.424988,13.8125,1.0,,13.6,0.0,13.92,53.8312492,,53.8312492,0.0,264.149994,0.0,,
2025-11-06 00:35:25+00:00,2025-11-06 00:35:25,38.0,39.0,39.0,38.0,38.0,11.465277891732036,304.0,BO_O2_RULE,"제어매트릭스 규칙 적용: NOX_LOW (3단계 롤백, 4단계에서 Hz 변화 없음)",38.8050003,10.9796877,1006.27502,874.349976,13.7624998,1.0,,13.6,0.0,13.92,53.8125,,53.8125,0.0,264.0,0.0,,
2025-11-06 00:35:26+00:00,2025-11-06 00:35:26,,,,,,,,,,38.7937508,11.015625,1006.125,874.349976,13.7250004,1.0,,13.6,0.0,13.92,53.8125,,53.8125,0.0,264.0,0.0,,
2025-11-06 00:35:27+00:00,2025-11-06 00:35:27,,,,,,,,,,38.8050003,11.015625,1005.90002,874.349976,13.7250004,1.0,,13.6,0.0,13.92,53.8312492,,53.8312492,0.0,264.0,0.0,,
2025-11-06 00:35:28+00:00,2025-11-06 00:35:28,,,,,,,,,,38.7937508,11.0531254,1005.82501,874.275024,13.7250004,1.0,,13.6,0.0,13.92,53.8125,,53.8125,0.0,264.075012,0.0,,
2025-11-06 00:35:29+00:00,2025-11-06 00:35:29,,,,,,,,,,38.7975006,11.0890627,1005.59998,874.275024,13.7250004,1.0,,13.6,0.0,13.92,53.8125,,53.8125,0.0,264.0,0.0,,
2025-11-06 00:35:30+00:00,2025-11-06 00:35:30,38.0,39.0,39.0,38.0,38.0,11.101855155254626,304.0,BO_O2_RULE,"제어매트릭스 규칙 적용: NOX_LOW (3단계 롤백, 4단계에서 Hz 변화 없음)",38.7900009,11.0890627,1005.52502,874.275024,13.3874998,1.0,,13.6,0.0,13.92,53.8125,38.0,53.8125,0.0,265.350006,0.0,,
2025-11-06 00:35:31+00:00,2025-11-06 00:35:31,,,,,,,,,,38.7937508,11.1125002,1005.375,874.275024,13.3874998,1.0,,13.6,0.0,13.92,53.8125,,53.8125,0.0,265.5,0.0,,
2025-11-06 00:35:32+00:00,2025-11-06 00:35:32,,,,,,,,,,38.8012505,11.1156254,1005.22498,874.275024,13.3874998,1.0,,13.6,0.0,13.92,53.8312492,,53.8312492,0.0,265.5,0.0,,
2025-11-06 00:35:33+00:00,2025-11-06 00:35:33,,,,,,,,,,38.8012505,11.1156254,1005.07501,874.200012,13.3874998,1.0,,13.6,0.0,13.92,53.8125,,53.8125,0.0,265.5,0.0,,
2025-11-06 00:35:34+00:00,2025-11-06 00:35:34,,,,,,,,,,38.8050003,11.0843754,1005.0,874.200012,13.3874998,1.0,,13.6,0.0,13.52,53.8125,,53.8125,0.0,263.924988,0.0,,
2025-11-06 00:35:35+00:00,2025-11-06 00:35:35,38.0,39.0,39.0,38.0,38.0,10.86924314373774,304.0,BO_O2_RULE,"제어매트릭스 규칙 적용: NOX_LOW (3단계 롤백, 4단계에서 Hz 변화 없음)",38.8050003,11.0843754,1004.84998,874.200012,13.125,1.0,,13.6,0.0,13.52,53.8312492,,53.8312492,0.0,264.0,0.0,,
2025-11-06 00:35:36+00:00,2025-11-06 00:35:36,,,,,,,,,,38.8012505,11.0187502,1004.70001,874.125,12.8874998,1.0,,13.6,0.0,13.52,53.8312492,,53.8312492,0.0,264.0,0.0,,
2025-11-06 00:35:37+00:00,2025-11-06 00:35:37,,,,,,,,,,38.7900009,10.9265623,1004.54999,874.125,12.875,1.0,,13.6,0.0,13.52,53.8125,,53.8125,0.0,264.075012,0.0,,
2025-11-06 00:35:38+00:00,2025-11-06 00:35:38,,,,,,,,,,38.8012505,10.9265623,1004.47498,874.049988,12.8874998,1.0,,13.6,0.0,13.52,53.8125,,53.8125,0.0,264.0,0.0,,
2025-11-06 00:35:39+00:00,2025-11-06 00:35:39,,,,,,,,,,38.8050003,10.8109379,1004.32501,874.049988,12.8874998,1.0,,13.6,0.0,13.52,53.8125,,53.8125,0.0,264.0,0.0,,
2025-11-06 00:35:40+00:00,2025-11-06 00:35:40,38.0,39.0,39.0,38.0,38.0,9.87570032482812,304.0,BO_O2_RULE,"제어매트릭스 규칙 적용: NOX_LOW (3단계 롤백, 4단계에서 Hz 변화 없음)",38.8087502,10.6859379,1004.17499,873.974976,12.4750004,1.0,,13.6,0.0,13.52,53.8125,,53.8125,0.0,264.075012,0.0,,
2025-11-06 00:35:41+00:00,2025-11-06 00:35:41,,,,,,,,,,38.7937508,10.6859379,1004.02502,873.974976,12.4624996,1.0,,13.6,0.0,13.52,53.8125,,53.8125,0.0,264.0,0.0,,
2025-11-06 00:35:42+00:00,2025-11-06 00:35:42,,,,,,,,,,38.8012505,10.5593748,1003.875,873.974976,12.4624996,1.0,,13.6,0.0,13.52,53.8125,,53.8125,0.0,264.0,0.0,,
2025-11-06 00:35:43+00:00,2025-11-06 00:35:43,,,,,,,,,,38.8050003,10.5593748,1003.72498,873.974976,12.4624996,1.0,,13.6,0.0,13.52,53.8125,,53.8125,0.0,264.0,0.0,,
2025-11-06 00:35:44+00:00,2025-11-06 00:35:44,,,,,,,,,,38.8012505,10.4437504,1003.65002,873.900024,12.4624996,1.0,,13.6,0.0,12.54,53.8312492,,53.8312492,0.0,264.0,0.0,,
2025-11-06 00:35:45+00:00,2025-11-06 00:35:45,38.0,39.0,39.0,38.0,38.0,9.088267526154342,304.0,BO_O2_RULE,"제어매트릭스 규칙 적용: NOX_LOW (3단계 롤백, 4단계에서 Hz 변화 없음)",38.8012505,10.3453121,1003.42499,873.900024,12.4250002,1.0,,13.6,0.0,12.54,53.8312492,38.0,53.8312492,0.0,264.0,0.0,,
2025-11-06 00:35:46+00:00,2025-11-06 00:35:46,,,,,,,,,,38.8125,10.3453121,1003.27502,873.900024,12.3874998,1.0,,13.6,0.0,12.54,53.8125,,53.8125,0.0,263.924988,0.0,,
2025-11-06 00:35:47+00:00,2025-11-06 00:35:47,,,,,,,,,,38.8162498,10.2609377,1003.04999,873.825012,12.375,1.0,,13.6,0.0,12.54,53.8125,,53.8125,0.0,264.0,0.0,,
2025-11-06 00:35:48+00:00,2025-11-06 00:35:48,,,,,,,,,,38.8087502,10.1906252,1002.97498,873.825012,12.3874998,1.0,,13.6,0.0,12.54,53.8312492,,53.8312492,0.0,264.0,0.0,,
2025-11-06 00:35:49+00:00,2025-11-06 00:35:49,,,,,,,,,,38.8125,10.1906252,1002.67499,873.75,12.3874998,1.0,,13.6,0.0,12.54,53.8125,,53.8125,0.0,264.0,0.0,,
2025-11-06 00:35:50+00:00,2025-11-06 00:35:50,38.0,39.0,39.0,38.0,38.0,9.155396879611198,304.0,BO_O2_RULE,"제어매트릭스 규칙 적용: NOX_LOW (3단계 롤백, 4단계에서 Hz 변화 없음)",38.8125,10.1281252,1002.52502,873.75,11.8000002,1.0,,13.6,0.0,12.54,53.8125,,53.8125,0.0,264.0,0.0,,
2025-11-06 00:35:51+00:00,2025-11-06 00:35:51,,,,,,,,,,38.7975006,10.1281252,1002.29999,873.674988,11.7875004,1.0,,13.6,0.0,12.54,53.8312492,,53.8312492,0.0,264.0,0.0,,
2025-11-06 00:35:52+00:00,2025-11-06 00:35:52,,,,,,,,,,38.8125,10.078125,1002.15002,873.674988,11.8000002,1.0,,13.6,0.0,12.54,53.8125,,53.8125,0.0,264.0,0.0,,
2025-11-06 00:35:53+00:00,2025-11-06 00:35:53,,,,,,,,,,38.8050003,10.0437498,1001.84998,873.599976,11.7875004,1.0,,13.6,0.0,12.54,53.8125,,53.8125,0.0,264.0,0.0,,
2025-11-06 00:35:54+00:00,2025-11-06 00:35:54,,,,,,,,,,38.8087502,10.0437498,1001.625,873.599976,11.7875004,1.0,,13.6,0.0,11.89,53.8125,,53.8125,0.0,263.924988,0.0,,
2025-11-06 00:35:55+00:00,2025-11-06 00:35:55,38.0,39.0,39.0,38.0,38.0,8.643177633638096,304.0,BO_O2_RULE,"제어매트릭스 규칙 적용: NOX_LOW (3단계 롤백, 4단계에서 Hz 변화 없음)",38.7937508,10.03125,1001.32501,873.599976,11.6625004,1.0,,13.6,0.0,11.89,53.8125,,53.8125,0.0,264.075012,0.0,,
2025-11-06 00:35:56+00:00,2025-11-06 00:35:56,,,,,,,,,,38.8125,10.0281248,1001.09998,873.525024,11.5375004,1.0,,13.6,0.0,11.89,53.8312492,,53.8312492,0.0,264.0,0.0,,
2025-11-06 00:35:57+00:00,2025-11-06 00:35:57,,,,,,,,,,38.7937508,10.0281248,1000.79999,873.525024,11.5375004,1.0,,13.6,0.0,11.89,53.8312492,,53.8312492,0.0,264.075012,0.0,,
2025-11-06 00:35:58+00:00,2025-11-06 00:35:58,,,,,,,,,,38.7937508,10.0328121,1000.57501,873.450012,11.5500002,1.0,,13.6,0.0,11.89,53.8125,,53.8125,0.0,264.0,0.0,,
2025-11-06 00:35:59+00:00,2025-11-06 00:35:59,,,,,,,,,,38.7975006,10.0328121,1000.20001,873.450012,11.5375004,1.0,,13.6,0.0,11.89,53.8125,,53.8125,0.0,264.0,0.0,,
2025-11-06 00:36:00+00:00,2025-11-06 00:36:00,38.0,39.0,39.0,38.0,38.0,8.354986728142535,304.0,BO_O2_RULE,"제어매트릭스 규칙 적용: NOX_LOW (3단계 롤백, 4단계에서 Hz 변화 없음)",38.7975006,10.0453129,999.974976,873.375,11.0375004,1.0,,13.6,0.0,11.89,53.8125,38.0,53.8125,0.0,264.0,0.0,,
2025-11-06 00:36:01+00:00,2025-11-06 00:36:01,,,,,,,,,,38.8012505,10.0749998,999.674988,873.375,11.0249996,1.0,,13.6,0.0,11.89,53.8125,,53.8125,0.0,264.0,0.0,,
2025-11-06 00:36:02+00:00,2025-11-06 00:36:02,,,,,,,,,,38.8012505,10.0749998,999.450012,873.299988,11.0375004,1.0,,13.6,0.0,11.89,53.8125,,53.8125,0.0,264.0,0.0,,
2025-11-06 00:36:03+00:00,2025-11-06 00:36:03,,,,,,,,,,38.7975006,10.1109371,999.075012,873.299988,11.0249996,1.0,,13.6,0.0,11.89,53.8125,,53.8125,0.0,264.0,0.0,,
2025-11-06 00:36:04+00:00,2025-11-06 00:36:04,,,,,,,,,,38.8087502,10.1578121,998.849976,873.224976,11.0249996,1.0,,13.6,0.0,11.16,53.8312492,,53.8312492,0.0,264.0,0.0,,
2025-11-06 00:36:05+00:00,2025-11-06 00:36:05,38.0,39.0,39.0,38.0,38.0,7.585192625198484,304.0,BO_O2_RULE,"제어매트릭스 규칙 적용: NOX_LOW (3단계 롤백, 4단계에서 Hz 변화 없음)",38.7937508,10.1578121,998.474976,873.224976,10.8625002,1.0,,13.6,0.0,11.16,53.8312492,,53.8312492,0.0,264.0,0.0,,
2025-11-06 00:36:06+00:00,2025-11-06 00:36:06,,,,,,,,,,38.8125,10.2140627,998.25,873.150024,10.6999998,1.0,,13.6,0.0,11.16,53.8125,,53.8125,0.0,264.0,0.0,,
2025-11-06 00:36:07+00:00,2025-11-06 00:36:07,,,,,,,,,,38.8050003,10.2140627,997.950012,873.075012,10.6875,1.0,,13.6,0.0,11.16,53.8125,,53.8125,0.0,264.0,0.0,,
2025-11-06 00:36:08+00:00,2025-11-06 00:36:08,,,,,,,,,,38.8162498,10.2718754,997.724976,873.075012,10.6999998,1.0,,13.6,0.0,11.16,53.8312492,,53.8312492,0.0,264.075012,0.0,,
2025-11-06 00:36:09+00:00,2025-11-06 00:36:09,,,,,,,,,,38.8050003,10.3406248,997.424988,873.0,10.6999998,1.0,,13.6,0.0,11.16,53.8125,,53.8125,0.0,264.0,0.0,,
2025-11-06 00:36:10+00:00,2025-11-06 00:36:10,38.0,39.0,39.0,38.0,38.0,7.517825132965415,304.0,BO_O2_RULE,"제어매트릭스 규칙 적용: NOX_LOW (3단계 롤백, 4단계에서 Hz 변화 없음)",38.7937508,10.3406248,997.200012,873.0,10.0375004,1.0,,13.6,0.0,11.16,53.8125,,53.8125,0.0,264.0,0.0,,
2025-11-06 00:36:11+00:00,2025-11-06 00:36:11,,,,,,,,,,38.7937508,10.4187498,996.900024,873.0,10.0124998,1.0,,13.6,0.0,11.16,53.8125,,53.8125,0.0,265.424988,0.0,,
2025-11-06 00:36:12+00:00,2025-11-06 00:36:12,,,,,,,,,,38.8087502,10.5,996.75,872.924988,10.0124998,1.0,,13.6,0.0,11.16,53.8125,,53.8125,0.0,265.424988,0.0,,
2025-11-06 00:36:13+00:00,2025-11-06 00:36:13,,,,,,,,,,38.7975006,10.5,996.450012,872.849976,10.0124998,1.0,,13.6,0.0,11.16,53.8125,,53.8125,0.0,265.5,0.0,,
2025-11-06 00:36:14+00:00,2025-11-06 00:36:14,,,,,,,,,,38.8050003,10.5687504,996.299988,872.849976,10.0124998,1.0,,13.6,0.0,10.09,53.8125,,53.8125,0.0,265.5,0.0,,
2025-11-06 00:36:15+00:00,2025-11-06 00:36:15,38.0,39.0,39.0,38.0,38.0,6.690200264214434,304.0,BO_O2_RULE,"제어매트릭스 규칙 적용: NOX_LOW (3단계 롤백, 4단계에서 Hz 변화 없음)",38.8125,10.5687504,996.075012,872.775024,10.0249996,1.0,,13.6,0.0,10.09,53.8125,38.0,53.8125,0.0,265.424988,0.0,,
2025-11-06 00:36:16+00:00,2025-11-06 00:36:16,,,,,,,,,,38.7975006,10.6281252,995.849976,872.700012,10.0124998,1.0,,13.6,0.0,10.09,53.8312492,,53.8312492,0.0,265.5,0.0,,
2025-11-06 00:36:17+00:00,2025-11-06 00:36:17,,,,,,,,,,38.7975006,10.6734371,995.700012,872.700012,10.0124998,1.0,,13.6,0.0,10.09,53.8312492,,53.8312492,0.0,265.5,0.0,,
2025-11-06 00:36:18+00:00,2025-11-06 00:36:18,,,,,,,,,,38.8125,10.6734371,995.549988,872.625,10.0249996,1.0,,13.6,0.0,10.09,53.8312492,,53.8312492,0.0,265.5,0.0,,
2025-11-06 00:36:19+00:00,2025-11-06 00:36:19,,,,,,,,,,38.7975006,10.7124996,995.325012,872.549988,10.0124998,1.0,,13.6,0.0,10.09,53.8125,,53.8125,0.0,265.424988,0.0,,
2025-11-06 00:36:20+00:00,2025-11-06 00:36:20,38.0,39.0,39.0,38.0,38.0,6.701010829101496,304.0,BO_O2_RULE,"제어매트릭스 규칙 적용: NOX_LOW (3단계 롤백, 4단계에서 Hz 변화 없음)",38.8125,10.7312498,995.25,872.625,9.60000038,1.0,,13.6,0.0,10.09,53.8125,,53.8125,0.0,265.5,0.0,,
2025-11-06 00:36:21+00:00,2025-11-06 00:36:21,,,,,,,,,,38.8087502,10.7312498,995.025024,872.549988,9.60000038,1.0,,13.6,0.0,10.09,53.8312492,,53.8312492,0.0,265.5,0.0,,
2025-11-06 00:36:22+00:00,2025-11-06 00:36:22,,,,,,,,,,38.8424988,10.7265625,994.950012,872.474976,9.60000038,1.0,,13.6,0.0,10.09,53.8125,,53.8125,0.0,265.424988,0.0,,
2025-11-06 00:36:23+00:00,2025-11-06 00:36:23,,,,,,,,,,38.7937508,10.7265625,994.799988,872.400024,9.60000038,1.0,,13.6,0.0,10.09,53.8125,,53.8125,0.0,265.424988,0.0,,
2025-11-06 00:36:24+00:00,2025-11-06 00:36:24,,,,,,,,,,38.8087502,10.6937504,994.724976,872.400024,9.60000038,1.0,,13.6,0.0,10.09,53.8312492,,53.8312492,0.0,265.5,0.0,,
2025-11-06 00:36:25+00:00,2025-11-06 00:36:25,38.0,39.0,39.0,38.0,38.0,6.495986790129495,304.0,BO_O2_RULE,"제어매트릭스 규칙 적용: NOX_LOW (3단계 롤백, 4단계에서 Hz 변화 없음)",38.8050003,10.6421871,994.650024,872.325012,9.55000019,1.0,,13.6,0.0,9.69,53.8312492,,53.8312492,0.0,265.5,0.0,,
2025-11-06 00:36:26+00:00,2025-11-06 00:36:26,,,,,,,,,,38.8012505,10.6421871,994.575012,872.325012,9.51249981,1.0,,13.6,0.0,9.69,53.8125,,53.8125,0.0,265.5,0.0,,
2025-11-06 00:36:27+00:00,2025-11-06 00:36:27,,,,,,,,,,38.8162498,10.5703125,994.575012,872.25,9.51249981,1.0,,13.6,0.0,9.69,53.8125,,53.8125,0.0,265.424988,0.0,,
2025-11-06 00:36:28+00:00,2025-11-06 00:36:28,,,,,,,,,,38.8050003,10.5703125,994.5,872.174988,9.51249981,1.0,,13.6,0.0,9.69,53.8312492,,53.8312492,0.0,265.5,0.0,,
2025-11-06 00:36:29+00:00,2025-11-06 00:36:29,,,,,,,,,,38.7937508,10.4875002,994.5,872.174988,9.51249981,1.0,,13.6,0.0,9.69,53.8125,,53.8125,0.0,265.5,0.0,,
2025-11-06 00:36:30+00:00,2025-11-06 00:36:30,38.0,39.0,39.0,38.0,38.0,7.766420907112537,304.0,BO_O2_RULE,"제어매트릭스 규칙 적용: NOX_LOW (3단계 롤백, 4단계에서 Hz 변화 없음)",38.8050003,10.3859377,994.5,872.099976,9.76249981,1.0,,13.6,0.0,9.69,53.8125,38.0,53.8125,0.0,265.5,0.0,,
2025-11-06 00:36:31+00:00,2025-11-06 00:36:31,,,,,,,,,,38.8162498,10.3859377,994.5,872.099976,9.76249981,1.0,,13.6,0.0,9.69,53.8125,,53.8125,0.0,265.424988,0.0,,
2025-11-06 00:36:32+00:00,2025-11-06 00:36:32,,,,,,,,,,38.8050003,10.2734375,994.575012,872.025024,9.76249981,1.0,,13.6,0.0,9.69,53.8312492,,53.8312492,0.0,265.5,0.0,,
2025-11-06 00:36:33+00:00,2025-11-06 00:36:33,,,,,,,,,,38.8050003,10.15625,994.575012,872.025024,9.76249981,1.0,,13.6,0.0,9.69,53.8125,,53.8125,0.0,265.5,0.0,,
2025-11-06 00:36:34+00:00,2025-11-06 00:36:34,,,,,,,,,,38.8050003,10.15625,994.575012,871.950012,9.76249981,1.0,,13.6,0.0,9.69,53.8312492,,53.8312492,0.0,265.5,0.0,,
2025-11-06 00:36:35+00:00,2025-11-06 00:36:35,38.0,39.0,39.0,38.0,38.0,9.667435160576677,304.0,BO_O2_RULE,"제어매트릭스 규칙 적용: NOX_LOW (3단계 롤백, 4단계에서 Hz 변화 없음)",38.7975006,10.0421877,994.724976,871.875,9.73750019,1.0,,13.6,0.0,9.82,53.8125,,53.8125,0.0,265.424988,0.0,,
2025-11-06 00:36:36+00:00,2025-11-06 00:36:36,,,,,,,,,,38.8050003,9.93437481,994.724976,871.875,9.67500019,1.0,,13.6,0.0,9.82,53.8312492,,53.8312492,0.0,265.5,0.0,,
2025-11-06 00:36:37+00:00,2025-11-06 00:36:37,,,,,,,,,,38.7937508,9.93437481,994.875,871.799988,9.67500019,1.0,,13.6,0.0,9.82,53.8312492,,53.8312492,0.0,265.5,0.0,,
2025-11-06 00:36:38+00:00,2025-11-06 00:36:38,,,,,,,,,,38.8087502,9.82656288,994.950012,871.799988,9.67500019,1.0,,13.6,0.0,9.82,53.8125,,53.8125,0.0,265.5,0.0,,
2025-11-06 00:36:39+00:00,2025-11-06 00:36:39,,,,,,,,,,38.8050003,9.82656288,995.099976,871.799988,9.67500019,1.0,,13.6,0.0,9.82,53.8125,,53.8125,0.0,265.424988,0.0,,
2025-11-06 00:36:40+00:00,2025-11-06 00:36:40,38.0,40.0,40.0,38.0,38.0,10.594084973051583,304.0,BO_O2_RULE,"제어매트릭스 규칙 적용: NOX_LOW (3단계 롤백, 4단계에서 Hz 변화 없음)",38.8125,9.69999981,995.25,871.724976,9.35000038,1.0,,13.6,0.0,9.82,53.8312492,,53.8312492,0.0,265.424988,0.0,,
2025-11-06 00:36:41+00:00,2025-11-06 00:36:41,,,,,,,,,,38.7975006,9.56718731,995.474976,871.724976,9.35000038,1.0,,13.6,0.0,9.82,53.8312492,,53.8312492,0.0,265.5,0.0,,
2025-11-06 00:36:42+00:00,2025-11-06 00:36:42,,,,,,,,,,38.8199997,9.56718731,995.625,871.650024,9.33749962,1.0,,13.6,0.0,9.82,53.8312492,,53.8312492,0.0,265.5,0.0,,
2025-11-06 00:36:43+00:00,2025-11-06 00:36:43,,,,,,,,,,38.8012505,9.44375038,995.849976,871.650024,9.33749962,1.0,,13.6,0.0,9.82,53.8125,,53.8125,0.0,265.5,0.0,,
2025-11-06 00:36:44+00:00,2025-11-06 00:36:44,,,,,,,,,,38.8087502,9.33437538,996.0,871.575012,9.35000038,1.0,,13.6,0.0,9.82,53.8125,,53.8125,0.0,265.424988,0.0,,
2025-11-06 00:36:45+00:00,2025-11-06 00:36:45,38.0,40.0,40.0,38.0,38.0,9.549555858050047,304.0,BO_O2_RULE,"제어매트릭스 규칙 적용: NOX_LOW (3단계 롤백, 4단계에서 Hz 변화 없음)",38.8012505,9.33437538,996.150024,871.575012,9.35000038,1.0,,13.6,0.0,9.44,53.8125,38.0,53.8125,0.0,265.5,0.0,,
2025-11-06 00:36:46+00:00,2025-11-06 00:36:46,,,,,,,,,,38.8050003,9.22812462,996.450012,871.5,9.35000038,1.0,,13.6,0.0,9.44,53.8125,,53.8125,0.0,265.5,0.0,,
2025-11-06 00:36:47+00:00,2025-11-06 00:36:47,,,,,,,,,,38.8050003,9.22812462,996.75,871.5,9.35000038,1.0,,13.6,0.0,9.44,53.8125,,53.8125,0.0,265.424988,0.0,,
2025-11-06 00:36:48+00:00,2025-11-06 00:36:48,,,,,,,,,,38.8012505,9.12656212,996.900024,871.424988,9.35000038,1.0,,13.6,0.0,9.44,53.8125,,53.8125,0.0,265.424988,0.0,,
2025-11-06 00:36:49+00:00,2025-11-06 00:36:49,,,,,,,,,,38.8012505,9.02031231,997.275024,871.424988,9.35000038,1.0,,13.6,0.0,9.44,53.8312492,,53.8312492,0.0,265.5,0.0,,
2025-11-06 00:36:50+00:00,2025-11-06 00:36:50,38.0,43.0,42.0,38.0,38.0,8.628606168682243,304.0,BO_O2_RULE,"제어매트릭스 규칙 적용: NOX_LOW (3단계 롤백, 4단계에서 Hz 변화 없음)",38.8050003,9.02031231,997.424988,871.424988,9.10000038,1.0,,13.6,0.0,9.44,53.8312492,,53.8312492,0.0,265.5,0.0,,
2025-11-06 00:36:51+00:00,2025-11-06 00:36:51,,,,,,,,,,38.8087502,8.9140625,997.799988,871.349976,9.10000038,1.0,,13.6,0.0,9.44,53.8125,,53.8125,0.0,265.424988,0.0,,
2025-11-06 00:36:52+00:00,2025-11-06 00:36:52,,,,,,,,,,38.8012505,8.81093788,998.025024,871.349976,9.08749962,1.0,,13.6,0.0,9.44,53.8312492,,53.8312492,0.0,265.5,0.0,,
2025-11-06 00:36:53+00:00,2025-11-06 00:36:53,,,,,,,,,,38.7937508,8.81093788,998.474976,871.349976,9.10000038,1.0,,13.6,0.0,9.44,53.8312492,,53.8312492,0.0,264.075012,0.0,,
2025-11-06 00:36:54+00:00,2025-11-06 00:36:54,,,,,,,,,,38.8050003,8.69999981,998.700012,871.275024,9.10000038,1.0,,13.6,0.0,9.44,53.8125,,53.8125,0.0,264.075012,0.0,,
2025-11-06 00:36:55+00:00,2025-11-06 00:36:55,38.0,43.0,43.0,38.0,38.0,8.056944443459484,304.0,BO_O2_RULE,"제어매트릭스 규칙 적용: NOX_LOW (3단계 롤백, 4단계에서 Hz 변화 없음)",38.7937508,8.69999981,999.150024,871.200012,9.25,1.0,,13.6,0.0,9.19,53.8125,,53.8125,0.0,264.0,0.0,,
2025-11-06 00:36:56+00:00,2025-11-06 00:36:56,,,,,,,,,,38.7975006,8.59531212,999.375,871.200012,9.35000038,1.0,,13.6,0.0,9.19,53.8125,,53.8125,0.0,264.0,0.0,,
2025-11-06 00:36:57+00:00,2025-11-06 00:36:57,,,,,,,,,,38.8050003,8.49062538,999.825012,871.200012,9.35000038,1.0,,13.6,0.0,9.19,53.8312492,,53.8312492,0.0,264.075012,0.0,,
2025-11-06 00:36:58+00:00,2025-11-06 00:36:58,,,,,,,,,,38.7900009,8.49062538,1000.20001,871.200012,9.35000038,1.0,,13.6,0.0,9.19,53.8125,,53.8125,0.0,264.0,0.0,,
2025-11-06 00:36:59+00:00,2025-11-06 00:36:59,,,,,,,,,,38.8012505,8.39218712,1000.57501,871.200012,9.33749962,1.0,,13.6,0.0,9.19,53.8125,,53.8125,0.0,264.0,0.0,,
2025-11-06 00:37:00+00:00,2025-11-06 00:37:00,38.0,43.0,43.0,38.0,38.0,10.262719099356097,304.0,BO_O2_RULE,"제어매트릭스 규칙 적용: NOX_LOW (3단계 롤백, 4단계에서 Hz 변화 없음)",38.7975006,8.3203125,1000.95001,871.200012,9.26249981,1.0,,13.6,0.0,9.19,53.8312492,38.0,53.8312492,0.0,264.0,0.0,,
2025-11-06 00:37:01+00:00,2025-11-06 00:37:01,,,,,,,,,,38.8050003,8.3203125,1001.40002,871.125,9.26249981,1.0,,13.6,0.0,9.19,53.8312492,,53.8312492,0.0,264.0,0.0,,
2025-11-06 00:37:02+00:00,2025-11-06 00:37:02,,,,,,,,,,38.8050003,8.26093769,1001.70001,871.125,9.26249981,1.0,,13.6,0.0,9.19,53.8312492,,53.8312492,0.0,264.0,0.0,,
2025-11-06 00:37:03+00:00,2025-11-06 00:37:03,,,,,,,,,,38.7937508,8.26093769,1002.15002,871.125,9.26249981,1.0,,13.6,0.0,9.19,53.8125,,53.8125,0.0,264.0,0.0,,
2025-11-06 00:37:04+00:00,2025-11-06 00:37:04,,,,,,,,,,38.8050003,8.20781231,1002.52502,871.125,9.26249981,1.0,,13.6,0.0,9.19,53.3812485,,53.3812485,0.0,264.0,0.0,,
2025-11-06 00:37:05+00:00,2025-11-06 00:37:05,38.0,43.0,43.0,38.0,38.0,10.18908334479443,304.0,BO_O2_RULE,"제어매트릭스 규칙 적용: NOX_LOW (3단계 롤백, 4단계에서 Hz 변화 없음)",38.7975006,8.14531231,1003.04999,871.125,9.17500019,1.0,,13.6,0.0,9.33,53.3812485,,53.3812485,0.0,264.0,0.0,,
2025-11-06 00:37:06+00:00,2025-11-06 00:37:06,,,,,,,,,,38.8050003,8.14531231,1003.34998,871.125,9.17500019,1.0,,13.6,0.0,9.33,53.3812485,,53.3812485,0.0,264.075012,0.0,,
2025-11-06 00:37:07+00:00,2025-11-06 00:37:07,,,,,,,,,,38.8125,8.08281231,1003.875,871.125,9.17500019,1.0,,13.6,0.0,9.33,53.3624992,,53.3624992,0.0,264.0,0.0,,
2025-11-06 00:37:08+00:00,2025-11-06 00:37:08,,,,,,,,,,38.8012505,8.02187538,1004.25,871.125,9.17500019,1.0,,13.6,0.0,9.33,53.3812485,,53.3812485,0.0,264.075012,0.0,,
2025-11-06 00:37:09+00:00,2025-11-06 00:37:09,,,,,,,,,,38.7975006,8.02187538,1004.77502,871.125,9.17500019,1.0,,13.6,0.0,9.33,53.3812485,,53.3812485,0.0,264.0,0.0,,
2025-11-06 00:37:10+00:00,2025-11-06 00:37:10,38.0,43.0,43.0,38.0,38.0,10.308380588155186,304.0,BO_O2_RULE,"제어매트릭스 규칙 적용: NOX_LOW (3단계 롤백, 4단계에서 Hz 변화 없음)",38.7975006,7.9609375,1005.15002,871.125,9.01249981,1.0,,13.6,0.0,9.33,53.3812485,,53.3812485,0.0,264.0,0.0,,
2025-11-06 00:37:11+00:00,2025-11-06 00:37:11,,,,,,,,,,38.8050003,7.9609375,1005.67499,871.049988,9.01249981,1.0,,13.6,0.0,9.33,53.3812485,,53.3812485,0.0,264.0,0.0,,
2025-11-06 00:37:12+00:00,2025-11-06 00:37:12,,,,,,,,,,38.7937508,7.90156269,1006.04999,871.049988,9.01249981,1.0,,13.6,0.0,9.33,53.3812485,,53.3812485,0.0,264.075012,0.0,,
2025-11-06 00:37:13+00:00,2025-11-06 00:37:13,,,,,,,,,,38.8012505,7.83906269,1006.57501,871.049988,9.01249981,1.0,,13.6,0.0,9.33,53.3812485,,53.3812485,0.0,264.0,0.0,,
2025-11-06 00:37:14+00:00,2025-11-06 00:37:14,,,,,,,,,,38.8012505,7.83906269,1006.95001,871.049988,9.01249981,1.0,,13.6,0.0,9.33,53.3812485,,53.3812485,0.0,264.075012,0.0,,
2025-11-06 00:37:15+00:00,2025-11-06 00:37:15,38.0,42.0,42.0,38.0,38.0,8.615884462091179,304.0,BO_O2_RULE,"제어매트릭스 규칙 적용: NOX_LOW (3단계 롤백, 4단계에서 Hz 변화 없음)",38.7975006,7.7718749,1007.54999,871.049988,9.01249981,1.0,,13.6,0.0,9.13,53.0812492,38.0,53.0812492,0.0,264.0,0.0,,
2025-11-06 00:37:16+00:00,2025-11-06 00:37:16,,,,,,,,,,38.8012505,7.71562481,1007.92499,871.125,9.01249981,1.0,,13.6,0.0,9.13,53.0062485,,53.0062485,0.0,264.0,0.0,,
2025-11-06 00:37:17+00:00,2025-11-06 00:37:17,,,,,,,,,,38.8012505,7.71562481,1008.52502,871.125,9.01249981,1.0,,13.6,0.0,9.13,53.0062485,,53.0062485,0.0,264.0,0.0,,
2025-11-06 00:37:18+00:00,2025-11-06 00:37:18,,,,,,,,,,38.7937508,7.66718769,1008.97498,871.125,9.01249981,1.0,,13.6,0.0,9.13,53.0062485,,53.0062485,0.0,264.0,0.0,,
2025-11-06 00:37:19+00:00,2025-11-06 00:37:19,,,,,,,,,,38.8012505,7.66718769,1009.57501,871.125,9.01249981,1.0,,13.6,0.0,9.13,53.3250008,,53.3250008,0.0,263.549988,0.0,,
2025-11-06 00:37:20+00:00,2025-11-06 00:37:20,38.0,42.0,42.0,38.0,38.0,8.75416630575835,304.0,BO_O2_RULE,"제어매트릭스 규칙 적용: NOX_LOW (3단계 롤백, 4단계에서 Hz 변화 없음)",38.8012505,7.6265626,1009.95001,871.125,9.01249981,1.0,,13.6,0.0,9.13,53.3812485,,53.3812485,0.0,262.575012,0.0,,
2025-11-06 00:37:21+00:00,2025-11-06 00:37:21,,,,,,,,,,38.7900009,7.5999999,1010.625,871.125,9.01249981,1.0,,13.6,0.0,9.13,53.3812485,,53.3812485,0.0,262.575012,0.0,,
2025-11-06 00:37:22+00:00,2025-11-06 00:37:22,,,,,,,,,,38.7975006,7.5999999,1011.0,871.125,9.01249981,1.0,,13.6,0.0,9.13,53.3812485,,53.3812485,0.0,262.575012,0.0,,
2025-11-06 00:37:23+00:00,2025-11-06 00:37:23,,,,,,,,,,38.7975006,7.5765624,1011.67499,871.125,9.01249981,1.0,,13.6,0.0,9.13,53.1749992,,53.1749992,0.0,262.575012,0.0,,
2025-11-06 00:37:24+00:00,2025-11-06 00:37:24,,,,,,,,,,38.7975006,7.56718731,1012.04999,871.200012,9.01249981,1.0,,13.6,0.0,9.13,53.0062485,,53.0062485,0.0,262.575012,0.0,,
2025-11-06 00:37:25+00:00,2025-11-06 00:37:25,38.0,42.0,42.0,38.0,38.0,9.09920493272805,304.0,BO_O2_RULE,"제어매트릭스 규칙 적용: NOX_LOW (3단계 롤백, 4단계에서 Hz 변화 없음)",38.8050003,7.56718731,1012.72498,871.200012,9.01249981,1.0,,13.6,0.0,9.08,53.0062485,,53.0062485,0.0,262.575012,0.0,,
2025-11-06 00:37:26+00:00,2025-11-06 00:37:26,,,,,,,,,,38.7937508,7.56718731,1013.17499,871.200012,9.01249981,1.0,,13.6,0.0,9.08,53.3812485,,53.3812485,0.0,262.799988,0.0,,
2025-11-06 00:37:27+00:00,2025-11-06 00:37:27,,,,,,,,,,38.8012505,7.56718731,1013.84998,871.200012,9.01249981,1.0,,13.6,0.0,9.08,53.3812485,,53.3812485,0.0,264.0,0.0,,
2025-11-06 00:37:28+00:00,2025-11-06 00:37:28,,,,,,,,,,38.7975006,7.5625,1014.375,871.200012,9.01249981,1.0,,13.6,0.0,9.08,53.3812485,,53.3812485,0.0,264.0,0.0,,
2025-11-06 00:37:29+00:00,2025-11-06 00:37:29,,,,,,,,,,38.8012505,7.5531249,1015.125,871.200012,9.01249981,1.0,,13.6,0.0,9.08,53.3812485,,53.3812485,0.0,264.0,0.0,,
2025-11-06 00:37:30+00:00,2025-11-06 00:37:30,38.0,42.0,42.0,38.0,38.0,9.796366539835466,304.0,BO_O2_RULE,"제어매트릭스 규칙 적용: NOX_LOW (3단계 롤백, 4단계에서 Hz 변화 없음)",38.7975006,7.5531249,1015.57501,871.200012,9.01249981,1.0,,13.6,0.0,9.08,53.3812485,38.0,53.3812485,0.0,264.0,0.0,,
2025-11-06 00:37:31+00:00,2025-11-06 00:37:31,,,,,,,,,,38.8012505,7.54374981,1016.25,871.349976,9.01249981,1.0,,13.6,0.0,9.08,53.3624992,,53.3624992,0.0,264.0,0.0,,
2025-11-06 00:37:32+00:00,2025-11-06 00:37:32,,,,,,,,,,38.8012505,7.546875,1016.77502,871.275024,9.01249981,1.0,,13.6,0.0,9.08,53.3812485,,53.3812485,0.0,264.0,0.0,,
2025-11-06 00:37:33+00:00,2025-11-06 00:37:33,,,,,,,,,,38.8087502,7.546875,1017.52502,871.349976,9.01249981,1.0,,13.6,0.0,9.08,53.3812485,,53.3812485,0.0,264.0,0.0,,
2025-11-06 00:37:34+00:00,2025-11-06 00:37:34,,,,,,,,,,38.7937508,7.55781269,1018.20001,871.424988,9.01249981,1.0,,13.6,0.0,9.08,53.3624992,,53.3624992,0.0,264.0,0.0,,
2025-11-06 00:37:35+00:00,2025-11-06 00:37:35,38.0,42.0,42.0,38.0,38.0,9.711337148624615,304.0,BO_O2_RULE,"제어매트릭스 규칙 적용: NOX_LOW (3단계 롤백, 4단계에서 Hz 변화 없음)",38.8012505,7.56562519,1018.72498,871.424988,9.26249981,1.0,,13.6,0.0,9.13,53.3812485,,53.3812485,0.0,264.075012,0.0,,
2025-11-06 00:37:36+00:00,2025-11-06 00:37:36,,,,,,,,,,38.8012505,7.56562519,1019.54999,871.424988,9.26249981,1.0,,13.6,0.0,9.13,53.3812485,,53.3812485,0.0,264.0,0.0,,
2025-11-06 00:37:37+00:00,2025-11-06 00:37:37,,,,,,,,,,38.8125,7.5718751,1020.07501,871.424988,9.26249981,1.0,,13.6,0.0,9.13,53.3812485,,53.3812485,0.0,264.075012,0.0,,
2025-11-06 00:37:38+00:00,2025-11-06 00:37:38,,,,,,,,,,38.8050003,7.5718751,1020.82501,871.5,9.26249981,1.0,,13.6,0.0,9.13,53.3812485,,53.3812485,0.0,264.075012,0.0,,
2025-11-06 00:37:39+00:00,2025-11-06 00:37:39,,,,,,,,,,38.8012505,7.5703125,1021.34998,871.5,9.26249981,1.0,,13.6,0.0,9.13,53.3812485,,53.3812485,0.0,264.0,0.0,,
2025-11-06 00:37:40+00:00,2025-11-06 00:37:40,38.0,48.0,46.0,38.0,38.0,11.400490662986863,304.0,BO_O2_RULE,"제어매트릭스 규칙 적용: NOX_LOW (3단계 롤백, 4단계에서 Hz 변화 없음)",38.8012505,7.5625,1022.17499,871.575012,9.17500019,1.0,,13.6,0.0,9.13,53.3812485,,53.3812485,0.0,264.0,0.0,,
2025-11-06 00:37:41+00:00,2025-11-06 00:37:41,,,,,,,,,,38.8012505,7.5625,1022.70001,871.575012,9.17500019,1.0,,13.6,0.0,9.13,53.3812485,,53.3812485,0.0,264.075012,0.0,,
2025-11-06 00:37:42+00:00,2025-11-06 00:37:42,,,,,,,,,,38.7975006,7.5562501,1023.45001,871.650024,9.17500019,1.0,,13.6,0.0,9.13,53.3812485,,53.3812485,0.0,264.075012,0.0,,
2025-11-06 00:37:43+00:00,2025-11-06 00:37:43,,,,,,,,,,38.7937508,7.5531249,1024.05005,871.650024,9.17500019,1.0,,13.6,0.0,9.13,53.3812485,,53.3812485,0.0,264.0,0.0,,
2025-11-06 00:37:44+00:00,2025-11-06 00:37:44,,,,,,,,,,38.8087502,7.5531249,1024.80005,871.650024,9.17500019,1.0,,13.6,0.0,9.13,53.8312492,,53.8312492,0.0,264.075012,0.0,,
2025-11-06 00:37:45+00:00,2025-11-06 00:37:45,38.0,47.0,46.0,38.0,38.0,11.589894167098791,304.0,BO_O2_RULE,"제어매트릭스 규칙 적용: NOX_LOW (3단계 롤백, 4단계에서 Hz 변화 없음)",38.8012505,7.55000019,1025.32495,871.724976,9.17500019,1.0,,13.6,0.0,9.26,53.8312492,,53.8312492,0.0,264.0,0.0,,
2025-11-06 00:37:46+00:00,2025-11-06 00:37:46,,,,,,,,,,38.7937508,7.55000019,1026.07495,871.799988,9.17500019,1.0,,13.6,0.0,9.26,53.8312492,,53.8312492,0.0,264.075012,0.0,,
2025-11-06 00:37:47+00:00,2025-11-06 00:37:47,,,,,,,,,,38.7975006,7.54218769,1026.59998,871.799988,9.17500019,1.0,,13.6,0.0,9.26,53.3812485,,53.3812485,0.0,264.0,0.0,,
2025-11-06 00:37:48+00:00,2025-11-06 00:37:48,,,,,,,,,,38.7862511,7.5390625,1027.34998,871.875,9.17500019,1.0,,13.6,0.0,9.26,53.7750015,,53.7750015,0.0,264.0,0.0,,
2025-11-06 00:37:49+00:00,2025-11-06 00:37:49,,,,,,,,,,38.8012505,7.5390625,1027.875,871.875,9.17500019,1.0,,13.6,0.0,9.26,53.8312492,,53.8312492,0.0,264.075012,0.0,,
2025-11-06 00:37:50+00:00,2025-11-06 00:37:50,38.0,47.0,46.0,38.0,38.0,11.658073890495825,304.0,BO_O2_RULE,"제어매트릭스 규칙 적용: NOX_LOW (3단계 롤백, 4단계에서 Hz 변화 없음)",38.8162498,7.53125,1028.69995,871.950012,9.26249981,1.0,,13.6,0.0,9.26,53.8125,,53.8125,0.0,264.0,0.0,,
2025-11-06 00:37:51+00:00,2025-11-06 00:37:51,,,,,,,,,,38.8050003,7.51875019,1029.15002,871.950012,9.26249981,1.0,,13.6,0.0,9.26,53.8125,,53.8125,0.0,264.075012,0.0,,
2025-11-06 00:37:52+00:00,2025-11-06 00:37:52,,,,,,,,,,38.7975006,7.51875019,1029.90002,872.025024,9.26249981,1.0,,13.6,0.0,9.26,53.8125,,53.8125,0.0,264.0,0.0,,
2025-11-06 00:37:53+00:00,2025-11-06 00:37:53,,,,,,,,,,38.8050003,7.5062499,1030.42505,872.025024,9.26249981,1.0,,13.6,0.0,9.26,53.8312492,,53.8312492,0.0,264.0,0.0,,
2025-11-06 00:37:54+00:00,2025-11-06 00:37:54,,,,,,,,,,38.8012505,7.5062499,1031.17505,872.099976,9.26249981,1.0,,13.6,0.0,9.26,53.8312492,,53.8312492,0.0,264.0,0.0,,
2025-11-06 00:37:55+00:00,2025-11-06 00:37:55,38.0,47.0,46.0,38.0,38.0,11.042279322052371,304.0,BO_O2_RULE,"제어매트릭스 규칙 적용: NOX_LOW (3단계 롤백, 4단계에서 Hz 변화 없음)",38.8237495,7.4906249,1031.69995,872.174988,9.35000038,1.0,,13.6,0.0,9.39,53.8125,,53.8125,0.0,264.075012,0.0,,
2025-11-06 00:37:56+00:00,2025-11-06 00:37:56,,,,,,,,,,38.7937508,7.4703126,1032.44995,872.25,9.35000038,1.0,,13.6,0.0,9.39,53.4187508,,53.4187508,0.0,263.924988,0.0,,
2025-11-06 00:37:57+00:00,2025-11-06 00:37:57,,,,,,,,,,38.8274994,7.4703126,1032.90002,872.25,9.35000038,1.0,,13.6,0.0,9.39,53.3812485,,53.3812485,0.0,264.075012,0.0,,
2025-11-06 00:37:58+00:00,2025-11-06 00:37:58,,,,,,,,,,38.7975006,7.4468751,1033.65002,872.325012,9.35000038,1.0,,13.6,0.0,9.39,53.3812485,,53.3812485,0.0,264.0,0.0,,
2025-11-06 00:37:59+00:00,2025-11-06 00:37:59,,,,,,,,,,38.8012505,7.4312501,1034.09998,872.400024,9.35000038,1.0,,13.6,0.0,9.39,53.3812485,,53.3812485,0.0,264.0,0.0,,
2025-11-06 00:38:00+00:00,2025-11-06 00:38:00,38.0,47.0,46.0,38.0,38.0,11.504327426692242,304.0,BO_O2_RULE,"제어매트릭스 규칙 적용: NOX_LOW (3단계 롤백, 4단계에서 Hz 변화 없음)",38.7937508,7.4312501,1034.77502,872.400024,9.42500019,1.0,,13.6,0.0,9.39,53.3624992,38.0,53.3624992,0.0,264.0,0.0,,
2025-11-06 00:38:01+00:00,2025-11-06 00:38:01,,,,,,,,,,38.8050003,7.421875,1035.30005,872.400024,9.42500019,1.0,,13.6,0.0,9.39,53.3812485,,53.3812485,0.0,264.075012,0.0,,
2025-11-06 00:38:02+00:00,2025-11-06 00:38:02,,,,,,,,,,38.8199997,7.421875,1036.05005,872.549988,9.42500019,1.0,,13.6,0.0,9.39,53.3812485,,53.3812485,0.0,264.0,0.0,,
2025-11-06 00:38:03+00:00,2025-11-06 00:38:03,,,,,,,,,,38.8012505,7.40625,1036.57495,872.549988,9.4375,1.0,,13.6,0.0,9.39,53.3812485,,53.3812485,0.0,264.0,0.0,,
2025-11-06 00:38:04+00:00,2025-11-06 00:38:04,,,,,,,,,,38.7937508,7.3843751,1037.40002,872.625,9.42500019,1.0,,13.6,0.0,9.39,53.3624992,,53.3624992,0.0,264.0,0.0,,
2025-11-06 00:38:05+00:00,2025-11-06 00:38:05,38.0,47.0,46.0,38.0,38.0,11.566174795182853,304.0,BO_O2_RULE,"제어매트릭스 규칙 적용: NOX_LOW (3단계 롤백, 4단계에서 Hz 변화 없음)",38.8012505,7.3843751,1037.92505,872.625,9.33749962,1.0,,13.6,0.0,9.56,53.3812485,,53.3812485,0.0,264.0,0.0,,
2025-11-06 00:38:06+00:00,2025-11-06 00:38:06,,,,,,,,,,38.7937508,7.3515625,1038.75,872.700012,9.35000038,1.0,,13.6,0.0,9.56,53.3812485,,53.3812485,0.0,264.075012,0.0,,
2025-11-06 00:38:07+00:00,2025-11-06 00:38:07,,,,,,,,,,38.8237495,7.33906269,1039.34998,872.700012,9.33749962,1.0,,13.6,0.0,9.56,53.3624992,,53.3624992,0.0,264.0,0.0,,
2025-11-06 00:38:08+00:00,2025-11-06 00:38:08,,,,,,,,,,38.8125,7.33906269,1040.17505,872.775024,9.33749962,1.0,,13.6,0.0,9.56,53.3812485,,53.3812485,0.0,264.0,0.0,,
2025-11-06 00:38:09+00:00,2025-11-06 00:38:09,,,,,,,,,,38.8087502,7.34375,1040.69995,872.849976,9.35000038,1.0,,13.6,0.0,9.56,53.7937508,,53.7937508,0.0,264.0,0.0,,
2025-11-06 00:38:10+00:00,2025-11-06 00:38:10,38.0,46.0,46.0,38.0,38.0,11.208943786278738,304.0,BO_O2_RULE,"제어매트릭스 규칙 적용: NOX_LOW (3단계 롤백, 4단계에서 Hz 변화 없음)",38.8050003,7.34375,1041.44995,872.849976,9.35000038,1.0,,13.6,0.0,9.56,53.8125,,53.8125,0.0,264.075012,0.0,,
2025-11-06 00:38:11+00:00,2025-11-06 00:38:11,,,,,,,,,,38.8125,7.3656249,1041.97498,872.924988,9.33749962,1.0,,13.6,0.0,9.56,53.8125,,53.8125,0.0,264.0,0.0,,
2025-11-06 00:38:12+00:00,2025-11-06 00:38:12,,,,,,,,,,38.8012505,7.3890624,1042.72498,873.0,9.35000038,1.0,,13.6,0.0,9.56,53.8125,,53.8125,0.0,264.0,0.0,,
2025-11-06 00:38:13+00:00,2025-11-06 00:38:13,,,,,,,,,,38.8012505,7.3890624,1043.25,873.0,9.35000038,1.0,,13.6,0.0,9.56,53.8312492,,53.8312492,0.0,264.075012,0.0,,
2025-11-06 00:38:14+00:00,2025-11-06 00:38:14,,,,,,,,,,38.8087502,7.4156251,1044.07495,873.075012,9.35000038,1.0,,13.6,0.0,9.56,53.8312492,,53.8312492,0.0,264.075012,0.0,,
2025-11-06 00:38:15+00:00,2025-11-06 00:38:15,38.0,46.0,46.0,38.0,38.0,10.805243867160042,304.0,BO_O2_RULE,"제어매트릭스 규칙 적용: NOX_LOW (3단계 롤백, 4단계에서 Hz 변화 없음)",38.8087502,7.43437481,1044.52502,873.150024,9.26249981,1.0,,13.6,0.0,9.47,53.8312492,38.0,53.8312492,0.0,264.0,0.0,,
2025-11-06 00:38:16+00:00,2025-11-06 00:38:16,,,,,,,,,,38.7937508,7.43437481,1045.27502,873.150024,9.26249981,1.0,,13.6,0.0,9.47,53.8125,,53.8125,0.0,264.0,0.0,,
2025-11-06 00:38:17+00:00,2025-11-06 00:38:17,,,,,,,,,,38.8012505,7.44843769,1045.80005,873.150024,9.26249981,1.0,,13.6,0.0,9.47,53.8312492,,53.8312492,0.0,264.0,0.0,,
2025-11-06 00:38:18+00:00,2025-11-06 00:38:18,,,,,,,,,,38.8050003,7.44843769,1046.55005,873.224976,9.26249981,1.0,,13.6,0.0,9.47,53.8125,,53.8125,0.0,264.075012,0.0,,
2025-11-06 00:38:19+00:00,2025-11-06 00:38:19,,,,,,,,,,38.8012505,7.4609375,1047.0,873.224976,9.26249981,1.0,,13.6,0.0,9.47,53.8312492,,53.8312492,0.0,264.075012,0.0,,
2025-11-06 00:38:20+00:00,2025-11-06 00:38:20,38.0,46.0,46.0,38.0,38.0,10.659886232132344,304.0,BO_O2_RULE,"제어매트릭스 규칙 적용: NOX_LOW (3단계 롤백, 4단계에서 Hz 변화 없음)",38.8012505,7.4546876,1047.67505,873.375,9.26249981,1.0,,13.6,0.0,9.47,53.8125,,53.8125,0.0,263.924988,0.0,,
2025-11-06 00:38:21+00:00,2025-11-06 00:38:21,,,,,,,,,,38.7937508,7.4546876,1048.19995,873.375,9.26249981,1.0,,13.6,0.0,9.47,53.3812485,,53.3812485,0.0,264.0,0.0,,
2025-11-06 00:38:22+00:00,2025-11-06 00:38:22,,,,,,,,,,38.7937508,7.43281269,1048.875,873.450012,9.26249981,1.0,,13.6,0.0,9.47,53.3812485,,53.3812485,0.0,264.075012,0.0,,
2025-11-06 00:38:23+00:00,2025-11-06 00:38:23,,,,,,,,,,38.8087502,7.4140625,1049.32495,873.525024,9.26249981,1.0,,13.6,0.0,9.47,53.3812485,,53.3812485,0.0,264.0,0.0,,
2025-11-06 00:38:24+00:00,2025-11-06 00:38:24,,,,,,,,,,38.7975006,7.4140625,1050.0,873.525024,9.26249981,1.0,,13.6,0.0,9.47,53.3812485,,53.3812485,0.0,264.0,0.0,,
2025-11-06 00:38:25+00:00,2025-11-06 00:38:25,38.0,46.0,46.0,38.0,38.0,10.662224706070088,304.0,BO_O2_RULE,"제어매트릭스 규칙 적용: NOX_LOW (3단계 롤백, 4단계에서 Hz 변화 없음)",38.8162498,7.4046874,1050.44995,873.599976,9.01249981,1.0,,13.6,0.0,9.32,53.3812485,,53.3812485,0.0,264.0,0.0,,
2025-11-06 00:38:26+00:00,2025-11-06 00:38:26,,,,,,,,,,38.7937508,7.4046874,1051.125,873.674988,9.01249981,1.0,,13.6,0.0,9.32,53.3812485,,53.3812485,0.0,264.075012,0.0,,
2025-11-06 00:38:27+00:00,2025-11-06 00:38:27,,,,,,,,,,38.8050003,7.3890624,1051.57495,873.674988,9.01249981,1.0,,13.6,0.0,9.32,53.3812485,,53.3812485,0.0,264.0,0.0,,
2025-11-06 00:38:28+00:00,2025-11-06 00:38:28,,,,,,,,,,38.8087502,7.3765626,1052.25,873.825012,9.01249981,1.0,,13.6,0.0,9.32,53.3624992,,53.3624992,0.0,264.0,0.0,,
2025-11-06 00:38:29+00:00,2025-11-06 00:38:29,,,,,,,,,,38.7937508,7.3765626,1052.69995,873.825012,9.01249981,1.0,,13.6,0.0,9.32,53.3812485,,53.3812485,0.0,262.575012,0.0,,
2025-11-06 00:38:30+00:00,2025-11-06 00:38:30,38.0,46.0,46.0,38.0,38.0,10.242180456282814,304.0,BO_O2_RULE,"제어매트릭스 규칙 적용: NOX_LOW (3단계 롤백, 4단계에서 Hz 변화 없음)",38.8050003,7.3687501,1053.375,873.900024,8.92500019,1.0,,13.6,0.0,9.32,53.3812485,38.0,53.3812485,0.0,262.575012,0.0,,
2025-11-06 00:38:31+00:00,2025-11-06 00:38:31,,,,,,,,,,38.8087502,7.3687501,1053.75,873.900024,8.92500019,1.0,,13.6,0.0,9.32,53.3812485,,53.3812485,0.0,262.575012,0.0,,
2025-11-06 00:38:32+00:00,2025-11-06 00:38:32,,,,,,,,,,38.8050003,7.3687501,1054.42505,873.974976,8.92500019,1.0,,13.6,0.0,9.32,53.3812485,,53.3812485,0.0,262.5,0.0,,
2025-11-06 00:38:33+00:00,2025-11-06 00:38:33,,,,,,,,,,38.8125,7.3812499,1055.02502,874.049988,8.92500019,1.0,,13.6,0.0,9.32,53.3812485,,53.3812485,0.0,262.575012,0.0,,
2025-11-06 00:38:34+00:00,2025-11-06 00:38:34,,,,,,,,,,38.7937508,7.3812499,1055.47498,874.125,8.92500019,1.0,,13.6,0.0,9.32,53.3812485,,53.3812485,0.0,262.575012,0.0,,
2025-11-06 00:38:35+00:00,2025-11-06 00:38:35,38.0,50.0,46.0,38.0,38.0,9.760130269143122,304.0,BO_O2_RULE,"제어매트릭스 규칙 적용: NOX_LOW (3단계 롤백, 4단계에서 Hz 변화 없음)",38.7937508,7.4000001,1055.84998,874.125,8.83749962,1.0,,13.6,0.0,9.05,53.3812485,,53.3812485,0.0,262.575012,0.0,,
2025-11-06 00:38:36+00:00,2025-11-06 00:38:36,,,,,,,,,,38.7900009,7.41093731,1056.44995,874.200012,8.83749962,1.0,,13.6,0.0,9.05,53.3624992,,53.3624992,0.0,262.5,0.0,,
2025-11-06 00:38:37+00:00,2025-11-06 00:38:37,,,,,,,,,,38.8050003,7.41093731,1056.90002,874.275024,8.83749962,1.0,,13.6,0.0,9.05,53.3812485,,53.3812485,0.0,262.575012,0.0,,
2025-11-06 00:38:38+00:00,2025-11-06 00:38:38,,,,,,,,,,38.8050003,7.421875,1057.42505,874.349976,8.83749962,1.0,,13.6,0.0,9.05,53.3812485,,53.3812485,0.0,262.575012,0.0,,
2025-11-06 00:38:39+00:00,2025-11-06 00:38:39,,,,,,,,,,38.8125,7.4390626,1057.80005,874.349976,8.83749962,1.0,,13.6,0.0,9.05,53.3812485,,53.3812485,0.0,262.649994,0.0,,
2025-11-06 00:38:40+00:00,2025-11-06 00:38:40,38.0,50.0,46.0,38.0,38.0,9.710587421474319,304.0,BO_O2_RULE,"제어매트릭스 규칙 적용: NOX_LOW (3단계 롤백, 4단계에서 Hz 변화 없음)",38.8125,7.4390626,1058.40002,874.424988,8.67500019,1.0,,13.6,0.0,9.05,53.3812485,,53.3812485,0.0,262.5,0.0,,
2025-11-06 00:38:41+00:00,2025-11-06 00:38:41,,,,,,,,,,38.8012505,7.46875,1058.69995,874.5,8.66250038,1.0,,13.6,0.0,9.05,53.3812485,,53.3812485,0.0,262.575012,0.0,,
2025-11-06 00:38:42+00:00,2025-11-06 00:38:42,,,,,,,,,,38.8125,7.46875,1059.22498,874.575012,8.67500019,1.0,,13.6,0.0,9.05,53.3812485,,53.3812485,0.0,262.575012,0.0,,
2025-11-06 00:38:43+00:00,2025-11-06 00:38:43,,,,,,,,,,38.8012505,7.50312519,1059.59998,874.575012,8.67500019,1.0,,13.6,0.0,9.05,53.3812485,,53.3812485,0.0,262.575012,0.0,,
2025-11-06 00:38:44+00:00,2025-11-06 00:38:44,,,,,,,,,,38.7937508,7.5453124,1060.125,874.724976,8.66250038,1.0,,13.6,0.0,9.05,53.0062485,,53.0062485,0.0,262.5,0.0,,
2025-11-06 00:38:45+00:00,2025-11-06 00:38:45,38.0,49.0,46.0,38.0,38.0,10.354227730539028,304.0,BO_O2_RULE,"제어매트릭스 규칙 적용: NOX_LOW (3단계 롤백, 4단계에서 Hz 변화 없음)",38.8199997,7.5453124,1060.5,874.724976,8.67500019,1.0,,13.6,0.0,8.77,53.0062485,39.60680375729881,53.0062485,0.0,262.575012,0.0,,
2025-11-06 00:38:46+00:00,2025-11-06 00:38:46,,,,,,,,,,38.7937508,7.58281231,1060.94995,874.799988,8.67500019,1.0,,13.6,0.0,8.77,53.0250015,,53.0250015,0.0,262.575012,0.0,,
2025-11-06 00:38:47+00:00,2025-11-06 00:38:47,,,,,,,,,,38.8012505,7.6234374,1061.25,874.875,8.67500019,1.0,,13.6,0.0,8.77,53.0062485,,53.0062485,0.0,262.575012,0.0,,
2025-11-06 00:38:48+00:00,2025-11-06 00:38:48,,,,,,,,,,38.7937508,7.6234374,1061.69995,874.950012,8.67500019,1.0,,13.6,0.0,8.77,53.0062485,,53.0062485,0.0,262.575012,0.0,,
2025-11-06 00:38:49+00:00,2025-11-06 00:38:49,,,,,,,,,,38.7975006,7.6624999,1062.0,874.950012,8.67500019,1.0,,13.6,0.0,8.77,53.0062485,,53.0062485,0.0,262.575012,0.0,,
2025-11-06 00:38:50+00:00,2025-11-06 00:38:50,38.0,48.0,46.0,38.0,38.0,10.359370238260876,304.0,BO_O2_RULE,"제어매트릭스 규칙 적용: NOX_LOW (3단계 롤백, 4단계에서 Hz 변화 없음)",38.8162498,7.6624999,1062.44995,875.099976,8.58749962,1.0,,13.6,0.0,8.77,53.0250015,,53.0250015,0.0,262.575012,0.0,,
2025-11-06 00:38:51+00:00,2025-11-06 00:38:51,,,,,,,,,,38.8012505,7.70625019,1062.67505,875.099976,8.58749962,1.0,,13.6,0.0,8.77,53.0062485,,53.0062485,0.0,262.649994,0.0,,
2025-11-06 00:38:52+00:00,2025-11-06 00:38:52,,,,,,,,,,38.8012505,7.76093769,1063.125,875.174988,8.58749962,1.0,,13.6,0.0,8.77,53.0062485,,53.0062485,0.0,264.0,0.0,,
2025-11-06 00:38:53+00:00,2025-11-06 00:38:53,,,,,,,,,,38.8125,7.76093769,1063.42505,875.25,8.58749962,1.0,,13.6,0.0,8.77,53.0062485,,53.0062485,0.0,264.0,0.0,,
2025-11-06 00:38:54+00:00,2025-11-06 00:38:54,,,,,,,,,,38.7975006,7.80781269,1063.80005,875.325012,8.58749962,1.0,,13.6,0.0,8.77,53.0250015,,53.0250015,0.0,264.0,0.0,,
2025-11-06 00:38:55+00:00,2025-11-06 00:38:55,38.0,48.0,46.0,38.0,38.0,9.961329860249302,304.0,BO_O2_RULE,"제어매트릭스 규칙 적용: NOX_LOW (3단계 롤백, 4단계에서 Hz 변화 없음)",38.7975006,7.85624981,1064.09998,875.325012,8.51249981,1.0,,13.6,0.0,8.7,53.0062485,,53.0062485,0.0,264.0,0.0,,
2025-11-06 00:38:56+00:00,2025-11-06 00:38:56,,,,,,,,,,38.8012505,7.85624981,1064.40002,875.400024,8.5,1.0,,13.6,0.0,8.7,53.0062485,,53.0062485,0.0,264.0,0.0,,
2025-11-06 00:38:57+00:00,2025-11-06 00:38:57,,,,,,,,,,38.7937508,7.9078126,1064.625,875.474976,8.5,1.0,,13.6,0.0,8.7,53.0062485,,53.0062485,0.0,264.0,0.0,,
2025-11-06 00:38:58+00:00,2025-11-06 00:38:58,,,,,,,,,,38.8012505,7.9078126,1065.0,875.549988,8.51249981,1.0,,13.6,0.0,8.7,53.0437508,,53.0437508,0.0,264.0,0.0,,
2025-11-06 00:38:59+00:00,2025-11-06 00:38:59,,,,,,,,,,38.8087502,7.9625001,1065.22498,875.549988,8.5,1.0,,13.6,0.0,8.7,53.3812485,,53.3812485,0.0,264.0,0.0,,
2025-11-06 00:39:00+00:00,2025-11-06 00:39:00,38.0,48.0,46.0,38.0,38.0,9.869457585609704,304.0,BO_O2_RULE,"제어매트릭스 규칙 적용: NOX_LOW (3단계 롤백, 4단계에서 Hz 변화 없음)",38.8087502,8.00625038,1065.52502,875.625,8.58749962,1.0,,13.6,0.0,8.7,53.3812485,38.70680375729881,53.3812485,0.0,264.0,0.0,,
2025-11-06 00:39:01+00:00,2025-11-06 00:39:01,,,,,,,,,,38.7937508,8.00625038,1065.75,875.700012,8.58749962,1.0,,13.6,0.0,8.7,53.3624992,,53.3624992,0.0,264.0,0.0,,
2025-11-06 00:39:02+00:00,2025-11-06 00:39:02,,,,,,,,,,38.7975006,8.04218769,1066.05005,875.775024,8.58749962,1.0,,13.6,0.0,8.7,53.3812485,,53.3812485,0.0,264.075012,0.0,,
2025-11-06 00:39:03+00:00,2025-11-06 00:39:03,,,,,,,,,,38.8050003,8.06875038,1066.27502,875.849976,8.58749962,1.0,,13.6,0.0,8.7,53.3812485,,53.3812485,0.0,264.0,0.0,,
2025-11-06 00:39:04+00:00,2025-11-06 00:39:04,,,,,,,,,,38.8087502,8.06875038,1066.57495,875.924988,8.58749962,1.0,,13.6,0.0,8.7,53.3624992,,53.3624992,0.0,264.0,0.0,,
2025-11-06 00:39:05+00:00,2025-11-06 00:39:05,38.0,44.0,44.0,38.0,38.0,10.155618672024335,304.0,BO_O2_RULE,"제어매트릭스 규칙 적용: NOX_LOW (3단계 롤백, 4단계에서 Hz 변화 없음)",38.8012505,8.09687519,1066.80005,876.0,8.5,1.0,,13.6,0.0,8.72,53.3812485,,53.3812485,0.0,264.0,0.0,,
2025-11-06 00:39:06+00:00,2025-11-06 00:39:06,,,,,,,,,,38.8050003,8.09687519,1067.02502,876.0,8.5,1.0,,13.6,0.0,8.72,53.3812485,,53.3812485,0.0,264.0,0.0,,
2025-11-06 00:39:07+00:00,2025-11-06 00:39:07,,,,,,,,,,38.7975006,8.13125038,1067.25,876.075012,8.5,1.0,,13.6,0.0,8.72,53.3812485,,53.3812485,0.0,264.0,0.0,,
2025-11-06 00:39:08+00:00,2025-11-06 00:39:08,,,,,,,,,,38.8050003,8.16718769,1067.47498,876.150024,8.5,1.0,,13.6,0.0,8.72,53.3812485,,53.3812485,0.0,264.0,0.0,,
2025-11-06 00:39:09+00:00,2025-11-06 00:39:09,,,,,,,,,,38.7975006,8.16718769,1067.69995,876.224976,8.5,1.0,,13.6,0.0,8.72,53.3812485,,53.3812485,0.0,264.0,0.0,,
2025-11-06 00:39:10+00:00,2025-11-06 00:39:10,38.0,44.0,44.0,38.0,38.0,9.902146218486028,304.0,BO_O2_RULE,"제어매트릭스 규칙 적용: NOX_LOW (3단계 롤백, 4단계에서 Hz 변화 없음)",38.7975006,8.20781231,1067.84998,876.299988,8.58749962,1.0,,13.6,0.0,8.72,53.8125,,53.8125,0.0,264.0,0.0,,
2025-11-06 00:39:11+00:00,2025-11-06 00:39:11,,,,,,,,,,38.8050003,8.24531269,1068.07495,876.375,8.58749962,1.0,,13.6,0.0,8.72,53.4187508,,53.4187508,0.0,264.075012,0.0,,
2025-11-06 00:39:12+00:00,2025-11-06 00:39:12,,,,,,,,,,38.7975006,8.24531269,1068.22498,876.450012,8.58749962,1.0,,13.6,0.0,8.72,53.3812485,,53.3812485,0.0,264.0,0.0,,
2025-11-06 00:39:13+00:00,2025-11-06 00:39:13,,,,,,,,,,38.7937508,8.28437519,1068.44995,876.450012,8.58749962,1.0,,13.6,0.0,8.72,53.3812485,,53.3812485,0.0,264.0,0.0,,
2025-11-06 00:39:14+00:00,2025-11-06 00:39:14,,,,,,,,,,38.8125,8.28437519,1068.52502,876.525024,8.58749962,1.0,,13.6,0.0,8.72,53.3812485,,53.3812485,0.0,264.075012,0.0,,
2025-11-06 00:39:15+00:00,2025-11-06 00:39:15,38.0,44.0,44.0,38.0,38.0,10.081241423358271,304.0,BO_O2_RULE,"제어매트릭스 규칙 적용: NOX_LOW (3단계 롤백, 4단계에서 Hz 변화 없음)",38.7975006,8.33281231,1068.67505,876.599976,8.75,1.0,,13.6,0.0,8.7,53.3812485,38.0,53.3812485,0.0,264.0,0.0,,
2025-11-06 00:39:16+00:00,2025-11-06 00:39:16,,,,,,,,,,38.8050003,8.38593769,1068.82495,876.674988,8.75,1.0,,13.6,0.0,8.7,53.3812485,,53.3812485,0.0,264.0,0.0,,
2025-11-06 00:39:17+00:00,2025-11-06 00:39:17,,,,,,,,,,38.8087502,8.38593769,1068.90002,876.674988,8.76249981,1.0,,13.6,0.0,8.7,53.8125,,53.8125,0.0,264.0,0.0,,
2025-11-06 00:39:18+00:00,2025-11-06 00:39:18,,,,,,,,,,38.7975006,8.44062519,1069.05005,876.825012,8.76249981,1.0,,13.6,0.0,8.7,53.8312492,,53.8312492,0.0,264.0,0.0,,
2025-11-06 00:39:19+00:00,2025-11-06 00:39:19,,,,,,,,,,38.8050003,8.48281288,1069.05005,876.825012,8.75,1.0,,13.6,0.0,8.7,53.8312492,,53.8312492,0.0,264.075012,0.0,,
2025-11-06 00:39:20+00:00,2025-11-06 00:39:20,38.0,43.0,43.0,38.0,38.0,10.745627896633046,304.0,BO_O2_RULE,"제어매트릭스 규칙 적용: NOX_LOW (3단계 롤백, 4단계에서 Hz 변화 없음)",38.7975006,8.48281288,1069.19995,876.974976,8.75,1.0,,13.6,0.0,8.7,53.8125,,53.8125,0.0,264.0,0.0,,
2025-11-06 00:39:21+00:00,2025-11-06 00:39:21,,,,,,,,,,38.8087502,8.52187538,1069.34998,876.974976,8.76249981,1.0,,13.6,0.0,8.7,53.3812485,,53.3812485,0.0,264.0,0.0,,
2025-11-06 00:39:22+00:00,2025-11-06 00:39:22,,,,,,,,,,38.7975006,8.52187538,1069.42505,877.049988,8.75,1.0,,13.6,0.0,8.7,53.3812485,,53.3812485,0.0,264.0,0.0,,
2025-11-06 00:39:23+00:00,2025-11-06 00:39:23,,,,,,,,,,38.8125,8.55000019,1069.42505,877.125,8.75,1.0,,13.6,0.0,8.7,53.3812485,,53.3812485,0.0,264.075012,0.0,,
2025-11-06 00:39:24+00:00,2025-11-06 00:39:24,,,,,,,,,,38.8199997,8.578125,1069.5,877.200012,8.76249981,1.0,,13.6,0.0,8.7,53.3812485,,53.3812485,0.0,264.0,0.0,,
2025-11-06 00:39:25+00:00,2025-11-06 00:39:25,38.0,43.0,43.0,38.0,38.0,10.967093709152701,304.0,BO_O2_RULE,"제어매트릭스 규칙 적용: NOX_LOW (3단계 롤백, 4단계에서 Hz 변화 없음)",38.7975006,8.578125,1069.57495,877.200012,9.35000038,1.0,,13.6,0.0,8.86,53.3812485,,53.3812485,0.0,264.0,0.0,,
2025-11-06 00:39:26+00:00,2025-11-06 00:39:26,,,,,,,,,,38.8050003,8.6015625,1069.72498,877.275024,9.35000038,1.0,,13.6,0.0,8.86,53.3812485,,53.3812485,0.0,264.0,0.0,,
2025-11-06 00:39:27+00:00,2025-11-06 00:39:27,,,,,,,,,,38.8125,8.6171875,1069.80005,877.349976,9.35000038,1.0,,13.6,0.0,8.86,53.3812485,,53.3812485,0.0,264.0,0.0,,
2025-11-06 00:39:28+00:00,2025-11-06 00:39:28,,,,,,,,,,38.8050003,8.6171875,1069.94995,877.424988,9.35000038,1.0,,13.6,0.0,8.86,53.3812485,,53.3812485,0.0,264.075012,0.0,,
2025-11-06 00:39:29+00:00,2025-11-06 00:39:29,,,,,,,,,,38.8125,8.62968731,1070.02502,877.5,9.33749962,1.0,,13.6,0.0,8.86,53.3624992,,53.3624992,0.0,264.0,0.0,,
2025-11-06 00:39:30+00:00,2025-11-06 00:39:30,40.0,40.0,40.0,40.0,40.0,12.910814932100747,100.0,BO_ONLY,"BO 모델 결과만 사용 (1단계 롤백, 2~4단계에서 Hz 변화 없음)",38.8087502,8.62968731,1070.17505,877.5,10.1875,1.0,,13.6,0.0,8.86,53.3812485,38.0,53.3812485,0.0,264.075012,0.0,,
2025-11-06 00:39:31+00:00,2025-11-06 00:39:31,,,,,,,,,,38.8012505,8.6484375,1070.40002,877.575012,10.1875,1.0,,13.6,0.0,8.86,53.3812485,,53.3812485,0.0,264.075012,0.0,,
2025-11-06 00:39:32+00:00,2025-11-06 00:39:32,,,,,,,,,,39.3112488,8.66874981,1070.625,877.650024,10.1875,1.0,,13.6,0.0,8.86,53.3812485,,53.3812485,0.0,264.075012,0.0,,
2025-11-06 00:39:33+00:00,2025-11-06 00:39:33,,,,,,,,,,40.9350014,8.66874981,1070.92505,877.724976,10.1875,1.0,,13.6,0.0,8.86,53.3624992,,53.3624992,0.0,264.0,0.0,,
2025-11-06 00:39:34+00:00,2025-11-06 00:39:34,,,,,,,,,,40.9462509,8.6875,1071.07495,877.799988,10.1875,1.0,,13.6,0.0,8.86,53.4187508,,53.4187508,0.0,264.0,0.0,,
2025-11-06 00:39:35+00:00,2025-11-06 00:39:35,40.0,40.0,40.0,40.0,40.0,14.161706835055218,100.0,BO_ONLY,"BO 모델 결과만 사용 (1단계 롤백, 2~4단계에서 Hz 변화 없음)",40.9425011,8.7109375,1071.22498,877.875,10.9499998,1.0,,13.6,0.0,10.29,53.8312492,,53.8312492,0.0,262.575012,0.0,,
2025-11-06 00:39:36+00:00,2025-11-06 00:39:36,,,,,,,,,,40.9912491,8.7109375,1071.44995,877.875,10.9375,1.0,,13.6,0.0,10.29,54.5999985,,54.5999985,0.0,262.575012,0.0,,
2025-11-06 00:39:37+00:00,2025-11-06 00:39:37,,,,,,,,,,41.0137482,8.74687481,1071.59998,878.025024,10.9499998,1.0,,13.6,0.0,10.29,56.5125008,,56.5125008,0.0,262.5,0.0,,
2025-11-06 00:39:38+00:00,2025-11-06 00:39:38,,,,,,,,,,40.9987488,8.74687481,1071.75,878.025024,10.9499998,1.0,,13.6,0.0,10.29,58.1812515,,58.1812515,0.0,261.149994,0.0,,
2025-11-06 00:39:39+00:00,2025-11-06 00:39:39,,,,,,,,,,40.9949989,8.78125,1071.82495,878.099976,10.9375,1.0,,13.6,0.0,10.29,59.0062485,,59.0062485,0.0,261.0,0.0,,
2025-11-06 00:39:40+00:00,2025-11-06 00:39:40,40.0,40.0,40.0,40.0,40.0,13.980185157504362,100.0,BO_ONLY,"BO 모델 결과만 사용 (1단계 롤백, 2~4단계에서 Hz 변화 없음)",41.0024986,8.81093788,1071.97498,878.174988,11.625,1.0,,13.6,0.0,10.29,59.7562485,,59.7562485,0.0,261.149994,0.0,,
2025-11-06 00:39:41+00:00,2025-11-06 00:39:41,,,,,,,,,,40.9874992,8.81093788,1072.125,878.25,11.625,1.0,,13.6,0.0,10.29,59.7562485,,59.7562485,0.0,261.075012,0.0,,
2025-11-06 00:39:42+00:00,2025-11-06 00:39:42,,,,,,,,,,40.9462509,8.81718731,1072.27502,878.325012,11.625,1.0,,13.6,0.0,10.29,60.1500015,,60.1500015,0.0,260.924988,0.0,,
2025-11-06 00:39:43+00:00,2025-11-06 00:39:43,,,,,,,,,,40.9500008,8.78281212,1072.34998,878.400024,11.625,1.0,,13.6,0.0,10.29,60.5062485,,60.5062485,0.0,261.149994,0.0,,
2025-11-06 00:39:44+00:00,2025-11-06 00:39:44,,,,,,,,,,40.9799995,8.78281212,1072.5,878.474976,11.625,1.0,,13.6,0.0,10.29,60.5062485,,60.5062485,0.0,260.924988,0.0,,
2025-11-06 00:39:45+00:00,2025-11-06 00:39:45,40.0,40.0,40.0,40.0,40.0,14.901186835260022,100.0,BO_ONLY,"BO 모델 결과만 사용 (1단계 롤백, 2~4단계에서 Hz 변화 없음)",40.9425011,8.71249962,1072.57495,878.549988,12.3000002,1.0,,13.6,0.0,11.69,60.5062485,43.20680375729881,60.5062485,0.0,261.075012,0.0,,
2025-11-06 00:39:46+00:00,2025-11-06 00:39:46,,,,,,,,,,40.9837494,8.71249962,1072.65002,878.625,12.3000002,1.0,,13.6,0.0,11.69,60.5062485,,60.5062485,0.0,260.924988,0.0,,
2025-11-06 00:39:47+00:00,2025-11-06 00:39:47,,,,,,,,,,40.9837494,8.62656212,1072.72498,878.625,12.3000002,1.0,,13.6,0.0,11.69,60.5062485,,60.5062485,0.0,260.924988,0.0,,
2025-11-06 00:39:48+00:00,2025-11-06 00:39:48,,,,,,,,,,41.0062485,8.54062462,1072.80005,878.700012,12.3000002,1.0,,13.6,0.0,11.69,60.5062485,,60.5062485,0.0,261.075012,0.0,,
2025-11-06 00:39:49+00:00,2025-11-06 00:39:49,,,,,,,,,,41.0024986,8.54062462,1072.875,878.775024,12.3000002,1.0,,13.6,0.0,11.69,60.4874992,,60.4874992,0.0,259.350006,0.0,,
2025-11-06 00:39:50+00:00,2025-11-06 00:39:50,40.0,40.0,40.0,40.0,40.0,14.960406303594302,100.0,BO_ONLY,"BO 모델 결과만 사용 (1단계 롤백, 2~4단계에서 Hz 변화 없음)",41.0099983,8.45937538,1072.875,878.849976,12.0500002,1.0,,13.6,0.0,11.69,60.5062485,,60.5062485,0.0,259.424988,0.0,,
2025-11-06 00:39:51+00:00,2025-11-06 00:39:51,,,,,,,,,,41.0175018,8.39687538,1073.02502,878.924988,12.0500002,1.0,,13.6,0.0,11.69,60.5062485,,60.5062485,0.0,259.350006,0.0,,
2025-11-06 00:39:52+00:00,2025-11-06 00:39:52,,,,,,,,,,40.9612503,8.39687538,1073.09998,878.924988,12.0500002,1.0,,13.6,0.0,11.69,60.5062485,,60.5062485,0.0,259.424988,0.0,,
2025-11-06 00:39:53+00:00,2025-11-06 00:39:53,,,,,,,,,,40.9799995,8.33906269,1073.17505,879.0,12.0500002,1.0,,13.6,0.0,11.69,60.4874992,,60.4874992,0.0,259.350006,0.0,,
2025-11-06 00:39:54+00:00,2025-11-06 00:39:54,,,,,,,,,,40.9912491,8.33906269,1073.32495,879.075012,12.0500002,1.0,,13.6,0.0,11.69,60.5062485,,60.5062485,0.0,259.350006,0.0,,
2025-11-06 00:39:55+00:00,2025-11-06 00:39:55,43.0,43.0,43.0,43.0,43.0,14.314561745252522,100.0,BO_ONLY,"BO 모델 결과만 사용 (1단계 롤백, 2~4단계에서 Hz 변화 없음)",40.9949989,8.29843712,1073.32495,879.150024,12.2124996,1.0,,13.6,0.0,12.12,60.5062485,,60.5062485,0.0,259.424988,0.0,,
2025-11-06 00:39:56+00:00,2025-11-06 00:39:56,,,,,,,,,,40.9987488,8.2734375,1073.40002,879.224976,12.2124996,1.0,,13.6,0.0,12.12,60.5062485,,60.5062485,0.0,259.350006,0.0,,
2025-11-06 00:39:57+00:00,2025-11-06 00:39:57,,,,,,,,,,41.4262505,8.2734375,1073.40002,879.299988,12.2124996,1.0,,13.6,0.0,12.12,60.4874992,,60.4874992,0.0,259.350006,0.0,,
2025-11-06 00:39:58+00:00,2025-11-06 00:39:58,,,,,,,,,,43.9874992,8.26875019,1073.47498,879.375,12.2124996,1.0,,13.6,0.0,12.12,60.5062485,,60.5062485,0.0,259.350006,0.0,,
2025-11-06 00:39:59+00:00,2025-11-06 00:39:59,,,,,,,,,,44.0887489,8.27499962,1073.47498,879.375,12.2124996,1.0,,13.6,0.0,12.12,60.5062485,,60.5062485,0.0,259.424988,0.0,,
2025-11-06 00:40:00+00:00,2025-11-06 00:40:00,43.0,43.0,43.0,43.0,43.0,13.235779699066681,100.0,BO_ONLY,"BO 모델 결과만 사용 (1단계 롤백, 2~4단계에서 Hz 변화 없음)",44.0849991,8.27499962,1073.47498,879.450012,12.6374998,1.0,,13.6,0.0,12.12,60.9000015,38.70680375729881,60.9000015,0.0,259.424988,0.0,,
2025-11-06 00:40:01+00:00,2025-11-06 00:40:01,,,,,,,,,,44.0999985,8.29062462,1073.47498,879.450012,12.6374998,1.0,,13.6,0.0,12.12,62.7750015,,62.7750015,0.0,257.774994,0.0,,
2025-11-06 00:40:02+00:00,2025-11-06 00:40:02,,,,,,,,,,44.0924988,8.29062462,1073.55005,879.525024,12.6374998,1.0,,13.6,0.0,12.12,65.5687485,,65.5687485,0.0,257.774994,0.0,,
2025-11-06 00:40:03+00:00,2025-11-06 00:40:03,,,,,,,,,,44.0999985,8.30937481,1073.55005,879.599976,12.6374998,1.0,,13.6,0.0,12.12,67.4437485,,67.4437485,0.0,257.850006,0.0,,
2025-11-06 00:40:04+00:00,2025-11-06 00:40:04,,,,,,,,,,44.0962486,8.33281231,1073.625,879.674988,12.6374998,1.0,,13.6,0.0,12.12,68.8125,,68.8125,0.0,257.850006,0.0,,
2025-11-06 00:40:05+00:00,2025-11-06 00:40:05,43.0,43.0,43.0,43.0,43.0,12.792376938222981,100.0,BO_ONLY,"BO 모델 결과만 사용 (1단계 롤백, 2~4단계에서 Hz 변화 없음)",44.0962486,8.33281231,1073.625,879.75,12.3000002,1.0,,13.6,0.0,12.72,70.0875015,,70.0875015,0.0,257.850006,0.0,,
2025-11-06 00:40:06+00:00,2025-11-06 00:40:06,,,,,,,,,,44.1037483,8.36562538,1073.625,879.75,12.3000002,1.0,,13.6,0.0,12.72,70.1999969,,70.1999969,0.0,257.774994,0.0,,
2025-11-06 00:40:07+00:00,2025-11-06 00:40:07,,,,,,,,,,44.0887489,8.40156269,1073.625,879.825012,12.3000002,1.0,,13.6,0.0,12.72,70.5749969,,70.5749969,0.0,257.850006,0.0,,
2025-11-06 00:40:08+00:00,2025-11-06 00:40:08,,,,,,,,,,44.0887489,8.40156269,1073.55005,879.825012,12.2875004,1.0,,13.6,0.0,12.72,70.96875,,70.96875,0.0,257.774994,0.0,,
2025-11-06 00:40:09+00:00,2025-11-06 00:40:09,,,,,,,,,,44.1037483,8.4375,1073.47498,879.900024,12.3000002,1.0,,13.6,0.0,12.72,70.9499969,,70.9499969,0.0,257.774994,0.0,,
2025-11-06 00:40:10+00:00,2025-11-06 00:40:10,39.096248599999996,42.0,42.0,38.0,38.0,11.905067767867143,304.0,BO_O2_RULE,"제어매트릭스 규칙 적용: NOX_LOW (3단계 롤백, 4단계에서 Hz 변화 없음)",44.0962486,8.4375,1073.47498,880.049988,12.2124996,1.0,,13.6,0.0,12.72,71.34375,,71.34375,0.0,257.774994,0.0,,
2025-11-06 00:40:11+00:00,2025-11-06 00:40:11,,,,,,,,,,44.0887489,8.47187519,1073.40002,880.049988,12.2124996,1.0,,13.6,0.0,12.72,71.3812485,,71.3812485,0.0,257.850006,0.0,,
2025-11-06 00:40:12+00:00,2025-11-06 00:40:12,,,,,,,,,,44.1037483,8.50625038,1073.32495,880.049988,12.2124996,1.0,,13.6,0.0,12.72,71.3812485,,71.3812485,0.0,257.850006,0.0,,
2025-11-06 00:40:13+00:00,2025-11-06 00:40:13,,,,,,,,,,41.4637489,8.50625038,1073.25,880.125,12.2124996,1.0,,13.6,0.0,12.72,71.34375,,71.34375,0.0,257.850006,0.0,,
2025-11-06 00:40:14+00:00,2025-11-06 00:40:14,,,,,,,,,,39.9449997,8.54531288,1073.09998,880.200012,12.2124996,1.0,,13.6,0.0,12.72,71.3812485,,71.3812485,0.0,257.774994,0.0,,
2025-11-06 00:40:15+00:00,2025-11-06 00:40:15,38.0,41.0,41.0,38.0,38.0,11.48672583824565,304.0,BO_O2_RULE,"제어매트릭스 규칙 적용: NOX_LOW (3단계 롤백, 4단계에서 Hz 변화 없음)",39.9337502,8.5859375,1073.02502,880.275024,12.375,1.0,,13.6,0.0,12.34,70.96875,38.0,70.96875,0.0,257.850006,0.0,,
2025-11-06 00:40:16+00:00,2025-11-06 00:40:16,,,,,,,,,,39.9150009,8.5859375,1072.94995,880.275024,12.3874998,1.0,,13.6,0.0,12.34,70.4250031,,70.4250031,0.0,257.774994,0.0,,
2025-11-06 00:40:17+00:00,2025-11-06 00:40:17,,,,,,,,,,39.9150009,8.625,1072.80005,880.275024,12.375,1.0,,13.6,0.0,12.34,67.9124985,,67.9124985,0.0,257.850006,0.0,,
2025-11-06 00:40:18+00:00,2025-11-06 00:40:18,,,,,,,,,,38.8574982,8.625,1072.65002,880.349976,12.375,1.0,,13.6,0.0,12.34,65.3062515,,65.3062515,0.0,257.774994,0.0,,
2025-11-06 00:40:19+00:00,2025-11-06 00:40:19,,,,,,,,,,38.8125,8.6640625,1072.57495,880.424988,12.375,1.0,,13.6,0.0,12.34,61.5187492,,61.5187492,0.0,259.200012,0.0,,
2025-11-06 00:40:20+00:00,2025-11-06 00:40:20,38.0,40.0,40.0,38.0,38.0,10.928730049279315,304.0,BO_O2_RULE,"제어매트릭스 규칙 적용: NOX_LOW (3단계 롤백, 4단계에서 Hz 변화 없음)",38.8199997,8.7109375,1072.42505,880.5,12.375,1.0,,13.6,0.0,12.34,59.7374992,,59.7374992,0.0,259.424988,0.0,,
2025-11-06 00:40:21+00:00,2025-11-06 00:40:21,,,,,,,,,,38.8125,8.7109375,1072.27502,880.5,12.375,1.0,,13.6,0.0,12.34,58.3125,,58.3125,0.0,260.924988,0.0,,
2025-11-06 00:40:22+00:00,2025-11-06 00:40:22,,,,,,,,,,38.8087502,8.765625,1072.05005,880.575012,12.375,1.0,,13.6,0.0,12.34,56.7750015,,56.7750015,0.0,261.0,0.0,,
2025-11-06 00:40:23+00:00,2025-11-06 00:40:23,,,,,,,,,,38.7937508,8.82499981,1071.97498,880.575012,12.375,1.0,,13.6,0.0,12.34,55.3499985,,55.3499985,0.0,260.924988,0.0,,
2025-11-06 00:40:24+00:00,2025-11-06 00:40:24,,,,,,,,,,38.7975006,8.82499981,1071.75,880.650024,12.375,1.0,,13.6,0.0,12.34,54.5437508,,54.5437508,0.0,262.350006,0.0,,
2025-11-06 00:40:25+00:00,2025-11-06 00:40:25,38.0,40.0,40.0,38.0,38.0,11.537169824873724,304.0,BO_O2_RULE,"제어매트릭스 규칙 적용: NOX_LOW (3단계 롤백, 4단계에서 Hz 변화 없음)",38.8312492,8.88749981,1071.59998,880.650024,12.375,1.0,,13.6,0.0,12.46,53.8125,,53.8125,0.0,262.5,0.0,,
2025-11-06 00:40:26+00:00,2025-11-06 00:40:26,,,,,,,,,,38.7937508,8.88749981,1071.44995,880.724976,12.3874998,1.0,,13.6,0.0,12.46,53.8125,,53.8125,0.0,262.5,0.0,,
2025-11-06 00:40:27+00:00,2025-11-06 00:40:27,,,,,,,,,,38.8050003,8.94843769,1071.30005,880.799988,12.3874998,1.0,,13.6,0.0,12.46,53.8312492,,53.8312492,0.0,262.575012,0.0,,
2025-11-06 00:40:28+00:00,2025-11-06 00:40:28,,,,,,,,,,38.8012505,9.00312519,1071.07495,880.799988,12.3874998,1.0,,13.6,0.0,12.46,53.8312492,,53.8312492,0.0,262.575012,0.0,,
2025-11-06 00:40:29+00:00,2025-11-06 00:40:29,,,,,,,,,,38.7937508,9.00312519,1071.0,880.875,12.3874998,1.0,,13.6,0.0,12.46,53.8312492,,53.8312492,0.0,262.575012,0.0,,
2025-11-06 00:40:30+00:00,2025-11-06 00:40:30,38.0,40.0,40.0,38.0,38.0,11.829417633610516,304.0,BO_O2_RULE,"제어매트릭스 규칙 적용: NOX_LOW (3단계 롤백, 4단계에서 Hz 변화 없음)",38.8050003,9.05937481,1070.77502,880.950012,12.4624996,1.0,,13.6,0.0,12.46,53.8125,38.0,53.8125,0.0,262.575012,0.0,,
2025-11-06 00:40:31+00:00,2025-11-06 00:40:31,,,,,,,,,,38.8162498,9.11250019,1070.69995,880.950012,12.4624996,1.0,,13.6,0.0,12.46,53.8312492,,53.8312492,0.0,264.0,0.0,,
2025-11-06 00:40:32+00:00,2025-11-06 00:40:32,,,,,,,,,,38.8050003,9.11250019,1070.47498,881.025024,12.4624996,1.0,,13.6,0.0,12.46,53.8312492,,53.8312492,0.0,264.075012,0.0,,
2025-11-06 00:40:33+00:00,2025-11-06 00:40:33,,,,,,,,,,38.7975006,9.16874981,1070.32495,881.025024,12.4624996,1.0,,13.6,0.0,12.46,53.8125,,53.8125,0.0,264.0,0.0,,
2025-11-06 00:40:34+00:00,2025-11-06 00:40:34,,,,,,,,,,38.7900009,9.16874981,1070.09998,881.025024,12.4624996,1.0,,13.6,0.0,12.46,53.8125,,53.8125,0.0,264.0,0.0,,
2025-11-06 00:40:35+00:00,2025-11-06 00:40:35,38.0,40.0,40.0,38.0,38.0,11.348811246570548,304.0,BO_O2_RULE,"제어매트릭스 규칙 적용: NOX_LOW (3단계 롤백, 4단계에서 Hz 변화 없음)",38.7975006,9.21875,1069.94995,881.025024,12.625,1.0,,13.6,0.0,12.52,53.8312492,,53.8312492,0.0,264.0,0.0,,
2025-11-06 00:40:36+00:00,2025-11-06 00:40:36,,,,,,,,,,38.7975006,9.27187538,1069.65002,881.099976,12.625,1.0,,13.6,0.0,12.52,53.8312492,,53.8312492,0.0,264.075012,0.0,,
2025-11-06 00:40:37+00:00,2025-11-06 00:40:37,,,,,,,,,,38.8087502,9.27187538,1069.42505,881.174988,12.6374998,1.0,,13.6,0.0,12.52,53.8312492,,53.8312492,0.0,264.075012,0.0,,
2025-11-06 00:40:38+00:00,2025-11-06 00:40:38,,,,,,,,,,38.8012505,9.33281231,1069.19995,881.25,12.625,1.0,,13.6,0.0,12.52,53.8125,,53.8125,0.0,264.0,0.0,,
2025-11-06 00:40:39+00:00,2025-11-06 00:40:39,,,,,,,,,,38.8087502,9.40312481,1068.97498,881.25,12.6374998,1.0,,13.6,0.0,12.52,53.8125,,53.8125,0.0,264.0,0.0,,
2025-11-06 00:40:40+00:00,2025-11-06 00:40:40,39.0,39.0,39.0,39.0,39.0,12.142286458234764,100.0,BO_ONLY,"BO 모델 결과만 사용 (1단계 롤백, 2~4단계에서 Hz 변화 없음)",38.8012505,9.40312481,1068.75,881.25,12.7124996,1.0,,13.6,0.0,12.52,53.8312492,,53.8312492,0.0,264.075012,0.0,,
2025-11-06 00:40:41+00:00,2025-11-06 00:40:41,,,,,,,,,,38.7975006,9.47187519,1068.52502,881.25,12.7124996,1.0,,13.6,0.0,12.52,53.8312492,,53.8312492,0.0,264.0,0.0,,
2025-11-06 00:40:42+00:00,2025-11-06 00:40:42,,,,,,,,,,38.7900009,9.47187519,1068.30005,881.325012,12.7124996,1.0,,13.6,0.0,12.52,53.8125,,53.8125,0.0,264.0,0.0,,
2025-11-06 00:40:43+00:00,2025-11-06 00:40:43,,,,,,,,,,39.8137512,9.53437519,1068.15002,881.325012,12.7124996,1.0,,13.6,0.0,12.52,53.8125,,53.8125,0.0,264.075012,0.0,,
2025-11-06 00:40:44+00:00,2025-11-06 00:40:44,,,,,,,,,,39.9075012,9.58906269,1067.92505,881.400024,12.7124996,1.0,,13.6,0.0,12.52,53.8312492,,53.8312492,0.0,264.075012,0.0,,
2025-11-06 00:40:45+00:00,2025-11-06 00:40:45,39.0,39.0,39.0,39.0,39.0,12.027792812014058,100.0,BO_ONLY,"BO 모델 결과만 사용 (1단계 롤백, 2~4단계에서 Hz 변화 없음)",39.9187508,9.58906269,1067.77502,881.400024,12.8000002,1.0,,13.6,0.0,12.77,53.8312492,38.0,53.8312492,0.0,264.0,0.0,,
2025-11-06 00:40:46+00:00,2025-11-06 00:40:46,,,,,,,,,,39.9112511,9.64687538,1067.47498,881.474976,12.8000002,1.0,,13.6,0.0,12.77,53.8125,,53.8125,0.0,262.649994,0.0,,
2025-11-06 00:40:47+00:00,2025-11-06 00:40:47,,,,,,,,,,39.9225006,9.69999981,1067.32495,881.474976,12.8000002,1.0,,13.6,0.0,12.77,54.1687508,,54.1687508,0.0,262.575012,0.0,,
2025-11-06 00:40:48+00:00,2025-11-06 00:40:48,,,,,,,,,,39.9187508,9.69999981,1067.02502,881.474976,12.8000002,1.0,,13.6,0.0,12.77,55.2562485,,55.2562485,0.0,262.575012,0.0,,
2025-11-06 00:40:49+00:00,2025-11-06 00:40:49,,,,,,,,,,39.9225006,9.74687481,1066.875,881.549988,12.8000002,1.0,,13.6,0.0,12.77,55.6312485,,55.6312485,0.0,262.575012,0.0,,
2025-11-06 00:40:50+00:00,2025-11-06 00:40:50,39.0,39.0,39.0,39.0,39.0,12.166269301092955,100.0,BO_ONLY,"BO 모델 결과만 사용 (1단계 롤백, 2~4단계에서 Hz 변화 없음)",39.9187508,9.74687481,1066.57495,881.549988,12.5500002,1.0,,13.6,0.0,12.77,56.3624992,,56.3624992,0.0,262.575012,0.0,,
2025-11-06 00:40:51+00:00,2025-11-06 00:40:51,,,,,,,,,,39.9150009,9.78593731,1066.42505,881.549988,12.5500002,1.0,,13.6,0.0,12.77,56.7562485,,56.7562485,0.0,260.924988,0.0,,
2025-11-06 00:40:52+00:00,2025-11-06 00:40:52,,,,,,,,,,39.9112511,9.80937481,1066.125,881.549988,12.5500002,1.0,,13.6,0.0,12.77,56.7562485,,56.7562485,0.0,261.075012,0.0,,
2025-11-06 00:40:53+00:00,2025-11-06 00:40:53,,,,,,,,,,39.9112511,9.80937481,1065.97498,881.625,12.5500002,1.0,,13.6,0.0,12.77,56.7562485,,56.7562485,0.0,261.075012,0.0,,
2025-11-06 00:40:54+00:00,2025-11-06 00:40:54,,,,,,,,,,39.9150009,9.8359375,1065.67505,881.625,12.5500002,1.0,,13.6,0.0,12.77,56.7562485,,56.7562485,0.0,261.0,0.0,,
2025-11-06 00:40:55+00:00,2025-11-06 00:40:55,38.0,38.0,39.0,38.0,38.0,11.188293659725998,304.0,BO_O2_RULE,"제어매트릭스 규칙 적용: NOX_LOW (3단계 롤백, 4단계에서 Hz 변화 없음)",39.9225006,9.8671875,1065.52502,881.700012,12.8000002,1.0,,13.6,0.0,12.67,56.7562485,,56.7562485,0.0,261.075012,0.0,,
2025-11-06 00:40:56+00:00,2025-11-06 00:40:56,,,,,,,,,,39.9187508,9.8671875,1065.22498,881.700012,12.8000002,1.0,,13.6,0.0,12.67,57.09375,,57.09375,0.0,261.075012,0.0,,
2025-11-06 00:40:57+00:00,2025-11-06 00:40:57,,,,,,,,,,39.8250008,9.90156269,1065.0,881.775024,12.8000002,1.0,,13.6,0.0,12.67,57.1312485,,57.1312485,0.0,261.075012,0.0,,
2025-11-06 00:40:58+00:00,2025-11-06 00:40:58,,,,,,,,,,38.90625,9.90156269,1064.77502,881.700012,12.8000002,1.0,,13.6,0.0,12.67,57.1312485,,57.1312485,0.0,261.0,0.0,,
2025-11-06 00:40:59+00:00,2025-11-06 00:40:59,,,,,,,,,,38.8162498,9.93281269,1064.55005,881.775024,12.8000002,1.0,,13.6,0.0,12.67,56.7562485,,56.7562485,0.0,261.075012,0.0,,
2025-11-06 00:41:00+00:00,2025-11-06 00:41:00,38.0,38.0,39.0,38.0,38.0,11.694514932995245,304.0,BO_O2_RULE,"제어매트릭스 규칙 적용: NOX_LOW (3단계 롤백, 4단계에서 Hz 변화 없음)",38.8087502,9.953125,1064.32495,881.775024,13.0500002,1.0,,13.6,0.0,12.67,56.7562485,38.0,56.7562485,0.0,261.075012,0.0,,
2025-11-06 00:41:01+00:00,2025-11-06 00:41:01,,,,,,,,,,38.8050003,9.953125,1064.17505,881.775024,13.0500002,1.0,,13.6,0.0,12.67,56.7562485,,56.7562485,0.0,261.149994,0.0,,
2025-11-06 00:41:02+00:00,2025-11-06 00:41:02,,,,,,,,,,38.7900009,9.97968769,1063.94995,881.849976,13.0500002,1.0,,13.6,0.0,12.67,55.7437515,,55.7437515,0.0,260.924988,0.0,,
2025-11-06 00:41:03+00:00,2025-11-06 00:41:03,,,,,,,,,,38.8012505,10.0140629,1063.72498,881.849976,13.0500002,1.0,,13.6,0.0,12.67,55.2750015,,55.2750015,0.0,261.075012,0.0,,
2025-11-06 00:41:04+00:00,2025-11-06 00:41:04,,,,,,,,,,38.7975006,10.0140629,1063.5,881.849976,13.0500002,1.0,,13.6,0.0,12.67,54.4874992,,54.4874992,0.0,260.850006,0.0,,
2025-11-06 00:41:05+00:00,2025-11-06 00:41:05,39.0,38.0,39.0,39.0,39.0,12.037482267769757,207.0,BO_O2,"O2 규칙 적용: 10.0% (9.0% < O2 ≤ 10.0%) (2단계 롤백, 3~4단계에서 Hz 변화 없음)",38.8012505,10.0546875,1063.27502,881.849976,13.3999996,1.0,,13.6,0.0,13.19,53.8125,,53.8125,0.0,261.0,0.0,,
2025-11-06 00:41:06+00:00,2025-11-06 00:41:06,,,,,,,,,,38.7937508,10.0546875,1063.05005,881.849976,13.3874998,1.0,,13.6,0.0,13.19,53.8312492,,53.8312492,0.0,261.075012,0.0,,
2025-11-06 00:41:07+00:00,2025-11-06 00:41:07,,,,,,,,,,38.8125,10.0906248,1062.82495,881.849976,13.3874998,1.0,,13.6,0.0,13.19,53.8125,,53.8125,0.0,261.075012,0.0,,
2025-11-06 00:41:08+00:00,2025-11-06 00:41:08,,,,,,,,,,39.8287506,10.1187496,1062.59998,881.849976,13.3874998,1.0,,13.6,0.0,13.19,53.8312492,,53.8312492,0.0,260.850006,0.0,,
2025-11-06 00:41:09+00:00,2025-11-06 00:41:09,,,,,,,,,,39.9075012,10.1187496,1062.375,881.849976,13.3874998,1.0,,13.6,0.0,13.19,53.8312492,,53.8312492,0.0,261.075012,0.0,,
2025-11-06 00:41:10+00:00,2025-11-06 00:41:10,38.0,38.0,38.0,38.0,38.0,12.914638499853515,100.0,BO_ONLY,"BO 모델 결과만 사용 (1단계 롤백, 2~4단계에서 Hz 변화 없음)",39.9150009,10.1484375,1062.15002,881.924988,13.3000002,1.0,,13.6,0.0,13.19,53.8312492,,53.8312492,0.0,261.075012,0.0,,
2025-11-06 00:41:11+00:00,2025-11-06 00:41:11,,,,,,,,,,39.9150009,10.1796875,1061.92505,881.849976,13.3000002,1.0,,13.6,0.0,13.19,53.8125,,53.8125,0.0,260.924988,0.0,,
2025-11-06 00:41:12+00:00,2025-11-06 00:41:12,,,,,,,,,,39.4912491,10.1796875,1061.625,881.924988,13.3125,1.0,,13.6,0.0,13.19,54.2062492,,54.2062492,0.0,260.399994,0.0,,
2025-11-06 00:41:13+00:00,2025-11-06 00:41:13,,,,,,,,,,38.7937508,10.2109375,1061.47498,881.924988,13.3125,1.0,,13.6,0.0,13.19,55.2750015,,55.2750015,0.0,259.424988,0.0,,
2025-11-06 00:41:14+00:00,2025-11-06 00:41:14,,,,,,,,,,38.7975006,10.2109375,1061.09998,881.924988,13.3000002,1.0,,13.6,0.0,13.19,55.6500015,,55.6500015,0.0,259.424988,0.0,,
2025-11-06 00:41:15+00:00,2025-11-06 00:41:15,38.0,38.0,38.0,38.0,38.0,12.440715970539895,100.0,BO_ONLY,"BO 모델 결과만 사용 (1단계 롤백, 2~4단계에서 Hz 변화 없음)",38.8012505,10.2437496,1060.80005,881.924988,13.1374998,1.0,,13.6,0.0,13.42,55.9874992,38.0,55.9874992,0.0,259.350006,0.0,,
2025-11-06 00:41:16+00:00,2025-11-06 00:41:16,,,,,,,,,,38.8050003,10.2671871,1060.57495,881.924988,13.1374998,1.0,,13.6,0.0,13.42,55.6500015,,55.6500015,0.0,261.0,0.0,,
2025-11-06 00:41:17+00:00,2025-11-06 00:41:17,,,,,,,,,,38.8125,10.2671871,1060.34998,881.924988,13.1374998,1.0,,13.6,0.0,13.42,55.2750015,,55.2750015,0.0,261.075012,0.0,,
2025-11-06 00:41:18+00:00,2025-11-06 00:41:18,,,,,,,,,,38.8012505,10.2890625,1059.97498,881.924988,13.1374998,1.0,,13.6,0.0,13.42,54.7687492,,54.7687492,0.0,261.149994,0.0,,
2025-11-06 00:41:19+00:00,2025-11-06 00:41:19,,,,,,,,,,38.8012505,10.3062496,1059.67505,881.924988,13.1374998,1.0,,13.6,0.0,13.42,53.9625015,,53.9625015,0.0,260.850006,0.0,,
2025-11-06 00:41:20+00:00,2025-11-06 00:41:20,38.0,38.0,38.0,38.0,38.0,11.979362354896839,100.0,BO_ONLY,"BO 모델 결과만 사용 (1단계 롤백, 2~4단계에서 Hz 변화 없음)",38.8050003,10.3062496,1059.44995,881.924988,13.0500002,1.0,,13.6,0.0,13.42,53.8312492,,53.8312492,0.0,261.075012,0.0,,
2025-11-06 00:41:21+00:00,2025-11-06 00:41:21,,,,,,,,,,38.8012505,10.3234377,1059.07495,881.924988,13.0500002,1.0,,13.6,0.0,13.42,53.8312492,,53.8312492,0.0,261.0,0.0,,
2025-11-06 00:41:22+00:00,2025-11-06 00:41:22,,,,,,,,,,38.8087502,10.3453121,1058.84998,881.924988,13.0500002,1.0,,13.6,0.0,13.42,53.8125,,53.8125,0.0,261.0,0.0,,
2025-11-06 00:41:23+00:00,2025-11-06 00:41:23,,,,,,,,,,38.8012505,10.3453121,1058.47498,881.924988,13.0500002,1.0,,13.6,0.0,13.42,53.7937508,,53.7937508,0.0,260.850006,0.0,,
2025-11-06 00:41:24+00:00,2025-11-06 00:41:24,,,,,,,,,,38.8087502,10.3687496,1058.25,881.924988,13.0500002,1.0,,13.6,0.0,13.42,53.3812485,,53.3812485,0.0,261.075012,0.0,,
2025-11-06 00:41:25+00:00,2025-11-06 00:41:25,38.0,38.0,38.0,38.0,38.0,10.551997481438034,100.0,BO_ONLY,"BO 모델 결과만 사용 (1단계 롤백, 2~4단계에서 Hz 변화 없음)",38.7975006,10.3687496,1057.94995,881.924988,13.1374998,1.0,,13.6,0.0,13.11,53.3812485,,53.3812485,0.0,260.924988,0.0,,
2025-11-06 00:41:26+00:00,2025-11-06 00:41:26,,,,,,,,,,38.8162498,10.4031248,1057.65002,881.849976,13.1374998,1.0,,13.6,0.0,13.11,53.3812485,,53.3812485,0.0,260.924988,0.0,,
2025-11-06 00:41:27+00:00,2025-11-06 00:41:27,,,,,,,,,,38.8012505,10.4468746,1057.27502,881.924988,13.1374998,1.0,,13.6,0.0,13.11,53.3624992,,53.3624992,0.0,260.924988,0.0,,
2025-11-06 00:41:28+00:00,2025-11-06 00:41:28,,,,,,,,,,38.8087502,10.4468746,1057.05005,881.849976,13.1374998,1.0,,13.6,0.0,13.11,53.3812485,,53.3812485,0.0,259.424988,0.0,,
2025-11-06 00:41:29+00:00,2025-11-06 00:41:29,,,,,,,,,,38.8012505,10.5,1056.82495,881.849976,13.1374998,1.0,,13.6,0.0,13.11,53.3812485,,53.3812485,0.0,259.350006,0.0,,
2025-11-06 00:41:30+00:00,2025-11-06 00:41:30,38.0,38.0,38.0,38.0,38.0,11.510414125511964,100.0,BO_ONLY,"BO 모델 결과만 사용 (1단계 롤백, 2~4단계에서 Hz 변화 없음)",38.7937508,10.5609379,1056.44995,881.849976,13.3000002,1.0,,13.6,0.0,13.11,53.3812485,38.0,53.3812485,0.0,261.075012,0.0,,
2025-11-06 00:41:31+00:00,2025-11-06 00:41:31,,,,,,,,,,38.7975006,10.5609379,1056.22498,881.849976,13.3125,1.0,,13.6,0.0,13.11,53.3624992,,53.3624992,0.0,259.350006,0.0,,
2025-11-06 00:41:32+00:00,2025-11-06 00:41:32,,,,,,,,,,38.8050003,10.6203127,1055.84998,881.849976,13.3125,1.0,,13.6,0.0,13.11,53.3812485,,53.3812485,0.0,259.350006,0.0,,
2025-11-06 00:41:33+00:00,2025-11-06 00:41:33,,,,,,,,,,38.8050003,10.6203127,1055.84998,881.849976,13.3125,1.0,,13.6,0.0,13.11,53.3812485,,53.3812485,0.0,259.350006,0.0,,
2025-11-06 00:41:34+00:00,2025-11-06 00:41:34,,,,,,,,,,38.8012505,10.6656246,1055.25,881.849976,13.3125,1.0,,13.6,0.0,13.11,53.3812485,,53.3812485,0.0,259.350006,0.0,,
2025-11-06 00:41:35+00:00,2025-11-06 00:41:35,38.0,38.0,38.0,38.0,38.0,11.943994447909581,100.0,BO_ONLY,"BO 모델 결과만 사용 (1단계 롤백, 2~4단계에서 Hz 변화 없음)",38.7937508,10.7078123,1054.80005,881.849976,13.2250004,1.0,,13.6,0.0,13.38,53.3812485,,53.3812485,0.0,259.350006,0.0,,
2025-11-06 00:41:36+00:00,2025-11-06 00:41:36,,,,,,,,,,38.7937508,10.7078123,1054.57495,881.849976,13.2250004,1.0,,13.6,0.0,13.38,53.3812485,,53.3812485,0.0,259.350006,0.0,,
2025-11-06 00:41:37+00:00,2025-11-06 00:41:37,,,,,,,,,,38.8087502,10.7406254,1054.34998,881.849976,13.2250004,1.0,,13.6,0.0,13.38,53.3812485,,53.3812485,0.0,259.350006,0.0,,
2025-11-06 00:41:38+00:00,2025-11-06 00:41:38,,,,,,,,,,38.8050003,10.7718754,1053.90002,881.775024,13.2250004,1.0,,13.6,0.0,13.38,53.3812485,,53.3812485,0.0,259.424988,0.0,,
2025-11-06 00:41:39+00:00,2025-11-06 00:41:39,,,,,,,,,,38.7975006,10.7718754,1053.44995,881.775024,13.2250004,1.0,,13.6,0.0,13.38,53.3624992,,53.3624992,0.0,259.350006,0.0,,
2025-11-06 00:41:40+00:00,2025-11-06 00:41:40,38.0,39.0,39.0,38.0,38.0,11.756647133003284,304.0,BO_O2_RULE,"제어매트릭스 규칙 적용: NOX_LOW (3단계 롤백, 4단계에서 Hz 변화 없음)",38.8050003,10.7937498,1053.15002,881.775024,13.3000002,1.0,,13.6,0.0,13.38,53.3812485,,53.3812485,0.0,261.075012,0.0,,
2025-11-06 00:41:41+00:00,2025-11-06 00:41:41,,,,,,,,,,38.7975006,10.7937498,1052.69995,881.775024,13.3000002,1.0,,13.6,0.0,13.38,53.3812485,,53.3812485,0.0,260.850006,0.0,,
2025-11-06 00:41:42+00:00,2025-11-06 00:41:42,,,,,,,,,,38.8012505,10.8093748,1052.40002,881.775024,13.3000002,1.0,,13.6,0.0,13.38,53.3812485,,53.3812485,0.0,260.924988,0.0,,
2025-11-06 00:41:43+00:00,2025-11-06 00:41:43,,,,,,,,,,38.8087502,10.8203125,1052.02502,881.775024,13.3000002,1.0,,13.6,0.0,13.38,53.3812485,,53.3812485,0.0,261.075012,0.0,,
2025-11-06 00:41:44+00:00,2025-11-06 00:41:44,,,,,,,,,,38.7975006,10.8203125,1051.57495,881.775024,13.3000002,1.0,,13.6,0.0,13.38,53.3812485,,53.3812485,0.0,261.075012,0.0,,
2025-11-06 00:41:45+00:00,2025-11-06 00:41:45,38.0,39.0,39.0,38.0,38.0,11.78505401792004,304.0,BO_O2_RULE,"제어매트릭스 규칙 적용: NOX_LOW (3단계 롤백, 4단계에서 Hz 변화 없음)",38.8012505,10.8406248,1051.05005,881.700012,13.3000002,1.0,,13.6,0.0,13.4,53.3812485,38.0,53.3812485,0.0,261.075012,0.0,,
2025-11-06 00:41:46+00:00,2025-11-06 00:41:46,,,,,,,,,,38.7937508,10.8656254,1050.75,881.700012,13.3000002,1.0,,13.6,0.0,13.4,53.3812485,,53.3812485,0.0,260.850006,0.0,,
2025-11-06 00:41:47+00:00,2025-11-06 00:41:47,,,,,,,,,,38.8087502,10.8656254,1050.375,881.625,13.3000002,1.0,,13.6,0.0,13.4,53.3812485,,53.3812485,0.0,262.424988,0.0,,
2025-11-06 00:41:48+00:00,2025-11-06 00:41:48,,,,,,,,,,38.7975006,10.8921871,1049.84998,881.625,13.3125,1.0,,13.6,0.0,13.4,53.4937515,,53.4937515,0.0,262.575012,0.0,,
2025-11-06 00:41:49+00:00,2025-11-06 00:41:49,,,,,,,,,,38.8087502,10.8921871,1049.32495,881.549988,13.3125,1.0,,13.6,0.0,13.4,53.8312492,,53.8312492,0.0,262.575012,0.0,,
2025-11-06 00:41:50+00:00,2025-11-06 00:41:50,38.0,39.0,39.0,38.0,38.0,11.727269985174763,304.0,BO_O2_RULE,"제어매트릭스 규칙 적용: NOX_LOW (3단계 롤백, 4단계에서 Hz 변화 없음)",38.8125,10.9140625,1048.94995,881.549988,13.3000002,1.0,,13.6,0.0,13.4,53.8125,,53.8125,0.0,262.575012,0.0,,
2025-11-06 00:41:51+00:00,2025-11-06 00:41:51,,,,,,,,,,38.7975006,10.9453125,1048.57495,881.549988,13.3000002,1.0,,13.6,0.0,13.4,53.8125,,53.8125,0.0,262.575012,0.0,,
2025-11-06 00:41:52+00:00,2025-11-06 00:41:52,,,,,,,,,,38.8050003,10.9453125,1048.05005,881.474976,13.3125,1.0,,13.6,0.0,13.4,53.8125,,53.8125,0.0,262.575012,0.0,,
2025-11-06 00:41:53+00:00,2025-11-06 00:41:53,,,,,,,,,,38.8012505,10.9828129,1047.59998,881.474976,13.3000002,1.0,,13.6,0.0,13.4,53.8312492,,53.8312492,0.0,262.575012,0.0,,
2025-11-06 00:41:54+00:00,2025-11-06 00:41:54,,,,,,,,,,38.8050003,11.0265627,1047.15002,881.474976,13.3000002,1.0,,13.6,0.0,13.4,53.8312492,,53.8312492,0.0,262.575012,0.0,,
2025-11-06 00:41:55+00:00,2025-11-06 00:41:55,38.0,39.0,39.0,38.0,38.0,11.909878014181123,304.0,BO_O2_RULE,"제어매트릭스 규칙 적용: NOX_LOW (3단계 롤백, 4단계에서 Hz 변화 없음)",38.8012505,11.0265627,1046.84998,881.474976,13.3874998,1.0,,13.6,0.0,13.44,53.8312492,,53.8312492,0.0,262.575012,0.0,,
2025-11-06 00:41:56+00:00,2025-11-06 00:41:56,,,,,,,,,,38.7975006,11.0734377,1046.32495,881.400024,13.3874998,1.0,,13.6,0.0,13.44,53.8125,,53.8125,0.0,262.575012,0.0,,
2025-11-06 00:41:57+00:00,2025-11-06 00:41:57,,,,,,,,,,38.7975006,11.0734377,1045.94995,881.400024,13.3874998,1.0,,13.6,0.0,13.44,53.8125,,53.8125,0.0,262.575012,0.0,,
2025-11-06 00:41:58+00:00,2025-11-06 00:41:58,,,,,,,,,,38.8050003,11.1125002,1045.42505,881.325012,13.3874998,1.0,,13.6,0.0,13.44,53.8312492,,53.8312492,0.0,262.649994,0.0,,
2025-11-06 00:41:59+00:00,2025-11-06 00:41:59,,,,,,,,,,38.8050003,11.1453123,1044.97498,881.325012,13.3874998,1.0,,13.6,0.0,13.44,53.8312492,,53.8312492,0.0,262.575012,0.0,,
2025-11-06 00:42:00+00:00,2025-11-06 00:42:00,39.0,39.0,39.0,39.0,39.0,12.230957980963602,100.0,BO_ONLY,"BO 모델 결과만 사용 (1단계 롤백, 2~4단계에서 Hz 변화 없음)",38.7975006,11.1453123,1044.67505,881.325012,13.3874998,1.0,,13.6,0.0,13.44,53.8125,38.0,53.8125,0.0,262.575012,0.0,,
2025-11-06 00:42:01+00:00,2025-11-06 00:42:01,,,,,,,,,,38.8012505,11.1734371,1044.07495,881.25,13.3999996,1.0,,13.6,0.0,13.44,53.8312492,,53.8312492,0.0,262.575012,0.0,,
2025-11-06 00:42:02+00:00,2025-11-06 00:42:02,,,,,,,,,,38.8050003,11.2093754,1043.69995,881.174988,13.3874998,1.0,,13.6,0.0,13.44,53.8125,,53.8125,0.0,262.649994,0.0,,
2025-11-06 00:42:03+00:00,2025-11-06 00:42:03,,,,,,,,,,38.8162498,11.2093754,1043.32495,881.25,13.3999996,1.0,,13.6,0.0,13.44,53.8312492,,53.8312492,0.0,262.575012,0.0,,
2025-11-06 00:42:04+00:00,2025-11-06 00:42:04,,,,,,,,,,38.8162498,11.2437496,1042.72498,881.174988,13.3999996,1.0,,13.6,0.0,13.44,53.8125,,53.8125,0.0,262.575012,0.0,,
2025-11-06 00:42:05+00:00,2025-11-06 00:42:05,39.0,39.0,39.0,39.0,39.0,12.285394261262393,100.0,BO_ONLY,"BO 모델 결과만 사용 (1단계 롤백, 2~4단계에서 Hz 변화 없음)",38.7975006,11.2437496,1042.19995,881.099976,13.4750004,1.0,,13.6,0.0,13.45,53.8312492,,53.8312492,0.0,262.575012,0.0,,
2025-11-06 00:42:06+00:00,2025-11-06 00:42:06,,,,,,,,,,38.7937508,11.265625,1041.82495,881.099976,13.4750004,1.0,,13.6,0.0,13.45,53.8312492,,53.8312492,0.0,262.575012,0.0,,
2025-11-06 00:42:07+00:00,2025-11-06 00:42:07,,,,,,,,,,38.7975006,11.2734375,1041.30005,881.025024,13.4750004,1.0,,13.6,0.0,13.45,53.8125,,53.8125,0.0,261.075012,0.0,,
2025-11-06 00:42:08+00:00,2025-11-06 00:42:08,,,,,,,,,,38.8050003,11.2734375,1040.92505,881.025024,13.4750004,1.0,,13.6,0.0,13.45,53.8125,,53.8125,0.0,261.0,0.0,,
2025-11-06 00:42:09+00:00,2025-11-06 00:42:09,,,,,,,,,,38.8199997,11.2671871,1040.32495,880.950012,13.4750004,1.0,,13.6,0.0,13.45,53.8312492,,53.8312492,0.0,261.149994,0.0,,
2025-11-06 00:42:10+00:00,2025-11-06 00:42:10,39.0,39.0,39.0,39.0,39.0,12.275299845487883,100.0,BO_ONLY,"BO 모델 결과만 사용 (1단계 롤백, 2~4단계에서 Hz 변화 없음)",38.8012505,11.2546873,1040.02502,880.950012,13.6374998,1.0,,13.6,0.0,13.45,53.8312492,,53.8312492,0.0,261.149994,0.0,,
2025-11-06 00:42:11+00:00,2025-11-06 00:42:11,,,,,,,,,,38.8087502,11.2546873,1039.5,880.950012,13.6499996,1.0,,13.6,0.0,13.45,53.8125,,53.8125,0.0,260.850006,0.0,,
2025-11-06 00:42:12+00:00,2025-11-06 00:42:12,,,,,,,,,,38.8012505,11.2406254,1039.19995,880.875,13.6499996,1.0,,13.6,0.0,13.45,53.8312492,,53.8312492,0.0,261.149994,0.0,,
2025-11-06 00:42:13+00:00,2025-11-06 00:42:13,,,,,,,,,,38.8050003,11.2406254,1038.75,880.799988,13.6374998,1.0,,13.6,0.0,13.45,53.8312492,,53.8312492,0.0,260.924988,0.0,,
2025-11-06 00:42:14+00:00,2025-11-06 00:42:14,,,,,,,,,,38.8087502,11.2203121,1038.44995,880.799988,13.6499996,1.0,,13.6,0.0,13.45,53.8312492,,53.8312492,0.0,261.0,0.0,,
2025-11-06 00:42:15+00:00,2025-11-06 00:42:15,39.0,39.0,39.0,39.0,39.0,12.617479008079783,100.0,BO_ONLY,"BO 모델 결과만 사용 (1단계 롤백, 2~4단계에서 Hz 변화 없음)",38.7900009,11.1890621,1038.0,880.724976,13.6499996,1.0,,13.6,0.0,13.74,53.8125,38.0,53.8125,0.0,260.850006,0.0,,
2025-11-06 00:42:16+00:00,2025-11-06 00:42:16,,,,,,,,,,38.7975006,11.1890621,1037.69995,880.724976,13.6374998,1.0,,13.6,0.0,13.74,53.8125,,53.8125,0.0,261.075012,0.0,,
2025-11-06 00:42:17+00:00,2025-11-06 00:42:17,,,,,,,,,,38.8125,11.1515627,1037.32495,880.650024,13.6499996,1.0,,13.6,0.0,13.74,53.8312492,,53.8312492,0.0,260.850006,0.0,,
2025-11-06 00:42:18+00:00,2025-11-06 00:42:18,,,,,,,,,,38.8125,11.1515627,1037.32495,880.650024,13.6499996,1.0,,13.6,0.0,13.74,53.8312492,,53.8312492,0.0,260.850006,0.0,,
2025-11-06 00:42:19+00:00,2025-11-06 00:42:19,,,,,,,,,,38.8012505,11.1140623,1036.72498,880.575012,13.6499996,1.0,,13.6,0.0,13.74,53.8125,,53.8125,0.0,261.075012,0.0,,
2025-11-06 00:42:20+00:00,2025-11-06 00:42:20,39.0,39.0,39.0,39.0,39.0,12.449815582017925,100.0,BO_ONLY,"BO 모델 결과만 사용 (1단계 롤백, 2~4단계에서 Hz 변화 없음)",38.8087502,11.0812502,1036.5,880.575012,13.6374998,1.0,,13.6,0.0,13.74,53.8125,,53.8125,0.0,261.149994,0.0,,
2025-11-06 00:42:21+00:00,2025-11-06 00:42:21,,,,,,,,,,38.8387489,11.0812502,1036.27502,880.5,13.6499996,1.0,,13.6,0.0,13.74,53.8312492,,53.8312492,0.0,261.149994,0.0,,
2025-11-06 00:42:22+00:00,2025-11-06 00:42:22,,,,,,,,,,38.8012505,11.0484371,1036.05005,880.5,13.6374998,1.0,,13.6,0.0,13.74,53.8125,,53.8125,0.0,261.075012,0.0,,
2025-11-06 00:42:23+00:00,2025-11-06 00:42:23,,,,,,,,,,38.8012505,11.0109377,1035.82495,880.424988,13.6499996,1.0,,13.6,0.0,13.74,53.8125,,53.8125,0.0,261.075012,0.0,,
2025-11-06 00:42:24+00:00,2025-11-06 00:42:24,,,,,,,,,,38.8087502,11.0109377,1035.67505,880.424988,13.6499996,1.0,,13.6,0.0,13.74,53.8312492,,53.8312492,0.0,261.075012,0.0,,
2025-11-06 00:42:25+00:00,2025-11-06 00:42:25,39.0,39.0,39.0,39.0,39.0,12.570232752835793,100.0,BO_ONLY,"BO 모델 결과만 사용 (1단계 롤백, 2~4단계에서 Hz 변화 없음)",38.8087502,11.0109377,1035.67505,880.424988,13.6499996,1.0,,13.6,0.0,13.78,53.8312492,,53.8312492,0.0,261.075012,0.0,,
2025-11-06 00:42:26+00:00,2025-11-06 00:42:26,,,,,,,,,,38.8012505,10.8671875,1035.375,880.349976,13.6374998,1.0,,13.6,0.0,13.78,53.8125,,53.8125,0.0,260.850006,0.0,,
2025-11-06 00:42:27+00:00,2025-11-06 00:42:27,,,,,,,,,,38.7975006,10.8671875,1035.22498,880.275024,13.6499996,1.0,,13.6,0.0,13.78,53.3812485,,53.3812485,0.0,261.149994,0.0,,
2025-11-06 00:42:28+00:00,2025-11-06 00:42:28,,,,,,,,,,38.8050003,10.7734375,1035.22498,880.275024,13.6499996,1.0,,13.6,0.0,13.78,53.3812485,,53.3812485,0.0,261.149994,0.0,,
2025-11-06 00:42:29+00:00,2025-11-06 00:42:29,,,,,,,,,,38.7937508,10.7734375,1035.22498,880.275024,13.6875,1.0,,13.6,0.0,13.78,53.3812485,,53.3812485,0.0,261.0,0.0,,
2025-11-06 00:42:30+00:00,2025-11-06 00:42:30,38.0,39.0,39.0,38.0,38.0,11.612295395895812,304.0,BO_O2_RULE,"제어매트릭스 규칙 적용: NOX_LOW (3단계 롤백, 4단계에서 Hz 변화 없음)",38.8050003,10.6656246,1035.22498,880.275024,13.8125,1.0,,13.6,0.0,13.78,53.3812485,38.0,53.3812485,0.0,261.075012,0.0,,
2025-11-06 00:42:31+00:00,2025-11-06 00:42:31,,,,,,,,,,38.8012505,10.53125,1035.22498,880.125,13.8125,1.0,,13.6,0.0,13.78,53.3624992,,53.3624992,0.0,261.075012,0.0,,
2025-11-06 00:42:32+00:00,2025-11-06 00:42:32,,,,,,,,,,38.7975006,10.53125,1035.30005,880.125,13.8000002,1.0,,13.6,0.0,13.78,53.3812485,,53.3812485,0.0,261.075012,0.0,,
2025-11-06 00:42:33+00:00,2025-11-06 00:42:33,,,,,,,,,,38.8087502,10.4015627,1035.44995,880.125,13.8125,1.0,,13.6,0.0,13.78,53.3812485,,53.3812485,0.0,261.0,0.0,,
2025-11-06 00:42:34+00:00,2025-11-06 00:42:34,,,,,,,,,,38.8012505,10.2734375,1035.52502,880.125,13.8125,1.0,,13.6,0.0,13.78,53.3812485,,53.3812485,0.0,261.075012,0.0,,
2025-11-06 00:42:35+00:00,2025-11-06 00:42:35,39.0,39.0,39.0,39.0,39.0,12.719571743045476,100.0,BO_ONLY,"BO 모델 결과만 사용 (1단계 롤백, 2~4단계에서 Hz 변화 없음)",38.8012505,10.2734375,1035.52502,880.125,13.8125,1.0,,13.6,0.0,13.92,53.3812485,,53.3812485,0.0,261.075012,0.0,,
2025-11-06 00:42:36+00:00,2025-11-06 00:42:36,,,,,,,,,,38.8012505,10.1546879,1035.75,880.049988,13.7250004,1.0,,13.6,0.0,13.92,53.3624992,,53.3624992,0.0,261.0,0.0,,
2025-11-06 00:42:37+00:00,2025-11-06 00:42:37,,,,,,,,,,38.8125,10.1546879,1035.90002,880.049988,13.7250004,1.0,,13.6,0.0,13.92,53.3812485,,53.3812485,0.0,261.0,0.0,,
2025-11-06 00:42:38+00:00,2025-11-06 00:42:38,,,,,,,,,,38.8125,10.0531254,1036.05005,880.049988,13.7250004,1.0,,13.6,0.0,13.92,53.3812485,,53.3812485,0.0,260.25,0.0,,
2025-11-06 00:42:39+00:00,2025-11-06 00:42:39,,,,,,,,,,38.7937508,9.9453125,1036.27502,879.974976,13.7250004,1.0,,13.6,0.0,13.92,53.3812485,,53.3812485,0.0,259.350006,0.0,,
2025-11-06 00:42:40+00:00,2025-11-06 00:42:40,39.0,39.0,39.0,39.0,39.0,12.283368876100404,100.0,BO_ONLY,"BO 모델 결과만 사용 (1단계 롤백, 2~4단계에서 Hz 변화 없음)",38.8012505,9.9453125,1036.57495,879.974976,13.7250004,1.0,,13.6,0.0,13.92,53.3812485,,53.3812485,0.0,259.350006,0.0,,
2025-11-06 00:42:41+00:00,2025-11-06 00:42:41,,,,,,,,,,38.8050003,9.82343769,1036.80005,879.900024,13.7375002,1.0,,13.6,0.0,13.92,53.3812485,,53.3812485,0.0,259.350006,0.0,,
2025-11-06 00:42:42+00:00,2025-11-06 00:42:42,,,,,,,,,,38.7975006,9.6875,1036.94995,879.900024,13.7250004,1.0,,13.6,0.0,13.92,53.3812485,,53.3812485,0.0,259.350006,0.0,,
2025-11-06 00:42:43+00:00,2025-11-06 00:42:43,,,,,,,,,,38.8050003,9.6875,1037.25,879.825012,13.7250004,1.0,,13.6,0.0,13.92,53.3812485,,53.3812485,0.0,259.350006,0.0,,
2025-11-06 00:42:44+00:00,2025-11-06 00:42:44,,,,,,,,,,38.8199997,9.53281212,1037.40002,879.900024,13.7250004,1.0,,13.6,0.0,13.92,53.3624992,,53.3624992,0.0,259.350006,0.0,,
2025-11-06 00:42:45+00:00,2025-11-06 00:42:45,39.0,38.0,39.0,39.0,39.0,12.283368876100404,207.0,BO_O2,"O2 규칙 적용: 9.7% (9.0% < O2 ≤ 10.0%) (2단계 롤백, 3~4단계에서 Hz 변화 없음)",38.8087502,9.53281212,1037.69995,879.825012,13.4750004,1.0,,13.6,0.0,13.79,53.3812485,38.0,53.3812485,0.0,259.424988,0.0,,
2025-11-06 00:42:46+00:00,2025-11-06 00:42:46,,,,,,,,,,38.8050003,9.3671875,1037.84998,879.825012,13.4750004,1.0,,13.6,0.0,13.79,53.3812485,,53.3812485,0.0,259.350006,0.0,,
2025-11-06 00:42:47+00:00,2025-11-06 00:42:47,,,,,,,,,,39.3787498,9.1953125,1038.22498,879.825012,13.4750004,1.0,,13.6,0.0,13.79,53.3812485,,53.3812485,0.0,259.424988,0.0,,
2025-11-06 00:42:48+00:00,2025-11-06 00:42:48,,,,,,,,,,39.9000015,9.1953125,1038.375,879.825012,13.4750004,1.0,,13.6,0.0,13.79,53.3624992,,53.3624992,0.0,259.350006,0.0,,
2025-11-06 00:42:49+00:00,2025-11-06 00:42:49,,,,,,,,,,39.9150009,9.01718712,1038.67505,879.825012,13.3999996,1.0,,13.6,0.0,13.79,53.3812485,,53.3812485,0.0,259.350006,0.0,,
2025-11-06 00:42:50+00:00,2025-11-06 00:42:50,38.0,38.0,39.0,38.0,38.0,10.738037772449447,304.0,BO_O2_RULE,"제어매트릭스 규칙 적용: NOX_LOW (3단계 롤백, 4단계에서 Hz 변화 없음)",39.9075012,8.8359375,1038.90002,879.825012,13.1374998,1.0,,13.6,0.0,13.79,53.8125,,53.8125,0.0,259.424988,0.0,,
2025-11-06 00:42:51+00:00,2025-11-06 00:42:51,,,,,,,,,,39.9112511,8.8359375,1039.19995,879.825012,13.1374998,1.0,,13.6,0.0,13.79,54.0562515,,54.0562515,0.0,259.350006,0.0,,
2025-11-06 00:42:52+00:00,2025-11-06 00:42:52,,,,,,,,,,39.3187485,8.65937519,1039.42505,879.825012,13.1374998,1.0,,13.6,0.0,13.79,54.8812485,,54.8812485,0.0,259.274994,0.0,,
2025-11-06 00:42:53+00:00,2025-11-06 00:42:53,,,,,,,,,,38.8050003,8.65937519,1039.80005,879.825012,13.1374998,1.0,,13.6,0.0,13.79,55.3125,,55.3125,0.0,259.350006,0.0,,
2025-11-06 00:42:54+00:00,2025-11-06 00:42:54,,,,,,,,,,38.8125,8.49843788,1040.02502,879.825012,13.1374998,1.0,,13.6,0.0,13.79,56.0062485,,56.0062485,0.0,259.424988,0.0,,
2025-11-06 00:42:55+00:00,2025-11-06 00:42:55,38.0,44.0,44.0,38.0,38.0,10.198119674097493,304.0,BO_O2_RULE,"제어매트릭스 규칙 적용: NOX_LOW (3단계 롤백, 4단계에서 Hz 변화 없음)",38.8125,8.49843788,1040.02502,879.825012,13.1374998,1.0,,13.6,0.0,13.25,56.0062485,,56.0062485,0.0,259.424988,0.0,,
2025-11-06 00:42:56+00:00,2025-11-06 00:42:56,,,,,,,,,,38.8162498,8.35468769,1040.69995,879.825012,13.3000002,1.0,,13.6,0.0,13.25,55.2937508,,55.2937508,0.0,259.350006,0.0,,
2025-11-06 00:42:57+00:00,2025-11-06 00:42:57,,,,,,,,,,38.7937508,8.21562481,1041.22498,879.825012,13.3000002,1.0,,13.6,0.0,13.25,55.2937508,,55.2937508,0.0,259.350006,0.0,,
2025-11-06 00:42:58+00:00,2025-11-06 00:42:58,,,,,,,,,,38.7937508,8.09843731,1041.52502,879.825012,13.3000002,1.0,,13.6,0.0,13.25,54.5250015,,54.5250015,0.0,259.424988,0.0,,
2025-11-06 00:42:59+00:00,2025-11-06 00:42:59,,,,,,,,,,38.7975006,8.09843731,1042.05005,879.825012,13.3000002,1.0,,13.6,0.0,13.25,53.8312492,,53.8312492,0.0,259.350006,0.0,,
2025-11-06 00:43:00+00:00,2025-11-06 00:43:00,43.800313,45.0,44.0,44.0,44.0,12.211655828849937,206.0,BO_O2,"O2 규칙 적용: 8.2% (8.0% < O2 ≤ 9.0%) (2단계 롤백, 3~4단계에서 Hz 변화 없음)",38.8199997,8.0078125,1042.34998,879.825012,12.7124996,1.0,,13.6,0.0,13.25,53.8125,38.0,53.8125,0.0,259.274994,0.0,,
2025-11-06 00:43:01+00:00,2025-11-06 00:43:01,,,,,,,,,,38.8087502,8.0078125,1042.80005,879.825012,12.7250004,1.0,,13.6,0.0,13.25,53.8125,,53.8125,0.0,259.350006,0.0,,
2025-11-06 00:43:02+00:00,2025-11-06 00:43:02,,,,,,,,,,38.8274994,7.9437499,1043.17505,879.825012,12.7124996,1.0,,13.6,0.0,13.25,53.4749985,,53.4749985,0.0,259.350006,0.0,,
2025-11-06 00:43:03+00:00,2025-11-06 00:43:03,,,,,,,,,,38.8274994,7.9437499,1043.17505,879.825012,12.7124996,1.0,,13.6,0.0,13.25,53.4749985,,53.4749985,0.0,259.350006,0.0,,
2025-11-06 00:43:04+00:00,2025-11-06 00:43:04,,,,,,,,,,44.0662498,7.8921876,1044.15002,879.825012,12.7124996,1.0,,13.6,0.0,13.25,53.3812485,,53.3812485,0.0,259.350006,0.0,,
2025-11-06 00:43:05+00:00,2025-11-06 00:43:05,38.0,45.0,45.0,38.0,38.0,10.151507474012472,304.0,BO_O2_RULE,"제어매트릭스 규칙 적용: NOX_LOW (3단계 롤백, 4단계에서 Hz 변화 없음)",44.0924988,7.84687519,1044.75,879.900024,12.1374998,1.0,,13.6,0.0,12.85,53.9249992,,53.9249992,0.0,258.600006,0.0,,
2025-11-06 00:43:06+00:00,2025-11-06 00:43:06,,,,,,,,,,44.0774994,7.8062501,1045.125,879.900024,12.1374998,1.0,,13.6,0.0,12.85,55.3125,,55.3125,0.0,257.850006,0.0,,
2025-11-06 00:43:07+00:00,2025-11-06 00:43:07,,,,,,,,,,42.2362518,7.8062501,1045.80005,879.900024,12.1374998,1.0,,13.6,0.0,12.85,59.1749992,,59.1749992,0.0,257.850006,0.0,,
2025-11-06 00:43:08+00:00,2025-11-06 00:43:08,,,,,,,,,,38.9362488,7.76249981,1046.17505,879.974976,12.125,1.0,,13.6,0.0,12.85,63.2249985,,63.2249985,0.0,257.774994,0.0,,
2025-11-06 00:43:09+00:00,2025-11-06 00:43:09,,,,,,,,,,38.8050003,7.76249981,1046.77502,879.974976,12.125,1.0,,13.6,0.0,12.85,65.7562485,,65.7562485,0.0,257.774994,0.0,,
2025-11-06 00:43:10+00:00,2025-11-06 00:43:10,38.0,46.0,46.0,38.0,38.0,9.215988257535919,304.0,BO_O2_RULE,"제어매트릭스 규칙 적용: NOX_LOW (3단계 롤백, 4단계에서 Hz 변화 없음)",38.8012505,7.72343731,1047.22498,880.049988,11.7124996,1.0,,13.6,0.0,12.85,67.2937469,,67.2937469,0.0,257.850006,0.0,,
2025-11-06 00:43:11+00:00,2025-11-06 00:43:11,,,,,,,,,,38.8050003,7.6890626,1047.82495,880.049988,11.7124996,1.0,,13.6,0.0,12.85,66.9562531,,66.9562531,0.0,257.850006,0.0,,
2025-11-06 00:43:12+00:00,2025-11-06 00:43:12,,,,,,,,,,38.8125,7.6890626,1048.19995,880.049988,11.7124996,1.0,,13.6,0.0,12.85,63.2625008,,63.2625008,0.0,257.774994,0.0,,
2025-11-06 00:43:13+00:00,2025-11-06 00:43:13,,,,,,,,,,38.7900009,7.6624999,1048.80005,880.049988,11.7124996,1.0,,13.6,0.0,12.85,59.8125,,59.8125,0.0,257.850006,0.0,,
2025-11-06 00:43:14+00:00,2025-11-06 00:43:14,,,,,,,,,,38.7975006,7.6390624,1049.17505,880.049988,11.7124996,1.0,,13.6,0.0,12.85,57.1312485,,57.1312485,0.0,259.350006,0.0,,
2025-11-06 00:43:15+00:00,2025-11-06 00:43:15,38.0,46.0,46.0,38.0,38.0,7.737256468411283,304.0,BO_O2_RULE,"제어매트릭스 규칙 적용: NOX_LOW (3단계 롤백, 4단계에서 Hz 변화 없음)",38.7975006,7.6390624,1049.17505,880.049988,11.7124996,1.0,,13.6,0.0,11.84,57.1312485,38.0,57.1312485,0.0,259.350006,0.0,,
2025-11-06 00:43:16+00:00,2025-11-06 00:43:16,,,,,,,,,,38.7975006,7.62968731,1050.22498,880.049988,11.375,1.0,,13.6,0.0,11.84,54.7874985,,54.7874985,0.0,259.350006,0.0,,
2025-11-06 00:43:17+00:00,2025-11-06 00:43:17,,,,,,,,,,38.7900009,7.62968731,1050.90002,880.125,11.375,1.0,,13.6,0.0,11.84,53.90625,,53.90625,0.0,260.774994,0.0,,
2025-11-06 00:43:18+00:00,2025-11-06 00:43:18,,,,,,,,,,38.8012505,7.62812519,1051.27502,880.125,11.375,1.0,,13.6,0.0,11.84,53.8312492,,53.8312492,0.0,260.924988,0.0,,
2025-11-06 00:43:19+00:00,2025-11-06 00:43:19,,,,,,,,,,38.7900009,7.6265626,1051.94995,880.125,11.125,1.0,,13.6,0.0,11.84,53.8312492,,53.8312492,0.0,261.149994,0.0,,
2025-11-06 00:43:20+00:00,2025-11-06 00:43:20,38.0,46.0,46.0,38.0,38.0,7.749544062700827,304.0,BO_O2_RULE,"제어매트릭스 규칙 적용: NOX_LOW (3단계 롤백, 4단계에서 Hz 변화 없음)",38.7975006,7.6265626,1052.40002,880.125,10.3625002,1.0,,13.6,0.0,11.84,53.8125,,53.8125,0.0,261.0,0.0,,
2025-11-06 00:43:21+00:00,2025-11-06 00:43:21,,,,,,,,,,38.7975006,7.62812519,1053.07495,880.125,10.3500004,1.0,,13.6,0.0,11.84,53.8125,,53.8125,0.0,260.924988,0.0,,
2025-11-06 00:43:22+00:00,2025-11-06 00:43:22,,,,,,,,,,38.7975006,7.62812519,1053.07495,880.125,10.3500004,1.0,,13.6,0.0,11.84,53.8125,,53.8125,0.0,260.924988,0.0,,
2025-11-06 00:43:23+00:00,2025-11-06 00:43:23,,,,,,,,,,38.7975006,7.62812519,1054.19995,880.275024,10.3625002,1.0,,13.6,0.0,11.84,53.8312492,,53.8312492,0.0,261.149994,0.0,,
2025-11-06 00:43:24+00:00,2025-11-06 00:43:24,,,,,,,,,,38.8087502,7.6234374,1054.72498,880.275024,10.3500004,1.0,,13.6,0.0,11.84,53.8125,,53.8125,0.0,260.924988,0.0,,
2025-11-06 00:43:25+00:00,2025-11-06 00:43:25,38.0,46.0,46.0,38.0,38.0,6.02683417321447,304.0,BO_O2_RULE,"제어매트릭스 규칙 적용: NOX_LOW (3단계 롤백, 4단계에서 Hz 변화 없음)",38.8087502,7.6234374,1054.72498,880.275024,10.3500004,1.0,,13.6,0.0,10.49,53.8125,,53.8125,0.0,260.924988,0.0,,
2025-11-06 00:43:26+00:00,2025-11-06 00:43:26,,,,,,,,,,38.7937508,7.62812519,1055.84998,880.275024,10.5249996,1.0,,13.6,0.0,10.49,53.8312492,,53.8312492,0.0,262.5,0.0,,
2025-11-06 00:43:27+00:00,2025-11-06 00:43:27,,,,,,,,,,38.8050003,7.6343751,1056.52502,880.349976,10.5249996,1.0,,13.6,0.0,10.49,53.8125,,53.8125,0.0,262.575012,0.0,,
2025-11-06 00:43:28+00:00,2025-11-06 00:43:28,,,,,,,,,,38.8162498,7.6343751,1056.97498,880.349976,10.5249996,1.0,,13.6,0.0,10.49,53.8312492,,53.8312492,0.0,263.25,0.0,,
2025-11-06 00:43:29+00:00,2025-11-06 00:43:29,,,,,,,,,,38.7937508,7.6343751,1057.57495,880.424988,10.4499998,1.0,,13.6,0.0,10.49,53.8125,,53.8125,0.0,264.0,0.0,,
2025-11-06 00:43:30+00:00,2025-11-06 00:43:30,38.0,50.0,46.0,38.0,38.0,9.020289471679861,304.0,BO_O2_RULE,"제어매트릭스 규칙 적용: NOX_LOW (3단계 롤백, 4단계에서 Hz 변화 없음)",38.8087502,7.6343751,1058.02502,880.424988,10.1875,1.0,,13.6,0.0,10.49,53.8312492,38.0,53.8312492,0.0,264.0,0.0,,
2025-11-06 00:43:31+00:00,2025-11-06 00:43:31,,,,,,,,,,38.8012505,7.6343751,1058.625,880.5,10.1875,1.0,,13.6,0.0,10.49,53.8312492,,53.8312492,0.0,264.075012,0.0,,
2025-11-06 00:43:32+00:00,2025-11-06 00:43:32,,,,,,,,,,38.7937508,7.6343751,1059.07495,880.5,10.1875,1.0,,13.6,0.0,10.49,53.8125,,53.8125,0.0,264.075012,0.0,,
2025-11-06 00:43:33+00:00,2025-11-06 00:43:33,,,,,,,,,,38.7975006,7.6343751,1059.75,880.5,10.1875,1.0,,13.6,0.0,10.49,53.8125,,53.8125,0.0,264.0,0.0,,
2025-11-06 00:43:34+00:00,2025-11-06 00:43:34,,,,,,,,,,38.8012505,7.6328125,1060.19995,880.575012,10.1875,1.0,,13.6,0.0,10.49,53.8312492,,53.8312492,0.0,264.075012,0.0,,
2025-11-06 00:43:35+00:00,2025-11-06 00:43:35,38.0,49.0,46.0,38.0,38.0,8.457311525644627,304.0,BO_O2_RULE,"제어매트릭스 규칙 적용: NOX_LOW (3단계 롤백, 4단계에서 Hz 변화 없음)",38.7975006,7.6421876,1060.94995,880.650024,9.35000038,1.0,,13.6,0.0,10.32,53.8312492,,53.8312492,0.0,264.075012,0.0,,
2025-11-06 00:43:36+00:00,2025-11-06 00:43:36,,,,,,,,,,38.7937508,7.6421876,1061.47498,880.650024,9.35000038,1.0,,13.6,0.0,10.32,53.8312492,,53.8312492,0.0,264.0,0.0,,
2025-11-06 00:43:37+00:00,2025-11-06 00:43:37,,,,,,,,,,38.8125,7.6578126,1062.30005,880.799988,9.33749962,1.0,,13.6,0.0,10.32,53.8125,,53.8125,0.0,264.0,0.0,,
2025-11-06 00:43:38+00:00,2025-11-06 00:43:38,,,,,,,,,,38.8162498,7.67500019,1062.82495,880.799988,9.33749962,1.0,,13.6,0.0,10.32,53.8312492,,53.8312492,0.0,264.075012,0.0,,
2025-11-06 00:43:39+00:00,2025-11-06 00:43:39,,,,,,,,,,38.7937508,7.67500019,1063.72498,880.875,9.32499981,1.0,,13.6,0.0,10.32,53.8312492,,53.8312492,0.0,264.075012,0.0,,
2025-11-06 00:43:40+00:00,2025-11-06 00:43:40,38.0,48.0,46.0,38.0,38.0,8.39632178171451,304.0,BO_O2_RULE,"제어매트릭스 규칙 적용: NOX_LOW (3단계 롤백, 4단계에서 Hz 변화 없음)",38.8125,7.6859374,1064.40002,880.950012,9.26249981,1.0,,13.6,0.0,10.32,53.8312492,,53.8312492,0.0,264.075012,0.0,,
2025-11-06 00:43:41+00:00,2025-11-06 00:43:41,,,,,,,,,,38.8125,7.6859374,1065.375,880.950012,9.26249981,1.0,,13.6,0.0,10.32,53.8125,,53.8125,0.0,263.924988,0.0,,
2025-11-06 00:43:42+00:00,2025-11-06 00:43:42,,,,,,,,,,38.8012505,7.69843769,1066.05005,881.025024,9.26249981,1.0,,13.6,0.0,10.32,53.8312492,,53.8312492,0.0,264.075012,0.0,,
2025-11-06 00:43:43+00:00,2025-11-06 00:43:43,,,,,,,,,,38.8125,7.7125001,1067.17505,881.099976,9.26249981,1.0,,13.6,0.0,10.32,53.8312492,,53.8312492,0.0,264.0,0.0,,
2025-11-06 00:43:44+00:00,2025-11-06 00:43:44,,,,,,,,,,38.7975006,7.7125001,1067.92505,881.25,9.26249981,1.0,,13.6,0.0,10.32,53.8312492,,53.8312492,0.0,264.075012,0.0,,
2025-11-06 00:43:45+00:00,2025-11-06 00:43:45,38.0,48.0,46.0,38.0,38.0,7.742032620079904,304.0,BO_O2_RULE,"제어매트릭스 규칙 적용: NOX_LOW (3단계 롤백, 4단계에서 Hz 변화 없음)",38.7975006,7.7125001,1067.92505,881.25,9.26249981,1.0,,13.6,0.0,9.32,53.8312492,,53.8312492,0.0,264.075012,0.0,,
2025-11-06 00:43:46+00:00,2025-11-06 00:43:46,,,,,,,,,,38.7975006,7.6796875,1069.72498,881.325012,9.10000038,1.0,,13.6,0.0,9.32,53.8312492,,53.8312492,0.0,264.0,0.0,,
2025-11-06 00:43:47+00:00,2025-11-06 00:43:47,,,,,,,,,,38.7937508,7.6796875,1070.92505,881.474976,9.08749962,1.0,,13.6,0.0,9.32,53.8312492,,53.8312492,0.0,264.075012,0.0,,
2025-11-06 00:43:48+00:00,2025-11-06 00:43:48,,,,,,,,,,38.7937508,7.60468769,1071.67505,881.549988,9.10000038,1.0,,13.6,0.0,9.32,53.8312492,,53.8312492,0.0,264.075012,0.0,,
2025-11-06 00:43:49+00:00,2025-11-06 00:43:49,,,,,,,,,,38.7975006,7.60468769,1072.80005,881.625,9.01249981,1.0,,13.6,0.0,9.32,53.8125,,53.8125,0.0,264.0,0.0,,
2025-11-06 00:43:50+00:00,2025-11-06 00:43:50,38.0,48.0,46.0,38.0,38.0,8.319413817499951,304.0,BO_O2_RULE,"제어매트릭스 규칙 적용: NOX_LOW (3단계 롤백, 4단계에서 Hz 변화 없음)",38.7975006,7.4828124,1073.47498,881.775024,8.75,1.0,,13.6,0.0,9.32,53.8312492,,53.8312492,0.0,264.0,0.0,,
2025-11-06 00:43:51+00:00,2025-11-06 00:43:51,,,,,,,,,,38.8050003,7.3203125,1074.44995,881.849976,8.75,1.0,,13.6,0.0,9.32,53.8312492,,53.8312492,0.0,264.075012,0.0,,
2025-11-06 00:43:52+00:00,2025-11-06 00:43:52,,,,,,,,,,38.7975006,7.3203125,1075.125,881.924988,8.76249981,1.0,,13.6,0.0,9.32,53.8125,,53.8125,0.0,264.075012,0.0,,
2025-11-06 00:43:53+00:00,2025-11-06 00:43:53,,,,,,,,,,38.7975006,7.12968731,1076.02502,882.075012,8.76249981,1.0,,13.6,0.0,9.32,53.8125,,53.8125,0.0,264.0,0.0,,
2025-11-06 00:43:54+00:00,2025-11-06 00:43:54,,,,,,,,,,38.7900009,6.92656231,1076.69995,882.150024,8.75,1.0,,13.6,0.0,9.32,53.8125,,53.8125,0.0,264.0,0.0,,
2025-11-06 00:43:55+00:00,2025-11-06 00:43:55,38.0,49.0,46.0,38.0,38.0,9.350293852722151,304.0,BO_O2_RULE,"제어매트릭스 규칙 적용: NOX_LOW (3단계 롤백, 4단계에서 Hz 변화 없음)",38.7975006,6.92656231,1077.52502,882.299988,8.92500019,1.0,,13.6,0.0,8.87,53.8312492,,53.8312492,0.0,262.649994,0.0,,
2025-11-06 00:43:56+00:00,2025-11-06 00:43:56,,,,,,,,,,38.8012505,6.7249999,1078.05005,882.375,8.92500019,1.0,,13.6,0.0,8.87,53.8312492,,53.8312492,0.0,262.649994,0.0,,
2025-11-06 00:43:57+00:00,2025-11-06 00:43:57,,,,,,,,,,38.7937508,6.7249999,1078.875,882.525024,8.92500019,1.0,,13.6,0.0,8.87,53.8125,,53.8125,0.0,262.5,0.0,,
2025-11-06 00:43:58+00:00,2025-11-06 00:43:58,,,,,,,,,,38.8050003,6.53437519,1079.40002,882.599976,8.92500019,1.0,,13.6,0.0,8.87,53.8312492,,53.8312492,0.0,262.575012,0.0,,
2025-11-06 00:43:59+00:00,2025-11-06 00:43:59,,,,,,,,,,38.8050003,6.3671875,1080.22498,882.75,8.88749981,1.0,,13.6,0.0,8.87,53.8312492,,53.8312492,0.0,262.575012,0.0,,
2025-11-06 00:44:00+00:00,2025-11-06 00:44:00,38.0,50.0,49.0,38.0,38.0,9.851120601406413,304.0,BO_O2_RULE,"제어매트릭스 규칙 적용: NOX_LOW (3단계 롤백, 4단계에서 Hz 변화 없음)",38.8050003,6.3671875,1080.67505,882.825012,8.75,1.0,,13.6,0.0,8.87,53.8312492,39.60680375729881,53.8312492,0.0,262.575012,0.0,,
2025-11-06 00:44:01+00:00,2025-11-06 00:44:01,,,,,,,,,,38.8050003,6.3671875,1080.67505,882.825012,8.75,1.0,,13.6,0.0,8.87,53.8312492,,53.8312492,0.0,262.575012,0.0,,
2025-11-06 00:44:02+00:00,2025-11-06 00:44:02,,,,,,,,,,38.7975006,6.12812519,1081.94995,883.049988,8.75,1.0,,13.6,0.0,8.87,53.8125,,53.8125,0.0,262.575012,0.0,,
2025-11-06 00:44:03+00:00,2025-11-06 00:44:03,,,,,,,,,,38.8125,6.12812519,1082.77502,883.200012,8.75,1.0,,13.6,0.0,8.87,53.8312492,,53.8312492,0.0,262.575012,0.0,,
2025-11-06 00:44:04+00:00,2025-11-06 00:44:04,,,,,,,,,,38.8050003,6.0484376,1083.22498,883.349976,8.75,1.0,,13.6,0.0,8.87,53.8312492,,53.8312492,0.0,262.575012,0.0,,
2025-11-06 00:44:05+00:00,2025-11-06 00:44:05,38.0,50.0,49.0,38.0,38.0,9.598232363945682,304.0,BO_O2_RULE,"제어매트릭스 규칙 적용: NOX_LOW (3단계 롤백, 4단계에서 Hz 변화 없음)",38.8012505,6.0484376,1084.05005,883.5,8.67500019,1.0,,13.6,0.0,8.87,53.8125,,53.8125,0.0,262.575012,0.0,,
2025-11-06 00:44:06+00:00,2025-11-06 00:44:06,,,,,,,,,,38.8012505,6.0484376,1084.05005,883.5,8.67500019,1.0,,13.6,0.0,8.84,53.8125,,53.8125,0.0,262.575012,0.0,,
2025-11-06 00:44:07+00:00,2025-11-06 00:44:07,,,,,,,,,,38.7937508,5.95781231,1085.25,883.724976,8.67500019,1.0,,13.6,0.0,8.84,53.8125,,53.8125,0.0,262.575012,0.0,,
2025-11-06 00:44:08+00:00,2025-11-06 00:44:08,,,,,,,,,,38.7975006,5.95781231,1085.77502,883.875,8.66250038,1.0,,13.6,0.0,8.84,53.8312492,,53.8312492,0.0,262.649994,0.0,,
2025-11-06 00:44:09+00:00,2025-11-06 00:44:09,,,,,,,,,,38.7900009,5.9515624,1086.52502,883.950012,8.5625,1.0,,13.6,0.0,8.84,53.8125,,53.8125,0.0,262.575012,0.0,,
2025-11-06 00:44:10+00:00,2025-11-06 00:44:10,38.0,51.0,51.0,38.0,38.0,10.239476754105429,304.0,BO_O2_RULE,"제어매트릭스 규칙 적용: NOX_LOW (3단계 롤백, 4단계에서 Hz 변화 없음)",38.7975006,5.96562481,1086.97498,884.099976,8.25,1.0,,13.6,0.0,8.84,53.8125,,53.8125,0.0,262.575012,0.0,,
2025-11-06 00:44:11+00:00,2025-11-06 00:44:11,,,,,,,,,,38.8012505,5.96562481,1087.65002,884.25,8.25,1.0,,13.6,0.0,8.84,53.8312492,,53.8312492,0.0,262.649994,0.0,,
2025-11-06 00:44:12+00:00,2025-11-06 00:44:12,,,,,,,,,,38.8012505,5.99687481,1088.09998,884.325012,8.25,1.0,,13.6,0.0,8.84,53.8312492,,53.8312492,0.0,262.575012,0.0,,
2025-11-06 00:44:13+00:00,2025-11-06 00:44:13,,,,,,,,,,38.7900009,5.99687481,1088.77502,884.549988,8.25,1.0,,13.6,0.0,8.84,53.8312492,,53.8312492,0.0,262.575012,0.0,,
2025-11-06 00:44:14+00:00,2025-11-06 00:44:14,,,,,,,,,,38.8125,6.02656269,1089.15002,884.625,8.25,1.0,,13.6,0.0,8.84,53.8125,,53.8125,0.0,262.5,0.0,,
2025-11-06 00:44:15+00:00,2025-11-06 00:44:15,38.0,51.0,51.0,38.0,38.0,8.114735392286928,304.0,BO_O2_RULE,"제어매트릭스 규칙 적용: NOX_LOW (3단계 롤백, 4단계에서 Hz 변화 없음)",38.7975006,6.0609374,1089.82495,884.775024,8.16250038,1.0,,13.6,0.0,8.84,53.8312492,38.70680375729881,53.8312492,0.0,262.575012,0.0,,
2025-11-06 00:44:16+00:00,2025-11-06 00:44:16,,,,,,,,,,38.7975006,6.0609374,1089.82495,884.775024,8.16250038,1.0,,13.6,0.0,8.39,53.8312492,,53.8312492,0.0,262.575012,0.0,,
2025-11-06 00:44:17+00:00,2025-11-06 00:44:17,,,,,,,,,,38.7975006,6.10624981,1090.72498,885.0,8.16250038,1.0,,13.6,0.0,8.39,53.8312492,,53.8312492,0.0,262.575012,0.0,,
2025-11-06 00:44:18+00:00,2025-11-06 00:44:18,,,,,,,,,,38.7975006,6.10624981,1090.72498,885.0,8.16250038,1.0,,13.6,0.0,8.39,53.8312492,,53.8312492,0.0,262.575012,0.0,,
2025-11-06 00:44:19+00:00,2025-11-06 00:44:19,,,,,,,,,,38.8012505,6.16718769,1091.25,885.150024,8.17500019,1.0,,13.6,0.0,8.39,53.8312492,,53.8312492,0.0,262.575012,0.0,,
2025-11-06 00:44:20+00:00,2025-11-06 00:44:20,38.0,51.0,49.0,38.0,38.0,8.01465528385124,304.0,BO_O2_RULE,"제어매트릭스 규칙 적용: NOX_LOW (3단계 롤백, 4단계에서 Hz 변화 없음)",38.8087502,6.16718769,1091.69995,885.224976,8.11250019,1.0,,13.6,0.0,8.39,53.8312492,,53.8312492,0.0,262.575012,0.0,,
2025-11-06 00:44:21+00:00,2025-11-06 00:44:21,,,,,,,,,,38.7975006,6.23750019,1092.07495,885.375,7.9124999,1.0,,13.6,0.0,8.39,53.8312492,,53.8312492,0.0,262.575012,0.0,,
2025-11-06 00:44:22+00:00,2025-11-06 00:44:22,,,,,,,,,,38.8012505,6.3109374,1092.52502,885.450012,7.9124999,1.0,,13.6,0.0,8.39,53.8312492,,53.8312492,0.0,262.575012,0.0,,
2025-11-06 00:44:23+00:00,2025-11-06 00:44:23,,,,,,,,,,38.8087502,6.3109374,1092.82495,885.599976,7.9124999,1.0,,13.6,0.0,8.39,53.8125,,53.8125,0.0,262.5,0.0,,
2025-11-06 00:44:24+00:00,2025-11-06 00:44:24,,,,,,,,,,38.7975006,6.3921876,1093.34998,885.75,7.9124999,1.0,,13.6,0.0,8.39,53.8312492,,53.8312492,0.0,262.575012,0.0,,
2025-11-06 00:44:25+00:00,2025-11-06 00:44:25,38.0,50.0,49.0,38.0,38.0,7.64073216830646,304.0,BO_O2_RULE,"제어매트릭스 규칙 적용: NOX_LOW (3단계 롤백, 4단계에서 Hz 변화 없음)",38.7975006,6.3921876,1093.72498,885.900024,7.9124999,1.0,,13.6,0.0,8.39,53.8312492,,53.8312492,0.0,262.575012,0.0,,
2025-11-06 00:44:26+00:00,2025-11-06 00:44:26,,,,,,,,,,38.8012505,6.47968769,1094.25,885.974976,8.0,1.0,,13.6,0.0,8.0,53.8125,,53.8125,0.0,262.5,0.0,,
2025-11-06 00:44:27+00:00,2025-11-06 00:44:27,,,,,,,,,,38.7937508,6.5703125,1094.84998,886.200012,8.0,1.0,,13.6,0.0,8.0,53.8312492,,53.8312492,0.0,262.575012,0.0,,
2025-11-06 00:44:28+00:00,2025-11-06 00:44:28,,,,,,,,,,38.8012505,6.5703125,1095.22498,886.275024,8.0,1.0,,13.6,0.0,8.0,53.8312492,,53.8312492,0.0,262.575012,0.0,,
2025-11-06 00:44:29+00:00,2025-11-06 00:44:29,,,,,,,,,,38.8125,6.66093731,1095.90002,886.424988,8.0,1.0,,13.6,0.0,8.0,53.8312492,,53.8312492,0.0,262.575012,0.0,,
2025-11-06 00:44:30+00:00,2025-11-06 00:44:30,38.0,49.0,49.0,38.0,38.0,9.046538260984194,304.0,BO_O2_RULE,"제어매트릭스 규칙 적용: NOX_LOW (3단계 롤백, 4단계에서 Hz 변화 없음)",38.8125,6.75468731,1096.27502,886.5,8.02499962,1.0,,13.6,0.0,8.0,53.8125,40.5068037572988,53.8125,0.0,262.575012,0.0,,
2025-11-06 00:44:31+00:00,2025-11-06 00:44:31,,,,,,,,,,38.8012505,6.75468731,1096.80005,886.724976,8.08749962,1.0,,13.6,0.0,8.0,53.8312492,,53.8312492,0.0,262.575012,0.0,,
2025-11-06 00:44:32+00:00,2025-11-06 00:44:32,,,,,,,,,,38.8237495,6.84062481,1097.25,886.799988,8.08749962,1.0,,13.6,0.0,8.0,53.8312492,,53.8312492,0.0,262.575012,0.0,,
2025-11-06 00:44:33+00:00,2025-11-06 00:44:33,,,,,,,,,,38.7937508,6.84062481,1097.77502,886.950012,8.08749962,1.0,,13.6,0.0,8.0,53.8312492,,53.8312492,0.0,262.575012,0.0,,
2025-11-06 00:44:34+00:00,2025-11-06 00:44:34,,,,,,,,,,38.8050003,6.91874981,1098.07495,887.099976,8.07499981,1.0,,13.6,0.0,8.0,53.8125,,53.8125,0.0,262.575012,0.0,,
2025-11-06 00:44:35+00:00,2025-11-06 00:44:35,38.0,48.0,48.0,38.0,38.0,9.567386831659803,304.0,BO_O2_RULE,"제어매트릭스 규칙 적용: NOX_LOW (3단계 롤백, 4단계에서 Hz 변화 없음)",38.8162498,6.9984374,1098.59998,887.25,8.07499981,1.0,,13.6,0.0,8.0,53.8312492,,53.8312492,0.0,262.575012,0.0,,
2025-11-06 00:44:36+00:00,2025-11-06 00:44:36,,,,,,,,,,38.7937508,6.9984374,1098.90002,887.325012,8.42500019,1.0,,13.6,0.0,8.21,53.8312492,,53.8312492,0.0,262.575012,0.0,,
2025-11-06 00:44:37+00:00,2025-11-06 00:44:37,,,,,,,,,,38.7937508,7.0843749,1099.27502,887.474976,8.41250038,1.0,,13.6,0.0,8.21,53.8312492,,53.8312492,0.0,262.575012,0.0,,
2025-11-06 00:44:38+00:00,2025-11-06 00:44:38,,,,,,,,,,38.7937508,7.1656251,1099.57495,887.625,8.41250038,1.0,,13.6,0.0,8.21,53.8125,,53.8125,0.0,262.575012,0.0,,
2025-11-06 00:44:39+00:00,2025-11-06 00:44:39,,,,,,,,,,38.7900009,7.1656251,1099.94995,887.775024,8.42500019,1.0,,13.6,0.0,8.21,53.8312492,,53.8312492,0.0,264.075012,0.0,,
2025-11-06 00:44:40+00:00,2025-11-06 00:44:40,38.0,48.0,46.0,38.0,38.0,11.703635262637428,304.0,BO_O2_RULE,"제어매트릭스 규칙 적용: NOX_LOW (3단계 롤백, 4단계에서 Hz 변화 없음)",38.7937508,7.2437501,1100.17505,887.849976,8.41250038,1.0,,13.6,0.0,8.21,53.8312492,,53.8312492,0.0,264.0,0.0,,
2025-11-06 00:44:41+00:00,2025-11-06 00:44:41,,,,,,,,,,38.8050003,7.2437501,1100.47498,888.0,8.41250038,1.0,,13.6,0.0,8.21,53.8312492,,53.8312492,0.0,264.075012,0.0,,
2025-11-06 00:44:42+00:00,2025-11-06 00:44:42,,,,,,,,,,38.8087502,7.30000019,1100.69995,888.075012,8.42500019,1.0,,13.6,0.0,8.21,53.8125,,53.8125,0.0,264.0,0.0,,
2025-11-06 00:44:43+00:00,2025-11-06 00:44:43,,,,,,,,,,38.8012505,7.3421874,1101.0,888.299988,8.42500019,1.0,,13.6,0.0,8.21,53.8125,,53.8125,0.0,264.0,0.0,,
2025-11-06 00:44:44+00:00,2025-11-06 00:44:44,,,,,,,,,,38.7975006,7.3421874,1101.22498,888.375,8.42500019,1.0,,13.6,0.0,8.21,53.8312492,,53.8312492,0.0,264.075012,0.0,,
2025-11-06 00:44:45+00:00,2025-11-06 00:44:45,43.8031254,47.0,46.0,46.0,46.0,12.0280939022734,205.0,BO_O2,"O2 규칙 적용: 7.3% (7.0% < O2 ≤ 8.0%) (2단계 롤백, 3~4단계에서 Hz 변화 없음)",38.7937508,7.3734374,1101.44995,888.525024,8.42500019,1.0,,13.6,0.0,8.21,53.8312492,40.5068037572988,53.8312492,0.0,264.075012,0.0,,
2025-11-06 00:44:46+00:00,2025-11-06 00:44:46,,,,,,,,,,38.8050003,7.3984375,1101.59998,888.674988,8.67500019,1.0,,13.6,0.0,8.51,53.8125,,53.8125,0.0,264.0,0.0,,
2025-11-06 00:44:47+00:00,2025-11-06 00:44:47,,,,,,,,,,38.8125,7.3984375,1101.82495,888.825012,8.66250038,1.0,,13.6,0.0,8.51,53.8312492,,53.8312492,0.0,264.075012,0.0,,
2025-11-06 00:44:48+00:00,2025-11-06 00:44:48,,,,,,,,,,39.1949997,7.42656231,1101.97498,888.900024,8.67500019,1.0,,13.6,0.0,8.51,53.8125,,53.8125,0.0,264.075012,0.0,,
2025-11-06 00:44:49+00:00,2025-11-06 00:44:49,,,,,,,,,,44.9474983,7.42656231,1102.19995,889.125,8.67500019,1.0,,13.6,0.0,8.51,53.8312492,,53.8312492,0.0,264.075012,0.0,,
2025-11-06 00:44:50+00:00,2025-11-06 00:44:50,38.0,47.0,46.0,38.0,38.0,11.642566133357027,304.0,BO_O2_RULE,"제어매트릭스 규칙 적용: NOX_LOW (3단계 롤백, 4단계에서 Hz 변화 없음)",45.1312485,7.45781231,1102.34998,889.200012,8.73750019,1.0,,13.6,0.0,8.51,53.8125,,53.8125,0.0,263.774994,0.0,,
2025-11-06 00:44:51+00:00,2025-11-06 00:44:51,,,,,,,,,,45.1312485,7.4937501,1102.5,889.349976,9.01249981,1.0,,13.6,0.0,8.51,55.5562515,,55.5562515,0.0,262.5,0.0,,
2025-11-06 00:44:52+00:00,2025-11-06 00:44:52,,,,,,,,,,45.09375,7.4937501,1102.57495,889.424988,9.01249981,1.0,,13.6,0.0,8.51,59.8125,,59.8125,0.0,259.950012,0.0,,
2025-11-06 00:44:53+00:00,2025-11-06 00:44:53,,,,,,,,,,41.4749985,7.546875,1102.65002,889.575012,9.01249981,1.0,,13.6,0.0,8.51,64.2937469,,64.2937469,0.0,258.149994,0.0,,
2025-11-06 00:44:54+00:00,2025-11-06 00:44:54,,,,,,,,,,38.8837509,7.5953126,1102.80005,889.650024,9.01249981,1.0,,13.6,0.0,8.51,68.3625031,,68.3625031,0.0,257.774994,0.0,,
2025-11-06 00:44:55+00:00,2025-11-06 00:44:55,38.0,47.0,46.0,38.0,38.0,11.673976945802007,304.0,BO_O2_RULE,"제어매트릭스 규칙 적용: NOX_LOW (3단계 롤백, 4단계에서 Hz 변화 없음)",38.8162498,7.5953126,1102.80005,889.875,9.01249981,1.0,,13.6,0.0,8.51,70.1812515,,70.1812515,0.0,257.774994,0.0,,
2025-11-06 00:44:56+00:00,2025-11-06 00:44:56,,,,,,,,,,38.8125,7.640625,1102.875,889.950012,9.10000038,1.0,,13.6,0.0,9.1,69.5062485,,69.5062485,0.0,257.774994,0.0,,
2025-11-06 00:44:57+00:00,2025-11-06 00:44:57,,,,,,,,,,38.8125,7.640625,1102.94995,890.099976,9.10000038,1.0,,13.6,0.0,9.1,68.5875015,,68.5875015,0.0,257.850006,0.0,,
2025-11-06 00:44:58+00:00,2025-11-06 00:44:58,,,,,,,,,,39.3974991,7.68281269,1103.02502,890.174988,9.10000038,1.0,,13.6,0.0,9.1,65.6437531,,65.6437531,0.0,259.350006,0.0,,
2025-11-06 00:44:59+00:00,2025-11-06 00:44:59,,,,,,,,,,39.9112511,7.7281251,1103.02502,890.400024,9.10000038,1.0,,13.6,0.0,9.1,60.9749985,,60.9749985,0.0,259.350006,0.0,,
2025-11-06 00:45:00+00:00,2025-11-06 00:45:00,44.23343755,47.0,46.0,46.0,46.0,12.072584248156563,205.0,BO_O2,"O2 규칙 적용: 7.7% (7.0% < O2 ≤ 8.0%) (2단계 롤백, 3~4단계에서 Hz 변화 없음)",39.9150009,7.7281251,1103.02502,890.474976,9.1875,1.0,,13.6,0.0,9.1,58.6124992,42.30680375729881,58.6124992,0.0,260.924988,0.0,,
2025-11-06 00:45:01+00:00,2025-11-06 00:45:01,,,,,,,,,,39.9112511,7.78125,1103.02502,890.625,9.51249981,1.0,,13.6,0.0,9.1,56.7937508,,56.7937508,0.0,261.0,0.0,,
2025-11-06 00:45:02+00:00,2025-11-06 00:45:02,,,,,,,,,,39.9150009,7.83281231,1102.94995,890.700012,9.51249981,1.0,,13.6,0.0,9.1,56.4000015,,56.4000015,0.0,261.075012,0.0,,
2025-11-06 00:45:03+00:00,2025-11-06 00:45:03,,,,,,,,,,39.3899994,7.83281231,1102.875,890.849976,9.51249981,1.0,,13.6,0.0,9.1,56.6437492,,56.6437492,0.0,261.0,0.0,,
2025-11-06 00:45:04+00:00,2025-11-06 00:45:04,,,,,,,,,,38.8199997,7.8828125,1102.875,890.924988,9.51249981,1.0,,13.6,0.0,9.1,56.7750015,,56.7750015,0.0,261.149994,0.0,,
2025-11-06 00:45:05+00:00,2025-11-06 00:45:05,38.0,47.0,46.0,38.0,38.0,11.827276061234846,304.0,BO_O2_RULE,"제어매트릭스 규칙 적용: NOX_LOW (3단계 롤백, 4단계에서 Hz 변화 없음)",38.8012505,7.8828125,1102.80005,891.075012,9.51249981,1.0,,13.6,0.0,9.1,56.7562485,,56.7562485,0.0,261.0,0.0,,
2025-11-06 00:45:06+00:00,2025-11-06 00:45:06,,,,,,,,,,38.8012505,7.9234376,1102.80005,891.224976,9.92500019,1.0,,13.6,0.0,9.63,56.7562485,,56.7562485,0.0,262.575012,0.0,,
2025-11-06 00:45:07+00:00,2025-11-06 00:45:07,,,,,,,,,,38.7975006,7.9671874,1102.80005,891.299988,9.92500019,1.0,,13.6,0.0,9.63,56.7562485,,56.7562485,0.0,262.575012,0.0,,
2025-11-06 00:45:08+00:00,2025-11-06 00:45:08,,,,,,,,,,38.7975006,7.9671874,1102.80005,891.450012,9.92500019,1.0,,13.6,0.0,9.63,56.3250008,,56.3250008,0.0,262.575012,0.0,,
2025-11-06 00:45:09+00:00,2025-11-06 00:45:09,,,,,,,,,,38.8050003,8.0234375,1102.65002,891.599976,9.9375,1.0,,13.6,0.0,9.63,55.2937508,,55.2937508,0.0,262.575012,0.0,,
2025-11-06 00:45:10+00:00,2025-11-06 00:45:10,41.0,41.0,41.0,41.0,41.0,12.499851571427378,100.0,BO_ONLY,"BO 모델 결과만 사용 (1단계 롤백, 2~4단계에서 Hz 변화 없음)",38.8012505,8.08125019,1102.65002,891.674988,10.1000004,1.0,,13.6,0.0,9.63,54.7687492,,54.7687492,0.0,262.575012,0.0,,
2025-11-06 00:45:11+00:00,2025-11-06 00:45:11,,,,,,,,,,38.8012505,8.08125019,1102.65002,891.825012,10.6875,1.0,,13.6,0.0,9.63,54.2249985,,54.2249985,0.0,262.5,0.0,,
2025-11-06 00:45:12+00:00,2025-11-06 00:45:12,,,,,,,,,,38.7937508,8.13906288,1102.65002,891.825012,10.6999998,1.0,,13.6,0.0,9.63,54.1875,,54.1875,0.0,262.575012,0.0,,
2025-11-06 00:45:13+00:00,2025-11-06 00:45:13,,,,,,,,,,38.8087502,8.13906288,1102.65002,891.974976,10.6875,1.0,,13.6,0.0,9.63,53.8312492,,53.8312492,0.0,262.575012,0.0,,
2025-11-06 00:45:14+00:00,2025-11-06 00:45:14,,,,,,,,,,41.5687485,8.19218731,1102.65002,892.125,10.6875,1.0,,13.6,0.0,9.63,53.8312492,,53.8312492,0.0,262.575012,0.0,,
2025-11-06 00:45:15+00:00,2025-11-06 00:45:15,41.0,41.0,41.0,41.0,41.0,15.486445640113457,100.0,BO_ONLY,"BO 모델 결과만 사용 (1단계 롤백, 2~4단계에서 Hz 변화 없음)",42.0074997,8.24687481,1102.65002,892.275024,10.6999998,1.0,,13.6,0.0,9.63,53.8312492,42.30680375729881,53.8312492,0.0,262.575012,0.0,,
2025-11-06 00:45:16+00:00,2025-11-06 00:45:16,,,,,,,,,,42.0224991,8.24687481,1102.65002,892.349976,10.9499998,1.0,,13.6,0.0,10.79,54.1875,,54.1875,0.0,260.924988,0.0,,
2025-11-06 00:45:17+00:00,2025-11-06 00:45:17,,,,,,,,,,42.0074997,8.31406212,1102.65002,892.5,10.9499998,1.0,,13.6,0.0,10.79,55.3125,,55.3125,0.0,259.350006,0.0,,
2025-11-06 00:45:18+00:00,2025-11-06 00:45:18,,,,,,,,,,42.0187492,8.38125038,1102.65002,892.575012,10.9499998,1.0,,13.6,0.0,10.79,57.5062485,,57.5062485,0.0,259.350006,0.0,,
2025-11-06 00:45:19+00:00,2025-11-06 00:45:19,,,,,,,,,,42.0149994,8.38125038,1102.72498,892.724976,10.9499998,1.0,,13.6,0.0,10.79,60.2249985,,60.2249985,0.0,259.350006,0.0,,
2025-11-06 00:45:20+00:00,2025-11-06 00:45:20,41.0,41.0,41.0,41.0,41.0,15.221497195902483,100.0,BO_ONLY,"BO 모델 결과만 사용 (1단계 롤백, 2~4단계에서 Hz 변화 없음)",42.0074997,8.44843769,1102.72498,892.799988,11.1125002,1.0,,13.6,0.0,10.79,61.9874992,,61.9874992,0.0,259.424988,0.0,,
2025-11-06 00:45:21+00:00,2025-11-06 00:45:21,,,,,,,,,,42.0112495,8.44843769,1102.80005,892.950012,11.5375004,1.0,,13.6,0.0,10.79,62.8875008,,62.8875008,0.0,259.350006,0.0,,
2025-11-06 00:45:22+00:00,2025-11-06 00:45:22,,,,,,,,,,42.0112495,8.50625038,1102.72498,893.025024,11.5375004,1.0,,13.6,0.0,10.79,63.8250008,,63.8250008,0.0,259.350006,0.0,,
2025-11-06 00:45:23+00:00,2025-11-06 00:45:23,,,,,,,,,,42.0149994,8.55781269,1102.80005,893.174988,11.5375004,1.0,,13.6,0.0,10.79,64.2375031,,64.2375031,0.0,259.350006,0.0,,
2025-11-06 00:45:24+00:00,2025-11-06 00:45:24,,,,,,,,,,42.0037498,8.55781269,1102.80005,893.174988,11.5375004,1.0,,13.6,0.0,10.79,64.2375031,,64.2375031,0.0,259.350006,0.0,,
2025-11-06 00:45:25+00:00,2025-11-06 00:45:25,41.0,41.0,41.0,41.0,41.0,15.462212506662222,100.0,BO_ONLY,"BO 모델 결과만 사용 (1단계 롤백, 2~4단계에서 Hz 변화 없음)",42.0224991,8.609375,1102.80005,893.325012,11.5375004,1.0,,13.6,0.0,10.79,64.2375031,,64.2375031,0.0,257.850006,0.0,,
2025-11-06 00:45:26+00:00,2025-11-06 00:45:26,,,,,,,,,,42.0187492,8.65781212,1102.80005,893.400024,11.5375004,1.0,,13.6,0.0,11.63,64.2562485,,64.2562485,0.0,257.774994,0.0,,
2025-11-06 00:45:27+00:00,2025-11-06 00:45:27,,,,,,,,,,42.0224991,8.65781212,1102.80005,893.549988,11.5375004,1.0,,13.6,0.0,11.63,64.2937469,,64.2937469,0.0,257.774994,0.0,,
2025-11-06 00:45:28+00:00,2025-11-06 00:45:28,,,,,,,,,,42.0525017,8.69843769,1102.72498,893.625,11.5375004,1.0,,13.6,0.0,11.63,64.6312485,,64.6312485,0.0,257.774994,0.0,,
2025-11-06 00:45:29+00:00,2025-11-06 00:45:29,,,,,,,,,,42.0112495,8.69843769,1102.72498,893.700012,11.5375004,1.0,,13.6,0.0,11.63,64.6312485,,64.6312485,0.0,257.774994,0.0,,
2025-11-06 00:45:30+00:00,2025-11-06 00:45:30,41.0,41.0,41.0,41.0,41.0,13.545847979142232,100.0,BO_ONLY,"BO 모델 결과만 사용 (1단계 롤백, 2~4단계에서 Hz 변화 없음)",42.0299988,8.72031212,1102.72498,893.849976,11.6374998,1.0,,13.6,0.0,11.63,64.6312485,38.70680375729881,64.6312485,0.0,257.774994,0.0,,
2025-11-06 00:45:31+00:00,2025-11-06 00:45:31,,,,,,,,,,42.0299988,8.72812462,1102.65002,893.924988,11.875,1.0,,13.6,0.0,11.63,64.6125031,,64.6125031,0.0,257.774994,0.0,,
2025-11-06 00:45:32+00:00,2025-11-06 00:45:32,,,,,,,,,,42.0299988,8.72812462,1102.57495,894.0,11.875,1.0,,13.6,0.0,11.63,64.3312531,,64.3312531,0.0,257.774994,0.0,,
2025-11-06 00:45:33+00:00,2025-11-06 00:45:33,,,,,,,,,,42.0149994,8.72500038,1102.5,894.075012,11.875,1.0,,13.6,0.0,11.63,64.2562485,,64.2562485,0.0,257.774994,0.0,,
2025-11-06 00:45:34+00:00,2025-11-06 00:45:34,,,,,,,,,,42.0187492,8.72031212,1102.34998,894.224976,11.875,1.0,,13.6,0.0,11.63,64.2375031,,64.2375031,0.0,257.850006,0.0,,
2025-11-06 00:45:35+00:00,2025-11-06 00:45:35,41.0,41.0,41.0,41.0,41.0,13.246856463037808,100.0,BO_ONLY,"BO 모델 결과만 사용 (1단계 롤백, 2~4단계에서 Hz 변화 없음)",42.0112495,8.72031212,1102.27502,894.299988,12.1374998,1.0,,13.6,0.0,11.63,64.2375031,,64.2375031,0.0,257.774994,0.0,,
2025-11-06 00:45:36+00:00,2025-11-06 00:45:36,,,,,,,,,,42.0299988,8.71718788,1102.05005,894.450012,12.2124996,1.0,,13.6,0.0,11.96,64.2562485,,64.2562485,0.0,257.850006,0.0,,
2025-11-06 00:45:37+00:00,2025-11-06 00:45:37,,,,,,,,,,42.0074997,8.71718788,1101.97498,894.525024,12.2124996,1.0,,13.6,0.0,11.96,64.2562485,,64.2562485,0.0,257.850006,0.0,,
2025-11-06 00:45:38+00:00,2025-11-06 00:45:38,,,,,,,,,,42.0224991,8.72031212,1101.82495,894.599976,12.2124996,1.0,,13.6,0.0,11.96,64.2562485,,64.2562485,0.0,257.850006,0.0,,
2025-11-06 00:45:39+00:00,2025-11-06 00:45:39,,,,,,,,,,42.0187492,8.73593712,1101.67505,894.674988,12.2124996,1.0,,13.6,0.0,11.96,64.2375031,,64.2375031,0.0,257.774994,0.0,,
2025-11-06 00:45:40+00:00,2025-11-06 00:45:40,41.0,41.0,41.0,41.0,41.0,12.829788878460954,100.0,BO_ONLY,"BO 모델 결과만 사용 (1단계 롤백, 2~4단계에서 Hz 변화 없음)",42.0112495,8.73593712,1101.52502,894.75,12.2375002,1.0,,13.6,0.0,11.96,64.2375031,,64.2375031,0.0,257.774994,0.0,,
2025-11-06 00:45:41+00:00,2025-11-06 00:45:41,,,,,,,,,,42.0187492,8.75625038,1101.30005,894.900024,12.3000002,1.0,,13.6,0.0,11.96,64.2562485,,64.2562485,0.0,257.774994,0.0,,
2025-11-06 00:45:42+00:00,2025-11-06 00:45:42,,,,,,,,,,42.0149994,8.78437519,1101.15002,894.974976,12.3000002,1.0,,13.6,0.0,11.96,64.2562485,,64.2562485,0.0,257.774994,0.0,,
2025-11-06 00:45:43+00:00,2025-11-06 00:45:43,,,,,,,,,,42.0149994,8.78437519,1100.92505,895.049988,12.3000002,1.0,,13.6,0.0,11.96,64.2375031,,64.2375031,0.0,257.774994,0.0,,
2025-11-06 00:45:44+00:00,2025-11-06 00:45:44,,,,,,,,,,42.0149994,8.81562519,1100.77502,895.125,12.3000002,1.0,,13.6,0.0,11.96,64.2375031,,64.2375031,0.0,257.774994,0.0,,
2025-11-06 00:45:45+00:00,2025-11-06 00:45:45,41.0,41.0,41.0,41.0,41.0,12.704106428815734,100.0,BO_ONLY,"BO 모델 결과만 사용 (1단계 롤백, 2~4단계에서 Hz 변화 없음)",42.0187492,8.81562519,1100.47498,895.200012,12.6875,1.0,,13.6,0.0,11.96,64.2562485,40.5068037572988,64.2562485,0.0,257.850006,0.0,,
2025-11-06 00:45:46+00:00,2025-11-06 00:45:46,,,,,,,,,,42.0074997,8.85000038,1100.32495,895.275024,12.8000002,1.0,,13.6,0.0,12.42,64.2562485,,64.2562485,0.0,257.774994,0.0,,
2025-11-06 00:45:47+00:00,2025-11-06 00:45:47,,,,,,,,,,42.0112495,8.88906288,1100.09998,895.349976,12.8000002,1.0,,13.6,0.0,12.42,64.2375031,,64.2375031,0.0,257.850006,0.0,,
2025-11-06 00:45:48+00:00,2025-11-06 00:45:48,,,,,,,,,,42.0187492,8.88906288,1099.875,895.424988,12.8000002,1.0,,13.6,0.0,12.42,64.2375031,,64.2375031,0.0,257.774994,0.0,,
2025-11-06 00:45:49+00:00,2025-11-06 00:45:49,,,,,,,,,,42.0262489,8.93437481,1099.57495,895.575012,12.8000002,1.0,,13.6,0.0,12.42,64.2562485,,64.2562485,0.0,257.774994,0.0,,
2025-11-06 00:45:50+00:00,2025-11-06 00:45:50,41.0,41.0,41.0,41.0,41.0,13.031385642198241,100.0,BO_ONLY,"BO 모델 결과만 사용 (1단계 롤백, 2~4단계에서 Hz 변화 없음)",42.0187492,8.98906231,1099.34998,895.575012,12.8000002,1.0,,13.6,0.0,12.42,64.2562485,,64.2562485,0.0,257.850006,0.0,,
2025-11-06 00:45:51+00:00,2025-11-06 00:45:51,,,,,,,,,,42.0149994,8.98906231,1099.05005,895.724976,12.8000002,1.0,,13.6,0.0,12.42,64.2375031,,64.2375031,0.0,257.774994,0.0,,
2025-11-06 00:45:52+00:00,2025-11-06 00:45:52,,,,,,,,,,42.0299988,9.05000019,1098.82495,895.799988,12.8000002,1.0,,13.6,0.0,12.42,64.2375031,,64.2375031,0.0,257.774994,0.0,,
2025-11-06 00:45:53+00:00,2025-11-06 00:45:53,,,,,,,,,,42.0074997,9.05000019,1098.44995,895.875,12.7875004,1.0,,13.6,0.0,12.42,64.2562485,,64.2562485,0.0,257.850006,0.0,,
2025-11-06 00:45:54+00:00,2025-11-06 00:45:54,,,,,,,,,,42.0374985,9.10468769,1098.22498,895.950012,12.8000002,1.0,,13.6,0.0,12.42,64.2562485,,64.2562485,0.0,257.774994,0.0,,
2025-11-06 00:45:55+00:00,2025-11-06 00:45:55,42.0,42.0,42.0,42.0,42.0,12.78874835440033,100.0,BO_ONLY,"BO 모델 결과만 사용 (1단계 롤백, 2~4단계에서 Hz 변화 없음)",42.0187492,9.15781212,1097.84998,895.950012,12.6000004,1.0,,13.6,0.0,12.42,64.2562485,,64.2562485,0.0,257.774994,0.0,,
2025-11-06 00:45:56+00:00,2025-11-06 00:45:56,,,,,,,,,,42.0149994,9.15781212,1097.47498,896.099976,12.5500002,1.0,,13.6,0.0,12.93,64.2375031,,64.2375031,0.0,257.774994,0.0,,
2025-11-06 00:45:57+00:00,2025-11-06 00:45:57,,,,,,,,,,42.0299988,9.21562481,1097.17505,896.099976,12.5500002,1.0,,13.6,0.0,12.93,64.2562485,,64.2562485,0.0,257.850006,0.0,,
2025-11-06 00:45:58+00:00,2025-11-06 00:45:58,,,,,,,,,,41.1074982,9.28437519,1096.94995,896.25,12.5500002,1.0,,13.6,0.0,12.93,64.2562485,,64.2562485,0.0,257.850006,0.0,,
2025-11-06 00:45:59+00:00,2025-11-06 00:45:59,,,,,,,,,,40.9949989,9.28437519,1096.57495,896.325012,12.5500002,1.0,,13.6,0.0,12.93,64.2562485,,64.2562485,0.0,257.850006,0.0,,
2025-11-06 00:46:00+00:00,2025-11-06 00:46:00,42.0,42.0,42.0,42.0,42.0,12.074692756007641,100.0,BO_ONLY,"BO 모델 결과만 사용 (1단계 롤백, 2~4단계에서 Hz 변화 없음)",40.9912491,9.359375,1096.34998,896.325012,12.7124996,1.0,,13.6,0.0,12.93,64.2375031,38.70680375729881,64.2375031,0.0,257.774994,0.0,,
2025-11-06 00:46:01+00:00,2025-11-06 00:46:01,,,,,,,,,,40.9912491,9.359375,1095.90002,896.400024,13.1374998,1.0,,13.6,0.0,12.93,63.8062515,,63.8062515,0.0,257.850006,0.0,,
2025-11-06 00:46:02+00:00,2025-11-06 00:46:02,,,,,,,,,,40.9874992,9.43281269,1095.67505,896.474976,13.1374998,1.0,,13.6,0.0,12.93,63.0187492,,63.0187492,0.0,259.274994,0.0,,
2025-11-06 00:46:03+00:00,2025-11-06 00:46:03,,,,,,,,,,40.9724998,9.50312519,1095.30005,896.549988,13.1374998,1.0,,13.6,0.0,12.93,62.7750015,,62.7750015,0.0,259.350006,0.0,,
2025-11-06 00:46:04+00:00,2025-11-06 00:46:04,,,,,,,,,,40.9762497,9.50312519,1095.0,896.625,13.1374998,1.0,,13.6,0.0,12.93,61.9874992,,61.9874992,0.0,259.274994,0.0,,
2025-11-06 00:46:05+00:00,2025-11-06 00:46:05,42.0,43.0,42.0,42.0,42.0,13.172322982293087,207.0,BO_O2,"O2 규칙 적용: 9.4% (9.0% < O2 ≤ 10.0%) (2단계 롤백, 3~4단계에서 Hz 변화 없음)",40.9762497,9.56875038,1094.55005,896.625,13.7250004,1.0,,13.6,0.0,12.93,61.5187492,,61.5187492,0.0,259.350006,0.0,,
2025-11-06 00:46:06+00:00,2025-11-06 00:46:06,,,,,,,,,,40.9612503,9.63593769,1094.32495,896.700012,13.8874998,1.0,,13.6,0.0,13.26,61.2374992,,61.2374992,0.0,259.350006,0.0,,
2025-11-06 00:46:07+00:00,2025-11-06 00:46:07,,,,,,,,,,40.96875,9.63593769,1093.94995,896.775024,13.8999996,1.0,,13.6,0.0,13.26,61.2374992,,61.2374992,0.0,259.350006,0.0,,
2025-11-06 00:46:08+00:00,2025-11-06 00:46:08,,,,,,,,,,40.96875,9.70625019,1093.57495,896.775024,13.8999996,1.0,,13.6,0.0,13.26,61.2374992,,61.2374992,0.0,259.274994,0.0,,
2025-11-06 00:46:09+00:00,2025-11-06 00:46:09,,,,,,,,,,40.9575005,9.70625019,1093.125,896.924988,13.8999996,1.0,,13.6,0.0,13.26,61.2374992,,61.2374992,0.0,257.850006,0.0,,
2025-11-06 00:46:10+00:00,2025-11-06 00:46:10,42.0,43.0,42.0,42.0,42.0,14.748488040795854,207.0,BO_O2,"O2 규칙 적용: 9.7% (9.0% < O2 ≤ 10.0%) (2단계 롤백, 3~4단계에서 Hz 변화 없음)",40.9762497,9.77499962,1092.82495,896.924988,14.125,1.0,,13.6,0.0,13.26,61.2374992,,61.2374992,0.0,257.774994,0.0,,
2025-11-06 00:46:11+00:00,2025-11-06 00:46:11,,,,,,,,,,41.0024986,9.82656288,1092.375,897.0,14.6750002,1.0,,13.6,0.0,13.26,61.2562485,,61.2562485,0.0,257.850006,0.0,,
2025-11-06 00:46:12+00:00,2025-11-06 00:46:12,,,,,,,,,,40.9650002,9.82656288,1092.07495,897.0,14.6750002,1.0,,13.6,0.0,13.26,61.2374992,,61.2374992,0.0,257.774994,0.0,,
2025-11-06 00:46:13+00:00,2025-11-06 00:46:13,,,,,,,,,,40.9987488,9.87031269,1091.625,897.150024,14.6750002,1.0,,13.6,0.0,13.26,61.2374992,,61.2374992,0.0,257.850006,0.0,,
2025-11-06 00:46:14+00:00,2025-11-06 00:46:14,,,,,,,,,,40.9500008,9.89999962,1091.32495,897.150024,14.6750002,1.0,,13.6,0.0,13.26,61.2374992,,61.2374992,0.0,257.850006,0.0,,
2025-11-06 00:46:15+00:00,2025-11-06 00:46:15,42.0,44.0,42.0,42.0,42.0,15.44755740844746,207.0,BO_O2,"O2 규칙 적용: 9.9% (9.0% < O2 ≤ 10.0%) (2단계 롤백, 3~4단계에서 Hz 변화 없음)",40.9650002,9.89999962,1090.72498,897.224976,14.9375,1.0,,13.6,0.0,13.26,61.2374992,38.70680375729881,61.2374992,0.0,257.774994,0.0,,
2025-11-06 00:46:16+00:00,2025-11-06 00:46:16,,,,,,,,,,40.9874992,9.93437481,1090.27502,897.299988,15.0,1.0,,13.6,0.0,14.75,61.2374992,,61.2374992,0.0,257.774994,0.0,,
2025-11-06 00:46:17+00:00,2025-11-06 00:46:17,,,,,,,,,,40.9312515,9.93437481,1089.90002,897.299988,15.0,1.0,,13.6,0.0,14.75,61.2374992,,61.2374992,0.0,257.850006,0.0,,
2025-11-06 00:46:18+00:00,2025-11-06 00:46:18,,,,,,,,,,40.9350014,9.96249962,1089.52502,897.299988,15.0124998,1.0,,13.6,0.0,14.75,61.2374992,,61.2374992,0.0,257.774994,0.0,,
2025-11-06 00:46:19+00:00,2025-11-06 00:46:19,,,,,,,,,,41.0062485,9.99687481,1089.0,897.375,15.0,1.0,,13.6,0.0,14.75,60.8624992,,60.8624992,0.0,257.774994,0.0,,
2025-11-06 00:46:20+00:00,2025-11-06 00:46:20,39.0,38.0,39.0,39.0,39.0,15.97333620395497,207.0,BO_O2,"O2 규칙 적용: 10.0% (9.0% < O2 ≤ 10.0%) (2단계 롤백, 3~4단계에서 Hz 변화 없음)",40.9500008,9.99687481,1088.69995,897.375,15.1125002,1.0,,13.6,0.0,14.75,60.8624992,,60.8624992,0.0,257.774994,0.0,,
2025-11-06 00:46:21+00:00,2025-11-06 00:46:21,,,,,,,,,,40.9987488,10.0187502,1088.09998,897.450012,15.3374996,1.0,,13.6,0.0,14.75,60.8624992,,60.8624992,0.0,257.774994,0.0,,
2025-11-06 00:46:22+00:00,2025-11-06 00:46:22,,,,,,,,,,40.9762497,10.0406246,1087.80005,897.450012,15.3374996,1.0,,13.6,0.0,14.75,61.2374992,,61.2374992,0.0,257.850006,0.0,,
2025-11-06 00:46:23+00:00,2025-11-06 00:46:23,,,,,,,,,,39.9787483,10.0406246,1087.19995,897.525024,15.3374996,1.0,,13.6,0.0,14.75,61.2374992,,61.2374992,0.0,257.850006,0.0,,
2025-11-06 00:46:24+00:00,2025-11-06 00:46:24,,,,,,,,,,39.9187508,10.0734377,1086.82495,897.525024,15.3374996,1.0,,13.6,0.0,14.75,60.9749985,,60.9749985,0.0,257.774994,0.0,,
2025-11-06 00:46:25+00:00,2025-11-06 00:46:25,38.0,38.0,38.0,38.0,38.0,16.018179999107932,100.0,BO_ONLY,"BO 모델 결과만 사용 (1단계 롤백, 2~4단계에서 Hz 변화 없음)",39.9150009,10.0734377,1086.30005,897.525024,15.6625004,1.0,,13.6,0.0,14.75,60.5062485,,60.5062485,0.0,257.774994,0.0,,
2025-11-06 00:46:26+00:00,2025-11-06 00:46:26,,,,,,,,,,39.9075012,10.1156254,1085.69995,897.599976,15.75,1.0,,13.6,0.0,15.44,59.7750015,,59.7750015,0.0,257.774994,0.0,,
2025-11-06 00:46:27+00:00,2025-11-06 00:46:27,,,,,,,,,,39.9187508,10.1578121,1085.25,897.599976,15.7624998,1.0,,13.6,0.0,15.44,59.7750015,,59.7750015,0.0,257.774994,0.0,,
2025-11-06 00:46:28+00:00,2025-11-06 00:46:28,,,,,,,,,,39.3675003,10.1578121,1084.875,897.674988,15.75,1.0,,13.6,0.0,15.44,58.7999992,,58.7999992,0.0,257.774994,0.0,,
2025-11-06 00:46:29+00:00,2025-11-06 00:46:29,,,,,,,,,,38.8087502,10.203125,1084.27502,897.674988,15.75,1.0,,13.6,0.0,15.44,58.2937508,,58.2937508,0.0,257.774994,0.0,,
2025-11-06 00:46:30+00:00,2025-11-06 00:46:30,38.0,38.0,38.0,38.0,38.0,14.554187585817807,100.0,BO_ONLY,"BO 모델 결과만 사용 (1단계 롤백, 2~4단계에서 Hz 변화 없음)",38.8050003,10.2562504,1083.82495,897.674988,15.7375002,1.0,,13.6,0.0,15.44,57.5625,38.0,57.5625,0.0,257.850006,0.0,,
2025-11-06 00:46:31+00:00,2025-11-06 00:46:31,,,,,,,,,,38.7975006,10.2562504,1083.22498,897.75,15.6750002,1.0,,13.6,0.0,15.44,56.7937508,,56.7937508,0.0,257.850006,0.0,,
2025-11-06 00:46:32+00:00,2025-11-06 00:46:32,,,,,,,,,,38.8050003,10.3171873,1082.77502,897.75,15.6750002,1.0,,13.6,0.0,15.44,56.6812515,,56.6812515,0.0,257.774994,0.0,,
2025-11-06 00:46:33+00:00,2025-11-06 00:46:33,,,,,,,,,,38.8087502,10.3171873,1082.09998,897.75,15.6750002,1.0,,13.6,0.0,15.44,55.3875008,,55.3875008,0.0,257.774994,0.0,,
2025-11-06 00:46:34+00:00,2025-11-06 00:46:34,,,,,,,,,,38.8087502,10.375,1081.65002,897.825012,15.6750002,1.0,,13.6,0.0,15.44,54.9375,,54.9375,0.0,257.774994,0.0,,
2025-11-06 00:46:35+00:00,2025-11-06 00:46:35,38.0,38.0,38.0,38.0,38.0,13.94940537490601,100.0,BO_ONLY,"BO 모델 결과만 사용 (1단계 롤백, 2~4단계에서 Hz 변화 없음)",38.7937508,10.4250002,1080.97498,897.75,15.9499998,1.0,,13.6,0.0,15.44,54.1500015,,54.1500015,0.0,257.774994,0.0,,
2025-11-06 00:46:36+00:00,2025-11-06 00:46:36,,,,,,,,,,38.7900009,10.4250002,1080.52502,897.825012,16.0125008,1.0,,13.6,0.0,15.76,53.8312492,,53.8312492,0.0,257.774994,0.0,,
2025-11-06 00:46:37+00:00,2025-11-06 00:46:37,,,,,,,,,,38.8162498,10.4734373,1079.84998,897.825012,16.0125008,1.0,,13.6,0.0,15.76,53.8125,,53.8125,0.0,257.700012,0.0,,
2025-11-06 00:46:38+00:00,2025-11-06 00:46:38,,,,,,,,,,38.8087502,10.5109377,1079.40002,897.825012,16.0125008,1.0,,13.6,0.0,15.76,53.8125,,53.8125,0.0,257.774994,0.0,,
2025-11-06 00:46:39+00:00,2025-11-06 00:46:39,,,,,,,,,,38.8050003,10.5109377,1078.65002,897.825012,16.0125008,1.0,,13.6,0.0,15.76,53.8312492,,53.8312492,0.0,259.350006,0.0,,
2025-11-06 00:46:40+00:00,2025-11-06 00:46:40,40.0,45.0,40.0,40.0,40.0,14.60744592465024,208.0,BO_O2,"O2 규칙 적용: 10.5% (10.0% < O2 ≤ 12.0%) (2단계 롤백, 3~4단계에서 Hz 변화 없음)",38.8012505,10.5453129,1078.19995,897.825012,16.1375008,1.0,,13.6,0.0,15.76,53.8312492,,53.8312492,0.0,259.350006,0.0,,
2025-11-06 00:46:41+00:00,2025-11-06 00:46:41,,,,,,,,,,38.8012505,10.5453129,1077.52502,897.900024,16.4375,1.0,,13.6,0.0,15.76,53.8125,,53.8125,0.0,261.0,0.0,,
2025-11-06 00:46:42+00:00,2025-11-06 00:46:42,,,,,,,,,,38.7862511,10.5859375,1077.07495,897.900024,16.4375,1.0,,13.6,0.0,15.76,53.8312492,,53.8312492,0.0,261.075012,0.0,,
2025-11-06 00:46:43+00:00,2025-11-06 00:46:43,,,,,,,,,,38.8012505,10.6234379,1076.40002,897.900024,16.4375,1.0,,13.6,0.0,15.76,53.8312492,,53.8312492,0.0,260.924988,0.0,,
2025-11-06 00:46:44+00:00,2025-11-06 00:46:44,,,,,,,,,,38.8012505,10.6234379,1075.94995,897.900024,16.4375,1.0,,13.6,0.0,15.76,53.8125,,53.8125,0.0,260.924988,0.0,,
2025-11-06 00:46:45+00:00,2025-11-06 00:46:45,40.0,44.0,40.0,40.0,40.0,14.68506937833264,208.0,BO_O2,"O2 규칙 적용: 10.6% (10.0% < O2 ≤ 12.0%) (2단계 롤백, 3~4단계에서 Hz 변화 없음)",38.7900009,10.6531248,1075.27502,897.900024,16.75,1.0,,13.6,0.0,15.76,53.8125,38.0,53.8125,0.0,261.0,0.0,,
2025-11-06 00:46:46+00:00,2025-11-06 00:46:46,,,,,,,,,,38.8162498,10.6812496,1074.59998,897.974976,16.8500004,1.0,,13.6,0.0,16.49,53.8312492,,53.8312492,0.0,260.924988,0.0,,
2025-11-06 00:46:47+00:00,2025-11-06 00:46:47,,,,,,,,,,38.8087502,10.6812496,1074.15002,897.900024,16.8624992,1.0,,13.6,0.0,16.49,53.8125,,53.8125,0.0,261.0,0.0,,
2025-11-06 00:46:48+00:00,2025-11-06 00:46:48,,,,,,,,,,38.7975006,10.7234373,1073.625,897.900024,16.8500004,1.0,,13.6,0.0,16.49,53.8312492,,53.8312492,0.0,261.075012,0.0,,
2025-11-06 00:46:49+00:00,2025-11-06 00:46:49,,,,,,,,,,38.8050003,10.7765627,1073.02502,897.900024,16.8500004,1.0,,13.6,0.0,16.49,53.8125,,53.8125,0.0,261.075012,0.0,,
2025-11-06 00:46:50+00:00,2025-11-06 00:46:50,40.0,44.0,40.0,40.0,40.0,14.7766992353472,208.0,BO_O2,"O2 규칙 적용: 10.7% (10.0% < O2 ≤ 12.0%) (2단계 롤백, 3~4단계에서 Hz 변화 없음)",38.7975006,10.7765627,1072.57495,897.900024,16.7749996,1.0,,13.6,0.0,16.49,53.8312492,,53.8312492,0.0,261.075012,0.0,,
2025-11-06 00:46:51+00:00,2025-11-06 00:46:51,,,,,,,,,,38.8162498,10.8234377,1071.90002,897.900024,16.6000004,1.0,,13.6,0.0,16.49,53.8312492,,53.8312492,0.0,261.0,0.0,,
2025-11-06 00:46:52+00:00,2025-11-06 00:46:52,,,,,,,,,,38.8050003,10.8234377,1071.44995,897.825012,16.6000004,1.0,,13.6,0.0,16.49,53.8125,,53.8125,0.0,261.0,0.0,,
2025-11-06 00:46:53+00:00,2025-11-06 00:46:53,,,,,,,,,,38.7937508,10.8671875,1070.69995,897.900024,16.6124992,1.0,,13.6,0.0,16.49,53.8125,,53.8125,0.0,261.075012,0.0,,
2025-11-06 00:46:54+00:00,2025-11-06 00:46:54,,,,,,,,,,38.7900009,10.9046879,1070.25,897.900024,16.6000004,1.0,,13.6,0.0,16.49,53.8125,,53.8125,0.0,260.850006,0.0,,
2025-11-06 00:46:55+00:00,2025-11-06 00:46:55,40.0,42.0,40.0,40.0,40.0,14.19549752555004,208.0,BO_O2,"O2 규칙 적용: 10.9% (10.0% < O2 ≤ 12.0%) (2단계 롤백, 3~4단계에서 Hz 변화 없음)",38.7900009,10.9046879,1069.65002,897.825012,16.5375004,1.0,,13.6,0.0,16.49,53.8312492,,53.8312492,0.0,261.075012,0.0,,
2025-11-06 00:46:56+00:00,2025-11-06 00:46:56,,,,,,,,,,38.7975006,10.9328127,1069.19995,897.900024,16.5249996,1.0,,13.6,0.0,16.69,53.8125,,53.8125,0.0,261.149994,0.0,,
2025-11-06 00:46:57+00:00,2025-11-06 00:46:57,,,,,,,,,,38.7975006,10.9328127,1068.52502,897.825012,16.5249996,1.0,,13.6,0.0,16.69,53.8125,,53.8125,0.0,260.924988,0.0,,
2025-11-06 00:46:58+00:00,2025-11-06 00:46:58,,,,,,,,,,38.7975006,10.9468746,1068.15002,897.825012,16.5125008,1.0,,13.6,0.0,16.69,53.8125,,53.8125,0.0,262.575012,0.0,,
2025-11-06 00:46:59+00:00,2025-11-06 00:46:59,,,,,,,,,,38.8087502,10.96875,1067.47498,897.825012,16.5249996,1.0,,13.6,0.0,16.69,53.8312492,,53.8312492,0.0,260.850006,0.0,,
2025-11-06 00:47:00+00:00,2025-11-06 00:47:00,39.0,39.0,39.0,39.0,39.0,13.562399893815265,100.0,BO_ONLY,"BO 모델 결과만 사용 (1단계 롤백, 2~4단계에서 Hz 변화 없음)",38.8087502,10.96875,1067.09998,897.825012,16.4375,1.0,,13.6,0.0,16.69,53.8312492,38.0,53.8312492,0.0,261.075012,0.0,,
2025-11-06 00:47:01+00:00,2025-11-06 00:47:01,,,,,,,,,,38.8012505,10.9875002,1066.5,897.825012,16.2625008,1.0,,13.6,0.0,16.69,53.8125,,53.8125,0.0,260.924988,0.0,,
2025-11-06 00:47:02+00:00,2025-11-06 00:47:02,,,,,,,,,,38.8125,11.0,1066.05005,897.75,16.2625008,1.0,,13.6,0.0,16.69,53.8125,,53.8125,0.0,261.0,0.0,,
2025-11-06 00:47:03+00:00,2025-11-06 00:47:03,,,,,,,,,,38.7975006,11.0,1065.44995,897.75,16.2625008,1.0,,13.6,0.0,16.69,53.8125,,53.8125,0.0,260.924988,0.0,,
2025-11-06 00:47:04+00:00,2025-11-06 00:47:04,,,,,,,,,,38.7975006,11.0140629,1065.0,897.75,16.2625008,1.0,,13.6,0.0,16.69,53.8125,,53.8125,0.0,260.924988,0.0,,
2025-11-06 00:47:05+00:00,2025-11-06 00:47:05,39.0,39.0,39.0,39.0,39.0,12.169682883018345,100.0,BO_ONLY,"BO 모델 결과만 사용 (1단계 롤백, 2~4단계에서 Hz 변화 없음)",38.7937508,11.0140629,1064.32495,897.75,16.4624996,1.0,,13.6,0.0,16.69,53.8125,,53.8125,0.0,260.850006,0.0,,
2025-11-06 00:47:06+00:00,2025-11-06 00:47:06,,,,,,,,,,38.7937508,11.0296879,1063.65002,897.674988,16.5249996,1.0,,13.6,0.0,16.37,53.8125,,53.8125,0.0,260.850006,0.0,,
2025-11-06 00:47:07+00:00,2025-11-06 00:47:07,,,,,,,,,,38.7975006,11.0421877,1063.19995,897.674988,16.5125008,1.0,,13.6,0.0,16.37,53.8312492,,53.8312492,0.0,261.075012,0.0,,
2025-11-06 00:47:08+00:00,2025-11-06 00:47:08,,,,,,,,,,38.7975006,11.0421877,1062.75,897.674988,16.5125008,1.0,,13.6,0.0,16.37,53.8312492,,53.8312492,0.0,261.0,0.0,,
2025-11-06 00:47:09+00:00,2025-11-06 00:47:09,,,,,,,,,,38.8050003,11.0390625,1062.07495,897.674988,16.5249996,1.0,,13.6,0.0,16.37,53.8125,,53.8125,0.0,260.850006,0.0,,
2025-11-06 00:47:10+00:00,2025-11-06 00:47:10,39.0,39.0,39.0,39.0,39.0,12.995549305610325,100.0,BO_ONLY,"BO 모델 결과만 사용 (1단계 롤백, 2~4단계에서 Hz 변화 없음)",38.7900009,11.0218754,1061.625,897.674988,16.5,1.0,,13.6,0.0,16.37,53.8125,,53.8125,0.0,260.924988,0.0,,
2025-11-06 00:47:11+00:00,2025-11-06 00:47:11,,,,,,,,,,38.7900009,11.0218754,1060.94995,897.674988,16.4375,1.0,,13.6,0.0,16.37,53.8312492,,53.8312492,0.0,261.0,0.0,,
2025-11-06 00:47:12+00:00,2025-11-06 00:47:12,,,,,,,,,,38.7937508,10.9984379,1060.5,897.599976,16.4375,1.0,,13.6,0.0,16.37,53.8125,,53.8125,0.0,261.0,0.0,,
2025-11-06 00:47:13+00:00,2025-11-06 00:47:13,,,,,,,,,,38.8087502,10.9984379,1059.75,897.525024,16.4375,1.0,,13.6,0.0,16.37,53.8125,,53.8125,0.0,260.924988,0.0,,
2025-11-06 00:47:14+00:00,2025-11-06 00:47:14,,,,,,,,,,38.7937508,10.9750004,1059.30005,897.525024,16.4249992,1.0,,13.6,0.0,16.37,53.8125,,53.8125,0.0,261.075012,0.0,,
2025-11-06 00:47:15+00:00,2025-11-06 00:47:15,39.0,39.0,39.0,39.0,39.0,12.835683154964853,100.0,BO_ONLY,"BO 모델 결과만 사용 (1단계 롤백, 2~4단계에서 Hz 변화 없음)",38.8162498,10.9593754,1058.625,897.525024,16.5,1.0,,13.6,0.0,16.37,53.8312492,38.0,53.8312492,0.0,261.149994,0.0,,
2025-11-06 00:47:16+00:00,2025-11-06 00:47:16,,,,,,,,,,38.8162498,10.9593754,1058.17505,897.525024,16.5249996,1.0,,13.6,0.0,16.49,53.8125,,53.8125,0.0,261.0,0.0,,
2025-11-06 00:47:17+00:00,2025-11-06 00:47:17,,,,,,,,,,38.7900009,10.9515629,1057.42505,897.450012,16.5125008,1.0,,13.6,0.0,16.49,53.8125,,53.8125,0.0,260.850006,0.0,,
2025-11-06 00:47:18+00:00,2025-11-06 00:47:18,,,,,,,,,,38.8087502,10.9515629,1056.97498,897.450012,16.5249996,1.0,,13.6,0.0,16.49,53.8125,,53.8125,0.0,261.075012,0.0,,
2025-11-06 00:47:19+00:00,2025-11-06 00:47:19,,,,,,,,,,38.8012505,10.9515629,1056.22498,897.450012,16.5249996,1.0,,13.6,0.0,16.49,53.8312492,,53.8312492,0.0,261.149994,0.0,,
2025-11-06 00:47:20+00:00,2025-11-06 00:47:20,39.0,39.0,39.0,39.0,39.0,13.262276903491104,100.0,BO_ONLY,"BO 모델 결과만 사용 (1단계 롤백, 2~4단계에서 Hz 변화 없음)",38.8087502,10.953125,1055.77502,897.375,16.4125004,1.0,,13.6,0.0,16.49,53.8312492,,53.8312492,0.0,260.850006,0.0,,
2025-11-06 00:47:21+00:00,2025-11-06 00:47:21,,,,,,,,,,38.8050003,10.953125,1055.09998,897.299988,16.1749992,1.0,,13.6,0.0,16.49,53.8125,,53.8125,0.0,261.899994,0.0,,
2025-11-06 00:47:22+00:00,2025-11-06 00:47:22,,,,,,,,,,38.8012505,10.9578123,1054.65002,897.299988,16.1875,1.0,,13.6,0.0,16.49,53.8125,,53.8125,0.0,261.0,0.0,,
2025-11-06 00:47:23+00:00,2025-11-06 00:47:23,,,,,,,,,,38.8012505,10.9765625,1053.90002,897.224976,16.1875,1.0,,13.6,0.0,16.49,53.8312492,,53.8312492,0.0,261.149994,0.0,,
2025-11-06 00:47:24+00:00,2025-11-06 00:47:24,,,,,,,,,,38.8050003,10.9765625,1053.44995,897.224976,16.1749992,1.0,,13.6,0.0,16.49,53.8312492,,53.8312492,0.0,261.075012,0.0,,
2025-11-06 00:47:25+00:00,2025-11-06 00:47:25,39.0,39.0,39.0,39.0,39.0,12.733823123180905,100.0,BO_ONLY,"BO 모델 결과만 사용 (1단계 롤백, 2~4단계에서 Hz 변화 없음)",38.7975006,11.0078125,1052.69995,897.150024,15.7749996,1.0,,13.6,0.0,16.49,53.8125,,53.8125,0.0,261.075012,0.0,,
2025-11-06 00:47:26+00:00,2025-11-06 00:47:26,,,,,,,,,,38.7975006,11.0390625,1052.32495,897.150024,15.6750002,1.0,,13.6,0.0,16.3,53.8125,,53.8125,0.0,260.924988,0.0,,
2025-11-06 00:47:27+00:00,2025-11-06 00:47:27,,,,,,,,,,38.8012505,11.0390625,1051.57495,897.075012,15.6750002,1.0,,13.6,0.0,16.3,53.8312492,,53.8312492,0.0,260.924988,0.0,,
2025-11-06 00:47:28+00:00,2025-11-06 00:47:28,,,,,,,,,,38.8087502,11.0703125,1051.125,897.075012,15.6750002,1.0,,13.6,0.0,16.3,53.8312492,,53.8312492,0.0,261.075012,0.0,,
2025-11-06 00:47:29+00:00,2025-11-06 00:47:29,,,,,,,,,,38.7900009,11.0703125,1050.375,897.0,15.6750002,1.0,,13.6,0.0,16.3,53.8125,,53.8125,0.0,261.149994,0.0,,
2025-11-06 00:47:30+00:00,2025-11-06 00:47:30,39.0,39.0,39.0,39.0,39.0,12.113554622212513,100.0,BO_ONLY,"BO 모델 결과만 사용 (1단계 롤백, 2~4단계에서 Hz 변화 없음)",38.7975006,11.09375,1049.92505,897.0,15.6750002,1.0,,13.6,0.0,16.3,53.8125,38.0,53.8125,0.0,262.5,0.0,,
2025-11-06 00:47:31+00:00,2025-11-06 00:47:31,,,,,,,,,,38.8012505,11.1203127,1049.25,896.924988,15.6750002,1.0,,13.6,0.0,16.3,53.8125,,53.8125,0.0,262.575012,0.0,,
2025-11-06 00:47:32+00:00,2025-11-06 00:47:32,,,,,,,,,,38.7937508,11.1203127,1048.80005,896.924988,15.6750002,1.0,,13.6,0.0,16.3,53.8312492,,53.8312492,0.0,262.575012,0.0,,
2025-11-06 00:47:33+00:00,2025-11-06 00:47:33,,,,,,,,,,38.7862511,11.140625,1048.125,896.849976,15.6750002,1.0,,13.6,0.0,16.3,53.8125,,53.8125,0.0,262.575012,0.0,,
2025-11-06 00:47:34+00:00,2025-11-06 00:47:34,,,,,,,,,,38.8012505,11.1578121,1047.375,896.700012,15.6750002,1.0,,13.6,0.0,16.3,53.8125,,53.8125,0.0,262.5,0.0,,
2025-11-06 00:47:35+00:00,2025-11-06 00:47:35,39.0,39.0,39.0,39.0,39.0,11.76848776792769,100.0,BO_ONLY,"BO 모델 결과만 사용 (1단계 롤백, 2~4단계에서 Hz 변화 없음)",38.8050003,11.1578121,1047.0,896.700012,15.3874998,1.0,,13.6,0.0,16.3,53.8312492,,53.8312492,0.0,262.575012,0.0,,
2025-11-06 00:47:36+00:00,2025-11-06 00:47:36,,,,,,,,,,38.8012505,11.1640625,1046.55005,896.700012,15.3374996,1.0,,13.6,0.0,15.79,53.8312492,,53.8312492,0.0,262.575012,0.0,,
2025-11-06 00:47:37+00:00,2025-11-06 00:47:37,,,,,,,,,,38.7900009,11.1640625,1045.875,896.625,15.3374996,1.0,,13.6,0.0,15.79,53.8125,,53.8125,0.0,262.575012,0.0,,
2025-11-06 00:47:38+00:00,2025-11-06 00:47:38,,,,,,,,,,38.7900009,11.1546879,1045.5,896.549988,15.3374996,1.0,,13.6,0.0,15.79,53.8125,,53.8125,0.0,262.5,0.0,,
2025-11-06 00:47:39+00:00,2025-11-06 00:47:39,,,,,,,,,,38.8012505,11.1453123,1044.90002,896.474976,15.3374996,1.0,,13.6,0.0,15.79,53.8312492,,53.8312492,0.0,262.575012,0.0,,
2025-11-06 00:47:40+00:00,2025-11-06 00:47:40,39.0,39.0,39.0,39.0,39.0,11.026757816098417,100.0,BO_ONLY,"BO 모델 결과만 사용 (1단계 롤백, 2~4단계에서 Hz 변화 없음)",38.7975006,11.1453123,1044.52502,896.474976,15.2749996,1.0,,13.6,0.0,15.79,53.8312492,,53.8312492,0.0,262.575012,0.0,,
2025-11-06 00:47:41+00:00,2025-11-06 00:47:41,,,,,,,,,,38.7900009,11.1437502,1044.0,896.474976,15.1750002,1.0,,13.6,0.0,15.79,53.8312492,,53.8312492,0.0,262.575012,0.0,,
2025-11-06 00:47:42+00:00,2025-11-06 00:47:42,,,,,,,,,,38.8125,11.1296873,1043.625,896.400024,15.1750002,1.0,,13.6,0.0,15.79,53.8125,,53.8125,0.0,262.5,0.0,,
2025-11-06 00:47:43+00:00,2025-11-06 00:47:43,,,,,,,,,,38.8050003,11.1296873,1043.17505,896.325012,15.1750002,1.0,,13.6,0.0,15.79,53.8312492,,53.8312492,0.0,262.575012,0.0,,
2025-11-06 00:47:44+00:00,2025-11-06 00:47:44,,,,,,,,,,38.7825012,11.0984373,1042.80005,896.325012,15.1750002,1.0,,13.6,0.0,15.79,53.8312492,,53.8312492,0.0,262.649994,0.0,,
2025-11-06 00:47:45+00:00,2025-11-06 00:47:45,39.0,39.0,39.0,39.0,39.0,11.335073964501767,100.0,BO_ONLY,"BO 모델 결과만 사용 (1단계 롤백, 2~4단계에서 Hz 변화 없음)",38.8050003,11.0984373,1042.34998,896.25,14.7375002,1.0,,13.6,0.0,15.79,53.8312492,38.0,53.8312492,0.0,262.575012,0.0,,
2025-11-06 00:47:46+00:00,2025-11-06 00:47:46,,,,,,,,,,38.7937508,11.0562496,1042.05005,896.174988,14.6750002,1.0,,13.6,0.0,15.24,53.8125,,53.8125,0.0,262.575012,0.0,,
2025-11-06 00:47:47+00:00,2025-11-06 00:47:47,,,,,,,,,,38.7975006,11.0078125,1041.59998,896.099976,14.6625004,1.0,,13.6,0.0,15.24,53.8312492,,53.8312492,0.0,262.424988,0.0,,
2025-11-06 00:47:48+00:00,2025-11-06 00:47:48,,,,,,,,,,38.8087502,11.0078125,1041.30005,896.099976,14.6750002,1.0,,13.6,0.0,15.24,53.8312492,,53.8312492,0.0,261.0,0.0,,
2025-11-06 00:47:49+00:00,2025-11-06 00:47:49,,,,,,,,,,38.7937508,10.9656248,1040.84998,896.025024,14.6750002,1.0,,13.6,0.0,15.24,53.8312492,,53.8312492,0.0,260.850006,0.0,,
2025-11-06 00:47:50+00:00,2025-11-06 00:47:50,38.0,39.0,39.0,38.0,38.0,10.735901525581014,304.0,BO_O2_RULE,"제어매트릭스 규칙 적용: NOX_LOW (3단계 롤백, 4단계에서 Hz 변화 없음)",38.7975006,10.921875,1040.55005,895.950012,14.6125002,1.0,,13.6,0.0,15.24,53.8125,,53.8125,0.0,260.25,0.0,,
2025-11-06 00:47:51+00:00,2025-11-06 00:47:51,,,,,,,,,,38.7975006,10.921875,1040.17505,895.950012,14.5,1.0,,13.6,0.0,15.24,53.8125,,53.8125,0.0,259.350006,0.0,,
2025-11-06 00:47:52+00:00,2025-11-06 00:47:52,,,,,,,,,,38.7975006,10.8562498,1039.94995,895.875,14.5,1.0,,13.6,0.0,15.24,53.8125,,53.8125,0.0,259.424988,0.0,,
2025-11-06 00:47:53+00:00,2025-11-06 00:47:53,,,,,,,,,,38.7900009,10.8562498,1039.5,895.799988,14.5,1.0,,13.6,0.0,15.24,53.8312492,,53.8312492,0.0,259.424988,0.0,,
2025-11-06 00:47:54+00:00,2025-11-06 00:47:54,,,,,,,,,,38.7862511,10.7609377,1039.27502,895.799988,14.5,1.0,,13.6,0.0,15.24,53.8125,,53.8125,0.0,259.350006,0.0,,
2025-11-06 00:47:55+00:00,2025-11-06 00:47:55,38.0,39.0,39.0,38.0,38.0,10.262102009880758,304.0,BO_O2_RULE,"제어매트릭스 규칙 적용: NOX_LOW (3단계 롤백, 4단계에서 Hz 변화 없음)",38.8012505,10.6328125,1038.97498,895.724976,13.9875002,1.0,,13.6,0.0,15.24,53.8312492,,53.8312492,0.0,259.350006,0.0,,
2025-11-06 00:47:56+00:00,2025-11-06 00:47:56,,,,,,,,,,38.7937508,10.6328125,1038.67505,895.724976,13.8999996,1.0,,13.6,0.0,14.57,53.8125,,53.8125,0.0,259.350006,0.0,,
2025-11-06 00:47:57+00:00,2025-11-06 00:47:57,,,,,,,,,,38.7937508,10.4796877,1038.44995,895.650024,13.8874998,1.0,,13.6,0.0,14.57,53.8125,,53.8125,0.0,259.350006,0.0,,
2025-11-06 00:47:58+00:00,2025-11-06 00:47:58,,,,,,,,,,38.7975006,10.3078127,1038.22498,895.650024,13.8999996,1.0,,13.6,0.0,14.57,53.8125,,53.8125,0.0,261.0,0.0,,
2025-11-06 00:47:59+00:00,2025-11-06 00:47:59,,,,,,,,,,38.7975006,10.3078127,1038.0,895.5,13.8999996,1.0,,13.6,0.0,14.57,53.8125,,53.8125,0.0,261.0,0.0,,
2025-11-06 00:48:00+00:00,2025-11-06 00:48:00,38.0,39.0,39.0,38.0,38.0,9.851266034845848,304.0,BO_O2_RULE,"제어매트릭스 규칙 적용: NOX_LOW (3단계 롤백, 4단계에서 Hz 변화 없음)",38.7937508,10.1312504,1037.77502,895.5,13.9250002,1.0,,13.6,0.0,14.57,53.8312492,38.0,53.8312492,0.0,261.075012,0.0,,
2025-11-06 00:48:01+00:00,2025-11-06 00:48:01,,,,,,,,,,38.8012505,10.1312504,1037.55005,895.5,13.9750004,1.0,,13.6,0.0,14.57,53.8312492,,53.8312492,0.0,261.075012,0.0,,
2025-11-06 00:48:02+00:00,2025-11-06 00:48:02,,,,,,,,,,38.7975006,9.96249962,1037.40002,895.424988,13.9875002,1.0,,13.6,0.0,14.57,53.8125,,53.8125,0.0,261.075012,0.0,,
2025-11-06 00:48:03+00:00,2025-11-06 00:48:03,,,,,,,,,,38.8012505,9.796875,1037.17505,895.349976,13.9750004,1.0,,13.6,0.0,14.57,53.8125,,53.8125,0.0,261.075012,0.0,,
2025-11-06 00:48:04+00:00,2025-11-06 00:48:04,,,,,,,,,,38.7937508,9.796875,1037.02502,895.349976,13.9750004,1.0,,13.6,0.0,14.57,53.8125,,53.8125,0.0,261.0,0.0,,
2025-11-06 00:48:05+00:00,2025-11-06 00:48:05,38.0,38.0,39.0,38.0,38.0,11.416473707000463,304.0,BO_O2_RULE,"제어매트릭스 규칙 적용: NOX_LOW (3단계 롤백, 4단계에서 Hz 변화 없음)",38.8424988,9.64999962,1036.875,895.275024,13.6875,1.0,,13.6,0.0,14.57,53.8312492,,53.8312492,0.0,262.575012,0.0,,
2025-11-06 00:48:06+00:00,2025-11-06 00:48:06,,,,,,,,,,38.7975006,9.52031231,1036.72498,895.275024,13.6374998,1.0,,13.6,0.0,14.09,53.8125,,53.8125,0.0,262.575012,0.0,,
2025-11-06 00:48:07+00:00,2025-11-06 00:48:07,,,,,,,,,,38.8087502,9.52031231,1036.57495,895.200012,13.6374998,1.0,,13.6,0.0,14.09,53.8125,,53.8125,0.0,262.5,0.0,,
2025-11-06 00:48:08+00:00,2025-11-06 00:48:08,,,,,,,,,,38.8012505,9.40781212,1036.42505,895.125,13.6374998,1.0,,13.6,0.0,14.09,53.8312492,,53.8312492,0.0,261.149994,0.0,,
2025-11-06 00:48:09+00:00,2025-11-06 00:48:09,,,,,,,,,,38.7937508,9.29374981,1036.27502,895.049988,13.6374998,1.0,,13.6,0.0,14.09,53.8312492,,53.8312492,0.0,262.5,0.0,,
2025-11-06 00:48:10+00:00,2025-11-06 00:48:10,38.0,38.0,39.0,38.0,38.0,10.331375818301705,304.0,BO_O2_RULE,"제어매트릭스 규칙 적용: NOX_LOW (3단계 롤백, 4단계에서 Hz 변화 없음)",38.7975006,9.29374981,1036.19995,895.049988,13.7375002,1.0,,13.6,0.0,14.09,53.8125,,53.8125,0.0,260.924988,0.0,,
2025-11-06 00:48:11+00:00,2025-11-06 00:48:11,,,,,,,,,,38.7975006,9.19062519,1036.05005,895.049988,13.8999996,1.0,,13.6,0.0,14.09,53.8125,,53.8125,0.0,260.850006,0.0,,
2025-11-06 00:48:12+00:00,2025-11-06 00:48:12,,,,,,,,,,38.8274994,9.19062519,1035.97498,894.974976,13.8874998,1.0,,13.6,0.0,14.09,53.8125,,53.8125,0.0,262.274994,0.0,,
2025-11-06 00:48:13+00:00,2025-11-06 00:48:13,,,,,,,,,,38.7975006,9.10624981,1035.82495,894.900024,13.8874998,1.0,,13.6,0.0,14.09,53.8312492,,53.8312492,0.0,262.575012,0.0,,
2025-11-06 00:48:14+00:00,2025-11-06 00:48:14,,,,,,,,,,38.8050003,9.04218769,1035.75,894.900024,13.8874998,1.0,,13.6,0.0,14.09,53.8125,,53.8125,0.0,262.575012,0.0,,
2025-11-06 00:48:15+00:00,2025-11-06 00:48:15,38.0,38.0,39.0,38.0,38.0,11.762564341503621,304.0,BO_O2_RULE,"제어매트릭스 규칙 적용: NOX_LOW (3단계 롤백, 4단계에서 Hz 변화 없음)",38.8012505,9.04218769,1035.67505,894.825012,13.0874996,1.0,,13.6,0.0,14.09,53.8125,38.0,53.8125,0.0,262.5,0.0,,
2025-11-06 00:48:16+00:00,2025-11-06 00:48:16,,,,,,,,,,38.8087502,8.97968769,1035.67505,894.75,12.9624996,1.0,,13.6,0.0,13.95,53.8125,,53.8125,0.0,262.575012,0.0,,
2025-11-06 00:48:17+00:00,2025-11-06 00:48:17,,,,,,,,,,38.8125,8.90937519,1035.59998,894.674988,12.9624996,1.0,,13.6,0.0,13.95,53.8125,,53.8125,0.0,261.299988,0.0,,
2025-11-06 00:48:18+00:00,2025-11-06 00:48:18,,,,,,,,,,38.7975006,8.90937519,1035.59998,894.674988,12.9624996,1.0,,13.6,0.0,13.95,53.8125,,53.8125,0.0,261.075012,0.0,,
2025-11-06 00:48:19+00:00,2025-11-06 00:48:19,,,,,,,,,,38.8050003,8.83125019,1035.59998,894.599976,12.9624996,1.0,,13.6,0.0,13.95,53.8312492,,53.8312492,0.0,260.924988,0.0,,
2025-11-06 00:48:20+00:00,2025-11-06 00:48:20,38.0,39.0,40.0,38.0,38.0,8.435520290748517,304.0,BO_O2_RULE,"제어매트릭스 규칙 적용: NOX_LOW (3단계 롤백, 4단계에서 Hz 변화 없음)",38.7937508,8.83125019,1035.67505,894.599976,12.6499996,1.0,,13.6,0.0,13.95,53.8312492,,53.8312492,0.0,261.075012,0.0,,
2025-11-06 00:48:21+00:00,2025-11-06 00:48:21,,,,,,,,,,38.8012505,8.76093769,1035.59998,894.525024,12.125,1.0,,13.6,0.0,13.95,53.8125,,53.8125,0.0,262.575012,0.0,,
2025-11-06 00:48:22+00:00,2025-11-06 00:48:22,,,,,,,,,,38.7975006,8.69687462,1035.67505,894.525024,12.125,1.0,,13.6,0.0,13.95,53.8312492,,53.8312492,0.0,262.575012,0.0,,
2025-11-06 00:48:23+00:00,2025-11-06 00:48:23,,,,,,,,,,38.7937508,8.69687462,1035.75,894.450012,12.125,1.0,,13.6,0.0,13.95,53.8125,,53.8125,0.0,262.5,0.0,,
2025-11-06 00:48:24+00:00,2025-11-06 00:48:24,,,,,,,,,,38.8012505,8.62812519,1035.82495,894.375,12.125,1.0,,13.6,0.0,13.95,53.8312492,,53.8312492,0.0,262.575012,0.0,,
2025-11-06 00:48:25+00:00,2025-11-06 00:48:25,38.0,45.0,44.0,38.0,38.0,8.083682192521398,304.0,BO_O2_RULE,"제어매트릭스 규칙 적용: NOX_LOW (3단계 롤백, 4단계에서 Hz 변화 없음)",38.7862511,8.55781269,1035.90002,894.299988,11.6875,1.0,,13.6,0.0,13.95,53.8125,,53.8125,0.0,262.575012,0.0,,
2025-11-06 00:48:26+00:00,2025-11-06 00:48:26,,,,,,,,,,38.7900009,8.55781269,1036.05005,894.224976,11.625,1.0,,13.6,0.0,12.25,53.8312492,,53.8312492,0.0,262.575012,0.0,,
2025-11-06 00:48:27+00:00,2025-11-06 00:48:27,,,,,,,,,,38.7975006,8.48281288,1036.125,894.224976,11.625,1.0,,13.6,0.0,12.25,53.8125,,53.8125,0.0,262.5,0.0,,
2025-11-06 00:48:28+00:00,2025-11-06 00:48:28,,,,,,,,,,38.7937508,8.48281288,1036.19995,894.150024,11.625,1.0,,13.6,0.0,12.25,53.8312492,,53.8312492,0.0,261.075012,0.0,,
2025-11-06 00:48:29+00:00,2025-11-06 00:48:29,,,,,,,,,,38.7900009,8.40781212,1036.34998,894.075012,11.6125002,1.0,,13.6,0.0,12.25,53.8312492,,53.8312492,0.0,261.075012,0.0,,
2025-11-06 00:48:30+00:00,2025-11-06 00:48:30,38.0,45.0,44.0,38.0,38.0,6.514326579222137,304.0,BO_O2_RULE,"제어매트릭스 규칙 적용: NOX_LOW (3단계 롤백, 4단계에서 Hz 변화 없음)",38.7900009,8.33281231,1036.42505,894.075012,11.6875,1.0,,13.6,0.0,12.25,53.8312492,38.0,53.8312492,0.0,260.924988,0.0,,
2025-11-06 00:48:31+00:00,2025-11-06 00:48:31,,,,,,,,,,38.7900009,8.33281231,1036.57495,894.0,11.7875004,1.0,,13.6,0.0,12.25,53.8125,,53.8125,0.0,261.0,0.0,,
2025-11-06 00:48:32+00:00,2025-11-06 00:48:32,,,,,,,,,,38.7900009,8.2578125,1036.65002,893.924988,11.7875004,1.0,,13.6,0.0,12.25,53.8312492,,53.8312492,0.0,261.075012,0.0,,
2025-11-06 00:48:33+00:00,2025-11-06 00:48:33,,,,,,,,,,38.7862511,8.18124962,1036.80005,893.924988,11.7875004,1.0,,13.6,0.0,12.25,53.8312492,,53.8312492,0.0,260.924988,0.0,,
2025-11-06 00:48:34+00:00,2025-11-06 00:48:34,,,,,,,,,,38.7937508,8.18124962,1036.875,893.924988,11.8000002,1.0,,13.6,0.0,12.25,53.8312492,,53.8312492,0.0,260.850006,0.0,,
2025-11-06 00:48:35+00:00,2025-11-06 00:48:35,38.0,45.0,44.0,38.0,38.0,8.218674144150008,304.0,BO_O2_RULE,"제어매트릭스 규칙 적용: NOX_LOW (3단계 롤백, 4단계에서 Hz 변화 없음)",38.8087502,8.10781288,1037.09998,893.849976,11.5749998,1.0,,13.6,0.0,12.25,53.8125,,53.8125,0.0,261.075012,0.0,,
2025-11-06 00:48:36+00:00,2025-11-06 00:48:36,,,,,,,,,,38.8462486,8.10781288,1037.25,893.849976,11.5375004,1.0,,13.6,0.0,11.85,53.8125,,53.8125,0.0,261.075012,0.0,,
2025-11-06 00:48:37+00:00,2025-11-06 00:48:37,,,,,,,,,,38.7937508,8.04062462,1037.47498,893.775024,11.5375004,1.0,,13.6,0.0,11.85,53.8125,,53.8125,0.0,261.149994,0.0,,
2025-11-06 00:48:38+00:00,2025-11-06 00:48:38,,,,,,,,,,38.8125,7.99531269,1037.625,893.700012,11.5375004,1.0,,13.6,0.0,11.85,53.8312492,,53.8312492,0.0,260.924988,0.0,,
2025-11-06 00:48:39+00:00,2025-11-06 00:48:39,,,,,,,,,,38.7975006,7.99531269,1037.84998,893.700012,11.5375004,1.0,,13.6,0.0,11.85,53.8125,,53.8125,0.0,260.850006,0.0,,
2025-11-06 00:48:40+00:00,2025-11-06 00:48:40,38.0,45.0,44.0,38.0,38.0,9.2908917036563,304.0,BO_O2_RULE,"제어매트릭스 규칙 적용: NOX_LOW (3단계 롤백, 4단계에서 Hz 변화 없음)",38.8012505,7.95781231,1038.0,893.625,11.2250004,1.0,,13.6,0.0,11.85,53.8125,,53.8125,0.0,261.149994,0.0,,
2025-11-06 00:48:41+00:00,2025-11-06 00:48:41,,,,,,,,,,38.8050003,7.921875,1038.22498,893.549988,10.6125002,1.0,,13.6,0.0,11.85,53.8312492,,53.8312492,0.0,261.149994,0.0,,
2025-11-06 00:48:42+00:00,2025-11-06 00:48:42,,,,,,,,,,38.7937508,7.921875,1038.44995,893.549988,10.6000004,1.0,,13.6,0.0,11.85,53.8125,,53.8125,0.0,261.075012,0.0,,
2025-11-06 00:48:43+00:00,2025-11-06 00:48:43,,,,,,,,,,38.7937508,7.8921876,1038.52502,893.549988,10.6000004,1.0,,13.6,0.0,11.85,53.8125,,53.8125,0.0,261.0,0.0,,
2025-11-06 00:48:44+00:00,2025-11-06 00:48:44,,,,,,,,,,38.7937508,7.8921876,1038.82495,893.474976,10.6125002,1.0,,13.6,0.0,11.85,53.8125,,53.8125,0.0,261.0,0.0,,
2025-11-06 00:48:45+00:00,2025-11-06 00:48:45,38.0,46.0,46.0,38.0,38.0,6.774263033444931,304.0,BO_O2_RULE,"제어매트릭스 규칙 적용: NOX_LOW (3단계 롤백, 4단계에서 Hz 변화 없음)",38.8012505,7.8671875,1038.97498,893.474976,10.1625004,1.0,,13.6,0.0,11.85,53.8312492,38.0,53.8312492,0.0,261.075012,0.0,,
2025-11-06 00:48:46+00:00,2025-11-06 00:48:46,,,,,,,,,,38.8387489,7.8531251,1039.19995,893.400024,10.1000004,1.0,,13.6,0.0,10.67,53.8312492,,53.8312492,0.0,261.149994,0.0,,
2025-11-06 00:48:47+00:00,2025-11-06 00:48:47,,,,,,,,,,38.7975006,7.8531251,1039.42505,893.400024,10.1000004,1.0,,13.6,0.0,10.67,53.8125,,53.8125,0.0,261.075012,0.0,,
2025-11-06 00:48:48+00:00,2025-11-06 00:48:48,,,,,,,,,,38.7900009,7.84687519,1039.65002,893.325012,10.1000004,1.0,,13.6,0.0,10.67,53.8125,,53.8125,0.0,260.850006,0.0,,
2025-11-06 00:48:49+00:00,2025-11-06 00:48:49,,,,,,,,,,38.7900009,7.8375001,1039.875,893.325012,10.1000004,1.0,,13.6,0.0,10.67,53.8312492,,53.8312492,0.0,260.924988,0.0,,
2025-11-06 00:48:50+00:00,2025-11-06 00:48:50,38.0,46.0,46.0,38.0,38.0,5.128207783827631,304.0,BO_O2_RULE,"제어매트릭스 규칙 적용: NOX_LOW (3단계 롤백, 4단계에서 Hz 변화 없음)",38.7975006,7.8375001,1040.09998,893.325012,9.92500019,1.0,,13.6,0.0,10.67,53.8312492,,53.8312492,0.0,261.149994,0.0,,
2025-11-06 00:48:51+00:00,2025-11-06 00:48:51,,,,,,,,,,38.8125,7.83125019,1040.40002,893.325012,9.60000038,1.0,,13.6,0.0,10.67,53.8125,,53.8125,0.0,260.850006,0.0,,
2025-11-06 00:48:52+00:00,2025-11-06 00:48:52,,,,,,,,,,38.8012505,7.83125019,1040.55005,893.325012,9.58749962,1.0,,13.6,0.0,10.67,53.8125,,53.8125,0.0,260.850006,0.0,,
2025-11-06 00:48:53+00:00,2025-11-06 00:48:53,,,,,,,,,,38.7975006,7.83281231,1040.77502,893.25,9.58749962,1.0,,13.6,0.0,10.67,53.8312492,,53.8312492,0.0,261.075012,0.0,,
2025-11-06 00:48:54+00:00,2025-11-06 00:48:54,,,,,,,,,,38.7975006,7.8453126,1041.0,893.25,9.60000038,1.0,,13.6,0.0,10.67,53.8312492,,53.8312492,0.0,262.575012,0.0,,
2025-11-06 00:48:55+00:00,2025-11-06 00:48:55,38.0,46.0,46.0,38.0,38.0,4.7049480178077845,304.0,BO_O2_RULE,"제어매트릭스 규칙 적용: NOX_LOW (3단계 롤백, 4단계에서 Hz 변화 없음)",38.8012505,7.8453126,1041.30005,893.25,9.22500038,1.0,,13.6,0.0,10.67,53.8125,,53.8125,0.0,262.575012,0.0,,
2025-11-06 00:48:56+00:00,2025-11-06 00:48:56,,,,,,,,,,38.8012505,7.8671875,1041.44995,893.174988,9.17500019,1.0,,13.6,0.0,9.66,53.8125,,53.8125,0.0,262.575012,0.0,,
2025-11-06 00:48:57+00:00,2025-11-06 00:48:57,,,,,,,,,,38.7937508,7.8828125,1041.82495,893.174988,9.17500019,1.0,,13.6,0.0,9.66,53.8125,,53.8125,0.0,262.575012,0.0,,
2025-11-06 00:48:58+00:00,2025-11-06 00:48:58,,,,,,,,,,38.7900009,7.8828125,1042.05005,893.25,9.17500019,1.0,,13.6,0.0,9.66,53.8125,,53.8125,0.0,262.575012,0.0,,
2025-11-06 00:48:59+00:00,2025-11-06 00:48:59,,,,,,,,,,38.7937508,7.88749981,1042.34998,893.174988,9.17500019,1.0,,13.6,0.0,9.66,53.8125,,53.8125,0.0,261.149994,0.0,,
2025-11-06 00:49:00+00:00,2025-11-06 00:49:00,38.0,46.0,46.0,38.0,38.0,6.445444103720759,304.0,BO_O2_RULE,"제어매트릭스 규칙 적용: NOX_LOW (3단계 롤백, 4단계에서 Hz 변화 없음)",38.8012505,7.88749981,1042.65002,893.25,9.23750019,1.0,,13.6,0.0,9.66,53.8125,38.0,53.8125,0.0,260.924988,0.0,,
2025-11-06 00:49:01+00:00,2025-11-06 00:49:01,,,,,,,,,,38.7862511,7.8812499,1042.94995,893.25,9.35000038,1.0,,13.6,0.0,9.66,53.8312492,,53.8312492,0.0,262.575012,0.0,,
2025-11-06 00:49:02+00:00,2025-11-06 00:49:02,,,,,,,,,,38.7862511,7.8734374,1043.40002,893.25,9.35000038,1.0,,13.6,0.0,9.66,53.8125,,53.8125,0.0,262.575012,0.0,,
2025-11-06 00:49:03+00:00,2025-11-06 00:49:03,,,,,,,,,,38.8012505,7.8734374,1043.625,893.25,9.33749962,1.0,,13.6,0.0,9.66,53.8125,,53.8125,0.0,262.575012,0.0,,
2025-11-06 00:49:04+00:00,2025-11-06 00:49:04,,,,,,,,,,38.8012505,7.8609376,1044.07495,893.25,9.35000038,1.0,,13.6,0.0,9.66,53.8125,,53.8125,0.0,262.5,0.0,,
2025-11-06 00:49:05+00:00,2025-11-06 00:49:05,38.0,46.0,46.0,38.0,38.0,8.881217903892349,304.0,BO_O2_RULE,"제어매트릭스 규칙 적용: NOX_LOW (3단계 롤백, 4단계에서 Hz 변화 없음)",38.7825012,7.8531251,1044.30005,893.325012,8.67500019,1.0,,13.6,0.0,9.66,53.8312492,,53.8312492,0.0,262.575012,0.0,,
2025-11-06 00:49:06+00:00,2025-11-06 00:49:06,,,,,,,,,,38.8012505,7.8531251,1044.75,893.325012,8.58749962,1.0,,13.6,0.0,9.45,53.8312492,,53.8312492,0.0,262.575012,0.0,,
2025-11-06 00:49:07+00:00,2025-11-06 00:49:07,,,,,,,,,,38.7900009,7.8453126,1045.05005,893.325012,8.58749962,1.0,,13.6,0.0,9.45,53.8312492,,53.8312492,0.0,262.575012,0.0,,
2025-11-06 00:49:08+00:00,2025-11-06 00:49:08,,,,,,,,,,38.7825012,7.8453126,1045.34998,893.325012,8.58749962,1.0,,13.6,0.0,9.45,53.8125,,53.8125,0.0,262.575012,0.0,,
2025-11-06 00:49:09+00:00,2025-11-06 00:49:09,,,,,,,,,,38.8050003,7.83281231,1045.80005,893.400024,8.58749962,1.0,,13.6,0.0,9.45,53.8312492,,53.8312492,0.0,262.575012,0.0,,
2025-11-06 00:49:10+00:00,2025-11-06 00:49:10,38.0,46.0,46.0,38.0,38.0,6.883771263545837,304.0,BO_O2_RULE,"제어매트릭스 규칙 적용: NOX_LOW (3단계 롤백, 4단계에서 Hz 변화 없음)",38.7900009,7.8187499,1046.02502,893.400024,8.5625,1.0,,13.6,0.0,9.45,53.8125,,53.8125,0.0,262.575012,0.0,,
2025-11-06 00:49:11+00:00,2025-11-06 00:49:11,,,,,,,,,,38.7937508,7.8187499,1046.47498,893.400024,8.51249981,1.0,,13.6,0.0,9.45,53.8125,,53.8125,0.0,262.5,0.0,,
2025-11-06 00:49:12+00:00,2025-11-06 00:49:12,,,,,,,,,,38.7900009,7.80000019,1046.92505,893.474976,8.5,1.0,,13.6,0.0,9.45,53.8312492,,53.8312492,0.0,262.575012,0.0,,
2025-11-06 00:49:13+00:00,2025-11-06 00:49:13,,,,,,,,,,38.7975006,7.7734375,1047.15002,893.474976,8.51249981,1.0,,13.6,0.0,9.45,53.8125,,53.8125,0.0,262.575012,0.0,,
2025-11-06 00:49:14+00:00,2025-11-06 00:49:14,,,,,,,,,,38.7862511,7.7734375,1047.44995,893.549988,8.5,1.0,,13.6,0.0,9.45,53.8125,,53.8125,0.0,262.575012,0.0,,
2025-11-06 00:49:15+00:00,2025-11-06 00:49:15,38.0,46.0,46.0,38.0,38.0,7.376453153452562,304.0,BO_O2_RULE,"제어매트릭스 규칙 적용: NOX_LOW (3단계 롤백, 4단계에서 Hz 변화 없음)",38.7975006,7.7421875,1047.82495,893.549988,7.76249981,1.0,,13.6,0.0,9.45,53.8125,38.0,53.8125,0.0,260.924988,0.0,,
2025-11-06 00:49:16+00:00,2025-11-06 00:49:16,,,,,,,,,,38.8050003,7.71562481,1048.19995,893.549988,7.6624999,1.0,,13.6,0.0,8.61,53.8125,,53.8125,0.0,261.075012,0.0,,
2025-11-06 00:49:17+00:00,2025-11-06 00:49:17,,,,,,,,,,38.7900009,7.71562481,1048.42505,893.625,7.6624999,1.0,,13.6,0.0,8.61,53.8125,,53.8125,0.0,260.174988,0.0,,
2025-11-06 00:49:18+00:00,2025-11-06 00:49:18,,,,,,,,,,38.7862511,7.68437481,1048.72498,893.700012,7.6624999,1.0,,13.6,0.0,8.61,53.8312492,,53.8312492,0.0,259.350006,0.0,,
2025-11-06 00:49:19+00:00,2025-11-06 00:49:19,,,,,,,,,,38.7900009,7.68437481,1049.02502,893.700012,7.6624999,1.0,,13.6,0.0,8.61,53.8312492,,53.8312492,0.0,259.424988,0.0,,
2025-11-06 00:49:20+00:00,2025-11-06 00:49:20,38.0,46.0,46.0,38.0,38.0,7.101617299450873,304.0,BO_O2_RULE,"제어매트릭스 규칙 적용: NOX_LOW (3단계 롤백, 4단계에서 Hz 변화 없음)",38.8087502,7.65937519,1049.32495,893.775024,7.57499981,1.0,,13.6,0.0,8.61,53.8125,,53.8125,0.0,259.350006,0.0,,
2025-11-06 00:49:21+00:00,2025-11-06 00:49:21,,,,,,,,,,38.7975006,7.6328125,1049.69995,893.849976,7.4124999,1.0,,13.6,0.0,8.61,53.8312492,,53.8312492,0.0,259.350006,0.0,,
2025-11-06 00:49:22+00:00,2025-11-06 00:49:22,,,,,,,,,,38.7937508,7.6328125,1050.07495,893.849976,7.4124999,1.0,,13.6,0.0,8.61,53.8125,,53.8125,0.0,260.850006,0.0,,
2025-11-06 00:49:23+00:00,2025-11-06 00:49:23,,,,,,,,,,38.8050003,7.609375,1050.30005,893.924988,7.4124999,1.0,,13.6,0.0,8.61,53.8125,,53.8125,0.0,260.850006,0.0,,
2025-11-06 00:49:24+00:00,2025-11-06 00:49:24,,,,,,,,,,38.8012505,7.609375,1050.52502,893.924988,7.4124999,1.0,,13.6,0.0,8.61,53.8125,,53.8125,0.0,261.075012,0.0,,
2025-11-06 00:49:25+00:00,2025-11-06 00:49:25,38.0,46.0,46.0,38.0,38.0,7.210504624626587,304.0,BO_O2_RULE,"제어매트릭스 규칙 적용: NOX_LOW (3단계 롤백, 4단계에서 Hz 변화 없음)",38.8199997,7.58906269,1050.82495,894.0,7.63749981,1.0,,13.6,0.0,8.61,53.8125,,53.8125,0.0,261.075012,0.0,,
2025-11-06 00:49:26+00:00,2025-11-06 00:49:26,,,,,,,,,,38.7900009,7.58281231,1051.05005,894.075012,7.6624999,1.0,,13.6,0.0,7.54,53.8312492,,53.8312492,0.0,260.924988,0.0,,
2025-11-06 00:49:27+00:00,2025-11-06 00:49:27,,,,,,,,,,38.7975006,7.58281231,1051.34998,894.075012,7.6624999,1.0,,13.6,0.0,7.54,53.8125,,53.8125,0.0,261.075012,0.0,,
2025-11-06 00:49:28+00:00,2025-11-06 00:49:28,,,,,,,,,,38.7975006,7.5859375,1051.57495,894.224976,7.6624999,1.0,,13.6,0.0,7.54,53.8125,,53.8125,0.0,259.350006,0.0,,
2025-11-06 00:49:29+00:00,2025-11-06 00:49:29,,,,,,,,,,38.7975006,7.5921874,1051.72498,894.224976,7.6624999,1.0,,13.6,0.0,7.54,53.8125,,53.8125,0.0,259.350006,0.0,,
2025-11-06 00:49:30+00:00,2025-11-06 00:49:30,38.0,46.0,46.0,38.0,38.0,10.279347446534903,304.0,BO_O2_RULE,"제어매트릭스 규칙 적용: NOX_LOW (3단계 롤백, 4단계에서 Hz 변화 없음)",38.7975006,7.5921874,1051.94995,894.299988,7.69999981,1.0,,13.6,0.0,7.54,53.8312492,,53.8312492,0.0,259.350006,0.0,,
2025-11-06 00:49:31+00:00,2025-11-06 00:49:31,,,,,,,,,,38.7862511,7.5953126,1052.17505,894.299988,7.75,1.0,,13.6,0.0,7.54,53.8312492,,53.8312492,0.0,258.225006,0.0,,
2025-11-06 00:49:32+00:00,2025-11-06 00:49:32,,,,,,,,,,38.8012505,7.5953126,1052.32495,894.375,7.75,1.0,,13.6,0.0,7.54,53.8125,,53.8125,0.0,257.774994,0.0,,
2025-11-06 00:49:33+00:00,2025-11-06 00:49:33,,,,,,,,,,38.7937508,7.60468769,1052.55005,894.450012,7.75,1.0,,13.6,0.0,7.54,53.8125,,53.8125,0.0,257.774994,0.0,,
2025-11-06 00:49:34+00:00,2025-11-06 00:49:34,,,,,,,,,,38.7937508,7.62187481,1052.77502,894.525024,7.75,1.0,,13.6,0.0,7.54,53.8312492,,53.8312492,0.0,257.774994,0.0,,
2025-11-06 00:49:35+00:00,2025-11-06 00:49:35,43.7937508,46.0,46.0,46.0,46.0,12.641349099373745,100.0,BO_ONLY,"BO 모델 결과만 사용 (1단계 롤백, 2~4단계에서 Hz 변화 없음)",38.8125,7.62187481,1052.84998,894.525024,7.9749999,1.0,,13.6,0.0,7.54,53.8312492,,53.8312492,0.0,257.774994,0.0,,
2025-11-06 00:49:36+00:00,2025-11-06 00:49:36,,,,,,,,,,38.7900009,7.6500001,1053.0,894.599976,8.0,1.0,,13.6,0.0,7.81,53.8125,,53.8125,0.0,257.774994,0.0,,
2025-11-06 00:49:37+00:00,2025-11-06 00:49:37,,,,,,,,,,38.7975006,7.6875,1053.15002,894.674988,8.0,1.0,,13.6,0.0,7.81,53.8125,,53.8125,0.0,257.774994,0.0,,
2025-11-06 00:49:38+00:00,2025-11-06 00:49:38,,,,,,,,,,41.4599991,7.6875,1053.22498,894.674988,8.0,1.0,,13.6,0.0,7.81,53.8312492,,53.8312492,0.0,257.774994,0.0,,
2025-11-06 00:49:39+00:00,2025-11-06 00:49:39,,,,,,,,,,45.0,7.73750019,1053.375,894.75,8.0,1.0,,13.6,0.0,7.81,53.8312492,,53.8312492,0.0,257.850006,0.0,,
2025-11-06 00:49:40+00:00,2025-11-06 00:49:40,44.6825002,46.0,46.0,46.0,46.0,13.030530949492123,100.0,BO_ONLY,"BO 모델 결과만 사용 (1단계 롤백, 2~4단계에서 Hz 변화 없음)",45.1237488,7.73750019,1053.44995,894.825012,7.9375,1.0,,13.6,0.0,7.81,53.8312492,,53.8312492,0.0,257.700012,0.0,,
2025-11-06 00:49:41+00:00,2025-11-06 00:49:41,,,,,,,,,,45.1349983,7.7906251,1053.52502,894.900024,7.82499981,1.0,,13.6,0.0,7.81,55.3499985,,55.3499985,0.0,257.774994,0.0,,
2025-11-06 00:49:42+00:00,2025-11-06 00:49:42,,,,,,,,,,45.3112488,7.84375,1053.59998,894.900024,7.82499981,1.0,,13.6,0.0,7.81,59.5499992,,59.5499992,0.0,257.625,0.0,,
2025-11-06 00:49:43+00:00,2025-11-06 00:49:43,,,,,,,,,,46.1324997,7.84375,1053.67505,894.974976,7.82499981,1.0,,13.6,0.0,7.81,64.8562469,,64.8562469,0.0,256.274994,0.0,,
2025-11-06 00:49:44+00:00,2025-11-06 00:49:44,,,,,,,,,,46.2374992,7.9000001,1053.67505,894.974976,7.8375001,1.0,,13.6,0.0,7.81,67.9875031,,67.9875031,0.0,254.925003,0.0,,
2025-11-06 00:49:45+00:00,2025-11-06 00:49:45,40.526248933333335,46.0,46.0,38.0,38.0,11.733745627976573,304.0,BO_O2_RULE,"제어매트릭스 규칙 적용: NOX_LOW (3단계 롤백, 4단계에서 Hz 변화 없음)",46.2524986,7.97187519,1053.82495,895.049988,8.35000038,1.0,,13.6,0.0,7.81,71.0999985,39.60680375729881,71.0999985,0.0,254.850006,0.0,,
2025-11-06 00:49:46+00:00,2025-11-06 00:49:46,,,,,,,,,,46.2412491,7.97187519,1053.90002,895.125,8.41250038,1.0,,13.6,0.0,7.95,73.3125,,73.3125,0.0,253.425003,0.0,,
2025-11-06 00:49:47+00:00,2025-11-06 00:49:47,,,,,,,,,,46.2412491,8.03750038,1054.05005,895.200012,8.42500019,1.0,,13.6,0.0,7.95,75.1500015,,75.1500015,0.0,253.425003,0.0,,
2025-11-06 00:49:48+00:00,2025-11-06 00:49:48,,,,,,,,,,46.0424995,8.03750038,1054.125,895.275024,8.41250038,1.0,,13.6,0.0,7.95,76.3125,,76.3125,0.0,253.425003,0.0,,
2025-11-06 00:49:49+00:00,2025-11-06 00:49:49,,,,,,,,,,42.4162483,8.10000038,1054.27502,895.275024,8.41250038,1.0,,13.6,0.0,7.95,77.6062469,,77.6062469,0.0,252.600006,0.0,,
2025-11-06 00:49:50+00:00,2025-11-06 00:49:50,44.0,44.0,44.0,44.0,44.0,14.601465103074476,100.0,BO_ONLY,"BO 모델 결과만 사용 (1단계 롤백, 2~4단계에서 Hz 변화 없음)",42.0149994,8.16562462,1054.42505,895.349976,8.52499962,1.0,,13.6,0.0,7.95,77.6999969,,77.6999969,0.0,252.0,0.0,,
2025-11-06 00:49:51+00:00,2025-11-06 00:49:51,,,,,,,,,,42.0187492,8.16562462,1054.5,895.349976,8.67500019,1.0,,13.6,0.0,7.95,77.6999969,,77.6999969,0.0,252.449997,0.0,,
2025-11-06 00:49:52+00:00,2025-11-06 00:49:52,,,,,,,,,,42.0187492,8.23593712,1054.65002,895.424988,8.67500019,1.0,,13.6,0.0,7.95,76.40625,,76.40625,0.0,253.425003,0.0,,
2025-11-06 00:49:53+00:00,2025-11-06 00:49:53,,,,,,,,,,42.9824982,8.31875038,1054.80005,895.5,8.67500019,1.0,,13.6,0.0,7.95,73.03125,,73.03125,0.0,253.350006,0.0,,
2025-11-06 00:49:54+00:00,2025-11-06 00:49:54,,,,,,,,,,44.1037483,8.31875038,1054.94995,895.5,8.67500019,1.0,,13.6,0.0,7.95,69.9000015,,69.9000015,0.0,254.175003,0.0,,
2025-11-06 00:49:55+00:00,2025-11-06 00:49:55,43.0,43.0,43.0,43.0,43.0,14.671624184444145,100.0,BO_ONLY,"BO 모델 결과만 사용 (1단계 롤백, 2~4단계에서 Hz 변화 없음)",44.0849991,8.40937519,1055.09998,895.575012,9.125,1.0,,13.6,0.0,7.95,67.5,,67.5,0.0,254.850006,0.0,,
2025-11-06 00:49:56+00:00,2025-11-06 00:49:56,,,,,,,,,,44.0962486,8.40937519,1055.17505,895.724976,9.1875,1.0,,13.6,0.0,8.74,66.9000015,,66.9000015,0.0,253.5,0.0,,
2025-11-06 00:49:57+00:00,2025-11-06 00:49:57,,,,,,,,,,44.0887489,8.49062538,1055.25,895.724976,9.17500019,1.0,,13.6,0.0,8.74,67.4250031,,67.4250031,0.0,253.350006,0.0,,
2025-11-06 00:49:58+00:00,2025-11-06 00:49:58,,,,,,,,,,44.0962486,8.53593731,1055.40002,895.799988,9.17500019,1.0,,13.6,0.0,8.74,68.7375031,,68.7375031,0.0,253.425003,0.0,,
2025-11-06 00:49:59+00:00,2025-11-06 00:49:59,,,,,,,,,,44.0849991,8.53593731,1055.47498,895.799988,9.17500019,1.0,,13.6,0.0,8.74,69.8249969,,69.8249969,0.0,254.850006,0.0,,
2025-11-06 00:50:00+00:00,2025-11-06 00:50:00,43.0,43.0,43.0,43.0,43.0,15.188520412395109,100.0,BO_ONLY,"BO 모델 결과만 사용 (1단계 롤백, 2~4단계에서 Hz 변화 없음)",44.0924988,8.55624962,1055.625,895.875,9.21249962,1.0,,13.6,0.0,8.74,70.1999969,39.60680375729881,70.1999969,0.0,254.850006,0.0,,
2025-11-06 00:50:01+00:00,2025-11-06 00:50:01,,,,,,,,,,44.0924988,8.55781269,1055.69995,895.950012,9.26249981,1.0,,13.6,0.0,8.74,70.8375015,,70.8375015,0.0,254.850006,0.0,,
2025-11-06 00:50:02+00:00,2025-11-06 00:50:02,,,,,,,,,,44.0887489,8.55781269,1055.84998,895.950012,9.26249981,1.0,,13.6,0.0,8.74,71.3812485,,71.3812485,0.0,254.925003,0.0,,
2025-11-06 00:50:03+00:00,2025-11-06 00:50:03,,,,,,,,,,44.0887489,8.55156231,1055.84998,896.025024,9.26249981,1.0,,13.6,0.0,8.74,71.7562485,,71.7562485,0.0,256.350006,0.0,,
2025-11-06 00:50:04+00:00,2025-11-06 00:50:04,,,,,,,,,,44.0962486,8.55156231,1056.0,896.099976,9.26249981,1.0,,13.6,0.0,8.74,71.7562485,,71.7562485,0.0,256.350006,0.0,,
2025-11-06 00:50:05+00:00,2025-11-06 00:50:05,43.0,43.0,43.0,43.0,43.0,14.280833615200729,100.0,BO_ONLY,"BO 모델 결과만 사용 (1단계 롤백, 2~4단계에서 Hz 변화 없음)",44.1337509,8.53593731,1056.07495,896.174988,9.48750019,1.0,,13.6,0.0,8.74,71.7375031,,71.7375031,0.0,256.274994,0.0,,
2025-11-06 00:50:06+00:00,2025-11-06 00:50:06,,,,,,,,,,44.1037483,8.52031231,1056.15002,896.25,9.51249981,1.0,,13.6,0.0,9.37,71.7562485,,71.7562485,0.0,256.350006,0.0,,
2025-11-06 00:50:07+00:00,2025-11-06 00:50:07,,,,,,,,,,44.0924988,8.52031231,1056.22498,896.25,9.51249981,1.0,,13.6,0.0,9.37,71.7562485,,71.7562485,0.0,256.350006,0.0,,
2025-11-06 00:50:08+00:00,2025-11-06 00:50:08,,,,,,,,,,44.0999985,8.5078125,1056.22498,896.325012,9.51249981,1.0,,13.6,0.0,9.37,71.7562485,,71.7562485,0.0,256.350006,0.0,,
2025-11-06 00:50:09+00:00,2025-11-06 00:50:09,,,,,,,,,,44.0924988,8.49531269,1056.375,896.400024,9.51249981,1.0,,13.6,0.0,9.37,71.7562485,,71.7562485,0.0,256.350006,0.0,,
2025-11-06 00:50:10+00:00,2025-11-06 00:50:10,43.0,43.0,43.0,43.0,43.0,14.439442137753769,100.0,BO_ONLY,"BO 모델 결과만 사용 (1단계 롤백, 2~4단계에서 Hz 변화 없음)",44.0962486,8.49531269,1056.375,896.474976,9.78750038,1.0,,13.6,0.0,9.37,71.7562485,,71.7562485,0.0,256.350006,0.0,,
2025-11-06 00:50:11+00:00,2025-11-06 00:50:11,,,,,,,,,,44.0812492,8.4921875,1056.44995,896.474976,10.1750002,1.0,,13.6,0.0,9.37,71.7562485,,71.7562485,0.0,256.350006,0.0,,
2025-11-06 00:50:12+00:00,2025-11-06 00:50:12,,,,,,,,,,44.0887489,8.4921875,1056.52502,896.549988,10.1875,1.0,,13.6,0.0,9.37,71.7562485,,71.7562485,0.0,256.350006,0.0,,
2025-11-06 00:50:13+00:00,2025-11-06 00:50:13,,,,,,,,,,44.0887489,8.48593712,1056.52502,896.625,10.1875,1.0,,13.6,0.0,9.37,71.7562485,,71.7562485,0.0,256.350006,0.0,,
2025-11-06 00:50:14+00:00,2025-11-06 00:50:14,,,,,,,,,,44.0999985,8.47968769,1056.59998,896.700012,10.1750002,1.0,,13.6,0.0,9.37,71.7562485,,71.7562485,0.0,256.350006,0.0,,
2025-11-06 00:50:15+00:00,2025-11-06 00:50:15,43.0,43.0,43.0,43.0,43.0,16.02967327673167,100.0,BO_ONLY,"BO 모델 결과만 사용 (1단계 롤백, 2~4단계에서 Hz 변화 없음)",44.0849991,8.47968769,1056.67505,896.700012,10.4125004,1.0,,13.6,0.0,9.37,71.7562485,43.20680375729881,71.7562485,0.0,256.350006,0.0,,
2025-11-06 00:50:16+00:00,2025-11-06 00:50:16,,,,,,,,,,44.0924988,8.48593712,1056.67505,896.775024,10.4375,1.0,,13.6,0.0,10.25,71.7375031,,71.7375031,0.0,256.274994,0.0,,
2025-11-06 00:50:17+00:00,2025-11-06 00:50:17,,,,,,,,,,44.0999985,8.50468731,1056.67505,896.849976,10.4375,1.0,,13.6,0.0,10.25,71.7375031,,71.7375031,0.0,256.350006,0.0,,
2025-11-06 00:50:18+00:00,2025-11-06 00:50:18,,,,,,,,,,44.1112518,8.50468731,1056.67505,896.924988,10.4375,1.0,,13.6,0.0,10.25,71.7562485,,71.7562485,0.0,256.350006,0.0,,
2025-11-06 00:50:19+00:00,2025-11-06 00:50:19,,,,,,,,,,44.0924988,8.53593731,1056.75,896.924988,10.4375,1.0,,13.6,0.0,10.25,71.7562485,,71.7562485,0.0,256.350006,0.0,,
2025-11-06 00:50:20+00:00,2025-11-06 00:50:20,43.0,43.0,43.0,43.0,43.0,15.539232278642933,100.0,BO_ONLY,"BO 모델 결과만 사용 (1단계 롤백, 2~4단계에서 Hz 변화 없음)",44.0924988,8.53593731,1056.67505,897.0,10.6125002,1.0,,13.6,0.0,10.25,71.7562485,,71.7562485,0.0,256.350006,0.0,,
2025-11-06 00:50:21+00:00,2025-11-06 00:50:21,,,,,,,,,,44.0849991,8.56875038,1056.67505,897.0,10.8625002,1.0,,13.6,0.0,10.25,71.7375031,,71.7375031,0.0,256.350006,0.0,,
2025-11-06 00:50:22+00:00,2025-11-06 00:50:22,,,,,,,,,,44.0812492,8.61093712,1056.67505,897.150024,10.8625002,1.0,,13.6,0.0,10.25,71.7562485,,71.7562485,0.0,257.475006,0.0,,
2025-11-06 00:50:23+00:00,2025-11-06 00:50:23,,,,,,,,,,44.0962486,8.61093712,1056.67505,897.150024,10.8625002,1.0,,13.6,0.0,10.25,71.7562485,,71.7562485,0.0,257.850006,0.0,,
2025-11-06 00:50:24+00:00,2025-11-06 00:50:24,,,,,,,,,,44.0849991,8.65468788,1056.67505,897.150024,10.8625002,1.0,,13.6,0.0,10.25,71.7562485,,71.7562485,0.0,257.774994,0.0,,
2025-11-06 00:50:25+00:00,2025-11-06 00:50:25,43.0,43.0,43.0,43.0,43.0,15.494127012773724,100.0,BO_ONLY,"BO 모델 결과만 사용 (1단계 롤백, 2~4단계에서 Hz 변화 없음)",44.0924988,8.69687462,1056.67505,897.224976,11.0124998,1.0,,13.6,0.0,10.25,71.7562485,,71.7562485,0.0,257.774994,0.0,,
2025-11-06 00:50:26+00:00,2025-11-06 00:50:26,,,,,,,,,,44.0812492,8.69687462,1056.59998,897.224976,11.0249996,1.0,,13.6,0.0,10.95,71.7562485,,71.7562485,0.0,257.774994,0.0,,
2025-11-06 00:50:27+00:00,2025-11-06 00:50:27,,,,,,,,,,44.1037483,8.74843788,1056.52502,897.375,11.0249996,1.0,,13.6,0.0,10.95,71.7562485,,71.7562485,0.0,257.774994,0.0,,
2025-11-06 00:50:28+00:00,2025-11-06 00:50:28,,,,,,,,,,44.0887489,8.74843788,1056.52502,897.375,11.0249996,1.0,,13.6,0.0,10.95,71.7562485,,71.7562485,0.0,257.850006,0.0,,
2025-11-06 00:50:29+00:00,2025-11-06 00:50:29,,,,,,,,,,44.0887489,8.80000019,1056.52502,897.450012,11.0249996,1.0,,13.6,0.0,10.95,71.7562485,,71.7562485,0.0,257.774994,0.0,,
2025-11-06 00:50:30+00:00,2025-11-06 00:50:30,43.0,43.0,43.0,43.0,43.0,13.834791437814033,100.0,BO_ONLY,"BO 모델 결과만 사용 (1단계 롤백, 2~4단계에서 Hz 변화 없음)",44.0962486,8.84843731,1056.375,897.525024,11.1999998,1.0,,13.6,0.0,10.95,71.7375031,44.10680375729881,71.7375031,0.0,257.774994,0.0,,
2025-11-06 00:50:31+00:00,2025-11-06 00:50:31,,,,,,,,,,44.0887489,8.84843731,1056.375,897.525024,11.4499998,1.0,,13.6,0.0,10.95,71.7562485,,71.7562485,0.0,257.850006,0.0,,
2025-11-06 00:50:32+00:00,2025-11-06 00:50:32,,,,,,,,,,44.1262512,8.88906288,1056.375,897.599976,11.4499998,1.0,,13.6,0.0,10.95,71.7562485,,71.7562485,0.0,257.850006,0.0,,
2025-11-06 00:50:33+00:00,2025-11-06 00:50:33,,,,,,,,,,44.1412506,8.93124962,1056.375,897.674988,11.4499998,1.0,,13.6,0.0,10.95,71.7562485,,71.7562485,0.0,257.774994,0.0,,
2025-11-06 00:50:34+00:00,2025-11-06 00:50:34,,,,,,,,,,44.0849991,8.93124962,1056.375,897.674988,11.4499998,1.0,,13.6,0.0,10.95,71.7562485,,71.7562485,0.0,257.850006,0.0,,
2025-11-06 00:50:35+00:00,2025-11-06 00:50:35,43.0,43.0,43.0,43.0,43.0,13.853611076970187,100.0,BO_ONLY,"BO 모델 결과만 사용 (1단계 롤백, 2~4단계에서 Hz 변화 없음)",44.0887489,8.96406269,1056.44995,897.75,11.4499998,1.0,,13.6,0.0,10.95,71.7562485,,71.7562485,0.0,257.850006,0.0,,
2025-11-06 00:50:36+00:00,2025-11-06 00:50:36,,,,,,,,,,44.0812492,8.96406269,1056.52502,897.825012,11.4499998,1.0,,13.6,0.0,11.56,71.7562485,,71.7562485,0.0,257.850006,0.0,,
2025-11-06 00:50:37+00:00,2025-11-06 00:50:37,,,,,,,,,,44.0962486,9.00468731,1056.52502,897.825012,11.4499998,1.0,,13.6,0.0,11.56,71.7562485,,71.7562485,0.0,257.774994,0.0,,
2025-11-06 00:50:38+00:00,2025-11-06 00:50:38,,,,,,,,,,44.0962486,9.0390625,1056.52502,897.900024,11.4499998,1.0,,13.6,0.0,11.56,71.7375031,,71.7375031,0.0,257.774994,0.0,,
2025-11-06 00:50:39+00:00,2025-11-06 00:50:39,,,,,,,,,,44.0849991,9.0390625,1056.59998,897.900024,11.4499998,1.0,,13.6,0.0,11.56,71.7562485,,71.7562485,0.0,257.774994,0.0,,
2025-11-06 00:50:40+00:00,2025-11-06 00:50:40,42.0,43.0,42.0,42.0,42.0,13.56912398726571,207.0,BO_O2,"O2 규칙 적용: 9.0% (9.0% < O2 ≤ 10.0%) (2단계 롤백, 3~4단계에서 Hz 변화 없음)",44.0962486,9.06718731,1056.59998,897.974976,11.4875002,1.0,,13.6,0.0,11.56,71.7562485,,71.7562485,0.0,257.850006,0.0,,
2025-11-06 00:50:41+00:00,2025-11-06 00:50:41,,,,,,,,,,44.0924988,9.09375,1056.67505,898.049988,11.5375004,1.0,,13.6,0.0,11.56,71.7562485,,71.7562485,0.0,257.774994,0.0,,
2025-11-06 00:50:42+00:00,2025-11-06 00:50:42,,,,,,,,,,44.0999985,9.09375,1056.67505,898.049988,11.5375004,1.0,,13.6,0.0,11.56,71.7562485,,71.7562485,0.0,257.850006,0.0,,
2025-11-06 00:50:43+00:00,2025-11-06 00:50:43,,,,,,,,,,41.7637482,9.12343788,1056.59998,898.125,11.5375004,1.0,,13.6,0.0,11.56,71.7562485,,71.7562485,0.0,257.850006,0.0,,
2025-11-06 00:50:44+00:00,2025-11-06 00:50:44,,,,,,,,,,40.9575005,9.12343788,1056.59998,898.200012,11.5375004,1.0,,13.6,0.0,11.56,71.7562485,,71.7562485,0.0,257.850006,0.0,,
2025-11-06 00:50:45+00:00,2025-11-06 00:50:45,42.0,42.0,42.0,42.0,42.0,13.985455502198345,100.0,BO_ONLY,"BO 모델 결과만 사용 (1단계 롤백, 2~4단계에서 Hz 변화 없음)",40.9500008,9.15781212,1056.59998,898.200012,11.9250002,1.0,,13.6,0.0,11.56,71.7562485,38.0,71.7562485,0.0,257.850006,0.0,,
2025-11-06 00:50:46+00:00,2025-11-06 00:50:46,,,,,,,,,,40.9612503,9.1875,1056.52502,898.275024,11.9624996,1.0,,13.6,0.0,11.66,70.59375,,70.59375,0.0,257.850006,0.0,,
2025-11-06 00:50:47+00:00,2025-11-06 00:50:47,,,,,,,,,,40.9912491,9.1875,1056.52502,898.275024,11.9624996,1.0,,13.6,0.0,11.66,68.6437531,,68.6437531,0.0,257.850006,0.0,,
2025-11-06 00:50:48+00:00,2025-11-06 00:50:48,,,,,,,,,,40.9650002,9.20781231,1056.375,898.349976,11.9624996,1.0,,13.6,0.0,11.66,65.6999969,,65.6999969,0.0,257.774994,0.0,,
2025-11-06 00:50:49+00:00,2025-11-06 00:50:49,,,,,,,,,,41.0024986,9.21875,1056.375,898.349976,11.9624996,1.0,,13.6,0.0,11.66,64.0687485,,64.0687485,0.0,257.774994,0.0,,
2025-11-06 00:50:50+00:00,2025-11-06 00:50:50,42.0,42.0,42.0,42.0,42.0,13.86281051878283,100.0,BO_ONLY,"BO 모델 결과만 사용 (1단계 롤백, 2~4단계에서 Hz 변화 없음)",40.9425011,9.21875,1056.30005,898.424988,12.1000004,1.0,,13.6,0.0,11.66,62.8312492,,62.8312492,0.0,257.700012,0.0,,
2025-11-06 00:50:51+00:00,2025-11-06 00:50:51,,,,,,,,,,40.9312515,9.22187519,1056.22498,898.424988,12.2875004,1.0,,13.6,0.0,11.66,62.1187515,,62.1187515,0.0,257.850006,0.0,,
2025-11-06 00:50:52+00:00,2025-11-06 00:50:52,,,,,,,,,,40.9799995,9.22187519,1056.07495,898.5,12.3000002,1.0,,13.6,0.0,11.66,61.6124992,,61.6124992,0.0,257.774994,0.0,,
2025-11-06 00:50:53+00:00,2025-11-06 00:50:53,,,,,,,,,,40.9612503,9.21875,1056.07495,898.5,12.2875004,1.0,,13.6,0.0,11.66,61.2562485,,61.2562485,0.0,257.850006,0.0,,
2025-11-06 00:50:54+00:00,2025-11-06 00:50:54,,,,,,,,,,40.9837494,9.2265625,1055.92505,898.575012,12.2875004,1.0,,13.6,0.0,11.66,61.2374992,,61.2374992,0.0,257.774994,0.0,,
2025-11-06 00:50:55+00:00,2025-11-06 00:50:55,41.0,41.0,41.0,41.0,41.0,14.36639062451223,100.0,BO_ONLY,"BO 모델 결과만 사용 (1단계 롤백, 2~4단계에서 Hz 변화 없음)",40.9462509,9.2265625,1055.84998,898.575012,12.8125,1.0,,13.6,0.0,11.66,61.2374992,,61.2374992,0.0,257.774994,0.0,,
2025-11-06 00:50:56+00:00,2025-11-06 00:50:56,,,,,,,,,,40.9987488,9.23593712,1055.69995,898.650024,12.875,1.0,,13.6,0.0,12.38,61.2374992,,61.2374992,0.0,257.774994,0.0,,
2025-11-06 00:50:57+00:00,2025-11-06 00:50:57,,,,,,,,,,40.9912491,9.24687481,1055.625,898.650024,12.875,1.0,,13.6,0.0,12.38,61.2374992,,61.2374992,0.0,257.774994,0.0,,
2025-11-06 00:50:58+00:00,2025-11-06 00:50:58,,,,,,,,,,40.9874992,9.24687481,1055.55005,898.724976,12.8874998,1.0,,13.6,0.0,12.38,61.2374992,,61.2374992,0.0,257.774994,0.0,,
2025-11-06 00:50:59+00:00,2025-11-06 00:50:59,,,,,,,,,,40.96875,9.2578125,1055.47498,898.724976,12.8874998,1.0,,13.6,0.0,12.38,61.2374992,,61.2374992,0.0,257.850006,0.0,,
2025-11-06 00:51:00+00:00,2025-11-06 00:51:00,40.0,40.0,40.0,40.0,40.0,14.93914107453778,100.0,BO_ONLY,"BO 모델 결과만 사용 (1단계 롤백, 2~4단계에서 Hz 변화 없음)",40.9500008,9.2578125,1055.32495,898.724976,13.1625004,1.0,,13.6,0.0,12.38,61.2374992,38.0,61.2374992,0.0,257.850006,0.0,,
2025-11-06 00:51:01+00:00,2025-11-06 00:51:01,,,,,,,,,,40.9987488,9.2734375,1055.32495,898.799988,13.5625,1.0,,13.6,0.0,12.38,61.2374992,,61.2374992,0.0,257.774994,0.0,,
2025-11-06 00:51:02+00:00,2025-11-06 00:51:02,,,,,,,,,,40.9762497,9.29218769,1055.17505,898.875,13.5625,1.0,,13.6,0.0,12.38,61.2374992,,61.2374992,0.0,257.774994,0.0,,
2025-11-06 00:51:03+00:00,2025-11-06 00:51:03,,,,,,,,,,40.9762497,9.29218769,1055.02502,898.875,13.5625,1.0,,13.6,0.0,12.38,61.2374992,,61.2374992,0.0,257.850006,0.0,,
2025-11-06 00:51:04+00:00,2025-11-06 00:51:04,,,,,,,,,,40.9425011,9.31875038,1054.875,898.875,13.5625,1.0,,13.6,0.0,12.38,61.2374992,,61.2374992,0.0,257.774994,0.0,,
2025-11-06 00:51:05+00:00,2025-11-06 00:51:05,40.0,40.0,40.0,40.0,40.0,15.643398313046765,100.0,BO_ONLY,"BO 모델 결과만 사용 (1단계 롤백, 2~4단계에서 Hz 변화 없음)",40.9837494,9.34375,1054.80005,898.950012,13.3374996,1.0,,13.6,0.0,12.38,61.2374992,,61.2374992,0.0,257.774994,0.0,,
2025-11-06 00:51:06+00:00,2025-11-06 00:51:06,,,,,,,,,,40.9724998,9.34375,1054.65002,898.950012,13.3000002,1.0,,13.6,0.0,13.66,61.2374992,,61.2374992,0.0,257.774994,0.0,,
2025-11-06 00:51:07+00:00,2025-11-06 00:51:07,,,,,,,,,,40.9650002,9.36874962,1054.5,899.025024,13.3000002,1.0,,13.6,0.0,13.66,61.2374992,,61.2374992,0.0,257.774994,0.0,,
2025-11-06 00:51:08+00:00,2025-11-06 00:51:08,,,,,,,,,,40.9912491,9.36874962,1054.34998,899.025024,13.3125,1.0,,13.6,0.0,13.66,61.2374992,,61.2374992,0.0,257.850006,0.0,,
2025-11-06 00:51:09+00:00,2025-11-06 00:51:09,,,,,,,,,,40.9387512,9.40156269,1054.19995,899.025024,13.3000002,1.0,,13.6,0.0,13.66,61.2374992,,61.2374992,0.0,257.774994,0.0,,
2025-11-06 00:51:10+00:00,2025-11-06 00:51:10,39.0,39.0,39.0,39.0,39.0,14.657842227788404,100.0,BO_ONLY,"BO 모델 결과만 사용 (1단계 롤백, 2~4단계에서 Hz 변화 없음)",40.9837494,9.44062519,1053.97498,899.099976,13.3000002,1.0,,13.6,0.0,13.66,61.2374992,,61.2374992,0.0,257.774994,0.0,,
2025-11-06 00:51:11+00:00,2025-11-06 00:51:11,,,,,,,,,,40.9724998,9.44062519,1053.82495,899.099976,13.3000002,1.0,,13.6,0.0,13.66,61.2562485,,61.2562485,0.0,257.774994,0.0,,
2025-11-06 00:51:12+00:00,2025-11-06 00:51:12,,,,,,,,,,40.9799995,9.47968769,1053.59998,899.099976,13.3000002,1.0,,13.6,0.0,13.66,61.2374992,,61.2374992,0.0,257.774994,0.0,,
2025-11-06 00:51:13+00:00,2025-11-06 00:51:13,,,,,,,,,,40.9912491,9.51875019,1053.44995,899.099976,13.3000002,1.0,,13.6,0.0,13.66,61.2374992,,61.2374992,0.0,257.774994,0.0,,
2025-11-06 00:51:14+00:00,2025-11-06 00:51:14,,,,,,,,,,39.9674988,9.51875019,1053.22498,899.099976,13.3000002,1.0,,13.6,0.0,13.66,61.2374992,,61.2374992,0.0,257.774994,0.0,,
2025-11-06 00:51:15+00:00,2025-11-06 00:51:15,39.0,39.0,39.0,39.0,39.0,14.533979728559379,100.0,BO_ONLY,"BO 모델 결과만 사용 (1단계 롤백, 2~4단계에서 Hz 변화 없음)",39.9187508,9.54843712,1053.07495,899.174988,13.8999996,1.0,,13.6,0.0,13.66,61.2374992,38.0,61.2374992,0.0,257.850006,0.0,,
2025-11-06 00:51:16+00:00,2025-11-06 00:51:16,,,,,,,,,,39.9112511,9.54843712,1052.84998,899.25,13.9750004,1.0,,13.6,0.0,13.41,60.8624992,,60.8624992,0.0,257.850006,0.0,,
2025-11-06 00:51:17+00:00,2025-11-06 00:51:17,,,,,,,,,,39.9112511,9.57968712,1052.69995,899.25,13.9750004,1.0,,13.6,0.0,13.41,60.4312515,,60.4312515,0.0,257.774994,0.0,,
2025-11-06 00:51:18+00:00,2025-11-06 00:51:18,,,,,,,,,,39.8887482,9.61406231,1052.55005,899.25,13.9875002,1.0,,13.6,0.0,13.41,59.8125,,59.8125,0.0,257.774994,0.0,,
2025-11-06 00:51:19+00:00,2025-11-06 00:51:19,,,,,,,,,,39.9112511,9.61406231,1052.40002,899.25,13.9750004,1.0,,13.6,0.0,13.41,59.2125015,,59.2125015,0.0,257.850006,0.0,,
2025-11-06 00:51:20+00:00,2025-11-06 00:51:20,39.0,39.0,39.0,39.0,39.0,14.724085690279646,100.0,BO_ONLY,"BO 모델 결과만 사용 (1단계 롤백, 2~4단계에서 Hz 변화 없음)",39.9225006,9.63906288,1052.25,899.25,14.3000002,1.0,,13.6,0.0,13.41,58.3312492,,58.3312492,0.0,257.774994,0.0,,
2025-11-06 00:51:21+00:00,2025-11-06 00:51:21,,,,,,,,,,39.9187508,9.65156269,1052.17505,899.25,14.75,1.0,,13.6,0.0,13.41,58.2937508,,58.2937508,0.0,257.774994,0.0,,
2025-11-06 00:51:22+00:00,2025-11-06 00:51:22,,,,,,,,,,39.9225006,9.65156269,1051.94995,899.325012,14.75,1.0,,13.6,0.0,13.41,57.9000015,,57.9000015,0.0,257.774994,0.0,,
2025-11-06 00:51:23+00:00,2025-11-06 00:51:23,,,,,,,,,,39.9075012,9.64999962,1051.875,899.400024,14.75,1.0,,13.6,0.0,13.41,57.5062485,,57.5062485,0.0,257.774994,0.0,,
2025-11-06 00:51:24+00:00,2025-11-06 00:51:24,,,,,,,,,,39.9112511,9.64999962,1051.65002,899.400024,14.75,1.0,,13.6,0.0,13.41,57.4874992,,57.4874992,0.0,257.774994,0.0,,
2025-11-06 00:51:25+00:00,2025-11-06 00:51:25,39.0,39.0,39.0,39.0,39.0,16.192050214437018,100.0,BO_ONLY,"BO 모델 결과만 사용 (1단계 롤백, 2~4단계에서 Hz 변화 없음)",39.9187508,9.66093731,1051.57495,899.325012,14.75,1.0,,13.6,0.0,13.41,57.4312515,,57.4312515,0.0,257.774994,0.0,,
2025-11-06 00:51:26+00:00,2025-11-06 00:51:26,,,,,,,,,,39.9075012,9.68124962,1051.42505,899.400024,14.75,1.0,,13.6,0.0,14.81,57.1124992,,57.1124992,0.0,257.774994,0.0,,
2025-11-06 00:51:27+00:00,2025-11-06 00:51:27,,,,,,,,,,39.9037514,9.68124962,1051.19995,899.400024,14.75,1.0,,13.6,0.0,14.81,57.1312485,,57.1312485,0.0,257.774994,0.0,,
2025-11-06 00:51:28+00:00,2025-11-06 00:51:28,,,,,,,,,,39.9225006,9.71249962,1051.05005,899.400024,14.75,1.0,,13.6,0.0,14.81,57.1312485,,57.1312485,0.0,257.850006,0.0,,
2025-11-06 00:51:29+00:00,2025-11-06 00:51:29,,,,,,,,,,39.9112511,9.74531269,1050.82495,899.400024,14.75,1.0,,13.6,0.0,14.81,57.3937492,,57.3937492,0.0,257.774994,0.0,,
2025-11-06 00:51:30+00:00,2025-11-06 00:51:30,39.0,39.0,39.0,39.0,39.0,15.815627447516782,100.0,BO_ONLY,"BO 모델 결과만 사용 (1단계 롤백, 2~4단계에서 Hz 변화 없음)",39.9150009,9.74531269,1050.67505,899.474976,15.3374996,1.0,,13.6,0.0,14.81,57.4874992,38.0,57.4874992,0.0,257.774994,0.0,,
2025-11-06 00:51:31+00:00,2025-11-06 00:51:31,,,,,,,,,,39.9000015,9.765625,1050.52502,899.549988,15.3374996,1.0,,13.6,0.0,15.44,57.5062485,,57.5062485,0.0,257.850006,0.0,,
2025-11-06 00:51:32+00:00,2025-11-06 00:51:32,,,,,,,,,,39.9187508,9.77656269,1050.30005,899.474976,15.3374996,1.0,,13.6,0.0,15.44,57.4874992,,57.4874992,0.0,257.850006,0.0,,
2025-11-06 00:51:33+00:00,2025-11-06 00:51:33,,,,,,,,,,39.9075012,9.77656269,1050.07495,899.549988,15.3374996,1.0,,13.6,0.0,15.44,57.4874992,,57.4874992,0.0,257.774994,0.0,,
2025-11-06 00:51:34+00:00,2025-11-06 00:51:34,,,,,,,,,,39.9037514,9.77812481,1049.84998,899.549988,15.3374996,1.0,,13.6,0.0,15.44,57.4874992,,57.4874992,0.0,257.700012,0.0,,
2025-11-06 00:51:35+00:00,2025-11-06 00:51:35,39.0,38.0,39.0,39.0,39.0,16.02389672114702,207.0,BO_O2,"O2 규칙 적용: 9.8% (9.0% < O2 ≤ 10.0%) (2단계 롤백, 3~4단계에서 Hz 변화 없음)",39.9112511,9.77812481,1049.69995,899.549988,15.1875,1.0,,13.6,0.0,15.44,57.5250015,,57.5250015,0.0,257.850006,0.0,,
2025-11-06 00:51:36+00:00,2025-11-06 00:51:36,,,,,,,,,,39.9187508,9.76406288,1049.47498,899.625,15.1750002,1.0,,13.6,0.0,15.44,57.9375,,57.9375,0.0,257.774994,0.0,,
2025-11-06 00:51:37+00:00,2025-11-06 00:51:37,,,,,,,,,,39.9075012,9.74531269,1049.25,899.549988,15.1750002,1.0,,13.6,0.0,15.44,57.9000015,,57.9000015,0.0,257.774994,0.0,,
2025-11-06 00:51:38+00:00,2025-11-06 00:51:38,,,,,,,,,,39.9112511,9.74531269,1049.02502,899.625,15.1750002,1.0,,13.6,0.0,15.44,57.4874992,,57.4874992,0.0,257.700012,0.0,,
2025-11-06 00:51:39+00:00,2025-11-06 00:51:39,,,,,,,,,,39.9225006,9.70781231,1048.80005,899.549988,15.1625004,1.0,,13.6,0.0,15.44,57.4874992,,57.4874992,0.0,257.850006,0.0,,
2025-11-06 00:51:40+00:00,2025-11-06 00:51:40,39.0,38.0,39.0,39.0,39.0,14.551566778770038,207.0,BO_O2,"O2 규칙 적용: 9.8% (9.0% < O2 ≤ 10.0%) (2단계 롤백, 3~4단계에서 Hz 변화 없음)",39.9037514,9.70781231,1048.57495,899.625,15.3374996,1.0,,13.6,0.0,15.44,57.5062485,,57.5062485,0.0,257.850006,0.0,,
2025-11-06 00:51:41+00:00,2025-11-06 00:51:41,,,,,,,,,,39.9075012,9.66718769,1048.34998,899.625,15.3374996,1.0,,13.6,0.0,15.44,57.8812485,,57.8812485,0.0,257.850006,0.0,,
2025-11-06 00:51:42+00:00,2025-11-06 00:51:42,,,,,,,,,,39.9150009,9.6328125,1048.05005,899.625,15.3374996,1.0,,13.6,0.0,15.44,57.9000015,,57.9000015,0.0,257.774994,0.0,,
2025-11-06 00:51:43+00:00,2025-11-06 00:51:43,,,,,,,,,,39.9112511,9.6328125,1047.90002,899.625,15.3374996,1.0,,13.6,0.0,15.44,57.5062485,,57.5062485,0.0,257.774994,0.0,,
2025-11-06 00:51:44+00:00,2025-11-06 00:51:44,,,,,,,,,,39.9075012,9.61562538,1047.59998,899.625,15.3374996,1.0,,13.6,0.0,15.44,57.4874992,,57.4874992,0.0,257.850006,0.0,,
2025-11-06 00:51:45+00:00,2025-11-06 00:51:45,39.0,39.0,39.0,39.0,39.0,14.204862017940597,100.0,BO_ONLY,"BO 모델 결과만 사용 (1단계 롤백, 2~4단계에서 Hz 변화 없음)",39.9075012,9.61562538,1047.44995,899.625,15.3374996,1.0,,13.6,0.0,15.44,57.4874992,38.70680375729881,57.4874992,0.0,257.774994,0.0,,
2025-11-06 00:51:46+00:00,2025-11-06 00:51:46,,,,,,,,,,39.9112511,9.61562538,1047.15002,899.625,15.3374996,1.0,,13.6,0.0,15.44,57.4874992,,57.4874992,0.0,257.774994,0.0,,
2025-11-06 00:51:47+00:00,2025-11-06 00:51:47,,,,,,,,,,39.9112511,9.62343788,1047.0,899.625,15.3374996,1.0,,13.6,0.0,15.43,57.4874992,,57.4874992,0.0,257.774994,0.0,,
2025-11-06 00:51:48+00:00,2025-11-06 00:51:48,,,,,,,,,,39.9150009,9.62343788,1046.69995,899.625,15.3374996,1.0,,13.6,0.0,15.43,57.4874992,,57.4874992,0.0,257.774994,0.0,,
2025-11-06 00:51:49+00:00,2025-11-06 00:51:49,,,,,,,,,,39.9075012,9.63906288,1046.55005,899.625,15.3374996,1.0,,13.6,0.0,15.43,57.4874992,,57.4874992,0.0,257.774994,0.0,,
2025-11-06 00:51:50+00:00,2025-11-06 00:51:50,39.0,39.0,39.0,39.0,39.0,13.640407888706541,100.0,BO_ONLY,"BO 모델 결과만 사용 (1단계 롤백, 2~4단계에서 Hz 변화 없음)",39.9000015,9.67031288,1046.25,899.625,15.25,1.0,,13.6,0.0,15.43,57.4874992,,57.4874992,0.0,257.774994,0.0,,
2025-11-06 00:51:51+00:00,2025-11-06 00:51:51,,,,,,,,,,39.9112511,9.67031288,1046.09998,899.625,15.2624998,1.0,,13.6,0.0,15.43,57.4874992,,57.4874992,0.0,257.850006,0.0,,
2025-11-06 00:51:52+00:00,2025-11-06 00:51:52,,,,,,,,,,39.9112511,9.72343731,1045.875,899.625,15.25,1.0,,13.6,0.0,15.43,57.4874992,,57.4874992,0.0,257.774994,0.0,,
2025-11-06 00:51:53+00:00,2025-11-06 00:51:53,,,,,,,,,,39.9075012,9.78593731,1045.57495,899.625,15.25,1.0,,13.6,0.0,15.43,57.5062485,,57.5062485,0.0,257.774994,0.0,,
2025-11-06 00:51:54+00:00,2025-11-06 00:51:54,,,,,,,,,,39.9075012,9.78593731,1045.34998,899.625,15.2624998,1.0,,13.6,0.0,15.43,57.84375,,57.84375,0.0,259.274994,0.0,,
2025-11-06 00:51:55+00:00,2025-11-06 00:51:55,39.0,38.0,39.0,39.0,39.0,13.763507682039856,207.0,BO_O2,"O2 규칙 적용: 9.7% (9.0% < O2 ≤ 10.0%) (2단계 롤백, 3~4단계에서 Hz 변화 없음)",39.9075012,9.85468769,1045.125,899.625,15.875,1.0,,13.6,0.0,15.43,57.8812485,,57.8812485,0.0,259.350006,0.0,,
2025-11-06 00:51:56+00:00,2025-11-06 00:51:56,,,,,,,,,,39.8962517,9.85468769,1044.75,899.625,15.9250002,1.0,,13.6,0.0,15.43,57.9375,,57.9375,0.0,259.424988,0.0,,
2025-11-06 00:51:57+00:00,2025-11-06 00:51:57,,,,,,,,,,39.9075012,9.90312481,1044.59998,899.625,15.9250002,1.0,,13.6,0.0,15.37,57.9000015,,57.9000015,0.0,259.350006,0.0,,
2025-11-06 00:51:58+00:00,2025-11-06 00:51:58,,,,,,,,,,39.9150009,9.93281269,1044.22498,899.625,15.9250002,1.0,,13.6,0.0,15.37,57.8812485,,57.8812485,0.0,259.350006,0.0,,
2025-11-06 00:51:59+00:00,2025-11-06 00:51:59,,,,,,,,,,39.9037514,9.93281269,1043.92505,899.625,15.9250002,1.0,,13.6,0.0,15.37,57.8812485,,57.8812485,0.0,259.350006,0.0,,
2025-11-06 00:52:00+00:00,2025-11-06 00:52:00,39.0,39.0,39.0,39.0,39.0,15.340860812341665,100.0,BO_ONLY,"BO 모델 결과만 사용 (1단계 롤백, 2~4단계에서 Hz 변화 없음)",39.9112511,9.93593788,1043.625,899.625,16.4375,1.0,,13.6,0.0,15.37,57.9187508,38.0,57.9187508,0.0,259.350006,0.0,,
2025-11-06 00:52:01+00:00,2025-11-06 00:52:01,,,,,,,,,,39.9150009,9.91093731,1043.40002,899.625,16.4375,1.0,,13.6,0.0,15.37,57.9000015,,57.9000015,0.0,259.350006,0.0,,
2025-11-06 00:52:02+00:00,2025-11-06 00:52:02,,,,,,,,,,39.9112511,9.91093731,1043.09998,899.625,16.4375,1.0,,13.6,0.0,15.37,57.9375,,57.9375,0.0,259.424988,0.0,,
2025-11-06 00:52:03+00:00,2025-11-06 00:52:03,,,,,,,,,,39.9112511,9.86562538,1042.875,899.625,16.4249992,1.0,,13.6,0.0,15.37,57.9375,,57.9375,0.0,259.350006,0.0,,
2025-11-06 00:52:04+00:00,2025-11-06 00:52:04,,,,,,,,,,39.9000015,9.86562538,1042.5,899.625,16.4375,1.0,,13.6,0.0,15.37,57.9375,,57.9375,0.0,259.350006,0.0,,
2025-11-06 00:52:05+00:00,2025-11-06 00:52:05,39.0,38.0,39.0,39.0,39.0,16.472272274401934,207.0,BO_O2,"O2 규칙 적용: 9.9% (9.0% < O2 ≤ 10.0%) (2단계 롤백, 3~4단계에서 Hz 변화 없음)",39.9112511,9.81406212,1042.27502,899.549988,16.2749996,1.0,,13.6,0.0,15.37,57.9187508,,57.9187508,0.0,259.424988,0.0,,
2025-11-06 00:52:06+00:00,2025-11-06 00:52:06,,,,,,,,,,39.9075012,9.76718712,1041.97498,899.625,16.2625008,1.0,,13.6,0.0,15.37,57.9375,,57.9375,0.0,259.350006,0.0,,
2025-11-06 00:52:07+00:00,2025-11-06 00:52:07,,,,,,,,,,39.9150009,9.76718712,1041.82495,899.549988,16.2625008,1.0,,13.6,0.0,16.54,57.8624992,,57.8624992,0.0,259.350006,0.0,,
2025-11-06 00:52:08+00:00,2025-11-06 00:52:08,,,,,,,,,,39.9000015,9.73593712,1041.44995,899.549988,16.2625008,1.0,,13.6,0.0,16.54,57.9000015,,57.9000015,0.0,259.424988,0.0,,
2025-11-06 00:52:09+00:00,2025-11-06 00:52:09,,,,,,,,,,39.9112511,9.72031212,1041.15002,899.549988,16.2625008,1.0,,13.6,0.0,16.54,57.9187508,,57.9187508,0.0,259.350006,0.0,,
2025-11-06 00:52:10+00:00,2025-11-06 00:52:10,39.0,38.0,39.0,39.0,39.0,15.948317228618267,207.0,BO_O2,"O2 규칙 적용: 9.8% (9.0% < O2 ≤ 10.0%) (2단계 롤백, 3~4단계에서 Hz 변화 없음)",39.9037514,9.72031212,1040.84998,899.549988,15.8374996,1.0,,13.6,0.0,16.54,57.8812485,,57.8812485,0.0,259.350006,0.0,,
2025-11-06 00:52:11+00:00,2025-11-06 00:52:11,,,,,,,,,,39.9075012,9.72500038,1040.55005,899.549988,15.8374996,1.0,,13.6,0.0,16.54,57.8812485,,57.8812485,0.0,259.350006,0.0,,
2025-11-06 00:52:12+00:00,2025-11-06 00:52:12,,,,,,,,,,39.9075012,9.72500038,1040.17505,899.549988,15.8374996,1.0,,13.6,0.0,16.54,58.03125,,58.03125,0.0,259.350006,0.0,,
2025-11-06 00:52:13+00:00,2025-11-06 00:52:13,,,,,,,,,,39.9075012,9.73593712,1039.94995,899.549988,15.8374996,1.0,,13.6,0.0,16.54,58.3125,,58.3125,0.0,259.424988,0.0,,
2025-11-06 00:52:14+00:00,2025-11-06 00:52:14,,,,,,,,,,39.9037514,9.75156212,1039.57495,899.549988,15.8374996,1.0,,13.6,0.0,16.54,58.3125,,58.3125,0.0,259.350006,0.0,,
2025-11-06 00:52:15+00:00,2025-11-06 00:52:15,39.0,38.0,39.0,39.0,39.0,13.503027423136501,207.0,BO_O2,"O2 규칙 적용: 9.7% (9.0% < O2 ≤ 10.0%) (2단계 롤백, 3~4단계에서 Hz 변화 없음)",39.9112511,9.75156212,1039.27502,899.549988,16.5499992,1.0,,13.6,0.0,16.54,58.2937508,40.5068037572988,58.2937508,0.0,259.274994,0.0,,
2025-11-06 00:52:16+00:00,2025-11-06 00:52:16,,,,,,,,,,39.9075012,9.7734375,1038.90002,899.474976,16.6000004,1.0,,13.6,0.0,16.54,58.3125,,58.3125,0.0,259.350006,0.0,,
2025-11-06 00:52:17+00:00,2025-11-06 00:52:17,,,,,,,,,,39.9150009,9.81406212,1038.59998,899.474976,16.6000004,1.0,,13.6,0.0,15.9,58.3125,,58.3125,0.0,259.424988,0.0,,
2025-11-06 00:52:18+00:00,2025-11-06 00:52:18,,,,,,,,,,39.9037514,9.81406212,1038.22498,899.400024,16.6000004,1.0,,13.6,0.0,15.9,58.3125,,58.3125,0.0,259.350006,0.0,,
2025-11-06 00:52:19+00:00,2025-11-06 00:52:19,,,,,,,,,,39.9112511,9.85624981,1037.92505,899.400024,16.6000004,1.0,,13.6,0.0,15.9,57.9187508,,57.9187508,0.0,259.274994,0.0,,
2025-11-06 00:52:20+00:00,2025-11-06 00:52:20,39.0,38.0,39.0,39.0,39.0,15.839374623426744,207.0,BO_O2,"O2 규칙 적용: 9.8% (9.0% < O2 ≤ 10.0%) (2단계 롤백, 3~4단계에서 Hz 변화 없음)",39.9075012,9.85624981,1037.55005,899.400024,16.5125008,1.0,,13.6,0.0,15.9,57.9375,,57.9375,0.0,259.424988,0.0,,
2025-11-06 00:52:21+00:00,2025-11-06 00:52:21,,,,,,,,,,39.9075012,9.89375019,1037.25,899.325012,16.5125008,1.0,,13.6,0.0,15.9,57.9375,,57.9375,0.0,259.424988,0.0,,
2025-11-06 00:52:22+00:00,2025-11-06 00:52:22,,,,,,,,,,39.9075012,9.93906212,1036.80005,899.325012,16.5125008,1.0,,13.6,0.0,16.57,57.9000015,,57.9000015,0.0,259.350006,0.0,,
2025-11-06 00:52:23+00:00,2025-11-06 00:52:23,,,,,,,,,,39.9037514,9.93906212,1036.57495,899.325012,16.5125008,1.0,,13.6,0.0,16.57,57.8812485,,57.8812485,0.0,259.350006,0.0,,
2025-11-06 00:52:24+00:00,2025-11-06 00:52:24,,,,,,,,,,39.9000015,9.98750019,1036.125,899.25,16.5249996,1.0,,13.6,0.0,16.57,57.8812485,,57.8812485,0.0,259.424988,0.0,,
2025-11-06 00:52:25+00:00,2025-11-06 00:52:25,39.0,38.0,39.0,39.0,39.0,15.248887922477657,207.0,BO_O2,"O2 규칙 적용: 9.9% (9.0% < O2 ≤ 10.0%) (2단계 롤백, 3~4단계에서 Hz 변화 없음)",39.9150009,10.0484371,1035.90002,899.25,16.5874996,1.0,,13.6,0.0,16.57,57.9562492,,57.9562492,0.0,257.850006,0.0,,
2025-11-06 00:52:26+00:00,2025-11-06 00:52:26,,,,,,,,,,39.9075012,10.0484371,1035.44995,899.174988,16.6000004,1.0,,13.6,0.0,16.57,57.9375,,57.9375,0.0,257.774994,0.0,,
2025-11-06 00:52:27+00:00,2025-11-06 00:52:27,,,,,,,,,,39.9112511,10.1156254,1035.22498,899.174988,16.6000004,1.0,,13.6,0.0,16.57,57.8812485,,57.8812485,0.0,257.774994,0.0,,
2025-11-06 00:52:28+00:00,2025-11-06 00:52:28,,,,,,,,,,39.9187508,10.1156254,1034.84998,899.099976,16.6000004,1.0,,13.6,0.0,16.57,57.9375,,57.9375,0.0,257.774994,0.0,,
2025-11-06 00:52:29+00:00,2025-11-06 00:52:29,,,,,,,,,,39.9075012,10.1875,1034.55005,899.099976,16.6000004,1.0,,13.6,0.0,16.57,57.8812485,,57.8812485,0.0,257.774994,0.0,,
2025-11-06 00:52:30+00:00,2025-11-06 00:52:30,39.0,39.0,39.0,39.0,39.0,15.41819835902347,100.0,BO_ONLY,"BO 모델 결과만 사용 (1단계 롤백, 2~4단계에서 Hz 변화 없음)",39.9075012,10.2531252,1034.09998,899.025024,16.3500004,1.0,,13.6,0.0,16.57,57.9375,38.70680375729881,57.9375,0.0,257.774994,0.0,,
2025-11-06 00:52:31+00:00,2025-11-06 00:52:31,,,,,,,,,,39.9112511,10.2531252,1033.80005,899.025024,16.3500004,1.0,,13.6,0.0,16.57,57.9187508,,57.9187508,0.0,257.700012,0.0,,
2025-11-06 00:52:32+00:00,2025-11-06 00:52:32,,,,,,,,,,39.5999985,10.3156252,1033.34998,898.950012,16.3500004,1.0,,13.6,0.0,16.57,57.5812492,,57.5812492,0.0,257.774994,0.0,,
2025-11-06 00:52:33+00:00,2025-11-06 00:52:33,,,,,,,,,,38.7975006,10.3765621,1033.05005,898.875,16.3374996,1.0,,13.6,0.0,16.57,57.5062485,,57.5062485,0.0,257.850006,0.0,,
2025-11-06 00:52:34+00:00,2025-11-06 00:52:34,,,,,,,,,,38.8012505,10.3765621,1032.52502,898.875,16.3500004,1.0,,13.6,0.0,16.57,57.1500015,,57.1500015,0.0,257.774994,0.0,,
2025-11-06 00:52:35+00:00,2025-11-06 00:52:35,39.0,39.0,39.0,39.0,39.0,12.96791450952028,100.0,BO_ONLY,"BO 모델 결과만 사용 (1단계 롤백, 2~4단계에서 Hz 변화 없음)",38.7900009,10.4359379,1032.22498,898.799988,16.3500004,1.0,,13.6,0.0,16.57,56.7562485,,56.7562485,0.0,257.774994,0.0,,
2025-11-06 00:52:36+00:00,2025-11-06 00:52:36,,,,,,,,,,38.7900009,10.4359379,1031.69995,898.724976,16.3500004,1.0,,13.6,0.0,16.57,56.6624985,,56.6624985,0.0,257.774994,0.0,,
2025-11-06 00:52:37+00:00,2025-11-06 00:52:37,,,,,,,,,,38.8050003,10.4890623,1031.40002,898.724976,16.3500004,1.0,,13.6,0.0,16.43,55.7999992,,55.7999992,0.0,257.774994,0.0,,
2025-11-06 00:52:38+00:00,2025-11-06 00:52:38,,,,,,,,,,38.8312492,10.53125,1030.875,898.650024,16.3500004,1.0,,13.6,0.0,16.43,55.2937508,,55.2937508,0.0,257.774994,0.0,,
2025-11-06 00:52:39+00:00,2025-11-06 00:52:39,,,,,,,,,,38.7937508,10.53125,1030.5,898.650024,16.3500004,1.0,,13.6,0.0,16.43,54.46875,,54.46875,0.0,257.774994,0.0,,
2025-11-06 00:52:40+00:00,2025-11-06 00:52:40,39.0,39.0,39.0,39.0,39.0,13.014414468386915,100.0,BO_ONLY,"BO 모델 결과만 사용 (1단계 롤백, 2~4단계에서 Hz 변화 없음)",38.8087502,10.5703125,1030.05005,898.575012,16.3500004,1.0,,13.6,0.0,16.43,53.8312492,,53.8312492,0.0,257.774994,0.0,,
2025-11-06 00:52:41+00:00,2025-11-06 00:52:41,,,,,,,,,,38.8012505,10.6125002,1029.75,898.424988,16.3500004,1.0,,13.6,0.0,16.43,53.8312492,,53.8312492,0.0,257.850006,0.0,,
2025-11-06 00:52:42+00:00,2025-11-06 00:52:42,,,,,,,,,,38.8012505,10.6125002,1029.22498,898.424988,16.3500004,1.0,,13.6,0.0,16.4,53.8312492,,53.8312492,0.0,257.774994,0.0,,
2025-11-06 00:52:43+00:00,2025-11-06 00:52:43,,,,,,,,,,38.7937508,10.6453123,1028.84998,898.349976,16.3500004,1.0,,13.6,0.0,16.4,53.8125,,53.8125,0.0,257.774994,0.0,,
2025-11-06 00:52:44+00:00,2025-11-06 00:52:44,,,,,,,,,,38.7975006,10.6453123,1028.40002,898.349976,16.3500004,1.0,,13.6,0.0,16.4,53.8125,,53.8125,0.0,257.774994,0.0,,
2025-11-06 00:52:45+00:00,2025-11-06 00:52:45,39.0,39.0,39.0,39.0,39.0,13.106935318004965,100.0,BO_ONLY,"BO 모델 결과만 사용 (1단계 롤백, 2~4단계에서 Hz 변화 없음)",38.8012505,10.6750002,1028.09998,898.275024,15.9499998,1.0,,13.6,0.0,16.4,53.8312492,38.0,53.8312492,0.0,257.774994,0.0,,
2025-11-06 00:52:46+00:00,2025-11-06 00:52:46,,,,,,,,,,38.8012505,10.6984377,1027.57495,898.200012,15.9250002,1.0,,13.6,0.0,16.4,53.8312492,,53.8312492,0.0,257.774994,0.0,,
2025-11-06 00:52:47+00:00,2025-11-06 00:52:47,,,,,,,,,,38.7900009,10.6984377,1027.125,898.125,15.9250002,1.0,,13.6,0.0,16.4,53.8125,,53.8125,0.0,257.774994,0.0,,
2025-11-06 00:52:48+00:00,2025-11-06 00:52:48,,,,,,,,,,38.7862511,10.7265625,1026.82495,898.049988,15.9250002,1.0,,13.6,0.0,16.4,53.8125,,53.8125,0.0,257.774994,0.0,,
2025-11-06 00:52:49+00:00,2025-11-06 00:52:49,,,,,,,,,,38.8012505,10.7593746,1026.59998,897.974976,15.9250002,1.0,,13.6,0.0,16.4,53.8125,,53.8125,0.0,257.774994,0.0,,
2025-11-06 00:52:50+00:00,2025-11-06 00:52:50,39.0,39.0,39.0,39.0,39.0,12.580727867194975,100.0,BO_ONLY,"BO 모델 결과만 사용 (1단계 롤백, 2~4단계에서 Hz 변화 없음)",38.7900009,10.7593746,1026.15002,897.900024,16.1000004,1.0,,13.6,0.0,16.4,53.8312492,,53.8312492,0.0,257.850006,0.0,,
2025-11-06 00:52:51+00:00,2025-11-06 00:52:51,,,,,,,,,,38.7937508,10.7984371,1025.84998,897.900024,16.0874996,1.0,,13.6,0.0,16.4,53.8125,,53.8125,0.0,257.774994,0.0,,
2025-11-06 00:52:52+00:00,2025-11-06 00:52:52,,,,,,,,,,38.8012505,10.8374996,1025.47498,897.825012,16.1000004,1.0,,13.6,0.0,16.15,53.8125,,53.8125,0.0,257.774994,0.0,,
2025-11-06 00:52:53+00:00,2025-11-06 00:52:53,,,,,,,,,,38.8012505,10.8374996,1025.25,897.825012,16.0874996,1.0,,13.6,0.0,16.15,53.8312492,,53.8312492,0.0,256.350006,0.0,,
2025-11-06 00:52:54+00:00,2025-11-06 00:52:54,,,,,,,,,,38.7975006,10.8812504,1024.875,897.674988,16.0874996,1.0,,13.6,0.0,16.15,53.8125,,53.8125,0.0,256.350006,0.0,,
2025-11-06 00:52:55+00:00,2025-11-06 00:52:55,39.0,39.0,39.0,39.0,39.0,13.387489131434501,100.0,BO_ONLY,"BO 모델 결과만 사용 (1단계 롤백, 2~4단계에서 Hz 변화 없음)",38.8012505,10.8812504,1024.65002,897.599976,16.0125008,1.0,,13.6,0.0,16.15,53.53125,,53.53125,0.0,256.350006,0.0,,
2025-11-06 00:52:56+00:00,2025-11-06 00:52:56,,,,,,,,,,38.8237495,10.9125004,1024.34998,897.525024,16.0125008,1.0,,13.6,0.0,16.15,53.3812485,,53.3812485,0.0,256.274994,0.0,,
2025-11-06 00:52:57+00:00,2025-11-06 00:52:57,,,,,,,,,,38.7975006,10.9359379,1024.05005,897.450012,16.0125008,1.0,,13.6,0.0,16.15,53.3812485,,53.3812485,0.0,256.350006,0.0,,
2025-11-06 00:52:58+00:00,2025-11-06 00:52:58,,,,,,,,,,38.7975006,10.9359379,1023.75,897.375,16.0125008,1.0,,13.6,0.0,16.15,53.3812485,,53.3812485,0.0,256.350006,0.0,,
2025-11-06 00:52:59+00:00,2025-11-06 00:52:59,,,,,,,,,,38.8162498,10.9562502,1023.52502,897.375,16.0125008,1.0,,13.6,0.0,16.15,53.3812485,,53.3812485,0.0,256.350006,0.0,,
2025-11-06 00:53:00+00:00,2025-11-06 00:53:00,39.0,39.0,39.0,39.0,39.0,13.041193747963678,100.0,BO_ONLY,"BO 모델 결과만 사용 (1단계 롤백, 2~4단계에서 Hz 변화 없음)",38.7937508,10.9656248,1023.22498,897.224976,15.4250002,1.0,,13.6,0.0,16.15,53.8125,38.0,53.8125,0.0,256.274994,0.0,,
2025-11-06 00:53:01+00:00,2025-11-06 00:53:01,,,,,,,,,,38.8162498,10.9656248,1023.07501,897.224976,15.4125004,1.0,,13.6,0.0,16.15,53.4000015,,53.4000015,0.0,256.350006,0.0,,
2025-11-06 00:53:02+00:00,2025-11-06 00:53:02,,,,,,,,,,38.7975006,10.9546871,1022.84998,897.150024,15.4250002,1.0,,13.6,0.0,15.48,53.3812485,,53.3812485,0.0,256.350006,0.0,,
2025-11-06 00:53:03+00:00,2025-11-06 00:53:03,,,,,,,,,,38.7975006,10.9546871,1022.625,897.075012,15.4250002,1.0,,13.6,0.0,15.48,53.4749985,,53.4749985,0.0,256.350006,0.0,,
2025-11-06 00:53:04+00:00,2025-11-06 00:53:04,,,,,,,,,,38.7975006,10.9281254,1022.40002,897.0,15.4250002,1.0,,13.6,0.0,15.48,53.8125,,53.8125,0.0,257.850006,0.0,,
2025-11-06 00:53:05+00:00,2025-11-06 00:53:05,39.0,39.0,39.0,39.0,39.0,11.909805398572193,100.0,BO_ONLY,"BO 모델 결과만 사용 (1단계 롤백, 2~4단계에서 Hz 변화 없음)",38.8125,10.8874998,1022.17499,896.924988,15.4250002,1.0,,13.6,0.0,15.48,53.8125,,53.8125,0.0,257.850006,0.0,,
2025-11-06 00:53:06+00:00,2025-11-06 00:53:06,,,,,,,,,,38.7862511,10.8874998,1021.95001,896.849976,15.4250002,1.0,,13.6,0.0,15.48,53.8312492,,53.8312492,0.0,257.850006,0.0,,
2025-11-06 00:53:07+00:00,2025-11-06 00:53:07,,,,,,,,,,38.8012505,10.8468752,1021.79999,896.775024,15.4250002,1.0,,13.6,0.0,15.48,53.8125,,53.8125,0.0,257.850006,0.0,,
2025-11-06 00:53:08+00:00,2025-11-06 00:53:08,,,,,,,,,,38.7900009,10.7984371,1021.57501,896.700012,15.4250002,1.0,,13.6,0.0,15.48,53.8125,,53.8125,0.0,257.774994,0.0,,
2025-11-06 00:53:09+00:00,2025-11-06 00:53:09,,,,,,,,,,38.7937508,10.7984371,1021.42499,896.625,15.4250002,1.0,,13.6,0.0,15.48,53.8125,,53.8125,0.0,257.774994,0.0,,
2025-11-06 00:53:10+00:00,2025-11-06 00:53:10,39.0,39.0,39.0,39.0,39.0,11.548010011917354,100.0,BO_ONLY,"BO 모델 결과만 사용 (1단계 롤백, 2~4단계에서 Hz 변화 없음)",38.8050003,10.7453127,1021.20001,896.625,15.4250002,1.0,,13.6,0.0,15.48,53.8125,,53.8125,0.0,257.774994,0.0,,
2025-11-06 00:53:11+00:00,2025-11-06 00:53:11,,,,,,,,,,38.7900009,10.7453127,1021.04999,896.474976,15.4250002,1.0,,13.6,0.0,15.48,53.8125,,53.8125,0.0,257.774994,0.0,,
2025-11-06 00:53:12+00:00,2025-11-06 00:53:12,,,,,,,,,,38.7900009,10.6812496,1020.82501,896.474976,15.4250002,1.0,,13.6,0.0,15.53,53.8125,,53.8125,0.0,257.774994,0.0,,
2025-11-06 00:53:13+00:00,2025-11-06 00:53:13,,,,,,,,,,38.7975006,10.609375,1020.75,896.400024,15.4250002,1.0,,13.6,0.0,15.53,53.8312492,,53.8312492,0.0,257.850006,0.0,,
2025-11-06 00:53:14+00:00,2025-11-06 00:53:14,,,,,,,,,,38.7862511,10.609375,1020.52502,896.325012,15.4250002,1.0,,13.6,0.0,15.53,53.8312492,,53.8312492,0.0,257.774994,0.0,,
2025-11-06 00:53:15+00:00,2025-11-06 00:53:15,39.0,39.0,39.0,39.0,39.0,11.492543682475581,100.0,BO_ONLY,"BO 모델 결과만 사용 (1단계 롤백, 2~4단계에서 Hz 변화 없음)",38.8012505,10.5249996,1020.375,896.25,15.1750002,1.0,,13.6,0.0,15.53,53.8312492,38.0,53.8312492,0.0,257.774994,0.0,,
2025-11-06 00:53:16+00:00,2025-11-06 00:53:16,,,,,,,,,,38.7937508,10.4421873,1020.22498,896.174988,15.1750002,1.0,,13.6,0.0,15.53,53.8125,,53.8125,0.0,257.700012,0.0,,
2025-11-06 00:53:17+00:00,2025-11-06 00:53:17,,,,,,,,,,38.7975006,10.4421873,1020.07501,896.099976,15.1625004,1.0,,13.6,0.0,15.53,53.8125,,53.8125,0.0,258.225006,0.0,,
2025-11-06 00:53:18+00:00,2025-11-06 00:53:18,,,,,,,,,,38.7937508,10.3546877,1019.92499,896.025024,15.1625004,1.0,,13.6,0.0,15.53,53.8312492,,53.8312492,0.0,259.350006,0.0,,
2025-11-06 00:53:19+00:00,2025-11-06 00:53:19,,,,,,,,,,38.7862511,10.3546877,1019.84998,895.950012,15.1750002,1.0,,13.6,0.0,15.53,53.8312492,,53.8312492,0.0,259.350006,0.0,,
2025-11-06 00:53:20+00:00,2025-11-06 00:53:20,39.0,39.0,39.0,39.0,39.0,12.6340069770219,100.0,BO_ONLY,"BO 모델 결과만 사용 (1단계 롤백, 2~4단계에서 Hz 변화 없음)",38.7900009,10.2609377,1019.77502,895.875,14.2375002,1.0,,13.6,0.0,15.53,54.1500015,,54.1500015,0.0,259.274994,0.0,,
2025-11-06 00:53:21+00:00,2025-11-06 00:53:21,,,,,,,,,,38.7937508,10.1593752,1019.625,895.799988,14.2250004,1.0,,13.6,0.0,15.53,54.1687508,,54.1687508,0.0,257.774994,0.0,,
2025-11-06 00:53:22+00:00,2025-11-06 00:53:22,,,,,,,,,,38.7937508,10.1593752,1019.54999,895.724976,14.2375002,1.0,,13.6,0.0,14.35,53.8312492,,53.8312492,0.0,257.774994,0.0,,
2025-11-06 00:53:23+00:00,2025-11-06 00:53:23,,,,,,,,,,38.8050003,10.0593748,1019.47498,895.724976,14.2375002,1.0,,13.6,0.0,14.35,53.8125,,53.8125,0.0,257.774994,0.0,,
2025-11-06 00:53:24+00:00,2025-11-06 00:53:24,,,,,,,,,,38.8012505,9.96718788,1019.32501,895.650024,14.2250004,1.0,,13.6,0.0,14.35,53.8125,,53.8125,0.0,257.774994,0.0,,
2025-11-06 00:53:25+00:00,2025-11-06 00:53:25,38.0,39.0,39.0,38.0,38.0,9.02601658482304,304.0,BO_O2_RULE,"제어매트릭스 규칙 적용: NOX_LOW (3단계 롤백, 4단계에서 Hz 변화 없음)",38.8012505,9.96718788,1019.25,895.575012,14.2250004,1.0,,13.6,0.0,14.35,53.8125,,53.8125,0.0,257.774994,0.0,,
2025-11-06 00:53:26+00:00,2025-11-06 00:53:26,,,,,,,,,,38.7937508,9.8828125,1019.17499,895.5,14.2375002,1.0,,13.6,0.0,14.35,53.8125,,53.8125,0.0,257.850006,0.0,,
2025-11-06 00:53:27+00:00,2025-11-06 00:53:27,,,,,,,,,,38.7900009,9.8828125,1019.17499,895.424988,14.2250004,1.0,,13.6,0.0,14.35,53.8125,,53.8125,0.0,257.774994,0.0,,
2025-11-06 00:53:28+00:00,2025-11-06 00:53:28,,,,,,,,,,38.7900009,9.79531288,1019.17499,895.424988,14.2375002,1.0,,13.6,0.0,14.35,53.8125,,53.8125,0.0,257.700012,0.0,,
2025-11-06 00:53:29+00:00,2025-11-06 00:53:29,,,,,,,,,,38.7975006,9.7109375,1019.09998,895.349976,14.2375002,1.0,,13.6,0.0,14.35,53.8125,,53.8125,0.0,257.774994,0.0,,
2025-11-06 00:53:30+00:00,2025-11-06 00:53:30,38.0,39.0,39.0,38.0,38.0,9.524881375164663,304.0,BO_O2_RULE,"제어매트릭스 규칙 적용: NOX_LOW (3단계 롤백, 4단계에서 Hz 변화 없음)",38.7975006,9.7109375,1019.02502,895.275024,14.0625,1.0,,13.6,0.0,14.35,53.8312492,38.0,53.8312492,0.0,257.850006,0.0,,
2025-11-06 00:53:31+00:00,2025-11-06 00:53:31,,,,,,,,,,38.7937508,9.6171875,1019.02502,895.275024,14.0625,1.0,,13.6,0.0,14.35,53.8312492,,53.8312492,0.0,257.774994,0.0,,
2025-11-06 00:53:32+00:00,2025-11-06 00:53:32,,,,,,,,,,38.7937508,9.53125,1019.02502,895.200012,14.0625,1.0,,13.6,0.0,14.17,53.8125,,53.8125,0.0,257.774994,0.0,,
2025-11-06 00:53:33+00:00,2025-11-06 00:53:33,,,,,,,,,,38.8087502,9.53125,1019.09998,895.125,14.0625,1.0,,13.6,0.0,14.17,53.8125,,53.8125,0.0,257.774994,0.0,,
2025-11-06 00:53:34+00:00,2025-11-06 00:53:34,,,,,,,,,,38.7900009,9.44843769,1019.17499,895.049988,14.0625,1.0,,13.6,0.0,14.17,53.8312492,,53.8312492,0.0,257.774994,0.0,,
2025-11-06 00:53:35+00:00,2025-11-06 00:53:35,38.0,39.0,39.0,38.0,38.0,8.944311032909074,304.0,BO_O2_RULE,"제어매트릭스 규칙 적용: NOX_LOW (3단계 롤백, 4단계에서 Hz 변화 없음)",38.7900009,9.44843769,1019.25,894.974976,14.3125,1.0,,13.6,0.0,14.17,53.8125,,53.8125,0.0,257.774994,0.0,,
2025-11-06 00:53:36+00:00,2025-11-06 00:53:36,,,,,,,,,,38.7937508,9.36874962,1019.32501,894.974976,14.3125,1.0,,13.6,0.0,14.17,53.8125,,53.8125,0.0,257.774994,0.0,,
2025-11-06 00:53:37+00:00,2025-11-06 00:53:37,,,,,,,,,,38.7900009,9.28125,1019.40002,894.900024,14.3125,1.0,,13.6,0.0,14.17,53.8125,,53.8125,0.0,257.774994,0.0,,
2025-11-06 00:53:38+00:00,2025-11-06 00:53:38,,,,,,,,,,38.7975006,9.28125,1019.625,894.825012,14.3125,1.0,,13.6,0.0,14.17,53.8312492,,53.8312492,0.0,257.774994,0.0,,
2025-11-06 00:53:39+00:00,2025-11-06 00:53:39,,,,,,,,,,38.7975006,9.19999981,1019.77502,894.75,14.3125,1.0,,13.6,0.0,14.17,53.8125,,53.8125,0.0,257.774994,0.0,,
2025-11-06 00:53:40+00:00,2025-11-06 00:53:40,39.0,38.0,39.0,39.0,39.0,14.268449549967693,207.0,BO_O2,"O2 규칙 적용: 9.3% (9.0% < O2 ≤ 10.0%) (2단계 롤백, 3~4단계에서 Hz 변화 없음)",38.8012505,9.12343788,1020.0,894.75,14.2375002,1.0,,13.6,0.0,14.17,53.8125,,53.8125,0.0,257.774994,0.0,,
2025-11-06 00:53:41+00:00,2025-11-06 00:53:41,,,,,,,,,,38.8012505,9.12343788,1020.15002,894.674988,14.2250004,1.0,,13.6,0.0,14.17,53.8125,,53.8125,0.0,257.774994,0.0,,
2025-11-06 00:53:42+00:00,2025-11-06 00:53:42,,,,,,,,,,38.9850006,9.0546875,1020.45001,894.599976,14.2375002,1.0,,13.6,0.0,14.35,53.8312492,,53.8312492,0.0,257.774994,0.0,,
2025-11-06 00:53:43+00:00,2025-11-06 00:53:43,,,,,,,,,,39.9000015,9.0546875,1020.67499,894.525024,14.2250004,1.0,,13.6,0.0,14.35,53.8125,,53.8125,0.0,257.774994,0.0,,
2025-11-06 00:53:44+00:00,2025-11-06 00:53:44,,,,,,,,,,39.9037514,8.99374962,1020.82501,894.525024,14.2250004,1.0,,13.6,0.0,14.35,53.8125,,53.8125,0.0,257.774994,0.0,,
2025-11-06 00:53:45+00:00,2025-11-06 00:53:45,39.0,39.0,39.0,39.0,39.0,14.600098516178491,100.0,BO_ONLY,"BO 모델 결과만 사용 (1단계 롤백, 2~4단계에서 Hz 변화 없음)",39.9112511,8.93281269,1021.04999,894.525024,14.2375002,1.0,,13.6,0.0,14.35,53.8125,38.0,53.8125,0.0,257.774994,0.0,,
2025-11-06 00:53:46+00:00,2025-11-06 00:53:46,,,,,,,,,,39.9112511,8.93281269,1021.34998,894.375,14.2250004,1.0,,13.6,0.0,14.35,53.8687515,,53.8687515,0.0,256.350006,0.0,,
2025-11-06 00:53:47+00:00,2025-11-06 00:53:47,,,,,,,,,,39.9037514,8.86562538,1021.57501,894.299988,14.2250004,1.0,,13.6,0.0,14.35,55.125,,55.125,0.0,256.350006,0.0,,
2025-11-06 00:53:48+00:00,2025-11-06 00:53:48,,,,,,,,,,39.9112511,8.796875,1021.875,894.299988,14.2250004,1.0,,13.6,0.0,14.35,55.6500015,,55.6500015,0.0,256.350006,0.0,,
2025-11-06 00:53:49+00:00,2025-11-06 00:53:49,,,,,,,,,,39.9150009,8.796875,1022.25,894.224976,14.2250004,1.0,,13.6,0.0,14.35,56.5875015,,56.5875015,0.0,256.350006,0.0,,
2025-11-06 00:53:50+00:00,2025-11-06 00:53:50,40.0,39.0,40.0,40.0,40.0,14.78433696585654,206.0,BO_O2,"O2 규칙 적용: 8.9% (8.0% < O2 ≤ 9.0%) (2단계 롤백, 3~4단계에서 Hz 변화 없음)",39.9037514,8.7265625,1022.54999,894.224976,13.9750004,1.0,,13.6,0.0,14.35,56.7562485,,56.7562485,0.0,256.350006,0.0,,
2025-11-06 00:53:51+00:00,2025-11-06 00:53:51,,,,,,,,,,39.9112511,8.7265625,1022.92499,894.150024,13.9750004,1.0,,13.6,0.0,14.35,56.7562485,,56.7562485,0.0,256.350006,0.0,,
2025-11-06 00:53:52+00:00,2025-11-06 00:53:52,,,,,,,,,,40.1437492,8.6484375,1023.22498,894.075012,13.9750004,1.0,,13.6,0.0,14.06,56.7562485,,56.7562485,0.0,256.350006,0.0,,
2025-11-06 00:53:53+00:00,2025-11-06 00:53:53,,,,,,,,,,40.9724998,8.55624962,1023.59998,894.075012,13.9750004,1.0,,13.6,0.0,14.06,57.1124992,,57.1124992,0.0,256.274994,0.0,,
2025-11-06 00:53:54+00:00,2025-11-06 00:53:54,,,,,,,,,,40.9949989,8.55624962,1023.90002,894.0,13.9750004,1.0,,13.6,0.0,14.06,57.1312485,,57.1312485,0.0,256.350006,0.0,,
2025-11-06 00:53:55+00:00,2025-11-06 00:53:55,38.0,40.0,40.0,38.0,38.0,11.787842809085928,304.0,BO_O2_RULE,"제어매트릭스 규칙 적용: NOX_LOW (3단계 롤백, 4단계에서 Hz 변화 없음)",40.9949989,8.46249962,1024.27502,894.0,13.8874998,1.0,,13.6,0.0,14.06,57.1312485,,57.1312485,0.0,256.274994,0.0,,
2025-11-06 00:53:56+00:00,2025-11-06 00:53:56,,,,,,,,,,40.9949989,8.375,1024.5,893.924988,13.8874998,1.0,,13.6,0.0,14.06,58.2374992,,58.2374992,0.0,257.774994,0.0,,
2025-11-06 00:53:57+00:00,2025-11-06 00:53:57,,,,,,,,,,39.9075012,8.375,1024.875,893.849976,13.8874998,1.0,,13.6,0.0,14.06,59.0062485,,59.0062485,0.0,257.774994,0.0,,
2025-11-06 00:53:58+00:00,2025-11-06 00:53:58,,,,,,,,,,38.8537483,8.31093788,1025.17505,893.775024,13.8874998,1.0,,13.6,0.0,14.06,59.7562485,,59.7562485,0.0,257.774994,0.0,,
2025-11-06 00:53:59+00:00,2025-11-06 00:53:59,,,,,,,,,,38.7975006,8.31093788,1025.47498,893.775024,13.8874998,1.0,,13.6,0.0,14.06,60.2999992,,60.2999992,0.0,257.850006,0.0,,
2025-11-06 00:54:00+00:00,2025-11-06 00:54:00,38.0,44.0,44.0,38.0,38.0,11.417110996989512,304.0,BO_O2_RULE,"제어매트릭스 규칙 적용: NOX_LOW (3단계 롤백, 4단계에서 Hz 변화 없음)",38.7937508,8.25625038,1025.84998,893.775024,13.6374998,1.0,,13.6,0.0,14.06,60.2625008,38.0,60.2625008,0.0,257.774994,0.0,,
2025-11-06 00:54:01+00:00,2025-11-06 00:54:01,,,,,,,,,,38.8050003,8.19999981,1026.15002,893.700012,13.6374998,1.0,,13.6,0.0,14.06,59.25,,59.25,0.0,257.774994,0.0,,
2025-11-06 00:54:02+00:00,2025-11-06 00:54:02,,,,,,,,,,38.8012505,8.19999981,1026.59998,893.700012,13.6374998,1.0,,13.6,0.0,13.76,58.2000008,,58.2000008,0.0,257.850006,0.0,,
2025-11-06 00:54:03+00:00,2025-11-06 00:54:03,,,,,,,,,,38.7937508,8.13437462,1026.90002,893.700012,13.6374998,1.0,,13.6,0.0,13.76,56.7750015,,56.7750015,0.0,257.774994,0.0,,
2025-11-06 00:54:04+00:00,2025-11-06 00:54:04,,,,,,,,,,38.7900009,8.06718731,1027.34998,893.625,13.6374998,1.0,,13.6,0.0,13.76,55.6875,,55.6875,0.0,257.850006,0.0,,
2025-11-06 00:54:05+00:00,2025-11-06 00:54:05,38.0,45.0,44.0,38.0,38.0,11.430274544022955,304.0,BO_O2_RULE,"제어매트릭스 규칙 적용: NOX_LOW (3단계 롤백, 4단계에서 Hz 변화 없음)",38.7900009,8.06718731,1027.80005,893.549988,13.8874998,1.0,,13.6,0.0,13.76,55.2750015,,55.2750015,0.0,257.774994,0.0,,
2025-11-06 00:54:06+00:00,2025-11-06 00:54:06,,,,,,,,,,38.7937508,8.01093769,1028.02502,893.549988,13.8874998,1.0,,13.6,0.0,13.76,54.6187515,,54.6187515,0.0,257.774994,0.0,,
2025-11-06 00:54:07+00:00,2025-11-06 00:54:07,,,,,,,,,,38.7975006,8.01093769,1028.47498,893.549988,13.8874998,1.0,,13.6,0.0,13.76,54.28125,,54.28125,0.0,257.774994,0.0,,
2025-11-06 00:54:08+00:00,2025-11-06 00:54:08,,,,,,,,,,38.7937508,7.9625001,1028.69995,893.549988,13.8874998,1.0,,13.6,0.0,13.76,54.1875,,54.1875,0.0,257.774994,0.0,,
2025-11-06 00:54:09+00:00,2025-11-06 00:54:09,,,,,,,,,,38.7900009,7.91718769,1028.92505,893.474976,13.8874998,1.0,,13.6,0.0,13.76,54.1687508,,54.1687508,0.0,257.774994,0.0,,
2025-11-06 00:54:10+00:00,2025-11-06 00:54:10,43.79500073333333,46.0,46.0,46.0,46.0,13.643137437323864,100.0,BO_ONLY,"BO 모델 결과만 사용 (1단계 롤백, 2~4단계에서 Hz 변화 없음)",38.7975006,7.91718769,1029.375,893.474976,13.7250004,1.0,,13.6,0.0,13.76,53.8875008,,53.8875008,0.0,257.850006,0.0,,
2025-11-06 00:54:11+00:00,2025-11-06 00:54:11,,,,,,,,,,38.7937508,7.87968731,1029.82495,893.400024,13.7250004,1.0,,13.6,0.0,13.76,53.8312492,,53.8312492,0.0,257.774994,0.0,,
2025-11-06 00:54:12+00:00,2025-11-06 00:54:12,,,,,,,,,,38.8424988,7.85624981,1030.125,893.400024,13.7250004,1.0,,13.6,0.0,13.8,53.8312492,,53.8312492,0.0,257.850006,0.0,,
2025-11-06 00:54:13+00:00,2025-11-06 00:54:13,,,,,,,,,,44.5987511,7.85624981,1030.42505,893.400024,13.7250004,1.0,,13.6,0.0,13.8,53.8125,,53.8125,0.0,257.774994,0.0,,
2025-11-06 00:54:14+00:00,2025-11-06 00:54:14,,,,,,,,,,45.1199989,7.8375001,1030.94995,893.325012,13.7250004,1.0,,13.6,0.0,13.8,53.8125,,53.8125,0.0,257.774994,0.0,,
2025-11-06 00:54:15+00:00,2025-11-06 00:54:15,45.745000233333336,46.0,46.0,46.0,46.0,13.794642807535551,100.0,BO_ONLY,"BO 모델 결과만 사용 (1단계 롤백, 2~4단계에서 Hz 변화 없음)",45.1312485,7.8375001,1031.32495,893.325012,13.1374998,1.0,,13.6,0.0,13.8,55.1062508,38.0,55.1062508,0.0,257.774994,0.0,,
2025-11-06 00:54:16+00:00,2025-11-06 00:54:16,,,,,,,,,,45.1312485,7.828125,1031.92505,893.325012,13.125,1.0,,13.6,0.0,13.8,58.1062508,,58.1062508,0.0,256.5,0.0,,
2025-11-06 00:54:17+00:00,2025-11-06 00:54:17,,,,,,,,,,45.1349983,7.828125,1032.30005,893.25,13.1374998,1.0,,13.6,0.0,13.8,62.3062515,,62.3062515,0.0,254.850006,0.0,,
2025-11-06 00:54:18+00:00,2025-11-06 00:54:18,,,,,,,,,,45.75,7.828125,1032.97498,893.325012,13.1374998,1.0,,13.6,0.0,13.8,66.5625,,66.5625,0.0,253.425003,0.0,,
2025-11-06 00:54:19+00:00,2025-11-06 00:54:19,,,,,,,,,,47.2050018,7.8203125,1033.34998,893.325012,13.125,1.0,,13.6,0.0,13.8,69.9562531,,69.9562531,0.0,253.425003,0.0,,
2025-11-06 00:54:20+00:00,2025-11-06 00:54:20,40.338748933333335,46.0,46.0,38.0,38.0,11.908805968876326,304.0,BO_O2_RULE,"제어매트릭스 규칙 적용: NOX_LOW (3단계 롤백, 4단계에서 Hz 변화 없음)",47.2125015,7.8125,1033.94995,893.325012,12.7124996,1.0,,13.6,0.0,13.8,72.0374985,,72.0374985,0.0,252.0,0.0,,
2025-11-06 00:54:21+00:00,2025-11-06 00:54:21,,,,,,,,,,47.2125015,7.8125,1034.40002,893.25,12.7124996,1.0,,13.6,0.0,13.8,74.4937515,,74.4937515,0.0,251.925003,0.0,,
2025-11-06 00:54:22+00:00,2025-11-06 00:54:22,,,,,,,,,,46.9537506,7.80937481,1034.92505,893.25,12.7124996,1.0,,13.6,0.0,12.84,76.4250031,,76.4250031,0.0,251.925003,0.0,,
2025-11-06 00:54:23+00:00,2025-11-06 00:54:23,,,,,,,,,,42.09375,7.80937481,1035.30005,893.25,12.7124996,1.0,,13.6,0.0,12.84,78.375,,78.375,0.0,252.0,0.0,,
2025-11-06 00:54:24+00:00,2025-11-06 00:54:24,,,,,,,,,,42.0412483,7.80937481,1035.90002,893.25,12.7124996,1.0,,13.6,0.0,12.84,79.1624985,,79.1624985,0.0,252.0,0.0,,
2025-11-06 00:54:25+00:00,2025-11-06 00:54:25,39.575312600000004,46.0,46.0,38.0,38.0,10.173475856420135,304.0,BO_O2_RULE,"제어매트릭스 규칙 적용: NOX_LOW (3단계 롤백, 4단계에서 Hz 변화 없음)",42.0262489,7.80156231,1036.57495,893.25,12.1374998,1.0,,13.6,0.0,12.84,79.5374985,,79.5374985,0.0,251.925003,0.0,,
2025-11-06 00:54:26+00:00,2025-11-06 00:54:26,,,,,,,,,,42.0074997,7.80156231,1036.94995,893.174988,12.125,1.0,,13.6,0.0,12.84,77.9812469,,77.9812469,0.0,251.925003,0.0,,
2025-11-06 00:54:27+00:00,2025-11-06 00:54:27,,,,,,,,,,41.9700012,7.796875,1037.32495,893.174988,12.125,1.0,,13.6,0.0,12.84,73.96875,,73.96875,0.0,252.0,0.0,,
2025-11-06 00:54:28+00:00,2025-11-06 00:54:28,,,,,,,,,,41.0512505,7.80156231,1038.0,893.174988,12.125,1.0,,13.6,0.0,12.84,70.4437485,,70.4437485,0.0,252.0,0.0,,
2025-11-06 00:54:29+00:00,2025-11-06 00:54:29,,,,,,,,,,40.9837494,7.80156231,1038.375,893.174988,12.125,1.0,,13.6,0.0,12.84,68.0437469,,68.0437469,0.0,251.925003,0.0,,
2025-11-06 00:54:30+00:00,2025-11-06 00:54:30,38.0,46.0,46.0,38.0,38.0,10.09803282690042,304.0,BO_O2_RULE,"제어매트릭스 규칙 적용: NOX_LOW (3단계 롤백, 4단계에서 Hz 변화 없음)",40.9575005,7.8062501,1038.97498,893.174988,11.6125002,1.0,,13.6,0.0,12.84,66.1687469,38.0,66.1687469,0.0,251.925003,0.0,,
2025-11-06 00:54:31+00:00,2025-11-06 00:54:31,,,,,,,,,,40.9949989,7.8062501,1039.34998,893.174988,11.625,1.0,,13.6,0.0,12.84,64.6125031,,64.6125031,0.0,251.925003,0.0,,
2025-11-06 00:54:32+00:00,2025-11-06 00:54:32,,,,,,,,,,40.9724998,7.80937481,1039.875,893.174988,11.625,1.0,,13.6,0.0,11.69,63.5625,,63.5625,0.0,252.0,0.0,,
2025-11-06 00:54:33+00:00,2025-11-06 00:54:33,,,,,,,,,,40.9650002,7.8125,1040.47498,893.174988,11.625,1.0,,13.6,0.0,11.69,62.53125,,62.53125,0.0,253.350006,0.0,,
2025-11-06 00:54:34+00:00,2025-11-06 00:54:34,,,,,,,,,,39.1875,7.8125,1040.92505,893.174988,11.625,1.0,,13.6,0.0,11.69,61.7062492,,61.7062492,0.0,253.350006,0.0,,
2025-11-06 00:54:35+00:00,2025-11-06 00:54:35,38.0,46.0,46.0,38.0,38.0,9.837752417123124,304.0,BO_O2_RULE,"제어매트릭스 규칙 적용: NOX_LOW (3단계 롤백, 4단계에서 Hz 변화 없음)",38.8237495,7.80937481,1041.52502,893.174988,11.625,1.0,,13.6,0.0,11.69,61.2562485,,61.2562485,0.0,253.425003,0.0,,
2025-11-06 00:54:36+00:00,2025-11-06 00:54:36,,,,,,,,,,38.7975006,7.79218769,1041.90002,893.174988,11.625,1.0,,13.6,0.0,11.69,60.9749985,,60.9749985,0.0,253.425003,0.0,,
2025-11-06 00:54:37+00:00,2025-11-06 00:54:37,,,,,,,,,,38.8050003,7.79218769,1042.5,893.099976,11.625,1.0,,13.6,0.0,11.69,60.1312485,,60.1312485,0.0,253.425003,0.0,,
2025-11-06 00:54:38+00:00,2025-11-06 00:54:38,,,,,,,,,,38.7975006,7.7718749,1042.94995,893.099976,11.625,1.0,,13.6,0.0,11.69,58.8562508,,58.8562508,0.0,254.774994,0.0,,
2025-11-06 00:54:39+00:00,2025-11-06 00:54:39,,,,,,,,,,38.7900009,7.7718749,1043.32495,893.099976,11.6125002,1.0,,13.6,0.0,11.69,56.8875008,,56.8875008,0.0,254.850006,0.0,,
2025-11-06 00:54:40+00:00,2025-11-06 00:54:40,38.0,46.0,46.0,38.0,38.0,9.959982978874436,304.0,BO_O2_RULE,"제어매트릭스 규칙 적용: NOX_LOW (3단계 롤백, 4단계에서 Hz 변화 없음)",38.7900009,7.76093769,1043.84998,893.099976,11.1125002,1.0,,13.6,0.0,11.69,55.4625015,,55.4625015,0.0,254.925003,0.0,,
2025-11-06 00:54:41+00:00,2025-11-06 00:54:41,,,,,,,,,,38.8012505,7.76093769,1044.30005,893.099976,11.1125002,1.0,,13.6,0.0,11.69,54.8812485,,54.8812485,0.0,255.074997,0.0,,
2025-11-06 00:54:42+00:00,2025-11-06 00:54:42,,,,,,,,,,38.7937508,7.76093769,1044.82495,893.099976,11.1125002,1.0,,13.6,0.0,11.69,54.0187492,,54.0187492,0.0,256.274994,0.0,,
2025-11-06 00:54:43+00:00,2025-11-06 00:54:43,,,,,,,,,,38.7975006,7.7640624,1045.19995,893.099976,11.1125002,1.0,,13.6,0.0,11.69,53.8312492,,53.8312492,0.0,256.274994,0.0,,
2025-11-06 00:54:44+00:00,2025-11-06 00:54:44,,,,,,,,,,38.7975006,7.765625,1045.65002,893.099976,11.1125002,1.0,,13.6,0.0,11.69,53.8312492,,53.8312492,0.0,256.350006,0.0,,
2025-11-06 00:54:45+00:00,2025-11-06 00:54:45,38.0,46.0,46.0,38.0,38.0,9.930431271433529,304.0,BO_O2_RULE,"제어매트릭스 규칙 적용: NOX_LOW (3단계 롤백, 4단계에서 Hz 변화 없음)",38.8162498,7.765625,1046.02502,893.099976,10.6999998,1.0,,13.6,0.0,11.69,53.8312492,38.0,53.8312492,0.0,256.274994,0.0,,
2025-11-06 00:54:46+00:00,2025-11-06 00:54:46,,,,,,,,,,38.8012505,7.76875019,1046.55005,893.099976,10.6875,1.0,,13.6,0.0,11.69,53.8125,,53.8125,0.0,256.274994,0.0,,
2025-11-06 00:54:47+00:00,2025-11-06 00:54:47,,,,,,,,,,38.7937508,7.76875019,1047.15002,893.099976,10.6875,1.0,,13.6,0.0,11.17,53.8312492,,53.8312492,0.0,256.350006,0.0,,
2025-11-06 00:54:48+00:00,2025-11-06 00:54:48,,,,,,,,,,38.7862511,7.77812481,1047.52502,893.099976,10.6875,1.0,,13.6,0.0,11.17,53.8312492,,53.8312492,0.0,256.274994,0.0,,
2025-11-06 00:54:49+00:00,2025-11-06 00:54:49,,,,,,,,,,38.7900009,7.79218769,1047.90002,893.099976,10.6875,1.0,,13.6,0.0,11.17,53.8312492,,53.8312492,0.0,256.350006,0.0,,
2025-11-06 00:54:50+00:00,2025-11-06 00:54:50,38.0,46.0,46.0,38.0,38.0,9.540988427581873,304.0,BO_O2_RULE,"제어매트릭스 규칙 적용: NOX_LOW (3단계 롤백, 4단계에서 Hz 변화 없음)",38.7937508,7.79218769,1048.5,893.099976,10.4375,1.0,,13.6,0.0,11.17,53.8125,,53.8125,0.0,256.575012,0.0,,
2025-11-06 00:54:51+00:00,2025-11-06 00:54:51,,,,,,,,,,38.7862511,7.8031249,1049.09998,893.099976,10.4375,1.0,,13.6,0.0,11.17,53.8312492,,53.8312492,0.0,257.850006,0.0,,
2025-11-06 00:54:52+00:00,2025-11-06 00:54:52,,,,,,,,,,38.8050003,7.80781269,1049.47498,893.099976,10.4375,1.0,,13.6,0.0,10.5,53.8312492,,53.8312492,0.0,257.850006,0.0,,
2025-11-06 00:54:53+00:00,2025-11-06 00:54:53,,,,,,,,,,38.7937508,7.80781269,1049.77502,893.099976,10.4375,1.0,,13.6,0.0,10.5,53.8312492,,53.8312492,0.0,257.774994,0.0,,
2025-11-06 00:54:54+00:00,2025-11-06 00:54:54,,,,,,,,,,38.7862511,7.8203125,1050.30005,893.099976,10.4375,1.0,,13.6,0.0,10.5,53.8125,,53.8125,0.0,257.774994,0.0,,
2025-11-06 00:54:55+00:00,2025-11-06 00:54:55,38.0,46.0,46.0,38.0,38.0,9.486019940212216,304.0,BO_O2_RULE,"제어매트릭스 규칙 적용: NOX_LOW (3단계 롤백, 4단계에서 Hz 변화 없음)",38.7937508,7.8203125,1050.59998,893.099976,9.9375,1.0,,13.6,0.0,10.5,53.8312492,,53.8312492,0.0,257.774994,0.0,,
2025-11-06 00:54:56+00:00,2025-11-06 00:54:56,,,,,,,,,,38.8012505,7.83906269,1051.05005,893.099976,9.92500019,1.0,,13.6,0.0,10.5,53.8312492,,53.8312492,0.0,257.774994,0.0,,
2025-11-06 00:54:57+00:00,2025-11-06 00:54:57,,,,,,,,,,38.7900009,7.8687501,1051.42505,893.099976,9.92500019,1.0,,13.6,0.0,10.5,53.8312492,,53.8312492,0.0,257.850006,0.0,,
2025-11-06 00:54:58+00:00,2025-11-06 00:54:58,,,,,,,,,,38.8050003,7.8687501,1051.875,893.099976,9.92500019,1.0,,13.6,0.0,10.5,53.8125,,53.8125,0.0,257.774994,0.0,,
2025-11-06 00:54:59+00:00,2025-11-06 00:54:59,,,,,,,,,,38.7937508,7.9046874,1052.17505,893.099976,9.92500019,1.0,,13.6,0.0,10.5,53.8125,,53.8125,0.0,257.774994,0.0,,
2025-11-06 00:55:00+00:00,2025-11-06 00:55:00,38.0,45.0,45.0,38.0,38.0,9.619655185494075,304.0,BO_O2_RULE,"제어매트릭스 규칙 적용: NOX_LOW (3단계 롤백, 4단계에서 Hz 변화 없음)",38.7937508,7.9375,1052.625,893.099976,9.60000038,1.0,,13.6,0.0,10.5,53.8312492,38.0,53.8312492,0.0,257.774994,0.0,,
2025-11-06 00:55:01+00:00,2025-11-06 00:55:01,,,,,,,,,,38.8050003,7.9375,1052.84998,893.099976,9.60000038,1.0,,13.6,0.0,10.5,53.8312492,,53.8312492,0.0,257.850006,0.0,,
2025-11-06 00:55:02+00:00,2025-11-06 00:55:02,,,,,,,,,,38.8012505,7.96562481,1053.22498,893.099976,9.60000038,1.0,,13.6,0.0,9.66,53.8125,,53.8125,0.0,257.774994,0.0,,
2025-11-06 00:55:03+00:00,2025-11-06 00:55:03,,,,,,,,,,38.7975006,7.96562481,1053.59998,893.099976,9.58749962,1.0,,13.6,0.0,9.66,53.8125,,53.8125,0.0,257.774994,0.0,,
2025-11-06 00:55:04+00:00,2025-11-06 00:55:04,,,,,,,,,,38.7900009,7.99687481,1053.97498,893.174988,9.60000038,1.0,,13.6,0.0,9.66,53.8312492,,53.8312492,0.0,257.850006,0.0,,
2025-11-06 00:55:05+00:00,2025-11-06 00:55:05,38.0,45.0,45.0,38.0,38.0,9.36064256386163,304.0,BO_O2_RULE,"제어매트릭스 규칙 적용: NOX_LOW (3단계 롤백, 4단계에서 Hz 변화 없음)",38.7975006,8.03125,1054.5,893.099976,9.58749962,1.0,,13.6,0.0,9.66,53.8125,,53.8125,0.0,257.774994,0.0,,
2025-11-06 00:55:06+00:00,2025-11-06 00:55:06,,,,,,,,,,38.7937508,8.03125,1054.875,893.099976,9.58749962,1.0,,13.6,0.0,9.66,53.8125,,53.8125,0.0,257.774994,0.0,,
2025-11-06 00:55:07+00:00,2025-11-06 00:55:07,,,,,,,,,,38.7825012,8.07656288,1055.17505,893.099976,9.60000038,1.0,,13.6,0.0,9.66,53.8125,,53.8125,0.0,257.774994,0.0,,
2025-11-06 00:55:08+00:00,2025-11-06 00:55:08,,,,,,,,,,38.8012505,8.12812519,1055.77502,893.099976,9.60000038,1.0,,13.6,0.0,9.66,53.8312492,,53.8312492,0.0,257.850006,0.0,,
2025-11-06 00:55:09+00:00,2025-11-06 00:55:09,,,,,,,,,,38.8087502,8.12812519,1056.07495,893.099976,9.58749962,1.0,,13.6,0.0,9.66,53.8312492,,53.8312492,0.0,257.774994,0.0,,
2025-11-06 00:55:10+00:00,2025-11-06 00:55:10,38.0,43.0,43.0,38.0,38.0,9.49274965465326,304.0,BO_O2_RULE,"제어매트릭스 규칙 적용: NOX_LOW (3단계 롤백, 4단계에서 Hz 변화 없음)",38.7975006,8.18124962,1056.67505,893.099976,9.01249981,1.0,,13.6,0.0,9.66,53.8125,,53.8125,0.0,257.774994,0.0,,
2025-11-06 00:55:11+00:00,2025-11-06 00:55:11,,,,,,,,,,38.7937508,8.18124962,1057.125,893.174988,9.01249981,1.0,,13.6,0.0,9.66,53.8125,,53.8125,0.0,256.350006,0.0,,
2025-11-06 00:55:12+00:00,2025-11-06 00:55:12,,,,,,,,,,38.8162498,8.23750019,1057.72498,893.099976,9.0,1.0,,13.6,0.0,9.09,53.8312492,,53.8312492,0.0,256.350006,0.0,,
2025-11-06 00:55:13+00:00,2025-11-06 00:55:13,,,,,,,,,,38.8199997,8.28750038,1058.40002,893.174988,9.0,1.0,,13.6,0.0,9.09,53.8312492,,53.8312492,0.0,257.774994,0.0,,
2025-11-06 00:55:14+00:00,2025-11-06 00:55:14,,,,,,,,,,38.7937508,8.28750038,1058.77502,893.099976,9.01249981,1.0,,13.6,0.0,9.09,53.8125,,53.8125,0.0,256.274994,0.0,,
2025-11-06 00:55:15+00:00,2025-11-06 00:55:15,38.0,43.0,43.0,38.0,38.0,9.862493706934858,304.0,BO_O2_RULE,"제어매트릭스 규칙 적용: NOX_LOW (3단계 롤백, 4단계에서 Hz 변화 없음)",38.7862511,8.33125019,1059.44995,893.174988,9.0,1.0,,13.6,0.0,9.09,53.8125,38.70680375729881,53.8125,0.0,256.350006,0.0,,
2025-11-06 00:55:16+00:00,2025-11-06 00:55:16,,,,,,,,,,38.7900009,8.359375,1059.82495,893.099976,9.0,1.0,,13.6,0.0,9.09,53.8125,,53.8125,0.0,256.350006,0.0,,
2025-11-06 00:55:17+00:00,2025-11-06 00:55:17,,,,,,,,,,38.8012505,8.359375,1060.42505,893.174988,9.01249981,1.0,,13.6,0.0,9.09,53.8125,,53.8125,0.0,256.274994,0.0,,
2025-11-06 00:55:18+00:00,2025-11-06 00:55:18,,,,,,,,,,38.7900009,8.37812519,1060.875,893.174988,9.0,1.0,,13.6,0.0,9.09,53.8125,,53.8125,0.0,256.274994,0.0,,
2025-11-06 00:55:19+00:00,2025-11-06 00:55:19,,,,,,,,,,38.8050003,8.37812519,1061.40002,893.174988,9.0,1.0,,13.6,0.0,9.09,53.8312492,,53.8312492,0.0,256.274994,0.0,,
2025-11-06 00:55:20+00:00,2025-11-06 00:55:20,38.0,43.0,43.0,38.0,38.0,10.031789433535394,304.0,BO_O2_RULE,"제어매트릭스 규칙 적용: NOX_LOW (3단계 롤백, 4단계에서 Hz 변화 없음)",38.7975006,8.390625,1061.77502,893.174988,9.0,1.0,,13.6,0.0,9.09,53.8312492,,53.8312492,0.0,256.274994,0.0,,
2025-11-06 00:55:21+00:00,2025-11-06 00:55:21,,,,,,,,,,38.7937508,8.39218712,1062.375,893.174988,9.01249981,1.0,,13.6,0.0,9.09,53.8125,,53.8125,0.0,256.350006,0.0,,
2025-11-06 00:55:22+00:00,2025-11-06 00:55:22,,,,,,,,,,38.7975006,8.39218712,1062.75,893.174988,9.0,1.0,,13.6,0.0,9.11,53.8125,,53.8125,0.0,256.274994,0.0,,
2025-11-06 00:55:23+00:00,2025-11-06 00:55:23,,,,,,,,,,38.7937508,8.38593769,1063.34998,893.174988,9.01249981,1.0,,13.6,0.0,9.11,53.8125,,53.8125,0.0,256.350006,0.0,,
2025-11-06 00:55:24+00:00,2025-11-06 00:55:24,,,,,,,,,,38.7975006,8.38906288,1063.72498,893.174988,9.01249981,1.0,,13.6,0.0,9.11,53.8125,,53.8125,0.0,256.350006,0.0,,
2025-11-06 00:55:25+00:00,2025-11-06 00:55:25,38.0,43.0,43.0,38.0,38.0,10.325293572221529,304.0,BO_O2_RULE,"제어매트릭스 규칙 적용: NOX_LOW (3단계 롤백, 4단계에서 Hz 변화 없음)",38.8087502,8.38906288,1064.25,893.174988,8.83749962,1.0,,13.6,0.0,9.11,53.8125,,53.8125,0.0,256.274994,0.0,,
2025-11-06 00:55:26+00:00,2025-11-06 00:55:26,,,,,,,,,,38.7862511,8.38906288,1064.625,893.174988,8.83749962,1.0,,13.6,0.0,9.11,53.8125,,53.8125,0.0,256.274994,0.0,,
2025-11-06 00:55:27+00:00,2025-11-06 00:55:27,,,,,,,,,,38.7900009,8.38906288,1065.15002,893.174988,8.83749962,1.0,,13.6,0.0,9.11,53.8312492,,53.8312492,0.0,256.350006,0.0,,
2025-11-06 00:55:28+00:00,2025-11-06 00:55:28,,,,,,,,,,38.8087502,8.390625,1065.52502,893.174988,8.83749962,1.0,,13.6,0.0,9.11,53.8312492,,53.8312492,0.0,256.350006,0.0,,
2025-11-06 00:55:29+00:00,2025-11-06 00:55:29,,,,,,,,,,38.8087502,8.39531231,1066.05005,893.174988,8.83749962,1.0,,13.6,0.0,9.11,53.8125,,53.8125,0.0,256.350006,0.0,,
2025-11-06 00:55:30+00:00,2025-11-06 00:55:30,38.0,43.0,43.0,38.0,38.0,11.060449531135335,304.0,BO_O2_RULE,"제어매트릭스 규칙 적용: NOX_LOW (3단계 롤백, 4단계에서 Hz 변화 없음)",38.7937508,8.39531231,1066.42505,893.174988,8.75,1.0,,13.6,0.0,9.11,53.8125,38.0,53.8125,0.0,256.274994,0.0,,
2025-11-06 00:55:31+00:00,2025-11-06 00:55:31,,,,,,,,,,38.7900009,8.41250038,1066.94995,893.174988,8.75,1.0,,13.6,0.0,9.11,53.8125,,53.8125,0.0,256.200012,0.0,,
2025-11-06 00:55:32+00:00,2025-11-06 00:55:32,,,,,,,,,,38.7937508,8.42500019,1067.25,893.174988,8.75,1.0,,13.6,0.0,8.87,53.8125,,53.8125,0.0,256.350006,0.0,,
2025-11-06 00:55:33+00:00,2025-11-06 00:55:33,,,,,,,,,,38.7975006,8.42500019,1067.77502,893.174988,8.75,1.0,,13.6,0.0,8.87,53.8125,,53.8125,0.0,256.350006,0.0,,
2025-11-06 00:55:34+00:00,2025-11-06 00:55:34,,,,,,,,,,38.7975006,8.43281269,1068.07495,893.174988,8.75,1.0,,13.6,0.0,8.87,53.8125,,53.8125,0.0,256.350006,0.0,,
2025-11-06 00:55:35+00:00,2025-11-06 00:55:35,38.0,43.0,43.0,38.0,38.0,11.02667757469412,304.0,BO_O2_RULE,"제어매트릭스 규칙 적용: NOX_LOW (3단계 롤백, 4단계에서 Hz 변화 없음)",38.7975006,8.43281269,1068.59998,893.174988,8.83749962,1.0,,13.6,0.0,8.87,53.8125,,53.8125,0.0,256.274994,0.0,,
2025-11-06 00:55:36+00:00,2025-11-06 00:55:36,,,,,,,,,,38.7937508,8.4453125,1068.97498,893.174988,8.83749962,1.0,,13.6,0.0,8.87,53.8312492,,53.8312492,0.0,256.274994,0.0,,
2025-11-06 00:55:37+00:00,2025-11-06 00:55:37,,,,,,,,,,38.7975006,8.46718788,1069.42505,893.25,8.83749962,1.0,,13.6,0.0,8.87,53.8312492,,53.8312492,0.0,256.350006,0.0,,
2025-11-06 00:55:38+00:00,2025-11-06 00:55:38,,,,,,,,,,38.8125,8.46718788,1069.72498,893.174988,8.82499981,1.0,,13.6,0.0,8.87,53.8125,,53.8125,0.0,256.200012,0.0,,
2025-11-06 00:55:39+00:00,2025-11-06 00:55:39,,,,,,,,,,38.8012505,8.49687481,1070.17505,893.25,8.82499981,1.0,,13.6,0.0,8.87,53.8125,,53.8125,0.0,256.350006,0.0,,
2025-11-06 00:55:40+00:00,2025-11-06 00:55:40,38.0,43.0,43.0,38.0,38.0,11.554026203398715,304.0,BO_O2_RULE,"제어매트릭스 규칙 적용: NOX_LOW (3단계 롤백, 4단계에서 Hz 변화 없음)",38.7937508,8.53593731,1070.47498,893.174988,8.75,1.0,,13.6,0.0,8.87,53.8312492,,53.8312492,0.0,256.350006,0.0,,
2025-11-06 00:55:41+00:00,2025-11-06 00:55:41,,,,,,,,,,38.7975006,8.53593731,1070.92505,893.25,8.73750019,1.0,,13.6,0.0,8.87,53.8125,,53.8125,0.0,256.274994,0.0,,
2025-11-06 00:55:42+00:00,2025-11-06 00:55:42,,,,,,,,,,38.7900009,8.57343769,1071.22498,893.25,8.75,1.0,,13.6,0.0,8.88,53.8125,,53.8125,0.0,256.274994,0.0,,
2025-11-06 00:55:43+00:00,2025-11-06 00:55:43,,,,,,,,,,38.8012505,8.57343769,1071.67505,893.25,8.75,1.0,,13.6,0.0,8.88,53.8125,,53.8125,0.0,256.274994,0.0,,
2025-11-06 00:55:44+00:00,2025-11-06 00:55:44,,,,,,,,,,38.7862511,8.60781288,1071.97498,893.25,8.75,1.0,,13.6,0.0,8.88,53.8125,,53.8125,0.0,256.350006,0.0,,
2025-11-06 00:55:45+00:00,2025-11-06 00:55:45,38.0,41.0,41.0,38.0,38.0,11.56015130153767,304.0,BO_O2_RULE,"제어매트릭스 규칙 적용: NOX_LOW (3단계 롤백, 4단계에서 Hz 변화 없음)",38.7975006,8.63906288,1072.5,893.25,8.91250038,1.0,,13.6,0.0,8.88,53.8125,38.70680375729881,53.8125,0.0,256.274994,0.0,,
2025-11-06 00:55:46+00:00,2025-11-06 00:55:46,,,,,,,,,,38.7937508,8.63906288,1072.94995,893.25,8.92500019,1.0,,13.6,0.0,8.88,53.8125,,53.8125,0.0,256.274994,0.0,,
2025-11-06 00:55:47+00:00,2025-11-06 00:55:47,,,,,,,,,,38.7825012,8.66250038,1073.40002,893.325012,8.92500019,1.0,,13.6,0.0,8.88,53.8125,,53.8125,0.0,256.274994,0.0,,
2025-11-06 00:55:48+00:00,2025-11-06 00:55:48,,,,,,,,,,38.7937508,8.67500019,1073.77502,893.25,8.92500019,1.0,,13.6,0.0,8.88,53.8312492,,53.8312492,0.0,256.350006,0.0,,
2025-11-06 00:55:49+00:00,2025-11-06 00:55:49,,,,,,,,,,38.7862511,8.67500019,1074.30005,893.25,8.92500019,1.0,,13.6,0.0,8.88,53.8312492,,53.8312492,0.0,256.274994,0.0,,
2025-11-06 00:55:50+00:00,2025-11-06 00:55:50,40.0,40.0,40.0,40.0,40.0,12.96177365385611,100.0,BO_ONLY,"BO 모델 결과만 사용 (1단계 롤백, 2~4단계에서 Hz 변화 없음)",38.7975006,8.69375038,1074.75,893.25,9.51249981,1.0,,13.6,0.0,8.88,53.8125,,53.8125,0.0,256.274994,0.0,,
2025-11-06 00:55:51+00:00,2025-11-06 00:55:51,,,,,,,,,,38.7975006,8.69375038,1075.34998,893.25,9.51249981,1.0,,13.6,0.0,8.88,53.8125,,53.8125,0.0,256.274994,0.0,,
2025-11-06 00:55:52+00:00,2025-11-06 00:55:52,,,,,,,,,,38.7937508,8.703125,1075.80005,893.25,9.51249981,1.0,,13.6,0.0,9.62,53.8312492,,53.8312492,0.0,256.350006,0.0,,
2025-11-06 00:55:53+00:00,2025-11-06 00:55:53,,,,,,,,,,40.8525009,8.70625019,1076.55005,893.25,9.51249981,1.0,,13.6,0.0,9.62,53.8125,,53.8125,0.0,256.350006,0.0,,
2025-11-06 00:55:54+00:00,2025-11-06 00:55:54,,,,,,,,,,40.9312515,8.70625019,1077.07495,893.25,9.5,1.0,,13.6,0.0,9.62,53.8125,,53.8125,0.0,256.274994,0.0,,
2025-11-06 00:55:55+00:00,2025-11-06 00:55:55,40.0,40.0,40.0,40.0,40.0,16.01059331760473,100.0,BO_ONLY,"BO 모델 결과만 사용 (1단계 롤백, 2~4단계에서 Hz 변화 없음)",40.9612503,8.7109375,1077.75,893.25,9.92500019,1.0,,13.6,0.0,9.62,53.8125,,53.8125,0.0,256.274994,0.0,,
2025-11-06 00:55:56+00:00,2025-11-06 00:55:56,,,,,,,,,,40.9987488,8.72187519,1078.27502,893.25,9.9375,1.0,,13.6,0.0,9.62,54.4874992,,54.4874992,0.0,254.850006,0.0,,
2025-11-06 00:55:57+00:00,2025-11-06 00:55:57,,,,,,,,,,40.9799995,8.72187519,1079.02502,893.25,9.92500019,1.0,,13.6,0.0,9.62,55.7625008,,55.7625008,0.0,254.850006,0.0,,
2025-11-06 00:55:58+00:00,2025-11-06 00:55:58,,,,,,,,,,40.9799995,8.72968769,1079.55005,893.25,9.92500019,1.0,,13.6,0.0,9.62,57.4500008,,57.4500008,0.0,254.850006,0.0,,
2025-11-06 00:55:59+00:00,2025-11-06 00:55:59,,,,,,,,,,40.9762497,8.72968769,1080.22498,893.25,9.9375,1.0,,13.6,0.0,9.62,58.4437485,,58.4437485,0.0,253.425003,0.0,,
2025-11-06 00:56:00+00:00,2025-11-06 00:56:00,40.0,40.0,40.0,40.0,40.0,16.05081741367963,100.0,BO_ONLY,"BO 모델 결과만 사용 (1단계 롤백, 2~4단계에서 Hz 변화 없음)",40.9837494,8.7265625,1080.75,893.25,10.1000004,1.0,,13.6,0.0,9.62,59.7000008,38.0,59.7000008,0.0,253.425003,0.0,,
2025-11-06 00:56:01+00:00,2025-11-06 00:56:01,,,,,,,,,,41.0024986,8.70937538,1081.42505,893.325012,10.1000004,1.0,,13.6,0.0,9.62,59.7750015,,59.7750015,0.0,253.425003,0.0,,
2025-11-06 00:56:02+00:00,2025-11-06 00:56:02,,,,,,,,,,40.9500008,8.70937538,1081.80005,893.325012,10.1000004,1.0,,13.6,0.0,10.17,60.1312485,,60.1312485,0.0,253.350006,0.0,,
2025-11-06 00:56:03+00:00,2025-11-06 00:56:03,,,,,,,,,,40.9987488,8.66562462,1082.55005,893.325012,10.1000004,1.0,,13.6,0.0,10.17,60.4874992,,60.4874992,0.0,253.350006,0.0,,
2025-11-06 00:56:04+00:00,2025-11-06 00:56:04,,,,,,,,,,40.9612503,8.60624981,1082.92505,893.400024,10.1000004,1.0,,13.6,0.0,10.17,60.8624992,,60.8624992,0.0,253.425003,0.0,,
2025-11-06 00:56:05+00:00,2025-11-06 00:56:05,41.0,41.0,41.0,41.0,41.0,16.040027549113265,100.0,BO_ONLY,"BO 모델 결과만 사용 (1단계 롤백, 2~4단계에서 Hz 변화 없음)",40.9350014,8.60624981,1083.52502,893.400024,10.1000004,1.0,,13.6,0.0,10.17,60.8624992,,60.8624992,0.0,253.425003,0.0,,
2025-11-06 00:56:06+00:00,2025-11-06 00:56:06,,,,,,,,,,40.9650002,8.53281212,1083.90002,893.400024,10.1000004,1.0,,13.6,0.0,10.17,60.8624992,,60.8624992,0.0,253.425003,0.0,,
2025-11-06 00:56:07+00:00,2025-11-06 00:56:07,,,,,,,,,,41.3100014,8.53281212,1084.42505,893.400024,10.1000004,1.0,,13.6,0.0,10.17,60.84375,,60.84375,0.0,253.425003,0.0,,
2025-11-06 00:56:08+00:00,2025-11-06 00:56:08,,,,,,,,,,41.9850006,8.42656231,1084.72498,893.400024,10.0874996,1.0,,13.6,0.0,10.17,60.8624992,,60.8624992,0.0,253.425003,0.0,,
2025-11-06 00:56:09+00:00,2025-11-06 00:56:09,,,,,,,,,,42.0037498,8.28593731,1085.17505,893.474976,10.1000004,1.0,,13.6,0.0,10.17,60.8624992,,60.8624992,0.0,253.425003,0.0,,
2025-11-06 00:56:10+00:00,2025-11-06 00:56:10,41.0,41.0,41.0,41.0,41.0,14.37778342331839,100.0,BO_ONLY,"BO 모델 결과만 사용 (1단계 롤백, 2~4단계에서 Hz 변화 없음)",42.0,8.28593731,1085.47498,893.474976,10.5124998,1.0,,13.6,0.0,10.17,60.9187508,,60.9187508,0.0,253.350006,0.0,,
2025-11-06 00:56:11+00:00,2025-11-06 00:56:11,,,,,,,,,,42.0037498,8.11093712,1085.84998,893.549988,10.5124998,1.0,,13.6,0.0,10.17,61.4437485,,61.4437485,0.0,253.350006,0.0,,
2025-11-06 00:56:12+00:00,2025-11-06 00:56:12,,,,,,,,,,42.0224991,7.921875,1086.15002,893.549988,10.5249996,1.0,,13.6,0.0,10.59,62.6062508,,62.6062508,0.0,253.425003,0.0,,
2025-11-06 00:56:13+00:00,2025-11-06 00:56:13,,,,,,,,,,42.0224991,7.921875,1086.52502,893.625,10.5249996,1.0,,13.6,0.0,10.59,62.8125,,62.8125,0.0,253.5,0.0,,
2025-11-06 00:56:14+00:00,2025-11-06 00:56:14,,,,,,,,,,42.0112495,7.74531269,1086.75,893.625,10.5124998,1.0,,13.6,0.0,10.59,63.5250015,,63.5250015,0.0,253.425003,0.0,,
2025-11-06 00:56:15+00:00,2025-11-06 00:56:15,44.0,46.0,44.0,44.0,44.0,14.351745368125199,206.0,BO_O2,"O2 규칙 적용: 8.0% (8.0% < O2 ≤ 9.0%) (2단계 롤백, 3~4단계에서 Hz 변화 없음)",42.0149994,7.5796876,1087.125,893.700012,11.4499998,1.0,,13.6,0.0,10.59,64.0687485,38.0,64.0687485,0.0,253.350006,0.0,,
2025-11-06 00:56:16+00:00,2025-11-06 00:56:16,,,,,,,,,,42.0037498,7.5796876,1087.34998,893.700012,11.4499998,1.0,,13.6,0.0,10.59,64.2375031,,64.2375031,0.0,253.350006,0.0,,
2025-11-06 00:56:17+00:00,2025-11-06 00:56:17,,,,,,,,,,43.1362495,7.4296875,1087.65002,893.700012,11.4499998,1.0,,13.6,0.0,10.59,64.2375031,,64.2375031,0.0,253.350006,0.0,,
2025-11-06 00:56:18+00:00,2025-11-06 00:56:18,,,,,,,,,,44.0849991,7.4296875,1087.875,893.775024,11.4499998,1.0,,13.6,0.0,10.59,64.2375031,,64.2375031,0.0,253.350006,0.0,,
2025-11-06 00:56:19+00:00,2025-11-06 00:56:19,,,,,,,,,,44.0849991,7.30937481,1088.02502,893.849976,11.4499998,1.0,,13.6,0.0,10.59,64.3312531,,64.3312531,0.0,253.350006,0.0,,
2025-11-06 00:56:20+00:00,2025-11-06 00:56:20,44.0,44.0,44.0,44.0,44.0,16.59584207666546,100.0,BO_ONLY,"BO 모델 결과만 사용 (1단계 롤백, 2~4단계에서 Hz 변화 없음)",44.0887489,7.23124981,1088.17505,893.849976,12.1999998,1.0,,13.6,0.0,10.59,65.1187515,,65.1187515,0.0,253.425003,0.0,,
2025-11-06 00:56:21+00:00,2025-11-06 00:56:21,,,,,,,,,,44.1225014,7.23124981,1088.40002,893.849976,12.1999998,1.0,,13.6,0.0,10.59,66.5625,,66.5625,0.0,253.425003,0.0,,
2025-11-06 00:56:22+00:00,2025-11-06 00:56:22,,,,,,,,,,44.2275009,7.19062519,1088.55005,893.924988,12.2124996,1.0,,13.6,0.0,12.31,68.2874985,,68.2874985,0.0,252.0,0.0,,
2025-11-06 00:56:23+00:00,2025-11-06 00:56:23,,,,,,,,,,45.1312485,7.19062519,1088.69995,893.924988,12.1999998,1.0,,13.6,0.0,12.31,69.46875,,69.46875,0.0,251.925003,0.0,,
2025-11-06 00:56:24+00:00,2025-11-06 00:56:24,,,,,,,,,,45.1312485,7.1796875,1088.77502,893.924988,12.1999998,1.0,,13.6,0.0,12.31,70.2375031,,70.2375031,0.0,252.0,0.0,,
2025-11-06 00:56:25+00:00,2025-11-06 00:56:25,44.0,44.0,44.0,44.0,44.0,16.694251820291093,100.0,BO_ONLY,"BO 모델 결과만 사용 (1단계 롤백, 2~4단계에서 Hz 변화 없음)",45.1349983,7.1968751,1088.92505,894.0,12.7124996,1.0,,13.6,0.0,12.31,71.6624985,,71.6624985,0.0,252.0,0.0,,
2025-11-06 00:56:26+00:00,2025-11-06 00:56:26,,,,,,,,,,45.1312485,7.1968751,1089.07495,894.0,12.7124996,1.0,,13.6,0.0,12.31,72.2437515,,72.2437515,0.0,252.0,0.0,,
2025-11-06 00:56:27+00:00,2025-11-06 00:56:27,,,,,,,,,,45.1425018,7.24531269,1089.15002,894.075012,12.7124996,1.0,,13.6,0.0,12.31,73.21875,,73.21875,0.0,251.925003,0.0,,
2025-11-06 00:56:28+00:00,2025-11-06 00:56:28,,,,,,,,,,45.1349983,7.32343769,1089.22498,894.150024,12.7124996,1.0,,13.6,0.0,12.31,74.0625,,74.0625,0.0,251.925003,0.0,,
2025-11-06 00:56:29+00:00,2025-11-06 00:56:29,,,,,,,,,,45.1312485,7.32343769,1089.375,894.150024,12.7124996,1.0,,13.6,0.0,12.31,74.6812515,,74.6812515,0.0,252.0,0.0,,
2025-11-06 00:56:30+00:00,2025-11-06 00:56:30,44.0,44.0,44.0,44.0,44.0,16.72172652751084,100.0,BO_ONLY,"BO 모델 결과만 사용 (1단계 롤백, 2~4단계에서 Hz 변화 없음)",45.1425018,7.43281269,1089.44995,894.150024,13.9750004,1.0,,13.6,0.0,12.31,74.6812515,38.0,74.6812515,0.0,252.0,0.0,,
2025-11-06 00:56:31+00:00,2025-11-06 00:56:31,,,,,,,,,,45.1462517,7.43281269,1089.44995,894.150024,13.9750004,1.0,,13.6,0.0,12.31,74.6812515,,74.6812515,0.0,251.925003,0.0,,
2025-11-06 00:56:32+00:00,2025-11-06 00:56:32,,,,,,,,,,45.1349983,7.5625,1089.44995,894.224976,13.9750004,1.0,,13.6,0.0,14.06,75.0374985,,75.0374985,0.0,252.0,0.0,,
2025-11-06 00:56:33+00:00,2025-11-06 00:56:33,,,,,,,,,,45.1387482,7.7015624,1089.44995,894.224976,13.9750004,1.0,,13.6,0.0,14.06,75.0562515,,75.0562515,0.0,252.0,0.0,,
2025-11-06 00:56:34+00:00,2025-11-06 00:56:34,,,,,,,,,,45.1387482,7.7015624,1089.44995,894.224976,13.9750004,1.0,,13.6,0.0,14.06,75.0562515,,75.0562515,0.0,252.0,0.0,,
2025-11-06 00:56:35+00:00,2025-11-06 00:56:35,44.0,44.0,44.0,44.0,44.0,17.795565372628072,100.0,BO_ONLY,"BO 모델 결과만 사용 (1단계 롤백, 2~4단계에서 Hz 변화 없음)",45.1349983,7.84062481,1089.44995,894.299988,14.0625,1.0,,13.6,0.0,14.06,75.0374985,,75.0374985,0.0,252.0,0.0,,
2025-11-06 00:56:36+00:00,2025-11-06 00:56:36,,,,,,,,,,45.1387482,7.9828124,1089.375,894.299988,14.0625,1.0,,13.6,0.0,14.06,75.0374985,,75.0374985,0.0,252.0,0.0,,
2025-11-06 00:56:37+00:00,2025-11-06 00:56:37,,,,,,,,,,45.1349983,7.9828124,1089.375,894.299988,14.0625,1.0,,13.6,0.0,14.06,75.0562515,,75.0562515,0.0,252.0,0.0,,
2025-11-06 00:56:38+00:00,2025-11-06 00:56:38,,,,,,,,,,45.1387482,8.13125038,1089.375,894.375,14.0625,1.0,,13.6,0.0,14.06,75.0562515,,75.0562515,0.0,252.0,0.0,,
2025-11-06 00:56:39+00:00,2025-11-06 00:56:39,,,,,,,,,,45.1349983,8.13125038,1089.30005,894.375,14.0625,1.0,,13.6,0.0,14.06,75.0562515,,75.0562515,0.0,252.0,0.0,,
2025-11-06 00:56:40+00:00,2025-11-06 00:56:40,44.0,46.0,44.0,44.0,44.0,17.399560231958333,206.0,BO_O2,"O2 규칙 적용: 8.1% (8.0% < O2 ≤ 9.0%) (2단계 롤백, 3~4단계에서 Hz 변화 없음)",45.1500015,8.27187538,1089.22498,894.375,13.8874998,1.0,,13.6,0.0,14.06,75.0374985,,75.0374985,0.0,252.0,0.0,,
2025-11-06 00:56:41+00:00,2025-11-06 00:56:41,,,,,,,,,,45.1274986,8.40312481,1089.22498,894.375,13.8874998,1.0,,13.6,0.0,14.06,75.0562515,,75.0562515,0.0,252.0,0.0,,
2025-11-06 00:56:42+00:00,2025-11-06 00:56:42,,,,,,,,,,45.1387482,8.40312481,1089.15002,894.375,13.8999996,1.0,,13.6,0.0,13.96,75.0562515,,75.0562515,0.0,251.925003,0.0,,
2025-11-06 00:56:43+00:00,2025-11-06 00:56:43,,,,,,,,,,44.2762489,8.52968788,1089.07495,894.375,13.8874998,1.0,,13.6,0.0,13.96,75.0374985,,75.0374985,0.0,251.925003,0.0,,
2025-11-06 00:56:44+00:00,2025-11-06 00:56:44,,,,,,,,,,44.0999985,8.65625,1089.0,894.450012,13.8874998,1.0,,13.6,0.0,13.96,74.9437485,,74.9437485,0.0,251.925003,0.0,,
2025-11-06 00:56:45+00:00,2025-11-06 00:56:45,41.0,41.0,41.0,41.0,41.0,16.772079157816968,100.0,BO_ONLY,"BO 모델 결과만 사용 (1단계 롤백, 2~4단계에서 Hz 변화 없음)",44.0962486,8.65625,1088.77502,894.450012,14.4125004,1.0,,13.6,0.0,13.96,74.6812515,38.0,74.6812515,0.0,252.0,0.0,,
2025-11-06 00:56:46+00:00,2025-11-06 00:56:46,,,,,,,,,,44.1074982,8.78125,1088.69995,894.450012,14.4125004,1.0,,13.6,0.0,13.96,74.5687485,,74.5687485,0.0,252.0,0.0,,
2025-11-06 00:56:47+00:00,2025-11-06 00:56:47,,,,,,,,,,43.78125,8.90156269,1088.47498,894.450012,14.4125004,1.0,,13.6,0.0,13.96,73.4437485,,73.4437485,0.0,252.0,0.0,,
2025-11-06 00:56:48+00:00,2025-11-06 00:56:48,,,,,,,,,,42.1049995,8.90156269,1088.32495,894.450012,14.4125004,1.0,,13.6,0.0,13.96,73.0124969,,73.0124969,0.0,251.925003,0.0,,
2025-11-06 00:56:49+00:00,2025-11-06 00:56:49,,,,,,,,,,42.0112495,9.00156212,1088.09998,894.450012,14.4125004,1.0,,13.6,0.0,13.96,72.1500015,,72.1500015,0.0,252.0,0.0,,
2025-11-06 00:56:50+00:00,2025-11-06 00:56:50,41.0,41.0,41.0,41.0,41.0,14.866451125108798,100.0,BO_ONLY,"BO 모델 결과만 사용 (1단계 롤백, 2~4단계에서 Hz 변화 없음)",42.0112495,9.00156212,1087.94995,894.450012,14.5749998,1.0,,13.6,0.0,13.96,71.7562485,,71.7562485,0.0,252.0,0.0,,
2025-11-06 00:56:51+00:00,2025-11-06 00:56:51,,,,,,,,,,42.0,9.08125019,1087.72498,894.450012,14.5874996,1.0,,13.6,0.0,13.96,70.21875,,70.21875,0.0,251.925003,0.0,,
2025-11-06 00:56:52+00:00,2025-11-06 00:56:52,,,,,,,,,,42.0412483,9.14218712,1087.5,894.450012,14.5874996,1.0,,13.6,0.0,14.67,68.3812485,,68.3812485,0.0,251.925003,0.0,,
2025-11-06 00:56:53+00:00,2025-11-06 00:56:53,,,,,,,,,,42.0,9.14218712,1087.19995,894.450012,14.5749998,1.0,,13.6,0.0,14.67,66.9937515,,66.9937515,0.0,251.925003,0.0,,
2025-11-06 00:56:54+00:00,2025-11-06 00:56:54,,,,,,,,,,42.0037498,9.19218731,1086.97498,894.450012,14.5749998,1.0,,13.6,0.0,14.67,65.7375031,,65.7375031,0.0,252.0,0.0,,
2025-11-06 00:56:55+00:00,2025-11-06 00:56:55,41.0,41.0,41.0,41.0,41.0,15.11190747603764,100.0,BO_ONLY,"BO 모델 결과만 사용 (1단계 롤백, 2~4단계에서 Hz 변화 없음)",42.0112495,9.24374962,1086.67505,894.450012,15.25,1.0,,13.6,0.0,14.67,65.0062485,,65.0062485,0.0,251.925003,0.0,,
2025-11-06 00:56:56+00:00,2025-11-06 00:56:56,,,,,,,,,,42.0112495,9.24374962,1086.375,894.450012,15.25,1.0,,13.6,0.0,14.67,64.6125031,,64.6125031,0.0,251.925003,0.0,,
2025-11-06 00:56:57+00:00,2025-11-06 00:56:57,,,,,,,,,,41.8387489,9.30000019,1086.07495,894.450012,15.25,1.0,,13.6,0.0,14.67,64.3125,,64.3125,0.0,251.925003,0.0,,
2025-11-06 00:56:58+00:00,2025-11-06 00:56:58,,,,,,,,,,41.0212517,9.30000019,1085.77502,894.375,15.25,1.0,,13.6,0.0,14.67,64.2375031,,64.2375031,0.0,252.0,0.0,,
2025-11-06 00:56:59+00:00,2025-11-06 00:56:59,,,,,,,,,,41.0024986,9.35468769,1085.25,894.375,15.25,1.0,,13.6,0.0,14.67,64.2375031,,64.2375031,0.0,252.0,0.0,,
2025-11-06 00:57:00+00:00,2025-11-06 00:57:00,41.0,41.0,41.0,41.0,41.0,16.52267401927659,100.0,BO_ONLY,"BO 모델 결과만 사용 (1단계 롤백, 2~4단계에서 Hz 변화 없음)",40.9387512,9.41874981,1085.02502,894.375,15.5,1.0,,13.6,0.0,14.67,64.0500031,39.60680375729881,64.0500031,0.0,251.925003,0.0,,
2025-11-06 00:57:01+00:00,2025-11-06 00:57:01,,,,,,,,,,40.9650002,9.41874981,1084.57495,894.375,15.5,1.0,,13.6,0.0,14.67,63.5062485,,63.5062485,0.0,252.0,0.0,,
2025-11-06 00:57:02+00:00,2025-11-06 00:57:02,,,,,,,,,,40.9500008,9.48906231,1084.19995,894.375,15.5,1.0,,13.6,0.0,15.6,62.7937508,,62.7937508,0.0,252.0,0.0,,
2025-11-06 00:57:03+00:00,2025-11-06 00:57:03,,,,,,,,,,40.9799995,9.56406212,1083.67505,894.375,15.5,1.0,,13.6,0.0,15.6,62.0437508,,62.0437508,0.0,252.0,0.0,,
2025-11-06 00:57:04+00:00,2025-11-06 00:57:04,,,,,,,,,,40.9612503,9.56406212,1083.30005,894.375,15.5,1.0,,13.6,0.0,15.6,61.2374992,,61.2374992,0.0,251.925003,0.0,,
2025-11-06 00:57:05+00:00,2025-11-06 00:57:05,39.0,39.0,39.0,39.0,39.0,16.34622626872708,100.0,BO_ONLY,"BO 모델 결과만 사용 (1단계 롤백, 2~4단계에서 Hz 변화 없음)",40.9799995,9.63906288,1082.69995,894.375,15.25,1.0,,13.6,0.0,15.6,61.2374992,,61.2374992,0.0,253.425003,0.0,,
2025-11-06 00:57:06+00:00,2025-11-06 00:57:06,,,,,,,,,,40.9575005,9.63906288,1082.32495,894.299988,15.25,1.0,,13.6,0.0,15.6,61.2374992,,61.2374992,0.0,253.425003,0.0,,
2025-11-06 00:57:07+00:00,2025-11-06 00:57:07,,,,,,,,,,40.8824997,9.70781231,1081.80005,894.299988,15.25,1.0,,13.6,0.0,15.6,61.2374992,,61.2374992,0.0,253.425003,0.0,,
2025-11-06 00:57:08+00:00,2025-11-06 00:57:08,,,,,,,,,,39.9300003,9.77656269,1081.34998,894.299988,15.25,1.0,,13.6,0.0,15.6,61.21875,,61.21875,0.0,253.350006,0.0,,
2025-11-06 00:57:09+00:00,2025-11-06 00:57:09,,,,,,,,,,39.9075012,9.77656269,1080.75,894.224976,15.25,1.0,,13.6,0.0,15.6,60.8624992,,60.8624992,0.0,253.425003,0.0,,
2025-11-06 00:57:10+00:00,2025-11-06 00:57:10,39.0,38.0,39.0,39.0,39.0,16.026879769348973,207.0,BO_O2,"O2 규칙 적용: 9.7% (9.0% < O2 ≤ 10.0%) (2단계 롤백, 3~4단계에서 Hz 변화 없음)",39.9075012,9.85000038,1080.30005,894.224976,15.0,1.0,,13.6,0.0,15.6,60.8624992,,60.8624992,0.0,253.5,0.0,,
2025-11-06 00:57:11+00:00,2025-11-06 00:57:11,,,,,,,,,,39.9112511,9.9296875,1079.69995,894.224976,15.0,1.0,,13.6,0.0,15.6,59.90625,,59.90625,0.0,253.425003,0.0,,
2025-11-06 00:57:12+00:00,2025-11-06 00:57:12,,,,,,,,,,39.9112511,9.9296875,1079.25,894.224976,15.0,1.0,,13.6,0.0,15.12,59.4187508,,59.4187508,0.0,253.350006,0.0,,
2025-11-06 00:57:13+00:00,2025-11-06 00:57:13,,,,,,,,,,39.9037514,10.0078125,1078.5,894.150024,15.0,1.0,,13.6,0.0,15.12,58.3312492,,58.3312492,0.0,253.425003,0.0,,
2025-11-06 00:57:14+00:00,2025-11-06 00:57:14,,,,,,,,,,39.9075012,10.0078125,1078.125,894.150024,15.0,1.0,,13.6,0.0,15.12,58.2750015,,58.2750015,0.0,253.425003,0.0,,
2025-11-06 00:57:15+00:00,2025-11-06 00:57:15,39.0,38.0,39.0,39.0,39.0,14.365069080315399,207.0,BO_O2,"O2 규칙 적용: 10.0% (9.0% < O2 ≤ 10.0%) (2단계 롤백, 3~4단계에서 Hz 변화 없음)",39.9075012,10.0828123,1077.44995,894.075012,15.0874996,1.0,,13.6,0.0,15.12,57.5625,38.0,57.5625,0.0,253.425003,0.0,,
2025-11-06 00:57:16+00:00,2025-11-06 00:57:16,,,,,,,,,,39.9000015,10.1609373,1076.92505,894.150024,15.0749998,1.0,,13.6,0.0,15.12,57.4874992,,57.4874992,0.0,253.425003,0.0,,
2025-11-06 00:57:17+00:00,2025-11-06 00:57:17,,,,,,,,,,39.9075012,10.1609373,1076.25,894.075012,15.0874996,1.0,,13.6,0.0,15.12,57.1312485,,57.1312485,0.0,253.425003,0.0,,
2025-11-06 00:57:18+00:00,2025-11-06 00:57:18,,,,,,,,,,39.9150009,10.2406254,1075.80005,894.075012,15.0874996,1.0,,13.6,0.0,15.12,57.1312485,,57.1312485,0.0,254.774994,0.0,,
2025-11-06 00:57:19+00:00,2025-11-06 00:57:19,,,,,,,,,,39.9112511,10.3265629,1075.05005,894.075012,15.0749998,1.0,,13.6,0.0,15.12,57.1312485,,57.1312485,0.0,254.850006,0.0,,
2025-11-06 00:57:20+00:00,2025-11-06 00:57:20,40.0,44.0,40.0,40.0,40.0,13.273037137986357,208.0,BO_O2,"O2 규칙 적용: 10.2% (10.0% < O2 ≤ 12.0%) (2단계 롤백, 3~4단계에서 Hz 변화 없음)",39.9150009,10.3265629,1074.59998,894.0,14.5874996,1.0,,13.6,0.0,15.12,57.1124992,,57.1124992,0.0,254.850006,0.0,,
2025-11-06 00:57:21+00:00,2025-11-06 00:57:21,,,,,,,,,,39.9037514,10.4125004,1073.92505,893.924988,14.5874996,1.0,,13.6,0.0,15.12,57.1124992,,57.1124992,0.0,254.850006,0.0,,
2025-11-06 00:57:22+00:00,2025-11-06 00:57:22,,,,,,,,,,39.7387505,10.4125004,1073.47498,893.924988,14.5874996,1.0,,13.6,0.0,14.64,57.1312485,,57.1312485,0.0,254.850006,0.0,,
2025-11-06 00:57:23+00:00,2025-11-06 00:57:23,,,,,,,,,,38.8537483,10.4921875,1072.80005,893.849976,14.5749998,1.0,,13.6,0.0,14.64,57.1312485,,57.1312485,0.0,254.850006,0.0,,
2025-11-06 00:57:24+00:00,2025-11-06 00:57:24,,,,,,,,,,38.7900009,10.5749998,1072.34998,893.849976,14.5874996,1.0,,13.6,0.0,14.64,57.1124992,,57.1124992,0.0,254.850006,0.0,,
2025-11-06 00:57:25+00:00,2025-11-06 00:57:25,38.0,44.0,40.0,38.0,38.0,11.783018327010478,304.0,BO_O2_RULE,"제어매트릭스 규칙 적용: NOX_LOW (3단계 롤백, 4단계에서 Hz 변화 없음)",38.8349991,10.5749998,1071.67505,893.849976,14.4125004,1.0,,13.6,0.0,14.64,56.7562485,,56.7562485,0.0,254.850006,0.0,,
2025-11-06 00:57:26+00:00,2025-11-06 00:57:26,,,,,,,,,,38.8050003,10.6531248,1071.22498,893.849976,14.4125004,1.0,,13.6,0.0,14.64,56.4562492,,56.4562492,0.0,254.850006,0.0,,
2025-11-06 00:57:27+00:00,2025-11-06 00:57:27,,,,,,,,,,38.8012505,10.7265625,1070.47498,893.775024,14.4125004,1.0,,13.6,0.0,14.64,55.5,,55.5,0.0,254.850006,0.0,,
2025-11-06 00:57:28+00:00,2025-11-06 00:57:28,,,,,,,,,,38.7975006,10.7265625,1070.02502,893.700012,14.4125004,1.0,,13.6,0.0,14.64,55.2562485,,55.2562485,0.0,254.850006,0.0,,
2025-11-06 00:57:29+00:00,2025-11-06 00:57:29,,,,,,,,,,38.8087502,10.8015623,1069.34998,893.700012,14.4125004,1.0,,13.6,0.0,14.64,54.375,,54.375,0.0,254.850006,0.0,,
2025-11-06 00:57:30+00:00,2025-11-06 00:57:30,38.0,43.0,40.0,38.0,38.0,11.191629164097478,304.0,BO_O2_RULE,"제어매트릭스 규칙 적용: NOX_LOW (3단계 롤백, 4단계에서 Hz 변화 없음)",38.7937508,10.8015623,1068.82495,893.700012,14.1374998,1.0,,13.6,0.0,14.64,53.8312492,38.0,53.8312492,0.0,256.350006,0.0,,
2025-11-06 00:57:31+00:00,2025-11-06 00:57:31,,,,,,,,,,38.7825012,10.8640623,1068.15002,893.625,14.1499996,1.0,,13.6,0.0,14.64,53.8312492,,53.8312492,0.0,256.350006,0.0,,
2025-11-06 00:57:32+00:00,2025-11-06 00:57:32,,,,,,,,,,38.7900009,10.9125004,1067.625,893.549988,14.1499996,1.0,,13.6,0.0,14.28,53.8125,,53.8125,0.0,256.274994,0.0,,
2025-11-06 00:57:33+00:00,2025-11-06 00:57:33,,,,,,,,,,38.7900009,10.9125004,1066.94995,893.549988,14.1374998,1.0,,13.6,0.0,14.28,53.8312492,,53.8312492,0.0,256.350006,0.0,,
2025-11-06 00:57:34+00:00,2025-11-06 00:57:34,,,,,,,,,,38.7862511,10.9578123,1066.42505,893.474976,14.1499996,1.0,,13.6,0.0,14.28,53.8125,,53.8125,0.0,256.350006,0.0,,
2025-11-06 00:57:35+00:00,2025-11-06 00:57:35,38.0,39.0,39.0,38.0,38.0,11.029758976136804,304.0,BO_O2_RULE,"제어매트릭스 규칙 적용: NOX_LOW (3단계 롤백, 4단계에서 Hz 변화 없음)",38.7975006,10.9875002,1065.75,893.400024,14.0625,1.0,,13.6,0.0,14.28,53.8125,,53.8125,0.0,256.350006,0.0,,
2025-11-06 00:57:36+00:00,2025-11-06 00:57:36,,,,,,,,,,38.7937508,10.9875002,1065.22498,893.400024,14.0500002,1.0,,13.6,0.0,14.28,53.8125,,53.8125,0.0,256.274994,0.0,,
2025-11-06 00:57:37+00:00,2025-11-06 00:57:37,,,,,,,,,,38.8050003,11.0031252,1064.55005,893.325012,14.0625,1.0,,13.6,0.0,14.28,53.8125,,53.8125,0.0,256.274994,0.0,,
2025-11-06 00:57:38+00:00,2025-11-06 00:57:38,,,,,,,,,,38.7937508,11.0031252,1064.02502,893.325012,14.0625,1.0,,13.6,0.0,14.28,53.8125,,53.8125,0.0,256.274994,0.0,,
2025-11-06 00:57:39+00:00,2025-11-06 00:57:39,,,,,,,,,,38.7900009,11.0140629,1063.27502,893.25,14.0625,1.0,,13.6,0.0,14.28,53.8312492,,53.8312492,0.0,256.350006,0.0,,
2025-11-06 00:57:40+00:00,2025-11-06 00:57:40,38.0,39.0,39.0,38.0,38.0,11.493611397935295,304.0,BO_O2_RULE,"제어매트릭스 규칙 적용: NOX_LOW (3단계 롤백, 4단계에서 Hz 변화 없음)",38.7937508,11.0187502,1062.75,893.25,13.9750004,1.0,,13.6,0.0,14.28,53.8125,,53.8125,0.0,256.274994,0.0,,
2025-11-06 00:57:41+00:00,2025-11-06 00:57:41,,,,,,,,,,38.7937508,11.0187502,1062.0,893.174988,13.9750004,1.0,,13.6,0.0,14.28,53.8125,,53.8125,0.0,256.274994,0.0,,
2025-11-06 00:57:42+00:00,2025-11-06 00:57:42,,,,,,,,,,38.7937508,11.0109377,1061.47498,893.174988,13.9750004,1.0,,13.6,0.0,14.07,53.8312492,,53.8312492,0.0,256.350006,0.0,,
2025-11-06 00:57:43+00:00,2025-11-06 00:57:43,,,,,,,,,,38.7900009,11.0046873,1060.72498,893.025024,13.9750004,1.0,,13.6,0.0,14.07,53.8125,,53.8125,0.0,256.350006,0.0,,
2025-11-06 00:57:44+00:00,2025-11-06 00:57:44,,,,,,,,,,38.7937508,11.0046873,1060.19995,893.025024,13.9750004,1.0,,13.6,0.0,14.07,53.8125,,53.8125,0.0,256.350006,0.0,,
2025-11-06 00:57:45+00:00,2025-11-06 00:57:45,38.0,39.0,39.0,38.0,38.0,11.312994481534673,304.0,BO_O2_RULE,"제어매트릭스 규칙 적용: NOX_LOW (3단계 롤백, 4단계에서 Hz 변화 없음)",38.7900009,11.0124998,1059.44995,892.950012,13.8000002,1.0,,13.6,0.0,14.07,53.8125,38.0,53.8125,0.0,256.274994,0.0,,
2025-11-06 00:57:46+00:00,2025-11-06 00:57:46,,,,,,,,,,38.7937508,11.0124998,1058.92505,892.950012,13.8000002,1.0,,13.6,0.0,14.07,53.8125,,53.8125,0.0,257.325012,0.0,,
2025-11-06 00:57:47+00:00,2025-11-06 00:57:47,,,,,,,,,,38.7937508,11.0343752,1058.09998,892.875,13.8125,1.0,,13.6,0.0,14.07,53.8312492,,53.8312492,0.0,257.850006,0.0,,
2025-11-06 00:57:48+00:00,2025-11-06 00:57:48,,,,,,,,,,38.7900009,11.0593748,1057.27502,892.799988,13.8125,1.0,,13.6,0.0,14.07,53.8125,,53.8125,0.0,257.325012,0.0,,
2025-11-06 00:57:49+00:00,2025-11-06 00:57:49,,,,,,,,,,38.8050003,11.0593748,1056.67505,892.799988,13.8000002,1.0,,13.6,0.0,14.07,53.8125,,53.8125,0.0,256.274994,0.0,,
2025-11-06 00:57:50+00:00,2025-11-06 00:57:50,38.0,39.0,39.0,38.0,38.0,11.079906470635825,304.0,BO_O2_RULE,"제어매트릭스 규칙 적용: NOX_LOW (3단계 롤백, 4단계에서 Hz 변화 없음)",38.7900009,11.0874996,1056.15002,892.724976,13.7250004,1.0,,13.6,0.0,14.07,53.8125,,53.8125,0.0,256.350006,0.0,,
2025-11-06 00:57:51+00:00,2025-11-06 00:57:51,,,,,,,,,,38.8012505,11.1234379,1055.32495,892.650024,13.7250004,1.0,,13.6,0.0,14.07,53.8312492,,53.8312492,0.0,257.774994,0.0,,
2025-11-06 00:57:52+00:00,2025-11-06 00:57:52,,,,,,,,,,38.7937508,11.1234379,1054.72498,892.650024,13.7124996,1.0,,13.6,0.0,13.8,53.8312492,,53.8312492,0.0,257.850006,0.0,,
2025-11-06 00:57:53+00:00,2025-11-06 00:57:53,,,,,,,,,,38.7937508,11.1687498,1053.90002,892.575012,13.7250004,1.0,,13.6,0.0,13.8,53.8125,,53.8125,0.0,257.774994,0.0,,
2025-11-06 00:57:54+00:00,2025-11-06 00:57:54,,,,,,,,,,38.7900009,11.1687498,1053.30005,892.5,13.7250004,1.0,,13.6,0.0,13.8,53.8125,,53.8125,0.0,257.774994,0.0,,
2025-11-06 00:57:55+00:00,2025-11-06 00:57:55,38.0,39.0,39.0,38.0,38.0,10.90108441731354,304.0,BO_O2_RULE,"제어매트릭스 규칙 적용: NOX_LOW (3단계 롤백, 4단계에서 Hz 변화 없음)",38.8012505,11.2156248,1052.47498,892.424988,13.4750004,1.0,,13.6,0.0,13.8,53.8125,,53.8125,0.0,257.850006,0.0,,
2025-11-06 00:57:56+00:00,2025-11-06 00:57:56,,,,,,,,,,38.7975006,11.2671871,1051.875,892.424988,13.4624996,1.0,,13.6,0.0,13.8,53.8312492,,53.8312492,0.0,257.850006,0.0,,
2025-11-06 00:57:57+00:00,2025-11-06 00:57:57,,,,,,,,,,38.7975006,11.2671871,1050.97498,892.275024,13.4624996,1.0,,13.6,0.0,13.8,53.8125,,53.8125,0.0,257.774994,0.0,,
2025-11-06 00:57:58+00:00,2025-11-06 00:57:58,,,,,,,,,,38.8162498,11.3140621,1050.375,892.275024,13.4750004,1.0,,13.6,0.0,13.8,53.8312492,,53.8312492,0.0,257.850006,0.0,,
2025-11-06 00:57:59+00:00,2025-11-06 00:57:59,,,,,,,,,,38.7900009,11.3687496,1049.47498,892.200012,13.4624996,1.0,,13.6,0.0,13.8,53.8125,,53.8125,0.0,257.774994,0.0,,
2025-11-06 00:58:00+00:00,2025-11-06 00:58:00,38.0,39.0,39.0,38.0,38.0,10.76642329785839,304.0,BO_O2_RULE,"제어매트릭스 규칙 적용: NOX_LOW (3단계 롤백, 4단계에서 Hz 변화 없음)",38.7975006,11.3687496,1048.94995,892.125,13.3000002,1.0,,13.6,0.0,13.8,53.8125,38.0,53.8125,0.0,257.850006,0.0,,
2025-11-06 00:58:01+00:00,2025-11-06 00:58:01,,,,,,,,,,38.7937508,11.4359379,1047.97498,892.049988,13.3000002,1.0,,13.6,0.0,13.8,53.8125,,53.8125,0.0,257.700012,0.0,,
2025-11-06 00:58:02+00:00,2025-11-06 00:58:02,,,,,,,,,,38.7900009,11.4359379,1047.375,891.974976,13.3000002,1.0,,13.6,0.0,13.36,53.8125,,53.8125,0.0,256.350006,0.0,,
2025-11-06 00:58:03+00:00,2025-11-06 00:58:03,,,,,,,,,,38.7937508,11.5031252,1046.55005,891.900024,13.3000002,1.0,,13.6,0.0,13.36,53.8312492,,53.8312492,0.0,257.774994,0.0,,
2025-11-06 00:58:04+00:00,2025-11-06 00:58:04,,,,,,,,,,38.7937508,11.5749998,1045.94995,891.825012,13.3000002,1.0,,13.6,0.0,13.36,53.8312492,,53.8312492,0.0,257.774994,0.0,,
2025-11-06 00:58:05+00:00,2025-11-06 00:58:05,38.0,39.0,39.0,38.0,38.0,10.567344386913181,304.0,BO_O2_RULE,"제어매트릭스 규칙 적용: NOX_LOW (3단계 롤백, 4단계에서 Hz 변화 없음)",38.7825012,11.5749998,1045.125,891.75,13.125,1.0,,13.6,0.0,13.36,53.8125,,53.8125,0.0,257.774994,0.0,,
2025-11-06 00:58:06+00:00,2025-11-06 00:58:06,,,,,,,,,,38.7900009,11.6390629,1044.30005,891.674988,13.125,1.0,,13.6,0.0,13.36,53.8312492,,53.8312492,0.0,257.774994,0.0,,
2025-11-06 00:58:07+00:00,2025-11-06 00:58:07,,,,,,,,,,38.7975006,11.7015629,1043.77502,891.674988,13.1374998,1.0,,13.6,0.0,13.36,53.8125,,53.8125,0.0,256.350006,0.0,,
2025-11-06 00:58:08+00:00,2025-11-06 00:58:08,,,,,,,,,,38.7937508,11.7015629,1043.17505,891.599976,13.125,1.0,,13.6,0.0,13.36,53.8312492,,53.8312492,0.0,256.350006,0.0,,
2025-11-06 00:58:09+00:00,2025-11-06 00:58:09,,,,,,,,,,38.7862511,11.7593746,1042.34998,891.450012,13.125,1.0,,13.6,0.0,13.36,53.8125,,53.8125,0.0,256.274994,0.0,,
2025-11-06 00:58:10+00:00,2025-11-06 00:58:10,38.0,39.0,39.0,38.0,38.0,10.006080047356408,304.0,BO_O2_RULE,"제어매트릭스 규칙 적용: NOX_LOW (3단계 롤백, 4단계에서 Hz 변화 없음)",38.7862511,11.7593746,1041.82495,891.450012,13.2124996,1.0,,13.6,0.0,13.36,53.8125,,53.8125,0.0,256.274994,0.0,,
2025-11-06 00:58:11+00:00,2025-11-06 00:58:11,,,,,,,,,,38.7900009,11.8218746,1041.07495,891.299988,13.2124996,1.0,,13.6,0.0,13.36,53.8312492,,53.8312492,0.0,256.350006,0.0,,
2025-11-06 00:58:12+00:00,2025-11-06 00:58:12,,,,,,,,,,38.8087502,11.8828125,1040.55005,891.299988,13.2124996,1.0,,13.6,0.0,13.32,53.8312492,,53.8312492,0.0,256.350006,0.0,,
2025-11-06 00:58:13+00:00,2025-11-06 00:58:13,,,,,,,,,,38.7900009,11.8828125,1039.80005,891.150024,13.2124996,1.0,,13.6,0.0,13.32,53.8125,,53.8125,0.0,256.274994,0.0,,
2025-11-06 00:58:14+00:00,2025-11-06 00:58:14,,,,,,,,,,38.7937508,11.9296875,1039.27502,891.150024,13.2124996,1.0,,13.6,0.0,13.32,53.8125,,53.8125,0.0,256.350006,0.0,,
2025-11-06 00:58:15+00:00,2025-11-06 00:58:15,38.0,39.0,39.0,38.0,38.0,11.614117193210207,304.0,BO_O2_RULE,"제어매트릭스 규칙 적용: NOX_LOW (3단계 롤백, 4단계에서 Hz 변화 없음)",38.7900009,11.9624996,1038.52502,891.0,13.3000002,1.0,,13.6,0.0,13.32,53.8312492,38.0,53.8312492,0.0,256.350006,0.0,,
2025-11-06 00:58:16+00:00,2025-11-06 00:58:16,,,,,,,,,,38.7900009,11.9624996,1038.0,891.0,13.3000002,1.0,,13.6,0.0,13.32,53.8125,,53.8125,0.0,256.274994,0.0,,
2025-11-06 00:58:17+00:00,2025-11-06 00:58:17,,,,,,,,,,38.7975006,11.9859371,1037.25,890.924988,13.3000002,1.0,,13.6,0.0,13.32,53.8125,,53.8125,0.0,256.274994,0.0,,
2025-11-06 00:58:18+00:00,2025-11-06 00:58:18,,,,,,,,,,38.7937508,11.9859371,1036.80005,890.775024,13.3000002,1.0,,13.6,0.0,13.32,53.8125,,53.8125,0.0,256.350006,0.0,,
2025-11-06 00:58:19+00:00,2025-11-06 00:58:19,,,,,,,,,,38.7900009,12.0062504,1036.05005,890.775024,13.3000002,1.0,,13.6,0.0,13.32,53.8312492,,53.8312492,0.0,256.350006,0.0,,
2025-11-06 00:58:20+00:00,2025-11-06 00:58:20,38.0,39.0,39.0,38.0,38.0,11.423671542553436,304.0,BO_O2_RULE,"제어매트릭스 규칙 적용: NOX_LOW (3단계 롤백, 4단계에서 Hz 변화 없음)",38.8012505,12.0062504,1035.59998,890.625,13.0500002,1.0,,13.6,0.0,13.32,53.8125,,53.8125,0.0,256.350006,0.0,,
2025-11-06 00:58:21+00:00,2025-11-06 00:58:21,,,,,,,,,,38.7937508,12.0062504,1034.92505,890.549988,13.0375004,1.0,,13.6,0.0,13.32,53.8125,,53.8125,0.0,256.274994,0.0,,
2025-11-06 00:58:22+00:00,2025-11-06 00:58:22,,,,,,,,,,38.7900009,11.9906254,1034.17505,890.474976,13.0500002,1.0,,13.6,0.0,13.16,53.8312492,,53.8312492,0.0,256.274994,0.0,,
2025-11-06 00:58:23+00:00,2025-11-06 00:58:23,,,,,,,,,,38.7937508,11.9593754,1033.80005,890.474976,13.0500002,1.0,,13.6,0.0,13.16,53.8125,,53.8125,0.0,254.925003,0.0,,
2025-11-06 00:58:24+00:00,2025-11-06 00:58:24,,,,,,,,,,38.7900009,11.9593754,1033.27502,890.400024,13.0500002,1.0,,13.6,0.0,13.16,53.8312492,,53.8312492,0.0,256.274994,0.0,,
2025-11-06 00:58:25+00:00,2025-11-06 00:58:25,38.0,39.0,39.0,38.0,38.0,10.842116808515748,304.0,BO_O2_RULE,"제어매트릭스 규칙 적용: NOX_LOW (3단계 롤백, 4단계에서 Hz 변화 없음)",38.7900009,11.9203129,1032.52502,890.25,13.3000002,1.0,,13.6,0.0,13.16,53.8125,,53.8125,0.0,256.274994,0.0,,
2025-11-06 00:58:26+00:00,2025-11-06 00:58:26,,,,,,,,,,38.7900009,11.9203129,1032.07495,890.174988,13.3000002,1.0,,13.6,0.0,13.16,53.8125,,53.8125,0.0,254.850006,0.0,,
2025-11-06 00:58:27+00:00,2025-11-06 00:58:27,,,,,,,,,,38.8012505,11.8828125,1031.32495,890.099976,13.3000002,1.0,,13.6,0.0,13.16,53.8125,,53.8125,0.0,254.850006,0.0,,
2025-11-06 00:58:28+00:00,2025-11-06 00:58:28,,,,,,,,,,38.7975006,11.8500004,1030.875,890.025024,13.3000002,1.0,,13.6,0.0,13.16,53.8312492,,53.8312492,0.0,254.850006,0.0,,
2025-11-06 00:58:29+00:00,2025-11-06 00:58:29,,,,,,,,,,38.7975006,11.8500004,1030.125,889.950012,13.3000002,1.0,,13.6,0.0,13.16,53.8125,,53.8125,0.0,254.850006,0.0,,
2025-11-06 00:58:30+00:00,2025-11-06 00:58:30,38.0,39.0,39.0,38.0,38.0,11.555334917042966,304.0,BO_O2_RULE,"제어매트릭스 규칙 적용: NOX_LOW (3단계 롤백, 4단계에서 Hz 변화 없음)",38.7900009,11.8078127,1029.67505,889.875,13.3000002,1.0,,13.6,0.0,13.16,53.8125,38.0,53.8125,0.0,254.850006,0.0,,
2025-11-06 00:58:31+00:00,2025-11-06 00:58:31,,,,,,,,,,38.7937508,11.75,1029.0,889.799988,13.3000002,1.0,,13.6,0.0,13.16,53.8312492,,53.8312492,0.0,254.925003,0.0,,
2025-11-06 00:58:32+00:00,2025-11-06 00:58:32,,,,,,,,,,38.7900009,11.75,1028.55005,889.724976,13.3000002,1.0,,13.6,0.0,13.36,53.8125,,53.8125,0.0,254.850006,0.0,,
2025-11-06 00:58:33+00:00,2025-11-06 00:58:33,,,,,,,,,,38.7975006,11.6843748,1027.80005,889.650024,13.3000002,1.0,,13.6,0.0,13.36,53.3812485,,53.3812485,0.0,254.850006,0.0,,
2025-11-06 00:58:34+00:00,2025-11-06 00:58:34,,,,,,,,,,38.7900009,11.6843748,1027.34998,889.575012,13.3000002,1.0,,13.6,0.0,13.36,53.3624992,,53.3624992,0.0,254.850006,0.0,,
2025-11-06 00:58:35+00:00,2025-11-06 00:58:35,38.0,39.0,39.0,38.0,38.0,11.508774908673029,304.0,BO_O2_RULE,"제어매트릭스 규칙 적용: NOX_LOW (3단계 롤백, 4단계에서 Hz 변화 없음)",38.8012505,11.6281252,1026.67505,889.424988,12.9624996,1.0,,13.6,0.0,13.36,53.3812485,,53.3812485,0.0,254.850006,0.0,,
2025-11-06 00:58:36+00:00,2025-11-06 00:58:36,,,,,,,,,,38.7862511,11.5765629,1026.22498,889.424988,12.9624996,1.0,,13.6,0.0,13.36,53.8125,,53.8125,0.0,254.850006,0.0,,
2025-11-06 00:58:37+00:00,2025-11-06 00:58:37,,,,,,,,,,38.8012505,11.5765629,1025.55005,889.275024,12.9624996,1.0,,13.6,0.0,13.36,53.8312492,,53.8312492,0.0,254.850006,0.0,,
2025-11-06 00:58:38+00:00,2025-11-06 00:58:38,,,,,,,,,,38.7937508,11.5234375,1025.09998,889.200012,12.9624996,1.0,,13.6,0.0,13.36,53.8125,,53.8125,0.0,254.850006,0.0,,
2025-11-06 00:58:39+00:00,2025-11-06 00:58:39,,,,,,,,,,38.8012505,11.4656248,1024.42505,889.125,12.9624996,1.0,,13.6,0.0,13.36,53.8312492,,53.8312492,0.0,254.850006,0.0,,
2025-11-06 00:58:40+00:00,2025-11-06 00:58:40,38.0,39.0,39.0,38.0,38.0,10.605674561760523,304.0,BO_O2_RULE,"제어매트릭스 규칙 적용: NOX_LOW (3단계 롤백, 4단계에서 Hz 변화 없음)",38.7900009,11.4656248,1024.05005,889.049988,13.2124996,1.0,,13.6,0.0,13.36,53.4187508,,53.4187508,0.0,254.925003,0.0,,
2025-11-06 00:58:41+00:00,2025-11-06 00:58:41,,,,,,,,,,38.7900009,11.4125004,1023.45001,888.974976,13.2124996,1.0,,13.6,0.0,13.36,53.3812485,,53.3812485,0.0,254.925003,0.0,,
2025-11-06 00:58:42+00:00,2025-11-06 00:58:42,,,,,,,,,,38.7937508,11.4125004,1022.77502,888.900024,13.2124996,1.0,,13.6,0.0,13.31,53.3812485,,53.3812485,0.0,254.850006,0.0,,
2025-11-06 00:58:43+00:00,2025-11-06 00:58:43,,,,,,,,,,38.7862511,11.3640623,1022.40002,888.75,13.2250004,1.0,,13.6,0.0,13.31,53.3812485,,53.3812485,0.0,254.850006,0.0,,
2025-11-06 00:58:44+00:00,2025-11-06 00:58:44,,,,,,,,,,38.7900009,11.3296871,1022.02502,888.75,13.2124996,1.0,,13.6,0.0,13.31,53.3812485,,53.3812485,0.0,253.5,0.0,,
2025-11-06 00:58:45+00:00,2025-11-06 00:58:45,38.0,39.0,39.0,38.0,38.0,11.435381855383806,304.0,BO_O2_RULE,"제어매트릭스 규칙 적용: NOX_LOW (3단계 롤백, 4단계에서 Hz 변화 없음)",38.8050003,11.3296871,1021.42499,888.674988,13.125,1.0,,13.6,0.0,13.31,53.3812485,38.0,53.3812485,0.0,254.850006,0.0,,
2025-11-06 00:58:46+00:00,2025-11-06 00:58:46,,,,,,,,,,38.8050003,11.2984371,1020.90002,888.525024,13.1374998,1.0,,13.6,0.0,13.31,53.3624992,,53.3624992,0.0,254.850006,0.0,,
2025-11-06 00:58:47+00:00,2025-11-06 00:58:47,,,,,,,,,,38.7862511,11.2640629,1020.52502,888.450012,13.125,1.0,,13.6,0.0,13.31,53.3812485,,53.3812485,0.0,254.850006,0.0,,
2025-11-06 00:58:48+00:00,2025-11-06 00:58:48,,,,,,,,,,38.7900009,11.2640629,1019.92499,888.375,13.125,1.0,,13.6,0.0,13.31,53.3624992,,53.3624992,0.0,254.774994,0.0,,
2025-11-06 00:58:49+00:00,2025-11-06 00:58:49,,,,,,,,,,38.7900009,11.21875,1019.625,888.224976,13.1374998,1.0,,13.6,0.0,13.31,53.3624992,,53.3624992,0.0,254.850006,0.0,,
2025-11-06 00:58:50+00:00,2025-11-06 00:58:50,38.0,39.0,39.0,38.0,38.0,10.956277908976926,304.0,BO_O2_RULE,"제어매트릭스 규칙 적용: NOX_LOW (3단계 롤백, 4단계에서 Hz 변화 없음)",38.8050003,11.21875,1019.09998,888.150024,12.8000002,1.0,,13.6,0.0,13.31,53.3812485,,53.3812485,0.0,254.850006,0.0,,
2025-11-06 00:58:51+00:00,2025-11-06 00:58:51,,,,,,,,,,38.7825012,11.1656246,1018.79999,888.075012,12.7875004,1.0,,13.6,0.0,13.31,53.3812485,,53.3812485,0.0,254.850006,0.0,,
2025-11-06 00:58:52+00:00,2025-11-06 00:58:52,,,,,,,,,,38.7862511,11.1125002,1018.34998,888.0,12.7875004,1.0,,13.6,0.0,12.93,53.3812485,,53.3812485,0.0,254.850006,0.0,,
2025-11-06 00:58:53+00:00,2025-11-06 00:58:53,,,,,,,,,,38.7900009,11.1125002,1018.125,887.924988,12.8000002,1.0,,13.6,0.0,12.93,53.3624992,,53.3624992,0.0,254.850006,0.0,,
2025-11-06 00:58:54+00:00,2025-11-06 00:58:54,,,,,,,,,,38.7937508,11.0562496,1017.67499,887.849976,12.7875004,1.0,,13.6,0.0,12.93,53.3812485,,53.3812485,0.0,254.850006,0.0,,
2025-11-06 00:58:55+00:00,2025-11-06 00:58:55,38.0,39.0,39.0,38.0,38.0,10.666904830414103,304.0,BO_O2_RULE,"제어매트릭스 규칙 적용: NOX_LOW (3단계 롤백, 4단계에서 Hz 변화 없음)",38.7937508,10.9937496,1017.45001,887.700012,12.4624996,1.0,,13.6,0.0,12.93,53.625,,53.625,0.0,254.850006,0.0,,
2025-11-06 00:58:56+00:00,2025-11-06 00:58:56,,,,,,,,,,38.7900009,10.9937496,1017.15002,887.625,12.4624996,1.0,,13.6,0.0,12.93,53.8312492,,53.8312492,0.0,254.925003,0.0,,
2025-11-06 00:58:57+00:00,2025-11-06 00:58:57,,,,,,,,,,38.7862511,10.9328127,1016.84998,887.549988,12.4624996,1.0,,13.6,0.0,12.93,53.8125,,53.8125,0.0,254.850006,0.0,,
2025-11-06 00:58:58+00:00,2025-11-06 00:58:58,,,,,,,,,,38.7862511,10.9328127,1016.54999,887.474976,12.4624996,1.0,,13.6,0.0,12.93,53.8125,,53.8125,0.0,256.350006,0.0,,
2025-11-06 00:58:59+00:00,2025-11-06 00:58:59,,,,,,,,,,38.7937508,10.8703127,1016.40002,887.400024,12.4624996,1.0,,13.6,0.0,12.93,53.8312492,,53.8312492,0.0,256.350006,0.0,,
2025-11-06 00:59:00+00:00,2025-11-06 00:59:00,38.0,39.0,39.0,38.0,38.0,9.138531520821026,304.0,BO_O2_RULE,"제어매트릭스 규칙 적용: NOX_LOW (3단계 롤백, 4단계에서 Hz 변화 없음)",38.7862511,10.8109379,1016.09998,887.25,12.3000002,1.0,,13.6,0.0,12.93,53.8312492,38.0,53.8312492,0.0,256.350006,0.0,,
2025-11-06 00:59:01+00:00,2025-11-06 00:59:01,,,,,,,,,,38.7937508,10.8109379,1015.95001,887.174988,12.2875004,1.0,,13.6,0.0,12.93,53.8125,,53.8125,0.0,256.274994,0.0,,
2025-11-06 00:59:02+00:00,2025-11-06 00:59:02,,,,,,,,,,38.7937508,10.7468748,1015.65002,887.174988,12.2875004,1.0,,13.6,0.0,12.4,53.8125,,53.8125,0.0,256.274994,0.0,,
2025-11-06 00:59:03+00:00,2025-11-06 00:59:03,,,,,,,,,,38.8087502,10.6671877,1015.57501,887.025024,12.3000002,1.0,,13.6,0.0,12.4,53.8312492,,53.8312492,0.0,256.350006,0.0,,
2025-11-06 00:59:04+00:00,2025-11-06 00:59:04,,,,,,,,,,38.7862511,10.6671877,1015.34998,886.950012,12.2875004,1.0,,13.6,0.0,12.4,53.8312492,,53.8312492,0.0,256.350006,0.0,,
2025-11-06 00:59:05+00:00,2025-11-06 00:59:05,38.0,40.0,40.0,38.0,38.0,9.211604917295901,304.0,BO_O2_RULE,"제어매트릭스 규칙 적용: NOX_LOW (3단계 롤백, 4단계에서 Hz 변화 없음)",38.7900009,10.5671873,1015.27502,886.875,12.125,1.0,,13.6,0.0,12.4,53.8125,,53.8125,0.0,256.274994,0.0,,
2025-11-06 00:59:06+00:00,2025-11-06 00:59:06,,,,,,,,,,38.7787514,10.4546871,1015.04999,886.799988,12.125,1.0,,13.6,0.0,12.4,53.8125,,53.8125,0.0,256.350006,0.0,,
2025-11-06 00:59:07+00:00,2025-11-06 00:59:07,,,,,,,,,,38.7937508,10.4546871,1014.97498,886.724976,12.125,1.0,,13.6,0.0,12.4,53.8312492,,53.8312492,0.0,256.350006,0.0,,
2025-11-06 00:59:08+00:00,2025-11-06 00:59:08,,,,,,,,,,38.7975006,10.3328123,1014.82501,886.650024,12.125,1.0,,13.6,0.0,12.4,53.8312492,,53.8312492,0.0,256.274994,0.0,,
2025-11-06 00:59:09+00:00,2025-11-06 00:59:09,,,,,,,,,,38.8012505,10.3328123,1014.75,886.575012,12.125,1.0,,13.6,0.0,12.4,53.8125,,53.8125,0.0,256.350006,0.0,,
2025-11-06 00:59:10+00:00,2025-11-06 00:59:10,,,,,,,,,,38.7825012,10.2078123,1014.59998,886.424988,11.9624996,1.0,,,,,53.8125,,53.8125,0.0,256.274994,0.0,,
