time,_time_gateway,ACT_SNR_PMP_BO_0,ACT_SNR_PMP_BO_1,ACT_SNR_PMP_BO_2,ACT_SNR_PMP_BO_3,ACT_SNR_PMP_BO_4,SNR_NOX_PRED,SNR_STATUS_CODE,SNR_STAGE,SNR_MESSAGE,SNR_PMP_UW_S_1,BR1_EO_O2_A,ICF_CCS_FG_T_1,ICF_SCS_FG_T_1,ICF_TMS_NOX_A,ACC_SNR_AI_1A,ACT_STATUS,NOX_30m_Value,NOX_EQ_Status,NOX_Value,SNR_EQ_UW_F_1,ACT_SNR_PMP_UW_S
2025-09-19 04:36:08+00:00,2025-09-19 04:36:08,,,,,,,,,,55.4249992,10.1218748,1066.27502,974.174988,40.3125,1.0,,39.92,0.0,40.75,56.4093742,
2025-09-19 04:36:09+00:00,2025-09-19 04:36:09,,,,,,,,,,55.4362488,10.1531248,1066.34998,974.174988,40.3125,1.0,,39.92,0.0,40.75,56.4093742,
2025-09-19 04:36:10+00:00,2025-09-19 04:36:10,54.0,38.0,38.0,54.0,54.0,41.1169570020851,303.0,BO_O2_RULE,제어매트릭스 규칙 적용: NOX_HIGH,55.4437485,10.1531248,1066.34998,974.25,40.3125,1.0,,39.92,0.0,40.29,56.4187508,
2025-09-19 04:36:11+00:00,2025-09-19 04:36:11,,,,,,,,,,55.4399986,10.1781254,1066.42505,974.325012,40.3125,1.0,,39.92,0.0,40.29,56.4187508,
2025-09-19 04:36:12+00:00,2025-09-19 04:36:12,,,,,,,,,,55.4174995,10.2046871,1066.5,974.325012,40.3125,1.0,,39.92,0.0,40.29,56.4093742,
2025-09-19 04:36:13+00:00,2025-09-19 04:36:13,,,,,,,,,,55.4212494,10.2046871,1066.57495,974.400024,40.1500015,1.0,,39.92,0.0,40.29,56.4187508,
2025-09-19 04:36:14+00:00,2025-09-19 04:36:14,,,,,,,,,,55.4137497,10.2312498,1066.57495,974.400024,40.1500015,1.0,,39.92,0.0,40.29,56.4187508,
2025-09-19 04:36:15+00:00,2025-09-19 04:36:15,54.0,45.0,40.0,54.0,54.0,39.62628828026981,303.0,BO_O2_RULE,제어매트릭스 규칙 적용: NOX_HIGH,55.4212494,10.2312498,1066.65002,974.474976,40.1375008,1.0,0.0,39.92,0.0,40.29,56.4187508,
2025-09-19 04:36:16+00:00,2025-09-19 04:36:16,,,,,,,,,,55.4437485,10.2468748,1066.72498,974.474976,40.1500015,1.0,,39.92,0.0,40.29,56.4093742,
2025-09-19 04:36:17+00:00,2025-09-19 04:36:17,,,,,,,,,,55.4137497,10.2703123,1066.80005,974.549988,40.1375008,1.0,,39.92,0.0,40.29,56.4093742,
2025-09-19 04:36:18+00:00,2025-09-19 04:36:18,,,,,,,,,,55.4324989,10.2703123,1066.80005,974.549988,40.9000015,1.0,,39.92,0.0,40.29,56.4187508,
2025-09-19 04:36:19+00:00,2025-09-19 04:36:19,,,,,,,,,,55.4474983,10.296875,1066.80005,974.625,40.9000015,1.0,,39.92,0.0,40.29,56.4187508,
2025-09-19 04:36:20+00:00,2025-09-19 04:36:20,54.0,44.0,40.0,54.0,54.0,40.85845135196191,303.0,BO_O2_RULE,제어매트릭스 규칙 적용: NOX_HIGH,55.4362488,10.3140621,1066.875,974.625,40.9000015,1.0,,39.92,0.0,40.88,56.4093742,
2025-09-19 04:36:21+00:00,2025-09-19 04:36:21,,,,,,,,,,55.4474983,10.3140621,1066.94995,974.700012,40.9000015,1.0,,39.92,0.0,40.88,56.4187508,
2025-09-19 04:36:22+00:00,2025-09-19 04:36:22,,,,,,,,,,55.4474983,10.3140621,1066.94995,974.700012,40.9000015,1.0,,39.92,0.0,40.88,56.4187508,
2025-09-19 04:36:23+00:00,2025-09-19 04:36:23,,,,,,,,,,55.4249992,10.3343754,1067.02502,974.775024,40.9874992,1.0,,39.92,0.0,40.88,56.4093742,
2025-09-19 04:36:24+00:00,2025-09-19 04:36:24,,,,,,,,,,55.4249992,10.3343754,1067.02502,974.775024,40.9874992,1.0,,39.92,0.0,40.88,56.4093742,
2025-09-19 04:36:25+00:00,2025-09-19 04:36:25,54.0,44.0,40.0,54.0,54.0,41.07907221718579,303.0,BO_O2_RULE,제어매트릭스 규칙 적용: NOX_HIGH,55.4287491,10.3546877,1067.09998,974.775024,40.9874992,1.0,,39.92,0.0,40.88,56.4093742,
2025-09-19 04:36:26+00:00,2025-09-19 04:36:26,,,,,,,,,,55.4399986,10.3703127,1067.09998,974.849976,40.9874992,1.0,,39.92,0.0,40.88,56.4187508,
2025-09-19 04:36:27+00:00,2025-09-19 04:36:27,,,,,,,,,,55.4174995,10.390625,1067.17505,974.924988,40.9874992,1.0,,39.92,0.0,40.88,56.4093742,
2025-09-19 04:36:28+00:00,2025-09-19 04:36:28,,,,,,,,,,55.4324989,10.4250002,1067.17505,974.924988,41.0750008,1.0,,39.92,0.0,40.88,56.4093742,
2025-09-19 04:36:29+00:00,2025-09-19 04:36:29,,,,,,,,,,55.4249992,10.4250002,1067.25,975.0,41.0750008,1.0,,39.92,0.0,40.88,56.4187508,
2025-09-19 04:36:30+00:00,2025-09-19 04:36:30,54.0,44.0,40.0,54.0,54.0,40.954669464447306,303.0,BO_O2_RULE,제어매트릭스 규칙 적용: NOX_HIGH,55.4362488,10.4562502,1067.25,975.0,41.0625,1.0,0.0,39.92,0.0,41.04,56.4187508,
2025-09-19 04:36:31+00:00,2025-09-19 04:36:31,,,,,,,,,,55.4362488,10.4562502,1067.25,975.0,41.0625,1.0,,39.92,0.0,41.04,56.4187508,
2025-09-19 04:36:32+00:00,2025-09-19 04:36:32,,,,,,,,,,55.4249992,10.4562502,1067.25,975.0,41.0625,1.0,,39.92,0.0,41.04,56.4093742,
2025-09-19 04:36:33+00:00,2025-09-19 04:36:33,,,,,,,,,,55.4249992,10.4734373,1067.32495,975.075012,41.0750008,1.0,,39.92,0.0,41.04,56.4187508,
2025-09-19 04:36:34+00:00,2025-09-19 04:36:34,,,,,,,,,,55.4512482,10.484375,1067.32495,975.075012,41.0625,1.0,,39.92,0.0,41.04,56.4187508,
2025-09-19 04:36:35+00:00,2025-09-19 04:36:35,54.0,44.0,40.0,54.0,54.0,40.80191684669519,303.0,BO_O2_RULE,제어매트릭스 규칙 적용: NOX_HIGH,55.4212494,10.484375,1067.32495,975.150024,41.0750008,1.0,,39.92,0.0,41.04,56.4187508,
2025-09-19 04:36:36+00:00,2025-09-19 04:36:36,,,,,,,,,,55.4287491,10.5015621,1067.32495,975.150024,41.0750008,1.0,,39.92,0.0,41.04,56.4093742,
2025-09-19 04:36:37+00:00,2025-09-19 04:36:37,,,,,,,,,,55.4662514,10.5171871,1067.32495,975.224976,41.0750008,1.0,,39.92,0.0,41.04,56.4093742,
2025-09-19 04:36:38+00:00,2025-09-19 04:36:38,,,,,,,,,,55.4474983,10.5171871,1067.40002,975.224976,41.0625,1.0,,39.92,0.0,41.04,56.4187508,
2025-09-19 04:36:39+00:00,2025-09-19 04:36:39,,,,,,,,,,55.4324989,10.5328121,1067.40002,975.224976,40.9874992,1.0,,39.92,0.0,41.04,56.4187508,
2025-09-19 04:36:40+00:00,2025-09-19 04:36:40,54.0,44.0,40.0,54.0,54.0,40.566535124360236,303.0,BO_O2_RULE,제어매트릭스 규칙 적용: NOX_HIGH,55.4287491,10.5328121,1067.40002,975.299988,40.9874992,1.0,,39.92,0.0,40.93,56.4187508,
2025-09-19 04:36:41+00:00,2025-09-19 04:36:41,,,,,,,,,,55.4399986,10.5546875,1067.40002,975.299988,40.9874992,1.0,,39.92,0.0,40.93,56.4093742,
2025-09-19 04:36:42+00:00,2025-09-19 04:36:42,,,,,,,,,,55.4324989,10.5859375,1067.40002,975.299988,40.9874992,1.0,,39.92,0.0,40.93,56.4187508,
2025-09-19 04:36:43+00:00,2025-09-19 04:36:43,,,,,,,,,,55.4362488,10.5859375,1067.47498,975.375,40.9874992,1.0,,39.92,0.0,40.93,56.4187508,
2025-09-19 04:36:44+00:00,2025-09-19 04:36:44,,,,,,,,,,55.4324989,10.6234379,1067.47498,975.375,41.0625,1.0,,39.92,0.0,40.93,56.4187508,
2025-09-19 04:36:45+00:00,2025-09-19 04:36:45,54.0,44.0,40.0,54.0,54.0,40.273555899388576,303.0,BO_O2_RULE,제어매트릭스 규칙 적용: NOX_HIGH,55.4737511,10.6703129,1067.47498,975.375,41.0750008,1.0,0.0,39.92,0.0,40.93,56.4093742,
2025-09-19 04:36:46+00:00,2025-09-19 04:36:46,,,,,,,,,,55.4324989,10.6703129,1067.47498,975.450012,41.0750008,1.0,,39.92,0.0,40.93,56.4093742,
2025-09-19 04:36:47+00:00,2025-09-19 04:36:47,,,,,,,,,,55.4362488,10.7218752,1067.47498,975.450012,41.0750008,1.0,,39.92,0.0,40.93,56.5687485,
2025-09-19 04:36:48+00:00,2025-09-19 04:36:48,,,,,,,,,,55.4399986,10.7218752,1067.47498,975.450012,41.0625,1.0,,39.92,0.0,40.93,56.4187508,
2025-09-19 04:36:49+00:00,2025-09-19 04:36:49,,,,,,,,,,55.4287491,10.7624998,1067.40002,975.525024,41.8250008,1.0,,39.92,0.0,40.93,56.4093742,
2025-09-19 04:36:50+00:00,2025-09-19 04:36:50,54.0,42.0,40.0,54.0,54.0,39.4638281414382,303.0,BO_O2_RULE,제어매트릭스 규칙 적용: NOX_HIGH,55.4212494,10.8031254,1067.47498,975.525024,41.8250008,1.0,,39.92,0.0,41.84,56.5875015,
2025-09-19 04:36:51+00:00,2025-09-19 04:36:51,,,,,,,,,,55.4287491,10.8031254,1067.40002,975.525024,41.8250008,1.0,,39.92,0.0,41.84,56.4468765,
2025-09-19 04:36:52+00:00,2025-09-19 04:36:52,,,,,,,,,,55.4174995,10.8484373,1067.40002,975.599976,41.8250008,1.0,,39.92,0.0,41.84,56.4187508,
2025-09-19 04:36:53+00:00,2025-09-19 04:36:53,,,,,,,,,,55.4399986,10.890625,1067.40002,975.599976,41.8375015,1.0,,39.92,0.0,41.84,56.4093742,
2025-09-19 04:36:54+00:00,2025-09-19 04:36:54,,,,,,,,,,55.4249992,10.890625,1067.40002,975.599976,42.3375015,1.0,,39.92,0.0,41.84,56.4187508,
2025-09-19 04:36:55+00:00,2025-09-19 04:36:55,54.0,41.0,40.0,54.0,54.0,39.66366628643574,303.0,BO_O2_RULE,제어매트릭스 규칙 적용: NOX_HIGH,55.4212494,10.9406252,1067.32495,975.599976,42.3375015,1.0,,39.92,0.0,41.84,56.4187508,
2025-09-19 04:36:56+00:00,2025-09-19 04:36:56,,,,,,,,,,55.4437485,10.9406252,1067.32495,975.674988,42.3375015,1.0,,39.92,0.0,41.84,56.4187508,
2025-09-19 04:36:57+00:00,2025-09-19 04:36:57,,,,,,,,,,55.4362488,10.984375,1067.32495,975.674988,42.3375015,1.0,,39.92,0.0,41.84,56.4093742,
2025-09-19 04:36:58+00:00,2025-09-19 04:36:58,,,,,,,,,,55.4662514,11.0171871,1067.32495,975.674988,42.3375015,1.0,,39.92,0.0,41.84,56.4093742,
2025-09-19 04:36:59+00:00,2025-09-19 04:36:59,,,,,,,,,,55.4287491,11.0171871,1067.32495,975.674988,41.75,1.0,,39.92,0.0,41.84,56.4187508,
2025-09-19 04:37:00+00:00,2025-09-19 04:37:00,54.0,39.0,39.0,54.0,54.0,39.437019095690836,303.0,BO_O2_RULE,제어매트릭스 규칙 적용: NOX_HIGH,55.4287491,11.0484371,1067.32495,975.75,41.75,1.0,0.0,39.92,0.0,41.71,56.4187508,
2025-09-19 04:37:01+00:00,2025-09-19 04:37:01,,,,,,,,,,55.4362488,11.0718746,1067.32495,975.674988,41.75,1.0,,39.92,0.0,41.71,56.4093742,
2025-09-19 04:37:02+00:00,2025-09-19 04:37:02,,,,,,,,,,55.4212494,11.0718746,1067.32495,975.674988,41.75,1.0,,39.92,0.0,41.71,56.4093742,
2025-09-19 04:37:03+00:00,2025-09-19 04:37:03,,,,,,,,,,55.4324989,11.09375,1067.25,975.674988,41.75,1.0,,39.92,0.0,41.71,56.4093742,
2025-09-19 04:37:04+00:00,2025-09-19 04:37:04,,,,,,,,,,55.4512482,11.1125002,1067.25,975.75,42.2625008,1.0,,39.92,0.0,41.71,56.4093742,
2025-09-19 04:37:05+00:00,2025-09-19 04:37:05,54.0,39.0,39.0,54.0,54.0,39.06213472665612,303.0,BO_O2_RULE,제어매트릭스 규칙 적용: NOX_HIGH,55.4362488,11.1125002,1067.25,975.75,42.25,1.0,,39.92,0.0,41.71,56.2218742,
2025-09-19 04:37:06+00:00,2025-09-19 04:37:06,,,,,,,,,,55.4212494,11.1343746,1067.17505,975.75,42.2625008,1.0,,39.92,0.0,41.71,56.2218742,
2025-09-19 04:37:07+00:00,2025-09-19 04:37:07,,,,,,,,,,55.4550018,11.1343746,1067.17505,975.75,42.25,1.0,,39.92,0.0,41.71,56.4093742,
2025-09-19 04:37:08+00:00,2025-09-19 04:37:08,,,,,,,,,,55.4174995,11.1578121,1067.09998,975.825012,42.25,1.0,,39.92,0.0,41.71,56.4093742,
2025-09-19 04:37:09+00:00,2025-09-19 04:37:09,,,,,,,,,,55.4362488,11.1843748,1067.09998,975.825012,42.9375,1.0,,39.92,0.0,41.71,56.4093742,
2025-09-19 04:37:10+00:00,2025-09-19 04:37:10,54.0,39.0,39.0,54.0,54.0,39.43166354972188,303.0,BO_O2_RULE,제어매트릭스 규칙 적용: NOX_HIGH,55.4362488,11.1843748,1067.09998,975.825012,42.9375,1.0,,39.92,0.0,42.86,56.4093742,
2025-09-19 04:37:11+00:00,2025-09-19 04:37:11,,,,,,,,,,55.4287491,11.2171879,1067.02502,975.825012,42.9249992,1.0,,39.92,0.0,42.86,56.4093742,
2025-09-19 04:37:12+00:00,2025-09-19 04:37:12,,,,,,,,,,55.4662514,11.2171879,1066.94995,975.825012,42.9249992,1.0,,39.92,0.0,42.86,56.4093742,
2025-09-19 04:37:13+00:00,2025-09-19 04:37:13,,,,,,,,,,55.4362488,11.234375,1066.94995,975.825012,42.9375,1.0,,39.92,0.0,42.86,56.4093742,
2025-09-19 04:37:14+00:00,2025-09-19 04:37:14,,,,,,,,,,55.4737511,11.2453127,1066.875,975.825012,43.3624992,1.0,,39.92,0.0,42.86,56.4093742,
2025-09-19 04:37:15+00:00,2025-09-19 04:37:15,54.0,39.0,39.0,54.0,54.0,39.3580019994413,303.0,BO_O2_RULE,제어매트릭스 규칙 적용: NOX_HIGH,55.4249992,11.2453127,1066.80005,975.825012,43.3624992,1.0,0.0,39.92,0.0,42.86,56.4093742,
2025-09-19 04:37:16+00:00,2025-09-19 04:37:16,,,,,,,,,,55.4437485,11.2609377,1066.875,975.825012,43.3624992,1.0,,39.92,0.0,42.86,56.4187508,
2025-09-19 04:37:17+00:00,2025-09-19 04:37:17,,,,,,,,,,55.4587517,11.2796879,1066.72498,975.825012,43.3624992,1.0,,39.92,0.0,42.86,56.4093742,
2025-09-19 04:37:18+00:00,2025-09-19 04:37:18,,,,,,,,,,55.4249992,11.2796879,1066.72498,975.825012,43.3624992,1.0,,39.92,0.0,42.86,56.4093742,
2025-09-19 04:37:19+00:00,2025-09-19 04:37:19,,,,,,,,,,55.4249992,11.3031254,1066.65002,975.825012,42.7625008,1.0,,39.92,0.0,42.86,56.4187508,
2025-09-19 04:37:20+00:00,2025-09-19 04:37:20,54.0,39.0,39.0,54.0,54.0,43.47495847150682,303.0,BO_O2_RULE,제어매트릭스 규칙 적용: NOX_HIGH,55.4212494,11.3031254,1066.57495,975.825012,42.7625008,1.0,,39.92,0.0,42.76,56.4093742,
2025-09-19 04:37:21+00:00,2025-09-19 04:37:21,,,,,,,,,,55.4587517,11.3312502,1066.57495,975.825012,42.7625008,1.0,,39.92,0.0,42.76,56.4093742,
2025-09-19 04:37:22+00:00,2025-09-19 04:37:22,,,,,,,,,,55.4700012,11.3640623,1066.42505,975.825012,42.7625008,1.0,,39.92,0.0,42.76,56.4093742,
2025-09-19 04:37:23+00:00,2025-09-19 04:37:23,,,,,,,,,,55.4324989,11.3640623,1066.34998,975.825012,42.7625008,1.0,,39.92,0.0,42.76,56.4187508,
2025-09-19 04:37:24+00:00,2025-09-19 04:37:24,,,,,,,,,,55.4249992,11.3999996,1066.34998,975.825012,44.0374985,1.0,,39.92,0.0,42.76,56.4093742,
2025-09-19 04:37:25+00:00,2025-09-19 04:37:25,54.0,39.0,39.0,54.0,54.0,38.91007293400529,303.0,BO_O2_RULE,제어매트릭스 규칙 적용: NOX_HIGH,55.4212494,11.4359379,1066.27502,975.825012,44.0499992,1.0,,39.92,0.0,42.76,56.4093742,
2025-09-19 04:37:26+00:00,2025-09-19 04:37:26,,,,,,,,,,55.4362488,11.4359379,1066.125,975.825012,44.0499992,1.0,,39.92,0.0,42.76,56.4093742,
2025-09-19 04:37:27+00:00,2025-09-19 04:37:27,,,,,,,,,,55.4249992,11.4718752,1066.125,975.825012,44.0374985,1.0,,39.92,0.0,42.76,56.4093742,
2025-09-19 04:37:28+00:00,2025-09-19 04:37:28,,,,,,,,,,55.4399986,11.4718752,1066.05005,975.825012,44.0374985,1.0,,39.92,0.0,42.76,56.4093742,
2025-09-19 04:37:29+00:00,2025-09-19 04:37:29,,,,,,,,,,55.4550018,11.5062504,1065.90002,975.825012,45.4000015,1.0,,39.92,0.0,42.76,56.4093742,
2025-09-19 04:37:30+00:00,2025-09-19 04:37:30,54.0,39.0,39.0,54.0,54.0,43.372339493259084,303.0,BO_O2_RULE,제어매트릭스 규칙 적용: NOX_HIGH,55.4550018,11.5406246,1065.82495,975.825012,45.4000015,1.0,0.0,39.92,0.0,45.38,56.4093742,
2025-09-19 04:37:31+00:00,2025-09-19 04:37:31,,,,,,,,,,55.4249992,11.5406246,1065.75,975.825012,45.4000015,1.0,,39.92,0.0,45.38,56.4093742,
2025-09-19 04:37:32+00:00,2025-09-19 04:37:32,,,,,,,,,,55.4474983,11.5765629,1065.67505,975.75,45.4000015,1.0,,39.92,0.0,45.38,56.4093742,
2025-09-19 04:37:33+00:00,2025-09-19 04:37:33,,,,,,,,,,55.4700012,11.6125002,1065.59998,975.75,45.4000015,1.0,,39.92,0.0,45.38,56.4093742,
2025-09-19 04:37:34+00:00,2025-09-19 04:37:34,,,,,,,,,,55.4287491,11.6125002,1065.52502,975.674988,44.8875008,1.0,,39.92,0.0,45.38,56.4093742,
2025-09-19 04:37:35+00:00,2025-09-19 04:37:35,54.0,39.0,39.0,54.0,54.0,43.56363095935249,303.0,BO_O2_RULE,제어매트릭스 규칙 적용: NOX_HIGH,55.4737511,11.6499996,1065.44995,975.75,44.8875008,1.0,,39.92,0.0,45.38,56.4093742,
2025-09-19 04:37:36+00:00,2025-09-19 04:37:36,,,,,,,,,,55.4437485,11.6499996,1065.30005,975.75,44.8875008,1.0,,39.92,0.0,45.38,56.4093742,
2025-09-19 04:37:37+00:00,2025-09-19 04:37:37,,,,,,,,,,55.4550018,11.6875,1065.22498,975.674988,44.9000015,1.0,,39.92,0.0,45.38,56.4093742,
2025-09-19 04:37:38+00:00,2025-09-19 04:37:38,,,,,,,,,,55.4287491,11.7312498,1065.15002,975.75,44.8875008,1.0,,39.92,0.0,45.38,56.4093742,
2025-09-19 04:37:39+00:00,2025-09-19 04:37:39,,,,,,,,,,55.4512482,11.7312498,1065.0,975.674988,46.4124985,1.0,,39.92,0.0,45.38,56.4093742,
2025-09-19 04:37:40+00:00,2025-09-19 04:37:40,54.0,39.0,39.0,54.0,54.0,42.25552454559308,303.0,BO_O2_RULE,제어매트릭스 규칙 적용: NOX_HIGH,55.4287491,11.7734375,1064.92505,975.674988,46.4124985,1.0,,39.92,0.0,46.37,56.4187508,
2025-09-19 04:37:41+00:00,2025-09-19 04:37:41,,,,,,,,,,55.4399986,11.7984371,1064.84998,975.674988,46.4124985,1.0,,39.92,0.0,46.37,56.4187508,
2025-09-19 04:37:42+00:00,2025-09-19 04:37:42,,,,,,,,,,55.4249992,11.7984371,1064.69995,975.599976,46.4124985,1.0,,39.92,0.0,46.37,56.4093742,
2025-09-19 04:37:43+00:00,2025-09-19 04:37:43,,,,,,,,,,55.4550018,11.8249998,1064.55005,975.599976,46.4124985,1.0,,39.92,0.0,46.37,56.4093742,
2025-09-19 04:37:44+00:00,2025-09-19 04:37:44,,,,,,,,,,55.4700012,11.8249998,1064.47498,975.599976,45.8250008,1.0,,39.92,0.0,46.37,56.4187508,
2025-09-19 04:37:45+00:00,2025-09-19 04:37:45,54.0,39.0,39.0,54.0,54.0,43.29028546303262,303.0,BO_O2_RULE,제어매트릭스 규칙 적용: NOX_HIGH,55.4212494,11.8609371,1064.40002,975.599976,45.8250008,1.0,0.0,39.92,0.0,46.37,56.4187508,
2025-09-19 04:37:46+00:00,2025-09-19 04:37:46,,,,,,,,,,55.4212494,11.9109373,1064.25,975.525024,45.8250008,1.0,,39.92,0.0,46.37,56.4093742,
2025-09-19 04:37:47+00:00,2025-09-19 04:37:47,,,,,,,,,,55.4212494,11.9109373,1064.09998,975.525024,45.8250008,1.0,,39.92,0.0,46.37,56.4093742,
2025-09-19 04:37:48+00:00,2025-09-19 04:37:48,,,,,,,,,,55.4362488,11.9453125,1064.02502,975.525024,45.8250008,1.0,,39.92,0.0,46.37,56.4187508,
2025-09-19 04:37:49+00:00,2025-09-19 04:37:49,,,,,,,,,,55.4550018,11.9765625,1063.94995,975.450012,45.7374992,1.0,,39.92,0.0,46.37,56.4093742,
2025-09-19 04:37:50+00:00,2025-09-19 04:37:50,54.0,39.0,39.0,54.0,54.0,41.879289764475665,303.0,BO_O2_RULE,제어매트릭스 규칙 적용: NOX_HIGH,55.4249992,11.9765625,1063.72498,975.450012,45.7374992,1.0,,39.92,0.0,45.7,56.4093742,
2025-09-19 04:37:51+00:00,2025-09-19 04:37:51,,,,,,,,,,55.4287491,12.0109377,1063.65002,975.450012,45.7374992,1.0,,39.92,0.0,45.7,56.4093742,
2025-09-19 04:37:52+00:00,2025-09-19 04:37:52,,,,,,,,,,55.4249992,12.0109377,1063.42505,975.375,45.7374992,1.0,,39.92,0.0,45.7,56.4187508,
2025-09-19 04:37:53+00:00,2025-09-19 04:37:53,,,,,,,,,,55.4249992,12.0421877,1063.34998,975.299988,45.7374992,1.0,,39.92,0.0,45.7,56.4187508,
2025-09-19 04:37:54+00:00,2025-09-19 04:37:54,,,,,,,,,,55.4662514,12.078125,1063.125,975.299988,46.0750008,1.0,,39.92,0.0,45.7,56.4093742,
2025-09-19 04:37:55+00:00,2025-09-19 04:37:55,54.0,39.0,38.0,54.0,54.0,43.618040975286576,303.0,BO_O2_RULE,제어매트릭스 규칙 적용: NOX_HIGH,55.4249992,12.078125,1063.05005,975.299988,46.0750008,1.0,,39.92,0.0,45.7,56.4187508,
2025-09-19 04:37:56+00:00,2025-09-19 04:37:56,,,,,,,,,,55.4212494,12.1203127,1062.82495,975.299988,46.0750008,1.0,,39.92,0.0,45.7,56.4187508,
2025-09-19 04:37:57+00:00,2025-09-19 04:37:57,,,,,,,,,,55.4362488,12.1609373,1062.75,975.299988,46.0750008,1.0,,39.92,0.0,45.7,56.4187508,
2025-09-19 04:37:58+00:00,2025-09-19 04:37:58,,,,,,,,,,55.4212494,12.1609373,1062.52502,975.224976,46.0750008,1.0,,39.92,0.0,45.7,56.4093742,
2025-09-19 04:37:59+00:00,2025-09-19 04:37:59,,,,,,,,,,55.4287491,12.2046871,1062.44995,975.224976,46.7625008,1.0,,39.92,0.0,45.7,56.4093742,
2025-09-19 04:38:00+00:00,2025-09-19 04:38:00,54.0,39.0,38.0,54.0,54.0,43.61154969632734,303.0,BO_O2_RULE,제어매트릭스 규칙 적용: NOX_HIGH,55.4249992,12.2046871,1062.30005,975.150024,46.7625008,1.0,0.0,39.92,0.0,46.71,56.4093742,
2025-09-19 04:38:01+00:00,2025-09-19 04:38:01,,,,,,,,,,55.4324989,12.25,1062.15002,975.075012,46.75,1.0,,39.92,0.0,46.71,56.4093742,
2025-09-19 04:38:02+00:00,2025-09-19 04:38:02,,,,,,,,,,55.4512482,12.2953129,1061.92505,975.0,46.7625008,1.0,,39.92,0.0,46.71,56.4093742,
2025-09-19 04:38:03+00:00,2025-09-19 04:38:03,,,,,,,,,,55.4174995,12.2953129,1061.69995,975.0,46.9375,1.0,,39.92,0.0,46.71,56.4187508,
2025-09-19 04:38:04+00:00,2025-09-19 04:38:04,,,,,,,,,,55.4474983,12.3515625,1061.55005,975.0,47.1875,1.0,,39.92,0.0,46.71,56.4093742,
2025-09-19 04:38:05+00:00,2025-09-19 04:38:05,54.0,39.0,38.0,54.0,54.0,45.64947727789467,303.0,BO_O2_RULE,제어매트릭스 규칙 적용: NOX_HIGH,55.4399986,12.4093752,1061.40002,974.924988,47.1875,1.0,,39.92,0.0,46.71,56.4187508,
2025-09-19 04:38:06+00:00,2025-09-19 04:38:06,,,,,,,,,,55.4249992,12.4093752,1061.17505,974.924988,47.1875,1.0,,39.92,0.0,46.71,56.4093742,
2025-09-19 04:38:07+00:00,2025-09-19 04:38:07,,,,,,,,,,55.4399986,12.4624996,1060.94995,974.849976,47.1875,1.0,,39.92,0.0,46.71,56.4093742,
2025-09-19 04:38:08+00:00,2025-09-19 04:38:08,,,,,,,,,,55.4212494,12.5124998,1060.80005,974.775024,47.1875,1.0,,39.92,0.0,46.71,56.4093742,
2025-09-19 04:38:09+00:00,2025-09-19 04:38:09,,,,,,,,,,55.4137497,12.5124998,1060.65002,974.775024,46.8499985,1.0,,39.92,0.0,46.71,56.4093742,
2025-09-19 04:38:10+00:00,2025-09-19 04:38:10,54.0,39.0,38.0,54.0,54.0,44.91122410824745,303.0,BO_O2_RULE,제어매트릭스 규칙 적용: NOX_HIGH,55.4324989,12.5671873,1060.42505,974.775024,46.8499985,1.0,,39.92,0.0,46.8,56.4093742,
2025-09-19 04:38:11+00:00,2025-09-19 04:38:11,,,,,,,,,,55.4437485,12.5671873,1060.27502,974.700012,46.8375015,1.0,,39.92,0.0,46.8,56.4093742,
2025-09-19 04:38:12+00:00,2025-09-19 04:38:12,,,,,,,,,,55.4212494,12.6265621,1060.05005,974.625,46.8499985,1.0,,39.92,0.0,46.8,56.4093742,
2025-09-19 04:38:13+00:00,2025-09-19 04:38:13,,,,,,,,,,55.4249992,12.6921873,1059.90002,974.625,47.3499985,1.0,,39.92,0.0,46.8,56.4093742,
2025-09-19 04:38:14+00:00,2025-09-19 04:38:14,,,,,,,,,,55.4249992,12.6921873,1059.67505,974.549988,47.9500008,1.0,,39.92,0.0,46.8,56.4187508,
2025-09-19 04:38:15+00:00,2025-09-19 04:38:15,54.0,39.0,38.0,54.0,54.0,43.83025926152192,303.0,BO_O2_RULE,제어매트릭스 규칙 적용: NOX_HIGH,55.4174995,12.7765627,1059.44995,974.549988,47.9500008,1.0,0.0,39.92,0.0,46.8,56.4093742,
2025-09-19 04:38:16+00:00,2025-09-19 04:38:16,,,,,,,,,,55.4174995,12.8625002,1059.22498,974.474976,47.9500008,1.0,,39.92,0.0,46.8,56.4093742,
2025-09-19 04:38:17+00:00,2025-09-19 04:38:17,,,,,,,,,,55.4137497,12.8625002,1059.0,974.400024,47.9500008,1.0,,39.92,0.0,46.8,56.4187508,
2025-09-19 04:38:18+00:00,2025-09-19 04:38:18,,,,,,,,,,55.4249992,12.9312496,1058.77502,974.325012,47.9500008,1.0,,39.92,0.0,46.8,56.4093742,
2025-09-19 04:38:19+00:00,2025-09-19 04:38:19,,,,,,,,,,55.4287491,12.9312496,1058.55005,974.325012,48.125,1.0,,39.92,0.0,46.8,56.4093742,
2025-09-19 04:38:20+00:00,2025-09-19 04:38:20,54.0,39.0,38.0,54.0,54.0,44.94937468324058,303.0,BO_O2_RULE,제어매트릭스 규칙 적용: NOX_HIGH,55.4399986,12.9859371,1058.32495,974.25,48.125,1.0,,39.92,0.0,48.02,56.4093742,
2025-09-19 04:38:21+00:00,2025-09-19 04:38:21,,,,,,,,,,55.4399986,13.0375004,1058.09998,974.25,48.1124992,1.0,,39.92,0.0,48.02,56.4093742,
2025-09-19 04:38:22+00:00,2025-09-19 04:38:22,,,,,,,,,,55.4474983,13.0375004,1057.875,974.099976,48.1124992,1.0,,39.92,0.0,48.02,56.4093742,
2025-09-19 04:38:23+00:00,2025-09-19 04:38:23,,,,,,,,,,55.4362488,13.0953121,1057.72498,974.099976,47.8875008,1.0,,39.92,0.0,48.02,56.4093742,
2025-09-19 04:38:24+00:00,2025-09-19 04:38:24,,,,,,,,,,55.4249992,13.1484375,1057.42505,974.025024,47.6124992,1.0,,39.92,0.0,48.02,56.4093742,
2025-09-19 04:38:25+00:00,2025-09-19 04:38:25,54.0,39.0,38.0,54.0,54.0,44.38361870026084,303.0,BO_O2_RULE,제어매트릭스 규칙 적용: NOX_HIGH,55.4587517,13.1484375,1057.19995,974.025024,47.6124992,1.0,,39.92,0.0,48.02,56.4093742,
2025-09-19 04:38:26+00:00,2025-09-19 04:38:26,,,,,,,,,,55.4174995,13.1890621,1056.97498,973.875,47.6124992,1.0,,39.92,0.0,48.02,56.4093742,
2025-09-19 04:38:27+00:00,2025-09-19 04:38:27,,,,,,,,,,55.4437485,13.1890621,1056.82495,973.875,47.6124992,1.0,,39.92,0.0,48.02,56.4093742,
2025-09-19 04:38:28+00:00,2025-09-19 04:38:28,,,,,,,,,,55.4625015,13.1984377,1056.52502,973.799988,47.6124992,1.0,,39.92,0.0,48.02,56.4093742,
2025-09-19 04:38:29+00:00,2025-09-19 04:38:29,,,,,,,,,,55.4212494,13.2390623,1056.375,973.724976,47.7000008,1.0,,39.92,0.0,48.02,56.4093742,
2025-09-19 04:38:30+00:00,2025-09-19 04:38:30,54.0,39.0,38.0,54.0,54.0,41.702635298389744,303.0,BO_O2_RULE,제어매트릭스 규칙 적용: NOX_HIGH,55.4174995,13.2390623,1056.07495,973.575012,47.7000008,1.0,0.0,39.92,0.0,47.6,56.4093742,
2025-09-19 04:38:31+00:00,2025-09-19 04:38:31,,,,,,,,,,55.4249992,13.3000002,1055.92505,973.575012,47.7000008,1.0,,39.92,0.0,47.6,56.4093742,
2025-09-19 04:38:32+00:00,2025-09-19 04:38:32,,,,,,,,,,55.4437485,13.3640623,1055.69995,973.5,47.7000008,1.0,,39.92,0.0,47.6,56.4093742,
2025-09-19 04:38:33+00:00,2025-09-19 04:38:33,,,,,,,,,,55.4212494,13.3640623,1055.47498,973.5,47.4249992,1.0,,39.92,0.0,47.6,56.4093742,
2025-09-19 04:38:34+00:00,2025-09-19 04:38:34,,,,,,,,,,55.4362488,13.4187498,1055.25,973.349976,47.1124992,1.0,,39.92,0.0,47.6,56.4093742,
2025-09-19 04:38:35+00:00,2025-09-19 04:38:35,54.0,39.0,38.0,54.0,54.0,39.36960616712511,303.0,BO_O2_RULE,제어매트릭스 규칙 적용: NOX_HIGH,55.4212494,13.4187498,1055.09998,973.275024,47.1124992,1.0,,39.92,0.0,47.6,56.4093742,
2025-09-19 04:38:36+00:00,2025-09-19 04:38:36,,,,,,,,,,55.4249992,13.4562502,1054.80005,973.200012,47.1124992,1.0,,39.92,0.0,47.6,56.4093742,
2025-09-19 04:38:37+00:00,2025-09-19 04:38:37,,,,,,,,,,55.4212494,13.4703121,1054.65002,973.125,47.1124992,1.0,,39.92,0.0,47.6,56.4093742,
2025-09-19 04:38:38+00:00,2025-09-19 04:38:38,,,,,,,,,,55.4324989,13.4703121,1054.42505,973.049988,47.1124992,1.0,,39.92,0.0,47.6,56.4093742,
2025-09-19 04:38:39+00:00,2025-09-19 04:38:39,,,,,,,,,,55.4399986,13.4703121,1054.27502,973.049988,46.7625008,1.0,,39.92,0.0,47.6,56.4093742,
2025-09-19 04:38:40+00:00,2025-09-19 04:38:40,54.0,39.0,38.0,54.0,54.0,38.695108205428106,303.0,BO_O2_RULE,제어매트릭스 규칙 적용: NOX_HIGH,55.4362488,13.4562502,1053.97498,972.900024,46.7625008,1.0,,39.92,0.0,46.69,56.4093742,
2025-09-19 04:38:41+00:00,2025-09-19 04:38:41,,,,,,,,,,55.4775009,13.4562502,1053.82495,972.900024,46.7625008,1.0,,39.92,0.0,46.69,56.4187508,
2025-09-19 04:38:42+00:00,2025-09-19 04:38:42,,,,,,,,,,55.4512482,13.4312496,1053.52502,972.825012,46.7625008,1.0,,39.92,0.0,46.69,56.4187508,
2025-09-19 04:38:43+00:00,2025-09-19 04:38:43,,,,,,,,,,55.4512482,13.4312496,1053.375,972.75,46.5250015,1.0,,39.92,0.0,46.69,56.4093742,
2025-09-19 04:38:44+00:00,2025-09-19 04:38:44,,,,,,,,,,55.4550018,13.3890629,1053.15002,972.674988,46.25,1.0,,39.92,0.0,46.69,56.4093742,
2025-09-19 04:38:45+00:00,2025-09-19 04:38:45,54.0,39.0,38.0,54.0,54.0,38.164751226362405,303.0,BO_O2_RULE,제어매트릭스 규칙 적용: NOX_HIGH,55.4399986,13.3390627,1052.92505,972.599976,46.25,1.0,0.0,39.92,0.0,46.69,56.4093742,
2025-09-19 04:38:46+00:00,2025-09-19 04:38:46,,,,,,,,,,55.4287491,13.3390627,1052.69995,972.525024,46.25,1.0,,39.92,0.0,46.69,56.4093742,
2025-09-19 04:38:47+00:00,2025-09-19 04:38:47,,,,,,,,,,55.4287491,13.2859373,1052.47498,972.450012,46.25,1.0,,39.92,0.0,46.69,56.4093742,
2025-09-19 04:38:48+00:00,2025-09-19 04:38:48,,,,,,,,,,55.4512482,13.2375002,1052.25,972.375,46.25,1.0,,39.92,0.0,46.69,56.4093742,
2025-09-19 04:38:49+00:00,2025-09-19 04:38:49,,,,,,,,,,55.4474983,13.2375002,1052.02502,972.299988,46.25,1.0,,39.92,0.0,46.69,56.4093742,
2025-09-19 04:38:50+00:00,2025-09-19 04:38:50,54.0,39.0,38.0,54.0,54.0,36.53919907568892,303.0,BO_O2_RULE,제어매트릭스 규칙 적용: NOX_HIGH,55.4587517,13.1937504,1051.80005,972.150024,46.25,1.0,,39.92,0.0,46.17,56.4093742,
2025-09-19 04:38:51+00:00,2025-09-19 04:38:51,,,,,,,,,,55.4249992,13.1937504,1051.65002,972.150024,46.25,1.0,,39.92,0.0,46.17,56.4093742,
2025-09-19 04:38:52+00:00,2025-09-19 04:38:52,,,,,,,,,,55.4324989,13.15625,1051.34998,972.0,46.25,1.0,,39.92,0.0,46.17,56.4093742,
2025-09-19 04:38:53+00:00,2025-09-19 04:38:53,,,,,,,,,,55.4174995,13.1281252,1051.19995,972.0,46.0499992,1.0,,39.92,0.0,46.17,56.4187508,
2025-09-19 04:38:54+00:00,2025-09-19 04:38:54,,,,,,,,,,55.4287491,13.1281252,1050.90002,971.849976,45.8250008,1.0,,39.92,0.0,46.17,56.4093742,
2025-09-19 04:38:55+00:00,2025-09-19 04:38:55,54.0,39.0,38.0,54.0,54.0,36.35056699405872,303.0,BO_O2_RULE,제어매트릭스 규칙 적용: NOX_HIGH,55.4324989,13.1031246,1050.67505,971.775024,45.8250008,1.0,,39.92,0.0,46.17,56.4093742,
2025-09-19 04:38:56+00:00,2025-09-19 04:38:56,,,,,,,,,,55.4287491,13.0859375,1050.375,971.625,45.8250008,1.0,,39.92,0.0,46.17,56.4093742,
2025-09-19 04:38:57+00:00,2025-09-19 04:38:57,,,,,,,,,,55.4137497,13.0859375,1050.22498,971.625,45.8250008,1.0,,39.92,0.0,46.17,56.4187508,
2025-09-19 04:38:58+00:00,2025-09-19 04:38:58,,,,,,,,,,55.4324989,13.0765629,1049.92505,971.474976,45.8250008,1.0,,39.92,0.0,46.17,56.4093742,
2025-09-19 04:38:59+00:00,2025-09-19 04:38:59,,,,,,,,,,55.4174995,13.0765629,1049.77502,971.400024,45.4874992,1.0,,39.92,0.0,46.17,56.4093742,
2025-09-19 04:39:00+00:00,2025-09-19 04:39:00,54.0,39.0,38.0,54.0,54.0,36.73607278358443,303.0,BO_O2_RULE,제어매트릭스 규칙 적용: NOX_HIGH,55.4212494,13.0749998,1049.47498,971.325012,45.4874992,1.0,0.0,39.92,0.0,45.4,56.2218742,
2025-09-19 04:39:01+00:00,2025-09-19 04:39:01,,,,,,,,,,55.4287491,13.0843754,1049.32495,971.25,45.4749985,1.0,,39.92,0.0,45.4,56.25,
2025-09-19 04:39:02+00:00,2025-09-19 04:39:02,,,,,,,,,,55.4437485,13.0843754,1048.94995,971.174988,45.4874992,1.0,,39.92,0.0,45.4,56.4093742,
2025-09-19 04:39:03+00:00,2025-09-19 04:39:03,,,,,,,,,,55.4625015,13.1000004,1048.80005,971.099976,44.7249985,1.0,,39.92,0.0,45.4,56.4093742,
2025-09-19 04:39:04+00:00,2025-09-19 04:39:04,,,,,,,,,,55.4324989,13.1218748,1048.42505,970.950012,43.875,1.0,,39.92,0.0,45.4,56.4093742,
2025-09-19 04:39:05+00:00,2025-09-19 04:39:05,54.0,39.0,38.0,54.0,54.0,36.03414224453171,303.0,BO_O2_RULE,제어매트릭스 규칙 적용: NOX_HIGH,55.4212494,13.1218748,1048.27502,970.875,43.875,1.0,,39.92,0.0,45.4,56.4187508,
2025-09-19 04:39:06+00:00,2025-09-19 04:39:06,,,,,,,,,,55.4249992,13.1484375,1047.97498,970.799988,43.875,1.0,,39.92,0.0,45.4,56.4093742,
2025-09-19 04:39:07+00:00,2025-09-19 04:39:07,,,,,,,,,,55.4249992,13.1484375,1047.75,970.724976,43.875,1.0,,39.92,0.0,45.4,56.4093742,
2025-09-19 04:39:08+00:00,2025-09-19 04:39:08,,,,,,,,,,55.4249992,13.1781254,1047.44995,970.575012,43.875,1.0,,39.92,0.0,45.4,56.4093742,
2025-09-19 04:39:09+00:00,2025-09-19 04:39:09,,,,,,,,,,55.4249992,13.2109375,1047.22498,970.5,43.1124992,1.0,,39.92,0.0,45.4,56.4187508,
2025-09-19 04:39:10+00:00,2025-09-19 04:39:10,54.0,39.0,38.0,54.0,54.0,33.9572055911972,303.0,BO_O2_RULE,제어매트릭스 규칙 적용: NOX_HIGH,55.4137497,13.2109375,1046.92505,970.424988,43.1124992,1.0,,39.92,0.0,43.06,56.4187508,
2025-09-19 04:39:11+00:00,2025-09-19 04:39:11,,,,,,,,,,55.4362488,13.25,1046.69995,970.349976,43.1124992,1.0,,39.92,0.0,43.06,56.4093742,
2025-09-19 04:39:12+00:00,2025-09-19 04:39:12,,,,,,,,,,55.4174995,13.2953129,1046.32495,970.275024,43.1124992,1.0,,39.92,0.0,43.06,56.4093742,
2025-09-19 04:39:13+00:00,2025-09-19 04:39:13,,,,,,,,,,55.4362488,13.2953129,1046.17505,970.125,42.1500015,1.0,,39.92,0.0,43.06,56.4093742,
2025-09-19 04:39:14+00:00,2025-09-19 04:39:14,,,,,,,,,,55.4212494,13.3515625,1045.80005,970.049988,41.0750008,1.0,,39.92,0.0,43.06,56.4093742,
2025-09-19 04:39:15+00:00,2025-09-19 04:39:15,54.0,39.0,38.0,54.0,54.0,29.72132930672466,303.0,BO_O2_RULE,제어매트릭스 규칙 적용: NOX_HIGH,55.4249992,13.3515625,1045.57495,969.974976,41.0750008,1.0,0.0,39.92,0.0,43.06,56.4187508,
2025-09-19 04:39:16+00:00,2025-09-19 04:39:16,,,,,,,,,,55.4212494,13.4015627,1045.27502,969.825012,41.0750008,1.0,,39.92,0.0,43.06,56.4093742,
2025-09-19 04:39:17+00:00,2025-09-19 04:39:17,,,,,,,,,,55.4362488,13.4468746,1045.05005,969.75,41.0750008,1.0,,39.92,0.0,43.06,56.4093742,
2025-09-19 04:39:18+00:00,2025-09-19 04:39:18,,,,,,,,,,55.4249992,13.4468746,1044.67505,969.599976,41.0875015,1.0,,39.92,0.0,43.06,56.4093742,
2025-09-19 04:39:19+00:00,2025-09-19 04:39:19,,,,,,,,,,55.4212494,13.4984379,1044.44995,969.525024,41.9249992,1.0,,39.92,0.0,43.06,56.4093742,
2025-09-19 04:39:20+00:00,2025-09-19 04:39:20,54.0,39.0,38.0,54.0,54.0,25.48031426584556,303.0,BO_O2_RULE,제어매트릭스 규칙 적용: NOX_HIGH,55.4625015,13.5578127,1044.15002,969.450012,41.9249992,1.0,,39.92,0.0,41.87,56.4093742,
2025-09-19 04:39:21+00:00,2025-09-19 04:39:21,,,,,,,,,,55.4249992,13.5578127,1043.77502,969.299988,41.9124985,1.0,,39.92,0.0,41.87,56.4093742,
2025-09-19 04:39:22+00:00,2025-09-19 04:39:22,,,,,,,,,,55.4287491,13.6218748,1043.55005,969.224976,41.9249992,1.0,,39.92,0.0,41.87,56.4187508,
2025-09-19 04:39:23+00:00,2025-09-19 04:39:23,,,,,,,,,,55.4362488,13.6218748,1043.32495,969.150024,41.125,1.0,,39.92,0.0,41.87,56.4093742,
2025-09-19 04:39:24+00:00,2025-09-19 04:39:24,,,,,,,,,,55.4174995,13.6859379,1042.94995,969.0,40.2249985,1.0,,39.92,0.0,41.87,56.4093742,
2025-09-19 04:39:25+00:00,2025-09-19 04:39:25,54.0,39.0,38.0,54.0,54.0,27.639927875088652,303.0,BO_O2_RULE,제어매트릭스 규칙 적용: NOX_HIGH,55.4474983,13.75,1042.72498,968.924988,40.2249985,1.0,,39.92,0.0,41.87,56.4093742,
2025-09-19 04:39:26+00:00,2025-09-19 04:39:26,,,,,,,,,,55.4287491,13.75,1042.34998,968.849976,40.2249985,1.0,,39.92,0.0,41.87,56.4093742,
2025-09-19 04:39:27+00:00,2025-09-19 04:39:27,,,,,,,,,,55.4324989,13.8093748,1042.125,968.700012,40.2249985,1.0,,39.92,0.0,41.87,56.4093742,
2025-09-19 04:39:28+00:00,2025-09-19 04:39:28,,,,,,,,,,55.4249992,13.8640623,1041.75,968.549988,40.2000008,1.0,,39.92,0.0,41.87,56.4093742,
2025-09-19 04:39:29+00:00,2025-09-19 04:39:29,,,,,,,,,,55.4249992,13.8640623,1041.52502,968.549988,39.0374985,1.0,,39.92,0.0,41.87,56.4093742,
2025-09-19 04:39:30+00:00,2025-09-19 04:39:30,54.0,39.0,38.0,54.0,54.0,32.38162724685517,303.0,BO_O2_RULE,제어매트릭스 규칙 적용: NOX_HIGH,55.4324989,13.921875,1041.22498,968.400024,39.0374985,1.0,0.0,39.92,0.0,39.06,56.4093742,
2025-09-19 04:39:31+00:00,2025-09-19 04:39:31,,,,,,,,,,55.4249992,13.921875,1040.92505,968.325012,39.0374985,1.0,,39.92,0.0,39.06,56.4093742,
2025-09-19 04:39:32+00:00,2025-09-19 04:39:32,,,,,,,,,,55.4362488,13.9703121,1040.55005,968.174988,39.0374985,1.0,,39.92,0.0,39.06,56.4093742,
2025-09-19 04:39:33+00:00,2025-09-19 04:39:33,,,,,,,,,,55.4550018,14.0078125,1040.32495,968.099976,38.5625,1.0,,39.92,0.0,39.06,56.4093742,
2025-09-19 04:39:34+00:00,2025-09-19 04:39:34,,,,,,,,,,55.4212494,14.0078125,1040.02502,967.950012,38.0250015,1.0,,39.92,0.0,39.06,56.4093742,
2025-09-19 04:39:35+00:00,2025-09-19 04:39:35,50.438749933333334,39.0,38.0,38.0,38.0,29.08798975128129,210.0,BO_O2,O2 규칙 적용: 14.0% (>12.0%),55.4287491,14.0390625,1039.72498,967.875,38.0250015,1.0,,39.92,0.0,39.06,56.4093742,
2025-09-19 04:39:36+00:00,2025-09-19 04:39:36,,,,,,,,,,55.4324989,14.0671873,1039.42505,967.724976,38.0250015,1.0,,39.92,0.0,39.06,56.4093742,
2025-09-19 04:39:37+00:00,2025-09-19 04:39:37,,,,,,,,,,55.4512482,14.0671873,1039.05005,967.575012,38.0125008,1.0,,39.92,0.0,39.06,56.4093742,
2025-09-19 04:39:38+00:00,2025-09-19 04:39:38,,,,,,,,,,52.0649986,14.0890627,1038.82495,967.5,37.9874992,1.0,,39.92,0.0,39.06,56.4093742,
2025-09-19 04:39:39+00:00,2025-09-19 04:39:39,,,,,,,,,,51.28125,14.0890627,1038.59998,967.424988,36.4124985,1.0,,39.92,0.0,39.06,56.3624992,
2025-09-19 04:39:40+00:00,2025-09-19 04:39:40,49.31624856666667,39.0,38.0,38.0,38.0,27.209888129406206,210.0,BO_O2,O2 규칙 적용: 14.1% (>12.0%),51.2700005,14.1156254,1038.22498,967.275024,36.4124985,1.0,,39.92,0.0,36.38,55.921875,
2025-09-19 04:39:41+00:00,2025-09-19 04:39:41,,,,,,,,,,51.2625008,14.1328125,1038.0,967.200012,36.4124985,1.0,,39.92,0.0,36.38,54.6937485,
2025-09-19 04:39:42+00:00,2025-09-19 04:39:42,,,,,,,,,,51.2137489,14.1328125,1037.69995,967.049988,36.4124985,1.0,,39.92,0.0,36.38,53.1749992,
2025-09-19 04:39:43+00:00,2025-09-19 04:39:43,,,,,,,,,,50.34375,14.1390629,1037.40002,966.974976,35.9625015,1.0,,39.92,0.0,36.38,51.9468765,
2025-09-19 04:39:44+00:00,2025-09-19 04:39:44,,,,,,,,,,50.1937485,14.1374998,1037.09998,966.825012,35.4625015,1.0,,39.92,0.0,36.38,50.9437485,
2025-09-19 04:39:45+00:00,2025-09-19 04:39:45,45.9399999,39.0,38.0,38.0,38.0,27.235615240081696,210.0,BO_O2,O2 규칙 적용: 14.1% (>12.0%),50.1937485,14.1374998,1036.875,966.674988,35.4625015,1.0,0.0,39.92,0.0,36.38,50.2593765,
2025-09-19 04:39:46+00:00,2025-09-19 04:39:46,,,,,,,,,,50.1974983,14.1281252,1036.57495,966.525024,35.4625015,1.0,,39.92,0.0,36.38,49.59375,
2025-09-19 04:39:47+00:00,2025-09-19 04:39:47,,,,,,,,,,50.2312508,14.1281252,1036.34998,966.450012,35.4625015,1.0,,39.92,0.0,36.38,49.03125,
2025-09-19 04:39:48+00:00,2025-09-19 04:39:48,,,,,,,,,,49.0237503,14.1078129,1036.05005,966.299988,35.4749985,1.0,,39.92,0.0,36.38,48.5625,
2025-09-19 04:39:49+00:00,2025-09-19 04:39:49,,,,,,,,,,47.0962486,14.0749998,1035.82495,966.224976,36.1624985,1.0,,39.92,0.0,36.38,48.375,
2025-09-19 04:39:50+00:00,2025-09-19 04:39:50,44.8174998,39.0,38.0,38.0,38.0,24.958255862724837,210.0,BO_O2,O2 규칙 적용: 14.1% (>12.0%),47.0250015,14.0749998,1035.44995,966.075012,36.1624985,1.0,,39.92,0.0,36.18,47.90625,
2025-09-19 04:39:51+00:00,2025-09-19 04:39:51,,,,,,,,,,47.0099983,14.0359373,1035.22498,966.0,36.1624985,1.0,,39.92,0.0,36.18,47.3718758,
2025-09-19 04:39:52+00:00,2025-09-19 04:39:52,,,,,,,,,,46.9987488,13.984375,1034.92505,965.849976,36.1624985,1.0,,39.92,0.0,36.18,46.3312492,
2025-09-19 04:39:53+00:00,2025-09-19 04:39:53,,,,,,,,,,46.1399994,13.984375,1034.69995,965.775024,35.5875015,1.0,,39.92,0.0,36.18,45.0093765,
2025-09-19 04:39:54+00:00,2025-09-19 04:39:54,,,,,,,,,,46.0499992,13.9109373,1034.47498,965.625,34.9625015,1.0,,39.92,0.0,36.18,44.109375,
2025-09-19 04:39:55+00:00,2025-09-19 04:39:55,41.71624883333334,39.0,38.0,38.0,38.0,29.055201528336706,210.0,BO_O2,O2 규칙 적용: 14.0% (>12.0%),46.0424995,13.9109373,1034.25,965.474976,34.9625015,1.0,,39.92,0.0,36.18,43.3687515,
2025-09-19 04:39:56+00:00,2025-09-19 04:39:56,,,,,,,,,,46.0499992,13.8421879,1033.875,965.400024,34.9625015,1.0,,39.92,0.0,36.18,42.6468735,
2025-09-19 04:39:57+00:00,2025-09-19 04:39:57,,,,,,,,,,45.9900017,13.7749996,1033.65002,965.25,34.9625015,1.0,,39.92,0.0,36.18,42.046875,
2025-09-19 04:39:58+00:00,2025-09-19 04:39:58,,,,,,,,,,43.0424995,13.7749996,1033.34998,965.099976,34.9124985,1.0,,39.92,0.0,36.18,41.6906242,
2025-09-19 04:39:59+00:00,2025-09-19 04:39:59,,,,,,,,,,42.9000015,13.7046871,1033.19995,965.025024,32.4375,1.0,,39.92,0.0,36.18,41.2687492,
2025-09-19 04:40:00+00:00,2025-09-19 04:40:00,40.02750013333334,39.0,38.0,38.0,38.0,27.684045150010604,210.0,BO_O2,O2 규칙 적용: 13.8% (>12.0%),42.8587494,13.6421871,1032.90002,964.875,32.4375,1.0,0.0,39.92,0.0,32.5,40.9500008,
2025-09-19 04:40:01+00:00,2025-09-19 04:40:01,,,,,,,,,,42.8962517,13.6421871,1032.67505,964.799988,32.4249992,1.0,,39.92,0.0,32.5,39.8343735,
2025-09-19 04:40:02+00:00,2025-09-19 04:40:02,,,,,,,,,,42.7162514,13.5749998,1032.375,964.650024,32.4249992,1.0,,39.92,0.0,32.5,38.8312492,
2025-09-19 04:40:03+00:00,2025-09-19 04:40:03,,,,,,,,,,40.9049988,13.5749998,1032.22498,964.5,31.8250008,1.0,,39.92,0.0,32.5,37.640625,
2025-09-19 04:40:04+00:00,2025-09-19 04:40:04,,,,,,,,,,40.8074989,13.5015621,1031.84998,964.349976,31.1625004,1.0,,39.92,0.0,32.5,36.7218742,
2025-09-19 04:40:05+00:00,2025-09-19 04:40:05,38.0,39.0,38.0,38.0,38.0,21.068419160548785,210.0,BO_O2,O2 규칙 적용: 13.6% (>12.0%),40.7962494,13.4265623,1031.69995,964.275024,31.1625004,1.0,,39.92,0.0,32.5,35.953125,
2025-09-19 04:40:06+00:00,2025-09-19 04:40:06,,,,,,,,,,40.8149986,13.4265623,1031.40002,964.125,31.1625004,1.0,,39.92,0.0,32.5,35.3062515,
2025-09-19 04:40:07+00:00,2025-09-19 04:40:07,,,,,,,,,,40.7775002,13.3609371,1031.25,964.049988,31.1625004,1.0,,39.92,0.0,32.5,34.3968735,
2025-09-19 04:40:08+00:00,2025-09-19 04:40:08,,,,,,,,,,38.6850014,13.2953129,1030.94995,963.900024,31.125,1.0,,39.92,0.0,32.5,33.5906258,
2025-09-19 04:40:09+00:00,2025-09-19 04:40:09,,,,,,,,,,38.6474991,13.2953129,1030.80005,963.75,29.3125,1.0,,39.92,0.0,32.5,32.8781242,
2025-09-19 04:40:10+00:00,2025-09-19 04:40:10,38.0,39.0,38.0,38.0,38.0,18.708525633923678,210.0,BO_O2,O2 규칙 적용: 13.4% (>12.0%),38.6549988,13.2281246,1030.5,963.674988,29.3125,1.0,,39.92,0.0,29.3,32.484375,
2025-09-19 04:40:11+00:00,2025-09-19 04:40:11,,,,,,,,,,38.6512489,13.2281246,1030.27502,963.525024,29.3125,1.0,,39.92,0.0,29.3,31.828125,
2025-09-19 04:40:12+00:00,2025-09-19 04:40:12,,,,,,,,,,38.6399994,13.1703129,1030.05005,963.375,29.3125,1.0,,39.92,0.0,29.3,30.7593746,
2025-09-19 04:40:13+00:00,2025-09-19 04:40:13,,,,,,,,,,38.6437492,13.1265621,1029.82495,963.299988,28.8250008,1.0,,39.92,0.0,29.3,29.9249992,
2025-09-19 04:40:14+00:00,2025-09-19 04:40:14,,,,,,,,,,38.6399994,13.1265621,1029.59998,963.150024,28.3125,1.0,,39.92,0.0,29.3,29.2687492,
2025-09-19 04:40:15+00:00,2025-09-19 04:40:15,38.0,39.0,38.0,38.0,38.0,17.17219910302885,210.0,BO_O2,O2 규칙 적용: 13.2% (>12.0%),38.6399994,13.0859375,1029.375,963.0,28.3125,1.0,0.0,39.92,0.0,29.3,29.015625,
2025-09-19 04:40:16+00:00,2025-09-19 04:40:16,,,,,,,,,,38.6437492,13.0515623,1029.15002,962.849976,28.2999992,1.0,,39.92,0.0,29.3,28.5843754,
2025-09-19 04:40:17+00:00,2025-09-19 04:40:17,,,,,,,,,,38.6362495,13.0515623,1029.0,962.700012,28.2999992,1.0,,39.92,0.0,29.3,28.3968754,
2025-09-19 04:40:18+00:00,2025-09-19 04:40:18,,,,,,,,,,38.6474991,13.0187502,1028.69995,962.549988,28.3125,1.0,,39.92,0.0,29.3,28.3968754,
2025-09-19 04:40:19+00:00,2025-09-19 04:40:19,,,,,,,,,,38.6437492,12.9859371,1028.47498,962.474976,28.4750004,1.0,,39.92,0.0,29.3,28.3968754,
2025-09-19 04:40:20+00:00,2025-09-19 04:40:20,38.0,39.0,38.0,38.0,38.0,17.522469552297316,210.0,BO_O2,O2 규칙 적용: 13.0% (>12.0%),38.6662483,12.9859371,1028.25,962.325012,28.4750004,1.0,,39.92,0.0,29.3,28.3968754,
2025-09-19 04:40:21+00:00,2025-09-19 04:40:21,,,,,,,,,,38.6512489,12.9578123,1028.02502,962.174988,28.4750004,1.0,,39.92,0.0,28.49,28.3968754,
2025-09-19 04:40:22+00:00,2025-09-19 04:40:22,,,,,,,,,,38.6399994,12.9578123,1027.875,962.099976,28.4750004,1.0,,39.92,0.0,28.49,28.3968754,
2025-09-19 04:40:23+00:00,2025-09-19 04:40:23,,,,,,,,,,38.6399994,12.9328127,1027.65002,961.950012,27.4750004,1.0,,39.92,0.0,28.49,28.3968754,
2025-09-19 04:40:24+00:00,2025-09-19 04:40:24,,,,,,,,,,38.6737518,12.9125004,1027.42505,961.799988,26.4500008,1.0,,39.92,0.0,28.49,28.3968754,
2025-09-19 04:40:25+00:00,2025-09-19 04:40:25,38.0,39.0,38.0,38.0,38.0,18.04443267469105,210.0,BO_O2,O2 규칙 적용: 12.9% (>12.0%),38.6474991,12.9125004,1027.27502,961.650024,26.4500008,1.0,,39.92,0.0,28.49,28.3968754,
2025-09-19 04:40:26+00:00,2025-09-19 04:40:26,,,,,,,,,,38.6512489,12.8937502,1027.05005,961.575012,26.4500008,1.0,,39.92,0.0,28.49,28.3875008,
2025-09-19 04:40:27+00:00,2025-09-19 04:40:27,,,,,,,,,,38.6399994,12.8937502,1026.90002,961.424988,26.4500008,1.0,,39.92,0.0,28.49,28.3968754,
2025-09-19 04:40:28+00:00,2025-09-19 04:40:28,,,,,,,,,,38.6474991,12.8609371,1026.75,961.275024,26.4125004,1.0,,39.92,0.0,28.49,28.3968754,
2025-09-19 04:40:29+00:00,2025-09-19 04:40:29,,,,,,,,,,38.6437492,12.8156252,1026.52502,961.125,24.7625008,1.0,,39.92,0.0,28.49,28.3968754,
2025-09-19 04:40:30+00:00,2025-09-19 04:40:30,38.0,39.0,38.0,38.0,38.0,17.806292374168184,210.0,BO_O2,O2 규칙 적용: 12.9% (>12.0%),38.6399994,12.8156252,1026.375,961.049988,24.7625008,1.0,0.0,39.92,0.0,24.79,28.3968754,
2025-09-19 04:40:31+00:00,2025-09-19 04:40:31,,,,,,,,,,38.6399994,12.7718754,1026.15002,960.900024,24.75,1.0,,39.92,0.0,24.79,28.3968754,
2025-09-19 04:40:32+00:00,2025-09-19 04:40:32,,,,,,,,,,38.6662483,12.7328129,1026.07495,960.825012,24.7625008,1.0,,39.92,0.0,24.79,28.2374992,
2025-09-19 04:40:33+00:00,2025-09-19 04:40:33,,,,,,,,,,38.6512489,12.7328129,1025.77502,960.599976,24.1749992,1.0,,39.92,0.0,24.79,28.2093754,
2025-09-19 04:40:34+00:00,2025-09-19 04:40:34,,,,,,,,,,38.6587486,12.6890621,1025.69995,960.525024,23.4874992,1.0,,39.92,0.0,24.79,28.3875008,
2025-09-19 04:40:35+00:00,2025-09-19 04:40:35,38.0,39.0,38.0,38.0,38.0,14.23474013342721,210.0,BO_O2,O2 규칙 적용: 12.7% (>12.0%),38.6362495,12.6890621,1025.55005,960.375,23.4874992,1.0,,39.92,0.0,24.79,28.3968754,
2025-09-19 04:40:36+00:00,2025-09-19 04:40:36,,,,,,,,,,38.6399994,12.6468754,1025.32495,960.299988,23.4874992,1.0,,39.92,0.0,24.79,28.3968754,
2025-09-19 04:40:37+00:00,2025-09-19 04:40:37,,,,,,,,,,38.6474991,12.6046877,1025.17505,960.075012,23.4874992,1.0,,39.92,0.0,24.79,28.3968754,
2025-09-19 04:40:38+00:00,2025-09-19 04:40:38,,,,,,,,,,38.6437492,12.6046877,1025.02502,960.0,23.4375,1.0,,39.92,0.0,24.79,28.3875008,
2025-09-19 04:40:39+00:00,2025-09-19 04:40:39,,,,,,,,,,38.6324997,12.5625,1024.875,959.849976,21.5499992,1.0,,39.92,0.0,24.79,28.3968754,
2025-09-19 04:40:40+00:00,2025-09-19 04:40:40,38.0,39.0,38.0,38.0,38.0,13.205107601368967,210.0,BO_O2,O2 규칙 적용: 12.6% (>12.0%),38.6399994,12.5203123,1024.72498,959.775024,21.5499992,1.0,,39.92,0.0,21.59,28.3968754,
2025-09-19 04:40:41+00:00,2025-09-19 04:40:41,,,,,,,,,,38.6362495,12.5203123,1024.57495,959.625,21.5499992,1.0,,39.92,0.0,21.59,28.3968754,
2025-09-19 04:40:42+00:00,2025-09-19 04:40:42,,,,,,,,,,38.6437492,12.4796877,1024.42505,959.474976,21.5499992,1.0,,39.92,0.0,21.59,28.2000008,
2025-09-19 04:40:43+00:00,2025-09-19 04:40:43,,,,,,,,,,38.6362495,12.4796877,1024.27502,959.325012,21.2374992,1.0,,39.92,0.0,21.59,28.2093754,
2025-09-19 04:40:44+00:00,2025-09-19 04:40:44,,,,,,,,,,38.6474991,12.4328127,1024.19995,959.25,20.8624992,1.0,,39.92,0.0,21.59,28.2093754,
2025-09-19 04:40:45+00:00,2025-09-19 04:40:45,38.0,39.0,38.0,38.0,38.0,11.557647851592273,210.0,BO_O2,O2 규칙 적용: 12.5% (>12.0%),38.6399994,12.3921871,1024.05005,959.099976,20.875,1.0,0.0,39.92,0.0,21.59,28.2093754,
2025-09-19 04:40:46+00:00,2025-09-19 04:40:46,,,,,,,,,,38.6324997,12.3921871,1023.90002,959.025024,20.875,1.0,,39.92,0.0,21.59,28.2093754,
2025-09-19 04:40:47+00:00,2025-09-19 04:40:47,,,,,,,,,,38.6362495,12.3531246,1023.75,958.875,20.8624992,1.0,,39.92,0.0,21.59,28.3968754,
2025-09-19 04:40:48+00:00,2025-09-19 04:40:48,,,,,,,,,,38.6399994,12.3140621,1023.59998,958.724976,20.8875008,1.0,,39.92,0.0,21.59,28.2093754,
2025-09-19 04:40:49+00:00,2025-09-19 04:40:49,,,,,,,,,,38.6437492,12.3140621,1023.52502,958.650024,21.3875008,1.0,,39.92,0.0,21.59,28.2093754,
2025-09-19 04:40:50+00:00,2025-09-19 04:40:50,38.0,39.0,38.0,38.0,38.0,11.056120375408982,210.0,BO_O2,O2 규칙 적용: 12.4% (>12.0%),38.6549988,12.2796879,1023.375,958.5,21.375,1.0,,39.92,0.0,21.38,28.2093754,
2025-09-19 04:40:51+00:00,2025-09-19 04:40:51,,,,,,,,,,38.6512489,12.2484379,1023.22498,958.349976,21.375,1.0,,39.92,0.0,21.38,28.3500004,
2025-09-19 04:40:52+00:00,2025-09-19 04:40:52,,,,,,,,,,38.6399994,12.2484379,1023.15002,958.200012,21.3875008,1.0,,39.92,0.0,21.38,28.3968754,
2025-09-19 04:40:53+00:00,2025-09-19 04:40:53,,,,,,,,,,38.6324997,12.2156248,1023.0,958.049988,20.6000004,1.0,,39.92,0.0,21.38,28.3968754,
2025-09-19 04:40:54+00:00,2025-09-19 04:40:54,,,,,,,,,,38.6399994,12.2156248,1022.92499,958.049988,19.6875,1.0,,39.92,0.0,21.38,28.3968754,
2025-09-19 04:40:55+00:00,2025-09-19 04:40:55,38.0,39.0,38.0,38.0,38.0,11.743149321966419,210.0,BO_O2,O2 규칙 적용: 12.2% (>12.0%),38.6737518,12.1921873,1022.77502,957.825012,19.7000008,1.0,,39.92,0.0,21.38,28.3968754,
2025-09-19 04:40:56+00:00,2025-09-19 04:40:56,,,,,,,,,,38.6512489,12.1687498,1022.70001,957.75,19.7000008,1.0,,39.92,0.0,21.38,28.3968754,
2025-09-19 04:40:57+00:00,2025-09-19 04:40:57,,,,,,,,,,38.6324997,12.1687498,1022.54999,957.599976,19.6875,1.0,,39.92,0.0,21.38,28.3968754,
2025-09-19 04:40:58+00:00,2025-09-19 04:40:58,,,,,,,,,,38.6287498,12.1484375,1022.47498,957.450012,19.6625004,1.0,,39.92,0.0,21.38,28.3968754,
2025-09-19 04:40:59+00:00,2025-09-19 04:40:59,,,,,,,,,,38.6287498,12.1328125,1022.32501,957.299988,18.8500004,1.0,,39.92,0.0,21.38,28.3968754,
2025-09-19 04:41:00+00:00,2025-09-19 04:41:00,38.0,39.0,38.0,38.0,38.0,12.98877251785242,210.0,BO_O2,O2 규칙 적용: 12.2% (>12.0%),38.6549988,12.1328125,1022.25,957.224976,18.8500004,1.0,0.0,39.92,0.0,18.86,28.3968754,
2025-09-19 04:41:01+00:00,2025-09-19 04:41:01,,,,,,,,,,38.6474991,12.1218748,1022.09998,957.150024,18.8500004,1.0,,39.92,0.0,18.86,28.3968754,
2025-09-19 04:41:02+00:00,2025-09-19 04:41:02,,,,,,,,,,38.6437492,12.1218748,1022.02502,957.0,18.8500004,1.0,,39.92,0.0,18.86,28.3968754,
2025-09-19 04:41:03+00:00,2025-09-19 04:41:03,,,,,,,,,,38.6324997,12.1000004,1021.95001,956.849976,18.6124992,1.0,,39.92,0.0,18.86,28.3968754,
2025-09-19 04:41:04+00:00,2025-09-19 04:41:04,,,,,,,,,,38.6362495,12.0812502,1021.79999,956.700012,18.3500004,1.0,,39.92,0.0,18.86,28.3968754,
2025-09-19 04:41:05+00:00,2025-09-19 04:41:05,38.0,39.0,38.0,38.0,38.0,11.51330264251422,210.0,BO_O2,O2 규칙 적용: 12.1% (>12.0%),38.6474991,12.0812502,1021.72498,956.625,18.3374996,1.0,,39.92,0.0,18.86,28.3968754,
2025-09-19 04:41:06+00:00,2025-09-19 04:41:06,,,,,,,,,,38.6324997,12.0625,1021.65002,956.474976,18.3500004,1.0,,39.92,0.0,18.86,28.3968754,
2025-09-19 04:41:07+00:00,2025-09-19 04:41:07,,,,,,,,,,38.6362495,12.0437498,1021.57501,956.325012,18.3374996,1.0,,39.92,0.0,18.86,28.3968754,
2025-09-19 04:41:08+00:00,2025-09-19 04:41:08,,,,,,,,,,38.6362495,12.0437498,1021.5,956.25,18.3250008,1.0,,39.92,0.0,18.86,28.3968754,
2025-09-19 04:41:09+00:00,2025-09-19 04:41:09,,,,,,,,,,38.6474991,12.0296879,1021.34998,956.099976,17.8374996,1.0,,39.92,0.0,18.86,28.3968754,
2025-09-19 04:41:10+00:00,2025-09-19 04:41:10,38.0,39.0,38.0,38.0,38.0,10.98282033988731,210.0,BO_O2,O2 규칙 적용: 12.0% (>12.0%),38.6474991,12.0296879,1021.27502,956.025024,17.8374996,1.0,,39.92,0.0,17.9,28.3968754,
2025-09-19 04:41:11+00:00,2025-09-19 04:41:11,,,,,,,,,,38.6512489,12.0281248,1021.20001,955.799988,17.8374996,1.0,,39.92,0.0,17.9,28.3968754,
2025-09-19 04:41:12+00:00,2025-09-19 04:41:12,,,,,,,,,,38.6474991,12.0265627,1021.125,955.724976,17.8374996,1.0,,39.92,0.0,17.9,28.3968754,
2025-09-19 04:41:13+00:00,2025-09-19 04:41:13,,,,,,,,,,38.6399994,12.0265627,1021.04999,955.650024,17.7124996,1.0,,39.92,0.0,17.9,28.3875008,
2025-09-19 04:41:14+00:00,2025-09-19 04:41:14,,,,,,,,,,38.6399994,12.0234375,1020.97498,955.5,17.5874996,1.0,,39.92,0.0,17.9,28.3968754,
2025-09-19 04:41:15+00:00,2025-09-19 04:41:15,38.0,39.0,38.0,38.0,38.0,11.815749375446805,210.0,BO_O2,O2 규칙 적용: 12.0% (>12.0%),38.6512489,12.0203123,1020.82501,955.424988,17.5874996,1.0,0.0,39.92,0.0,17.9,28.3968754,
2025-09-19 04:41:16+00:00,2025-09-19 04:41:16,,,,,,,,,,38.6474991,12.0203123,1020.82501,955.275024,17.5874996,1.0,,39.92,0.0,17.9,28.3968754,
2025-09-19 04:41:17+00:00,2025-09-19 04:41:17,,,,,,,,,,38.6399994,12.0124998,1020.75,955.125,17.5750008,1.0,,39.92,0.0,17.9,28.3875008,
2025-09-19 04:41:18+00:00,2025-09-19 04:41:18,,,,,,,,,,38.6362495,12.0124998,1020.59998,955.049988,17.9874992,1.0,,39.92,0.0,17.9,28.3968754,
2025-09-19 04:41:19+00:00,2025-09-19 04:41:19,,,,,,,,,,38.6437492,11.9968748,1020.52502,954.900024,18.0125008,1.0,,39.92,0.0,17.9,28.3968754,
2025-09-19 04:41:20+00:00,2025-09-19 04:41:20,38.0,39.0,38.0,38.0,38.0,13.735976040248003,210.0,BO_O2,O2 규칙 적용: 12.0% (>12.0%),38.6474991,11.9859371,1020.45001,954.75,18.0,1.0,,39.92,0.0,18.07,28.3968754,
2025-09-19 04:41:21+00:00,2025-09-19 04:41:21,,,,,,,,,,38.6399994,11.9859371,1020.375,954.599976,18.0,1.0,,39.92,0.0,18.07,28.3968754,
2025-09-19 04:41:22+00:00,2025-09-19 04:41:22,,,,,,,,,,38.6437492,11.984375,1020.375,954.525024,18.0125008,1.0,,39.92,0.0,18.07,28.3968754,
2025-09-19 04:41:23+00:00,2025-09-19 04:41:23,,,,,,,,,,38.6474991,11.9875002,1020.15002,954.375,18.0125008,1.0,,39.92,0.0,18.07,28.3968754,
2025-09-19 04:41:24+00:00,2025-09-19 04:41:24,,,,,,,,,,38.6362495,11.9875002,1020.15002,954.299988,18.0,1.0,,39.92,0.0,18.07,28.3968754,
2025-09-19 04:41:25+00:00,2025-09-19 04:41:25,38.0,39.0,39.0,38.0,38.0,15.174759679518761,305.0,BO_O2_RULE,제어매트릭스 규칙 적용: O2_HIGH,38.6399994,11.9984379,1020.07501,954.224976,18.0,1.0,,39.92,0.0,18.07,28.3968754,
2025-09-19 04:41:26+00:00,2025-09-19 04:41:26,,,,,,,,,,38.6512489,11.9984379,1020.0,954.075012,18.0,1.0,,39.92,0.0,18.07,28.3968754,
2025-09-19 04:41:27+00:00,2025-09-19 04:41:27,,,,,,,,,,38.6399994,12.0171871,1019.92499,953.924988,18.0,1.0,,39.92,0.0,18.07,28.3968754,
2025-09-19 04:41:28+00:00,2025-09-19 04:41:28,,,,,,,,,,38.6362495,12.0296879,1019.92499,953.849976,18.0874996,1.0,,39.92,0.0,18.07,28.2093754,
2025-09-19 04:41:29+00:00,2025-09-19 04:41:29,,,,,,,,,,38.6437492,12.0296879,1019.77502,953.700012,18.0874996,1.0,,39.92,0.0,18.07,28.2093754,
2025-09-19 04:41:30+00:00,2025-09-19 04:41:30,38.0,39.0,38.0,38.0,38.0,17.8056263560801,210.0,BO_O2,O2 규칙 적용: 12.0% (>12.0%),38.6512489,12.0328121,1019.77502,953.625,18.0874996,1.0,0.0,39.92,0.0,18.07,28.2843742,
2025-09-19 04:41:31+00:00,2025-09-19 04:41:31,,,,,,,,,,38.6437492,12.0296879,1019.625,953.474976,18.0874996,1.0,,39.92,0.0,18.11,28.3968754,
2025-09-19 04:41:32+00:00,2025-09-19 04:41:32,,,,,,,,,,38.6549988,12.0296879,1019.625,953.400024,18.0874996,1.0,,39.92,0.0,18.11,28.2749996,
2025-09-19 04:41:33+00:00,2025-09-19 04:41:33,,,,,,,,,,38.6437492,12.0359373,1019.54999,953.25,18.1749992,1.0,,39.92,0.0,18.11,28.2093754,
2025-09-19 04:41:34+00:00,2025-09-19 04:41:34,,,,,,,,,,38.6512489,12.0359373,1019.47498,953.099976,18.1749992,1.0,,39.92,0.0,18.11,28.2093754,
2025-09-19 04:41:35+00:00,2025-09-19 04:41:35,38.0,39.0,38.0,38.0,38.0,17.898128118922465,210.0,BO_O2,O2 규칙 적용: 12.0% (>12.0%),38.6287498,12.046875,1019.40002,953.025024,18.1749992,1.0,,39.92,0.0,18.11,28.2281246,
2025-09-19 04:41:36+00:00,2025-09-19 04:41:36,,,,,,,,,,38.6362495,12.0484371,1019.32501,952.875,18.1749992,1.0,,39.92,0.0,18.11,28.3968754,
2025-09-19 04:41:37+00:00,2025-09-19 04:41:37,,,,,,,,,,38.6362495,12.0484371,1019.25,952.724976,18.1749992,1.0,,39.92,0.0,18.11,28.2093754,
2025-09-19 04:41:38+00:00,2025-09-19 04:41:38,,,,,,,,,,38.6399994,12.0500002,1019.25,952.650024,17.9375,1.0,,39.92,0.0,18.11,28.2093754,
2025-09-19 04:41:39+00:00,2025-09-19 04:41:39,,,,,,,,,,38.6474991,12.0515623,1019.17499,952.575012,17.9249992,1.0,,39.92,0.0,18.11,28.2093754,
2025-09-19 04:41:40+00:00,2025-09-19 04:41:40,38.0,39.0,38.0,38.0,38.0,17.18147763156279,210.0,BO_O2,O2 규칙 적용: 12.0% (>12.0%),38.6474991,12.0515623,1019.09998,952.5,17.9249992,1.0,,39.92,0.0,17.98,28.2093754,
2025-09-19 04:41:41+00:00,2025-09-19 04:41:41,,,,,,,,,,38.6362495,12.0515623,1019.02502,952.349976,17.9249992,1.0,,39.92,0.0,17.98,28.3968754,
2025-09-19 04:41:42+00:00,2025-09-19 04:41:42,,,,,,,,,,38.6362495,12.0515623,1018.95001,952.200012,17.9249992,1.0,,39.92,0.0,17.98,28.2093754,
2025-09-19 04:41:43+00:00,2025-09-19 04:41:43,,,,,,,,,,38.6399994,12.0515623,1018.875,952.125,18.3999996,1.0,,39.92,0.0,17.98,28.2093754,
2025-09-19 04:41:44+00:00,2025-09-19 04:41:44,,,,,,,,,,38.6399994,12.0609379,1018.875,951.974976,18.8500004,1.0,,39.92,0.0,17.98,28.2093754,
2025-09-19 04:41:45+00:00,2025-09-19 04:41:45,38.0,39.0,38.0,38.0,38.0,16.55183069414304,210.0,BO_O2,O2 규칙 적용: 12.1% (>12.0%),38.6549988,12.0609379,1018.79999,951.825012,18.8500004,1.0,0.0,39.92,0.0,17.98,28.3781242,
2025-09-19 04:41:46+00:00,2025-09-19 04:41:46,,,,,,,,,,38.6624985,12.0687504,1018.72498,951.75,18.8500004,1.0,,39.92,0.0,17.98,28.3968754,
2025-09-19 04:41:47+00:00,2025-09-19 04:41:47,,,,,,,,,,38.6324997,12.0640621,1018.72498,951.599976,18.8500004,1.0,,39.92,0.0,17.98,28.3968754,
2025-09-19 04:41:48+00:00,2025-09-19 04:41:48,,,,,,,,,,38.6512489,12.0640621,1018.65002,951.525024,18.9375,1.0,,39.92,0.0,17.98,28.3968754,
2025-09-19 04:41:49+00:00,2025-09-19 04:41:49,,,,,,,,,,38.6474991,12.0593748,1018.57501,951.450012,18.9375,1.0,,39.92,0.0,17.98,28.3968754,
2025-09-19 04:41:50+00:00,2025-09-19 04:41:50,38.0,39.0,38.0,38.0,38.0,18.215645104005993,210.0,BO_O2,O2 규칙 적용: 12.1% (>12.0%),38.6324997,12.0593748,1018.57501,951.299988,18.9375,1.0,,39.92,0.0,19.01,28.3968754,
2025-09-19 04:41:51+00:00,2025-09-19 04:41:51,,,,,,,,,,38.6399994,12.0500002,1018.5,951.150024,18.9249992,1.0,,39.92,0.0,19.01,28.3968754,
2025-09-19 04:41:52+00:00,2025-09-19 04:41:52,,,,,,,,,,38.6474991,12.0453129,1018.42499,951.075012,18.9375,1.0,,39.92,0.0,19.01,28.3968754,
2025-09-19 04:41:53+00:00,2025-09-19 04:41:53,,,,,,,,,,38.6287498,12.0453129,1018.42499,951.0,18.6749992,1.0,,39.92,0.0,19.01,28.3968754,
2025-09-19 04:41:54+00:00,2025-09-19 04:41:54,,,,,,,,,,38.6362495,12.0437498,1018.42499,950.849976,18.4249992,1.0,,39.92,0.0,19.01,28.3968754,
2025-09-19 04:41:55+00:00,2025-09-19 04:41:55,38.0,39.0,38.0,38.0,38.0,18.638022163777176,210.0,BO_O2,O2 규칙 적용: 12.0% (>12.0%),38.6362495,12.0375004,1018.34998,950.775024,18.4249992,1.0,,39.92,0.0,19.01,28.3968754,
2025-09-19 04:41:56+00:00,2025-09-19 04:41:56,,,,,,,,,,38.6474991,12.0375004,1018.34998,950.625,18.4249992,1.0,,39.92,0.0,19.01,28.3968754,
2025-09-19 04:41:57+00:00,2025-09-19 04:41:57,,,,,,,,,,38.6287498,12.0187502,1018.27502,950.474976,18.4249992,1.0,,39.92,0.0,19.01,28.3968754,
2025-09-19 04:41:58+00:00,2025-09-19 04:41:58,,,,,,,,,,38.6512489,12.0187502,1018.20001,950.474976,18.8374996,1.0,,39.92,0.0,19.01,28.3968754,
2025-09-19 04:41:59+00:00,2025-09-19 04:41:59,,,,,,,,,,38.6362495,12.0,1018.20001,950.325012,18.8500004,1.0,,39.92,0.0,19.01,28.3968754,
2025-09-19 04:42:00+00:00,2025-09-19 04:42:00,38.0,39.0,38.0,38.0,38.0,17.878703242653273,210.0,BO_O2,O2 규칙 적용: 12.0% (>12.0%),38.6362495,11.9984379,1018.20001,950.25,18.8500004,1.0,0.0,39.92,0.0,18.92,28.40625,
2025-09-19 04:42:01+00:00,2025-09-19 04:42:01,,,,,,,,,,38.6399994,11.9984379,1018.125,950.099976,18.8500004,1.0,,39.92,0.0,18.92,28.3968754,
2025-09-19 04:42:02+00:00,2025-09-19 04:42:02,,,,,,,,,,38.6512489,11.9984379,1018.04999,950.025024,18.8500004,1.0,,39.92,0.0,18.92,28.40625,
2025-09-19 04:42:03+00:00,2025-09-19 04:42:03,,,,,,,,,,38.6437492,11.9921875,1018.04999,949.875,19.0750008,1.0,,39.92,0.0,18.92,28.3968754,
2025-09-19 04:42:04+00:00,2025-09-19 04:42:04,,,,,,,,,,38.6399994,11.9921875,1018.04999,949.799988,19.2749996,1.0,,39.92,0.0,18.92,28.3968754,
2025-09-19 04:42:05+00:00,2025-09-19 04:42:05,38.0,39.0,39.0,38.0,38.0,16.387207204824147,305.0,BO_O2_RULE,제어매트릭스 규칙 적용: O2_HIGH,38.6362495,11.984375,1017.97498,949.650024,19.2749996,1.0,,39.92,0.0,18.92,28.3968754,
2025-09-19 04:42:06+00:00,2025-09-19 04:42:06,,,,,,,,,,38.6399994,11.984375,1017.97498,949.575012,19.2749996,1.0,,39.92,0.0,18.92,28.3968754,
2025-09-19 04:42:07+00:00,2025-09-19 04:42:07,,,,,,,,,,38.6362495,11.9796877,1017.97498,949.424988,19.2749996,1.0,,39.92,0.0,18.92,28.3968754,
2025-09-19 04:42:08+00:00,2025-09-19 04:42:08,,,,,,,,,,38.6399994,11.9703121,1017.90002,949.349976,19.1000004,1.0,,39.92,0.0,18.92,28.3968754,
2025-09-19 04:42:09+00:00,2025-09-19 04:42:09,,,,,,,,,,38.6474991,11.9703121,1017.82501,949.275024,19.1000004,1.0,,39.92,0.0,18.92,28.40625,
2025-09-19 04:42:10+00:00,2025-09-19 04:42:10,38.0,39.0,39.0,38.0,38.0,18.474861698457882,305.0,BO_O2_RULE,제어매트릭스 규칙 적용: O2_HIGH,38.6474991,11.9671879,1017.75,949.200012,19.1000004,1.0,,39.92,0.0,19.15,28.3968754,
2025-09-19 04:42:11+00:00,2025-09-19 04:42:11,,,,,,,,,,38.6662483,11.9750004,1017.75,949.049988,19.1000004,1.0,,39.92,0.0,19.15,28.3968754,
2025-09-19 04:42:12+00:00,2025-09-19 04:42:12,,,,,,,,,,38.6437492,11.9750004,1017.75,948.900024,19.1000004,1.0,,39.92,0.0,19.15,28.3968754,
2025-09-19 04:42:13+00:00,2025-09-19 04:42:13,,,,,,,,,,38.6399994,11.9921875,1017.67499,948.825012,19.1499996,1.0,,39.92,0.0,19.15,28.3968754,
2025-09-19 04:42:14+00:00,2025-09-19 04:42:14,,,,,,,,,,38.6399994,11.9921875,1017.67499,948.75,19.1875,1.0,,39.92,0.0,19.15,28.3968754,
2025-09-19 04:42:15+00:00,2025-09-19 04:42:15,38.0,39.0,39.0,38.0,38.0,18.34134354410472,305.0,BO_O2_RULE,제어매트릭스 규칙 적용: O2_HIGH,38.6362495,12.0062504,1017.59998,948.599976,19.1875,1.0,0.0,39.92,0.0,19.15,28.3968754,
2025-09-19 04:42:16+00:00,2025-09-19 04:42:16,,,,,,,,,,38.6775017,12.015625,1017.52502,948.525024,19.1875,1.0,,39.92,0.0,19.15,28.3968754,
2025-09-19 04:42:17+00:00,2025-09-19 04:42:17,,,,,,,,,,38.6512489,12.015625,1017.45001,948.375,19.1875,1.0,,39.92,0.0,19.15,28.3968754,
2025-09-19 04:42:18+00:00,2025-09-19 04:42:18,,,,,,,,,,38.6399994,12.0375004,1017.52502,948.375,19.8500004,1.0,,39.92,0.0,19.15,28.3968754,
2025-09-19 04:42:19+00:00,2025-09-19 04:42:19,,,,,,,,,,38.6362495,12.0703125,1017.375,948.224976,19.8624992,1.0,,39.92,0.0,19.15,28.3968754,
2025-09-19 04:42:20+00:00,2025-09-19 04:42:20,38.0,39.0,38.0,38.0,38.0,17.665828552965984,210.0,BO_O2,O2 규칙 적용: 12.0% (>12.0%),38.6324997,12.0703125,1017.29999,948.150024,19.8624992,1.0,,39.92,0.0,19.93,28.3968754,
2025-09-19 04:42:21+00:00,2025-09-19 04:42:21,,,,,,,,,,38.6399994,12.1015625,1017.22498,948.0,19.8624992,1.0,,39.92,0.0,19.93,28.3968754,
2025-09-19 04:42:22+00:00,2025-09-19 04:42:22,,,,,,,,,,38.6437492,12.1234379,1017.22498,947.849976,19.8624992,1.0,,39.92,0.0,19.93,28.3968754,
2025-09-19 04:42:23+00:00,2025-09-19 04:42:23,,,,,,,,,,38.6437492,12.1234379,1017.22498,947.849976,19.6375008,1.0,,39.92,0.0,19.93,28.3968754,
2025-09-19 04:42:24+00:00,2025-09-19 04:42:24,,,,,,,,,,38.6362495,12.1437502,1017.15002,947.700012,19.4375,1.0,,39.92,0.0,19.93,28.3968754,
2025-09-19 04:42:25+00:00,2025-09-19 04:42:25,38.0,39.0,38.0,38.0,38.0,18.333534423678213,210.0,BO_O2,O2 규칙 적용: 12.1% (>12.0%),38.6399994,12.1437502,1017.07501,947.625,19.4375,1.0,,39.92,0.0,19.93,28.40625,
2025-09-19 04:42:26+00:00,2025-09-19 04:42:26,,,,,,,,,,38.6437492,12.1671877,1017.0,947.474976,19.4500008,1.0,,39.92,0.0,19.93,28.2093754,
2025-09-19 04:42:27+00:00,2025-09-19 04:42:27,,,,,,,,,,38.6437492,12.1843748,1017.0,947.400024,19.4375,1.0,,39.92,0.0,19.93,28.2093754,
2025-09-19 04:42:28+00:00,2025-09-19 04:42:28,,,,,,,,,,38.6324997,12.1843748,1016.92499,947.25,19.3624992,1.0,,39.92,0.0,19.93,28.2093754,
2025-09-19 04:42:29+00:00,2025-09-19 04:42:29,,,,,,,,,,38.6512489,12.1984377,1016.84998,947.174988,19.3624992,1.0,,39.92,0.0,19.93,28.21875,
2025-09-19 04:42:30+00:00,2025-09-19 04:42:30,38.0,39.0,38.0,38.0,38.0,17.654103730407037,210.0,BO_O2,O2 규칙 적용: 12.2% (>12.0%),38.6549988,12.1984377,1016.84998,947.099976,19.3624992,1.0,0.0,39.92,0.0,19.41,28.2093754,
2025-09-19 04:42:31+00:00,2025-09-19 04:42:31,,,,,,,,,,38.6324997,12.2156248,1016.77502,947.025024,19.3500004,1.0,,39.92,0.0,19.41,28.2093754,
2025-09-19 04:42:32+00:00,2025-09-19 04:42:32,,,,,,,,,,38.6324997,12.2375002,1016.77502,946.875,19.3624992,1.0,,39.92,0.0,19.41,28.2093754,
2025-09-19 04:42:33+00:00,2025-09-19 04:42:33,,,,,,,,,,38.6474991,12.2375002,1016.70001,946.799988,19.1749992,1.0,,39.92,0.0,19.41,28.2093754,
2025-09-19 04:42:34+00:00,2025-09-19 04:42:34,,,,,,,,,,38.6324997,12.2609377,1016.54999,946.724976,19.0125008,1.0,,39.92,0.0,19.41,28.3968754,
2025-09-19 04:42:35+00:00,2025-09-19 04:42:35,38.0,39.0,38.0,38.0,38.0,16.800974806705195,210.0,BO_O2,O2 규칙 적용: 12.2% (>12.0%),38.6474991,12.2828121,1016.54999,946.575012,19.0125008,1.0,,39.92,0.0,19.41,28.3968754,
2025-09-19 04:42:36+00:00,2025-09-19 04:42:36,,,,,,,,,,38.6399994,12.2828121,1016.47498,946.5,19.0125008,1.0,,39.92,0.0,19.41,28.2281246,
2025-09-19 04:42:37+00:00,2025-09-19 04:42:37,,,,,,,,,,38.6437492,12.2953129,1016.47498,946.424988,19.0125008,1.0,,39.92,0.0,19.41,28.2093754,
2025-09-19 04:42:38+00:00,2025-09-19 04:42:38,,,,,,,,,,38.6362495,12.3046875,1016.32501,946.275024,18.8500004,1.0,,39.92,0.0,19.41,28.3875008,
2025-09-19 04:42:39+00:00,2025-09-19 04:42:39,,,,,,,,,,38.6362495,12.3046875,1016.32501,946.200012,18.8500004,1.0,,39.92,0.0,19.41,28.3968754,
2025-09-19 04:42:40+00:00,2025-09-19 04:42:40,38.0,39.0,38.0,38.0,38.0,16.36182427599071,210.0,BO_O2,O2 규칙 적용: 12.3% (>12.0%),38.6362495,12.3249998,1016.25,946.049988,18.8500004,1.0,,39.92,0.0,18.84,28.3968754,
2025-09-19 04:42:41+00:00,2025-09-19 04:42:41,,,,,,,,,,38.6399994,12.3249998,1016.17499,946.049988,18.8500004,1.0,,39.92,0.0,18.84,28.40625,
2025-09-19 04:42:42+00:00,2025-09-19 04:42:42,,,,,,,,,,38.6737518,12.359375,1016.09998,945.900024,18.8500004,1.0,,39.92,0.0,18.84,28.3968754,
2025-09-19 04:42:43+00:00,2025-09-19 04:42:43,,,,,,,,,,38.6437492,12.3796873,1016.09998,945.825012,18.7124996,1.0,,39.92,0.0,18.84,28.3968754,
2025-09-19 04:42:44+00:00,2025-09-19 04:42:44,,,,,,,,,,38.6399994,12.3796873,1016.02502,945.674988,18.6000004,1.0,,39.92,0.0,18.84,28.3968754,
2025-09-19 04:42:45+00:00,2025-09-19 04:42:45,38.0,39.0,38.0,38.0,38.0,15.997849144746414,210.0,BO_O2,O2 규칙 적용: 12.4% (>12.0%),38.6399994,12.4031248,1015.95001,945.599976,18.6000004,1.0,0.0,39.92,0.0,18.84,28.40625,
2025-09-19 04:42:46+00:00,2025-09-19 04:42:46,,,,,,,,,,38.6474991,12.4328127,1015.875,945.525024,18.6000004,1.0,,39.92,0.0,18.84,28.3968754,
2025-09-19 04:42:47+00:00,2025-09-19 04:42:47,,,,,,,,,,38.6399994,12.4328127,1015.79999,945.450012,18.5874996,1.0,,39.92,0.0,18.84,28.3968754,
2025-09-19 04:42:48+00:00,2025-09-19 04:42:48,,,,,,,,,,38.6399994,12.4640627,1015.72498,945.299988,18.5874996,1.0,,39.92,0.0,18.84,28.3968754,
2025-09-19 04:42:49+00:00,2025-09-19 04:42:49,,,,,,,,,,38.6512489,12.4640627,1015.65002,945.224976,18.5874996,1.0,,39.92,0.0,18.84,28.3968754,
2025-09-19 04:42:50+00:00,2025-09-19 04:42:50,38.0,39.0,38.0,38.0,38.0,16.046299544125542,210.0,BO_O2,O2 규칙 적용: 12.4% (>12.0%),38.6512489,12.4953127,1015.57501,945.075012,18.5874996,1.0,,39.92,0.0,18.65,28.3968754,
2025-09-19 04:42:51+00:00,2025-09-19 04:42:51,,,,,,,,,,38.6587486,12.5281248,1015.57501,945.0,18.5874996,1.0,,39.92,0.0,18.65,28.3968754,
2025-09-19 04:42:52+00:00,2025-09-19 04:42:52,,,,,,,,,,38.6399994,12.5281248,1015.5,944.924988,18.6000004,1.0,,39.92,0.0,18.65,28.3968754,
2025-09-19 04:42:53+00:00,2025-09-19 04:42:53,,,,,,,,,,38.6549988,12.53125,1015.42499,944.775024,18.2250004,1.0,,39.92,0.0,18.65,28.40625,
2025-09-19 04:42:54+00:00,2025-09-19 04:42:54,,,,,,,,,,38.6474991,12.5593748,1015.34998,944.700012,17.9249992,1.0,,39.92,0.0,18.65,28.3968754,
2025-09-19 04:42:55+00:00,2025-09-19 04:42:55,38.0,39.0,38.0,38.0,38.0,15.865169175051584,210.0,BO_O2,O2 규칙 적용: 12.5% (>12.0%),38.6474991,12.5593748,1015.27502,944.625,17.9249992,1.0,,39.92,0.0,18.65,28.3968754,
2025-09-19 04:42:56+00:00,2025-09-19 04:42:56,,,,,,,,,,38.6474991,12.5890627,1015.27502,944.474976,17.9249992,1.0,,39.92,0.0,18.65,28.3968754,
2025-09-19 04:42:57+00:00,2025-09-19 04:42:57,,,,,,,,,,38.6437492,12.5890627,1015.20001,944.400024,17.9249992,1.0,,39.92,0.0,18.65,28.40625,
2025-09-19 04:42:58+00:00,2025-09-19 04:42:58,,,,,,,,,,38.6549988,12.6062498,1015.125,944.325012,17.5874996,1.0,,39.92,0.0,18.65,28.3968754,
2025-09-19 04:42:59+00:00,2025-09-19 04:42:59,,,,,,,,,,38.6587486,12.6156254,1015.125,944.25,17.5874996,1.0,,39.92,0.0,18.65,28.3968754,
2025-09-19 04:43:00+00:00,2025-09-19 04:43:00,38.0,39.0,38.0,38.0,38.0,14.388660188308897,210.0,BO_O2,O2 규칙 적용: 12.6% (>12.0%),38.6437492,12.6156254,1015.04999,944.099976,17.5874996,1.0,0.0,39.92,0.0,17.62,28.3968754,
2025-09-19 04:43:01+00:00,2025-09-19 04:43:01,,,,,,,,,,38.6474991,12.6031246,1015.04999,944.025024,17.5874996,1.0,,39.92,0.0,17.62,28.40625,
2025-09-19 04:43:02+00:00,2025-09-19 04:43:02,,,,,,,,,,38.6324997,12.5828123,1014.97498,943.950012,17.5874996,1.0,,39.92,0.0,17.62,28.3968754,
2025-09-19 04:43:03+00:00,2025-09-19 04:43:03,,,,,,,,,,38.6437492,12.5828123,1014.97498,943.875,17.4125004,1.0,,39.92,0.0,17.62,28.3968754,
2025-09-19 04:43:04+00:00,2025-09-19 04:43:04,,,,,,,,,,38.6437492,12.5609379,1014.90002,943.724976,17.25,1.0,,39.92,0.0,17.62,28.3968754,
2025-09-19 04:43:05+00:00,2025-09-19 04:43:05,38.0,39.0,38.0,38.0,38.0,13.960299101898977,210.0,BO_O2,O2 규칙 적용: 12.6% (>12.0%),38.6624985,12.5609379,1014.90002,943.650024,17.25,1.0,,39.92,0.0,17.62,28.3968754,
2025-09-19 04:43:06+00:00,2025-09-19 04:43:06,,,,,,,,,,38.6437492,12.5249996,1014.82501,943.575012,17.25,1.0,,39.92,0.0,17.62,28.3968754,
2025-09-19 04:43:07+00:00,2025-09-19 04:43:07,,,,,,,,,,38.6437492,12.46875,1014.75,943.5,17.25,1.0,,39.92,0.0,17.62,28.3968754,
2025-09-19 04:43:08+00:00,2025-09-19 04:43:08,,,,,,,,,,38.6437492,12.46875,1014.75,943.349976,17.1625004,1.0,,39.92,0.0,17.62,28.3968754,
2025-09-19 04:43:09+00:00,2025-09-19 04:43:09,,,,,,,,,,38.6549988,12.4078121,1014.67499,943.275024,17.1625004,1.0,,39.92,0.0,17.62,28.3968754,
2025-09-19 04:43:10+00:00,2025-09-19 04:43:10,38.0,39.0,38.0,38.0,38.0,13.445505498690814,210.0,BO_O2,O2 규칙 적용: 12.5% (>12.0%),38.6549988,12.3406248,1014.67499,943.200012,17.1625004,1.0,,39.92,0.0,17.22,28.3968754,
2025-09-19 04:43:11+00:00,2025-09-19 04:43:11,,,,,,,,,,38.6474991,12.3406248,1014.59998,943.125,17.1625004,1.0,,39.92,0.0,17.22,28.3968754,
2025-09-19 04:43:12+00:00,2025-09-19 04:43:12,,,,,,,,,,38.6587486,12.2640629,1014.59998,942.974976,17.1625004,1.0,,39.92,0.0,17.22,28.3968754,
2025-09-19 04:43:13+00:00,2025-09-19 04:43:13,,,,,,,,,,38.6474991,12.2640629,1014.59998,942.974976,17.2999992,1.0,,39.92,0.0,17.22,28.3968754,
2025-09-19 04:43:14+00:00,2025-09-19 04:43:14,,,,,,,,,,38.6362495,12.1812496,1014.45001,942.825012,17.4125004,1.0,,39.92,0.0,17.22,28.3968754,
2025-09-19 04:43:15+00:00,2025-09-19 04:43:15,38.0,39.0,38.0,38.0,38.0,14.245908014420932,210.0,BO_O2,O2 규칙 적용: 12.3% (>12.0%),38.6512489,12.1046877,1014.45001,942.75,17.4125004,1.0,0.0,39.92,0.0,17.22,28.2093754,
2025-09-19 04:43:16+00:00,2025-09-19 04:43:16,,,,,,,,,,38.6474991,12.1046877,1014.45001,942.599976,17.4125004,1.0,,39.92,0.0,17.22,28.2093754,
2025-09-19 04:43:17+00:00,2025-09-19 04:43:17,,,,,,,,,,38.6437492,12.0390625,1014.375,942.599976,17.4125004,1.0,,39.92,0.0,17.22,28.21875,
2025-09-19 04:43:18+00:00,2025-09-19 04:43:18,,,,,,,,,,38.6399994,11.9828129,1014.375,942.450012,16.8500004,1.0,,39.92,0.0,17.22,28.3687496,
2025-09-19 04:43:19+00:00,2025-09-19 04:43:19,,,,,,,,,,38.6324997,11.9828129,1014.29999,942.375,16.8250008,1.0,,39.92,0.0,17.22,28.3687496,
2025-09-19 04:43:20+00:00,2025-09-19 04:43:20,38.0,39.0,38.0,38.0,38.0,15.141894515143118,210.0,BO_O2,O2 규칙 적용: 12.0% (>12.0%),38.6512489,11.9234371,1014.22498,942.299988,16.8250008,1.0,,39.92,0.0,16.86,28.2093754,
2025-09-19 04:43:21+00:00,2025-09-19 04:43:21,,,,,,,,,,38.6362495,11.9234371,1014.22498,942.150024,16.8250008,1.0,,39.92,0.0,16.86,28.2093754,
2025-09-19 04:43:22+00:00,2025-09-19 04:43:22,,,,,,,,,,38.6362495,11.8781252,1014.15002,942.075012,16.8250008,1.0,,39.92,0.0,16.86,28.2093754,
2025-09-19 04:43:23+00:00,2025-09-19 04:43:23,,,,,,,,,,38.6399994,11.8421879,1014.15002,942.0,16.6875,1.0,,39.92,0.0,16.86,28.2374992,
2025-09-19 04:43:24+00:00,2025-09-19 04:43:24,,,,,,,,,,38.6399994,11.8421879,1014.07501,941.924988,16.5750008,1.0,,39.92,0.0,16.86,28.2937508,
2025-09-19 04:43:25+00:00,2025-09-19 04:43:25,38.0,39.0,39.0,38.0,38.0,14.769320514732607,305.0,BO_O2_RULE,제어매트릭스 규칙 적용: O2_HIGH,38.6399994,11.8171873,1014.0,941.849976,16.5874996,1.0,,39.92,0.0,16.86,28.2093754,
2025-09-19 04:43:26+00:00,2025-09-19 04:43:26,,,,,,,,,,38.6587486,11.7953129,1013.92499,941.700012,16.5750008,1.0,,39.92,0.0,16.86,28.21875,
2025-09-19 04:43:27+00:00,2025-09-19 04:43:27,,,,,,,,,,38.6549988,11.7953129,1013.92499,941.625,16.5750008,1.0,,39.92,0.0,16.86,28.2093754,
2025-09-19 04:43:28+00:00,2025-09-19 04:43:28,,,,,,,,,,38.6324997,11.7703123,1013.84998,941.549988,16.5,1.0,,39.92,0.0,16.86,28.3968754,
2025-09-19 04:43:29+00:00,2025-09-19 04:43:29,,,,,,,,,,38.6324997,11.7703123,1013.77502,941.474976,16.5,1.0,,39.92,0.0,16.86,28.40625,
2025-09-19 04:43:30+00:00,2025-09-19 04:43:30,38.0,39.0,39.0,38.0,38.0,13.696565618118198,305.0,BO_O2_RULE,제어매트릭스 규칙 적용: O2_HIGH,38.6437492,11.7468748,1013.625,941.400024,16.5,1.0,0.0,39.92,0.0,16.51,28.21875,
2025-09-19 04:43:31+00:00,2025-09-19 04:43:31,,,,,,,,,,38.6512489,11.7312498,1013.625,941.325012,16.4874992,1.0,,39.92,0.0,16.51,28.2093754,
2025-09-19 04:43:32+00:00,2025-09-19 04:43:32,,,,,,,,,,38.6324997,11.7312498,1013.54999,941.174988,16.5,1.0,,39.92,0.0,16.51,28.3031254,
2025-09-19 04:43:33+00:00,2025-09-19 04:43:33,,,,,,,,,,38.6437492,11.7296877,1013.47498,941.099976,16.0750008,1.0,,39.92,0.0,16.51,28.40625,
2025-09-19 04:43:34+00:00,2025-09-19 04:43:34,,,,,,,,,,38.6399994,11.7406254,1013.40002,941.025024,15.7375002,1.0,,39.92,0.0,16.51,28.40625,
2025-09-19 04:43:35+00:00,2025-09-19 04:43:35,38.0,39.0,39.0,38.0,38.0,13.696565618118198,305.0,BO_O2_RULE,제어매트릭스 규칙 적용: O2_HIGH,38.6437492,11.7406254,1013.32501,940.950012,15.7375002,1.0,,39.92,0.0,16.51,28.3968754,
2025-09-19 04:43:36+00:00,2025-09-19 04:43:36,,,,,,,,,,38.6549988,11.7562504,1013.25,940.875,15.7375002,1.0,,39.92,0.0,16.51,28.3968754,
2025-09-19 04:43:37+00:00,2025-09-19 04:43:37,,,,,,,,,,38.6624985,11.7562504,1013.17499,940.799988,15.7375002,1.0,,39.92,0.0,16.51,28.3968754,
2025-09-19 04:43:38+00:00,2025-09-19 04:43:38,,,,,,,,,,38.6362495,11.7765627,1013.09998,940.650024,15.5749998,1.0,,39.92,0.0,16.51,28.40625,
2025-09-19 04:43:39+00:00,2025-09-19 04:43:39,,,,,,,,,,38.6399994,11.7859373,1013.02502,940.575012,15.5625,1.0,,39.92,0.0,16.51,28.3968754,
2025-09-19 04:43:40+00:00,2025-09-19 04:43:40,38.0,39.0,39.0,38.0,38.0,13.861309222262514,305.0,BO_O2_RULE,제어매트릭스 규칙 적용: O2_HIGH,38.6399994,11.7859373,1012.95001,940.424988,15.5625,1.0,,39.92,0.0,15.61,28.3968754,
2025-09-19 04:43:41+00:00,2025-09-19 04:43:41,,,,,,,,,,38.6437492,11.78125,1012.875,940.424988,15.5625,1.0,,39.92,0.0,15.61,28.3968754,
2025-09-19 04:43:42+00:00,2025-09-19 04:43:42,,,,,,,,,,38.6512489,11.7671871,1012.79999,940.275024,15.5625,1.0,,39.92,0.0,15.61,28.40625,
2025-09-19 04:43:43+00:00,2025-09-19 04:43:43,,,,,,,,,,38.6512489,11.7671871,1012.72498,940.200012,15.6625004,1.0,,39.92,0.0,15.61,28.40625,
2025-09-19 04:43:44+00:00,2025-09-19 04:43:44,,,,,,,,,,38.6399994,11.7421875,1012.65002,940.125,15.7250004,1.0,,39.92,0.0,15.61,28.3968754,
2025-09-19 04:43:45+00:00,2025-09-19 04:43:45,38.0,39.0,39.0,38.0,38.0,12.882990384684863,305.0,BO_O2_RULE,제어매트릭스 규칙 적용: O2_HIGH,38.6362495,11.7421875,1012.65002,939.974976,15.7375002,1.0,0.0,39.92,0.0,15.61,28.3968754,
2025-09-19 04:43:46+00:00,2025-09-19 04:43:46,,,,,,,,,,38.6512489,11.703125,1012.57501,939.974976,15.7375002,1.0,,39.92,0.0,15.61,28.3968754,
2025-09-19 04:43:47+00:00,2025-09-19 04:43:47,,,,,,,,,,38.6399994,11.6421871,1012.5,939.900024,15.7375002,1.0,,39.92,0.0,15.61,28.3968754,
2025-09-19 04:43:48+00:00,2025-09-19 04:43:48,,,,,,,,,,38.6399994,11.6421871,1012.42499,939.75,15.7375002,1.0,,39.92,0.0,15.61,28.3968754,
2025-09-19 04:43:49+00:00,2025-09-19 04:43:49,,,,,,,,,,38.6324997,11.5796871,1012.42499,939.674988,15.7375002,1.0,,39.92,0.0,15.61,28.3968754,
2025-09-19 04:43:50+00:00,2025-09-19 04:43:50,38.0,39.0,39.0,38.0,38.0,13.321126353303372,305.0,BO_O2_RULE,제어매트릭스 규칙 적용: O2_HIGH,38.6324997,11.5171871,1012.34998,939.599976,15.7250004,1.0,,39.92,0.0,15.61,28.40625,
2025-09-19 04:43:51+00:00,2025-09-19 04:43:51,,,,,,,,,,38.6437492,11.5171871,1012.34998,939.450012,15.7250004,1.0,,39.92,0.0,15.77,28.3968754,
2025-09-19 04:43:52+00:00,2025-09-19 04:43:52,,,,,,,,,,38.6512489,11.4578123,1012.20001,939.450012,15.7375002,1.0,,39.92,0.0,15.77,28.3968754,
2025-09-19 04:43:53+00:00,2025-09-19 04:43:53,,,,,,,,,,38.6512489,11.4578123,1012.20001,939.375,15.4375,1.0,,39.92,0.0,15.77,28.3968754,
2025-09-19 04:43:54+00:00,2025-09-19 04:43:54,,,,,,,,,,38.6362495,11.3999996,1012.20001,939.224976,15.2250004,1.0,,39.92,0.0,15.77,28.40625,
2025-09-19 04:43:55+00:00,2025-09-19 04:43:55,38.0,39.0,39.0,38.0,38.0,14.489477795123136,305.0,BO_O2_RULE,제어매트릭스 규칙 적용: O2_HIGH,38.6362495,11.34375,1012.125,939.224976,15.2250004,1.0,,39.92,0.0,15.77,28.3968754,
2025-09-19 04:43:56+00:00,2025-09-19 04:43:56,,,,,,,,,,38.6362495,11.34375,1012.04999,939.075012,15.2375002,1.0,,39.92,0.0,15.77,28.3968754,
2025-09-19 04:43:57+00:00,2025-09-19 04:43:57,,,,,,,,,,38.6399994,11.2734375,1012.04999,939.0,15.2250004,1.0,,39.92,0.0,15.77,28.3968754,
2025-09-19 04:43:58+00:00,2025-09-19 04:43:58,,,,,,,,,,38.6399994,11.2062502,1011.97498,938.924988,15.1499996,1.0,,39.92,0.0,15.77,28.3968754,
2025-09-19 04:43:59+00:00,2025-09-19 04:43:59,,,,,,,,,,38.6437492,11.2062502,1011.97498,938.849976,15.1499996,1.0,,39.92,0.0,15.77,28.3968754,
2025-09-19 04:44:00+00:00,2025-09-19 04:44:00,38.0,39.0,39.0,38.0,38.0,14.393776011527654,305.0,BO_O2_RULE,제어매트릭스 규칙 적용: O2_HIGH,38.6474991,11.1296873,1011.90002,938.700012,15.1499996,1.0,0.0,39.92,0.0,15.77,28.3968754,
2025-09-19 04:44:01+00:00,2025-09-19 04:44:01,,,,,,,,,,38.6512489,11.1296873,1011.97498,938.700012,15.1374998,1.0,,39.92,0.0,15.19,28.3968754,
2025-09-19 04:44:02+00:00,2025-09-19 04:44:02,,,,,,,,,,38.6474991,11.0531254,1011.90002,938.549988,15.1499996,1.0,,39.92,0.0,15.19,28.3968754,
2025-09-19 04:44:03+00:00,2025-09-19 04:44:03,,,,,,,,,,38.6437492,11.0015621,1011.90002,938.474976,15.2250004,1.0,,39.92,0.0,15.19,28.3968754,
2025-09-19 04:44:04+00:00,2025-09-19 04:44:04,,,,,,,,,,38.6437492,11.0015621,1011.82501,938.400024,15.2375002,1.0,,39.92,0.0,15.19,28.3968754,
2025-09-19 04:44:05+00:00,2025-09-19 04:44:05,38.0,39.0,39.0,38.0,38.0,13.794298136966924,305.0,BO_O2_RULE,제어매트릭스 규칙 적용: O2_HIGH,38.6362495,10.9624996,1011.82501,938.325012,15.2375002,1.0,,39.92,0.0,15.19,28.3968754,
2025-09-19 04:44:06+00:00,2025-09-19 04:44:06,,,,,,,,,,38.6512489,10.9171877,1011.82501,938.25,15.2375002,1.0,,39.92,0.0,15.19,28.40625,
2025-09-19 04:44:07+00:00,2025-09-19 04:44:07,,,,,,,,,,38.6474991,10.9171877,1011.82501,938.174988,15.2250004,1.0,,39.92,0.0,15.19,28.2093754,
2025-09-19 04:44:08+00:00,2025-09-19 04:44:08,,,,,,,,,,38.6474991,10.8703127,1011.82501,938.025024,14.6499996,1.0,,39.92,0.0,15.19,28.2093754,
2025-09-19 04:44:09+00:00,2025-09-19 04:44:09,,,,,,,,,,38.6399994,10.8703127,1011.75,938.025024,14.6499996,1.0,,39.92,0.0,15.19,28.3875008,
2025-09-19 04:44:10+00:00,2025-09-19 04:44:10,38.0,39.0,39.0,38.0,38.0,13.776526869135898,305.0,BO_O2_RULE,제어매트릭스 규칙 적용: O2_HIGH,38.6474991,10.8203125,1011.75,937.875,14.6499996,1.0,,39.92,0.0,14.7,28.40625,
2025-09-19 04:44:11+00:00,2025-09-19 04:44:11,,,,,,,,,,38.6437492,10.765625,1011.75,937.875,14.6374998,1.0,,39.92,0.0,14.7,28.3968754,
2025-09-19 04:44:12+00:00,2025-09-19 04:44:12,,,,,,,,,,38.6662483,10.765625,1011.67499,937.724976,14.6499996,1.0,,39.92,0.0,14.7,28.2093754,
2025-09-19 04:44:13+00:00,2025-09-19 04:44:13,,,,,,,,,,38.6587486,10.71875,1011.67499,937.650024,14.6000004,1.0,,39.92,0.0,14.7,28.2093754,
2025-09-19 04:44:14+00:00,2025-09-19 04:44:14,,,,,,,,,,38.6399994,10.6781254,1011.67499,937.575012,14.5625,1.0,,39.92,0.0,14.7,28.2093754,
2025-09-19 04:44:15+00:00,2025-09-19 04:44:15,38.0,40.0,40.0,38.0,38.0,12.801032263849052,305.0,BO_O2_RULE,제어매트릭스 규칙 적용: O2_HIGH,38.6512489,10.6781254,1011.59998,937.5,14.5625,1.0,0.0,39.92,0.0,14.7,28.3968754,
2025-09-19 04:44:16+00:00,2025-09-19 04:44:16,,,,,,,,,,38.6362495,10.6421871,1011.67499,937.424988,14.5625,1.0,,39.92,0.0,14.7,28.3968754,
2025-09-19 04:44:17+00:00,2025-09-19 04:44:17,,,,,,,,,,38.6512489,10.6421871,1011.67499,937.349976,14.5625,1.0,,39.92,0.0,14.7,28.3968754,
2025-09-19 04:44:18+00:00,2025-09-19 04:44:18,,,,,,,,,,38.6399994,10.6171875,1011.67499,937.275024,14.5625,1.0,,39.92,0.0,14.7,28.40625,
2025-09-19 04:44:19+00:00,2025-09-19 04:44:19,,,,,,,,,,38.6287498,10.5812502,1011.67499,937.200012,14.5625,1.0,,39.92,0.0,14.7,28.3968754,
2025-09-19 04:44:20+00:00,2025-09-19 04:44:20,38.0,40.0,40.0,38.0,38.0,12.69638362093796,305.0,BO_O2_RULE,제어매트릭스 규칙 적용: O2_HIGH,38.6437492,10.5812502,1011.67499,937.049988,14.5625,1.0,,39.92,0.0,14.57,28.3968754,
2025-09-19 04:44:21+00:00,2025-09-19 04:44:21,,,,,,,,,,38.6437492,10.5343752,1011.67499,937.049988,14.5625,1.0,,39.92,0.0,14.57,28.3968754,
2025-09-19 04:44:22+00:00,2025-09-19 04:44:22,,,,,,,,,,38.6399994,10.4937496,1011.75,936.974976,14.5625,1.0,,39.92,0.0,14.57,28.21875,
2025-09-19 04:44:23+00:00,2025-09-19 04:44:23,,,,,,,,,,38.6474991,10.4937496,1011.67499,936.900024,14.5625,1.0,,39.92,0.0,14.57,28.3968754,
2025-09-19 04:44:24+00:00,2025-09-19 04:44:24,,,,,,,,,,38.6549988,10.4718752,1011.67499,936.825012,14.5625,1.0,,39.92,0.0,14.57,28.3968754,
2025-09-19 04:44:25+00:00,2025-09-19 04:44:25,38.0,40.0,40.0,38.0,38.0,13.151174131642467,305.0,BO_O2_RULE,제어매트릭스 규칙 적용: O2_HIGH,38.6474991,10.4718752,1011.67499,936.75,14.5625,1.0,,39.92,0.0,14.57,28.3968754,
2025-09-19 04:44:26+00:00,2025-09-19 04:44:26,,,,,,,,,,38.6324997,10.4624996,1011.67499,936.674988,14.5625,1.0,,39.92,0.0,14.57,28.40625,
2025-09-19 04:44:27+00:00,2025-09-19 04:44:27,,,,,,,,,,38.6437492,10.4499998,1011.67499,936.599976,14.5625,1.0,,39.92,0.0,14.57,28.40625,
2025-09-19 04:44:28+00:00,2025-09-19 04:44:28,,,,,,,,,,38.6474991,10.4499998,1011.67499,936.525024,14.2124996,1.0,,39.92,0.0,14.57,28.3968754,
2025-09-19 04:44:29+00:00,2025-09-19 04:44:29,,,,,,,,,,38.6699982,10.4328127,1011.75,936.450012,14.1999998,1.0,,39.92,0.0,14.57,28.3968754,
2025-09-19 04:44:30+00:00,2025-09-19 04:44:30,38.0,40.0,40.0,38.0,38.0,13.215168827243392,305.0,BO_O2_RULE,제어매트릭스 규칙 적용: O2_HIGH,38.6399994,10.4187498,1011.75,936.375,14.2124996,1.0,0.0,39.92,0.0,14.23,28.40625,
2025-09-19 04:44:31+00:00,2025-09-19 04:44:31,,,,,,,,,,38.6474991,10.4187498,1011.75,936.299988,14.2124996,1.0,,39.92,0.0,14.23,28.40625,
2025-09-19 04:44:32+00:00,2025-09-19 04:44:32,,,,,,,,,,38.6474991,10.4031248,1011.82501,936.224976,14.1999998,1.0,,39.92,0.0,14.23,28.3968754,
2025-09-19 04:44:33+00:00,2025-09-19 04:44:33,,,,,,,,,,38.6399994,10.4031248,1011.82501,936.150024,14.2124996,1.0,,39.92,0.0,14.23,28.3968754,
2025-09-19 04:44:34+00:00,2025-09-19 04:44:34,,,,,,,,,,38.6362495,10.375,1011.82501,936.075012,14.1999998,1.0,,39.92,0.0,14.23,28.3968754,
2025-09-19 04:44:35+00:00,2025-09-19 04:44:35,38.0,40.0,40.0,38.0,38.0,12.229544560533819,305.0,BO_O2_RULE,제어매트릭스 규칙 적용: O2_HIGH,38.6437492,10.3406248,1011.82501,936.075012,14.2250004,1.0,,39.92,0.0,14.23,28.40625,
2025-09-19 04:44:36+00:00,2025-09-19 04:44:36,,,,,,,,,,38.6437492,10.3406248,1011.82501,935.924988,14.2124996,1.0,,39.92,0.0,14.23,28.3968754,
2025-09-19 04:44:37+00:00,2025-09-19 04:44:37,,,,,,,,,,38.6324997,10.3015623,1011.90002,935.849976,14.2124996,1.0,,39.92,0.0,14.23,28.3968754,
2025-09-19 04:44:38+00:00,2025-09-19 04:44:38,,,,,,,,,,38.6399994,10.2718754,1011.90002,935.775024,14.3874998,1.0,,39.92,0.0,14.23,28.3968754,
2025-09-19 04:44:39+00:00,2025-09-19 04:44:39,,,,,,,,,,38.6362495,10.2718754,1011.90002,935.775024,14.375,1.0,,39.92,0.0,14.23,28.3968754,
2025-09-19 04:44:40+00:00,2025-09-19 04:44:40,38.0,40.0,40.0,38.0,38.0,12.871434345454654,305.0,BO_O2_RULE,제어매트릭스 규칙 적용: O2_HIGH,38.6399994,10.2375002,1011.90002,935.625,14.375,1.0,,39.92,0.0,14.37,28.40625,
2025-09-19 04:44:41+00:00,2025-09-19 04:44:41,,,,,,,,,,38.6362495,10.2375002,1011.97498,935.625,14.375,1.0,,39.92,0.0,14.37,28.3968754,
2025-09-19 04:44:42+00:00,2025-09-19 04:44:42,,,,,,,,,,38.6437492,10.2109375,1011.97498,935.549988,14.375,1.0,,39.92,0.0,14.37,28.3968754,
2025-09-19 04:44:43+00:00,2025-09-19 04:44:43,,,,,,,,,,38.6399994,10.1984377,1012.04999,935.549988,14.3874998,1.0,,39.92,0.0,14.37,28.3968754,
2025-09-19 04:44:44+00:00,2025-09-19 04:44:44,,,,,,,,,,38.6512489,10.1984377,1012.04999,935.400024,14.375,1.0,,39.92,0.0,14.37,28.40625,
2025-09-19 04:44:45+00:00,2025-09-19 04:44:45,38.0,40.0,40.0,38.0,38.0,13.15110549720539,305.0,BO_O2_RULE,제어매트릭스 규칙 적용: O2_HIGH,38.6549988,10.1875,1012.04999,935.325012,14.3874998,1.0,0.0,39.92,0.0,14.37,28.3968754,
2025-09-19 04:44:46+00:00,2025-09-19 04:44:46,,,,,,,,,,38.6324997,10.1781254,1012.04999,935.325012,14.3874998,1.0,,39.92,0.0,14.37,28.3968754,
2025-09-19 04:44:47+00:00,2025-09-19 04:44:47,,,,,,,,,,38.6399994,10.1781254,1012.125,935.25,14.375,1.0,,39.92,0.0,14.37,28.40625,
2025-09-19 04:44:48+00:00,2025-09-19 04:44:48,,,,,,,,,,38.6474991,10.15625,1012.20001,935.174988,14.3874998,1.0,,39.92,0.0,14.37,28.3968754,
2025-09-19 04:44:49+00:00,2025-09-19 04:44:49,,,,,,,,,,38.6512489,10.15625,1012.20001,935.099976,14.3874998,1.0,,39.92,0.0,14.37,28.3968754,
2025-09-19 04:44:50+00:00,2025-09-19 04:44:50,38.0,40.0,40.0,38.0,38.0,14.527568365162761,305.0,BO_O2_RULE,제어매트릭스 규칙 적용: O2_HIGH,38.6624985,10.1359377,1012.20001,935.025024,14.375,1.0,,39.92,0.0,14.41,28.3968754,
2025-09-19 04:44:51+00:00,2025-09-19 04:44:51,,,,,,,,,,38.6362495,10.1140623,1012.27502,934.950012,14.375,1.0,,39.92,0.0,14.41,28.3968754,
2025-09-19 04:44:52+00:00,2025-09-19 04:44:52,,,,,,,,,,38.6624985,10.1140623,1012.34998,934.950012,14.375,1.0,,39.92,0.0,14.41,28.40625,
2025-09-19 04:44:53+00:00,2025-09-19 04:44:53,,,,,,,,,,38.6474991,10.0812502,1012.34998,934.875,14.375,1.0,,39.92,0.0,14.41,28.3968754,
2025-09-19 04:44:54+00:00,2025-09-19 04:44:54,,,,,,,,,,38.6474991,10.0484371,1012.34998,934.799988,14.375,1.0,,39.92,0.0,14.41,28.3968754,
2025-09-19 04:44:55+00:00,2025-09-19 04:44:55,38.0,40.0,40.0,38.0,38.0,14.502559557894235,305.0,BO_O2_RULE,제어매트릭스 규칙 적용: O2_HIGH,38.6587486,10.0484371,1012.42499,934.799988,14.3874998,1.0,,39.92,0.0,14.41,28.40625,
2025-09-19 04:44:56+00:00,2025-09-19 04:44:56,,,,,,,,,,38.6399994,10.0359373,1012.42499,934.724976,14.375,1.0,,39.92,0.0,14.41,28.40625,
2025-09-19 04:44:57+00:00,2025-09-19 04:44:57,,,,,,,,,,38.6437492,10.0359373,1012.42499,934.724976,14.375,1.0,,39.92,0.0,14.41,28.3968754,
2025-09-19 04:44:58+00:00,2025-09-19 04:44:58,,,,,,,,,,38.6399994,10.0187502,1012.57501,934.650024,14.3000002,1.0,,39.92,0.0,14.41,28.3968754,
2025-09-19 04:44:59+00:00,2025-09-19 04:44:59,,,,,,,,,,38.6512489,9.99374962,1012.57501,934.575012,14.3000002,1.0,,39.92,0.0,14.41,28.40625,
2025-09-19 04:45:00+00:00,2025-09-19 04:45:00,38.0,40.0,40.0,38.0,38.0,14.186316028382999,305.0,BO_O2_RULE,제어매트릭스 규칙 적용: O2_HIGH,38.6399994,9.99374962,1012.65002,934.575012,14.2875004,1.0,0.0,39.92,0.0,14.3,28.40625,
2025-09-19 04:45:01+00:00,2025-09-19 04:45:01,,,,,,,,,,38.6362495,9.96718788,1012.65002,934.5,14.2875004,1.0,,39.92,0.0,14.3,28.2093754,
2025-09-19 04:45:02+00:00,2025-09-19 04:45:02,,,,,,,,,,38.6437492,9.93437481,1012.72498,934.424988,14.2875004,1.0,,39.92,0.0,14.3,28.2093754,
2025-09-19 04:45:03+00:00,2025-09-19 04:45:03,,,,,,,,,,38.6549988,9.93437481,1012.72498,934.424988,14.1999998,1.0,,39.92,0.0,14.3,28.3968754,
2025-09-19 04:45:04+00:00,2025-09-19 04:45:04,,,,,,,,,,38.6549988,9.92031288,1012.79999,934.349976,14.125,1.0,,39.92,0.0,14.3,28.40625,
2025-09-19 04:45:05+00:00,2025-09-19 04:45:05,40.0,40.0,40.0,40.0,40.0,13.66068937037508,100.0,BO_ONLY,BO 모델 결과만 사용,38.6362495,9.92031288,1012.875,934.275024,14.125,1.0,,39.92,0.0,14.3,28.2093754,
2025-09-19 04:45:06+00:00,2025-09-19 04:45:06,,,,,,,,,,38.6549988,9.92031288,1012.875,934.200012,14.125,1.0,,39.92,0.0,14.3,28.2093754,
2025-09-19 04:45:07+00:00,2025-09-19 04:45:07,,,,,,,,,,39.4387512,9.91562462,1012.95001,934.200012,14.1125002,1.0,,39.92,0.0,14.3,28.2093754,
2025-09-19 04:45:08+00:00,2025-09-19 04:45:08,,,,,,,,,,40.7212486,9.91562462,1013.02502,934.125,13.9499998,1.0,,39.92,0.0,14.3,28.3875008,
2025-09-19 04:45:09+00:00,2025-09-19 04:45:09,,,,,,,,,,40.7662506,9.90468788,1013.02502,934.125,13.9499998,1.0,,39.92,0.0,14.3,28.3968754,
2025-09-19 04:45:10+00:00,2025-09-19 04:45:10,39.0,39.0,39.0,39.0,39.0,13.480221720451901,100.0,BO_ONLY,BO 모델 결과만 사용,40.7662506,9.89218712,1013.09998,934.049988,13.9499998,1.0,,39.92,0.0,13.99,28.3968754,
2025-09-19 04:45:11+00:00,2025-09-19 04:45:11,,,,,,,,,,40.8074989,9.89218712,1013.09998,934.049988,13.9499998,1.0,,39.92,0.0,13.99,29.0718746,
2025-09-19 04:45:12+00:00,2025-09-19 04:45:12,,,,,,,,,,40.8112488,9.88906288,1013.17499,933.974976,13.9499998,1.0,,39.92,0.0,13.99,29.859375,
2025-09-19 04:45:13+00:00,2025-09-19 04:45:13,,,,,,,,,,39.7799988,9.88906288,1013.25,933.900024,13.8625002,1.0,,39.92,0.0,13.99,30.609375,
2025-09-19 04:45:14+00:00,2025-09-19 04:45:14,,,,,,,,,,39.7162514,9.88906288,1013.32501,933.900024,13.7875004,1.0,,39.92,0.0,13.99,31.0968742,
2025-09-19 04:45:15+00:00,2025-09-19 04:45:15,39.0,39.0,39.0,39.0,39.0,14.255649788292784,100.0,BO_ONLY,BO 모델 결과만 사용,39.7425003,9.88593769,1013.40002,933.900024,13.7875004,1.0,0.0,39.92,0.0,13.99,31.40625,
2025-09-19 04:45:16+00:00,2025-09-19 04:45:16,,,,,,,,,,39.7462502,9.88593769,1013.40002,933.825012,13.7875004,1.0,,39.92,0.0,13.99,31.4156246,
2025-09-19 04:45:17+00:00,2025-09-19 04:45:17,,,,,,,,,,39.7312508,9.87968731,1013.47498,933.75,13.7875004,1.0,,39.92,0.0,13.99,31.0406246,
2025-09-19 04:45:18+00:00,2025-09-19 04:45:18,,,,,,,,,,39.7275009,9.86406231,1013.54999,933.75,13.6125002,1.0,,39.92,0.0,13.99,30.6468754,
2025-09-19 04:45:19+00:00,2025-09-19 04:45:19,,,,,,,,,,39.7200012,9.86406231,1013.625,933.674988,13.6125002,1.0,,39.92,0.0,13.99,30.5812492,
2025-09-19 04:45:20+00:00,2025-09-19 04:45:20,39.0,39.0,39.0,39.0,39.0,13.327909866740587,100.0,BO_ONLY,BO 모델 결과만 사용,39.7350006,9.83906269,1013.625,933.674988,13.6125002,1.0,,39.92,0.0,13.99,30.4500008,
2025-09-19 04:45:21+00:00,2025-09-19 04:45:21,,,,,,,,,,39.7425003,9.83906269,1013.70001,933.599976,13.6125002,1.0,,39.92,0.0,13.62,30.2718754,
2025-09-19 04:45:22+00:00,2025-09-19 04:45:22,,,,,,,,,,39.7425003,9.83125019,1013.77502,933.599976,13.6125002,1.0,,39.92,0.0,13.62,30.09375,
2025-09-19 04:45:23+00:00,2025-09-19 04:45:23,,,,,,,,,,39.7387505,9.82343769,1013.77502,933.599976,13.5124998,1.0,,39.92,0.0,13.62,30.09375,
2025-09-19 04:45:24+00:00,2025-09-19 04:45:24,,,,,,,,,,39.7425003,9.82343769,1013.84998,933.525024,13.4499998,1.0,,39.92,0.0,13.62,30.09375,
2025-09-19 04:45:25+00:00,2025-09-19 04:45:25,39.0,39.0,39.0,39.0,39.0,13.671997494946117,100.0,BO_ONLY,BO 모델 결과만 사용,39.7387505,9.8125,1013.92499,933.525024,13.4499998,1.0,,39.92,0.0,13.62,30.09375,
2025-09-19 04:45:26+00:00,2025-09-19 04:45:26,,,,,,,,,,39.7312508,9.80156231,1014.0,933.450012,13.4499998,1.0,,39.92,0.0,13.62,30.0843754,
2025-09-19 04:45:27+00:00,2025-09-19 04:45:27,,,,,,,,,,39.7387505,9.80156231,1014.07501,933.450012,13.4499998,1.0,,39.92,0.0,13.62,30.09375,
2025-09-19 04:45:28+00:00,2025-09-19 04:45:28,,,,,,,,,,39.7312508,9.78750038,1014.07501,933.375,13.0375004,1.0,,39.92,0.0,13.62,30.09375,
2025-09-19 04:45:29+00:00,2025-09-19 04:45:29,,,,,,,,,,39.7387505,9.78750038,1014.15002,933.375,13.0249996,1.0,,39.92,0.0,13.62,30.09375,
2025-09-19 04:45:30+00:00,2025-09-19 04:45:30,39.0,39.0,39.0,39.0,39.0,13.201458592133715,100.0,BO_ONLY,BO 모델 결과만 사용,39.7425003,9.76406288,1014.22498,933.375,13.0249996,1.0,0.0,39.92,0.0,13.08,30.1687508,
2025-09-19 04:45:31+00:00,2025-09-19 04:45:31,,,,,,,,,,39.7387505,9.7421875,1014.22498,933.375,13.0249996,1.0,,39.92,0.0,13.08,30.2718754,
2025-09-19 04:45:32+00:00,2025-09-19 04:45:32,,,,,,,,,,39.7125015,9.7421875,1014.29999,933.299988,13.0249996,1.0,,39.92,0.0,13.08,30.1124992,
2025-09-19 04:45:33+00:00,2025-09-19 04:45:33,,,,,,,,,,39.7462502,9.74062538,1014.29999,933.299988,12.9750004,1.0,,39.92,0.0,13.08,30.09375,
2025-09-19 04:45:34+00:00,2025-09-19 04:45:34,,,,,,,,,,39.7462502,9.74374962,1014.45001,933.224976,12.9375,1.0,,39.92,0.0,13.08,30.09375,
2025-09-19 04:45:35+00:00,2025-09-19 04:45:35,39.0,39.0,39.0,39.0,39.0,11.21287626586164,100.0,BO_ONLY,BO 모델 결과만 사용,39.7425003,9.74374962,1014.45001,933.224976,12.9375,1.0,,39.92,0.0,13.08,30.09375,
2025-09-19 04:45:36+00:00,2025-09-19 04:45:36,,,,,,,,,,39.7462502,9.74374962,1014.52502,933.224976,12.9375,1.0,,39.92,0.0,13.08,30.09375,
2025-09-19 04:45:37+00:00,2025-09-19 04:45:37,,,,,,,,,,39.7350006,9.74374962,1014.59998,933.224976,12.9375,1.0,,39.92,0.0,13.08,30.09375,
2025-09-19 04:45:38+00:00,2025-09-19 04:45:38,,,,,,,,,,39.7350006,9.73124981,1014.59998,933.150024,13.0249996,1.0,,39.92,0.0,13.08,30.0843754,
2025-09-19 04:45:39+00:00,2025-09-19 04:45:39,,,,,,,,,,39.7275009,9.72500038,1014.59998,933.150024,13.0249996,1.0,,39.92,0.0,13.08,30.09375,
2025-09-19 04:45:40+00:00,2025-09-19 04:45:40,39.0,39.0,39.0,39.0,39.0,11.978455949573776,100.0,BO_ONLY,BO 모델 결과만 사용,39.7462502,9.72500038,1014.75,933.150024,13.0249996,1.0,,39.92,0.0,13.09,30.09375,
2025-09-19 04:45:41+00:00,2025-09-19 04:45:41,,,,,,,,,,39.7425003,9.734375,1014.75,933.150024,13.0375004,1.0,,39.92,0.0,13.09,30.09375,
2025-09-19 04:45:42+00:00,2025-09-19 04:45:42,,,,,,,,,,39.7312508,9.75468731,1014.75,933.075012,13.0249996,1.0,,39.92,0.0,13.09,30.09375,
2025-09-19 04:45:43+00:00,2025-09-19 04:45:43,,,,,,,,,,39.7462502,9.75468731,1014.82501,933.075012,12.9375,1.0,,39.92,0.0,13.09,30.09375,
2025-09-19 04:45:44+00:00,2025-09-19 04:45:44,,,,,,,,,,39.7425003,9.77812481,1014.82501,933.075012,12.9375,1.0,,39.92,0.0,13.09,30.09375,
2025-09-19 04:45:45+00:00,2025-09-19 04:45:45,39.0,39.0,39.0,39.0,39.0,12.58461450005051,100.0,BO_ONLY,BO 모델 결과만 사용,39.7462502,9.77812481,1014.82501,933.0,12.9375,1.0,0.0,39.92,0.0,13.09,30.09375,
2025-09-19 04:45:46+00:00,2025-09-19 04:45:46,,,,,,,,,,39.7462502,9.80312538,1014.97498,933.0,12.9375,1.0,,39.92,0.0,13.09,30.09375,
2025-09-19 04:45:47+00:00,2025-09-19 04:45:47,,,,,,,,,,39.7462502,9.81875038,1014.97498,932.924988,12.9375,1.0,,39.92,0.0,13.09,30.09375,
2025-09-19 04:45:48+00:00,2025-09-19 04:45:48,,,,,,,,,,39.7350006,9.81875038,1015.04999,932.924988,12.7749996,1.0,,39.92,0.0,13.09,30.09375,
2025-09-19 04:45:49+00:00,2025-09-19 04:45:49,,,,,,,,,,39.7425003,9.84375,1015.04999,932.924988,12.7749996,1.0,,39.92,0.0,13.09,30.09375,
2025-09-19 04:45:50+00:00,2025-09-19 04:45:50,39.0,39.0,39.0,39.0,39.0,12.637000055779328,100.0,BO_ONLY,BO 모델 결과만 사용,39.7462502,9.87656212,1015.125,932.924988,12.7749996,1.0,,39.92,0.0,12.84,30.09375,
2025-09-19 04:45:51+00:00,2025-09-19 04:45:51,,,,,,,,,,39.7387505,9.87656212,1015.125,932.924988,12.7749996,1.0,,39.92,0.0,12.84,30.0843754,
2025-09-19 04:45:52+00:00,2025-09-19 04:45:52,,,,,,,,,,39.7312508,9.89687538,1015.20001,932.924988,12.7749996,1.0,,39.92,0.0,12.84,30.09375,
2025-09-19 04:45:53+00:00,2025-09-19 04:45:53,,,,,,,,,,39.7350006,9.89687538,1015.20001,932.924988,12.8249998,1.0,,39.92,0.0,12.84,30.09375,
2025-09-19 04:45:54+00:00,2025-09-19 04:45:54,,,,,,,,,,39.7350006,9.91250038,1015.27502,932.849976,12.8500004,1.0,,39.92,0.0,12.84,30.09375,
2025-09-19 04:45:55+00:00,2025-09-19 04:45:55,39.0,39.0,39.0,39.0,39.0,12.752029598243274,100.0,BO_ONLY,BO 모델 결과만 사용,39.7275009,9.93124962,1015.27502,932.849976,12.8625002,1.0,,39.92,0.0,12.84,29.8968754,
2025-09-19 04:45:56+00:00,2025-09-19 04:45:56,,,,,,,,,,39.7275009,9.93124962,1015.27502,932.849976,12.8625002,1.0,,39.92,0.0,12.84,29.90625,
2025-09-19 04:45:57+00:00,2025-09-19 04:45:57,,,,,,,,,,39.7387505,9.94375038,1015.34998,932.849976,12.8625002,1.0,,39.92,0.0,12.84,29.90625,
2025-09-19 04:45:58+00:00,2025-09-19 04:45:58,,,,,,,,,,39.7312508,9.95781231,1015.42499,932.849976,12.7749996,1.0,,39.92,0.0,12.84,29.90625,
2025-09-19 04:45:59+00:00,2025-09-19 04:45:59,,,,,,,,,,39.7387505,9.95781231,1015.34998,932.849976,12.7749996,1.0,,39.92,0.0,12.84,29.8968754,
2025-09-19 04:46:00+00:00,2025-09-19 04:46:00,39.0,39.0,39.0,39.0,39.0,12.816505666979133,100.0,BO_ONLY,BO 모델 결과만 사용,39.7387505,9.96875,1015.42499,932.775024,12.7749996,1.0,0.0,39.92,0.0,12.84,29.90625,
2025-09-19 04:46:01+00:00,2025-09-19 04:46:01,,,,,,,,,,39.7425003,9.96875,1015.5,932.775024,12.7749996,1.0,,39.92,0.0,12.84,29.90625,
2025-09-19 04:46:02+00:00,2025-09-19 04:46:02,,,,,,,,,,39.7387505,9.9765625,1015.5,932.775024,12.7749996,1.0,,39.92,0.0,12.84,30.09375,
2025-09-19 04:46:03+00:00,2025-09-19 04:46:03,,,,,,,,,,39.7462502,10.0015621,1015.57501,932.775024,12.7749996,1.0,,39.92,0.0,12.84,30.0843754,
2025-09-19 04:46:04+00:00,2025-09-19 04:46:04,,,,,,,,,,39.7425003,10.0015621,1015.57501,932.775024,12.7749996,1.0,,39.92,0.0,12.84,30.09375,
2025-09-19 04:46:05+00:00,2025-09-19 04:46:05,39.0,39.0,39.0,39.0,39.0,13.169642658689588,100.0,BO_ONLY,BO 모델 결과만 사용,39.7312508,10.0281248,1015.57501,932.700012,12.7749996,1.0,,39.92,0.0,12.84,30.09375,
2025-09-19 04:46:06+00:00,2025-09-19 04:46:06,,,,,,,,,,39.7425003,10.0593748,1015.57501,932.700012,12.7749996,1.0,,39.92,0.0,12.84,30.09375,
2025-09-19 04:46:07+00:00,2025-09-19 04:46:07,,,,,,,,,,39.7350006,10.0593748,1015.65002,932.700012,12.7749996,1.0,,39.92,0.0,12.84,30.0843754,
2025-09-19 04:46:08+00:00,2025-09-19 04:46:08,,,,,,,,,,39.7387505,10.0874996,1015.65002,932.700012,12.6125002,1.0,,39.92,0.0,12.84,30.09375,
2025-09-19 04:46:09+00:00,2025-09-19 04:46:09,,,,,,,,,,39.7350006,10.0874996,1015.65002,932.700012,12.6125002,1.0,,39.92,0.0,12.84,30.09375,
2025-09-19 04:46:10+00:00,2025-09-19 04:46:10,38.0,40.0,40.0,38.0,38.0,13.122668767589818,305.0,BO_O2_RULE,제어매트릭스 규칙 적용: O2_HIGH,39.7312508,10.1125002,1015.72498,932.700012,12.6125002,1.0,,39.92,0.0,12.68,29.90625,
2025-09-19 04:46:11+00:00,2025-09-19 04:46:11,,,,,,,,,,39.7275009,10.1312504,1015.72498,932.700012,12.6125002,1.0,,39.92,0.0,12.68,29.8968754,
2025-09-19 04:46:12+00:00,2025-09-19 04:46:12,,,,,,,,,,39.7462502,10.1312504,1015.79999,932.700012,12.6125002,1.0,,39.92,0.0,12.68,29.90625,
2025-09-19 04:46:13+00:00,2025-09-19 04:46:13,,,,,,,,,,38.7750015,10.1343746,1015.79999,932.700012,12.5500002,1.0,,39.92,0.0,12.68,30.0843754,
2025-09-19 04:46:14+00:00,2025-09-19 04:46:14,,,,,,,,,,38.6512489,10.1374998,1015.79999,932.700012,12.5249996,1.0,,39.92,0.0,12.68,30.09375,
2025-09-19 04:46:15+00:00,2025-09-19 04:46:15,38.0,40.0,40.0,38.0,38.0,12.94280055442876,305.0,BO_O2_RULE,제어매트릭스 규칙 적용: O2_HIGH,38.6362495,10.1374998,1015.79999,932.700012,12.5249996,1.0,0.0,39.92,0.0,12.68,29.90625,
2025-09-19 04:46:16+00:00,2025-09-19 04:46:16,,,,,,,,,,38.6399994,10.1499996,1015.79999,932.700012,12.5249996,1.0,,39.92,0.0,12.68,29.90625,
2025-09-19 04:46:17+00:00,2025-09-19 04:46:17,,,,,,,,,,38.6474991,10.1499996,1015.79999,932.700012,12.5249996,1.0,,39.92,0.0,12.68,29.578125,
2025-09-19 04:46:18+00:00,2025-09-19 04:46:18,,,,,,,,,,38.6474991,10.1609373,1015.875,932.700012,12.6125002,1.0,,39.92,0.0,12.68,29.1843758,
2025-09-19 04:46:19+00:00,2025-09-19 04:46:19,,,,,,,,,,38.6512489,10.1687498,1015.875,932.700012,12.6125002,1.0,,39.92,0.0,12.68,28.875,
2025-09-19 04:46:20+00:00,2025-09-19 04:46:20,38.0,40.0,40.0,38.0,38.0,12.906142980811495,305.0,BO_O2_RULE,제어매트릭스 규칙 적용: O2_HIGH,38.6437492,10.1687498,1015.95001,932.700012,12.6125002,1.0,,39.92,0.0,12.61,28.546875,
2025-09-19 04:46:21+00:00,2025-09-19 04:46:21,,,,,,,,,,38.6437492,10.1656246,1015.95001,932.700012,12.6000004,1.0,,39.92,0.0,12.61,28.40625,
2025-09-19 04:46:22+00:00,2025-09-19 04:46:22,,,,,,,,,,38.6437492,10.1656246,1015.95001,932.700012,12.6125002,1.0,,39.92,0.0,12.61,28.40625,
2025-09-19 04:46:23+00:00,2025-09-19 04:46:23,,,,,,,,,,38.6512489,10.1656246,1015.95001,932.700012,12.4499998,1.0,,39.92,0.0,12.61,28.3968754,
2025-09-19 04:46:24+00:00,2025-09-19 04:46:24,,,,,,,,,,38.6437492,10.171875,1015.95001,932.700012,12.3500004,1.0,,39.92,0.0,12.61,28.3968754,
2025-09-19 04:46:25+00:00,2025-09-19 04:46:25,38.0,40.0,40.0,38.0,38.0,12.762730203056066,305.0,BO_O2_RULE,제어매트릭스 규칙 적용: O2_HIGH,38.6324997,10.171875,1015.95001,932.700012,12.3500004,1.0,,39.92,0.0,12.61,28.40625,
2025-09-19 04:46:26+00:00,2025-09-19 04:46:26,,,,,,,,,,38.6362495,10.1828127,1016.02502,932.625,12.3625002,1.0,,39.92,0.0,12.61,28.3968754,
2025-09-19 04:46:27+00:00,2025-09-19 04:46:27,,,,,,,,,,38.6399994,10.1968746,1016.02502,932.625,12.3500004,1.0,,39.92,0.0,12.61,28.3968754,
2025-09-19 04:46:28+00:00,2025-09-19 04:46:28,,,,,,,,,,38.6812515,10.1968746,1016.09998,932.700012,12.4375,1.0,,39.92,0.0,12.61,28.3968754,
2025-09-19 04:46:29+00:00,2025-09-19 04:46:29,,,,,,,,,,38.6512489,10.2015629,1016.02502,932.700012,12.4375,1.0,,39.92,0.0,12.61,28.3968754,
2025-09-19 04:46:30+00:00,2025-09-19 04:46:30,38.0,40.0,40.0,38.0,38.0,12.757683196532223,305.0,BO_O2_RULE,제어매트릭스 규칙 적용: O2_HIGH,38.6437492,10.2093754,1016.09998,932.700012,12.4375,1.0,0.0,39.92,0.0,12.45,28.3968754,
2025-09-19 04:46:31+00:00,2025-09-19 04:46:31,,,,,,,,,,38.6437492,10.2093754,1016.09998,932.625,12.4375,1.0,,39.92,0.0,12.45,28.3968754,
2025-09-19 04:46:32+00:00,2025-09-19 04:46:32,,,,,,,,,,38.6549988,10.2156248,1016.09998,932.700012,12.4375,1.0,,39.92,0.0,12.45,28.3968754,
2025-09-19 04:46:33+00:00,2025-09-19 04:46:33,,,,,,,,,,38.6512489,10.2156248,1016.09998,932.625,13.1000004,1.0,,39.92,0.0,12.45,28.3968754,
2025-09-19 04:46:34+00:00,2025-09-19 04:46:34,,,,,,,,,,38.6512489,10.2281246,1016.09998,932.700012,13.4499998,1.0,,39.92,0.0,12.45,28.3968754,
2025-09-19 04:46:35+00:00,2025-09-19 04:46:35,38.0,40.0,40.0,38.0,38.0,14.584574441326442,305.0,BO_O2_RULE,제어매트릭스 규칙 적용: O2_HIGH,38.6362495,10.2375002,1016.09998,932.700012,13.4499998,1.0,,39.92,0.0,12.45,28.3968754,
2025-09-19 04:46:36+00:00,2025-09-19 04:46:36,,,,,,,,,,38.6362495,10.2375002,1016.09998,932.625,13.4499998,1.0,,39.92,0.0,12.45,28.3968754,
2025-09-19 04:46:37+00:00,2025-09-19 04:46:37,,,,,,,,,,38.6512489,10.2453127,1016.17499,932.625,13.4499998,1.0,,39.92,0.0,12.45,28.40625,
2025-09-19 04:46:38+00:00,2025-09-19 04:46:38,,,,,,,,,,38.6399994,10.2578125,1016.17499,932.700012,14.6374998,1.0,,39.92,0.0,12.45,28.40625,
2025-09-19 04:46:39+00:00,2025-09-19 04:46:39,,,,,,,,,,38.6399994,10.2578125,1016.17499,932.700012,14.6499996,1.0,,39.92,0.0,12.45,28.3968754,
2025-09-19 04:46:40+00:00,2025-09-19 04:46:40,38.0,40.0,40.0,38.0,38.0,18.38456156462492,305.0,BO_O2_RULE,제어매트릭스 규칙 적용: O2_HIGH,38.6549988,10.2609377,1016.17499,932.625,14.6499996,1.0,,39.92,0.0,14.7,28.3968754,
2025-09-19 04:46:41+00:00,2025-09-19 04:46:41,,,,,,,,,,38.6399994,10.2609377,1016.17499,932.625,14.6499996,1.0,,39.92,0.0,14.7,28.3968754,
2025-09-19 04:46:42+00:00,2025-09-19 04:46:42,,,,,,,,,,38.6549988,10.2671871,1016.25,932.700012,14.6499996,1.0,,39.92,0.0,14.7,28.40625,
2025-09-19 04:46:43+00:00,2025-09-19 04:46:43,,,,,,,,,,38.6474991,10.265625,1016.17499,932.625,15.1875,1.0,,39.92,0.0,14.7,28.40625,
2025-09-19 04:46:44+00:00,2025-09-19 04:46:44,,,,,,,,,,38.6362495,10.265625,1016.25,932.625,15.4875002,1.0,,39.92,0.0,14.7,28.3968754,
2025-09-19 04:46:45+00:00,2025-09-19 04:46:45,38.0,40.0,40.0,38.0,38.0,19.702061369427845,305.0,BO_O2_RULE,제어매트릭스 규칙 적용: O2_HIGH,38.6399994,10.2609377,1016.32501,932.625,15.4875002,1.0,0.0,39.92,0.0,14.7,28.40625,
2025-09-19 04:46:46+00:00,2025-09-19 04:46:46,,,,,,,,,,38.6399994,10.2531252,1016.32501,932.700012,15.4875002,1.0,,39.92,0.0,14.7,28.21875,
2025-09-19 04:46:47+00:00,2025-09-19 04:46:47,,,,,,,,,,38.6474991,10.2531252,1016.32501,932.625,15.4875002,1.0,,39.92,0.0,14.7,28.2093754,
2025-09-19 04:46:48+00:00,2025-09-19 04:46:48,,,,,,,,,,38.6362495,10.2593746,1016.32501,932.700012,15.8249998,1.0,,39.92,0.0,14.7,28.2093754,
2025-09-19 04:46:49+00:00,2025-09-19 04:46:49,,,,,,,,,,38.6399994,10.2593746,1016.32501,932.625,15.8249998,1.0,,39.92,0.0,14.7,28.2093754,
2025-09-19 04:46:50+00:00,2025-09-19 04:46:50,38.0,40.0,40.0,38.0,38.0,20.959949891498734,305.0,BO_O2_RULE,제어매트릭스 규칙 적용: O2_HIGH,38.6362495,10.2671871,1016.32501,932.625,15.8249998,1.0,,39.92,0.0,15.87,28.2093754,
2025-09-19 04:46:51+00:00,2025-09-19 04:46:51,,,,,,,,,,38.6399994,10.2781248,1016.32501,932.700012,15.8125,1.0,,39.92,0.0,15.87,28.2093754,
2025-09-19 04:46:52+00:00,2025-09-19 04:46:52,,,,,,,,,,38.6362495,10.2781248,1016.32501,932.625,15.8249998,1.0,,39.92,0.0,15.87,28.2093754,
2025-09-19 04:46:53+00:00,2025-09-19 04:46:53,,,,,,,,,,38.6437492,10.28125,1016.40002,932.625,15.9875002,1.0,,39.92,0.0,15.87,28.2093754,
2025-09-19 04:46:54+00:00,2025-09-19 04:46:54,,,,,,,,,,38.6362495,10.2734375,1016.40002,932.700012,16.0750008,1.0,,39.92,0.0,15.87,28.21875,
2025-09-19 04:46:55+00:00,2025-09-19 04:46:55,38.0,40.0,40.0,38.0,38.0,21.620647211712576,305.0,BO_O2_RULE,제어매트릭스 규칙 적용: O2_HIGH,38.6399994,10.2734375,1016.40002,932.700012,16.0750008,1.0,,39.92,0.0,15.87,28.2093754,
2025-09-19 04:46:56+00:00,2025-09-19 04:46:56,,,,,,,,,,38.6474991,10.2734375,1016.47498,932.700012,16.0750008,1.0,,39.92,0.0,15.87,28.3500004,
2025-09-19 04:46:57+00:00,2025-09-19 04:46:57,,,,,,,,,,38.6662483,10.2734375,1016.47498,932.700012,16.0750008,1.0,,39.92,0.0,15.87,28.3968754,
2025-09-19 04:46:58+00:00,2025-09-19 04:46:58,,,,,,,,,,38.6399994,10.2796879,1016.47498,932.700012,16.4125004,1.0,,39.92,0.0,15.87,28.2093754,
2025-09-19 04:46:59+00:00,2025-09-19 04:46:59,,,,,,,,,,38.6474991,10.2937498,1016.54999,932.700012,16.4125004,1.0,,39.92,0.0,15.87,28.2093754,
2025-09-19 04:47:00+00:00,2025-09-19 04:47:00,38.0,40.0,40.0,38.0,38.0,18.61963264404158,305.0,BO_O2_RULE,제어매트릭스 규칙 적용: O2_HIGH,38.6324997,10.2937498,1016.54999,932.700012,16.4125004,1.0,0.0,39.92,0.0,16.44,28.2093754,
2025-09-19 04:47:01+00:00,2025-09-19 04:47:01,,,,,,,,,,38.6474991,10.3078127,1016.625,932.700012,16.4125004,1.0,,39.92,0.0,16.44,28.3968754,
2025-09-19 04:47:02+00:00,2025-09-19 04:47:02,,,,,,,,,,38.6624985,10.3125,1016.70001,932.700012,16.4125004,1.0,,39.92,0.0,16.44,28.3968754,
2025-09-19 04:47:03+00:00,2025-09-19 04:47:03,,,,,,,,,,38.6399994,10.3125,1016.77502,932.700012,17.0249996,1.0,,39.92,0.0,16.44,28.3968754,
2025-09-19 04:47:04+00:00,2025-09-19 04:47:04,,,,,,,,,,38.6437492,10.3093748,1016.84998,932.700012,17.3374996,1.0,,39.92,0.0,16.44,28.3968754,
2025-09-19 04:47:05+00:00,2025-09-19 04:47:05,38.0,40.0,40.0,38.0,38.0,18.60354643971025,305.0,BO_O2_RULE,제어매트릭스 규칙 적용: O2_HIGH,38.6437492,10.3093748,1016.84998,932.700012,17.3374996,1.0,,39.92,0.0,16.44,28.3968754,
2025-09-19 04:47:06+00:00,2025-09-19 04:47:06,,,,,,,,,,38.6437492,10.3125,1017.0,932.700012,17.3374996,1.0,,39.92,0.0,16.44,28.40625,
2025-09-19 04:47:07+00:00,2025-09-19 04:47:07,,,,,,,,,,38.6474991,10.3015623,1017.07501,932.700012,17.3374996,1.0,,39.92,0.0,16.44,28.3968754,
2025-09-19 04:47:08+00:00,2025-09-19 04:47:08,,,,,,,,,,38.6437492,10.3015623,1017.15002,932.700012,18.4249992,1.0,,39.92,0.0,16.44,28.3968754,
2025-09-19 04:47:09+00:00,2025-09-19 04:47:09,,,,,,,,,,38.6399994,10.2593746,1017.22498,932.700012,18.4249992,1.0,,39.92,0.0,16.44,28.3968754,
2025-09-19 04:47:10+00:00,2025-09-19 04:47:10,38.0,40.0,40.0,38.0,38.0,22.073743655331334,305.0,BO_O2_RULE,제어매트릭스 규칙 적용: O2_HIGH,38.6587486,10.2078123,1017.375,932.700012,18.4249992,1.0,,39.92,0.0,18.44,28.40625,
2025-09-19 04:47:11+00:00,2025-09-19 04:47:11,,,,,,,,,,38.6399994,10.2078123,1017.45001,932.700012,18.4249992,1.0,,39.92,0.0,18.44,28.40625,
2025-09-19 04:47:12+00:00,2025-09-19 04:47:12,,,,,,,,,,38.6362495,10.1515627,1017.59998,932.775024,18.4249992,1.0,,39.92,0.0,18.44,28.3968754,
2025-09-19 04:47:13+00:00,2025-09-19 04:47:13,,,,,,,,,,38.6362495,10.09375,1017.75,932.775024,18.3374996,1.0,,39.92,0.0,18.44,28.40625,
2025-09-19 04:47:14+00:00,2025-09-19 04:47:14,,,,,,,,,,38.6437492,10.09375,1017.75,932.775024,18.3500004,1.0,,39.92,0.0,18.44,28.40625,
2025-09-19 04:47:15+00:00,2025-09-19 04:47:15,38.0,39.0,39.0,38.0,38.0,22.968377889152823,305.0,BO_O2_RULE,제어매트릭스 규칙 적용: O2_HIGH,38.6474991,10.0234375,1017.90002,932.775024,18.3500004,1.0,0.0,39.92,0.0,18.44,28.40625,
2025-09-19 04:47:16+00:00,2025-09-19 04:47:16,,,,,,,,,,38.6474991,10.0234375,1018.04999,932.775024,18.3500004,1.0,,39.92,0.0,18.44,28.3968754,
2025-09-19 04:47:17+00:00,2025-09-19 04:47:17,,,,,,,,,,38.6437492,9.94218731,1018.20001,932.849976,18.3500004,1.0,,39.92,0.0,18.44,28.3968754,
2025-09-19 04:47:18+00:00,2025-09-19 04:47:18,,,,,,,,,,38.6399994,9.82499981,1018.27502,932.849976,18.3500004,1.0,,39.92,0.0,18.44,28.3968754,
2025-09-19 04:47:19+00:00,2025-09-19 04:47:19,,,,,,,,,,38.6512489,9.82499981,1018.42499,932.849976,18.3500004,1.0,,39.92,0.0,18.44,28.3968754,
2025-09-19 04:47:20+00:00,2025-09-19 04:47:20,39.0,39.0,39.0,39.0,39.0,23.14574729804443,100.0,BO_ONLY,BO 모델 결과만 사용,38.6362495,9.73124981,1018.57501,932.849976,18.3500004,1.0,,39.92,0.0,18.37,28.3968754,
2025-09-19 04:47:21+00:00,2025-09-19 04:47:21,,,,,,,,,,38.6474991,9.73124981,1018.65002,932.849976,18.3500004,1.0,,39.92,0.0,18.37,28.3968754,
2025-09-19 04:47:22+00:00,2025-09-19 04:47:22,,,,,,,,,,38.6399994,9.65468788,1018.79999,932.849976,18.3500004,1.0,,39.92,0.0,18.37,28.3968754,
2025-09-19 04:47:23+00:00,2025-09-19 04:47:23,,,,,,,,,,39.6862488,9.57499981,1018.95001,932.849976,19.0125008,1.0,,39.92,0.0,18.37,28.3968754,
2025-09-19 04:47:24+00:00,2025-09-19 04:47:24,,,,,,,,,,39.7387505,9.57499981,1019.09998,932.849976,19.0125008,1.0,,39.92,0.0,18.37,28.3968754,
2025-09-19 04:47:25+00:00,2025-09-19 04:47:25,39.0,39.0,39.0,39.0,39.0,19.144875970527472,100.0,BO_ONLY,BO 모델 결과만 사용,39.7425003,9.49687481,1019.17499,932.924988,19.0249996,1.0,,39.92,0.0,18.37,28.3968754,
2025-09-19 04:47:26+00:00,2025-09-19 04:47:26,,,,,,,,,,39.6937485,9.40312481,1019.40002,932.924988,19.0125008,1.0,,39.92,0.0,18.37,28.3968754,
2025-09-19 04:47:27+00:00,2025-09-19 04:47:27,,,,,,,,,,39.7312508,9.40312481,1019.47498,932.924988,19.0125008,1.0,,39.92,0.0,18.37,29.109375,
2025-09-19 04:47:28+00:00,2025-09-19 04:47:28,,,,,,,,,,39.7312508,9.30937481,1019.625,932.924988,20.3624992,1.0,,39.92,0.0,18.37,29.3250008,
2025-09-19 04:47:29+00:00,2025-09-19 04:47:29,,,,,,,,,,39.7462502,9.30937481,1019.77502,932.924988,20.375,1.0,,39.92,0.0,18.37,29.71875,
2025-09-19 04:47:30+00:00,2025-09-19 04:47:30,38.0,38.0,38.0,38.0,38.0,22.346251612059287,100.0,BO_ONLY,BO 모델 결과만 사용,39.7425003,9.23281288,1019.92499,932.924988,20.375,1.0,0.0,39.92,0.0,20.38,29.90625,
2025-09-19 04:47:31+00:00,2025-09-19 04:47:31,,,,,,,,,,39.7425003,9.15625,1020.07501,933.0,20.375,1.0,,39.92,0.0,20.38,29.8968754,
2025-09-19 04:47:32+00:00,2025-09-19 04:47:32,,,,,,,,,,39.0750008,9.15625,1020.15002,933.0,20.375,1.0,,39.92,0.0,20.38,29.8968754,
2025-09-19 04:47:33+00:00,2025-09-19 04:47:33,,,,,,,,,,38.6512489,9.078125,1020.29999,933.075012,20.125,1.0,,39.92,0.0,20.38,29.90625,
2025-09-19 04:47:34+00:00,2025-09-19 04:47:34,,,,,,,,,,38.6474991,9.01093769,1020.45001,933.075012,20.125,1.0,,39.92,0.0,20.38,30.09375,
2025-09-19 04:47:35+00:00,2025-09-19 04:47:35,39.0,39.0,39.0,39.0,39.0,23.338528461817223,100.0,BO_ONLY,BO 모델 결과만 사용,38.6437492,9.01093769,1020.59998,933.150024,20.125,1.0,,39.92,0.0,20.38,29.90625,
2025-09-19 04:47:36+00:00,2025-09-19 04:47:36,,,,,,,,,,38.6437492,8.95937538,1020.67499,933.150024,20.125,1.0,,39.92,0.0,20.38,29.5218754,
2025-09-19 04:47:37+00:00,2025-09-19 04:47:37,,,,,,,,,,39.3187485,8.95937538,1020.82501,933.150024,20.125,1.0,,39.92,0.0,20.38,29.1749992,
2025-09-19 04:47:38+00:00,2025-09-19 04:47:38,,,,,,,,,,39.7237511,8.92031288,1020.97498,933.150024,21.2124996,1.0,,39.92,0.0,20.38,28.8093758,
2025-09-19 04:47:39+00:00,2025-09-19 04:47:39,,,,,,,,,,39.7425003,8.88125038,1021.125,933.150024,21.2124996,1.0,,39.92,0.0,20.38,28.453125,
2025-09-19 04:47:40+00:00,2025-09-19 04:47:40,39.0,39.0,39.0,39.0,39.0,24.563941714697787,100.0,BO_ONLY,BO 모델 결과만 사용,39.7387505,8.88125038,1021.27502,933.224976,21.2000008,1.0,,39.92,0.0,21.26,28.5,
2025-09-19 04:47:41+00:00,2025-09-19 04:47:41,,,,,,,,,,39.7425003,8.84687519,1021.42499,933.224976,21.2124996,1.0,,39.92,0.0,21.26,28.9312496,
2025-09-19 04:47:42+00:00,2025-09-19 04:47:42,,,,,,,,,,39.7387505,8.80781269,1021.57501,933.224976,21.2124996,1.0,,39.92,0.0,21.26,29.1749992,
2025-09-19 04:47:43+00:00,2025-09-19 04:47:43,,,,,,,,,,39.7425003,8.80781269,1021.72498,933.224976,21.875,1.0,,39.92,0.0,21.26,29.3718758,
2025-09-19 04:47:44+00:00,2025-09-19 04:47:44,,,,,,,,,,39.7387505,8.76718712,1021.79999,933.299988,21.875,1.0,,39.92,0.0,21.26,29.7093754,
2025-09-19 04:47:45+00:00,2025-09-19 04:47:45,40.0,40.0,40.0,40.0,40.0,23.3941945692653,100.0,BO_ONLY,BO 모델 결과만 사용,39.7462502,8.76718712,1022.02502,933.375,21.875,1.0,0.0,39.92,0.0,21.26,29.8968754,
2025-09-19 04:47:46+00:00,2025-09-19 04:47:46,,,,,,,,,,39.7350006,8.74687481,1022.09998,933.375,21.875,1.0,,39.92,0.0,21.26,29.8968754,
2025-09-19 04:47:47+00:00,2025-09-19 04:47:47,,,,,,,,,,40.4812508,8.73281288,1022.32501,933.375,21.875,1.0,,39.92,0.0,21.26,29.90625,
2025-09-19 04:47:48+00:00,2025-09-19 04:47:48,,,,,,,,,,40.78125,8.73281288,1022.47498,933.450012,21.5499992,1.0,,39.92,0.0,21.26,29.8968754,
2025-09-19 04:47:49+00:00,2025-09-19 04:47:49,,,,,,,,,,40.7924995,8.71718788,1022.70001,933.450012,21.5499992,1.0,,39.92,0.0,21.26,29.9156246,
2025-09-19 04:47:50+00:00,2025-09-19 04:47:50,40.0,40.0,40.0,40.0,40.0,23.703033494109793,100.0,BO_ONLY,BO 모델 결과만 사용,40.7887497,8.6875,1022.77502,933.525024,21.5499992,1.0,,39.92,0.0,21.55,30.2906246,
2025-09-19 04:47:51+00:00,2025-09-19 04:47:51,,,,,,,,,,40.8149986,8.6875,1023.0,933.525024,21.5499992,1.0,,39.92,0.0,21.55,30.6375008,
2025-09-19 04:47:52+00:00,2025-09-19 04:47:52,,,,,,,,,,40.7587509,8.65781212,1023.15002,933.599976,21.5499992,1.0,,39.92,0.0,21.55,30.9093742,
2025-09-19 04:47:53+00:00,2025-09-19 04:47:53,,,,,,,,,,40.7924995,8.65781212,1023.29999,933.599976,21.7124996,1.0,,39.92,0.0,21.55,31.359375,
2025-09-19 04:47:54+00:00,2025-09-19 04:47:54,,,,,,,,,,40.7662506,8.62187481,1023.375,933.674988,21.7124996,1.0,,39.92,0.0,21.55,31.4156246,
2025-09-19 04:47:55+00:00,2025-09-19 04:47:55,41.0,41.0,41.0,41.0,41.0,23.679142078830708,100.0,BO_ONLY,BO 모델 결과만 사용,40.8074989,8.58281231,1023.59998,933.674988,21.7124996,1.0,,39.92,0.0,21.55,31.59375,
2025-09-19 04:47:56+00:00,2025-09-19 04:47:56,,,,,,,,,,40.7924995,8.58281231,1023.75,933.75,21.7124996,1.0,,39.92,0.0,21.55,31.7718754,
2025-09-19 04:47:57+00:00,2025-09-19 04:47:57,,,,,,,,,,40.7550011,8.5078125,1023.97498,933.75,21.7124996,1.0,,39.92,0.0,21.55,31.78125,
2025-09-19 04:47:58+00:00,2025-09-19 04:47:58,,,,,,,,,,41.7750015,8.42656231,1024.05005,933.825012,22.5625,1.0,,39.92,0.0,21.55,31.9593754,
2025-09-19 04:47:59+00:00,2025-09-19 04:47:59,,,,,,,,,,41.8349991,8.42656231,1024.27502,933.825012,22.5625,1.0,,39.92,0.0,21.55,31.9593754,
2025-09-19 04:48:00+00:00,2025-09-19 04:48:00,44.0,44.0,44.0,44.0,44.0,21.737264124280617,100.0,BO_ONLY,BO 모델 결과만 사용,41.8387489,8.36250019,1024.34998,933.900024,22.5625,1.0,0.0,39.92,0.0,22.57,32.1187515,
2025-09-19 04:48:01+00:00,2025-09-19 04:48:01,,,,,,,,,,41.8274994,8.36250019,1024.57495,933.900024,22.5625,1.0,,39.92,0.0,22.57,32.1375008,
2025-09-19 04:48:02+00:00,2025-09-19 04:48:02,,,,,,,,,,43.1399994,8.29843712,1024.72498,933.974976,22.5625,1.0,,39.92,0.0,22.57,32.5218735,
2025-09-19 04:48:03+00:00,2025-09-19 04:48:03,,,,,,,,,,44.8875008,8.25,1024.875,934.049988,22.2999992,1.0,,39.92,0.0,22.57,32.8781242,
2025-09-19 04:48:04+00:00,2025-09-19 04:48:04,,,,,,,,,,44.9437485,8.25,1024.94995,934.049988,22.3125,1.0,,39.92,0.0,22.57,33.4406242,
2025-09-19 04:48:05+00:00,2025-09-19 04:48:05,44.0,44.0,44.0,44.0,44.0,22.252928627342566,100.0,BO_ONLY,BO 모델 결과만 사용,44.9474983,8.21562481,1025.17505,934.125,22.3125,1.0,,39.92,0.0,22.57,34.03125,
2025-09-19 04:48:06+00:00,2025-09-19 04:48:06,,,,,,,,,,44.9437485,8.17656231,1025.25,934.125,22.2999992,1.0,,39.92,0.0,22.57,35.1749992,
2025-09-19 04:48:07+00:00,2025-09-19 04:48:07,,,,,,,,,,44.9512482,8.17656231,1025.47498,934.200012,22.3125,1.0,,39.92,0.0,22.57,36.5343742,
2025-09-19 04:48:08+00:00,2025-09-19 04:48:08,,,,,,,,,,44.9550018,8.12968731,1025.55005,934.275024,23.2374992,1.0,,39.92,0.0,22.57,37.3781242,
2025-09-19 04:48:09+00:00,2025-09-19 04:48:09,,,,,,,,,,44.9550018,8.12968731,1025.77502,934.349976,23.2374992,1.0,,39.92,0.0,22.57,38.1187515,
2025-09-19 04:48:10+00:00,2025-09-19 04:48:10,44.0,45.0,44.0,44.0,44.0,23.476785705388146,206.0,BO_O2,O2 규칙 적용: 8.2% (8.0~9.0%),44.9512482,8.09062481,1025.92505,934.349976,23.2374992,1.0,,39.92,0.0,23.24,38.4749985,
2025-09-19 04:48:11+00:00,2025-09-19 04:48:11,,,,,,,,,,44.9550018,8.05937481,1026.07495,934.424988,23.2374992,1.0,,39.92,0.0,23.24,38.8312492,
2025-09-19 04:48:12+00:00,2025-09-19 04:48:12,,,,,,,,,,44.9512482,8.05937481,1026.15002,934.424988,23.2374992,1.0,,39.92,0.0,23.24,38.8687515,
2025-09-19 04:48:13+00:00,2025-09-19 04:48:13,,,,,,,,,,44.9474983,8.05624962,1026.375,934.575012,23.9125004,1.0,,39.92,0.0,23.24,38.8687515,
2025-09-19 04:48:14+00:00,2025-09-19 04:48:14,,,,,,,,,,44.9399986,8.06093788,1026.44995,934.575012,23.8999996,1.0,,39.92,0.0,23.24,38.8687515,
2025-09-19 04:48:15+00:00,2025-09-19 04:48:15,44.0,45.0,44.0,44.0,44.0,23.84717763786047,206.0,BO_O2,O2 규칙 적용: 8.1% (8.0~9.0%),44.9625015,8.06093788,1026.67505,934.575012,23.9125004,1.0,0.0,39.92,0.0,23.24,38.8781242,
2025-09-19 04:48:16+00:00,2025-09-19 04:48:16,,,,,,,,,,44.9550018,8.05937481,1026.75,934.650024,23.9125004,1.0,,39.92,0.0,23.24,39.046875,
2025-09-19 04:48:17+00:00,2025-09-19 04:48:17,,,,,,,,,,44.9512482,8.05937481,1026.97498,934.724976,23.9125004,1.0,,39.92,0.0,23.24,39.046875,
2025-09-19 04:48:18+00:00,2025-09-19 04:48:18,,,,,,,,,,44.9474983,8.06562519,1027.05005,934.799988,24.25,1.0,,39.92,0.0,23.24,39.0562515,
2025-09-19 04:48:19+00:00,2025-09-19 04:48:19,,,,,,,,,,44.9550018,8.06875038,1027.27502,934.875,24.25,1.0,,39.92,0.0,23.24,39.046875,
2025-09-19 04:48:20+00:00,2025-09-19 04:48:20,44.0,45.0,44.0,44.0,44.0,26.674338112160868,206.0,BO_O2,O2 규칙 적용: 8.1% (8.0~9.0%),44.9437485,8.06875038,1027.34998,934.950012,24.25,1.0,,39.92,0.0,24.26,39.046875,
2025-09-19 04:48:21+00:00,2025-09-19 04:48:21,,,,,,,,,,44.9512482,8.07656288,1027.5,935.025024,24.25,1.0,,39.92,0.0,24.26,39.046875,
2025-09-19 04:48:22+00:00,2025-09-19 04:48:22,,,,,,,,,,44.9512482,8.09687519,1027.65002,935.099976,24.25,1.0,,39.92,0.0,24.26,38.9437485,
2025-09-19 04:48:23+00:00,2025-09-19 04:48:23,,,,,,,,,,44.9550018,8.09687519,1027.875,935.099976,24.0,1.0,,39.92,0.0,24.26,38.8687515,
2025-09-19 04:48:24+00:00,2025-09-19 04:48:24,,,,,,,,,,44.9437485,8.10781288,1027.94995,935.174988,24.0,1.0,,39.92,0.0,24.26,38.8781242,
2025-09-19 04:48:25+00:00,2025-09-19 04:48:25,44.0,45.0,44.0,44.0,44.0,27.497631161141975,206.0,BO_O2,O2 규칙 적용: 8.1% (8.0~9.0%),44.9625015,8.10781288,1028.17505,935.25,24.0,1.0,,39.92,0.0,24.26,38.8687515,
2025-09-19 04:48:26+00:00,2025-09-19 04:48:26,,,,,,,,,,44.9512482,8.11562538,1028.25,935.25,24.0,1.0,,39.92,0.0,24.26,38.8687515,
2025-09-19 04:48:27+00:00,2025-09-19 04:48:27,,,,,,,,,,44.9512482,8.12812519,1028.47498,935.325012,24.0,1.0,,39.92,0.0,24.26,38.8687515,
2025-09-19 04:48:28+00:00,2025-09-19 04:48:28,,,,,,,,,,44.9437485,8.12812519,1028.55005,935.400024,24.8374996,1.0,,39.92,0.0,24.26,38.8687515,
2025-09-19 04:48:29+00:00,2025-09-19 04:48:29,,,,,,,,,,44.9625015,8.15468788,1028.69995,935.549988,24.8374996,1.0,,39.92,0.0,24.26,38.8687515,
2025-09-19 04:48:30+00:00,2025-09-19 04:48:30,44.0,45.0,44.0,44.0,44.0,25.58746269883563,206.0,BO_O2,O2 규칙 적용: 8.1% (8.0~9.0%),44.9512482,8.1875,1028.84998,935.549988,24.8374996,1.0,0.0,39.92,0.0,24.86,38.8687515,
2025-09-19 04:48:31+00:00,2025-09-19 04:48:31,,,,,,,,,,44.9474983,8.1875,1029.07495,935.625,24.8374996,1.0,,39.92,0.0,24.86,38.8781242,
2025-09-19 04:48:32+00:00,2025-09-19 04:48:32,,,,,,,,,,44.9550018,8.19375038,1029.15002,935.700012,24.8374996,1.0,,39.92,0.0,24.86,38.8687515,
2025-09-19 04:48:33+00:00,2025-09-19 04:48:33,,,,,,,,,,44.9437485,8.19375038,1029.375,935.775024,25.7875004,1.0,,39.92,0.0,24.86,38.8687515,
2025-09-19 04:48:34+00:00,2025-09-19 04:48:34,,,,,,,,,,44.9474983,8.19687462,1029.44995,935.775024,25.7875004,1.0,,39.92,0.0,24.86,38.8687515,
2025-09-19 04:48:35+00:00,2025-09-19 04:48:35,44.0,45.0,44.0,44.0,44.0,27.05386097772052,206.0,BO_O2,O2 규칙 적용: 8.2% (8.0~9.0%),44.9399986,8.1953125,1029.67505,935.849976,25.7875004,1.0,,39.92,0.0,24.86,38.8687515,
2025-09-19 04:48:36+00:00,2025-09-19 04:48:36,,,,,,,,,,44.9512482,8.1953125,1029.75,935.924988,25.7875004,1.0,,39.92,0.0,24.86,38.8687515,
2025-09-19 04:48:37+00:00,2025-09-19 04:48:37,,,,,,,,,,44.9512482,8.19218731,1029.97498,936.075012,25.7749996,1.0,,39.92,0.0,24.86,38.8687515,
2025-09-19 04:48:38+00:00,2025-09-19 04:48:38,,,,,,,,,,44.9474983,8.17812538,1030.125,936.075012,25.7000008,1.0,,39.92,0.0,24.86,38.8687515,
2025-09-19 04:48:39+00:00,2025-09-19 04:48:39,,,,,,,,,,44.9437485,8.17812538,1030.27502,936.150024,25.7000008,1.0,,39.92,0.0,24.86,38.8687515,
2025-09-19 04:48:40+00:00,2025-09-19 04:48:40,44.0,45.0,44.0,44.0,44.0,28.736064596419254,206.0,BO_O2,O2 규칙 적용: 8.2% (8.0~9.0%),44.9512482,8.15937519,1030.42505,936.224976,25.7000008,1.0,,39.92,0.0,25.72,38.8687515,
2025-09-19 04:48:41+00:00,2025-09-19 04:48:41,,,,,,,,,,44.9512482,8.15937519,1030.65002,936.299988,25.7000008,1.0,,39.92,0.0,25.72,38.8687515,
2025-09-19 04:48:42+00:00,2025-09-19 04:48:42,,,,,,,,,,44.9512482,8.14218712,1030.72498,936.450012,25.7000008,1.0,,39.92,0.0,25.72,38.8687515,
2025-09-19 04:48:43+00:00,2025-09-19 04:48:43,,,,,,,,,,44.9474983,8.12656212,1030.94995,936.525024,26.5375004,1.0,,39.92,0.0,25.72,38.8687515,
2025-09-19 04:48:44+00:00,2025-09-19 04:48:44,,,,,,,,,,44.9512482,8.12656212,1031.09998,936.599976,26.5375004,1.0,,39.92,0.0,25.72,38.8781242,
2025-09-19 04:48:45+00:00,2025-09-19 04:48:45,44.0,46.0,44.0,44.0,44.0,28.983670282163917,206.0,BO_O2,O2 규칙 적용: 8.1% (8.0~9.0%),44.9512482,8.12031269,1031.25,936.674988,26.5375004,1.0,0.0,39.92,0.0,25.72,38.8687515,
2025-09-19 04:48:46+00:00,2025-09-19 04:48:46,,,,,,,,,,44.9625015,8.10781288,1031.40002,936.75,26.5375004,1.0,,39.92,0.0,25.72,38.8687515,
2025-09-19 04:48:47+00:00,2025-09-19 04:48:47,,,,,,,,,,44.9474983,8.10781288,1031.625,936.825012,26.5375004,1.0,,39.92,0.0,25.72,38.8687515,
2025-09-19 04:48:48+00:00,2025-09-19 04:48:48,,,,,,,,,,44.9474983,8.09375,1031.77502,936.900024,26.875,1.0,,39.92,0.0,25.72,38.8687515,
2025-09-19 04:48:49+00:00,2025-09-19 04:48:49,,,,,,,,,,44.9512482,8.09218788,1031.92505,936.974976,26.875,1.0,,39.92,0.0,25.72,38.8687515,
2025-09-19 04:48:50+00:00,2025-09-19 04:48:50,44.0,46.0,44.0,44.0,44.0,25.328283295935588,206.0,BO_O2,O2 규칙 적용: 8.1% (8.0~9.0%),44.9437485,8.09218788,1032.07495,937.049988,26.875,1.0,,39.92,0.0,26.92,38.8687515,
2025-09-19 04:48:51+00:00,2025-09-19 04:48:51,,,,,,,,,,44.9550018,8.09062481,1032.30005,937.200012,26.875,1.0,,39.92,0.0,26.92,39.0187492,
2025-09-19 04:48:52+00:00,2025-09-19 04:48:52,,,,,,,,,,44.9550018,8.09062481,1032.375,937.275024,26.875,1.0,,39.92,0.0,26.92,39.046875,
2025-09-19 04:48:53+00:00,2025-09-19 04:48:53,,,,,,,,,,44.9587517,8.07499981,1032.59998,937.349976,26.4500008,1.0,,39.92,0.0,26.92,39.046875,
2025-09-19 04:48:54+00:00,2025-09-19 04:48:54,,,,,,,,,,44.9474983,8.05624962,1032.75,937.424988,26.4500008,1.0,,39.92,0.0,26.92,39.046875,
2025-09-19 04:48:55+00:00,2025-09-19 04:48:55,44.0,46.0,44.0,44.0,44.0,25.650658078789835,206.0,BO_O2,O2 규칙 적용: 8.1% (8.0~9.0%),44.9512482,8.05624962,1032.97498,937.5,26.4500008,1.0,,39.92,0.0,26.92,39.0562515,
2025-09-19 04:48:56+00:00,2025-09-19 04:48:56,,,,,,,,,,44.9550018,8.03281212,1033.05005,937.575012,26.4500008,1.0,,39.92,0.0,26.92,39.046875,
2025-09-19 04:48:57+00:00,2025-09-19 04:48:57,,,,,,,,,,44.9512482,8.03281212,1033.27502,937.650024,26.4500008,1.0,,39.92,0.0,26.92,39.046875,
2025-09-19 04:48:58+00:00,2025-09-19 04:48:58,,,,,,,,,,44.9512482,8.00312519,1033.42505,937.799988,26.375,1.0,,39.92,0.0,26.92,39.046875,
2025-09-19 04:48:59+00:00,2025-09-19 04:48:59,,,,,,,,,,44.9512482,7.95625019,1033.65002,937.875,26.375,1.0,,39.92,0.0,26.92,39.0562515,
2025-09-19 04:49:00+00:00,2025-09-19 04:49:00,44.0,46.0,44.0,44.0,44.0,25.15403989277704,206.0,BO_O2,O2 규칙 적용: 8.0% (8.0~9.0%),44.9474983,7.95625019,1033.80005,937.950012,26.375,1.0,0.0,39.92,0.0,26.35,39.046875,
2025-09-19 04:49:01+00:00,2025-09-19 04:49:01,,,,,,,,,,44.9550018,7.9234376,1033.94995,938.099976,26.375,1.0,,39.92,0.0,26.35,39.046875,
2025-09-19 04:49:02+00:00,2025-09-19 04:49:02,,,,,,,,,,44.9550018,7.89375019,1034.09998,938.174988,26.375,1.0,,39.92,0.0,26.35,39.046875,
2025-09-19 04:49:03+00:00,2025-09-19 04:49:03,,,,,,,,,,44.9550018,7.89375019,1034.32495,938.325012,26.7000008,1.0,,39.92,0.0,26.35,39.046875,
2025-09-19 04:49:04+00:00,2025-09-19 04:49:04,,,,,,,,,,44.9437485,7.87812519,1034.40002,938.325012,26.7000008,1.0,,39.92,0.0,26.35,39.046875,
2025-09-19 04:49:05+00:00,2025-09-19 04:49:05,46.0,46.0,46.0,46.0,46.0,23.446735175446143,100.0,BO_ONLY,BO 모델 결과만 사용,44.9587517,7.87812519,1034.625,938.474976,26.7000008,1.0,,39.92,0.0,26.35,39.046875,
2025-09-19 04:49:06+00:00,2025-09-19 04:49:06,,,,,,,,,,44.9550018,7.86250019,1034.77502,938.549988,26.7000008,1.0,,39.92,0.0,26.35,39.046875,
2025-09-19 04:49:07+00:00,2025-09-19 04:49:07,,,,,,,,,,45.0900002,7.8359375,1035.0,938.625,26.7000008,1.0,,39.92,0.0,26.35,38.90625,
2025-09-19 04:49:08+00:00,2025-09-19 04:49:08,,,,,,,,,,46.9799995,7.8359375,1035.15002,938.775024,26.375,1.0,,39.92,0.0,26.35,38.8687515,
2025-09-19 04:49:09+00:00,2025-09-19 04:49:09,,,,,,,,,,46.9949989,7.80000019,1035.375,938.849976,26.375,1.0,,39.92,0.0,26.35,39.0,
2025-09-19 04:49:10+00:00,2025-09-19 04:49:10,46.0,46.0,46.0,46.0,46.0,24.643009987834454,100.0,BO_ONLY,BO 모델 결과만 사용,47.0062485,7.7578125,1035.44995,939.0,26.375,1.0,,39.92,0.0,26.43,39.5812492,
2025-09-19 04:49:11+00:00,2025-09-19 04:49:11,,,,,,,,,,46.9949989,7.7578125,1035.67505,939.075012,26.375,1.0,,39.92,0.0,26.43,40.3312492,
2025-09-19 04:49:12+00:00,2025-09-19 04:49:12,,,,,,,,,,47.0062485,7.7125001,1035.82495,939.150024,26.375,1.0,,39.92,0.0,26.43,41.0906258,
2025-09-19 04:49:13+00:00,2025-09-19 04:49:13,,,,,,,,,,46.9949989,7.7125001,1036.05005,939.299988,26.5375004,1.0,,39.92,0.0,26.43,41.71875,
2025-09-19 04:49:14+00:00,2025-09-19 04:49:14,,,,,,,,,,46.9987488,7.68281269,1036.19995,939.375,26.5375004,1.0,,39.92,0.0,26.43,41.8781242,
2025-09-19 04:49:15+00:00,2025-09-19 04:49:15,46.0,46.0,46.0,46.0,46.0,25.45697511385253,100.0,BO_ONLY,BO 모델 결과만 사용,47.0099983,7.66093731,1036.42505,939.525024,26.5375004,1.0,0.0,39.92,0.0,26.43,42.2062492,
2025-09-19 04:49:16+00:00,2025-09-19 04:49:16,,,,,,,,,,46.9949989,7.66093731,1036.57495,939.599976,26.5375004,1.0,,39.92,0.0,26.43,42.421875,
2025-09-19 04:49:17+00:00,2025-09-19 04:49:17,,,,,,,,,,46.9949989,7.6390624,1036.80005,939.75,26.5375004,1.0,,39.92,0.0,26.43,42.6187515,
2025-09-19 04:49:18+00:00,2025-09-19 04:49:18,,,,,,,,,,47.0024986,7.6171875,1036.94995,939.900024,26.5375004,1.0,,39.92,0.0,26.43,42.609375,
2025-09-19 04:49:19+00:00,2025-09-19 04:49:19,,,,,,,,,,47.0099983,7.6171875,1037.17505,939.974976,26.5375004,1.0,,39.92,0.0,26.43,42.6187515,
2025-09-19 04:49:20+00:00,2025-09-19 04:49:20,46.0,46.0,46.0,46.0,46.0,24.33464983426733,100.0,BO_ONLY,BO 모델 결과만 사용,47.0099983,7.59687519,1037.25,940.125,26.5375004,1.0,,39.92,0.0,26.51,42.6187515,
2025-09-19 04:49:21+00:00,2025-09-19 04:49:21,,,,,,,,,,47.0062485,7.5843749,1037.47498,940.275024,26.5375004,1.0,,39.92,0.0,26.51,42.6187515,
2025-09-19 04:49:22+00:00,2025-09-19 04:49:22,,,,,,,,,,47.0062485,7.5843749,1037.69995,940.349976,26.5375004,1.0,,39.92,0.0,26.51,42.6187515,
2025-09-19 04:49:23+00:00,2025-09-19 04:49:23,,,,,,,,,,47.0099983,7.5796876,1037.92505,940.5,26.9500008,1.0,,39.92,0.0,26.51,42.6187515,
2025-09-19 04:49:24+00:00,2025-09-19 04:49:24,,,,,,,,,,46.9949989,7.5796876,1038.07495,940.575012,26.9624996,1.0,,39.92,0.0,26.51,42.6187515,
2025-09-19 04:49:25+00:00,2025-09-19 04:49:25,46.0,46.0,46.0,46.0,46.0,25.098224063270887,100.0,BO_ONLY,BO 모델 결과만 사용,47.0024986,7.5625,1038.30005,940.724976,26.9624996,1.0,,39.92,0.0,26.51,42.6187515,
2025-09-19 04:49:26+00:00,2025-09-19 04:49:26,,,,,,,,,,47.0024986,7.5484376,1038.44995,940.799988,26.9624996,1.0,,39.92,0.0,26.51,42.6187515,
2025-09-19 04:49:27+00:00,2025-09-19 04:49:27,,,,,,,,,,47.0062485,7.5484376,1038.59998,940.950012,26.9624996,1.0,,39.92,0.0,26.51,42.6187515,
2025-09-19 04:49:28+00:00,2025-09-19 04:49:28,,,,,,,,,,47.0099983,7.52031231,1038.82495,941.099976,27.2999992,1.0,,39.92,0.0,26.51,42.6187515,
2025-09-19 04:49:29+00:00,2025-09-19 04:49:29,,,,,,,,,,47.0062485,7.4921875,1039.05005,941.25,27.2999992,1.0,,39.92,0.0,26.51,42.6187515,
2025-09-19 04:49:30+00:00,2025-09-19 04:49:30,46.0,46.0,46.0,46.0,46.0,25.642747561687337,100.0,BO_ONLY,BO 모델 결과만 사용,47.0024986,7.4921875,1039.19995,941.400024,27.2999992,1.0,0.0,39.92,0.0,27.32,42.609375,
2025-09-19 04:49:31+00:00,2025-09-19 04:49:31,,,,,,,,,,46.9949989,7.46562481,1039.42505,941.474976,27.2999992,1.0,,39.92,0.0,27.32,42.6187515,
2025-09-19 04:49:32+00:00,2025-09-19 04:49:32,,,,,,,,,,46.9987488,7.46562481,1039.57495,941.625,27.2999992,1.0,,39.92,0.0,27.32,42.6187515,
2025-09-19 04:49:33+00:00,2025-09-19 04:49:33,,,,,,,,,,47.0062485,7.4359374,1039.80005,941.775024,27.2999992,1.0,,39.92,0.0,27.32,42.6187515,
2025-09-19 04:49:34+00:00,2025-09-19 04:49:34,,,,,,,,,,47.0024986,7.40937519,1039.94995,941.924988,27.2999992,1.0,,39.92,0.0,27.32,42.609375,
2025-09-19 04:49:35+00:00,2025-09-19 04:49:35,46.0,46.0,46.0,46.0,46.0,28.104291875093097,100.0,BO_ONLY,BO 모델 결과만 사용,47.0062485,7.40937519,1040.17505,942.075012,27.2999992,1.0,,39.92,0.0,27.32,42.6187515,
2025-09-19 04:49:36+00:00,2025-09-19 04:49:36,,,,,,,,,,47.0137482,7.40156269,1040.32495,942.150024,27.2999992,1.0,,39.92,0.0,27.32,42.6187515,
2025-09-19 04:49:37+00:00,2025-09-19 04:49:37,,,,,,,,,,47.0024986,7.4000001,1040.55005,942.375,27.2999992,1.0,,39.92,0.0,27.32,42.6187515,
2025-09-19 04:49:38+00:00,2025-09-19 04:49:38,,,,,,,,,,47.0062485,7.4000001,1040.69995,942.450012,27.1375008,1.0,,39.92,0.0,27.32,42.6187515,
2025-09-19 04:49:39+00:00,2025-09-19 04:49:39,,,,,,,,,,47.0062485,7.3890624,1040.92505,942.599976,27.125,1.0,,39.92,0.0,27.32,42.6187515,
2025-09-19 04:49:40+00:00,2025-09-19 04:49:40,46.0,46.0,46.0,46.0,46.0,27.96649558533018,100.0,BO_ONLY,BO 모델 결과만 사용,47.0024986,7.3890624,1041.07495,942.75,27.125,1.0,,39.92,0.0,27.17,42.6187515,
2025-09-19 04:49:41+00:00,2025-09-19 04:49:41,,,,,,,,,,47.0024986,7.38749981,1041.30005,942.974976,27.1375008,1.0,,39.92,0.0,27.17,42.6187515,
2025-09-19 04:49:42+00:00,2025-09-19 04:49:42,,,,,,,,,,46.9987488,7.375,1041.44995,943.049988,27.1375008,1.0,,39.92,0.0,27.17,42.6187515,
2025-09-19 04:49:43+00:00,2025-09-19 04:49:43,,,,,,,,,,47.0062485,7.375,1041.59998,943.200012,27.8875008,1.0,,39.92,0.0,27.17,42.6187515,
2025-09-19 04:49:44+00:00,2025-09-19 04:49:44,,,,,,,,,,47.0137482,7.3656249,1041.82495,943.349976,27.8875008,1.0,,39.92,0.0,27.17,42.6187515,
2025-09-19 04:49:45+00:00,2025-09-19 04:49:45,46.0,47.0,46.0,46.0,46.0,27.213653417616623,205.0,BO_O2,O2 규칙 적용: 7.4% (7.0~8.0%),46.9987488,7.36406231,1041.97498,943.5,27.8875008,1.0,0.0,39.92,0.0,27.17,42.6187515,
2025-09-19 04:49:46+00:00,2025-09-19 04:49:46,,,,,,,,,,47.0062485,7.36406231,1042.19995,943.575012,27.8875008,1.0,,39.92,0.0,27.17,42.6187515,
2025-09-19 04:49:47+00:00,2025-09-19 04:49:47,,,,,,,,,,46.9987488,7.3656249,1042.34998,943.799988,27.8875008,1.0,,39.92,0.0,27.17,42.6187515,
2025-09-19 04:49:48+00:00,2025-09-19 04:49:48,,,,,,,,,,47.0024986,7.3656249,1042.5,943.875,28.5625,1.0,,39.92,0.0,27.17,42.6187515,
2025-09-19 04:49:49+00:00,2025-09-19 04:49:49,,,,,,,,,,47.0062485,7.38593769,1042.72498,944.099976,28.5625,1.0,,39.92,0.0,27.17,42.6187515,
2025-09-19 04:49:50+00:00,2025-09-19 04:49:50,46.0,47.0,46.0,46.0,46.0,29.78942429673706,205.0,BO_O2,O2 규칙 적용: 7.4% (7.0~8.0%),47.0099983,7.41093731,1042.875,944.25,28.5625,1.0,,39.92,0.0,28.58,42.6187515,
2025-09-19 04:49:51+00:00,2025-09-19 04:49:51,,,,,,,,,,47.0062485,7.41093731,1043.09998,944.400024,28.5625,1.0,,39.92,0.0,28.58,42.6187515,
2025-09-19 04:49:52+00:00,2025-09-19 04:49:52,,,,,,,,,,46.9987488,7.421875,1043.25,944.549988,28.5625,1.0,,39.92,0.0,28.58,42.6187515,
2025-09-19 04:49:53+00:00,2025-09-19 04:49:53,,,,,,,,,,47.0099983,7.4046874,1043.47498,944.700012,28.5625,1.0,,39.92,0.0,28.58,42.6187515,
2025-09-19 04:49:54+00:00,2025-09-19 04:49:54,,,,,,,,,,47.0024986,7.4046874,1043.55005,944.849976,28.5625,1.0,,39.92,0.0,28.58,42.6187515,
2025-09-19 04:49:55+00:00,2025-09-19 04:49:55,46.0,46.0,46.0,46.0,46.0,32.901543420577866,100.0,BO_ONLY,BO 모델 결과만 사용,47.0099983,7.41093731,1043.77502,945.0,28.5625,1.0,,39.92,0.0,28.58,42.6187515,
2025-09-19 04:49:56+00:00,2025-09-19 04:49:56,,,,,,,,,,47.0099983,7.41093731,1043.92505,945.150024,28.5625,1.0,,39.92,0.0,28.58,42.6187515,
2025-09-19 04:49:57+00:00,2025-09-19 04:49:57,,,,,,,,,,46.9987488,7.4281249,1044.15002,945.299988,28.5625,1.0,,39.92,0.0,28.58,42.6187515,
2025-09-19 04:49:58+00:00,2025-09-19 04:49:58,,,,,,,,,,47.0062485,7.44843769,1044.30005,945.525024,28.8999996,1.0,,39.92,0.0,28.58,42.6187515,
2025-09-19 04:49:59+00:00,2025-09-19 04:49:59,,,,,,,,,,47.0062485,7.44843769,1044.44995,945.599976,28.8875008,1.0,,39.92,0.0,28.58,42.609375,
2025-09-19 04:50:00+00:00,2025-09-19 04:50:00,46.0,47.0,46.0,46.0,46.0,32.867907258306765,205.0,BO_O2,O2 규칙 적용: 7.4% (7.0~8.0%),47.0062485,7.4765625,1044.59998,945.75,28.8875008,1.0,0.0,39.92,0.0,28.87,42.6187515,
2025-09-19 04:50:01+00:00,2025-09-19 04:50:01,,,,,,,,,,47.0062485,7.48906231,1044.82495,945.974976,28.8999996,1.0,,39.92,0.0,28.87,42.6187515,
2025-09-19 04:50:02+00:00,2025-09-19 04:50:02,,,,,,,,,,47.0137482,7.48906231,1044.97498,946.049988,28.8999996,1.0,,39.92,0.0,28.87,42.6187515,
2025-09-19 04:50:03+00:00,2025-09-19 04:50:03,,,,,,,,,,46.9912491,7.49531269,1045.125,946.275024,29.8999996,1.0,,39.92,0.0,28.87,42.609375,
2025-09-19 04:50:04+00:00,2025-09-19 04:50:04,,,,,,,,,,47.0099983,7.49531269,1045.27502,946.424988,29.8999996,1.0,,39.92,0.0,28.87,42.6187515,
2025-09-19 04:50:05+00:00,2025-09-19 04:50:05,46.0,46.0,46.0,46.0,46.0,31.09517178003196,100.0,BO_ONLY,BO 모델 결과만 사용,47.0024986,7.5140624,1045.5,946.650024,29.8999996,1.0,,39.92,0.0,28.87,42.6187515,
2025-09-19 04:50:06+00:00,2025-09-19 04:50:06,,,,,,,,,,47.0099983,7.55000019,1045.57495,946.724976,29.8999996,1.0,,39.92,0.0,28.87,42.6187515,
2025-09-19 04:50:07+00:00,2025-09-19 04:50:07,,,,,,,,,,47.0099983,7.55000019,1045.80005,946.950012,29.8999996,1.0,,39.92,0.0,28.87,42.609375,
2025-09-19 04:50:08+00:00,2025-09-19 04:50:08,,,,,,,,,,47.0099983,7.5953126,1045.875,947.099976,30.2374992,1.0,,39.92,0.0,28.87,42.6187515,
2025-09-19 04:50:09+00:00,2025-09-19 04:50:09,,,,,,,,,,46.9987488,7.6171875,1046.17505,947.25,30.2374992,1.0,,39.92,0.0,28.87,42.6187515,
2025-09-19 04:50:10+00:00,2025-09-19 04:50:10,46.0,46.0,46.0,46.0,46.0,34.826325735829286,100.0,BO_ONLY,BO 모델 결과만 사용,47.0175018,7.6171875,1046.25,947.400024,30.2374992,1.0,,39.92,0.0,30.28,42.6187515,
2025-09-19 04:50:11+00:00,2025-09-19 04:50:11,,,,,,,,,,46.9987488,7.6312499,1046.40002,947.625,30.25,1.0,,39.92,0.0,30.28,42.609375,
2025-09-19 04:50:12+00:00,2025-09-19 04:50:12,,,,,,,,,,47.0024986,7.6312499,1046.55005,947.700012,30.2374992,1.0,,39.92,0.0,30.28,42.6187515,
2025-09-19 04:50:13+00:00,2025-09-19 04:50:13,,,,,,,,,,47.0175018,7.6500001,1046.77502,947.924988,31.4125004,1.0,,39.92,0.0,30.28,42.6187515,
2025-09-19 04:50:14+00:00,2025-09-19 04:50:14,,,,,,,,,,47.0024986,7.68437481,1046.84998,948.075012,31.4249992,1.0,,39.92,0.0,30.28,42.6187515,
2025-09-19 04:50:15+00:00,2025-09-19 04:50:15,46.0,46.0,46.0,46.0,46.0,35.273038839908054,100.0,BO_ONLY,BO 모델 결과만 사용,47.0175018,7.68437481,1047.07495,948.299988,31.4249992,1.0,0.0,39.92,0.0,30.28,42.609375,
2025-09-19 04:50:16+00:00,2025-09-19 04:50:16,,,,,,,,,,46.9987488,7.7359376,1047.22498,948.375,31.4125004,1.0,,39.92,0.0,30.28,42.609375,
2025-09-19 04:50:17+00:00,2025-09-19 04:50:17,,,,,,,,,,47.0062485,7.78437519,1047.375,948.599976,31.4125004,1.0,,39.92,0.0,30.28,42.6187515,
2025-09-19 04:50:18+00:00,2025-09-19 04:50:18,,,,,,,,,,47.0099983,7.78437519,1047.52502,948.674988,33.3624992,1.0,,39.92,0.0,30.28,42.6187515,
2025-09-19 04:50:19+00:00,2025-09-19 04:50:19,,,,,,,,,,47.0024986,7.8203125,1047.67505,948.900024,33.3624992,1.0,,39.92,0.0,30.28,42.609375,
2025-09-19 04:50:20+00:00,2025-09-19 04:50:20,46.0,46.0,46.0,46.0,46.0,35.62918522513391,100.0,BO_ONLY,BO 모델 결과만 사용,47.0099983,7.8203125,1047.82495,949.049988,33.3624992,1.0,,39.92,0.0,30.28,42.6187515,
2025-09-19 04:50:21+00:00,2025-09-19 04:50:21,,,,,,,,,,47.0024986,7.8515625,1047.97498,949.200012,33.3624992,1.0,,39.92,0.0,30.28,42.6187515,
2025-09-19 04:50:22+00:00,2025-09-19 04:50:22,,,,,,,,,,47.0024986,7.88593769,1048.125,949.349976,33.3624992,1.0,,39.92,0.0,33.35,42.6187515,
2025-09-19 04:50:23+00:00,2025-09-19 04:50:23,,,,,,,,,,46.9987488,7.88593769,1048.27502,949.575012,32.9375,1.0,,39.92,0.0,33.35,42.609375,
2025-09-19 04:50:24+00:00,2025-09-19 04:50:24,,,,,,,,,,47.0062485,7.9234376,1048.42505,949.724976,32.9375,1.0,,39.92,0.0,33.35,42.6187515,
2025-09-19 04:50:25+00:00,2025-09-19 04:50:25,46.0,46.0,46.0,46.0,46.0,37.933662998136334,100.0,BO_ONLY,BO 모델 결과만 사용,47.0137482,7.9609375,1048.65002,949.875,32.9375,1.0,,39.92,0.0,33.35,42.6187515,
2025-09-19 04:50:26+00:00,2025-09-19 04:50:26,,,,,,,,,,46.9987488,7.9609375,1048.72498,950.025024,32.9375,1.0,,39.92,0.0,33.35,42.6187515,
2025-09-19 04:50:27+00:00,2025-09-19 04:50:27,,,,,,,,,,47.0062485,7.9937501,1048.94995,950.25,32.9375,1.0,,39.92,0.0,33.35,42.609375,
2025-09-19 04:50:28+00:00,2025-09-19 04:50:28,,,,,,,,,,47.0099983,7.9937501,1049.09998,950.400024,33.1875,1.0,,39.92,0.0,33.35,42.6187515,
2025-09-19 04:50:29+00:00,2025-09-19 04:50:29,,,,,,,,,,47.0024986,8.02656269,1049.25,950.549988,33.1875,1.0,,39.92,0.0,33.35,42.6187515,
2025-09-19 04:50:30+00:00,2025-09-19 04:50:30,45.0,45.0,45.0,45.0,45.0,38.1495343280156,100.0,BO_ONLY,BO 모델 결과만 사용,47.0212517,8.05156231,1049.32495,950.700012,33.1875,1.0,0.0,39.92,0.0,33.2,42.6187515,
2025-09-19 04:50:31+00:00,2025-09-19 04:50:31,,,,,,,,,,47.0062485,8.05156231,1049.55005,950.924988,33.1875,1.0,,39.92,0.0,33.2,42.6187515,
2025-09-19 04:50:32+00:00,2025-09-19 04:50:32,,,,,,,,,,46.1399994,8.05937481,1049.69995,951.0,33.1875,1.0,,39.92,0.0,33.2,42.609375,
2025-09-19 04:50:33+00:00,2025-09-19 04:50:33,,,,,,,,,,46.0462494,8.06406212,1049.84998,951.224976,34.7874985,1.0,,39.92,0.0,33.2,42.6187515,
2025-09-19 04:50:34+00:00,2025-09-19 04:50:34,,,,,,,,,,46.0499992,8.06406212,1049.92505,951.375,34.7874985,1.0,,39.92,0.0,33.2,42.4874992,
2025-09-19 04:50:35+00:00,2025-09-19 04:50:35,43.0,43.0,43.0,43.0,43.0,36.98032537690721,99.0,FALLBACK,Fallback Hz 사용: 43.0Hz (알 수 없는 이유),46.0387497,8.07187462,1050.15002,951.525024,34.7874985,1.0,,39.92,0.0,33.2,42.09375,
2025-09-19 04:50:36+00:00,2025-09-19 04:50:36,,,,,,,,,,46.0387497,8.07187462,1050.30005,951.674988,34.7874985,1.0,,39.92,0.0,33.2,41.8312492,
2025-09-19 04:50:37+00:00,2025-09-19 04:50:37,,,,,,,,,,45.9712486,8.08281231,1050.44995,951.900024,34.7874985,1.0,,39.92,0.0,33.2,41.3624992,
2025-09-19 04:50:38+00:00,2025-09-19 04:50:38,,,,,,,,,,43.9462509,8.10781288,1050.59998,952.049988,34.9625015,1.0,,39.92,0.0,33.2,41.109375,
2025-09-19 04:50:39+00:00,2025-09-19 04:50:39,,,,,,,,,,43.9087486,8.10781288,1050.82495,952.200012,34.9500008,1.0,,39.92,0.0,33.2,40.9124985,
2025-09-19 04:50:40+00:00,2025-09-19 04:50:40,43.0,43.0,43.0,43.0,43.0,38.219971543553044,99.0,FALLBACK,Fallback Hz 사용: 43.0Hz (알 수 없는 이유),43.9012489,8.12968731,1050.90002,952.349976,34.9500008,1.0,,39.92,0.0,34.97,40.3781242,
2025-09-19 04:50:41+00:00,2025-09-19 04:50:41,,,,,,,,,,43.9087486,8.14687538,1051.125,952.575012,34.9625015,1.0,,39.92,0.0,34.97,39.6937485,
2025-09-19 04:50:42+00:00,2025-09-19 04:50:42,,,,,,,,,,43.8974991,8.14687538,1051.19995,952.724976,34.9625015,1.0,,39.92,0.0,34.97,38.8968735,
2025-09-19 04:50:43+00:00,2025-09-19 04:50:43,,,,,,,,,,43.9162483,8.1484375,1051.42505,952.875,35.0374985,1.0,,39.92,0.0,34.97,38.1749992,
2025-09-19 04:50:44+00:00,2025-09-19 04:50:44,,,,,,,,,,43.9049988,8.1484375,1051.5,953.025024,35.0499992,1.0,,39.92,0.0,34.97,37.8375015,
2025-09-19 04:50:45+00:00,2025-09-19 04:50:45,43.0,43.0,43.0,43.0,43.0,38.281159832332655,99.0,FALLBACK,Fallback Hz 사용: 43.0Hz (알 수 없는 이유),43.9124985,8.13437462,1051.72498,953.25,35.0499992,1.0,0.0,39.92,0.0,34.97,37.4343758,
2025-09-19 04:50:46+00:00,2025-09-19 04:50:46,,,,,,,,,,43.9462509,8.12656212,1051.875,953.400024,35.0499992,1.0,,39.92,0.0,34.97,37.359375,
2025-09-19 04:50:47+00:00,2025-09-19 04:50:47,,,,,,,,,,43.9312515,8.12656212,1052.02502,953.549988,35.0499992,1.0,,39.92,0.0,34.97,37.359375,
2025-09-19 04:50:48+00:00,2025-09-19 04:50:48,,,,,,,,,,43.8974991,8.12656212,1052.17505,953.700012,35.9874992,1.0,,39.92,0.0,34.97,37.359375,
2025-09-19 04:50:49+00:00,2025-09-19 04:50:49,,,,,,,,,,43.9124985,8.13749981,1052.32495,953.924988,35.9749985,1.0,,39.92,0.0,34.97,37.359375,
2025-09-19 04:50:50+00:00,2025-09-19 04:50:50,43.0,43.0,43.0,43.0,43.0,38.170947439682564,99.0,FALLBACK,Fallback Hz 사용: 43.0Hz (알 수 없는 이유),43.9087486,8.13749981,1052.55005,954.0,35.9874992,1.0,,39.92,0.0,36.03,37.359375,
2025-09-19 04:50:51+00:00,2025-09-19 04:50:51,,,,,,,,,,43.9049988,8.15781212,1052.69995,954.224976,35.9749985,1.0,,39.92,0.0,36.03,37.359375,
2025-09-19 04:50:52+00:00,2025-09-19 04:50:52,,,,,,,,,,43.9124985,8.15781212,1052.84998,954.375,35.9749985,1.0,,39.92,0.0,36.03,37.3499985,
2025-09-19 04:50:53+00:00,2025-09-19 04:50:53,,,,,,,,,,43.9049988,8.17656231,1053.0,954.525024,35.2999992,1.0,,39.92,0.0,36.03,37.359375,
2025-09-19 04:50:54+00:00,2025-09-19 04:50:54,,,,,,,,,,43.9049988,8.20156288,1053.15002,954.674988,35.2999992,1.0,,39.92,0.0,36.03,37.359375,
2025-09-19 04:50:55+00:00,2025-09-19 04:50:55,43.0,43.0,43.0,43.0,43.0,38.05863955926787,99.0,FALLBACK,Fallback Hz 사용: 43.0Hz (알 수 없는 이유),43.9087486,8.20156288,1053.375,954.900024,35.2999992,1.0,,39.92,0.0,36.03,37.359375,
2025-09-19 04:50:56+00:00,2025-09-19 04:50:56,,,,,,,,,,43.9049988,8.22187519,1053.44995,955.049988,35.2999992,1.0,,39.92,0.0,36.03,37.3499985,
2025-09-19 04:50:57+00:00,2025-09-19 04:50:57,,,,,,,,,,43.8974991,8.23906231,1053.67505,955.200012,35.2999992,1.0,,39.92,0.0,36.03,37.359375,
2025-09-19 04:50:58+00:00,2025-09-19 04:50:58,,,,,,,,,,43.9049988,8.23906231,1053.75,955.275024,36.1624985,1.0,,39.92,0.0,36.03,37.359375,
2025-09-19 04:50:59+00:00,2025-09-19 04:50:59,,,,,,,,,,43.8974991,8.25625038,1053.97498,955.5,36.1624985,1.0,,39.92,0.0,36.03,37.359375,
2025-09-19 04:51:00+00:00,2025-09-19 04:51:00,43.0,43.0,43.0,43.0,43.0,38.08297830802887,99.0,FALLBACK,Fallback Hz 사용: 43.0Hz (알 수 없는 이유),43.9012489,8.25625038,1054.125,955.650024,36.1624985,1.0,0.0,39.92,0.0,36.12,37.3499985,
2025-09-19 04:51:01+00:00,2025-09-19 04:51:01,,,,,,,,,,43.9012489,8.27187538,1054.27502,955.799988,36.1624985,1.0,,39.92,0.0,36.12,37.359375,
2025-09-19 04:51:02+00:00,2025-09-19 04:51:02,,,,,,,,,,43.9162483,8.27656269,1054.42505,955.950012,36.1624985,1.0,,39.92,0.0,36.12,37.359375,
2025-09-19 04:51:03+00:00,2025-09-19 04:51:03,,,,,,,,,,43.9049988,8.27656269,1054.57495,956.099976,35.9749985,1.0,,39.92,0.0,36.12,37.359375,
2025-09-19 04:51:04+00:00,2025-09-19 04:51:04,,,,,,,,,,43.8937492,8.29062462,1054.72498,956.25,35.9749985,1.0,,39.92,0.0,36.12,37.3499985,
2025-09-19 04:51:05+00:00,2025-09-19 04:51:05,43.0,43.0,43.0,43.0,43.0,39.619919637845406,99.0,FALLBACK,Fallback Hz 사용: 43.0Hz (알 수 없는 이유),43.9162483,8.328125,1054.875,956.474976,35.9749985,1.0,,39.92,0.0,36.12,37.359375,
2025-09-19 04:51:06+00:00,2025-09-19 04:51:06,,,,,,,,,,43.9162483,8.328125,1055.02502,956.549988,35.9749985,1.0,,39.92,0.0,36.12,37.359375,
2025-09-19 04:51:07+00:00,2025-09-19 04:51:07,,,,,,,,,,43.9237518,8.359375,1055.17505,956.775024,35.9749985,1.0,,39.92,0.0,36.12,37.359375,
2025-09-19 04:51:08+00:00,2025-09-19 04:51:08,,,,,,,,,,43.9049988,8.359375,1055.25,956.924988,36.5,1.0,,39.92,0.0,36.12,37.171875,
2025-09-19 04:51:09+00:00,2025-09-19 04:51:09,,,,,,,,,,43.9087486,8.38437462,1055.47498,957.075012,36.5,1.0,,39.92,0.0,36.12,37.171875,
2025-09-19 04:51:10+00:00,2025-09-19 04:51:10,43.0,43.0,43.0,43.0,43.0,39.80408201516743,99.0,FALLBACK,Fallback Hz 사용: 43.0Hz (알 수 없는 이유),43.9275017,8.41874981,1055.625,957.224976,36.5,1.0,,39.92,0.0,36.51,37.3406258,
2025-09-19 04:51:11+00:00,2025-09-19 04:51:11,,,,,,,,,,43.9012489,8.41874981,1055.69995,957.450012,36.5,1.0,,39.92,0.0,36.51,37.359375,
2025-09-19 04:51:12+00:00,2025-09-19 04:51:12,,,,,,,,,,43.9124985,8.46718788,1055.92505,957.525024,36.5,1.0,,39.92,0.0,36.51,37.359375,
2025-09-19 04:51:13+00:00,2025-09-19 04:51:13,,,,,,,,,,43.9350014,8.51875019,1056.07495,957.75,37.4249992,1.0,,39.92,0.0,36.51,37.171875,
2025-09-19 04:51:14+00:00,2025-09-19 04:51:14,,,,,,,,,,43.8974991,8.51875019,1056.15002,957.825012,37.4249992,1.0,,39.92,0.0,36.51,37.1812515,
2025-09-19 04:51:15+00:00,2025-09-19 04:51:15,43.0,43.0,43.0,43.0,43.0,39.84723057555152,99.0,FALLBACK,Fallback Hz 사용: 43.0Hz (알 수 없는 이유),43.9049988,8.59062481,1056.375,958.049988,37.4249992,1.0,0.0,39.92,0.0,36.51,37.1812515,
2025-09-19 04:51:16+00:00,2025-09-19 04:51:16,,,,,,,,,,43.9162483,8.59062481,1056.52502,958.125,37.4249992,1.0,,39.92,0.0,36.51,37.1812515,
2025-09-19 04:51:17+00:00,2025-09-19 04:51:17,,,,,,,,,,43.9162483,8.67031288,1056.75,958.349976,37.4249992,1.0,,39.92,0.0,36.51,37.1812515,
2025-09-19 04:51:18+00:00,2025-09-19 04:51:18,,,,,,,,,,43.8974991,8.72812462,1056.90002,958.5,37.2625008,1.0,,39.92,0.0,36.51,37.1812515,
2025-09-19 04:51:19+00:00,2025-09-19 04:51:19,,,,,,,,,,43.9425011,8.72812462,1057.125,958.650024,37.25,1.0,,39.92,0.0,36.51,37.171875,
2025-09-19 04:51:20+00:00,2025-09-19 04:51:20,43.0,43.0,43.0,43.0,43.0,39.292116676483374,99.0,FALLBACK,Fallback Hz 사용: 43.0Hz (알 수 없는 이유),43.9049988,8.76406288,1057.27502,958.799988,37.25,1.0,,39.92,0.0,37.29,37.171875,
2025-09-19 04:51:21+00:00,2025-09-19 04:51:21,,,,,,,,,,43.9275017,8.79218769,1057.42505,958.950012,37.2625008,1.0,,39.92,0.0,37.29,37.1812515,
2025-09-19 04:51:22+00:00,2025-09-19 04:51:22,,,,,,,,,,43.9012489,8.79218769,1057.65002,959.174988,37.2625008,1.0,,39.92,0.0,37.29,37.1812515,
2025-09-19 04:51:23+00:00,2025-09-19 04:51:23,,,,,,,,,,43.9049988,8.78281212,1057.80005,959.25,37.0125008,1.0,,39.92,0.0,37.29,37.2374992,
2025-09-19 04:51:24+00:00,2025-09-19 04:51:24,,,,,,,,,,43.9124985,8.75937462,1058.02502,959.400024,37.0125008,1.0,,39.92,0.0,37.29,37.21875,
2025-09-19 04:51:25+00:00,2025-09-19 04:51:25,43.0,43.0,43.0,43.0,43.0,39.57040165113597,99.0,FALLBACK,Fallback Hz 사용: 43.0Hz (알 수 없는 이유),43.9012489,8.75937462,1058.17505,959.549988,37.0125008,1.0,,39.92,0.0,37.29,37.1812515,
2025-09-19 04:51:26+00:00,2025-09-19 04:51:26,,,,,,,,,,43.9012489,8.73593712,1058.47498,959.700012,37.0125008,1.0,,39.92,0.0,37.29,37.1812515,
2025-09-19 04:51:27+00:00,2025-09-19 04:51:27,,,,,,,,,,43.8974991,8.73593712,1058.55005,959.849976,37.0125008,1.0,,39.92,0.0,37.29,37.1812515,
2025-09-19 04:51:28+00:00,2025-09-19 04:51:28,,,,,,,,,,43.9087486,8.69843769,1058.84998,960.0,37.0125008,1.0,,39.92,0.0,37.29,37.171875,
2025-09-19 04:51:29+00:00,2025-09-19 04:51:29,,,,,,,,,,43.9500008,8.6484375,1059.0,960.150024,37.0125008,1.0,,39.92,0.0,37.29,37.1812515,
2025-09-19 04:51:30+00:00,2025-09-19 04:51:30,43.0,43.0,43.0,43.0,43.0,39.20254506622252,99.0,FALLBACK,Fallback Hz 사용: 43.0Hz (알 수 없는 이유),43.8974991,8.6484375,1059.22498,960.375,37.0125008,1.0,0.0,39.92,0.0,37.29,37.1812515,
2025-09-19 04:51:31+00:00,2025-09-19 04:51:31,,,,,,,,,,43.9425011,8.61406231,1059.30005,960.450012,37.0125008,1.0,,39.92,0.0,37.04,37.1812515,
2025-09-19 04:51:32+00:00,2025-09-19 04:51:32,,,,,,,,,,43.9275017,8.57499981,1059.59998,960.599976,37.0125008,1.0,,39.92,0.0,37.04,37.171875,
2025-09-19 04:51:33+00:00,2025-09-19 04:51:33,,,,,,,,,,43.8974991,8.57499981,1059.75,960.75,37.0999985,1.0,,39.92,0.0,37.04,37.1812515,
2025-09-19 04:51:34+00:00,2025-09-19 04:51:34,,,,,,,,,,43.9199982,8.52187538,1059.97498,960.900024,37.0999985,1.0,,39.92,0.0,37.04,37.1812515,
2025-09-19 04:51:35+00:00,2025-09-19 04:51:35,43.0,43.0,43.0,43.0,43.0,37.795025197142984,99.0,FALLBACK,Fallback Hz 사용: 43.0Hz (알 수 없는 이유),43.9049988,8.52187538,1060.125,960.974976,37.0999985,1.0,,39.92,0.0,37.04,37.1812515,
2025-09-19 04:51:36+00:00,2025-09-19 04:51:36,,,,,,,,,,43.9012489,8.48124981,1060.42505,961.200012,37.0999985,1.0,,39.92,0.0,37.04,37.171875,
2025-09-19 04:51:37+00:00,2025-09-19 04:51:37,,,,,,,,,,43.9049988,8.44218731,1060.5,961.349976,37.0875015,1.0,,39.92,0.0,37.04,37.1812515,
2025-09-19 04:51:38+00:00,2025-09-19 04:51:38,,,,,,,,,,43.9237518,8.44218731,1060.80005,961.5,37.7750015,1.0,,39.92,0.0,37.04,37.1812515,
2025-09-19 04:51:39+00:00,2025-09-19 04:51:39,,,,,,,,,,43.9049988,8.4140625,1060.875,961.575012,37.7625008,1.0,,39.92,0.0,37.04,37.1812515,
2025-09-19 04:51:40+00:00,2025-09-19 04:51:40,43.0,43.0,43.0,43.0,43.0,38.36648523155499,99.0,FALLBACK,Fallback Hz 사용: 43.0Hz (알 수 없는 이유),43.9012489,8.39218712,1061.09998,961.799988,37.7625008,1.0,,39.92,0.0,37.04,37.171875,
2025-09-19 04:51:41+00:00,2025-09-19 04:51:41,,,,,,,,,,43.8974991,8.39218712,1061.25,961.950012,37.7750015,1.0,,39.92,0.0,37.72,37.1812515,
2025-09-19 04:51:42+00:00,2025-09-19 04:51:42,,,,,,,,,,43.9087486,8.38125038,1061.55005,962.099976,37.7750015,1.0,,39.92,0.0,37.72,37.1812515,
2025-09-19 04:51:43+00:00,2025-09-19 04:51:43,,,,,,,,,,43.9012489,8.38125038,1061.625,962.174988,37.6875,1.0,,39.92,0.0,37.72,37.1812515,
2025-09-19 04:51:44+00:00,2025-09-19 04:51:44,,,,,,,,,,43.9087486,8.375,1061.84998,962.325012,37.6875,1.0,,39.92,0.0,37.72,37.171875,
2025-09-19 04:51:45+00:00,2025-09-19 04:51:45,43.0,43.0,43.0,43.0,43.0,39.53494879954913,99.0,FALLBACK,Fallback Hz 사용: 43.0Hz (알 수 없는 이유),43.9049988,8.40625,1062.0,962.474976,37.6875,1.0,0.0,39.92,0.0,37.72,37.1812515,
2025-09-19 04:51:46+00:00,2025-09-19 04:51:46,,,,,,,,,,43.9087486,8.40625,1062.15002,962.625,37.6875,1.0,,39.92,0.0,37.72,37.1812515,
2025-09-19 04:51:47+00:00,2025-09-19 04:51:47,,,,,,,,,,43.9087486,8.46406269,1062.30005,962.700012,37.6749992,1.0,,39.92,0.0,37.72,37.1812515,
2025-09-19 04:51:48+00:00,2025-09-19 04:51:48,,,,,,,,,,43.9237518,8.52499962,1062.52502,962.924988,38.7000008,1.0,,39.92,0.0,37.72,37.171875,
2025-09-19 04:51:49+00:00,2025-09-19 04:51:49,,,,,,,,,,43.9275017,8.52499962,1062.67505,963.0,38.7000008,1.0,,39.92,0.0,37.72,37.1812515,
2025-09-19 04:51:50+00:00,2025-09-19 04:51:50,43.0,43.0,43.0,43.0,43.0,39.4990249968783,99.0,FALLBACK,Fallback Hz 사용: 43.0Hz (알 수 없는 이유),43.9162483,8.57499981,1062.82495,963.150024,38.7000008,1.0,,39.92,0.0,38.69,37.2468758,
2025-09-19 04:51:51+00:00,2025-09-19 04:51:51,,,,,,,,,,43.9012489,8.57499981,1062.97498,963.299988,38.7000008,1.0,,39.92,0.0,38.69,37.1812515,
2025-09-19 04:51:52+00:00,2025-09-19 04:51:52,,,,,,,,,,43.9124985,8.60781288,1063.19995,963.450012,38.7000008,1.0,,39.92,0.0,38.69,37.171875,
2025-09-19 04:51:53+00:00,2025-09-19 04:51:53,,,,,,,,,,43.9012489,8.640625,1063.34998,963.525024,38.1124992,1.0,,39.92,0.0,38.69,37.1812515,
2025-09-19 04:51:54+00:00,2025-09-19 04:51:54,,,,,,,,,,43.8937492,8.640625,1063.5,963.674988,38.1124992,1.0,,39.92,0.0,38.69,37.2281265,
2025-09-19 04:51:55+00:00,2025-09-19 04:51:55,43.0,43.0,43.0,43.0,43.0,39.34749556825153,99.0,FALLBACK,Fallback Hz 사용: 43.0Hz (알 수 없는 이유),43.9049988,8.66562462,1063.65002,963.75,38.1124992,1.0,,39.92,0.0,38.69,37.359375,
2025-09-19 04:51:56+00:00,2025-09-19 04:51:56,,,,,,,,,,43.9012489,8.68906212,1063.80005,963.900024,38.0999985,1.0,,39.92,0.0,38.69,37.359375,
2025-09-19 04:51:57+00:00,2025-09-19 04:51:57,,,,,,,,,,43.9049988,8.68906212,1063.94995,964.049988,38.1124992,1.0,,39.92,0.0,38.69,37.359375,
2025-09-19 04:51:58+00:00,2025-09-19 04:51:58,,,,,,,,,,43.9049988,8.70468712,1064.09998,964.200012,38.7125015,1.0,,39.92,0.0,38.69,37.359375,
2025-09-19 04:51:59+00:00,2025-09-19 04:51:59,,,,,,,,,,43.9124985,8.70468712,1064.25,964.275024,38.7000008,1.0,,39.92,0.0,38.69,37.359375,
2025-09-19 04:52:00+00:00,2025-09-19 04:52:00,43.0,43.0,43.0,43.0,43.0,39.24492343166284,99.0,FALLBACK,Fallback Hz 사용: 43.0Hz (알 수 없는 이유),43.9087486,8.72031212,1064.40002,964.5,38.7000008,1.0,0.0,39.92,0.0,38.7,37.359375,
2025-09-19 04:52:01+00:00,2025-09-19 04:52:01,,,,,,,,,,43.9087486,8.73124981,1064.47498,964.575012,38.7000008,1.0,,39.92,0.0,38.7,37.359375,
2025-09-19 04:52:02+00:00,2025-09-19 04:52:02,,,,,,,,,,43.8974991,8.73124981,1064.69995,964.724976,38.7000008,1.0,,39.92,0.0,38.7,37.359375,
2025-09-19 04:52:03+00:00,2025-09-19 04:52:03,,,,,,,,,,43.9162483,8.71875,1064.77502,964.799988,38.5250015,1.0,,39.92,0.0,38.7,37.359375,
2025-09-19 04:52:04+00:00,2025-09-19 04:52:04,,,,,,,,,,43.9049988,8.73124981,1064.92505,964.950012,38.5374985,1.0,,39.92,0.0,38.7,37.359375,
2025-09-19 04:52:05+00:00,2025-09-19 04:52:05,43.0,43.0,43.0,43.0,43.0,38.30067183636751,99.0,FALLBACK,Fallback Hz 사용: 43.0Hz (알 수 없는 이유),43.9049988,8.73124981,1065.0,965.099976,38.5374985,1.0,,39.92,0.0,38.7,37.359375,
2025-09-19 04:52:06+00:00,2025-09-19 04:52:06,,,,,,,,,,43.9012489,8.76093769,1065.15002,965.174988,38.5374985,1.0,,39.92,0.0,38.7,37.359375,
2025-09-19 04:52:07+00:00,2025-09-19 04:52:07,,,,,,,,,,43.9049988,8.76093769,1065.30005,965.325012,38.5374985,1.0,,39.92,0.0,38.7,37.359375,
2025-09-19 04:52:08+00:00,2025-09-19 04:52:08,,,,,,,,,,43.9012489,8.796875,1065.375,965.400024,39.125,1.0,,39.92,0.0,38.7,37.359375,
2025-09-19 04:52:09+00:00,2025-09-19 04:52:09,,,,,,,,,,43.9087486,8.83749962,1065.52502,965.474976,39.125,1.0,,39.92,0.0,38.7,37.3499985,
2025-09-19 04:52:10+00:00,2025-09-19 04:52:10,43.0,43.0,43.0,43.0,43.0,38.12346497351401,99.0,FALLBACK,Fallback Hz 사용: 43.0Hz (알 수 없는 이유),43.9012489,8.83749962,1065.67505,965.700012,39.125,1.0,,39.92,0.0,39.12,37.359375,
2025-09-19 04:52:11+00:00,2025-09-19 04:52:11,,,,,,,,,,43.9012489,8.87656212,1065.75,965.775024,39.125,1.0,,39.92,0.0,39.12,37.359375,
2025-09-19 04:52:12+00:00,2025-09-19 04:52:12,,,,,,,,,,43.9199982,8.921875,1065.82495,965.924988,39.125,1.0,,39.92,0.0,39.12,37.359375,
2025-09-19 04:52:13+00:00,2025-09-19 04:52:13,,,,,,,,,,43.9237518,8.921875,1065.90002,966.0,39.0374985,1.0,,39.92,0.0,39.12,37.359375,
2025-09-19 04:52:14+00:00,2025-09-19 04:52:14,,,,,,,,,,43.9049988,8.9765625,1065.97498,966.075012,39.0374985,1.0,,39.92,0.0,39.12,37.359375,
2025-09-19 04:52:15+00:00,2025-09-19 04:52:15,43.0,43.0,43.0,43.0,43.0,39.84710098534228,99.0,FALLBACK,Fallback Hz 사용: 43.0Hz (알 수 없는 이유),43.9012489,8.9765625,1066.05005,966.150024,39.0374985,1.0,0.0,39.92,0.0,39.12,37.359375,
2025-09-19 04:52:16+00:00,2025-09-19 04:52:16,,,,,,,,,,43.9012489,9.02187538,1066.125,966.299988,39.0374985,1.0,,39.92,0.0,39.12,37.359375,
2025-09-19 04:52:17+00:00,2025-09-19 04:52:17,,,,,,,,,,43.9012489,9.07656288,1066.19995,966.450012,39.0374985,1.0,,39.92,0.0,39.12,37.359375,
2025-09-19 04:52:18+00:00,2025-09-19 04:52:18,,,,,,,,,,43.8974991,9.07656288,1066.27502,966.525024,39.2125015,1.0,,39.92,0.0,39.12,37.359375,
2025-09-19 04:52:19+00:00,2025-09-19 04:52:19,,,,,,,,,,43.9124985,9.13125038,1066.34998,966.599976,39.2125015,1.0,,39.92,0.0,39.12,37.359375,
2025-09-19 04:52:20+00:00,2025-09-19 04:52:20,42.0,43.0,42.0,42.0,42.0,39.78092625193112,207.0,BO_O2,O2 규칙 적용: 9.1% (9.0~10.0%),43.9237518,9.1875,1066.42505,966.75,39.2125015,1.0,,39.92,0.0,39.18,37.359375,
2025-09-19 04:52:21+00:00,2025-09-19 04:52:21,,,,,,,,,,43.9012489,9.1875,1066.42505,966.825012,39.2125015,1.0,,39.92,0.0,39.18,37.1812515,
2025-09-19 04:52:22+00:00,2025-09-19 04:52:22,,,,,,,,,,43.0649986,9.26718712,1066.5,966.974976,39.2125015,1.0,,39.92,0.0,39.18,37.1812515,
2025-09-19 04:52:23+00:00,2025-09-19 04:52:23,,,,,,,,,,42.8662491,9.26718712,1066.5,967.049988,38.7000008,1.0,,39.92,0.0,39.18,37.1812515,
2025-09-19 04:52:24+00:00,2025-09-19 04:52:24,,,,,,,,,,42.8624992,9.34687519,1066.57495,967.125,38.7000008,1.0,,39.92,0.0,39.18,37.1812515,
2025-09-19 04:52:25+00:00,2025-09-19 04:52:25,42.0,42.0,42.0,42.0,42.0,38.33231500376398,100.0,BO_ONLY,BO 모델 결과만 사용,42.9000015,9.44062519,1066.57495,967.200012,38.7000008,1.0,,39.92,0.0,39.18,36.7781258,
2025-09-19 04:52:26+00:00,2025-09-19 04:52:26,,,,,,,,,,42.8887482,9.44062519,1066.57495,967.349976,38.7000008,1.0,,39.92,0.0,39.18,36.4781265,
2025-09-19 04:52:27+00:00,2025-09-19 04:52:27,,,,,,,,,,42.8925018,9.53281212,1066.57495,967.424988,38.7000008,1.0,,39.92,0.0,39.18,35.90625,
2025-09-19 04:52:28+00:00,2025-09-19 04:52:28,,,,,,,,,,42.8925018,9.625,1066.65002,967.5,38.625,1.0,,39.92,0.0,39.18,35.8968735,
2025-09-19 04:52:29+00:00,2025-09-19 04:52:29,,,,,,,,,,42.8849983,9.625,1066.65002,967.650024,38.6124992,1.0,,39.92,0.0,39.18,35.7000008,
2025-09-19 04:52:30+00:00,2025-09-19 04:52:30,40.0,40.0,40.0,40.0,40.0,37.07117443181685,100.0,BO_ONLY,BO 모델 결과만 사용,42.8962517,9.72031212,1066.65002,967.650024,38.6124992,1.0,0.0,39.92,0.0,38.59,35.4937515,
2025-09-19 04:52:31+00:00,2025-09-19 04:52:31,,,,,,,,,,42.8925018,9.72031212,1066.65002,967.799988,38.6124992,1.0,,39.92,0.0,38.59,35.4937515,
2025-09-19 04:52:32+00:00,2025-09-19 04:52:32,,,,,,,,,,42.2849998,9.81093788,1066.65002,967.875,38.6124992,1.0,,39.92,0.0,38.59,35.4937515,
2025-09-19 04:52:33+00:00,2025-09-19 04:52:33,,,,,,,,,,40.8112488,9.90312481,1066.65002,967.950012,38.3624992,1.0,,39.92,0.0,38.59,35.296875,
2025-09-19 04:52:34+00:00,2025-09-19 04:52:34,,,,,,,,,,40.8074989,9.90312481,1066.57495,968.099976,38.3624992,1.0,,39.92,0.0,38.59,35.3062515,
2025-09-19 04:52:35+00:00,2025-09-19 04:52:35,46.996250133333334,38.0,38.0,38.0,54.0,36.08386755102921,401.0,BO_O2_RULE_NOX,"NOx 예측 규칙 적용: 36.1ppm (NOX_PRED_HIGH, TEMP_IN_OK, TEMP_OUT_OK)",40.8224983,10.0124998,1066.57495,968.174988,38.3624992,1.0,,39.92,0.0,38.59,35.0999985,
2025-09-19 04:52:36+00:00,2025-09-19 04:52:36,,,,,,,,,,40.7662506,10.125,1066.57495,968.25,38.3624992,1.0,,39.92,0.0,38.59,34.3218765,
2025-09-19 04:52:37+00:00,2025-09-19 04:52:37,,,,,,,,,,45.1049995,10.125,1066.57495,968.325012,38.3624992,1.0,,39.92,0.0,38.59,33.6187515,
2025-09-19 04:52:38+00:00,2025-09-19 04:52:38,,,,,,,,,,47.9812508,10.2265625,1066.5,968.400024,38.1124992,1.0,,39.92,0.0,38.59,32.8875008,
2025-09-19 04:52:39+00:00,2025-09-19 04:52:39,,,,,,,,,,48.0487518,10.2265625,1066.42505,968.400024,38.1124992,1.0,,39.92,0.0,38.59,32.90625,
2025-09-19 04:52:40+00:00,2025-09-19 04:52:40,49.617500299999996,45.0,40.0,38.0,54.0,35.84401178104584,401.0,BO_O2_RULE_NOX,"NOx 예측 규칙 적용: 35.8ppm (NOX_PRED_HIGH, TEMP_IN_OK, TEMP_OUT_OK)",48.0487518,10.3265629,1066.42505,968.549988,38.1124992,1.0,,39.92,0.0,38.13,34.4249992,
2025-09-19 04:52:41+00:00,2025-09-19 04:52:41,,,,,,,,,,48.0487518,10.4156246,1066.42505,968.625,38.1124992,1.0,,39.92,0.0,38.13,37.0406265,
2025-09-19 04:52:42+00:00,2025-09-19 04:52:42,,,,,,,,,,49.0950012,10.4156246,1066.34998,968.700012,38.1124992,1.0,,39.92,0.0,38.13,39.5437508,
2025-09-19 04:52:43+00:00,2025-09-19 04:52:43,,,,,,,,,,51.2324982,10.4984379,1066.34998,968.775024,37.4249992,1.0,,39.92,0.0,38.13,41.4187508,
2025-09-19 04:52:44+00:00,2025-09-19 04:52:44,,,,,,,,,,51.2512512,10.5734377,1066.19995,968.849976,37.4249992,1.0,,39.92,0.0,38.13,42.8156242,
2025-09-19 04:52:45+00:00,2025-09-19 04:52:45,54.0,44.0,40.0,38.0,54.0,36.11560593319755,401.0,BO_O2_RULE_NOX,"NOx 예측 규칙 적용: 36.1ppm (NOX_PRED_HIGH, TEMP_IN_OK, TEMP_OUT_OK)",51.2550011,10.5734377,1066.19995,968.924988,37.4249992,1.0,0.0,39.92,0.0,38.13,44.4000015,
2025-09-19 04:52:46+00:00,2025-09-19 04:52:46,,,,,,,,,,51.2550011,10.6515627,1066.125,969.0,37.4249992,1.0,,39.92,0.0,38.13,46.1624985,
2025-09-19 04:52:47+00:00,2025-09-19 04:52:47,,,,,,,,,,54.1124992,10.6515627,1066.05005,969.075012,37.4249992,1.0,,39.92,0.0,38.13,47.4749985,
2025-09-19 04:52:48+00:00,2025-09-19 04:52:48,,,,,,,,,,55.3987503,10.7171879,1065.97498,969.150024,37.2625008,1.0,,39.92,0.0,38.13,48.3843765,
2025-09-19 04:52:49+00:00,2025-09-19 04:52:49,,,,,,,,,,55.3987503,10.7171879,1065.97498,969.150024,37.2625008,1.0,,39.92,0.0,38.13,48.3843765,
2025-09-19 04:52:50+00:00,2025-09-19 04:52:50,54.0,43.0,40.0,38.0,54.0,35.06832336608658,401.0,BO_O2_RULE_NOX,"NOx 예측 규칙 적용: 35.1ppm (NOX_PRED_HIGH, TEMP_IN_OK, TEMP_OUT_OK)",55.4212494,10.7781248,1065.82495,969.224976,37.2625008,1.0,,39.92,0.0,37.28,51.0281258,
2025-09-19 04:52:51+00:00,2025-09-19 04:52:51,,,,,,,,,,55.4099998,10.8406248,1065.82495,969.375,37.2625008,1.0,,39.92,0.0,37.28,52.7718735,
2025-09-19 04:52:52+00:00,2025-09-19 04:52:52,,,,,,,,,,55.4287491,10.9046879,1065.75,969.450012,37.2625008,1.0,,39.92,0.0,37.28,54.1124992,
2025-09-19 04:52:53+00:00,2025-09-19 04:52:53,,,,,,,,,,55.4137497,10.9046879,1065.67505,969.450012,37.2625008,1.0,,39.92,0.0,37.28,55.03125,
2025-09-19 04:52:54+00:00,2025-09-19 04:52:54,,,,,,,,,,55.4362488,10.9546871,1065.52502,969.525024,37.2625008,1.0,,39.92,0.0,37.28,55.4625015,
2025-09-19 04:52:55+00:00,2025-09-19 04:52:55,54.0,39.0,39.0,38.0,54.0,35.14021662820898,401.0,BO_O2_RULE_NOX,"NOx 예측 규칙 적용: 35.1ppm (NOX_PRED_HIGH, TEMP_IN_OK, TEMP_OUT_OK)",55.4287491,10.9546871,1065.44995,969.525024,37.2625008,1.0,,39.92,0.0,37.28,56.0250015,
2025-09-19 04:52:56+00:00,2025-09-19 04:52:56,,,,,,,,,,55.4249992,11.0,1065.375,969.674988,37.2625008,1.0,,39.92,0.0,37.28,56.0437508,
2025-09-19 04:52:57+00:00,2025-09-19 04:52:57,,,,,,,,,,55.4287491,11.0359373,1065.30005,969.674988,37.3624992,1.0,,39.92,0.0,37.28,56.1187515,
2025-09-19 04:52:58+00:00,2025-09-19 04:52:58,,,,,,,,,,55.4212494,11.0359373,1065.22498,969.825012,37.5999985,1.0,,39.92,0.0,37.28,56.2218742,
2025-09-19 04:52:59+00:00,2025-09-19 04:52:59,,,,,,,,,,55.4212494,11.0625,1065.15002,969.825012,37.5999985,1.0,,39.92,0.0,37.28,56.2874985,
2025-09-19 04:53:00+00:00,2025-09-19 04:53:00,54.0,39.0,39.0,38.0,54.0,36.53370365471389,401.0,BO_O2_RULE_NOX,"NOx 예측 규칙 적용: 36.5ppm (NOX_PRED_HIGH, TEMP_IN_OK, TEMP_OUT_OK)",55.4625015,11.0906248,1065.0,969.900024,37.5875015,1.0,0.0,39.92,0.0,37.58,56.4187508,
2025-09-19 04:53:01+00:00,2025-09-19 04:53:01,,,,,,,,,,55.4287491,11.0906248,1064.92505,969.900024,37.5999985,1.0,,39.92,0.0,37.58,56.4187508,
2025-09-19 04:53:02+00:00,2025-09-19 04:53:02,,,,,,,,,,55.4212494,11.1125002,1064.77502,969.974976,37.5999985,1.0,,39.92,0.0,37.58,56.4093742,
2025-09-19 04:53:03+00:00,2025-09-19 04:53:03,,,,,,,,,,55.4174995,11.1125002,1064.69995,970.049988,38.0250015,1.0,,39.92,0.0,37.58,56.4187508,
2025-09-19 04:53:04+00:00,2025-09-19 04:53:04,,,,,,,,,,55.4174995,11.1390629,1064.55005,970.049988,38.0250015,1.0,,39.92,0.0,37.58,56.4187508,
2025-09-19 04:53:05+00:00,2025-09-19 04:53:05,54.0,39.0,39.0,38.0,54.0,37.12001938417013,401.0,BO_O2_RULE_NOX,"NOx 예측 규칙 적용: 37.1ppm (NOX_PRED_HIGH, TEMP_IN_OK, TEMP_OUT_OK)",55.4287491,11.1687498,1064.47498,970.125,38.0250015,1.0,,39.92,0.0,37.58,56.4187508,
2025-09-19 04:53:06+00:00,2025-09-19 04:53:06,,,,,,,,,,55.4212494,11.1687498,1064.32495,970.200012,38.0250015,1.0,,39.92,0.0,37.58,56.4093742,
2025-09-19 04:53:07+00:00,2025-09-19 04:53:07,,,,,,,,,,55.4249992,11.203125,1064.17505,970.200012,38.1875,1.0,,39.92,0.0,37.58,56.4187508,
2025-09-19 04:53:08+00:00,2025-09-19 04:53:08,,,,,,,,,,55.4249992,11.2468748,1064.02502,970.275024,38.5374985,1.0,,39.92,0.0,37.58,56.4187508,
2025-09-19 04:53:09+00:00,2025-09-19 04:53:09,,,,,,,,,,55.4362488,11.2468748,1063.94995,970.275024,38.5374985,1.0,,39.92,0.0,37.58,56.4187508,
2025-09-19 04:53:10+00:00,2025-09-19 04:53:10,54.0,39.0,39.0,38.0,54.0,38.48522024136862,401.0,BO_O2_RULE_NOX,"NOx 예측 규칙 적용: 38.5ppm (NOX_PRED_HIGH, TEMP_IN_OK, TEMP_OUT_OK)",55.4362488,11.2921877,1063.80005,970.349976,38.5374985,1.0,,39.92,0.0,38.53,56.4093742,
2025-09-19 04:53:11+00:00,2025-09-19 04:53:11,,,,,,,,,,55.4662514,11.2921877,1063.72498,970.349976,38.5374985,1.0,,39.92,0.0,38.53,56.4187508,
2025-09-19 04:53:12+00:00,2025-09-19 04:53:12,,,,,,,,,,55.4662514,11.2921877,1063.72498,970.349976,38.5374985,1.0,,39.92,0.0,38.53,56.4187508,
2025-09-19 04:53:13+00:00,2025-09-19 04:53:13,,,,,,,,,,55.4399986,11.3421879,1063.57495,970.424988,38.5374985,1.0,,39.92,0.0,38.53,56.4187508,
2025-09-19 04:53:14+00:00,2025-09-19 04:53:14,,,,,,,,,,55.4550018,11.3828125,1063.27502,970.5,39.6375008,1.0,,39.92,0.0,38.53,56.4093742,
2025-09-19 04:53:15+00:00,2025-09-19 04:53:15,54.0,39.0,39.0,38.0,54.0,38.02729462004003,401.0,BO_O2_RULE_NOX,"NOx 예측 규칙 적용: 38.0ppm (NOX_PRED_HIGH, TEMP_IN_OK, TEMP_OUT_OK)",55.4550018,11.3828125,1063.27502,970.5,39.6375008,1.0,0.0,39.92,0.0,38.53,56.4093742,
2025-09-19 04:53:16+00:00,2025-09-19 04:53:16,,,,,,,,,,55.4324989,11.4343748,1063.19995,970.575012,39.6375008,1.0,,39.92,0.0,38.53,56.4187508,
2025-09-19 04:53:17+00:00,2025-09-19 04:53:17,,,,,,,,,,55.4474983,11.4984379,1062.90002,970.575012,40.0125008,1.0,,39.92,0.0,38.53,56.4187508,
2025-09-19 04:53:18+00:00,2025-09-19 04:53:18,,,,,,,,,,55.4474983,11.4984379,1062.90002,970.575012,40.0125008,1.0,,39.92,0.0,38.53,56.4187508,
2025-09-19 04:53:19+00:00,2025-09-19 04:53:19,,,,,,,,,,55.4587517,11.5625,1062.75,970.650024,40.8250008,1.0,,39.92,0.0,38.53,56.4187508,
2025-09-19 04:53:20+00:00,2025-09-19 04:53:20,54.0,39.0,39.0,38.0,54.0,39.48601415995885,401.0,BO_O2_RULE_NOX,"NOx 예측 규칙 적용: 39.5ppm (NOX_PRED_HIGH, TEMP_IN_OK, TEMP_OUT_OK)",55.4249992,11.5625,1062.52502,970.650024,40.8250008,1.0,,39.92,0.0,40.81,56.4187508,
2025-09-19 04:53:21+00:00,2025-09-19 04:53:21,,,,,,,,,,55.4212494,11.6109371,1062.52502,970.724976,40.8250008,1.0,,39.92,0.0,40.81,56.4187508,
2025-09-19 04:53:22+00:00,2025-09-19 04:53:22,,,,,,,,,,55.4249992,11.6468754,1062.30005,970.724976,40.8250008,1.0,,39.92,0.0,40.81,56.2406235,
2025-09-19 04:53:23+00:00,2025-09-19 04:53:23,,,,,,,,,,55.4399986,11.6468754,1062.22498,970.724976,40.8125,1.0,,39.92,0.0,40.81,56.2312508,
2025-09-19 04:53:24+00:00,2025-09-19 04:53:24,,,,,,,,,,55.4249992,11.671875,1062.07495,970.724976,41.3250008,1.0,,39.92,0.0,40.81,56.2312508,
2025-09-19 04:53:25+00:00,2025-09-19 04:53:25,54.0,39.0,39.0,54.0,54.0,40.08492849019696,303.0,BO_O2_RULE,제어매트릭스 규칙 적용: NOX_HIGH,55.4212494,11.6765623,1062.0,970.799988,41.3250008,1.0,,39.92,0.0,40.81,56.2218742,
2025-09-19 04:53:26+00:00,2025-09-19 04:53:26,,,,,,,,,,55.4287491,11.6765623,1061.77502,970.799988,41.3250008,1.0,,39.92,0.0,40.81,56.2218742,
2025-09-19 04:53:27+00:00,2025-09-19 04:53:27,,,,,,,,,,55.4287491,11.6687498,1061.69995,970.799988,41.3250008,1.0,,39.92,0.0,40.81,56.2312508,
2025-09-19 04:53:28+00:00,2025-09-19 04:53:28,,,,,,,,,,55.4212494,11.6687498,1061.55005,970.799988,41.5499992,1.0,,39.92,0.0,40.81,56.2312508,
2025-09-19 04:53:29+00:00,2025-09-19 04:53:29,,,,,,,,,,55.4287491,11.6453123,1061.47498,970.875,42.0125008,1.0,,39.92,0.0,40.81,56.2312508,
2025-09-19 04:53:30+00:00,2025-09-19 04:53:30,54.0,39.0,39.0,54.0,54.0,39.42356444577173,303.0,BO_O2_RULE,제어매트릭스 규칙 적용: NOX_HIGH,55.4662514,11.6109371,1061.32495,970.875,42.0,1.0,0.0,39.92,0.0,41.95,56.2218742,
2025-09-19 04:53:31+00:00,2025-09-19 04:53:31,,,,,,,,,,55.4249992,11.6109371,1061.25,970.875,42.0,1.0,,39.92,0.0,41.95,56.2312508,
2025-09-19 04:53:32+00:00,2025-09-19 04:53:32,,,,,,,,,,55.4474983,11.5625,1061.09998,970.950012,42.0125008,1.0,,39.92,0.0,41.95,56.2312508,
2025-09-19 04:53:33+00:00,2025-09-19 04:53:33,,,,,,,,,,55.4324989,11.5124998,1061.02502,970.950012,42.0,1.0,,39.92,0.0,41.95,56.2312508,
2025-09-19 04:53:34+00:00,2025-09-19 04:53:34,,,,,,,,,,55.4324989,11.5124998,1060.875,970.950012,42.8499985,1.0,,39.92,0.0,41.95,56.2218742,
2025-09-19 04:53:35+00:00,2025-09-19 04:53:35,54.0,39.0,39.0,54.0,54.0,37.9346296462901,303.0,BO_O2_RULE,제어매트릭스 규칙 적용: NOX_HIGH,55.4287491,11.4656248,1060.80005,970.950012,42.8499985,1.0,,39.92,0.0,41.95,56.2218742,
2025-09-19 04:53:36+00:00,2025-09-19 04:53:36,,,,,,,,,,55.4399986,11.4656248,1060.65002,971.025024,42.8499985,1.0,,39.92,0.0,41.95,56.2312508,
2025-09-19 04:53:37+00:00,2025-09-19 04:53:37,,,,,,,,,,55.4324989,11.4109373,1060.57495,970.950012,42.8499985,1.0,,39.92,0.0,41.95,56.2312508,
2025-09-19 04:53:38+00:00,2025-09-19 04:53:38,,,,,,,,,,55.4324989,11.3484373,1060.42505,971.025024,42.9375,1.0,,39.92,0.0,41.95,56.2218742,
2025-09-19 04:53:39+00:00,2025-09-19 04:53:39,,,,,,,,,,55.4437485,11.3484373,1060.34998,971.025024,43.1124992,1.0,,39.92,0.0,41.95,56.2312508,
2025-09-19 04:53:40+00:00,2025-09-19 04:53:40,54.0,39.0,39.0,54.0,54.0,38.20501911675431,303.0,BO_O2_RULE,제어매트릭스 규칙 적용: NOX_HIGH,55.4249992,11.2765627,1060.27502,971.025024,43.0999985,1.0,,39.92,0.0,43.09,56.2312508,
2025-09-19 04:53:41+00:00,2025-09-19 04:53:41,,,,,,,,,,55.4437485,11.2078123,1060.125,971.025024,43.1124992,1.0,,39.92,0.0,43.09,56.2312508,
2025-09-19 04:53:42+00:00,2025-09-19 04:53:42,,,,,,,,,,55.4249992,11.2078123,1060.05005,971.099976,43.1124992,1.0,,39.92,0.0,43.09,56.2218742,
2025-09-19 04:53:43+00:00,2025-09-19 04:53:43,,,,,,,,,,55.4287491,11.1374998,1060.05005,971.025024,43.0999985,1.0,,39.92,0.0,43.09,56.2218742,
2025-09-19 04:53:44+00:00,2025-09-19 04:53:44,,,,,,,,,,55.4662514,11.0578127,1059.90002,971.099976,43.3624992,1.0,,39.92,0.0,43.09,56.2312508,
2025-09-19 04:53:45+00:00,2025-09-19 04:53:45,54.0,39.0,39.0,54.0,54.0,40.4044131836647,303.0,BO_O2_RULE,제어매트릭스 규칙 적용: NOX_HIGH,55.4287491,11.0578127,1059.82495,971.099976,43.3624992,1.0,0.0,39.92,0.0,43.09,56.2312508,
2025-09-19 04:53:46+00:00,2025-09-19 04:53:46,,,,,,,,,,55.4775009,10.9718752,1059.75,971.099976,43.3624992,1.0,,39.92,0.0,43.09,56.2218742,
2025-09-19 04:53:47+00:00,2025-09-19 04:53:47,,,,,,,,,,55.4474983,10.9718752,1059.67505,971.099976,43.3624992,1.0,,39.92,0.0,43.09,56.2218742,
2025-09-19 04:53:48+00:00,2025-09-19 04:53:48,,,,,,,,,,55.4587517,10.8765621,1059.59998,971.099976,43.4500008,1.0,,39.92,0.0,43.09,56.2312508,
2025-09-19 04:53:49+00:00,2025-09-19 04:53:49,,,,,,,,,,55.4287491,10.7875004,1059.52502,971.099976,43.625,1.0,,39.92,0.0,43.09,56.2312508,
2025-09-19 04:53:50+00:00,2025-09-19 04:53:50,54.0,39.0,39.0,54.0,54.0,39.6726762135761,303.0,BO_O2_RULE,제어매트릭스 규칙 적용: NOX_HIGH,55.4437485,10.7875004,1059.52502,971.099976,43.625,1.0,,39.92,0.0,43.55,56.2218742,
2025-09-19 04:53:51+00:00,2025-09-19 04:53:51,,,,,,,,,,55.4212494,10.6968746,1059.44995,971.099976,43.625,1.0,,39.92,0.0,43.55,56.2218742,
2025-09-19 04:53:52+00:00,2025-09-19 04:53:52,,,,,,,,,,55.4512482,10.6187496,1059.375,971.099976,43.625,1.0,,39.92,0.0,43.55,56.2312508,
2025-09-19 04:53:53+00:00,2025-09-19 04:53:53,,,,,,,,,,55.4399986,10.6187496,1059.375,971.099976,43.6124992,1.0,,39.92,0.0,43.55,56.2218742,
2025-09-19 04:53:54+00:00,2025-09-19 04:53:54,,,,,,,,,,55.4287491,10.5421877,1059.30005,971.099976,43.625,1.0,,39.92,0.0,43.55,56.2218742,
2025-09-19 04:53:55+00:00,2025-09-19 04:53:55,54.0,38.0,38.0,54.0,54.0,39.143030341881854,303.0,BO_O2_RULE,제어매트릭스 규칙 적용: NOX_HIGH,55.4399986,10.5421877,1059.22498,971.099976,43.625,1.0,,39.92,0.0,43.55,56.2218742,
2025-09-19 04:53:56+00:00,2025-09-19 04:53:56,,,,,,,,,,55.4550018,10.4484377,1059.22498,971.099976,43.625,1.0,,39.92,0.0,43.55,56.2312508,
2025-09-19 04:53:57+00:00,2025-09-19 04:53:57,,,,,,,,,,55.4512482,10.3374996,1059.15002,971.099976,43.625,1.0,,39.92,0.0,43.55,56.2312508,
2025-09-19 04:53:58+00:00,2025-09-19 04:53:58,,,,,,,,,,55.4249992,10.3374996,1059.15002,971.099976,43.9000015,1.0,,39.92,0.0,43.55,56.2218742,
2025-09-19 04:53:59+00:00,2025-09-19 04:53:59,,,,,,,,,,55.4324989,10.2234373,1059.15002,971.174988,44.4749985,1.0,,39.92,0.0,43.55,56.2218742,
2025-09-19 04:54:00+00:00,2025-09-19 04:54:00,54.0,38.0,38.0,54.0,54.0,38.82272657200598,303.0,BO_O2_RULE,제어매트릭스 규칙 적용: NOX_HIGH,55.4174995,10.1140623,1059.15002,971.174988,44.4749985,1.0,0.0,39.92,0.0,44.42,56.2218742,
2025-09-19 04:54:01+00:00,2025-09-19 04:54:01,,,,,,,,,,55.4399986,10.1140623,1059.15002,971.174988,44.4749985,1.0,,39.92,0.0,44.42,56.2312508,
2025-09-19 04:54:02+00:00,2025-09-19 04:54:02,,,,,,,,,,55.4474983,9.97968769,1059.15002,971.174988,44.4749985,1.0,,39.92,0.0,44.42,56.2312508,
2025-09-19 04:54:03+00:00,2025-09-19 04:54:03,,,,,,,,,,55.4662514,9.97968769,1059.15002,971.174988,44.4625015,1.0,,39.92,0.0,44.42,56.2218742,
2025-09-19 04:54:04+00:00,2025-09-19 04:54:04,,,,,,,,,,55.4625015,9.83749962,1059.15002,971.174988,44.6375008,1.0,,39.92,0.0,44.42,56.2218742,
2025-09-19 04:54:05+00:00,2025-09-19 04:54:05,54.0,38.0,38.0,54.0,54.0,39.04287707870725,303.0,BO_O2_RULE,제어매트릭스 규칙 적용: NOX_HIGH,55.4324989,9.6796875,1059.15002,971.174988,44.6375008,1.0,,39.92,0.0,44.42,56.2218742,
2025-09-19 04:54:06+00:00,2025-09-19 04:54:06,,,,,,,,,,55.4474983,9.6796875,1059.22498,971.25,44.6375008,1.0,,39.92,0.0,44.42,56.2218742,
2025-09-19 04:54:07+00:00,2025-09-19 04:54:07,,,,,,,,,,55.4550018,9.51875019,1059.22498,971.25,44.6375008,1.0,,39.92,0.0,44.42,56.2218742,
2025-09-19 04:54:08+00:00,2025-09-19 04:54:08,,,,,,,,,,55.4249992,9.36406231,1059.22498,971.25,44.5250015,1.0,,39.92,0.0,44.42,56.2312508,
2025-09-19 04:54:09+00:00,2025-09-19 04:54:09,,,,,,,,,,55.4287491,9.36406231,1059.22498,971.25,44.2999992,1.0,,39.92,0.0,44.42,56.2312508,
2025-09-19 04:54:10+00:00,2025-09-19 04:54:10,54.0,38.0,38.0,54.0,54.0,38.91501406282943,303.0,BO_O2_RULE,제어매트릭스 규칙 적용: NOX_HIGH,55.4399986,9.20781231,1059.30005,971.25,44.2999992,1.0,,39.92,0.0,44.23,56.2218742,
2025-09-19 04:54:11+00:00,2025-09-19 04:54:11,,,,,,,,,,55.4512482,9.20781231,1059.375,971.25,44.2999992,1.0,,39.92,0.0,44.23,56.2218742,
2025-09-19 04:54:12+00:00,2025-09-19 04:54:12,,,,,,,,,,55.4212494,9.06562519,1059.44995,971.25,44.2999992,1.0,,39.92,0.0,44.23,56.2218742,
2025-09-19 04:54:13+00:00,2025-09-19 04:54:13,,,,,,,,,,55.4174995,8.92500019,1059.52502,971.25,44.2999992,1.0,,39.92,0.0,44.23,56.2218742,
2025-09-19 04:54:14+00:00,2025-09-19 04:54:14,,,,,,,,,,55.4212494,8.92500019,1059.59998,971.325012,44.3875008,1.0,,39.92,0.0,44.23,56.2312508,
2025-09-19 04:54:15+00:00,2025-09-19 04:54:15,54.0,44.0,42.0,54.0,54.0,36.943063372860266,303.0,BO_O2_RULE,제어매트릭스 규칙 적용: NOX_HIGH,55.4550018,8.796875,1059.59998,971.325012,44.3875008,1.0,0.0,39.92,0.0,44.23,56.2218742,
2025-09-19 04:54:16+00:00,2025-09-19 04:54:16,,,,,,,,,,55.4324989,8.68906212,1059.75,971.325012,44.3875008,1.0,,39.92,0.0,44.23,56.2218742,
2025-09-19 04:54:17+00:00,2025-09-19 04:54:17,,,,,,,,,,55.4287491,8.68906212,1059.75,971.325012,44.3875008,1.0,,39.92,0.0,44.23,56.2312508,
2025-09-19 04:54:18+00:00,2025-09-19 04:54:18,,,,,,,,,,55.4587517,8.57656288,1059.90002,971.400024,44.3250008,1.0,,39.92,0.0,44.23,56.2312508,
2025-09-19 04:54:19+00:00,2025-09-19 04:54:19,,,,,,,,,,55.4249992,8.57656288,1059.97498,971.400024,44.2125015,1.0,,39.92,0.0,44.23,56.296875,
2025-09-19 04:54:20+00:00,2025-09-19 04:54:20,54.0,43.0,43.0,54.0,54.0,36.95946248695277,303.0,BO_O2_RULE,제어매트릭스 규칙 적용: NOX_HIGH,55.4550018,8.46875,1060.05005,971.400024,44.2125015,1.0,,39.92,0.0,44.15,56.4093742,
2025-09-19 04:54:21+00:00,2025-09-19 04:54:21,,,,,,,,,,55.4550018,8.36874962,1060.125,971.474976,44.2125015,1.0,,39.92,0.0,44.15,56.4093742,
2025-09-19 04:54:22+00:00,2025-09-19 04:54:22,,,,,,,,,,55.4287491,8.36874962,1060.27502,971.474976,44.2125015,1.0,,39.92,0.0,44.15,56.4187508,
2025-09-19 04:54:23+00:00,2025-09-19 04:54:23,,,,,,,,,,55.4512482,8.27656269,1060.34998,971.474976,44.2125015,1.0,,39.92,0.0,44.15,56.4093742,
2025-09-19 04:54:24+00:00,2025-09-19 04:54:24,,,,,,,,,,55.4399986,8.18124962,1060.42505,971.549988,44.2125015,1.0,,39.92,0.0,44.15,56.4093742,
2025-09-19 04:54:25+00:00,2025-09-19 04:54:25,54.0,43.0,43.0,54.0,54.0,36.887486555403754,303.0,BO_O2_RULE,제어매트릭스 규칙 적용: NOX_HIGH,55.4287491,8.18124962,1060.57495,971.549988,44.2125015,1.0,,39.92,0.0,44.15,56.2593765,
2025-09-19 04:54:26+00:00,2025-09-19 04:54:26,,,,,,,,,,55.4249992,8.08906269,1060.65002,971.625,44.2125015,1.0,,39.92,0.0,44.15,56.2312508,
2025-09-19 04:54:27+00:00,2025-09-19 04:54:27,,,,,,,,,,55.4399986,8.08906269,1060.72498,971.625,44.2249985,1.0,,39.92,0.0,44.15,56.2218742,
2025-09-19 04:54:28+00:00,2025-09-19 04:54:28,,,,,,,,,,55.4249992,8.0078125,1060.875,971.625,44.1624985,1.0,,39.92,0.0,44.15,56.4000015,
2025-09-19 04:54:29+00:00,2025-09-19 04:54:29,,,,,,,,,,55.4399986,7.92656231,1060.94995,971.700012,44.0499992,1.0,,39.92,0.0,44.15,56.2312508,
2025-09-19 04:54:30+00:00,2025-09-19 04:54:30,54.0,42.0,42.0,54.0,54.0,38.899587487915404,303.0,BO_O2_RULE,제어매트릭스 규칙 적용: NOX_HIGH,55.4812508,7.92656231,1061.09998,971.700012,44.0499992,1.0,0.0,39.92,0.0,44.0,56.25,
2025-09-19 04:54:31+00:00,2025-09-19 04:54:31,,,,,,,,,,55.4512482,7.8453126,1061.17505,971.700012,44.0499992,1.0,,39.92,0.0,44.0,56.2218742,
2025-09-19 04:54:32+00:00,2025-09-19 04:54:32,,,,,,,,,,55.4287491,7.7437501,1061.25,971.775024,44.0374985,1.0,,39.92,0.0,44.0,56.2218742,
2025-09-19 04:54:33+00:00,2025-09-19 04:54:33,,,,,,,,,,55.4399986,7.7437501,1061.32495,971.775024,44.0374985,1.0,,39.92,0.0,44.0,56.2312508,
2025-09-19 04:54:34+00:00,2025-09-19 04:54:34,,,,,,,,,,55.4324989,7.65156269,1061.47498,971.849976,42.7625008,1.0,,39.92,0.0,44.0,56.2312508,
2025-09-19 04:54:35+00:00,2025-09-19 04:54:35,54.0,42.0,42.0,54.0,54.0,35.9595496050109,303.0,BO_O2_RULE,제어매트릭스 규칙 적용: NOX_HIGH,55.4700012,7.65156269,1061.55005,971.924988,42.7625008,1.0,,39.92,0.0,44.0,56.2218742,
2025-09-19 04:54:36+00:00,2025-09-19 04:54:36,,,,,,,,,,55.4550018,7.578125,1061.69995,971.924988,42.7625008,1.0,,39.92,0.0,44.0,56.2218742,
2025-09-19 04:54:37+00:00,2025-09-19 04:54:37,,,,,,,,,,55.4437485,7.52031231,1061.77502,972.0,42.7625008,1.0,,39.92,0.0,44.0,56.2312508,
2025-09-19 04:54:38+00:00,2025-09-19 04:54:38,,,,,,,,,,55.4587517,7.52031231,1061.92505,972.0,42.1500015,1.0,,39.92,0.0,44.0,56.2218742,
2025-09-19 04:54:39+00:00,2025-09-19 04:54:39,,,,,,,,,,55.4287491,7.47968769,1062.0,972.075012,41.1624985,1.0,,39.92,0.0,44.0,56.2218742,
2025-09-19 04:54:40+00:00,2025-09-19 04:54:40,54.0,49.0,46.0,54.0,54.0,30.567682158357695,303.0,BO_O2_RULE,제어매트릭스 규칙 적용: NOX_HIGH,55.4512482,7.4546876,1062.15002,972.150024,41.1500015,1.0,,39.92,0.0,41.17,56.2218742,
2025-09-19 04:54:41+00:00,2025-09-19 04:54:41,,,,,,,,,,55.4437485,7.4546876,1062.22498,972.150024,41.1500015,1.0,,39.92,0.0,41.17,56.2312508,
2025-09-19 04:54:42+00:00,2025-09-19 04:54:42,,,,,,,,,,55.4287491,7.4312501,1062.375,972.224976,41.1624985,1.0,,39.92,0.0,41.17,56.2218742,
2025-09-19 04:54:43+00:00,2025-09-19 04:54:43,,,,,,,,,,55.4662514,7.4312501,1062.44995,972.299988,41.1624985,1.0,,39.92,0.0,41.17,56.2218742,
2025-09-19 04:54:44+00:00,2025-09-19 04:54:44,,,,,,,,,,55.4437485,7.40312481,1062.59998,972.299988,39.5499992,1.0,,39.92,0.0,41.17,56.2218742,
2025-09-19 04:54:45+00:00,2025-09-19 04:54:45,54.0,48.0,46.0,54.0,54.0,25.082005625309478,303.0,BO_O2_RULE,제어매트릭스 규칙 적용: NOX_HIGH,55.4324989,7.37968731,1062.75,972.299988,39.5499992,1.0,0.0,39.92,0.0,41.17,56.2218742,
2025-09-19 04:54:46+00:00,2025-09-19 04:54:46,,,,,,,,,,55.4362488,7.37968731,1062.82495,972.450012,39.5499992,1.0,,39.92,0.0,41.17,56.2218742,
2025-09-19 04:54:47+00:00,2025-09-19 04:54:47,,,,,,,,,,55.4287491,7.3578124,1062.97498,972.450012,39.5499992,1.0,,39.92,0.0,41.17,56.2218742,
2025-09-19 04:54:48+00:00,2025-09-19 04:54:48,,,,,,,,,,55.4287491,7.34062481,1063.125,972.525024,38.9000015,1.0,,39.92,0.0,41.17,56.2218742,
2025-09-19 04:54:49+00:00,2025-09-19 04:54:49,,,,,,,,,,55.4437485,7.34062481,1063.19995,972.525024,37.8499985,1.0,,39.92,0.0,41.17,56.2218742,
2025-09-19 04:54:50+00:00,2025-09-19 04:54:50,50.431249,48.0,46.0,46.0,46.0,25.048542469604623,205.0,BO_O2,O2 규칙 적용: 7.4% (7.0~8.0%),55.4399986,7.33906269,1063.34998,972.674988,37.8499985,1.0,,39.92,0.0,37.86,56.2218742,
2025-09-19 04:54:51+00:00,2025-09-19 04:54:51,,,,,,,,,,55.4587517,7.33906269,1063.5,972.674988,37.8499985,1.0,,39.92,0.0,37.86,56.2218742,
2025-09-19 04:54:52+00:00,2025-09-19 04:54:52,,,,,,,,,,55.4474983,7.3265624,1063.65002,972.75,37.8499985,1.0,,39.92,0.0,37.86,56.2218742,
2025-09-19 04:54:53+00:00,2025-09-19 04:54:53,,,,,,,,,,51.4350014,7.3031249,1063.72498,972.825012,37.8499985,1.0,,39.92,0.0,37.86,56.2312508,
2025-09-19 04:54:54+00:00,2025-09-19 04:54:54,,,,,,,,,,51.2700005,7.3031249,1063.94995,972.900024,37.8499985,1.0,,39.92,0.0,37.86,56.0437508,
2025-09-19 04:54:55+00:00,2025-09-19 04:54:55,49.113750466666666,48.0,46.0,46.0,46.0,24.598805182988205,205.0,BO_O2,O2 규칙 적용: 7.3% (7.0~8.0%),51.2550011,7.28593731,1064.02502,972.900024,37.8624992,1.0,,39.92,0.0,37.86,55.3031235,
2025-09-19 04:54:56+00:00,2025-09-19 04:54:56,,,,,,,,,,51.2737503,7.2734375,1064.17505,973.049988,37.8499985,1.0,,39.92,0.0,37.86,53.9718742,
2025-09-19 04:54:57+00:00,2025-09-19 04:54:57,,,,,,,,,,51.2700005,7.2734375,1064.32495,973.049988,37.8499985,1.0,,39.92,0.0,37.86,52.4812508,
2025-09-19 04:54:58+00:00,2025-09-19 04:54:58,,,,,,,,,,50.5649986,7.2640624,1064.47498,973.125,37.5875015,1.0,,39.92,0.0,37.86,51.4406242,
2025-09-19 04:54:59+00:00,2025-09-19 04:54:59,,,,,,,,,,50.2087517,7.2640624,1064.55005,973.200012,37.1749992,1.0,,39.92,0.0,37.86,50.7281265,
2025-09-19 04:55:00+00:00,2025-09-19 04:55:00,46.03624980000001,48.0,46.0,46.0,46.0,27.528732261906054,205.0,BO_O2,O2 규칙 적용: 7.3% (7.0~8.0%),50.2275009,7.25312519,1064.77502,973.349976,37.1749992,1.0,0.0,39.92,0.0,37.15,50.0531235,
2025-09-19 04:55:01+00:00,2025-09-19 04:55:01,,,,,,,,,,50.2200012,7.2265625,1064.84998,973.349976,37.1749992,1.0,,39.92,0.0,37.15,49.3781242,
2025-09-19 04:55:02+00:00,2025-09-19 04:55:02,,,,,,,,,,50.1899986,7.2265625,1065.0,973.424988,37.1749992,1.0,,39.92,0.0,37.15,48.9000015,
2025-09-19 04:55:03+00:00,2025-09-19 04:55:03,,,,,,,,,,50.2012482,7.20781231,1065.15002,973.5,37.1749992,1.0,,39.92,0.0,37.15,48.5625,
2025-09-19 04:55:04+00:00,2025-09-19 04:55:04,,,,,,,,,,50.2612495,7.1968751,1065.30005,973.575012,35.0499992,1.0,,39.92,0.0,37.15,48.234375,
2025-09-19 04:55:05+00:00,2025-09-19 04:55:05,46.0,48.0,46.0,46.0,46.0,32.953652627543924,205.0,BO_O2,O2 규칙 적용: 7.2% (7.0~8.0%),50.1974983,7.1968751,1065.52502,973.724976,35.0499992,1.0,,39.92,0.0,37.15,48.0187492,
2025-09-19 04:55:06+00:00,2025-09-19 04:55:06,,,,,,,,,,48.1387482,7.19062519,1065.59998,973.724976,35.0499992,1.0,,39.92,0.0,37.15,47.90625,
2025-09-19 04:55:07+00:00,2025-09-19 04:55:07,,,,,,,,,,47.0287514,7.19062519,1065.75,973.875,35.0499992,1.0,,39.92,0.0,37.15,47.8218765,
2025-09-19 04:55:08+00:00,2025-09-19 04:55:08,,,,,,,,,,47.0099983,7.17656231,1065.90002,973.950012,34.6124992,1.0,,39.92,0.0,37.15,47.7937508,
2025-09-19 04:55:09+00:00,2025-09-19 04:55:09,,,,,,,,,,47.0099983,7.1546874,1065.97498,974.025024,33.7874985,1.0,,39.92,0.0,37.15,46.6218758,
2025-09-19 04:55:10+00:00,2025-09-19 04:55:10,46.0,48.0,46.0,46.0,46.0,28.975938435838767,205.0,BO_O2,O2 규칙 적용: 7.2% (7.0~8.0%),47.0062485,7.1546874,1066.19995,974.099976,33.7750015,1.0,,39.92,0.0,33.8,45.4031258,
2025-09-19 04:55:11+00:00,2025-09-19 04:55:11,,,,,,,,,,47.0212517,7.14375019,1066.34998,974.174988,33.7750015,1.0,,39.92,0.0,33.8,44.1843758,
2025-09-19 04:55:12+00:00,2025-09-19 04:55:12,,,,,,,,,,47.0062485,7.15937519,1066.5,974.25,33.7750015,1.0,,39.92,0.0,33.8,43.4718742,
2025-09-19 04:55:13+00:00,2025-09-19 04:55:13,,,,,,,,,,47.0137482,7.15937519,1066.57495,974.325012,33.7750015,1.0,,39.92,0.0,33.8,43.1812515,
2025-09-19 04:55:14+00:00,2025-09-19 04:55:14,,,,,,,,,,47.0137482,7.17500019,1066.80005,974.474976,32.2625008,1.0,,39.92,0.0,33.8,42.7781258,
2025-09-19 04:55:15+00:00,2025-09-19 04:55:15,46.0,48.0,46.0,46.0,46.0,26.645578791891293,205.0,BO_O2,O2 규칙 적용: 7.2% (7.0~8.0%),47.0099983,7.17500019,1066.875,974.474976,32.2625008,1.0,0.0,39.92,0.0,33.8,42.6187515,
2025-09-19 04:55:16+00:00,2025-09-19 04:55:16,,,,,,,,,,47.0212517,7.18281269,1067.02502,974.625,32.2625008,1.0,,39.92,0.0,33.8,42.6187515,
2025-09-19 04:55:17+00:00,2025-09-19 04:55:17,,,,,,,,,,47.0062485,7.19999981,1067.17505,974.700012,32.2625008,1.0,,39.92,0.0,33.8,42.609375,
2025-09-19 04:55:18+00:00,2025-09-19 04:55:18,,,,,,,,,,47.0062485,7.19999981,1067.32495,974.849976,31.9125004,1.0,,39.92,0.0,33.8,42.609375,
2025-09-19 04:55:19+00:00,2025-09-19 04:55:19,,,,,,,,,,47.0137482,7.2281251,1067.47498,974.924988,31.25,1.0,,39.92,0.0,33.8,42.6187515,
2025-09-19 04:55:20+00:00,2025-09-19 04:55:20,46.0,48.0,46.0,46.0,46.0,25.9380833254441,205.0,BO_O2,O2 규칙 적용: 7.2% (7.0~8.0%),47.0062485,7.2640624,1067.625,975.075012,31.25,1.0,,39.92,0.0,33.8,42.609375,
2025-09-19 04:55:21+00:00,2025-09-19 04:55:21,,,,,,,,,,47.0099983,7.2640624,1067.77502,975.075012,31.25,1.0,,39.92,0.0,33.8,42.609375,
2025-09-19 04:55:22+00:00,2025-09-19 04:55:22,,,,,,,,,,47.0099983,7.2874999,1067.84998,975.224976,31.25,1.0,,39.92,0.0,31.29,42.6187515,
2025-09-19 04:55:23+00:00,2025-09-19 04:55:23,,,,,,,,,,46.9987488,7.2874999,1068.0,975.299988,31.25,1.0,,39.92,0.0,31.29,42.6187515,
2025-09-19 04:55:24+00:00,2025-09-19 04:55:24,,,,,,,,,,47.0137482,7.296875,1068.22498,975.450012,32.0125008,1.0,,39.92,0.0,31.29,42.6187515,
2025-09-19 04:55:25+00:00,2025-09-19 04:55:25,46.0,48.0,46.0,46.0,46.0,27.374242286643153,205.0,BO_O2,O2 규칙 적용: 7.3% (7.0~8.0%),47.0024986,7.296875,1068.30005,975.525024,32.0125008,1.0,,39.92,0.0,31.29,42.609375,
2025-09-19 04:55:26+00:00,2025-09-19 04:55:26,,,,,,,,,,47.0099983,7.296875,1068.52502,975.674988,32.0125008,1.0,,39.92,0.0,31.29,42.6187515,
2025-09-19 04:55:27+00:00,2025-09-19 04:55:27,,,,,,,,,,47.0099983,7.28125,1068.67505,975.75,32.0125008,1.0,,39.92,0.0,31.29,42.6187515,
2025-09-19 04:55:28+00:00,2025-09-19 04:55:28,,,,,,,,,,47.0099983,7.27812481,1068.82495,975.900024,31.3500004,1.0,,39.92,0.0,31.29,42.6187515,
2025-09-19 04:55:29+00:00,2025-09-19 04:55:29,,,,,,,,,,47.0062485,7.27812481,1068.97498,975.974976,30.1625004,1.0,,39.92,0.0,31.29,42.609375,
2025-09-19 04:55:30+00:00,2025-09-19 04:55:30,46.0,48.0,46.0,46.0,46.0,29.419840290435992,205.0,BO_O2,O2 규칙 적용: 7.3% (7.0~8.0%),47.0062485,7.2874999,1069.19995,976.125,30.1499996,1.0,0.0,39.92,0.0,30.19,42.6187515,
2025-09-19 04:55:31+00:00,2025-09-19 04:55:31,,,,,,,,,,47.0137482,7.2874999,1069.34998,976.200012,30.1499996,1.0,,39.92,0.0,30.19,42.6187515,
2025-09-19 04:55:32+00:00,2025-09-19 04:55:32,,,,,,,,,,47.0137482,7.30156231,1069.57495,976.349976,30.1499996,1.0,,39.92,0.0,30.19,42.6187515,
2025-09-19 04:55:33+00:00,2025-09-19 04:55:33,,,,,,,,,,47.0062485,7.3218751,1069.80005,976.424988,29.3999996,1.0,,39.92,0.0,30.19,42.609375,
2025-09-19 04:55:34+00:00,2025-09-19 04:55:34,,,,,,,,,,47.0099983,7.3218751,1070.02502,976.575012,29.3125,1.0,,39.92,0.0,30.19,42.6187515,
2025-09-19 04:55:35+00:00,2025-09-19 04:55:35,46.0,48.0,46.0,46.0,46.0,27.486914702242952,205.0,BO_O2,O2 규칙 적용: 7.3% (7.0~8.0%),47.0099983,7.33281231,1070.25,976.650024,29.3125,1.0,,39.92,0.0,30.19,42.6187515,
2025-09-19 04:55:36+00:00,2025-09-19 04:55:36,,,,,,,,,,47.0024986,7.3499999,1070.55005,976.799988,29.3125,1.0,,39.92,0.0,30.19,42.6187515,
2025-09-19 04:55:37+00:00,2025-09-19 04:55:37,,,,,,,,,,47.0099983,7.3499999,1070.69995,976.950012,29.3125,1.0,,39.92,0.0,30.19,42.609375,
2025-09-19 04:55:38+00:00,2025-09-19 04:55:38,,,,,,,,,,47.0137482,7.34843731,1071.07495,977.099976,28.8250008,1.0,,39.92,0.0,30.19,42.6187515,
2025-09-19 04:55:39+00:00,2025-09-19 04:55:39,,,,,,,,,,47.0099983,7.34843731,1071.22498,977.174988,27.9750004,1.0,,39.92,0.0,30.19,42.6187515,
2025-09-19 04:55:40+00:00,2025-09-19 04:55:40,46.0,48.0,46.0,46.0,46.0,29.972462801760354,205.0,BO_O2,O2 규칙 적용: 7.3% (7.0~8.0%),47.0099983,7.3296876,1071.59998,977.325012,27.9750004,1.0,,39.92,0.0,28.02,42.609375,
2025-09-19 04:55:41+00:00,2025-09-19 04:55:41,,,,,,,,,,47.0062485,7.30781269,1071.75,977.474976,27.9750004,1.0,,39.92,0.0,28.02,42.609375,
2025-09-19 04:55:42+00:00,2025-09-19 04:55:42,,,,,,,,,,47.0137482,7.30781269,1072.125,977.625,27.9750004,1.0,,39.92,0.0,28.02,42.6187515,
2025-09-19 04:55:43+00:00,2025-09-19 04:55:43,,,,,,,,,,47.0062485,7.26093769,1072.42505,977.700012,27.9750004,1.0,,39.92,0.0,28.02,42.6187515,
2025-09-19 04:55:44+00:00,2025-09-19 04:55:44,,,,,,,,,,47.0175018,7.2046876,1072.72498,977.924988,27.2999992,1.0,,39.92,0.0,28.02,42.609375,
2025-09-19 04:55:45+00:00,2025-09-19 04:55:45,46.0,48.0,46.0,46.0,46.0,28.88367150923903,205.0,BO_O2,O2 규칙 적용: 7.3% (7.0~8.0%),47.0175018,7.2046876,1072.94995,978.0,27.2999992,1.0,0.0,39.92,0.0,28.02,42.609375,
2025-09-19 04:55:46+00:00,2025-09-19 04:55:46,,,,,,,,,,47.0099983,7.1421876,1073.32495,978.150024,27.2999992,1.0,,39.92,0.0,28.02,42.609375,
2025-09-19 04:55:47+00:00,2025-09-19 04:55:47,,,,,,,,,,47.0175018,7.1421876,1073.55005,978.299988,27.2999992,1.0,,39.92,0.0,28.02,42.6187515,
2025-09-19 04:55:48+00:00,2025-09-19 04:55:48,,,,,,,,,,47.0137482,7.0640626,1073.84998,978.375,27.3624992,1.0,,39.92,0.0,28.02,42.6187515,
2025-09-19 04:55:49+00:00,2025-09-19 04:55:49,,,,,,,,,,46.9987488,6.9859376,1074.07495,978.525024,27.4624996,1.0,,39.92,0.0,28.02,42.609375,
2025-09-19 04:55:50+00:00,2025-09-19 04:55:50,46.0,48.0,46.0,46.0,46.0,28.765533045145652,205.0,BO_O2,O2 규칙 적용: 7.1% (7.0~8.0%),47.0099983,6.9859376,1074.44995,978.75,27.4624996,1.0,,39.92,0.0,27.46,42.6187515,
2025-09-19 04:55:51+00:00,2025-09-19 04:55:51,,,,,,,,,,47.0099983,6.91093731,1074.67505,978.825012,27.4624996,1.0,,39.92,0.0,27.46,42.6187515,
2025-09-19 04:55:52+00:00,2025-09-19 04:55:52,,,,,,,,,,47.0062485,6.8375001,1074.97498,978.974976,27.4624996,1.0,,39.92,0.0,27.46,42.609375,
2025-09-19 04:55:53+00:00,2025-09-19 04:55:53,,,,,,,,,,47.0062485,6.8375001,1075.27502,979.125,27.4624996,1.0,,39.92,0.0,27.46,42.609375,
2025-09-19 04:55:54+00:00,2025-09-19 04:55:54,,,,,,,,,,47.0137482,6.77031231,1075.57495,979.349976,27.6375008,1.0,,39.92,0.0,27.46,42.609375,
2025-09-19 04:55:55+00:00,2025-09-19 04:55:55,49.0,50.0,49.0,49.0,49.0,28.441748503061575,204.0,BO_O2,O2 규칙 적용: 6.9% (6.0~7.0%),46.9987488,6.77031231,1075.80005,979.424988,27.6375008,1.0,,39.92,0.0,27.46,42.6187515,
2025-09-19 04:55:56+00:00,2025-09-19 04:55:56,,,,,,,,,,47.0062485,6.69843769,1076.09998,979.650024,27.6375008,1.0,,39.92,0.0,27.46,42.6187515,
2025-09-19 04:55:57+00:00,2025-09-19 04:55:57,,,,,,,,,,47.0099983,6.6390624,1076.32495,979.799988,27.6375008,1.0,,39.92,0.0,27.46,42.609375,
2025-09-19 04:55:58+00:00,2025-09-19 04:55:58,,,,,,,,,,49.5224991,6.6390624,1076.69995,979.950012,27.2875004,1.0,,39.92,0.0,27.46,42.609375,
2025-09-19 04:55:59+00:00,2025-09-19 04:55:59,,,,,,,,,,50.1787491,6.5953126,1076.92505,980.025024,26.7875004,1.0,,39.92,0.0,27.46,42.6187515,
2025-09-19 04:56:00+00:00,2025-09-19 04:56:00,49.0,51.0,49.0,49.0,49.0,31.206572895764534,204.0,BO_O2,O2 규칙 적용: 6.6% (6.0~7.0%),50.2200012,6.5546875,1077.22498,980.25,26.7875004,1.0,0.0,39.92,0.0,26.84,42.8624992,
2025-09-19 04:56:01+00:00,2025-09-19 04:56:01,,,,,,,,,,50.1899986,6.5546875,1077.44995,980.400024,26.7875004,1.0,,39.92,0.0,26.84,43.96875,
2025-09-19 04:56:02+00:00,2025-09-19 04:56:02,,,,,,,,,,50.1824989,6.5140624,1077.75,980.549988,26.7875004,1.0,,39.92,0.0,26.84,45.2718735,
2025-09-19 04:56:03+00:00,2025-09-19 04:56:03,,,,,,,,,,50.1899986,6.5140624,1077.97498,980.700012,26.7875004,1.0,,39.92,0.0,26.84,46.265625,
2025-09-19 04:56:04+00:00,2025-09-19 04:56:04,,,,,,,,,,50.1824989,6.47968769,1078.27502,980.924988,26.2000008,1.0,,39.92,0.0,26.84,47.015625,
2025-09-19 04:56:05+00:00,2025-09-19 04:56:05,49.0,51.0,49.0,49.0,49.0,30.24510827575509,204.0,BO_O2,O2 규칙 적용: 6.5% (6.0~7.0%),50.2012482,6.45625019,1078.5,981.0,26.2000008,1.0,,39.92,0.0,26.84,47.2406235,
2025-09-19 04:56:06+00:00,2025-09-19 04:56:06,,,,,,,,,,50.1937485,6.45625019,1078.875,981.224976,26.2000008,1.0,,39.92,0.0,26.84,47.5875015,
2025-09-19 04:56:07+00:00,2025-09-19 04:56:07,,,,,,,,,,50.2012482,6.44843769,1079.02502,981.299988,26.2000008,1.0,,39.92,0.0,26.84,47.8125,
2025-09-19 04:56:08+00:00,2025-09-19 04:56:08,,,,,,,,,,50.2012482,6.44062519,1079.32495,981.525024,26.1749992,1.0,,39.92,0.0,26.84,47.8218765,
2025-09-19 04:56:09+00:00,2025-09-19 04:56:09,,,,,,,,,,50.1899986,6.44062519,1079.55005,981.674988,26.1124992,1.0,,39.92,0.0,26.84,47.8218765,
2025-09-19 04:56:10+00:00,2025-09-19 04:56:10,49.0,50.0,49.0,49.0,49.0,29.388823765091264,204.0,BO_O2,O2 규칙 적용: 6.4% (6.0~7.0%),50.2050018,6.42500019,1079.84998,981.900024,26.1124992,1.0,,39.92,0.0,26.13,47.8125,
2025-09-19 04:56:11+00:00,2025-09-19 04:56:11,,,,,,,,,,50.1824989,6.42500019,1080.07495,981.974976,26.125,1.0,,39.92,0.0,26.13,47.8218765,
2025-09-19 04:56:12+00:00,2025-09-19 04:56:12,,,,,,,,,,50.2050018,6.43437481,1080.30005,982.200012,26.1124992,1.0,,39.92,0.0,26.13,47.8218765,
2025-09-19 04:56:13+00:00,2025-09-19 04:56:13,,,,,,,,,,50.1974983,6.4593749,1080.52502,982.349976,26.6499996,1.0,,39.92,0.0,26.13,47.8218765,
2025-09-19 04:56:14+00:00,2025-09-19 04:56:14,,,,,,,,,,50.2200012,6.4593749,1080.75,982.5,26.7000008,1.0,,39.92,0.0,26.13,47.8125,
2025-09-19 04:56:15+00:00,2025-09-19 04:56:15,49.0,50.0,49.0,49.0,49.0,30.142659597744448,204.0,BO_O2,O2 규칙 적용: 6.4% (6.0~7.0%),50.1937485,6.5078125,1080.97498,982.650024,26.7000008,1.0,0.0,39.92,0.0,26.13,47.8218765,
2025-09-19 04:56:16+00:00,2025-09-19 04:56:16,,,,,,,,,,50.1862488,6.55156231,1081.27502,982.875,26.7000008,1.0,,39.92,0.0,26.13,47.8218765,
2025-09-19 04:56:17+00:00,2025-09-19 04:56:17,,,,,,,,,,50.2012482,6.55156231,1081.42505,983.025024,26.7000008,1.0,,39.92,0.0,26.13,47.8218765,
2025-09-19 04:56:18+00:00,2025-09-19 04:56:18,,,,,,,,,,50.1899986,6.5625,1081.72498,983.174988,26.8125,1.0,,39.92,0.0,26.13,47.8125,
2025-09-19 04:56:19+00:00,2025-09-19 04:56:19,,,,,,,,,,50.1899986,6.5625,1081.875,983.400024,26.9500008,1.0,,39.92,0.0,26.13,47.8218765,
2025-09-19 04:56:20+00:00,2025-09-19 04:56:20,49.0,50.0,49.0,49.0,49.0,32.481872108131704,204.0,BO_O2,O2 규칙 적용: 6.6% (6.0~7.0%),50.1899986,6.56718731,1082.17505,983.549988,26.9624996,1.0,,39.92,0.0,26.97,47.8218765,
2025-09-19 04:56:21+00:00,2025-09-19 04:56:21,,,,,,,,,,50.1899986,6.5609374,1082.32495,983.700012,26.9624996,1.0,,39.92,0.0,26.97,47.8218765,
2025-09-19 04:56:22+00:00,2025-09-19 04:56:22,,,,,,,,,,50.1862488,6.5609374,1082.55005,983.924988,26.9624996,1.0,,39.92,0.0,26.97,47.8125,
2025-09-19 04:56:23+00:00,2025-09-19 04:56:23,,,,,,,,,,50.2200012,6.5390625,1082.77502,984.075012,26.9624996,1.0,,39.92,0.0,26.97,47.8218765,
2025-09-19 04:56:24+00:00,2025-09-19 04:56:24,,,,,,,,,,50.1824989,6.515625,1083.0,984.299988,26.9624996,1.0,,39.92,0.0,26.97,47.8218765,
2025-09-19 04:56:25+00:00,2025-09-19 04:56:25,49.0,50.0,49.0,49.0,49.0,32.500735384919594,204.0,BO_O2,O2 규칙 적용: 6.5% (6.0~7.0%),50.1974983,6.515625,1083.15002,984.375,26.9624996,1.0,,39.92,0.0,26.97,47.8218765,
2025-09-19 04:56:26+00:00,2025-09-19 04:56:26,,,,,,,,,,50.1899986,6.4906249,1083.44995,984.599976,26.9500008,1.0,,39.92,0.0,26.97,47.8218765,
2025-09-19 04:56:27+00:00,2025-09-19 04:56:27,,,,,,,,,,50.1749992,6.4906249,1083.52502,984.75,26.9500008,1.0,,39.92,0.0,26.97,47.8218765,
2025-09-19 04:56:28+00:00,2025-09-19 04:56:28,,,,,,,,,,50.1899986,6.46406269,1083.82495,984.974976,27.0625,1.0,,39.92,0.0,26.97,47.8218765,
2025-09-19 04:56:29+00:00,2025-09-19 04:56:29,,,,,,,,,,50.2012482,6.44999981,1083.97498,985.200012,27.2124996,1.0,,39.92,0.0,26.97,47.8218765,
2025-09-19 04:56:30+00:00,2025-09-19 04:56:30,49.0,50.0,49.0,49.0,49.0,32.286931494962765,204.0,BO_O2,O2 규칙 적용: 6.5% (6.0~7.0%),50.1937485,6.44999981,1084.19995,985.349976,27.2124996,1.0,0.0,39.92,0.0,27.21,47.8125,
2025-09-19 04:56:31+00:00,2025-09-19 04:56:31,,,,,,,,,,50.1937485,6.4515624,1084.27502,985.5,27.2124996,1.0,,39.92,0.0,27.21,47.8218765,
2025-09-19 04:56:32+00:00,2025-09-19 04:56:32,,,,,,,,,,50.1862488,6.4546876,1084.57495,985.724976,27.2124996,1.0,,39.92,0.0,27.21,48.0093765,
2025-09-19 04:56:33+00:00,2025-09-19 04:56:33,,,,,,,,,,50.1787491,6.4546876,1084.65002,985.875,27.8250008,1.0,,39.92,0.0,27.21,47.8312492,
2025-09-19 04:56:34+00:00,2025-09-19 04:56:34,,,,,,,,,,50.1937485,6.46406269,1084.875,986.099976,27.8875008,1.0,,39.92,0.0,27.21,47.859375,
2025-09-19 04:56:35+00:00,2025-09-19 04:56:35,49.0,50.0,49.0,49.0,49.0,30.79776711529228,204.0,BO_O2,O2 규칙 적용: 6.5% (6.0~7.0%),50.1937485,6.46406269,1085.02502,986.174988,27.8875008,1.0,,39.92,0.0,27.21,48.0093765,
2025-09-19 04:56:36+00:00,2025-09-19 04:56:36,,,,,,,,,,50.1862488,6.4984374,1085.25,986.400024,27.8875008,1.0,,39.92,0.0,27.21,47.8218765,
2025-09-19 04:56:37+00:00,2025-09-19 04:56:37,,,,,,,,,,50.1862488,6.5374999,1085.40002,986.549988,27.8875008,1.0,,39.92,0.0,27.21,47.8218765,
2025-09-19 04:56:38+00:00,2025-09-19 04:56:38,,,,,,,,,,50.1974983,6.5374999,1085.625,986.775024,28.2000008,1.0,,39.92,0.0,27.21,48.0,
2025-09-19 04:56:39+00:00,2025-09-19 04:56:39,,,,,,,,,,50.1899986,6.58281231,1085.69995,986.924988,28.6375008,1.0,,39.92,0.0,27.21,47.8218765,
2025-09-19 04:56:40+00:00,2025-09-19 04:56:40,49.0,50.0,49.0,49.0,49.0,33.22555791487458,204.0,BO_O2,O2 규칙 적용: 6.5% (6.0~7.0%),50.2012482,6.6328125,1085.92505,987.150024,28.6375008,1.0,,39.92,0.0,28.65,47.8687515,
2025-09-19 04:56:41+00:00,2025-09-19 04:56:41,,,,,,,,,,50.1974983,6.6328125,1086.0,987.299988,28.6499996,1.0,,39.92,0.0,28.65,48.0093765,
2025-09-19 04:56:42+00:00,2025-09-19 04:56:42,,,,,,,,,,50.2050018,6.6953125,1086.22498,987.525024,28.6375008,1.0,,39.92,0.0,28.65,47.8218765,
2025-09-19 04:56:43+00:00,2025-09-19 04:56:43,,,,,,,,,,50.1824989,6.6953125,1086.375,987.599976,29.1749992,1.0,,39.92,0.0,28.65,47.8125,
2025-09-19 04:56:44+00:00,2025-09-19 04:56:44,,,,,,,,,,50.2275009,6.75468731,1086.52502,987.825012,29.2250004,1.0,,39.92,0.0,28.65,47.8218765,
2025-09-19 04:56:45+00:00,2025-09-19 04:56:45,49.0,49.0,49.0,49.0,49.0,34.149479215950485,100.0,BO_ONLY,BO 모델 결과만 사용,50.2312508,6.8187499,1086.67505,987.974976,29.2250004,1.0,0.0,39.92,0.0,28.65,47.8218765,
2025-09-19 04:56:46+00:00,2025-09-19 04:56:46,,,,,,,,,,50.1937485,6.8187499,1086.90002,988.200012,29.2250004,1.0,,39.92,0.0,28.65,47.8218765,
2025-09-19 04:56:47+00:00,2025-09-19 04:56:47,,,,,,,,,,50.1899986,6.88593769,1086.97498,988.349976,29.2250004,1.0,,39.92,0.0,28.65,47.8218765,
2025-09-19 04:56:48+00:00,2025-09-19 04:56:48,,,,,,,,,,50.2312508,6.94999981,1087.19995,988.575012,29.5874996,1.0,,39.92,0.0,28.65,47.8218765,
2025-09-19 04:56:49+00:00,2025-09-19 04:56:49,,,,,,,,,,50.2050018,6.94999981,1087.27502,988.724976,30.0625,1.0,,39.92,0.0,28.65,47.8218765,
2025-09-19 04:56:50+00:00,2025-09-19 04:56:50,49.0,49.0,49.0,49.0,49.0,33.67632383589098,100.0,BO_ONLY,BO 모델 결과만 사용,50.1862488,7.01249981,1087.5,988.875,30.0750008,1.0,,39.92,0.0,30.09,47.8218765,
2025-09-19 04:56:51+00:00,2025-09-19 04:56:51,,,,,,,,,,50.2050018,7.01249981,1087.57495,989.025024,30.0750008,1.0,,39.92,0.0,30.09,47.8218765,
2025-09-19 04:56:52+00:00,2025-09-19 04:56:52,,,,,,,,,,50.2200012,7.0640626,1087.80005,989.25,30.0750008,1.0,,39.92,0.0,30.09,47.8218765,
2025-09-19 04:56:53+00:00,2025-09-19 04:56:53,,,,,,,,,,50.1937485,7.11406231,1087.875,989.400024,29.75,1.0,,39.92,0.0,30.09,47.8218765,
2025-09-19 04:56:54+00:00,2025-09-19 04:56:54,,,,,,,,,,50.1937485,7.11406231,1088.02502,989.625,29.7250004,1.0,,39.92,0.0,30.09,47.8218765,
2025-09-19 04:56:55+00:00,2025-09-19 04:56:55,45.2062505,44.0,44.0,44.0,44.0,35.017712014157475,100.0,BO_ONLY,BO 모델 결과만 사용,50.1862488,7.15625,1088.17505,989.775024,29.7374992,1.0,,39.92,0.0,30.09,47.8125,
2025-09-19 04:56:56+00:00,2025-09-19 04:56:56,,,,,,,,,,50.1937485,7.20781231,1088.40002,989.924988,29.7250004,1.0,,39.92,0.0,30.09,47.8218765,
2025-09-19 04:56:57+00:00,2025-09-19 04:56:57,,,,,,,,,,50.2125015,7.20781231,1088.47498,990.075012,29.7250004,1.0,,39.92,0.0,30.09,47.8218765,
2025-09-19 04:56:58+00:00,2025-09-19 04:56:58,,,,,,,,,,48.2924995,7.265625,1088.625,990.299988,29.9874992,1.0,,39.92,0.0,30.09,47.8218765,
2025-09-19 04:56:59+00:00,2025-09-19 04:56:59,,,,,,,,,,46.0574989,7.265625,1088.77502,990.525024,30.3250008,1.0,,39.92,0.0,30.09,47.8125,
2025-09-19 04:57:00+00:00,2025-09-19 04:57:00,44.0,44.0,44.0,44.0,44.0,35.15976940682548,100.0,BO_ONLY,BO 모델 결과만 사용,46.0574989,7.3125,1088.92505,990.599976,30.3250008,1.0,0.0,39.92,0.0,30.39,47.3718758,
2025-09-19 04:57:01+00:00,2025-09-19 04:57:01,,,,,,,,,,46.0462494,7.3578124,1089.0,990.75,30.3250008,1.0,,39.92,0.0,30.39,46.3687515,
2025-09-19 04:57:02+00:00,2025-09-19 04:57:02,,,,,,,,,,46.0424995,7.3578124,1089.22498,990.974976,30.3250008,1.0,,39.92,0.0,30.39,44.8968735,
2025-09-19 04:57:03+00:00,2025-09-19 04:57:03,,,,,,,,,,45.0637512,7.4046874,1089.375,991.200012,31.4125004,1.0,,39.92,0.0,30.39,43.2000008,
2025-09-19 04:57:04+00:00,2025-09-19 04:57:04,,,,,,,,,,44.9662514,7.44999981,1089.52502,991.275024,31.5,1.0,,39.92,0.0,30.39,42.1124992,
2025-09-19 04:57:05+00:00,2025-09-19 04:57:05,43.0,43.0,43.0,43.0,43.0,34.68744928785462,99.0,FALLBACK,Fallback Hz 사용: 43.0Hz (알 수 없는 이유),44.9625015,7.44999981,1089.59998,991.424988,31.5,1.0,,39.92,0.0,30.39,41.6343765,
2025-09-19 04:57:06+00:00,2025-09-19 04:57:06,,,,,,,,,,44.9587517,7.49687481,1089.75,991.650024,31.5,1.0,,39.92,0.0,30.39,40.9593735,
2025-09-19 04:57:07+00:00,2025-09-19 04:57:07,,,,,,,,,,44.9550018,7.49687481,1089.90002,991.799988,31.5,1.0,,39.92,0.0,30.39,40.3781242,
2025-09-19 04:57:08+00:00,2025-09-19 04:57:08,,,,,,,,,,44.0550003,7.5374999,1089.97498,992.025024,31.6749992,1.0,,39.92,0.0,30.39,39.65625,
2025-09-19 04:57:09+00:00,2025-09-19 04:57:09,,,,,,,,,,43.9012489,7.58125019,1090.125,992.174988,31.9249992,1.0,,39.92,0.0,30.39,39.4593735,
2025-09-19 04:57:10+00:00,2025-09-19 04:57:10,43.0,43.0,43.0,43.0,43.0,35.95906272683655,99.0,FALLBACK,Fallback Hz 사용: 43.0Hz (알 수 없는 이유),43.9087486,7.58125019,1090.27502,992.325012,31.9249992,1.0,,39.92,0.0,31.93,39.1031265,
2025-09-19 04:57:11+00:00,2025-09-19 04:57:11,,,,,,,,,,43.9162483,7.6343751,1090.42505,992.474976,31.9249992,1.0,,39.92,0.0,31.93,38.71875,
2025-09-19 04:57:12+00:00,2025-09-19 04:57:12,,,,,,,,,,43.9049988,7.6796875,1090.57495,992.700012,31.9249992,1.0,,39.92,0.0,31.93,38.1375008,
2025-09-19 04:57:13+00:00,2025-09-19 04:57:13,,,,,,,,,,43.8974991,7.6796875,1090.65002,992.849976,33.5750008,1.0,,39.92,0.0,31.93,37.828125,
2025-09-19 04:57:14+00:00,2025-09-19 04:57:14,,,,,,,,,,43.8974991,7.71406269,1090.80005,993.0,33.7750015,1.0,,39.92,0.0,31.93,37.4156265,
2025-09-19 04:57:15+00:00,2025-09-19 04:57:15,43.0,43.0,43.0,43.0,43.0,37.20702125620318,99.0,FALLBACK,Fallback Hz 사용: 43.0Hz (알 수 없는 이유),43.9087486,7.71406269,1090.875,993.150024,33.7750015,1.0,0.0,39.92,0.0,31.93,37.359375,
2025-09-19 04:57:16+00:00,2025-09-19 04:57:16,,,,,,,,,,43.9049988,7.7484374,1091.02502,993.375,33.7874985,1.0,,39.92,0.0,31.93,37.359375,
2025-09-19 04:57:17+00:00,2025-09-19 04:57:17,,,,,,,,,,43.8974991,7.7984376,1091.09998,993.450012,33.7750015,1.0,,39.92,0.0,31.93,37.359375,
2025-09-19 04:57:18+00:00,2025-09-19 04:57:18,,,,,,,,,,43.8937492,7.7984376,1091.32495,993.674988,33.8499985,1.0,,39.92,0.0,31.93,37.359375,
2025-09-19 04:57:19+00:00,2025-09-19 04:57:19,,,,,,,,,,43.9087486,7.8578124,1091.47498,993.825012,33.9375,1.0,,39.92,0.0,31.93,37.359375,
2025-09-19 04:57:20+00:00,2025-09-19 04:57:20,46.0,47.0,46.0,46.0,46.0,37.47011222951083,205.0,BO_O2,O2 규칙 적용: 7.8% (7.0~8.0%),43.9087486,7.90937519,1091.625,994.049988,33.9500008,1.0,,39.92,0.0,33.98,37.359375,
2025-09-19 04:57:21+00:00,2025-09-19 04:57:21,,,,,,,,,,43.9162483,7.90937519,1091.69995,994.125,33.9500008,1.0,,39.92,0.0,33.98,37.359375,
2025-09-19 04:57:22+00:00,2025-09-19 04:57:22,,,,,,,,,,43.8974991,7.96406269,1091.84998,994.349976,33.9500008,1.0,,39.92,0.0,33.98,37.359375,
2025-09-19 04:57:23+00:00,2025-09-19 04:57:23,,,,,,,,,,45.2775002,7.96406269,1091.92505,994.424988,33.125,1.0,,39.92,0.0,33.98,37.359375,
2025-09-19 04:57:24+00:00,2025-09-19 04:57:24,,,,,,,,,,46.9650002,8.00468731,1092.15002,994.650024,33.0250015,1.0,,39.92,0.0,33.98,37.359375,
2025-09-19 04:57:25+00:00,2025-09-19 04:57:25,46.0,46.0,46.0,46.0,46.0,38.00089942244228,100.0,BO_ONLY,BO 모델 결과만 사용,47.0062485,8.03750038,1092.22498,994.724976,33.0250015,1.0,,39.92,0.0,33.98,37.359375,
2025-09-19 04:57:26+00:00,2025-09-19 04:57:26,,,,,,,,,,47.0099983,8.03750038,1092.375,994.950012,33.0125008,1.0,,39.92,0.0,33.98,38.1187515,
2025-09-19 04:57:27+00:00,2025-09-19 04:57:27,,,,,,,,,,47.0062485,8.0625,1092.52502,995.099976,33.0250015,1.0,,39.92,0.0,33.98,39.09375,
2025-09-19 04:57:28+00:00,2025-09-19 04:57:28,,,,,,,,,,47.0099983,8.07499981,1092.67505,995.25,33.5750008,1.0,,39.92,0.0,33.98,40.3125,
2025-09-19 04:57:29+00:00,2025-09-19 04:57:29,,,,,,,,,,47.0175018,8.07499981,1092.82495,995.400024,34.2874985,1.0,,39.92,0.0,33.98,41.0999985,
2025-09-19 04:57:30+00:00,2025-09-19 04:57:30,44.0,46.0,44.0,44.0,44.0,39.129336382145645,206.0,BO_O2,O2 규칙 적용: 8.1% (8.0~9.0%),47.0137482,8.08749962,1092.97498,995.625,34.2874985,1.0,0.0,39.92,0.0,34.31,41.8031235,
2025-09-19 04:57:31+00:00,2025-09-19 04:57:31,,,,,,,,,,47.0137482,8.08749962,1093.05005,995.700012,34.2874985,1.0,,39.92,0.0,34.31,42.0187492,
2025-09-19 04:57:32+00:00,2025-09-19 04:57:32,,,,,,,,,,47.0024986,8.12031269,1093.19995,995.924988,34.2874985,1.0,,39.92,0.0,34.31,42.4031258,
2025-09-19 04:57:33+00:00,2025-09-19 04:57:33,,,,,,,,,,45.0862503,8.15781212,1093.34998,996.075012,35.1875,1.0,,39.92,0.0,34.31,42.6187515,
2025-09-19 04:57:34+00:00,2025-09-19 04:57:34,,,,,,,,,,44.9625015,8.15781212,1093.5,996.224976,35.2999992,1.0,,39.92,0.0,34.31,42.609375,
2025-09-19 04:57:35+00:00,2025-09-19 04:57:35,44.0,46.0,44.0,44.0,44.0,39.232777870083844,206.0,BO_O2,O2 규칙 적용: 8.1% (8.0~9.0%),44.9512482,8.17500019,1093.57495,996.375,35.2999992,1.0,,39.92,0.0,34.31,42.2437515,
2025-09-19 04:57:36+00:00,2025-09-19 04:57:36,,,,,,,,,,44.9512482,8.17656231,1093.80005,996.525024,35.2999992,1.0,,39.92,0.0,34.31,41.6531258,
2025-09-19 04:57:37+00:00,2025-09-19 04:57:37,,,,,,,,,,44.9587517,8.17656231,1093.875,996.674988,35.2999992,1.0,,39.92,0.0,34.31,40.9781265,
2025-09-19 04:57:38+00:00,2025-09-19 04:57:38,,,,,,,,,,44.9587517,8.17343712,1094.02502,996.825012,35.5250015,1.0,,39.92,0.0,34.31,40.2843742,
2025-09-19 04:57:39+00:00,2025-09-19 04:57:39,,,,,,,,,,44.9474983,8.17343712,1094.09998,996.900024,35.7999992,1.0,,39.92,0.0,34.31,39.6187515,
2025-09-19 04:57:40+00:00,2025-09-19 04:57:40,44.0,46.0,44.0,44.0,44.0,39.90279846337428,206.0,BO_O2,O2 규칙 적용: 8.2% (8.0~9.0%),44.9512482,8.18281269,1094.32495,997.125,35.7999992,1.0,,39.92,0.0,35.85,39.4968758,
2025-09-19 04:57:41+00:00,2025-09-19 04:57:41,,,,,,,,,,44.9512482,8.19843769,1094.40002,997.275024,35.8125,1.0,,39.92,0.0,35.85,39.2437515,
2025-09-19 04:57:42+00:00,2025-09-19 04:57:42,,,,,,,,,,44.9587517,8.19843769,1094.55005,997.424988,35.8125,1.0,,39.92,0.0,35.85,39.046875,
2025-09-19 04:57:43+00:00,2025-09-19 04:57:43,,,,,,,,,,44.9550018,8.22187519,1094.69995,997.5,36.5125008,1.0,,39.92,0.0,35.85,38.9249992,
2025-09-19 04:57:44+00:00,2025-09-19 04:57:44,,,,,,,,,,44.9587517,8.24062538,1094.77502,997.724976,36.5875015,1.0,,39.92,0.0,35.85,38.8687515,
2025-09-19 04:57:45+00:00,2025-09-19 04:57:45,44.0,46.0,44.0,44.0,44.0,41.93195710388008,206.0,BO_O2,O2 규칙 적용: 8.2% (8.0~9.0%),44.9474983,8.24062538,1094.92505,997.799988,36.5875015,1.0,0.0,39.92,0.0,35.85,38.8687515,
2025-09-19 04:57:46+00:00,2025-09-19 04:57:46,,,,,,,,,,44.9512482,8.26718712,1095.07495,998.025024,36.5875015,1.0,,39.92,0.0,35.85,38.8687515,
2025-09-19 04:57:47+00:00,2025-09-19 04:57:47,,,,,,,,,,44.9474983,8.26718712,1095.22498,998.099976,36.5875015,1.0,,39.92,0.0,35.85,38.8687515,
2025-09-19 04:57:48+00:00,2025-09-19 04:57:48,,,,,,,,,,44.9512482,8.2890625,1095.375,998.325012,36.7374992,1.0,,39.92,0.0,35.85,38.8687515,
2025-09-19 04:57:49+00:00,2025-09-19 04:57:49,,,,,,,,,,44.9550018,8.3125,1095.44995,998.400024,36.9249992,1.0,,39.92,0.0,35.85,38.8687515,
2025-09-19 04:57:50+00:00,2025-09-19 04:57:50,44.0,46.0,44.0,44.0,44.0,40.85956896658032,206.0,BO_O2,O2 규칙 적용: 8.3% (8.0~9.0%),44.9512482,8.3125,1095.59998,998.549988,36.9249992,1.0,,39.92,0.0,36.91,38.8687515,
2025-09-19 04:57:51+00:00,2025-09-19 04:57:51,,,,,,,,,,44.9474983,8.34218788,1095.67505,998.700012,36.9249992,1.0,,39.92,0.0,36.91,38.8687515,
2025-09-19 04:57:52+00:00,2025-09-19 04:57:52,,,,,,,,,,44.9512482,8.375,1095.90002,998.849976,36.9249992,1.0,,39.92,0.0,36.91,38.859375,
2025-09-19 04:57:53+00:00,2025-09-19 04:57:53,,,,,,,,,,44.9474983,8.375,1095.97498,998.924988,36.6124992,1.0,,39.92,0.0,36.91,38.8687515,
2025-09-19 04:57:54+00:00,2025-09-19 04:57:54,,,,,,,,,,44.9474983,8.41718769,1096.05005,999.150024,36.5875015,1.0,,39.92,0.0,36.91,38.8687515,
2025-09-19 04:57:55+00:00,2025-09-19 04:57:55,44.0,46.0,44.0,44.0,44.0,41.06535444401602,206.0,BO_O2,O2 규칙 적용: 8.4% (8.0~9.0%),44.9550018,8.41718769,1096.125,999.224976,36.5875015,1.0,,39.92,0.0,36.91,38.8687515,
2025-09-19 04:57:56+00:00,2025-09-19 04:57:56,,,,,,,,,,44.9625015,8.46406269,1096.27502,999.375,36.5875015,1.0,,39.92,0.0,36.91,38.8687515,
2025-09-19 04:57:57+00:00,2025-09-19 04:57:57,,,,,,,,,,44.9512482,8.5078125,1096.42505,999.525024,36.5875015,1.0,,39.92,0.0,36.91,38.8687515,
2025-09-19 04:57:58+00:00,2025-09-19 04:57:58,,,,,,,,,,44.9474983,8.5078125,1096.5,999.674988,36.7000008,1.0,,39.92,0.0,36.91,38.8687515,
2025-09-19 04:57:59+00:00,2025-09-19 04:57:59,,,,,,,,,,44.9474983,8.5390625,1096.57495,999.75,36.8375015,1.0,,39.92,0.0,36.91,38.8687515,
2025-09-19 04:58:00+00:00,2025-09-19 04:58:00,44.0,46.0,44.0,44.0,44.0,40.63961204046478,206.0,BO_O2,O2 규칙 적용: 8.5% (8.0~9.0%),44.9587517,8.56875038,1096.72498,999.900024,36.8375015,1.0,0.0,39.92,0.0,36.81,38.8687515,
2025-09-19 04:58:01+00:00,2025-09-19 04:58:01,,,,,,,,,,44.9512482,8.56875038,1096.80005,1000.04999,36.8499985,1.0,,39.92,0.0,36.81,38.8687515,
2025-09-19 04:58:02+00:00,2025-09-19 04:58:02,,,,,,,,,,44.9550018,8.61250019,1096.875,1000.20001,36.8375015,1.0,,39.92,0.0,36.81,38.8687515,
2025-09-19 04:58:03+00:00,2025-09-19 04:58:03,,,,,,,,,,44.9512482,8.61250019,1096.94995,1000.34998,37.0,1.0,,39.92,0.0,36.81,38.8687515,
2025-09-19 04:58:04+00:00,2025-09-19 04:58:04,,,,,,,,,,44.9474983,8.64999962,1097.09998,1000.42499,37.0125008,1.0,,39.92,0.0,36.81,38.859375,
2025-09-19 04:58:05+00:00,2025-09-19 04:58:05,49.951249125000004,46.0,44.0,54.0,54.0,40.273759134157245,307.0,BO_O2_RULE,제어매트릭스 규칙 적용: TEMP_OUT_HIGH,44.9550018,8.68593788,1097.17505,1000.57501,37.0125008,1.0,,39.92,0.0,36.81,38.8687515,
2025-09-19 04:58:06+00:00,2025-09-19 04:58:06,,,,,,,,,,44.9512482,8.68593788,1097.32495,1000.72498,37.0125008,1.0,,39.92,0.0,36.81,38.8687515,
2025-09-19 04:58:07+00:00,2025-09-19 04:58:07,,,,,,,,,,44.9550018,8.72187519,1097.32495,1000.79999,37.0125008,1.0,,39.92,0.0,36.81,38.8687515,
2025-09-19 04:58:08+00:00,2025-09-19 04:58:08,,,,,,,,,,45.7574997,8.75312519,1097.47498,1000.95001,37.1875,1.0,,39.92,0.0,36.81,38.8687515,
2025-09-19 04:58:09+00:00,2025-09-19 04:58:09,,,,,,,,,,51.1575012,8.75312519,1097.55005,1001.02502,37.4249992,1.0,,39.92,0.0,36.81,38.8687515,
2025-09-19 04:58:10+00:00,2025-09-19 04:58:10,51.705312725,45.0,44.0,54.0,54.0,40.0569334854648,307.0,BO_O2_RULE,제어매트릭스 규칙 적용: TEMP_OUT_HIGH,51.2475014,8.76718712,1097.625,1001.17499,37.4249992,1.0,,39.92,0.0,37.42,39.09375,
2025-09-19 04:58:11+00:00,2025-09-19 04:58:11,,,,,,,,,,51.2437515,8.76718712,1097.69995,1001.32501,37.4249992,1.0,,39.92,0.0,37.42,40.6218758,
2025-09-19 04:58:12+00:00,2025-09-19 04:58:12,,,,,,,,,,51.2437515,8.78437519,1097.77502,1001.47498,37.4249992,1.0,,39.92,0.0,37.42,42.8531265,
2025-09-19 04:58:13+00:00,2025-09-19 04:58:13,,,,,,,,,,53.2837486,8.80312538,1097.84998,1001.54999,37.5125008,1.0,,39.92,0.0,37.42,45.1875,
2025-09-19 04:58:14+00:00,2025-09-19 04:58:14,,,,,,,,,,53.3587494,8.80312538,1097.92505,1001.70001,37.5125008,1.0,,39.92,0.0,37.42,46.9500008,
2025-09-19 04:58:15+00:00,2025-09-19 04:58:15,54.0,44.0,44.0,54.0,54.0,40.01287672714449,307.0,BO_O2_RULE,제어매트릭스 규칙 적용: TEMP_OUT_HIGH,53.3549995,8.82187462,1098.0,1001.77502,37.5125008,1.0,0.0,39.92,0.0,37.42,48.4312515,
2025-09-19 04:58:16+00:00,2025-09-19 04:58:16,,,,,,,,,,53.3587494,8.84062481,1098.07495,1001.84998,37.5125008,1.0,,39.92,0.0,37.42,49.8562508,
2025-09-19 04:58:17+00:00,2025-09-19 04:58:17,,,,,,,,,,53.3624992,8.84062481,1098.07495,1002.0,37.5125008,1.0,,39.92,0.0,37.42,50.90625,
2025-09-19 04:58:18+00:00,2025-09-19 04:58:18,,,,,,,,,,54.5099983,8.86562538,1098.15002,1002.15002,38.0875015,1.0,,39.92,0.0,37.42,51.7687492,
2025-09-19 04:58:19+00:00,2025-09-19 04:58:19,,,,,,,,,,55.4025002,8.86562538,1098.22498,1002.22498,38.7874985,1.0,,39.92,0.0,37.42,52.2937508,
2025-09-19 04:58:20+00:00,2025-09-19 04:58:20,54.0,44.0,44.0,54.0,54.0,40.248147842753845,307.0,BO_O2_RULE,제어매트릭스 규칙 적용: TEMP_OUT_HIGH,55.4399986,8.90156269,1098.30005,1002.29999,38.7874985,1.0,,39.92,0.0,38.75,52.9031258,
2025-09-19 04:58:21+00:00,2025-09-19 04:58:21,,,,,,,,,,55.4212494,8.94375038,1098.30005,1002.45001,38.7874985,1.0,,39.92,0.0,38.75,53.71875,
2025-09-19 04:58:22+00:00,2025-09-19 04:58:22,,,,,,,,,,55.4512482,8.94375038,1098.375,1002.59998,38.7874985,1.0,,39.92,0.0,38.75,54.515625,
2025-09-19 04:58:23+00:00,2025-09-19 04:58:23,,,,,,,,,,55.4212494,8.99062538,1098.375,1002.67499,38.7874985,1.0,,39.92,0.0,38.75,55.2562485,
2025-09-19 04:58:24+00:00,2025-09-19 04:58:24,,,,,,,,,,55.4249992,9.04218769,1098.375,1002.75,38.7874985,1.0,,39.92,0.0,38.75,55.6124992,
2025-09-19 04:58:25+00:00,2025-09-19 04:58:25,54.0,44.0,44.0,54.0,54.0,40.021345149138675,307.0,BO_O2_RULE,제어매트릭스 규칙 적용: TEMP_OUT_HIGH,55.4437485,9.04218769,1098.44995,1002.82501,38.7874985,1.0,,39.92,0.0,38.75,56.0343742,
2025-09-19 04:58:26+00:00,2025-09-19 04:58:26,,,,,,,,,,55.4174995,9.07499981,1098.44995,1002.97498,38.7874985,1.0,,39.92,0.0,38.75,56.0437508,
2025-09-19 04:58:27+00:00,2025-09-19 04:58:27,,,,,,,,,,55.4249992,9.07499981,1098.52502,1003.04999,38.7874985,1.0,,39.92,0.0,38.75,56.1656265,
2025-09-19 04:58:28+00:00,2025-09-19 04:58:28,,,,,,,,,,55.4249992,9.11874962,1098.52502,1003.20001,39.1749992,1.0,,39.92,0.0,38.75,56.2218742,
2025-09-19 04:58:29+00:00,2025-09-19 04:58:29,,,,,,,,,,55.4287491,9.17812538,1098.52502,1003.27502,39.625,1.0,,39.92,0.0,38.75,56.390625,
2025-09-19 04:58:30+00:00,2025-09-19 04:58:30,54.0,43.0,42.0,54.0,54.0,40.982585525269485,307.0,BO_O2_RULE,제어매트릭스 규칙 적용: TEMP_OUT_HIGH,55.4174995,9.17812538,1098.52502,1003.34998,39.625,1.0,0.0,39.92,0.0,39.59,56.4187508,
2025-09-19 04:58:31+00:00,2025-09-19 04:58:31,,,,,,,,,,55.4212494,9.23593712,1098.52502,1003.42499,39.6375008,1.0,,39.92,0.0,39.59,56.4187508,
2025-09-19 04:58:32+00:00,2025-09-19 04:58:32,,,,,,,,,,55.4212494,9.2890625,1098.52502,1003.57501,39.625,1.0,,39.92,0.0,39.59,56.4187508,
2025-09-19 04:58:33+00:00,2025-09-19 04:58:33,,,,,,,,,,55.4287491,9.2890625,1098.52502,1003.65002,39.7125015,1.0,,39.92,0.0,39.59,56.4093742,
2025-09-19 04:58:34+00:00,2025-09-19 04:58:34,,,,,,,,,,55.4474983,9.3359375,1098.52502,1003.72498,39.7249985,1.0,,39.92,0.0,39.59,56.4187508,
2025-09-19 04:58:35+00:00,2025-09-19 04:58:35,54.0,43.0,42.0,54.0,54.0,40.84328686867701,307.0,BO_O2_RULE,제어매트릭스 규칙 적용: TEMP_OUT_HIGH,55.4212494,9.3359375,1098.52502,1003.79999,39.7125015,1.0,,39.92,0.0,39.59,56.4187508,
2025-09-19 04:58:36+00:00,2025-09-19 04:58:36,,,,,,,,,,55.4174995,9.38437462,1098.52502,1003.95001,39.7125015,1.0,,39.92,0.0,39.59,56.4093742,
2025-09-19 04:58:37+00:00,2025-09-19 04:58:37,,,,,,,,,,55.4362488,9.4453125,1098.52502,1004.02502,39.7125015,1.0,,39.92,0.0,39.59,56.25,
2025-09-19 04:58:38+00:00,2025-09-19 04:58:38,,,,,,,,,,55.4249992,9.4453125,1098.52502,1004.17499,39.5250015,1.0,,39.92,0.0,39.59,56.2312508,
2025-09-19 04:58:39+00:00,2025-09-19 04:58:39,,,,,,,,,,55.4287491,9.50937462,1098.52502,1004.17499,39.2874985,1.0,,39.92,0.0,39.59,56.2218742,
2025-09-19 04:58:40+00:00,2025-09-19 04:58:40,54.0,44.0,42.0,54.0,54.0,40.689315348266724,307.0,BO_O2_RULE,제어매트릭스 규칙 적용: TEMP_OUT_HIGH,55.4324989,9.57187462,1098.52502,1004.25,39.2999992,1.0,,39.92,0.0,39.26,56.2312508,
2025-09-19 04:58:41+00:00,2025-09-19 04:58:41,,,,,,,,,,55.4474983,9.57187462,1098.52502,1004.32501,39.2999992,1.0,,39.92,0.0,39.26,56.2687492,
2025-09-19 04:58:42+00:00,2025-09-19 04:58:42,,,,,,,,,,55.4324989,9.63593769,1098.52502,1004.40002,39.2999992,1.0,,39.92,0.0,39.26,56.2312508,
2025-09-19 04:58:43+00:00,2025-09-19 04:58:43,,,,,,,,,,55.4550018,9.63593769,1098.52502,1004.47498,39.7000008,1.0,,39.92,0.0,39.26,56.2312508,
2025-09-19 04:58:44+00:00,2025-09-19 04:58:44,,,,,,,,,,55.4437485,9.71406269,1098.44995,1004.54999,39.7249985,1.0,,39.92,0.0,39.26,56.2218742,
2025-09-19 04:58:45+00:00,2025-09-19 04:58:45,54.0,44.0,42.0,54.0,54.0,40.97786280968831,307.0,BO_O2_RULE,제어매트릭스 규칙 적용: TEMP_OUT_HIGH,55.4362488,9.79374981,1098.44995,1004.70001,39.7249985,1.0,0.0,39.92,0.0,39.26,56.3250008,
2025-09-19 04:58:46+00:00,2025-09-19 04:58:46,,,,,,,,,,55.4287491,9.79374981,1098.375,1004.77502,39.7125015,1.0,,39.92,0.0,39.26,56.4187508,
2025-09-19 04:58:47+00:00,2025-09-19 04:58:47,,,,,,,,,,55.4249992,9.87187481,1098.375,1004.84998,39.7125015,1.0,,39.92,0.0,39.26,56.2312508,
2025-09-19 04:58:48+00:00,2025-09-19 04:58:48,,,,,,,,,,55.4399986,9.93906212,1098.375,1004.92499,39.8375015,1.0,,39.92,0.0,39.26,56.2312508,
2025-09-19 04:58:49+00:00,2025-09-19 04:58:49,,,,,,,,,,55.4362488,9.93906212,1098.375,1004.92499,39.9625015,1.0,,39.92,0.0,39.26,56.2312508,
2025-09-19 04:58:50+00:00,2025-09-19 04:58:50,54.0,45.0,42.0,54.0,54.0,40.26174038605829,307.0,BO_O2_RULE,제어매트릭스 규칙 적용: TEMP_OUT_HIGH,55.4512482,9.984375,1098.375,1005.07501,39.9625015,1.0,,39.92,0.0,39.97,56.2312508,
2025-09-19 04:58:51+00:00,2025-09-19 04:58:51,,,,,,,,,,55.4625015,10.0265627,1098.30005,1005.07501,39.9749985,1.0,,39.92,0.0,39.97,56.2312508,
2025-09-19 04:58:52+00:00,2025-09-19 04:58:52,,,,,,,,,,55.4324989,10.0265627,1098.30005,1005.15002,39.9749985,1.0,,39.92,0.0,39.97,56.2312508,
2025-09-19 04:58:53+00:00,2025-09-19 04:58:53,,,,,,,,,,55.4174995,10.0749998,1098.30005,1005.22498,39.9625015,1.0,,39.92,0.0,39.97,56.2218742,
2025-09-19 04:58:54+00:00,2025-09-19 04:58:54,,,,,,,,,,55.4512482,10.0749998,1098.30005,1005.29999,39.9749985,1.0,,39.92,0.0,39.97,56.2312508,
2025-09-19 04:58:55+00:00,2025-09-19 04:58:55,54.0,38.0,38.0,38.0,54.0,39.98325440498077,401.0,BO_O2_RULE_NOX,"NOx 예측 규칙 적용: 40.0ppm (NOX_PRED_HIGH, TEMP_IN_OK, TEMP_OUT_OK)",55.4287491,10.1187496,1098.22498,1005.375,39.9749985,1.0,,39.92,0.0,39.97,56.2312508,
2025-09-19 04:58:56+00:00,2025-09-19 04:58:56,,,,,,,,,,55.4249992,10.15625,1098.15002,1005.45001,39.9749985,1.0,,39.92,0.0,39.97,56.2312508,
2025-09-19 04:58:57+00:00,2025-09-19 04:58:57,,,,,,,,,,55.4249992,10.15625,1098.07495,1005.52502,39.9749985,1.0,,39.92,0.0,39.97,56.2218742,
2025-09-19 04:58:58+00:00,2025-09-19 04:58:58,,,,,,,,,,55.4212494,10.1875,1098.07495,1005.52502,40.1624985,1.0,,39.92,0.0,39.97,56.2312508,
2025-09-19 04:58:59+00:00,2025-09-19 04:58:59,,,,,,,,,,55.4212494,10.2093754,1098.07495,1005.59998,40.3875008,1.0,,39.92,0.0,39.97,56.2312508,
2025-09-19 04:59:00+00:00,2025-09-19 04:59:00,54.0,38.0,38.0,54.0,54.0,40.069678740548994,303.0,BO_O2_RULE,제어매트릭스 규칙 적용: NOX_HIGH,55.4437485,10.2093754,1098.0,1005.67499,40.3875008,1.0,0.0,39.92,0.0,40.39,56.2312508,
2025-09-19 04:59:01+00:00,2025-09-19 04:59:01,,,,,,,,,,55.4362488,10.2296877,1098.0,1005.75,40.4000015,1.0,,39.92,0.0,40.39,56.2218742,
2025-09-19 04:59:02+00:00,2025-09-19 04:59:02,,,,,,,,,,55.4174995,10.2296877,1097.92505,1005.75,40.4000015,1.0,,39.92,0.0,40.39,56.2312508,
2025-09-19 04:59:03+00:00,2025-09-19 04:59:03,,,,,,,,,,55.4512482,10.25,1097.84998,1005.82501,40.9625015,1.0,,39.92,0.0,40.39,56.2312508,
2025-09-19 04:59:04+00:00,2025-09-19 04:59:04,,,,,,,,,,55.4437485,10.2609377,1097.84998,1005.90002,40.9874992,1.0,,39.92,0.0,40.39,56.2312508,
2025-09-19 04:59:05+00:00,2025-09-19 04:59:05,54.0,38.0,38.0,54.0,54.0,39.77979344480558,303.0,BO_O2_RULE,제어매트릭스 규칙 적용: NOX_HIGH,55.4212494,10.2609377,1097.77502,1005.90002,40.9874992,1.0,,39.92,0.0,40.39,56.2218742,
2025-09-19 04:59:06+00:00,2025-09-19 04:59:06,,,,,,,,,,55.4324989,10.2671871,1097.69995,1005.97498,40.9874992,1.0,,39.92,0.0,40.39,56.2312508,
2025-09-19 04:59:07+00:00,2025-09-19 04:59:07,,,,,,,,,,55.4212494,10.2718754,1097.625,1005.97498,40.9874992,1.0,,39.92,0.0,40.39,56.2312508,
2025-09-19 04:59:08+00:00,2025-09-19 04:59:08,,,,,,,,,,55.4212494,10.2718754,1097.55005,1006.04999,41.5,1.0,,39.92,0.0,40.39,56.2218742,
2025-09-19 04:59:09+00:00,2025-09-19 04:59:09,,,,,,,,,,55.4625015,10.2796879,1097.47498,1006.125,42.0875015,1.0,,39.92,0.0,40.39,56.2218742,
2025-09-19 04:59:10+00:00,2025-09-19 04:59:10,54.0,38.0,38.0,54.0,54.0,40.05618069842932,303.0,BO_O2_RULE,제어매트릭스 규칙 적용: NOX_HIGH,55.4174995,10.2796879,1097.47498,1006.125,42.0875015,1.0,,39.92,0.0,42.09,56.2218742,
2025-09-19 04:59:11+00:00,2025-09-19 04:59:11,,,,,,,,,,55.4512482,10.2921877,1097.32495,1006.20001,42.0875015,1.0,,39.92,0.0,42.09,56.2312508,
2025-09-19 04:59:12+00:00,2025-09-19 04:59:12,,,,,,,,,,55.4700012,10.3093748,1097.25,1006.27502,42.0875015,1.0,,39.92,0.0,42.09,56.2312508,
2025-09-19 04:59:13+00:00,2025-09-19 04:59:13,,,,,,,,,,55.4625015,10.3093748,1097.25,1006.27502,42.8125,1.0,,39.92,0.0,42.09,56.2218742,
2025-09-19 04:59:14+00:00,2025-09-19 04:59:14,,,,,,,,,,55.4287491,10.3265629,1097.09998,1006.34998,42.8499985,1.0,,39.92,0.0,42.09,56.2218742,
2025-09-19 04:59:15+00:00,2025-09-19 04:59:15,54.0,38.0,38.0,54.0,54.0,40.57672465264684,303.0,BO_O2_RULE,제어매트릭스 규칙 적용: NOX_HIGH,55.4362488,10.3328123,1097.02502,1006.34998,42.8499985,1.0,0.0,39.92,0.0,42.09,56.2312508,
2025-09-19 04:59:16+00:00,2025-09-19 04:59:16,,,,,,,,,,55.4399986,10.3328123,1096.875,1006.34998,42.8499985,1.0,,39.92,0.0,42.09,56.0437508,
2025-09-19 04:59:17+00:00,2025-09-19 04:59:17,,,,,,,,,,55.4474983,10.3484373,1096.875,1006.42499,42.8499985,1.0,,39.92,0.0,42.09,56.0437508,
2025-09-19 04:59:18+00:00,2025-09-19 04:59:18,,,,,,,,,,55.4287491,10.3484373,1096.72498,1006.42499,43.6124992,1.0,,39.92,0.0,42.09,56.0437508,
2025-09-19 04:59:19+00:00,2025-09-19 04:59:19,,,,,,,,,,55.4249992,10.3765621,1096.65002,1006.5,44.4749985,1.0,,39.92,0.0,42.09,56.2218742,
2025-09-19 04:59:20+00:00,2025-09-19 04:59:20,54.0,38.0,38.0,54.0,54.0,44.45582285752765,303.0,BO_O2_RULE,제어매트릭스 규칙 적용: NOX_HIGH,55.4174995,10.4250002,1096.5,1006.57501,44.4749985,1.0,,39.92,0.0,44.39,56.2312508,
2025-09-19 04:59:21+00:00,2025-09-19 04:59:21,,,,,,,,,,55.4700012,10.4250002,1096.42505,1006.57501,44.4749985,1.0,,39.92,0.0,44.39,56.2218742,
2025-09-19 04:59:22+00:00,2025-09-19 04:59:22,,,,,,,,,,55.4212494,10.4890623,1096.34998,1006.57501,44.4749985,1.0,,39.92,0.0,44.39,56.2218742,
2025-09-19 04:59:23+00:00,2025-09-19 04:59:23,,,,,,,,,,55.4174995,10.5593748,1096.19995,1006.65002,44.625,1.0,,39.92,0.0,44.39,56.2312508,
2025-09-19 04:59:24+00:00,2025-09-19 04:59:24,,,,,,,,,,55.4625015,10.5593748,1096.125,1006.65002,44.6375008,1.0,,39.92,0.0,44.39,56.2218742,
2025-09-19 04:59:25+00:00,2025-09-19 04:59:25,54.0,38.0,38.0,54.0,54.0,44.55297875245084,303.0,BO_O2_RULE,제어매트릭스 규칙 적용: NOX_HIGH,55.4775009,10.6359377,1095.97498,1006.65002,44.6375008,1.0,,39.92,0.0,44.39,56.2218742,
2025-09-19 04:59:26+00:00,2025-09-19 04:59:26,,,,,,,,,,55.4587517,10.6359377,1095.90002,1006.65002,44.6375008,1.0,,39.92,0.0,44.39,56.2312508,
2025-09-19 04:59:27+00:00,2025-09-19 04:59:27,,,,,,,,,,55.4174995,10.703125,1095.67505,1006.65002,44.6375008,1.0,,39.92,0.0,44.39,56.2312508,
2025-09-19 04:59:28+00:00,2025-09-19 04:59:28,,,,,,,,,,55.4474983,10.7765627,1095.59998,1006.65002,45.5625,1.0,,39.92,0.0,44.39,56.2218742,
2025-09-19 04:59:29+00:00,2025-09-19 04:59:29,,,,,,,,,,55.4287491,10.7765627,1095.44995,1006.72498,46.7625008,1.0,,39.92,0.0,44.39,56.2218742,
2025-09-19 04:59:30+00:00,2025-09-19 04:59:30,54.0,38.0,38.0,54.0,54.0,43.58532536113238,303.0,BO_O2_RULE,제어매트릭스 규칙 적용: NOX_HIGH,55.4399986,10.8453121,1095.44995,1006.72498,46.7625008,1.0,0.0,39.92,0.0,46.66,56.2218742,
2025-09-19 04:59:31+00:00,2025-09-19 04:59:31,,,,,,,,,,55.4287491,10.8968754,1095.22498,1006.79999,46.7625008,1.0,,39.92,0.0,46.66,56.2218742,
2025-09-19 04:59:32+00:00,2025-09-19 04:59:32,,,,,,,,,,55.4737511,10.8968754,1095.15002,1006.79999,46.7625008,1.0,,39.92,0.0,46.66,56.2218742,
2025-09-19 04:59:33+00:00,2025-09-19 04:59:33,,,,,,,,,,55.4362488,10.9390621,1095.0,1006.79999,48.1375008,1.0,,39.92,0.0,46.66,56.2218742,
2025-09-19 04:59:34+00:00,2025-09-19 04:59:34,,,,,,,,,,55.4287491,10.9390621,1094.92505,1006.79999,48.2000008,1.0,,39.92,0.0,46.66,56.2312508,
2025-09-19 04:59:35+00:00,2025-09-19 04:59:35,54.0,38.0,38.0,54.0,54.0,43.97909460949498,303.0,BO_O2_RULE,제어매트릭스 규칙 적용: NOX_HIGH,55.4437485,10.96875,1094.77502,1006.79999,48.2000008,1.0,,39.92,0.0,46.66,56.2312508,
2025-09-19 04:59:36+00:00,2025-09-19 04:59:36,,,,,,,,,,55.4287491,10.9953127,1094.69995,1006.79999,48.2000008,1.0,,39.92,0.0,46.66,56.2312508,
2025-09-19 04:59:37+00:00,2025-09-19 04:59:37,,,,,,,,,,55.4437485,10.9953127,1094.47498,1006.79999,48.2000008,1.0,,39.92,0.0,46.66,56.2218742,
2025-09-19 04:59:38+00:00,2025-09-19 04:59:38,,,,,,,,,,55.4474983,11.0296879,1094.40002,1006.79999,48.8499985,1.0,,39.92,0.0,46.66,56.2312508,
2025-09-19 04:59:39+00:00,2025-09-19 04:59:39,,,,,,,,,,55.4399986,11.0609379,1094.25,1006.875,49.7125015,1.0,,39.92,0.0,46.66,56.2218742,
2025-09-19 04:59:40+00:00,2025-09-19 04:59:40,54.0,38.0,38.0,54.0,54.0,44.360402943678665,303.0,BO_O2_RULE,제어매트릭스 규칙 적용: NOX_HIGH,55.4362488,11.0609379,1094.09998,1006.875,49.7125015,1.0,,39.92,0.0,49.64,56.2312508,
2025-09-19 04:59:41+00:00,2025-09-19 04:59:41,,,,,,,,,,55.4249992,11.0874996,1093.94995,1006.875,49.7125015,1.0,,39.92,0.0,49.64,56.2218742,
2025-09-19 04:59:42+00:00,2025-09-19 04:59:42,,,,,,,,,,55.4512482,11.0874996,1093.875,1006.79999,49.7125015,1.0,,39.92,0.0,49.64,56.2218742,
2025-09-19 04:59:43+00:00,2025-09-19 04:59:43,,,,,,,,,,55.4249992,11.0953121,1093.72498,1006.875,50.8375015,1.0,,39.92,0.0,49.64,56.2312508,
2025-09-19 04:59:44+00:00,2025-09-19 04:59:44,,,,,,,,,,55.4362488,11.09375,1093.57495,1006.875,50.8875008,1.0,,39.92,0.0,49.64,56.2218742,
2025-09-19 04:59:45+00:00,2025-09-19 04:59:45,54.0,38.0,38.0,54.0,54.0,49.233380708438695,303.0,BO_O2_RULE,제어매트릭스 규칙 적용: NOX_HIGH,55.4324989,11.09375,1093.42505,1006.875,50.8875008,1.0,0.0,39.92,0.0,49.64,56.2218742,
2025-09-19 04:59:46+00:00,2025-09-19 04:59:46,,,,,,,,,,55.4437485,11.0984373,1093.27502,1006.875,50.8875008,1.0,,39.92,0.0,49.64,56.2218742,
2025-09-19 04:59:47+00:00,2025-09-19 04:59:47,,,,,,,,,,55.4287491,11.0921879,1093.125,1006.79999,50.8875008,1.0,,39.92,0.0,49.64,56.2218742,
2025-09-19 04:59:48+00:00,2025-09-19 04:59:48,,,,,,,,,,55.4324989,11.0921879,1093.05005,1006.875,50.9874992,1.0,,39.92,0.0,49.64,56.2312508,
2025-09-19 04:59:49+00:00,2025-09-19 04:59:49,,,,,,,,,,55.4324989,11.0828123,1092.90002,1006.79999,51.125,1.0,,39.92,0.0,49.64,56.2312508,
2025-09-19 04:59:50+00:00,2025-09-19 04:59:50,54.0,38.0,38.0,54.0,54.0,48.20292380429731,303.0,BO_O2_RULE,제어매트릭스 규칙 적용: NOX_HIGH,55.4324989,11.0828123,1092.82495,1006.79999,51.1375008,1.0,,39.92,0.0,51.1,56.2218742,
2025-09-19 04:59:51+00:00,2025-09-19 04:59:51,,,,,,,,,,55.4174995,11.0734377,1092.67505,1006.79999,51.1375008,1.0,,39.92,0.0,51.1,56.2312508,
2025-09-19 04:59:52+00:00,2025-09-19 04:59:52,,,,,,,,,,55.4362488,11.0687504,1092.59998,1006.79999,51.1375008,1.0,,39.92,0.0,51.1,56.2218742,
2025-09-19 04:59:53+00:00,2025-09-19 04:59:53,,,,,,,,,,55.4399986,11.0687504,1092.44995,1006.79999,51.125,1.0,,39.92,0.0,51.1,56.2218742,
2025-09-19 04:59:54+00:00,2025-09-19 04:59:54,,,,,,,,,,55.4287491,11.0578127,1092.375,1006.79999,51.1375008,1.0,,39.92,0.0,51.1,56.0718765,
2025-09-19 04:59:55+00:00,2025-09-19 04:59:55,54.0,38.0,38.0,54.0,54.0,48.31201300912881,303.0,BO_O2_RULE,제어매트릭스 규칙 적용: NOX_HIGH,55.4249992,11.0343752,1092.22498,1006.79999,51.1375008,1.0,,39.92,0.0,51.1,56.0437508,
2025-09-19 04:59:56+00:00,2025-09-19 04:59:56,,,,,,,,,,55.4362488,11.0343752,1092.22498,1006.79999,51.125,1.0,,39.92,0.0,51.1,56.0437508,
2025-09-19 04:59:57+00:00,2025-09-19 04:59:57,,,,,,,,,,55.4249992,10.9921875,1092.0,1006.72498,51.125,1.0,,39.92,0.0,51.1,56.0437508,
2025-09-19 04:59:58+00:00,2025-09-19 04:59:58,,,,,,,,,,55.4249992,10.9921875,1091.92505,1006.72498,51.6624985,1.0,,39.92,0.0,51.1,56.0437508,
2025-09-19 04:59:59+00:00,2025-09-19 04:59:59,,,,,,,,,,55.4512482,10.9468746,1091.84998,1006.72498,52.2374992,1.0,,39.92,0.0,51.1,56.0531235,
2025-09-19 05:00:00+00:00,2025-09-19 05:00:00,54.0,38.0,38.0,54.0,54.0,47.05692437824664,303.0,BO_O2_RULE,제어매트릭스 규칙 적용: NOX_HIGH,55.4437485,10.8890629,1091.77502,1006.72498,52.2374992,1.0,0.0,39.92,0.0,52.19,56.2218742,
2025-09-19 05:00:01+00:00,2025-09-19 05:00:01,,,,,,,,,,55.4212494,10.8890629,1091.625,1006.65002,52.2374992,1.0,,39.92,0.0,52.19,56.2218742,
2025-09-19 05:00:02+00:00,2025-09-19 05:00:02,,,,,,,,,,55.4437485,10.8203125,1091.55005,1006.65002,52.2374992,1.0,,39.92,0.0,52.19,56.2218742,
2025-09-19 05:00:03+00:00,2025-09-19 05:00:03,,,,,,,,,,55.4249992,10.7468748,1091.40002,1006.65002,52.0750008,1.0,,39.92,0.0,52.19,56.2312508,
2025-09-19 05:00:04+00:00,2025-09-19 05:00:04,,,,,,,,,,55.4137497,10.7468748,1091.40002,1006.65002,52.0625,1.0,,39.92,0.0,52.19,56.2312508,
2025-09-19 05:00:05+00:00,2025-09-19 05:00:05,54.0,38.0,38.0,54.0,54.0,45.722883321127384,303.0,BO_O2_RULE,제어매트릭스 규칙 적용: NOX_HIGH,55.4587517,10.6687498,1091.25,1006.65002,52.0625,1.0,,39.92,0.0,52.19,56.2218742,
2025-09-19 05:00:06+00:00,2025-09-19 05:00:06,,,,,,,,,,55.4587517,10.6687498,1091.17505,1006.65002,52.0625,1.0,,39.92,0.0,52.19,56.2218742,
2025-09-19 05:00:07+00:00,2025-09-19 05:00:07,,,,,,,,,,55.4399986,10.5812502,1091.09998,1006.65002,52.0625,1.0,,39.92,0.0,52.19,56.0437508,
2025-09-19 05:00:08+00:00,2025-09-19 05:00:08,,,,,,,,,,55.4625015,10.5046873,1091.09998,1006.57501,51.9749985,1.0,,39.92,0.0,52.19,56.0437508,
2025-09-19 05:00:09+00:00,2025-09-19 05:00:09,,,,,,,,,,55.4474983,10.5046873,1091.02502,1006.57501,51.9000015,1.0,,39.92,0.0,52.19,56.0437508,
2025-09-19 05:00:10+00:00,2025-09-19 05:00:10,54.0,38.0,38.0,54.0,54.0,47.328777467393834,303.0,BO_O2_RULE,제어매트릭스 규칙 적용: NOX_HIGH,55.4775009,10.4468746,1090.94995,1006.57501,51.9000015,1.0,,39.92,0.0,52.19,56.203125,
2025-09-19 05:00:11+00:00,2025-09-19 05:00:11,,,,,,,,,,55.4700012,10.3874998,1090.94995,1006.5,51.9000015,1.0,,39.92,0.0,51.86,56.2312508,
2025-09-19 05:00:12+00:00,2025-09-19 05:00:12,,,,,,,,,,55.4249992,10.3874998,1090.94995,1006.5,51.9000015,1.0,,39.92,0.0,51.86,56.2218742,
2025-09-19 05:00:13+00:00,2025-09-19 05:00:13,,,,,,,,,,55.4287491,10.3218746,1090.875,1006.42499,52.3125,1.0,,39.92,0.0,51.86,56.2312508,
2025-09-19 05:00:14+00:00,2025-09-19 05:00:14,,,,,,,,,,55.4324989,10.3218746,1090.80005,1006.42499,52.3250008,1.0,,39.92,0.0,51.86,56.2218742,
2025-09-19 05:00:15+00:00,2025-09-19 05:00:15,54.0,38.0,38.0,54.0,54.0,47.29885546530242,303.0,BO_O2_RULE,제어매트릭스 규칙 적용: NOX_HIGH,55.4362488,10.2468748,1090.80005,1006.42499,52.3250008,1.0,0.0,39.92,0.0,51.86,56.2218742,
2025-09-19 05:00:16+00:00,2025-09-19 05:00:16,,,,,,,,,,55.4249992,10.1499996,1090.80005,1006.34998,52.3250008,1.0,,39.92,0.0,51.86,56.2312508,
2025-09-19 05:00:17+00:00,2025-09-19 05:00:17,,,,,,,,,,55.4474983,10.1499996,1090.80005,1006.34998,52.3250008,1.0,,39.92,0.0,51.86,56.2218742,
2025-09-19 05:00:18+00:00,2025-09-19 05:00:18,,,,,,,,,,55.4287491,10.0421877,1090.80005,1006.34998,52.1375008,1.0,,39.92,0.0,51.86,56.2218742,
2025-09-19 05:00:19+00:00,2025-09-19 05:00:19,,,,,,,,,,55.4249992,9.93906212,1090.80005,1006.34998,51.9749985,1.0,,39.92,0.0,51.86,56.2218742,
2025-09-19 05:00:20+00:00,2025-09-19 05:00:20,54.0,38.0,38.0,54.0,54.0,47.72784076604407,303.0,BO_O2_RULE,제어매트릭스 규칙 적용: NOX_HIGH,55.4399986,9.93906212,1090.80005,1006.34998,51.9749985,1.0,,39.92,0.0,51.86,56.2312508,
2025-09-19 05:00:21+00:00,2025-09-19 05:00:21,,,,,,,,,,55.4399986,9.83906269,1090.80005,1006.27502,51.9874992,1.0,,39.92,0.0,51.94,56.2218742,
2025-09-19 05:00:22+00:00,2025-09-19 05:00:22,,,,,,,,,,55.4512482,9.83906269,1090.80005,1006.27502,51.9874992,1.0,,39.92,0.0,51.94,56.2218742,
2025-09-19 05:00:23+00:00,2025-09-19 05:00:23,,,,,,,,,,55.4324989,9.76249981,1090.80005,1006.27502,51.9749985,1.0,,39.92,0.0,51.94,56.2218742,
2025-09-19 05:00:24+00:00,2025-09-19 05:00:24,,,,,,,,,,55.4399986,9.68906212,1090.80005,1006.27502,51.9874992,1.0,,30.68,0.0,51.94,56.2218742,
2025-09-19 05:00:25+00:00,2025-09-19 05:00:25,54.0,44.0,42.0,54.0,54.0,47.29080113464803,303.0,BO_O2_RULE,제어매트릭스 규칙 적용: NOX_HIGH,55.4512482,9.68906212,1090.80005,1006.20001,51.9874992,1.0,,30.68,0.0,51.94,56.2218742,
2025-09-19 05:00:26+00:00,2025-09-19 05:00:26,,,,,,,,,,55.4625015,9.6015625,1090.80005,1006.20001,51.9749985,1.0,,30.68,0.0,51.94,56.2218742,
2025-09-19 05:00:27+00:00,2025-09-19 05:00:27,,,,,,,,,,55.4550018,9.51406288,1090.875,1006.125,51.9874992,1.0,,30.68,0.0,51.94,56.2218742,
2025-09-19 05:00:28+00:00,2025-09-19 05:00:28,,,,,,,,,,55.4625015,9.51406288,1090.875,1006.125,51.9749985,1.0,,30.68,0.0,51.94,56.2781258,
2025-09-19 05:00:29+00:00,2025-09-19 05:00:29,,,,,,,,,,55.4437485,9.44218731,1090.94995,1006.125,51.9749985,1.0,,30.68,0.0,51.94,56.2218742,
2025-09-19 05:00:30+00:00,2025-09-19 05:00:30,54.0,43.0,42.0,54.0,54.0,47.37422158540968,303.0,BO_O2_RULE,제어매트릭스 규칙 적용: NOX_HIGH,55.4550018,9.44218731,1090.94995,1006.125,51.9749985,1.0,0.0,30.68,0.0,51.96,56.2218742,
2025-09-19 05:00:31+00:00,2025-09-19 05:00:31,,,,,,,,,,55.4625015,9.40156269,1090.94995,1006.04999,51.9874992,1.0,,30.68,0.0,51.96,56.2218742,
2025-09-19 05:00:32+00:00,2025-09-19 05:00:32,,,,,,,,,,55.4324989,9.38437462,1090.94995,1006.04999,51.9749985,1.0,,30.68,0.0,51.96,56.2218742,
2025-09-19 05:00:33+00:00,2025-09-19 05:00:33,,,,,,,,,,55.4399986,9.38437462,1090.94995,1005.97498,51.9000015,1.0,,30.68,0.0,51.96,56.2312508,
2025-09-19 05:00:34+00:00,2025-09-19 05:00:34,,,,,,,,,,55.4399986,9.33906269,1091.02502,1005.97498,51.9000015,1.0,,30.68,0.0,51.96,56.2218742,
2025-09-19 05:00:35+00:00,2025-09-19 05:00:35,54.0,43.0,42.0,54.0,54.0,46.02109382800052,303.0,BO_O2_RULE,제어매트릭스 규칙 적용: NOX_HIGH,55.4662514,9.27499962,1091.09998,1005.97498,51.9000015,1.0,,30.68,0.0,51.96,56.2218742,
2025-09-19 05:00:36+00:00,2025-09-19 05:00:36,,,,,,,,,,55.4550018,9.27499962,1091.09998,1005.97498,51.8875008,1.0,,30.68,0.0,51.96,56.2218742,
2025-09-19 05:00:37+00:00,2025-09-19 05:00:37,,,,,,,,,,55.4362488,9.2578125,1091.09998,1005.90002,51.9000015,1.0,,30.68,0.0,51.96,56.2218742,
2025-09-19 05:00:38+00:00,2025-09-19 05:00:38,,,,,,,,,,55.4662514,9.2578125,1091.09998,1005.90002,51.4500008,1.0,,30.68,0.0,51.96,56.2218742,
2025-09-19 05:00:39+00:00,2025-09-19 05:00:39,,,,,,,,,,55.4249992,9.26249981,1091.17505,1005.90002,51.0499992,1.0,,30.68,0.0,51.96,56.2218742,
2025-09-19 05:00:40+00:00,2025-09-19 05:00:40,54.0,43.0,42.0,54.0,54.0,45.84389207415252,303.0,BO_O2_RULE,제어매트릭스 규칙 적용: NOX_HIGH,55.4625015,9.25937462,1091.17505,1005.90002,51.0499992,1.0,,30.68,0.0,50.99,56.2312508,
2025-09-19 05:00:41+00:00,2025-09-19 05:00:41,,,,,,,,,,55.4287491,9.25937462,1091.17505,1005.90002,51.0499992,1.0,,30.68,0.0,50.99,56.2218742,
2025-09-19 05:00:42+00:00,2025-09-19 05:00:42,,,,,,,,,,55.4737511,9.22968769,1091.25,1005.90002,51.0499992,1.0,,30.68,0.0,50.99,56.2218742,
2025-09-19 05:00:43+00:00,2025-09-19 05:00:43,,,,,,,,,,55.4474983,9.16718769,1091.32495,1005.82501,50.4000015,1.0,,30.68,0.0,50.99,56.2218742,
2025-09-19 05:00:44+00:00,2025-09-19 05:00:44,,,,,,,,,,55.4737511,9.16718769,1091.40002,1005.82501,50.3875008,1.0,,30.68,0.0,50.99,56.2218742,
2025-09-19 05:00:45+00:00,2025-09-19 05:00:45,54.0,43.0,42.0,54.0,54.0,44.16967423146229,303.0,BO_O2_RULE,제어매트릭스 규칙 적용: NOX_HIGH,55.4474983,9.11406231,1091.40002,1005.75,50.3875008,1.0,0.0,30.68,0.0,50.99,56.2218742,
2025-09-19 05:00:46+00:00,2025-09-19 05:00:46,,,,,,,,,,55.4399986,9.11406231,1091.40002,1005.75,50.3875008,1.0,,30.68,0.0,50.99,56.2218742,
2025-09-19 05:00:47+00:00,2025-09-19 05:00:47,,,,,,,,,,55.4437485,9.06406212,1091.47498,1005.75,50.3875008,1.0,,30.68,0.0,50.99,56.2218742,
2025-09-19 05:00:48+00:00,2025-09-19 05:00:48,,,,,,,,,,55.4662514,9.01875019,1091.47498,1005.67499,49.2125015,1.0,,30.68,0.0,50.99,56.1749992,
2025-09-19 05:00:49+00:00,2025-09-19 05:00:49,,,,,,,,,,55.4550018,9.01875019,1091.55005,1005.67499,49.2000008,1.0,,30.68,0.0,50.99,56.0437508,
2025-09-19 05:00:50+00:00,2025-09-19 05:00:50,54.0,43.0,42.0,54.0,54.0,37.39677410900121,303.0,BO_O2_RULE,제어매트릭스 규칙 적용: NOX_HIGH,55.4362488,8.96562481,1091.625,1005.67499,49.2000008,1.0,,30.68,0.0,49.11,56.0437508,
2025-09-19 05:00:51+00:00,2025-09-19 05:00:51,,,,,,,,,,55.4287491,8.90312481,1091.625,1005.59998,49.2125015,1.0,,30.68,0.0,49.11,56.0437508,
2025-09-19 05:00:52+00:00,2025-09-19 05:00:52,,,,,,,,,,55.4362488,8.90312481,1091.69995,1005.59998,49.2125015,1.0,,30.68,0.0,49.11,56.2218742,
2025-09-19 05:00:53+00:00,2025-09-19 05:00:53,,,,,,,,,,55.4362488,8.86406231,1091.77502,1005.59998,49.2000008,1.0,,30.68,0.0,49.11,56.2218742,
2025-09-19 05:00:54+00:00,2025-09-19 05:00:54,,,,,,,,,,55.4362488,8.86406231,1091.77502,1005.59998,49.2125015,1.0,,30.68,0.0,49.11,56.2218742,
2025-09-19 05:00:55+00:00,2025-09-19 05:00:55,54.0,43.0,43.0,54.0,54.0,34.78834467966353,303.0,BO_O2_RULE,제어매트릭스 규칙 적용: NOX_HIGH,55.4249992,8.83906269,1091.92505,1005.59998,49.2125015,1.0,,30.68,0.0,49.11,56.2218742,
2025-09-19 05:00:56+00:00,2025-09-19 05:00:56,,,,,,,,,,55.4362488,8.80312538,1091.92505,1005.52502,49.2125015,1.0,,30.68,0.0,49.11,56.0437508,
2025-09-19 05:00:57+00:00,2025-09-19 05:00:57,,,,,,,,,,55.4399986,8.80312538,1092.0,1005.52502,49.2125015,1.0,,30.68,0.0,49.11,56.0437508,
2025-09-19 05:00:58+00:00,2025-09-19 05:00:58,,,,,,,,,,55.4474983,8.76718712,1092.0,1005.52502,47.875,1.0,,30.68,0.0,49.11,56.0437508,
2025-09-19 05:00:59+00:00,2025-09-19 05:00:59,,,,,,,,,,55.4587517,8.734375,1092.15002,1005.45001,47.8624992,1.0,,30.68,0.0,49.11,56.0437508,
2025-09-19 05:01:00+00:00,2025-09-19 05:01:00,54.0,42.0,42.0,54.0,54.0,35.18231991290172,303.0,BO_O2_RULE,제어매트릭스 규칙 적용: NOX_HIGH,55.4437485,8.734375,1092.15002,1005.45001,47.8624992,1.0,0.0,30.68,0.0,47.84,56.0531235,
2025-09-19 05:01:01+00:00,2025-09-19 05:01:01,,,,,,,,,,55.4324989,8.7109375,1092.30005,1005.45001,47.8624992,1.0,,30.68,0.0,47.84,56.0531235,
2025-09-19 05:01:02+00:00,2025-09-19 05:01:02,,,,,,,,,,55.4212494,8.7109375,1092.375,1005.45001,47.8624992,1.0,,30.68,0.0,47.84,56.0437508,
2025-09-19 05:01:03+00:00,2025-09-19 05:01:03,,,,,,,,,,55.4550018,8.68593788,1092.375,1005.45001,47.2874985,1.0,,30.68,0.0,47.84,56.0437508,
2025-09-19 05:01:04+00:00,2025-09-19 05:01:04,,,,,,,,,,55.4324989,8.65468788,1092.52502,1005.375,47.2750015,1.0,,30.68,0.0,47.84,56.0437508,
2025-09-19 05:01:05+00:00,2025-09-19 05:01:05,54.0,41.0,41.0,54.0,54.0,36.921506335242626,303.0,BO_O2_RULE,제어매트릭스 규칙 적용: NOX_HIGH,55.4324989,8.65468788,1092.59998,1005.375,47.2750015,1.0,,30.68,0.0,47.84,56.2218742,
2025-09-19 05:01:06+00:00,2025-09-19 05:01:06,,,,,,,,,,55.4287491,8.61874962,1092.59998,1005.375,47.2750015,1.0,,30.68,0.0,47.84,56.2218742,
2025-09-19 05:01:07+00:00,2025-09-19 05:01:07,,,,,,,,,,55.4587517,8.58906269,1092.67505,1005.45001,47.2750015,1.0,,30.68,0.0,47.84,56.2218742,
2025-09-19 05:01:08+00:00,2025-09-19 05:01:08,,,,,,,,,,55.4550018,8.58906269,1092.75,1005.375,45.6500015,1.0,,30.68,0.0,47.84,56.2312508,
2025-09-19 05:01:09+00:00,2025-09-19 05:01:09,,,,,,,,,,55.4474983,8.5625,1092.82495,1005.375,45.6500015,1.0,,30.68,0.0,47.84,56.2312508,
2025-09-19 05:01:10+00:00,2025-09-19 05:01:10,54.0,46.0,44.0,54.0,54.0,35.29253391003683,303.0,BO_O2_RULE,제어매트릭스 규칙 적용: NOX_HIGH,55.4249992,8.5625,1092.90002,1005.375,45.6500015,1.0,,30.68,0.0,45.6,56.2218742,
2025-09-19 05:01:11+00:00,2025-09-19 05:01:11,,,,,,,,,,55.4362488,8.53437519,1092.97498,1005.375,45.6500015,1.0,,30.68,0.0,45.6,56.2218742,
2025-09-19 05:01:12+00:00,2025-09-19 05:01:12,,,,,,,,,,55.4474983,8.51718712,1093.05005,1005.375,45.6500015,1.0,,30.68,0.0,45.6,56.2218742,
2025-09-19 05:01:13+00:00,2025-09-19 05:01:13,,,,,,,,,,55.4362488,8.51718712,1093.125,1005.375,44.7374992,1.0,,30.68,0.0,45.6,56.2218742,
2025-09-19 05:01:14+00:00,2025-09-19 05:01:14,,,,,,,,,,55.4249992,8.50468731,1093.19995,1005.375,44.7249985,1.0,,30.68,0.0,45.6,56.2312508,
2025-09-19 05:01:15+00:00,2025-09-19 05:01:15,54.0,46.0,44.0,54.0,54.0,35.842178214747946,303.0,BO_O2_RULE,제어매트릭스 규칙 적용: NOX_HIGH,55.4287491,8.49062538,1093.27502,1005.375,44.7249985,1.0,0.0,30.68,0.0,45.6,56.2218742,
2025-09-19 05:01:16+00:00,2025-09-19 05:01:16,,,,,,,,,,55.4249992,8.49062538,1093.34998,1005.375,44.7249985,1.0,,30.68,0.0,45.6,56.2218742,
2025-09-19 05:01:17+00:00,2025-09-19 05:01:17,,,,,,,,,,55.4474983,8.484375,1093.42505,1005.29999,44.7249985,1.0,,30.68,0.0,45.6,56.2218742,
2025-09-19 05:01:18+00:00,2025-09-19 05:01:18,,,,,,,,,,55.4775009,8.484375,1093.5,1005.29999,43.875,1.0,,30.68,0.0,45.6,56.2218742,
2025-09-19 05:01:19+00:00,2025-09-19 05:01:19,,,,,,,,,,55.4437485,8.484375,1093.57495,1005.29999,43.875,1.0,,30.68,0.0,45.6,56.2218742,
2025-09-19 05:01:20+00:00,2025-09-19 05:01:20,54.0,46.0,44.0,54.0,54.0,35.908769846338096,303.0,BO_O2_RULE,제어매트릭스 규칙 적용: NOX_HIGH,55.4550018,8.48593712,1093.57495,1005.29999,43.875,1.0,,30.68,0.0,43.8,56.2312508,
2025-09-19 05:01:21+00:00,2025-09-19 05:01:21,,,,,,,,,,55.4287491,8.48593712,1093.65002,1005.29999,43.875,1.0,,30.68,0.0,43.8,56.2312508,
2025-09-19 05:01:22+00:00,2025-09-19 05:01:22,,,,,,,,,,55.4324989,8.4921875,1093.72498,1005.29999,43.875,1.0,,30.68,0.0,43.8,56.2218742,
2025-09-19 05:01:23+00:00,2025-09-19 05:01:23,,,,,,,,,,55.4550018,8.51093769,1093.80005,1005.29999,42.9625015,1.0,,30.68,0.0,43.8,56.2218742,
2025-09-19 05:01:24+00:00,2025-09-19 05:01:24,,,,,,,,,,55.4249992,8.51093769,1093.875,1005.22498,42.9375,1.0,,30.68,0.0,43.8,56.2312508,
2025-09-19 05:01:25+00:00,2025-09-19 05:01:25,54.0,46.0,44.0,54.0,54.0,36.0304361762055,303.0,BO_O2_RULE,제어매트릭스 규칙 적용: NOX_HIGH,55.4324989,8.52968788,1093.94995,1005.22498,42.9375,1.0,,30.68,0.0,43.8,56.2218742,
2025-09-19 05:01:26+00:00,2025-09-19 05:01:26,,,,,,,,,,55.4287491,8.52968788,1094.02502,1005.29999,42.9375,1.0,,30.68,0.0,43.8,56.2218742,
2025-09-19 05:01:27+00:00,2025-09-19 05:01:27,,,,,,,,,,55.4324989,8.53125,1094.09998,1005.29999,42.9375,1.0,,30.68,0.0,43.8,56.2218742,
2025-09-19 05:01:28+00:00,2025-09-19 05:01:28,,,,,,,,,,55.4362488,8.546875,1094.09998,1005.29999,43.0250015,1.0,,30.68,0.0,43.8,56.2218742,
2025-09-19 05:01:29+00:00,2025-09-19 05:01:29,,,,,,,,,,55.4362488,8.546875,1094.25,1005.22498,43.0250015,1.0,,30.68,0.0,43.8,56.2312508,
2025-09-19 05:01:30+00:00,2025-09-19 05:01:30,54.0,46.0,44.0,54.0,54.0,37.970060186127355,303.0,BO_O2_RULE,제어매트릭스 규칙 적용: NOX_HIGH,55.4399986,8.56718731,1094.25,1005.29999,43.0250015,1.0,0.0,30.68,0.0,43.0,56.2218742,
2025-09-19 05:01:31+00:00,2025-09-19 05:01:31,,,,,,,,,,55.4324989,8.59218788,1094.40002,1005.29999,43.0250015,1.0,,30.68,0.0,43.0,56.2218742,
2025-09-19 05:01:32+00:00,2025-09-19 05:01:32,,,,,,,,,,55.4362488,8.59218788,1094.47498,1005.29999,43.0250015,1.0,,30.68,0.0,43.0,56.2218742,
2025-09-19 05:01:33+00:00,2025-09-19 05:01:33,,,,,,,,,,55.4324989,8.6171875,1094.55005,1005.29999,42.1124992,1.0,,30.68,0.0,43.0,56.2312508,
2025-09-19 05:01:34+00:00,2025-09-19 05:01:34,,,,,,,,,,55.4362488,8.6171875,1094.625,1005.29999,42.0875015,1.0,,30.68,0.0,43.0,56.2218742,
2025-09-19 05:01:35+00:00,2025-09-19 05:01:35,54.0,46.0,44.0,54.0,54.0,37.86319378357781,303.0,BO_O2_RULE,제어매트릭스 규칙 적용: NOX_HIGH,55.4550018,8.63125038,1094.69995,1005.29999,42.0875015,1.0,,30.68,0.0,43.0,56.2218742,
2025-09-19 05:01:36+00:00,2025-09-19 05:01:36,,,,,,,,,,55.4287491,8.62812519,1094.77502,1005.29999,42.0875015,1.0,,30.68,0.0,43.0,56.2218742,
2025-09-19 05:01:37+00:00,2025-09-19 05:01:37,,,,,,,,,,55.4399986,8.62812519,1094.84998,1005.29999,42.0875015,1.0,,30.68,0.0,43.0,56.2218742,
2025-09-19 05:01:38+00:00,2025-09-19 05:01:38,,,,,,,,,,55.4474983,8.62656212,1094.92505,1005.375,41.0750008,1.0,,30.68,0.0,43.0,56.2312508,
2025-09-19 05:01:39+00:00,2025-09-19 05:01:39,,,,,,,,,,55.4550018,8.62812519,1095.07495,1005.375,41.0750008,1.0,,30.68,0.0,43.0,56.2218742,
2025-09-19 05:01:40+00:00,2025-09-19 05:01:40,54.0,46.0,44.0,54.0,54.0,38.82547268368485,303.0,BO_O2_RULE,제어매트릭스 규칙 적용: NOX_HIGH,55.4812508,8.62812519,1095.15002,1005.375,41.0750008,1.0,,30.68,0.0,41.04,56.2218742,
2025-09-19 05:01:41+00:00,2025-09-19 05:01:41,,,,,,,,,,55.4437485,8.63749981,1095.15002,1005.375,41.0750008,1.0,,30.68,0.0,41.04,56.2218742,
2025-09-19 05:01:42+00:00,2025-09-19 05:01:42,,,,,,,,,,55.4737511,8.63749981,1095.30005,1005.375,41.0750008,1.0,,30.68,0.0,41.04,56.2218742,
2025-09-19 05:01:43+00:00,2025-09-19 05:01:43,,,,,,,,,,55.4625015,8.65468788,1095.375,1005.375,40.4874992,1.0,,30.68,0.0,41.04,56.2218742,
2025-09-19 05:01:44+00:00,2025-09-19 05:01:44,,,,,,,,,,55.4399986,8.68281269,1095.44995,1005.375,40.4749985,1.0,,30.68,0.0,41.04,56.2218742,
2025-09-19 05:01:45+00:00,2025-09-19 05:01:45,54.0,46.0,44.0,54.0,54.0,34.12079732715471,303.0,BO_O2_RULE,제어매트릭스 규칙 적용: NOX_HIGH,55.4399986,8.68281269,1095.59998,1005.375,40.4874992,1.0,0.0,30.68,0.0,41.04,56.2218742,
2025-09-19 05:01:46+00:00,2025-09-19 05:01:46,,,,,,,,,,55.4399986,8.71249962,1095.67505,1005.375,40.4749985,1.0,,30.68,0.0,41.04,56.2218742,
2025-09-19 05:01:47+00:00,2025-09-19 05:01:47,,,,,,,,,,55.4249992,8.74062538,1095.67505,1005.375,40.4749985,1.0,,30.68,0.0,41.04,56.2218742,
2025-09-19 05:01:48+00:00,2025-09-19 05:01:48,,,,,,,,,,55.4287491,8.74062538,1095.75,1005.375,39.4625015,1.0,,30.68,0.0,41.04,56.2218742,
2025-09-19 05:01:49+00:00,2025-09-19 05:01:49,,,,,,,,,,55.4437485,8.77031231,1095.90002,1005.375,39.4625015,1.0,,30.68,0.0,41.04,56.2218742,
2025-09-19 05:01:50+00:00,2025-09-19 05:01:50,54.0,45.0,44.0,54.0,54.0,34.56098667780698,307.0,BO_O2_RULE,제어매트릭스 규칙 적용: TEMP_OUT_HIGH,55.4324989,8.77031231,1095.97498,1005.45001,39.4625015,1.0,,30.68,0.0,39.45,56.0531235,
2025-09-19 05:01:51+00:00,2025-09-19 05:01:51,,,,,,,,,,55.4287491,8.79531288,1096.05005,1005.45001,39.4625015,1.0,,30.68,0.0,39.45,56.0437508,
2025-09-19 05:01:52+00:00,2025-09-19 05:01:52,,,,,,,,,,55.4287491,8.80781269,1096.125,1005.45001,39.4625015,1.0,,30.68,0.0,39.45,56.0437508,
2025-09-19 05:01:53+00:00,2025-09-19 05:01:53,,,,,,,,,,55.4287491,8.80781269,1096.19995,1005.45001,38.2999992,1.0,,30.68,0.0,39.45,56.0437508,
2025-09-19 05:01:54+00:00,2025-09-19 05:01:54,,,,,,,,,,55.4287491,8.82343769,1096.27502,1005.45001,38.2750015,1.0,,30.68,0.0,39.45,56.0437508,
2025-09-19 05:01:55+00:00,2025-09-19 05:01:55,54.0,44.0,44.0,54.0,54.0,34.72294001690624,307.0,BO_O2_RULE,제어매트릭스 규칙 적용: TEMP_OUT_HIGH,55.4249992,8.83906269,1096.42505,1005.45001,38.2750015,1.0,,30.68,0.0,39.45,56.0625,
2025-09-19 05:01:56+00:00,2025-09-19 05:01:56,,,,,,,,,,55.4249992,8.83906269,1096.42505,1005.45001,38.2750015,1.0,,30.68,0.0,39.45,56.2218742,
2025-09-19 05:01:57+00:00,2025-09-19 05:01:57,,,,,,,,,,55.4212494,8.85624981,1096.5,1005.45001,38.2750015,1.0,,30.68,0.0,39.45,56.2312508,
2025-09-19 05:01:58+00:00,2025-09-19 05:01:58,,,,,,,,,,55.4700012,8.85624981,1096.57495,1005.45001,38.2750015,1.0,,30.68,0.0,39.45,56.1468735,
2025-09-19 05:01:59+00:00,2025-09-19 05:01:59,,,,,,,,,,55.4474983,8.89218712,1096.72498,1005.45001,38.2750015,1.0,,30.68,0.0,39.45,56.109375,
2025-09-19 05:02:00+00:00,2025-09-19 05:02:00,54.0,44.0,44.0,54.0,54.0,35.23278735911087,307.0,BO_O2_RULE,제어매트릭스 규칙 적용: TEMP_OUT_HIGH,55.4324989,8.9375,1096.72498,1005.45001,38.2750015,1.0,0.0,30.68,0.0,38.3,56.2218742,
2025-09-19 05:02:01+00:00,2025-09-19 05:02:01,,,,,,,,,,55.4474983,8.9375,1096.80005,1005.52502,38.2750015,1.0,,30.68,0.0,38.3,56.2312508,
2025-09-19 05:02:02+00:00,2025-09-19 05:02:02,,,,,,,,,,55.4775009,8.97968769,1096.94995,1005.52502,38.2750015,1.0,,30.68,0.0,38.3,56.2218742,
2025-09-19 05:02:03+00:00,2025-09-19 05:02:03,,,,,,,,,,55.4625015,9.02812481,1096.94995,1005.52502,37.8499985,1.0,,30.68,0.0,38.3,56.2218742,
2025-09-19 05:02:04+00:00,2025-09-19 05:02:04,,,,,,,,,,55.4287491,9.02812481,1097.09998,1005.52502,37.8499985,1.0,,30.68,0.0,38.3,56.2218742,
2025-09-19 05:02:05+00:00,2025-09-19 05:02:05,54.0,43.0,43.0,54.0,54.0,37.21905013075374,307.0,BO_O2_RULE,제어매트릭스 규칙 적용: TEMP_OUT_HIGH,55.4474983,9.07343769,1097.09998,1005.59998,37.8499985,1.0,,30.68,0.0,38.3,56.2218742,
2025-09-19 05:02:06+00:00,2025-09-19 05:02:06,,,,,,,,,,55.4512482,9.12812519,1097.17505,1005.59998,37.8499985,1.0,,30.68,0.0,38.3,56.2218742,
2025-09-19 05:02:07+00:00,2025-09-19 05:02:07,,,,,,,,,,55.4587517,9.12812519,1097.25,1005.59998,37.8499985,1.0,,30.68,0.0,38.3,56.2218742,
2025-09-19 05:02:08+00:00,2025-09-19 05:02:08,,,,,,,,,,55.4399986,9.17656231,1097.32495,1005.67499,36.5875015,1.0,,30.68,0.0,38.3,56.2218742,
2025-09-19 05:02:09+00:00,2025-09-19 05:02:09,,,,,,,,,,55.4287491,9.17656231,1097.40002,1005.67499,36.5875015,1.0,,30.68,0.0,38.3,56.2218742,
2025-09-19 05:02:10+00:00,2025-09-19 05:02:10,54.0,43.0,42.0,54.0,54.0,39.4664062985539,307.0,BO_O2_RULE,제어매트릭스 규칙 적용: TEMP_OUT_HIGH,55.4324989,9.21406269,1097.47498,1005.67499,36.5875015,1.0,,30.68,0.0,36.57,56.2218742,
2025-09-19 05:02:11+00:00,2025-09-19 05:02:11,,,,,,,,,,55.4437485,9.2421875,1097.55005,1005.67499,36.5875015,1.0,,30.68,0.0,36.57,56.2218742,
2025-09-19 05:02:12+00:00,2025-09-19 05:02:12,,,,,,,,,,55.4625015,9.2421875,1097.625,1005.67499,36.5875015,1.0,,30.68,0.0,36.57,56.2218742,
2025-09-19 05:02:13+00:00,2025-09-19 05:02:13,,,,,,,,,,55.4587517,9.26249981,1097.69995,1005.75,36.1624985,1.0,,30.68,0.0,36.57,56.2218742,
2025-09-19 05:02:14+00:00,2025-09-19 05:02:14,,,,,,,,,,55.4287491,9.27499962,1097.69995,1005.75,36.1624985,1.0,,30.68,0.0,36.57,56.2218742,
2025-09-19 05:02:15+00:00,2025-09-19 05:02:15,54.0,43.0,42.0,54.0,54.0,38.10168091027141,307.0,BO_O2_RULE,제어매트릭스 규칙 적용: TEMP_OUT_HIGH,55.4362488,9.27499962,1097.77502,1005.75,36.1624985,1.0,0.0,30.68,0.0,36.57,56.2218742,
2025-09-19 05:02:16+00:00,2025-09-19 05:02:16,,,,,,,,,,55.4287491,9.29062462,1097.84998,1005.75,36.1624985,1.0,,30.68,0.0,36.57,56.2218742,
2025-09-19 05:02:17+00:00,2025-09-19 05:02:17,,,,,,,,,,55.4700012,9.29062462,1097.84998,1005.75,36.1624985,1.0,,30.68,0.0,36.57,56.2218742,
2025-09-19 05:02:18+00:00,2025-09-19 05:02:18,,,,,,,,,,55.4625015,9.30781269,1098.0,1005.82501,35.5499992,1.0,,30.68,0.0,36.57,56.2218742,
2025-09-19 05:02:19+00:00,2025-09-19 05:02:19,,,,,,,,,,55.4587517,9.31406212,1098.0,1005.82501,35.5499992,1.0,,30.68,0.0,36.57,56.2218742,
2025-09-19 05:02:20+00:00,2025-09-19 05:02:20,54.0,43.0,42.0,54.0,54.0,34.87379207637873,307.0,BO_O2_RULE,제어매트릭스 규칙 적용: TEMP_OUT_HIGH,55.4662514,9.31406212,1098.07495,1005.90002,35.5499992,1.0,,30.68,0.0,35.55,56.2218742,
2025-09-19 05:02:21+00:00,2025-09-19 05:02:21,,,,,,,,,,55.4362488,9.328125,1098.15002,1005.90002,35.5499992,1.0,,30.68,0.0,35.55,56.2218742,
2025-09-19 05:02:22+00:00,2025-09-19 05:02:22,,,,,,,,,,55.4287491,9.3359375,1098.15002,1005.90002,35.5499992,1.0,,30.68,0.0,35.55,56.2218742,
2025-09-19 05:02:23+00:00,2025-09-19 05:02:23,,,,,,,,,,55.4362488,9.3359375,1098.22498,1005.90002,35.9749985,1.0,,30.68,0.0,35.55,56.2218742,
2025-09-19 05:02:24+00:00,2025-09-19 05:02:24,,,,,,,,,,55.4324989,9.3515625,1098.30005,1005.90002,35.9749985,1.0,,30.68,0.0,35.55,56.2218742,
2025-09-19 05:02:25+00:00,2025-09-19 05:02:25,54.0,43.0,42.0,54.0,54.0,37.12896682305122,307.0,BO_O2_RULE,제어매트릭스 규칙 적용: TEMP_OUT_HIGH,55.4287491,9.3515625,1098.375,1005.90002,35.9749985,1.0,,30.68,0.0,35.55,56.2218742,
2025-09-19 05:02:26+00:00,2025-09-19 05:02:26,,,,,,,,,,55.4362488,9.3671875,1098.375,1005.97498,35.9749985,1.0,,30.68,0.0,35.55,56.2218742,
2025-09-19 05:02:27+00:00,2025-09-19 05:02:27,,,,,,,,,,55.4550018,9.38593769,1098.375,1005.97498,35.9749985,1.0,,30.68,0.0,35.55,56.2218742,
2025-09-19 05:02:28+00:00,2025-09-19 05:02:28,,,,,,,,,,55.4324989,9.38593769,1098.44995,1005.97498,35.2125015,1.0,,30.68,0.0,35.55,56.0718765,
2025-09-19 05:02:29+00:00,2025-09-19 05:02:29,,,,,,,,,,55.4512482,9.41874981,1098.44995,1005.97498,35.2125015,1.0,,30.68,0.0,35.55,56.0437508,
2025-09-19 05:02:30+00:00,2025-09-19 05:02:30,54.0,43.0,42.0,54.0,54.0,37.5285157353479,307.0,BO_O2_RULE,제어매트릭스 규칙 적용: TEMP_OUT_HIGH,55.4625015,9.46249962,1098.52502,1005.97498,35.2125015,1.0,0.0,30.68,0.0,35.25,56.2218742,
2025-09-19 05:02:31+00:00,2025-09-19 05:02:31,,,,,,,,,,55.4512482,9.46249962,1098.52502,1006.04999,35.2125015,1.0,,30.68,0.0,35.25,56.2218742,
2025-09-19 05:02:32+00:00,2025-09-19 05:02:32,,,,,,,,,,55.4362488,9.50312519,1098.59998,1006.04999,35.2125015,1.0,,30.68,0.0,35.25,56.2218742,
2025-09-19 05:02:33+00:00,2025-09-19 05:02:33,,,,,,,,,,55.4287491,9.50312519,1098.59998,1006.04999,34.7874985,1.0,,30.68,0.0,35.25,56.2218742,
2025-09-19 05:02:34+00:00,2025-09-19 05:02:34,,,,,,,,,,55.4437485,9.5390625,1098.59998,1006.125,34.7874985,1.0,,30.68,0.0,35.25,56.2312508,
2025-09-19 05:02:35+00:00,2025-09-19 05:02:35,54.0,44.0,42.0,54.0,54.0,37.023656817515516,307.0,BO_O2_RULE,제어매트릭스 규칙 적용: TEMP_OUT_HIGH,55.4887505,9.57656288,1098.67505,1006.125,34.7874985,1.0,,30.68,0.0,35.25,56.2218742,
2025-09-19 05:02:36+00:00,2025-09-19 05:02:36,,,,,,,,,,55.4587517,9.57656288,1098.67505,1006.125,34.7874985,1.0,,30.68,0.0,35.25,56.2218742,
2025-09-19 05:02:37+00:00,2025-09-19 05:02:37,,,,,,,,,,55.4324989,9.62656212,1098.67505,1006.20001,34.7874985,1.0,,30.68,0.0,35.25,56.2218742,
2025-09-19 05:02:38+00:00,2025-09-19 05:02:38,,,,,,,,,,55.4324989,9.67500019,1098.67505,1006.20001,35.5499992,1.0,,30.68,0.0,35.25,56.2218742,
2025-09-19 05:02:39+00:00,2025-09-19 05:02:39,,,,,,,,,,55.4249992,9.67500019,1098.67505,1006.125,35.5499992,1.0,,30.68,0.0,35.25,56.203125,
2025-09-19 05:02:40+00:00,2025-09-19 05:02:40,54.0,44.0,42.0,54.0,54.0,38.936676852399444,307.0,BO_O2_RULE,제어매트릭스 규칙 적용: TEMP_OUT_HIGH,55.4662514,9.72343731,1098.67505,1006.20001,35.5499992,1.0,,30.68,0.0,35.61,56.0437508,
2025-09-19 05:02:41+00:00,2025-09-19 05:02:41,,,,,,,,,,55.4625015,9.72343731,1098.67505,1006.20001,35.5499992,1.0,,30.68,0.0,35.61,56.0437508,
2025-09-19 05:02:42+00:00,2025-09-19 05:02:42,,,,,,,,,,55.4174995,9.78281212,1098.67505,1006.20001,35.5499992,1.0,,30.68,0.0,35.61,56.0437508,
2025-09-19 05:02:43+00:00,2025-09-19 05:02:43,,,,,,,,,,55.4174995,9.84531212,1098.67505,1006.27502,35.8875008,1.0,,30.68,0.0,35.61,56.2218742,
2025-09-19 05:02:44+00:00,2025-09-19 05:02:44,,,,,,,,,,55.4212494,9.84531212,1098.67505,1006.27502,35.9000015,1.0,,30.68,0.0,35.61,56.1843758,
2025-09-19 05:02:45+00:00,2025-09-19 05:02:45,54.0,45.0,42.0,54.0,54.0,39.07384924458724,307.0,BO_O2_RULE,제어매트릭스 규칙 적용: TEMP_OUT_HIGH,55.4399986,9.90468788,1098.67505,1006.27502,35.8875008,1.0,0.0,30.68,0.0,35.61,56.0437508,
2025-09-19 05:02:46+00:00,2025-09-19 05:02:46,,,,,,,,,,55.4249992,9.953125,1098.67505,1006.27502,35.8875008,1.0,,30.68,0.0,35.61,56.0437508,
2025-09-19 05:02:47+00:00,2025-09-19 05:02:47,,,,,,,,,,55.4249992,9.953125,1098.67505,1006.34998,35.9000015,1.0,,30.68,0.0,35.61,56.0437508,
2025-09-19 05:02:48+00:00,2025-09-19 05:02:48,,,,,,,,,,55.4287491,9.99374962,1098.67505,1006.27502,36.1624985,1.0,,30.68,0.0,35.61,56.0437508,
2025-09-19 05:02:49+00:00,2025-09-19 05:02:49,,,,,,,,,,55.4362488,9.99374962,1098.67505,1006.34998,36.1624985,1.0,,30.68,0.0,35.61,56.0437508,
2025-09-19 05:02:50+00:00,2025-09-19 05:02:50,54.0,45.0,42.0,54.0,54.0,43.39748969282577,307.0,BO_O2_RULE,제어매트릭스 규칙 적용: TEMP_OUT_HIGH,55.4174995,10.0328121,1098.59998,1006.34998,36.1624985,1.0,,30.68,0.0,36.12,56.0437508,
2025-09-19 05:02:51+00:00,2025-09-19 05:02:51,,,,,,,,,,55.4249992,10.0687504,1098.59998,1006.34998,36.1624985,1.0,,30.68,0.0,36.12,56.0437508,
2025-09-19 05:02:52+00:00,2025-09-19 05:02:52,,,,,,,,,,55.4362488,10.0687504,1098.52502,1006.34998,36.1624985,1.0,,30.68,0.0,36.12,56.2125015,
2025-09-19 05:02:53+00:00,2025-09-19 05:02:53,,,,,,,,,,55.4662514,10.109375,1098.59998,1006.42499,36.4124985,1.0,,30.68,0.0,36.12,56.0531235,
2025-09-19 05:02:54+00:00,2025-09-19 05:02:54,,,,,,,,,,55.4512482,10.1609373,1098.52502,1006.34998,36.4124985,1.0,,30.68,0.0,36.12,56.0437508,
2025-09-19 05:02:55+00:00,2025-09-19 05:02:55,54.0,38.0,38.0,38.0,54.0,42.90912226824154,401.0,BO_O2_RULE_NOX,"NOx 예측 규칙 적용: 42.9ppm (NOX_PRED_HIGH, TEMP_IN_OK, TEMP_OUT_OK)",55.4474983,10.1609373,1098.52502,1006.42499,36.4124985,1.0,,30.68,0.0,36.12,56.0437508,
2025-09-19 05:02:56+00:00,2025-09-19 05:02:56,,,,,,,,,,55.4399986,10.203125,1098.44995,1006.34998,36.4124985,1.0,,30.68,0.0,36.12,56.0437508,
2025-09-19 05:02:57+00:00,2025-09-19 05:02:57,,,,,,,,,,55.4174995,10.203125,1098.44995,1006.42499,36.4124985,1.0,,30.68,0.0,36.12,56.0437508,
2025-09-19 05:02:58+00:00,2025-09-19 05:02:58,,,,,,,,,,55.4512482,10.2406254,1098.375,1006.42499,38.0250015,1.0,,30.68,0.0,36.12,56.2218742,
2025-09-19 05:02:59+00:00,2025-09-19 05:02:59,,,,,,,,,,55.4625015,10.28125,1098.375,1006.42499,38.0250015,1.0,,30.68,0.0,36.12,56.2218742,
2025-09-19 05:03:00+00:00,2025-09-19 05:03:00,54.0,38.0,38.0,38.0,54.0,41.89448916257365,401.0,BO_O2_RULE_NOX,"NOx 예측 규칙 적용: 41.9ppm (NOX_PRED_HIGH, TEMP_IN_OK, TEMP_OUT_OK)",55.4212494,10.28125,1098.375,1006.42499,38.0250015,1.0,0.0,30.68,0.0,38.01,56.2218742,
2025-09-19 05:03:01+00:00,2025-09-19 05:03:01,,,,,,,,,,55.4287491,10.3218746,1098.375,1006.42499,38.0250015,1.0,,30.68,0.0,38.01,56.0625,
2025-09-19 05:03:02+00:00,2025-09-19 05:03:02,,,,,,,,,,55.4212494,10.3578129,1098.30005,1006.5,38.0250015,1.0,,30.68,0.0,38.01,56.0531235,
2025-09-19 05:03:03+00:00,2025-09-19 05:03:03,,,,,,,,,,55.4474983,10.3578129,1098.22498,1006.5,38.9500008,1.0,,30.68,0.0,38.01,56.2125015,
2025-09-19 05:03:04+00:00,2025-09-19 05:03:04,,,,,,,,,,55.4587517,10.3874998,1098.15002,1006.5,38.9500008,1.0,,30.68,0.0,38.01,56.2218742,
2025-09-19 05:03:05+00:00,2025-09-19 05:03:05,54.0,38.0,38.0,38.0,54.0,41.70341963409145,401.0,BO_O2_RULE_NOX,"NOx 예측 규칙 적용: 41.7ppm (NOX_PRED_HIGH, TEMP_IN_OK, TEMP_OUT_OK)",55.4249992,10.3874998,1098.07495,1006.5,38.9500008,1.0,,30.68,0.0,38.01,56.2218742,
2025-09-19 05:03:06+00:00,2025-09-19 05:03:06,,,,,,,,,,55.4249992,10.4156246,1098.07495,1006.5,38.9500008,1.0,,30.68,0.0,38.01,56.2312508,
2025-09-19 05:03:07+00:00,2025-09-19 05:03:07,,,,,,,,,,55.4249992,10.4578123,1098.0,1006.57501,38.9625015,1.0,,30.68,0.0,38.01,56.2312508,
2025-09-19 05:03:08+00:00,2025-09-19 05:03:08,,,,,,,,,,55.4212494,10.4578123,1097.92505,1006.5,40.4000015,1.0,,30.68,0.0,38.01,56.2218742,
2025-09-19 05:03:09+00:00,2025-09-19 05:03:09,,,,,,,,,,55.4324989,10.5046873,1097.92505,1006.5,40.4000015,1.0,,30.68,0.0,38.01,56.2218742,
2025-09-19 05:03:10+00:00,2025-09-19 05:03:10,54.0,38.0,38.0,38.0,54.0,43.65291538997423,401.0,BO_O2_RULE_NOX,"NOx 예측 규칙 적용: 43.7ppm (NOX_PRED_HIGH, TEMP_IN_OK, TEMP_OUT_OK)",55.4287491,10.5421877,1097.84998,1006.57501,40.4000015,1.0,,30.68,0.0,40.39,56.2218742,
2025-09-19 05:03:11+00:00,2025-09-19 05:03:11,,,,,,,,,,55.4474983,10.5421877,1097.84998,1006.57501,40.3875008,1.0,,30.68,0.0,40.39,56.2312508,
2025-09-19 05:03:12+00:00,2025-09-19 05:03:12,,,,,,,,,,55.4625015,10.578125,1097.69995,1006.57501,40.3875008,1.0,,30.68,0.0,40.39,56.2218742,
2025-09-19 05:03:13+00:00,2025-09-19 05:03:13,,,,,,,,,,55.4362488,10.578125,1097.69995,1006.57501,41.9000015,1.0,,30.68,0.0,40.39,56.2218742,
2025-09-19 05:03:14+00:00,2025-09-19 05:03:14,,,,,,,,,,55.4399986,10.6046877,1097.625,1006.57501,41.9249992,1.0,,30.68,0.0,40.39,56.2218742,
2025-09-19 05:03:15+00:00,2025-09-19 05:03:15,54.0,38.0,38.0,54.0,54.0,43.543762270233664,303.0,BO_O2_RULE,제어매트릭스 규칙 적용: NOX_HIGH,55.4212494,10.6296873,1097.55005,1006.57501,41.9124985,1.0,0.0,30.68,0.0,40.39,56.2218742,
2025-09-19 05:03:16+00:00,2025-09-19 05:03:16,,,,,,,,,,55.4399986,10.6296873,1097.47498,1006.57501,41.9124985,1.0,,30.68,0.0,40.39,56.2218742,
2025-09-19 05:03:17+00:00,2025-09-19 05:03:17,,,,,,,,,,55.4625015,10.6656246,1097.32495,1006.5,41.9249992,1.0,,30.68,0.0,40.39,56.2218742,
2025-09-19 05:03:18+00:00,2025-09-19 05:03:18,,,,,,,,,,55.4437485,10.7093754,1097.25,1006.5,42.5999985,1.0,,30.68,0.0,40.39,56.2312508,
2025-09-19 05:03:19+00:00,2025-09-19 05:03:19,,,,,,,,,,55.4287491,10.7093754,1097.17505,1006.5,42.5999985,1.0,,30.68,0.0,40.39,56.2218742,
2025-09-19 05:03:20+00:00,2025-09-19 05:03:20,54.0,38.0,38.0,54.0,54.0,42.86646997060225,303.0,BO_O2_RULE,제어매트릭스 규칙 적용: NOX_HIGH,55.4249992,10.7578125,1097.09998,1006.5,42.5999985,1.0,,30.68,0.0,42.56,56.2218742,
2025-09-19 05:03:21+00:00,2025-09-19 05:03:21,,,,,,,,,,55.4287491,10.7578125,1097.02502,1006.5,42.5999985,1.0,,30.68,0.0,42.56,56.2218742,
2025-09-19 05:03:22+00:00,2025-09-19 05:03:22,,,,,,,,,,55.4249992,10.8078127,1096.875,1006.5,42.5999985,1.0,,30.68,0.0,42.56,56.2312508,
2025-09-19 05:03:23+00:00,2025-09-19 05:03:23,,,,,,,,,,55.4324989,10.8562498,1096.80005,1006.5,42.5999985,1.0,,30.68,0.0,42.56,56.2218742,
2025-09-19 05:03:24+00:00,2025-09-19 05:03:24,,,,,,,,,,55.4287491,10.8562498,1096.72498,1006.5,42.5999985,1.0,,30.68,0.0,42.56,56.2218742,
2025-09-19 05:03:25+00:00,2025-09-19 05:03:25,54.0,38.0,38.0,54.0,54.0,42.61400961313562,303.0,BO_O2_RULE,제어매트릭스 규칙 적용: NOX_HIGH,55.4324989,10.90625,1096.65002,1006.42499,42.5999985,1.0,,30.68,0.0,42.56,56.0437508,
2025-09-19 05:03:26+00:00,2025-09-19 05:03:26,,,,,,,,,,55.4287491,10.9484377,1096.5,1006.5,42.5999985,1.0,,30.68,0.0,42.56,56.0531235,
2025-09-19 05:03:27+00:00,2025-09-19 05:03:27,,,,,,,,,,55.4512482,10.9484377,1096.42505,1006.42499,42.5999985,1.0,,30.68,0.0,42.56,56.0437508,
2025-09-19 05:03:28+00:00,2025-09-19 05:03:28,,,,,,,,,,55.4212494,10.9953127,1096.34998,1006.42499,43.5374985,1.0,,30.68,0.0,42.56,56.0437508,
2025-09-19 05:03:29+00:00,2025-09-19 05:03:29,,,,,,,,,,55.4812508,10.9953127,1096.27502,1006.42499,43.5374985,1.0,,30.68,0.0,42.56,56.0437508,
2025-09-19 05:03:30+00:00,2025-09-19 05:03:30,54.0,38.0,38.0,54.0,54.0,42.011158316236866,303.0,BO_O2_RULE,제어매트릭스 규칙 적용: NOX_HIGH,55.4437485,11.0515623,1096.125,1006.42499,43.5374985,1.0,0.0,30.68,0.0,43.53,56.0437508,
2025-09-19 05:03:31+00:00,2025-09-19 05:03:31,,,,,,,,,,55.4437485,11.1109371,1095.97498,1006.42499,43.5374985,1.0,,30.68,0.0,43.53,56.0437508,
2025-09-19 05:03:32+00:00,2025-09-19 05:03:32,,,,,,,,,,55.4662514,11.1109371,1095.90002,1006.34998,43.5374985,1.0,,30.68,0.0,43.53,56.0437508,
2025-09-19 05:03:33+00:00,2025-09-19 05:03:33,,,,,,,,,,55.4212494,11.1687498,1095.82495,1006.34998,44.3125,1.0,,30.68,0.0,43.53,56.0437508,
2025-09-19 05:03:34+00:00,2025-09-19 05:03:34,,,,,,,,,,55.4212494,11.2265625,1095.67505,1006.34998,44.2999992,1.0,,30.68,0.0,43.53,56.0531235,
2025-09-19 05:03:35+00:00,2025-09-19 05:03:35,54.0,38.0,38.0,54.0,54.0,45.335923438520375,303.0,BO_O2_RULE,제어매트릭스 규칙 적용: NOX_HIGH,55.4362488,11.2265625,1095.44995,1006.34998,44.2999992,1.0,,30.68,0.0,43.53,56.0437508,
2025-09-19 05:03:36+00:00,2025-09-19 05:03:36,,,,,,,,,,55.4437485,11.2765627,1095.44995,1006.34998,44.2999992,1.0,,30.68,0.0,43.53,56.0437508,
2025-09-19 05:03:37+00:00,2025-09-19 05:03:37,,,,,,,,,,55.4512482,11.3249998,1095.22498,1006.34998,44.2999992,1.0,,30.68,0.0,43.53,56.0437508,
2025-09-19 05:03:38+00:00,2025-09-19 05:03:38,,,,,,,,,,55.4399986,11.3249998,1095.15002,1006.34998,45.8250008,1.0,,30.68,0.0,43.53,56.0437508,
2025-09-19 05:03:39+00:00,2025-09-19 05:03:39,,,,,,,,,,55.4587517,11.3703127,1095.0,1006.27502,45.8250008,1.0,,30.68,0.0,43.53,56.0437508,
2025-09-19 05:03:40+00:00,2025-09-19 05:03:40,54.0,38.0,38.0,54.0,54.0,46.1614372210195,303.0,BO_O2_RULE,제어매트릭스 규칙 적용: NOX_HIGH,55.4399986,11.3703127,1094.92505,1006.27502,45.8250008,1.0,,30.68,0.0,45.77,56.0437508,
2025-09-19 05:03:41+00:00,2025-09-19 05:03:41,,,,,,,,,,55.4362488,11.4109373,1094.69995,1006.27502,45.8250008,1.0,,30.68,0.0,45.77,56.0437508,
2025-09-19 05:03:42+00:00,2025-09-19 05:03:42,,,,,,,,,,55.4362488,11.4406252,1094.625,1006.27502,45.875,1.0,,30.68,0.0,45.77,56.0437508,
2025-09-19 05:03:43+00:00,2025-09-19 05:03:43,,,,,,,,,,55.4249992,11.4406252,1094.47498,1006.20001,46.4249992,1.0,,30.68,0.0,45.77,56.0437508,
2025-09-19 05:03:44+00:00,2025-09-19 05:03:44,,,,,,,,,,55.4287491,11.4609375,1094.32495,1006.20001,46.4249992,1.0,,30.68,0.0,45.77,56.0437508,
2025-09-19 05:03:45+00:00,2025-09-19 05:03:45,54.0,38.0,38.0,54.0,54.0,46.85035046850821,303.0,BO_O2_RULE,제어매트릭스 규칙 적용: NOX_HIGH,55.4212494,11.4906254,1094.09998,1006.125,46.4249992,1.0,0.0,30.68,0.0,45.77,56.0437508,
2025-09-19 05:03:46+00:00,2025-09-19 05:03:46,,,,,,,,,,55.4662514,11.4906254,1094.02502,1006.20001,46.4124985,1.0,,30.68,0.0,45.77,56.0437508,
2025-09-19 05:03:47+00:00,2025-09-19 05:03:47,,,,,,,,,,55.4137497,11.5218754,1093.875,1006.125,46.4124985,1.0,,30.68,0.0,45.77,56.0437508,
2025-09-19 05:03:48+00:00,2025-09-19 05:03:48,,,,,,,,,,55.4137497,11.5218754,1093.72498,1006.125,47.1124992,1.0,,30.68,0.0,45.77,56.0437508,
2025-09-19 05:03:49+00:00,2025-09-19 05:03:49,,,,,,,,,,55.4249992,11.5515623,1093.5,1006.04999,47.1124992,1.0,,30.68,0.0,45.77,56.0437508,
2025-09-19 05:03:50+00:00,2025-09-19 05:03:50,54.0,38.0,38.0,54.0,54.0,43.48466800402423,303.0,BO_O2_RULE,제어매트릭스 규칙 적용: NOX_HIGH,55.4324989,11.5874996,1093.42505,1005.97498,47.1124992,1.0,,30.68,0.0,47.03,56.0437508,
2025-09-19 05:03:51+00:00,2025-09-19 05:03:51,,,,,,,,,,55.4437485,11.5874996,1093.19995,1005.97498,47.1124992,1.0,,30.68,0.0,47.03,56.0437508,
2025-09-19 05:03:52+00:00,2025-09-19 05:03:52,,,,,,,,,,55.4212494,11.6203127,1093.125,1005.97498,47.1124992,1.0,,30.68,0.0,47.03,56.0437508,
2025-09-19 05:03:53+00:00,2025-09-19 05:03:53,,,,,,,,,,55.4249992,11.6625004,1092.90002,1005.90002,46.1624985,1.0,,30.68,0.0,47.03,56.0437508,
2025-09-19 05:03:54+00:00,2025-09-19 05:03:54,,,,,,,,,,55.4249992,11.6625004,1092.75,1005.90002,46.1624985,1.0,,30.68,0.0,47.03,56.0437508,
2025-09-19 05:03:55+00:00,2025-09-19 05:03:55,54.0,38.0,38.0,54.0,54.0,42.32556571998123,303.0,BO_O2_RULE,제어매트릭스 규칙 적용: NOX_HIGH,55.4625015,11.7093754,1092.52502,1005.90002,46.1624985,1.0,,30.68,0.0,47.03,56.1281242,
2025-09-19 05:03:56+00:00,2025-09-19 05:03:56,,,,,,,,,,55.4399986,11.7093754,1092.375,1005.90002,46.1624985,1.0,,30.68,0.0,47.03,56.0437508,
2025-09-19 05:03:57+00:00,2025-09-19 05:03:57,,,,,,,,,,55.4287491,11.7484379,1092.15002,1005.82501,46.1624985,1.0,,30.68,0.0,47.03,56.0437508,
2025-09-19 05:03:58+00:00,2025-09-19 05:03:58,,,,,,,,,,55.4287491,11.8015623,1092.0,1005.75,46.4249992,1.0,,30.68,0.0,47.03,56.0437508,
2025-09-19 05:03:59+00:00,2025-09-19 05:03:59,,,,,,,,,,55.4362488,11.8015623,1091.77502,1005.75,46.4124985,1.0,,30.68,0.0,47.03,56.2125015,
2025-09-19 05:04:00+00:00,2025-09-19 05:04:00,54.0,38.0,38.0,54.0,54.0,41.38689314278629,303.0,BO_O2_RULE,제어매트릭스 규칙 적용: NOX_HIGH,55.4249992,11.8578129,1091.625,1005.67499,46.4249992,1.0,0.0,30.68,0.0,46.4,56.2218742,
2025-09-19 05:04:01+00:00,2025-09-19 05:04:01,,,,,,,,,,55.4287491,11.9140625,1091.40002,1005.67499,46.4249992,1.0,,30.68,0.0,46.4,56.2218742,
2025-09-19 05:04:02+00:00,2025-09-19 05:04:02,,,,,,,,,,55.4324989,11.9140625,1091.25,1005.59998,46.4124985,1.0,,30.68,0.0,46.4,56.2218742,
2025-09-19 05:04:03+00:00,2025-09-19 05:04:03,,,,,,,,,,55.4287491,11.9640627,1090.94995,1005.52502,46.4249992,1.0,,30.68,0.0,46.4,56.2218742,
2025-09-19 05:04:04+00:00,2025-09-19 05:04:04,,,,,,,,,,55.4212494,11.9640627,1090.80005,1005.52502,46.4249992,1.0,,30.68,0.0,46.4,56.0531235,
2025-09-19 05:04:05+00:00,2025-09-19 05:04:05,54.0,38.0,38.0,54.0,54.0,42.700321770508545,303.0,BO_O2_RULE,제어매트릭스 규칙 적용: NOX_HIGH,55.4212494,12.0171871,1090.57495,1005.45001,46.4124985,1.0,,30.68,0.0,46.4,56.0437508,
2025-09-19 05:04:06+00:00,2025-09-19 05:04:06,,,,,,,,,,55.4212494,12.0765629,1090.34998,1005.45001,46.4249992,1.0,,30.68,0.0,46.4,56.2218742,
2025-09-19 05:04:07+00:00,2025-09-19 05:04:07,,,,,,,,,,55.4249992,12.0765629,1090.05005,1005.375,46.4249992,1.0,,30.68,0.0,46.4,56.2312508,
2025-09-19 05:04:08+00:00,2025-09-19 05:04:08,,,,,,,,,,55.4212494,12.140625,1089.90002,1005.375,46.5,1.0,,30.68,0.0,46.4,56.0437508,
2025-09-19 05:04:09+00:00,2025-09-19 05:04:09,,,,,,,,,,55.4324989,12.203125,1089.67505,1005.22498,46.5,1.0,,30.68,0.0,46.4,56.0437508,
2025-09-19 05:04:10+00:00,2025-09-19 05:04:10,54.0,38.0,38.0,54.0,54.0,42.49831816658096,303.0,BO_O2_RULE,제어매트릭스 규칙 적용: NOX_HIGH,55.4625015,12.203125,1089.44995,1005.22498,46.5125008,1.0,,30.68,0.0,46.49,56.0531235,
2025-09-19 05:04:11+00:00,2025-09-19 05:04:11,,,,,,,,,,55.4287491,12.2671871,1089.22498,1005.22498,46.5,1.0,,30.68,0.0,46.49,56.0437508,
2025-09-19 05:04:12+00:00,2025-09-19 05:04:12,,,,,,,,,,55.4212494,12.2671871,1089.0,1005.15002,46.5,1.0,,30.68,0.0,46.49,56.0437508,
2025-09-19 05:04:13+00:00,2025-09-19 05:04:13,,,,,,,,,,55.4287491,12.3359375,1088.69995,1005.07501,46.5125008,1.0,,30.68,0.0,46.49,56.0437508,
2025-09-19 05:04:14+00:00,2025-09-19 05:04:14,,,,,,,,,,55.4587517,12.4031248,1088.55005,1005.07501,46.5125008,1.0,,30.68,0.0,46.49,56.0437508,
2025-09-19 05:04:15+00:00,2025-09-19 05:04:15,54.0,38.0,38.0,54.0,54.0,42.4273279297272,303.0,BO_O2_RULE,제어매트릭스 규칙 적용: NOX_HIGH,55.4249992,12.4031248,1088.25,1005.0,46.5,1.0,0.0,30.68,0.0,46.49,56.0437508,
2025-09-19 05:04:16+00:00,2025-09-19 05:04:16,,,,,,,,,,55.4362488,12.46875,1088.09998,1004.92499,46.5,1.0,,30.68,0.0,46.49,56.0437508,
2025-09-19 05:04:17+00:00,2025-09-19 05:04:17,,,,,,,,,,55.4550018,12.5249996,1087.80005,1004.84998,46.5125008,1.0,,30.68,0.0,46.49,56.0437508,
2025-09-19 05:04:18+00:00,2025-09-19 05:04:18,,,,,,,,,,55.4249992,12.5249996,1087.57495,1004.84998,46.1624985,1.0,,30.68,0.0,46.49,56.0531235,
2025-09-19 05:04:19+00:00,2025-09-19 05:04:19,,,,,,,,,,55.4249992,12.5765629,1087.27502,1004.77502,46.1624985,1.0,,30.68,0.0,46.49,56.0437508,
2025-09-19 05:04:20+00:00,2025-09-19 05:04:20,54.0,54.0,38.0,54.0,54.0,40.7233277072601,303.0,BO_O2_RULE,제어매트릭스 규칙 적용: NOX_HIGH,55.4399986,12.5765629,1087.125,1004.70001,46.1624985,1.0,,30.68,0.0,46.12,56.0437508,
2025-09-19 05:04:21+00:00,2025-09-19 05:04:21,,,,,,,,,,55.4249992,12.625,1086.82495,1004.625,46.1624985,1.0,,30.68,0.0,46.12,56.0437508,
2025-09-19 05:04:22+00:00,2025-09-19 05:04:22,,,,,,,,,,55.4324989,12.6765623,1086.59998,1004.54999,46.1624985,1.0,,30.68,0.0,46.12,56.0437508,
2025-09-19 05:04:23+00:00,2025-09-19 05:04:23,,,,,,,,,,55.4287491,12.6765623,1086.30005,1004.47498,45.4874992,1.0,,30.68,0.0,46.12,56.0437508,
2025-09-19 05:04:24+00:00,2025-09-19 05:04:24,,,,,,,,,,55.4700012,12.7281246,1086.07495,1004.47498,45.4874992,1.0,,30.68,0.0,46.12,56.0437508,
2025-09-19 05:04:25+00:00,2025-09-19 05:04:25,54.0,54.0,38.0,54.0,54.0,40.155466898636654,303.0,BO_O2_RULE,제어매트릭스 규칙 적용: NOX_HIGH,55.4474983,12.7765627,1085.77502,1004.32501,45.4874992,1.0,,30.68,0.0,46.12,56.0437508,
2025-09-19 05:04:26+00:00,2025-09-19 05:04:26,,,,,,,,,,55.4474983,12.7765627,1085.55005,1004.32501,45.4749985,1.0,,30.68,0.0,46.12,56.0437508,
2025-09-19 05:04:27+00:00,2025-09-19 05:04:27,,,,,,,,,,55.4249992,12.8249998,1085.25,1004.17499,45.4874992,1.0,,30.68,0.0,46.12,56.0531235,
2025-09-19 05:04:28+00:00,2025-09-19 05:04:28,,,,,,,,,,55.4324989,12.8249998,1085.09998,1004.17499,45.4000015,1.0,,30.68,0.0,46.12,56.0437508,
2025-09-19 05:04:29+00:00,2025-09-19 05:04:29,,,,,,,,,,55.4174995,12.8687496,1084.72498,1004.09998,45.4000015,1.0,,30.68,0.0,46.12,56.0437508,
2025-09-19 05:04:30+00:00,2025-09-19 05:04:30,54.0,54.0,38.0,54.0,54.0,39.88765571016125,303.0,BO_O2_RULE,제어매트릭스 규칙 적용: NOX_HIGH,55.4287491,12.9109373,1084.57495,1004.02502,45.4000015,1.0,0.0,30.68,0.0,45.33,56.0437508,
2025-09-19 05:04:31+00:00,2025-09-19 05:04:31,,,,,,,,,,55.4550018,12.9109373,1084.19995,1003.95001,45.4000015,1.0,,30.68,0.0,45.33,56.0437508,
2025-09-19 05:04:32+00:00,2025-09-19 05:04:32,,,,,,,,,,55.4324989,12.9515629,1083.97498,1003.875,45.4000015,1.0,,30.68,0.0,45.33,56.0437508,
2025-09-19 05:04:33+00:00,2025-09-19 05:04:33,,,,,,,,,,55.4174995,12.9890623,1083.67505,1003.79999,45.4000015,1.0,,30.68,0.0,45.33,56.0437508,
2025-09-19 05:04:34+00:00,2025-09-19 05:04:34,,,,,,,,,,55.4249992,12.9890623,1083.44995,1003.72498,45.4000015,1.0,,30.68,0.0,45.33,56.0437508,
2025-09-19 05:04:35+00:00,2025-09-19 05:04:35,54.0,54.0,38.0,54.0,54.0,40.409656974347044,303.0,BO_O2_RULE,제어매트릭스 규칙 적용: NOX_HIGH,55.4287491,13.0375004,1083.07495,1003.65002,45.4000015,1.0,,30.68,0.0,45.33,56.0531235,
2025-09-19 05:04:36+00:00,2025-09-19 05:04:36,,,,,,,,,,55.4324989,13.0375004,1082.84998,1003.57501,45.4000015,1.0,,30.68,0.0,45.33,56.0437508,
2025-09-19 05:04:37+00:00,2025-09-19 05:04:37,,,,,,,,,,55.4399986,13.0874996,1082.55005,1003.5,45.4000015,1.0,,30.68,0.0,45.33,56.0437508,
2025-09-19 05:04:38+00:00,2025-09-19 05:04:38,,,,,,,,,,55.4287491,13.1374998,1082.32495,1003.42499,44.7999992,1.0,,30.68,0.0,45.33,56.0437508,
2025-09-19 05:04:39+00:00,2025-09-19 05:04:39,,,,,,,,,,55.4212494,13.1374998,1081.94995,1003.34998,44.7999992,1.0,,30.68,0.0,45.33,56.0437508,
2025-09-19 05:04:40+00:00,2025-09-19 05:04:40,54.0,54.0,38.0,54.0,54.0,40.510465885981944,303.0,BO_O2_RULE,제어매트릭스 규칙 적용: NOX_HIGH,55.4137497,13.1812496,1081.72498,1003.27502,44.8125,1.0,,30.68,0.0,44.74,56.0437508,
2025-09-19 05:04:41+00:00,2025-09-19 05:04:41,,,,,,,,,,55.4587517,13.2218752,1081.42505,1003.20001,44.8125,1.0,,30.68,0.0,44.74,56.0437508,
2025-09-19 05:04:42+00:00,2025-09-19 05:04:42,,,,,,,,,,55.4212494,13.2218752,1081.125,1003.04999,44.7999992,1.0,,30.68,0.0,44.74,56.0437508,
2025-09-19 05:04:43+00:00,2025-09-19 05:04:43,,,,,,,,,,55.4362488,13.2515621,1080.82495,1002.97498,44.3875008,1.0,,30.68,0.0,44.74,56.0437508,
2025-09-19 05:04:44+00:00,2025-09-19 05:04:44,,,,,,,,,,55.4437485,13.2515621,1080.52502,1002.90002,44.3875008,1.0,,30.68,0.0,44.74,56.0437508,
2025-09-19 05:04:45+00:00,2025-09-19 05:04:45,54.0,54.0,38.0,54.0,54.0,39.63672504495516,303.0,BO_O2_RULE,제어매트릭스 규칙 적용: NOX_HIGH,55.4662514,13.2843752,1080.22498,1002.82501,44.3875008,1.0,0.0,30.68,0.0,44.74,56.0437508,
2025-09-19 05:04:46+00:00,2025-09-19 05:04:46,,,,,,,,,,55.4362488,13.3328123,1080.0,1002.75,44.3875008,1.0,,30.68,0.0,44.74,56.0437508,
2025-09-19 05:04:47+00:00,2025-09-19 05:04:47,,,,,,,,,,55.4249992,13.3328123,1079.625,1002.67499,44.3875008,1.0,,30.68,0.0,44.74,56.0437508,
2025-09-19 05:04:48+00:00,2025-09-19 05:04:48,,,,,,,,,,55.4437485,13.40625,1079.40002,1002.59998,43.7874985,1.0,,30.68,0.0,44.74,56.0437508,
2025-09-19 05:04:49+00:00,2025-09-19 05:04:49,,,,,,,,,,55.4212494,13.4796877,1079.02502,1002.45001,43.7874985,1.0,,30.68,0.0,44.74,56.0437508,
2025-09-19 05:04:50+00:00,2025-09-19 05:04:50,54.0,54.0,38.0,54.0,54.0,35.76030099536375,303.0,BO_O2_RULE,제어매트릭스 규칙 적용: NOX_HIGH,55.4399986,13.4796877,1078.80005,1002.45001,43.7874985,1.0,,30.68,0.0,43.71,56.0437508,
2025-09-19 05:04:51+00:00,2025-09-19 05:04:51,,,,,,,,,,55.4287491,13.5124998,1078.5,1002.29999,43.7874985,1.0,,30.68,0.0,43.71,56.0437508,
2025-09-19 05:04:52+00:00,2025-09-19 05:04:52,,,,,,,,,,55.4362488,13.5124998,1078.27502,1002.22498,43.7874985,1.0,,30.68,0.0,43.71,56.0437508,
2025-09-19 05:04:53+00:00,2025-09-19 05:04:53,,,,,,,,,,55.4399986,13.5328121,1077.90002,1002.15002,43.7874985,1.0,,30.68,0.0,43.71,56.0437508,
2025-09-19 05:04:54+00:00,2025-09-19 05:04:54,,,,,,,,,,55.4437485,13.5562496,1077.67505,1002.07501,43.7874985,1.0,,30.68,0.0,43.71,56.0437508,
2025-09-19 05:04:55+00:00,2025-09-19 05:04:55,54.0,54.0,38.0,54.0,54.0,36.596083871672924,303.0,BO_O2_RULE,제어매트릭스 규칙 적용: NOX_HIGH,55.4249992,13.5562496,1077.30005,1001.84998,43.7874985,1.0,,30.68,0.0,43.71,56.0437508,
2025-09-19 05:04:56+00:00,2025-09-19 05:04:56,,,,,,,,,,55.4587517,13.5656252,1077.07495,1001.77502,43.7874985,1.0,,30.68,0.0,43.71,56.0437508,
2025-09-19 05:04:57+00:00,2025-09-19 05:04:57,,,,,,,,,,55.4287491,13.5609379,1076.69995,1001.70001,43.7874985,1.0,,30.68,0.0,43.71,56.0437508,
2025-09-19 05:04:58+00:00,2025-09-19 05:04:58,,,,,,,,,,55.4324989,13.5609379,1076.47498,1001.625,43.6124992,1.0,,30.68,0.0,43.71,56.0437508,
2025-09-19 05:04:59+00:00,2025-09-19 05:04:59,,,,,,,,,,55.4324989,13.5390625,1076.17505,1001.47498,43.6124992,1.0,,30.68,0.0,43.71,56.0437508,
2025-09-19 05:05:00+00:00,2025-09-19 05:05:00,54.0,54.0,38.0,54.0,54.0,36.29066355871899,303.0,BO_O2_RULE,제어매트릭스 규칙 적용: NOX_HIGH,55.4474983,13.5390625,1075.94995,1001.40002,43.625,1.0,0.0,30.68,0.0,43.6,56.0531235,
2025-09-19 05:05:01+00:00,2025-09-19 05:05:01,,,,,,,,,,55.4399986,13.4890623,1075.57495,1001.25,43.625,1.0,,30.68,0.0,43.6,56.0437508,
2025-09-19 05:05:02+00:00,2025-09-19 05:05:02,,,,,,,,,,55.4399986,13.4640627,1075.19995,1001.09998,43.5750008,1.0,,30.68,0.0,43.6,56.0437508,
2025-09-19 05:05:03+00:00,2025-09-19 05:05:03,,,,,,,,,,55.4550018,13.4640627,1074.97498,1001.09998,43.2874985,1.0,,30.68,0.0,43.6,56.0437508,
2025-09-19 05:05:04+00:00,2025-09-19 05:05:04,,,,,,,,,,55.4587517,13.4453125,1074.67505,1000.95001,43.2874985,1.0,,30.68,0.0,43.6,56.0437508,
2025-09-19 05:05:05+00:00,2025-09-19 05:05:05,54.0,54.0,38.0,54.0,54.0,36.01050081659043,303.0,BO_O2_RULE,제어매트릭스 규칙 적용: NOX_HIGH,55.4174995,13.4390621,1074.44995,1000.875,43.2750015,1.0,,30.68,0.0,43.6,56.0437508,
2025-09-19 05:05:06+00:00,2025-09-19 05:05:06,,,,,,,,,,55.4249992,13.4390621,1074.15002,1000.72498,43.2750015,1.0,,30.68,0.0,43.6,56.0437508,
2025-09-19 05:05:07+00:00,2025-09-19 05:05:07,,,,,,,,,,55.4287491,13.4281254,1073.92505,1000.65002,43.2750015,1.0,,30.68,0.0,43.6,56.0437508,
2025-09-19 05:05:08+00:00,2025-09-19 05:05:08,,,,,,,,,,55.4249992,13.4093752,1073.625,1000.5,42.8499985,1.0,,30.68,0.0,43.6,56.0437508,
2025-09-19 05:05:09+00:00,2025-09-19 05:05:09,,,,,,,,,,55.4324989,13.4093752,1073.32495,1000.42499,42.8499985,1.0,,30.68,0.0,43.6,56.0437508,
2025-09-19 05:05:10+00:00,2025-09-19 05:05:10,54.0,54.0,38.0,54.0,54.0,32.94102538837289,303.0,BO_O2_RULE,제어매트릭스 규칙 적용: NOX_HIGH,55.4287491,13.3828125,1072.94995,1000.27502,42.8499985,1.0,,30.68,0.0,42.82,56.0437508,
2025-09-19 05:05:11+00:00,2025-09-19 05:05:11,,,,,,,,,,55.4212494,13.3828125,1072.80005,1000.125,42.8499985,1.0,,30.68,0.0,42.82,56.0437508,
2025-09-19 05:05:12+00:00,2025-09-19 05:05:12,,,,,,,,,,55.4474983,13.3578129,1072.5,1000.04999,42.8250008,1.0,,30.68,0.0,42.82,56.0437508,
2025-09-19 05:05:13+00:00,2025-09-19 05:05:13,,,,,,,,,,55.4324989,13.3453121,1072.19995,999.900024,42.5999985,1.0,,30.68,0.0,42.82,56.0437508,
2025-09-19 05:05:14+00:00,2025-09-19 05:05:14,,,,,,,,,,55.4550018,13.3453121,1071.82495,999.75,42.5999985,1.0,,30.68,0.0,42.82,56.0437508,
2025-09-19 05:05:15+00:00,2025-09-19 05:05:15,54.0,39.0,38.0,54.0,54.0,32.7894590818281,303.0,BO_O2_RULE,제어매트릭스 규칙 적용: NOX_HIGH,55.4287491,13.3390627,1071.67505,999.674988,42.5999985,1.0,0.0,30.68,0.0,42.82,56.0437508,
2025-09-19 05:05:16+00:00,2025-09-19 05:05:16,,,,,,,,,,55.4324989,13.3312502,1071.30005,999.525024,42.5999985,1.0,,30.68,0.0,42.82,56.0437508,
2025-09-19 05:05:17+00:00,2025-09-19 05:05:17,,,,,,,,,,55.4287491,13.3312502,1071.0,999.450012,42.5999985,1.0,,30.68,0.0,42.82,56.0437508,
2025-09-19 05:05:18+00:00,2025-09-19 05:05:18,,,,,,,,,,55.4850006,13.3249998,1070.69995,999.299988,42.0,1.0,,30.68,0.0,42.82,56.0437508,
2025-09-19 05:05:19+00:00,2025-09-19 05:05:19,,,,,,,,,,55.4324989,13.3249998,1070.47498,999.224976,42.0,1.0,,30.68,0.0,42.82,56.0437508,
2025-09-19 05:05:20+00:00,2025-09-19 05:05:20,54.0,39.0,38.0,54.0,54.0,32.782965654379595,303.0,BO_O2_RULE,제어매트릭스 규칙 적용: NOX_HIGH,55.4474983,13.3234377,1070.09998,999.075012,42.0125008,1.0,,30.68,0.0,42.82,56.0437508,
2025-09-19 05:05:21+00:00,2025-09-19 05:05:21,,,,,,,,,,55.4249992,13.3328123,1069.875,998.924988,42.0,1.0,,30.68,0.0,41.97,56.0437508,
2025-09-19 05:05:22+00:00,2025-09-19 05:05:22,,,,,,,,,,55.4362488,13.3328123,1069.5,998.849976,41.8499985,1.0,,30.68,0.0,41.97,56.0437508,
2025-09-19 05:05:23+00:00,2025-09-19 05:05:23,,,,,,,,,,55.4249992,13.3531246,1069.27502,998.700012,40.8250008,1.0,,30.68,0.0,41.97,56.0437508,
2025-09-19 05:05:24+00:00,2025-09-19 05:05:24,,,,,,,,,,55.4587517,13.3781252,1068.90002,998.549988,40.8250008,1.0,,30.68,0.0,41.97,56.0437508,
2025-09-19 05:05:25+00:00,2025-09-19 05:05:25,54.0,39.0,38.0,54.0,54.0,31.652028271047126,303.0,BO_O2_RULE,제어매트릭스 규칙 적용: NOX_HIGH,55.4287491,13.3781252,1068.59998,998.474976,40.8125,1.0,,30.68,0.0,41.97,56.0437508,
2025-09-19 05:05:26+00:00,2025-09-19 05:05:26,,,,,,,,,,55.4399986,13.4093752,1068.30005,998.325012,40.8250008,1.0,,30.68,0.0,41.97,56.0437508,
2025-09-19 05:05:27+00:00,2025-09-19 05:05:27,,,,,,,,,,55.4700012,13.4093752,1068.0,998.174988,40.8125,1.0,,30.68,0.0,41.97,56.0437508,
2025-09-19 05:05:28+00:00,2025-09-19 05:05:28,,,,,,,,,,55.4587517,13.4484377,1067.625,998.025024,40.8125,1.0,,30.68,0.0,41.97,56.0437508,
2025-09-19 05:05:29+00:00,2025-09-19 05:05:29,,,,,,,,,,55.4287491,13.4984379,1067.40002,997.950012,40.8125,1.0,,30.68,0.0,41.97,56.0437508,
2025-09-19 05:05:30+00:00,2025-09-19 05:05:30,54.0,39.0,38.0,54.0,54.0,26.942083690308877,303.0,BO_O2_RULE,제어매트릭스 규칙 적용: NOX_HIGH,55.4324989,13.4984379,1067.02502,997.724976,40.8250008,1.0,0.0,30.68,0.0,40.76,56.0437508,
2025-09-19 05:05:31+00:00,2025-09-19 05:05:31,,,,,,,,,,55.4249992,13.5578127,1066.80005,997.650024,40.8125,1.0,,30.68,0.0,40.76,56.0437508,
2025-09-19 05:05:32+00:00,2025-09-19 05:05:32,,,,,,,,,,55.4399986,13.6218748,1066.42505,997.5,40.7874985,1.0,,30.68,0.0,40.76,56.0437508,
2025-09-19 05:05:33+00:00,2025-09-19 05:05:33,,,,,,,,,,55.4174995,13.6218748,1066.125,997.349976,40.5625,1.0,,30.68,0.0,40.76,56.0437508,
2025-09-19 05:05:34+00:00,2025-09-19 05:05:34,,,,,,,,,,55.4587517,13.6859379,1065.75,997.200012,40.5625,1.0,,30.68,0.0,40.76,56.0437508,
2025-09-19 05:05:35+00:00,2025-09-19 05:05:35,54.0,54.0,38.0,54.0,54.0,28.549033966193242,303.0,BO_O2_RULE,제어매트릭스 규칙 적용: NOX_HIGH,55.4287491,13.6859379,1065.44995,997.125,40.5625,1.0,,30.68,0.0,40.76,56.0437508,
2025-09-19 05:05:36+00:00,2025-09-19 05:05:36,,,,,,,,,,55.4512482,13.7484379,1065.07495,996.974976,40.5625,1.0,,30.68,0.0,40.76,56.0437508,
2025-09-19 05:05:37+00:00,2025-09-19 05:05:37,,,,,,,,,,55.4587517,13.8140621,1064.77502,996.825012,40.5625,1.0,,30.68,0.0,40.76,56.0437508,
2025-09-19 05:05:38+00:00,2025-09-19 05:05:38,,,,,,,,,,55.4324989,13.8140621,1064.40002,996.674988,39.2125015,1.0,,30.68,0.0,40.76,56.0437508,
2025-09-19 05:05:39+00:00,2025-09-19 05:05:39,,,,,,,,,,55.4287491,13.8812504,1064.09998,996.599976,39.2125015,1.0,,30.68,0.0,40.76,56.0437508,
2025-09-19 05:05:40+00:00,2025-09-19 05:05:40,54.0,54.0,38.0,38.0,54.0,31.660409307043057,401.0,BO_O2_RULE_NOX,"NOx 예측 규칙 적용: 31.7ppm (NOX_PRED_HIGH, TEMP_IN_OK, TEMP_OUT_OK)",55.4287491,13.9484377,1063.72498,996.450012,39.2125015,1.0,,30.68,0.0,39.2,56.0437508,
2025-09-19 05:05:41+00:00,2025-09-19 05:05:41,,,,,,,,,,55.4212494,13.9484377,1063.42505,996.299988,39.2125015,1.0,,30.68,0.0,39.2,56.0437508,
2025-09-19 05:05:42+00:00,2025-09-19 05:05:42,,,,,,,,,,55.4249992,14.0140629,1063.05005,996.150024,39.0125008,1.0,,30.68,0.0,39.2,56.0437508,
2025-09-19 05:05:43+00:00,2025-09-19 05:05:43,,,,,,,,,,55.4362488,14.0140629,1062.75,996.0,37.7625008,1.0,,30.68,0.0,39.2,56.0437508,
2025-09-19 05:05:44+00:00,2025-09-19 05:05:44,,,,,,,,,,55.4550018,14.0765629,1062.30005,995.849976,37.7625008,1.0,,30.68,0.0,39.2,56.0437508,
2025-09-19 05:05:45+00:00,2025-09-19 05:05:45,50.4343748,54.0,38.0,38.0,38.0,26.52051865335002,210.0,BO_O2,O2 규칙 적용: 14.0% (>12.0%),55.4362488,14.140625,1062.0,995.775024,37.7750015,1.0,0.0,30.68,0.0,39.2,56.0437508,
2025-09-19 05:05:46+00:00,2025-09-19 05:05:46,,,,,,,,,,55.4625015,14.140625,1061.625,995.549988,37.7750015,1.0,,30.68,0.0,39.2,56.0437508,
2025-09-19 05:05:47+00:00,2025-09-19 05:05:47,,,,,,,,,,51.4762497,14.2062502,1061.32495,995.400024,37.7750015,1.0,,30.68,0.0,39.2,56.0531235,
2025-09-19 05:05:48+00:00,2025-09-19 05:05:48,,,,,,,,,,51.2700005,14.2609377,1060.875,995.25,37.0875015,1.0,,30.68,0.0,39.2,56.0437508,
2025-09-19 05:05:49+00:00,2025-09-19 05:05:49,,,,,,,,,,51.2587509,14.2609377,1060.65002,995.174988,37.0875015,1.0,,30.68,0.0,39.2,55.2843742,
2025-09-19 05:05:50+00:00,2025-09-19 05:05:50,48.4693756,54.0,38.0,38.0,38.0,24.634048474098684,210.0,BO_O2,O2 규칙 적용: 14.2% (>12.0%),51.2700005,14.3140621,1060.19995,994.950012,37.0999985,1.0,,30.68,0.0,37.09,53.8312492,
2025-09-19 05:05:51+00:00,2025-09-19 05:05:51,,,,,,,,,,51.2324982,14.3140621,1059.90002,994.799988,37.0875015,1.0,,30.68,0.0,37.09,52.3687515,
2025-09-19 05:05:52+00:00,2025-09-19 05:05:52,,,,,,,,,,49.2900009,14.3687496,1059.44995,994.650024,37.0999985,1.0,,30.68,0.0,37.09,51.3468742,
2025-09-19 05:05:53+00:00,2025-09-19 05:05:53,,,,,,,,,,49.1025009,14.4250002,1059.15002,994.575012,37.1749992,1.0,,30.68,0.0,37.09,50.4749985,
2025-09-19 05:05:54+00:00,2025-09-19 05:05:54,,,,,,,,,,49.1062508,14.4250002,1058.77502,994.349976,37.1749992,1.0,,30.68,0.0,37.09,49.7625008,
2025-09-19 05:05:55+00:00,2025-09-19 05:05:55,44.6828127,54.0,38.0,38.0,38.0,24.935841300070415,210.0,BO_O2,O2 규칙 적용: 14.4% (>12.0%),49.0912514,14.484375,1058.40002,994.200012,37.1749992,1.0,,30.68,0.0,37.09,48.6656265,
2025-09-19 05:05:56+00:00,2025-09-19 05:05:56,,,,,,,,,,49.0950012,14.5359373,1057.94995,994.049988,37.1749992,1.0,,30.68,0.0,37.09,47.8031235,
2025-09-19 05:05:57+00:00,2025-09-19 05:05:57,,,,,,,,,,48.4650002,14.5359373,1057.72498,993.900024,37.1749992,1.0,,30.68,0.0,37.09,47.0999985,
2025-09-19 05:05:58+00:00,2025-09-19 05:05:58,,,,,,,,,,46.1362495,14.5843754,1057.27502,993.75,35.9749985,1.0,,30.68,0.0,37.09,46.6031265,
2025-09-19 05:05:59+00:00,2025-09-19 05:05:59,,,,,,,,,,46.0574989,14.5843754,1056.97498,993.599976,35.9749985,1.0,,30.68,0.0,37.09,46.2093735,
2025-09-19 05:06:00+00:00,2025-09-19 05:06:00,42.438437449999995,54.0,38.0,38.0,38.0,24.8939879485403,210.0,BO_O2,O2 규칙 적용: 14.6% (>12.0%),46.0462494,14.6312504,1056.44995,993.450012,35.9749985,1.0,0.0,30.68,0.0,35.96,45.515625,
2025-09-19 05:06:01+00:00,2025-09-19 05:06:01,,,,,,,,,,46.0424995,14.6734371,1056.22498,993.299988,35.9749985,1.0,,30.68,0.0,35.96,44.3062515,
2025-09-19 05:06:02+00:00,2025-09-19 05:06:02,,,,,,,,,,43.3687515,14.6734371,1055.77502,993.150024,35.6500015,1.0,,30.68,0.0,35.96,43.1156235,
2025-09-19 05:06:03+00:00,2025-09-19 05:06:03,,,,,,,,,,42.9000015,14.7124996,1055.47498,993.0,33.7000008,1.0,,30.68,0.0,35.96,42.1312485,
2025-09-19 05:06:04+00:00,2025-09-19 05:06:04,,,,,,,,,,42.8925018,14.7468748,1055.02502,992.775024,33.7000008,1.0,,30.68,0.0,35.96,41.3343735,
2025-09-19 05:06:05+00:00,2025-09-19 05:06:05,39.7056255,54.0,38.0,38.0,38.0,24.36825898296852,210.0,BO_O2,O2 규칙 적용: 14.7% (>12.0%),42.9075012,14.7468748,1054.72498,992.700012,33.6875,1.0,,30.68,0.0,35.96,40.0125008,
2025-09-19 05:06:06+00:00,2025-09-19 05:06:06,,,,,,,,,,42.9075012,14.7468748,1054.72498,992.700012,33.6875,1.0,,30.68,0.0,35.96,40.0125008,
2025-09-19 05:06:07+00:00,2025-09-19 05:06:07,,,,,,,,,,41.0400009,14.7749996,1053.97498,992.325012,33.7000008,1.0,,30.68,0.0,35.96,37.40625,
