time,_time_gateway,ACT_SNR_PMP_BO_0,ACT_SNR_PMP_BO_1,ACT_SNR_PMP_BO_2,ACT_SNR_PMP_BO_3,ACT_SNR_PMP_BO_4,SNR_NOX_PRED,SNR_STATUS_CODE,SNR_STAGE,SNR_MESSAGE,SNR_PMP_UW_S_1,BR1_EO_O2_A,ICF_CCS_FG_T_1,ICF_SCS_FG_T_1,ICF_TMS_NOX_A,ACC_SNR_AI_1A,ACT_STATUS,NOX_30m_Value,NOX_EQ_Status,NOX_Value,SNR_EQ_UW_F_1,ACT_SNR_PMP_UW_S,SNR_EQ_UW_F_1_1,SNR_EQ_DW_F_1,SNR_EQ_UW_F_2,IncineratorStatus
2025-11-05 01:40:29+00:00,2025-11-05 01:40:29,,,,,,,,,,44.1074982,9.14375019,1052.09998,879.900024,17.1875,1.0,,12.86,0.0,16.92,92.6062469,,92.6062469,0.0,123.0,0.0
2025-11-05 01:40:30+00:00,2025-11-05 01:40:30,42.0,42.0,42.0,42.0,42.0,18.539272992826195,100.0,BO_ONLY,"BO 모델 결과만 사용 (1단계 롤백, 2~4단계에서 Hz 변화 없음)",44.0849991,9.14375019,1052.25,879.900024,17.3624992,1.0,0.0,12.86,0.0,16.92,91.8937531,,91.8937531,0.0,123.0,0.0
2025-11-05 01:40:31+00:00,2025-11-05 01:40:31,,,,,,,,,,44.1112518,9.26406288,1052.32495,880.049988,17.3624992,1.0,,12.86,0.0,16.92,90.2624969,,90.2624969,0.0,123.074997,0.0
2025-11-05 01:40:32+00:00,2025-11-05 01:40:32,,,,,,,,,,44.1112518,9.37656212,1052.47498,880.200012,17.3624992,1.0,,12.86,0.0,16.92,87.75,,87.75,0.0,123.0,0.0
2025-11-05 01:40:33+00:00,2025-11-05 01:40:33,,,,,,,,,,43.3274994,9.37656212,1052.55005,880.200012,17.3500004,1.0,,12.86,0.0,16.92,85.4812469,,85.4812469,0.0,123.0,0.0
2025-11-05 01:40:34+00:00,2025-11-05 01:40:34,,,,,,,,,,43.0912514,9.47812462,1052.625,880.275024,17.6000004,1.0,,12.86,0.0,16.92,83.8687515,,83.8687515,0.0,123.0,0.0
2025-11-05 01:40:35+00:00,2025-11-05 01:40:35,39.0,39.0,39.0,39.0,39.0,17.83894308161054,100.0,BO_ONLY,"BO 모델 결과만 사용 (1단계 롤백, 2~4단계에서 Hz 변화 없음)",43.0762482,9.57187462,1052.625,880.349976,17.6124992,1.0,,12.86,0.0,17.48,83.2312469,,83.2312469,0.0,123.0,0.0
2025-11-05 01:40:36+00:00,2025-11-05 01:40:36,,,,,,,,,,43.0837517,9.57187462,1052.69995,880.424988,17.6124992,1.0,,12.86,0.0,17.48,82.1999969,,82.1999969,0.0,123.0,0.0
2025-11-05 01:40:37+00:00,2025-11-05 01:40:37,,,,,,,,,,43.0649986,9.6640625,1052.69995,880.575012,17.6124992,1.0,,12.86,0.0,17.48,80.7937469,,80.7937469,0.0,123.074997,0.0
2025-11-05 01:40:38+00:00,2025-11-05 01:40:38,,,,,,,,,,40.2299995,9.6640625,1052.77502,880.650024,17.6124992,1.0,,12.86,0.0,17.48,80.0062485,,80.0062485,0.0,122.925003,0.0
2025-11-05 01:40:39+00:00,2025-11-05 01:40:39,,,,,,,,,,39.9262505,9.74843788,1052.84998,880.650024,17.7999992,1.0,,12.86,0.0,17.48,79.1812515,,79.1812515,0.0,123.0,0.0
2025-11-05 01:40:40+00:00,2025-11-05 01:40:40,39.0,39.0,39.0,39.0,39.0,18.272885526650835,100.0,BO_ONLY,"BO 모델 결과만 사용 (1단계 롤백, 2~4단계에서 Hz 변화 없음)",39.9225006,9.82656288,1052.84998,880.724976,17.9500008,1.0,,12.86,0.0,17.48,78.4124985,,78.4124985,0.0,123.074997,0.0
2025-11-05 01:40:41+00:00,2025-11-05 01:40:41,,,,,,,,,,39.9150009,9.82656288,1052.92505,880.875,17.9500008,1.0,,12.86,0.0,17.48,77.4000015,,77.4000015,0.0,123.074997,0.0
2025-11-05 01:40:42+00:00,2025-11-05 01:40:42,,,,,,,,,,39.9225006,9.8984375,1053.07495,880.950012,17.9500008,1.0,,12.86,0.0,17.48,74.8687515,,74.8687515,0.0,122.925003,0.0
2025-11-05 01:40:43+00:00,2025-11-05 01:40:43,,,,,,,,,,39.9225006,9.95156288,1053.15002,881.025024,17.9500008,1.0,,12.86,0.0,17.48,72.75,,72.75,0.0,124.425003,0.0
2025-11-05 01:40:44+00:00,2025-11-05 01:40:44,,,,,,,,,,39.9150009,9.95156288,1053.30005,881.099976,18.3624992,1.0,,12.86,0.0,17.48,70.9499969,,70.9499969,0.0,124.5,0.0
2025-11-05 01:40:45+00:00,2025-11-05 01:40:45,39.0,38.0,39.0,39.0,39.0,18.723168386248673,207.0,BO_O2,"O2 규칙 적용: 9.9% (9.0% < O2 ≤ 10.0%) (2단계 롤백, 3~4단계에서 Hz 변화 없음)",39.9075012,9.984375,1053.52502,881.174988,18.3624992,1.0,0.0,12.86,0.0,18.08,70.0687485,,70.0687485,0.0,124.425003,0.0
2025-11-05 01:40:46+00:00,2025-11-05 01:40:46,,,,,,,,,,39.9150009,9.984375,1053.75,881.25,18.3624992,1.0,,12.86,0.0,18.08,69.1687469,,69.1687469,0.0,124.425003,0.0
2025-11-05 01:40:47+00:00,2025-11-05 01:40:47,,,,,,,,,,39.9150009,10.0187502,1053.90002,881.325012,18.3624992,1.0,,12.86,0.0,18.08,68.7562485,,68.7562485,0.0,124.425003,0.0
2025-11-05 01:40:48+00:00,2025-11-05 01:40:48,,,,,,,,,,39.9112511,10.0562496,1054.125,881.474976,18.3624992,1.0,,12.86,0.0,18.08,68.7750015,,68.7750015,0.0,124.5,0.0
2025-11-05 01:40:49+00:00,2025-11-05 01:40:49,,,,,,,,,,39.9187508,10.0562496,1054.27502,881.474976,18.1875,1.0,,12.86,0.0,18.08,68.7562485,,68.7562485,0.0,124.5,0.0
2025-11-05 01:40:50+00:00,2025-11-05 01:40:50,38.0,38.0,38.0,38.0,38.0,19.181312210731836,100.0,BO_ONLY,"BO 모델 결과만 사용 (1단계 롤백, 2~4단계에서 Hz 변화 없음)",39.9112511,10.0828123,1054.5,881.625,18.0375004,1.0,,12.86,0.0,18.08,68.7562485,,68.7562485,0.0,124.425003,0.0
2025-11-05 01:40:51+00:00,2025-11-05 01:40:51,,,,,,,,,,39.9225006,10.0953121,1054.57495,881.700012,18.0375004,1.0,,12.86,0.0,18.08,68.7562485,,68.7562485,0.0,124.425003,0.0
2025-11-05 01:40:52+00:00,2025-11-05 01:40:52,,,,,,,,,,39.9075012,10.0953121,1054.80005,881.775024,18.0375004,1.0,,12.86,0.0,18.08,68.7562485,,68.7562485,0.0,124.425003,0.0
2025-11-05 01:40:53+00:00,2025-11-05 01:40:53,,,,,,,,,,38.9324989,10.0953121,1054.94995,881.849976,18.0375004,1.0,,12.86,0.0,18.08,68.7562485,,68.7562485,0.0,124.5,0.0
2025-11-05 01:40:54+00:00,2025-11-05 01:40:54,,,,,,,,,,38.7937508,10.0953121,1055.02502,881.849976,18.1124992,1.0,,12.86,0.0,18.08,68.7375031,,68.7375031,0.0,124.425003,0.0
2025-11-05 01:40:55+00:00,2025-11-05 01:40:55,38.0,38.0,38.0,38.0,38.0,17.840810628082888,100.0,BO_ONLY,"BO 모델 결과만 사용 (1단계 롤백, 2~4단계에서 Hz 변화 없음)",38.8012505,10.0828123,1055.09998,882.0,18.1124992,1.0,,12.86,0.0,18.11,68.7562485,,68.7562485,0.0,124.425003,0.0
2025-11-05 01:40:56+00:00,2025-11-05 01:40:56,,,,,,,,,,38.7975006,10.0609379,1055.17505,882.075012,18.1124992,1.0,,12.86,0.0,18.11,68.0625,,68.0625,0.0,124.5,0.0
2025-11-05 01:40:57+00:00,2025-11-05 01:40:57,,,,,,,,,,38.8199997,10.0609379,1055.25,882.150024,18.125,1.0,,12.86,0.0,18.11,67.2750015,,67.2750015,0.0,124.5,0.0
2025-11-05 01:40:58+00:00,2025-11-05 01:40:58,,,,,,,,,,38.7975006,10.0375004,1055.32495,882.299988,18.125,1.0,,12.86,0.0,18.11,66.3000031,,66.3000031,0.0,124.425003,0.0
2025-11-05 01:40:59+00:00,2025-11-05 01:40:59,,,,,,,,,,38.7975006,10.0093746,1055.40002,882.375,18.0750008,1.0,,12.86,0.0,18.11,65.7375031,,65.7375031,0.0,124.425003,0.0
2025-11-05 01:41:00+00:00,2025-11-05 01:41:00,38.0,38.0,38.0,38.0,38.0,17.051006131710338,100.0,BO_ONLY,"BO 모델 결과만 사용 (1단계 롤백, 2~4단계에서 Hz 변화 없음)",38.8087502,10.0093746,1055.32495,882.450012,18.0249996,1.0,0.0,12.86,0.0,18.11,65.7375031,,65.7375031,0.0,124.5,0.0
2025-11-05 01:41:01+00:00,2025-11-05 01:41:01,,,,,,,,,,38.8012505,9.9765625,1055.32495,882.599976,18.0375004,1.0,,12.86,0.0,18.11,65.3812485,,65.3812485,0.0,124.425003,0.0
2025-11-05 01:41:02+00:00,2025-11-05 01:41:02,,,,,,,,,,38.7975006,9.9765625,1055.40002,882.599976,18.0375004,1.0,,12.86,0.0,18.11,65.3625031,,65.3625031,0.0,124.425003,0.0
2025-11-05 01:41:03+00:00,2025-11-05 01:41:03,,,,,,,,,,38.8237495,9.93906212,1055.40002,882.75,18.0375004,1.0,,12.86,0.0,18.11,65.3625031,,65.3625031,0.0,124.425003,0.0
2025-11-05 01:41:04+00:00,2025-11-05 01:41:04,,,,,,,,,,38.7975006,9.89218712,1055.40002,882.825012,17.7875004,1.0,,12.86,0.0,18.11,65.3812485,,65.3812485,0.0,124.5,0.0
2025-11-05 01:41:05+00:00,2025-11-05 01:41:05,39.0,38.0,39.0,39.0,39.0,15.971150778374529,207.0,BO_O2,"O2 규칙 적용: 10.0% (9.0% < O2 ≤ 10.0%) (2단계 롤백, 3~4단계에서 Hz 변화 없음)",38.7900009,9.89218712,1055.40002,882.900024,17.7749996,1.0,,12.86,0.0,18.09,65.3812485,,65.3812485,0.0,124.5,0.0
2025-11-05 01:41:06+00:00,2025-11-05 01:41:06,,,,,,,,,,38.7975006,9.84218788,1055.40002,882.974976,17.7749996,1.0,,12.86,0.0,18.09,65.3625031,,65.3625031,0.0,124.425003,0.0
2025-11-05 01:41:07+00:00,2025-11-05 01:41:07,,,,,,,,,,39.0862503,9.80937481,1055.40002,883.125,17.7875004,1.0,,12.86,0.0,18.09,65.3625031,,65.3625031,0.0,124.425003,0.0
2025-11-05 01:41:08+00:00,2025-11-05 01:41:08,,,,,,,,,,39.9075012,9.80937481,1055.40002,883.200012,17.7749996,1.0,,12.86,0.0,18.09,65.3812485,,65.3812485,0.0,124.5,0.0
2025-11-05 01:41:09+00:00,2025-11-05 01:41:09,,,,,,,,,,39.9112511,9.78593731,1055.47498,883.275024,17.4500008,1.0,,12.86,0.0,18.09,65.3812485,,65.3812485,0.0,124.425003,0.0
2025-11-05 01:41:10+00:00,2025-11-05 01:41:10,39.0,38.0,39.0,39.0,39.0,15.327491202622026,207.0,BO_O2,"O2 규칙 적용: 9.8% (9.0% < O2 ≤ 10.0%) (2단계 롤백, 3~4단계에서 Hz 변화 없음)",39.9000015,9.78593731,1055.55005,883.349976,17.1875,1.0,,12.86,0.0,18.09,65.4187469,,65.4187469,0.0,124.425003,0.0
2025-11-05 01:41:11+00:00,2025-11-05 01:41:11,,,,,,,,,,39.9037514,9.76249981,1055.55005,883.5,17.2000008,1.0,,12.86,0.0,18.09,65.9250031,,65.9250031,0.0,124.425003,0.0
2025-11-05 01:41:12+00:00,2025-11-05 01:41:12,,,,,,,,,,39.8962517,9.7421875,1055.625,883.5,17.1875,1.0,,12.86,0.0,18.09,67.2375031,,67.2375031,0.0,124.5,0.0
2025-11-05 01:41:13+00:00,2025-11-05 01:41:13,,,,,,,,,,39.9150009,9.7421875,1055.77502,883.650024,17.1875,1.0,,12.86,0.0,18.09,67.59375,,67.59375,0.0,124.5,0.0
2025-11-05 01:41:14+00:00,2025-11-05 01:41:14,,,,,,,,,,39.9187508,9.74843788,1055.84998,883.724976,17.0249996,1.0,,12.86,0.0,18.09,68.2687531,,68.2687531,0.0,124.425003,0.0
2025-11-05 01:41:15+00:00,2025-11-05 01:41:15,39.0,38.0,39.0,39.0,39.0,14.293217482035235,207.0,BO_O2,"O2 규칙 적용: 9.7% (9.0% < O2 ≤ 10.0%) (2단계 롤백, 3~4단계에서 Hz 변화 없음)",39.9037514,9.76718712,1056.0,883.875,17.0249996,1.0,0.0,12.86,0.0,17.25,68.7375031,,68.7375031,0.0,124.425003,0.0
2025-11-05 01:41:16+00:00,2025-11-05 01:41:16,,,,,,,,,,39.9112511,9.76718712,1056.15002,883.875,17.0249996,1.0,,12.86,0.0,17.25,68.7562485,,68.7562485,0.0,124.425003,0.0
2025-11-05 01:41:17+00:00,2025-11-05 01:41:17,,,,,,,,,,39.9037514,9.79062462,1056.22498,884.025024,17.0249996,1.0,,12.86,0.0,17.25,68.7562485,,68.7562485,0.0,124.5,0.0
2025-11-05 01:41:18+00:00,2025-11-05 01:41:18,,,,,,,,,,39.9037514,9.79062462,1056.30005,884.099976,17.0249996,1.0,,12.86,0.0,17.25,68.7562485,,68.7562485,0.0,124.425003,0.0
2025-11-05 01:41:19+00:00,2025-11-05 01:41:19,,,,,,,,,,39.9112511,9.82343769,1056.44995,884.174988,16.7374992,1.0,,12.86,0.0,17.25,68.7562485,,68.7562485,0.0,124.425003,0.0
2025-11-05 01:41:20+00:00,2025-11-05 01:41:20,39.0,38.0,39.0,39.0,39.0,14.458065610870985,207.0,BO_O2,"O2 규칙 적용: 9.8% (9.0% < O2 ≤ 10.0%) (2단계 롤백, 3~4단계에서 Hz 변화 없음)",39.9075012,9.85312462,1056.59998,884.325012,16.5249996,1.0,,12.86,0.0,17.25,68.7562485,,68.7562485,0.0,124.425003,0.0
2025-11-05 01:41:21+00:00,2025-11-05 01:41:21,,,,,,,,,,39.9037514,9.85312462,1056.59998,884.325012,16.5249996,1.0,,12.86,0.0,17.25,68.7562485,,68.7562485,0.0,124.5,0.0
2025-11-05 01:41:22+00:00,2025-11-05 01:41:22,,,,,,,,,,39.9075012,9.87812519,1056.59998,884.400024,16.5249996,1.0,,12.86,0.0,17.25,68.7562485,,68.7562485,0.0,124.5,0.0
2025-11-05 01:41:23+00:00,2025-11-05 01:41:23,,,,,,,,,,39.9150009,9.87656212,1056.75,884.549988,16.5249996,1.0,,12.86,0.0,17.25,68.7562485,,68.7562485,0.0,124.425003,0.0
2025-11-05 01:41:24+00:00,2025-11-05 01:41:24,,,,,,,,,,39.9000015,9.87656212,1056.82495,884.549988,16.1875,1.0,,12.86,0.0,17.25,68.7562485,,68.7562485,0.0,124.5,0.0
2025-11-05 01:41:25+00:00,2025-11-05 01:41:25,39.0,38.0,39.0,39.0,39.0,14.284502585614778,207.0,BO_O2,"O2 규칙 적용: 9.9% (9.0% < O2 ≤ 10.0%) (2단계 롤백, 3~4단계에서 Hz 변화 없음)",39.9037514,9.85000038,1056.90002,884.625,16.1875,1.0,,12.86,0.0,16.6,68.7562485,,68.7562485,0.0,124.5,0.0
2025-11-05 01:41:26+00:00,2025-11-05 01:41:26,,,,,,,,,,39.9075012,9.85000038,1057.05005,884.700012,16.1875,1.0,,12.86,0.0,16.6,68.7562485,,68.7562485,0.0,124.425003,0.0
2025-11-05 01:41:27+00:00,2025-11-05 01:41:27,,,,,,,,,,39.9075012,9.796875,1057.125,884.849976,16.1875,1.0,,12.86,0.0,16.6,68.7375031,,68.7375031,0.0,124.425003,0.0
2025-11-05 01:41:28+00:00,2025-11-05 01:41:28,,,,,,,,,,39.9075012,9.72812462,1057.27502,884.924988,16.1875,1.0,,12.86,0.0,16.6,68.7562485,,68.7562485,0.0,126.0,0.0
2025-11-05 01:41:29+00:00,2025-11-05 01:41:29,,,,,,,,,,39.8962517,9.72812462,1057.27502,885.0,16.2250004,1.0,,12.86,0.0,16.6,68.7562485,,68.7562485,0.0,126.0,0.0
2025-11-05 01:41:30+00:00,2025-11-05 01:41:30,39.0,38.0,39.0,39.0,39.0,14.32951421002982,207.0,BO_O2,"O2 규칙 적용: 9.8% (9.0% < O2 ≤ 10.0%) (2단계 롤백, 3~4단계에서 Hz 변화 없음)",39.9000015,9.66093731,1057.34998,885.075012,16.2749996,1.0,0.0,12.86,0.0,16.6,68.7562485,,68.7562485,0.0,124.5,0.0
2025-11-05 01:41:31+00:00,2025-11-05 01:41:31,,,,,,,,,,39.9187508,9.60468769,1057.42505,885.075012,16.2625008,1.0,,12.86,0.0,16.6,68.7562485,,68.7562485,0.0,124.425003,0.0
2025-11-05 01:41:32+00:00,2025-11-05 01:41:32,,,,,,,,,,39.9075012,9.60468769,1057.5,885.150024,16.2625008,1.0,,12.86,0.0,16.6,68.7562485,,68.7562485,0.0,124.5,0.0
2025-11-05 01:41:33+00:00,2025-11-05 01:41:33,,,,,,,,,,39.9187508,9.56406212,1057.5,885.224976,16.2625008,1.0,,12.86,0.0,16.6,68.7562485,,68.7562485,0.0,124.5,0.0
2025-11-05 01:41:34+00:00,2025-11-05 01:41:34,,,,,,,,,,39.9000015,9.56406212,1057.5,885.299988,16.2625008,1.0,,12.86,0.0,16.6,68.7562485,,68.7562485,0.0,124.5,0.0
2025-11-05 01:41:35+00:00,2025-11-05 01:41:35,39.0,39.0,39.0,39.0,39.0,15.114989284737518,100.0,BO_ONLY,"BO 모델 결과만 사용 (1단계 롤백, 2~4단계에서 Hz 변화 없음)",39.9037514,9.52812481,1057.5,885.375,16.2625008,1.0,,12.86,0.0,16.39,68.7562485,,68.7562485,0.0,124.425003,0.0
2025-11-05 01:41:36+00:00,2025-11-05 01:41:36,,,,,,,,,,39.9225006,9.5,1057.5,885.450012,16.2625008,1.0,,12.86,0.0,16.39,68.7562485,,68.7562485,0.0,124.5,0.0
2025-11-05 01:41:37+00:00,2025-11-05 01:41:37,,,,,,,,,,39.9000015,9.5,1057.5,885.525024,16.2749996,1.0,,12.86,0.0,16.39,68.7562485,,68.7562485,0.0,124.425003,0.0
2025-11-05 01:41:38+00:00,2025-11-05 01:41:38,,,,,,,,,,39.9000015,9.48124981,1057.42505,885.599976,16.2749996,1.0,,12.86,0.0,16.39,68.7562485,,68.7562485,0.0,125.550003,0.0
2025-11-05 01:41:39+00:00,2025-11-05 01:41:39,,,,,,,,,,39.9037514,9.4609375,1057.34998,885.599976,17.0249996,1.0,,12.86,0.0,16.39,68.7562485,,68.7562485,0.0,126.0,0.0
2025-11-05 01:41:40+00:00,2025-11-05 01:41:40,39.0,39.0,39.0,39.0,39.0,15.983640975922476,100.0,BO_ONLY,"BO 모델 결과만 사용 (1단계 롤백, 2~4단계에서 Hz 변화 없음)",39.9150009,9.4609375,1057.34998,885.75,17.6124992,1.0,,12.86,0.0,16.39,68.7562485,,68.7562485,0.0,126.0,0.0
2025-11-05 01:41:41+00:00,2025-11-05 01:41:41,,,,,,,,,,39.9000015,9.44375038,1057.27502,885.75,17.6124992,1.0,,12.86,0.0,16.39,68.7562485,,68.7562485,0.0,126.0,0.0
2025-11-05 01:41:42+00:00,2025-11-05 01:41:42,,,,,,,,,,39.8962517,9.44375038,1057.27502,885.825012,17.6124992,1.0,,12.86,0.0,16.39,68.7562485,,68.7562485,0.0,124.425003,0.0
2025-11-05 01:41:43+00:00,2025-11-05 01:41:43,,,,,,,,,,39.9075012,9.42500019,1057.125,885.900024,17.6124992,1.0,,12.86,0.0,16.39,68.7562485,,68.7562485,0.0,124.425003,0.0
2025-11-05 01:41:44+00:00,2025-11-05 01:41:44,,,,,,,,,,39.9037514,9.3984375,1057.125,885.900024,18.3624992,1.0,,12.86,0.0,16.39,68.7562485,,68.7562485,0.0,124.5,0.0
2025-11-05 01:41:45+00:00,2025-11-05 01:41:45,39.0,39.0,39.0,39.0,39.0,20.30520801517656,100.0,BO_ONLY,"BO 모델 결과만 사용 (1단계 롤백, 2~4단계에서 Hz 변화 없음)",39.9037514,9.3984375,1057.125,885.900024,18.3624992,1.0,0.0,12.86,0.0,17.69,68.7562485,,68.7562485,0.0,124.5,0.0
2025-11-05 01:41:46+00:00,2025-11-05 01:41:46,,,,,,,,,,39.9075012,9.375,1056.97498,886.049988,18.375,1.0,,12.86,0.0,17.69,68.7562485,,68.7562485,0.0,124.5,0.0
2025-11-05 01:41:47+00:00,2025-11-05 01:41:47,,,,,,,,,,39.8962517,9.36874962,1056.90002,886.125,18.375,1.0,,12.86,0.0,17.69,68.7562485,,68.7562485,0.0,125.925003,0.0
2025-11-05 01:41:48+00:00,2025-11-05 01:41:48,,,,,,,,,,39.9075012,9.36874962,1056.82495,886.200012,18.3624992,1.0,,12.86,0.0,17.69,68.7562485,,68.7562485,0.0,124.425003,0.0
2025-11-05 01:41:49+00:00,2025-11-05 01:41:49,,,,,,,,,,39.9075012,9.36874962,1056.82495,886.200012,18.3624992,1.0,,12.86,0.0,17.69,68.7562485,,68.7562485,0.0,124.425003,0.0
2025-11-05 01:41:50+00:00,2025-11-05 01:41:50,39.0,39.0,39.0,39.0,39.0,23.512760992377007,100.0,BO_ONLY,"BO 모델 결과만 사용 (1단계 롤백, 2~4단계에서 Hz 변화 없음)",39.9075012,9.38437462,1056.75,886.275024,19.0499992,1.0,,12.86,0.0,17.69,68.7562485,,68.7562485,0.0,125.925003,0.0
2025-11-05 01:41:51+00:00,2025-11-05 01:41:51,,,,,,,,,,39.9075012,9.38437462,1056.75,886.275024,19.0499992,1.0,,12.86,0.0,17.69,68.7562485,,68.7562485,0.0,125.925003,0.0
2025-11-05 01:41:52+00:00,2025-11-05 01:41:52,,,,,,,,,,39.9075012,9.453125,1056.44995,886.424988,19.0375004,1.0,,12.86,0.0,17.69,68.7562485,,68.7562485,0.0,126.0,0.0
2025-11-05 01:41:53+00:00,2025-11-05 01:41:53,,,,,,,,,,39.9075012,9.453125,1056.30005,886.424988,19.0499992,1.0,,12.86,0.0,17.69,68.7750015,,68.7750015,0.0,126.0,0.0
2025-11-05 01:41:54+00:00,2025-11-05 01:41:54,,,,,,,,,,39.9112511,9.50468731,1056.15002,886.5,18.9624996,1.0,,12.86,0.0,17.69,68.7562485,,68.7562485,0.0,126.0,0.0
2025-11-05 01:41:55+00:00,2025-11-05 01:41:55,39.0,39.0,39.0,39.0,39.0,23.536906131111966,100.0,BO_ONLY,"BO 모델 결과만 사용 (1단계 롤백, 2~4단계에서 Hz 변화 없음)",39.9187508,9.56562519,1056.0,886.5,18.9624996,1.0,,12.86,0.0,19.11,68.7562485,,68.7562485,0.0,126.0,0.0
2025-11-05 01:41:56+00:00,2025-11-05 01:41:56,,,,,,,,,,39.9112511,9.56562519,1055.84998,886.575012,18.9624996,1.0,,12.86,0.0,19.11,68.7562485,,68.7562485,0.0,125.925003,0.0
2025-11-05 01:41:57+00:00,2025-11-05 01:41:57,,,,,,,,,,39.9037514,9.62968731,1055.69995,886.650024,18.9624996,1.0,,12.86,0.0,19.11,68.7562485,,68.7562485,0.0,126.0,0.0
2025-11-05 01:41:58+00:00,2025-11-05 01:41:58,,,,,,,,,,39.9112511,9.62968731,1055.47498,886.724976,18.9500008,1.0,,12.86,0.0,19.11,68.7562485,,68.7562485,0.0,126.0,0.0
2025-11-05 01:41:59+00:00,2025-11-05 01:41:59,,,,,,,,,,39.9112511,9.70468712,1055.25,886.724976,18.8624992,1.0,,12.86,0.0,19.11,68.7562485,,68.7562485,0.0,126.0,0.0
2025-11-05 01:42:00+00:00,2025-11-05 01:42:00,39.0,39.0,39.0,39.0,39.0,19.07951944893964,100.0,BO_ONLY,"BO 모델 결과만 사용 (1단계 롤백, 2~4단계에서 Hz 변화 없음)",39.9075012,9.77812481,1055.09998,886.724976,18.7875004,1.0,0.0,12.86,0.0,19.11,68.7562485,,68.7562485,0.0,126.0,0.0
2025-11-05 01:42:01+00:00,2025-11-05 01:42:01,,,,,,,,,,39.9112511,9.77812481,1054.80005,886.799988,18.7875004,1.0,,12.86,0.0,19.11,68.7562485,,68.7562485,0.0,126.0,0.0
2025-11-05 01:42:02+00:00,2025-11-05 01:42:02,,,,,,,,,,39.9075012,9.85624981,1054.65002,886.799988,18.7875004,1.0,,12.86,0.0,19.11,68.7562485,,68.7562485,0.0,126.0,0.0
2025-11-05 01:42:03+00:00,2025-11-05 01:42:03,,,,,,,,,,39.9075012,9.85624981,1054.65002,886.799988,18.7875004,1.0,,12.86,0.0,19.11,68.7562485,,68.7562485,0.0,126.0,0.0
2025-11-05 01:42:04+00:00,2025-11-05 01:42:04,,,,,,,,,,39.9000015,9.94062519,1054.125,886.875,18.7124996,1.0,,12.86,0.0,19.11,68.7562485,,68.7562485,0.0,124.425003,0.0
2025-11-05 01:42:05+00:00,2025-11-05 01:42:05,39.0,38.0,39.0,39.0,39.0,18.85271538448684,207.0,BO_O2,"O2 규칙 적용: 9.8% (9.0% < O2 ≤ 10.0%) (2단계 롤백, 3~4단계에서 Hz 변화 없음)",39.8887482,10.0218754,1053.97498,886.950012,18.7000008,1.0,,12.86,0.0,18.9,68.7562485,,68.7562485,0.0,124.5,0.0
2025-11-05 01:42:06+00:00,2025-11-05 01:42:06,,,,,,,,,,39.8887482,10.0218754,1053.97498,886.950012,18.7000008,1.0,,12.86,0.0,18.9,68.7562485,,68.7562485,0.0,124.5,0.0
2025-11-05 01:42:07+00:00,2025-11-05 01:42:07,,,,,,,,,,39.9037514,10.1031246,1053.52502,886.950012,18.7124996,1.0,,12.86,0.0,18.9,68.7562485,,68.7562485,0.0,126.0,0.0
2025-11-05 01:42:08+00:00,2025-11-05 01:42:08,,,,,,,,,,39.9037514,10.1031246,1053.52502,886.950012,18.7124996,1.0,,12.86,0.0,18.9,68.7562485,,68.7562485,0.0,126.0,0.0
2025-11-05 01:42:09+00:00,2025-11-05 01:42:09,,,,,,,,,,39.9150009,10.1890621,1053.15002,887.025024,18.7875004,1.0,,12.86,0.0,18.9,68.7562485,,68.7562485,0.0,125.849998,0.0
2025-11-05 01:42:10+00:00,2025-11-05 01:42:10,38.0,38.0,38.0,38.0,38.0,15.76138997796856,100.0,BO_ONLY,"BO 모델 결과만 사용 (1단계 롤백, 2~4단계에서 Hz 변화 없음)",39.9150009,10.1890621,1053.15002,887.025024,18.7875004,1.0,,12.86,0.0,18.9,68.7562485,,68.7562485,0.0,125.849998,0.0
2025-11-05 01:42:11+00:00,2025-11-05 01:42:11,,,,,,,,,,39.9037514,10.3296871,1052.84998,887.099976,18.7875004,1.0,,12.86,0.0,18.9,68.7562485,,68.7562485,0.0,124.5,0.0
2025-11-05 01:42:12+00:00,2025-11-05 01:42:12,,,,,,,,,,39.9037514,10.3296871,1052.84998,887.099976,18.7875004,1.0,,12.86,0.0,18.9,68.7562485,,68.7562485,0.0,124.5,0.0
2025-11-05 01:42:13+00:00,2025-11-05 01:42:13,,,,,,,,,,39.9112511,10.3296871,1052.69995,887.099976,18.7875004,1.0,,12.86,0.0,18.9,68.7562485,,68.7562485,0.0,125.925003,0.0
2025-11-05 01:42:14+00:00,2025-11-05 01:42:14,,,,,,,,,,39.1462517,10.4078121,1052.69995,887.099976,18.7875004,1.0,,12.86,0.0,18.9,68.7562485,,68.7562485,0.0,124.5,0.0
2025-11-05 01:42:15+00:00,2025-11-05 01:42:15,38.0,38.0,38.0,38.0,38.0,16.495697192814372,100.0,BO_ONLY,"BO 모델 결과만 사용 (1단계 롤백, 2~4단계에서 Hz 변화 없음)",38.8349991,10.4937496,1052.625,887.099976,19.2000008,1.0,0.0,12.86,0.0,18.88,68.7562485,,68.7562485,0.0,124.5,0.0
2025-11-05 01:42:16+00:00,2025-11-05 01:42:16,,,,,,,,,,38.7937508,10.4937496,1052.55005,887.099976,19.2124996,1.0,,12.86,0.0,18.88,68.7375031,,68.7375031,0.0,124.425003,0.0
2025-11-05 01:42:17+00:00,2025-11-05 01:42:17,,,,,,,,,,38.7900009,10.5687504,1052.40002,887.174988,19.2124996,1.0,,12.86,0.0,18.88,68.3625031,,68.3625031,0.0,124.425003,0.0
2025-11-05 01:42:18+00:00,2025-11-05 01:42:18,,,,,,,,,,38.7900009,10.5687504,1052.32495,887.174988,19.2124996,1.0,,12.86,0.0,18.88,67.3125,,67.3125,0.0,125.400002,0.0
2025-11-05 01:42:19+00:00,2025-11-05 01:42:19,,,,,,,,,,38.7862511,10.6374998,1052.17505,887.174988,19.2124996,1.0,,12.86,0.0,18.88,66.8062515,,66.8062515,0.0,126.0,0.0
2025-11-05 01:42:20+00:00,2025-11-05 01:42:20,38.0,38.0,38.0,38.0,38.0,18.052970804429872,100.0,BO_ONLY,"BO 모델 결과만 사용 (1단계 롤백, 2~4단계에서 Hz 변화 없음)",38.7862511,10.7124996,1052.02502,887.174988,19.2999992,1.0,,12.86,0.0,18.88,65.8312531,,65.8312531,0.0,125.925003,0.0
2025-11-05 01:42:21+00:00,2025-11-05 01:42:21,,,,,,,,,,38.8050003,10.7124996,1051.875,887.174988,19.2999992,1.0,,12.86,0.0,18.88,65.7375031,,65.7375031,0.0,126.0,0.0
2025-11-05 01:42:22+00:00,2025-11-05 01:42:22,,,,,,,,,,38.7937508,10.7906246,1051.80005,887.174988,19.2999992,1.0,,12.86,0.0,18.88,65.7375031,,65.7375031,0.0,126.0,0.0
2025-11-05 01:42:23+00:00,2025-11-05 01:42:23,,,,,,,,,,38.8199997,10.8531246,1051.57495,887.174988,19.2999992,1.0,,12.86,0.0,18.88,65.7375031,,65.7375031,0.0,126.0,0.0
2025-11-05 01:42:24+00:00,2025-11-05 01:42:24,,,,,,,,,,38.7975006,10.8531246,1051.42505,887.174988,19.2999992,1.0,,12.86,0.0,18.88,65.3812485,,65.3812485,0.0,125.925003,0.0
2025-11-05 01:42:25+00:00,2025-11-05 01:42:25,38.0,39.0,38.0,38.0,38.0,17.71845340654677,208.0,BO_O2,"O2 규칙 적용: 10.8% (10.0% < O2 ≤ 12.0%) (2단계 롤백, 3~4단계에서 Hz 변화 없음)",38.7862511,10.8812504,1051.27502,887.174988,19.0499992,1.0,,12.86,0.0,19.35,65.3812485,,65.3812485,0.0,126.0,0.0
2025-11-05 01:42:26+00:00,2025-11-05 01:42:26,,,,,,,,,,38.8050003,10.8812504,1051.125,887.174988,19.0375004,1.0,,12.86,0.0,19.35,65.3812485,,65.3812485,0.0,126.0,0.0
2025-11-05 01:42:27+00:00,2025-11-05 01:42:27,,,,,,,,,,38.7900009,10.8859377,1050.90002,887.174988,19.0499992,1.0,,12.86,0.0,19.35,65.3812485,,65.3812485,0.0,126.0,0.0
2025-11-05 01:42:28+00:00,2025-11-05 01:42:28,,,,,,,,,,38.7975006,10.8984375,1050.75,887.174988,19.0499992,1.0,,12.86,0.0,19.35,65.3625031,,65.3625031,0.0,126.0,0.0
2025-11-05 01:42:29+00:00,2025-11-05 01:42:29,,,,,,,,,,38.7862511,10.8984375,1050.44995,887.174988,19.0499992,1.0,,12.86,0.0,19.35,65.3812485,,65.3812485,0.0,126.0,0.0
2025-11-05 01:42:30+00:00,2025-11-05 01:42:30,38.0,39.0,38.0,38.0,38.0,17.37617737077044,208.0,BO_O2,"O2 규칙 적용: 10.9% (10.0% < O2 ≤ 12.0%) (2단계 롤백, 3~4단계에서 Hz 변화 없음)",38.7862511,10.9171877,1050.30005,887.174988,18.375,1.0,0.0,12.86,0.0,19.35,65.3812485,,65.3812485,0.0,126.0,0.0
2025-11-05 01:42:31+00:00,2025-11-05 01:42:31,,,,,,,,,,38.7862511,10.9390621,1050.0,887.174988,18.375,1.0,,12.86,0.0,19.35,65.3812485,,65.3812485,0.0,126.0,0.0
2025-11-05 01:42:32+00:00,2025-11-05 01:42:32,,,,,,,,,,38.7937508,10.9390621,1049.84998,887.174988,18.375,1.0,,12.86,0.0,19.35,65.3625031,,65.3625031,0.0,125.925003,0.0
2025-11-05 01:42:33+00:00,2025-11-05 01:42:33,,,,,,,,,,38.7900009,10.9609375,1049.55005,887.174988,18.375,1.0,,12.86,0.0,19.35,65.3625031,,65.3625031,0.0,126.0,0.0
2025-11-05 01:42:34+00:00,2025-11-05 01:42:34,,,,,,,,,,38.7862511,10.9609375,1049.32495,887.174988,18.375,1.0,,12.86,0.0,19.35,65.3812485,,65.3812485,0.0,126.0,0.0
2025-11-05 01:42:35+00:00,2025-11-05 01:42:35,38.0,39.0,38.0,38.0,38.0,14.447769090681154,208.0,BO_O2,"O2 규칙 적용: 10.9% (10.0% < O2 ≤ 12.0%) (2단계 롤백, 3~4단계에서 Hz 변화 없음)",38.7937508,10.9875002,1049.02502,887.099976,18.7000008,1.0,,12.86,0.0,18.48,65.3812485,,65.3812485,0.0,126.0,0.0
2025-11-05 01:42:36+00:00,2025-11-05 01:42:36,,,,,,,,,,38.8087502,11.0328121,1048.72498,887.174988,18.7000008,1.0,,12.86,0.0,18.48,65.3625031,,65.3625031,0.0,125.925003,0.0
2025-11-05 01:42:37+00:00,2025-11-05 01:42:37,,,,,,,,,,38.8050003,11.0328121,1048.42505,887.174988,18.7124996,1.0,,12.86,0.0,18.48,65.3625031,,65.3625031,0.0,126.0,0.0
2025-11-05 01:42:38+00:00,2025-11-05 01:42:38,,,,,,,,,,38.7900009,11.0812502,1048.19995,887.174988,18.7000008,1.0,,12.86,0.0,18.48,65.3812485,,65.3812485,0.0,126.0,0.0
2025-11-05 01:42:39+00:00,2025-11-05 01:42:39,,,,,,,,,,38.7937508,11.1374998,1047.82495,887.099976,18.7000008,1.0,,12.86,0.0,18.48,65.3812485,,65.3812485,0.0,126.0,0.0
2025-11-05 01:42:40+00:00,2025-11-05 01:42:40,38.0,39.0,38.0,38.0,38.0,15.72862389254107,208.0,BO_O2,"O2 규칙 적용: 11.0% (10.0% < O2 ≤ 12.0%) (2단계 롤백, 3~4단계에서 Hz 변화 없음)",38.7900009,11.1374998,1047.52502,887.099976,18.125,1.0,,12.86,0.0,18.48,65.3812485,,65.3812485,0.0,126.0,0.0
2025-11-05 01:42:41+00:00,2025-11-05 01:42:41,,,,,,,,,,38.7862511,11.203125,1047.15002,887.025024,18.125,1.0,,12.86,0.0,18.48,65.3625031,,65.3625031,0.0,125.925003,0.0
2025-11-05 01:42:42+00:00,2025-11-05 01:42:42,,,,,,,,,,38.7937508,11.203125,1046.84998,887.025024,18.1124992,1.0,,12.86,0.0,18.48,65.3812485,,65.3812485,0.0,126.0,0.0
2025-11-05 01:42:43+00:00,2025-11-05 01:42:43,,,,,,,,,,38.7937508,11.2640629,1046.40002,886.950012,18.125,1.0,,12.86,0.0,18.48,65.3812485,,65.3812485,0.0,126.0,0.0
2025-11-05 01:42:44+00:00,2025-11-05 01:42:44,,,,,,,,,,38.7900009,11.3296871,1046.17505,886.950012,18.1124992,1.0,,12.86,0.0,18.48,65.3625031,,65.3625031,0.0,126.0,0.0
2025-11-05 01:42:45+00:00,2025-11-05 01:42:45,38.0,39.0,38.0,38.0,38.0,14.543914633236247,208.0,BO_O2,"O2 규칙 적용: 11.2% (10.0% < O2 ≤ 12.0%) (2단계 롤백, 3~4단계에서 Hz 변화 없음)",38.7937508,11.3296871,1045.72498,886.950012,17.8624992,1.0,0.0,12.86,0.0,18.22,65.3812485,,65.3812485,0.0,126.0,0.0
2025-11-05 01:42:46+00:00,2025-11-05 01:42:46,,,,,,,,,,38.7937508,11.3984375,1045.42505,886.950012,17.875,1.0,,12.86,0.0,18.22,65.3812485,,65.3812485,0.0,126.0,0.0
2025-11-05 01:42:47+00:00,2025-11-05 01:42:47,,,,,,,,,,38.7937508,11.4671879,1044.90002,886.950012,17.8624992,1.0,,12.86,0.0,18.22,65.3812485,,65.3812485,0.0,126.0,0.0
2025-11-05 01:42:48+00:00,2025-11-05 01:42:48,,,,,,,,,,38.7862511,11.4671879,1044.59998,886.875,17.8624992,1.0,,12.86,0.0,18.22,65.3812485,,65.3812485,0.0,126.0,0.0
2025-11-05 01:42:49+00:00,2025-11-05 01:42:49,,,,,,,,,,38.7975006,11.5359373,1044.15002,886.799988,17.8624992,1.0,,12.86,0.0,18.22,65.3625031,,65.3625031,0.0,125.925003,0.0
2025-11-05 01:42:50+00:00,2025-11-05 01:42:50,38.0,39.0,38.0,38.0,38.0,14.249345593406105,208.0,BO_O2,"O2 규칙 적용: 11.4% (10.0% < O2 ≤ 12.0%) (2단계 롤백, 3~4단계에서 Hz 변화 없음)",38.7900009,11.5359373,1043.77502,886.799988,17.5249996,1.0,,12.86,0.0,18.22,65.3812485,,65.3812485,0.0,126.0,0.0
2025-11-05 01:42:51+00:00,2025-11-05 01:42:51,,,,,,,,,,38.7825012,11.6000004,1043.32495,886.799988,17.5249996,1.0,,12.86,0.0,18.22,65.625,,65.625,0.0,126.0,0.0
2025-11-05 01:42:52+00:00,2025-11-05 01:42:52,,,,,,,,,,38.7900009,11.6609373,1042.94995,886.724976,17.5249996,1.0,,12.86,0.0,18.22,65.3812485,,65.3812485,0.0,126.0,0.0
2025-11-05 01:42:53+00:00,2025-11-05 01:42:53,,,,,,,,,,38.7975006,11.6609373,1042.42505,886.724976,17.5375004,1.0,,12.86,0.0,18.22,65.3625031,,65.3625031,0.0,126.0,0.0
2025-11-05 01:42:54+00:00,2025-11-05 01:42:54,,,,,,,,,,38.7900009,11.734375,1041.97498,886.724976,17.5249996,1.0,,12.86,0.0,18.22,65.3812485,,65.3812485,0.0,126.0,0.0
2025-11-05 01:42:55+00:00,2025-11-05 01:42:55,38.0,39.0,38.0,38.0,38.0,12.890916213759146,208.0,BO_O2,"O2 규칙 적용: 11.6% (10.0% < O2 ≤ 12.0%) (2단계 롤백, 3~4단계에서 Hz 변화 없음)",38.7937508,11.8156252,1041.44995,886.650024,17.4500008,1.0,,12.86,0.0,17.6,65.3812485,,65.3812485,0.0,126.0,0.0
2025-11-05 01:42:56+00:00,2025-11-05 01:42:56,,,,,,,,,,38.7862511,11.8156252,1041.07495,886.575012,17.4500008,1.0,,12.86,0.0,17.6,65.3812485,,65.3812485,0.0,126.0,0.0
2025-11-05 01:42:57+00:00,2025-11-05 01:42:57,,,,,,,,,,38.7975006,11.8921871,1040.55005,886.5,17.4500008,1.0,,12.86,0.0,17.6,65.3625031,,65.3625031,0.0,125.925003,0.0
2025-11-05 01:42:58+00:00,2025-11-05 01:42:58,,,,,,,,,,38.8012505,11.8921871,1040.25,886.5,17.4500008,1.0,,12.86,0.0,17.6,65.3812485,,65.3812485,0.0,126.0,0.0
2025-11-05 01:42:59+00:00,2025-11-05 01:42:59,,,,,,,,,,38.7975006,11.9562502,1039.72498,886.424988,17.4375,1.0,,12.86,0.0,17.6,65.3812485,,65.3812485,0.0,126.0,0.0
2025-11-05 01:43:00+00:00,2025-11-05 01:43:00,38.0,39.0,38.0,38.0,38.0,13.533804196782913,208.0,BO_O2,"O2 규칙 적용: 11.9% (10.0% < O2 ≤ 12.0%) (2단계 롤백, 3~4단계에서 Hz 변화 없음)",38.7975006,12.0218754,1039.34998,886.424988,17.2000008,1.0,2.0,12.86,0.0,17.6,65.3812485,,65.3812485,0.0,126.0,0.0
2025-11-05 01:43:01+00:00,2025-11-05 01:43:01,,,,,,,,,,38.7900009,12.0218754,1038.82495,886.275024,17.2000008,1.0,,12.86,0.0,17.6,65.3625031,,65.3625031,0.0,125.925003,0.0
2025-11-05 01:43:02+00:00,2025-11-05 01:43:02,,,,,,,,,,38.8012505,12.0906248,1038.52502,886.275024,17.2000008,1.0,,12.86,0.0,17.6,65.3812485,,65.3812485,0.0,126.0,0.0
2025-11-05 01:43:03+00:00,2025-11-05 01:43:03,,,,,,,,,,38.7937508,12.1750002,1038.07495,886.200012,17.2000008,1.0,,12.86,0.0,17.6,65.3812485,,65.3812485,0.0,126.0,0.0
2025-11-05 01:43:04+00:00,2025-11-05 01:43:04,,,,,,,,,,38.8012505,12.1750002,1037.69995,886.125,17.2000008,1.0,,12.86,0.0,17.6,65.3812485,,65.3812485,0.0,126.0,0.0
2025-11-05 01:43:05+00:00,2025-11-05 01:43:05,38.0,39.0,38.0,38.0,38.0,13.452537701041761,209.0,BO_O2,"O2 규칙 적용: 12.1% (12.0% < O2 ≤ 14.0%) (2단계 롤백, 3~4단계에서 Hz 변화 없음)",38.7937508,12.2578125,1037.25,886.125,17.5249996,1.0,,12.86,0.0,17.31,65.3625031,,65.3625031,0.0,125.925003,0.0
2025-11-05 01:43:06+00:00,2025-11-05 01:43:06,,,,,,,,,,38.8087502,12.2578125,1036.875,886.049988,17.5375004,1.0,,12.86,0.0,17.31,65.3812485,,65.3812485,0.0,126.0,0.0
2025-11-05 01:43:07+00:00,2025-11-05 01:43:07,,,,,,,,,,38.7937508,12.3218746,1036.34998,885.974976,17.5375004,1.0,,12.86,0.0,17.31,65.3812485,,65.3812485,0.0,126.0,0.0
2025-11-05 01:43:08+00:00,2025-11-05 01:43:08,,,,,,,,,,38.7900009,12.375,1035.97498,885.974976,17.5375004,1.0,,12.86,0.0,17.31,65.3812485,,65.3812485,0.0,126.0,0.0
2025-11-05 01:43:09+00:00,2025-11-05 01:43:09,,,,,,,,,,38.8050003,12.375,1035.44995,885.900024,17.5375004,1.0,,12.86,0.0,17.31,65.71875,,65.71875,0.0,125.925003,0.0
2025-11-05 01:43:10+00:00,2025-11-05 01:43:10,38.0,39.0,38.0,38.0,38.0,14.98208355088849,209.0,BO_O2,"O2 규칙 적용: 12.3% (12.0% < O2 ≤ 14.0%) (2단계 롤백, 3~4단계에서 Hz 변화 없음)",38.7937508,12.4234371,1035.15002,885.825012,17.7000008,1.0,,12.86,0.0,17.31,65.7375031,,65.7375031,0.0,126.0,0.0
2025-11-05 01:43:11+00:00,2025-11-05 01:43:11,,,,,,,,,,38.8012505,12.4703121,1034.625,885.674988,17.7000008,1.0,,12.86,0.0,17.31,65.625,,65.625,0.0,126.0,0.0
2025-11-05 01:43:12+00:00,2025-11-05 01:43:12,,,,,,,,,,38.7975006,12.4703121,1034.25,885.674988,17.7000008,1.0,,12.86,0.0,17.31,65.3812485,,65.3812485,0.0,126.0,0.0
2025-11-05 01:43:13+00:00,2025-11-05 01:43:13,,,,,,,,,,38.7900009,12.515625,1033.72498,885.599976,17.7000008,1.0,,12.86,0.0,17.31,65.6437531,,65.6437531,0.0,126.0,0.0
2025-11-05 01:43:14+00:00,2025-11-05 01:43:14,,,,,,,,,,38.7862511,12.515625,1033.34998,885.525024,17.7000008,1.0,,12.86,0.0,17.31,65.7375031,,65.7375031,0.0,126.0,0.0
2025-11-05 01:43:15+00:00,2025-11-05 01:43:15,38.0,39.0,38.0,38.0,38.0,15.007243648374432,209.0,BO_O2,"O2 규칙 적용: 12.5% (12.0% < O2 ≤ 14.0%) (2단계 롤백, 3~4단계에서 Hz 변화 없음)",38.7975006,12.5578127,1032.82495,885.450012,17.9500008,1.0,2.0,12.86,0.0,17.75,65.7375031,,65.7375031,0.0,126.0,0.0
2025-11-05 01:43:16+00:00,2025-11-05 01:43:16,,,,,,,,,,38.7937508,12.578125,1032.44995,885.375,17.9500008,1.0,,12.86,0.0,17.75,65.7375031,,65.7375031,0.0,126.0,0.0
2025-11-05 01:43:17+00:00,2025-11-05 01:43:17,,,,,,,,,,38.8050003,12.578125,1031.92505,885.299988,17.9500008,1.0,,12.86,0.0,17.75,65.71875,,65.71875,0.0,126.0,0.0
2025-11-05 01:43:18+00:00,2025-11-05 01:43:18,,,,,,,,,,38.7862511,12.5890627,1031.47498,885.224976,17.9500008,1.0,,12.86,0.0,17.75,65.7375031,,65.7375031,0.0,126.0,0.0
2025-11-05 01:43:19+00:00,2025-11-05 01:43:19,,,,,,,,,,38.7862511,12.609375,1030.94995,885.150024,17.9500008,1.0,,12.86,0.0,17.75,65.7375031,,65.7375031,0.0,126.0,0.0
2025-11-05 01:43:20+00:00,2025-11-05 01:43:20,38.0,39.0,38.0,38.0,38.0,16.674298122160593,209.0,BO_O2,"O2 규칙 적용: 12.6% (12.0% < O2 ≤ 14.0%) (2단계 롤백, 3~4단계에서 Hz 변화 없음)",38.7900009,12.609375,1030.57495,885.075012,18.5375004,1.0,,12.86,0.0,17.75,65.7375031,,65.7375031,0.0,126.0,0.0
2025-11-05 01:43:21+00:00,2025-11-05 01:43:21,,,,,,,,,,38.7900009,12.6328125,1030.05005,885.0,18.5375004,1.0,,12.86,0.0,17.75,65.7375031,,65.7375031,0.0,125.925003,0.0
2025-11-05 01:43:22+00:00,2025-11-05 01:43:22,,,,,,,,,,38.8012505,12.6328125,1029.67505,885.0,18.5375004,1.0,,12.86,0.0,17.75,65.7375031,,65.7375031,0.0,126.0,0.0
2025-11-05 01:43:23+00:00,2025-11-05 01:43:23,,,,,,,,,,38.7975006,12.6499996,1029.07495,884.849976,18.5375004,1.0,,12.86,0.0,17.75,65.7375031,,65.7375031,0.0,126.0,0.0
2025-11-05 01:43:24+00:00,2025-11-05 01:43:24,,,,,,,,,,38.7975006,12.6656246,1028.77502,884.775024,18.5375004,1.0,,12.86,0.0,17.75,65.7375031,,65.7375031,0.0,126.0,0.0
2025-11-05 01:43:25+00:00,2025-11-05 01:43:25,38.0,39.0,38.0,38.0,38.0,18.379296847650217,209.0,BO_O2,"O2 규칙 적용: 12.6% (12.0% < O2 ≤ 14.0%) (2단계 롤백, 3~4단계에서 Hz 변화 없음)",38.7862511,12.6656246,1028.17505,884.700012,18.625,1.0,,12.86,0.0,18.62,65.7375031,,65.7375031,0.0,125.925003,0.0
2025-11-05 01:43:26+00:00,2025-11-05 01:43:26,,,,,,,,,,38.7937508,12.6875,1027.80005,884.625,18.625,1.0,,12.86,0.0,18.62,65.7375031,,65.7375031,0.0,126.0,0.0
2025-11-05 01:43:27+00:00,2025-11-05 01:43:27,,,,,,,,,,38.7900009,12.7140627,1027.27502,884.549988,18.625,1.0,,12.86,0.0,18.62,65.6999969,,65.6999969,0.0,126.0,0.0
2025-11-05 01:43:28+00:00,2025-11-05 01:43:28,,,,,,,,,,38.7975006,12.7140627,1026.90002,884.400024,18.625,1.0,,12.86,0.0,18.62,65.3812485,,65.3812485,0.0,126.0,0.0
2025-11-05 01:43:29+00:00,2025-11-05 01:43:29,,,,,,,,,,38.7900009,12.7531252,1026.30005,884.400024,18.625,1.0,,12.86,0.0,18.62,65.3625031,,65.3625031,0.0,125.925003,0.0
2025-11-05 01:43:30+00:00,2025-11-05 01:43:30,38.0,39.0,38.0,38.0,38.0,18.85069903060759,209.0,BO_O2,"O2 규칙 적용: 12.7% (12.0% < O2 ≤ 14.0%) (2단계 롤백, 3~4단계에서 Hz 변화 없음)",38.7975006,12.7531252,1025.92505,884.25,19.0375004,1.0,2.0,12.86,0.0,18.62,65.6812515,,65.6812515,0.0,126.0,0.0
2025-11-05 01:43:31+00:00,2025-11-05 01:43:31,,,,,,,,,,38.8012505,12.8000002,1025.32495,884.174988,19.0375004,1.0,,12.86,0.0,18.62,65.7375031,,65.7375031,0.0,126.0,0.0
2025-11-05 01:43:32+00:00,2025-11-05 01:43:32,,,,,,,,,,38.7975006,12.8531246,1024.94995,884.099976,19.0499992,1.0,,12.86,0.0,18.62,65.7375031,,65.7375031,0.0,126.0,0.0
2025-11-05 01:43:33+00:00,2025-11-05 01:43:33,,,,,,,,,,38.7975006,12.8531246,1024.42505,884.025024,19.0375004,1.0,,12.86,0.0,18.62,65.7375031,,65.7375031,0.0,126.0,0.0
2025-11-05 01:43:34+00:00,2025-11-05 01:43:34,,,,,,,,,,38.7862511,12.9046879,1024.05005,883.875,19.0375004,1.0,,12.86,0.0,18.62,65.7375031,,65.7375031,0.0,126.0,0.0
2025-11-05 01:43:35+00:00,2025-11-05 01:43:35,38.0,39.0,38.0,38.0,38.0,19.017363838896042,209.0,BO_O2,"O2 규칙 적용: 12.8% (12.0% < O2 ≤ 14.0%) (2단계 롤백, 3~4단계에서 Hz 변화 없음)",38.8125,12.9499998,1023.45001,883.799988,19.2875004,1.0,,12.86,0.0,19.14,65.3812485,,65.3812485,0.0,126.0,0.0
2025-11-05 01:43:36+00:00,2025-11-05 01:43:36,,,,,,,,,,38.7900009,12.9499998,1023.0,883.724976,19.2999992,1.0,,12.86,0.0,19.14,65.3812485,,65.3812485,0.0,126.0,0.0
2025-11-05 01:43:37+00:00,2025-11-05 01:43:37,,,,,,,,,,38.7900009,13.0046873,1022.47498,883.575012,19.2999992,1.0,,12.86,0.0,19.14,65.4187469,,65.4187469,0.0,126.0,0.0
2025-11-05 01:43:38+00:00,2025-11-05 01:43:38,,,,,,,,,,38.7862511,13.0046873,1022.02502,883.5,19.2999992,1.0,,12.86,0.0,19.14,65.71875,,65.71875,0.0,126.0,0.0
2025-11-05 01:43:39+00:00,2025-11-05 01:43:39,,,,,,,,,,38.7937508,13.0718746,1021.34998,883.424988,19.2999992,1.0,,12.86,0.0,19.14,65.7375031,,65.7375031,0.0,126.074997,0.0
2025-11-05 01:43:40+00:00,2025-11-05 01:43:40,38.0,39.0,38.0,38.0,38.0,17.995151749893097,209.0,BO_O2,"O2 규칙 적용: 13.0% (12.0% < O2 ≤ 14.0%) (2단계 롤백, 3~4단계에서 Hz 변화 없음)",38.8312492,13.1328125,1020.97498,883.349976,19.7999992,1.0,,12.86,0.0,19.14,65.7375031,,65.7375031,0.0,126.074997,0.0
2025-11-05 01:43:41+00:00,2025-11-05 01:43:41,,,,,,,,,,38.7937508,13.1328125,1020.45001,883.200012,19.7999992,1.0,,12.86,0.0,19.14,65.7375031,,65.7375031,0.0,126.0,0.0
2025-11-05 01:43:42+00:00,2025-11-05 01:43:42,,,,,,,,,,38.7937508,13.1875,1020.0,883.125,19.8125,1.0,,12.86,0.0,19.14,65.71875,,65.71875,0.0,125.925003,0.0
2025-11-05 01:43:43+00:00,2025-11-05 01:43:43,,,,,,,,,,38.8012505,13.2328129,1019.32501,883.049988,19.8125,1.0,,12.86,0.0,19.14,65.5124969,,65.5124969,0.0,126.0,0.0
2025-11-05 01:43:44+00:00,2025-11-05 01:43:44,,,,,,,,,,38.7862511,13.2328129,1019.02502,882.974976,19.8125,1.0,,12.86,0.0,19.14,65.3812485,,65.3812485,0.0,126.0,0.0
2025-11-05 01:43:45+00:00,2025-11-05 01:43:45,38.0,39.0,38.0,38.0,38.0,17.928479618101587,209.0,BO_O2,"O2 규칙 적용: 13.2% (12.0% < O2 ≤ 14.0%) (2단계 롤백, 3~4단계에서 Hz 변화 없음)",38.7900009,13.2640629,1018.42499,882.825012,20.5625,1.0,2.0,12.86,0.0,19.92,65.7375031,,65.7375031,0.0,126.0,0.0
2025-11-05 01:43:46+00:00,2025-11-05 01:43:46,,,,,,,,,,38.7937508,13.2640629,1018.04999,882.75,20.5625,1.0,,12.86,0.0,19.92,65.71875,,65.71875,0.0,125.925003,0.0
2025-11-05 01:43:47+00:00,2025-11-05 01:43:47,,,,,,,,,,38.8012505,13.3093748,1017.59998,882.599976,20.5625,1.0,,12.86,0.0,19.92,65.7375031,,65.7375031,0.0,126.0,0.0
2025-11-05 01:43:48+00:00,2025-11-05 01:43:48,,,,,,,,,,38.7975006,13.34375,1017.22498,882.525024,20.5625,1.0,,12.86,0.0,19.92,65.7375031,,65.7375031,0.0,126.0,0.0
2025-11-05 01:43:49+00:00,2025-11-05 01:43:49,,,,,,,,,,38.7975006,13.34375,1016.77502,882.375,20.5625,1.0,,12.86,0.0,19.92,65.7375031,,65.7375031,0.0,126.0,0.0
2025-11-05 01:43:50+00:00,2025-11-05 01:43:50,38.0,39.0,38.0,38.0,38.0,19.362456795709726,209.0,BO_O2,"O2 규칙 적용: 13.3% (12.0% < O2 ≤ 14.0%) (2단계 롤백, 3~4단계에서 Hz 변화 없음)",38.7862511,13.3765621,1016.40002,882.299988,21.0625,1.0,,12.86,0.0,19.92,65.71875,,65.71875,0.0,126.0,0.0
2025-11-05 01:43:51+00:00,2025-11-05 01:43:51,,,,,,,,,,38.7900009,13.4109373,1015.875,882.150024,21.0625,1.0,,12.86,0.0,19.92,65.7375031,,65.7375031,0.0,126.0,0.0
2025-11-05 01:43:52+00:00,2025-11-05 01:43:52,,,,,,,,,,38.7825012,13.4109373,1015.5,882.150024,21.0625,1.0,,12.86,0.0,19.92,65.7375031,,65.7375031,0.0,126.0,0.0
2025-11-05 01:43:53+00:00,2025-11-05 01:43:53,,,,,,,,,,38.7900009,13.4281254,1014.97498,881.924988,21.0625,1.0,,12.86,0.0,19.92,65.7375031,,65.7375031,0.0,126.074997,0.0
2025-11-05 01:43:54+00:00,2025-11-05 01:43:54,,,,,,,,,,38.8125,13.4281254,1014.59998,881.849976,21.0625,1.0,,12.86,0.0,19.92,65.7375031,,65.7375031,0.0,125.925003,0.0
2025-11-05 01:43:55+00:00,2025-11-05 01:43:55,38.0,39.0,38.0,38.0,38.0,20.21907619886658,209.0,BO_O2,"O2 규칙 적용: 13.4% (12.0% < O2 ≤ 14.0%) (2단계 롤백, 3~4단계에서 Hz 변화 없음)",38.7862511,13.4296875,1014.0,881.775024,21.3999996,1.0,,12.86,0.0,21.17,65.7375031,,65.7375031,0.0,126.0,0.0
2025-11-05 01:43:56+00:00,2025-11-05 01:43:56,,,,,,,,,,38.7937508,13.4328127,1013.625,881.700012,21.3999996,1.0,,12.86,0.0,21.17,65.3812485,,65.3812485,0.0,126.0,0.0
2025-11-05 01:43:57+00:00,2025-11-05 01:43:57,,,,,,,,,,38.7900009,13.4328127,1013.02502,881.474976,21.3999996,1.0,,12.86,0.0,21.17,65.3812485,,65.3812485,0.0,126.0,0.0
2025-11-05 01:43:58+00:00,2025-11-05 01:43:58,,,,,,,,,,38.7862511,13.4031248,1012.65002,881.474976,21.3999996,1.0,,12.86,0.0,21.17,65.3625031,,65.3625031,0.0,125.925003,0.0
2025-11-05 01:43:59+00:00,2025-11-05 01:43:59,,,,,,,,,,38.7900009,13.3515625,1012.04999,881.325012,21.3999996,1.0,,12.86,0.0,21.17,65.3812485,,65.3812485,0.0,125.925003,0.0
2025-11-05 01:44:00+00:00,2025-11-05 01:44:00,38.0,39.0,38.0,38.0,38.0,20.74105888830954,209.0,BO_O2,"O2 규칙 적용: 13.4% (12.0% < O2 ≤ 14.0%) (2단계 롤백, 3~4단계에서 Hz 변화 없음)",38.7937508,13.3515625,1011.67499,881.25,21.9125004,1.0,2.0,12.86,0.0,21.17,65.3812485,,65.3812485,0.0,126.0,0.0
2025-11-05 01:44:01+00:00,2025-11-05 01:44:01,,,,,,,,,,38.7862511,13.2875004,1011.15002,881.099976,21.9125004,1.0,,12.86,0.0,21.17,65.3812485,,65.3812485,0.0,126.0,0.0
2025-11-05 01:44:02+00:00,2025-11-05 01:44:02,,,,,,,,,,38.8012505,13.2875004,1010.70001,880.950012,21.9125004,1.0,,12.86,0.0,21.17,65.3625031,,65.3625031,0.0,125.925003,0.0
2025-11-05 01:44:03+00:00,2025-11-05 01:44:03,,,,,,,,,,38.7937508,13.2218752,1010.09998,880.799988,21.9125004,1.0,,12.86,0.0,21.17,65.3812485,,65.3812485,0.0,126.0,0.0
2025-11-05 01:44:04+00:00,2025-11-05 01:44:04,,,,,,,,,,38.7900009,13.1640625,1009.65002,880.724976,21.9125004,1.0,,12.86,0.0,21.17,65.3812485,,65.3812485,0.0,126.0,0.0
2025-11-05 01:44:05+00:00,2025-11-05 01:44:05,38.0,39.0,38.0,38.0,38.0,19.49815768777686,209.0,BO_O2,"O2 규칙 적용: 13.3% (12.0% < O2 ≤ 14.0%) (2단계 롤백, 3~4단계에서 Hz 변화 없음)",38.7937508,13.1640625,1008.97498,880.575012,21.8250008,1.0,,12.86,0.0,21.99,65.3812485,,65.3812485,0.0,126.0,0.0
2025-11-05 01:44:06+00:00,2025-11-05 01:44:06,,,,,,,,,,38.7900009,13.109375,1008.375,880.424988,21.8250008,1.0,,12.86,0.0,21.99,65.3625031,,65.3625031,0.0,126.0,0.0
2025-11-05 01:44:07+00:00,2025-11-05 01:44:07,,,,,,,,,,38.7975006,13.0609379,1007.92499,880.349976,21.8250008,1.0,,12.86,0.0,21.99,65.3812485,,65.3812485,0.0,126.0,0.0
2025-11-05 01:44:08+00:00,2025-11-05 01:44:08,,,,,,,,,,38.7975006,13.0609379,1007.54999,880.275024,21.8250008,1.0,,12.86,0.0,21.99,65.3812485,,65.3812485,0.0,126.0,0.0
2025-11-05 01:44:09+00:00,2025-11-05 01:44:09,,,,,,,,,,38.8087502,13.0265627,1006.79999,880.125,21.8250008,1.0,,12.86,0.0,21.99,65.3812485,,65.3812485,0.0,126.0,0.0
2025-11-05 01:44:10+00:00,2025-11-05 01:44:10,38.0,39.0,38.0,38.0,38.0,18.339071111169442,209.0,BO_O2,"O2 규칙 적용: 13.1% (12.0% < O2 ≤ 14.0%) (2단계 롤백, 3~4단계에서 Hz 변화 없음)",38.8199997,13.0265627,1006.42499,880.049988,21.8250008,1.0,,12.86,0.0,21.99,65.3812485,,65.3812485,0.0,126.0,0.0
2025-11-05 01:44:11+00:00,2025-11-05 01:44:11,,,,,,,,,,38.7900009,13.0124998,1005.82501,879.900024,21.8250008,1.0,,12.86,0.0,21.99,65.3812485,,65.3812485,0.0,126.0,0.0
2025-11-05 01:44:12+00:00,2025-11-05 01:44:12,,,,,,,,,,38.7937508,13.0031252,1005.375,879.75,21.8250008,1.0,,12.86,0.0,21.99,65.3812485,,65.3812485,0.0,126.0,0.0
2025-11-05 01:44:13+00:00,2025-11-05 01:44:13,,,,,,,,,,38.8387489,13.0031252,1004.77502,879.599976,21.8250008,1.0,,12.86,0.0,21.99,65.3812485,,65.3812485,0.0,126.0,0.0
2025-11-05 01:44:14+00:00,2025-11-05 01:44:14,,,,,,,,,,38.7825012,13.0015621,1004.40002,879.525024,21.8250008,1.0,,12.86,0.0,21.99,65.3625031,,65.3625031,0.0,124.574997,0.0
2025-11-05 01:44:15+00:00,2025-11-05 01:44:15,38.0,39.0,38.0,38.0,38.0,18.460637990571815,209.0,BO_O2,"O2 규칙 적용: 13.0% (12.0% < O2 ≤ 14.0%) (2단계 롤백, 3~4단계에서 Hz 변화 없음)",38.7975006,13.0078125,1003.875,879.375,22.0,1.0,2.0,12.86,0.0,21.93,65.3812485,,65.3812485,0.0,124.574997,0.0
2025-11-05 01:44:16+00:00,2025-11-05 01:44:16,,,,,,,,,,38.7937508,13.0078125,1003.5,879.299988,22.0,1.0,,12.86,0.0,21.93,65.3812485,,65.3812485,0.0,126.0,0.0
2025-11-05 01:44:17+00:00,2025-11-05 01:44:17,,,,,,,,,,38.7900009,13.015625,1002.97498,879.075012,22.0,1.0,,12.86,0.0,21.93,65.3812485,,65.3812485,0.0,126.0,0.0
2025-11-05 01:44:18+00:00,2025-11-05 01:44:18,,,,,,,,,,38.7937508,13.015625,1002.59998,879.0,22.0,1.0,,12.86,0.0,21.93,65.3812485,,65.3812485,0.0,126.0,0.0
2025-11-05 01:44:19+00:00,2025-11-05 01:44:19,,,,,,,,,,38.7900009,13.0343752,1002.15002,878.849976,22.0,1.0,,12.86,0.0,21.93,65.3812485,,65.3812485,0.0,124.5,0.0
2025-11-05 01:44:20+00:00,2025-11-05 01:44:20,38.0,39.0,38.0,38.0,38.0,17.626974741283302,209.0,BO_O2,"O2 규칙 적용: 13.0% (12.0% < O2 ≤ 14.0%) (2단계 롤백, 3~4단계에서 Hz 변화 없음)",38.7937508,13.0546875,1001.77502,878.700012,21.9125004,1.0,,12.86,0.0,21.93,65.3812485,,65.3812485,0.0,124.5,0.0
2025-11-05 01:44:21+00:00,2025-11-05 01:44:21,,,,,,,,,,38.7937508,13.0546875,1001.32501,878.549988,21.9125004,1.0,,12.86,0.0,21.93,65.3812485,,65.3812485,0.0,126.0,0.0
2025-11-05 01:44:22+00:00,2025-11-05 01:44:22,,,,,,,,,,38.7937508,13.0687504,1001.02502,878.474976,21.9125004,1.0,,12.86,0.0,21.93,65.3812485,,65.3812485,0.0,126.0,0.0
2025-11-05 01:44:23+00:00,2025-11-05 01:44:23,,,,,,,,,,38.7937508,13.0796871,1000.5,878.325012,21.9125004,1.0,,12.86,0.0,21.93,65.3625031,,65.3625031,0.0,126.0,0.0
2025-11-05 01:44:24+00:00,2025-11-05 01:44:24,,,,,,,,,,38.8312492,13.0796871,1000.20001,878.174988,21.9125004,1.0,,12.86,0.0,21.93,65.3812485,,65.3812485,0.0,126.0,0.0
2025-11-05 01:44:25+00:00,2025-11-05 01:44:25,38.0,39.0,38.0,38.0,38.0,18.13372838831822,209.0,BO_O2,"O2 규칙 적용: 13.1% (12.0% < O2 ≤ 14.0%) (2단계 롤백, 3~4단계에서 Hz 변화 없음)",38.7862511,13.0765629,999.75,878.025024,21.9125004,1.0,,12.86,0.0,21.99,65.3812485,,65.3812485,0.0,126.074997,0.0
2025-11-05 01:44:26+00:00,2025-11-05 01:44:26,,,,,,,,,,38.8087502,13.0515623,999.299988,877.875,21.9125004,1.0,,12.86,0.0,21.99,65.3812485,,65.3812485,0.0,126.0,0.0
2025-11-05 01:44:27+00:00,2025-11-05 01:44:27,,,,,,,,,,38.8050003,13.0515623,999.0,877.799988,21.9125004,1.0,,12.86,0.0,21.99,65.3625031,,65.3625031,0.0,125.550003,0.0
2025-11-05 01:44:28+00:00,2025-11-05 01:44:28,,,,,,,,,,38.7862511,13.0078125,998.549988,877.650024,21.9125004,1.0,,12.86,0.0,21.99,65.3812485,,65.3812485,0.0,124.425003,0.0
2025-11-05 01:44:29+00:00,2025-11-05 01:44:29,,,,,,,,,,38.7975006,13.0078125,998.325012,877.5,21.9125004,1.0,,12.86,0.0,21.99,65.3812485,,65.3812485,0.0,124.5,0.0
2025-11-05 01:44:30+00:00,2025-11-05 01:44:30,38.0,39.0,38.0,38.0,38.0,18.373861368881,209.0,BO_O2,"O2 규칙 적용: 13.0% (12.0% < O2 ≤ 14.0%) (2단계 롤백, 3~4단계에서 Hz 변화 없음)",38.7937508,12.9375,997.875,877.349976,21.7374992,1.0,2.0,12.86,0.0,21.99,65.3812485,,65.3812485,0.0,124.5,0.0
2025-11-05 01:44:31+00:00,2025-11-05 01:44:31,,,,,,,,,,38.7900009,12.8531246,997.575012,877.275024,21.7374992,1.0,,12.86,0.0,21.99,65.3625031,,65.3625031,0.0,124.425003,0.0
2025-11-05 01:44:32+00:00,2025-11-05 01:44:32,,,,,,,,,,38.7937508,12.8531246,997.125,877.125,21.7374992,1.0,,12.86,0.0,21.99,65.3812485,,65.3812485,0.0,124.5,0.0
2025-11-05 01:44:33+00:00,2025-11-05 01:44:33,,,,,,,,,,38.8012505,12.7624998,996.825012,876.974976,21.7374992,1.0,,12.86,0.0,21.99,65.3812485,,65.3812485,0.0,124.5,0.0
2025-11-05 01:44:34+00:00,2025-11-05 01:44:34,,,,,,,,,,38.7900009,12.7624998,996.375,876.825012,21.75,1.0,,12.86,0.0,21.99,65.3812485,,65.3812485,0.0,124.5,0.0
2025-11-05 01:44:35+00:00,2025-11-05 01:44:35,38.0,39.0,38.0,38.0,38.0,16.9948267426755,209.0,BO_O2,"O2 규칙 적용: 12.8% (12.0% < O2 ≤ 14.0%) (2단계 롤백, 3~4단계에서 Hz 변화 없음)",38.7862511,12.6734371,996.150024,876.75,21.1499996,1.0,,12.86,0.0,21.87,65.3812485,,65.3812485,0.0,124.425003,0.0
2025-11-05 01:44:36+00:00,2025-11-05 01:44:36,,,,,,,,,,38.7975006,12.5828123,995.625,876.599976,21.1499996,1.0,,12.86,0.0,21.87,65.3812485,,65.3812485,0.0,124.5,0.0
2025-11-05 01:44:37+00:00,2025-11-05 01:44:37,,,,,,,,,,38.7975006,12.5828123,995.400024,876.450012,21.1499996,1.0,,12.86,0.0,21.87,65.3812485,,65.3812485,0.0,124.5,0.0
2025-11-05 01:44:38+00:00,2025-11-05 01:44:38,,,,,,,,,,38.7900009,12.4953127,994.950012,876.299988,21.1499996,1.0,,12.86,0.0,21.87,65.3812485,,65.3812485,0.0,124.5,0.0
2025-11-05 01:44:39+00:00,2025-11-05 01:44:39,,,,,,,,,,38.7937508,12.3999996,994.650024,876.224976,21.1499996,1.0,,12.86,0.0,21.87,65.3625031,,65.3625031,0.0,125.925003,0.0
2025-11-05 01:44:40+00:00,2025-11-05 01:44:40,38.0,39.0,38.0,38.0,38.0,15.571011643857041,209.0,BO_O2,"O2 규칙 적용: 12.6% (12.0% < O2 ≤ 14.0%) (2단계 롤백, 3~4단계에서 Hz 변화 없음)",38.7900009,12.3999996,994.200012,876.075012,20.4750004,1.0,,12.86,0.0,21.87,65.3812485,,65.3812485,0.0,124.5,0.0
2025-11-05 01:44:41+00:00,2025-11-05 01:44:41,,,,,,,,,,38.8349991,12.3062496,993.900024,876.0,20.4874992,1.0,,12.86,0.0,21.87,65.1374969,,65.1374969,0.0,126.0,0.0
2025-11-05 01:44:42+00:00,2025-11-05 01:44:42,,,,,,,,,,38.7862511,12.3062496,993.525024,875.775024,20.4750004,1.0,,12.86,0.0,21.87,65.0062485,,65.0062485,0.0,126.0,0.0
2025-11-05 01:44:43+00:00,2025-11-05 01:44:43,,,,,,,,,,38.7900009,12.21875,993.224976,875.700012,20.4750004,1.0,,12.86,0.0,21.87,64.9875031,,64.9875031,0.0,126.0,0.0
2025-11-05 01:44:44+00:00,2025-11-05 01:44:44,,,,,,,,,,38.7900009,12.1374998,992.775024,875.549988,20.4750004,1.0,,12.86,0.0,21.87,65.0062485,,65.0062485,0.0,124.650002,0.0
2025-11-05 01:44:45+00:00,2025-11-05 01:44:45,38.0,39.0,38.0,38.0,38.0,14.882788814671864,209.0,BO_O2,"O2 규칙 적용: 12.3% (12.0% < O2 ≤ 14.0%) (2단계 롤백, 3~4단계에서 Hz 변화 없음)",38.8050003,12.1374998,992.474976,875.474976,19.8125,1.0,2.0,12.86,0.0,20.53,65.3812485,,65.3812485,0.0,124.425003,0.0
2025-11-05 01:44:46+00:00,2025-11-05 01:44:46,,,,,,,,,,38.8312492,12.0671873,992.025024,875.325012,19.8125,1.0,,12.86,0.0,20.53,65.3812485,,65.3812485,0.0,124.5,0.0
2025-11-05 01:44:47+00:00,2025-11-05 01:44:47,,,,,,,,,,38.7975006,12.0093746,991.724976,875.174988,19.8125,1.0,,12.86,0.0,20.53,65.2312469,,65.2312469,0.0,124.425003,0.0
2025-11-05 01:44:48+00:00,2025-11-05 01:44:48,,,,,,,,,,38.7937508,12.0093746,991.349976,875.025024,19.8125,1.0,,12.86,0.0,20.53,65.0062485,,65.0062485,0.0,124.5,0.0
2025-11-05 01:44:49+00:00,2025-11-05 01:44:49,,,,,,,,,,38.8012505,11.9609375,991.049988,874.875,19.7999992,1.0,,12.86,0.0,20.53,65.0062485,,65.0062485,0.0,124.5,0.0
2025-11-05 01:44:50+00:00,2025-11-05 01:44:50,38.0,39.0,38.0,38.0,38.0,15.259238012835759,209.0,BO_O2,"O2 규칙 적용: 12.0% (12.0% < O2 ≤ 14.0%) (2단계 롤백, 3~4단계에서 Hz 변화 없음)",38.8125,11.9609375,990.599976,874.799988,18.7124996,1.0,,12.86,0.0,20.53,65.0062485,,65.0062485,0.0,124.5,0.0
2025-11-05 01:44:51+00:00,2025-11-05 01:44:51,,,,,,,,,,38.7975006,11.921875,990.299988,874.650024,18.7000008,1.0,,12.86,0.0,20.53,64.9875031,,64.9875031,0.0,124.425003,0.0
2025-11-05 01:44:52+00:00,2025-11-05 01:44:52,,,,,,,,,,38.7900009,11.9046879,989.849976,874.5,18.7000008,1.0,,12.86,0.0,20.53,65.0062485,,65.0062485,0.0,124.5,0.0
2025-11-05 01:44:53+00:00,2025-11-05 01:44:53,,,,,,,,,,38.7862511,11.9046879,989.549988,874.349976,18.7000008,1.0,,12.86,0.0,20.53,65.0062485,,65.0062485,0.0,124.5,0.0
2025-11-05 01:44:54+00:00,2025-11-05 01:44:54,,,,,,,,,,38.7900009,11.8874998,989.174988,874.275024,18.7124996,1.0,,12.86,0.0,20.53,65.0062485,,65.0062485,0.0,124.5,0.0
2025-11-05 01:44:55+00:00,2025-11-05 01:44:55,38.0,39.0,38.0,38.0,38.0,14.239817781406067,208.0,BO_O2,"O2 규칙 적용: 11.9% (10.0% < O2 ≤ 12.0%) (2단계 롤백, 3~4단계에서 Hz 변화 없음)",38.7900009,11.8703127,988.875,874.125,18.7875004,1.0,,12.86,0.0,18.81,64.9875031,,64.9875031,0.0,124.425003,0.0
2025-11-05 01:44:56+00:00,2025-11-05 01:44:56,,,,,,,,,,38.7862511,11.8703127,988.5,873.974976,18.7875004,1.0,,12.86,0.0,18.81,64.9875031,,64.9875031,0.0,124.425003,0.0
2025-11-05 01:44:57+00:00,2025-11-05 01:44:57,,,,,,,,,,38.8012505,11.8468752,988.200012,873.825012,18.7875004,1.0,,12.86,0.0,18.81,65.0062485,,65.0062485,0.0,124.5,0.0
2025-11-05 01:44:58+00:00,2025-11-05 01:44:58,,,,,,,,,,38.7937508,11.8312502,987.825012,873.674988,18.7875004,1.0,,12.86,0.0,18.81,65.0062485,,65.0062485,0.0,124.5,0.0
2025-11-05 01:44:59+00:00,2025-11-05 01:44:59,,,,,,,,,,38.7862511,11.8312502,987.525024,873.599976,18.7875004,1.0,,12.86,0.0,18.81,64.9875031,,64.9875031,0.0,124.5,0.0
2025-11-05 01:45:00+00:00,2025-11-05 01:45:00,38.0,39.0,38.0,38.0,38.0,14.8835835225508,208.0,BO_O2,"O2 규칙 적용: 11.8% (10.0% < O2 ≤ 12.0%) (2단계 롤백, 3~4단계에서 Hz 변화 없음)",38.7900009,11.8203125,987.150024,873.450012,17.9500008,1.0,2.0,12.86,0.0,18.81,65.0062485,,65.0062485,0.0,124.5,0.0
2025-11-05 01:45:01+00:00,2025-11-05 01:45:01,,,,,,,,,,38.7862511,11.8203125,986.924988,873.299988,17.9624996,1.0,,12.86,0.0,18.81,65.0062485,,65.0062485,0.0,124.5,0.0
2025-11-05 01:45:02+00:00,2025-11-05 01:45:02,,,,,,,,,,38.7937508,11.8062496,986.549988,873.150024,17.9500008,1.0,,12.86,0.0,18.81,64.9875031,,64.9875031,0.0,124.425003,0.0
2025-11-05 01:45:03+00:00,2025-11-05 01:45:03,,,,,,,,,,38.7937508,11.796875,986.25,873.075012,17.9500008,1.0,,12.86,0.0,18.81,64.9875031,,64.9875031,0.0,124.425003,0.0
2025-11-05 01:45:04+00:00,2025-11-05 01:45:04,,,,,,,,,,38.7975006,11.796875,985.950012,872.849976,17.9500008,1.0,,12.86,0.0,18.81,65.0062485,,65.0062485,0.0,124.5,0.0
2025-11-05 01:45:05+00:00,2025-11-05 01:45:05,38.0,39.0,38.0,38.0,38.0,13.484199721316115,208.0,BO_O2,"O2 규칙 적용: 11.8% (10.0% < O2 ≤ 12.0%) (2단계 롤백, 3~4단계에서 Hz 변화 없음)",38.7975006,11.7765627,985.650024,872.775024,17.7749996,1.0,,12.86,0.0,18.05,65.0062485,,65.0062485,0.0,124.5,0.0
2025-11-05 01:45:06+00:00,2025-11-05 01:45:06,,,,,,,,,,38.7900009,11.7578125,985.349976,872.625,17.7875004,1.0,,12.86,0.0,18.05,65.0062485,,65.0062485,0.0,124.5,0.0
2025-11-05 01:45:07+00:00,2025-11-05 01:45:07,,,,,,,,,,38.8087502,11.7578125,985.125,872.474976,17.7875004,1.0,,12.86,0.0,18.05,65.0062485,,65.0062485,0.0,124.5,0.0
2025-11-05 01:45:08+00:00,2025-11-05 01:45:08,,,,,,,,,,38.7975006,11.7359371,984.75,872.325012,17.7875004,1.0,,12.86,0.0,18.05,64.9875031,,64.9875031,0.0,124.5,0.0
2025-11-05 01:45:09+00:00,2025-11-05 01:45:09,,,,,,,,,,38.7937508,11.7359371,984.525024,872.25,17.7749996,1.0,,12.86,0.0,18.05,65.0062485,,65.0062485,0.0,124.5,0.0
2025-11-05 01:45:10+00:00,2025-11-05 01:45:10,38.0,39.0,38.0,38.0,38.0,14.943576729089232,208.0,BO_O2,"O2 규칙 적용: 11.8% (10.0% < O2 ≤ 12.0%) (2단계 롤백, 3~4단계에서 Hz 변화 없음)",38.8012505,11.7140627,984.224976,872.025024,17.2749996,1.0,,12.86,0.0,18.05,65.0062485,,65.0062485,0.0,124.5,0.0
2025-11-05 01:45:11+00:00,2025-11-05 01:45:11,,,,,,,,,,38.7900009,11.6890621,983.924988,871.950012,17.2749996,1.0,,12.86,0.0,18.05,64.9875031,,64.9875031,0.0,124.425003,0.0
2025-11-05 01:45:12+00:00,2025-11-05 01:45:12,,,,,,,,,,38.7937508,11.6890621,983.700012,871.799988,17.2749996,1.0,,12.86,0.0,18.05,65.0062485,,65.0062485,0.0,124.425003,0.0
2025-11-05 01:45:13+00:00,2025-11-05 01:45:13,,,,,,,,,,38.7862511,11.65625,983.474976,871.724976,17.2749996,1.0,,12.86,0.0,18.05,65.0062485,,65.0062485,0.0,124.5,0.0
2025-11-05 01:45:14+00:00,2025-11-05 01:45:14,,,,,,,,,,38.7937508,11.6234379,983.25,871.575012,17.2875004,1.0,,12.86,0.0,18.05,65.0062485,,65.0062485,0.0,124.5,0.0
2025-11-05 01:45:15+00:00,2025-11-05 01:45:15,38.0,39.0,38.0,38.0,38.0,14.855591711492615,208.0,BO_O2,"O2 규칙 적용: 11.7% (10.0% < O2 ≤ 12.0%) (2단계 롤백, 3~4단계에서 Hz 변화 없음)",38.7900009,11.6234379,983.025024,871.5,17.2000008,1.0,2.0,12.86,0.0,18.05,65.0062485,,65.0062485,0.0,124.5,0.0
2025-11-05 01:45:16+00:00,2025-11-05 01:45:16,,,,,,,,,,38.7862511,11.5890627,982.799988,871.275024,17.1875,1.0,,12.86,0.0,17.34,64.9875031,,64.9875031,0.0,124.425003,0.0
2025-11-05 01:45:17+00:00,2025-11-05 01:45:17,,,,,,,,,,38.7975006,11.5890627,982.650024,871.200012,17.2000008,1.0,,12.86,0.0,17.34,65.0062485,,65.0062485,0.0,124.5,0.0
2025-11-05 01:45:18+00:00,2025-11-05 01:45:18,,,,,,,,,,38.8087502,11.5578127,982.424988,871.049988,17.2000008,1.0,,12.86,0.0,17.34,64.6312485,,64.6312485,0.0,124.5,0.0
2025-11-05 01:45:19+00:00,2025-11-05 01:45:19,,,,,,,,,,38.8012505,11.5234375,982.275024,870.974976,17.1875,1.0,,12.86,0.0,17.34,64.6312485,,64.6312485,0.0,124.5,0.0
2025-11-05 01:45:20+00:00,2025-11-05 01:45:20,38.0,39.0,38.0,38.0,38.0,16.033837613804806,208.0,BO_O2,"O2 규칙 적용: 11.6% (10.0% < O2 ≤ 12.0%) (2단계 롤백, 3~4단계에서 Hz 변화 없음)",38.8012505,11.5234375,982.125,870.825012,17.0375004,1.0,,12.86,0.0,17.34,64.6312485,,64.6312485,0.0,124.425003,0.0
2025-11-05 01:45:21+00:00,2025-11-05 01:45:21,,,,,,,,,,38.8050003,11.4828129,981.974976,870.674988,17.0249996,1.0,,12.86,0.0,17.34,64.6312485,,64.6312485,0.0,124.425003,0.0
2025-11-05 01:45:22+00:00,2025-11-05 01:45:22,,,,,,,,,,38.8012505,11.4343748,981.825012,870.525024,17.0249996,1.0,,12.86,0.0,17.34,64.6312485,,64.6312485,0.0,124.425003,0.0
2025-11-05 01:45:23+00:00,2025-11-05 01:45:23,,,,,,,,,,38.7937508,11.4343748,981.75,870.450012,17.0249996,1.0,,12.86,0.0,17.34,64.6500015,,64.6500015,0.0,124.5,0.0
2025-11-05 01:45:24+00:00,2025-11-05 01:45:24,,,,,,,,,,38.7975006,11.3812504,981.525024,870.299988,17.0249996,1.0,,12.86,0.0,17.34,64.6312485,,64.6312485,0.0,124.425003,0.0
2025-11-05 01:45:25+00:00,2025-11-05 01:45:25,38.0,39.0,38.0,38.0,38.0,16.224141755466196,208.0,BO_O2,"O2 규칙 적용: 11.5% (10.0% < O2 ≤ 12.0%) (2단계 롤백, 3~4단계에서 Hz 변화 없음)",38.8012505,11.3812504,981.450012,870.150024,17.2749996,1.0,,12.86,0.0,17.34,64.6500015,,64.6500015,0.0,124.5,0.0
2025-11-05 01:45:26+00:00,2025-11-05 01:45:26,,,,,,,,,,38.7862511,11.3265629,981.299988,870.0,17.2749996,1.0,,12.86,0.0,17.13,64.6312485,,64.6312485,0.0,124.5,0.0
2025-11-05 01:45:27+00:00,2025-11-05 01:45:27,,,,,,,,,,38.7900009,11.2624998,981.224976,869.924988,17.2749996,1.0,,12.86,0.0,17.13,64.6312485,,64.6312485,0.0,124.5,0.0
2025-11-05 01:45:28+00:00,2025-11-05 01:45:28,,,,,,,,,,38.7825012,11.2624998,981.0,869.775024,17.2749996,1.0,,12.86,0.0,17.13,64.6312485,,64.6312485,0.0,124.425003,0.0
2025-11-05 01:45:29+00:00,2025-11-05 01:45:29,,,,,,,,,,38.7825012,11.1828127,980.924988,869.700012,17.2749996,1.0,,12.86,0.0,17.13,64.6312485,,64.6312485,0.0,124.5,0.0
2025-11-05 01:45:30+00:00,2025-11-05 01:45:30,38.0,39.0,38.0,38.0,38.0,19.06504077974901,208.0,BO_O2,"O2 규칙 적용: 11.3% (10.0% < O2 ≤ 12.0%) (2단계 롤백, 3~4단계에서 Hz 변화 없음)",38.7937508,11.0890627,980.775024,869.549988,17.6124992,1.0,2.0,12.86,0.0,17.13,64.6500015,,64.6500015,0.0,124.5,0.0
2025-11-05 01:45:31+00:00,2025-11-05 01:45:31,,,,,,,,,,38.7862511,11.0890627,980.700012,869.400024,17.6124992,1.0,,12.86,0.0,17.13,64.6500015,,64.6500015,0.0,124.5,0.0
2025-11-05 01:45:32+00:00,2025-11-05 01:45:32,,,,,,,,,,38.7975006,10.9984379,980.625,869.325012,17.6124992,1.0,,12.86,0.0,17.13,64.6312485,,64.6312485,0.0,124.425003,0.0
2025-11-05 01:45:33+00:00,2025-11-05 01:45:33,,,,,,,,,,38.7975006,10.9984379,980.549988,869.174988,17.6124992,1.0,,12.86,0.0,17.13,64.6312485,,64.6312485,0.0,124.425003,0.0
2025-11-05 01:45:34+00:00,2025-11-05 01:45:34,,,,,,,,,,38.7862511,10.9078121,980.474976,869.025024,17.6124992,1.0,,12.86,0.0,17.13,64.6312485,,64.6312485,0.0,124.425003,0.0
2025-11-05 01:45:35+00:00,2025-11-05 01:45:35,38.0,39.0,38.0,38.0,38.0,19.470744644254683,208.0,BO_O2,"O2 규칙 적용: 11.0% (10.0% < O2 ≤ 12.0%) (2단계 롤백, 3~4단계에서 Hz 변화 없음)",38.7900009,10.8187504,980.400024,868.950012,16.8624992,1.0,,12.86,0.0,17.13,64.6500015,,64.6500015,0.0,124.425003,0.0
2025-11-05 01:45:36+00:00,2025-11-05 01:45:36,,,,,,,,,,38.7862511,10.8187504,980.325012,868.799988,16.8624992,1.0,,12.86,0.0,17.68,64.6312485,,64.6312485,0.0,124.5,0.0
2025-11-05 01:45:37+00:00,2025-11-05 01:45:37,,,,,,,,,,38.7900009,10.734375,980.25,868.724976,16.8624992,1.0,,12.86,0.0,17.68,64.6500015,,64.6500015,0.0,124.5,0.0
2025-11-05 01:45:38+00:00,2025-11-05 01:45:38,,,,,,,,,,38.7937508,10.6484375,980.174988,868.575012,16.8624992,1.0,,12.86,0.0,17.68,64.6500015,,64.6500015,0.0,124.5,0.0
2025-11-05 01:45:39+00:00,2025-11-05 01:45:39,,,,,,,,,,38.7900009,10.6484375,980.099976,868.5,16.8624992,1.0,,12.86,0.0,17.68,64.6312485,,64.6312485,0.0,124.5,0.0
2025-11-05 01:45:40+00:00,2025-11-05 01:45:40,38.0,39.0,38.0,38.0,38.0,16.420456643723114,208.0,BO_O2,"O2 규칙 적용: 10.7% (10.0% < O2 ≤ 12.0%) (2단계 롤백, 3~4단계에서 Hz 변화 없음)",38.7862511,10.5625,980.025024,868.349976,16.7749996,1.0,,12.86,0.0,17.68,64.6312485,,64.6312485,0.0,124.5,0.0
2025-11-05 01:45:41+00:00,2025-11-05 01:45:41,,,,,,,,,,38.7900009,10.5625,980.025024,868.275024,16.7749996,1.0,,12.86,0.0,17.68,64.6500015,,64.6500015,0.0,124.425003,0.0
2025-11-05 01:45:42+00:00,2025-11-05 01:45:42,,,,,,,,,,38.7937508,10.5171871,980.025024,868.125,16.7749996,1.0,,12.86,0.0,17.68,64.6312485,,64.6312485,0.0,124.425003,0.0
2025-11-05 01:45:43+00:00,2025-11-05 01:45:43,,,,,,,,,,38.7937508,10.6031246,979.950012,868.049988,16.7749996,1.0,,12.86,0.0,17.68,64.6312485,,64.6312485,0.0,124.425003,0.0
2025-11-05 01:45:44+00:00,2025-11-05 01:45:44,,,,,,,,,,38.8050003,10.6031246,979.950012,867.900024,16.7749996,1.0,,12.86,0.0,17.68,64.6312485,,64.6312485,0.0,124.425003,0.0
2025-11-05 01:45:45+00:00,2025-11-05 01:45:45,38.0,39.0,38.0,38.0,38.0,16.201173517372993,208.0,BO_O2,"O2 규칙 적용: 10.6% (10.0% < O2 ≤ 12.0%) (2단계 롤백, 3~4단계에서 Hz 변화 없음)",38.8012505,10.765625,979.875,867.825012,17.3624992,1.0,2.0,12.86,0.0,17.68,64.6500015,,64.6500015,0.0,124.425003,0.0
2025-11-05 01:45:46+00:00,2025-11-05 01:45:46,,,,,,,,,,38.7900009,10.8734379,979.875,867.674988,17.3624992,1.0,,12.86,0.0,16.9,64.6312485,,64.6312485,0.0,124.5,0.0
2025-11-05 01:45:47+00:00,2025-11-05 01:45:47,,,,,,,,,,38.7825012,10.8734379,979.875,867.599976,17.3624992,1.0,,12.86,0.0,16.9,64.6312485,,64.6312485,0.0,124.425003,0.0
2025-11-05 01:45:48+00:00,2025-11-05 01:45:48,,,,,,,,,,38.7900009,10.9343748,979.875,867.525024,17.3624992,1.0,,12.86,0.0,16.9,64.6312485,,64.6312485,0.0,124.425003,0.0
2025-11-05 01:45:49+00:00,2025-11-05 01:45:49,,,,,,,,,,38.7937508,10.9343748,979.875,867.375,17.3624992,1.0,,12.86,0.0,16.9,65.0062485,,65.0062485,0.0,124.5,0.0
2025-11-05 01:45:50+00:00,2025-11-05 01:45:50,38.0,39.0,38.0,38.0,38.0,18.269674599726127,208.0,BO_O2,"O2 규칙 적용: 10.9% (10.0% < O2 ≤ 12.0%) (2단계 롤백, 3~4단계에서 Hz 변화 없음)",38.7937508,10.9546871,979.875,867.299988,16.8500004,1.0,,12.86,0.0,16.9,65.0062485,,65.0062485,0.0,124.5,0.0
2025-11-05 01:45:51+00:00,2025-11-05 01:45:51,,,,,,,,,,38.8050003,10.9609375,979.875,867.150024,16.8624992,1.0,,12.86,0.0,16.9,64.9875031,,64.9875031,0.0,124.425003,0.0
2025-11-05 01:45:52+00:00,2025-11-05 01:45:52,,,,,,,,,,38.7937508,10.9609375,979.950012,867.0,16.8624992,1.0,,12.86,0.0,16.9,64.9875031,,64.9875031,0.0,124.425003,0.0
2025-11-05 01:45:53+00:00,2025-11-05 01:45:53,,,,,,,,,,38.7937508,10.9578123,979.950012,867.0,16.8624992,1.0,,12.86,0.0,16.9,65.0062485,,65.0062485,0.0,124.425003,0.0
2025-11-05 01:45:54+00:00,2025-11-05 01:45:54,,,,,,,,,,38.7937508,10.9437504,979.950012,866.924988,16.8624992,1.0,,12.86,0.0,16.9,64.9875031,,64.9875031,0.0,124.425003,0.0
2025-11-05 01:45:55+00:00,2025-11-05 01:45:55,38.0,39.0,38.0,38.0,38.0,17.208262269637974,208.0,BO_O2,"O2 규칙 적용: 11.0% (10.0% < O2 ≤ 12.0%) (2단계 롤백, 3~4단계에서 Hz 변화 없음)",38.7975006,10.9437504,979.950012,866.775024,17.2000008,1.0,,12.86,0.0,16.9,65.0062485,,65.0062485,0.0,124.425003,0.0
2025-11-05 01:45:56+00:00,2025-11-05 01:45:56,,,,,,,,,,38.7937508,10.9203129,980.099976,866.700012,17.2000008,1.0,,12.86,0.0,16.94,64.9875031,,64.9875031,0.0,124.425003,0.0
2025-11-05 01:45:57+00:00,2025-11-05 01:45:57,,,,,,,,,,38.7975006,10.9203129,980.099976,866.625,17.2000008,1.0,,12.86,0.0,16.94,65.0062485,,65.0062485,0.0,125.775002,0.0
2025-11-05 01:45:58+00:00,2025-11-05 01:45:58,,,,,,,,,,38.7900009,10.8984375,980.25,866.549988,17.2000008,1.0,,12.86,0.0,16.94,65.0062485,,65.0062485,0.0,126.0,0.0
2025-11-05 01:45:59+00:00,2025-11-05 01:45:59,,,,,,,,,,38.7825012,10.8796873,980.325012,866.400024,17.2000008,1.0,,12.86,0.0,16.94,64.9875031,,64.9875031,0.0,124.650002,0.0
2025-11-05 01:46:00+00:00,2025-11-05 01:46:00,38.0,39.0,38.0,38.0,38.0,17.59153702760611,208.0,BO_O2,"O2 규칙 적용: 10.9% (10.0% < O2 ≤ 12.0%) (2단계 롤백, 3~4단계에서 Hz 변화 없음)",38.7862511,10.8796873,980.474976,866.325012,17.5375004,1.0,0.0,12.86,0.0,16.94,64.9875031,,64.9875031,0.0,125.175003,0.0
2025-11-05 01:46:01+00:00,2025-11-05 01:46:01,,,,,,,,,,38.8012505,10.859375,980.549988,866.25,17.5249996,1.0,,12.86,0.0,16.94,65.0437469,,65.0437469,0.0,126.0,0.0
2025-11-05 01:46:02+00:00,2025-11-05 01:46:02,,,,,,,,,,38.7937508,10.828125,980.775024,866.099976,17.5249996,1.0,,12.86,0.0,16.94,65.34375,,65.34375,0.0,126.0,0.0
2025-11-05 01:46:03+00:00,2025-11-05 01:46:03,,,,,,,,,,38.7937508,10.828125,980.849976,866.099976,17.5375004,1.0,,12.86,0.0,16.94,65.0062485,,65.0062485,0.0,126.0,0.0
2025-11-05 01:46:04+00:00,2025-11-05 01:46:04,,,,,,,,,,38.7900009,10.7921877,981.0,866.025024,17.5375004,1.0,,12.86,0.0,16.94,64.9875031,,64.9875031,0.0,125.925003,0.0
2025-11-05 01:46:05+00:00,2025-11-05 01:46:05,38.0,39.0,38.0,38.0,38.0,17.60073189599625,208.0,BO_O2,"O2 규칙 적용: 10.8% (10.0% < O2 ≤ 12.0%) (2단계 롤백, 3~4단계에서 Hz 변화 없음)",38.7825012,10.7921877,981.150024,865.950012,18.0375004,1.0,,12.86,0.0,16.94,65.3812485,,65.3812485,0.0,126.074997,0.0
2025-11-05 01:46:06+00:00,2025-11-05 01:46:06,,,,,,,,,,38.7900009,10.7562504,981.375,865.799988,18.0375004,1.0,,12.86,0.0,17.6,65.3812485,,65.3812485,0.0,126.0,0.0
2025-11-05 01:46:07+00:00,2025-11-05 01:46:07,,,,,,,,,,38.7975006,10.7171879,981.525024,865.724976,18.0375004,1.0,,12.86,0.0,17.6,65.3812485,,65.3812485,0.0,126.0,0.0
2025-11-05 01:46:08+00:00,2025-11-05 01:46:08,,,,,,,,,,38.7900009,10.7171879,981.75,865.650024,18.0375004,1.0,,12.86,0.0,17.6,65.3625031,,65.3625031,0.0,126.0,0.0
2025-11-05 01:46:09+00:00,2025-11-05 01:46:09,,,,,,,,,,38.7937508,10.6734371,981.825012,865.575012,18.0375004,1.0,,12.86,0.0,17.6,65.3812485,,65.3812485,0.0,126.0,0.0
2025-11-05 01:46:10+00:00,2025-11-05 01:46:10,38.0,39.0,38.0,38.0,38.0,21.772365968964394,208.0,BO_O2,"O2 규칙 적용: 10.7% (10.0% < O2 ≤ 12.0%) (2단계 롤백, 3~4단계에서 Hz 변화 없음)",38.7900009,10.625,982.125,865.5,18.9624996,1.0,,12.86,0.0,17.6,65.3812485,,65.3812485,0.0,126.0,0.0
2025-11-05 01:46:11+00:00,2025-11-05 01:46:11,,,,,,,,,,38.7862511,10.625,982.200012,865.424988,18.9624996,1.0,,12.86,0.0,17.6,65.3812485,,65.3812485,0.0,126.0,0.0
2025-11-05 01:46:12+00:00,2025-11-05 01:46:12,,,,,,,,,,38.8012505,10.5671873,982.5,865.349976,18.9624996,1.0,,12.86,0.0,17.6,65.3625031,,65.3625031,0.0,125.925003,0.0
2025-11-05 01:46:13+00:00,2025-11-05 01:46:13,,,,,,,,,,38.7862511,10.5671873,982.650024,865.275024,18.9624996,1.0,,12.86,0.0,17.6,65.3812485,,65.3812485,0.0,126.0,0.0
2025-11-05 01:46:14+00:00,2025-11-05 01:46:14,,,,,,,,,,38.7900009,10.5031252,982.875,865.200012,18.9624996,1.0,,12.86,0.0,17.6,65.3812485,,65.3812485,0.0,126.0,0.0
2025-11-05 01:46:15+00:00,2025-11-05 01:46:15,38.0,39.0,38.0,38.0,38.0,24.412974499911723,208.0,BO_O2,"O2 규칙 적용: 10.6% (10.0% < O2 ≤ 12.0%) (2단계 롤백, 3~4단계에서 Hz 변화 없음)",38.7900009,10.4250002,983.025024,865.125,19.4624996,1.0,0.0,12.86,0.0,17.6,65.3812485,,65.3812485,0.0,126.0,0.0
2025-11-05 01:46:16+00:00,2025-11-05 01:46:16,,,,,,,,,,38.7900009,10.4250002,983.25,865.049988,19.4750004,1.0,,12.86,0.0,19.02,65.3625031,,65.3625031,0.0,125.925003,0.0
2025-11-05 01:46:17+00:00,2025-11-05 01:46:17,,,,,,,,,,38.7862511,10.3359375,983.400024,864.974976,19.4624996,1.0,,12.86,0.0,19.02,65.3812485,,65.3812485,0.0,126.0,0.0
2025-11-05 01:46:18+00:00,2025-11-05 01:46:18,,,,,,,,,,38.7900009,10.2437496,983.625,864.900024,19.4624996,1.0,,12.86,0.0,19.02,65.3812485,,65.3812485,0.0,126.0,0.0
2025-11-05 01:46:19+00:00,2025-11-05 01:46:19,,,,,,,,,,38.7937508,10.2437496,983.849976,864.825012,19.4750004,1.0,,12.86,0.0,19.02,65.3625031,,65.3625031,0.0,126.0,0.0
2025-11-05 01:46:20+00:00,2025-11-05 01:46:20,38.0,39.0,38.0,38.0,38.0,24.487092139021346,208.0,BO_O2,"O2 규칙 적용: 10.3% (10.0% < O2 ≤ 12.0%) (2단계 롤백, 3~4단계에서 Hz 변화 없음)",38.8012505,10.15625,984.0,864.825012,19.8875008,1.0,,12.86,0.0,19.02,65.3625031,,65.3625031,0.0,125.925003,0.0
2025-11-05 01:46:21+00:00,2025-11-05 01:46:21,,,,,,,,,,38.7937508,10.15625,984.150024,864.75,19.8875008,1.0,,12.86,0.0,19.02,65.3812485,,65.3812485,0.0,126.0,0.0
2025-11-05 01:46:22+00:00,2025-11-05 01:46:22,,,,,,,,,,38.8087502,10.0796871,984.375,864.599976,19.8999996,1.0,,12.86,0.0,19.02,65.3812485,,65.3812485,0.0,126.0,0.0
2025-11-05 01:46:23+00:00,2025-11-05 01:46:23,,,,,,,,,,38.8012505,10.0093746,984.525024,864.599976,19.8999996,1.0,,12.86,0.0,19.02,65.3812485,,65.3812485,0.0,126.0,0.0
2025-11-05 01:46:24+00:00,2025-11-05 01:46:24,,,,,,,,,,38.7900009,10.0093746,984.674988,864.525024,19.8875008,1.0,,12.86,0.0,19.02,65.3625031,,65.3625031,0.0,126.0,0.0
2025-11-05 01:46:25+00:00,2025-11-05 01:46:25,38.0,40.0,38.0,38.0,38.0,25.994226236732576,208.0,BO_O2,"O2 규칙 적용: 10.1% (10.0% < O2 ≤ 12.0%) (2단계 롤백, 3~4단계에서 Hz 변화 없음)",38.7975006,9.94843769,984.825012,864.525024,20.3125,1.0,,12.86,0.0,19.02,65.3812485,,65.3812485,0.0,126.0,0.0
2025-11-05 01:46:26+00:00,2025-11-05 01:46:26,,,,,,,,,,38.7975006,9.8828125,985.049988,864.375,20.3125,1.0,,12.86,0.0,19.94,65.3812485,,65.3812485,0.0,126.0,0.0
2025-11-05 01:46:27+00:00,2025-11-05 01:46:27,,,,,,,,,,38.8012505,9.8828125,985.200012,864.375,20.3125,1.0,,12.86,0.0,19.94,65.3812485,,65.3812485,0.0,126.0,0.0
2025-11-05 01:46:28+00:00,2025-11-05 01:46:28,,,,,,,,,,38.7900009,9.8046875,985.349976,864.224976,20.3125,1.0,,12.86,0.0,19.94,65.3812485,,65.3812485,0.0,126.0,0.0
2025-11-05 01:46:29+00:00,2025-11-05 01:46:29,,,,,,,,,,38.7862511,9.8046875,985.5,864.224976,20.3125,1.0,,12.86,0.0,19.94,65.3812485,,65.3812485,0.0,126.0,0.0
2025-11-05 01:46:30+00:00,2025-11-05 01:46:30,40.0,40.0,40.0,40.0,40.0,24.193408831690107,100.0,BO_ONLY,"BO 모델 결과만 사용 (1단계 롤백, 2~4단계에서 Hz 변화 없음)",38.7862511,9.734375,985.724976,864.150024,20.4874992,1.0,0.0,12.86,0.0,19.94,65.3812485,,65.3812485,0.0,126.0,0.0
2025-11-05 01:46:31+00:00,2025-11-05 01:46:31,,,,,,,,,,38.7787514,9.6796875,985.875,864.075012,20.4750004,1.0,,12.86,0.0,19.94,65.3812485,,65.3812485,0.0,126.0,0.0
2025-11-05 01:46:32+00:00,2025-11-05 01:46:32,,,,,,,,,,38.7937508,9.6796875,986.025024,864.0,20.4874992,1.0,,12.86,0.0,19.94,65.3625031,,65.3625031,0.0,126.0,0.0
2025-11-05 01:46:33+00:00,2025-11-05 01:46:33,,,,,,,,,,39.8175011,9.66250038,986.099976,864.0,20.4750004,1.0,,12.86,0.0,19.94,65.3812485,,65.3812485,0.0,126.0,0.0
2025-11-05 01:46:34+00:00,2025-11-05 01:46:34,,,,,,,,,,40.9275017,9.6640625,986.25,864.0,20.4750004,1.0,,12.86,0.0,19.94,65.3812485,,65.3812485,0.0,126.0,0.0
2025-11-05 01:46:35+00:00,2025-11-05 01:46:35,40.0,41.0,40.0,40.0,40.0,22.58683096279208,207.0,BO_O2,"O2 규칙 적용: 9.7% (9.0% < O2 ≤ 10.0%) (2단계 롤백, 3~4단계에서 Hz 변화 없음)",40.9837494,9.6640625,986.400024,863.849976,21.1499996,1.0,,12.86,0.0,19.94,65.3812485,,65.3812485,0.0,126.0,0.0
2025-11-05 01:46:36+00:00,2025-11-05 01:46:36,,,,,,,,,,40.9237518,9.64375019,986.549988,863.775024,21.1499996,1.0,,12.86,0.0,20.53,65.8874969,,65.8874969,0.0,126.0,0.0
2025-11-05 01:46:37+00:00,2025-11-05 01:46:37,,,,,,,,,,40.9350014,9.64375019,986.625,863.775024,21.1499996,1.0,,12.86,0.0,20.53,67.2375031,,67.2375031,0.0,126.0,0.0
2025-11-05 01:46:38+00:00,2025-11-05 01:46:38,,,,,,,,,,40.9500008,9.62656212,986.849976,863.700012,21.1499996,1.0,,12.86,0.0,20.53,68.7750015,,68.7750015,0.0,126.074997,0.0
2025-11-05 01:46:39+00:00,2025-11-05 01:46:39,,,,,,,,,,40.9799995,9.62343788,986.924988,863.700012,21.1499996,1.0,,12.86,0.0,20.53,70.1812515,,70.1812515,0.0,126.0,0.0
2025-11-05 01:46:40+00:00,2025-11-05 01:46:40,40.0,41.0,40.0,40.0,40.0,23.813265146775034,207.0,BO_O2,"O2 규칙 적용: 9.6% (9.0% < O2 ≤ 10.0%) (2단계 롤백, 3~4단계에서 Hz 변화 없음)",40.9237518,9.62343788,987.075012,863.549988,22.3250008,1.0,,12.86,0.0,20.53,71.2125015,,71.2125015,0.0,126.0,0.0
2025-11-05 01:46:41+00:00,2025-11-05 01:46:41,,,,,,,,,,40.9537506,9.63749981,987.150024,863.549988,22.3250008,1.0,,12.86,0.0,20.53,71.7562485,,71.7562485,0.0,126.0,0.0
2025-11-05 01:46:42+00:00,2025-11-05 01:46:42,,,,,,,,,,40.9837494,9.65312481,987.375,863.474976,22.3374996,1.0,,12.86,0.0,20.53,71.7562485,,71.7562485,0.0,126.0,0.0
2025-11-05 01:46:43+00:00,2025-11-05 01:46:43,,,,,,,,,,40.9762497,9.65312481,987.450012,863.474976,22.3374996,1.0,,12.86,0.0,20.53,72.1500015,,72.1500015,0.0,126.0,0.0
2025-11-05 01:46:44+00:00,2025-11-05 01:46:44,,,,,,,,,,40.9462509,9.66718769,987.599976,863.400024,22.3374996,1.0,,12.86,0.0,20.53,72.28125,,72.28125,0.0,126.0,0.0
2025-11-05 01:46:45+00:00,2025-11-05 01:46:45,40.0,41.0,40.0,40.0,40.0,27.105423842914178,207.0,BO_O2,"O2 규칙 적용: 9.7% (9.0% < O2 ≤ 10.0%) (2단계 롤백, 3~4단계에서 Hz 변화 없음)",40.9500008,9.66718769,987.674988,863.325012,22.5874996,1.0,0.0,12.86,0.0,20.53,72.4875031,,72.4875031,0.0,126.0,0.0
2025-11-05 01:46:46+00:00,2025-11-05 01:46:46,,,,,,,,,,40.9874992,9.68124962,987.825012,863.325012,22.6000004,1.0,,12.86,0.0,22.42,72.5062485,,72.5062485,0.0,124.5,0.0
2025-11-05 01:46:47+00:00,2025-11-05 01:46:47,,,,,,,,,,40.9949989,9.70156288,987.900024,863.25,22.5874996,1.0,,12.86,0.0,22.42,72.5062485,,72.5062485,0.0,124.425003,0.0
2025-11-05 01:46:48+00:00,2025-11-05 01:46:48,,,,,,,,,,40.9874992,9.70156288,988.049988,863.174988,22.5874996,1.0,,12.86,0.0,22.42,72.4875031,,72.4875031,0.0,124.5,0.0
2025-11-05 01:46:49+00:00,2025-11-05 01:46:49,,,,,,,,,,40.9650002,9.73124981,988.125,863.174988,22.5874996,1.0,,12.86,0.0,22.42,72.4875031,,72.4875031,0.0,124.425003,0.0
2025-11-05 01:46:50+00:00,2025-11-05 01:46:50,40.0,40.0,40.0,40.0,40.0,27.550954243789647,100.0,BO_ONLY,"BO 모델 결과만 사용 (1단계 롤백, 2~4단계에서 Hz 변화 없음)",40.9987488,9.765625,988.349976,863.099976,22.4125004,1.0,,12.86,0.0,22.42,72.5062485,,72.5062485,0.0,125.925003,0.0
2025-11-05 01:46:51+00:00,2025-11-05 01:46:51,,,,,,,,,,40.9724998,9.765625,988.349976,863.025024,22.4249992,1.0,,12.86,0.0,22.42,72.5062485,,72.5062485,0.0,126.0,0.0
2025-11-05 01:46:52+00:00,2025-11-05 01:46:52,,,,,,,,,,40.9500008,9.78593731,988.575012,863.025024,22.4249992,1.0,,12.86,0.0,22.42,72.5062485,,72.5062485,0.0,126.0,0.0
2025-11-05 01:46:53+00:00,2025-11-05 01:46:53,,,,,,,,,,40.9425011,9.78593731,988.650024,862.950012,22.4249992,1.0,,12.86,0.0,22.42,72.4875031,,72.4875031,0.0,126.0,0.0
2025-11-05 01:46:54+00:00,2025-11-05 01:46:54,,,,,,,,,,40.9612503,9.79062462,988.799988,862.950012,22.4249992,1.0,,12.86,0.0,22.42,72.5062485,,72.5062485,0.0,126.074997,0.0
2025-11-05 01:46:55+00:00,2025-11-05 01:46:55,40.0,40.0,40.0,40.0,40.0,26.11895306706401,100.0,BO_ONLY,"BO 모델 결과만 사용 (1단계 롤백, 2~4단계에서 Hz 변화 없음)",40.96875,9.80000019,988.875,862.875,23.1875,1.0,,12.86,0.0,22.42,72.5062485,,72.5062485,0.0,124.5,0.0
2025-11-05 01:46:56+00:00,2025-11-05 01:46:56,,,,,,,,,,40.9650002,9.80000019,989.025024,862.875,23.1749992,1.0,,12.86,0.0,22.54,72.5062485,,72.5062485,0.0,124.5,0.0
2025-11-05 01:46:57+00:00,2025-11-05 01:46:57,,,,,,,,,,40.9949989,9.80937481,989.099976,862.875,23.1749992,1.0,,12.86,0.0,22.54,72.4875031,,72.4875031,0.0,125.699997,0.0
2025-11-05 01:46:58+00:00,2025-11-05 01:46:58,,,,,,,,,,40.9387512,9.80312538,989.174988,862.799988,23.1875,1.0,,12.86,0.0,22.54,72.5062485,,72.5062485,0.0,124.5,0.0
2025-11-05 01:46:59+00:00,2025-11-05 01:46:59,,,,,,,,,,40.96875,9.80312538,989.25,862.799988,23.1875,1.0,,12.86,0.0,22.54,72.5062485,,72.5062485,0.0,124.5,0.0
2025-11-05 01:47:00+00:00,2025-11-05 01:47:00,40.0,40.0,40.0,40.0,40.0,23.953508082764515,100.0,BO_ONLY,"BO 모델 결과만 사용 (1단계 롤백, 2~4단계에서 Hz 변화 없음)",40.9874992,9.79531288,989.325012,862.724976,23.8500004,1.0,0.0,12.86,0.0,22.54,72.5062485,,72.5062485,0.0,124.5,0.0
2025-11-05 01:47:01+00:00,2025-11-05 01:47:01,,,,,,,,,,40.9462509,9.79531288,989.474976,862.650024,23.8500004,1.0,,12.86,0.0,22.54,72.4875031,,72.4875031,0.0,124.425003,0.0
2025-11-05 01:47:02+00:00,2025-11-05 01:47:02,,,,,,,,,,40.96875,9.7890625,989.549988,862.650024,23.8624992,1.0,,12.86,0.0,22.54,72.5062485,,72.5062485,0.0,124.5,0.0
2025-11-05 01:47:03+00:00,2025-11-05 01:47:03,,,,,,,,,,40.9500008,9.79218769,989.549988,862.650024,23.8500004,1.0,,12.86,0.0,22.54,72.5062485,,72.5062485,0.0,124.5,0.0
2025-11-05 01:47:04+00:00,2025-11-05 01:47:04,,,,,,,,,,40.9650002,9.79218769,989.625,862.650024,23.8500004,1.0,,12.86,0.0,22.54,72.5062485,,72.5062485,0.0,124.5,0.0
2025-11-05 01:47:05+00:00,2025-11-05 01:47:05,40.0,40.0,40.0,40.0,40.0,25.557922702229238,100.0,BO_ONLY,"BO 모델 결과만 사용 (1단계 롤백, 2~4단계에서 Hz 변화 없음)",40.9462509,9.78593731,989.700012,862.5,23.8500004,1.0,,12.86,0.0,22.54,72.4875031,,72.4875031,0.0,124.425003,0.0
2025-11-05 01:47:06+00:00,2025-11-05 01:47:06,,,,,,,,,,40.9912491,9.7890625,989.700012,862.5,23.8500004,1.0,,12.86,0.0,23.92,72.5062485,,72.5062485,0.0,124.5,0.0
2025-11-05 01:47:07+00:00,2025-11-05 01:47:07,,,,,,,,,,40.9724998,9.7890625,989.775024,862.424988,23.8500004,1.0,,12.86,0.0,23.92,72.5062485,,72.5062485,0.0,124.5,0.0
2025-11-05 01:47:08+00:00,2025-11-05 01:47:08,,,,,,,,,,40.9537506,9.79374981,989.849976,862.424988,23.8624992,1.0,,12.86,0.0,23.92,72.5062485,,72.5062485,0.0,124.5,0.0
2025-11-05 01:47:09+00:00,2025-11-05 01:47:09,,,,,,,,,,40.9912491,9.79374981,989.849976,862.349976,23.8500004,1.0,,12.86,0.0,23.92,72.4875031,,72.4875031,0.0,126.0,0.0
2025-11-05 01:47:10+00:00,2025-11-05 01:47:10,40.0,40.0,40.0,40.0,40.0,25.632109593852576,100.0,BO_ONLY,"BO 모델 결과만 사용 (1단계 롤백, 2~4단계에서 Hz 변화 없음)",40.9612503,9.80156231,989.924988,862.424988,24.3624992,1.0,,12.86,0.0,23.92,72.5062485,,72.5062485,0.0,126.0,0.0
2025-11-05 01:47:11+00:00,2025-11-05 01:47:11,,,,,,,,,,40.9874992,9.82656288,989.924988,862.349976,24.3624992,1.0,,12.86,0.0,23.92,72.5062485,,72.5062485,0.0,126.0,0.0
2025-11-05 01:47:12+00:00,2025-11-05 01:47:12,,,,,,,,,,40.9575005,9.82656288,990.0,862.275024,24.3624992,1.0,,12.86,0.0,23.92,72.5062485,,72.5062485,0.0,126.0,0.0
2025-11-05 01:47:13+00:00,2025-11-05 01:47:13,,,,,,,,,,40.9387512,9.85468769,990.0,862.275024,24.3624992,1.0,,12.86,0.0,23.92,72.5062485,,72.5062485,0.0,124.5,0.0
2025-11-05 01:47:14+00:00,2025-11-05 01:47:14,,,,,,,,,,40.9500008,9.90156269,990.150024,862.200012,24.3624992,1.0,,12.86,0.0,23.92,72.5062485,,72.5062485,0.0,124.5,0.0
2025-11-05 01:47:15+00:00,2025-11-05 01:47:15,40.0,40.0,40.0,40.0,40.0,25.31423636228024,100.0,BO_ONLY,"BO 모델 결과만 사용 (1단계 롤백, 2~4단계에서 Hz 변화 없음)",40.9912491,9.90156269,990.150024,862.125,24.2875004,1.0,0.0,12.86,0.0,23.92,72.5062485,,72.5062485,0.0,124.5,0.0
2025-11-05 01:47:16+00:00,2025-11-05 01:47:16,,,,,,,,,,40.9537506,9.94843769,990.150024,862.125,24.2749996,1.0,,12.86,0.0,24.46,72.5062485,,72.5062485,0.0,126.0,0.0
2025-11-05 01:47:17+00:00,2025-11-05 01:47:17,,,,,,,,,,40.9799995,9.94843769,990.150024,862.125,24.2749996,1.0,,12.86,0.0,24.46,72.5062485,,72.5062485,0.0,126.0,0.0
2025-11-05 01:47:18+00:00,2025-11-05 01:47:18,,,,,,,,,,40.9650002,9.98750019,990.224976,862.049988,24.2749996,1.0,,12.86,0.0,24.46,72.5062485,,72.5062485,0.0,125.925003,0.0
2025-11-05 01:47:19+00:00,2025-11-05 01:47:19,,,,,,,,,,40.9462509,10.03125,990.224976,862.049988,24.2749996,1.0,,12.86,0.0,24.46,72.5062485,,72.5062485,0.0,126.074997,0.0
2025-11-05 01:47:20+00:00,2025-11-05 01:47:20,40.0,40.0,40.0,40.0,40.0,23.48411117923418,100.0,BO_ONLY,"BO 모델 결과만 사용 (1단계 롤백, 2~4단계에서 Hz 변화 없음)",40.9837494,10.03125,990.375,861.974976,23.8624992,1.0,,12.86,0.0,24.46,72.5062485,,72.5062485,0.0,126.0,0.0
2025-11-05 01:47:21+00:00,2025-11-05 01:47:21,,,,,,,,,,40.9462509,10.078125,990.450012,861.974976,23.8624992,1.0,,12.86,0.0,24.46,72.4875031,,72.4875031,0.0,126.0,0.0
2025-11-05 01:47:22+00:00,2025-11-05 01:47:22,,,,,,,,,,40.9874992,10.1203127,990.525024,861.900024,23.8500004,1.0,,12.86,0.0,24.46,72.5062485,,72.5062485,0.0,126.0,0.0
2025-11-05 01:47:23+00:00,2025-11-05 01:47:23,,,,,,,,,,40.9537506,10.1203127,990.674988,861.900024,23.8624992,1.0,,12.86,0.0,24.46,72.5062485,,72.5062485,0.0,124.574997,0.0
2025-11-05 01:47:24+00:00,2025-11-05 01:47:24,,,,,,,,,,40.9949989,10.1687498,990.825012,861.900024,23.8624992,1.0,,12.86,0.0,24.46,72.5062485,,72.5062485,0.0,125.175003,0.0
2025-11-05 01:47:25+00:00,2025-11-05 01:47:25,38.0,39.0,38.0,38.0,38.0,21.404192362322238,208.0,BO_O2,"O2 규칙 적용: 10.1% (10.0% < O2 ≤ 12.0%) (2단계 롤백, 3~4단계에서 Hz 변화 없음)",40.9387512,10.1687498,990.900024,861.825012,23.6875,1.0,,12.86,0.0,24.46,72.5062485,,72.5062485,0.0,124.425003,0.0
2025-11-05 01:47:26+00:00,2025-11-05 01:47:26,,,,,,,,,,40.9949989,10.2140627,991.049988,861.75,23.6875,1.0,,12.86,0.0,23.93,72.4875031,,72.4875031,0.0,124.574997,0.0
2025-11-05 01:47:27+00:00,2025-11-05 01:47:27,,,,,,,,,,40.9350014,10.2593746,991.125,861.674988,23.6875,1.0,,12.86,0.0,23.93,72.5062485,,72.5062485,0.0,126.0,0.0
2025-11-05 01:47:28+00:00,2025-11-05 01:47:28,,,,,,,,,,39.09375,10.2593746,991.275024,861.674988,23.6875,1.0,,12.86,0.0,23.93,72.5062485,,72.5062485,0.0,126.0,0.0
2025-11-05 01:47:29+00:00,2025-11-05 01:47:29,,,,,,,,,,38.7900009,10.3093748,991.424988,861.674988,23.6875,1.0,,12.86,0.0,23.93,72.5062485,,72.5062485,0.0,126.0,0.0
2025-11-05 01:47:30+00:00,2025-11-05 01:47:30,38.0,39.0,38.0,38.0,38.0,19.579589219939628,208.0,BO_O2,"O2 규칙 적용: 10.3% (10.0% < O2 ≤ 12.0%) (2단계 롤백, 3~4단계에서 Hz 변화 없음)",38.7825012,10.3484373,991.575012,861.674988,24.2000008,1.0,0.0,12.86,0.0,23.93,72.3375015,,72.3375015,0.0,126.0,0.0
2025-11-05 01:47:31+00:00,2025-11-05 01:47:31,,,,,,,,,,38.8012505,10.3484373,991.724976,861.599976,24.2000008,1.0,,12.86,0.0,23.93,71.53125,,71.53125,0.0,126.0,0.0
2025-11-05 01:47:32+00:00,2025-11-05 01:47:32,,,,,,,,,,38.7975006,10.390625,991.950012,861.599976,24.1875,1.0,,12.86,0.0,23.93,69.6187515,,69.6187515,0.0,126.0,0.0
2025-11-05 01:47:33+00:00,2025-11-05 01:47:33,,,,,,,,,,38.7975006,10.390625,992.025024,861.525024,24.1875,1.0,,12.86,0.0,23.93,68.0999985,,68.0999985,0.0,126.0,0.0
2025-11-05 01:47:34+00:00,2025-11-05 01:47:34,,,,,,,,,,38.7900009,10.4125004,992.174988,861.450012,24.2000008,1.0,,12.86,0.0,23.93,67.125,,67.125,0.0,126.0,0.0
2025-11-05 01:47:35+00:00,2025-11-05 01:47:35,38.0,39.0,38.0,38.0,38.0,21.13738590388505,208.0,BO_O2,"O2 규칙 적용: 10.4% (10.0% < O2 ≤ 12.0%) (2단계 롤백, 3~4단계에서 Hz 변화 없음)",38.7900009,10.3890629,992.325012,861.450012,24.3624992,1.0,,12.86,0.0,23.93,66.0374985,,66.0374985,0.0,126.0,0.0
2025-11-05 01:47:36+00:00,2025-11-05 01:47:36,,,,,,,,,,38.7862511,10.3890629,992.549988,861.450012,24.3624992,1.0,,12.86,0.0,24.26,65.7375031,,65.7375031,0.0,126.0,0.0
2025-11-05 01:47:37+00:00,2025-11-05 01:47:37,,,,,,,,,,38.7862511,10.3234377,992.700012,861.450012,24.375,1.0,,12.86,0.0,24.26,65.7375031,,65.7375031,0.0,126.0,0.0
2025-11-05 01:47:38+00:00,2025-11-05 01:47:38,,,,,,,,,,38.7900009,10.2296877,992.775024,861.375,24.375,1.0,,12.86,0.0,24.26,65.71875,,65.71875,0.0,125.925003,0.0
2025-11-05 01:47:39+00:00,2025-11-05 01:47:39,,,,,,,,,,38.8012505,10.2296877,992.924988,861.375,24.3624992,1.0,,12.86,0.0,24.26,65.7375031,,65.7375031,0.0,126.0,0.0
2025-11-05 01:47:40+00:00,2025-11-05 01:47:40,38.0,39.0,38.0,38.0,38.0,23.565208214588374,208.0,BO_O2,"O2 규칙 적용: 10.3% (10.0% < O2 ≤ 12.0%) (2단계 롤백, 3~4단계에서 Hz 변화 없음)",38.7862511,10.1281252,993.150024,861.299988,24.1124992,1.0,,12.86,0.0,24.26,65.3812485,,65.3812485,0.0,126.0,0.0
2025-11-05 01:47:41+00:00,2025-11-05 01:47:41,,,,,,,,,,38.7825012,10.1281252,993.224976,861.299988,24.1124992,1.0,,12.86,0.0,24.26,65.3812485,,65.3812485,0.0,126.0,0.0
2025-11-05 01:47:42+00:00,2025-11-05 01:47:42,,,,,,,,,,38.7900009,10.046875,993.375,861.299988,24.1124992,1.0,,12.86,0.0,24.26,65.3625031,,65.3625031,0.0,126.0,0.0
2025-11-05 01:47:43+00:00,2025-11-05 01:47:43,,,,,,,,,,38.7825012,9.96406269,993.450012,861.224976,24.1000004,1.0,,12.86,0.0,24.26,65.3812485,,65.3812485,0.0,126.0,0.0
2025-11-05 01:47:44+00:00,2025-11-05 01:47:44,,,,,,,,,,38.7825012,9.96406269,993.599976,861.224976,24.1124992,1.0,,12.86,0.0,24.26,65.3812485,,65.3812485,0.0,126.0,0.0
2025-11-05 01:47:45+00:00,2025-11-05 01:47:45,38.0,39.0,38.0,38.0,38.0,22.211485081152848,208.0,BO_O2,"O2 규칙 적용: 10.0% (10.0% < O2 ≤ 12.0%) (2단계 롤백, 3~4단계에서 Hz 변화 없음)",38.7975006,9.85468769,993.75,861.224976,23.7749996,1.0,0.0,12.86,0.0,24.26,65.3812485,,65.3812485,0.0,126.0,0.0
2025-11-05 01:47:46+00:00,2025-11-05 01:47:46,,,,,,,,,,38.7900009,9.73124981,993.900024,861.150024,23.7625008,1.0,,12.86,0.0,24.23,65.3812485,,65.3812485,0.0,126.0,0.0
2025-11-05 01:47:47+00:00,2025-11-05 01:47:47,,,,,,,,,,38.7937508,9.73124981,993.974976,861.150024,23.7749996,1.0,,12.86,0.0,24.23,65.3812485,,65.3812485,0.0,126.0,0.0
2025-11-05 01:47:48+00:00,2025-11-05 01:47:48,,,,,,,,,,38.7825012,9.6484375,994.125,861.150024,23.7749996,1.0,,12.86,0.0,24.23,65.3812485,,65.3812485,0.0,126.0,0.0
2025-11-05 01:47:49+00:00,2025-11-05 01:47:49,,,,,,,,,,38.7825012,9.6484375,994.275024,861.075012,23.7625008,1.0,,12.86,0.0,24.23,65.3812485,,65.3812485,0.0,126.0,0.0
2025-11-05 01:47:50+00:00,2025-11-05 01:47:50,40.0,40.0,40.0,40.0,40.0,20.443795164741502,100.0,BO_ONLY,"BO 모델 결과만 사용 (1단계 롤백, 2~4단계에서 Hz 변화 없음)",38.7862511,9.58281231,994.349976,861.075012,23.8500004,1.0,,12.86,0.0,24.23,65.3625031,,65.3625031,0.0,125.925003,0.0
2025-11-05 01:47:51+00:00,2025-11-05 01:47:51,,,,,,,,,,38.7825012,9.52812481,994.424988,861.0,23.8624992,1.0,,12.86,0.0,24.23,65.3812485,,65.3812485,0.0,126.074997,0.0
2025-11-05 01:47:52+00:00,2025-11-05 01:47:52,,,,,,,,,,38.7937508,9.52812481,994.5,861.0,23.8500004,1.0,,12.86,0.0,24.23,65.3812485,,65.3812485,0.0,126.0,0.0
2025-11-05 01:47:53+00:00,2025-11-05 01:47:53,,,,,,,,,,40.6312485,9.49062538,994.575012,861.0,23.8500004,1.0,,12.86,0.0,24.23,65.3812485,,65.3812485,0.0,126.0,0.0
2025-11-05 01:47:54+00:00,2025-11-05 01:47:54,,,,,,,,,,40.9162483,9.50156212,994.650024,860.924988,23.8374996,1.0,,12.86,0.0,24.23,65.3625031,,65.3625031,0.0,126.0,0.0
2025-11-05 01:47:55+00:00,2025-11-05 01:47:55,40.0,41.0,40.0,40.0,40.0,20.60374130926458,207.0,BO_O2,"O2 규칙 적용: 9.5% (9.0% < O2 ≤ 10.0%) (2단계 롤백, 3~4단계에서 Hz 변화 없음)",40.9462509,9.50156212,994.799988,860.924988,23.7625008,1.0,,12.86,0.0,24.23,65.7375031,,65.7375031,0.0,126.0,0.0
2025-11-05 01:47:56+00:00,2025-11-05 01:47:56,,,,,,,,,,40.9650002,9.54062462,994.799988,860.924988,23.7625008,1.0,,12.86,0.0,23.91,66.0749969,,66.0749969,0.0,126.0,0.0
2025-11-05 01:47:57+00:00,2025-11-05 01:47:57,,,,,,,,,,40.9837494,9.57499981,994.875,860.849976,23.7749996,1.0,,12.86,0.0,23.91,68.5875015,,68.5875015,0.0,126.0,0.0
2025-11-05 01:47:58+00:00,2025-11-05 01:47:58,,,,,,,,,,40.9874992,9.57499981,994.950012,860.849976,23.7625008,1.0,,12.86,0.0,23.91,69.75,,69.75,0.0,126.0,0.0
2025-11-05 01:47:59+00:00,2025-11-05 01:47:59,,,,,,,,,,40.9500008,9.59843731,995.025024,860.775024,23.7749996,1.0,,12.86,0.0,23.91,70.6687469,,70.6687469,0.0,126.0,0.0
2025-11-05 01:48:00+00:00,2025-11-05 01:48:00,40.0,40.0,40.0,40.0,40.0,20.762920404223472,100.0,BO_ONLY,"BO 모델 결과만 사용 (1단계 롤백, 2~4단계에서 Hz 변화 없음)",40.96875,9.59843731,995.025024,860.775024,23.4375,1.0,0.0,12.86,0.0,23.91,71.7375031,,71.7375031,0.0,126.0,0.0
2025-11-05 01:48:01+00:00,2025-11-05 01:48:01,,,,,,,,,,40.9462509,9.61250019,995.025024,860.775024,23.4375,1.0,,12.86,0.0,23.51,71.7750015,,71.7750015,0.0,126.0,0.0
2025-11-05 01:48:02+00:00,2025-11-05 01:48:02,,,,,,,,,,40.9874992,9.63906288,995.025024,860.775024,23.4249992,1.0,,12.86,0.0,23.51,72.1312485,,72.1312485,0.0,126.0,0.0
2025-11-05 01:48:03+00:00,2025-11-05 01:48:03,,,,,,,,,,40.9724998,9.63906288,995.099976,860.775024,23.4375,1.0,,12.86,0.0,23.51,72.4875031,,72.4875031,0.0,126.0,0.0
2025-11-05 01:48:04+00:00,2025-11-05 01:48:04,,,,,,,,,,40.9500008,9.6640625,995.099976,860.700012,23.5125008,1.0,,12.86,0.0,23.51,72.5062485,,72.5062485,0.0,126.0,0.0
2025-11-05 01:48:05+00:00,2025-11-05 01:48:05,40.0,40.0,40.0,40.0,40.0,21.09092637376908,100.0,BO_ONLY,"BO 모델 결과만 사용 (1단계 롤백, 2~4단계에서 Hz 변화 없음)",40.96875,9.6640625,995.174988,860.700012,23.7749996,1.0,,12.86,0.0,23.51,72.5062485,,72.5062485,0.0,126.0,0.0
2025-11-05 01:48:06+00:00,2025-11-05 01:48:06,,,,,,,,,,40.9500008,9.69999981,995.174988,860.625,23.7749996,1.0,,12.86,0.0,23.51,72.4875031,,72.4875031,0.0,126.0,0.0
2025-11-05 01:48:07+00:00,2025-11-05 01:48:07,,,,,,,,,,40.9799995,9.73124981,995.325012,860.625,23.7749996,1.0,,12.86,0.0,23.51,72.5062485,,72.5062485,0.0,126.0,0.0
2025-11-05 01:48:08+00:00,2025-11-05 01:48:08,,,,,,,,,,40.9874992,9.73124981,995.325012,860.549988,23.7749996,1.0,,12.86,0.0,23.51,72.5062485,,72.5062485,0.0,126.0,0.0
2025-11-05 01:48:09+00:00,2025-11-05 01:48:09,,,,,,,,,,40.9874992,9.74687481,995.474976,860.549988,23.7749996,1.0,,12.86,0.0,23.51,72.8625031,,72.8625031,0.0,126.074997,0.0
2025-11-05 01:48:10+00:00,2025-11-05 01:48:10,40.0,40.0,40.0,40.0,40.0,21.878559025686137,100.0,BO_ONLY,"BO 모델 결과만 사용 (1단계 롤백, 2~4단계에서 Hz 변화 없음)",40.9874992,9.76249981,995.549988,860.474976,23.1000004,1.0,,12.86,0.0,23.51,72.8625031,,72.8625031,0.0,126.0,0.0
2025-11-05 01:48:11+00:00,2025-11-05 01:48:11,,,,,,,,,,40.9387512,9.76249981,995.700012,860.474976,23.1000004,1.0,,12.86,0.0,23.51,72.8625031,,72.8625031,0.0,126.0,0.0
2025-11-05 01:48:12+00:00,2025-11-05 01:48:12,,,,,,,,,,40.9537506,9.82187462,995.775024,860.474976,23.1000004,1.0,,12.86,0.0,23.51,72.8625031,,72.8625031,0.0,126.074997,0.0
2025-11-05 01:48:13+00:00,2025-11-05 01:48:13,,,,,,,,,,40.9575005,9.82187462,995.924988,860.400024,23.1000004,1.0,,12.86,0.0,23.51,72.5062485,,72.5062485,0.0,126.0,0.0
2025-11-05 01:48:14+00:00,2025-11-05 01:48:14,,,,,,,,,,40.9275017,9.88125038,996.0,860.400024,23.1499996,1.0,,12.86,0.0,23.51,72.4875031,,72.4875031,0.0,126.0,0.0
2025-11-05 01:48:15+00:00,2025-11-05 01:48:15,40.0,40.0,40.0,40.0,40.0,19.781345770176415,100.0,BO_ONLY,"BO 모델 결과만 사용 (1단계 롤백, 2~4단계에서 Hz 변화 없음)",40.96875,9.9375,996.150024,860.400024,23.3500004,1.0,0.0,12.86,0.0,23.51,72.5062485,,72.5062485,0.0,126.0,0.0
2025-11-05 01:48:16+00:00,2025-11-05 01:48:16,,,,,,,,,,40.9724998,9.9375,996.150024,860.325012,23.3500004,1.0,,12.86,0.0,23.14,72.5062485,,72.5062485,0.0,126.0,0.0
2025-11-05 01:48:17+00:00,2025-11-05 01:48:17,,,,,,,,,,40.9612503,9.97812462,996.224976,860.25,23.3500004,1.0,,12.86,0.0,23.14,72.5062485,,72.5062485,0.0,126.0,0.0
2025-11-05 01:48:18+00:00,2025-11-05 01:48:18,,,,,,,,,,40.96875,10.0124998,996.375,860.25,23.3500004,1.0,,12.86,0.0,23.14,72.4875031,,72.4875031,0.0,126.0,0.0
2025-11-05 01:48:19+00:00,2025-11-05 01:48:19,,,,,,,,,,40.96875,10.0124998,996.450012,860.25,23.3500004,1.0,,12.86,0.0,23.14,72.5062485,,72.5062485,0.0,126.0,0.0
2025-11-05 01:48:20+00:00,2025-11-05 01:48:20,39.0,39.0,39.0,39.0,39.0,19.70844469646904,100.0,BO_ONLY,"BO 모델 결과만 사용 (1단계 롤백, 2~4단계에서 Hz 변화 없음)",40.9650002,10.0531254,996.450012,860.25,23.6000004,1.0,,12.86,0.0,23.14,72.5062485,,72.5062485,0.0,126.0,0.0
2025-11-05 01:48:21+00:00,2025-11-05 01:48:21,,,,,,,,,,40.9537506,10.0953121,996.525024,860.174988,23.6000004,1.0,,12.86,0.0,23.14,72.5062485,,72.5062485,0.0,126.0,0.0
2025-11-05 01:48:22+00:00,2025-11-05 01:48:22,,,,,,,,,,40.9912491,10.0953121,996.525024,860.174988,23.6000004,1.0,,12.86,0.0,23.14,72.4875031,,72.4875031,0.0,126.0,0.0
2025-11-05 01:48:23+00:00,2025-11-05 01:48:23,,,,,,,,,,40.9650002,10.1171875,996.525024,860.099976,23.6124992,1.0,,12.86,0.0,23.14,72.5062485,,72.5062485,0.0,126.0,0.0
2025-11-05 01:48:24+00:00,2025-11-05 01:48:24,,,,,,,,,,39.9337502,10.1171875,996.525024,860.099976,23.5499992,1.0,,12.86,0.0,23.14,72.5062485,,72.5062485,0.0,124.574997,0.0
2025-11-05 01:48:25+00:00,2025-11-05 01:48:25,38.0,39.0,38.0,38.0,38.0,19.670462244103703,208.0,BO_O2,"O2 규칙 적용: 10.1% (10.0% < O2 ≤ 12.0%) (2단계 롤백, 3~4단계에서 Hz 변화 없음)",39.9037514,10.1343746,996.450012,860.025024,23.3500004,1.0,,12.86,0.0,23.14,72.5062485,,72.5062485,0.0,124.5,0.0
2025-11-05 01:48:26+00:00,2025-11-05 01:48:26,,,,,,,,,,39.8849983,10.1343746,996.450012,860.025024,23.3500004,1.0,,12.86,0.0,23.67,72.1875,,72.1875,0.0,125.925003,0.0
2025-11-05 01:48:27+00:00,2025-11-05 01:48:27,,,,,,,,,,39.9037514,10.1343746,996.375,860.025024,23.3500004,1.0,,12.86,0.0,23.67,71.7750015,,71.7750015,0.0,126.074997,0.0
2025-11-05 01:48:28+00:00,2025-11-05 01:48:28,,,,,,,,,,38.9512482,10.1171875,996.375,860.025024,23.3500004,1.0,,12.86,0.0,23.67,70.8562469,,70.8562469,0.0,126.0,0.0
2025-11-05 01:48:29+00:00,2025-11-05 01:48:29,,,,,,,,,,38.7862511,10.1046877,996.299988,860.025024,23.3500004,1.0,,12.86,0.0,23.67,70.21875,,70.21875,0.0,126.0,0.0
2025-11-05 01:48:30+00:00,2025-11-05 01:48:30,38.0,39.0,38.0,38.0,38.0,21.568770096763053,208.0,BO_O2,"O2 규칙 적용: 10.1% (10.0% < O2 ≤ 12.0%) (2단계 롤백, 3~4단계에서 Hz 변화 없음)",38.7900009,10.1046877,996.299988,859.950012,23.9375,1.0,0.0,12.86,0.0,23.67,69.6374969,,69.6374969,0.0,126.0,0.0
2025-11-05 01:48:31+00:00,2025-11-05 01:48:31,,,,,,,,,,38.7937508,10.0984373,996.224976,859.875,23.9375,1.0,,12.86,0.0,24.03,68.7750015,,68.7750015,0.0,126.0,0.0
2025-11-05 01:48:32+00:00,2025-11-05 01:48:32,,,,,,,,,,38.7825012,10.0984373,996.150024,859.875,23.9500008,1.0,,12.86,0.0,24.03,67.9312515,,67.9312515,0.0,126.0,0.0
2025-11-05 01:48:33+00:00,2025-11-05 01:48:33,,,,,,,,,,38.7900009,10.1000004,996.075012,859.875,23.9500008,1.0,,12.86,0.0,24.03,67.2937469,,67.2937469,0.0,126.0,0.0
2025-11-05 01:48:34+00:00,2025-11-05 01:48:34,,,,,,,,,,38.7975006,10.1171875,996.0,859.875,24.0125008,1.0,,12.86,0.0,24.03,66.2624969,,66.2624969,0.0,125.925003,0.0
2025-11-05 01:48:35+00:00,2025-11-05 01:48:35,38.0,39.0,38.0,38.0,38.0,24.050293381372104,208.0,BO_O2,"O2 규칙 적용: 10.1% (10.0% < O2 ≤ 12.0%) (2단계 롤백, 3~4단계에서 Hz 변화 없음)",38.7825012,10.1171875,995.849976,859.799988,24.2749996,1.0,,12.86,0.0,24.03,65.7375031,,65.7375031,0.0,126.0,0.0
2025-11-05 01:48:36+00:00,2025-11-05 01:48:36,,,,,,,,,,38.7900009,10.140625,995.775024,859.799988,24.2875004,1.0,,12.86,0.0,24.03,65.7375031,,65.7375031,0.0,126.0,0.0
2025-11-05 01:48:37+00:00,2025-11-05 01:48:37,,,,,,,,,,38.7900009,10.1843748,995.700012,859.724976,24.2749996,1.0,,12.86,0.0,24.03,65.7375031,,65.7375031,0.0,126.0,0.0
2025-11-05 01:48:38+00:00,2025-11-05 01:48:38,,,,,,,,,,38.7900009,10.1843748,995.549988,859.724976,24.2749996,1.0,,12.86,0.0,24.03,65.7375031,,65.7375031,0.0,125.925003,0.0
2025-11-05 01:48:39+00:00,2025-11-05 01:48:39,,,,,,,,,,38.7937508,10.2406254,995.474976,859.724976,24.2875004,1.0,,12.86,0.0,24.03,65.7375031,,65.7375031,0.0,126.0,0.0
2025-11-05 01:48:40+00:00,2025-11-05 01:48:40,38.0,39.0,38.0,38.0,38.0,25.315559212047123,208.0,BO_O2,"O2 규칙 적용: 10.2% (10.0% < O2 ≤ 12.0%) (2단계 롤백, 3~4단계에서 Hz 변화 없음)",38.7937508,10.2406254,995.400024,859.650024,24.7875004,1.0,,12.86,0.0,24.03,65.7375031,,65.7375031,0.0,126.0,0.0
2025-11-05 01:48:41+00:00,2025-11-05 01:48:41,,,,,,,,,,38.7900009,10.3046875,995.325012,859.575012,24.7749996,1.0,,12.86,0.0,24.87,65.7375031,,65.7375031,0.0,126.0,0.0
2025-11-05 01:48:42+00:00,2025-11-05 01:48:42,,,,,,,,,,38.7862511,10.3734379,995.174988,859.575012,24.7875004,1.0,,12.86,0.0,24.87,65.4000015,,65.4000015,0.0,125.925003,0.0
2025-11-05 01:48:43+00:00,2025-11-05 01:48:43,,,,,,,,,,38.7900009,10.3734379,995.025024,859.575012,24.7875004,1.0,,12.86,0.0,24.87,65.3812485,,65.3812485,0.0,126.0,0.0
2025-11-05 01:48:44+00:00,2025-11-05 01:48:44,,,,,,,,,,38.7862511,10.4375,994.950012,859.5,24.8250008,1.0,,12.86,0.0,24.87,65.7375031,,65.7375031,0.0,126.0,0.0
2025-11-05 01:48:45+00:00,2025-11-05 01:48:45,38.0,39.0,38.0,38.0,38.0,25.867850419632713,208.0,BO_O2,"O2 규칙 적용: 10.4% (10.0% < O2 ≤ 12.0%) (2단계 롤백, 3~4단계에서 Hz 변화 없음)",38.8050003,10.5015621,994.799988,859.5,24.9500008,1.0,0.0,12.86,0.0,24.87,65.7375031,,65.7375031,0.0,126.0,0.0
2025-11-05 01:48:46+00:00,2025-11-05 01:48:46,,,,,,,,,,38.8050003,10.5015621,994.724976,859.5,24.9500008,1.0,,12.86,0.0,24.87,65.7375031,,65.7375031,0.0,125.925003,0.0
2025-11-05 01:48:47+00:00,2025-11-05 01:48:47,,,,,,,,,,38.7862511,10.5640621,994.575012,859.424988,24.9500008,1.0,,12.86,0.0,24.87,65.7375031,,65.7375031,0.0,125.925003,0.0
2025-11-05 01:48:48+00:00,2025-11-05 01:48:48,,,,,,,,,,38.7862511,10.5640621,994.349976,859.349976,24.9500008,1.0,,12.86,0.0,24.87,65.7375031,,65.7375031,0.0,126.0,0.0
2025-11-05 01:48:49+00:00,2025-11-05 01:48:49,,,,,,,,,,38.7937508,10.6312504,994.200012,859.275024,24.9500008,1.0,,12.86,0.0,24.87,65.7375031,,65.7375031,0.0,126.0,0.0
2025-11-05 01:48:50+00:00,2025-11-05 01:48:50,38.0,39.0,38.0,38.0,38.0,25.003220233160476,208.0,BO_O2,"O2 규칙 적용: 10.6% (10.0% < O2 ≤ 12.0%) (2단계 롤백, 3~4단계에서 Hz 변화 없음)",38.7900009,10.6968746,994.125,859.275024,25.125,1.0,,12.86,0.0,24.87,65.7375031,,65.7375031,0.0,126.0,0.0
2025-11-05 01:48:51+00:00,2025-11-05 01:48:51,,,,,,,,,,38.7900009,10.6968746,993.900024,859.275024,25.125,1.0,,12.86,0.0,24.87,65.7375031,,65.7375031,0.0,126.0,0.0
2025-11-05 01:48:52+00:00,2025-11-05 01:48:52,,,,,,,,,,38.7975006,10.7562504,993.825012,859.200012,25.125,1.0,,12.86,0.0,24.87,65.7375031,,65.7375031,0.0,126.0,0.0
2025-11-05 01:48:53+00:00,2025-11-05 01:48:53,,,,,,,,,,38.7937508,10.8249998,993.599976,859.200012,25.125,1.0,,12.86,0.0,24.87,65.7375031,,65.7375031,0.0,126.0,0.0
2025-11-05 01:48:54+00:00,2025-11-05 01:48:54,,,,,,,,,,38.7825012,10.8249998,993.450012,859.125,24.9750004,1.0,,12.86,0.0,24.87,65.7375031,,65.7375031,0.0,125.925003,0.0
2025-11-05 01:48:55+00:00,2025-11-05 01:48:55,38.0,39.0,38.0,38.0,38.0,24.907410118590658,208.0,BO_O2,"O2 규칙 적용: 10.8% (10.0% < O2 ≤ 12.0%) (2단계 롤백, 3~4단계에서 Hz 변화 없음)",38.8012505,10.8890629,993.224976,859.125,24.5375004,1.0,,12.86,0.0,24.87,65.7375031,,65.7375031,0.0,126.0,0.0
2025-11-05 01:48:56+00:00,2025-11-05 01:48:56,,,,,,,,,,38.8012505,10.8890629,993.150024,859.049988,24.5375004,1.0,,12.86,0.0,25.16,65.7375031,,65.7375031,0.0,126.0,0.0
2025-11-05 01:48:57+00:00,2025-11-05 01:48:57,,,,,,,,,,38.7975006,10.9390621,992.924988,859.049988,24.5375004,1.0,,12.86,0.0,25.16,65.7375031,,65.7375031,0.0,126.0,0.0
2025-11-05 01:48:58+00:00,2025-11-05 01:48:58,,,,,,,,,,38.7937508,10.96875,992.849976,859.049988,24.5249996,1.0,,12.86,0.0,25.16,65.7375031,,65.7375031,0.0,126.0,0.0
2025-11-05 01:48:59+00:00,2025-11-05 01:48:59,,,,,,,,,,38.8162498,10.96875,992.625,858.974976,24.5375004,1.0,,12.86,0.0,25.16,65.7375031,,65.7375031,0.0,126.0,0.0
2025-11-05 01:49:00+00:00,2025-11-05 01:49:00,38.0,39.0,38.0,38.0,38.0,19.94270011886443,208.0,BO_O2,"O2 규칙 적용: 10.9% (10.0% < O2 ≤ 12.0%) (2단계 롤백, 3~4단계에서 Hz 변화 없음)",38.7900009,10.984375,992.549988,858.900024,24.3624992,1.0,0.0,12.86,0.0,25.16,65.7375031,,65.7375031,0.0,126.0,0.0
2025-11-05 01:49:01+00:00,2025-11-05 01:49:01,,,,,,,,,,38.7937508,11.0031252,992.325012,858.900024,24.3624992,1.0,,12.86,0.0,24.43,65.7375031,,65.7375031,0.0,126.0,0.0
2025-11-05 01:49:02+00:00,2025-11-05 01:49:02,,,,,,,,,,38.8199997,11.0031252,992.25,858.825012,24.3624992,1.0,,12.86,0.0,24.43,65.7375031,,65.7375031,0.0,126.0,0.0
2025-11-05 01:49:03+00:00,2025-11-05 01:49:03,,,,,,,,,,38.8050003,11.0140629,992.174988,858.75,24.3624992,1.0,,12.86,0.0,24.43,65.7375031,,65.7375031,0.0,126.0,0.0
2025-11-05 01:49:04+00:00,2025-11-05 01:49:04,,,,,,,,,,38.7900009,11.0140629,992.025024,858.75,24.3374996,1.0,,12.86,0.0,24.43,65.7375031,,65.7375031,0.0,126.0,0.0
2025-11-05 01:49:05+00:00,2025-11-05 01:49:05,38.0,39.0,38.0,38.0,38.0,18.97960730347899,208.0,BO_O2,"O2 규칙 적용: 11.0% (10.0% < O2 ≤ 12.0%) (2단계 롤백, 3~4단계에서 Hz 변화 없음)",38.8087502,11.0281248,991.950012,858.674988,24.2749996,1.0,,12.86,0.0,24.43,65.7375031,,65.7375031,0.0,126.074997,0.0
2025-11-05 01:49:06+00:00,2025-11-05 01:49:06,,,,,,,,,,38.7862511,11.046875,991.799988,858.674988,24.2749996,1.0,,12.86,0.0,24.43,65.7375031,,65.7375031,0.0,126.0,0.0
2025-11-05 01:49:07+00:00,2025-11-05 01:49:07,,,,,,,,,,38.7937508,11.046875,991.724976,858.674988,24.2749996,1.0,,12.86,0.0,24.43,65.7375031,,65.7375031,0.0,125.925003,0.0
2025-11-05 01:49:08+00:00,2025-11-05 01:49:08,,,,,,,,,,38.7975006,11.0515623,991.575012,858.599976,24.2749996,1.0,,12.86,0.0,24.43,65.7375031,,65.7375031,0.0,126.0,0.0
2025-11-05 01:49:09+00:00,2025-11-05 01:49:09,,,,,,,,,,38.7975006,11.0375004,991.5,858.525024,24.2749996,1.0,,12.86,0.0,24.43,65.7375031,,65.7375031,0.0,126.0,0.0
2025-11-05 01:49:10+00:00,2025-11-05 01:49:10,38.0,39.0,38.0,38.0,38.0,19.057885424476233,208.0,BO_O2,"O2 규칙 적용: 11.0% (10.0% < O2 ≤ 12.0%) (2단계 롤백, 3~4단계에서 Hz 변화 없음)",38.7900009,11.0375004,991.349976,858.525024,24.3624992,1.0,,12.86,0.0,24.43,65.7375031,,65.7375031,0.0,125.925003,0.0
2025-11-05 01:49:11+00:00,2025-11-05 01:49:11,,,,,,,,,,38.7937508,11.0281248,991.200012,858.450012,24.3624992,1.0,,12.86,0.0,24.43,65.7375031,,65.7375031,0.0,126.0,0.0
2025-11-05 01:49:12+00:00,2025-11-05 01:49:12,,,,,,,,,,38.7900009,11.0281248,991.049988,858.450012,24.3624992,1.0,,12.86,0.0,24.43,65.7375031,,65.7375031,0.0,126.0,0.0
2025-11-05 01:49:13+00:00,2025-11-05 01:49:13,,,,,,,,,,38.7937508,11.0296879,990.900024,858.375,24.3624992,1.0,,12.86,0.0,24.43,65.7375031,,65.7375031,0.0,126.0,0.0
2025-11-05 01:49:14+00:00,2025-11-05 01:49:14,,,,,,,,,,38.8050003,11.0453129,990.825012,858.375,24.2999992,1.0,,12.86,0.0,24.43,65.7375031,,65.7375031,0.0,126.0,0.0
2025-11-05 01:49:15+00:00,2025-11-05 01:49:15,38.0,39.0,38.0,38.0,38.0,21.532293261479676,208.0,BO_O2,"O2 규칙 적용: 11.0% (10.0% < O2 ≤ 12.0%) (2단계 롤백, 3~4단계에서 Hz 변화 없음)",38.7937508,11.0453129,990.599976,858.299988,24.1124992,1.0,0.0,12.86,0.0,24.43,65.7375031,,65.7375031,0.0,126.0,0.0
2025-11-05 01:49:16+00:00,2025-11-05 01:49:16,,,,,,,,,,38.7900009,11.0656252,990.525024,858.299988,24.1124992,1.0,,12.86,0.0,24.44,65.7375031,,65.7375031,0.0,126.0,0.0
2025-11-05 01:49:17+00:00,2025-11-05 01:49:17,,,,,,,,,,38.7937508,11.0953121,990.299988,858.224976,24.1000004,1.0,,12.86,0.0,24.44,65.7375031,,65.7375031,0.0,126.0,0.0
2025-11-05 01:49:18+00:00,2025-11-05 01:49:18,,,,,,,,,,38.7862511,11.0953121,990.150024,858.150024,24.1124992,1.0,,12.86,0.0,24.44,65.7375031,,65.7375031,0.0,126.0,0.0
2025-11-05 01:49:19+00:00,2025-11-05 01:49:19,,,,,,,,,,38.7937508,11.109375,989.924988,858.150024,24.1124992,1.0,,12.86,0.0,24.44,65.71875,,65.71875,0.0,125.925003,0.0
2025-11-05 01:49:20+00:00,2025-11-05 01:49:20,38.0,39.0,38.0,38.0,38.0,21.029149036096886,208.0,BO_O2,"O2 규칙 적용: 11.1% (10.0% < O2 ≤ 12.0%) (2단계 롤백, 3~4단계에서 Hz 변화 없음)",38.7900009,11.109375,989.849976,858.075012,23.6000004,1.0,,12.86,0.0,24.44,65.7375031,,65.7375031,0.0,126.0,0.0
2025-11-05 01:49:21+00:00,2025-11-05 01:49:21,,,,,,,,,,38.7900009,11.0984373,989.700012,858.075012,23.6000004,1.0,,12.86,0.0,23.72,65.7375031,,65.7375031,0.0,126.0,0.0
2025-11-05 01:49:22+00:00,2025-11-05 01:49:22,,,,,,,,,,38.8050003,11.0953121,989.549988,858.0,23.6124992,1.0,,12.86,0.0,23.72,65.7375031,,65.7375031,0.0,125.925003,0.0
2025-11-05 01:49:23+00:00,2025-11-05 01:49:23,,,,,,,,,,38.7862511,11.0953121,989.400024,857.924988,23.6000004,1.0,,12.86,0.0,23.72,65.6624985,,65.6624985,0.0,126.0,0.0
2025-11-05 01:49:24+00:00,2025-11-05 01:49:24,,,,,,,,,,38.7975006,11.0687504,989.25,857.924988,23.5625,1.0,,12.86,0.0,23.72,65.3812485,,65.3812485,0.0,126.0,0.0
2025-11-05 01:49:25+00:00,2025-11-05 01:49:25,38.0,39.0,38.0,38.0,38.0,19.87404850733576,208.0,BO_O2,"O2 규칙 적용: 11.1% (10.0% < O2 ≤ 12.0%) (2단계 롤백, 3~4단계에서 Hz 변화 없음)",38.7937508,11.0328121,989.025024,857.849976,23.4375,1.0,,12.86,0.0,23.72,65.3812485,,65.3812485,0.0,126.0,0.0
2025-11-05 01:49:26+00:00,2025-11-05 01:49:26,,,,,,,,,,38.7937508,11.0328121,988.950012,857.849976,23.4375,1.0,,12.86,0.0,23.72,65.3812485,,65.3812485,0.0,126.0,0.0
2025-11-05 01:49:27+00:00,2025-11-05 01:49:27,,,,,,,,,,38.7975006,10.9906254,988.724976,857.775024,23.4375,1.0,,12.86,0.0,23.72,65.3625031,,65.3625031,0.0,125.925003,0.0
2025-11-05 01:49:28+00:00,2025-11-05 01:49:28,,,,,,,,,,38.7937508,10.9906254,988.650024,857.775024,23.4375,1.0,,12.86,0.0,23.72,65.3812485,,65.3812485,0.0,126.0,0.0
2025-11-05 01:49:29+00:00,2025-11-05 01:49:29,,,,,,,,,,38.7862511,10.9593754,988.424988,857.700012,23.4375,1.0,,12.86,0.0,23.72,65.3812485,,65.3812485,0.0,126.0,0.0
2025-11-05 01:49:30+00:00,2025-11-05 01:49:30,38.0,39.0,38.0,38.0,38.0,18.73999451622937,208.0,BO_O2,"O2 규칙 적용: 11.0% (10.0% < O2 ≤ 12.0%) (2단계 롤백, 3~4단계에서 Hz 변화 없음)",38.7825012,10.9312496,988.275024,857.625,23.1875,1.0,0.0,12.86,0.0,23.72,65.3812485,,65.3812485,0.0,126.0,0.0
2025-11-05 01:49:31+00:00,2025-11-05 01:49:31,,,,,,,,,,38.7900009,10.9312496,988.125,857.625,23.1875,1.0,,12.86,0.0,23.25,65.3625031,,65.3625031,0.0,126.0,0.0
2025-11-05 01:49:32+00:00,2025-11-05 01:49:32,,,,,,,,,,38.7862511,10.8999996,987.974976,857.549988,23.1875,1.0,,12.86,0.0,23.25,65.3812485,,65.3812485,0.0,126.0,0.0
2025-11-05 01:49:33+00:00,2025-11-05 01:49:33,,,,,,,,,,38.7975006,10.8718748,987.75,857.474976,23.1875,1.0,,12.86,0.0,23.25,65.3812485,,65.3812485,0.0,126.0,0.0
2025-11-05 01:49:34+00:00,2025-11-05 01:49:34,,,,,,,,,,38.7862511,10.8718748,987.599976,857.474976,23.0125008,1.0,,12.86,0.0,23.25,65.3812485,,65.3812485,0.0,126.0,0.0
2025-11-05 01:49:35+00:00,2025-11-05 01:49:35,38.0,39.0,38.0,38.0,38.0,19.08652174327094,208.0,BO_O2,"O2 규칙 적용: 10.9% (10.0% < O2 ≤ 12.0%) (2단계 롤백, 3~4단계에서 Hz 변화 없음)",38.7975006,10.8484373,987.375,857.400024,22.6000004,1.0,,12.86,0.0,23.25,65.3812485,,65.3812485,0.0,126.0,0.0
2025-11-05 01:49:36+00:00,2025-11-05 01:49:36,,,,,,,,,,38.8012505,10.8484373,987.150024,857.400024,22.5874996,1.0,,12.86,0.0,23.25,65.3812485,,65.3812485,0.0,126.0,0.0
2025-11-05 01:49:37+00:00,2025-11-05 01:49:37,,,,,,,,,,38.8012505,10.8390627,987.0,857.325012,22.5874996,1.0,,12.86,0.0,23.25,65.3812485,,65.3812485,0.0,126.074997,0.0
2025-11-05 01:49:38+00:00,2025-11-05 01:49:38,,,,,,,,,,38.8050003,10.8374996,986.849976,857.25,22.5874996,1.0,,12.86,0.0,23.25,65.3812485,,65.3812485,0.0,126.074997,0.0
2025-11-05 01:49:39+00:00,2025-11-05 01:49:39,,,,,,,,,,38.7900009,10.8374996,986.625,857.174988,22.6000004,1.0,,12.86,0.0,23.25,65.3812485,,65.3812485,0.0,126.0,0.0
2025-11-05 01:49:40+00:00,2025-11-05 01:49:40,38.0,39.0,38.0,38.0,38.0,18.679735233776583,208.0,BO_O2,"O2 규칙 적용: 10.8% (10.0% < O2 ≤ 12.0%) (2단계 롤백, 3~4단계에서 Hz 변화 없음)",38.8087502,10.8421879,986.474976,857.174988,22.8500004,1.0,,12.86,0.0,23.25,65.3812485,,65.3812485,0.0,125.925003,0.0
2025-11-05 01:49:41+00:00,2025-11-05 01:49:41,,,,,,,,,,38.7937508,10.8500004,986.25,857.099976,22.8500004,1.0,,12.86,0.0,23.25,65.3812485,,65.3812485,0.0,126.0,0.0
2025-11-05 01:49:42+00:00,2025-11-05 01:49:42,,,,,,,,,,38.7975006,10.8500004,986.025024,857.099976,22.8500004,1.0,,12.86,0.0,23.25,65.3812485,,65.3812485,0.0,126.0,0.0
2025-11-05 01:49:43+00:00,2025-11-05 01:49:43,,,,,,,,,,38.8050003,10.8640623,985.875,857.025024,22.8374996,1.0,,12.86,0.0,23.25,65.3812485,,65.3812485,0.0,124.425003,0.0
2025-11-05 01:49:44+00:00,2025-11-05 01:49:44,,,,,,,,,,38.7900009,10.8640623,985.799988,856.950012,22.8374996,1.0,,12.86,0.0,23.25,65.3812485,,65.3812485,0.0,124.5,0.0
2025-11-05 01:49:45+00:00,2025-11-05 01:49:45,38.0,39.0,38.0,38.0,38.0,20.46267320092541,208.0,BO_O2,"O2 규칙 적용: 10.9% (10.0% < O2 ≤ 12.0%) (2단계 롤백, 3~4단계에서 Hz 변화 없음)",38.7862511,10.8796873,985.724976,856.950012,22.8500004,1.0,0.0,12.86,0.0,23.25,65.3812485,,65.3812485,0.0,124.5,0.0
2025-11-05 01:49:46+00:00,2025-11-05 01:49:46,,,,,,,,,,38.8012505,10.8999996,985.575012,856.875,22.8374996,1.0,,12.86,0.0,22.91,65.3812485,,65.3812485,0.0,124.5,0.0
2025-11-05 01:49:47+00:00,2025-11-05 01:49:47,,,,,,,,,,38.7900009,10.8999996,985.424988,856.799988,22.8374996,1.0,,12.86,0.0,22.91,65.3812485,,65.3812485,0.0,126.0,0.0
2025-11-05 01:49:48+00:00,2025-11-05 01:49:48,,,,,,,,,,38.7937508,10.9031248,985.349976,856.799988,22.8500004,1.0,,12.86,0.0,22.91,65.3812485,,65.3812485,0.0,124.5,0.0
2025-11-05 01:49:49+00:00,2025-11-05 01:49:49,,,,,,,,,,38.7900009,10.890625,985.349976,856.724976,22.8500004,1.0,,12.86,0.0,22.91,65.3812485,,65.3812485,0.0,124.5,0.0
2025-11-05 01:49:50+00:00,2025-11-05 01:49:50,38.0,39.0,38.0,38.0,38.0,20.427799548023295,208.0,BO_O2,"O2 규칙 적용: 10.9% (10.0% < O2 ≤ 12.0%) (2단계 롤백, 3~4단계에서 Hz 변화 없음)",38.7900009,10.890625,985.200012,856.650024,22.8374996,1.0,,12.86,0.0,22.91,65.3812485,,65.3812485,0.0,124.5,0.0
2025-11-05 01:49:51+00:00,2025-11-05 01:49:51,,,,,,,,,,38.7862511,10.8718748,985.200012,856.650024,22.8500004,1.0,,12.86,0.0,22.94,65.3812485,,65.3812485,0.0,124.425003,0.0
2025-11-05 01:49:52+00:00,2025-11-05 01:49:52,,,,,,,,,,38.7825012,10.8718748,985.125,856.650024,22.8500004,1.0,,12.86,0.0,22.94,65.3812485,,65.3812485,0.0,124.5,0.0
2025-11-05 01:49:53+00:00,2025-11-05 01:49:53,,,,,,,,,,38.7900009,10.8390627,985.049988,856.575012,22.8374996,1.0,,12.86,0.0,22.94,65.3812485,,65.3812485,0.0,124.5,0.0
2025-11-05 01:49:54+00:00,2025-11-05 01:49:54,,,,,,,,,,38.7900009,10.8015623,985.049988,856.575012,22.7000008,1.0,,12.86,0.0,22.94,65.3812485,,65.3812485,0.0,124.5,0.0
2025-11-05 01:49:55+00:00,2025-11-05 01:49:55,38.0,39.0,38.0,38.0,38.0,22.482756468586565,208.0,BO_O2,"O2 규칙 적용: 10.8% (10.0% < O2 ≤ 12.0%) (2단계 롤백, 3~4단계에서 Hz 변화 없음)",38.7900009,10.8015623,985.049988,856.5,22.3374996,1.0,,12.86,0.0,22.94,65.3812485,,65.3812485,0.0,124.425003,0.0
2025-11-05 01:49:56+00:00,2025-11-05 01:49:56,,,,,,,,,,38.7937508,10.7484379,985.049988,856.424988,22.3374996,1.0,,12.86,0.0,22.94,65.3812485,,65.3812485,0.0,124.425003,0.0
2025-11-05 01:49:57+00:00,2025-11-05 01:49:57,,,,,,,,,,38.7862511,10.6765623,985.049988,856.424988,22.3374996,1.0,,12.86,0.0,22.94,65.3812485,,65.3812485,0.0,124.5,0.0
2025-11-05 01:49:58+00:00,2025-11-05 01:49:58,,,,,,,,,,38.8050003,10.6765623,985.049988,856.349976,22.3374996,1.0,,12.86,0.0,22.94,65.3812485,,65.3812485,0.0,124.5,0.0
2025-11-05 01:49:59+00:00,2025-11-05 01:49:59,,,,,,,,,,38.7900009,10.5890627,985.049988,856.275024,22.3374996,1.0,,12.86,0.0,22.94,65.3812485,,65.3812485,0.0,124.5,0.0
2025-11-05 01:50:00+00:00,2025-11-05 01:50:00,38.0,39.0,38.0,38.0,38.0,21.202794313992868,208.0,BO_O2,"O2 규칙 적용: 10.7% (10.0% < O2 ≤ 12.0%) (2단계 롤백, 3~4단계에서 Hz 변화 없음)",38.8125,10.5890627,985.049988,856.275024,22.4249992,1.0,0.0,12.86,0.0,22.94,65.3812485,,65.3812485,0.0,124.425003,0.0
2025-11-05 01:50:01+00:00,2025-11-05 01:50:01,,,,,,,,,,38.7937508,10.4937496,985.049988,856.200012,22.4249992,1.0,,12.86,0.0,22.48,65.3812485,,65.3812485,0.0,124.5,0.0
2025-11-05 01:50:02+00:00,2025-11-05 01:50:02,,,,,,,,,,38.7937508,10.3968754,985.049988,856.125,22.4249992,1.0,,12.86,0.0,22.48,65.3812485,,65.3812485,0.0,124.5,0.0
2025-11-05 01:50:03+00:00,2025-11-05 01:50:03,,,,,,,,,,38.7862511,10.3968754,985.049988,856.200012,22.4249992,1.0,,12.86,0.0,22.48,65.3812485,,65.3812485,0.0,124.5,0.0
2025-11-05 01:50:04+00:00,2025-11-05 01:50:04,,,,,,,,,,38.7862511,10.296875,985.049988,856.125,22.3500004,1.0,,12.86,0.0,22.48,65.3625031,,65.3625031,0.0,124.425003,0.0
2025-11-05 01:50:05+00:00,2025-11-05 01:50:05,38.0,39.0,38.0,38.0,38.0,21.58276480744599,208.0,BO_O2,"O2 규칙 적용: 10.4% (10.0% < O2 ≤ 12.0%) (2단계 롤백, 3~4단계에서 Hz 변화 없음)",38.7900009,10.2015629,985.125,856.049988,22.1749992,1.0,,12.86,0.0,22.48,65.3812485,,65.3812485,0.0,124.425003,0.0
2025-11-05 01:50:06+00:00,2025-11-05 01:50:06,,,,,,,,,,38.7900009,10.2015629,985.125,855.974976,22.1749992,1.0,,12.86,0.0,22.48,65.3812485,,65.3812485,0.0,124.5,0.0
2025-11-05 01:50:07+00:00,2025-11-05 01:50:07,,,,,,,,,,38.7900009,10.1125002,985.125,855.974976,22.1749992,1.0,,12.86,0.0,22.48,65.3812485,,65.3812485,0.0,124.425003,0.0
2025-11-05 01:50:08+00:00,2025-11-05 01:50:08,,,,,,,,,,38.8199997,10.1125002,985.200012,855.974976,22.1749992,1.0,,12.86,0.0,22.48,65.3625031,,65.3625031,0.0,124.5,0.0
2025-11-05 01:50:09+00:00,2025-11-05 01:50:09,,,,,,,,,,38.7862511,10.0296879,985.200012,855.974976,22.1625004,1.0,,12.86,0.0,22.48,65.3812485,,65.3812485,0.0,126.0,0.0
2025-11-05 01:50:10+00:00,2025-11-05 01:50:10,38.0,39.0,38.0,38.0,38.0,21.1668038207512,208.0,BO_O2,"O2 규칙 적용: 10.1% (10.0% < O2 ≤ 12.0%) (2단계 롤백, 3~4단계에서 Hz 변화 없음)",38.7825012,9.96406269,985.200012,855.900024,22.0874996,1.0,,12.86,0.0,22.48,65.3812485,,65.3812485,0.0,126.0,0.0
2025-11-05 01:50:11+00:00,2025-11-05 01:50:11,,,,,,,,,,38.7900009,9.96406269,985.275024,855.900024,22.0874996,1.0,,12.86,0.0,22.15,65.0062485,,65.0062485,0.0,124.875,0.0
2025-11-05 01:50:12+00:00,2025-11-05 01:50:12,,,,,,,,,,38.7975006,9.90937519,985.349976,855.825012,22.0874996,1.0,,12.86,0.0,22.15,64.9875031,,64.9875031,0.0,124.425003,0.0
2025-11-05 01:50:13+00:00,2025-11-05 01:50:13,,,,,,,,,,38.7975006,9.85781288,985.349976,855.75,22.0874996,1.0,,12.86,0.0,22.15,65.0062485,,65.0062485,0.0,124.5,0.0
2025-11-05 01:50:14+00:00,2025-11-05 01:50:14,,,,,,,,,,38.7937508,9.85781288,985.349976,855.75,22.0,1.0,,12.86,0.0,22.15,65.0062485,,65.0062485,0.0,124.5,0.0
2025-11-05 01:50:15+00:00,2025-11-05 01:50:15,40.0,40.0,40.0,40.0,40.0,21.084649811602848,100.0,BO_ONLY,"BO 모델 결과만 사용 (1단계 롤백, 2~4단계에서 Hz 변화 없음)",38.7937508,9.81718731,985.424988,855.75,21.7374992,1.0,0.0,12.86,0.0,22.15,65.0062485,,65.0062485,0.0,124.5,0.0
2025-11-05 01:50:16+00:00,2025-11-05 01:50:16,,,,,,,,,,38.7900009,9.81718731,985.424988,855.75,21.7374992,1.0,,12.86,0.0,22.15,64.9875031,,64.9875031,0.0,124.425003,0.0
2025-11-05 01:50:17+00:00,2025-11-05 01:50:17,,,,,,,,,,38.9249992,9.78437519,985.5,855.674988,21.75,1.0,,12.86,0.0,22.15,65.0062485,,65.0062485,0.0,124.5,0.0
2025-11-05 01:50:18+00:00,2025-11-05 01:50:18,,,,,,,,,,40.9199982,9.75937462,985.575012,855.674988,21.75,1.0,,12.86,0.0,22.15,65.0062485,,65.0062485,0.0,124.5,0.0
2025-11-05 01:50:19+00:00,2025-11-05 01:50:19,,,,,,,,,,40.9650002,9.75937462,985.650024,855.674988,21.7374992,1.0,,12.86,0.0,22.15,65.0062485,,65.0062485,0.0,124.5,0.0
2025-11-05 01:50:20+00:00,2025-11-05 01:50:20,40.0,40.0,40.0,40.0,40.0,19.81122813298859,100.0,BO_ONLY,"BO 모델 결과만 사용 (1단계 롤백, 2~4단계에서 Hz 변화 없음)",40.9987488,9.73593712,985.650024,855.599976,22.0874996,1.0,,12.86,0.0,22.15,65.6624985,,65.6624985,0.0,124.425003,0.0
2025-11-05 01:50:21+00:00,2025-11-05 01:50:21,,,,,,,,,,40.9949989,9.70937538,985.724976,855.599976,22.0874996,1.0,,12.86,0.0,22.19,67.21875,,67.21875,0.0,124.5,0.0
2025-11-05 01:50:22+00:00,2025-11-05 01:50:22,,,,,,,,,,40.9425011,9.70937538,985.724976,855.599976,22.0874996,1.0,,12.86,0.0,22.19,68.7375031,,68.7375031,0.0,124.5,0.0
2025-11-05 01:50:23+00:00,2025-11-05 01:50:23,,,,,,,,,,40.9799995,9.67656231,985.875,855.525024,22.0750008,1.0,,12.86,0.0,22.19,70.1624985,,70.1624985,0.0,124.5,0.0
2025-11-05 01:50:24+00:00,2025-11-05 01:50:24,,,,,,,,,,40.9949989,9.67656231,985.950012,855.525024,22.0874996,1.0,,12.86,0.0,22.19,70.78125,,70.78125,0.0,124.425003,0.0
2025-11-05 01:50:25+00:00,2025-11-05 01:50:25,40.0,40.0,40.0,40.0,40.0,22.003499120941918,100.0,BO_ONLY,"BO 모델 결과만 사용 (1단계 롤백, 2~4단계에서 Hz 변화 없음)",40.9799995,9.64375019,986.099976,855.525024,22.0874996,1.0,,12.86,0.0,22.19,71.6624985,,71.6624985,0.0,124.5,0.0
2025-11-05 01:50:26+00:00,2025-11-05 01:50:26,,,,,,,,,,40.96875,9.61562538,986.25,855.525024,22.0874996,1.0,,12.86,0.0,22.19,71.7750015,,71.7750015,0.0,124.5,0.0
2025-11-05 01:50:27+00:00,2025-11-05 01:50:27,,,,,,,,,,40.9537506,9.61562538,986.400024,855.450012,22.0874996,1.0,,12.86,0.0,22.19,71.7750015,,71.7750015,0.0,124.5,0.0
2025-11-05 01:50:28+00:00,2025-11-05 01:50:28,,,,,,,,,,40.96875,9.60624981,986.549988,855.525024,22.0874996,1.0,,12.86,0.0,22.19,72.0562515,,72.0562515,0.0,124.425003,0.0
2025-11-05 01:50:29+00:00,2025-11-05 01:50:29,,,,,,,,,,40.96875,9.59687519,986.775024,855.450012,22.0874996,1.0,,12.86,0.0,22.19,72.1312485,,72.1312485,0.0,124.425003,0.0
2025-11-05 01:50:30+00:00,2025-11-05 01:50:30,40.0,41.0,40.0,40.0,40.0,22.393277633619544,207.0,BO_O2,"O2 규칙 적용: 9.6% (9.0% < O2 ≤ 10.0%) (2단계 롤백, 3~4단계에서 Hz 변화 없음)",40.9724998,9.59687519,986.924988,855.450012,21.9249992,1.0,0.0,12.86,0.0,22.19,72.1500015,,72.1500015,0.0,124.5,0.0
2025-11-05 01:50:31+00:00,2025-11-05 01:50:31,,,,,,,,,,40.9799995,9.58906269,987.150024,855.450012,21.9125004,1.0,,12.86,0.0,21.98,72.1500015,,72.1500015,0.0,124.5,0.0
2025-11-05 01:50:32+00:00,2025-11-05 01:50:32,,,,,,,,,,40.9724998,9.58906269,987.375,855.450012,21.9125004,1.0,,12.86,0.0,21.98,72.1312485,,72.1312485,0.0,124.5,0.0
2025-11-05 01:50:33+00:00,2025-11-05 01:50:33,,,,,,,,,,40.9987488,9.59375,987.75,855.450012,21.9125004,1.0,,12.86,0.0,21.98,72.1312485,,72.1312485,0.0,124.425003,0.0
2025-11-05 01:50:34+00:00,2025-11-05 01:50:34,,,,,,,,,,40.9612503,9.58749962,987.974976,855.450012,21.875,1.0,,12.86,0.0,21.98,72.1312485,,72.1312485,0.0,124.5,0.0
2025-11-05 01:50:35+00:00,2025-11-05 01:50:35,40.0,41.0,40.0,40.0,40.0,22.67940291935399,207.0,BO_O2,"O2 규칙 적용: 9.6% (9.0% < O2 ≤ 10.0%) (2단계 롤백, 3~4단계에서 Hz 변화 없음)",40.96875,9.58749962,988.349976,855.450012,21.7374992,1.0,,12.86,0.0,21.98,72.1500015,,72.1500015,0.0,124.5,0.0
2025-11-05 01:50:36+00:00,2025-11-05 01:50:36,,,,,,,,,,41.0024986,9.57499981,988.650024,855.450012,21.7374992,1.0,,12.86,0.0,21.98,72.1312485,,72.1312485,0.0,124.5,0.0
2025-11-05 01:50:37+00:00,2025-11-05 01:50:37,,,,,,,,,,40.9350014,9.546875,989.099976,855.450012,21.75,1.0,,12.86,0.0,21.98,72.1312485,,72.1312485,0.0,124.425003,0.0
2025-11-05 01:50:38+00:00,2025-11-05 01:50:38,,,,,,,,,,40.9949989,9.546875,989.400024,855.450012,21.75,1.0,,12.86,0.0,21.98,72.1500015,,72.1500015,0.0,124.5,0.0
2025-11-05 01:50:39+00:00,2025-11-05 01:50:39,,,,,,,,,,41.0062485,9.4921875,989.775024,855.450012,21.75,1.0,,12.86,0.0,21.98,72.1500015,,72.1500015,0.0,124.5,0.0
2025-11-05 01:50:40+00:00,2025-11-05 01:50:40,40.0,41.0,40.0,40.0,40.0,20.87988026222282,207.0,BO_O2,"O2 규칙 적용: 9.6% (9.0% < O2 ≤ 10.0%) (2단계 롤백, 3~4단계에서 Hz 변화 없음)",40.9350014,9.4921875,990.0,855.450012,22.0,1.0,,12.86,0.0,21.98,72.1312485,,72.1312485,0.0,124.425003,0.0
2025-11-05 01:50:41+00:00,2025-11-05 01:50:41,,,,,,,,,,40.9987488,9.41250038,990.450012,855.450012,22.0,1.0,,12.86,0.0,22.08,72.1312485,,72.1312485,0.0,124.425003,0.0
2025-11-05 01:50:42+00:00,2025-11-05 01:50:42,,,,,,,,,,40.9912491,9.30937481,990.674988,855.450012,22.0,1.0,,12.86,0.0,22.08,71.9437485,,71.9437485,0.0,124.5,0.0
2025-11-05 01:50:43+00:00,2025-11-05 01:50:43,,,,,,,,,,40.9949989,9.30937481,990.974976,855.450012,22.0,1.0,,12.86,0.0,22.08,71.7750015,,71.7750015,0.0,124.5,0.0
2025-11-05 01:50:44+00:00,2025-11-05 01:50:44,,,,,,,,,,40.9387512,9.203125,991.275024,855.450012,21.9375,1.0,,12.86,0.0,22.08,71.7562485,,71.7562485,0.0,124.5,0.0
2025-11-05 01:50:45+00:00,2025-11-05 01:50:45,40.0,42.0,40.0,40.0,40.0,22.017901885288435,207.0,BO_O2,"O2 규칙 적용: 9.3% (9.0% < O2 ≤ 10.0%) (2단계 롤백, 3~4단계에서 Hz 변화 없음)",40.96875,9.09218788,991.575012,855.450012,21.75,1.0,0.0,12.86,0.0,22.08,71.7750015,,71.7750015,0.0,124.5,0.0
2025-11-05 01:50:46+00:00,2025-11-05 01:50:46,,,,,,,,,,40.9912491,9.09218788,991.875,855.450012,21.75,1.0,,12.86,0.0,22.08,72.1500015,,72.1500015,0.0,124.5,0.0
2025-11-05 01:50:47+00:00,2025-11-05 01:50:47,,,,,,,,,,40.9500008,8.9765625,992.174988,855.450012,21.75,1.0,,12.86,0.0,22.08,72.1125031,,72.1125031,0.0,124.5,0.0
2025-11-05 01:50:48+00:00,2025-11-05 01:50:48,,,,,,,,,,40.9575005,8.9765625,992.400024,855.450012,21.7374992,1.0,,12.86,0.0,22.08,71.7750015,,71.7750015,0.0,124.425003,0.0
2025-11-05 01:50:49+00:00,2025-11-05 01:50:49,,,,,,,,,,40.9462509,8.86250019,992.849976,855.450012,21.75,1.0,,12.86,0.0,22.08,71.7562485,,71.7562485,0.0,124.425003,0.0
2025-11-05 01:50:50+00:00,2025-11-05 01:50:50,40.0,43.0,40.0,40.0,40.0,22.21789252427265,207.0,BO_O2,"O2 규칙 적용: 9.0% (9.0% < O2 ≤ 10.0%) (2단계 롤백, 3~4단계에서 Hz 변화 없음)",40.9874992,8.75937462,993.075012,855.450012,21.4874992,1.0,,12.86,0.0,22.08,71.7750015,,71.7750015,0.0,124.5,0.0
2025-11-05 01:50:51+00:00,2025-11-05 01:50:51,,,,,,,,,,40.9724998,8.75937462,993.450012,855.450012,21.5,1.0,,12.86,0.0,21.61,71.7750015,,71.7750015,0.0,124.5,0.0
2025-11-05 01:50:52+00:00,2025-11-05 01:50:52,,,,,,,,,,40.9949989,8.67656231,993.674988,855.450012,21.4874992,1.0,,12.86,0.0,21.61,71.7750015,,71.7750015,0.0,124.425003,0.0
2025-11-05 01:50:53+00:00,2025-11-05 01:50:53,,,,,,,,,,40.9462509,8.6015625,993.974976,855.450012,21.4874992,1.0,,12.86,0.0,21.61,71.7562485,,71.7562485,0.0,124.425003,0.0
2025-11-05 01:50:54+00:00,2025-11-05 01:50:54,,,,,,,,,,40.9237518,8.6015625,994.200012,855.375,21.4874992,1.0,,12.86,0.0,21.61,71.7750015,,71.7750015,0.0,124.5,0.0
2025-11-05 01:50:55+00:00,2025-11-05 01:50:55,43.0,43.0,43.0,43.0,43.0,21.779765687485202,100.0,BO_ONLY,"BO 모델 결과만 사용 (1단계 롤백, 2~4단계에서 Hz 변화 없음)",40.9350014,8.54531288,994.424988,855.450012,21.4874992,1.0,,12.86,0.0,21.61,71.7750015,,71.7750015,0.0,124.5,0.0
2025-11-05 01:50:56+00:00,2025-11-05 01:50:56,,,,,,,,,,40.9799995,8.54531288,994.650024,855.450012,21.5,1.0,,12.86,0.0,21.61,71.7562485,,71.7562485,0.0,124.5,0.0
2025-11-05 01:50:57+00:00,2025-11-05 01:50:57,,,,,,,,,,40.9387512,8.5,994.950012,855.450012,21.5,1.0,,12.86,0.0,21.61,71.7562485,,71.7562485,0.0,124.425003,0.0
2025-11-05 01:50:58+00:00,2025-11-05 01:50:58,,,,,,,,,,44.0362511,8.47500038,995.099976,855.450012,21.4874992,1.0,,12.86,0.0,21.61,71.7562485,,71.7562485,0.0,124.5,0.0
2025-11-05 01:50:59+00:00,2025-11-05 01:50:59,,,,,,,,,,44.0812492,8.47500038,995.325012,855.450012,21.4874992,1.0,,12.86,0.0,21.61,71.7750015,,71.7750015,0.0,124.5,0.0
2025-11-05 01:51:00+00:00,2025-11-05 01:51:00,43.0,43.0,43.0,43.0,43.0,20.99346794922042,100.0,BO_ONLY,"BO 모델 결과만 사용 (1단계 롤백, 2~4단계에서 Hz 변화 없음)",44.0812492,8.47812462,995.474976,855.450012,21.2374992,1.0,0.0,12.86,0.0,21.61,72.6187515,,72.6187515,0.0,124.5,0.0
2025-11-05 01:51:01+00:00,2025-11-05 01:51:01,,,,,,,,,,44.0849991,8.49843788,995.700012,855.450012,21.2374992,1.0,,12.86,0.0,21.35,74.625,,74.625,0.0,124.5,0.0
2025-11-05 01:51:02+00:00,2025-11-05 01:51:02,,,,,,,,,,44.0849991,8.49843788,995.775024,855.450012,21.2374992,1.0,,12.86,0.0,21.35,77.0999985,,77.0999985,0.0,124.5,0.0
2025-11-05 01:51:03+00:00,2025-11-05 01:51:03,,,,,,,,,,44.0887489,8.53750038,996.0,855.450012,21.2374992,1.0,,12.86,0.0,21.35,78.9749985,,78.9749985,0.0,124.425003,0.0
2025-11-05 01:51:04+00:00,2025-11-05 01:51:04,,,,,,,,,,44.0812492,8.53750038,996.075012,855.450012,21.1625004,1.0,,12.86,0.0,21.35,80.4375,,80.4375,0.0,124.5,0.0
2025-11-05 01:51:05+00:00,2025-11-05 01:51:05,43.0,43.0,43.0,43.0,43.0,21.397412530714675,100.0,BO_ONLY,"BO 모델 결과만 사용 (1단계 롤백, 2~4단계에서 Hz 변화 없음)",44.0924988,8.58437538,996.224976,855.450012,20.9874992,1.0,,12.86,0.0,21.35,81.0562515,,81.0562515,0.0,124.5,0.0
2025-11-05 01:51:06+00:00,2025-11-05 01:51:06,,,,,,,,,,44.0962486,8.64687538,996.375,855.450012,20.9874992,1.0,,12.86,0.0,21.35,81.7125015,,81.7125015,0.0,124.5,0.0
2025-11-05 01:51:07+00:00,2025-11-05 01:51:07,,,,,,,,,,44.0887489,8.64687538,996.450012,855.450012,20.9874992,1.0,,12.86,0.0,21.35,82.1812515,,82.1812515,0.0,124.5,0.0
2025-11-05 01:51:08+00:00,2025-11-05 01:51:08,,,,,,,,,,44.0999985,8.71718788,996.525024,855.450012,20.9874992,1.0,,12.86,0.0,21.35,82.1999969,,82.1999969,0.0,124.425003,0.0
2025-11-05 01:51:09+00:00,2025-11-05 01:51:09,,,,,,,,,,44.1412506,8.80000019,996.674988,855.450012,20.9874992,1.0,,12.86,0.0,21.35,82.1812515,,82.1812515,0.0,124.5,0.0
2025-11-05 01:51:10+00:00,2025-11-05 01:51:10,43.0,43.0,43.0,43.0,43.0,20.809516338819122,100.0,BO_ONLY,"BO 모델 결과만 사용 (1단계 롤백, 2~4단계에서 Hz 변화 없음)",44.0774994,8.80000019,996.75,855.450012,20.8999996,1.0,,12.86,0.0,21.35,82.1999969,,82.1999969,0.0,123.074997,0.0
2025-11-05 01:51:11+00:00,2025-11-05 01:51:11,,,,,,,,,,44.0812492,8.89531231,996.825012,855.450012,20.8999996,1.0,,12.86,0.0,20.96,82.1999969,,82.1999969,0.0,123.074997,0.0
2025-11-05 01:51:12+00:00,2025-11-05 01:51:12,,,,,,,,,,44.0924988,8.89531231,996.900024,855.450012,20.8999996,1.0,,12.86,0.0,20.96,82.1999969,,82.1999969,0.0,123.074997,0.0
2025-11-05 01:51:13+00:00,2025-11-05 01:51:13,,,,,,,,,,44.0737495,8.98593712,996.900024,855.450012,20.8999996,1.0,,12.86,0.0,20.96,82.1812515,,82.1812515,0.0,123.0,0.0
2025-11-05 01:51:14+00:00,2025-11-05 01:51:14,,,,,,,,,,44.1074982,9.07656288,996.974976,855.450012,20.8999996,1.0,,12.86,0.0,20.96,82.1812515,,82.1812515,0.0,123.074997,0.0
2025-11-05 01:51:15+00:00,2025-11-05 01:51:15,43.0,43.0,43.0,43.0,43.0,20.745103466986528,100.0,BO_ONLY,"BO 모델 결과만 사용 (1단계 롤백, 2~4단계에서 Hz 변화 없음)",44.0849991,9.07656288,997.049988,855.375,20.8999996,1.0,0.0,12.86,0.0,20.96,82.1999969,,82.1999969,0.0,123.074997,0.0
2025-11-05 01:51:16+00:00,2025-11-05 01:51:16,,,,,,,,,,44.0887489,9.15625,997.049988,855.375,20.9125004,1.0,,12.86,0.0,20.96,82.1999969,,82.1999969,0.0,123.0,0.0
2025-11-05 01:51:17+00:00,2025-11-05 01:51:17,,,,,,,,,,44.0812492,9.2421875,997.125,855.375,20.8999996,1.0,,12.86,0.0,20.96,82.1812515,,82.1812515,0.0,123.0,0.0
2025-11-05 01:51:18+00:00,2025-11-05 01:51:18,,,,,,,,,,44.0962486,9.2421875,997.125,855.375,20.8999996,1.0,,12.86,0.0,20.96,82.1999969,,82.1999969,0.0,123.0,0.0
2025-11-05 01:51:19+00:00,2025-11-05 01:51:19,,,,,,,,,,44.0849991,9.33125019,997.200012,855.375,20.8999996,1.0,,12.86,0.0,20.96,82.1999969,,82.1999969,0.0,123.0,0.0
2025-11-05 01:51:20+00:00,2025-11-05 01:51:20,40.0,42.0,40.0,40.0,40.0,21.53819627145018,207.0,BO_O2,"O2 규칙 적용: 9.2% (9.0% < O2 ≤ 10.0%) (2단계 롤백, 3~4단계에서 Hz 변화 없음)",44.0849991,9.33125019,997.275024,855.375,20.9874992,1.0,,12.86,0.0,20.96,82.1999969,,82.1999969,0.0,123.074997,0.0
2025-11-05 01:51:21+00:00,2025-11-05 01:51:21,,,,,,,,,,44.0774994,9.41718769,997.275024,855.375,20.9874992,1.0,,12.86,0.0,21.06,82.1812515,,82.1812515,0.0,123.0,0.0
2025-11-05 01:51:22+00:00,2025-11-05 01:51:22,,,,,,,,,,42.7687492,9.50625038,997.200012,855.375,20.9874992,1.0,,12.86,0.0,21.06,82.1812515,,82.1812515,0.0,123.0,0.0
2025-11-05 01:51:23+00:00,2025-11-05 01:51:23,,,,,,,,,,41.0325012,9.50625038,997.200012,855.375,20.9874992,1.0,,12.86,0.0,21.06,82.1999969,,82.1999969,0.0,123.074997,0.0
2025-11-05 01:51:24+00:00,2025-11-05 01:51:24,,,,,,,,,,40.9425011,9.58437538,997.200012,855.375,21.0625,1.0,,12.86,0.0,21.06,81.8625031,,81.8625031,0.0,123.074997,0.0
2025-11-05 01:51:25+00:00,2025-11-05 01:51:25,40.0,40.0,40.0,40.0,40.0,21.97573145433384,100.0,BO_ONLY,"BO 모델 결과만 사용 (1단계 롤백, 2~4단계에서 Hz 변화 없음)",40.9762497,9.65625,997.200012,855.375,21.2374992,1.0,,12.86,0.0,21.06,81.1687469,,81.1687469,0.0,124.5,0.0
2025-11-05 01:51:26+00:00,2025-11-05 01:51:26,,,,,,,,,,40.9762497,9.65625,997.125,855.375,21.2374992,1.0,,12.86,0.0,21.06,79.2750015,,79.2750015,0.0,123.074997,0.0
2025-11-05 01:51:27+00:00,2025-11-05 01:51:27,,,,,,,,,,40.9575005,9.72187519,997.125,855.375,21.2374992,1.0,,12.86,0.0,21.06,76.7062531,,76.7062531,0.0,123.0,0.0
2025-11-05 01:51:28+00:00,2025-11-05 01:51:28,,,,,,,,,,40.96875,9.72187519,997.049988,855.375,21.2374992,1.0,,12.86,0.0,21.06,74.7937469,,74.7937469,0.0,123.224998,0.0
2025-11-05 01:51:29+00:00,2025-11-05 01:51:29,,,,,,,,,,40.9612503,9.78125,996.974976,855.375,21.25,1.0,,12.86,0.0,21.06,73.4812469,,73.4812469,0.0,124.425003,0.0
2025-11-05 01:51:30+00:00,2025-11-05 01:51:30,40.0,40.0,40.0,40.0,40.0,22.47231242108415,100.0,BO_ONLY,"BO 모델 결과만 사용 (1단계 롤백, 2~4단계에서 Hz 변화 없음)",40.9537506,9.828125,996.900024,855.375,21.3250008,1.0,0.0,12.86,0.0,21.06,73.1624985,,73.1624985,0.0,123.074997,0.0
2025-11-05 01:51:31+00:00,2025-11-05 01:51:31,,,,,,,,,,40.9312515,9.828125,996.75,855.375,21.3250008,1.0,,12.86,0.0,21.42,72.5062485,,72.5062485,0.0,124.5,0.0
2025-11-05 01:51:32+00:00,2025-11-05 01:51:32,,,,,,,,,,40.9612503,9.88125038,996.674988,855.375,21.3250008,1.0,,12.86,0.0,21.42,72.1500015,,72.1500015,0.0,124.5,0.0
2025-11-05 01:51:33+00:00,2025-11-05 01:51:33,,,,,,,,,,40.9650002,10.0249996,996.599976,855.375,21.3250008,1.0,,12.86,0.0,21.42,72.1500015,,72.1500015,0.0,124.5,0.0
2025-11-05 01:51:34+00:00,2025-11-05 01:51:34,,,,,,,,,,40.9799995,10.0249996,996.525024,855.375,21.3999996,1.0,,12.86,0.0,21.42,71.7562485,,71.7562485,0.0,124.425003,0.0
2025-11-05 01:51:35+00:00,2025-11-05 01:51:35,40.0,40.0,40.0,40.0,40.0,22.364679474340097,100.0,BO_ONLY,"BO 모델 결과만 사용 (1단계 롤백, 2~4단계에서 Hz 변화 없음)",40.9762497,10.2718754,996.375,855.299988,21.5750008,1.0,,12.86,0.0,21.42,71.7750015,,71.7750015,0.0,124.5,0.0
2025-11-05 01:51:36+00:00,2025-11-05 01:51:36,,,,,,,,,,40.9350014,10.2718754,996.299988,855.375,21.5874996,1.0,,12.86,0.0,21.42,71.7750015,,71.7750015,0.0,124.5,0.0
2025-11-05 01:51:37+00:00,2025-11-05 01:51:37,,,,,,,,,,40.9912491,10.4968748,996.150024,855.375,21.5750008,1.0,,12.86,0.0,21.42,72.1312485,,72.1312485,0.0,124.5,0.0
2025-11-05 01:51:38+00:00,2025-11-05 01:51:38,,,,,,,,,,40.9724998,10.6499996,996.0,855.299988,21.5750008,1.0,,12.86,0.0,21.42,71.7750015,,71.7750015,0.0,124.425003,0.0
2025-11-05 01:51:39+00:00,2025-11-05 01:51:39,,,,,,,,,,40.9912491,10.6499996,995.849976,855.299988,21.5874996,1.0,,12.86,0.0,21.42,72.0749969,,72.0749969,0.0,124.5,0.0
2025-11-05 01:51:40+00:00,2025-11-05 01:51:40,38.0,39.0,38.0,38.0,38.0,22.612974520963075,208.0,BO_O2,"O2 규칙 적용: 10.5% (10.0% < O2 ≤ 12.0%) (2단계 롤백, 3~4단계에서 Hz 변화 없음)",40.96875,10.7578125,995.700012,855.224976,21.8250008,1.0,,12.86,0.0,21.42,72.1500015,,72.1500015,0.0,124.5,0.0
2025-11-05 01:51:41+00:00,2025-11-05 01:51:41,,,,,,,,,,40.96875,10.8453121,995.474976,855.224976,21.8250008,1.0,,12.86,0.0,21.89,72.1500015,,72.1500015,0.0,124.5,0.0
2025-11-05 01:51:42+00:00,2025-11-05 01:51:42,,,,,,,,,,40.9387512,10.8453121,995.400024,855.224976,21.8374996,1.0,,12.86,0.0,21.89,72.1312485,,72.1312485,0.0,124.425003,0.0
2025-11-05 01:51:43+00:00,2025-11-05 01:51:43,,,,,,,,,,40.2262497,10.9296875,995.174988,855.224976,21.8374996,1.0,,12.86,0.0,21.89,72.1500015,,72.1500015,0.0,124.5,0.0
2025-11-05 01:51:44+00:00,2025-11-05 01:51:44,,,,,,,,,,38.8312492,10.9296875,995.025024,855.224976,21.9375,1.0,,12.86,0.0,21.89,72.1500015,,72.1500015,0.0,124.5,0.0
2025-11-05 01:51:45+00:00,2025-11-05 01:51:45,38.0,39.0,38.0,38.0,38.0,22.579229813094397,208.0,BO_O2,"O2 규칙 적용: 10.9% (10.0% < O2 ≤ 12.0%) (2단계 롤백, 3~4단계에서 Hz 변화 없음)",38.8087502,11.015625,994.799988,855.224976,22.1625004,1.0,0.0,12.86,0.0,21.89,71.7750015,,71.7750015,0.0,124.5,0.0
2025-11-05 01:51:46+00:00,2025-11-05 01:51:46,,,,,,,,,,38.8012505,11.09375,994.650024,855.224976,22.1625004,1.0,,12.86,0.0,21.89,71.4562531,,71.4562531,0.0,124.425003,0.0
2025-11-05 01:51:47+00:00,2025-11-05 01:51:47,,,,,,,,,,38.7862511,11.09375,994.424988,855.224976,22.1625004,1.0,,12.86,0.0,21.89,70.21875,,70.21875,0.0,124.5,0.0
2025-11-05 01:51:48+00:00,2025-11-05 01:51:48,,,,,,,,,,38.7937508,11.1640625,994.275024,855.224976,22.1625004,1.0,,12.86,0.0,21.89,68.7375031,,68.7375031,0.0,124.5,0.0
2025-11-05 01:51:49+00:00,2025-11-05 01:51:49,,,,,,,,,,38.7975006,11.2250004,994.125,855.150024,22.1749992,1.0,,12.86,0.0,21.89,67.2937469,,67.2937469,0.0,124.5,0.0
2025-11-05 01:51:50+00:00,2025-11-05 01:51:50,38.0,39.0,38.0,38.0,38.0,23.124731256504656,208.0,BO_O2,"O2 규칙 적용: 11.1% (10.0% < O2 ≤ 12.0%) (2단계 롤백, 3~4단계에서 Hz 변화 없음)",38.8087502,11.2250004,993.900024,855.150024,22.7625008,1.0,,12.86,0.0,21.89,66.2062531,,66.2062531,0.0,124.425003,0.0
2025-11-05 01:51:51+00:00,2025-11-05 01:51:51,,,,,,,,,,38.7900009,11.2796879,993.674988,855.150024,22.75,1.0,,12.86,0.0,22.86,65.7375031,,65.7375031,0.0,124.425003,0.0
2025-11-05 01:51:52+00:00,2025-11-05 01:51:52,,,,,,,,,,38.8012505,11.2796879,993.525024,855.075012,22.7625008,1.0,,12.86,0.0,22.86,65.7375031,,65.7375031,0.0,124.5,0.0
2025-11-05 01:51:53+00:00,2025-11-05 01:51:53,,,,,,,,,,38.7900009,11.3249998,993.375,855.075012,22.7625008,1.0,,12.86,0.0,22.86,65.6812515,,65.6812515,0.0,124.5,0.0
2025-11-05 01:51:54+00:00,2025-11-05 01:51:54,,,,,,,,,,38.7862511,11.3671875,993.150024,855.075012,22.8374996,1.0,,12.86,0.0,22.86,65.3625031,,65.3625031,0.0,124.425003,0.0
2025-11-05 01:51:55+00:00,2025-11-05 01:51:55,38.0,39.0,38.0,38.0,38.0,24.984649170411323,208.0,BO_O2,"O2 규칙 적용: 11.3% (10.0% < O2 ≤ 12.0%) (2단계 롤백, 3~4단계에서 Hz 변화 없음)",38.8125,11.3671875,992.924988,855.075012,23.0125008,1.0,,12.86,0.0,22.86,65.3812485,,65.3812485,0.0,124.5,0.0
2025-11-05 01:51:56+00:00,2025-11-05 01:51:56,,,,,,,,,,38.7937508,11.4078121,992.700012,855.0,23.0125008,1.0,,12.86,0.0,22.86,65.3812485,,65.3812485,0.0,124.724998,0.0
2025-11-05 01:51:57+00:00,2025-11-05 01:51:57,,,,,,,,,,38.7900009,11.4406252,992.549988,855.0,23.0125008,1.0,,12.86,0.0,22.86,65.3812485,,65.3812485,0.0,126.0,0.0
2025-11-05 01:51:58+00:00,2025-11-05 01:51:58,,,,,,,,,,38.7937508,11.4406252,992.400024,855.0,23.0125008,1.0,,12.86,0.0,22.86,65.3625031,,65.3625031,0.0,124.574997,0.0
2025-11-05 01:51:59+00:00,2025-11-05 01:51:59,,,,,,,,,,38.8012505,11.4640627,992.174988,855.0,23.0125008,1.0,,12.86,0.0,22.86,65.3812485,,65.3812485,0.0,124.5,0.0
2025-11-05 01:52:00+00:00,2025-11-05 01:52:00,38.0,39.0,38.0,38.0,38.0,24.80591017363072,208.0,BO_O2,"O2 규칙 적용: 11.4% (10.0% < O2 ≤ 12.0%) (2단계 롤백, 3~4단계에서 Hz 변화 없음)",38.7862511,11.4640627,992.025024,855.0,23.0125008,1.0,0.0,12.86,0.0,22.86,65.3812485,,65.3812485,0.0,124.5,0.0
2025-11-05 01:52:01+00:00,2025-11-05 01:52:01,,,,,,,,,,38.7937508,11.4796877,991.950012,855.0,23.0125008,1.0,,12.86,0.0,23.11,65.3812485,,65.3812485,0.0,124.5,0.0
2025-11-05 01:52:02+00:00,2025-11-05 01:52:02,,,,,,,,,,38.8012505,11.4859371,991.799988,854.924988,23.0125008,1.0,,12.86,0.0,23.11,65.3625031,,65.3625031,0.0,124.425003,0.0
2025-11-05 01:52:03+00:00,2025-11-05 01:52:03,,,,,,,,,,38.7975006,11.4859371,991.575012,854.924988,23.0125008,1.0,,12.86,0.0,23.11,65.3812485,,65.3812485,0.0,126.0,0.0
2025-11-05 01:52:04+00:00,2025-11-05 01:52:04,,,,,,,,,,38.7900009,11.4953127,991.5,854.924988,23.1000004,1.0,,12.86,0.0,23.11,65.3812485,,65.3812485,0.0,126.0,0.0
2025-11-05 01:52:05+00:00,2025-11-05 01:52:05,38.0,39.0,38.0,38.0,38.0,24.511030086101,208.0,BO_O2,"O2 규칙 적용: 11.5% (10.0% < O2 ≤ 12.0%) (2단계 롤백, 3~4단계에서 Hz 변화 없음)",38.7862511,11.5046873,991.349976,854.849976,23.2749996,1.0,,12.86,0.0,23.11,65.3812485,,65.3812485,0.0,126.0,0.0
2025-11-05 01:52:06+00:00,2025-11-05 01:52:06,,,,,,,,,,38.7900009,11.5046873,991.125,854.849976,23.2749996,1.0,,12.86,0.0,23.11,65.3812485,,65.3812485,0.0,125.925003,0.0
2025-11-05 01:52:07+00:00,2025-11-05 01:52:07,,,,,,,,,,38.8050003,11.5031252,990.974976,854.775024,23.2749996,1.0,,12.86,0.0,23.11,65.3812485,,65.3812485,0.0,126.0,0.0
2025-11-05 01:52:08+00:00,2025-11-05 01:52:08,,,,,,,,,,38.7937508,11.5031252,990.825012,854.775024,23.2749996,1.0,,12.86,0.0,23.11,65.3812485,,65.3812485,0.0,126.0,0.0
2025-11-05 01:52:09+00:00,2025-11-05 01:52:09,,,,,,,,,,38.7862511,11.4921875,990.599976,854.775024,23.2625008,1.0,,12.86,0.0,23.11,65.3812485,,65.3812485,0.0,126.0,0.0
2025-11-05 01:52:10+00:00,2025-11-05 01:52:10,38.0,39.0,38.0,38.0,38.0,21.857000401150515,208.0,BO_O2,"O2 규칙 적용: 11.5% (10.0% < O2 ≤ 12.0%) (2단계 롤백, 3~4단계에서 Hz 변화 없음)",38.7900009,11.4750004,990.525024,854.775024,23.7749996,1.0,,12.86,0.0,23.11,65.3812485,,65.3812485,0.0,126.0,0.0
2025-11-05 01:52:11+00:00,2025-11-05 01:52:11,,,,,,,,,,38.7937508,11.4750004,990.224976,854.775024,23.7749996,1.0,,12.86,0.0,23.86,65.3625031,,65.3625031,0.0,124.724998,0.0
2025-11-05 01:52:12+00:00,2025-11-05 01:52:12,,,,,,,,,,38.7937508,11.4546871,990.075012,854.775024,23.7749996,1.0,,12.86,0.0,23.86,65.3812485,,65.3812485,0.0,125.699997,0.0
2025-11-05 01:52:13+00:00,2025-11-05 01:52:13,,,,,,,,,,38.7937508,11.4375,989.849976,854.700012,23.7749996,1.0,,12.86,0.0,23.86,65.3812485,,65.3812485,0.0,126.0,0.0
2025-11-05 01:52:14+00:00,2025-11-05 01:52:14,,,,,,,,,,38.7900009,11.4375,989.700012,854.700012,23.8500004,1.0,,12.86,0.0,23.86,65.3625031,,65.3625031,0.0,126.0,0.0
2025-11-05 01:52:15+00:00,2025-11-05 01:52:15,38.0,39.0,38.0,38.0,38.0,23.48877686691939,208.0,BO_O2,"O2 규칙 적용: 11.5% (10.0% < O2 ≤ 12.0%) (2단계 롤백, 3~4단계에서 Hz 변화 없음)",38.8012505,11.4265623,989.474976,854.700012,24.0249996,1.0,0.0,12.86,0.0,23.86,65.3625031,,65.3625031,0.0,125.925003,0.0
2025-11-05 01:52:16+00:00,2025-11-05 01:52:16,,,,,,,,,,38.8012505,11.4265623,989.25,854.700012,24.0249996,1.0,,12.86,0.0,23.86,65.3812485,,65.3812485,0.0,126.0,0.0
2025-11-05 01:52:17+00:00,2025-11-05 01:52:17,,,,,,,,,,38.7862511,11.4140625,989.025024,854.625,24.0249996,1.0,,12.86,0.0,23.86,65.3812485,,65.3812485,0.0,126.0,0.0
2025-11-05 01:52:18+00:00,2025-11-05 01:52:18,,,,,,,,,,38.7975006,11.4015627,988.875,854.625,24.0249996,1.0,,12.86,0.0,23.86,65.3812485,,65.3812485,0.0,126.0,0.0
2025-11-05 01:52:19+00:00,2025-11-05 01:52:19,,,,,,,,,,38.8050003,11.4015627,988.575012,854.549988,24.0375004,1.0,,12.86,0.0,23.86,65.3625031,,65.3625031,0.0,126.0,0.0
2025-11-05 01:52:20+00:00,2025-11-05 01:52:20,38.0,39.0,38.0,38.0,38.0,23.44877604384006,208.0,BO_O2,"O2 규칙 적용: 11.4% (10.0% < O2 ≤ 12.0%) (2단계 롤백, 3~4단계에서 Hz 변화 없음)",38.7862511,11.3874998,988.424988,854.549988,25.125,1.0,,12.86,0.0,23.86,65.3812485,,65.3812485,0.0,126.0,0.0
2025-11-05 01:52:21+00:00,2025-11-05 01:52:21,,,,,,,,,,38.7975006,11.3718748,988.125,854.549988,25.125,1.0,,12.86,0.0,25.18,65.6999969,,65.6999969,0.0,126.0,0.0
2025-11-05 01:52:22+00:00,2025-11-05 01:52:22,,,,,,,,,,38.7937508,11.3718748,987.974976,854.549988,25.125,1.0,,12.86,0.0,25.18,65.3812485,,65.3812485,0.0,126.0,0.0
2025-11-05 01:52:23+00:00,2025-11-05 01:52:23,,,,,,,,,,38.8125,11.3515625,987.674988,854.474976,25.125,1.0,,12.86,0.0,25.18,65.3625031,,65.3625031,0.0,126.0,0.0
2025-11-05 01:52:24+00:00,2025-11-05 01:52:24,,,,,,,,,,38.7900009,11.3515625,987.450012,854.474976,25.2374992,1.0,,12.86,0.0,25.18,65.3812485,,65.3812485,0.0,126.0,0.0
2025-11-05 01:52:25+00:00,2025-11-05 01:52:25,38.0,39.0,38.0,38.0,38.0,26.886893238756333,208.0,BO_O2,"O2 규칙 적용: 11.4% (10.0% < O2 ≤ 12.0%) (2단계 롤백, 3~4단계에서 Hz 변화 없음)",38.7900009,11.3421879,987.224976,854.474976,25.4750004,1.0,,12.86,0.0,25.18,65.7375031,,65.7375031,0.0,126.0,0.0
2025-11-05 01:52:26+00:00,2025-11-05 01:52:26,,,,,,,,,,38.7975006,11.3421879,986.924988,854.400024,25.4750004,1.0,,12.86,0.0,25.18,65.7375031,,65.7375031,0.0,126.0,0.0
2025-11-05 01:52:27+00:00,2025-11-05 01:52:27,,,,,,,,,,38.7787514,11.3421879,986.775024,854.325012,25.4750004,1.0,,12.86,0.0,25.18,65.71875,,65.71875,0.0,126.0,0.0
2025-11-05 01:52:28+00:00,2025-11-05 01:52:28,,,,,,,,,,38.7937508,11.3406248,986.549988,854.325012,25.4750004,1.0,,12.86,0.0,25.18,65.7375031,,65.7375031,0.0,126.0,0.0
2025-11-05 01:52:29+00:00,2025-11-05 01:52:29,,,,,,,,,,38.8012505,11.3421879,986.25,854.25,25.4750004,1.0,,12.86,0.0,25.18,65.7375031,,65.7375031,0.0,126.074997,0.0
2025-11-05 01:52:30+00:00,2025-11-05 01:52:30,38.0,39.0,38.0,38.0,38.0,27.18299560752236,208.0,BO_O2,"O2 규칙 적용: 11.3% (10.0% < O2 ≤ 12.0%) (2단계 롤백, 3~4단계에서 Hz 변화 없음)",38.7900009,11.3421879,986.099976,854.25,25.4750004,1.0,0.0,12.86,0.0,25.18,65.7375031,,65.7375031,0.0,126.0,0.0
2025-11-05 01:52:31+00:00,2025-11-05 01:52:31,,,,,,,,,,38.7825012,11.3406248,985.799988,854.174988,25.4750004,1.0,,12.86,0.0,25.51,65.71875,,65.71875,0.0,126.0,0.0
2025-11-05 01:52:32+00:00,2025-11-05 01:52:32,,,,,,,,,,38.7900009,11.3406248,985.650024,854.174988,25.4750004,1.0,,12.86,0.0,25.51,65.7375031,,65.7375031,0.0,126.0,0.0
2025-11-05 01:52:33+00:00,2025-11-05 01:52:33,,,,,,,,,,38.7937508,11.3625002,985.349976,854.174988,25.4750004,1.0,,12.86,0.0,25.51,65.7375031,,65.7375031,0.0,126.0,0.0
2025-11-05 01:52:34+00:00,2025-11-05 01:52:34,,,,,,,,,,38.7900009,11.3921871,985.125,854.174988,25.6625004,1.0,,12.86,0.0,25.51,65.7375031,,65.7375031,0.0,126.0,0.0
2025-11-05 01:52:35+00:00,2025-11-05 01:52:35,38.0,39.0,38.0,38.0,38.0,27.609620855568565,208.0,BO_O2,"O2 규칙 적용: 11.4% (10.0% < O2 ≤ 12.0%) (2단계 롤백, 3~4단계에서 Hz 변화 없음)",38.7937508,11.3921871,984.825012,854.099976,25.9750004,1.0,,12.86,0.0,25.51,65.7375031,,65.7375031,0.0,126.0,0.0
2025-11-05 01:52:36+00:00,2025-11-05 01:52:36,,,,,,,,,,38.7937508,11.4125004,984.599976,854.025024,25.9750004,1.0,,12.86,0.0,25.51,65.7375031,,65.7375031,0.0,126.0,0.0
2025-11-05 01:52:37+00:00,2025-11-05 01:52:37,,,,,,,,,,38.7937508,11.4640627,984.299988,854.025024,25.9750004,1.0,,12.86,0.0,25.51,65.7375031,,65.7375031,0.0,126.0,0.0
2025-11-05 01:52:38+00:00,2025-11-05 01:52:38,,,,,,,,,,38.7975006,11.4640627,984.075012,854.025024,25.9874992,1.0,,12.86,0.0,25.51,65.7375031,,65.7375031,0.0,126.0,0.0
2025-11-05 01:52:39+00:00,2025-11-05 01:52:39,,,,,,,,,,38.7862511,11.5234375,983.775024,853.875,25.9874992,1.0,,12.86,0.0,25.51,65.71875,,65.71875,0.0,126.0,0.0
2025-11-05 01:52:40+00:00,2025-11-05 01:52:40,38.0,39.0,38.0,38.0,38.0,24.515252187879025,208.0,BO_O2,"O2 규칙 적용: 11.4% (10.0% < O2 ≤ 12.0%) (2단계 롤백, 3~4단계에서 Hz 변화 없음)",38.8050003,11.5234375,983.549988,853.875,26.1499996,1.0,,12.86,0.0,25.51,65.7375031,,65.7375031,0.0,126.0,0.0
2025-11-05 01:52:41+00:00,2025-11-05 01:52:41,,,,,,,,,,38.7975006,11.5859375,983.25,853.875,26.1499996,1.0,,12.86,0.0,26.25,65.7375031,,65.7375031,0.0,126.0,0.0
2025-11-05 01:52:42+00:00,2025-11-05 01:52:42,,,,,,,,,,38.7975006,11.6421871,983.099976,853.799988,26.1499996,1.0,,12.86,0.0,26.25,65.7375031,,65.7375031,0.0,126.0,0.0
2025-11-05 01:52:43+00:00,2025-11-05 01:52:43,,,,,,,,,,38.7900009,11.6421871,982.799988,853.799988,26.1499996,1.0,,12.86,0.0,26.25,65.71875,,65.71875,0.0,126.0,0.0
2025-11-05 01:52:44+00:00,2025-11-05 01:52:44,,,,,,,,,,38.7862511,11.6906252,982.650024,853.799988,26.25,1.0,,12.86,0.0,26.25,65.7375031,,65.7375031,0.0,126.0,0.0
2025-11-05 01:52:45+00:00,2025-11-05 01:52:45,38.0,39.0,38.0,38.0,38.0,24.515252187879025,208.0,BO_O2,"O2 규칙 적용: 11.6% (10.0% < O2 ≤ 12.0%) (2단계 롤백, 3~4단계에서 Hz 변화 없음)",38.7862511,11.7250004,982.349976,853.650024,26.3999996,1.0,0.0,12.86,0.0,26.25,65.7375031,,65.7375031,0.0,126.0,0.0
2025-11-05 01:52:46+00:00,2025-11-05 01:52:46,,,,,,,,,,38.7975006,11.7250004,982.275024,853.650024,26.3999996,1.0,,12.86,0.0,26.25,65.7375031,,65.7375031,0.0,126.0,0.0
2025-11-05 01:52:47+00:00,2025-11-05 01:52:47,,,,,,,,,,38.7937508,11.7484379,982.049988,853.575012,26.3999996,1.0,,12.86,0.0,26.25,65.7375031,,65.7375031,0.0,126.0,0.0
2025-11-05 01:52:48+00:00,2025-11-05 01:52:48,,,,,,,,,,38.8012505,11.7640629,981.825012,853.5,26.3999996,1.0,,12.86,0.0,26.25,65.7375031,,65.7375031,0.0,126.0,0.0
2025-11-05 01:52:49+00:00,2025-11-05 01:52:49,,,,,,,,,,38.7900009,11.7640629,981.599976,853.5,26.3999996,1.0,,12.86,0.0,26.25,65.7375031,,65.7375031,0.0,126.0,0.0
2025-11-05 01:52:50+00:00,2025-11-05 01:52:50,38.0,39.0,38.0,38.0,38.0,25.259581815433307,208.0,BO_O2,"O2 규칙 적용: 11.7% (10.0% < O2 ≤ 12.0%) (2단계 롤백, 3~4단계에서 Hz 변화 없음)",38.7862511,11.7687502,981.450012,853.5,26.4750004,1.0,,12.86,0.0,26.25,65.7375031,,65.7375031,0.0,126.0,0.0
2025-11-05 01:52:51+00:00,2025-11-05 01:52:51,,,,,,,,,,38.7937508,11.7687502,981.299988,853.349976,26.4874992,1.0,,12.86,0.0,26.25,65.7375031,,65.7375031,0.0,126.0,0.0
2025-11-05 01:52:52+00:00,2025-11-05 01:52:52,,,,,,,,,,38.7937508,11.7703123,981.150024,853.349976,26.4874992,1.0,,12.86,0.0,26.51,65.7375031,,65.7375031,0.0,126.0,0.0
2025-11-05 01:52:53+00:00,2025-11-05 01:52:53,,,,,,,,,,38.8012505,11.7671871,980.924988,853.275024,26.4874992,1.0,,12.86,0.0,26.51,65.7375031,,65.7375031,0.0,126.0,0.0
2025-11-05 01:52:54+00:00,2025-11-05 01:52:54,,,,,,,,,,38.7862511,11.7671871,980.700012,853.275024,26.3125,1.0,,12.86,0.0,26.51,65.7375031,,65.7375031,0.0,126.0,0.0
2025-11-05 01:52:55+00:00,2025-11-05 01:52:55,38.0,39.0,38.0,38.0,38.0,22.585172035397548,208.0,BO_O2,"O2 규칙 적용: 11.8% (10.0% < O2 ≤ 12.0%) (2단계 롤백, 3~4단계에서 Hz 변화 없음)",38.7975006,11.7515621,980.474976,853.275024,25.9750004,1.0,,12.86,0.0,26.51,65.7375031,,65.7375031,0.0,126.0,0.0
2025-11-05 01:52:56+00:00,2025-11-05 01:52:56,,,,,,,,,,38.8050003,11.7218752,980.25,853.125,25.9750004,1.0,,12.86,0.0,26.51,65.7375031,,65.7375031,0.0,126.0,0.0
2025-11-05 01:52:57+00:00,2025-11-05 01:52:57,,,,,,,,,,38.7825012,11.7218752,980.025024,853.125,25.9874992,1.0,,12.86,0.0,26.51,65.7375031,,65.7375031,0.0,126.074997,0.0
2025-11-05 01:52:58+00:00,2025-11-05 01:52:58,,,,,,,,,,38.7862511,11.7093754,979.799988,853.049988,25.9874992,1.0,,12.86,0.0,26.51,65.7375031,,65.7375031,0.0,126.0,0.0
2025-11-05 01:52:59+00:00,2025-11-05 01:52:59,,,,,,,,,,38.7862511,11.7093754,979.575012,852.974976,26.2749996,1.0,,12.86,0.0,26.51,65.7375031,,65.7375031,0.0,126.0,0.0
2025-11-05 01:53:00+00:00,2025-11-05 01:53:00,38.0,39.0,38.0,38.0,38.0,20.437645539096568,208.0,BO_O2,"O2 규칙 적용: 11.7% (10.0% < O2 ≤ 12.0%) (2단계 롤백, 3~4단계에서 Hz 변화 없음)",38.7900009,11.6984377,979.275024,852.974976,26.3125,1.0,0.0,12.86,0.0,26.51,65.7375031,,65.7375031,0.0,126.0,0.0
2025-11-05 01:53:01+00:00,2025-11-05 01:53:01,,,,,,,,,,38.7862511,11.6859379,979.049988,852.900024,26.3125,1.0,,12.86,0.0,26.51,65.7375031,,65.7375031,0.0,126.0,0.0
2025-11-05 01:53:02+00:00,2025-11-05 01:53:02,,,,,,,,,,38.7975006,11.6859379,978.825012,852.825012,26.3125,1.0,,12.86,0.0,26.36,65.7375031,,65.7375031,0.0,126.0,0.0
2025-11-05 01:53:03+00:00,2025-11-05 01:53:03,,,,,,,,,,38.7862511,11.6625004,978.599976,852.825012,26.3125,1.0,,12.86,0.0,26.36,65.7375031,,65.7375031,0.0,126.0,0.0
2025-11-05 01:53:04+00:00,2025-11-05 01:53:04,,,,,,,,,,38.7862511,11.6234379,978.224976,852.75,26.1749992,1.0,,12.86,0.0,26.36,65.7375031,,65.7375031,0.0,125.925003,0.0
2025-11-05 01:53:05+00:00,2025-11-05 01:53:05,38.0,39.0,38.0,38.0,38.0,20.955132391468705,208.0,BO_O2,"O2 규칙 적용: 11.7% (10.0% < O2 ≤ 12.0%) (2단계 롤백, 3~4단계에서 Hz 변화 없음)",38.7900009,11.6234379,978.0,852.674988,25.8999996,1.0,,12.86,0.0,26.36,65.7375031,,65.7375031,0.0,126.0,0.0
2025-11-05 01:53:06+00:00,2025-11-05 01:53:06,,,,,,,,,,38.7900009,11.6078129,977.700012,852.599976,25.8999996,1.0,,12.86,0.0,26.36,65.7375031,,65.7375031,0.0,126.0,0.0
2025-11-05 01:53:07+00:00,2025-11-05 01:53:07,,,,,,,,,,38.7975006,11.6078129,977.474976,852.599976,25.8999996,1.0,,12.86,0.0,26.36,65.7375031,,65.7375031,0.0,126.0,0.0
2025-11-05 01:53:08+00:00,2025-11-05 01:53:08,,,,,,,,,,38.8050003,11.6062498,977.099976,852.525024,25.8999996,1.0,,12.86,0.0,26.36,65.71875,,65.71875,0.0,126.0,0.0
2025-11-05 01:53:09+00:00,2025-11-05 01:53:09,,,,,,,,,,38.7900009,11.6156254,976.875,852.525024,25.9750004,1.0,,12.86,0.0,26.36,65.7375031,,65.7375031,0.0,126.0,0.0
2025-11-05 01:53:10+00:00,2025-11-05 01:53:10,38.0,39.0,38.0,38.0,38.0,20.015691061293687,208.0,BO_O2,"O2 규칙 적용: 11.6% (10.0% < O2 ≤ 12.0%) (2단계 롤백, 3~4단계에서 Hz 변화 없음)",38.7900009,11.6156254,976.575012,852.375,25.9874992,1.0,,12.86,0.0,26.36,65.7375031,,65.7375031,0.0,126.0,0.0
2025-11-05 01:53:11+00:00,2025-11-05 01:53:11,,,,,,,,,,38.7825012,11.6218748,976.200012,852.375,25.9874992,1.0,,12.86,0.0,26.36,65.7375031,,65.7375031,0.0,126.0,0.0
2025-11-05 01:53:12+00:00,2025-11-05 01:53:12,,,,,,,,,,38.7900009,11.6499996,975.900024,852.299988,25.9750004,1.0,,12.86,0.0,26.07,65.7375031,,65.7375031,0.0,126.0,0.0
2025-11-05 01:53:13+00:00,2025-11-05 01:53:13,,,,,,,,,,38.7937508,11.6499996,975.674988,852.299988,25.9750004,1.0,,12.86,0.0,26.07,65.7375031,,65.7375031,0.0,126.0,0.0
2025-11-05 01:53:14+00:00,2025-11-05 01:53:14,,,,,,,,,,38.7862511,11.6968746,975.299988,852.150024,26.0125008,1.0,,12.86,0.0,26.07,65.7375031,,65.7375031,0.0,126.0,0.0
2025-11-05 01:53:15+00:00,2025-11-05 01:53:15,38.0,39.0,38.0,38.0,38.0,19.967618952512655,208.0,BO_O2,"O2 규칙 적용: 11.6% (10.0% < O2 ≤ 12.0%) (2단계 롤백, 3~4단계에서 Hz 변화 없음)",38.7900009,11.6968746,975.0,852.150024,26.0625,1.0,0.0,12.86,0.0,26.07,65.7375031,,65.7375031,0.0,126.0,0.0
2025-11-05 01:53:16+00:00,2025-11-05 01:53:16,,,,,,,,,,38.7975006,11.734375,974.549988,852.075012,26.0625,1.0,,12.86,0.0,26.07,65.7375031,,65.7375031,0.0,126.0,0.0
2025-11-05 01:53:17+00:00,2025-11-05 01:53:17,,,,,,,,,,38.7975006,11.7671871,974.325012,852.0,26.0625,1.0,,12.86,0.0,26.07,65.7375031,,65.7375031,0.0,126.0,0.0
2025-11-05 01:53:18+00:00,2025-11-05 01:53:18,,,,,,,,,,38.7975006,11.7671871,973.950012,851.849976,26.0750008,1.0,,12.86,0.0,26.07,65.7375031,,65.7375031,0.0,126.0,0.0
2025-11-05 01:53:19+00:00,2025-11-05 01:53:19,,,,,,,,,,38.7937508,11.8046875,973.650024,851.849976,25.6375008,1.0,,12.86,0.0,26.07,65.7375031,,65.7375031,0.0,126.0,0.0
2025-11-05 01:53:20+00:00,2025-11-05 01:53:20,38.0,39.0,38.0,38.0,38.0,20.274367651043523,208.0,BO_O2,"O2 규칙 적용: 11.8% (10.0% < O2 ≤ 12.0%) (2단계 롤백, 3~4단계에서 Hz 변화 없음)",38.7825012,11.8484373,973.200012,851.775024,25.5625,1.0,,12.86,0.0,26.07,65.71875,,65.71875,0.0,125.925003,0.0
2025-11-05 01:53:21+00:00,2025-11-05 01:53:21,,,,,,,,,,38.7862511,11.8484373,972.974976,851.700012,25.5625,1.0,,12.86,0.0,26.07,65.7375031,,65.7375031,0.0,126.0,0.0
2025-11-05 01:53:22+00:00,2025-11-05 01:53:22,,,,,,,,,,38.8012505,11.8984375,972.525024,851.625,25.5625,1.0,,12.86,0.0,25.66,65.7375031,,65.7375031,0.0,126.0,0.0
2025-11-05 01:53:23+00:00,2025-11-05 01:53:23,,,,,,,,,,38.7862511,11.8984375,972.224976,851.625,25.5625,1.0,,12.86,0.0,25.66,65.7375031,,65.7375031,0.0,126.0,0.0
2025-11-05 01:53:24+00:00,2025-11-05 01:53:24,,,,,,,,,,38.7937508,11.9515629,971.849976,851.474976,25.3999996,1.0,,12.86,0.0,25.66,65.71875,,65.71875,0.0,126.0,0.0
2025-11-05 01:53:25+00:00,2025-11-05 01:53:25,38.0,39.0,38.0,38.0,38.0,20.711544986603098,208.0,BO_O2,"O2 규칙 적용: 11.9% (10.0% < O2 ≤ 12.0%) (2단계 롤백, 3~4단계에서 Hz 변화 없음)",38.7825012,12.0093746,971.549988,851.474976,25.125,1.0,,12.86,0.0,25.66,65.7375031,,65.7375031,0.0,126.0,0.0
2025-11-05 01:53:26+00:00,2025-11-05 01:53:26,,,,,,,,,,38.7862511,12.0093746,971.099976,851.325012,25.125,1.0,,12.86,0.0,25.66,65.7375031,,65.7375031,0.0,126.0,0.0
2025-11-05 01:53:27+00:00,2025-11-05 01:53:27,,,,,,,,,,38.7862511,12.0625,970.799988,851.325012,25.125,1.0,,12.86,0.0,25.66,65.7375031,,65.7375031,0.0,126.0,0.0
2025-11-05 01:53:28+00:00,2025-11-05 01:53:28,,,,,,,,,,38.7900009,12.1218748,970.424988,851.25,25.125,1.0,,12.86,0.0,25.66,65.7375031,,65.7375031,0.0,125.925003,0.0
2025-11-05 01:53:29+00:00,2025-11-05 01:53:29,,,,,,,,,,38.7825012,12.1218748,970.200012,851.174988,25.125,1.0,,12.86,0.0,25.66,65.7375031,,65.7375031,0.0,126.0,0.0
2025-11-05 01:53:30+00:00,2025-11-05 01:53:30,38.0,39.0,38.0,38.0,38.0,19.38262677834847,209.0,BO_O2,"O2 규칙 적용: 12.1% (12.0% < O2 ≤ 14.0%) (2단계 롤백, 3~4단계에서 Hz 변화 없음)",38.7825012,12.1687498,969.900024,851.099976,25.125,1.0,0.0,12.86,0.0,25.66,65.7375031,,65.7375031,0.0,126.0,0.0
2025-11-05 01:53:31+00:00,2025-11-05 01:53:31,,,,,,,,,,38.7862511,12.1687498,969.75,851.025024,25.125,1.0,,12.86,0.0,25.66,65.7375031,,65.7375031,0.0,126.074997,0.0
2025-11-05 01:53:32+00:00,2025-11-05 01:53:32,,,,,,,,,,38.8012505,12.2140627,969.525024,850.950012,25.125,1.0,,12.86,0.0,25.17,65.7375031,,65.7375031,0.0,126.0,0.0
2025-11-05 01:53:33+00:00,2025-11-05 01:53:33,,,,,,,,,,38.8199997,12.2546873,969.299988,850.875,25.125,1.0,,12.86,0.0,25.17,65.7375031,,65.7375031,0.0,126.0,0.0
2025-11-05 01:53:34+00:00,2025-11-05 01:53:34,,,,,,,,,,38.7900009,12.2546873,969.150024,850.799988,24.9750004,1.0,,12.86,0.0,25.17,65.7375031,,65.7375031,0.0,126.074997,0.0
2025-11-05 01:53:35+00:00,2025-11-05 01:53:35,38.0,39.0,38.0,38.0,38.0,19.205811792056682,209.0,BO_O2,"O2 규칙 적용: 12.2% (12.0% < O2 ≤ 14.0%) (2단계 롤백, 3~4단계에서 Hz 변화 없음)",38.7937508,12.2781248,968.924988,850.724976,24.7000008,1.0,,12.86,0.0,25.17,65.7375031,,65.7375031,0.0,126.0,0.0
2025-11-05 01:53:36+00:00,2025-11-05 01:53:36,,,,,,,,,,38.7937508,12.2984371,968.775024,850.650024,24.7000008,1.0,,12.86,0.0,25.17,65.7375031,,65.7375031,0.0,126.0,0.0
2025-11-05 01:53:37+00:00,2025-11-05 01:53:37,,,,,,,,,,38.7862511,12.2984371,968.700012,850.575012,24.7124996,1.0,,12.86,0.0,25.17,65.7375031,,65.7375031,0.0,126.0,0.0
2025-11-05 01:53:38+00:00,2025-11-05 01:53:38,,,,,,,,,,38.7787514,12.3078127,968.474976,850.424988,24.7000008,1.0,,12.86,0.0,25.17,65.7375031,,65.7375031,0.0,126.0,0.0
2025-11-05 01:53:39+00:00,2025-11-05 01:53:39,,,,,,,,,,38.7937508,12.3078127,968.325012,850.424988,24.1124992,1.0,,12.86,0.0,25.17,65.7375031,,65.7375031,0.0,126.0,0.0
2025-11-05 01:53:40+00:00,2025-11-05 01:53:40,38.0,39.0,38.0,38.0,38.0,19.61917581090276,209.0,BO_O2,"O2 규칙 적용: 12.3% (12.0% < O2 ≤ 14.0%) (2단계 롤백, 3~4단계에서 Hz 변화 없음)",38.7862511,12.3062496,968.099976,850.349976,24.0375004,1.0,,12.86,0.0,25.17,65.7375031,,65.7375031,0.0,126.0,0.0
2025-11-05 01:53:41+00:00,2025-11-05 01:53:41,,,,,,,,,,38.7900009,12.2953129,967.950012,850.275024,24.0249996,1.0,,12.86,0.0,25.17,65.7375031,,65.7375031,0.0,126.0,0.0
2025-11-05 01:53:42+00:00,2025-11-05 01:53:42,,,,,,,,,,38.7825012,12.2953129,967.650024,850.200012,24.0249996,1.0,,12.86,0.0,24.1,65.7375031,,65.7375031,0.0,126.0,0.0
2025-11-05 01:53:43+00:00,2025-11-05 01:53:43,,,,,,,,,,38.7975006,12.2718754,967.575012,850.200012,24.0375004,1.0,,12.86,0.0,24.1,65.7375031,,65.7375031,0.0,126.0,0.0
2025-11-05 01:53:44+00:00,2025-11-05 01:53:44,,,,,,,,,,38.7937508,12.21875,967.349976,850.049988,22.2124996,1.0,,12.86,0.0,24.1,65.7375031,,65.7375031,0.0,126.0,0.0
2025-11-05 01:53:45+00:00,2025-11-05 01:53:45,38.0,39.0,38.0,38.0,38.0,18.81089525786174,209.0,BO_O2,"O2 규칙 적용: 12.3% (12.0% < O2 ≤ 14.0%) (2단계 롤백, 3~4단계에서 Hz 변화 없음)",38.7825012,12.21875,967.200012,849.974976,19.1375008,1.0,0.0,12.86,0.0,24.1,65.7375031,,65.7375031,0.0,126.0,0.0
2025-11-05 01:53:46+00:00,2025-11-05 01:53:46,,,,,,,,,,38.7825012,12.1296873,966.900024,849.974976,19.1375008,1.0,,12.86,0.0,24.1,65.7375031,,65.7375031,0.0,126.0,0.0
2025-11-05 01:53:47+00:00,2025-11-05 01:53:47,,,,,,,,,,38.7862511,12.1296873,966.75,849.900024,19.1375008,1.0,,12.86,0.0,24.1,65.7375031,,65.7375031,0.0,126.074997,0.0
2025-11-05 01:53:48+00:00,2025-11-05 01:53:48,,,,,,,,,,38.7862511,12.0140629,966.525024,849.75,19.1375008,1.0,,12.86,0.0,24.1,65.7375031,,65.7375031,0.0,126.0,0.0
2025-11-05 01:53:49+00:00,2025-11-05 01:53:49,,,,,,,,,,38.7937508,11.890625,966.375,849.75,19.1375008,1.0,,12.86,0.0,24.1,65.7375031,,65.7375031,0.0,126.0,0.0
2025-11-05 01:53:50+00:00,2025-11-05 01:53:50,38.0,39.0,38.0,38.0,38.0,12.185901794213521,209.0,BO_O2,"O2 규칙 적용: 12.1% (12.0% < O2 ≤ 14.0%) (2단계 롤백, 3~4단계에서 Hz 변화 없음)",38.7900009,11.890625,966.075012,849.674988,19.1375008,1.0,,12.86,0.0,24.1,65.7375031,,65.7375031,0.0,126.0,0.0
2025-11-05 01:53:51+00:00,2025-11-05 01:53:51,,,,,,,,,,38.7900009,11.7734375,965.924988,849.599976,19.125,1.0,,12.86,0.0,24.1,65.7375031,,65.7375031,0.0,126.074997,0.0
2025-11-05 01:53:52+00:00,2025-11-05 01:53:52,,,,,,,,,,38.7862511,11.6578121,965.700012,849.525024,19.125,1.0,,12.86,1.0,19.26,65.7375031,,65.7375031,0.0,126.0,0.0
2025-11-05 01:53:53+00:00,2025-11-05 01:53:53,,,,,,,,,,38.7900009,11.6578121,965.549988,849.450012,19.1375008,1.0,,12.86,1.0,19.26,65.7375031,,65.7375031,0.0,126.0,0.0
2025-11-05 01:53:54+00:00,2025-11-05 01:53:54,,,,,,,,,,38.7937508,11.5421877,965.325012,849.299988,19.1375008,1.0,,12.86,1.0,19.26,65.7375031,,65.7375031,0.0,126.074997,0.0
2025-11-05 01:53:55+00:00,2025-11-05 01:53:55,38.0,39.0,38.0,38.0,38.0,12.935116693498319,14.0,FALLBACK,"임시 추천값: (tms_nox_status_error) 기존 SNR 코드: 208(BO_O2) - O2 규칙 적용: 11.7% (10.0% < O2 ≤ 12.0%) (2단계 롤백, 3~4단계에서 Hz 변화 없음)",38.7937508,11.5421877,965.099976,849.299988,19.125,1.0,,12.86,1.0,19.26,65.7375031,,65.7375031,0.0,126.0,0.0
2025-11-05 01:53:56+00:00,2025-11-05 01:53:56,,,,,,,,,,38.7862511,11.4437504,964.799988,849.224976,19.1375008,1.0,,12.86,1.0,19.26,65.7375031,,65.7375031,0.0,126.0,0.0
2025-11-05 01:53:57+00:00,2025-11-05 01:53:57,,,,,,,,,,38.7975006,11.3703127,964.650024,849.150024,19.1375008,1.0,,12.86,1.0,19.26,65.7375031,,65.7375031,0.0,126.0,0.0
2025-11-05 01:53:58+00:00,2025-11-05 01:53:58,,,,,,,,,,38.8012505,11.3703127,964.349976,849.075012,19.125,1.0,,12.86,1.0,19.26,65.7375031,,65.7375031,0.0,126.0,0.0
2025-11-05 01:53:59+00:00,2025-11-05 01:53:59,,,,,,,,,,38.7862511,11.328125,964.200012,849.0,19.1375008,1.0,,12.86,1.0,19.26,65.7375031,,65.7375031,0.0,126.074997,0.0
2025-11-05 01:54:00+00:00,2025-11-05 01:54:00,38.0,39.0,38.0,38.0,38.0,12.974032025850471,14.0,FALLBACK,"임시 추천값: (tms_nox_status_error) 기존 SNR 코드: 208(BO_O2) - O2 규칙 적용: 11.4% (10.0% < O2 ≤ 12.0%) (2단계 롤백, 3~4단계에서 Hz 변화 없음)",38.7975006,11.3093748,963.900024,848.924988,19.1375008,1.0,0.0,12.86,1.0,19.26,65.7375031,,65.7375031,0.0,126.0,0.0
2025-11-05 01:54:01+00:00,2025-11-05 01:54:01,,,,,,,,,,38.7900009,11.3093748,963.75,848.849976,19.125,1.0,,12.86,1.0,19.26,65.7375031,,65.7375031,0.0,126.0,0.0
2025-11-05 01:54:02+00:00,2025-11-05 01:54:02,,,,,,,,,,38.8012505,11.3062496,963.450012,848.775024,19.1375008,1.0,,12.86,1.0,19.26,65.7375031,,65.7375031,0.0,126.074997,0.0
2025-11-05 01:54:03+00:00,2025-11-05 01:54:03,,,,,,,,,,38.7862511,11.3140621,963.150024,848.775024,19.1375008,1.0,,12.86,1.0,19.26,65.7375031,,65.7375031,0.0,126.074997,0.0
2025-11-05 01:54:04+00:00,2025-11-05 01:54:04,,,,,,,,,,38.7937508,11.3140621,962.924988,848.625,19.125,1.0,,12.86,1.0,19.26,65.7375031,,65.7375031,0.0,126.0,0.0
2025-11-05 01:54:05+00:00,2025-11-05 01:54:05,38.0,39.0,38.0,38.0,38.0,21.641661408397045,14.0,FALLBACK,"임시 추천값: (tms_nox_status_error) 기존 SNR 코드: 208(BO_O2) - O2 규칙 적용: 11.3% (10.0% < O2 ≤ 12.0%) (2단계 롤백, 3~4단계에서 Hz 변화 없음)",38.7900009,11.3374996,962.775024,848.549988,19.1375008,1.0,,12.86,1.0,19.26,65.7375031,,65.7375031,0.0,125.925003,0.0
2025-11-05 01:54:06+00:00,2025-11-05 01:54:06,,,,,,,,,,38.7862511,11.3374996,962.549988,848.474976,19.1375008,1.0,,12.86,1.0,19.26,65.7375031,,65.7375031,0.0,126.0,0.0
2025-11-05 01:54:07+00:00,2025-11-05 01:54:07,,,,,,,,,,38.7937508,11.3609371,962.325012,848.474976,19.1375008,1.0,,12.86,1.0,19.26,65.7375031,,65.7375031,0.0,126.0,0.0
2025-11-05 01:54:08+00:00,2025-11-05 01:54:08,,,,,,,,,,38.7975006,11.3734379,962.025024,848.400024,19.1375008,1.0,,12.86,1.0,19.26,65.7375031,,65.7375031,0.0,126.074997,0.0
2025-11-05 01:54:09+00:00,2025-11-05 01:54:09,,,,,,,,,,38.7900009,11.3734379,961.799988,848.325012,19.1375008,1.0,,12.86,1.0,19.26,65.7375031,,65.7375031,0.0,125.925003,0.0
2025-11-05 01:54:10+00:00,2025-11-05 01:54:10,38.0,39.0,38.0,38.0,38.0,2.552787572071895,14.0,FALLBACK,"임시 추천값: (tms_nox_status_error) 기존 SNR 코드: 208(BO_O2) - O2 규칙 적용: 11.4% (10.0% < O2 ≤ 12.0%) (2단계 롤백, 3~4단계에서 Hz 변화 없음)",38.7937508,11.3953123,961.575012,848.174988,19.1375008,1.0,,12.86,1.0,19.26,65.7375031,,65.7375031,0.0,126.0,0.0
2025-11-05 01:54:11+00:00,2025-11-05 01:54:11,,,,,,,,,,38.7825012,11.3953123,961.424988,848.174988,19.1375008,1.0,,12.86,1.0,19.26,65.7375031,,65.7375031,0.0,126.0,0.0
2025-11-05 01:54:12+00:00,2025-11-05 01:54:12,,,,,,,,,,38.7900009,11.4250002,961.125,848.099976,19.1375008,1.0,,12.86,1.0,19.26,65.7562485,,65.7562485,0.0,126.0,0.0
2025-11-05 01:54:13+00:00,2025-11-05 01:54:13,,,,,,,,,,38.8012505,11.4499998,960.974976,848.025024,19.1375008,1.0,,12.86,1.0,19.26,65.7375031,,65.7375031,0.0,126.0,0.0
2025-11-05 01:54:14+00:00,2025-11-05 01:54:14,,,,,,,,,,38.7900009,11.4499998,960.75,847.950012,19.1375008,1.0,,12.86,1.0,19.26,65.7375031,,65.7375031,0.0,126.0,0.0
2025-11-05 01:54:15+00:00,2025-11-05 01:54:15,38.0,39.0,38.0,38.0,38.0,2.552787572071895,14.0,FALLBACK,"임시 추천값: (tms_nox_status_error) 기존 SNR 코드: 208(BO_O2) - O2 규칙 적용: 11.4% (10.0% < O2 ≤ 12.0%) (2단계 롤백, 3~4단계에서 Hz 변화 없음)",38.7900009,11.4593754,960.599976,847.950012,19.1375008,1.0,1.0,12.86,1.0,19.26,65.7375031,,65.7375031,0.0,126.074997,0.0
2025-11-05 01:54:16+00:00,2025-11-05 01:54:16,,,,,,,,,,38.7975006,11.4515629,960.375,847.799988,19.1375008,1.0,,12.86,1.0,19.26,65.7375031,,65.7375031,0.0,126.0,0.0
2025-11-05 01:54:17+00:00,2025-11-05 01:54:17,,,,,,,,,,38.7787514,11.4515629,960.224976,847.799988,19.125,1.0,,12.86,1.0,19.26,65.7375031,,65.7375031,0.0,125.925003,0.0
2025-11-05 01:54:18+00:00,2025-11-05 01:54:18,,,,,,,,,,38.7825012,11.4437504,960.0,847.724976,19.125,1.0,,12.86,1.0,19.26,65.7375031,,65.7375031,0.0,126.0,0.0
2025-11-05 01:54:19+00:00,2025-11-05 01:54:19,,,,,,,,,,38.7937508,11.4437504,959.849976,847.650024,19.1375008,1.0,,12.86,1.0,19.26,65.7375031,,65.7375031,0.0,126.074997,0.0
2025-11-05 01:54:20+00:00,2025-11-05 01:54:20,38.0,39.0,38.0,38.0,38.0,2.7635541170332907,14.0,FALLBACK,"임시 추천값: (tms_nox_status_error) 기존 SNR 코드: 208(BO_O2) - O2 규칙 적용: 11.4% (10.0% < O2 ≤ 12.0%) (2단계 롤백, 3~4단계에서 Hz 변화 없음)",38.7937508,11.4390621,959.775024,847.575012,19.1375008,1.0,,12.86,1.0,19.26,65.7375031,,65.7375031,0.0,126.0,0.0
2025-11-05 01:54:21+00:00,2025-11-05 01:54:21,,,,,,,,,,38.7900009,11.4156246,959.625,847.575012,19.1375008,1.0,,12.86,1.0,19.26,65.7375031,,65.7375031,0.0,126.0,0.0
2025-11-05 01:54:22+00:00,2025-11-05 01:54:22,,,,,,,,,,38.7900009,11.4156246,959.474976,847.424988,19.1375008,1.0,,12.86,1.0,19.26,65.7375031,,65.7375031,0.0,126.0,0.0
2025-11-05 01:54:23+00:00,2025-11-05 01:54:23,,,,,,,,,,38.7975006,11.3859377,959.400024,847.424988,19.1375008,1.0,,12.86,1.0,19.26,65.7375031,,65.7375031,0.0,126.074997,0.0
2025-11-05 01:54:24+00:00,2025-11-05 01:54:24,,,,,,,,,,38.7862511,11.3531246,959.25,847.349976,19.125,1.0,,12.86,1.0,19.26,65.7375031,,65.7375031,0.0,126.0,0.0
2025-11-05 01:54:25+00:00,2025-11-05 01:54:25,38.0,39.0,38.0,38.0,38.0,2.961052678618383,14.0,FALLBACK,"임시 추천값: (tms_nox_status_error) 기존 SNR 코드: 208(BO_O2) - O2 규칙 적용: 11.4% (10.0% < O2 ≤ 12.0%) (2단계 롤백, 3~4단계에서 Hz 변화 없음)",38.7975006,11.3531246,959.174988,847.275024,19.1375008,1.0,,12.86,1.0,19.26,65.7375031,,65.7375031,0.0,126.0,0.0
2025-11-05 01:54:26+00:00,2025-11-05 01:54:26,,,,,,,,,,38.8012505,11.3109379,959.025024,847.275024,19.1375008,1.0,,12.86,1.0,19.26,65.7375031,,65.7375031,0.0,126.0,0.0
2025-11-05 01:54:27+00:00,2025-11-05 01:54:27,,,,,,,,,,38.7862511,11.3109379,958.950012,847.200012,19.1375008,1.0,,12.86,1.0,19.26,65.7375031,,65.7375031,0.0,126.074997,0.0
2025-11-05 01:54:28+00:00,2025-11-05 01:54:28,,,,,,,,,,38.7825012,11.2593746,958.875,847.125,19.125,1.0,,12.86,1.0,19.26,65.7375031,,65.7375031,0.0,126.0,0.0
2025-11-05 01:54:29+00:00,2025-11-05 01:54:29,,,,,,,,,,38.7862511,11.1999998,958.799988,847.125,19.1375008,1.0,,12.86,1.0,19.26,65.7375031,,65.7375031,0.0,126.0,0.0
2025-11-05 01:54:30+00:00,2025-11-05 01:54:30,38.0,39.0,38.0,38.0,38.0,3.2385907151994533,14.0,FALLBACK,"임시 추천값: (tms_nox_status_error) 기존 SNR 코드: 208(BO_O2) - O2 규칙 적용: 11.3% (10.0% < O2 ≤ 12.0%) (2단계 롤백, 3~4단계에서 Hz 변화 없음)",38.7787514,11.1999998,958.724976,846.974976,19.1375008,1.0,1.0,12.86,1.0,19.26,65.7375031,,65.7375031,0.0,126.0,0.0
2025-11-05 01:54:31+00:00,2025-11-05 01:54:31,,,,,,,,,,38.7937508,11.1312504,958.650024,846.974976,19.125,1.0,,12.86,1.0,19.26,65.7562485,,65.7562485,0.0,126.0,0.0
2025-11-05 01:54:32+00:00,2025-11-05 01:54:32,,,,,,,,,,38.7900009,11.0484371,958.5,846.900024,19.1375008,1.0,,12.86,1.0,19.26,65.7375031,,65.7375031,0.0,126.074997,0.0
2025-11-05 01:54:33+00:00,2025-11-05 01:54:33,,,,,,,,,,38.7937508,11.0484371,958.424988,846.825012,19.1375008,1.0,,12.86,1.0,19.26,65.7375031,,65.7375031,0.0,126.0,0.0
2025-11-05 01:54:34+00:00,2025-11-05 01:54:34,,,,,,,,,,38.7825012,10.9546871,958.424988,846.825012,19.1375008,1.0,,12.86,1.0,19.26,65.7375031,,65.7375031,0.0,126.0,0.0
2025-11-05 01:54:35+00:00,2025-11-05 01:54:35,38.0,39.0,38.0,38.0,38.0,3.183945473309522,14.0,FALLBACK,"임시 추천값: (tms_nox_status_error) 기존 SNR 코드: 208(BO_O2) - O2 규칙 적용: 11.1% (10.0% < O2 ≤ 12.0%) (2단계 롤백, 3~4단계에서 Hz 변화 없음)",38.7900009,10.9546871,958.275024,846.75,19.1375008,1.0,,12.86,1.0,19.26,65.7375031,,65.7375031,0.0,126.0,0.0
2025-11-05 01:54:36+00:00,2025-11-05 01:54:36,,,,,,,,,,38.7900009,10.8515625,958.275024,846.75,19.1375008,1.0,,12.86,1.0,19.26,65.7375031,,65.7375031,0.0,126.0,0.0
2025-11-05 01:54:37+00:00,2025-11-05 01:54:37,,,,,,,,,,38.7900009,10.7531252,958.200012,846.674988,19.1375008,1.0,,12.86,1.0,19.26,65.7375031,,65.7375031,0.0,126.0,0.0
2025-11-05 01:54:38+00:00,2025-11-05 01:54:38,,,,,,,,,,38.7862511,10.7531252,958.125,846.599976,19.1375008,1.0,,12.86,1.0,19.26,65.7375031,,65.7375031,0.0,126.0,0.0
2025-11-05 01:54:39+00:00,2025-11-05 01:54:39,,,,,,,,,,38.7900009,10.6625004,958.049988,846.599976,19.1375008,1.0,,12.86,1.0,19.26,65.7375031,,65.7375031,0.0,126.074997,0.0
2025-11-05 01:54:40+00:00,2025-11-05 01:54:40,38.0,39.0,38.0,38.0,38.0,3.229793659657401,14.0,FALLBACK,"임시 추천값: (tms_nox_status_error) 기존 SNR 코드: 208(BO_O2) - O2 규칙 적용: 10.8% (10.0% < O2 ≤ 12.0%) (2단계 롤백, 3~4단계에서 Hz 변화 없음)",38.7787514,10.5749998,957.974976,846.525024,19.1375008,1.0,,12.86,1.0,19.26,65.7375031,,65.7375031,0.0,126.0,0.0
2025-11-05 01:54:41+00:00,2025-11-05 01:54:41,,,,,,,,,,38.7825012,10.5749998,957.974976,846.450012,19.1375008,1.0,,12.86,1.0,19.26,65.7375031,,65.7375031,0.0,126.0,0.0
2025-11-05 01:54:42+00:00,2025-11-05 01:54:42,,,,,,,,,,38.7862511,10.5,957.900024,846.450012,19.1375008,1.0,,12.86,1.0,19.26,65.7375031,,65.7375031,0.0,126.0,0.0
2025-11-05 01:54:43+00:00,2025-11-05 01:54:43,,,,,,,,,,38.7862511,10.5,957.900024,846.450012,19.125,1.0,,12.86,1.0,19.26,65.7562485,,65.7562485,0.0,126.074997,0.0
2025-11-05 01:54:44+00:00,2025-11-05 01:54:44,,,,,,,,,,38.7862511,10.4375,957.900024,846.375,19.1375008,1.0,,12.86,1.0,19.26,65.7375031,,65.7375031,0.0,126.074997,0.0
2025-11-05 01:54:45+00:00,2025-11-05 01:54:45,38.0,39.0,38.0,38.0,38.0,3.252973098362432,14.0,FALLBACK,"임시 추천값: (tms_nox_status_error) 기존 SNR 코드: 208(BO_O2) - O2 규칙 적용: 10.5% (10.0% < O2 ≤ 12.0%) (2단계 롤백, 3~4단계에서 Hz 변화 없음)",38.7900009,10.3671875,957.900024,846.375,19.1375008,1.0,1.0,12.86,1.0,19.26,65.7375031,,65.7375031,0.0,126.0,0.0
2025-11-05 01:54:46+00:00,2025-11-05 01:54:46,,,,,,,,,,38.8050003,10.3671875,957.900024,846.299988,19.1375008,1.0,,12.86,1.0,19.26,65.7375031,,65.7375031,0.0,126.0,0.0
2025-11-05 01:54:47+00:00,2025-11-05 01:54:47,,,,,,,,,,38.7937508,10.3078127,957.900024,846.224976,19.1375008,1.0,,12.86,1.0,19.26,65.7375031,,65.7375031,0.0,126.0,0.0
2025-11-05 01:54:48+00:00,2025-11-05 01:54:48,,,,,,,,,,38.7862511,10.265625,957.900024,846.224976,19.1375008,1.0,,12.86,1.0,19.26,65.7375031,,65.7375031,0.0,126.0,0.0
2025-11-05 01:54:49+00:00,2025-11-05 01:54:49,,,,,,,,,,38.7862511,10.265625,957.900024,846.150024,19.1375008,1.0,,12.86,1.0,19.26,65.7375031,,65.7375031,0.0,126.0,0.0
2025-11-05 01:54:50+00:00,2025-11-05 01:54:50,38.0,39.0,38.0,38.0,38.0,3.2082182225295193,14.0,FALLBACK,"임시 추천값: (tms_nox_status_error) 기존 SNR 코드: 208(BO_O2) - O2 규칙 적용: 10.3% (10.0% < O2 ≤ 12.0%) (2단계 롤백, 3~4단계에서 Hz 변화 없음)",38.7900009,10.2421875,957.900024,846.150024,19.1375008,1.0,,12.86,1.0,19.26,65.7375031,,65.7375031,0.0,125.925003,0.0
2025-11-05 01:54:51+00:00,2025-11-05 01:54:51,,,,,,,,,,38.7900009,10.2421875,957.974976,846.075012,19.1375008,1.0,,12.86,1.0,19.26,65.7375031,,65.7375031,0.0,126.0,0.0
2025-11-05 01:54:52+00:00,2025-11-05 01:54:52,,,,,,,,,,38.7862511,10.2078123,957.974976,846.075012,19.1375008,1.0,,12.86,1.0,19.26,65.7375031,,65.7375031,0.0,126.0,0.0
2025-11-05 01:54:53+00:00,2025-11-05 01:54:53,,,,,,,,,,38.7900009,10.1593752,957.974976,846.075012,19.1375008,1.0,,12.86,1.0,19.26,65.7375031,,65.7375031,0.0,126.0,0.0
2025-11-05 01:54:54+00:00,2025-11-05 01:54:54,,,,,,,,,,38.8087502,10.1593752,958.125,846.0,19.1375008,1.0,,12.86,1.0,19.26,65.7375031,,65.7375031,0.0,126.074997,0.0
2025-11-05 01:54:55+00:00,2025-11-05 01:54:55,38.0,39.0,38.0,38.0,38.0,3.262377339335952,14.0,FALLBACK,"임시 추천값: (tms_nox_status_error) 기존 SNR 코드: 208(BO_O2) - O2 규칙 적용: 10.2% (10.0% < O2 ≤ 12.0%) (2단계 롤백, 3~4단계에서 Hz 변화 없음)",38.7937508,10.1078129,958.125,845.924988,19.1375008,1.0,,12.86,1.0,19.26,65.7375031,,65.7375031,0.0,126.074997,0.0
2025-11-05 01:54:56+00:00,2025-11-05 01:54:56,,,,,,,,,,38.7862511,10.0593748,958.200012,845.924988,19.1375008,1.0,,12.86,1.0,19.26,65.7375031,,65.7375031,0.0,126.0,0.0
2025-11-05 01:54:57+00:00,2025-11-05 01:54:57,,,,,,,,,,38.7937508,10.0593748,958.275024,845.924988,19.1499996,1.0,,12.86,1.0,19.26,65.7375031,,65.7375031,0.0,126.0,0.0
2025-11-05 01:54:58+00:00,2025-11-05 01:54:58,,,,,,,,,,38.7825012,10.0203123,958.275024,845.924988,19.1375008,1.0,,12.86,1.0,19.26,65.7375031,,65.7375031,0.0,126.0,0.0
2025-11-05 01:54:59+00:00,2025-11-05 01:54:59,,,,,,,,,,38.7862511,10.0203123,958.349976,845.849976,19.1375008,1.0,,12.86,1.0,19.26,65.7375031,,65.7375031,0.0,126.0,0.0
2025-11-05 01:55:00+00:00,2025-11-05 01:55:00,38.0,39.0,38.0,38.0,38.0,3.089391605590531,14.0,FALLBACK,"임시 추천값: (tms_nox_status_error) 기존 SNR 코드: 208(BO_O2) - O2 규칙 적용: 10.0% (10.0% < O2 ≤ 12.0%) (2단계 롤백, 3~4단계에서 Hz 변화 없음)",38.7825012,9.98281288,958.424988,845.849976,19.1375008,1.0,1.0,12.86,1.0,19.26,65.7375031,,65.7375031,0.0,126.0,0.0
2025-11-05 01:55:01+00:00,2025-11-05 01:55:01,,,,,,,,,,38.7825012,9.93593788,958.575012,845.849976,19.1375008,1.0,,12.86,1.0,19.26,65.7375031,,65.7375031,0.0,126.0,0.0
2025-11-05 01:55:02+00:00,2025-11-05 01:55:02,,,,,,,,,,38.7862511,9.93593788,958.650024,845.849976,19.1375008,1.0,,12.86,1.0,19.26,65.7375031,,65.7375031,0.0,126.0,0.0
2025-11-05 01:55:03+00:00,2025-11-05 01:55:03,,,,,,,,,,38.7825012,9.89687538,958.724976,845.775024,19.1375008,1.0,,12.86,1.0,19.26,65.7375031,,65.7375031,0.0,126.0,0.0
2025-11-05 01:55:04+00:00,2025-11-05 01:55:04,,,,,,,,,,38.7862511,9.86406231,958.875,845.700012,19.1375008,1.0,,12.86,1.0,19.26,65.7375031,,65.7375031,0.0,126.0,0.0
2025-11-05 01:55:05+00:00,2025-11-05 01:55:05,40.0,40.0,40.0,40.0,40.0,3.1504477823008115,14.0,FALLBACK,"임시 추천값: (tms_nox_status_error) 기존 SNR 코드: 100(BO_ONLY) - BO 모델 결과만 사용 (1단계 롤백, 2~4단계에서 Hz 변화 없음)",38.7975006,9.86406231,958.950012,845.700012,19.1375008,1.0,,12.86,1.0,19.26,65.7375031,,65.7375031,0.0,126.0,0.0
2025-11-05 01:55:06+00:00,2025-11-05 01:55:06,,,,,,,,,,38.7975006,9.83125019,959.099976,845.700012,19.1375008,1.0,,12.86,1.0,19.26,65.7375031,,65.7375031,0.0,126.0,0.0
2025-11-05 01:55:07+00:00,2025-11-05 01:55:07,,,,,,,,,,38.7825012,9.83125019,959.174988,845.625,19.1375008,1.0,,12.86,1.0,19.26,65.7375031,,65.7375031,0.0,126.074997,0.0
2025-11-05 01:55:08+00:00,2025-11-05 01:55:08,,,,,,,,,,40.6762505,9.81406212,959.400024,845.625,19.1375008,1.0,,12.86,1.0,19.26,65.7375031,,65.7375031,0.0,126.0,0.0
2025-11-05 01:55:09+00:00,2025-11-05 01:55:09,,,,,,,,,,40.9724998,9.8203125,959.474976,845.625,19.1375008,1.0,,12.86,1.0,19.26,65.7375031,,65.7375031,0.0,126.0,0.0
2025-11-05 01:55:10+00:00,2025-11-05 01:55:10,40.0,41.0,40.0,40.0,40.0,3.373057255708958,14.0,FALLBACK,"임시 추천값: (tms_nox_status_error) 기존 SNR 코드: 207(BO_O2) - O2 규칙 적용: 9.8% (9.0% < O2 ≤ 10.0%) (2단계 롤백, 3~4단계에서 Hz 변화 없음)",40.9312515,9.8203125,959.625,845.625,19.1375008,1.0,,12.86,1.0,19.26,65.7375031,,65.7375031,0.0,126.0,0.0
2025-11-05 01:55:11+00:00,2025-11-05 01:55:11,,,,,,,,,,40.9387512,9.82499981,959.775024,845.625,19.1375008,1.0,,12.86,1.0,19.26,66.5437469,,66.5437469,0.0,126.074997,0.0
2025-11-05 01:55:12+00:00,2025-11-05 01:55:12,,,,,,,,,,40.9724998,9.81718731,959.924988,845.549988,19.1375008,1.0,,12.86,1.0,19.26,68.4749985,,68.4749985,0.0,126.0,0.0
2025-11-05 01:55:13+00:00,2025-11-05 01:55:13,,,,,,,,,,40.9312515,9.81718731,960.0,845.549988,19.1375008,1.0,,12.86,1.0,19.26,70.1062469,,70.1062469,0.0,126.0,0.0
2025-11-05 01:55:14+00:00,2025-11-05 01:55:14,,,,,,,,,,40.9762497,9.8046875,960.150024,845.549988,19.1375008,1.0,,12.86,1.0,19.26,70.9499969,,70.9499969,0.0,126.0,0.0
2025-11-05 01:55:15+00:00,2025-11-05 01:55:15,40.0,41.0,40.0,40.0,40.0,3.5573258736326543,14.0,FALLBACK,"임시 추천값: (tms_nox_status_error) 기존 SNR 코드: 207(BO_O2) - O2 규칙 적용: 9.8% (9.0% < O2 ≤ 10.0%) (2단계 롤백, 3~4단계에서 Hz 변화 없음)",40.9575005,9.8046875,960.224976,845.549988,19.1375008,1.0,1.0,12.86,1.0,19.26,71.7750015,,71.7750015,0.0,126.074997,0.0
2025-11-05 01:55:16+00:00,2025-11-05 01:55:16,,,,,,,,,,40.9462509,9.7421875,960.375,845.549988,19.125,1.0,,12.86,1.0,19.26,71.7937469,,71.7937469,0.0,124.5,0.0
2025-11-05 01:55:17+00:00,2025-11-05 01:55:17,,,,,,,,,,40.9312515,9.6484375,960.450012,845.474976,19.1375008,1.0,,12.86,1.0,19.26,72.2062531,,72.2062531,0.0,124.5,0.0
2025-11-05 01:55:18+00:00,2025-11-05 01:55:18,,,,,,,,,,40.9275017,9.6484375,960.599976,845.474976,19.1375008,1.0,,12.86,1.0,19.26,72.5062485,,72.5062485,0.0,124.425003,0.0
2025-11-05 01:55:19+00:00,2025-11-05 01:55:19,,,,,,,,,,40.9874992,9.55156231,960.674988,845.474976,19.1375008,1.0,,12.86,1.0,19.26,72.5062485,,72.5062485,0.0,126.0,0.0
2025-11-05 01:55:20+00:00,2025-11-05 01:55:20,40.0,42.0,40.0,40.0,40.0,3.661471354276707,14.0,FALLBACK,"임시 추천값: (tms_nox_status_error) 기존 SNR 코드: 207(BO_O2) - O2 규칙 적용: 9.7% (9.0% < O2 ≤ 10.0%) (2단계 롤백, 3~4단계에서 Hz 변화 없음)",40.9650002,9.46249962,960.825012,845.474976,19.1375008,1.0,,12.86,1.0,19.26,72.5062485,,72.5062485,0.0,126.0,0.0
2025-11-05 01:55:21+00:00,2025-11-05 01:55:21,,,,,,,,,,40.9500008,9.46249962,960.900024,845.474976,19.1375008,1.0,,12.86,1.0,19.26,72.5062485,,72.5062485,0.0,126.0,0.0
2025-11-05 01:55:22+00:00,2025-11-05 01:55:22,,,,,,,,,,40.9387512,9.37968731,961.049988,845.474976,19.1375008,1.0,,12.86,1.0,19.26,72.4875031,,72.4875031,0.0,124.800003,0.0
2025-11-05 01:55:23+00:00,2025-11-05 01:55:23,,,,,,,,,,40.9575005,9.37968731,961.125,845.474976,19.1375008,1.0,,12.86,1.0,19.26,72.5062485,,72.5062485,0.0,124.5,0.0
2025-11-05 01:55:24+00:00,2025-11-05 01:55:24,,,,,,,,,,40.9724998,9.296875,961.275024,845.474976,19.1375008,1.0,,12.86,1.0,19.26,72.5062485,,72.5062485,0.0,124.5,0.0
2025-11-05 01:55:25+00:00,2025-11-05 01:55:25,40.0,42.0,40.0,40.0,40.0,3.890560199592794,14.0,FALLBACK,"임시 추천값: (tms_nox_status_error) 기존 SNR 코드: 207(BO_O2) - O2 규칙 적용: 9.4% (9.0% < O2 ≤ 10.0%) (2단계 롤백, 3~4단계에서 Hz 변화 없음)",40.9275017,9.22812462,961.349976,845.474976,19.1375008,1.0,,12.86,1.0,19.26,72.5062485,,72.5062485,0.0,124.574997,0.0
2025-11-05 01:55:26+00:00,2025-11-05 01:55:26,,,,,,,,,,40.9874992,9.22812462,961.424988,845.400024,19.1375008,1.0,,12.86,1.0,19.26,72.4875031,,72.4875031,0.0,124.425003,0.0
2025-11-05 01:55:27+00:00,2025-11-05 01:55:27,,,,,,,,,,40.9949989,9.17500019,961.5,845.400024,19.1375008,1.0,,12.86,1.0,19.26,72.5062485,,72.5062485,0.0,124.5,0.0
2025-11-05 01:55:28+00:00,2025-11-05 01:55:28,,,,,,,,,,40.9387512,9.13749981,961.575012,845.474976,19.1375008,1.0,,12.86,1.0,19.26,72.5062485,,72.5062485,0.0,124.5,0.0
2025-11-05 01:55:29+00:00,2025-11-05 01:55:29,,,,,,,,,,40.9650002,9.13749981,961.575012,845.400024,19.125,1.0,,12.86,1.0,19.26,72.5062485,,72.5062485,0.0,124.5,0.0
2025-11-05 01:55:30+00:00,2025-11-05 01:55:30,40.0,42.0,40.0,40.0,40.0,3.6716938898829254,14.0,FALLBACK,"임시 추천값: (tms_nox_status_error) 기존 SNR 코드: 207(BO_O2) - O2 규칙 적용: 9.2% (9.0% < O2 ≤ 10.0%) (2단계 롤백, 3~4단계에서 Hz 변화 없음)",40.9949989,9.12343788,961.724976,845.474976,19.1375008,1.0,3.0,12.86,1.0,19.26,72.5062485,,72.5062485,0.0,124.5,0.0
2025-11-05 01:55:31+00:00,2025-11-05 01:55:31,,,,,,,,,,40.9837494,9.12343788,961.724976,845.474976,19.1375008,1.0,,12.86,1.0,19.26,72.5062485,,72.5062485,0.0,124.5,0.0
2025-11-05 01:55:32+00:00,2025-11-05 01:55:32,,,,,,,,,,40.9237518,9.125,961.875,845.474976,19.1375008,1.0,,12.86,1.0,19.26,72.5062485,,72.5062485,0.0,124.574997,0.0
2025-11-05 01:55:33+00:00,2025-11-05 01:55:33,,,,,,,,,,40.9762497,9.13593769,961.875,845.400024,19.125,1.0,,12.86,1.0,19.26,72.5062485,,72.5062485,0.0,124.425003,0.0
2025-11-05 01:55:34+00:00,2025-11-05 01:55:34,,,,,,,,,,40.9874992,9.13593769,961.950012,845.474976,19.1375008,1.0,,12.86,1.0,19.26,72.4875031,,72.4875031,0.0,124.5,0.0
2025-11-05 01:55:35+00:00,2025-11-05 01:55:35,40.0,42.0,40.0,40.0,40.0,4.130083428699578,14.0,FALLBACK,"임시 추천값: (tms_nox_status_error) 기존 SNR 코드: 207(BO_O2) - O2 규칙 적용: 9.1% (9.0% < O2 ≤ 10.0%) (2단계 롤백, 3~4단계에서 Hz 변화 없음)",40.9612503,9.15468788,962.025024,845.474976,19.1375008,1.0,,12.86,1.0,19.26,72.5062485,,72.5062485,0.0,124.5,0.0
2025-11-05 01:55:36+00:00,2025-11-05 01:55:36,,,,,,,,,,40.9275017,9.18281269,962.099976,845.474976,19.1375008,1.0,,12.86,1.0,19.26,72.5062485,,72.5062485,0.0,124.5,0.0
2025-11-05 01:55:37+00:00,2025-11-05 01:55:37,,,,,,,,,,40.9500008,9.18281269,962.099976,845.474976,19.1375008,1.0,,12.86,1.0,19.26,72.5062485,,72.5062485,0.0,124.5,0.0
2025-11-05 01:55:38+00:00,2025-11-05 01:55:38,,,,,,,,,,40.9199982,9.20937538,962.174988,845.474976,19.1375008,1.0,,12.86,1.0,19.26,72.4875031,,72.4875031,0.0,124.425003,0.0
2025-11-05 01:55:39+00:00,2025-11-05 01:55:39,,,,,,,,,,40.9500008,9.20937538,962.174988,845.474976,19.125,1.0,,12.86,1.0,19.26,72.5062485,,72.5062485,0.0,124.5,0.0
2025-11-05 01:55:40+00:00,2025-11-05 01:55:40,40.0,42.0,40.0,40.0,40.0,4.2235199814134585,14.0,FALLBACK,"임시 추천값: (tms_nox_status_error) 기존 SNR 코드: 207(BO_O2) - O2 규칙 적용: 9.2% (9.0% < O2 ≤ 10.0%) (2단계 롤백, 3~4단계에서 Hz 변화 없음)",40.9575005,9.24062538,962.25,845.474976,19.1375008,1.0,,12.86,1.0,19.26,72.5062485,,72.5062485,0.0,124.5,0.0
2025-11-05 01:55:41+00:00,2025-11-05 01:55:41,,,,,,,,,,40.9837494,9.27968788,962.25,845.474976,19.1375008,1.0,,12.86,1.0,19.26,72.5062485,,72.5062485,0.0,124.5,0.0
2025-11-05 01:55:42+00:00,2025-11-05 01:55:42,,,,,,,,,,40.9275017,9.27968788,962.25,845.474976,19.1375008,1.0,,12.86,1.0,19.26,72.4875031,,72.4875031,0.0,124.425003,0.0
2025-11-05 01:55:43+00:00,2025-11-05 01:55:43,,,,,,,,,,40.9425011,9.3203125,962.325012,845.549988,19.1375008,1.0,,12.86,1.0,19.26,72.5062485,,72.5062485,0.0,124.5,0.0
2025-11-05 01:55:44+00:00,2025-11-05 01:55:44,,,,,,,,,,40.9312515,9.3671875,962.400024,845.549988,19.1375008,1.0,,12.86,1.0,19.26,72.5062485,,72.5062485,0.0,124.5,0.0
2025-11-05 01:55:45+00:00,2025-11-05 01:55:45,40.0,42.0,40.0,40.0,40.0,4.159718494768737,14.0,FALLBACK,"임시 추천값: (tms_nox_status_error) 기존 SNR 코드: 207(BO_O2) - O2 규칙 적용: 9.3% (9.0% < O2 ≤ 10.0%) (2단계 롤백, 3~4단계에서 Hz 변화 없음)",40.9724998,9.3671875,962.400024,845.549988,19.1375008,1.0,3.0,12.86,1.0,19.26,72.5062485,,72.5062485,0.0,124.5,0.0
2025-11-05 01:55:46+00:00,2025-11-05 01:55:46,,,,,,,,,,40.9350014,9.41718769,962.474976,845.549988,19.1375008,1.0,,12.86,1.0,19.26,72.4875031,,72.4875031,0.0,124.425003,0.0
2025-11-05 01:55:47+00:00,2025-11-05 01:55:47,,,,,,,,,,40.9799995,9.41718769,962.474976,845.549988,19.1375008,1.0,,12.86,1.0,19.26,72.5062485,,72.5062485,0.0,124.5,0.0
2025-11-05 01:55:48+00:00,2025-11-05 01:55:48,,,,,,,,,,40.9724998,9.45781231,962.549988,845.549988,19.1375008,1.0,,12.86,1.0,19.26,72.5062485,,72.5062485,0.0,124.5,0.0
2025-11-05 01:55:49+00:00,2025-11-05 01:55:49,,,,,,,,,,40.9275017,9.48593712,962.549988,845.549988,19.1375008,1.0,,12.86,1.0,19.26,72.5062485,,72.5062485,0.0,124.5,0.0
2025-11-05 01:55:50+00:00,2025-11-05 01:55:50,40.0,42.0,40.0,40.0,40.0,3.9029142478405308,14.0,FALLBACK,"임시 추천값: (tms_nox_status_error) 기존 SNR 코드: 207(BO_O2) - O2 규칙 적용: 9.4% (9.0% < O2 ≤ 10.0%) (2단계 롤백, 3~4단계에서 Hz 변화 없음)",40.9425011,9.48593712,962.625,845.549988,19.1375008,1.0,,12.86,1.0,19.26,72.1687469,,72.1687469,0.0,124.425003,0.0
2025-11-05 01:55:51+00:00,2025-11-05 01:55:51,,,,,,,,,,40.9462509,9.51718712,962.625,845.549988,19.1375008,1.0,,12.86,1.0,19.26,72.1500015,,72.1500015,0.0,124.5,0.0
2025-11-05 01:55:52+00:00,2025-11-05 01:55:52,,,,,,,,,,40.9312515,9.55000019,962.700012,845.549988,19.1375008,1.0,,12.86,1.0,19.26,72.5062485,,72.5062485,0.0,124.5,0.0
2025-11-05 01:55:53+00:00,2025-11-05 01:55:53,,,,,,,,,,40.96875,9.55000019,962.700012,845.625,19.1375008,1.0,,12.86,1.0,19.26,72.1687469,,72.1687469,0.0,124.5,0.0
2025-11-05 01:55:54+00:00,2025-11-05 01:55:54,,,,,,,,,,40.9350014,9.58281231,962.700012,845.625,19.1375008,1.0,,12.86,1.0,19.26,72.1312485,,72.1312485,0.0,124.425003,0.0
2025-11-05 01:55:55+00:00,2025-11-05 01:55:55,40.0,42.0,40.0,40.0,40.0,3.6477475256204737,14.0,FALLBACK,"임시 추천값: (tms_nox_status_error) 기존 SNR 코드: 207(BO_O2) - O2 규칙 적용: 9.5% (9.0% < O2 ≤ 10.0%) (2단계 롤백, 3~4단계에서 Hz 변화 없음)",40.9312515,9.58281231,962.700012,845.625,19.1375008,1.0,,12.86,1.0,19.26,72.1312485,,72.1312485,0.0,124.5,0.0
2025-11-05 01:55:56+00:00,2025-11-05 01:55:56,,,,,,,,,,40.9837494,9.61874962,962.775024,845.625,19.1375008,1.0,,12.86,1.0,19.26,72.1500015,,72.1500015,0.0,124.5,0.0
2025-11-05 01:55:57+00:00,2025-11-05 01:55:57,,,,,,,,,,40.9500008,9.64375019,962.775024,845.625,19.1375008,1.0,,12.86,1.0,19.26,72.1500015,,72.1500015,0.0,124.5,0.0
2025-11-05 01:55:58+00:00,2025-11-05 01:55:58,,,,,,,,,,40.9537506,9.64375019,962.924988,845.625,19.1375008,1.0,,12.86,1.0,19.26,72.1312485,,72.1312485,0.0,124.425003,0.0
2025-11-05 01:55:59+00:00,2025-11-05 01:55:59,,,,,,,,,,40.9387512,9.66562462,962.924988,845.625,19.1375008,1.0,,12.86,1.0,19.26,72.1500015,,72.1500015,0.0,124.5,0.0
2025-11-05 01:56:00+00:00,2025-11-05 01:56:00,40.0,42.0,40.0,40.0,40.0,3.645819373258734,14.0,FALLBACK,"임시 추천값: (tms_nox_status_error) 기존 SNR 코드: 207(BO_O2) - O2 규칙 적용: 9.6% (9.0% < O2 ≤ 10.0%) (2단계 롤백, 3~4단계에서 Hz 변화 없음)",40.9575005,9.67500019,963.0,845.625,19.1375008,1.0,3.0,12.86,1.0,19.26,72.1500015,,72.1500015,0.0,124.5,0.0
2025-11-05 01:56:01+00:00,2025-11-05 01:56:01,,,,,,,,,,40.9724998,9.67500019,963.0,845.625,19.1375008,1.0,,12.86,1.0,19.26,72.1500015,,72.1500015,0.0,124.5,0.0
2025-11-05 01:56:02+00:00,2025-11-05 01:56:02,,,,,,,,,,40.9312515,9.67500019,963.075012,845.625,19.125,1.0,,12.86,1.0,19.26,72.1312485,,72.1312485,0.0,124.425003,0.0
2025-11-05 01:56:03+00:00,2025-11-05 01:56:03,,,,,,,,,,40.9912491,9.67500019,963.075012,845.700012,19.1375008,1.0,,12.86,1.0,19.26,72.1500015,,72.1500015,0.0,124.5,0.0
2025-11-05 01:56:04+00:00,2025-11-05 01:56:04,,,,,,,,,,40.9500008,9.67500019,963.224976,845.625,19.1375008,1.0,,12.86,1.0,19.26,72.1500015,,72.1500015,0.0,124.5,0.0
2025-11-05 01:56:05+00:00,2025-11-05 01:56:05,40.0,42.0,40.0,40.0,40.0,3.6473334273909797,14.0,FALLBACK,"임시 추천값: (tms_nox_status_error) 기존 SNR 코드: 207(BO_O2) - O2 규칙 적용: 9.7% (9.0% < O2 ≤ 10.0%) (2단계 롤백, 3~4단계에서 Hz 변화 없음)",40.9312515,9.67656231,963.224976,845.700012,19.1375008,1.0,,12.86,1.0,19.26,72.1500015,,72.1500015,0.0,124.5,0.0
2025-11-05 01:56:06+00:00,2025-11-05 01:56:06,,,,,,,,,,40.9612503,9.67656231,963.299988,845.700012,19.1375008,1.0,,12.86,1.0,19.26,72.1312485,,72.1312485,0.0,124.5,0.0
2025-11-05 01:56:07+00:00,2025-11-05 01:56:07,,,,,,,,,,40.9500008,9.67343712,963.299988,845.700012,19.1375008,1.0,,12.86,1.0,19.26,72.1312485,,72.1312485,0.0,124.425003,0.0
2025-11-05 01:56:08+00:00,2025-11-05 01:56:08,,,,,,,,,,40.9350014,9.67031288,963.375,845.700012,19.1375008,1.0,,12.86,1.0,19.26,72.1500015,,72.1500015,0.0,124.5,0.0
2025-11-05 01:56:09+00:00,2025-11-05 01:56:09,,,,,,,,,,40.9949989,9.67031288,963.450012,845.775024,19.1375008,1.0,,12.86,1.0,19.26,72.1500015,,72.1500015,0.0,124.5,0.0
2025-11-05 01:56:10+00:00,2025-11-05 01:56:10,40.0,42.0,40.0,40.0,40.0,3.333486457904155,14.0,FALLBACK,"임시 추천값: (tms_nox_status_error) 기존 SNR 코드: 207(BO_O2) - O2 규칙 적용: 9.7% (9.0% < O2 ≤ 10.0%) (2단계 롤백, 3~4단계에서 Hz 변화 없음)",40.9949989,9.67031288,963.525024,845.700012,19.1375008,1.0,,12.86,1.0,19.26,72.1500015,,72.1500015,0.0,124.5,0.0
2025-11-05 01:56:11+00:00,2025-11-05 01:56:11,,,,,,,,,,40.9650002,9.67031288,963.525024,845.775024,19.1375008,1.0,,12.86,1.0,19.26,72.1312485,,72.1312485,0.0,124.5,0.0
2025-11-05 01:56:12+00:00,2025-11-05 01:56:12,,,,,,,,,,40.9874992,9.67500019,963.525024,845.775024,19.1375008,1.0,,12.86,1.0,19.26,72.1500015,,72.1500015,0.0,124.5,0.0
2025-11-05 01:56:13+00:00,2025-11-05 01:56:13,,,,,,,,,,40.9537506,9.68124962,963.599976,845.849976,19.1375008,1.0,,12.86,1.0,19.26,72.1500015,,72.1500015,0.0,124.5,0.0
2025-11-05 01:56:14+00:00,2025-11-05 01:56:14,,,,,,,,,,40.9537506,9.68124962,963.599976,845.849976,19.1375008,1.0,,12.86,1.0,19.26,72.1500015,,72.1500015,0.0,124.5,0.0
2025-11-05 01:56:15+00:00,2025-11-05 01:56:15,40.0,41.0,40.0,40.0,40.0,3.3840695146399167,14.0,FALLBACK,"임시 추천값: (tms_nox_status_error) 기존 SNR 코드: 207(BO_O2) - O2 규칙 적용: 9.7% (9.0% < O2 ≤ 10.0%) (2단계 롤백, 3~4단계에서 Hz 변화 없음)",40.9650002,9.69062519,963.599976,845.849976,19.1375008,1.0,3.0,12.86,1.0,19.26,72.1312485,,72.1312485,0.0,124.5,0.0
2025-11-05 01:56:16+00:00,2025-11-05 01:56:16,,,,,,,,,,40.9650002,9.70625019,963.674988,845.849976,19.1375008,1.0,,12.86,1.0,19.26,72.1500015,,72.1500015,0.0,124.5,0.0
2025-11-05 01:56:17+00:00,2025-11-05 01:56:17,,,,,,,,,,40.9612503,9.70625019,963.674988,845.849976,19.1375008,1.0,,12.86,1.0,19.26,72.1500015,,72.1500015,0.0,124.5,0.0
2025-11-05 01:56:18+00:00,2025-11-05 01:56:18,,,,,,,,,,40.9575005,9.73124981,963.674988,845.849976,19.1375008,1.0,,12.86,1.0,19.26,72.1500015,,72.1500015,0.0,124.5,0.0
2025-11-05 01:56:19+00:00,2025-11-05 01:56:19,,,,,,,,,,40.9799995,9.73124981,963.674988,845.849976,19.1375008,1.0,,12.86,1.0,19.26,72.1312485,,72.1312485,0.0,124.425003,0.0
2025-11-05 01:56:20+00:00,2025-11-05 01:56:20,40.0,41.0,40.0,40.0,40.0,3.1115575657858763,14.0,FALLBACK,"임시 추천값: (tms_nox_status_error) 기존 SNR 코드: 207(BO_O2) - O2 규칙 적용: 9.7% (9.0% < O2 ≤ 10.0%) (2단계 롤백, 3~4단계에서 Hz 변화 없음)",40.9874992,9.75468731,963.674988,845.849976,19.1375008,1.0,,12.86,1.0,19.26,72.1500015,,72.1500015,0.0,124.574997,0.0
2025-11-05 01:56:21+00:00,2025-11-05 01:56:21,,,,,,,,,,40.9575005,9.77656269,963.674988,845.849976,19.1375008,1.0,,12.86,1.0,19.26,72.1500015,,72.1500015,0.0,124.5,0.0
2025-11-05 01:56:22+00:00,2025-11-05 01:56:22,,,,,,,,,,40.9949989,9.77656269,963.674988,845.849976,19.1375008,1.0,,12.86,1.0,19.26,72.1500015,,72.1500015,0.0,124.5,0.0
2025-11-05 01:56:23+00:00,2025-11-05 01:56:23,,,,,,,,,,40.9799995,9.79374981,963.674988,845.849976,19.1375008,1.0,,12.86,1.0,19.26,72.1312485,,72.1312485,0.0,124.425003,0.0
2025-11-05 01:56:24+00:00,2025-11-05 01:56:24,,,,,,,,,,40.9350014,9.80937481,963.599976,845.849976,19.1375008,1.0,,12.86,1.0,19.26,72.1500015,,72.1500015,0.0,124.5,0.0
2025-11-05 01:56:25+00:00,2025-11-05 01:56:25,40.0,41.0,40.0,40.0,40.0,2.9272239555473982,14.0,FALLBACK,"임시 추천값: (tms_nox_status_error) 기존 SNR 코드: 207(BO_O2) - O2 규칙 적용: 9.8% (9.0% < O2 ≤ 10.0%) (2단계 롤백, 3~4단계에서 Hz 변화 없음)",40.9724998,9.80937481,963.599976,845.849976,19.125,1.0,,12.86,1.0,19.26,72.1500015,,72.1500015,0.0,124.5,0.0
2025-11-05 01:56:26+00:00,2025-11-05 01:56:26,,,,,,,,,,40.9724998,9.83125019,963.525024,845.924988,19.125,1.0,,12.86,1.0,19.26,72.1500015,,72.1500015,0.0,124.5,0.0
2025-11-05 01:56:27+00:00,2025-11-05 01:56:27,,,,,,,,,,40.9799995,9.83125019,963.525024,845.849976,19.1375008,1.0,,12.86,1.0,19.26,72.1312485,,72.1312485,0.0,124.425003,0.0
2025-11-05 01:56:28+00:00,2025-11-05 01:56:28,,,,,,,,,,40.9912491,9.86406231,963.450012,845.849976,19.1375008,1.0,,12.86,1.0,19.26,72.1500015,,72.1500015,0.0,124.5,0.0
2025-11-05 01:56:29+00:00,2025-11-05 01:56:29,,,,,,,,,,40.9799995,9.89687538,963.375,845.849976,19.1375008,1.0,,12.86,1.0,19.26,72.1500015,,72.1500015,0.0,124.5,0.0
2025-11-05 01:56:30+00:00,2025-11-05 01:56:30,40.0,41.0,40.0,40.0,40.0,2.548401148844947,14.0,FALLBACK,"임시 추천값: (tms_nox_status_error) 기존 SNR 코드: 207(BO_O2) - O2 규칙 적용: 9.8% (9.0% < O2 ≤ 10.0%) (2단계 롤백, 3~4단계에서 Hz 변화 없음)",40.9312515,9.89687538,963.299988,845.924988,19.1375008,1.0,3.0,12.86,1.0,19.26,72.1500015,,72.1500015,0.0,124.5,0.0
2025-11-05 01:56:31+00:00,2025-11-05 01:56:31,,,,,,,,,,40.96875,9.93124962,963.224976,845.924988,19.1375008,1.0,,12.86,1.0,19.26,72.1312485,,72.1312485,0.0,124.5,0.0
2025-11-05 01:56:32+00:00,2025-11-05 01:56:32,,,,,,,,,,40.9912491,9.96718788,963.224976,845.924988,19.1375008,1.0,,12.86,1.0,19.26,72.1500015,,72.1500015,0.0,124.5,0.0
2025-11-05 01:56:33+00:00,2025-11-05 01:56:33,,,,,,,,,,40.9912491,9.96718788,963.224976,845.924988,19.1375008,1.0,,12.86,1.0,19.26,72.1500015,,72.1500015,0.0,124.5,0.0
2025-11-05 01:56:34+00:00,2025-11-05 01:56:34,,,,,,,,,,40.9724998,10.0062504,963.150024,845.924988,19.1375008,1.0,,12.86,1.0,19.26,72.1500015,,72.1500015,0.0,124.5,0.0
2025-11-05 01:56:35+00:00,2025-11-05 01:56:35,40.0,40.0,40.0,40.0,40.0,2.5838598066968737,14.0,FALLBACK,"임시 추천값: (tms_nox_status_error) 기존 SNR 코드: 100(BO_ONLY) - BO 모델 결과만 사용 (1단계 롤백, 2~4단계에서 Hz 변화 없음)",40.9350014,10.0062504,963.150024,845.924988,19.1375008,1.0,,12.86,1.0,19.26,72.1312485,,72.1312485,0.0,124.425003,0.0
2025-11-05 01:56:36+00:00,2025-11-05 01:56:36,,,,,,,,,,40.9462509,10.0515623,963.224976,845.924988,19.1375008,1.0,,12.86,1.0,19.26,72.1500015,,72.1500015,0.0,124.5,0.0
2025-11-05 01:56:37+00:00,2025-11-05 01:56:37,,,,,,,,,,40.9874992,10.1015625,963.224976,845.924988,19.1375008,1.0,,12.86,1.0,19.26,72.1500015,,72.1500015,0.0,124.5,0.0
2025-11-05 01:56:38+00:00,2025-11-05 01:56:38,,,,,,,,,,40.9837494,10.1015625,963.224976,845.924988,19.1375008,1.0,,12.86,1.0,19.26,72.1500015,,72.1500015,0.0,124.5,0.0
2025-11-05 01:56:39+00:00,2025-11-05 01:56:39,,,,,,,,,,40.9312515,10.1499996,963.224976,845.924988,19.1375008,1.0,,12.86,1.0,19.26,71.7562485,,71.7562485,0.0,124.425003,0.0
2025-11-05 01:56:40+00:00,2025-11-05 01:56:40,38.0,39.0,38.0,38.0,38.0,2.5836698739774477,14.0,FALLBACK,"임시 추천값: (tms_nox_status_error) 기존 SNR 코드: 208(BO_O2) - O2 규칙 적용: 10.1% (10.0% < O2 ≤ 12.0%) (2단계 롤백, 3~4단계에서 Hz 변화 없음)",40.96875,10.1953125,963.299988,845.924988,19.1375008,1.0,,12.86,1.0,19.26,71.7562485,,71.7562485,0.0,124.5,0.0
2025-11-05 01:56:41+00:00,2025-11-05 01:56:41,,,,,,,,,,40.9612503,10.1953125,963.375,846.0,19.1375008,1.0,,12.86,1.0,19.26,71.7750015,,71.7750015,0.0,124.5,0.0
2025-11-05 01:56:42+00:00,2025-11-05 01:56:42,,,,,,,,,,40.3162498,10.2421875,963.450012,846.0,19.1375008,1.0,,12.86,1.0,19.26,71.7750015,,71.7750015,0.0,124.5,0.0
2025-11-05 01:56:43+00:00,2025-11-05 01:56:43,,,,,,,,,,38.8125,10.2421875,963.599976,846.0,19.1375008,1.0,,12.86,1.0,19.26,71.7562485,,71.7562485,0.0,124.425003,0.0
2025-11-05 01:56:44+00:00,2025-11-05 01:56:44,,,,,,,,,,38.8050003,10.2921877,963.674988,846.075012,19.1375008,1.0,,12.86,1.0,19.26,71.7562485,,71.7562485,0.0,124.5,0.0
2025-11-05 01:56:45+00:00,2025-11-05 01:56:45,38.0,39.0,38.0,38.0,38.0,1.7081830140111254,14.0,FALLBACK,"임시 추천값: (tms_nox_status_error) 기존 SNR 코드: 208(BO_O2) - O2 규칙 적용: 10.2% (10.0% < O2 ≤ 12.0%) (2단계 롤백, 3~4단계에서 Hz 변화 없음)",38.7900009,10.3453121,963.75,846.075012,19.1375008,1.0,3.0,12.86,1.0,19.26,71.0999985,,71.0999985,0.0,124.5,0.0
2025-11-05 01:56:46+00:00,2025-11-05 01:56:46,,,,,,,,,,38.7975006,10.3453121,963.900024,846.075012,19.1375008,1.0,,12.86,1.0,19.26,69.8812485,,69.8812485,0.0,124.5,0.0
2025-11-05 01:56:47+00:00,2025-11-05 01:56:47,,,,,,,,,,38.7825012,10.3890629,963.974976,846.075012,19.1375008,1.0,,12.86,1.0,19.26,68.53125,,68.53125,0.0,124.5,0.0
2025-11-05 01:56:48+00:00,2025-11-05 01:56:48,,,,,,,,,,38.7900009,10.4109373,964.125,846.075012,19.1375008,1.0,,12.86,1.0,19.26,67.2562485,,67.2562485,0.0,124.5,0.0
2025-11-05 01:56:49+00:00,2025-11-05 01:56:49,,,,,,,,,,38.7787514,10.4109373,964.200012,846.075012,19.1375008,1.0,,12.86,1.0,19.26,65.90625,,65.90625,0.0,124.5,0.0
2025-11-05 01:56:50+00:00,2025-11-05 01:56:50,38.0,39.0,38.0,38.0,38.0,1.7081830140111254,14.0,FALLBACK,"임시 추천값: (tms_nox_status_error) 기존 SNR 코드: 208(BO_O2) - O2 규칙 적용: 10.4% (10.0% < O2 ≤ 12.0%) (2단계 롤백, 3~4단계에서 Hz 변화 없음)",38.7862511,10.3984375,964.275024,846.075012,19.1375008,1.0,,12.86,1.0,19.26,65.7375031,,65.7375031,0.0,124.5,0.0
2025-11-05 01:56:51+00:00,2025-11-05 01:56:51,,,,,,,,,,38.7937508,10.3578129,964.424988,846.075012,19.1375008,1.0,,12.86,1.0,19.26,65.3812485,,65.3812485,0.0,124.425003,0.0
2025-11-05 01:56:52+00:00,2025-11-05 01:56:52,,,,,,,,,,38.7825012,10.3578129,964.5,846.075012,19.1375008,1.0,,12.86,1.0,19.26,65.0062485,,65.0062485,0.0,124.5,0.0
2025-11-05 01:56:53+00:00,2025-11-05 01:56:53,,,,,,,,,,38.8012505,10.2937498,964.575012,846.075012,19.1375008,1.0,,12.86,1.0,19.26,65.0062485,,65.0062485,0.0,124.5,0.0
2025-11-05 01:56:54+00:00,2025-11-05 01:56:54,,,,,,,,,,38.7825012,10.2937498,964.650024,846.075012,19.1375008,1.0,,12.86,1.0,19.26,64.8562469,,64.8562469,0.0,124.5,0.0
2025-11-05 01:56:55+00:00,2025-11-05 01:56:55,38.0,39.0,38.0,38.0,38.0,2.020558930660434,14.0,FALLBACK,"임시 추천값: (tms_nox_status_error) 기존 SNR 코드: 208(BO_O2) - O2 규칙 적용: 10.3% (10.0% < O2 ≤ 12.0%) (2단계 롤백, 3~4단계에서 Hz 변화 없음)",38.7825012,10.2093754,964.724976,846.075012,19.1375008,1.0,,12.86,1.0,19.26,64.6312485,,64.6312485,0.0,124.425003,0.0
2025-11-05 01:56:56+00:00,2025-11-05 01:56:56,,,,,,,,,,38.7750015,10.1125002,964.799988,846.075012,19.1375008,1.0,,12.86,1.0,19.26,64.6312485,,64.6312485,0.0,124.5,0.0
2025-11-05 01:56:57+00:00,2025-11-05 01:56:57,,,,,,,,,,38.7975006,10.1125002,964.875,846.075012,19.1375008,1.0,,12.86,1.0,19.26,64.6500015,,64.6500015,0.0,124.5,0.0
2025-11-05 01:56:58+00:00,2025-11-05 01:56:58,,,,,,,,,,38.7900009,10.0203123,964.950012,846.075012,19.1375008,1.0,,12.86,1.0,19.26,64.6500015,,64.6500015,0.0,124.5,0.0
2025-11-05 01:56:59+00:00,2025-11-05 01:56:59,,,,,,,,,,38.7900009,9.92656231,965.025024,846.075012,19.1375008,1.0,,12.86,1.0,19.26,64.9124985,,64.9124985,0.0,124.5,0.0
2025-11-05 01:57:00+00:00,2025-11-05 01:57:00,38.0,40.0,38.0,38.0,38.0,1.9686088600972216,14.0,FALLBACK,"임시 추천값: (tms_nox_status_error) 기존 SNR 코드: 208(BO_O2) - O2 규칙 적용: 10.1% (10.0% < O2 ≤ 12.0%) (2단계 롤백, 3~4단계에서 Hz 변화 없음)",38.7825012,9.92656231,965.099976,846.075012,19.1375008,1.0,3.0,12.86,1.0,19.26,64.9875031,,64.9875031,0.0,124.425003,0.0
2025-11-05 01:57:01+00:00,2025-11-05 01:57:01,,,,,,,,,,38.7825012,9.8359375,965.174988,846.150024,19.1375008,1.0,,12.86,1.0,19.26,65.0062485,,65.0062485,0.0,124.5,0.0
2025-11-05 01:57:02+00:00,2025-11-05 01:57:02,,,,,,,,,,38.7825012,9.8359375,965.25,846.075012,19.1375008,1.0,,12.86,1.0,19.26,64.6500015,,64.6500015,0.0,124.5,0.0
2025-11-05 01:57:03+00:00,2025-11-05 01:57:03,,,,,,,,,,38.7825012,9.78281212,965.400024,846.075012,19.1375008,1.0,,12.86,1.0,19.26,64.6312485,,64.6312485,0.0,124.5,0.0
2025-11-05 01:57:04+00:00,2025-11-05 01:57:04,,,,,,,,,,38.7862511,9.74843788,965.474976,846.075012,19.1375008,1.0,,12.86,1.0,19.26,64.6312485,,64.6312485,0.0,124.5,0.0
2025-11-05 01:57:05+00:00,2025-11-05 01:57:05,40.0,41.0,40.0,40.0,40.0,1.599749826171402,14.0,FALLBACK,"임시 추천값: (tms_nox_status_error) 기존 SNR 코드: 207(BO_O2) - O2 규칙 적용: 9.8% (9.0% < O2 ≤ 10.0%) (2단계 롤백, 3~4단계에서 Hz 변화 없음)",38.8012505,9.74843788,965.474976,846.075012,19.1375008,1.0,,12.86,1.0,19.26,65.0062485,,65.0062485,0.0,124.5,0.0
2025-11-05 01:57:06+00:00,2025-11-05 01:57:06,,,,,,,,,,38.8012505,9.734375,965.549988,846.075012,19.1375008,1.0,,12.86,1.0,19.26,64.6500015,,64.6500015,0.0,124.5,0.0
2025-11-05 01:57:07+00:00,2025-11-05 01:57:07,,,,,,,,,,39.4425011,9.73281288,965.625,846.075012,19.1375008,1.0,,12.86,1.0,19.26,64.6312485,,64.6312485,0.0,124.5,0.0
2025-11-05 01:57:08+00:00,2025-11-05 01:57:08,,,,,,,,,,40.8899994,9.73281288,965.625,846.075012,19.1375008,1.0,,12.86,1.0,19.26,64.6312485,,64.6312485,0.0,124.425003,0.0
2025-11-05 01:57:09+00:00,2025-11-05 01:57:09,,,,,,,,,,40.9575005,9.7421875,965.625,846.075012,19.1375008,1.0,,12.86,1.0,19.26,64.6312485,,64.6312485,0.0,124.5,0.0
2025-11-05 01:57:10+00:00,2025-11-05 01:57:10,40.0,41.0,40.0,40.0,40.0,1.599749826171402,14.0,FALLBACK,"임시 추천값: (tms_nox_status_error) 기존 SNR 코드: 207(BO_O2) - O2 규칙 적용: 9.7% (9.0% < O2 ≤ 10.0%) (2단계 롤백, 3~4단계에서 Hz 변화 없음)",40.9762497,9.7421875,965.625,846.075012,19.1375008,1.0,,12.86,1.0,19.26,65.5875015,,65.5875015,0.0,124.5,0.0
2025-11-05 01:57:11+00:00,2025-11-05 01:57:11,,,,,,,,,,40.9275017,9.75156212,965.625,846.075012,19.1375008,1.0,,12.86,1.0,19.26,67.125,,67.125,0.0,124.5,0.0
2025-11-05 01:57:12+00:00,2025-11-05 01:57:12,,,,,,,,,,40.9612503,9.75937462,965.625,846.075012,19.1375008,1.0,,12.86,1.0,19.26,68.5687485,,68.5687485,0.0,124.425003,0.0
2025-11-05 01:57:13+00:00,2025-11-05 01:57:13,,,,,,,,,,40.9987488,9.75937462,965.625,846.075012,19.1375008,1.0,,12.86,1.0,19.26,69.8249969,,69.8249969,0.0,124.5,0.0
2025-11-05 01:57:14+00:00,2025-11-05 01:57:14,,,,,,,,,,40.9462509,9.76249981,965.625,846.075012,19.1375008,1.0,,12.86,1.0,19.26,70.5187531,,70.5187531,0.0,124.5,0.0
2025-11-05 01:57:15+00:00,2025-11-05 01:57:15,40.0,41.0,40.0,40.0,40.0,1.5747471095567787,14.0,FALLBACK,"임시 추천값: (tms_nox_status_error) 기존 SNR 코드: 207(BO_O2) - O2 규칙 적용: 9.8% (9.0% < O2 ≤ 10.0%) (2단계 롤백, 3~4단계에서 Hz 변화 없음)",40.9462509,9.76718712,965.625,846.075012,19.1375008,1.0,3.0,12.86,1.0,19.26,71.34375,,71.34375,0.0,124.5,0.0
2025-11-05 01:57:16+00:00,2025-11-05 01:57:16,,,,,,,,,,40.9275017,9.76718712,965.549988,846.075012,19.1375008,1.0,,12.86,1.0,19.26,71.7562485,,71.7562485,0.0,124.425003,0.0
2025-11-05 01:57:17+00:00,2025-11-05 01:57:17,,,,,,,,,,40.9387512,9.79062462,965.549988,846.0,19.1375008,1.0,,12.86,1.0,19.26,71.7750015,,71.7750015,0.0,124.5,0.0
2025-11-05 01:57:18+00:00,2025-11-05 01:57:18,,,,,,,,,,40.9724998,9.79062462,965.474976,846.0,19.1375008,1.0,,12.86,1.0,19.26,71.7750015,,71.7750015,0.0,124.5,0.0
2025-11-05 01:57:19+00:00,2025-11-05 01:57:19,,,,,,,,,,40.9724998,9.8359375,965.474976,845.924988,19.1375008,1.0,,12.86,1.0,19.26,71.7750015,,71.7750015,0.0,124.5,0.0
2025-11-05 01:57:20+00:00,2025-11-05 01:57:20,40.0,41.0,40.0,40.0,40.0,1.7542306426080958,14.0,FALLBACK,"임시 추천값: (tms_nox_status_error) 기존 SNR 코드: 207(BO_O2) - O2 규칙 적용: 9.8% (9.0% < O2 ≤ 10.0%) (2단계 롤백, 3~4단계에서 Hz 변화 없음)",40.9387512,9.88749981,965.400024,846.0,19.1375008,1.0,,12.86,1.0,19.26,71.7750015,,71.7750015,0.0,124.5,0.0
2025-11-05 01:57:21+00:00,2025-11-05 01:57:21,,,,,,,,,,40.9949989,9.88749981,965.325012,845.924988,19.1375008,1.0,,12.86,1.0,19.26,71.7562485,,71.7562485,0.0,124.5,0.0
2025-11-05 01:57:22+00:00,2025-11-05 01:57:22,,,,,,,,,,40.9425011,9.94218731,965.325012,845.924988,19.1375008,1.0,,12.86,1.0,19.26,71.7750015,,71.7750015,0.0,124.5,0.0
2025-11-05 01:57:23+00:00,2025-11-05 01:57:23,,,,,,,,,,40.9275017,10.0062504,965.174988,845.924988,19.1375008,1.0,,12.86,1.0,19.26,71.7750015,,71.7750015,0.0,124.5,0.0
2025-11-05 01:57:24+00:00,2025-11-05 01:57:24,,,,,,,,,,40.9575005,10.0062504,965.174988,845.924988,19.1375008,1.0,,12.86,1.0,19.26,71.7562485,,71.7562485,0.0,124.5,0.0
2025-11-05 01:57:25+00:00,2025-11-05 01:57:25,40.0,40.0,40.0,40.0,40.0,2.664228053316089,14.0,FALLBACK,"임시 추천값: (tms_nox_status_error) 기존 SNR 코드: 100(BO_ONLY) - BO 모델 결과만 사용 (1단계 롤백, 2~4단계에서 Hz 변화 없음)",40.9650002,10.0796871,965.099976,845.924988,19.1375008,1.0,,12.86,1.0,19.26,71.7750015,,71.7750015,0.0,124.5,0.0
2025-11-05 01:57:26+00:00,2025-11-05 01:57:26,,,,,,,,,,40.9912491,10.0796871,965.099976,845.849976,19.1375008,1.0,,12.86,1.0,19.26,71.7750015,,71.7750015,0.0,124.5,0.0
2025-11-05 01:57:27+00:00,2025-11-05 01:57:27,,,,,,,,,,40.9199982,10.15625,964.950012,845.849976,19.1375008,1.0,,12.86,1.0,19.26,71.7562485,,71.7562485,0.0,124.5,0.0
2025-11-05 01:57:28+00:00,2025-11-05 01:57:28,,,,,,,,,,40.9275017,10.2312498,964.950012,845.849976,19.1375008,1.0,,12.86,1.0,19.26,71.7562485,,71.7562485,0.0,124.425003,0.0
2025-11-05 01:57:29+00:00,2025-11-05 01:57:29,,,,,,,,,,40.9575005,10.2312498,964.875,845.849976,19.1375008,1.0,,12.86,1.0,19.26,71.7750015,,71.7750015,0.0,124.5,0.0
2025-11-05 01:57:30+00:00,2025-11-05 01:57:30,38.0,39.0,38.0,38.0,38.0,2.6580904142335386,14.0,FALLBACK,"임시 추천값: (tms_nox_status_error) 기존 SNR 코드: 208(BO_O2) - O2 규칙 적용: 10.2% (10.0% < O2 ≤ 12.0%) (2단계 롤백, 3~4단계에서 Hz 변화 없음)",40.9612503,10.3000002,964.799988,845.849976,19.1375008,1.0,3.0,12.86,1.0,19.26,71.7750015,,71.7750015,0.0,124.5,0.0
2025-11-05 01:57:31+00:00,2025-11-05 01:57:31,,,,,,,,,,40.9462509,10.359375,964.724976,845.775024,19.1375008,1.0,,12.86,1.0,19.26,71.7750015,,71.7750015,0.0,124.5,0.0
2025-11-05 01:57:32+00:00,2025-11-05 01:57:32,,,,,,,,,,40.96875,10.359375,964.724976,845.775024,19.1375008,1.0,,12.86,1.0,19.26,71.7562485,,71.7562485,0.0,124.5,0.0
2025-11-05 01:57:33+00:00,2025-11-05 01:57:33,,,,,,,,,,39.0900002,10.4093752,964.575012,845.700012,19.1375008,1.0,,12.86,1.0,19.26,71.7562485,,71.7562485,0.0,124.5,0.0
2025-11-05 01:57:34+00:00,2025-11-05 01:57:34,,,,,,,,,,38.8050003,10.4093752,964.5,845.700012,19.1375008,1.0,,12.86,1.0,19.26,71.7750015,,71.7750015,0.0,124.5,0.0
2025-11-05 01:57:35+00:00,2025-11-05 01:57:35,38.0,39.0,38.0,38.0,38.0,2.3980812491835235,14.0,FALLBACK,"임시 추천값: (tms_nox_status_error) 기존 SNR 코드: 208(BO_O2) - O2 규칙 적용: 10.4% (10.0% < O2 ≤ 12.0%) (2단계 롤백, 3~4단계에서 Hz 변화 없음)",38.7862511,10.4562502,964.424988,845.625,19.1375008,1.0,,12.86,1.0,19.26,71.7562485,,71.7562485,0.0,124.5,0.0
2025-11-05 01:57:36+00:00,2025-11-05 01:57:36,,,,,,,,,,38.7975006,10.4937496,964.424988,845.625,19.1375008,1.0,,12.86,1.0,19.26,70.4437485,,70.4437485,0.0,124.425003,0.0
2025-11-05 01:57:37+00:00,2025-11-05 01:57:37,,,,,,,,,,38.7900009,10.4937496,964.275024,845.625,19.1375008,1.0,,12.86,1.0,19.26,69.6374969,,69.6374969,0.0,124.5,0.0
2025-11-05 01:57:38+00:00,2025-11-05 01:57:38,,,,,,,,,,38.7937508,10.5218754,964.200012,845.625,19.1375008,1.0,,12.86,1.0,19.26,68.1937485,,68.1937485,0.0,124.5,0.0
2025-11-05 01:57:39+00:00,2025-11-05 01:57:39,,,,,,,,,,38.7825012,10.5453129,964.125,845.549988,19.1375008,1.0,,12.86,1.0,19.26,66.9937515,,66.9937515,0.0,124.5,0.0
2025-11-05 01:57:40+00:00,2025-11-05 01:57:40,38.0,39.0,38.0,38.0,38.0,2.451240069146262,14.0,FALLBACK,"임시 추천값: (tms_nox_status_error) 기존 SNR 코드: 208(BO_O2) - O2 규칙 적용: 10.5% (10.0% < O2 ≤ 12.0%) (2단계 롤백, 3~4단계에서 Hz 변화 없음)",38.7825012,10.5453129,964.049988,845.549988,19.1375008,1.0,,12.86,1.0,19.26,65.7562485,,65.7562485,0.0,124.425003,0.0
2025-11-05 01:57:41+00:00,2025-11-05 01:57:41,,,,,,,,,,38.7825012,10.5703125,963.900024,845.549988,19.1375008,1.0,,12.86,1.0,19.26,65.6437531,,65.6437531,0.0,124.5,0.0
2025-11-05 01:57:42+00:00,2025-11-05 01:57:42,,,,,,,,,,38.7975006,10.5703125,963.825012,845.474976,19.1375008,1.0,,12.86,1.0,19.26,65.34375,,65.34375,0.0,124.5,0.0
2025-11-05 01:57:43+00:00,2025-11-05 01:57:43,,,,,,,,,,38.7825012,10.5984373,963.75,845.474976,19.1375008,1.0,,12.86,1.0,19.26,65.0062485,,65.0062485,0.0,124.5,0.0
2025-11-05 01:57:44+00:00,2025-11-05 01:57:44,,,,,,,,,,38.7900009,10.6218748,963.674988,845.400024,19.1375008,1.0,,12.86,1.0,19.26,65.0062485,,65.0062485,0.0,124.5,0.0
2025-11-05 01:57:45+00:00,2025-11-05 01:57:45,38.0,39.0,38.0,38.0,38.0,2.4268269912926876,14.0,FALLBACK,"임시 추천값: (tms_nox_status_error) 기존 SNR 코드: 208(BO_O2) - O2 규칙 적용: 10.6% (10.0% < O2 ≤ 12.0%) (2단계 롤백, 3~4단계에서 Hz 변화 없음)",38.7900009,10.6218748,963.525024,845.400024,19.1375008,1.0,3.0,12.86,1.0,19.26,64.6500015,,64.6500015,0.0,124.5,0.0
2025-11-05 01:57:46+00:00,2025-11-05 01:57:46,,,,,,,,,,38.8012505,10.6453123,963.525024,845.400024,19.1375008,1.0,,12.86,1.0,19.26,64.6500015,,64.6500015,0.0,124.5,0.0
2025-11-05 01:57:47+00:00,2025-11-05 01:57:47,,,,,,,,,,38.7975006,10.6640625,963.375,845.325012,19.1375008,1.0,,12.86,1.0,19.26,64.6500015,,64.6500015,0.0,124.5,0.0
2025-11-05 01:57:48+00:00,2025-11-05 01:57:48,,,,,,,,,,38.7787514,10.6640625,963.299988,845.25,19.1375008,1.0,,12.86,1.0,19.26,64.6312485,,64.6312485,0.0,124.5,0.0
2025-11-05 01:57:49+00:00,2025-11-05 01:57:49,,,,,,,,,,38.7862511,10.6796875,963.224976,845.25,19.1375008,1.0,,12.86,1.0,19.26,64.6312485,,64.6312485,0.0,124.425003,0.0
2025-11-05 01:57:50+00:00,2025-11-05 01:57:50,38.0,39.0,38.0,38.0,38.0,2.4268269912926876,14.0,FALLBACK,"임시 추천값: (tms_nox_status_error) 기존 SNR 코드: 208(BO_O2) - O2 규칙 적용: 10.7% (10.0% < O2 ≤ 12.0%) (2단계 롤백, 3~4단계에서 Hz 변화 없음)",38.8050003,10.6796875,963.224976,845.25,19.1375008,1.0,,12.86,1.0,19.26,64.6500015,,64.6500015,0.0,124.5,0.0
2025-11-05 01:57:51+00:00,2025-11-05 01:57:51,,,,,,,,,,38.7825012,10.7078123,963.075012,845.174988,19.1375008,1.0,,12.86,1.0,19.26,64.6500015,,64.6500015,0.0,124.5,0.0
2025-11-05 01:57:52+00:00,2025-11-05 01:57:52,,,,,,,,,,38.7862511,10.7328129,963.0,845.174988,19.1375008,1.0,,12.86,1.0,19.26,64.6500015,,64.6500015,0.0,124.425003,0.0
2025-11-05 01:57:53+00:00,2025-11-05 01:57:53,,,,,,,,,,38.7900009,10.7328129,962.924988,845.174988,19.125,1.0,,12.86,1.0,19.26,64.6312485,,64.6312485,0.0,124.425003,0.0
2025-11-05 01:57:54+00:00,2025-11-05 01:57:54,,,,,,,,,,38.7900009,10.7546873,962.849976,845.099976,19.1375008,1.0,,12.86,1.0,19.26,64.6500015,,64.6500015,0.0,124.5,0.0
2025-11-05 01:57:55+00:00,2025-11-05 01:57:55,38.0,39.0,38.0,38.0,38.0,2.6819937135127447,14.0,FALLBACK,"임시 추천값: (tms_nox_status_error) 기존 SNR 코드: 208(BO_O2) - O2 규칙 적용: 10.7% (10.0% < O2 ≤ 12.0%) (2단계 롤백, 3~4단계에서 Hz 변화 없음)",38.7937508,10.7578125,962.700012,845.099976,19.1375008,1.0,,12.86,1.0,19.26,64.6500015,,64.6500015,0.0,124.5,0.0
2025-11-05 01:57:56+00:00,2025-11-05 01:57:56,,,,,,,,,,38.7900009,10.7578125,962.625,845.025024,19.1375008,1.0,,12.86,1.0,19.26,64.6312485,,64.6312485,0.0,124.5,0.0
2025-11-05 01:57:57+00:00,2025-11-05 01:57:57,,,,,,,,,,38.7862511,10.7484379,962.474976,845.025024,19.1375008,1.0,,12.86,1.0,19.26,64.6312485,,64.6312485,0.0,124.425003,0.0
2025-11-05 01:57:58+00:00,2025-11-05 01:57:58,,,,,,,,,,38.7862511,10.7484379,962.400024,844.950012,19.1375008,1.0,,12.86,1.0,19.26,64.6312485,,64.6312485,0.0,124.5,0.0
2025-11-05 01:57:59+00:00,2025-11-05 01:57:59,,,,,,,,,,38.7900009,10.7281246,962.325012,844.875,19.1375008,1.0,,12.86,1.0,19.26,64.6500015,,64.6500015,0.0,124.5,0.0
2025-11-05 01:58:00+00:00,2025-11-05 01:58:00,38.0,39.0,38.0,38.0,38.0,2.703332607829024,14.0,FALLBACK,"임시 추천값: (tms_nox_status_error) 기존 SNR 코드: 208(BO_O2) - O2 규칙 적용: 10.8% (10.0% < O2 ≤ 12.0%) (2단계 롤백, 3~4단계에서 Hz 변화 없음)",38.7900009,10.703125,962.25,844.875,19.1375008,1.0,3.0,12.86,1.0,19.26,64.6312485,,64.6312485,0.0,124.5,0.0
2025-11-05 01:58:01+00:00,2025-11-05 01:58:01,,,,,,,,,,38.7862511,10.703125,962.25,844.875,19.1375008,1.0,,12.86,1.0,19.26,64.6312485,,64.6312485,0.0,124.5,0.0
2025-11-05 01:58:02+00:00,2025-11-05 01:58:02,,,,,,,,,,38.7900009,10.6750002,962.174988,844.799988,19.1375008,1.0,,12.86,1.0,19.26,64.6500015,,64.6500015,0.0,124.5,0.0
2025-11-05 01:58:03+00:00,2025-11-05 01:58:03,,,,,,,,,,38.7787514,10.6484375,962.25,844.724976,19.1375008,1.0,,12.86,1.0,19.26,64.6500015,,64.6500015,0.0,124.5,0.0
2025-11-05 01:58:04+00:00,2025-11-05 01:58:04,,,,,,,,,,38.7825012,10.6484375,962.25,844.724976,19.1375008,1.0,,12.86,1.0,19.26,64.6312485,,64.6312485,0.0,124.5,0.0
2025-11-05 01:58:05+00:00,2025-11-05 01:58:05,38.0,39.0,38.0,38.0,38.0,1.6725027764074194,14.0,FALLBACK,"임시 추천값: (tms_nox_status_error) 기존 SNR 코드: 208(BO_O2) - O2 규칙 적용: 10.7% (10.0% < O2 ≤ 12.0%) (2단계 롤백, 3~4단계에서 Hz 변화 없음)",38.7825012,10.6484375,962.25,844.724976,19.1375008,1.0,,12.86,1.0,19.26,64.6312485,,64.6312485,0.0,124.5,0.0
2025-11-05 01:58:06+00:00,2025-11-05 01:58:06,,,,,,,,,,38.7937508,10.6265621,962.325012,844.724976,19.1375008,1.0,,12.86,1.0,19.26,64.6312485,,64.6312485,0.0,124.5,0.0
2025-11-05 01:58:07+00:00,2025-11-05 01:58:07,,,,,,,,,,38.7825012,10.6062498,962.400024,844.650024,19.1375008,1.0,,12.86,1.0,19.26,64.6500015,,64.6500015,0.0,124.5,0.0
2025-11-05 01:58:08+00:00,2025-11-05 01:58:08,,,,,,,,,,38.7825012,10.5953121,962.474976,844.575012,19.1375008,1.0,,12.86,1.0,19.26,64.6312485,,64.6312485,0.0,124.425003,0.0
2025-11-05 01:58:09+00:00,2025-11-05 01:58:09,,,,,,,,,,38.7825012,10.5953121,962.625,844.5,19.1375008,1.0,,12.86,1.0,19.26,64.6312485,,64.6312485,0.0,124.5,0.0
2025-11-05 01:58:10+00:00,2025-11-05 01:58:10,38.0,39.0,38.0,38.0,38.0,1.6249517380874137,14.0,FALLBACK,"임시 추천값: (tms_nox_status_error) 기존 SNR 코드: 208(BO_O2) - O2 규칙 적용: 10.6% (10.0% < O2 ≤ 12.0%) (2단계 롤백, 3~4단계에서 Hz 변화 없음)",38.7862511,10.5843754,962.700012,844.5,19.1375008,1.0,,12.86,1.0,19.26,64.6312485,,64.6312485,0.0,124.5,0.0
2025-11-05 01:58:11+00:00,2025-11-05 01:58:11,,,,,,,,,,38.7862511,10.5687504,962.849976,844.424988,19.1375008,1.0,,12.86,1.0,19.26,64.6500015,,64.6500015,0.0,124.5,0.0
2025-11-05 01:58:12+00:00,2025-11-05 01:58:12,,,,,,,,,,38.7862511,10.5687504,963.0,844.424988,19.1375008,1.0,,12.86,1.0,19.26,64.6312485,,64.6312485,0.0,124.425003,0.0
2025-11-05 01:58:13+00:00,2025-11-05 01:58:13,,,,,,,,,,38.7862511,10.5453129,963.075012,844.424988,19.1375008,1.0,,12.86,1.0,19.26,64.6312485,,64.6312485,0.0,124.5,0.0
2025-11-05 01:58:14+00:00,2025-11-05 01:58:14,,,,,,,,,,38.7900009,10.5453129,963.224976,844.424988,19.1375008,1.0,,12.86,1.0,19.26,64.6312485,,64.6312485,0.0,124.425003,0.0
2025-11-05 01:58:15+00:00,2025-11-05 01:58:15,38.0,39.0,38.0,38.0,38.0,1.551034828504822,14.0,FALLBACK,"임시 추천값: (tms_nox_status_error) 기존 SNR 코드: 208(BO_O2) - O2 규칙 적용: 10.6% (10.0% < O2 ≤ 12.0%) (2단계 롤백, 3~4단계에서 Hz 변화 없음)",38.7900009,10.5171871,963.375,844.349976,19.1375008,1.0,3.0,12.86,1.0,19.26,64.6312485,,64.6312485,0.0,124.5,0.0
2025-11-05 01:58:16+00:00,2025-11-05 01:58:16,,,,,,,,,,38.7825012,10.4640627,963.525024,844.349976,19.1375008,1.0,,12.86,1.0,19.26,64.6312485,,64.6312485,0.0,124.425003,0.0
2025-11-05 01:58:17+00:00,2025-11-05 01:58:17,,,,,,,,,,38.7975006,10.4640627,963.75,844.349976,19.1375008,1.0,,12.86,1.0,19.26,64.6312485,,64.6312485,0.0,124.5,0.0
2025-11-05 01:58:18+00:00,2025-11-05 01:58:18,,,,,,,,,,38.7937508,10.3812504,963.900024,844.275024,19.1375008,1.0,,12.86,1.0,19.26,64.6500015,,64.6500015,0.0,124.5,0.0
2025-11-05 01:58:19+00:00,2025-11-05 01:58:19,,,,,,,,,,38.7862511,10.2718754,964.125,844.275024,19.1375008,1.0,,12.86,1.0,19.26,64.6312485,,64.6312485,0.0,124.5,0.0
2025-11-05 01:58:20+00:00,2025-11-05 01:58:20,38.0,39.0,38.0,38.0,38.0,1.6418440225286246,14.0,FALLBACK,"임시 추천값: (tms_nox_status_error) 기존 SNR 코드: 208(BO_O2) - O2 규칙 적용: 10.4% (10.0% < O2 ≤ 12.0%) (2단계 롤백, 3~4단계에서 Hz 변화 없음)",38.7937508,10.2718754,964.275024,844.275024,19.125,1.0,,12.86,1.0,19.26,64.6312485,,64.6312485,0.0,124.425003,0.0
2025-11-05 01:58:21+00:00,2025-11-05 01:58:21,,,,,,,,,,38.7900009,10.1484375,964.5,844.200012,19.1375008,1.0,,12.86,1.0,19.26,64.6312485,,64.6312485,0.0,124.5,0.0
2025-11-05 01:58:22+00:00,2025-11-05 01:58:22,,,,,,,,,,38.7937508,10.1484375,964.724976,844.200012,19.1375008,1.0,,12.86,1.0,19.26,64.6500015,,64.6500015,0.0,124.5,0.0
2025-11-05 01:58:23+00:00,2025-11-05 01:58:23,,,,,,,,,,38.7900009,10.0625,965.099976,844.200012,19.1375008,1.0,,12.86,1.0,19.26,64.6312485,,64.6312485,0.0,124.425003,0.0
2025-11-05 01:58:24+00:00,2025-11-05 01:58:24,,,,,,,,,,38.7825012,10.1109371,965.25,844.200012,19.1375008,1.0,,12.86,1.0,19.26,64.6312485,,64.6312485,0.0,124.5,0.0
2025-11-05 01:58:25+00:00,2025-11-05 01:58:25,38.0,39.0,38.0,38.0,38.0,1.7533251524869657,14.0,FALLBACK,"임시 추천값: (tms_nox_status_error) 기존 SNR 코드: 208(BO_O2) - O2 규칙 적용: 10.1% (10.0% < O2 ≤ 12.0%) (2단계 롤백, 3~4단계에서 Hz 변화 없음)",38.7975006,10.1109371,965.625,844.200012,19.1375008,1.0,,12.86,1.0,19.26,64.8375015,,64.8375015,0.0,124.5,0.0
2025-11-05 01:58:26+00:00,2025-11-05 01:58:26,,,,,,,,,,38.7900009,10.2093754,965.924988,844.200012,19.1375008,1.0,,12.86,1.0,19.26,65.0062485,,65.0062485,0.0,124.5,0.0
2025-11-05 01:58:27+00:00,2025-11-05 01:58:27,,,,,,,,,,38.7937508,10.2453127,966.375,844.200012,19.1375008,1.0,,12.86,1.0,19.26,65.0062485,,65.0062485,0.0,124.5,0.0
2025-11-05 01:58:28+00:00,2025-11-05 01:58:28,,,,,,,,,,38.7900009,10.2453127,966.674988,844.275024,19.1375008,1.0,,12.86,1.0,19.26,65.0062485,,65.0062485,0.0,124.425003,0.0
2025-11-05 01:58:29+00:00,2025-11-05 01:58:29,,,,,,,,,,38.7900009,10.234375,967.125,844.200012,19.1375008,1.0,,12.86,1.0,19.26,64.9875031,,64.9875031,0.0,124.5,0.0
2025-11-05 01:58:30+00:00,2025-11-05 01:58:30,38.0,39.0,38.0,38.0,38.0,1.6439003347235086,14.0,FALLBACK,"임시 추천값: (tms_nox_status_error) 기존 SNR 코드: 208(BO_O2) - O2 규칙 적용: 10.2% (10.0% < O2 ≤ 12.0%) (2단계 롤백, 3~4단계에서 Hz 변화 없음)",38.7825012,10.234375,967.5,844.200012,19.1375008,1.0,3.0,12.86,1.0,19.26,65.0062485,,65.0062485,0.0,124.5,0.0
2025-11-05 01:58:31+00:00,2025-11-05 01:58:31,,,,,,,,,,38.7862511,10.1921873,968.025024,844.200012,19.1375008,1.0,,12.86,1.0,19.26,65.0062485,,65.0062485,0.0,124.5,0.0
2025-11-05 01:58:32+00:00,2025-11-05 01:58:32,,,,,,,,,,38.7825012,10.1390629,968.325012,844.200012,19.1375008,1.0,,12.86,1.0,19.26,64.9875031,,64.9875031,0.0,124.5,0.0
2025-11-05 01:58:33+00:00,2025-11-05 01:58:33,,,,,,,,,,38.7862511,10.1390629,968.849976,844.200012,19.1375008,1.0,,12.86,1.0,19.26,64.9875031,,64.9875031,0.0,124.425003,0.0
2025-11-05 01:58:34+00:00,2025-11-05 01:58:34,,,,,,,,,,38.7975006,10.0749998,969.224976,844.200012,19.1375008,1.0,,12.86,1.0,19.26,65.0062485,,65.0062485,0.0,124.5,0.0
2025-11-05 01:58:35+00:00,2025-11-05 01:58:35,38.0,39.0,38.0,38.0,38.0,1.7485321940936067,14.0,FALLBACK,"임시 추천값: (tms_nox_status_error) 기존 SNR 코드: 208(BO_O2) - O2 규칙 적용: 10.2% (10.0% < O2 ≤ 12.0%) (2단계 롤백, 3~4단계에서 Hz 변화 없음)",38.7900009,9.99374962,969.75,844.275024,19.1375008,1.0,,12.86,1.0,19.26,65.0062485,,65.0062485,0.0,124.5,0.0
2025-11-05 01:58:36+00:00,2025-11-05 01:58:36,,,,,,,,,,38.7937508,9.99374962,970.125,844.275024,19.1375008,1.0,,12.86,1.0,19.26,65.0062485,,65.0062485,0.0,124.5,0.0
2025-11-05 01:58:37+00:00,2025-11-05 01:58:37,,,,,,,,,,38.7750015,9.91093731,970.650024,844.275024,19.1375008,1.0,,12.86,1.0,19.26,64.9875031,,64.9875031,0.0,124.5,0.0
2025-11-05 01:58:38+00:00,2025-11-05 01:58:38,,,,,,,,,,38.7787514,9.91093731,971.025024,844.349976,19.1375008,1.0,,12.86,1.0,19.26,65.3812485,,65.3812485,0.0,124.5,0.0
2025-11-05 01:58:39+00:00,2025-11-05 01:58:39,,,,,,,,,,38.7862511,9.83749962,971.549988,844.349976,19.1375008,1.0,,12.86,1.0,19.26,65.3812485,,65.3812485,0.0,124.5,0.0
2025-11-05 01:58:40+00:00,2025-11-05 01:58:40,40.0,40.0,40.0,40.0,40.0,1.6913853747483105,14.0,FALLBACK,"임시 추천값: (tms_nox_status_error) 기존 SNR 코드: 100(BO_ONLY) - BO 모델 결과만 사용 (1단계 롤백, 2~4단계에서 Hz 변화 없음)",38.7787514,9.7578125,971.924988,844.349976,19.1375008,1.0,,12.86,1.0,19.26,65.3812485,,65.3812485,0.0,124.425003,0.0
2025-11-05 01:58:41+00:00,2025-11-05 01:58:41,,,,,,,,,,38.7937508,9.7578125,972.450012,844.424988,19.1375008,1.0,,12.86,1.0,19.26,65.3625031,,65.3625031,0.0,124.5,0.0
2025-11-05 01:58:42+00:00,2025-11-05 01:58:42,,,,,,,,,,38.8424988,9.68906212,972.825012,844.424988,19.1375008,1.0,,12.86,1.0,19.26,65.3812485,,65.3812485,0.0,124.5,0.0
2025-11-05 01:58:43+00:00,2025-11-05 01:58:43,,,,,,,,,,40.9124985,9.61250019,973.349976,844.424988,19.1375008,1.0,,12.86,1.0,19.26,65.3812485,,65.3812485,0.0,124.5,0.0
2025-11-05 01:58:44+00:00,2025-11-05 01:58:44,,,,,,,,,,40.96875,9.61250019,973.799988,844.5,19.1375008,1.0,,12.86,1.0,19.26,65.3812485,,65.3812485,0.0,124.5,0.0
2025-11-05 01:58:45+00:00,2025-11-05 01:58:45,40.0,41.0,40.0,40.0,40.0,1.6913853747483105,14.0,FALLBACK,"임시 추천값: (tms_nox_status_error) 기존 SNR 코드: 207(BO_O2) - O2 규칙 적용: 9.7% (9.0% < O2 ≤ 10.0%) (2단계 롤백, 3~4단계에서 Hz 변화 없음)",40.9575005,9.53437519,974.400024,844.575012,19.1375008,1.0,3.0,12.86,1.0,19.26,65.9250031,,65.9250031,0.0,124.5,0.0
2025-11-05 01:58:46+00:00,2025-11-05 01:58:46,,,,,,,,,,40.9799995,9.53437519,974.775024,844.650024,19.1375008,1.0,,12.86,1.0,19.26,67.40625,,67.40625,0.0,126.074997,0.0
2025-11-05 01:58:47+00:00,2025-11-05 01:58:47,,,,,,,,,,40.9762497,9.45468712,975.450012,844.650024,19.1375008,1.0,,12.86,1.0,19.26,68.90625,,68.90625,0.0,126.074997,0.0
2025-11-05 01:58:48+00:00,2025-11-05 01:58:48,,,,,,,,,,40.9537506,9.38437462,975.974976,844.724976,19.1375008,1.0,,12.86,1.0,19.26,70.1999969,,70.1999969,0.0,126.0,0.0
2025-11-05 01:58:49+00:00,2025-11-05 01:58:49,,,,,,,,,,40.9575005,9.38437462,976.650024,844.724976,19.1375008,1.0,,12.86,1.0,19.26,71.2312469,,71.2312469,0.0,126.0,0.0
2025-11-05 01:58:50+00:00,2025-11-05 01:58:50,40.0,41.0,40.0,40.0,40.0,1.611592203475295,14.0,FALLBACK,"임시 추천값: (tms_nox_status_error) 기존 SNR 코드: 207(BO_O2) - O2 규칙 적용: 9.5% (9.0% < O2 ≤ 10.0%) (2단계 롤백, 3~4단계에서 Hz 변화 없음)",40.9837494,9.33437538,977.174988,844.799988,19.1375008,1.0,,12.86,1.0,19.26,71.7562485,,71.7562485,0.0,126.074997,0.0
2025-11-05 01:58:51+00:00,2025-11-05 01:58:51,,,,,,,,,,40.9350014,9.27968788,978.0,844.875,19.1375008,1.0,,12.86,1.0,19.26,71.7750015,,71.7750015,0.0,125.925003,0.0
2025-11-05 01:58:52+00:00,2025-11-05 01:58:52,,,,,,,,,,40.9799995,9.27968788,978.525024,844.875,19.1375008,1.0,,12.86,1.0,19.26,72.1500015,,72.1500015,0.0,124.5,0.0
2025-11-05 01:58:53+00:00,2025-11-05 01:58:53,,,,,,,,,,40.9425011,9.20937538,979.275024,844.950012,19.1375008,1.0,,12.86,1.0,19.26,72.4875031,,72.4875031,0.0,124.425003,0.0
2025-11-05 01:58:54+00:00,2025-11-05 01:58:54,,,,,,,,,,40.9575005,9.20937538,979.875,845.025024,19.1375008,1.0,,12.86,1.0,19.26,72.5062485,,72.5062485,0.0,124.5,0.0
2025-11-05 01:58:55+00:00,2025-11-05 01:58:55,40.0,42.0,40.0,40.0,40.0,1.6259197622047405,14.0,FALLBACK,"임시 추천값: (tms_nox_status_error) 기존 SNR 코드: 207(BO_O2) - O2 규칙 적용: 9.3% (9.0% < O2 ≤ 10.0%) (2단계 롤백, 3~4단계에서 Hz 변화 없음)",40.9949989,9.13749981,980.625,845.174988,19.1375008,1.0,,12.86,1.0,19.26,72.5062485,,72.5062485,0.0,124.5,0.0
2025-11-05 01:58:56+00:00,2025-11-05 01:58:56,,,,,,,,,,40.9612503,9.06562519,981.224976,845.174988,19.1375008,1.0,,12.86,1.0,19.26,72.5062485,,72.5062485,0.0,124.5,0.0
2025-11-05 01:58:57+00:00,2025-11-05 01:58:57,,,,,,,,,,40.9949989,9.06562519,982.125,845.25,19.1375008,1.0,,12.86,1.0,19.26,72.4875031,,72.4875031,0.0,124.425003,0.0
2025-11-05 01:58:58+00:00,2025-11-05 01:58:58,,,,,,,,,,40.9650002,8.99843788,982.724976,845.325012,19.1375008,1.0,,12.86,1.0,19.26,72.5062485,,72.5062485,0.0,124.650002,0.0
2025-11-05 01:58:59+00:00,2025-11-05 01:58:59,,,,,,,,,,40.9387512,8.91562462,983.549988,845.400024,19.1375008,1.0,,12.86,1.0,19.26,72.5062485,,72.5062485,0.0,126.074997,0.0
2025-11-05 01:59:00+00:00,2025-11-05 01:59:00,40.0,43.0,40.0,40.0,40.0,1.8551160078673266,14.0,FALLBACK,"임시 추천값: (tms_nox_status_error) 기존 SNR 코드: 207(BO_O2) - O2 규칙 적용: 9.0% (9.0% < O2 ≤ 10.0%) (2단계 롤백, 3~4단계에서 Hz 변화 없음)",40.96875,8.91562462,984.150024,845.474976,19.1375008,1.0,3.0,12.86,1.0,19.26,72.5062485,,72.5062485,0.0,126.0,0.0
2025-11-05 01:59:01+00:00,2025-11-05 01:59:01,,,,,,,,,,40.9612503,8.83437538,985.125,845.549988,19.1375008,1.0,,12.86,1.0,19.26,72.4875031,,72.4875031,0.0,126.0,0.0
2025-11-05 01:59:02+00:00,2025-11-05 01:59:02,,,,,,,,,,40.9912491,8.83437538,985.724976,845.700012,19.1375008,1.0,,12.86,1.0,19.26,72.5062485,,72.5062485,0.0,126.074997,0.0
2025-11-05 01:59:03+00:00,2025-11-05 01:59:03,,,,,,,,,,40.9425011,8.74843788,986.625,845.775024,19.1375008,1.0,,12.86,1.0,19.26,72.5062485,,72.5062485,0.0,126.074997,0.0
2025-11-05 01:59:04+00:00,2025-11-05 01:59:04,,,,,,,,,,40.9312515,8.62656212,987.150024,845.849976,1.77499998,1.0,,12.86,1.0,19.26,72.5062485,,72.5062485,0.0,126.0,0.0
2025-11-05 01:59:05+00:00,2025-11-05 01:59:05,43.0,44.0,43.0,43.0,43.0,1.5189195475103459,14.0,FALLBACK,"임시 추천값: (tms_nox_status_error) 기존 SNR 코드: 206(BO_O2) - O2 규칙 적용: 8.8% (8.0% < O2 ≤ 9.0%) (2단계 롤백, 3~4단계에서 Hz 변화 없음)",40.9312515,8.62656212,987.150024,845.849976,1.77499998,1.0,,12.86,1.0,19.26,72.5062485,,72.5062485,0.0,126.0,0.0
2025-11-05 01:59:06+00:00,2025-11-05 01:59:06,,,,,,,,,,40.9762497,8.62656212,988.049988,845.924988,1.76250005,1.0,,12.86,1.0,19.26,72.4875031,,72.4875031,0.0,124.5,0.0
2025-11-05 01:59:07+00:00,2025-11-05 01:59:07,,,,,,,,,,43.1737518,8.38906288,989.549988,846.150024,1.77499998,1.0,,12.86,1.0,19.26,72.5062485,,72.5062485,0.0,124.5,0.0
2025-11-05 01:59:08+00:00,2025-11-05 01:59:08,,,,,,,,,,44.0662498,8.38906288,990.150024,846.224976,1.76250005,1.0,,12.86,1.0,19.26,72.5062485,,72.5062485,0.0,124.5,0.0
2025-11-05 01:59:09+00:00,2025-11-05 01:59:09,,,,,,,,,,44.0737495,8.26406288,991.049988,846.375,1.52499998,1.0,,12.86,1.0,19.26,72.9000015,,72.9000015,0.0,124.5,0.0
2025-11-05 01:59:10+00:00,2025-11-05 01:59:10,43.0,43.0,43.0,43.0,43.0,2.355370648312186,14.0,FALLBACK,"임시 추천값: (tms_nox_status_error) 기존 SNR 코드: 100(BO_ONLY) - BO 모델 결과만 사용 (1단계 롤백, 2~4단계에서 Hz 변화 없음)",44.0774994,8.26406288,991.650024,846.450012,1.51250005,1.0,,12.86,1.0,19.26,74.6437531,,74.6437531,0.0,124.574997,0.0
2025-11-05 01:59:11+00:00,2025-11-05 01:59:11,,,,,,,,,,44.0849991,8.140625,992.549988,846.599976,1.51250005,1.0,,12.86,1.0,19.26,76.9499969,,76.9499969,0.0,124.5,0.0
2025-11-05 01:59:12+00:00,2025-11-05 01:59:12,,,,,,,,,,44.1074982,8.03437519,993.075012,846.674988,1.51250005,1.0,,12.86,1.0,1.59,79.0687485,,79.0687485,0.0,124.574997,0.0
2025-11-05 01:59:13+00:00,2025-11-05 01:59:13,,,,,,,,,,44.0737495,8.03437519,993.900024,846.825012,1.51250005,1.0,,12.86,1.0,1.59,80.6437531,,80.6437531,0.0,124.425003,0.0
2025-11-05 01:59:14+00:00,2025-11-05 01:59:14,,,,,,,,,,44.0849991,7.9515624,994.424988,846.900024,0.0,1.0,,12.86,1.0,1.59,81.4312515,,81.4312515,0.0,124.5,0.0
2025-11-05 01:59:15+00:00,2025-11-05 01:59:15,43.0,43.0,43.0,43.0,43.0,2.190916561487532,14.0,FALLBACK,"임시 추천값: (tms_nox_status_error) 기존 SNR 코드: 100(BO_ONLY) - BO 모델 결과만 사용 (1단계 롤백, 2~4단계에서 Hz 변화 없음)",44.0849991,7.9515624,994.424988,846.900024,0.0,1.0,3.0,12.86,1.0,1.59,81.4312515,,81.4312515,0.0,124.5,0.0
2025-11-05 01:59:16+00:00,2025-11-05 01:59:16,,,,,,,,,,44.0849991,7.8890624,995.775024,847.125,0.0,1.0,,12.86,1.0,1.59,82.1999969,,82.1999969,0.0,124.5,0.0
2025-11-05 01:59:17+00:00,2025-11-05 01:59:17,,,,,,,,,,44.0962486,7.8375001,996.599976,847.275024,0.0,1.0,,12.86,1.0,1.59,82.4250031,,82.4250031,0.0,124.5,0.0
2025-11-05 01:59:18+00:00,2025-11-05 01:59:18,,,,,,,,,,44.0774994,7.8375001,997.200012,847.424988,0.0,1.0,,12.86,1.0,1.59,82.5374985,,82.5374985,0.0,124.5,0.0
2025-11-05 01:59:19+00:00,2025-11-05 01:59:19,,,,,,,,,,44.0699997,7.7874999,997.950012,847.575012,0.0,1.0,,12.86,1.0,1.59,82.5562515,,82.5562515,0.0,124.5,0.0
2025-11-05 01:59:20+00:00,2025-11-05 01:59:20,43.0,43.0,43.0,43.0,43.0,2.3128223830903183,14.0,FALLBACK,"임시 추천값: (tms_nox_status_error) 기존 SNR 코드: 100(BO_ONLY) - BO 모델 결과만 사용 (1단계 롤백, 2~4단계에서 Hz 변화 없음)",44.0812492,7.7328124,998.474976,847.650024,0.0,1.0,,12.86,1.0,1.59,82.5562515,,82.5562515,0.0,124.5,0.0
2025-11-05 01:59:21+00:00,2025-11-05 01:59:21,,,,,,,,,,44.0774994,7.7328124,999.299988,847.799988,0.0,1.0,,12.86,1.0,1.59,82.5562515,,82.5562515,0.0,124.5,0.0
2025-11-05 01:59:22+00:00,2025-11-05 01:59:22,,,,,,,,,,44.0737495,7.6875,999.75,847.950012,0.0,1.0,,12.86,1.0,0.0,82.5562515,,82.5562515,0.0,124.5,0.0
2025-11-05 01:59:23+00:00,2025-11-05 01:59:23,,,,,,,,,,44.1037483,7.6624999,1000.5,848.099976,0.0,1.0,,12.86,1.0,0.0,82.5562515,,82.5562515,0.0,124.5,0.0
2025-11-05 01:59:24+00:00,2025-11-05 01:59:24,,,,,,,,,,44.0812492,7.6624999,1001.02502,848.174988,0.0,1.0,,12.86,1.0,0.0,82.5562515,,82.5562515,0.0,124.574997,0.0
2025-11-05 01:59:25+00:00,2025-11-05 01:59:25,43.0,43.0,43.0,43.0,43.0,2.3324164094974065,14.0,FALLBACK,"임시 추천값: (tms_nox_status_error) 기존 SNR 코드: 100(BO_ONLY) - BO 모델 결과만 사용 (1단계 롤백, 2~4단계에서 Hz 변화 없음)",44.0774994,7.6468749,1001.84998,848.325012,0.0,1.0,,12.86,1.0,0.0,82.5562515,,82.5562515,0.0,124.5,0.0
2025-11-05 01:59:26+00:00,2025-11-05 01:59:26,,,,,,,,,,44.0774994,7.6468749,1001.84998,848.325012,0.0,1.0,,12.86,1.0,0.0,82.5562515,,82.5562515,0.0,124.5,0.0
2025-11-05 01:59:27+00:00,2025-11-05 01:59:27,,,,,,,,,,44.0849991,7.65156269,1003.125,848.625,0.0,1.0,,12.86,1.0,0.0,82.5562515,,82.5562515,0.0,124.5,0.0
2025-11-05 01:59:28+00:00,2025-11-05 01:59:28,,,,,,,,,,44.0774994,7.6734376,1003.57501,848.700012,0.0,1.0,,12.86,1.0,0.0,82.5562515,,82.5562515,0.0,124.5,0.0
2025-11-05 01:59:29+00:00,2025-11-05 01:59:29,,,,,,,,,,44.0812492,7.6734376,1004.32501,848.849976,0.0,1.0,,12.86,1.0,0.0,82.5562515,,82.5562515,0.0,124.5,0.0
2025-11-05 01:59:30+00:00,2025-11-05 01:59:30,42.0,42.0,42.0,42.0,42.0,2.208472863808438,14.0,FALLBACK,"임시 추천값: (tms_nox_status_error) 기존 SNR 코드: 100(BO_ONLY) - BO 모델 결과만 사용 (1단계 롤백, 2~4단계에서 Hz 변화 없음)",44.0887489,7.70781231,1004.77502,849.0,0.0,1.0,3.0,12.86,1.0,0.0,82.5562515,,82.5562515,0.0,124.5,0.0
2025-11-05 01:59:31+00:00,2025-11-05 01:59:31,,,,,,,,,,44.0737495,7.7421875,1005.52502,849.150024,0.0,1.0,,12.86,1.0,0.0,82.5562515,,82.5562515,0.0,124.5,0.0
2025-11-05 01:59:32+00:00,2025-11-05 01:59:32,,,,,,,,,,43.6462517,7.7421875,1005.97498,849.224976,0.0,1.0,,12.86,1.0,0.0,82.5562515,,82.5562515,0.0,124.5,0.0
2025-11-05 01:59:33+00:00,2025-11-05 01:59:33,,,,,,,,,,43.6462517,7.7421875,1005.97498,849.224976,0.0,1.0,,12.86,1.0,0.0,82.5562515,,82.5562515,0.0,124.5,0.0
2025-11-05 01:59:34+00:00,2025-11-05 01:59:34,,,,,,,,,,43.0574989,7.7874999,1007.02502,849.525024,0.0,1.0,,12.86,1.0,0.0,82.2375031,,82.2375031,0.0,124.5,0.0
2025-11-05 01:59:35+00:00,2025-11-05 01:59:35,42.0,42.0,42.0,42.0,42.0,2.4742661658309957,14.0,FALLBACK,"임시 추천값: (tms_nox_status_error) 기존 SNR 코드: 100(BO_ONLY) - BO 모델 결과만 사용 (1단계 롤백, 2~4단계에서 Hz 변화 없음)",43.0687485,7.8343749,1007.77502,849.674988,0.0,1.0,,12.86,1.0,0.0,82.125,,82.125,0.0,124.5,0.0
2025-11-05 01:59:36+00:00,2025-11-05 01:59:36,,,,,,,,,,43.0724983,7.8578124,1008.22498,849.825012,0.0,1.0,,12.86,1.0,0.0,80.9812469,,80.9812469,0.0,124.574997,0.0
2025-11-05 01:59:37+00:00,2025-11-05 01:59:37,,,,,,,,,,43.0612488,7.8578124,1008.90002,849.974976,0.0,1.0,,12.86,1.0,0.0,80.6812515,,80.6812515,0.0,124.5,0.0
2025-11-05 01:59:38+00:00,2025-11-05 01:59:38,,,,,,,,,,43.0687485,7.87187481,1009.27502,850.049988,0.0,1.0,,12.86,1.0,0.0,79.9124985,,79.9124985,0.0,124.425003,0.0
2025-11-05 01:59:39+00:00,2025-11-05 01:59:39,,,,,,,,,,43.0724983,7.90156269,1009.95001,850.275024,0.0,1.0,,12.86,1.0,0.0,79.5562515,,79.5562515,0.0,124.5,0.0
2025-11-05 01:59:40+00:00,2025-11-05 01:59:40,42.0,42.0,42.0,42.0,42.0,2.761020043400765,14.0,FALLBACK,"임시 추천값: (tms_nox_status_error) 기존 SNR 코드: 100(BO_ONLY) - BO 모델 결과만 사용 (1단계 롤백, 2~4단계에서 Hz 변화 없음)",43.0687485,7.90156269,1010.40002,850.349976,0.0,1.0,,12.86,1.0,0.0,79.1812515,,79.1812515,0.0,124.5,0.0
2025-11-05 01:59:41+00:00,2025-11-05 01:59:41,,,,,,,,,,43.0762482,7.92656231,1011.0,850.575012,0.0,1.0,,12.86,1.0,0.0,79.1812515,,79.1812515,0.0,124.5,0.0
2025-11-05 01:59:42+00:00,2025-11-05 01:59:42,,,,,,,,,,43.0687485,7.92656231,1011.45001,850.650024,0.0,1.0,,12.86,1.0,0.0,79.1624985,,79.1624985,0.0,124.425003,0.0
2025-11-05 01:59:43+00:00,2025-11-05 01:59:43,,,,,,,,,,43.0762482,7.9546876,1012.125,850.875,0.0,1.0,,12.86,1.0,0.0,79.1812515,,79.1812515,0.0,124.5,0.0
2025-11-05 01:59:44+00:00,2025-11-05 01:59:44,,,,,,,,,,43.0275002,7.97187519,1012.65002,850.950012,0.25,1.0,,12.86,1.0,0.0,79.1812515,,79.1812515,0.0,124.5,0.0
2025-11-05 01:59:45+00:00,2025-11-05 01:59:45,42.0,42.0,42.0,42.0,42.0,2.7577106606962887,14.0,FALLBACK,"임시 추천값: (tms_nox_status_error) 기존 SNR 코드: 100(BO_ONLY) - BO 모델 결과만 사용 (1단계 롤백, 2~4단계에서 Hz 변화 없음)",43.0612488,7.97187519,1013.40002,851.099976,0.25,1.0,3.0,12.86,1.0,0.0,79.1812515,,79.1812515,0.0,124.5,0.0
2025-11-05 01:59:46+00:00,2025-11-05 01:59:46,,,,,,,,,,43.0612488,7.98750019,1013.92499,851.25,0.25,1.0,,12.86,1.0,0.0,79.1624985,,79.1624985,0.0,124.5,0.0
2025-11-05 01:59:47+00:00,2025-11-05 01:59:47,,,,,,,,,,43.0724983,7.9937501,1014.82501,851.474976,0.262499988,1.0,,19.87,1.0,0.0,79.1812515,,79.1812515,0.0,124.5,0.0
2025-11-05 01:59:48+00:00,2025-11-05 01:59:48,,,,,,,,,,43.0724983,7.9937501,1014.82501,851.474976,0.262499988,1.0,,19.87,1.0,0.0,79.1812515,,79.1812515,0.0,124.5,0.0
2025-11-05 01:59:49+00:00,2025-11-05 01:59:49,,,,,,,,,,43.0724983,7.9937501,1015.42499,851.549988,0.25,1.0,,19.87,1.0,0.0,79.1812515,,79.1812515,0.0,124.5,0.0
2025-11-05 01:59:50+00:00,2025-11-05 01:59:50,42.0,42.0,42.0,42.0,42.0,2.744687252853102,14.0,FALLBACK,"임시 추천값: (tms_nox_status_error) 기존 SNR 코드: 100(BO_ONLY) - BO 모델 결과만 사용 (1단계 롤백, 2~4단계에서 Hz 변화 없음)",43.0687485,8.00312519,1016.25,851.775024,1.25,1.0,,19.87,1.0,0.0,79.1812515,,79.1812515,0.0,124.5,0.0
2025-11-05 01:59:51+00:00,2025-11-05 01:59:51,,,,,,,,,,43.0724983,8.00312519,1016.84998,851.849976,1.26250005,1.0,,19.87,1.0,0.0,79.1624985,,79.1624985,0.0,124.5,0.0
2025-11-05 01:59:52+00:00,2025-11-05 01:59:52,,,,,,,,,,43.0612488,8.01093769,1017.82501,852.075012,1.26250005,1.0,,19.87,1.0,1.32,79.1812515,,79.1812515,0.0,124.5,0.0
2025-11-05 01:59:53+00:00,2025-11-05 01:59:53,,,,,,,,,,43.0537491,8.01249981,1018.34998,852.150024,1.26250005,1.0,,19.87,1.0,1.32,79.1812515,,79.1812515,0.0,124.5,0.0
2025-11-05 01:59:54+00:00,2025-11-05 01:59:54,,,,,,,,,,43.0800018,8.01249981,1019.25,852.375,1.26250005,1.0,,19.87,1.0,1.32,79.1812515,,79.1812515,0.0,124.5,0.0
2025-11-05 01:59:55+00:00,2025-11-05 01:59:55,43.0,43.0,43.0,43.0,43.0,2.400413954812923,14.0,FALLBACK,"임시 추천값: (tms_nox_status_error) 기존 SNR 코드: 100(BO_ONLY) - BO 모델 결과만 사용 (1단계 롤백, 2~4단계에서 Hz 변화 없음)",43.0724983,8.02499962,1019.84998,852.525024,1.26250005,1.0,,19.87,1.0,1.32,79.1624985,,79.1624985,0.0,124.5,0.0
2025-11-05 01:59:56+00:00,2025-11-05 01:59:56,,,,,,,,,,43.0649986,8.02968788,1020.75,852.75,1.26250005,1.0,,19.87,1.0,1.32,79.1624985,,79.1624985,0.0,124.5,0.0
2025-11-05 01:59:57+00:00,2025-11-05 01:59:57,,,,,,,,,,43.0724983,8.02968788,1021.27502,852.900024,1.26250005,1.0,,19.87,1.0,1.32,79.1812515,,79.1812515,0.0,124.5,0.0
2025-11-05 01:59:58+00:00,2025-11-05 01:59:58,,,,,,,,,,43.6387482,8.01093769,1022.17499,853.049988,1.26250005,1.0,,19.87,1.0,1.32,79.1812515,,79.1812515,0.0,124.5,0.0
2025-11-05 01:59:59+00:00,2025-11-05 01:59:59,,,,,,,,,,44.0737495,7.953125,1022.77502,853.275024,1.26250005,1.0,,19.87,1.0,1.32,79.1624985,,79.1624985,0.0,124.425003,0.0
2025-11-05 02:00:00+00:00,2025-11-05 02:00:00,43.0,43.0,43.0,43.0,43.0,2.2555888492225487,14.0,FALLBACK,"임시 추천값: (tms_nox_status_error) 기존 SNR 코드: 100(BO_ONLY) - BO 모델 결과만 사용 (1단계 롤백, 2~4단계에서 Hz 변화 없음)",44.1074982,7.953125,1023.52502,853.424988,1.76250005,1.0,3.0,19.87,1.0,1.32,79.1812515,,79.1812515,0.0,124.5,0.0
2025-11-05 02:00:01+00:00,2025-11-05 02:00:01,,,,,,,,,,44.0849991,7.875,1024.05005,853.575012,1.76250005,1.0,,19.87,1.0,1.32,79.59375,,79.59375,0.0,124.5,0.0
2025-11-05 02:00:02+00:00,2025-11-05 02:00:02,,,,,,,,,,44.1112518,7.875,1024.72498,853.799988,1.76250005,1.0,,19.87,1.0,1.83,80.71875,,80.71875,0.0,124.5,0.0
2025-11-05 02:00:03+00:00,2025-11-05 02:00:03,,,,,,,,,,44.0887489,7.7671876,1025.25,853.950012,1.76250005,1.0,,19.87,1.0,1.83,81.2624969,,81.2624969,0.0,124.5,0.0
2025-11-05 02:00:04+00:00,2025-11-05 02:00:04,,,,,,,,,,44.0887489,7.6234374,1026.0,854.174988,1.76250005,1.0,,19.87,1.0,1.83,82.0875015,,82.0875015,0.0,124.5,0.0
2025-11-05 02:00:05+00:00,2025-11-05 02:00:05,46.0,46.0,46.0,46.0,46.0,2.1244639877172693,14.0,FALLBACK,"임시 추천값: (tms_nox_status_error) 기존 SNR 코드: 100(BO_ONLY) - BO 모델 결과만 사용 (1단계 롤백, 2~4단계에서 Hz 변화 없음)",44.0812492,7.6234374,1026.375,854.325012,2.5999999,1.0,,19.87,1.0,1.83,82.1999969,,82.1999969,0.0,124.574997,0.0
2025-11-05 02:00:06+00:00,2025-11-05 02:00:06,,,,,,,,,,44.0849991,7.45625019,1026.97498,854.549988,2.5999999,1.0,,19.87,1.0,1.83,82.1999969,,82.1999969,0.0,124.5,0.0
2025-11-05 02:00:07+00:00,2025-11-05 02:00:07,,,,,,,,,,44.0962486,7.2906251,1027.65002,854.775024,2.5999999,1.0,,19.87,1.0,1.83,82.1812515,,82.1812515,0.0,124.5,0.0
2025-11-05 02:00:08+00:00,2025-11-05 02:00:08,,,,,,,,,,46.0875015,7.2906251,1028.02502,854.924988,2.61249995,1.0,,19.87,1.0,1.83,82.40625,,82.40625,0.0,124.5,0.0
2025-11-05 02:00:09+00:00,2025-11-05 02:00:09,,,,,,,,,,47.2050018,7.140625,1028.625,855.075012,2.5999999,1.0,,19.87,1.0,1.83,82.5562515,,82.5562515,0.0,124.574997,0.0
2025-11-05 02:00:10+00:00,2025-11-05 02:00:10,46.0,47.0,46.0,46.0,46.0,1.7894820574209902,14.0,FALLBACK,"임시 추천값: (tms_nox_status_error) 기존 SNR 코드: 205(BO_O2) - O2 규칙 적용: 7.3% (7.0% < O2 ≤ 8.0%) (2단계 롤백, 3~4단계에서 Hz 변화 없음)",47.2012482,7.140625,1028.92505,855.299988,3.61249995,1.0,,19.87,1.0,1.83,83.5124969,,83.5124969,0.0,124.5,0.0
2025-11-05 02:00:11+00:00,2025-11-05 02:00:11,,,,,,,,,,47.2012482,7.0,1029.44995,855.525024,3.63750005,1.0,,19.87,1.0,1.83,85.03125,,85.03125,0.0,124.5,0.0
2025-11-05 02:00:12+00:00,2025-11-05 02:00:12,,,,,,,,,,47.2087517,6.8734374,1029.82495,855.674988,3.63750005,1.0,,19.87,1.0,3.73,87.375,,87.375,0.0,124.5,0.0
2025-11-05 02:00:13+00:00,2025-11-05 02:00:13,,,,,,,,,,47.2012482,6.8734374,1030.27502,855.900024,3.63750005,1.0,,19.87,1.0,3.73,89.5687485,,89.5687485,0.0,124.5,0.0
2025-11-05 02:00:14+00:00,2025-11-05 02:00:14,,,,,,,,,,47.2012482,6.77812481,1030.57495,856.049988,3.63750005,1.0,,19.87,1.0,3.73,91.1062469,,91.1062469,0.0,124.574997,0.0
2025-11-05 02:00:15+00:00,2025-11-05 02:00:15,48.0,48.0,48.0,48.0,48.0,2.1850715551596824,14.0,FALLBACK,"임시 추천값: (tms_nox_status_error) 기존 SNR 코드: 100(BO_ONLY) - BO 모델 결과만 사용 (1단계 롤백, 2~4단계에서 Hz 변화 없음)",47.1974983,6.7109375,1031.02502,856.275024,3.88750005,1.0,3.0,19.87,1.0,3.73,91.8562469,,91.8562469,0.0,124.5,0.0
2025-11-05 02:00:16+00:00,2025-11-05 02:00:16,,,,,,,,,,47.2125015,6.7109375,1031.40002,856.5,3.9000001,1.0,,19.87,1.0,3.73,92.6062469,,92.6062469,0.0,124.5,0.0
2025-11-05 02:00:17+00:00,2025-11-05 02:00:17,,,,,,,,,,47.2125015,6.6812501,1031.84998,856.724976,3.9000001,1.0,,19.87,1.0,3.73,92.625,,92.625,0.0,124.5,0.0
2025-11-05 02:00:18+00:00,2025-11-05 02:00:18,,,,,,,,,,47.4112511,6.6812501,1032.15002,856.875,3.88750005,1.0,,19.87,1.0,3.73,92.625,,92.625,0.0,124.5,0.0
2025-11-05 02:00:19+00:00,2025-11-05 02:00:19,,,,,,,,,,49.2299995,6.6734376,1032.59998,857.099976,3.88750005,1.0,,19.87,1.0,3.73,92.9812469,,92.9812469,0.0,124.5,0.0
2025-11-05 02:00:20+00:00,2025-11-05 02:00:20,48.0,48.0,48.0,48.0,48.0,2.0240638827959105,14.0,FALLBACK,"임시 추천값: (tms_nox_status_error) 기존 SNR 코드: 100(BO_ONLY) - BO 모델 결과만 사용 (1단계 롤백, 2~4단계에서 Hz 변화 없음)",49.2712517,6.67500019,1032.90002,857.325012,4.63749981,1.0,,19.87,1.0,3.73,93.3187485,,93.3187485,0.0,124.5,0.0
2025-11-05 02:00:21+00:00,2025-11-05 02:00:21,,,,,,,,,,49.2750015,6.67500019,1033.42505,857.549988,4.6500001,1.0,,19.87,1.0,3.73,94.1999969,,94.1999969,0.0,124.5,0.0
2025-11-05 02:00:22+00:00,2025-11-05 02:00:22,,,,,,,,,,49.3012505,6.69999981,1033.65002,857.700012,4.6500001,1.0,,19.87,1.0,4.69,95.6812515,,95.6812515,0.0,124.574997,0.0
2025-11-05 02:00:23+00:00,2025-11-05 02:00:23,,,,,,,,,,49.2975006,6.7515626,1034.09998,857.924988,4.6500001,1.0,,19.87,1.0,4.69,97.0875015,,97.0875015,0.0,124.5,0.0
2025-11-05 02:00:24+00:00,2025-11-05 02:00:24,,,,,,,,,,49.2825012,6.7515626,1034.40002,858.150024,4.6500001,1.0,,19.87,1.0,4.69,98.53125,,98.53125,0.0,124.5,0.0
2025-11-05 02:00:25+00:00,2025-11-05 02:00:25,48.0,48.0,48.0,48.0,48.0,2.0185181433632335,14.0,FALLBACK,"임시 추천값: (tms_nox_status_error) 기존 SNR 코드: 100(BO_ONLY) - BO 모델 결과만 사용 (1단계 롤백, 2~4단계에서 Hz 변화 없음)",49.2862511,6.8218751,1034.84998,858.375,4.6500001,1.0,,19.87,1.0,4.69,98.7562485,,98.7562485,0.0,124.5,0.0
2025-11-05 02:00:26+00:00,2025-11-05 02:00:26,,,,,,,,,,49.2975006,6.8218751,1035.15002,858.525024,4.6500001,1.0,,19.87,1.0,4.69,99.375,,99.375,0.0,124.574997,0.0
2025-11-05 02:00:27+00:00,2025-11-05 02:00:27,,,,,,,,,,49.2787514,6.890625,1035.52502,858.825012,4.6500001,1.0,,19.87,1.0,4.69,99.7312469,,99.7312469,0.0,124.5,0.0
2025-11-05 02:00:28+00:00,2025-11-05 02:00:28,,,,,,,,,,49.2750015,6.9593749,1035.82495,858.974976,4.63749981,1.0,,19.87,1.0,4.69,100.087502,,100.087502,0.0,124.5,0.0
2025-11-05 02:00:29+00:00,2025-11-05 02:00:29,,,,,,,,,,49.2937508,6.9593749,1036.19995,859.275024,4.6500001,1.0,,19.87,1.0,4.69,100.087502,,100.087502,0.0,124.574997,0.0
2025-11-05 02:00:30+00:00,2025-11-05 02:00:30,47.0,47.0,47.0,47.0,47.0,1.8322154464712437,14.0,FALLBACK,"임시 추천값: (tms_nox_status_error) 기존 SNR 코드: 100(BO_ONLY) - BO 모델 결과만 사용 (1단계 롤백, 2~4단계에서 Hz 변화 없음)",49.3087502,7.0296874,1036.5,859.424988,5.4749999,1.0,3.0,19.87,1.0,4.69,100.087502,,100.087502,0.0,124.5,0.0
2025-11-05 02:00:31+00:00,2025-11-05 02:00:31,,,,,,,,,,49.3050003,7.1234374,1036.875,859.724976,5.48750019,1.0,,19.87,1.0,4.69,100.106247,,100.106247,0.0,124.574997,0.0
2025-11-05 02:00:32+00:00,2025-11-05 02:00:32,,,,,,,,,,49.3012505,7.1234374,1037.17505,859.875,5.4749999,1.0,,19.87,1.0,4.69,100.087502,,100.087502,0.0,124.5,0.0
2025-11-05 02:00:33+00:00,2025-11-05 02:00:33,,,,,,,,,,49.3087502,7.21875,1037.47498,860.099976,5.48750019,1.0,,19.87,1.0,5.53,100.106247,,100.106247,0.0,123.074997,0.0
2025-11-05 02:00:34+00:00,2025-11-05 02:00:34,,,,,,,,,,48.8662491,7.21875,1037.69995,860.325012,5.48750019,1.0,,19.87,1.0,5.53,100.087502,,100.087502,0.0,123.074997,0.0
2025-11-05 02:00:35+00:00,2025-11-05 02:00:35,46.0,47.0,46.0,46.0,46.0,1.9231289488387397,14.0,FALLBACK,"임시 추천값: (tms_nox_status_error) 기존 SNR 코드: 205(BO_O2) - O2 규칙 적용: 7.2% (7.0% < O2 ≤ 8.0%) (2단계 롤백, 3~4단계에서 Hz 변화 없음)",48.2587509,7.3140626,1038.07495,860.625,5.6500001,1.0,,19.87,1.0,5.53,100.087502,,100.087502,0.0,123.074997,0.0
2025-11-05 02:00:36+00:00,2025-11-05 02:00:36,,,,,,,,,,48.2437515,7.34843731,1038.30005,860.775024,5.6624999,1.0,,19.87,1.0,5.53,100.087502,,100.087502,0.0,123.0,0.0
2025-11-05 02:00:37+00:00,2025-11-05 02:00:37,,,,,,,,,,48.2587509,7.34843731,1038.59998,861.075012,5.6624999,1.0,,19.87,1.0,5.53,99.1687469,,99.1687469,0.0,123.074997,0.0
2025-11-05 02:00:38+00:00,2025-11-05 02:00:38,,,,,,,,,,48.2475014,7.3421874,1038.75,861.224976,5.6500001,1.0,,19.87,1.0,5.53,98.4937515,,98.4937515,0.0,123.150002,0.0
2025-11-05 02:00:39+00:00,2025-11-05 02:00:39,,,,,,,,,,47.5574989,7.33906269,1039.05005,861.525024,5.6624999,1.0,,19.87,1.0,5.53,97.3687515,,97.3687515,0.0,123.074997,0.0
2025-11-05 02:00:40+00:00,2025-11-05 02:00:40,46.0,47.0,46.0,46.0,46.0,2.0276096855804524,14.0,FALLBACK,"임시 추천값: (tms_nox_status_error) 기존 SNR 코드: 205(BO_O2) - O2 규칙 적용: 7.3% (7.0% < O2 ≤ 8.0%) (2단계 롤백, 3~4단계에서 Hz 변화 없음)",47.2350006,7.33906269,1039.19995,861.75,6.5625,1.0,,19.87,1.0,5.53,97.0875015,,97.0875015,0.0,123.074997,0.0
2025-11-05 02:00:41+00:00,2025-11-05 02:00:41,,,,,,,,,,47.2125015,7.3531251,1039.42505,861.974976,6.57499981,1.0,,19.87,1.0,5.53,96.75,,96.75,0.0,123.074997,0.0
2025-11-05 02:00:42+00:00,2025-11-05 02:00:42,,,,,,,,,,47.2125015,7.3531251,1039.57495,862.200012,6.57499981,1.0,,19.87,1.0,5.53,95.8687515,,95.8687515,0.0,123.074997,0.0
2025-11-05 02:00:43+00:00,2025-11-05 02:00:43,,,,,,,,,,47.2087517,7.3843751,1039.80005,862.5,6.5875001,1.0,,19.87,1.0,6.65,95.2687531,,95.2687531,0.0,123.074997,0.0
2025-11-05 02:00:44+00:00,2025-11-05 02:00:44,,,,,,,,,,47.2125015,7.4359374,1039.94995,862.650024,6.57499981,1.0,,19.87,1.0,6.65,94.21875,,94.21875,0.0,123.0,0.0
2025-11-05 02:00:45+00:00,2025-11-05 02:00:45,46.0,46.0,46.0,46.0,46.0,1.9233420458489283,14.0,FALLBACK,"임시 추천값: (tms_nox_status_error) 기존 SNR 코드: 100(BO_ONLY) - BO 모델 결과만 사용 (1단계 롤백, 2~4단계에서 Hz 변화 없음)",47.2125015,7.4359374,1040.25,862.950012,6.75,1.0,3.0,19.87,1.0,6.65,94.1624985,,94.1624985,0.0,123.074997,0.0
2025-11-05 02:00:46+00:00,2025-11-05 02:00:46,,,,,,,,,,47.2162514,7.5,1040.32495,863.099976,6.75,1.0,,19.87,1.0,6.65,93.8062515,,93.8062515,0.0,123.074997,0.0
2025-11-05 02:00:47+00:00,2025-11-05 02:00:47,,,,,,,,,,47.2050018,7.54374981,1040.55005,863.400024,6.75,1.0,,19.87,1.0,6.65,93.3562469,,93.3562469,0.0,123.75,0.0
2025-11-05 02:00:48+00:00,2025-11-05 02:00:48,,,,,,,,,,47.2012482,7.54374981,1040.625,863.625,6.75,1.0,,19.87,1.0,6.65,93.3562469,,93.3562469,0.0,123.074997,0.0
2025-11-05 02:00:49+00:00,2025-11-05 02:00:49,,,,,,,,,,47.2162514,7.5484376,1040.77502,863.849976,6.75,1.0,,19.87,1.0,6.65,93.0,,93.0,0.0,123.074997,0.0
2025-11-05 02:00:50+00:00,2025-11-05 02:00:50,46.0,46.0,46.0,46.0,46.0,1.9719372358672678,14.0,FALLBACK,"임시 추천값: (tms_nox_status_error) 기존 SNR 코드: 100(BO_ONLY) - BO 모델 결과만 사용 (1단계 롤백, 2~4단계에서 Hz 변화 없음)",47.2237511,7.5484376,1040.84998,864.075012,7.1624999,1.0,,19.87,1.0,6.65,93.0,,93.0,0.0,123.074997,0.0
2025-11-05 02:00:51+00:00,2025-11-05 02:00:51,,,,,,,,,,47.2125015,7.54374981,1041.0,864.375,7.17500019,1.0,,19.87,1.0,6.65,93.0,,93.0,0.0,123.074997,0.0
2025-11-05 02:00:52+00:00,2025-11-05 02:00:52,,,,,,,,,,47.2087517,7.546875,1041.07495,864.525024,7.17500019,1.0,,19.87,1.0,6.65,92.9812469,,92.9812469,0.0,123.0,0.0
2025-11-05 02:00:53+00:00,2025-11-05 02:00:53,,,,,,,,,,47.2125015,7.546875,1041.22498,864.825012,7.17500019,1.0,,19.87,1.0,7.28,92.9812469,,92.9812469,0.0,123.074997,0.0
2025-11-05 02:00:54+00:00,2025-11-05 02:00:54,,,,,,,,,,47.2087517,7.5765624,1041.30005,865.049988,7.17500019,1.0,,19.87,1.0,7.28,93.0,,93.0,0.0,123.074997,0.0
2025-11-05 02:00:55+00:00,2025-11-05 02:00:55,46.0,46.0,46.0,46.0,46.0,1.7710213973165019,14.0,FALLBACK,"임시 추천값: (tms_nox_status_error) 기존 SNR 코드: 100(BO_ONLY) - BO 모델 결과만 사용 (1단계 롤백, 2~4단계에서 Hz 변화 없음)",47.2012482,7.65312481,1041.44995,865.349976,7.17500019,1.0,,19.87,1.0,7.28,93.0,,93.0,0.0,123.074997,0.0
2025-11-05 02:00:56+00:00,2025-11-05 02:00:56,,,,,,,,,,47.2125015,7.65312481,1041.44995,865.5,7.17500019,1.0,,19.87,1.0,7.28,92.9812469,,92.9812469,0.0,123.074997,0.0
2025-11-05 02:00:57+00:00,2025-11-05 02:00:57,,,,,,,,,,47.2125015,7.74687481,1041.52502,865.799988,7.17500019,1.0,,19.87,1.0,7.28,92.9812469,,92.9812469,0.0,123.074997,0.0
2025-11-05 02:00:58+00:00,2025-11-05 02:00:58,,,,,,,,,,47.2087517,7.74687481,1041.52502,866.025024,7.17500019,1.0,,19.87,1.0,7.28,93.0,,93.0,0.0,123.074997,0.0
2025-11-05 02:00:59+00:00,2025-11-05 02:00:59,,,,,,,,,,47.2087517,7.80937481,1041.59998,866.174988,7.17500019,1.0,,19.87,1.0,7.28,93.0,,93.0,0.0,123.074997,0.0
2025-11-05 02:01:00+00:00,2025-11-05 02:01:00,46.0,46.0,46.0,46.0,46.0,1.7710213973165019,14.0,FALLBACK,"임시 추천값: (tms_nox_status_error) 기존 SNR 코드: 100(BO_ONLY) - BO 모델 결과만 사용 (1단계 롤백, 2~4단계에서 Hz 변화 없음)",47.2125015,7.8499999,1041.67505,866.400024,7.9124999,1.0,3.0,19.87,1.0,7.28,93.0,,93.0,0.0,123.074997,0.0
2025-11-05 02:01:01+00:00,2025-11-05 02:01:01,,,,,,,,,,47.2012482,7.8499999,1041.75,866.700012,7.92500019,1.0,,19.87,1.0,7.28,92.9812469,,92.9812469,0.0,123.074997,0.0
2025-11-05 02:01:02+00:00,2025-11-05 02:01:02,,,,,,,,,,47.2162514,7.8984375,1041.75,866.924988,7.92500019,1.0,,19.87,1.0,7.28,93.0,,93.0,0.0,123.074997,0.0
2025-11-05 02:01:03+00:00,2025-11-05 02:01:03,,,,,,,,,,47.2125015,7.9546876,1041.82495,867.224976,7.9375,1.0,,19.87,1.0,7.97,93.0,,93.0,0.0,123.074997,0.0
2025-11-05 02:01:04+00:00,2025-11-05 02:01:04,,,,,,,,,,47.2050018,7.9546876,1041.90002,867.375,7.92500019,1.0,,19.87,1.0,7.97,92.9812469,,92.9812469,0.0,123.0,0.0
2025-11-05 02:01:05+00:00,2025-11-05 02:01:05,46.0,46.0,46.0,46.0,46.0,1.6900473844853765,14.0,FALLBACK,"임시 추천값: (tms_nox_status_error) 기존 SNR 코드: 100(BO_ONLY) - BO 모델 결과만 사용 (1단계 롤백, 2~4단계에서 Hz 변화 없음)",47.2087517,8.0234375,1041.90002,867.674988,8.4375,1.0,,19.87,1.0,7.97,92.9812469,,92.9812469,0.0,123.074997,0.0
2025-11-05 02:01:06+00:00,2025-11-05 02:01:06,,,,,,,,,,47.2050018,8.0234375,1041.97498,867.825012,8.4375,1.0,,19.87,1.0,7.97,93.0,,93.0,0.0,123.074997,0.0
2025-11-05 02:01:07+00:00,2025-11-05 02:01:07,,,,,,,,,,47.2087517,8.10000038,1042.05005,868.125,8.42500019,1.0,,19.87,1.0,7.97,93.0,,93.0,0.0,123.074997,0.0
2025-11-05 02:01:08+00:00,2025-11-05 02:01:08,,,,,,,,,,47.2200012,8.16562462,1042.125,868.275024,8.4375,1.0,,19.87,1.0,7.97,92.9812469,,92.9812469,0.0,123.074997,0.0
2025-11-05 02:01:09+00:00,2025-11-05 02:01:09,,,,,,,,,,47.2087517,8.16562462,1042.125,868.575012,8.4375,1.0,,19.87,1.0,7.97,92.9812469,,92.9812469,0.0,123.0,0.0
2025-11-05 02:01:10+00:00,2025-11-05 02:01:10,43.0,45.0,43.0,43.0,43.0,1.5371211037607977,14.0,FALLBACK,"임시 추천값: (tms_nox_status_error) 기존 SNR 코드: 206(BO_O2) - O2 규칙 적용: 8.1% (8.0% < O2 ≤ 9.0%) (2단계 롤백, 3~4단계에서 Hz 변화 없음)",47.2050018,8.22031212,1042.19995,868.799988,8.9375,1.0,,19.87,1.0,7.97,92.9812469,,92.9812469,0.0,123.074997,0.0
2025-11-05 02:01:11+00:00,2025-11-05 02:01:11,,,,,,,,,,47.2162514,8.28437519,1042.27502,869.025024,8.9375,1.0,,19.87,1.0,7.97,92.9812469,,92.9812469,0.0,123.074997,0.0
2025-11-05 02:01:12+00:00,2025-11-05 02:01:12,,,,,,,,,,47.2050018,8.28437519,1042.34998,869.25,8.9375,1.0,,19.87,1.0,7.97,92.9812469,,92.9812469,0.0,123.074997,0.0
2025-11-05 02:01:13+00:00,2025-11-05 02:01:13,,,,,,,,,,45.2512512,8.375,1042.42505,869.474976,8.9375,1.0,,19.87,1.0,9.05,92.9812469,,92.9812469,0.0,123.0,0.0
2025-11-05 02:01:14+00:00,2025-11-05 02:01:14,,,,,,,,,,44.1262512,8.375,1042.42505,869.700012,8.9375,1.0,,19.87,1.0,9.05,92.9812469,,92.9812469,0.0,124.5,0.0
2025-11-05 02:01:15+00:00,2025-11-05 02:01:15,43.0,44.0,43.0,43.0,43.0,1.7089581299587424,14.0,FALLBACK,"임시 추천값: (tms_nox_status_error) 기존 SNR 코드: 206(BO_O2) - O2 규칙 적용: 8.3% (8.0% < O2 ≤ 9.0%) (2단계 롤백, 3~4단계에서 Hz 변화 없음)",44.0924988,8.45781231,1042.42505,869.924988,9.375,1.0,3.0,19.87,1.0,9.05,92.625,,92.625,0.0,123.074997,0.0
2025-11-05 02:01:16+00:00,2025-11-05 02:01:16,,,,,,,,,,44.0887489,8.51406288,1042.5,870.075012,9.36250019,1.0,,19.87,1.0,9.05,91.1062469,,91.1062469,0.0,124.125,0.0
2025-11-05 02:01:17+00:00,2025-11-05 02:01:17,,,,,,,,,,44.0812492,8.51406288,1042.57495,870.299988,9.35000038,1.0,,19.87,1.0,9.05,88.9312515,,88.9312515,0.0,123.0,0.0
2025-11-05 02:01:18+00:00,2025-11-05 02:01:18,,,,,,,,,,44.0887489,8.54062462,1042.57495,870.599976,9.35000038,1.0,,19.87,1.0,9.05,86.71875,,86.71875,0.0,123.074997,0.0
2025-11-05 02:01:19+00:00,2025-11-05 02:01:19,,,,,,,,,,44.0887489,8.54374981,1042.65002,870.900024,9.36250019,1.0,,19.87,1.0,9.05,85.2375031,,85.2375031,0.0,124.5,0.0
2025-11-05 02:01:20+00:00,2025-11-05 02:01:20,43.0,44.0,43.0,43.0,43.0,1.6560602940728502,14.0,FALLBACK,"임시 추천값: (tms_nox_status_error) 기존 SNR 코드: 206(BO_O2) - O2 규칙 적용: 8.5% (8.0% < O2 ≤ 9.0%) (2단계 롤백, 3~4단계에서 Hz 변화 없음)",44.1074982,8.54374981,1042.57495,871.049988,10.5375004,1.0,,19.87,1.0,9.05,83.7750015,,83.7750015,0.0,124.5,0.0
2025-11-05 02:01:21+00:00,2025-11-05 02:01:21,,,,,,,,,,44.0849991,8.54062462,1042.65002,871.349976,10.5375004,1.0,,19.87,1.0,9.05,83.6437531,,83.6437531,0.0,124.5,0.0
2025-11-05 02:01:22+00:00,2025-11-05 02:01:22,,,,,,,,,,44.0812492,8.54062462,1042.72498,871.5,10.5375004,1.0,,19.87,1.0,9.05,83.2874985,,83.2874985,0.0,124.5,0.0
2025-11-05 02:01:23+00:00,2025-11-05 02:01:23,,,,,,,,,,44.0812492,8.54218769,1042.80005,871.724976,10.5375004,1.0,,19.87,1.0,10.66,82.9312515,,82.9312515,0.0,124.5,0.0
2025-11-05 02:01:24+00:00,2025-11-05 02:01:24,,,,,,,,,,44.0812492,8.5390625,1042.875,871.950012,10.5375004,1.0,,19.87,1.0,10.66,82.6687469,,82.6687469,0.0,124.5,0.0
2025-11-05 02:01:25+00:00,2025-11-05 02:01:25,43.0,44.0,43.0,43.0,43.0,1.7094695628623444,14.0,FALLBACK,"임시 추천값: (tms_nox_status_error) 기존 SNR 코드: 206(BO_O2) - O2 규칙 적용: 8.5% (8.0% < O2 ≤ 9.0%) (2단계 롤백, 3~4단계에서 Hz 변화 없음)",44.0887489,8.5390625,1042.94995,872.174988,10.5375004,1.0,,19.87,1.0,10.66,82.5374985,,82.5374985,0.0,124.5,0.0
2025-11-05 02:01:26+00:00,2025-11-05 02:01:26,,,,,,,,,,44.1187515,8.52812481,1043.02502,872.400024,10.5375004,1.0,,19.87,1.0,10.66,82.5562515,,82.5562515,0.0,124.5,0.0
2025-11-05 02:01:27+00:00,2025-11-05 02:01:27,,,,,,,,,,44.0924988,8.53437519,1043.09998,872.625,10.5375004,1.0,,19.87,1.0,10.66,82.5562515,,82.5562515,0.0,124.5,0.0
2025-11-05 02:01:28+00:00,2025-11-05 02:01:28,,,,,,,,,,44.0849991,8.53437519,1043.17505,872.775024,10.5375004,1.0,,19.87,1.0,10.66,82.5562515,,82.5562515,0.0,124.5,0.0
2025-11-05 02:01:29+00:00,2025-11-05 02:01:29,,,,,,,,,,44.0924988,8.57656288,1043.25,873.075012,10.5375004,1.0,,19.87,1.0,10.66,82.5374985,,82.5374985,0.0,124.5,0.0
2025-11-05 02:01:30+00:00,2025-11-05 02:01:30,43.0,44.0,43.0,43.0,43.0,1.69485905226306,14.0,FALLBACK,"임시 추천값: (tms_nox_status_error) 기존 SNR 코드: 206(BO_O2) - O2 규칙 적용: 8.5% (8.0% < O2 ≤ 9.0%) (2단계 롤백, 3~4단계에서 Hz 변화 없음)",44.0887489,8.57656288,1043.32495,873.224976,10.625,1.0,3.0,19.87,1.0,10.66,82.5562515,,82.5562515,0.0,124.5,0.0
2025-11-05 02:01:31+00:00,2025-11-05 02:01:31,,,,,,,,,,44.0849991,8.62656212,1043.40002,873.525024,10.6125002,1.0,,19.87,1.0,10.66,82.5562515,,82.5562515,0.0,124.574997,0.0
2025-11-05 02:01:32+00:00,2025-11-05 02:01:32,,,,,,,,,,44.0887489,8.66093731,1043.47498,873.674988,10.6125002,1.0,,19.87,1.0,10.66,82.5562515,,82.5562515,0.0,124.5,0.0
2025-11-05 02:01:33+00:00,2025-11-05 02:01:33,,,,,,,,,,44.0812492,8.66093731,1043.55005,873.974976,10.625,1.0,,19.87,1.0,10.73,82.5374985,,82.5374985,0.0,124.425003,0.0
2025-11-05 02:01:34+00:00,2025-11-05 02:01:34,,,,,,,,,,44.0812492,8.65937519,1043.625,874.049988,10.625,1.0,,19.87,1.0,10.73,82.5374985,,82.5374985,0.0,124.5,0.0
2025-11-05 02:01:35+00:00,2025-11-05 02:01:35,43.0,44.0,43.0,43.0,43.0,1.676622866200158,14.0,FALLBACK,"임시 추천값: (tms_nox_status_error) 기존 SNR 코드: 206(BO_O2) - O2 규칙 적용: 8.6% (8.0% < O2 ≤ 9.0%) (2단계 롤백, 3~4단계에서 Hz 변화 없음)",44.0737495,8.64531231,1043.625,874.349976,11.2124996,1.0,,19.87,1.0,10.73,82.5562515,,82.5562515,0.0,124.574997,0.0
2025-11-05 02:01:36+00:00,2025-11-05 02:01:36,,,,,,,,,,44.0849991,8.64531231,1043.69995,874.575012,11.2124996,1.0,,19.87,1.0,10.73,82.5374985,,82.5374985,0.0,124.425003,0.0
2025-11-05 02:01:37+00:00,2025-11-05 02:01:37,,,,,,,,,,44.0849991,8.64218712,1043.84998,874.799988,11.2124996,1.0,,19.87,1.0,10.73,82.5562515,,82.5562515,0.0,124.5,0.0
2025-11-05 02:01:38+00:00,2025-11-05 02:01:38,,,,,,,,,,44.0849991,8.64218712,1043.84998,874.950012,11.2124996,1.0,,19.87,1.0,10.73,82.5374985,,82.5374985,0.0,124.5,0.0
2025-11-05 02:01:39+00:00,2025-11-05 02:01:39,,,,,,,,,,44.0774994,8.65625,1043.84998,875.25,11.2124996,1.0,,19.87,1.0,10.73,82.5562515,,82.5562515,0.0,124.5,0.0
2025-11-05 02:01:40+00:00,2025-11-05 02:01:40,43.0,44.0,43.0,43.0,43.0,1.687204402099147,14.0,FALLBACK,"임시 추천값: (tms_nox_status_error) 기존 SNR 코드: 206(BO_O2) - O2 규칙 적용: 8.6% (8.0% < O2 ≤ 9.0%) (2단계 롤백, 3~4단계에서 Hz 변화 없음)",44.0812492,8.671875,1043.84998,875.400024,11.3874998,1.0,,19.87,1.0,10.73,82.5562515,,82.5562515,0.0,124.5,0.0
2025-11-05 02:01:41+00:00,2025-11-05 02:01:41,,,,,,,,,,44.0774994,8.671875,1043.92505,875.625,11.3874998,1.0,,19.87,1.0,10.73,82.5374985,,82.5374985,0.0,124.5,0.0
2025-11-05 02:01:42+00:00,2025-11-05 02:01:42,,,,,,,,,,44.0774994,8.66250038,1043.84998,875.775024,11.3874998,1.0,,19.87,1.0,10.73,82.5374985,,82.5374985,0.0,124.5,0.0
2025-11-05 02:01:43+00:00,2025-11-05 02:01:43,,,,,,,,,,44.0812492,8.62968731,1043.84998,876.075012,11.375,1.0,,19.87,1.0,11.5,82.5562515,,82.5562515,0.0,124.5,0.0
2025-11-05 02:01:44+00:00,2025-11-05 02:01:44,,,,,,,,,,44.0849991,8.62968731,1043.84998,876.224976,11.375,1.0,,19.87,1.0,11.5,82.5562515,,82.5562515,0.0,124.5,0.0
2025-11-05 02:01:45+00:00,2025-11-05 02:01:45,43.0,44.0,43.0,43.0,43.0,1.5643629874371252,14.0,FALLBACK,"임시 추천값: (tms_nox_status_error) 기존 SNR 코드: 206(BO_O2) - O2 규칙 적용: 8.7% (8.0% < O2 ≤ 9.0%) (2단계 롤백, 3~4단계에서 Hz 변화 없음)",44.0774994,8.60312462,1043.84998,876.450012,11.9750004,1.0,1.0,19.87,1.0,11.5,82.5374985,,82.5374985,0.0,124.5,0.0
2025-11-05 02:01:46+00:00,2025-11-05 02:01:46,,,,,,,,,,44.0962486,8.60312462,1043.84998,876.674988,11.9750004,1.0,,19.87,1.0,11.5,82.5562515,,82.5562515,0.0,124.5,0.0
2025-11-05 02:01:47+00:00,2025-11-05 02:01:47,,,,,,,,,,44.0924988,8.57968712,1043.84998,876.825012,11.9750004,1.0,,19.87,1.0,11.5,82.5562515,,82.5562515,0.0,124.5,0.0
2025-11-05 02:01:48+00:00,2025-11-05 02:01:48,,,,,,,,,,44.0812492,8.55156231,1043.84998,877.049988,11.9750004,1.0,,19.87,1.0,11.5,82.5562515,,82.5562515,0.0,124.5,0.0
2025-11-05 02:01:49+00:00,2025-11-05 02:01:49,,,,,,,,,,44.0812492,8.55156231,1043.77502,877.275024,11.9750004,1.0,,19.87,1.0,11.5,82.5374985,,82.5374985,0.0,124.5,0.0
2025-11-05 02:01:50+00:00,2025-11-05 02:01:50,43.0,44.0,43.0,43.0,43.0,1.6211576172378261,14.0,FALLBACK,"임시 추천값: (tms_nox_status_error) 기존 SNR 코드: 206(BO_O2) - O2 규칙 적용: 8.6% (8.0% < O2 ≤ 9.0%) (2단계 롤백, 3~4단계에서 Hz 변화 없음)",44.0812492,8.546875,1043.77502,877.424988,12.4750004,1.0,,19.87,1.0,11.5,82.5562515,,82.5562515,0.0,124.5,0.0
2025-11-05 02:01:51+00:00,2025-11-05 02:01:51,,,,,,,,,,44.0887489,8.55937481,1043.69995,877.650024,12.4750004,1.0,,19.87,1.0,11.5,82.5562515,,82.5562515,0.0,124.5,0.0
2025-11-05 02:01:52+00:00,2025-11-05 02:01:52,,,,,,,,,,44.0812492,8.55937481,1043.77502,877.799988,12.4750004,1.0,,19.87,1.0,11.5,82.5562515,,82.5562515,0.0,124.574997,0.0
2025-11-05 02:01:53+00:00,2025-11-05 02:01:53,,,,,,,,,,44.0774994,8.60781288,1043.69995,878.025024,12.4750004,1.0,,19.87,1.0,12.58,82.5562515,,82.5562515,0.0,124.5,0.0
2025-11-05 02:01:54+00:00,2025-11-05 02:01:54,,,,,,,,,,44.0849991,8.60781288,1043.625,878.174988,12.4875002,1.0,,19.87,1.0,12.58,82.5374985,,82.5374985,0.0,124.5,0.0
2025-11-05 02:01:55+00:00,2025-11-05 02:01:55,43.0,44.0,43.0,43.0,43.0,1.7353811143228492,14.0,FALLBACK,"임시 추천값: (tms_nox_status_error) 기존 SNR 코드: 206(BO_O2) - O2 규칙 적용: 8.6% (8.0% < O2 ≤ 9.0%) (2단계 롤백, 3~4단계에서 Hz 변화 없음)",44.0812492,8.67656231,1043.625,878.400024,12.4750004,1.0,,19.87,1.0,12.58,82.5562515,,82.5562515,0.0,124.5,0.0
2025-11-05 02:01:56+00:00,2025-11-05 02:01:56,,,,,,,,,,44.0774994,8.72812462,1043.625,878.549988,12.4875002,1.0,,19.87,1.0,12.58,82.5562515,,82.5562515,0.0,124.5,0.0
2025-11-05 02:01:57+00:00,2025-11-05 02:01:57,,,,,,,,,,44.0737495,8.72812462,1043.55005,878.775024,12.4750004,1.0,,19.87,1.0,12.58,82.5562515,,82.5562515,0.0,124.5,0.0
2025-11-05 02:01:58+00:00,2025-11-05 02:01:58,,,,,,,,,,44.0812492,8.75625038,1043.47498,878.924988,12.4875002,1.0,,19.87,1.0,12.58,82.5374985,,82.5374985,0.0,124.5,0.0
2025-11-05 02:01:59+00:00,2025-11-05 02:01:59,,,,,,,,,,44.0774994,8.77656269,1043.40002,879.150024,12.4750004,1.0,,19.87,1.0,12.58,82.5562515,,82.5562515,0.0,124.5,0.0
2025-11-05 02:02:00+00:00,2025-11-05 02:02:00,43.0,44.0,43.0,43.0,43.0,1.8542362296374224,14.0,FALLBACK,"임시 추천값: (tms_nox_status_error) 기존 SNR 코드: 206(BO_O2) - O2 규칙 적용: 8.7% (8.0% < O2 ≤ 9.0%) (2단계 롤백, 3~4단계에서 Hz 변화 없음)",44.0812492,8.77656269,1043.25,879.299988,13.1499996,1.0,1.0,19.87,1.0,12.58,82.5562515,,82.5562515,0.0,124.5,0.0
2025-11-05 02:02:01+00:00,2025-11-05 02:02:01,,,,,,,,,,44.0962486,8.80000019,1043.17505,879.450012,13.1625004,1.0,,19.87,1.0,12.58,82.5562515,,82.5562515,0.0,124.5,0.0
2025-11-05 02:02:02+00:00,2025-11-05 02:02:02,,,,,,,,,,44.0812492,8.80000019,1043.09998,879.599976,13.1499996,1.0,,19.87,1.0,12.58,82.5562515,,82.5562515,0.0,124.5,0.0
2025-11-05 02:02:03+00:00,2025-11-05 02:02:03,,,,,,,,,,44.0812492,8.82968712,1042.875,879.825012,13.1499996,1.0,,19.87,1.0,13.21,82.5562515,,82.5562515,0.0,124.5,0.0
2025-11-05 02:02:04+00:00,2025-11-05 02:02:04,,,,,,,,,,44.0849991,8.83906269,1042.80005,879.974976,13.1625004,1.0,,19.87,1.0,13.21,82.5562515,,82.5562515,0.0,124.5,0.0
2025-11-05 02:02:05+00:00,2025-11-05 02:02:05,43.0,44.0,43.0,43.0,43.0,1.9579233430558893,14.0,FALLBACK,"임시 추천값: (tms_nox_status_error) 기존 SNR 코드: 206(BO_O2) - O2 규칙 적용: 8.8% (8.0% < O2 ≤ 9.0%) (2단계 롤백, 3~4단계에서 Hz 변화 없음)",44.0962486,8.83906269,1042.65002,880.200012,13.4125004,1.0,,19.87,1.0,13.21,82.5562515,,82.5562515,0.0,124.5,0.0
2025-11-05 02:02:06+00:00,2025-11-05 02:02:06,,,,,,,,,,44.1150017,8.83437538,1042.5,880.275024,13.4125004,1.0,,19.87,1.0,13.21,82.5374985,,82.5374985,0.0,124.5,0.0
2025-11-05 02:02:07+00:00,2025-11-05 02:02:07,,,,,,,,,,44.0999985,8.81718731,1042.34998,880.5,13.3999996,1.0,,19.87,1.0,13.21,82.5562515,,82.5562515,0.0,124.5,0.0
2025-11-05 02:02:08+00:00,2025-11-05 02:02:08,,,,,,,,,,44.0812492,8.81718731,1042.19995,880.650024,13.4125004,1.0,,19.87,1.0,13.21,82.5562515,,82.5562515,0.0,124.5,0.0
2025-11-05 02:02:09+00:00,2025-11-05 02:02:09,,,,,,,,,,44.0924988,8.80312538,1041.97498,880.875,13.3999996,1.0,,19.87,1.0,13.21,82.5374985,,82.5374985,0.0,124.5,0.0
2025-11-05 02:02:10+00:00,2025-11-05 02:02:10,43.0,44.0,43.0,43.0,43.0,1.8987264888692674,14.0,FALLBACK,"임시 추천값: (tms_nox_status_error) 기존 SNR 코드: 206(BO_O2) - O2 규칙 적용: 8.8% (8.0% < O2 ≤ 9.0%) (2단계 롤백, 3~4단계에서 Hz 변화 없음)",44.0849991,8.80312538,1041.82495,880.950012,13.8249998,1.0,,19.87,1.0,13.21,82.5562515,,82.5562515,0.0,124.5,0.0
2025-11-05 02:02:11+00:00,2025-11-05 02:02:11,,,,,,,,,,44.0849991,8.80312538,1041.59998,881.099976,13.8249998,1.0,,19.87,1.0,13.21,82.21875,,82.21875,0.0,124.5,0.0
2025-11-05 02:02:12+00:00,2025-11-05 02:02:12,,,,,,,,,,44.0962486,8.82656288,1041.44995,881.25,13.8249998,1.0,,19.87,1.0,13.21,82.1999969,,82.1999969,0.0,124.5,0.0
2025-11-05 02:02:13+00:00,2025-11-05 02:02:13,,,,,,,,,,44.0774994,8.82656288,1041.22498,881.474976,13.8249998,1.0,,19.87,1.0,13.87,82.1812515,,82.1812515,0.0,124.5,0.0
2025-11-05 02:02:14+00:00,2025-11-05 02:02:14,,,,,,,,,,44.0849991,8.86093712,1041.0,881.625,13.8249998,1.0,,19.87,1.0,13.87,82.1812515,,82.1812515,0.0,124.5,0.0
2025-11-05 02:02:15+00:00,2025-11-05 02:02:15,43.0,44.0,43.0,43.0,43.0,1.7986044371196481,14.0,FALLBACK,"임시 추천값: (tms_nox_status_error) 기존 SNR 코드: 206(BO_O2) - O2 규칙 적용: 8.8% (8.0% < O2 ≤ 9.0%) (2단계 롤백, 3~4단계에서 Hz 변화 없음)",44.0812492,8.90156269,1040.77502,881.775024,14.0749998,1.0,1.0,19.87,1.0,13.87,82.5562515,,82.5562515,0.0,124.574997,0.0
2025-11-05 02:02:16+00:00,2025-11-05 02:02:16,,,,,,,,,,44.0774994,8.90156269,1040.55005,881.849976,14.0749998,1.0,,19.87,1.0,13.87,82.5562515,,82.5562515,0.0,124.5,0.0
2025-11-05 02:02:17+00:00,2025-11-05 02:02:17,,,,,,,,,,44.0887489,8.94843769,1040.25,882.075012,14.0749998,1.0,,19.87,1.0,13.87,82.5562515,,82.5562515,0.0,124.5,0.0
2025-11-05 02:02:18+00:00,2025-11-05 02:02:18,,,,,,,,,,44.0774994,8.94843769,1040.09998,882.150024,14.0874996,1.0,,19.87,1.0,13.87,82.1999969,,82.1999969,0.0,124.5,0.0
2025-11-05 02:02:19+00:00,2025-11-05 02:02:19,,,,,,,,,,44.0737495,9.01406288,1039.80005,882.299988,14.0749998,1.0,,19.87,1.0,13.87,82.1999969,,82.1999969,0.0,124.5,0.0
2025-11-05 02:02:20+00:00,2025-11-05 02:02:20,40.0,39.0,40.0,40.0,40.0,1.7015726658378427,14.0,FALLBACK,"임시 추천값: (tms_nox_status_error) 기존 SNR 코드: 206(BO_O2) - O2 규칙 적용: 9.0% (8.0% < O2 ≤ 9.0%) (2단계 롤백, 3~4단계에서 Hz 변화 없음)",44.1074982,9.09531212,1039.65002,882.450012,14.7624998,1.0,,19.87,1.0,13.87,82.1999969,,82.1999969,0.0,124.5,0.0
2025-11-05 02:02:21+00:00,2025-11-05 02:02:21,,,,,,,,,,44.0887489,9.09531212,1039.34998,882.674988,14.7624998,1.0,,19.87,1.0,13.87,82.1812515,,82.1812515,0.0,124.5,0.0
2025-11-05 02:02:22+00:00,2025-11-05 02:02:22,,,,,,,,,,44.1262512,9.18593788,1039.19995,882.674988,14.7624998,1.0,,19.87,1.0,13.87,82.1812515,,82.1812515,0.0,124.5,0.0
2025-11-05 02:02:23+00:00,2025-11-05 02:02:23,,,,,,,,,,42.6862488,9.27499962,1038.90002,882.825012,14.7624998,1.0,,19.87,1.0,14.83,82.1999969,,82.1999969,0.0,124.5,0.0
2025-11-05 02:02:24+00:00,2025-11-05 02:02:24,,,,,,,,,,41.0287514,9.27499962,1038.67505,882.974976,14.7624998,1.0,,19.87,1.0,14.83,82.1999969,,82.1999969,0.0,124.5,0.0
2025-11-05 02:02:25+00:00,2025-11-05 02:02:25,39.10750005,39.0,39.0,39.0,39.0,1.6285156470536755,14.0,FALLBACK,"임시 추천값: (tms_nox_status_error) 기존 SNR 코드: 100(BO_ONLY) - BO 모델 결과만 사용 (1단계 롤백, 2~4단계에서 Hz 변화 없음)",40.9537506,9.35781288,1038.375,883.125,14.7624998,1.0,,19.87,1.0,14.83,82.1999969,,82.1999969,0.0,124.5,0.0
2025-11-05 02:02:26+00:00,2025-11-05 02:02:26,,,,,,,,,,40.9837494,9.35781288,1038.15002,883.200012,14.7624998,1.0,,19.87,1.0,14.83,80.8874969,,80.8874969,0.0,124.125,0.0
2025-11-05 02:02:27+00:00,2025-11-05 02:02:27,,,,,,,,,,40.9837494,9.44843769,1037.77502,883.349976,14.7624998,1.0,,19.87,1.0,14.83,78.7874985,,78.7874985,0.0,123.0,0.0
2025-11-05 02:02:28+00:00,2025-11-05 02:02:28,,,,,,,,,,40.2037506,9.546875,1037.55005,883.5,14.7624998,1.0,,19.87,1.0,14.83,76.5562515,,76.5562515,0.0,124.5,0.0
2025-11-05 02:02:29+00:00,2025-11-05 02:02:29,,,,,,,,,,39.9075012,9.546875,1037.17505,883.575012,14.7624998,1.0,,19.87,1.0,14.83,74.7750015,,74.7750015,0.0,124.425003,0.0
2025-11-05 02:02:30+00:00,2025-11-05 02:02:30,39.0,38.0,39.0,39.0,39.0,1.5441560427143945,14.0,FALLBACK,"임시 추천값: (tms_nox_status_error) 기존 SNR 코드: 207(BO_O2) - O2 규칙 적용: 9.5% (9.0% < O2 ≤ 10.0%) (2단계 롤백, 3~4단계에서 Hz 변화 없음)",39.9150009,9.65312481,1036.94995,883.650024,15.0249996,1.0,1.0,19.87,1.0,14.83,73.3687515,,73.3687515,0.0,124.5,0.0
2025-11-05 02:02:31+00:00,2025-11-05 02:02:31,,,,,,,,,,39.8925018,9.765625,1036.57495,883.875,15.0124998,1.0,,19.87,1.0,14.83,72.4875031,,72.4875031,0.0,124.5,0.0
2025-11-05 02:02:32+00:00,2025-11-05 02:02:32,,,,,,,,,,39.9037514,9.765625,1036.27502,883.875,15.0124998,1.0,,19.87,1.0,14.83,71.71875,,71.71875,0.0,124.5,0.0
2025-11-05 02:02:33+00:00,2025-11-05 02:02:33,,,,,,,,,,39.9112511,9.86874962,1035.90002,884.025024,15.0124998,1.0,,19.87,1.0,15.1,70.2375031,,70.2375031,0.0,124.5,0.0
2025-11-05 02:02:34+00:00,2025-11-05 02:02:34,,,,,,,,,,39.9037514,9.86874962,1035.67505,884.099976,15.0249996,1.0,,19.87,1.0,15.1,69.75,,69.75,0.0,124.5,0.0
2025-11-05 02:02:35+00:00,2025-11-05 02:02:35,39.0,38.0,39.0,39.0,39.0,1.3242985296715024,14.0,FALLBACK,"임시 추천값: (tms_nox_status_error) 기존 SNR 코드: 207(BO_O2) - O2 규칙 적용: 9.8% (9.0% < O2 ≤ 10.0%) (2단계 롤백, 3~4단계에서 Hz 변화 없음)",39.9037514,9.97031212,1035.30005,884.25,15.6875,1.0,,19.87,1.0,15.1,69.1312485,,69.1312485,0.0,124.5,0.0
2025-11-05 02:02:36+00:00,2025-11-05 02:02:36,,,,,,,,,,39.9037514,10.0749998,1035.0,884.325012,15.6875,1.0,,19.87,1.0,15.1,68.7750015,,68.7750015,0.0,124.5,0.0
2025-11-05 02:02:37+00:00,2025-11-05 02:02:37,,,,,,,,,,39.9075012,10.0749998,1034.625,884.400024,15.6999998,1.0,,19.87,1.0,15.1,68.7562485,,68.7562485,0.0,124.5,0.0
2025-11-05 02:02:38+00:00,2025-11-05 02:02:38,,,,,,,,,,39.9037514,10.1765623,1034.32495,884.549988,15.6875,1.0,,19.87,1.0,15.1,68.7562485,,68.7562485,0.0,124.5,0.0
2025-11-05 02:02:39+00:00,2025-11-05 02:02:39,,,,,,,,,,39.9075012,10.2765627,1033.875,884.625,15.6875,1.0,,19.87,1.0,15.1,68.7562485,,68.7562485,0.0,124.5,0.0
2025-11-05 02:02:40+00:00,2025-11-05 02:02:40,38.0,39.0,38.0,38.0,38.0,1.1491045071091683,14.0,FALLBACK,"임시 추천값: (tms_nox_status_error) 기존 SNR 코드: 208(BO_O2) - O2 규칙 적용: 10.1% (10.0% < O2 ≤ 12.0%) (2단계 롤백, 3~4단계에서 Hz 변화 없음)",39.9150009,10.2765627,1033.65002,884.700012,15.6125002,1.0,,19.87,1.0,15.1,68.7562485,,68.7562485,0.0,124.5,0.0
2025-11-05 02:02:41+00:00,2025-11-05 02:02:41,,,,,,,,,,39.9000015,10.3734379,1033.27502,884.775024,15.6125002,1.0,,19.87,1.0,15.1,68.7562485,,68.7562485,0.0,124.5,0.0
2025-11-05 02:02:42+00:00,2025-11-05 02:02:42,,,,,,,,,,39.8925018,10.3734379,1032.97498,884.849976,15.6000004,1.0,,19.87,1.0,15.1,68.7375031,,68.7375031,0.0,124.5,0.0
2025-11-05 02:02:43+00:00,2025-11-05 02:02:43,,,,,,,,,,39.2512512,10.4578123,1032.59998,885.0,15.6000004,1.0,,19.87,1.0,15.71,68.7562485,,68.7562485,0.0,124.5,0.0
2025-11-05 02:02:44+00:00,2025-11-05 02:02:44,,,,,,,,,,38.7900009,10.5359373,1032.375,885.075012,15.6000004,1.0,,19.87,1.0,15.71,68.7562485,,68.7562485,0.0,124.5,0.0
2025-11-05 02:02:45+00:00,2025-11-05 02:02:45,38.0,39.0,38.0,38.0,38.0,1.1021129614139897,14.0,FALLBACK,"임시 추천값: (tms_nox_status_error) 기존 SNR 코드: 208(BO_O2) - O2 규칙 적용: 10.4% (10.0% < O2 ≤ 12.0%) (2단계 롤백, 3~4단계에서 Hz 변화 없음)",38.8274994,10.5359373,1031.92505,885.224976,15.6875,1.0,1.0,19.87,1.0,15.71,68.7562485,,68.7562485,0.0,124.5,0.0
2025-11-05 02:02:46+00:00,2025-11-05 02:02:46,,,,,,,,,,38.8012505,10.6078129,1031.69995,885.224976,15.6875,1.0,,19.87,1.0,15.71,68.0999985,,68.0999985,0.0,124.5,0.0
2025-11-05 02:02:47+00:00,2025-11-05 02:02:47,,,,,,,,,,38.8050003,10.6671877,1031.25,885.299988,15.6875,1.0,,19.87,1.0,15.71,67.2937469,,67.2937469,0.0,124.5,0.0
2025-11-05 02:02:48+00:00,2025-11-05 02:02:48,,,,,,,,,,38.7825012,10.6671877,1031.02502,885.375,15.6875,1.0,,19.87,1.0,15.71,66.9749985,,66.9749985,0.0,124.5,0.0
2025-11-05 02:02:49+00:00,2025-11-05 02:02:49,,,,,,,,,,38.7900009,10.7109375,1030.72498,885.450012,15.6875,1.0,,19.87,1.0,15.71,65.9437485,,65.9437485,0.0,124.5,0.0
2025-11-05 02:02:50+00:00,2025-11-05 02:02:50,38.0,39.0,38.0,38.0,38.0,0.999817028538681,14.0,FALLBACK,"임시 추천값: (tms_nox_status_error) 기존 SNR 코드: 208(BO_O2) - O2 규칙 적용: 10.6% (10.0% < O2 ≤ 12.0%) (2단계 롤백, 3~4단계에서 Hz 변화 없음)",38.7900009,10.7109375,1030.5,885.525024,15.7749996,1.0,,19.87,1.0,15.71,65.7375031,,65.7375031,0.0,124.425003,0.0
2025-11-05 02:02:51+00:00,2025-11-05 02:02:51,,,,,,,,,,38.7975006,10.7453127,1030.27502,885.599976,15.7749996,1.0,,19.87,1.0,15.71,65.7375031,,65.7375031,0.0,124.5,0.0
2025-11-05 02:02:52+00:00,2025-11-05 02:02:52,,,,,,,,,,38.7937508,10.7687502,1030.05005,885.599976,15.7749996,1.0,,19.87,1.0,15.71,65.3812485,,65.3812485,0.0,124.5,0.0
2025-11-05 02:02:53+00:00,2025-11-05 02:02:53,,,,,,,,,,38.7975006,10.7687502,1029.82495,885.75,15.7749996,1.0,,19.87,1.0,15.88,65.3812485,,65.3812485,0.0,124.5,0.0
2025-11-05 02:02:54+00:00,2025-11-05 02:02:54,,,,,,,,,,38.7825012,10.7937498,1029.67505,885.75,15.7749996,1.0,,19.87,1.0,15.88,65.0812531,,65.0812531,0.0,124.425003,0.0
2025-11-05 02:02:55+00:00,2025-11-05 02:02:55,38.0,39.0,38.0,38.0,38.0,1.0828347165978454,14.0,FALLBACK,"임시 추천값: (tms_nox_status_error) 기존 SNR 코드: 208(BO_O2) - O2 규칙 적용: 10.8% (10.0% < O2 ≤ 12.0%) (2단계 롤백, 3~4단계에서 Hz 변화 없음)",38.7900009,10.8312502,1029.375,885.900024,15.6875,1.0,,19.87,1.0,15.88,65.0062485,,65.0062485,0.0,124.5,0.0
2025-11-05 02:02:56+00:00,2025-11-05 02:02:56,,,,,,,,,,38.7825012,10.8312502,1029.30005,885.900024,15.6875,1.0,,19.87,1.0,15.88,65.0062485,,65.0062485,0.0,124.5,0.0
2025-11-05 02:02:57+00:00,2025-11-05 02:02:57,,,,,,,,,,38.8237495,10.8671875,1029.0,885.900024,15.6875,1.0,,19.87,1.0,15.88,65.0062485,,65.0062485,0.0,124.5,0.0
2025-11-05 02:02:58+00:00,2025-11-05 02:02:58,,,,,,,,,,38.7862511,10.8671875,1028.84998,885.974976,15.6875,1.0,,19.87,1.0,15.88,64.9875031,,64.9875031,0.0,124.5,0.0
2025-11-05 02:02:59+00:00,2025-11-05 02:02:59,,,,,,,,,,38.7900009,10.9046879,1028.55005,886.049988,15.6875,1.0,,19.87,1.0,15.88,64.9875031,,64.9875031,0.0,124.5,0.0
2025-11-05 02:03:00+00:00,2025-11-05 02:03:00,38.0,39.0,38.0,38.0,38.0,0.8349979695427906,14.0,FALLBACK,"임시 추천값: (tms_nox_status_error) 기존 SNR 코드: 208(BO_O2) - O2 규칙 적용: 10.9% (10.0% < O2 ≤ 12.0%) (2단계 롤백, 3~4단계에서 Hz 변화 없음)",38.7825012,10.9453125,1028.40002,886.049988,15.7749996,1.0,1.0,19.87,1.0,15.88,65.0062485,,65.0062485,0.0,124.5,0.0
2025-11-05 02:03:01+00:00,2025-11-05 02:03:01,,,,,,,,,,38.7975006,10.9453125,1028.09998,886.125,15.7749996,1.0,,19.87,1.0,15.88,65.0062485,,65.0062485,0.0,124.5,0.0
2025-11-05 02:03:02+00:00,2025-11-05 02:03:02,,,,,,,,,,38.7862511,10.9703121,1027.875,886.200012,15.7624998,1.0,,19.87,1.0,15.88,64.9875031,,64.9875031,0.0,124.5,0.0
2025-11-05 02:03:03+00:00,2025-11-05 02:03:03,,,,,,,,,,38.7862511,10.9703121,1027.57495,886.200012,15.7749996,1.0,,19.87,1.0,15.84,64.9875031,,64.9875031,0.0,124.5,0.0
2025-11-05 02:03:04+00:00,2025-11-05 02:03:04,,,,,,,,,,38.7900009,10.9703121,1027.34998,886.275024,15.7749996,1.0,,19.87,1.0,15.84,65.0062485,,65.0062485,0.0,124.5,0.0
2025-11-05 02:03:05+00:00,2025-11-05 02:03:05,38.0,39.0,38.0,38.0,38.0,0.866895781384503,14.0,FALLBACK,"임시 추천값: (tms_nox_status_error) 기존 SNR 코드: 208(BO_O2) - O2 규칙 적용: 11.0% (10.0% < O2 ≤ 12.0%) (2단계 롤백, 3~4단계에서 Hz 변화 없음)",38.7937508,10.9484377,1027.05005,886.275024,15.5249996,1.0,,19.87,1.0,15.84,65.0062485,,65.0062485,0.0,124.574997,0.0
2025-11-05 02:03:06+00:00,2025-11-05 02:03:06,,,,,,,,,,38.7900009,10.8999996,1026.82495,886.275024,15.5249996,1.0,,19.87,1.0,15.84,64.9875031,,64.9875031,0.0,124.5,0.0
2025-11-05 02:03:07+00:00,2025-11-05 02:03:07,,,,,,,,,,38.7825012,10.8999996,1026.44995,886.349976,15.5249996,1.0,,19.87,1.0,15.84,64.9875031,,64.9875031,0.0,124.425003,0.0
2025-11-05 02:03:08+00:00,2025-11-05 02:03:08,,,,,,,,,,38.7862511,10.8453121,1026.22498,886.424988,15.5249996,1.0,,19.87,1.0,15.84,65.0062485,,65.0062485,0.0,124.5,0.0
2025-11-05 02:03:09+00:00,2025-11-05 02:03:09,,,,,,,,,,38.7975006,10.8453121,1025.77502,886.424988,15.5249996,1.0,,19.87,1.0,15.84,64.9875031,,64.9875031,0.0,124.5,0.0
2025-11-05 02:03:10+00:00,2025-11-05 02:03:10,38.0,39.0,38.0,38.0,38.0,0.6036955990257143,14.0,FALLBACK,"임시 추천값: (tms_nox_status_error) 기존 SNR 코드: 208(BO_O2) - O2 규칙 적용: 10.9% (10.0% < O2 ≤ 12.0%) (2단계 롤백, 3~4단계에서 Hz 변화 없음)",38.7862511,10.7906246,1025.55005,886.424988,15.3500004,1.0,,19.87,1.0,15.84,64.9875031,,64.9875031,0.0,124.425003,0.0
2025-11-05 02:03:11+00:00,2025-11-05 02:03:11,,,,,,,,,,38.7825012,10.7468748,1025.17505,886.424988,15.3500004,1.0,,19.87,1.0,15.84,64.9875031,,64.9875031,0.0,124.5,0.0
2025-11-05 02:03:12+00:00,2025-11-05 02:03:12,,,,,,,,,,38.7937508,10.7468748,1024.875,886.424988,15.3500004,1.0,,19.87,1.0,15.84,65.0062485,,65.0062485,0.0,124.5,0.0
2025-11-05 02:03:13+00:00,2025-11-05 02:03:13,,,,,,,,,,38.7862511,10.7062502,1024.42505,886.5,15.3500004,1.0,,19.87,0.0,15.44,65.0062485,,65.0062485,0.0,124.5,0.0
2025-11-05 02:03:14+00:00,2025-11-05 02:03:14,,,,,,,,,,38.7900009,10.7062502,1024.19995,886.5,15.3500004,1.0,,19.87,0.0,15.44,64.9875031,,64.9875031,0.0,124.5,0.0
2025-11-05 02:03:15+00:00,2025-11-05 02:03:15,38.0,39.0,38.0,38.0,38.0,13.9938346494165,208.0,BO_O2,"O2 규칙 적용: 10.7% (10.0% < O2 ≤ 12.0%) (2단계 롤백, 3~4단계에서 Hz 변화 없음)",38.7900009,10.6781254,1023.75,886.5,15.0249996,1.0,1.0,19.87,0.0,15.44,64.9875031,,64.9875031,0.0,124.5,0.0
2025-11-05 02:03:16+00:00,2025-11-05 02:03:16,,,,,,,,,,38.7900009,10.671875,1023.45001,886.5,15.0249996,1.0,,19.87,0.0,15.44,65.0062485,,65.0062485,0.0,124.5,0.0
2025-11-05 02:03:17+00:00,2025-11-05 02:03:17,,,,,,,,,,38.7900009,10.671875,1023.0,886.5,15.0249996,1.0,,19.87,0.0,15.44,65.0062485,,65.0062485,0.0,124.5,0.0
2025-11-05 02:03:18+00:00,2025-11-05 02:03:18,,,,,,,,,,38.7900009,10.6781254,1022.70001,886.5,15.0124998,1.0,,19.87,0.0,15.44,65.0062485,,65.0062485,0.0,124.425003,0.0
2025-11-05 02:03:19+00:00,2025-11-05 02:03:19,,,,,,,,,,38.7825012,10.7062502,1022.32501,886.5,15.0124998,1.0,,19.87,0.0,15.44,64.9875031,,64.9875031,0.0,124.5,0.0
2025-11-05 02:03:20+00:00,2025-11-05 02:03:20,38.0,39.0,38.0,38.0,38.0,12.564657869692983,208.0,BO_O2,"O2 규칙 적용: 10.7% (10.0% < O2 ≤ 12.0%) (2단계 롤백, 3~4단계에서 Hz 변화 없음)",38.7937508,10.7062502,1022.02502,886.5,14.6000004,1.0,,19.87,0.0,15.44,65.0062485,,65.0062485,0.0,124.5,0.0
2025-11-05 02:03:21+00:00,2025-11-05 02:03:21,,,,,,,,,,38.8012505,10.7515621,1021.65002,886.5,14.6000004,1.0,,19.87,0.0,15.44,65.0062485,,65.0062485,0.0,124.5,0.0
2025-11-05 02:03:22+00:00,2025-11-05 02:03:22,,,,,,,,,,38.7862511,10.7515621,1021.34998,886.5,14.6000004,1.0,,19.87,0.0,15.44,64.9875031,,64.9875031,0.0,124.5,0.0
2025-11-05 02:03:23+00:00,2025-11-05 02:03:23,,,,,,,,,,38.7900009,10.8109379,1020.90002,886.5,14.6000004,1.0,,19.87,0.0,14.67,64.9875031,,64.9875031,0.0,124.425003,0.0
2025-11-05 02:03:24+00:00,2025-11-05 02:03:24,,,,,,,,,,38.7862511,10.875,1020.59998,886.5,14.6000004,1.0,,19.87,0.0,14.67,65.0062485,,65.0062485,0.0,124.5,0.0
2025-11-05 02:03:25+00:00,2025-11-05 02:03:25,38.0,39.0,38.0,38.0,38.0,12.137474271222658,208.0,BO_O2,"O2 규칙 적용: 10.8% (10.0% < O2 ≤ 12.0%) (2단계 롤백, 3~4단계에서 Hz 변화 없음)",38.7825012,10.875,1020.22498,886.5,14.1625004,1.0,,19.87,0.0,14.67,64.6500015,,64.6500015,0.0,124.5,0.0
2025-11-05 02:03:26+00:00,2025-11-05 02:03:26,,,,,,,,,,38.7937508,10.9406252,1019.92499,886.5,14.1625004,1.0,,19.87,0.0,14.67,64.6312485,,64.6312485,0.0,124.5,0.0
2025-11-05 02:03:27+00:00,2025-11-05 02:03:27,,,,,,,,,,38.7937508,11.0187502,1019.54999,886.5,14.1750002,1.0,,19.87,0.0,14.67,64.9499969,,64.9499969,0.0,124.5,0.0
2025-11-05 02:03:28+00:00,2025-11-05 02:03:28,,,,,,,,,,38.7825012,11.0187502,1019.25,886.5,14.1625004,1.0,,19.87,0.0,14.67,65.0062485,,65.0062485,0.0,124.5,0.0
2025-11-05 02:03:29+00:00,2025-11-05 02:03:29,,,,,,,,,,38.7862511,11.0890627,1018.79999,886.5,14.1625004,1.0,,19.87,0.0,14.67,65.0062485,,65.0062485,0.0,124.5,0.0
2025-11-05 02:03:30+00:00,2025-11-05 02:03:30,38.0,39.0,38.0,38.0,38.0,10.937593155797932,208.0,BO_O2,"O2 규칙 적용: 11.0% (10.0% < O2 ≤ 12.0%) (2단계 롤백, 3~4단계에서 Hz 변화 없음)",38.7937508,11.0890627,1018.57501,886.5,14.1625004,1.0,1.0,19.87,0.0,14.67,64.9875031,,64.9875031,0.0,124.5,0.0
2025-11-05 02:03:31+00:00,2025-11-05 02:03:31,,,,,,,,,,38.7975006,11.1499996,1018.125,886.424988,14.1625004,1.0,,19.87,0.0,14.67,64.6312485,,64.6312485,0.0,124.5,0.0
2025-11-05 02:03:32+00:00,2025-11-05 02:03:32,,,,,,,,,,38.7900009,11.203125,1017.82501,886.424988,14.1625004,1.0,,19.87,0.0,14.67,64.6312485,,64.6312485,0.0,124.5,0.0
2025-11-05 02:03:33+00:00,2025-11-05 02:03:33,,,,,,,,,,38.7862511,11.203125,1017.45001,886.424988,14.1625004,1.0,,19.87,0.0,14.28,64.8000031,,64.8000031,0.0,124.5,0.0
2025-11-05 02:03:34+00:00,2025-11-05 02:03:34,,,,,,,,,,38.7787514,11.2515621,1017.15002,886.349976,14.1625004,1.0,,19.87,0.0,14.28,65.0062485,,65.0062485,0.0,124.5,0.0
2025-11-05 02:03:35+00:00,2025-11-05 02:03:35,38.0,39.0,38.0,38.0,38.0,10.77174053371535,208.0,BO_O2,"O2 규칙 적용: 11.2% (10.0% < O2 ≤ 12.0%) (2단계 롤백, 3~4단계에서 Hz 변화 없음)",38.7900009,11.3015623,1016.77502,886.349976,13.7375002,1.0,,19.87,0.0,14.28,64.6312485,,64.6312485,0.0,124.425003,0.0
2025-11-05 02:03:36+00:00,2025-11-05 02:03:36,,,,,,,,,,38.7787514,11.3015623,1016.47498,886.424988,13.75,1.0,,19.87,0.0,14.28,64.6312485,,64.6312485,0.0,124.5,0.0
2025-11-05 02:03:37+00:00,2025-11-05 02:03:37,,,,,,,,,,38.7787514,11.3546877,1016.09998,886.349976,13.7375002,1.0,,19.87,0.0,14.28,64.6312485,,64.6312485,0.0,124.5,0.0
2025-11-05 02:03:38+00:00,2025-11-05 02:03:38,,,,,,,,,,38.8050003,11.3546877,1015.72498,886.275024,13.7375002,1.0,,19.87,0.0,14.28,64.6312485,,64.6312485,0.0,124.5,0.0
2025-11-05 02:03:39+00:00,2025-11-05 02:03:39,,,,,,,,,,38.7825012,11.4093752,1015.34998,886.275024,13.75,1.0,,19.87,0.0,14.28,64.6312485,,64.6312485,0.0,124.5,0.0
2025-11-05 02:03:40+00:00,2025-11-05 02:03:40,38.0,39.0,38.0,38.0,38.0,10.530164067148565,208.0,BO_O2,"O2 규칙 적용: 11.3% (10.0% < O2 ≤ 12.0%) (2단계 롤백, 3~4단계에서 Hz 변화 없음)",38.7862511,11.4515629,1015.04999,886.275024,13.6625004,1.0,,19.87,0.0,14.28,64.6312485,,64.6312485,0.0,124.5,0.0
2025-11-05 02:03:41+00:00,2025-11-05 02:03:41,,,,,,,,,,38.7900009,11.4515629,1014.52502,886.200012,13.6625004,1.0,,19.87,0.0,14.28,64.6312485,,64.6312485,0.0,124.5,0.0
2025-11-05 02:03:42+00:00,2025-11-05 02:03:42,,,,,,,,,,38.7862511,11.4875002,1014.29999,886.200012,13.6625004,1.0,,19.87,0.0,14.28,64.6312485,,64.6312485,0.0,124.5,0.0
2025-11-05 02:03:43+00:00,2025-11-05 02:03:43,,,,,,,,,,38.7862511,11.5343752,1013.77502,886.125,13.6625004,1.0,,19.87,0.0,13.73,64.6312485,,64.6312485,0.0,124.5,0.0
2025-11-05 02:03:44+00:00,2025-11-05 02:03:44,,,,,,,,,,38.7900009,11.5343752,1013.47498,886.125,13.6499996,1.0,,19.87,0.0,13.73,64.6312485,,64.6312485,0.0,124.5,0.0
2025-11-05 02:03:45+00:00,2025-11-05 02:03:45,38.0,39.0,38.0,38.0,38.0,10.401646063159673,208.0,BO_O2,"O2 규칙 적용: 11.5% (10.0% < O2 ≤ 12.0%) (2단계 롤백, 3~4단계에서 Hz 변화 없음)",38.7862511,11.5828123,1013.02502,886.049988,13.7375002,1.0,1.0,19.87,0.0,13.73,64.6500015,,64.6500015,0.0,124.5,0.0
2025-11-05 02:03:46+00:00,2025-11-05 02:03:46,,,,,,,,,,38.8050003,11.5828123,1012.72498,885.974976,13.75,1.0,,19.87,0.0,13.73,65.0062485,,65.0062485,0.0,124.5,0.0
2025-11-05 02:03:47+00:00,2025-11-05 02:03:47,,,,,,,,,,38.7937508,11.6265621,1012.20001,885.974976,13.75,1.0,,19.87,0.0,13.73,64.6312485,,64.6312485,0.0,124.425003,0.0
2025-11-05 02:03:48+00:00,2025-11-05 02:03:48,,,,,,,,,,38.7862511,11.6734371,1011.82501,885.900024,13.75,1.0,,19.87,0.0,13.73,64.6312485,,64.6312485,0.0,124.5,0.0
2025-11-05 02:03:49+00:00,2025-11-05 02:03:49,,,,,,,,,,38.7825012,11.6734371,1011.375,885.900024,13.7624998,1.0,,19.87,0.0,13.73,64.6312485,,64.6312485,0.0,124.5,0.0
2025-11-05 02:03:50+00:00,2025-11-05 02:03:50,38.0,39.0,38.0,38.0,38.0,11.525472728625576,208.0,BO_O2,"O2 규칙 적용: 11.6% (10.0% < O2 ≤ 12.0%) (2단계 롤백, 3~4단계에서 Hz 변화 없음)",38.8087502,11.7250004,1011.07501,885.825012,13.8249998,1.0,,19.87,0.0,13.73,64.6312485,,64.6312485,0.0,124.5,0.0
2025-11-05 02:03:51+00:00,2025-11-05 02:03:51,,,,,,,,,,38.7900009,11.7796879,1010.47498,885.75,13.8249998,1.0,,19.87,0.0,13.73,64.6312485,,64.6312485,0.0,124.5,0.0
2025-11-05 02:03:52+00:00,2025-11-05 02:03:52,,,,,,,,,,38.7862511,11.7796879,1010.17499,885.674988,13.8249998,1.0,,19.87,0.0,13.73,64.6312485,,64.6312485,0.0,124.425003,0.0
2025-11-05 02:03:53+00:00,2025-11-05 02:03:53,,,,,,,,,,38.7900009,11.8390627,1009.57501,885.599976,13.8249998,1.0,,19.87,0.0,13.91,64.6312485,,64.6312485,0.0,124.5,0.0
2025-11-05 02:03:54+00:00,2025-11-05 02:03:54,,,,,,,,,,38.7862511,11.8999996,1009.20001,885.599976,13.8249998,1.0,,19.87,0.0,13.91,64.6312485,,64.6312485,0.0,124.574997,0.0
2025-11-05 02:03:55+00:00,2025-11-05 02:03:55,38.0,39.0,38.0,38.0,38.0,11.869133168179676,208.0,BO_O2,"O2 규칙 적용: 11.8% (10.0% < O2 ≤ 12.0%) (2단계 롤백, 3~4단계에서 Hz 변화 없음)",38.7900009,11.8999996,1008.59998,885.450012,14.0,1.0,,19.87,0.0,13.91,64.6312485,,64.6312485,0.0,124.425003,0.0
2025-11-05 02:03:56+00:00,2025-11-05 02:03:56,,,,,,,,,,38.7825012,11.9578123,1008.22498,885.450012,14.0,1.0,,19.87,0.0,13.91,64.6312485,,64.6312485,0.0,124.5,0.0
2025-11-05 02:03:57+00:00,2025-11-05 02:03:57,,,,,,,,,,38.7862511,11.9578123,1007.625,885.375,13.9875002,1.0,,19.87,0.0,13.91,64.6500015,,64.6500015,0.0,124.5,0.0
2025-11-05 02:03:58+00:00,2025-11-05 02:03:58,,,,,,,,,,38.7937508,12.015625,1007.25,885.375,13.9875002,1.0,,19.87,0.0,13.91,64.6312485,,64.6312485,0.0,124.5,0.0
2025-11-05 02:03:59+00:00,2025-11-05 02:03:59,,,,,,,,,,38.7825012,12.0812502,1006.65002,885.224976,14.0,1.0,,19.87,0.0,13.91,64.6312485,,64.6312485,0.0,124.425003,0.0
2025-11-05 02:04:00+00:00,2025-11-05 02:04:00,38.0,39.0,38.0,38.0,38.0,13.159174690155359,208.0,BO_O2,"O2 규칙 적용: 12.0% (10.0% < O2 ≤ 12.0%) (2단계 롤백, 3~4단계에서 Hz 변화 없음)",38.7787514,12.0812502,1006.27502,885.150024,14.25,1.0,1.0,19.87,0.0,13.91,64.6312485,,64.6312485,0.0,124.5,0.0
2025-11-05 02:04:01+00:00,2025-11-05 02:04:01,,,,,,,,,,38.7825012,12.1515627,1005.67499,885.075012,14.25,1.0,,19.87,0.0,13.91,64.6500015,,64.6500015,0.0,124.5,0.0
2025-11-05 02:04:02+00:00,2025-11-05 02:04:02,,,,,,,,,,38.7937508,12.2203121,1005.29999,885.0,14.25,1.0,,19.87,0.0,13.91,64.6500015,,64.6500015,0.0,124.5,0.0
2025-11-05 02:04:03+00:00,2025-11-05 02:04:03,,,,,,,,,,38.8237495,12.2203121,1004.625,884.924988,14.25,1.0,,19.87,0.0,14.35,64.6312485,,64.6312485,0.0,124.425003,0.0
2025-11-05 02:04:04+00:00,2025-11-05 02:04:04,,,,,,,,,,38.7862511,12.2921877,1004.25,884.849976,14.25,1.0,,19.87,0.0,14.35,64.6312485,,64.6312485,0.0,124.5,0.0
2025-11-05 02:04:05+00:00,2025-11-05 02:04:05,38.0,39.0,38.0,38.0,38.0,13.3823029061013,209.0,BO_O2,"O2 규칙 적용: 12.2% (12.0% < O2 ≤ 14.0%) (2단계 롤백, 3~4단계에서 Hz 변화 없음)",38.7825012,12.2921877,1003.65002,884.775024,14.4375,1.0,,19.87,0.0,14.35,64.6500015,,64.6500015,0.0,124.5,0.0
2025-11-05 02:04:06+00:00,2025-11-05 02:04:06,,,,,,,,,,38.7750015,12.3671875,1003.27502,884.700012,14.4375,1.0,,19.87,0.0,14.35,64.6500015,,64.6500015,0.0,124.5,0.0
2025-11-05 02:04:07+00:00,2025-11-05 02:04:07,,,,,,,,,,38.7937508,12.4390621,1002.67499,884.549988,14.4375,1.0,,19.87,0.0,14.35,64.6312485,,64.6312485,0.0,124.5,0.0
2025-11-05 02:04:08+00:00,2025-11-05 02:04:08,,,,,,,,,,38.7975006,12.4390621,1002.375,884.549988,14.4375,1.0,,19.87,0.0,14.35,64.6312485,,64.6312485,0.0,124.425003,0.0
2025-11-05 02:04:09+00:00,2025-11-05 02:04:09,,,,,,,,,,38.7825012,12.5093746,1001.77502,884.400024,14.4375,1.0,,19.87,0.0,14.35,64.6500015,,64.6500015,0.0,124.5,0.0
2025-11-05 02:04:10+00:00,2025-11-05 02:04:10,38.0,39.0,38.0,38.0,38.0,13.414977861518908,209.0,BO_O2,"O2 규칙 적용: 12.4% (12.0% < O2 ≤ 14.0%) (2단계 롤백, 3~4단계에서 Hz 변화 없음)",38.7825012,12.5796871,1001.47498,884.325012,14.4375,1.0,,19.87,0.0,14.35,64.6312485,,64.6312485,0.0,124.5,0.0
2025-11-05 02:04:11+00:00,2025-11-05 02:04:11,,,,,,,,,,38.7862511,12.5796871,1001.02502,884.325012,14.4375,1.0,,19.87,0.0,14.35,64.6312485,,64.6312485,0.0,124.425003,0.0
2025-11-05 02:04:12+00:00,2025-11-05 02:04:12,,,,,,,,,,38.7862511,12.6359377,1000.72498,884.174988,14.4375,1.0,,19.87,0.0,14.35,64.6312485,,64.6312485,0.0,124.5,0.0
2025-11-05 02:04:13+00:00,2025-11-05 02:04:13,,,,,,,,,,38.7825012,12.6359377,1000.20001,884.099976,14.4375,1.0,,19.87,0.0,14.5,64.6500015,,64.6500015,0.0,124.5,0.0
2025-11-05 02:04:14+00:00,2025-11-05 02:04:14,,,,,,,,,,38.7937508,12.6734371,999.900024,884.025024,14.4375,1.0,,19.87,0.0,14.5,64.8937531,,64.8937531,0.0,124.5,0.0
2025-11-05 02:04:15+00:00,2025-11-05 02:04:15,38.0,39.0,38.0,38.0,38.0,13.313311193624255,209.0,BO_O2,"O2 규칙 적용: 12.6% (12.0% < O2 ≤ 14.0%) (2단계 롤백, 3~4단계에서 Hz 변화 없음)",38.7787514,12.7046871,999.375,883.875,14.3374996,1.0,1.0,19.87,0.0,14.5,64.6500015,,64.6500015,0.0,124.5,0.0
2025-11-05 02:04:16+00:00,2025-11-05 02:04:16,,,,,,,,,,38.7900009,12.7046871,999.075012,883.799988,14.3374996,1.0,,19.87,0.0,14.5,64.6312485,,64.6312485,0.0,124.425003,0.0
2025-11-05 02:04:17+00:00,2025-11-05 02:04:17,,,,,,,,,,38.7975006,12.7218752,998.549988,883.724976,14.3374996,1.0,,19.87,0.0,14.5,64.6500015,,64.6500015,0.0,124.5,0.0
2025-11-05 02:04:18+00:00,2025-11-05 02:04:18,,,,,,,,,,38.7825012,12.7312498,998.25,883.650024,14.3374996,1.0,,19.87,0.0,14.5,64.6500015,,64.6500015,0.0,124.5,0.0
2025-11-05 02:04:19+00:00,2025-11-05 02:04:19,,,,,,,,,,38.7862511,12.7312498,997.799988,883.5,14.3374996,1.0,,19.87,0.0,14.5,64.6500015,,64.6500015,0.0,124.5,0.0
2025-11-05 02:04:20+00:00,2025-11-05 02:04:20,38.0,39.0,38.0,38.0,38.0,13.264808974519967,209.0,BO_O2,"O2 규칙 적용: 12.7% (12.0% < O2 ≤ 14.0%) (2단계 롤백, 3~4단계에서 Hz 변화 없음)",38.7937508,12.7312498,997.5,883.424988,14.4375,1.0,,19.87,0.0,14.5,64.6312485,,64.6312485,0.0,124.425003,0.0
2025-11-05 02:04:21+00:00,2025-11-05 02:04:21,,,,,,,,,,38.7862511,12.7312498,997.049988,883.349976,14.4250002,1.0,,19.87,0.0,14.5,64.6312485,,64.6312485,0.0,124.5,0.0
2025-11-05 02:04:22+00:00,2025-11-05 02:04:22,,,,,,,,,,38.7900009,12.71875,996.75,883.200012,14.4375,1.0,,19.87,0.0,14.5,64.6500015,,64.6500015,0.0,124.5,0.0
2025-11-05 02:04:23+00:00,2025-11-05 02:04:23,,,,,,,,,,38.7825012,12.6921873,996.299988,883.125,14.4375,1.0,,19.87,0.0,14.51,64.6312485,,64.6312485,0.0,124.5,0.0
2025-11-05 02:04:24+00:00,2025-11-05 02:04:24,,,,,,,,,,38.7825012,12.6921873,996.0,883.049988,14.4375,1.0,,19.87,0.0,14.51,64.6312485,,64.6312485,0.0,124.5,0.0
2025-11-05 02:04:25+00:00,2025-11-05 02:04:25,38.0,39.0,38.0,38.0,38.0,13.065208193532646,209.0,BO_O2,"O2 규칙 적용: 12.7% (12.0% < O2 ≤ 14.0%) (2단계 롤백, 3~4단계에서 Hz 변화 없음)",38.7862511,12.6640625,995.549988,882.900024,14.25,1.0,,19.87,0.0,14.51,64.6500015,,64.6500015,0.0,124.5,0.0
2025-11-05 02:04:26+00:00,2025-11-05 02:04:26,,,,,,,,,,38.7825012,12.6453123,995.174988,882.825012,14.25,1.0,,19.87,0.0,14.51,64.6500015,,64.6500015,0.0,124.5,0.0
2025-11-05 02:04:27+00:00,2025-11-05 02:04:27,,,,,,,,,,38.8087502,12.6453123,994.724976,882.75,14.25,1.0,,19.87,0.0,14.51,64.6312485,,64.6312485,0.0,124.5,0.0
2025-11-05 02:04:28+00:00,2025-11-05 02:04:28,,,,,,,,,,38.7787514,12.6359377,994.424988,882.674988,14.25,1.0,,19.87,0.0,14.51,64.6312485,,64.6312485,0.0,124.5,0.0
2025-11-05 02:04:29+00:00,2025-11-05 02:04:29,,,,,,,,,,38.7787514,12.6359377,993.974976,882.525024,14.25,1.0,,19.87,0.0,14.51,64.6312485,,64.6312485,0.0,124.5,0.0
2025-11-05 02:04:30+00:00,2025-11-05 02:04:30,38.0,39.0,38.0,38.0,38.0,12.431315119070455,209.0,BO_O2,"O2 규칙 적용: 12.6% (12.0% < O2 ≤ 14.0%) (2단계 롤백, 3~4단계에서 Hz 변화 없음)",38.7900009,12.6281252,993.674988,882.375,14.25,1.0,1.0,19.87,0.0,14.51,64.6500015,,64.6500015,0.0,124.5,0.0
2025-11-05 02:04:31+00:00,2025-11-05 02:04:31,,,,,,,,,,38.7900009,12.6265621,993.150024,882.299988,14.25,1.0,,19.87,0.0,14.51,64.6500015,,64.6500015,0.0,124.5,0.0
2025-11-05 02:04:32+00:00,2025-11-05 02:04:32,,,,,,,,,,38.7862511,12.6265621,992.849976,882.224976,14.25,1.0,,19.87,0.0,14.51,64.6312485,,64.6312485,0.0,124.425003,0.0
2025-11-05 02:04:33+00:00,2025-11-05 02:04:33,,,,,,,,,,38.7862511,12.6343746,992.400024,882.075012,14.25,1.0,,19.87,0.0,14.32,64.6312485,,64.6312485,0.0,124.5,0.0
2025-11-05 02:04:34+00:00,2025-11-05 02:04:34,,,,,,,,,,38.7900009,12.6374998,992.099976,882.0,14.25,1.0,,19.87,0.0,14.32,64.6500015,,64.6500015,0.0,124.5,0.0
2025-11-05 02:04:35+00:00,2025-11-05 02:04:35,38.0,39.0,38.0,38.0,38.0,12.521363478924886,209.0,BO_O2,"O2 규칙 적용: 12.6% (12.0% < O2 ≤ 14.0%) (2단계 롤백, 3~4단계에서 Hz 변화 없음)",38.7862511,12.6374998,991.575012,881.849976,14.0874996,1.0,,19.87,0.0,14.32,64.6312485,,64.6312485,0.0,124.5,0.0
2025-11-05 02:04:36+00:00,2025-11-05 02:04:36,,,,,,,,,,38.7937508,12.6359377,991.049988,881.700012,14.0749998,1.0,,19.87,0.0,14.32,64.6312485,,64.6312485,0.0,124.425003,0.0
2025-11-05 02:04:37+00:00,2025-11-05 02:04:37,,,,,,,,,,38.7975006,12.6359377,990.75,881.625,14.0749998,1.0,,19.87,0.0,14.32,64.6312485,,64.6312485,0.0,124.5,0.0
2025-11-05 02:04:38+00:00,2025-11-05 02:04:38,,,,,,,,,,38.7825012,12.6203127,990.224976,881.474976,14.0874996,1.0,,19.87,0.0,14.32,64.6312485,,64.6312485,0.0,124.5,0.0
2025-11-05 02:04:39+00:00,2025-11-05 02:04:39,,,,,,,,,,38.7862511,12.6015625,989.924988,881.400024,14.0249996,1.0,,19.87,0.0,14.32,64.6500015,,64.6500015,0.0,124.5,0.0
2025-11-05 02:04:40+00:00,2025-11-05 02:04:40,38.0,39.0,38.0,38.0,38.0,11.707684471040592,209.0,BO_O2,"O2 규칙 적용: 12.6% (12.0% < O2 ≤ 14.0%) (2단계 롤백, 3~4단계에서 Hz 변화 없음)",38.7825012,12.6015625,989.400024,881.25,13.5749998,1.0,,19.87,0.0,14.32,64.6312485,,64.6312485,0.0,124.425003,0.0
2025-11-05 02:04:41+00:00,2025-11-05 02:04:41,,,,,,,,,,38.7825012,12.5796871,989.025024,881.25,13.5749998,1.0,,19.87,0.0,14.32,64.6312485,,64.6312485,0.0,124.5,0.0
2025-11-05 02:04:42+00:00,2025-11-05 02:04:42,,,,,,,,,,38.7825012,12.546875,988.5,881.025024,13.5749998,1.0,,19.87,0.0,14.32,64.6312485,,64.6312485,0.0,124.5,0.0
2025-11-05 02:04:43+00:00,2025-11-05 02:04:43,,,,,,,,,,38.7900009,12.546875,988.200012,880.950012,13.5749998,1.0,,19.87,0.0,13.65,64.6500015,,64.6500015,0.0,124.5,0.0
2025-11-05 02:04:44+00:00,2025-11-05 02:04:44,,,,,,,,,,38.7862511,12.5078125,987.75,880.799988,13.5749998,1.0,,19.87,0.0,13.65,64.6312485,,64.6312485,0.0,124.425003,0.0
2025-11-05 02:04:45+00:00,2025-11-05 02:04:45,38.0,39.0,38.0,38.0,38.0,10.164133418087324,209.0,BO_O2,"O2 규칙 적용: 12.6% (12.0% < O2 ≤ 14.0%) (2단계 롤백, 3~4단계에서 Hz 변화 없음)",38.7937508,12.5078125,987.375,880.724976,12.5625,1.0,1.0,19.87,0.0,13.65,64.6312485,,64.6312485,0.0,124.5,0.0
2025-11-05 02:04:46+00:00,2025-11-05 02:04:46,,,,,,,,,,38.7825012,12.46875,986.849976,880.575012,12.5625,1.0,,19.87,0.0,13.65,64.6500015,,64.6500015,0.0,124.5,0.0
2025-11-05 02:04:47+00:00,2025-11-05 02:04:47,,,,,,,,,,38.7750015,12.421875,986.549988,880.575012,12.5625,1.0,,19.87,0.0,13.65,64.6500015,,64.6500015,0.0,124.5,0.0
2025-11-05 02:04:48+00:00,2025-11-05 02:04:48,,,,,,,,,,38.7862511,12.421875,986.025024,880.349976,12.5625,1.0,,19.87,0.0,13.65,64.6312485,,64.6312485,0.0,124.425003,0.0
2025-11-05 02:04:49+00:00,2025-11-05 02:04:49,,,,,,,,,,38.7825012,12.3703127,985.650024,880.275024,12.5124998,1.0,,19.87,0.0,13.65,64.6500015,,64.6500015,0.0,124.5,0.0
2025-11-05 02:04:50+00:00,2025-11-05 02:04:50,38.0,39.0,38.0,38.0,38.0,7.890849423024384,209.0,BO_O2,"O2 규칙 적용: 12.4% (12.0% < O2 ≤ 14.0%) (2단계 롤백, 3~4단계에서 Hz 변화 없음)",38.7937508,12.3312502,985.200012,880.125,12.1499996,1.0,,19.87,0.0,13.65,64.6312485,,64.6312485,0.0,124.5,0.0
2025-11-05 02:04:51+00:00,2025-11-05 02:04:51,,,,,,,,,,38.7862511,12.3312502,984.900024,880.049988,12.1499996,1.0,,19.87,0.0,13.65,64.6312485,,64.6312485,0.0,124.425003,0.0
2025-11-05 02:04:52+00:00,2025-11-05 02:04:52,,,,,,,,,,38.8050003,12.2890625,984.375,879.900024,12.1499996,1.0,,19.87,0.0,13.65,64.6312485,,64.6312485,0.0,124.5,0.0
2025-11-05 02:04:53+00:00,2025-11-05 02:04:53,,,,,,,,,,38.7862511,12.2890625,984.075012,879.825012,12.1374998,1.0,,19.87,0.0,12.17,64.6500015,,64.6500015,0.0,124.5,0.0
2025-11-05 02:04:54+00:00,2025-11-05 02:04:54,,,,,,,,,,38.7750015,12.2437496,983.700012,879.674988,12.1499996,1.0,,19.87,0.0,12.17,64.6500015,,64.6500015,0.0,124.5,0.0
2025-11-05 02:04:55+00:00,2025-11-05 02:04:55,38.0,39.0,38.0,38.0,38.0,7.596867086243051,209.0,BO_O2,"O2 규칙 적용: 12.3% (12.0% < O2 ≤ 14.0%) (2단계 롤백, 3~4단계에서 Hz 변화 없음)",38.8274994,12.1921873,983.474976,879.525024,11.1374998,1.0,,19.87,0.0,12.17,64.6312485,,64.6312485,0.0,124.425003,0.0
2025-11-05 02:04:56+00:00,2025-11-05 02:04:56,,,,,,,,,,38.7975006,12.1921873,983.099976,879.450012,11.1374998,1.0,,19.87,0.0,12.17,64.6312485,,64.6312485,0.0,124.5,0.0
2025-11-05 02:04:57+00:00,2025-11-05 02:04:57,,,,,,,,,,38.7825012,12.140625,982.950012,879.375,11.1374998,1.0,,19.87,0.0,12.17,64.6500015,,64.6500015,0.0,124.5,0.0
2025-11-05 02:04:58+00:00,2025-11-05 02:04:58,,,,,,,,,,38.7900009,12.0843754,982.650024,879.224976,11.1374998,1.0,,19.87,0.0,12.17,64.6500015,,64.6500015,0.0,124.5,0.0
2025-11-05 02:04:59+00:00,2025-11-05 02:04:59,,,,,,,,,,38.7900009,12.0843754,982.5,879.075012,11.1374998,1.0,,19.87,0.0,12.17,64.6312485,,64.6312485,0.0,124.425003,0.0
2025-11-05 02:05:00+00:00,2025-11-05 02:05:00,38.0,39.0,38.0,38.0,38.0,6.861935789842426,209.0,BO_O2,"O2 규칙 적용: 12.1% (12.0% < O2 ≤ 14.0%) (2단계 롤백, 3~4단계에서 Hz 변화 없음)",38.7900009,12.0328121,982.275024,878.924988,11.2124996,1.0,1.0,19.87,0.0,12.17,64.6312485,,64.6312485,0.0,124.425003,0.0
2025-11-05 02:05:01+00:00,2025-11-05 02:05:01,,,,,,,,,,38.7900009,12.0328121,982.125,878.849976,11.2250004,1.0,,19.87,0.0,12.17,64.6500015,,64.6500015,0.0,124.5,0.0
2025-11-05 02:05:02+00:00,2025-11-05 02:05:02,,,,,,,,,,38.7825012,11.984375,981.974976,878.775024,11.2250004,1.0,,19.87,0.0,12.17,64.6500015,,64.6500015,0.0,124.5,0.0
2025-11-05 02:05:03+00:00,2025-11-05 02:05:03,,,,,,,,,,38.7787514,11.9234371,981.900024,878.625,11.2124996,1.0,,19.87,0.0,11.29,64.6500015,,64.6500015,0.0,124.5,0.0
2025-11-05 02:05:04+00:00,2025-11-05 02:05:04,,,,,,,,,,38.7750015,11.9234371,981.75,878.474976,11.2250004,1.0,,19.87,0.0,11.29,64.6312485,,64.6312485,0.0,124.425003,0.0
2025-11-05 02:05:05+00:00,2025-11-05 02:05:05,38.0,39.0,38.0,38.0,38.0,8.769388395023253,208.0,BO_O2,"O2 규칙 적용: 12.0% (10.0% < O2 ≤ 12.0%) (2단계 롤백, 3~4단계에서 Hz 변화 없음)",38.7825012,11.8453121,981.75,878.400024,10.4499998,1.0,,19.87,0.0,11.29,64.6312485,,64.6312485,0.0,124.5,0.0
2025-11-05 02:05:06+00:00,2025-11-05 02:05:06,,,,,,,,,,38.7787514,11.7578125,981.674988,878.25,10.4624996,1.0,,19.87,0.0,11.29,64.6500015,,64.6500015,0.0,124.5,0.0
2025-11-05 02:05:07+00:00,2025-11-05 02:05:07,,,,,,,,,,38.7787514,11.7578125,981.674988,878.174988,10.4624996,1.0,,19.87,0.0,11.29,64.6312485,,64.6312485,0.0,124.5,0.0
2025-11-05 02:05:08+00:00,2025-11-05 02:05:08,,,,,,,,,,38.7900009,11.6765623,981.599976,878.025024,10.4624996,1.0,,19.87,0.0,11.29,64.6312485,,64.6312485,0.0,124.425003,0.0
2025-11-05 02:05:09+00:00,2025-11-05 02:05:09,,,,,,,,,,38.7787514,11.6765623,981.599976,877.950012,10.3999996,1.0,,19.87,0.0,11.29,64.6312485,,64.6312485,0.0,124.5,0.0
2025-11-05 02:05:10+00:00,2025-11-05 02:05:10,38.0,39.0,38.0,38.0,38.0,6.937926547405816,208.0,BO_O2,"O2 규칙 적용: 11.7% (10.0% < O2 ≤ 12.0%) (2단계 롤백, 3~4단계에서 Hz 변화 없음)",38.7900009,11.5906248,981.599976,877.799988,10.0375004,1.0,,19.87,0.0,11.29,64.6312485,,64.6312485,0.0,124.5,0.0
2025-11-05 02:05:11+00:00,2025-11-05 02:05:11,,,,,,,,,,38.7862511,11.5,981.599976,877.724976,10.0375004,1.0,,19.87,0.0,11.29,64.6312485,,64.6312485,0.0,124.5,0.0
2025-11-05 02:05:12+00:00,2025-11-05 02:05:12,,,,,,,,,,38.7900009,11.5,981.599976,877.575012,10.0249996,1.0,,19.87,0.0,11.29,64.6312485,,64.6312485,0.0,124.425003,0.0
2025-11-05 02:05:13+00:00,2025-11-05 02:05:13,,,,,,,,,,38.7900009,11.4031248,981.674988,877.5,10.0249996,1.0,,19.87,0.0,10.15,64.6312485,,64.6312485,0.0,124.425003,0.0
2025-11-05 02:05:14+00:00,2025-11-05 02:05:14,,,,,,,,,,38.7862511,11.3031254,981.75,877.349976,10.0375004,1.0,,19.87,0.0,10.15,64.6500015,,64.6500015,0.0,124.5,0.0
2025-11-05 02:05:15+00:00,2025-11-05 02:05:15,38.0,39.0,38.0,38.0,38.0,7.247454468800943,208.0,BO_O2,"O2 규칙 적용: 11.5% (10.0% < O2 ≤ 12.0%) (2단계 롤백, 3~4단계에서 Hz 변화 없음)",38.7750015,11.3031254,981.825012,877.200012,9.36250019,1.0,1.0,19.87,0.0,10.15,64.6312485,,64.6312485,0.0,124.5,0.0
2025-11-05 02:05:16+00:00,2025-11-05 02:05:16,,,,,,,,,,38.8050003,11.2015629,981.974976,877.125,9.36250019,1.0,,19.87,0.0,10.15,64.6312485,,64.6312485,0.0,124.5,0.0
2025-11-05 02:05:17+00:00,2025-11-05 02:05:17,,,,,,,,,,38.7900009,11.2015629,982.049988,876.974976,9.36250019,1.0,,19.87,0.0,10.15,64.6312485,,64.6312485,0.0,124.5,0.0
2025-11-05 02:05:18+00:00,2025-11-05 02:05:18,,,,,,,,,,38.7900009,11.0968752,982.200012,876.825012,9.36250019,1.0,,19.87,0.0,10.15,64.6500015,,64.6500015,0.0,124.5,0.0
2025-11-05 02:05:19+00:00,2025-11-05 02:05:19,,,,,,,,,,38.7937508,10.9890623,982.349976,876.825012,9.28750038,1.0,,19.87,0.0,10.15,64.6500015,,64.6500015,0.0,124.5,0.0
2025-11-05 02:05:20+00:00,2025-11-05 02:05:20,38.0,39.0,38.0,38.0,38.0,7.020590290819115,208.0,BO_O2,"O2 규칙 적용: 11.2% (10.0% < O2 ≤ 12.0%) (2단계 롤백, 3~4단계에서 Hz 변화 없음)",38.7787514,10.9890623,982.5,876.674988,8.9375,1.0,,19.87,0.0,10.15,64.6312485,,64.6312485,0.0,124.425003,0.0
2025-11-05 02:05:21+00:00,2025-11-05 02:05:21,,,,,,,,,,38.7937508,10.8718748,982.575012,876.525024,8.94999981,1.0,,19.87,0.0,10.15,64.6312485,,64.6312485,0.0,124.5,0.0
2025-11-05 02:05:22+00:00,2025-11-05 02:05:22,,,,,,,,,,38.8012505,10.7562504,982.799988,876.375,8.9375,1.0,,19.87,0.0,10.15,64.6500015,,64.6500015,0.0,124.5,0.0
2025-11-05 02:05:23+00:00,2025-11-05 02:05:23,,,,,,,,,,38.7975006,10.7562504,982.950012,876.299988,8.9375,1.0,,19.87,0.0,9.0,64.6500015,,64.6500015,0.0,124.425003,0.0
2025-11-05 02:05:24+00:00,2025-11-05 02:05:24,,,,,,,,,,38.7787514,10.6484375,983.099976,876.150024,8.94999981,1.0,,19.87,0.0,9.0,64.6312485,,64.6312485,0.0,124.5,0.0
2025-11-05 02:05:25+00:00,2025-11-05 02:05:25,38.0,39.0,38.0,38.0,38.0,6.89340721384685,208.0,BO_O2,"O2 규칙 적용: 10.8% (10.0% < O2 ≤ 12.0%) (2단계 롤백, 3~4단계에서 Hz 변화 없음)",38.7900009,10.6484375,983.25,876.075012,8.01249981,1.0,,19.87,0.0,9.0,64.6312485,,64.6312485,0.0,124.5,0.0
2025-11-05 02:05:26+00:00,2025-11-05 02:05:26,,,,,,,,,,38.7825012,10.5515623,983.549988,875.924988,8.01249981,1.0,,19.87,0.0,9.0,64.6500015,,64.6500015,0.0,124.5,0.0
2025-11-05 02:05:27+00:00,2025-11-05 02:05:27,,,,,,,,,,38.7825012,10.4656248,983.700012,875.924988,8.01249981,1.0,,19.87,0.0,9.0,64.6312485,,64.6312485,0.0,124.5,0.0
2025-11-05 02:05:28+00:00,2025-11-05 02:05:28,,,,,,,,,,38.7862511,10.4656248,983.924988,875.775024,8.02499962,1.0,,19.87,0.0,9.0,64.6312485,,64.6312485,0.0,124.425003,0.0
2025-11-05 02:05:29+00:00,2025-11-05 02:05:29,,,,,,,,,,38.7862511,10.3796873,984.150024,875.625,8.03750038,1.0,,19.87,0.0,9.0,64.6312485,,64.6312485,0.0,124.425003,0.0
2025-11-05 02:05:30+00:00,2025-11-05 02:05:30,38.0,39.0,38.0,38.0,38.0,6.223112014009177,208.0,BO_O2,"O2 규칙 적용: 10.5% (10.0% < O2 ≤ 12.0%) (2단계 롤백, 3~4단계에서 Hz 변화 없음)",38.7787514,10.2984371,984.450012,875.549988,8.10000038,1.0,1.0,19.87,0.0,9.0,64.6500015,,64.6500015,0.0,124.5,0.0
2025-11-05 02:05:31+00:00,2025-11-05 02:05:31,,,,,,,,,,38.7900009,10.2984371,984.525024,875.400024,8.10000038,1.0,,19.87,0.0,9.0,64.6500015,,64.6500015,0.0,124.5,0.0
2025-11-05 02:05:32+00:00,2025-11-05 02:05:32,,,,,,,,,,38.7825012,10.2140627,984.825012,875.325012,8.10000038,1.0,,19.87,0.0,9.0,64.6312485,,64.6312485,0.0,124.425003,0.0
2025-11-05 02:05:33+00:00,2025-11-05 02:05:33,,,,,,,,,,38.8012505,10.2140627,984.974976,875.25,8.10000038,1.0,,19.87,0.0,8.17,64.6312485,,64.6312485,0.0,124.5,0.0
2025-11-05 02:05:34+00:00,2025-11-05 02:05:34,,,,,,,,,,38.7900009,10.1296873,985.275024,875.174988,8.10000038,1.0,,19.87,0.0,8.17,64.6500015,,64.6500015,0.0,124.5,0.0
2025-11-05 02:05:35+00:00,2025-11-05 02:05:35,38.0,39.0,38.0,38.0,38.0,7.24993277975515,208.0,BO_O2,"O2 규칙 적용: 10.2% (10.0% < O2 ≤ 12.0%) (2단계 롤백, 3~4단계에서 Hz 변화 없음)",38.7900009,10.0500002,985.5,875.025024,8.01249981,1.0,,19.87,0.0,8.17,64.6312485,,64.6312485,0.0,124.5,0.0
2025-11-05 02:05:36+00:00,2025-11-05 02:05:36,,,,,,,,,,38.7787514,10.0500002,985.799988,874.875,8.01249981,1.0,,19.87,0.0,8.17,64.6312485,,64.6312485,0.0,124.425003,0.0
2025-11-05 02:05:37+00:00,2025-11-05 02:05:37,,,,,,,,,,38.7825012,9.96562481,986.025024,874.799988,8.01249981,1.0,,19.87,0.0,8.17,64.6312485,,64.6312485,0.0,124.425003,0.0
2025-11-05 02:05:38+00:00,2025-11-05 02:05:38,,,,,,,,,,38.7825012,9.8828125,986.325012,874.724976,8.01249981,1.0,,19.87,0.0,8.17,64.6312485,,64.6312485,0.0,124.5,0.0
2025-11-05 02:05:39+00:00,2025-11-05 02:05:39,,,,,,,,,,38.7750015,9.8828125,986.625,874.650024,7.9124999,1.0,,19.87,0.0,8.17,64.6500015,,64.6500015,0.0,124.5,0.0
2025-11-05 02:05:40+00:00,2025-11-05 02:05:40,38.0,40.0,40.0,38.0,38.0,7.197378758733839,304.0,BO_O2_RULE,"제어매트릭스 규칙 적용: NOX_LOW (3단계 롤백, 4단계에서 Hz 변화 없음)",38.7825012,9.80624962,987.075012,874.5,7.42500019,1.0,,19.87,0.0,8.17,64.6312485,,64.6312485,0.0,124.5,0.0
2025-11-05 02:05:41+00:00,2025-11-05 02:05:41,,,,,,,,,,38.7787514,9.7421875,987.375,874.424988,7.42500019,1.0,,19.87,0.0,8.17,64.6312485,,64.6312485,0.0,124.5,0.0
2025-11-05 02:05:42+00:00,2025-11-05 02:05:42,,,,,,,,,,38.7900009,9.7421875,987.900024,874.349976,7.42500019,1.0,,19.87,0.0,8.17,64.6500015,,64.6500015,0.0,124.5,0.0
2025-11-05 02:05:43+00:00,2025-11-05 02:05:43,,,,,,,,,,38.7787514,9.68437481,988.275024,874.200012,7.4375,1.0,,19.87,0.0,7.48,64.6500015,,64.6500015,0.0,124.5,0.0
2025-11-05 02:05:44+00:00,2025-11-05 02:05:44,,,,,,,,,,38.7900009,9.68437481,988.875,874.049988,7.42500019,1.0,,19.87,0.0,7.48,64.6312485,,64.6312485,0.0,124.425003,0.0
2025-11-05 02:05:45+00:00,2025-11-05 02:05:45,38.0,40.0,40.0,38.0,38.0,8.013649507509488,304.0,BO_O2_RULE,"제어매트릭스 규칙 적용: NOX_LOW (3단계 롤백, 4단계에서 Hz 변화 없음)",38.7825012,9.6171875,989.25,874.049988,7.0875001,1.0,1.0,19.87,0.0,7.48,64.6312485,,64.6312485,0.0,124.5,0.0
2025-11-05 02:05:46+00:00,2025-11-05 02:05:46,,,,,,,,,,38.7750015,9.53593731,989.849976,873.900024,7.0875001,1.0,,19.87,0.0,7.48,64.6500015,,64.6500015,0.0,124.5,0.0
2025-11-05 02:05:47+00:00,2025-11-05 02:05:47,,,,,,,,,,38.7862511,9.53593731,990.224976,873.825012,7.0875001,1.0,,19.87,0.0,7.48,64.6312485,,64.6312485,0.0,124.5,0.0
2025-11-05 02:05:48+00:00,2025-11-05 02:05:48,,,,,,,,,,38.7787514,9.45625019,990.825012,873.75,7.0875001,1.0,,19.87,0.0,7.48,64.6312485,,64.6312485,0.0,124.5,0.0
2025-11-05 02:05:49+00:00,2025-11-05 02:05:49,,,,,,,,,,38.7787514,9.37812519,991.200012,873.674988,7.13749981,1.0,,19.87,0.0,7.48,64.6312485,,64.6312485,0.0,124.425003,0.0
2025-11-05 02:05:50+00:00,2025-11-05 02:05:50,38.0,41.0,40.0,38.0,38.0,6.680020159278972,304.0,BO_O2_RULE,"제어매트릭스 규칙 적용: NOX_LOW (3단계 롤백, 4단계에서 Hz 변화 없음)",38.8050003,9.37812519,991.799988,873.525024,7.3499999,1.0,,19.87,0.0,7.48,64.6312485,,64.6312485,0.0,124.5,0.0
2025-11-05 02:05:51+00:00,2025-11-05 02:05:51,,,,,,,,,,38.7825012,9.29374981,992.174988,873.525024,7.3375001,1.0,,19.87,0.0,7.48,64.6500015,,64.6500015,0.0,124.5,0.0
2025-11-05 02:05:52+00:00,2025-11-05 02:05:52,,,,,,,,,,38.7975006,9.29374981,992.775024,873.375,7.3375001,1.0,,19.87,0.0,7.48,64.6312485,,64.6312485,0.0,124.5,0.0
2025-11-05 02:05:53+00:00,2025-11-05 02:05:53,,,,,,,,,,38.8012505,9.19687462,993.224976,873.299988,7.3499999,1.0,,19.87,0.0,7.39,64.6312485,,64.6312485,0.0,124.5,0.0
2025-11-05 02:05:54+00:00,2025-11-05 02:05:54,,,,,,,,,,38.7825012,9.09843731,993.900024,873.224976,7.3375001,1.0,,19.87,0.0,7.39,64.6312485,,64.6312485,0.0,124.5,0.0
2025-11-05 02:05:55+00:00,2025-11-05 02:05:55,38.0,43.0,40.0,38.0,38.0,8.417467300643732,304.0,BO_O2_RULE,"제어매트릭스 규칙 적용: NOX_LOW (3단계 롤백, 4단계에서 Hz 변화 없음)",38.7825012,9.09843731,994.424988,873.150024,6.8375001,1.0,,19.87,0.0,7.39,64.6500015,,64.6500015,0.0,124.5,0.0
2025-11-05 02:05:56+00:00,2025-11-05 02:05:56,,,,,,,,,,38.7862511,8.99531269,995.25,873.0,6.8499999,1.0,,19.87,0.0,7.39,64.6312485,,64.6312485,0.0,124.425003,0.0
2025-11-05 02:05:57+00:00,2025-11-05 02:05:57,,,,,,,,,,38.7937508,8.8828125,996.075012,873.0,6.8375001,1.0,,19.87,0.0,7.39,64.6312485,,64.6312485,0.0,124.425003,0.0
2025-11-05 02:05:58+00:00,2025-11-05 02:05:58,,,,,,,,,,38.7787514,8.8828125,996.674988,872.924988,6.8375001,1.0,,19.87,0.0,7.39,64.6312485,,64.6312485,0.0,124.5,0.0
2025-11-05 02:05:59+00:00,2025-11-05 02:05:59,,,,,,,,,,38.7825012,8.76406288,997.349976,872.849976,6.875,1.0,,19.87,0.0,7.39,64.6312485,,64.6312485,0.0,124.5,0.0
2025-11-05 02:06:00+00:00,2025-11-05 02:06:00,38.0,43.0,43.0,38.0,38.0,7.800831685943489,304.0,BO_O2_RULE,"제어매트릭스 규칙 적용: NOX_LOW (3단계 롤백, 4단계에서 Hz 변화 없음)",38.7825012,8.76406288,998.25,872.775024,7.01249981,1.0,0.0,19.87,0.0,7.39,64.6312485,,64.6312485,0.0,124.5,0.0
2025-11-05 02:06:01+00:00,2025-11-05 02:06:01,,,,,,,,,,38.7825012,8.640625,999.0,872.775024,7.0,1.0,,19.87,0.0,7.39,64.6312485,,64.6312485,0.0,124.425003,0.0
2025-11-05 02:06:02+00:00,2025-11-05 02:06:02,,,,,,,,,,38.7862511,8.51406288,999.900024,872.625,7.0,1.0,,19.87,0.0,7.39,64.6500015,,64.6500015,0.0,124.5,0.0
2025-11-05 02:06:03+00:00,2025-11-05 02:06:03,,,,,,,,,,38.7900009,8.51406288,1000.95001,872.549988,7.01249981,1.0,,19.87,0.0,7.05,64.6500015,,64.6500015,0.0,124.5,0.0
2025-11-05 02:06:04+00:00,2025-11-05 02:06:04,,,,,,,,,,38.7900009,8.38125038,1001.625,872.549988,7.0,1.0,,19.87,0.0,7.05,64.6312485,,64.6312485,0.0,124.5,0.0
2025-11-05 02:06:05+00:00,2025-11-05 02:06:05,38.0,43.0,43.0,38.0,38.0,8.89756926877346,304.0,BO_O2_RULE,"제어매트릭스 규칙 적용: NOX_LOW (3단계 롤백, 4단계에서 Hz 변화 없음)",38.7862511,8.24687481,1002.29999,872.474976,7.0,1.0,,19.87,0.0,7.05,64.6312485,,64.6312485,0.0,124.425003,0.0
2025-11-05 02:06:06+00:00,2025-11-05 02:06:06,,,,,,,,,,38.7900009,8.24687481,1003.20001,872.474976,7.01249981,1.0,,19.87,0.0,7.05,64.6312485,,64.6312485,0.0,124.5,0.0
2025-11-05 02:06:07+00:00,2025-11-05 02:06:07,,,,,,,,,,38.7825012,8.1015625,1003.875,872.325012,7.01249981,1.0,,19.87,0.0,7.05,64.6312485,,64.6312485,0.0,124.5,0.0
2025-11-05 02:06:08+00:00,2025-11-05 02:06:08,,,,,,,,,,38.7825012,8.1015625,1004.84998,872.325012,7.0,1.0,,19.87,0.0,7.05,64.6500015,,64.6500015,0.0,124.5,0.0
2025-11-05 02:06:09+00:00,2025-11-05 02:06:09,,,,,,,,,,38.7712517,7.9375,1005.52502,872.325012,6.9749999,1.0,,19.87,0.0,7.05,64.6312485,,64.6312485,0.0,124.425003,0.0
2025-11-05 02:06:10+00:00,2025-11-05 02:06:10,38.0,43.0,43.0,38.0,38.0,9.279871084594385,304.0,BO_O2_RULE,"제어매트릭스 규칙 적용: NOX_LOW (3단계 롤백, 4단계에서 Hz 변화 없음)",38.7825012,7.7437501,1006.5,872.25,6.8375001,1.0,,19.87,0.0,7.05,64.6312485,,64.6312485,0.0,124.5,0.0
2025-11-05 02:06:11+00:00,2025-11-05 02:06:11,,,,,,,,,,38.7825012,7.7437501,1007.09998,872.25,6.8375001,1.0,,19.87,0.0,7.05,64.6312485,,64.6312485,0.0,124.5,0.0
2025-11-05 02:06:12+00:00,2025-11-05 02:06:12,,,,,,,,,,38.7900009,7.5140624,1008.07501,872.174988,6.8375001,1.0,,19.87,0.0,7.05,64.6312485,,64.6312485,0.0,124.5,0.0
2025-11-05 02:06:13+00:00,2025-11-05 02:06:13,,,,,,,,,,38.7900009,7.26093769,1008.67499,872.174988,6.8375001,1.0,,19.87,0.0,6.9,64.6312485,,64.6312485,0.0,124.425003,0.0
2025-11-05 02:06:14+00:00,2025-11-05 02:06:14,,,,,,,,,,38.7825012,7.26093769,1009.65002,872.099976,6.8375001,1.0,,19.87,0.0,6.9,64.6312485,,64.6312485,0.0,124.5,0.0
2025-11-05 02:06:15+00:00,2025-11-05 02:06:15,38.0,42.0,42.0,38.0,38.0,9.964737109741561,304.0,BO_O2_RULE,"제어매트릭스 규칙 적용: NOX_LOW (3단계 롤백, 4단계에서 Hz 변화 없음)",38.7787514,7.01249981,1010.32501,872.099976,6.6624999,1.0,0.0,19.87,0.0,6.9,64.6500015,,64.6500015,0.0,124.5,0.0
2025-11-05 02:06:16+00:00,2025-11-05 02:06:16,,,,,,,,,,38.7825012,7.01249981,1011.22498,872.025024,6.67500019,1.0,,19.87,0.0,6.9,64.6312485,,64.6312485,0.0,124.5,0.0
2025-11-05 02:06:17+00:00,2025-11-05 02:06:17,,,,,,,,,,38.7900009,6.7750001,1011.90002,872.025024,6.6624999,1.0,,19.87,0.0,6.9,64.6312485,,64.6312485,0.0,124.5,0.0
2025-11-05 02:06:18+00:00,2025-11-05 02:06:18,,,,,,,,,,38.7787514,6.55156231,1012.875,871.950012,6.67500019,1.0,,19.87,0.0,6.9,64.6312485,,64.6312485,0.0,124.5,0.0
2025-11-05 02:06:19+00:00,2025-11-05 02:06:19,,,,,,,,,,38.7825012,6.55156231,1013.47498,871.950012,6.7125001,1.0,,19.87,0.0,6.9,64.6500015,,64.6500015,0.0,124.5,0.0
2025-11-05 02:06:20+00:00,2025-11-05 02:06:20,38.0,49.0,49.0,38.0,38.0,8.272408976091514,304.0,BO_O2_RULE,"제어매트릭스 규칙 적용: NOX_LOW (3단계 롤백, 4단계에서 Hz 변화 없음)",38.7900009,6.359375,1014.45001,871.950012,6.8375001,1.0,,19.87,0.0,6.9,64.6500015,,64.6500015,0.0,124.5,0.0
2025-11-05 02:06:21+00:00,2025-11-05 02:06:21,,,,,,,,,,38.7787514,6.20625019,1015.04999,871.950012,6.8375001,1.0,,19.87,0.0,6.9,64.6312485,,64.6312485,0.0,124.425003,0.0
2025-11-05 02:06:22+00:00,2025-11-05 02:06:22,,,,,,,,,,38.7900009,6.20625019,1016.09998,871.875,6.8375001,1.0,,19.87,0.0,6.9,64.6312485,,64.6312485,0.0,124.5,0.0
2025-11-05 02:06:23+00:00,2025-11-05 02:06:23,,,,,,,,,,38.7787514,6.09062481,1016.84998,871.875,6.8375001,1.0,,19.87,0.0,6.91,64.6500015,,64.6500015,0.0,124.5,0.0
2025-11-05 02:06:24+00:00,2025-11-05 02:06:24,,,,,,,,,,38.7900009,6.09062481,1017.97498,871.799988,6.8375001,1.0,,19.87,0.0,6.91,64.6312485,,64.6312485,0.0,124.425003,0.0
2025-11-05 02:06:25+00:00,2025-11-05 02:06:25,38.0,49.0,49.0,38.0,38.0,9.489320429797896,304.0,BO_O2_RULE,"제어매트릭스 규칙 적용: NOX_LOW (3단계 롤백, 4단계에서 Hz 변화 없음)",38.7862511,6.0093751,1018.79999,871.799988,7.42500019,1.0,,19.87,0.0,6.91,64.6312485,,64.6312485,0.0,124.5,0.0
2025-11-05 02:06:26+00:00,2025-11-05 02:06:26,,,,,,,,,,38.7937508,5.95781231,1020.0,871.875,7.42500019,1.0,,19.87,0.0,6.91,64.6312485,,64.6312485,0.0,124.425003,0.0
2025-11-05 02:06:27+00:00,2025-11-05 02:06:27,,,,,,,,,,38.7900009,5.95781231,1021.20001,871.875,7.42500019,1.0,,19.87,0.0,6.91,64.6312485,,64.6312485,0.0,124.5,0.0
2025-11-05 02:06:28+00:00,2025-11-05 02:06:28,,,,,,,,,,38.7900009,5.9281249,1022.02502,871.799988,7.42500019,1.0,,19.87,0.0,6.91,64.6312485,,64.6312485,0.0,124.5,0.0
2025-11-05 02:06:29+00:00,2025-11-05 02:06:29,,,,,,,,,,38.7825012,5.921875,1022.84998,871.799988,7.4749999,1.0,,19.87,0.0,6.91,64.6312485,,64.6312485,0.0,124.5,0.0
2025-11-05 02:06:30+00:00,2025-11-05 02:06:30,43.791250866666665,52.0,52.0,52.0,52.0,13.235741822480517,100.0,BO_ONLY,"BO 모델 결과만 사용 (1단계 롤백, 2~4단계에서 Hz 변화 없음)",38.7750015,5.921875,1024.05005,871.875,7.5999999,1.0,0.0,19.87,0.0,6.91,64.6312485,,64.6312485,0.0,124.5,0.0
2025-11-05 02:06:31+00:00,2025-11-05 02:06:31,,,,,,,,,,38.7825012,5.9359374,1024.875,871.875,7.5999999,1.0,,19.87,0.0,6.91,64.6500015,,64.6500015,0.0,124.5,0.0
2025-11-05 02:06:32+00:00,2025-11-05 02:06:32,,,,,,,,,,38.8050003,5.9359374,1026.07495,871.875,7.5999999,1.0,,19.87,0.0,6.91,64.6500015,,64.6500015,0.0,124.5,0.0
2025-11-05 02:06:33+00:00,2025-11-05 02:06:33,,,,,,,,,,44.4824982,5.96875,1026.90002,871.875,7.5999999,1.0,,19.87,0.0,7.68,64.6312485,,64.6312485,0.0,124.5,0.0
2025-11-05 02:06:34+00:00,2025-11-05 02:06:34,,,,,,,,,,45.1012497,6.0062499,1028.17505,871.875,7.5999999,1.0,,19.87,0.0,7.68,64.6312485,,64.6312485,0.0,124.5,0.0
2025-11-05 02:06:35+00:00,2025-11-05 02:06:35,45.689999900000004,53.0,53.0,53.0,53.0,13.974278447769708,100.0,BO_ONLY,"BO 모델 결과만 사용 (1단계 롤백, 2~4단계에서 Hz 변화 없음)",45.1237488,6.0062499,1029.07495,871.875,7.17500019,1.0,,19.87,0.0,7.68,66.0749969,,66.0749969,0.0,124.5,0.0
2025-11-05 02:06:36+00:00,2025-11-05 02:06:36,,,,,,,,,,45.1237488,6.0406251,1030.34998,871.875,7.17500019,1.0,,19.87,0.0,7.68,69.5625,,69.5625,0.0,124.5,0.0
2025-11-05 02:06:37+00:00,2025-11-05 02:06:37,,,,,,,,,,45.7087517,6.0703125,1031.625,871.875,7.17500019,1.0,,19.87,0.0,7.68,74.1750031,,74.1750031,0.0,124.5,0.0
2025-11-05 02:06:38+00:00,2025-11-05 02:06:38,,,,,,,,,,47.1375008,6.0703125,1032.375,871.875,7.17500019,1.0,,19.87,0.0,7.68,78.3187485,,78.3187485,0.0,124.425003,0.0
2025-11-05 02:06:39+00:00,2025-11-05 02:06:39,,,,,,,,,,47.1937485,6.0875001,1033.19995,871.875,7.2750001,1.0,,19.87,0.0,7.68,81.65625,,81.65625,0.0,124.5,0.0
2025-11-05 02:06:40+00:00,2025-11-05 02:06:40,49.0,53.0,49.0,49.0,49.0,12.974700479214235,204.0,BO_O2,"O2 규칙 적용: 6.1% (6.0% < O2 ≤ 7.0%) (2단계 롤백, 3~4단계에서 Hz 변화 없음)",47.1937485,6.0875001,1034.40002,871.875,7.5999999,1.0,,19.87,0.0,7.68,84.4124985,,84.4124985,0.0,123.074997,0.0
2025-11-05 02:06:41+00:00,2025-11-05 02:06:41,,,,,,,,,,47.2050018,6.1078124,1035.22498,871.875,7.5875001,1.0,,19.87,0.0,7.68,86.8874969,,86.8874969,0.0,123.074997,0.0
2025-11-05 02:06:42+00:00,2025-11-05 02:06:42,,,,,,,,,,47.1974983,6.1265626,1036.34998,871.875,7.5999999,1.0,,19.87,0.0,7.68,89.1750031,,89.1750031,0.0,123.0,0.0
2025-11-05 02:06:43+00:00,2025-11-05 02:06:43,,,,,,,,,,50.2612495,6.1265626,1037.55005,871.875,7.5999999,1.0,,19.87,0.0,7.62,90.6937485,,90.6937485,0.0,123.074997,0.0
2025-11-05 02:06:44+00:00,2025-11-05 02:06:44,,,,,,,,,,50.4037514,6.13749981,1038.30005,871.875,7.7750001,1.0,,19.87,0.0,7.62,91.5,,91.5,0.0,123.074997,0.0
2025-11-05 02:06:45+00:00,2025-11-05 02:06:45,43.22124986666666,53.0,49.0,38.0,38.0,10.73047758060812,304.0,BO_O2_RULE,"제어매트릭스 규칙 적용: NOX_LOW (3단계 롤백, 4단계에서 Hz 변화 없음)",50.3849983,6.14531231,1039.5,871.950012,7.8499999,1.0,0.0,19.87,0.0,7.62,92.6999969,,92.6999969,0.0,123.074997,0.0
2025-11-05 02:06:46+00:00,2025-11-05 02:06:46,,,,,,,,,,50.4075012,6.14531231,1040.25,871.950012,7.8499999,1.0,,19.87,0.0,7.62,95.4562531,,95.4562531,0.0,123.0,0.0
2025-11-05 02:06:47+00:00,2025-11-05 02:06:47,,,,,,,,,,50.4487495,6.15625,1041.30005,871.950012,7.8499999,1.0,,19.87,0.0,7.62,98.53125,,98.53125,0.0,123.074997,0.0
2025-11-05 02:06:48+00:00,2025-11-05 02:06:48,,,,,,,,,,48.2137489,6.15625,1041.97498,871.950012,7.8499999,1.0,,19.87,0.0,7.62,100.050003,,100.050003,0.0,123.074997,0.0
2025-11-05 02:06:49+00:00,2025-11-05 02:06:49,,,,,,,,,,44.1150017,6.234375,1042.94995,872.025024,7.7750001,1.0,,19.87,0.0,7.62,101.4375,,101.4375,0.0,123.074997,0.0
2025-11-05 02:06:50+00:00,2025-11-05 02:06:50,44.68999986666666,53.0,49.0,38.0,38.0,11.723569371735072,304.0,BO_O2_RULE,"제어매트릭스 규칙 적용: NOX_LOW (3단계 롤백, 4단계에서 Hz 변화 없음)",44.0924988,6.4828124,1043.625,872.099976,7.51249981,1.0,,19.87,0.0,7.62,101.550003,,101.550003,0.0,123.0,0.0
2025-11-05 02:06:51+00:00,2025-11-05 02:06:51,,,,,,,,,,44.0812492,6.4828124,1044.52502,872.099976,7.51249981,1.0,,19.87,0.0,7.62,99.375,,99.375,0.0,123.074997,0.0
2025-11-05 02:06:52+00:00,2025-11-05 02:06:52,,,,,,,,,,44.2237511,6.80156231,1045.125,872.099976,7.51249981,1.0,,19.87,0.0,7.62,94.5562515,,94.5562515,0.0,123.074997,0.0
2025-11-05 02:06:53+00:00,2025-11-05 02:06:53,,,,,,,,,,46.1324997,7.0703125,1045.94995,872.099976,7.51249981,1.0,,19.87,0.0,7.58,90.1875,,90.1875,0.0,123.074997,0.0
2025-11-05 02:06:54+00:00,2025-11-05 02:06:54,,,,,,,,,,46.2337494,7.0703125,1046.55005,872.174988,7.5625,1.0,,19.87,0.0,7.58,87.1500015,,87.1500015,0.0,123.0,0.0
2025-11-05 02:06:55+00:00,2025-11-05 02:06:55,39.8125,47.0,47.0,38.0,38.0,11.33283766954975,304.0,BO_O2_RULE,"제어매트릭스 규칙 적용: NOX_LOW (3단계 롤백, 4단계에서 Hz 변화 없음)",46.2299995,7.2734375,1047.375,872.25,7.5999999,1.0,,19.87,0.0,7.58,86.3249969,,86.3249969,0.0,123.074997,0.0
2025-11-05 02:06:56+00:00,2025-11-05 02:06:56,,,,,,,,,,46.2374992,7.2734375,1047.97498,872.25,7.5875001,1.0,,19.87,0.0,7.58,86.5500031,,86.5500031,0.0,123.074997,0.0
2025-11-05 02:06:57+00:00,2025-11-05 02:06:57,,,,,,,,,,46.1324997,7.4390626,1048.72498,872.25,7.5875001,1.0,,19.87,0.0,7.58,87.1687469,,87.1687469,0.0,123.074997,0.0
2025-11-05 02:06:58+00:00,2025-11-05 02:06:58,,,,,,,,,,42.2999992,7.5859375,1049.25,872.325012,7.5999999,1.0,,19.87,0.0,7.58,88.125,,88.125,0.0,123.0,0.0
2025-11-05 02:06:59+00:00,2025-11-05 02:06:59,,,,,,,,,,40.9949989,7.5859375,1050.0,872.400024,7.625,1.0,,19.87,0.0,7.58,88.125,,88.125,0.0,123.074997,0.0
2025-11-05 02:07:00+00:00,2025-11-05 02:07:00,39.889999366666665,46.0,46.0,38.0,38.0,8.42434641199052,304.0,BO_O2_RULE,"제어매트릭스 규칙 적용: NOX_LOW (3단계 롤백, 4단계에서 Hz 변화 없음)",40.9949989,7.7171874,1050.52502,872.325012,7.67500019,1.0,0.0,19.87,0.0,7.58,88.125,,88.125,0.0,123.074997,0.0
2025-11-05 02:07:01+00:00,2025-11-05 02:07:01,,,,,,,,,,40.9612503,7.83906269,1051.27502,872.400024,7.67500019,1.0,,19.87,0.0,7.58,86.1187515,,86.1187515,0.0,123.074997,0.0
2025-11-05 02:07:02+00:00,2025-11-05 02:07:02,,,,,,,,,,40.9799995,7.83906269,1051.72498,872.474976,7.67500019,1.0,,19.87,0.0,7.58,82.0500031,,82.0500031,0.0,123.0,0.0
2025-11-05 02:07:03+00:00,2025-11-05 02:07:03,,,,,,,,,,40.9987488,7.9609375,1052.47498,872.474976,7.67500019,1.0,,19.87,0.0,7.72,78.4124985,,78.4124985,0.0,123.074997,0.0
2025-11-05 02:07:04+00:00,2025-11-05 02:07:04,,,,,,,,,,40.9912491,7.9609375,1052.92505,872.474976,7.8499999,1.0,,19.87,0.0,7.72,76.1437531,,76.1437531,0.0,123.074997,0.0
2025-11-05 02:07:05+00:00,2025-11-05 02:07:05,38.0,45.0,45.0,38.0,38.0,8.299022075610624,304.0,BO_O2_RULE,"제어매트릭스 규칙 적용: NOX_LOW (3단계 롤백, 4단계에서 Hz 변화 없음)",40.9762497,8.078125,1053.59998,872.474976,7.9375,1.0,,19.87,0.0,7.72,74.5687485,,74.5687485,0.0,123.074997,0.0
2025-11-05 02:07:06+00:00,2025-11-05 02:07:06,,,,,,,,,,40.9425011,8.19843769,1054.05005,872.549988,7.92500019,1.0,,19.87,0.0,7.72,73.2375031,,73.2375031,0.0,123.074997,0.0
2025-11-05 02:07:07+00:00,2025-11-05 02:07:07,,,,,,,,,,40.875,8.19843769,1054.80005,872.625,7.9375,1.0,,19.87,0.0,7.72,73.0687485,,73.0687485,0.0,123.0,0.0
2025-11-05 02:07:08+00:00,2025-11-05 02:07:08,,,,,,,,,,38.9587517,8.31093788,1055.25,872.625,7.9375,1.0,,19.87,0.0,7.72,72.5250015,,72.5250015,0.0,123.074997,0.0
2025-11-05 02:07:09+00:00,2025-11-05 02:07:09,,,,,,,,,,38.8087502,8.40312481,1056.0,872.625,8.0,1.0,,19.87,0.0,7.72,72.5062485,,72.5062485,0.0,124.5,0.0
2025-11-05 02:07:10+00:00,2025-11-05 02:07:10,38.0,43.0,43.0,38.0,38.0,10.427539811477448,304.0,BO_O2_RULE,"제어매트릭스 규칙 적용: NOX_LOW (3단계 롤백, 4단계에서 Hz 변화 없음)",38.7825012,8.40312481,1056.44995,872.700012,8.1875,1.0,,19.87,0.0,7.72,71.8499985,,71.8499985,0.0,124.5,0.0
2025-11-05 02:07:11+00:00,2025-11-05 02:07:11,,,,,,,,,,38.7825012,8.48281288,1057.42505,872.700012,8.1875,1.0,,19.87,0.0,7.72,70.8375015,,70.8375015,0.0,124.5,0.0
2025-11-05 02:07:12+00:00,2025-11-05 02:07:12,,,,,,,,,,38.7862511,8.48281288,1058.02502,872.775024,8.1875,1.0,,19.87,0.0,7.72,68.9812469,,68.9812469,0.0,124.5,0.0
2025-11-05 02:07:13+00:00,2025-11-05 02:07:13,,,,,,,,,,38.7900009,8.55624962,1058.84998,872.775024,8.17500019,1.0,,19.87,0.0,8.24,67.59375,,67.59375,0.0,124.5,0.0
2025-11-05 02:07:14+00:00,2025-11-05 02:07:14,,,,,,,,,,38.7900009,8.62812519,1059.44995,872.849976,8.47500038,1.0,,19.87,0.0,8.24,66.6187515,,66.6187515,0.0,124.5,0.0
2025-11-05 02:07:15+00:00,2025-11-05 02:07:15,38.0,43.0,43.0,38.0,38.0,11.420746843433914,304.0,BO_O2_RULE,"제어매트릭스 규칙 적용: NOX_LOW (3단계 롤백, 4단계에서 Hz 변화 없음)",38.7975006,8.62812519,1060.34998,872.849976,8.60000038,1.0,0.0,19.87,0.0,8.24,65.7375031,,65.7375031,0.0,124.5,0.0
2025-11-05 02:07:16+00:00,2025-11-05 02:07:16,,,,,,,,,,38.7862511,8.69218731,1060.94995,872.924988,8.60000038,1.0,,19.87,0.0,8.24,65.7562485,,65.7562485,0.0,124.5,0.0
2025-11-05 02:07:17+00:00,2025-11-05 02:07:17,,,,,,,,,,38.7862511,8.74843788,1061.77502,872.924988,8.60000038,1.0,,19.87,0.0,8.24,65.4000015,,65.4000015,0.0,124.5,0.0
2025-11-05 02:07:18+00:00,2025-11-05 02:07:18,,,,,,,,,,38.7862511,8.74843788,1062.375,872.924988,8.60000038,1.0,,19.87,0.0,8.24,65.3812485,,65.3812485,0.0,124.425003,0.0
2025-11-05 02:07:19+00:00,2025-11-05 02:07:19,,,,,,,,,,38.7862511,8.80312538,1063.19995,873.0,8.60000038,1.0,,19.87,0.0,8.24,65.3812485,,65.3812485,0.0,124.5,0.0
2025-11-05 02:07:20+00:00,2025-11-05 02:07:20,38.0,43.0,43.0,38.0,38.0,11.31615262308693,304.0,BO_O2_RULE,"제어매트릭스 규칙 적용: NOX_LOW (3단계 롤백, 4단계에서 Hz 변화 없음)",38.7900009,8.80312538,1063.72498,873.075012,8.60000038,1.0,,19.87,0.0,8.24,65.3812485,,65.3812485,0.0,124.425003,0.0
2025-11-05 02:07:21+00:00,2025-11-05 02:07:21,,,,,,,,,,38.7900009,8.84687519,1064.55005,873.075012,8.60000038,1.0,,19.87,0.0,8.24,65.3812485,,65.3812485,0.0,124.5,0.0
2025-11-05 02:07:22+00:00,2025-11-05 02:07:22,,,,,,,,,,38.7937508,8.89531231,1065.0,873.075012,8.60000038,1.0,,19.87,0.0,8.24,65.3812485,,65.3812485,0.0,124.5,0.0
2025-11-05 02:07:23+00:00,2025-11-05 02:07:23,,,,,,,,,,38.7900009,8.89531231,1065.75,873.150024,8.60000038,1.0,,19.87,0.0,8.67,65.3625031,,65.3625031,0.0,124.5,0.0
2025-11-05 02:07:24+00:00,2025-11-05 02:07:24,,,,,,,,,,38.7900009,8.93281269,1066.125,873.150024,8.53750038,1.0,,19.87,0.0,8.67,65.3812485,,65.3812485,0.0,124.5,0.0
2025-11-05 02:07:25+00:00,2025-11-05 02:07:25,38.0,43.0,43.0,38.0,38.0,11.355449655579072,304.0,BO_O2_RULE,"제어매트릭스 규칙 적용: NOX_LOW (3단계 롤백, 4단계에서 Hz 변화 없음)",38.7862511,8.94218731,1066.80005,873.224976,8.52499962,1.0,,19.87,0.0,8.67,65.3812485,,65.3812485,0.0,124.5,0.0
2025-11-05 02:07:26+00:00,2025-11-05 02:07:26,,,,,,,,,,38.7787514,8.94218731,1067.17505,873.224976,8.51249981,1.0,,19.87,0.0,8.67,65.3812485,,65.3812485,0.0,124.425003,0.0
2025-11-05 02:07:27+00:00,2025-11-05 02:07:27,,,,,,,,,,38.7900009,8.93593788,1067.84998,873.299988,8.51249981,1.0,,19.87,0.0,8.67,65.3812485,,65.3812485,0.0,124.425003,0.0
2025-11-05 02:07:28+00:00,2025-11-05 02:07:28,,,,,,,,,,38.7787514,8.93593788,1068.15002,873.299988,8.51249981,1.0,,19.87,0.0,8.67,65.3812485,,65.3812485,0.0,124.5,0.0
2025-11-05 02:07:29+00:00,2025-11-05 02:07:29,,,,,,,,,,38.7862511,8.92031288,1068.75,873.375,8.52499962,1.0,,19.87,0.0,8.67,65.3812485,,65.3812485,0.0,124.5,0.0
2025-11-05 02:07:30+00:00,2025-11-05 02:07:30,41.0,41.0,41.0,41.0,41.0,12.098498965673778,100.0,BO_ONLY,"BO 모델 결과만 사용 (1단계 롤백, 2~4단계에서 Hz 변화 없음)",38.7937508,8.90468788,1069.05005,873.450012,8.51249981,1.0,0.0,19.87,0.0,8.67,65.3812485,,65.3812485,0.0,124.5,0.0
2025-11-05 02:07:31+00:00,2025-11-05 02:07:31,,,,,,,,,,38.7937508,8.90468788,1069.5,873.450012,8.52499962,1.0,,19.87,0.0,8.67,65.3625031,,65.3625031,0.0,124.425003,0.0
2025-11-05 02:07:32+00:00,2025-11-05 02:07:32,,,,,,,,,,38.7862511,8.88437462,1069.80005,873.450012,8.52499962,1.0,,19.87,0.0,8.67,65.3812485,,65.3812485,0.0,124.5,0.0
2025-11-05 02:07:33+00:00,2025-11-05 02:07:33,,,,,,,,,,39.9225006,8.86874962,1070.25,873.525024,8.51249981,1.0,,19.87,0.0,8.56,65.3812485,,65.3812485,0.0,124.5,0.0
2025-11-05 02:07:34+00:00,2025-11-05 02:07:34,,,,,,,,,,41.9399986,8.86874962,1070.625,873.525024,8.39999962,1.0,,19.87,0.0,8.56,65.3812485,,65.3812485,0.0,124.5,0.0
2025-11-05 02:07:35+00:00,2025-11-05 02:07:35,38.0,40.0,40.0,38.0,38.0,9.92956188608071,304.0,BO_O2_RULE,"제어매트릭스 규칙 적용: NOX_LOW (3단계 롤백, 4단계에서 Hz 변화 없음)",41.9887505,8.859375,1071.0,873.599976,8.35000038,1.0,,19.87,0.0,8.56,65.3625031,,65.3625031,0.0,124.425003,0.0
2025-11-05 02:07:36+00:00,2025-11-05 02:07:36,,,,,,,,,,41.9925003,8.859375,1071.30005,873.599976,8.35000038,1.0,,19.87,0.0,8.56,66.1687469,,66.1687469,0.0,124.5,0.0
2025-11-05 02:07:37+00:00,2025-11-05 02:07:37,,,,,,,,,,42.0262489,8.86250019,1071.67505,873.674988,8.35000038,1.0,,19.87,0.0,8.56,68.5124969,,68.5124969,0.0,124.5,0.0
2025-11-05 02:07:38+00:00,2025-11-05 02:07:38,,,,,,,,,,41.9925003,8.87812519,1071.90002,873.674988,8.35000038,1.0,,19.87,0.0,8.56,70.6500015,,70.6500015,0.0,124.5,0.0
2025-11-05 02:07:39+00:00,2025-11-05 02:07:39,,,,,,,,,,38.90625,8.87812519,1072.19995,873.674988,8.35000038,1.0,,19.87,0.0,8.56,72.7874985,,72.7874985,0.0,124.425003,0.0
2025-11-05 02:07:40+00:00,2025-11-05 02:07:40,38.0,40.0,40.0,38.0,38.0,9.410317067860872,304.0,BO_O2_RULE,"제어매트릭스 규칙 적용: NOX_LOW (3단계 롤백, 4단계에서 Hz 변화 없음)",38.7825012,8.90468788,1072.42505,873.75,8.35000038,1.0,,19.87,0.0,8.56,74.1374969,,74.1374969,0.0,124.5,0.0
2025-11-05 02:07:41+00:00,2025-11-05 02:07:41,,,,,,,,,,38.7937508,8.94062519,1072.65002,873.75,8.35000038,1.0,,19.87,0.0,8.56,74.6999969,,74.6999969,0.0,124.574997,0.0
2025-11-05 02:07:42+00:00,2025-11-05 02:07:42,,,,,,,,,,38.7975006,8.94062519,1072.875,873.825012,8.35000038,1.0,,19.87,0.0,8.56,73.2937469,,73.2937469,0.0,124.5,0.0
2025-11-05 02:07:43+00:00,2025-11-05 02:07:43,,,,,,,,,,38.7975006,8.97187519,1073.09998,873.825012,8.35000038,1.0,,19.87,0.0,8.41,71.1187515,,71.1187515,0.0,124.5,0.0
2025-11-05 02:07:44+00:00,2025-11-05 02:07:44,,,,,,,,,,38.7862511,8.97187519,1073.25,873.825012,8.35000038,1.0,,19.87,0.0,8.41,68.9625015,,68.9625015,0.0,124.5,0.0
2025-11-05 02:07:45+00:00,2025-11-05 02:07:45,38.0,40.0,40.0,38.0,38.0,9.442166003930852,304.0,BO_O2_RULE,"제어매트릭스 규칙 적용: NOX_LOW (3단계 롤백, 4단계에서 Hz 변화 없음)",38.8050003,9.00156212,1073.47498,873.900024,8.35000038,1.0,0.0,19.87,0.0,8.41,67.5,,67.5,0.0,124.5,0.0
2025-11-05 02:07:46+00:00,2025-11-05 02:07:46,,,,,,,,,,38.7900009,9.03437519,1073.55005,873.900024,8.35000038,1.0,,19.87,0.0,8.41,66.5437469,,66.5437469,0.0,124.425003,0.0
2025-11-05 02:07:47+00:00,2025-11-05 02:07:47,,,,,,,,,,38.7937508,9.03437519,1073.77502,873.974976,8.35000038,1.0,,19.87,0.0,8.41,65.7562485,,65.7562485,0.0,124.5,0.0
2025-11-05 02:07:48+00:00,2025-11-05 02:07:48,,,,,,,,,,38.7937508,9.07187462,1073.92505,873.974976,8.35000038,1.0,,19.87,0.0,8.41,65.7562485,,65.7562485,0.0,124.5,0.0
2025-11-05 02:07:49+00:00,2025-11-05 02:07:49,,,,,,,,,,38.7787514,9.1015625,1074.07495,874.049988,8.30000019,1.0,,19.87,0.0,8.41,65.7375031,,65.7375031,0.0,124.5,0.0
2025-11-05 02:07:50+00:00,2025-11-05 02:07:50,38.0,40.0,40.0,38.0,38.0,9.32211680689126,304.0,BO_O2_RULE,"제어매트릭스 규칙 적용: NOX_LOW (3단계 롤백, 4단계에서 Hz 변화 없음)",38.7825012,9.1015625,1074.07495,874.049988,8.17500019,1.0,,19.87,0.0,8.41,65.7375031,,65.7375031,0.0,124.5,0.0
2025-11-05 02:07:51+00:00,2025-11-05 02:07:51,,,,,,,,,,38.7862511,9.13437462,1074.22498,874.049988,8.1875,1.0,,19.87,0.0,8.41,65.7375031,,65.7375031,0.0,124.5,0.0
2025-11-05 02:07:52+00:00,2025-11-05 02:07:52,,,,,,,,,,38.7825012,9.16093731,1074.375,874.049988,8.17500019,1.0,,19.87,0.0,8.41,65.7375031,,65.7375031,0.0,125.925003,0.0
2025-11-05 02:07:53+00:00,2025-11-05 02:07:53,,,,,,,,,,38.7900009,9.16093731,1074.44995,874.125,8.1875,1.0,,19.87,0.0,8.25,65.7375031,,65.7375031,0.0,126.0,0.0
2025-11-05 02:07:54+00:00,2025-11-05 02:07:54,,,,,,,,,,38.7825012,9.19062519,1074.59998,874.200012,8.11250019,1.0,,19.87,0.0,8.25,65.7375031,,65.7375031,0.0,126.0,0.0
2025-11-05 02:07:55+00:00,2025-11-05 02:07:55,38.0,40.0,40.0,38.0,38.0,9.281329651661286,304.0,BO_O2_RULE,"제어매트릭스 규칙 적용: NOX_LOW (3단계 롤백, 4단계에서 Hz 변화 없음)",38.7862511,9.19062519,1074.75,874.200012,8.10000038,1.0,,19.87,0.0,8.25,65.625,,65.625,0.0,126.0,0.0
2025-11-05 02:07:56+00:00,2025-11-05 02:07:56,,,,,,,,,,38.7862511,9.234375,1074.97498,874.200012,8.10000038,1.0,,19.87,0.0,8.25,65.3812485,,65.3812485,0.0,126.0,0.0
2025-11-05 02:07:57+00:00,2025-11-05 02:07:57,,,,,,,,,,38.7825012,9.28125,1075.19995,874.275024,8.10000038,1.0,,19.87,0.0,8.25,65.7375031,,65.7375031,0.0,126.074997,0.0
2025-11-05 02:07:58+00:00,2025-11-05 02:07:58,,,,,,,,,,38.7937508,9.28125,1075.34998,874.349976,8.10000038,1.0,,19.87,0.0,8.25,65.7375031,,65.7375031,0.0,126.0,0.0
2025-11-05 02:07:59+00:00,2025-11-05 02:07:59,,,,,,,,,,38.7862511,9.33437538,1075.65002,874.349976,8.05000019,1.0,,19.87,0.0,8.25,65.7375031,,65.7375031,0.0,126.074997,0.0
2025-11-05 02:08:00+00:00,2025-11-05 02:08:00,38.0,39.0,39.0,38.0,38.0,8.94011691097059,304.0,BO_O2_RULE,"제어매트릭스 규칙 적용: NOX_LOW (3단계 롤백, 4단계에서 Hz 변화 없음)",38.7937508,9.33437538,1075.80005,874.349976,7.92500019,1.0,0.0,19.87,0.0,8.25,65.7375031,,65.7375031,0.0,126.074997,0.0
2025-11-05 02:08:01+00:00,2025-11-05 02:08:01,,,,,,,,,,38.7975006,9.3828125,1076.17505,874.349976,7.9375,1.0,,19.87,0.0,8.25,65.7375031,,65.7375031,0.0,126.074997,0.0
2025-11-05 02:08:02+00:00,2025-11-05 02:08:02,,,,,,,,,,38.7787514,9.43437481,1076.40002,874.424988,7.92500019,1.0,,19.87,0.0,8.25,65.7375031,,65.7375031,0.0,126.0,0.0
2025-11-05 02:08:03+00:00,2025-11-05 02:08:03,,,,,,,,,,38.7975006,9.43437481,1076.69995,874.424988,7.92500019,1.0,,19.87,0.0,8.25,65.7375031,,65.7375031,0.0,126.0,0.0
2025-11-05 02:08:04+00:00,2025-11-05 02:08:04,,,,,,,,,,38.7975006,9.50468731,1076.92505,874.5,7.86250019,1.0,,19.87,0.0,7.98,65.7375031,,65.7375031,0.0,126.0,0.0
2025-11-05 02:08:05+00:00,2025-11-05 02:08:05,38.0,39.0,39.0,38.0,38.0,8.547673214955323,304.0,BO_O2_RULE,"제어매트릭스 규칙 적용: NOX_LOW (3단계 롤백, 4단계에서 Hz 변화 없음)",38.7900009,9.578125,1077.30005,874.5,7.8499999,1.0,,19.87,0.0,7.98,65.7375031,,65.7375031,0.0,126.074997,0.0
2025-11-05 02:08:06+00:00,2025-11-05 02:08:06,,,,,,,,,,38.7900009,9.578125,1077.44995,874.5,7.8375001,1.0,,19.87,0.0,7.98,65.7375031,,65.7375031,0.0,126.0,0.0
2025-11-05 02:08:07+00:00,2025-11-05 02:08:07,,,,,,,,,,38.7900009,9.63749981,1077.82495,874.575012,7.8499999,1.0,,19.87,0.0,7.98,65.7375031,,65.7375031,0.0,126.0,0.0
2025-11-05 02:08:08+00:00,2025-11-05 02:08:08,,,,,,,,,,38.7787514,9.63749981,1078.05005,874.575012,7.8499999,1.0,,19.87,0.0,7.98,65.7375031,,65.7375031,0.0,126.074997,0.0
2025-11-05 02:08:09+00:00,2025-11-05 02:08:09,,,,,,,,,,38.7825012,9.68437481,1078.27502,874.650024,7.88749981,1.0,,19.87,0.0,7.98,65.7375031,,65.7375031,0.0,125.324997,0.0
2025-11-05 02:08:10+00:00,2025-11-05 02:08:10,38.0,38.0,39.0,38.0,38.0,8.532538219587614,304.0,BO_O2_RULE,"제어매트릭스 규칙 적용: NOX_LOW (3단계 롤백, 4단계에서 Hz 변화 없음)",38.7825012,9.72343731,1078.42505,874.650024,8.01249981,1.0,,19.87,0.0,7.98,65.7375031,,65.7375031,0.0,124.5,0.0
2025-11-05 02:08:11+00:00,2025-11-05 02:08:11,,,,,,,,,,38.7825012,9.72343731,1078.65002,874.724976,8.01249981,1.0,,19.87,0.0,7.98,65.7375031,,65.7375031,0.0,124.5,0.0
2025-11-05 02:08:12+00:00,2025-11-05 02:08:12,,,,,,,,,,38.7787514,9.74843788,1078.80005,874.724976,8.01249981,1.0,,19.87,0.0,7.98,65.7375031,,65.7375031,0.0,126.0,0.0
2025-11-05 02:08:13+00:00,2025-11-05 02:08:13,,,,,,,,,,38.7900009,9.77656269,1078.94995,874.799988,8.01249981,1.0,,19.87,0.0,7.98,65.7562485,,65.7562485,0.0,126.0,0.0
2025-11-05 02:08:14+00:00,2025-11-05 02:08:14,,,,,,,,,,38.7937508,9.77656269,1079.02502,874.799988,8.33749962,1.0,,19.87,0.0,8.06,65.7375031,,65.7375031,0.0,126.0,0.0
2025-11-05 02:08:15+00:00,2025-11-05 02:08:15,38.0,38.0,39.0,38.0,38.0,9.621637948852614,304.0,BO_O2_RULE,"제어매트릭스 규칙 적용: NOX_LOW (3단계 롤백, 4단계에서 Hz 변화 없음)",38.7937508,9.8125,1079.09998,874.799988,8.42500019,1.0,0.0,19.87,0.0,8.06,65.7375031,,65.7375031,0.0,126.0,0.0
2025-11-05 02:08:16+00:00,2025-11-05 02:08:16,,,,,,,,,,38.7825012,9.85000038,1079.25,874.875,8.42500019,1.0,,19.87,0.0,8.06,65.7375031,,65.7375031,0.0,126.074997,0.0
2025-11-05 02:08:17+00:00,2025-11-05 02:08:17,,,,,,,,,,38.7975006,9.85000038,1079.25,874.875,8.4375,1.0,,19.87,0.0,8.06,65.7375031,,65.7375031,0.0,126.0,0.0
2025-11-05 02:08:18+00:00,2025-11-05 02:08:18,,,,,,,,,,38.7862511,9.890625,1079.25,874.875,8.4375,1.0,,19.87,0.0,8.06,65.7375031,,65.7375031,0.0,126.0,0.0
2025-11-05 02:08:19+00:00,2025-11-05 02:08:19,,,,,,,,,,38.7937508,9.890625,1079.25,874.875,8.64999962,1.0,,19.87,0.0,8.06,65.7375031,,65.7375031,0.0,126.0,0.0
2025-11-05 02:08:20+00:00,2025-11-05 02:08:20,38.0,38.0,39.0,38.0,38.0,10.747001675703189,304.0,BO_O2_RULE,"제어매트릭스 규칙 적용: NOX_LOW (3단계 롤백, 4단계에서 Hz 변화 없음)",38.7862511,9.93124962,1079.25,874.875,9.27499962,1.0,,19.87,0.0,8.06,65.7375031,,65.7375031,0.0,126.074997,0.0
2025-11-05 02:08:21+00:00,2025-11-05 02:08:21,,,,,,,,,,38.7937508,9.97343731,1079.09998,874.950012,9.28750038,1.0,,19.87,0.0,8.06,65.7375031,,65.7375031,0.0,126.0,0.0
2025-11-05 02:08:22+00:00,2025-11-05 02:08:22,,,,,,,,,,38.7825012,9.97343731,1079.02502,875.025024,9.27499962,1.0,,19.87,0.0,8.06,65.7375031,,65.7375031,0.0,126.074997,0.0
2025-11-05 02:08:23+00:00,2025-11-05 02:08:23,,,,,,,,,,38.7900009,10.0265627,1078.94995,875.025024,9.27499962,1.0,,19.87,0.0,8.06,65.71875,,65.71875,0.0,126.0,0.0
2025-11-05 02:08:24+00:00,2025-11-05 02:08:24,,,,,,,,,,38.7900009,10.0828123,1078.875,875.025024,9.85000038,1.0,,19.87,0.0,9.38,65.7375031,,65.7375031,0.0,126.074997,0.0
2025-11-05 02:08:25+00:00,2025-11-05 02:08:25,39.0,38.0,39.0,39.0,39.0,12.733129321740954,207.0,BO_O2,"O2 규칙 적용: 10.0% (9.0% < O2 ≤ 10.0%) (2단계 롤백, 3~4단계에서 Hz 변화 없음)",38.7900009,10.0828123,1078.72498,875.025024,10.0249996,1.0,,19.87,0.0,9.38,65.7375031,,65.7375031,0.0,126.074997,0.0
2025-11-05 02:08:26+00:00,2025-11-05 02:08:26,,,,,,,,,,38.7900009,10.1374998,1078.65002,875.025024,10.0375004,1.0,,19.87,0.0,9.38,65.7375031,,65.7375031,0.0,126.0,0.0
2025-11-05 02:08:27+00:00,2025-11-05 02:08:27,,,,,,,,,,39.1162491,10.1374998,1078.42505,875.099976,10.0375004,1.0,,19.87,0.0,9.38,65.7375031,,65.7375031,0.0,126.0,0.0
2025-11-05 02:08:28+00:00,2025-11-05 02:08:28,,,,,,,,,,39.8812485,10.1999998,1078.27502,875.099976,10.0375004,1.0,,19.87,0.0,9.38,65.7375031,,65.7375031,0.0,126.074997,0.0
2025-11-05 02:08:29+00:00,2025-11-05 02:08:29,,,,,,,,,,39.9000015,10.2703123,1078.05005,875.099976,10.1000004,1.0,,19.87,0.0,9.38,65.7375031,,65.7375031,0.0,126.074997,0.0
2025-11-05 02:08:30+00:00,2025-11-05 02:08:30,38.0,45.0,38.0,38.0,38.0,13.755929897671436,208.0,BO_O2,"O2 규칙 적용: 10.2% (10.0% < O2 ≤ 12.0%) (2단계 롤백, 3~4단계에서 Hz 변화 없음)",39.9112511,10.2703123,1077.90002,875.099976,10.2875004,1.0,0.0,19.87,0.0,9.38,65.7375031,,65.7375031,0.0,126.074997,0.0
2025-11-05 02:08:31+00:00,2025-11-05 02:08:31,,,,,,,,,,39.9000015,10.3468752,1077.59998,875.099976,10.2875004,1.0,,19.87,0.0,9.38,66.5250015,,66.5250015,0.0,126.0,0.0
2025-11-05 02:08:32+00:00,2025-11-05 02:08:32,,,,,,,,,,39.1650009,10.4234371,1077.44995,875.174988,10.2875004,1.0,,19.87,0.0,9.38,67.2750015,,67.2750015,0.0,124.5,0.0
2025-11-05 02:08:33+00:00,2025-11-05 02:08:33,,,,,,,,,,38.8050003,10.4234371,1077.07495,875.174988,10.2875004,1.0,,19.87,0.0,9.38,67.9875031,,67.9875031,0.0,124.5,0.0
2025-11-05 02:08:34+00:00,2025-11-05 02:08:34,,,,,,,,,,38.8274994,10.5093746,1076.84998,875.174988,10.1000004,1.0,,19.87,0.0,10.35,68.4187469,,68.4187469,0.0,124.5,0.0
2025-11-05 02:08:35+00:00,2025-11-05 02:08:35,38.0,44.0,38.0,38.0,38.0,13.233210168947755,208.0,BO_O2,"O2 규칙 적용: 10.4% (10.0% < O2 ≤ 12.0%) (2단계 롤백, 3~4단계에서 Hz 변화 없음)",38.7862511,10.5093746,1076.47498,875.174988,10.0249996,1.0,,19.87,0.0,10.35,68.6812515,,68.6812515,0.0,126.0,0.0
2025-11-05 02:08:36+00:00,2025-11-05 02:08:36,,,,,,,,,,38.7937508,10.5843754,1076.25,875.174988,10.0249996,1.0,,19.87,0.0,10.35,67.9312515,,67.9312515,0.0,126.074997,0.0
2025-11-05 02:08:37+00:00,2025-11-05 02:08:37,,,,,,,,,,38.7937508,10.6765623,1075.875,875.174988,10.0249996,1.0,,19.87,0.0,10.35,67.2750015,,67.2750015,0.0,126.0,0.0
2025-11-05 02:08:38+00:00,2025-11-05 02:08:38,,,,,,,,,,38.7825012,10.6765623,1075.65002,875.174988,10.0249996,1.0,,19.87,0.0,10.35,66.46875,,66.46875,0.0,126.074997,0.0
2025-11-05 02:08:39+00:00,2025-11-05 02:08:39,,,,,,,,,,38.7900009,10.7718754,1075.27502,875.174988,10.625,1.0,,19.87,0.0,10.35,65.7562485,,65.7562485,0.0,126.0,0.0
2025-11-05 02:08:40+00:00,2025-11-05 02:08:40,38.0,44.0,38.0,38.0,38.0,11.100996822606898,208.0,BO_O2,"O2 규칙 적용: 10.6% (10.0% < O2 ≤ 12.0%) (2단계 롤백, 3~4단계에서 Hz 변화 없음)",38.7862511,10.8625002,1074.97498,875.174988,12.2375002,1.0,,19.87,0.0,10.35,65.7375031,,65.7375031,0.0,126.0,0.0
2025-11-05 02:08:41+00:00,2025-11-05 02:08:41,,,,,,,,,,38.7825012,10.8625002,1074.59998,875.25,12.2250004,1.0,,19.87,0.0,10.35,65.7375031,,65.7375031,0.0,126.0,0.0
2025-11-05 02:08:42+00:00,2025-11-05 02:08:42,,,,,,,,,,38.7862511,10.9453125,1074.44995,875.25,12.2250004,1.0,,19.87,0.0,10.35,65.7375031,,65.7375031,0.0,126.0,0.0
2025-11-05 02:08:43+00:00,2025-11-05 02:08:43,,,,,,,,,,38.7937508,10.9453125,1074.07495,875.25,12.2375002,1.0,,19.87,0.0,10.35,65.7375031,,65.7375031,0.0,126.0,0.0
2025-11-05 02:08:44+00:00,2025-11-05 02:08:44,,,,,,,,,,38.8012505,11.0281248,1073.84998,875.25,12.75,1.0,,19.87,0.0,12.33,65.7375031,,65.7375031,0.0,126.0,0.0
2025-11-05 02:08:45+00:00,2025-11-05 02:08:45,38.0,39.0,38.0,38.0,38.0,17.919715378815294,208.0,BO_O2,"O2 규칙 적용: 10.9% (10.0% < O2 ≤ 12.0%) (2단계 롤백, 3~4단계에서 Hz 변화 없음)",38.7825012,11.1078129,1073.55005,875.25,12.8999996,1.0,0.0,19.87,0.0,12.33,65.7375031,,65.7375031,0.0,126.0,0.0
2025-11-05 02:08:46+00:00,2025-11-05 02:08:46,,,,,,,,,,38.7862511,11.1078129,1073.25,875.25,12.9125004,1.0,,19.87,0.0,12.33,65.7375031,,65.7375031,0.0,126.0,0.0
2025-11-05 02:08:47+00:00,2025-11-05 02:08:47,,,,,,,,,,38.7862511,11.2015629,1073.02502,875.25,12.8999996,1.0,,19.87,0.0,12.33,65.7375031,,65.7375031,0.0,126.0,0.0
2025-11-05 02:08:48+00:00,2025-11-05 02:08:48,,,,,,,,,,38.7787514,11.296875,1072.65002,875.25,12.8999996,1.0,,19.87,0.0,12.33,65.7375031,,65.7375031,0.0,126.0,0.0
2025-11-05 02:08:49+00:00,2025-11-05 02:08:49,,,,,,,,,,38.7900009,11.296875,1072.42505,875.25,13.0625,1.0,,19.87,0.0,12.33,65.7375031,,65.7375031,0.0,126.0,0.0
2025-11-05 02:08:50+00:00,2025-11-05 02:08:50,38.0,39.0,38.0,38.0,38.0,17.832449998837408,208.0,BO_O2,"O2 규칙 적용: 11.2% (10.0% < O2 ≤ 12.0%) (2단계 롤백, 3~4단계에서 Hz 변화 없음)",38.7862511,11.390625,1072.19995,875.25,13.4875002,1.0,,19.87,0.0,12.33,65.7375031,,65.7375031,0.0,126.074997,0.0
2025-11-05 02:08:51+00:00,2025-11-05 02:08:51,,,,,,,,,,38.7862511,11.390625,1071.82495,875.25,13.4875002,1.0,,19.87,0.0,12.33,65.7375031,,65.7375031,0.0,126.0,0.0
2025-11-05 02:08:52+00:00,2025-11-05 02:08:52,,,,,,,,,,38.7825012,11.46875,1071.59998,875.174988,13.4875002,1.0,,19.87,0.0,12.33,65.7375031,,65.7375031,0.0,126.0,0.0
2025-11-05 02:08:53+00:00,2025-11-05 02:08:53,,,,,,,,,,38.7937508,11.5203123,1071.30005,875.174988,13.4875002,1.0,,19.87,0.0,12.33,65.7375031,,65.7375031,0.0,126.0,0.0
2025-11-05 02:08:54+00:00,2025-11-05 02:08:54,,,,,,,,,,38.7862511,11.5203123,1071.0,875.174988,13.8125,1.0,,19.87,0.0,13.58,65.7375031,,65.7375031,0.0,126.0,0.0
2025-11-05 02:08:55+00:00,2025-11-05 02:08:55,38.0,39.0,38.0,38.0,38.0,18.310327912662398,208.0,BO_O2,"O2 규칙 적용: 11.5% (10.0% < O2 ≤ 12.0%) (2단계 롤백, 3~4단계에서 Hz 변화 없음)",38.7787514,11.5609379,1070.625,875.174988,13.9125004,1.0,,19.87,0.0,13.58,65.7375031,,65.7375031,0.0,126.0,0.0
2025-11-05 02:08:56+00:00,2025-11-05 02:08:56,,,,,,,,,,38.7825012,11.5874996,1070.47498,875.174988,13.9125004,1.0,,19.87,0.0,13.58,65.71875,,65.71875,0.0,126.0,0.0
2025-11-05 02:08:57+00:00,2025-11-05 02:08:57,,,,,,,,,,38.7862511,11.5874996,1070.09998,875.174988,13.9125004,1.0,,19.87,0.0,13.58,65.7375031,,65.7375031,0.0,126.0,0.0
2025-11-05 02:08:58+00:00,2025-11-05 02:08:58,,,,,,,,,,38.7787514,11.6000004,1069.875,875.174988,13.9125004,1.0,,19.87,0.0,13.58,65.7375031,,65.7375031,0.0,126.074997,0.0
2025-11-05 02:08:59+00:00,2025-11-05 02:08:59,,,,,,,,,,38.7862511,11.6000004,1069.57495,875.174988,14.0500002,1.0,,19.87,0.0,13.58,65.7375031,,65.7375031,0.0,126.0,0.0
2025-11-05 02:09:00+00:00,2025-11-05 02:09:00,38.0,39.0,38.0,38.0,38.0,12.890322087585727,208.0,BO_O2,"O2 규칙 적용: 11.6% (10.0% < O2 ≤ 12.0%) (2단계 롤백, 3~4단계에서 Hz 변화 없음)",38.7900009,11.6218748,1069.34998,875.174988,14.5249996,1.0,0.0,19.87,0.0,13.58,65.71875,,65.71875,0.0,126.0,0.0
2025-11-05 02:09:01+00:00,2025-11-05 02:09:01,,,,,,,,,,38.7712517,11.6468754,1069.125,875.174988,14.5124998,1.0,,19.87,0.0,13.58,65.7375031,,65.7375031,0.0,126.0,0.0
2025-11-05 02:09:02+00:00,2025-11-05 02:09:02,,,,,,,,,,38.7787514,11.6468754,1068.97498,875.099976,14.5124998,1.0,,19.87,0.0,13.58,65.7375031,,65.7375031,0.0,126.074997,0.0
2025-11-05 02:09:03+00:00,2025-11-05 02:09:03,,,,,,,,,,38.7825012,11.6656246,1068.67505,875.099976,14.5124998,1.0,,19.87,0.0,13.58,65.71875,,65.71875,0.0,126.0,0.0
2025-11-05 02:09:04+00:00,2025-11-05 02:09:04,,,,,,,,,,38.7787514,11.6828127,1068.52502,875.099976,14.2375002,1.0,,19.87,0.0,14.55,65.7375031,,65.7375031,0.0,126.0,0.0
2025-11-05 02:09:05+00:00,2025-11-05 02:09:05,38.0,39.0,38.0,38.0,38.0,13.95031787606202,208.0,BO_O2,"O2 규칙 적용: 11.7% (10.0% < O2 ≤ 12.0%) (2단계 롤백, 3~4단계에서 Hz 변화 없음)",38.7825012,11.6828127,1068.22498,875.099976,14.1625004,1.0,,19.87,0.0,14.55,65.7375031,,65.7375031,0.0,126.0,0.0
2025-11-05 02:09:06+00:00,2025-11-05 02:09:06,,,,,,,,,,38.7825012,11.6984377,1067.92505,875.025024,14.1625004,1.0,,19.87,0.0,14.55,65.7375031,,65.7375031,0.0,126.0,0.0
2025-11-05 02:09:07+00:00,2025-11-05 02:09:07,,,,,,,,,,38.7975006,11.6984377,1067.69995,875.025024,14.1625004,1.0,,19.87,0.0,14.55,65.7375031,,65.7375031,0.0,126.0,0.0
2025-11-05 02:09:08+00:00,2025-11-05 02:09:08,,,,,,,,,,38.7862511,11.7265625,1067.47498,875.025024,14.1625004,1.0,,19.87,0.0,14.55,65.71875,,65.71875,0.0,126.0,0.0
2025-11-05 02:09:09+00:00,2025-11-05 02:09:09,,,,,,,,,,38.8050003,11.7515621,1067.17505,875.025024,14.4375,1.0,,19.87,0.0,14.55,65.7375031,,65.7375031,0.0,126.0,0.0
2025-11-05 02:09:10+00:00,2025-11-05 02:09:10,38.0,39.0,38.0,38.0,38.0,12.06104865760138,208.0,BO_O2,"O2 규칙 적용: 11.7% (10.0% < O2 ≤ 12.0%) (2단계 롤백, 3~4단계에서 Hz 변화 없음)",38.7862511,11.7515621,1066.72498,875.025024,14.4375,1.0,,19.87,0.0,14.55,65.7375031,,65.7375031,0.0,126.0,0.0
2025-11-05 02:09:11+00:00,2025-11-05 02:09:11,,,,,,,,,,38.7937508,11.7781248,1066.42505,875.025024,14.4375,1.0,,19.87,0.0,14.55,65.7375031,,65.7375031,0.0,126.0,0.0
2025-11-05 02:09:12+00:00,2025-11-05 02:09:12,,,,,,,,,,38.7825012,11.7687502,1066.05005,874.950012,14.4375,1.0,,19.87,0.0,14.55,65.7375031,,65.7375031,0.0,126.0,0.0
2025-11-05 02:09:13+00:00,2025-11-05 02:09:13,,,,,,,,,,38.7975006,11.7687502,1065.75,874.950012,14.4250002,1.0,,19.87,0.0,14.55,65.7375031,,65.7375031,0.0,126.0,0.0
2025-11-05 02:09:14+00:00,2025-11-05 02:09:14,,,,,,,,,,38.7787514,11.7328129,1065.22498,874.875,14.2875004,1.0,,19.87,0.0,14.47,65.7375031,,65.7375031,0.0,126.0,0.0
2025-11-05 02:09:15+00:00,2025-11-05 02:09:15,38.0,39.0,38.0,38.0,38.0,12.124376332699459,208.0,BO_O2,"O2 규칙 적용: 11.8% (10.0% < O2 ≤ 12.0%) (2단계 롤백, 3~4단계에서 Hz 변화 없음)",38.7787514,11.7328129,1064.92505,874.875,14.25,1.0,0.0,19.87,0.0,14.47,65.7375031,,65.7375031,0.0,126.074997,0.0
2025-11-05 02:09:16+00:00,2025-11-05 02:09:16,,,,,,,,,,38.7937508,11.6687498,1064.40002,874.875,14.25,1.0,,19.87,0.0,14.47,65.7375031,,65.7375031,0.0,126.0,0.0
2025-11-05 02:09:17+00:00,2025-11-05 02:09:17,,,,,,,,,,38.7825012,11.5765629,1064.02502,874.875,14.25,1.0,,19.87,0.0,14.47,65.7375031,,65.7375031,0.0,126.074997,0.0
2025-11-05 02:09:18+00:00,2025-11-05 02:09:18,,,,,,,,,,38.7862511,11.5765629,1063.5,874.875,14.25,1.0,,19.87,0.0,14.47,65.7375031,,65.7375031,0.0,126.0,0.0
2025-11-05 02:09:19+00:00,2025-11-05 02:09:19,,,,,,,,,,38.7862511,11.4750004,1063.125,874.875,14.0749998,1.0,,19.87,0.0,14.47,65.7375031,,65.7375031,0.0,126.074997,0.0
2025-11-05 02:09:20+00:00,2025-11-05 02:09:20,38.0,39.0,38.0,38.0,38.0,11.425617884009315,208.0,BO_O2,"O2 규칙 적용: 11.6% (10.0% < O2 ≤ 12.0%) (2단계 롤백, 3~4단계에서 Hz 변화 없음)",38.7787514,11.3843746,1062.52502,874.799988,14.0874996,1.0,,19.87,0.0,14.47,65.7375031,,65.7375031,0.0,126.0,0.0
2025-11-05 02:09:21+00:00,2025-11-05 02:09:21,,,,,,,,,,38.7862511,11.3843746,1062.15002,874.799988,14.0749998,1.0,,19.87,0.0,14.47,65.7375031,,65.7375031,0.0,126.0,0.0
2025-11-05 02:09:22+00:00,2025-11-05 02:09:22,,,,,,,,,,38.7862511,11.3015623,1061.55005,874.799988,14.0749998,1.0,,19.87,0.0,14.47,65.7375031,,65.7375031,0.0,126.0,0.0
2025-11-05 02:09:23+00:00,2025-11-05 02:09:23,,,,,,,,,,38.7862511,11.3015623,1061.02502,874.799988,14.0874996,1.0,,19.87,0.0,14.47,65.7375031,,65.7375031,0.0,126.0,0.0
2025-11-05 02:09:24+00:00,2025-11-05 02:09:24,,,,,,,,,,38.7937508,11.2375002,1060.42505,874.724976,14.4875002,1.0,,19.87,0.0,14.18,65.7375031,,65.7375031,0.0,126.0,0.0
2025-11-05 02:09:25+00:00,2025-11-05 02:09:25,38.0,39.0,38.0,38.0,38.0,11.402937174035321,208.0,BO_O2,"O2 규칙 적용: 11.3% (10.0% < O2 ≤ 12.0%) (2단계 롤백, 3~4단계에서 Hz 변화 없음)",38.7900009,11.1843748,1060.05005,874.724976,14.6000004,1.0,,19.87,0.0,14.18,65.7375031,,65.7375031,0.0,126.0,0.0
2025-11-05 02:09:26+00:00,2025-11-05 02:09:26,,,,,,,,,,38.7825012,11.1843748,1059.375,874.650024,14.6000004,1.0,,19.87,0.0,14.18,65.7375031,,65.7375031,0.0,126.0,0.0
2025-11-05 02:09:27+00:00,2025-11-05 02:09:27,,,,,,,,,,38.7825012,11.1531248,1058.92505,874.650024,14.6000004,1.0,,19.87,0.0,14.18,65.7375031,,65.7375031,0.0,126.0,0.0
2025-11-05 02:09:28+00:00,2025-11-05 02:09:28,,,,,,,,,,38.7825012,11.1546879,1058.32495,874.575012,14.6000004,1.0,,19.87,0.0,14.18,65.7375031,,65.7375031,0.0,126.0,0.0
2025-11-05 02:09:29+00:00,2025-11-05 02:09:29,,,,,,,,,,38.8274994,11.1546879,1057.94995,874.575012,14.6875,1.0,,19.87,0.0,14.18,65.7375031,,65.7375031,0.0,126.0,0.0
2025-11-05 02:09:30+00:00,2025-11-05 02:09:30,38.0,39.0,38.0,38.0,38.0,12.045895847845529,208.0,BO_O2,"O2 규칙 적용: 11.2% (10.0% < O2 ≤ 12.0%) (2단계 롤백, 3~4단계에서 Hz 변화 없음)",38.7825012,11.1687498,1057.34998,874.5,14.6875,1.0,0.0,19.87,0.0,14.18,65.7375031,,65.7375031,0.0,126.074997,0.0
2025-11-05 02:09:31+00:00,2025-11-05 02:09:31,,,,,,,,,,38.7937508,11.1687498,1056.90002,874.5,14.6875,1.0,,19.87,0.0,14.18,65.7375031,,65.7375031,0.0,126.0,0.0
2025-11-05 02:09:32+00:00,2025-11-05 02:09:32,,,,,,,,,,38.7750015,11.1921873,1056.30005,874.5,14.6875,1.0,,19.87,0.0,14.18,65.7375031,,65.7375031,0.0,126.0,0.0
2025-11-05 02:09:33+00:00,2025-11-05 02:09:33,,,,,,,,,,38.8012505,11.2265625,1056.0,874.424988,14.6875,1.0,,19.87,0.0,14.18,65.7375031,,65.7375031,0.0,126.0,0.0
2025-11-05 02:09:34+00:00,2025-11-05 02:09:34,,,,,,,,,,38.7862511,11.2265625,1055.40002,874.424988,14.4125004,1.0,,19.87,0.0,14.72,65.7375031,,65.7375031,0.0,126.0,0.0
2025-11-05 02:09:35+00:00,2025-11-05 02:09:35,38.0,39.0,38.0,38.0,38.0,12.554742571593382,208.0,BO_O2,"O2 규칙 적용: 11.2% (10.0% < O2 ≤ 12.0%) (2단계 롤백, 3~4단계에서 Hz 변화 없음)",38.7862511,11.2749996,1054.94995,874.424988,14.3374996,1.0,,19.87,0.0,14.72,65.7375031,,65.7375031,0.0,126.0,0.0
2025-11-05 02:09:36+00:00,2025-11-05 02:09:36,,,,,,,,,,38.7862511,11.3328123,1054.34998,874.349976,14.3374996,1.0,,19.87,0.0,14.72,65.7375031,,65.7375031,0.0,126.0,0.0
2025-11-05 02:09:37+00:00,2025-11-05 02:09:37,,,,,,,,,,38.7825012,11.3328123,1053.97498,874.349976,14.3374996,1.0,,19.87,0.0,14.72,65.7375031,,65.7375031,0.0,126.0,0.0
2025-11-05 02:09:38+00:00,2025-11-05 02:09:38,,,,,,,,,,38.7937508,11.3968754,1053.375,874.275024,14.3374996,1.0,,19.87,0.0,14.72,65.7375031,,65.7375031,0.0,126.0,0.0
2025-11-05 02:09:39+00:00,2025-11-05 02:09:39,,,,,,,,,,38.7937508,11.3968754,1052.92505,874.200012,13.9125004,1.0,,19.87,0.0,14.72,65.7375031,,65.7375031,0.0,126.0,0.0
2025-11-05 02:09:40+00:00,2025-11-05 02:09:40,38.0,39.0,38.0,38.0,38.0,11.711378615252857,208.0,BO_O2,"O2 규칙 적용: 11.4% (10.0% < O2 ≤ 12.0%) (2단계 롤백, 3~4단계에서 Hz 변화 없음)",38.7787514,11.4499998,1052.32495,874.200012,13.9125004,1.0,,19.87,0.0,14.72,65.7375031,,65.7375031,0.0,126.0,0.0
2025-11-05 02:09:41+00:00,2025-11-05 02:09:41,,,,,,,,,,38.7900009,11.4968748,1051.875,874.125,13.8999996,1.0,,19.87,0.0,14.72,65.7375031,,65.7375031,0.0,126.0,0.0
2025-11-05 02:09:42+00:00,2025-11-05 02:09:42,,,,,,,,,,38.7862511,11.4968748,1051.19995,874.125,13.9125004,1.0,,19.87,0.0,14.72,65.7375031,,65.7375031,0.0,126.074997,0.0
2025-11-05 02:09:43+00:00,2025-11-05 02:09:43,,,,,,,,,,38.7937508,11.5500002,1050.75,874.049988,13.9125004,1.0,,19.87,0.0,14.72,65.7375031,,65.7375031,0.0,126.0,0.0
2025-11-05 02:09:44+00:00,2025-11-05 02:09:44,,,,,,,,,,38.7862511,11.6078129,1050.07495,874.049988,13.8500004,1.0,,19.87,0.0,14.03,65.7375031,,65.7375031,0.0,126.0,0.0
2025-11-05 02:09:45+00:00,2025-11-05 02:09:45,38.0,39.0,38.0,38.0,38.0,9.608398630363197,208.0,BO_O2,"O2 규칙 적용: 11.5% (10.0% < O2 ≤ 12.0%) (2단계 롤백, 3~4단계에서 Hz 변화 없음)",38.7862511,11.6078129,1049.625,873.974976,13.8249998,1.0,0.0,19.87,0.0,14.03,65.71875,,65.71875,0.0,126.0,0.0
2025-11-05 02:09:46+00:00,2025-11-05 02:09:46,,,,,,,,,,38.7862511,11.6593752,1048.80005,873.974976,13.8374996,1.0,,19.87,0.0,14.03,65.7375031,,65.7375031,0.0,126.074997,0.0
2025-11-05 02:09:47+00:00,2025-11-05 02:09:47,,,,,,,,,,38.7900009,11.6593752,1048.34998,873.974976,13.8249998,1.0,,19.87,0.0,14.03,65.7375031,,65.7375031,0.0,126.0,0.0
2025-11-05 02:09:48+00:00,2025-11-05 02:09:48,,,,,,,,,,38.7862511,11.7046871,1047.59998,873.825012,13.8249998,1.0,,19.87,0.0,14.03,65.7375031,,65.7375031,0.0,126.0,0.0
2025-11-05 02:09:49+00:00,2025-11-05 02:09:49,,,,,,,,,,38.7937508,11.7421875,1047.07495,873.825012,13.5749998,1.0,,19.87,0.0,14.03,65.7375031,,65.7375031,0.0,126.0,0.0
2025-11-05 02:09:50+00:00,2025-11-05 02:09:50,38.0,39.0,38.0,38.0,38.0,9.4615179025792,208.0,BO_O2,"O2 규칙 적용: 11.7% (10.0% < O2 ≤ 12.0%) (2단계 롤백, 3~4단계에서 Hz 변화 없음)",38.7862511,11.7421875,1046.32495,873.75,13.5749998,1.0,,19.87,0.0,14.03,65.7375031,,65.7375031,0.0,126.0,0.0
2025-11-05 02:09:51+00:00,2025-11-05 02:09:51,,,,,,,,,,38.8012505,11.7843752,1045.875,873.75,13.5749998,1.0,,19.87,0.0,14.03,65.7375031,,65.7375031,0.0,126.074997,0.0
2025-11-05 02:09:52+00:00,2025-11-05 02:09:52,,,,,,,,,,38.7825012,11.828125,1045.05005,873.674988,13.5749998,1.0,,19.87,0.0,14.03,65.7375031,,65.7375031,0.0,126.0,0.0
2025-11-05 02:09:53+00:00,2025-11-05 02:09:53,,,,,,,,,,38.7825012,11.828125,1044.52502,873.599976,13.5625,1.0,,19.87,0.0,14.03,65.7375031,,65.7375031,0.0,126.0,0.0
2025-11-05 02:09:54+00:00,2025-11-05 02:09:54,,,,,,,,,,38.7975006,11.8796873,1043.77502,873.599976,13.5749998,1.0,,19.87,0.0,13.67,65.7375031,,65.7375031,0.0,126.074997,0.0
2025-11-05 02:09:55+00:00,2025-11-05 02:09:55,38.0,39.0,38.0,38.0,38.0,9.552630914757934,208.0,BO_O2,"O2 규칙 적용: 11.8% (10.0% < O2 ≤ 12.0%) (2단계 롤백, 3~4단계에서 Hz 변화 없음)",38.7900009,11.8796873,1043.25,873.525024,13.5749998,1.0,,19.87,0.0,13.67,65.7375031,,65.7375031,0.0,126.074997,0.0
2025-11-05 02:09:56+00:00,2025-11-05 02:09:56,,,,,,,,,,38.7750015,11.9250002,1042.42505,873.450012,13.5749998,1.0,,19.87,0.0,13.67,65.7375031,,65.7375031,0.0,126.0,0.0
2025-11-05 02:09:57+00:00,2025-11-05 02:09:57,,,,,,,,,,38.7900009,11.9624996,1041.90002,873.450012,13.5749998,1.0,,19.87,0.0,13.67,65.7375031,,65.7375031,0.0,126.0,0.0
2025-11-05 02:09:58+00:00,2025-11-05 02:09:58,,,,,,,,,,38.7937508,11.9624996,1041.15002,873.375,13.5749998,1.0,,19.87,0.0,13.67,65.7375031,,65.7375031,0.0,126.0,0.0
2025-11-05 02:09:59+00:00,2025-11-05 02:09:59,,,,,,,,,,38.7900009,12.0031252,1040.69995,873.299988,13.5749998,1.0,,19.87,0.0,13.67,65.7562485,,65.7562485,0.0,126.0,0.0
2025-11-05 02:10:00+00:00,2025-11-05 02:10:00,38.0,39.0,38.0,38.0,38.0,10.221995652991156,208.0,BO_O2,"O2 규칙 적용: 12.0% (10.0% < O2 ≤ 12.0%) (2단계 롤백, 3~4단계에서 Hz 변화 없음)",38.7900009,12.0484371,1039.875,873.224976,13.5749998,1.0,0.0,19.87,0.0,13.67,65.7375031,,65.7375031,0.0,126.0,0.0
2025-11-05 02:10:01+00:00,2025-11-05 02:10:01,,,,,,,,,,38.7825012,12.0484371,1039.34998,873.150024,13.5749998,1.0,,19.87,0.0,13.67,65.7375031,,65.7375031,0.0,126.0,0.0
2025-11-05 02:10:02+00:00,2025-11-05 02:10:02,,,,,,,,,,38.7862511,12.0906248,1038.67505,873.150024,13.5749998,1.0,,19.87,0.0,13.67,65.7375031,,65.7375031,0.0,126.074997,0.0
2025-11-05 02:10:03+00:00,2025-11-05 02:10:03,,,,,,,,,,38.7900009,12.0906248,1038.22498,873.075012,13.5749998,1.0,,19.87,0.0,13.67,65.7375031,,65.7375031,0.0,126.0,0.0
2025-11-05 02:10:04+00:00,2025-11-05 02:10:04,,,,,,,,,,38.7900009,12.125,1037.40002,873.0,13.5749998,1.0,,19.87,0.0,13.67,65.7375031,,65.7375031,0.0,126.0,0.0
2025-11-05 02:10:05+00:00,2025-11-05 02:10:05,38.0,39.0,38.0,38.0,38.0,10.216486406550732,209.0,BO_O2,"O2 규칙 적용: 12.1% (12.0% < O2 ≤ 14.0%) (2단계 롤백, 3~4단계에서 Hz 변화 없음)",38.7862511,12.1531248,1036.94995,872.924988,13.5749998,1.0,,19.87,0.0,13.67,65.7375031,,65.7375031,0.0,126.0,0.0
2025-11-05 02:10:06+00:00,2025-11-05 02:10:06,,,,,,,,,,38.7825012,12.1531248,1036.19995,872.849976,13.5749998,1.0,,19.87,0.0,13.67,65.7375031,,65.7375031,0.0,126.074997,0.0
2025-11-05 02:10:07+00:00,2025-11-05 02:10:07,,,,,,,,,,38.7862511,12.1781254,1035.67505,872.849976,13.5749998,1.0,,19.87,0.0,13.67,65.7375031,,65.7375031,0.0,126.0,0.0
2025-11-05 02:10:08+00:00,2025-11-05 02:10:08,,,,,,,,,,38.7975006,12.2218752,1034.92505,872.775024,13.5749998,1.0,,19.87,0.0,13.67,65.7375031,,65.7375031,0.0,126.0,0.0
2025-11-05 02:10:09+00:00,2025-11-05 02:10:09,,,,,,,,,,38.7900009,12.2218752,1034.40002,872.700012,14.0,1.0,,19.87,0.0,13.67,65.7375031,,65.7375031,0.0,126.0,0.0
2025-11-05 02:10:10+00:00,2025-11-05 02:10:10,38.0,39.0,38.0,38.0,38.0,11.957336010745653,209.0,BO_O2,"O2 규칙 적용: 12.2% (12.0% < O2 ≤ 14.0%) (2단계 롤백, 3~4단계에서 Hz 변화 없음)",38.7937508,12.2734375,1033.65002,872.625,14.0,1.0,,19.87,0.0,13.67,65.7375031,,65.7375031,0.0,126.0,0.0
2025-11-05 02:10:11+00:00,2025-11-05 02:10:11,,,,,,,,,,38.7862511,12.2734375,1033.19995,872.625,14.0,1.0,,19.87,0.0,13.67,65.7375031,,65.7375031,0.0,126.074997,0.0
2025-11-05 02:10:12+00:00,2025-11-05 02:10:12,,,,,,,,,,38.7750015,12.3046875,1032.44995,872.549988,14.0,1.0,,19.87,0.0,13.67,65.7375031,,65.7375031,0.0,126.0,0.0
2025-11-05 02:10:13+00:00,2025-11-05 02:10:13,,,,,,,,,,38.8162498,12.3265629,1032.0,872.474976,14.0,1.0,,19.87,0.0,13.67,65.7375031,,65.7375031,0.0,126.0,0.0
2025-11-05 02:10:14+00:00,2025-11-05 02:10:14,,,,,,,,,,38.7975006,12.3265629,1031.25,872.325012,13.8000002,1.0,,19.87,0.0,14.06,65.7375031,,65.7375031,0.0,126.0,0.0
2025-11-05 02:10:15+00:00,2025-11-05 02:10:15,38.0,39.0,38.0,38.0,38.0,12.10360647936175,209.0,BO_O2,"O2 규칙 적용: 12.3% (12.0% < O2 ≤ 14.0%) (2단계 롤백, 3~4단계에서 Hz 변화 없음)",38.7825012,12.3328123,1030.80005,872.325012,13.75,1.0,0.0,19.87,0.0,14.06,65.7375031,,65.7375031,0.0,126.0,0.0
2025-11-05 02:10:16+00:00,2025-11-05 02:10:16,,,,,,,,,,38.7825012,12.3187504,1030.125,872.25,13.7375002,1.0,,19.87,0.0,14.06,65.7375031,,65.7375031,0.0,126.0,0.0
2025-11-05 02:10:17+00:00,2025-11-05 02:10:17,,,,,,,,,,38.7862511,12.3187504,1029.67505,872.25,13.7375002,1.0,,19.87,0.0,14.06,65.7375031,,65.7375031,0.0,126.0,0.0
2025-11-05 02:10:18+00:00,2025-11-05 02:10:18,,,,,,,,,,38.7750015,12.2843752,1028.92505,872.174988,13.75,1.0,,19.87,0.0,14.06,65.7375031,,65.7375031,0.0,126.0,0.0
2025-11-05 02:10:19+00:00,2025-11-05 02:10:19,,,,,,,,,,38.7825012,12.2843752,1028.55005,872.099976,13.8249998,1.0,,19.87,0.0,14.06,65.7375031,,65.7375031,0.0,126.0,0.0
2025-11-05 02:10:20+00:00,2025-11-05 02:10:20,38.0,39.0,38.0,38.0,38.0,11.70849337875354,209.0,BO_O2,"O2 규칙 적용: 12.3% (12.0% < O2 ≤ 14.0%) (2단계 롤백, 3~4단계에서 Hz 변화 없음)",38.7937508,12.2515621,1027.94995,872.025024,13.8249998,1.0,,19.87,0.0,14.06,65.7375031,,65.7375031,0.0,126.074997,0.0
2025-11-05 02:10:21+00:00,2025-11-05 02:10:21,,,,,,,,,,38.7825012,12.2093754,1027.5,871.950012,13.8249998,1.0,,19.87,0.0,14.06,65.7375031,,65.7375031,0.0,126.0,0.0
2025-11-05 02:10:22+00:00,2025-11-05 02:10:22,,,,,,,,,,38.7825012,12.2093754,1026.90002,871.875,13.8374996,1.0,,19.87,0.0,14.06,65.7375031,,65.7375031,0.0,126.0,0.0
2025-11-05 02:10:23+00:00,2025-11-05 02:10:23,,,,,,,,,,38.7825012,12.1625004,1026.52502,871.875,13.8249998,1.0,,19.87,0.0,14.06,65.7375031,,65.7375031,0.0,126.0,0.0
2025-11-05 02:10:24+00:00,2025-11-05 02:10:24,,,,,,,,,,38.7862511,12.0890627,1025.92505,871.799988,13.9624996,1.0,,19.87,0.0,13.89,65.7375031,,65.7375031,0.0,126.0,0.0
2025-11-05 02:10:25+00:00,2025-11-05 02:10:25,38.0,39.0,38.0,38.0,38.0,11.698124485289062,209.0,BO_O2,"O2 규칙 적용: 12.2% (12.0% < O2 ≤ 14.0%) (2단계 롤백, 3~4단계에서 Hz 변화 없음)",38.7862511,12.0890627,1025.55005,871.724976,14.0,1.0,,19.87,0.0,13.89,65.7375031,,65.7375031,0.0,126.0,0.0
2025-11-05 02:10:26+00:00,2025-11-05 02:10:26,,,,,,,,,,38.7862511,12.0093746,1025.02502,871.650024,13.9875002,1.0,,19.87,0.0,13.89,65.7375031,,65.7375031,0.0,126.0,0.0
2025-11-05 02:10:27+00:00,2025-11-05 02:10:27,,,,,,,,,,38.7862511,12.0093746,1024.65002,871.650024,13.9875002,1.0,,19.87,0.0,13.89,65.7375031,,65.7375031,0.0,126.0,0.0
2025-11-05 02:10:28+00:00,2025-11-05 02:10:28,,,,,,,,,,38.7900009,11.9234371,1024.19995,871.575012,14.0,1.0,,19.87,0.0,13.89,65.7375031,,65.7375031,0.0,126.0,0.0
