_time_gateway,SNR_PMP_UW_S_1,ICF_SCS_FG_T_2,ICF_TMS_NOX_A,ACT_SNR_PMP_BO_6,ACT_SNR_PMP_BO_0
2025-11-20 15:18:44,17.6812496,1046.09375,0.587499976,,
2025-11-20 15:18:45,17.6812496,1045.84998,0.725000024,,20.0
2025-11-20 15:18:46,17.6812496,1045.84998,0.725000024,,
2025-11-20 15:18:47,17.6812496,1045.93127,0.762499988,,
2025-11-20 15:18:48,17.6812496,1045.93127,0.550000012,,
2025-11-20 15:18:49,17.6812496,1045.93127,0.550000012,,
2025-11-20 15:18:50,17.6812496,1047.47498,0.412499994,,20.0
2025-11-20 15:18:51,17.6812496,1047.47498,0.412499994,,
2025-11-20 15:18:52,17.6812496,1049.6687,0.75,,
2025-11-20 15:18:53,17.6812496,1049.75,0.600000024,,
2025-11-20 15:18:54,17.6812496,1049.75,0.600000024,,
2025-11-20 15:18:55,17.6812496,1048.77502,0.5,,20.0
2025-11-20 15:18:56,17.6812496,1050.88745,0.675000012,,
2025-11-20 15:18:57,17.6812496,1050.88745,0.675000012,,
2025-11-20 15:18:58,17.6812496,1053.16248,0.662500024,,
2025-11-20 15:18:59,17.6812496,1052.51245,0.587499976,,
2025-11-20 15:19:00,17.6812496,1052.51245,0.587499976,,20.0
2025-11-20 15:19:01,17.6812496,1051.86255,0.587499976,,
2025-11-20 15:19:02,17.6812496,1051.86255,0.537500024,,
2025-11-20 15:19:03,17.6812496,1052.1062,0.537500024,,
2025-11-20 15:19:04,17.6812496,1053.7312,0.524999976,,
2025-11-20 15:19:05,17.6812496,1054.30005,0.400000006,,20.0
2025-11-20 15:19:06,17.6812496,1054.30005,0.400000006,,
2025-11-20 15:19:07,17.6812496,1056.57495,0.537500024,,
2025-11-20 15:19:08,17.6812496,1057.71252,0.837499976,,
2025-11-20 15:19:09,17.6812496,1057.71252,0.837499976,,
2025-11-20 15:19:10,17.6812496,1058.44373,0.587499976,,20.0
2025-11-20 15:19:11,17.6812496,1058.44373,0.587499976,,
2025-11-20 15:19:12,17.6812496,1058.6062,0.925000012,,
2025-11-20 15:19:13,17.6812496,1059.33752,0.612500012,,
2025-11-20 15:19:14,17.6812496,1059.09375,0.537500024,,
2025-11-20 15:19:15,17.6812496,1059.09375,0.537500024,,20.0
2025-11-20 15:19:16,17.6812496,1061.0437,1.01250005,,
2025-11-20 15:19:17,17.6812496,1061.0437,1.01250005,,
2025-11-20 15:19:18,17.6812496,1061.69373,0.699999988,,
2025-11-20 15:19:19,17.6812496,1061.69373,0.699999988,,
2025-11-20 15:19:20,17.6812496,1062.91248,0.6875,,20.0
2025-11-20 15:19:21,17.6812496,1062.91248,0.6875,,
2025-11-20 15:19:22,17.6812496,1064.375,0.612500012,,
2025-11-20 15:19:23,17.6812496,1065.1875,0.862500012,,
2025-11-20 15:19:24,17.6812496,1065.1875,0.862500012,,
2025-11-20 15:19:25,17.6812496,1066.48755,0.712499976,,20.0
2025-11-20 15:19:26,17.6812496,1065.34998,0.550000012,,
2025-11-20 15:19:27,17.6812496,1065.34998,0.550000012,,
2025-11-20 15:19:28,17.6812496,1065.1062,0.662500024,,
2025-11-20 15:19:29,17.6812496,1066.16248,0.4375,,
2025-11-20 15:19:30,17.6812496,1066.16248,0.4375,,20.0
2025-11-20 15:19:31,17.6812496,1066.65002,0.612500012,,
2025-11-20 15:19:32,17.6812496,1066.65002,0.612500012,,
2025-11-20 15:19:33,17.6812496,1068.92505,0.762499988,,
2025-11-20 15:19:34,17.6812496,1068.92505,0.762499988,,
2025-11-20 15:19:35,17.6812496,1070.71252,0.962499976,,20.0
2025-11-20 15:19:36,17.6812496,1070.1438,0.587499976,,
2025-11-20 15:19:37,17.6812496,1070.1438,0.587499976,,
2025-11-20 15:19:38,17.6812496,1072.66248,0.6875,,
2025-11-20 15:19:39,17.6812496,1072.66248,0.6875,,
2025-11-20 15:19:40,17.6812496,1072.66248,0.787500024,,20.0
2025-11-20 15:19:41,17.6812496,1072.66248,0.787500024,,
2025-11-20 15:19:42,17.6812496,1072.90625,0.787500024,,
2025-11-20 15:19:43,17.6812496,1072.90625,0.787500024,,
2025-11-20 15:19:44,17.6812496,1072.4187,0.75,,
2025-11-20 15:19:45,17.6812496,1072.4187,0.75,,20.0
2025-11-20 15:19:46,17.6812496,1073.63745,0.550000012,,
2025-11-20 15:19:48,17.6812496,1073.63745,0.550000012,,
2025-11-20 15:19:49,17.6812496,1074.125,0.574999988,,
2025-11-20 15:19:50,17.6812496,1075.50623,1.0,,20.0
2025-11-20 15:19:51,17.6812496,1075.50623,1.0,,
2025-11-20 15:19:52,17.6812496,1074.8562,0.837499976,,
2025-11-20 15:19:53,17.6812496,1074.8562,0.837499976,,
2025-11-20 15:19:54,17.6812496,1074.69373,0.675000012,,
2025-11-20 15:19:55,17.6812496,1075.18127,0.662500024,,20.0
2025-11-20 15:19:56,17.6812496,1075.75,0.587499976,,
2025-11-20 15:19:57,17.6812496,1075.75,0.587499976,,
2025-11-20 15:19:58,17.6812496,1077.53748,1.0,,
2025-11-20 15:19:59,17.6812496,1077.53748,1.0,,
2025-11-20 15:20:00,17.6812496,1077.4563,0.675000012,,20.0
2025-11-20 15:20:01,17.6812496,1078.9187,0.899999976,,
2025-11-20 15:20:02,17.6812496,1078.9187,0.899999976,,
2025-11-20 15:20:03,17.6812496,1078.43127,0.550000012,,
2025-11-20 15:20:04,17.6812496,1078.43127,0.550000012,,
2025-11-20 15:20:05,17.6812496,1078.9187,0.487500012,,20.0
2025-11-20 15:20:06,17.6812496,1078.2688,0.699999988,,
2025-11-20 15:20:07,17.6812496,1078.2688,0.699999988,,
2025-11-20 15:20:08,17.6812496,1078.1062,0.375,,
2025-11-20 15:20:09,17.6812496,1078.43127,0.637499988,,
2025-11-20 15:20:10,17.6812496,1078.1062,0.912500024,,20.0
2025-11-20 15:20:11,17.6812496,1078.1062,0.912500024,,
2025-11-20 15:20:12,17.6812496,1078.83752,0.737500012,,
2025-11-20 15:20:13,17.6812496,1078.83752,0.737500012,,
2025-11-20 15:20:14,17.6812496,1079.65002,0.699999988,,
2025-11-20 15:20:15,17.6812496,1079.65002,0.699999988,,20.0
2025-11-20 15:20:16,17.6812496,1080.7063,0.8125,,
2025-11-20 15:20:17,17.6812496,1080.7063,0.8125,,
2025-11-20 15:20:18,17.6812496,1080.38123,0.725000024,,
2025-11-20 15:20:19,17.6812496,1080.38123,0.725000024,,
2025-11-20 15:20:20,17.6812496,1081.4375,0.462500006,,20.0
2025-11-20 15:20:21,17.6812496,1081.4375,0.774999976,,
2025-11-20 15:20:22,17.6812496,1082.00623,0.774999976,,
2025-11-20 15:20:23,17.6812496,1082.00623,0.8125,,
2025-11-20 15:20:24,17.6812496,1081.03125,0.725000024,,
2025-11-20 15:20:25,17.6812496,1081.03125,0.725000024,,20.0
2025-11-20 15:20:26,17.6812496,1083.7937,0.887499988,,
2025-11-20 15:20:27,17.6812496,1083.30627,0.837499976,,
2025-11-20 15:20:28,17.6812496,1083.55005,0.587499976,,
2025-11-20 15:20:29,17.6812496,1083.55005,0.587499976,,
2025-11-20 15:20:30,17.6812496,1082.9812,0.725000024,,20.0
2025-11-20 15:20:31,17.6812496,1083.38745,0.537500024,,
2025-11-20 15:20:32,17.6812496,1083.38745,0.537500024,,
2025-11-20 15:20:33,17.6812496,1084.03748,0.987500012,,
2025-11-20 15:20:34,17.6812496,1084.03748,0.987500012,,
2025-11-20 15:20:35,17.6812496,1084.7688,0.699999988,,20.0
2025-11-20 15:20:36,17.6812496,1084.6875,0.875,,
2025-11-20 15:20:37,17.6812496,1084.6875,0.875,,
2025-11-20 15:20:38,17.6812496,1084.84998,0.8125,,
2025-11-20 15:20:39,17.6812496,1084.84998,0.8125,,
2025-11-20 15:20:40,17.6812496,1085.5813,0.574999988,,20.0
2025-11-20 15:20:41,17.6812496,1085.98755,0.800000012,,
2025-11-20 15:20:42,17.6812496,1085.98755,0.800000012,,
2025-11-20 15:20:43,17.6812496,1084.6062,0.574999988,,
2025-11-20 15:20:44,17.6812496,1084.6062,0.574999988,,
2025-11-20 15:20:45,17.6812496,1084.84998,0.774999976,,20.0
2025-11-20 15:20:46,17.6812496,1084.6875,0.737500012,,
2025-11-20 15:20:47,17.6812496,1084.6875,0.737500012,,
2025-11-20 15:20:48,17.6812496,1084.93127,0.587499976,,
2025-11-20 15:20:49,17.6812496,1084.93127,0.587499976,,
2025-11-20 15:20:50,17.6812496,1085.25623,0.925000012,,20.0
2025-11-20 15:20:51,17.6812496,1084.93127,0.987500012,,
2025-11-20 15:20:52,17.6812496,1084.93127,0.987500012,,
2025-11-20 15:20:53,17.6812496,1084.93127,0.625,,
2025-11-20 15:20:54,17.6812496,1085.4187,0.787500024,,
2025-11-20 15:20:55,17.6812496,1085.4187,0.787500024,,20.0
2025-11-20 15:20:56,17.6812496,1084.84998,0.725000024,,
2025-11-20 15:20:57,17.6812496,1084.84998,0.725000024,,
2025-11-20 15:20:58,17.6812496,1085.66248,0.862500012,,
2025-11-20 15:20:59,17.6812496,1084.52502,0.5,,
2025-11-20 15:21:00,17.6812496,1084.52502,0.5,,20.0
2025-11-20 15:21:01,17.6812496,1084.52502,0.5,,
2025-11-20 15:21:02,17.6812496,1085.74377,0.8125,,
2025-11-20 15:21:03,17.6812496,1085.74377,0.8125,,
2025-11-20 15:21:04,17.6812496,1085.25623,0.649999976,,
2025-11-20 15:21:05,17.6812496,1084.93127,0.987500012,,20.0
2025-11-20 15:21:06,17.6812496,1084.93127,0.987500012,,
2025-11-20 15:21:07,17.6812496,1085.33752,0.587499976,,
2025-11-20 15:21:08,17.6812496,1084.6875,0.725000024,,
2025-11-20 15:21:09,17.6812496,1084.6875,0.725000024,,
2025-11-20 15:21:10,17.6812496,1084.6875,0.349999994,,20.0
2025-11-20 15:21:11,17.6812496,1085.90625,0.349999994,,
2025-11-20 15:21:12,17.6812496,1085.90625,0.587499976,,
2025-11-20 15:21:13,17.6812496,1085.82495,0.587499976,,
2025-11-20 15:21:14,17.6812496,1084.6875,0.762499988,,
2025-11-20 15:21:15,17.6812496,1084.6875,0.762499988,,20.0
2025-11-20 15:21:16,17.6812496,1085.90625,0.612500012,,
2025-11-20 15:21:17,17.6812496,1084.93127,0.762499988,,
2025-11-20 15:21:18,17.6812496,1084.93127,0.762499988,,
2025-11-20 15:21:19,17.6812496,1084.93127,0.662500024,,
2025-11-20 15:21:20,17.6812496,1086.88123,0.637499988,,20.0
2025-11-20 15:21:21,17.6812496,1086.63745,0.837499976,,
2025-11-20 15:21:22,17.6812496,1086.63745,0.837499976,,
2025-11-20 15:21:24,17.6812496,1086.88123,0.662500024,,
2025-11-20 15:21:25,17.6812496,1086.88123,0.662500024,,20.0
2025-11-20 15:21:26,17.6812496,1087.36877,0.637499988,,
2025-11-20 15:21:27,17.6812496,1087.36877,0.637499988,,
2025-11-20 15:21:28,17.6812496,1087.36877,0.625,,
2025-11-20 15:21:29,17.6812496,1086.3938,0.662500024,,
2025-11-20 15:21:30,17.6812496,1086.3938,0.662500024,,20.0
2025-11-20 15:21:31,17.6812496,1086.06873,0.699999988,,
2025-11-20 15:21:32,17.6812496,1086.06873,0.699999988,,
2025-11-20 15:21:33,17.6812496,1086.88123,0.600000024,,
2025-11-20 15:21:34,17.6812496,1086.88123,0.600000024,,
2025-11-20 15:21:35,17.6812496,1087.0437,0.762499988,,20.0
2025-11-20 15:21:36,17.6812496,1087.0437,0.762499988,,
2025-11-20 15:21:37,17.6812496,1087.2063,0.75,,
2025-11-20 15:21:38,17.6812496,1088.50623,0.637499988,,
2025-11-20 15:21:39,17.6812496,1088.50623,0.637499988,,
2025-11-20 15:21:40,17.6812496,1088.09998,0.649999976,,20.0
2025-11-20 15:21:41,17.6812496,1088.09998,0.587499976,,
2025-11-20 15:21:42,17.6812496,1088.0188,0.925000012,,
2025-11-20 15:21:43,17.6812496,1088.0188,0.925000012,,
2025-11-20 15:21:44,17.6812496,1087.9375,0.925000012,,
2025-11-20 15:21:45,17.6812496,1087.9375,0.574999988,,20.0
2025-11-20 15:21:46,17.6812496,1087.77502,0.712499976,,
2025-11-20 15:21:47,17.6812496,1087.9375,0.587499976,,
2025-11-20 15:21:48,17.6812496,1087.9375,0.587499976,,
2025-11-20 15:21:49,17.6812496,1088.91248,0.675000012,,
2025-11-20 15:21:50,17.6812496,1088.0188,0.587499976,,20.0
2025-11-20 15:21:51,17.6812496,1088.0188,0.587499976,,
2025-11-20 15:21:52,17.6812496,1088.75,0.4375,,
2025-11-20 15:21:53,17.6812496,1088.6687,0.787500024,,
2025-11-20 15:21:54,17.6812496,1088.6687,0.787500024,,
2025-11-20 15:21:55,17.6812496,1088.09998,0.462500006,,20.0
2025-11-20 15:21:56,17.6812496,1088.09998,0.462500006,,
2025-11-20 15:21:57,17.6812496,1088.09998,0.800000012,,
2025-11-20 15:21:58,17.6812496,1088.09998,0.800000012,,
2025-11-20 15:21:59,17.6812496,1088.42505,0.875,,
2025-11-20 15:22:00,17.6812496,1088.42505,0.875,,20.0
2025-11-20 15:22:01,17.6812496,1088.26245,0.587499976,,
2025-11-20 15:22:02,17.6812496,1088.34375,0.824999988,,
2025-11-20 15:22:03,17.6812496,1088.34375,0.824999988,,
2025-11-20 15:22:04,17.6812496,1087.9375,0.537500024,,
2025-11-20 15:22:05,17.6812496,1087.9375,0.537500024,,20.0
2025-11-20 15:22:06,17.6812496,1089.15625,0.8125,,
2025-11-20 15:22:07,17.6812496,1089.15625,0.8125,,
2025-11-20 15:22:08,17.6812496,1087.8562,0.962499976,,
2025-11-20 15:22:09,17.6812496,1088.8313,0.662500024,,
2025-11-20 15:22:10,17.6812496,1088.8313,0.662500024,,20.0
2025-11-20 15:22:11,17.6812496,1088.34375,0.75,,
2025-11-20 15:22:12,17.6812496,1088.34375,0.75,,
2025-11-20 15:22:13,17.6812496,1088.0188,0.537500024,,
2025-11-20 15:22:14,17.6812496,1087.8562,0.787500024,,
2025-11-20 15:22:15,17.6812496,1087.8562,0.787500024,,20.0
2025-11-20 15:22:16,17.6812496,1087.8562,0.649999976,,
2025-11-20 15:22:17,17.6812496,1090.05005,0.649999976,,
2025-11-20 15:22:18,17.6812496,1090.05005,0.762499988,,
2025-11-20 15:22:19,17.6812496,1089.80627,0.612500012,,
2025-11-20 15:22:20,17.6812496,1089.80627,0.612500012,,20.0
2025-11-20 15:22:21,17.6812496,1089.5625,0.574999988,,
2025-11-20 15:22:22,17.6812496,1089.5625,0.574999988,,
2025-11-20 15:22:23,17.6812496,1090.61877,0.949999988,,
2025-11-20 15:22:24,17.6812496,1090.61877,0.949999988,,
2025-11-20 15:22:25,17.6812496,1090.05005,1.08749998,,20.0
2025-11-20 15:22:26,17.6812496,1090.05005,1.08749998,,
2025-11-20 15:22:27,17.6812496,1090.05005,0.725000024,,
2025-11-20 15:22:28,17.6812496,1090.21252,0.6875,,
2025-11-20 15:22:29,17.6812496,1090.21252,0.6875,,
2025-11-20 15:22:30,17.6812496,1090.21252,0.625,,20.0
2025-11-20 15:22:31,17.6812496,1090.61877,0.850000024,,
2025-11-20 15:22:32,17.6812496,1090.61877,0.850000024,,
2025-11-20 15:22:33,17.6812496,1089.72498,0.6875,,
2025-11-20 15:22:34,17.6812496,1089.72498,0.6875,,
2025-11-20 15:22:35,17.6812496,1089.80627,0.899999976,,20.0
2025-11-20 15:22:36,17.6812496,1090.13123,0.574999988,,
2025-11-20 15:22:37,17.6812496,1090.13123,0.574999988,,
2025-11-20 15:22:38,17.6812496,1089.88745,0.625,,
2025-11-20 15:22:39,17.6812496,1089.88745,0.625,,
2025-11-20 15:22:40,17.6812496,1089.72498,0.699999988,,20.0
2025-11-20 15:22:41,17.6812496,1090.375,0.600000024,,
2025-11-20 15:22:42,17.6812496,1090.94373,0.474999994,,
2025-11-20 15:22:43,17.6812496,1090.94373,0.474999994,,
2025-11-20 15:22:44,17.6812496,1091.83752,0.987500012,,
2025-11-20 15:22:45,17.6812496,1091.83752,0.987500012,,20.0
2025-11-20 15:22:46,17.6812496,1091.1062,0.6875,,
2025-11-20 15:22:47,17.6812496,1091.1062,0.6875,,
2025-11-20 15:22:48,17.6812496,1091.43127,0.8125,,
2025-11-20 15:22:49,17.6812496,1091.43127,0.8125,,
2025-11-20 15:22:50,17.6812496,1091.43127,0.8125,,20.0
2025-11-20 15:22:51,17.6812496,1091.51245,0.8125,,
2025-11-20 15:22:52,17.6812496,1091.51245,0.8125,,
2025-11-20 15:22:53,17.6812496,1092.24377,1.04999995,,
2025-11-20 15:22:54,17.6812496,1091.67505,0.862500012,,
2025-11-20 15:22:55,17.6812496,1091.67505,0.862500012,,20.0
2025-11-20 15:22:56,17.6812496,1090.61877,0.625,,
2025-11-20 15:22:57,17.6812496,1090.61877,0.625,,
2025-11-20 15:22:58,17.6812496,1091.51245,0.8125,,
2025-11-20 15:22:59,17.6812496,1091.51245,0.8125,,
2025-11-20 15:23:00,17.6812496,1092.0,0.912500024,,20.0
2025-11-20 15:23:02,17.6812496,1092.0,0.912500024,,
2025-11-20 15:23:03,17.6812496,1091.9187,0.762499988,,
2025-11-20 15:23:04,17.6812496,1091.75623,1.08749998,,
2025-11-20 15:23:05,17.6812496,1091.75623,1.08749998,,20.0
2025-11-20 15:23:06,17.6812496,1092.16248,0.762499988,,
2025-11-20 15:23:07,17.6812496,1091.1875,0.962499976,,
2025-11-20 15:23:08,17.6812496,1091.1875,0.962499976,,
2025-11-20 15:23:09,17.6812496,1091.34998,0.375,,
2025-11-20 15:23:10,17.6812496,1091.1875,0.662500024,,20.0
2025-11-20 15:23:11,17.6812496,1091.1875,0.662500024,,
2025-11-20 15:23:12,17.6812496,1091.2688,0.8125,,
2025-11-20 15:23:13,17.6812496,1091.2688,0.75,,
2025-11-20 15:23:14,17.6812496,1091.2688,0.75,,
2025-11-20 15:23:15,17.6812496,1091.2688,0.537500024,,20.0
2025-11-20 15:23:16,17.6812496,1092.0813,0.662500024,,
2025-11-20 15:23:17,17.6812496,1092.0813,0.662500024,,
2025-11-20 15:23:18,17.6812496,1092.16248,0.762499988,,
2025-11-20 15:23:19,17.6812496,1092.16248,0.762499988,,
2025-11-20 15:23:20,17.6812496,1092.16248,0.649999976,,20.0
2025-11-20 15:23:21,17.6812496,1092.16248,0.675000012,,
2025-11-20 15:23:22,17.6812496,1091.67505,0.675000012,,
2025-11-20 15:23:23,17.6812496,1091.67505,0.774999976,,
2025-11-20 15:23:24,17.6812496,1092.16248,0.949999988,,
2025-11-20 15:23:25,17.6812496,1092.16248,0.949999988,,20.0
2025-11-20 15:23:26,17.6812496,1091.1062,0.675000012,,
2025-11-20 15:23:27,17.6812496,1092.0813,0.787500024,,
2025-11-20 15:23:28,17.6812496,1092.0813,0.787500024,,
2025-11-20 15:23:29,17.6812496,1091.2688,0.975000024,,
2025-11-20 15:23:30,17.6812496,1091.2688,0.975000024,,20.0
2025-11-20 15:23:31,17.6812496,1091.43127,0.837499976,,
2025-11-20 15:23:32,17.6812496,1091.43127,0.837499976,,
2025-11-20 15:23:33,17.6812496,1091.9187,0.625,,
2025-11-20 15:23:34,17.6812496,1091.9187,0.625,,
2025-11-20 15:23:35,17.6812496,1091.2688,0.6875,,20.0
2025-11-20 15:23:36,17.6812496,1091.2688,0.6875,,
2025-11-20 15:23:37,17.6812496,1090.94373,0.625,,
2025-11-20 15:23:38,17.6812496,1090.94373,0.625,,
2025-11-20 15:23:39,17.6812496,1091.83752,0.637499988,,
2025-11-20 15:23:40,17.6812496,1091.83752,0.637499988,,20.0
2025-11-20 15:23:41,17.6812496,1090.2937,0.774999976,,
2025-11-20 15:23:42,17.6812496,1090.2937,0.6875,,
2025-11-20 15:23:43,17.6812496,1089.6438,0.6875,,
2025-11-20 15:23:44,17.6812496,1089.6438,0.600000024,,
2025-11-20 15:23:45,17.6812496,1090.375,0.537500024,,20.0
2025-11-20 15:23:46,17.6812496,1090.375,0.537500024,,
2025-11-20 15:23:47,17.6812496,1089.88745,0.824999988,,
2025-11-20 15:23:48,17.6812496,1089.88745,0.824999988,,
2025-11-20 15:23:49,17.6812496,1089.6438,0.9375,,
2025-11-20 15:23:50,17.6812496,1089.6438,0.9375,,20.0
2025-11-20 15:23:51,17.6812496,1089.88745,0.5625,,
2025-11-20 15:23:52,17.6812496,1089.88745,0.5625,,
2025-11-20 15:23:53,17.6812496,1088.34375,0.637499988,,
2025-11-20 15:23:54,17.6812496,1088.34375,0.637499988,,
2025-11-20 15:23:55,17.6812496,1088.34375,0.712499976,,20.0
2025-11-20 15:23:56,17.6812496,1088.42505,0.850000024,,
2025-11-20 15:23:57,17.6812496,1088.42505,0.850000024,,
2025-11-20 15:23:58,17.6812496,1087.9375,0.649999976,,
2025-11-20 15:23:59,17.6812496,1087.9375,0.649999976,,
2025-11-20 15:24:00,17.6812496,1088.99377,0.962499976,,20.0
2025-11-20 15:24:01,17.6812496,1088.34375,0.787500024,,
2025-11-20 15:24:02,17.6812496,1088.34375,0.787500024,,
2025-11-20 15:24:03,17.6812496,1088.0188,0.637499988,,
2025-11-20 15:24:04,17.6812496,1088.0188,0.637499988,,
2025-11-20 15:24:05,17.6812496,1087.53125,0.649999976,,20.0
2025-11-20 15:24:06,17.6812496,1086.47498,0.612500012,,
2025-11-20 15:24:07,17.6812496,1086.47498,0.612500012,,
2025-11-20 15:24:08,17.6812496,1086.3938,0.725000024,,
2025-11-20 15:24:09,17.6812496,1086.3938,0.725000024,,
2025-11-20 15:24:10,17.6812496,1086.3125,0.550000012,,20.0
2025-11-20 15:24:11,17.6812496,1085.82495,0.824999988,,
2025-11-20 15:24:12,17.6812496,1085.82495,0.824999988,,
2025-11-20 15:24:13,17.6812496,1085.74377,0.725000024,,
2025-11-20 15:24:14,17.6812496,1084.84998,0.762499988,,
2025-11-20 15:24:15,17.6812496,1085.82495,0.8125,,20.0
2025-11-20 15:24:16,17.6812496,1085.82495,0.8125,,
2025-11-20 15:24:17,17.6812496,1085.90625,0.75,,
2025-11-20 15:24:18,17.6812496,1085.90625,0.75,,
2025-11-20 15:24:19,17.6812496,1085.4187,0.774999976,,
2025-11-20 15:24:20,17.6812496,1085.82495,0.737500012,,20.0
2025-11-20 15:24:21,17.6812496,1084.84998,0.550000012,,
2025-11-20 15:24:22,17.6812496,1084.84998,0.550000012,,
2025-11-20 15:24:23,17.6812496,1084.84998,0.637499988,,
2025-11-20 15:24:24,17.6812496,1084.84998,0.637499988,,
2025-11-20 15:24:25,17.6812496,1083.1438,0.612500012,,20.0
2025-11-20 15:24:26,17.6812496,1083.1438,0.612500012,,
2025-11-20 15:24:27,17.6812496,1083.38745,0.524999976,,
2025-11-20 15:24:28,17.6812496,1083.38745,0.524999976,,
2025-11-20 15:24:29,17.6812496,1081.92505,0.637499988,,
2025-11-20 15:24:30,17.6812496,1081.92505,0.637499988,,20.0
2025-11-20 15:24:31,17.6812496,1082.25,0.675000012,,
2025-11-20 15:24:32,17.6812496,1081.76245,0.487500012,,
2025-11-20 15:24:33,17.6812496,1081.76245,0.487500012,,
2025-11-20 15:24:34,17.6812496,1080.38123,0.5,,
2025-11-20 15:24:35,17.6812496,1080.38123,0.5,,20.0
2025-11-20 15:24:36,17.6812496,1080.21875,0.699999988,,
2025-11-20 15:24:37,17.6812496,1078.51245,0.712499976,,
2025-11-20 15:24:38,17.6812496,1078.51245,0.712499976,,
2025-11-20 15:24:39,17.6812496,1078.9187,0.612500012,,
2025-11-20 15:24:40,,,,,20.0
2025-11-20 15:24:41,17.6812496,1078.9187,0.612500012,,
2025-11-20 15:24:42,17.6812496,1078.1875,0.412499994,,
2025-11-20 15:24:43,17.6812496,1078.1875,0.412499994,,
2025-11-20 15:24:44,17.6812496,1078.83752,1.13750005,,
2025-11-20 15:24:45,17.6812496,1078.83752,1.13750005,,20.0
2025-11-20 15:24:46,17.6812496,1077.94373,0.725000024,,
2025-11-20 15:24:47,17.6812496,1077.94373,0.725000024,,
2025-11-20 15:24:48,17.6812496,1076.5625,0.725000024,,
2025-11-20 15:24:49,17.6812496,1076.5625,0.725000024,,
2025-11-20 15:24:50,17.6812496,1076.4812,0.662500024,,20.0
2025-11-20 15:24:51,17.6812496,1076.4812,0.662500024,,
2025-11-20 15:24:52,17.6812496,1075.0188,0.800000012,,
2025-11-20 15:24:53,17.6812496,1075.0188,0.800000012,,
2025-11-20 15:24:54,17.6812496,1075.42505,0.287499994,,
2025-11-20 15:24:55,17.6812496,1075.99377,0.9375,,20.0
2025-11-20 15:24:56,17.6812496,1073.3938,0.8125,,
2025-11-20 15:24:57,17.6812496,1073.2312,0.600000024,,
2025-11-20 15:24:58,17.6812496,1073.2312,0.600000024,,
2025-11-20 15:24:59,17.6812496,1072.4187,0.824999988,,
2025-11-20 15:25:00,17.6812496,1072.4187,0.824999988,,20.0
2025-11-20 15:25:01,17.6812496,1072.17505,0.612500012,,
2025-11-20 15:25:02,17.6812496,1072.17505,0.612500012,,
2025-11-20 15:25:03,17.6812496,1071.93127,0.824999988,,
2025-11-20 15:25:04,17.6812496,1071.84998,0.712499976,,
2025-11-20 15:25:05,17.6812496,1071.84998,0.712499976,,20.0
2025-11-20 15:25:06,17.6812496,1072.09375,0.524999976,,
2025-11-20 15:25:07,17.6812496,1070.1438,0.75,,
2025-11-20 15:25:08,17.6812496,1070.1438,0.662500024,,
2025-11-20 15:25:09,17.6812496,1068.92505,0.662500024,,
2025-11-20 15:25:10,17.6812496,1068.3562,0.550000012,,20.0
2025-11-20 15:25:11,17.6812496,1068.68127,3.82500005,,
2025-11-20 15:25:12,17.6812496,1068.68127,3.82500005,,
2025-11-20 15:25:13,17.6812496,1067.94995,21.9750004,,
2025-11-20 15:25:14,17.6812496,1066.48755,22.2124996,,
2025-11-20 15:25:15,17.6812496,1066.48755,22.2124996,,20.0
2025-11-20 15:25:16,17.6812496,1065.9187,21.8999996,,
2025-11-20 15:25:17,17.6812496,1065.9187,21.8999996,,
2025-11-20 15:25:18,17.6812496,1066.48755,21.8250008,,
2025-11-20 15:25:19,17.6812496,1066.48755,21.8250008,,
2025-11-20 15:25:20,17.6812496,1065.51245,22.1124992,,20.0
2025-11-20 15:25:21,17.6812496,1066.40625,22.0625,,
2025-11-20 15:25:22,17.6812496,1066.40625,22.0625,,
2025-11-20 15:25:23,17.6812496,1066.0813,22.3624992,,
2025-11-20 15:25:24,17.6812496,1066.0813,21.9624996,,
2025-11-20 15:25:25,17.6812496,1065.51245,21.9624996,,20.0
2025-11-20 15:25:26,17.6812496,1065.67505,22.1499996,,
2025-11-20 15:25:27,17.6812496,1065.67505,22.1499996,,
2025-11-20 15:25:28,17.6812496,1065.67505,21.875,,
2025-11-20 15:25:29,17.6812496,1065.34998,22.1000004,,
2025-11-20 15:25:30,17.6812496,1065.34998,22.1000004,,20.0
2025-11-20 15:25:31,17.6812496,1065.67505,22.125,,
2025-11-20 15:25:32,17.6812496,1065.83752,22.0,,
2025-11-20 15:25:33,17.6812496,1065.83752,22.0,,
2025-11-20 15:25:34,17.6812496,1066.0,21.9750004,,
2025-11-20 15:25:35,17.6812496,1065.2688,21.8125,,20.0
2025-11-20 15:25:36,17.6812496,1065.2688,21.8125,,
2025-11-20 15:25:37,17.6812496,1065.34998,21.7250004,,
2025-11-20 15:25:38,17.6812496,1065.34998,21.7250004,,
2025-11-20 15:25:39,17.6812496,1065.51245,21.7625008,,
2025-11-20 15:25:40,17.6812496,1065.51245,21.7625008,,20.0
2025-11-20 15:25:41,17.6812496,1065.43127,21.7625008,,
2025-11-20 15:25:42,17.6812496,1065.67505,21.7625008,,
2025-11-20 15:25:43,17.6812496,1065.67505,21.7625008,,
2025-11-20 15:25:44,17.6812496,1065.51245,21.7625008,,
2025-11-20 15:25:45,17.6812496,1067.5437,22.0375004,,20.0
2025-11-20 15:25:46,17.6812496,1068.03125,22.0499992,,
2025-11-20 15:25:47,17.6812496,1068.03125,22.0499992,,
2025-11-20 15:25:48,17.6812496,1068.76245,22.1499996,,
2025-11-20 15:25:49,17.6812496,1068.76245,22.1499996,,
2025-11-20 15:25:50,17.6812496,1070.22498,21.9125004,,20.0
2025-11-20 15:25:51,17.6812496,1070.22498,21.9125004,,
2025-11-20 15:25:52,17.6812496,1071.6875,21.8624992,,
2025-11-20 15:25:53,17.6812496,1071.84998,21.9375,,
2025-11-20 15:25:54,17.6812496,1072.4187,22.3250008,,
2025-11-20 15:25:55,17.6812496,1072.4187,22.3250008,,20.0
2025-11-20 15:25:56,17.6812496,1074.36877,21.6499996,,
2025-11-20 15:25:57,17.6812496,1073.55627,22.1124992,,
2025-11-20 15:25:58,17.6812496,1073.55627,22.1124992,,
2025-11-20 15:25:59,17.6812496,1075.18127,21.9375,,
2025-11-20 15:26:00,17.6812496,1075.58752,22.0499992,,20.0
2025-11-20 15:26:01,17.6812496,1075.58752,22.0499992,,
2025-11-20 15:26:02,17.6812496,1077.94373,22.0,,
2025-11-20 15:26:03,17.6812496,1078.75623,21.8374996,,
2025-11-20 15:26:04,17.6812496,1078.75623,21.8374996,,
2025-11-20 15:26:05,17.6812496,1078.83752,22.0,,20.0
2025-11-20 15:26:06,17.6812496,1078.83752,22.0874996,,
2025-11-20 15:26:07,17.6812496,1079.48755,22.0874996,,
2025-11-20 15:26:08,17.6812496,1079.48755,22.0874996,,
2025-11-20 15:26:09,17.6812496,1082.3313,22.0249996,,
2025-11-20 15:26:10,17.6812496,1082.3313,22.0249996,,20.0
2025-11-20 15:26:11,17.6812496,1085.01245,21.8500004,,
2025-11-20 15:26:12,17.6812496,1085.01245,21.8500004,,
2025-11-20 15:26:13,17.6812496,1085.82495,22.1499996,,
2025-11-20 15:26:14,17.6812496,1085.82495,22.1499996,,
2025-11-20 15:26:15,17.6812496,1087.53125,22.0874996,,20.0
2025-11-20 15:26:16,17.6812496,1087.53125,22.0874996,,
2025-11-20 15:26:17,17.6812496,1088.50623,22.1499996,,
2025-11-20 15:26:18,17.6812496,1088.50623,22.1499996,,
2025-11-20 15:26:19,17.6812496,1088.58752,21.8624992,,
2025-11-20 15:26:20,17.6812496,1089.6438,21.8500004,,20.0
2025-11-20 15:26:21,17.6812496,1089.6438,21.8500004,,
2025-11-20 15:26:22,17.6812496,1091.2688,22.1749992,,
2025-11-20 15:26:23,17.6812496,1091.2688,22.1749992,,
2025-11-20 15:26:25,17.6812496,1091.1062,21.8875008,,20.0
2025-11-20 15:26:26,17.6812496,1091.34998,22.0750008,,
2025-11-20 15:26:27,17.6812496,1091.34998,22.0750008,,
2025-11-20 15:26:28,17.6812496,1094.4375,21.875,,
2025-11-20 15:26:29,17.6812496,1094.92505,21.8500004,,
2025-11-20 15:26:30,17.6812496,1094.92505,21.8500004,,20.0
2025-11-20 15:26:31,17.6812496,1096.875,22.0499992,,
2025-11-20 15:26:32,17.6812496,1096.875,22.0499992,,
2025-11-20 15:26:33,17.6812496,1097.6875,22.1499996,,
2025-11-20 15:26:34,17.6812496,1097.6875,22.1499996,,
2025-11-20 15:26:35,17.6812496,1097.44373,21.875,,20.0
2025-11-20 15:26:36,17.6812496,1097.44373,21.875,,
2025-11-20 15:26:37,17.6812496,1097.93127,21.9624996,,
2025-11-20 15:26:38,17.6812496,1099.88123,22.1124992,,
2025-11-20 15:26:39,17.6812496,1099.88123,22.1124992,,
2025-11-20 15:26:40,17.6812496,1100.77502,22.0499992,,20.0
2025-11-20 15:26:41,17.6812496,1100.69373,22.125,,
2025-11-20 15:26:42,17.6812496,1102.80627,21.7124996,,
2025-11-20 15:26:43,17.6812496,1103.69995,21.9624996,,
2025-11-20 15:26:44,17.6812496,1105.0,21.8500004,,
2025-11-20 15:26:45,17.6812496,1105.0,21.8500004,,20.0
2025-11-20 15:26:46,17.6812496,1105.24377,21.9874992,,
2025-11-20 15:26:47,17.6812496,1106.13745,22.0499992,,
2025-11-20 15:26:48,17.6812496,1105.8125,21.6749992,,
2025-11-20 15:26:49,17.6812496,1105.8125,21.6749992,,
2025-11-20 15:26:50,17.6812496,1107.59998,22.2250004,,20.0
2025-11-20 15:26:51,17.6812496,1107.59998,22.2250004,,
2025-11-20 15:26:52,17.6812496,1110.44373,21.7374992,,
2025-11-20 15:26:53,17.6812496,1110.44373,21.7374992,,
2025-11-20 15:26:54,17.6812496,1110.52502,21.7999992,,
2025-11-20 15:26:55,17.6812496,1110.52502,21.7999992,,20.0
2025-11-20 15:26:56,17.6812496,1110.6062,21.9249992,,
2025-11-20 15:26:57,17.6812496,1110.6062,21.9249992,,
2025-11-20 15:26:58,17.6812496,1112.80005,21.9750004,,
2025-11-20 15:26:59,17.6812496,1112.80005,21.9750004,,
2025-11-20 15:27:00,17.6812496,1114.58752,22.2625008,,20.0
2025-11-20 15:27:01,17.6812496,1114.58752,22.2625008,,
2025-11-20 15:27:02,17.6812496,1114.0188,21.8250008,,
2025-11-20 15:27:03,17.6812496,1116.21252,21.9624996,,
2025-11-20 15:27:04,17.6812496,1116.21252,21.9624996,,
2025-11-20 15:27:05,17.6812496,1117.34998,22.0625,,20.0
2025-11-20 15:27:06,17.6812496,1117.34998,22.0625,,
2025-11-20 15:27:07,17.6812496,1117.51245,22.0499992,,
2025-11-20 15:27:08,17.6812496,1117.51245,22.0499992,,
2025-11-20 15:27:09,17.6812496,1118.0813,21.9750004,,
2025-11-20 15:27:10,17.6812496,1118.0813,21.9750004,,20.0
2025-11-20 15:27:11,17.6812496,1118.65002,22.0249996,,
2025-11-20 15:27:12,17.6812496,1118.65002,22.0249996,,
2025-11-20 15:27:13,17.6812496,1119.30005,21.7250004,,
2025-11-20 15:27:14,17.6812496,1119.30005,21.7250004,,
2025-11-20 15:27:15,17.6812496,1120.59998,21.8875008,,20.0
2025-11-20 15:27:16,17.6812496,1121.90002,22.0874996,,
2025-11-20 15:27:17,17.6812496,1121.90002,21.8125,,
2025-11-20 15:27:18,17.6812496,1122.55005,21.8125,,
2025-11-20 15:27:19,17.6812496,1124.09375,22.0249996,,
2025-11-20 15:27:20,17.6812496,1123.6062,21.9375,,20.0
2025-11-20 15:27:21,17.6812496,1123.6062,21.9375,,
2025-11-20 15:27:22,17.6812496,1123.28125,21.6375008,,
2025-11-20 15:27:23,17.6812496,1123.36255,21.7250004,,
2025-11-20 15:27:24,17.6812496,1123.36255,21.7250004,,
2025-11-20 15:27:25,17.6812496,1124.5813,22.2625008,,20.0
2025-11-20 15:27:26,17.6812496,1124.5813,22.2625008,,
2025-11-20 15:27:27,17.6812496,1124.4187,21.8624992,,
2025-11-20 15:27:28,17.6812496,1124.4187,21.8624992,,
2025-11-20 15:27:29,17.6812496,1125.63745,22.1499996,,
2025-11-20 15:27:30,17.6812496,1125.63745,22.1499996,,20.0
2025-11-20 15:27:31,17.6812496,1127.75,21.9750004,,
2025-11-20 15:27:32,17.6812496,1127.50623,21.9500008,,
2025-11-20 15:27:33,17.6812496,1127.50623,21.9500008,,
2025-11-20 15:27:34,17.6812496,1126.9375,22.0499992,,
2025-11-20 15:27:35,17.6812496,1126.9375,22.0499992,,20.0
2025-11-20 15:27:36,17.6812496,1127.6687,22.0,,
2025-11-20 15:27:37,17.6812496,1127.6687,22.0,,
2025-11-20 15:27:38,17.6812496,1127.6687,22.2749996,,
2025-11-20 15:27:39,17.6812496,1129.53748,21.9624996,,
2025-11-20 15:27:40,17.6812496,1130.1875,22.0249996,,20.0
2025-11-20 15:27:41,17.6812496,1130.1875,22.0249996,,
2025-11-20 15:27:42,17.6812496,1130.1875,22.0874996,,
2025-11-20 15:27:43,17.6812496,1129.86255,21.7875004,,
2025-11-20 15:27:44,17.6812496,1129.86255,21.7875004,,
2025-11-20 15:27:45,17.6812496,1130.34998,21.8875008,,20.0
2025-11-20 15:27:46,17.6812496,1129.86255,21.8250008,,
2025-11-20 15:27:47,17.6812496,1129.86255,21.8250008,,
2025-11-20 15:27:48,17.6812496,1130.83752,22.0375004,,
2025-11-20 15:27:49,17.6812496,1130.83752,22.0375004,,
2025-11-20 15:27:50,17.6812496,1130.34998,21.9500008,,20.0
2025-11-20 15:27:51,17.6812496,1130.34998,21.9500008,,
2025-11-20 15:27:52,17.6812496,1131.48755,22.0375004,,
2025-11-20 15:27:53,17.6812496,1131.97498,21.8500004,,
2025-11-20 15:27:54,17.6812496,1131.97498,21.8500004,,
2025-11-20 15:27:55,17.6812496,1132.86877,21.8999996,,20.0
2025-11-20 15:27:56,17.6812496,1132.86877,21.8999996,,
2025-11-20 15:27:57,17.6812496,1133.3562,21.8125,,
2025-11-20 15:27:58,17.6812496,1134.3313,22.0874996,,
2025-11-20 15:27:59,17.6812496,1134.3313,22.125,,
2025-11-20 15:28:00,17.6812496,1135.38745,22.125,,20.0
2025-11-20 15:28:01,17.6812496,1135.38745,22.0499992,,
2025-11-20 15:28:02,17.6812496,1135.55005,21.9750004,,
2025-11-20 15:28:03,17.6812496,1135.55005,21.9750004,,
2025-11-20 15:28:05,17.6812496,1137.33752,22.25,,20.0
2025-11-20 15:28:06,17.6812496,1137.33752,22.25,,
2025-11-20 15:28:07,17.6812496,1137.25623,21.9375,,
2025-11-20 15:28:08,17.6812496,1136.36255,22.0625,,
2025-11-20 15:28:09,17.6812496,1136.36255,22.0625,,
2025-11-20 15:28:10,17.6812496,1136.19995,21.9125004,,20.0
2025-11-20 15:28:11,17.6812496,1137.09375,21.9375,,
2025-11-20 15:28:12,17.6812496,1137.09375,21.9375,,
2025-11-20 15:28:13,17.6812496,1136.11877,22.0249996,,
2025-11-20 15:28:14,17.6812496,1136.7688,22.1000004,,
2025-11-20 15:28:15,17.6812496,1136.7688,22.1000004,,20.0
2025-11-20 15:28:16,17.6812496,1136.7688,21.9624996,,
2025-11-20 15:28:17,17.6812496,1138.2312,21.9624996,,
2025-11-20 15:28:18,17.6812496,1138.2312,21.8500004,,
2025-11-20 15:28:19,17.6812496,1138.2312,21.8500004,,
2025-11-20 15:28:20,17.6812496,1138.2312,22.1375008,,20.0
2025-11-20 15:28:21,17.6812496,1139.44995,21.7875004,,
2025-11-20 15:28:23,17.6812496,1139.69373,21.8125,,
2025-11-20 15:28:24,17.6812496,1139.69373,21.8125,,
2025-11-20 15:28:25,17.6812496,1139.9375,21.9624996,,20.0
2025-11-20 15:28:26,17.6812496,1140.58752,22.0750008,,
2025-11-20 15:28:27,17.6812496,1140.75,21.8500004,,
2025-11-20 15:28:28,17.6812496,1140.75,21.8500004,,
2025-11-20 15:28:29,17.6812496,1140.91248,22.2999992,,
2025-11-20 15:28:30,17.6812496,1140.18127,21.9750004,,20.0
2025-11-20 15:28:31,17.6812496,1140.26245,21.9125004,,
2025-11-20 15:28:32,17.6812496,1140.26245,21.9125004,,
2025-11-20 15:28:33,17.6812496,1142.13123,22.1124992,,
2025-11-20 15:28:34,17.6812496,1142.13123,22.1124992,,
2025-11-20 15:28:35,17.6812496,1142.69995,21.9624996,,20.0
2025-11-20 15:28:36,17.6812496,1142.69995,21.9624996,,
2025-11-20 15:28:37,17.6812496,1142.94373,21.6375008,,
2025-11-20 15:28:38,17.6812496,1143.83752,22.1124992,,
2025-11-20 15:28:39,17.6812496,1143.67505,22.2374992,,
2025-11-20 15:28:40,17.6812496,1143.67505,22.2374992,,20.0
2025-11-20 15:28:41,17.6812496,1143.02502,21.8875008,,
2025-11-20 15:28:42,17.6812496,1143.67505,21.7124996,,
2025-11-20 15:28:43,17.6812496,1143.67505,21.7124996,,
2025-11-20 15:28:44,17.6812496,1143.1875,22.1124992,,
2025-11-20 15:28:45,17.6812496,1143.1875,22.1124992,,20.0
2025-11-20 15:28:46,17.6812496,1144.0813,22.0375004,,
2025-11-20 15:28:47,17.6812496,1144.0813,22.0375004,,
2025-11-20 15:28:48,17.6812496,1143.43127,22.1124992,,
2025-11-20 15:28:49,17.6812496,1143.67505,22.1124992,,
2025-11-20 15:28:50,17.6812496,1143.67505,22.1625004,,20.0
2025-11-20 15:28:51,17.6812496,1143.43127,22.1625004,,
2025-11-20 15:28:52,17.6812496,1142.94373,21.9874992,,
2025-11-20 15:28:53,17.6812496,1144.7312,22.1000004,,
2025-11-20 15:28:54,17.6812496,1144.7312,22.1000004,,
2025-11-20 15:28:55,17.6812496,1145.625,22.1499996,,20.0
2025-11-20 15:28:56,17.6812496,1145.625,22.1499996,,
2025-11-20 15:28:57,17.6812496,1144.56873,21.6375008,,
2025-11-20 15:28:58,17.6812496,1144.56873,21.6375008,,
2025-11-20 15:28:59,17.6812496,1146.3562,21.8500004,,
2025-11-20 15:29:00,17.6812496,1146.3562,21.8500004,,20.0
2025-11-20 15:29:01,17.6812496,1146.5188,21.8374996,,
2025-11-20 15:29:02,17.6812496,1146.5188,21.8374996,,
2025-11-20 15:29:03,17.6812496,1146.27502,21.9500008,,
2025-11-20 15:29:04,17.6812496,1146.27502,21.9500008,,
2025-11-20 15:29:05,17.6812496,1147.57495,21.7250004,,20.0
2025-11-20 15:29:06,17.6812496,1147.57495,21.7250004,,
2025-11-20 15:29:07,17.6812496,1147.90002,21.7999992,,
2025-11-20 15:29:08,17.6812496,1148.875,21.9500008,,
2025-11-20 15:29:09,17.6812496,1148.875,21.9500008,,
2025-11-20 15:29:10,17.6812496,1149.36255,21.8999996,,
2025-11-20 15:29:11,17.6812496,1149.44373,21.8374996,,
2025-11-20 15:29:12,17.6812496,1149.44373,21.8374996,,
2025-11-20 15:29:13,17.6812496,1149.52502,21.8875008,,
2025-11-20 15:29:14,17.6812496,1149.52502,21.8875008,,
2025-11-20 15:29:15,17.6812496,1149.93127,21.8624992,,
2025-11-20 15:29:16,17.6812496,1149.93127,21.8624992,,22.6812496
2025-11-20 15:29:17,17.6812496,1149.84998,22.0249996,,
2025-11-20 15:29:18,17.6812496,1149.84998,22.0249996,,
2025-11-20 15:29:19,17.6812496,1150.4187,21.9874992,,
2025-11-20 15:29:20,17.6812496,1150.4187,21.9874992,,22.6812496
2025-11-20 15:29:21,17.6812496,1150.25623,21.8125,,
2025-11-20 15:29:22,17.6812496,1150.25623,21.8125,,
2025-11-20 15:29:23,17.6812496,1150.01245,22.1124992,,
2025-11-20 15:29:24,17.6812496,1150.01245,22.1124992,,
2025-11-20 15:29:25,17.6812496,1150.5,22.0499992,,22.6812496
2025-11-20 15:29:26,17.6812496,1150.5,22.0499992,,
2025-11-20 15:29:27,17.6812496,1149.44373,21.875,,
2025-11-20 15:29:28,17.6812496,1150.09375,21.6499996,,
2025-11-20 15:29:29,17.6812496,1150.09375,21.6499996,,
2025-11-20 15:29:30,17.6812496,1150.4187,21.875,,22.6812496
2025-11-20 15:29:31,17.6812496,1150.09375,21.9750004,,
2025-11-20 15:29:32,17.6812496,1150.09375,21.9750004,,
2025-11-20 15:29:33,17.6812496,1151.88123,21.9750004,,22.6812496
2025-11-20 15:29:34,17.6812496,1151.88123,21.9750004,,
2025-11-20 15:29:35,17.6812496,1152.0437,22.0375004,,22.6812496
2025-11-20 15:29:36,17.6812496,1152.0437,22.0375004,,
2025-11-20 15:29:37,17.6812496,1151.15002,21.6499996,,
2025-11-20 15:29:38,17.6812496,1151.15002,21.6499996,,
2025-11-20 15:29:39,17.6812496,1151.47498,22.1499996,,
2025-11-20 15:29:40,,,,,22.6812496
2025-11-20 15:29:41,17.6812496,1151.88123,22.2000008,,
2025-11-20 15:29:42,17.6812496,1151.06873,22.1124992,,
2025-11-20 15:29:43,17.6812496,1151.06873,22.1124992,,
2025-11-20 15:29:44,17.6812496,1151.06873,22.3374996,,
2025-11-20 15:29:45,17.6812496,1150.74377,22.1000004,,22.6812496
2025-11-20 15:29:46,17.6812496,1150.74377,22.1000004,,
2025-11-20 15:29:47,17.6812496,1150.74377,21.7374992,,
2025-11-20 15:29:48,17.6812496,1152.0437,21.8500004,,
2025-11-20 15:29:49,17.6812496,1152.0437,21.8500004,,
2025-11-20 15:29:50,17.6812496,1150.66248,21.9375,,22.6812496
2025-11-20 15:29:51,17.6812496,1150.82495,21.9375,,
2025-11-20 15:29:52,17.6812496,1150.82495,22.0499992,,
2025-11-20 15:29:53,17.6812496,1151.96252,22.0125008,,
2025-11-20 15:29:54,17.6812496,1150.90625,21.875,,
2025-11-20 15:29:55,17.6812496,1150.90625,21.875,,22.6812496
2025-11-20 15:29:56,17.6812496,1151.63745,21.9125004,,
2025-11-20 15:29:57,17.6812496,1151.2312,21.9750004,,
2025-11-20 15:29:58,17.6812496,1151.2312,21.9750004,,
2025-11-20 15:29:59,17.6812496,1150.4187,21.875,,
2025-11-20 15:30:00,17.6812496,1149.93127,22.1499996,,22.6812496
2025-11-20 15:30:01,17.6812496,1150.25623,22.0,,
2025-11-20 15:30:02,17.6812496,1150.5813,21.9750004,,
2025-11-20 15:30:03,17.6812496,1150.5813,21.9750004,,
2025-11-20 15:30:04,17.6812496,1149.93127,22.2250004,,
2025-11-20 15:30:05,17.6812496,1149.93127,22.2250004,,22.6812496
2025-11-20 15:30:06,17.6812496,1150.17505,22.125,,
2025-11-20 15:30:07,17.6812496,1150.17505,22.125,,
2025-11-20 15:30:08,17.6812496,1149.36255,22.0,,
2025-11-20 15:30:09,17.6812496,1149.36255,22.0,,
2025-11-20 15:30:10,17.6812496,1149.7688,22.3374996,,22.6812496
2025-11-20 15:30:11,17.6812496,1149.44373,22.0499992,,
2025-11-20 15:30:12,17.6812496,1149.44373,22.0499992,,
2025-11-20 15:30:13,17.6812496,1149.52502,21.8624992,,
2025-11-20 15:30:14,17.6812496,1149.52502,21.8624992,,
2025-11-20 15:30:15,17.6812496,1149.52502,21.8624992,,22.6812496
2025-11-20 15:30:16,17.6812496,1150.5,22.2625008,,
2025-11-20 15:30:17,17.6812496,1149.6062,22.1000004,,
2025-11-20 15:30:18,17.6812496,1149.6062,22.1000004,,
2025-11-20 15:30:19,17.6812496,1150.5,21.9750004,,
2025-11-20 15:30:20,17.6812496,1150.5,21.9750004,,22.6812496
2025-11-20 15:30:21,17.6812496,1150.66248,22.0625,,
2025-11-20 15:30:22,17.6812496,1149.28125,21.6749992,,
2025-11-20 15:30:23,17.6812496,1149.28125,21.6749992,,
2025-11-20 15:30:24,17.6812496,1149.44373,22.1375008,,
2025-11-20 15:30:25,17.6812496,1150.09375,21.875,,22.6812496
2025-11-20 15:30:26,17.6812496,1149.44373,21.7374992,,
2025-11-20 15:30:27,17.6812496,1150.5,21.9874992,,
2025-11-20 15:30:28,17.6812496,1150.5,21.9874992,,
2025-11-20 15:30:29,17.6812496,1148.22498,22.0625,,
2025-11-20 15:30:30,17.6812496,1148.22498,22.0625,,22.6812496
2025-11-20 15:30:31,17.6812496,1148.38745,21.9624996,,
2025-11-20 15:30:32,17.6812496,1148.38745,21.9624996,,
2025-11-20 15:30:33,17.6812496,1148.71252,22.0125008,,
2025-11-20 15:30:34,17.6812496,1148.71252,22.0125008,,
2025-11-20 15:30:35,17.6812496,1147.25,22.2250004,,22.6812496
2025-11-20 15:30:36,17.6812496,1147.1687,21.9500008,,
2025-11-20 15:30:37,17.6812496,1147.1687,21.9500008,,
2025-11-20 15:30:38,17.6812496,1146.19373,21.5874996,,
2025-11-20 15:30:39,17.6812496,1146.19373,21.5874996,,
2025-11-20 15:30:40,17.6812496,1146.19373,22.0249996,,22.6812496
2025-11-20 15:30:41,17.6812496,1144.65002,22.0249996,,
2025-11-20 15:30:42,17.6812496,1144.65002,21.7374992,,
2025-11-20 15:30:43,17.6812496,1144.8125,22.0499992,,
2025-11-20 15:30:44,17.6812496,1144.8125,22.0499992,,
2025-11-20 15:30:45,17.6812496,1143.34998,21.8250008,,22.6812496
2025-11-20 15:30:46,17.6812496,1143.34998,21.8250008,,
2025-11-20 15:30:47,17.6812496,1143.2688,21.8999996,,
2025-11-20 15:30:48,17.6812496,1143.51245,22.0625,,
2025-11-20 15:30:49,17.6812496,1143.51245,22.0625,,
2025-11-20 15:30:50,17.6812496,1143.02502,21.9375,,22.6812496
2025-11-20 15:30:51,17.6812496,1144.0813,21.9874992,,
2025-11-20 15:30:52,17.6812496,1143.43127,22.1124992,,
2025-11-20 15:30:53,17.6812496,1143.43127,22.1124992,,
2025-11-20 15:30:54,17.6812496,1143.9187,21.9375,,
2025-11-20 15:30:55,17.6812496,1141.80627,21.8624992,,22.6812496
2025-11-20 15:30:56,17.6812496,1142.375,21.875,,
2025-11-20 15:30:57,17.6812496,1142.375,21.875,,
2025-11-20 15:30:58,17.6812496,1142.375,22.1625004,,
2025-11-20 15:30:59,17.6812496,1140.50623,21.8875008,,
2025-11-20 15:31:00,17.6812496,1140.50623,21.8875008,,22.6812496
2025-11-20 15:31:01,17.6812496,1140.50623,21.75,,
2025-11-20 15:31:02,17.6812496,1139.44995,21.8125,,
2025-11-20 15:31:03,17.6812496,1139.44995,21.8125,,
2025-11-20 15:31:04,17.6812496,1140.50623,22.2625008,,
2025-11-20 15:31:05,17.6812496,1140.50623,22.2625008,,22.6812496
2025-11-20 15:31:06,17.6812496,1138.3938,21.9750004,,
2025-11-20 15:31:07,17.6812496,1138.3938,21.9750004,,
2025-11-20 15:31:08,17.6812496,1138.15002,21.9624996,,
2025-11-20 15:31:09,17.6812496,1136.6062,21.875,,
2025-11-20 15:31:10,17.6812496,1136.6062,21.875,,22.6812496
2025-11-20 15:31:11,17.6812496,1136.11877,21.875,,
2025-11-20 15:31:12,17.6812496,1136.11877,21.875,,
2025-11-20 15:31:13,17.6812496,1135.9563,22.0249996,,
2025-11-20 15:31:14,17.6812496,1135.9563,22.0249996,,
2025-11-20 15:31:15,17.6812496,1136.28125,22.2124996,,22.6812496
2025-11-20 15:31:16,17.6812496,1136.28125,22.2124996,,
2025-11-20 15:31:17,17.6812496,1134.9812,21.8374996,,
2025-11-20 15:31:18,17.6812496,1134.9812,21.8374996,,
2025-11-20 15:31:20,17.6812496,1135.63123,21.9125004,,22.6812496
2025-11-20 15:31:21,17.6812496,1133.4375,22.1375008,,
2025-11-20 15:31:22,17.6812496,1133.4375,22.1375008,,
2025-11-20 15:31:23,17.6812496,1131.8125,21.8125,,
2025-11-20 15:31:24,17.6812496,1132.05627,22.2625008,,
2025-11-20 15:31:25,17.6812496,1132.05627,22.2625008,,22.6812496
2025-11-20 15:31:26,17.6812496,1130.67505,22.0499992,,
2025-11-20 15:31:27,17.6812496,1130.67505,22.0499992,,
2025-11-20 15:31:28,17.6812496,1130.1062,22.0625,,
2025-11-20 15:31:29,17.6812496,1130.1062,22.0625,,
2025-11-20 15:31:30,17.6812496,1130.67505,21.8999996,,22.6812496
2025-11-20 15:31:31,17.6812496,1129.94373,22.0874996,,
2025-11-20 15:31:32,17.6812496,1129.94373,22.0874996,,
2025-11-20 15:31:33,17.6812496,1129.69995,21.7124996,,
2025-11-20 15:31:34,17.6812496,1129.69995,21.7124996,,
2025-11-20 15:31:35,17.6812496,1129.69995,22.0249996,,22.6812496
2025-11-20 15:31:36,17.6812496,1126.8562,21.8875008,,
2025-11-20 15:31:37,17.6812496,1127.26245,21.9125004,,
2025-11-20 15:31:38,17.6812496,1127.26245,21.9125004,,
2025-11-20 15:31:39,17.6812496,1125.88123,21.9624996,,
2025-11-20 15:31:40,17.6812496,1125.88123,21.9624996,,22.6812496
2025-11-20 15:31:41,17.6812496,1125.3938,22.0625,,
2025-11-20 15:31:42,17.6812496,1125.3938,22.0625,,
2025-11-20 15:31:43,17.6812496,1124.90625,21.875,,
2025-11-20 15:31:44,17.6812496,1124.90625,21.875,,
2025-11-20 15:31:45,17.6812496,1123.6875,22.0499992,,22.6812496
2025-11-20 15:31:46,17.6812496,1123.6875,22.0499992,,
2025-11-20 15:31:47,17.6812496,1123.6875,22.0625,,
2025-11-20 15:31:48,17.6812496,1123.28125,21.8500004,,
2025-11-20 15:31:49,17.6812496,1123.28125,21.8500004,,
2025-11-20 15:31:50,17.6812496,1120.5188,21.7250004,,22.6812496
2025-11-20 15:31:51,17.6812496,1120.5188,21.7250004,,
2025-11-20 15:31:52,17.6812496,1121.08752,22.0750008,,
2025-11-20 15:31:53,17.6812496,1121.08752,22.0750008,,
2025-11-20 15:31:54,17.6812496,1119.78748,22.0,,
2025-11-20 15:31:55,17.6812496,1117.75623,21.8500004,,22.6812496
2025-11-20 15:31:56,17.6812496,1117.75623,21.8500004,,
2025-11-20 15:31:57,17.6812496,1118.0813,21.9624996,,
2025-11-20 15:31:58,17.6812496,1117.2688,21.8500004,,
2025-11-20 15:31:59,17.6812496,1117.2688,21.8500004,,
2025-11-20 15:32:00,17.6812496,1116.69995,21.9750004,,22.6812496
2025-11-20 15:32:01,17.6812496,1116.69995,21.9750004,,
2025-11-20 15:32:02,17.6812496,1115.6438,21.9249992,,
2025-11-20 15:32:03,17.6812496,1114.75,21.9375,,
2025-11-20 15:32:04,17.6812496,1114.75,21.9375,,
2025-11-20 15:32:05,17.6812496,1114.8313,22.0249996,,22.6812496
2025-11-20 15:32:06,17.6812496,1113.36877,21.7625008,,
2025-11-20 15:32:07,17.6812496,1112.2312,21.9624996,,
2025-11-20 15:32:08,17.6812496,1112.2312,21.9624996,,
2025-11-20 15:32:09,17.6812496,1110.93127,22.0499992,,
2025-11-20 15:32:10,17.6812496,1111.25623,22.3500004,,22.6812496
2025-11-20 15:32:11,17.6812496,1111.25623,22.3500004,,
2025-11-20 15:32:12,17.6812496,1111.66248,21.875,,
2025-11-20 15:32:13,17.6812496,1111.66248,21.875,,
2025-11-20 15:32:14,17.6812496,1110.84998,22.1749992,,
2025-11-20 15:32:15,17.6812496,1109.0625,21.9750004,,22.6812496
2025-11-20 15:32:16,17.6812496,1109.0625,21.9750004,,
2025-11-20 15:32:17,17.6812496,1107.3562,21.8250008,,
2025-11-20 15:32:18,17.6812496,1107.3562,21.8250008,,
2025-11-20 15:32:19,17.6812496,1106.21875,22.1749992,,
2025-11-20 15:32:20,17.6812496,1106.21875,22.1749992,,22.6812496
2025-11-20 15:32:21,17.6812496,1105.0813,21.9249992,,
2025-11-20 15:32:22,17.6812496,1105.0813,21.9249992,,
2025-11-20 15:32:23,17.6812496,1105.24377,21.9500008,,
2025-11-20 15:32:24,17.6812496,1105.24377,22.0125008,,
2025-11-20 15:32:25,17.6812496,1104.75623,21.7625008,,22.6812496
2025-11-20 15:32:26,17.6812496,1104.75623,21.7625008,,
2025-11-20 15:32:27,17.6812496,1102.40002,22.0499992,,
2025-11-20 15:32:28,17.6812496,1102.40002,22.0499992,,
2025-11-20 15:32:29,17.6812496,1100.9375,22.1375008,,
2025-11-20 15:32:30,17.6812496,1100.9375,21.7625008,,22.6812496
2025-11-20 15:32:31,17.6812496,1100.28748,22.0750008,,
2025-11-20 15:32:32,17.6812496,1100.28748,22.0750008,,
2025-11-20 15:32:33,17.6812496,1098.09375,22.25,,
2025-11-20 15:32:34,17.6812496,1098.09375,21.7875004,,
2025-11-20 15:32:35,17.6812496,1097.52502,21.7875004,,22.6812496
2025-11-20 15:32:36,17.6812496,1097.44373,21.9375,,
2025-11-20 15:32:37,17.6812496,1097.44373,21.9375,,
2025-11-20 15:32:38,17.6812496,1095.9812,22.1124992,,
2025-11-20 15:32:39,17.6812496,1096.55005,21.9874992,,
2025-11-20 15:32:40,17.6812496,1096.55005,21.9874992,,22.6812496
2025-11-20 15:32:41,17.6812496,1093.625,21.9750004,,
2025-11-20 15:32:42,17.6812496,1093.625,21.9750004,,
2025-11-20 15:32:43,17.6812496,1091.02502,21.8875008,,
2025-11-20 15:32:44,17.6812496,1091.02502,21.8875008,,
2025-11-20 15:32:45,17.6812496,1092.0813,22.1875,,22.6812496
2025-11-20 15:32:46,17.6812496,1092.0813,22.1875,,
2025-11-20 15:32:47,17.6812496,1091.51245,21.8250008,,
2025-11-20 15:32:48,17.6812496,1091.51245,21.8250008,,
2025-11-20 15:32:49,17.6812496,1091.51245,21.7875004,,
2025-11-20 15:32:50,17.6812496,1089.31873,22.125,,22.6812496
2025-11-20 15:32:51,17.6812496,1088.0188,21.8875008,,
2025-11-20 15:32:52,17.6812496,1086.71875,22.1000004,,
2025-11-20 15:32:53,17.6812496,1086.3938,22.2625008,,
2025-11-20 15:32:54,17.6812496,1086.3938,22.2625008,,
2025-11-20 15:32:55,17.6812496,1084.93127,21.9624996,,22.6812496
2025-11-20 15:32:56,17.6812496,1084.93127,21.9624996,,
2025-11-20 15:32:57,17.6812496,1085.09375,22.1124992,,
2025-11-20 15:32:58,17.6812496,1085.09375,22.1124992,,
2025-11-20 15:32:59,17.6812496,1083.30627,22.4249992,,
2025-11-20 15:33:00,17.6812496,1083.38745,22.2250004,,22.6812496
2025-11-20 15:33:01,17.6812496,1083.38745,22.2250004,,
2025-11-20 15:33:02,17.6812496,1081.19373,22.125,,
2025-11-20 15:33:03,17.6812496,1081.19373,22.125,,
2025-11-20 15:33:05,17.6812496,1079.0813,21.8999996,,22.6812496
2025-11-20 15:33:06,17.6812496,1078.59375,22.0874996,,
2025-11-20 15:33:07,17.6812496,1078.59375,22.0874996,,
2025-11-20 15:33:08,17.6812496,1079.40625,22.0375004,,
2025-11-20 15:33:09,17.6812496,1078.67505,21.8250008,,
2025-11-20 15:33:10,17.6812496,1078.67505,21.8250008,,22.6812496
2025-11-20 15:33:11,17.6812496,1075.99377,21.9624996,,
2025-11-20 15:33:12,17.6812496,1075.99377,21.9624996,,
2025-11-20 15:33:13,17.6812496,1074.77502,21.9500008,,
2025-11-20 15:33:14,17.6812496,1075.99377,21.9624996,,
2025-11-20 15:33:15,17.6812496,1073.55627,21.7124996,,22.6812496
2025-11-20 15:33:16,17.6812496,1073.55627,21.7124996,,
2025-11-20 15:33:17,17.6812496,1071.84998,21.9125004,,
2025-11-20 15:33:18,17.6812496,1072.01245,22.2749996,,
2025-11-20 15:33:19,17.6812496,1071.6875,21.7875004,,
2025-11-20 15:33:20,17.6812496,1071.93127,21.8125,,22.6812496
2025-11-20 15:33:21,17.6812496,1070.1438,22.0375004,,
2025-11-20 15:33:22,17.6812496,1068.84375,21.9624996,,
2025-11-20 15:33:23,17.6812496,1068.84375,21.9624996,,
2025-11-20 15:33:24,17.6812496,1067.46252,22.0249996,,
2025-11-20 15:33:25,17.6812496,1065.75623,21.8875008,,22.6812496
2025-11-20 15:33:26,17.6812496,1065.75623,21.8875008,,
2025-11-20 15:33:27,17.6812496,1065.43127,21.9375,,
2025-11-20 15:33:28,17.6812496,1065.43127,21.9375,,
2025-11-20 15:33:29,17.6812496,1065.43127,22.0625,,
2025-11-20 15:33:30,17.6812496,1065.34998,22.0625,,22.6812496
2025-11-20 15:33:31,17.6812496,1064.13123,22.1124992,,
2025-11-20 15:33:32,17.6812496,1064.13123,22.1124992,,
2025-11-20 15:33:33,17.6812496,1062.75,22.1749992,,
2025-11-20 15:33:34,17.6812496,1062.75,22.1749992,,
2025-11-20 15:33:35,17.6812496,1063.07495,21.9125004,,22.6812496
2025-11-20 15:33:36,17.6812496,1063.07495,21.9125004,,
2025-11-20 15:33:37,17.6812496,1060.2312,21.7749996,,
2025-11-20 15:33:38,17.6812496,1060.2312,21.7749996,,
2025-11-20 15:33:39,17.6812496,1058.93127,22.0874996,,
2025-11-20 15:33:40,17.6812496,1058.93127,22.0874996,,22.6812496
2025-11-20 15:33:41,17.6812496,1058.6875,22.1499996,,
2025-11-20 15:33:42,17.6812496,1058.6875,22.1499996,,
2025-11-20 15:33:43,17.6812496,1058.6875,22.0,,
2025-11-20 15:33:44,17.6812496,1059.17505,22.1124992,,
2025-11-20 15:33:45,17.6812496,1058.44373,21.5874996,,22.6812496
2025-11-20 15:33:46,17.6812496,1058.44373,21.5874996,,
2025-11-20 15:33:47,17.6812496,1057.30627,22.0249996,,
2025-11-20 15:33:48,17.6812496,1057.30627,22.1000004,,
2025-11-20 15:33:49,17.6812496,1055.19373,22.1000004,,
2025-11-20 15:33:50,17.6812496,1055.19373,21.8125,,22.6812496
2025-11-20 15:33:51,17.6812496,1053.8125,22.0249996,,
2025-11-20 15:33:52,17.6812496,1053.8125,22.0249996,,
2025-11-20 15:33:53,17.6812496,1053.97498,21.8374996,,
2025-11-20 15:33:54,17.6812496,1053.48755,21.7250004,,
2025-11-20 15:33:55,17.6812496,1053.48755,21.7250004,,22.6812496
2025-11-20 15:33:56,17.6812496,1052.9187,22.1749992,,
2025-11-20 15:33:57,17.6812496,1052.9187,22.1749992,,
2025-11-20 15:33:58,17.6812496,1052.9187,22.1749992,,
2025-11-20 15:33:59,17.6812496,1052.67505,21.9375,,
2025-11-20 15:34:00,17.6812496,1052.67505,21.9375,,22.6812496
2025-11-20 15:34:01,17.6812496,1052.67505,22.0874996,,
2025-11-20 15:34:02,17.6812496,1052.67505,22.0874996,,
2025-11-20 15:34:03,17.6812496,1053.16248,22.0625,,
2025-11-20 15:34:04,17.6812496,1052.67505,22.3125,,
2025-11-20 15:34:05,17.6812496,1052.67505,22.3125,,22.6812496
2025-11-20 15:34:06,17.6812496,1052.43127,22.25,,
2025-11-20 15:34:07,17.6812496,1050.96875,22.1499996,,
2025-11-20 15:34:08,17.6812496,1050.96875,22.1499996,,
2025-11-20 15:34:09,17.6812496,1051.53748,21.9249992,,
2025-11-20 15:34:10,17.6812496,1051.53748,21.9249992,,22.6812496
2025-11-20 15:34:11,17.6812496,1050.5625,22.0625,,
2025-11-20 15:34:12,17.6812496,1050.31873,22.0,,
2025-11-20 15:34:13,17.6812496,1049.8313,21.6749992,,
2025-11-20 15:34:14,17.6812496,1049.8313,21.6749992,,
2025-11-20 15:34:15,17.6812496,1049.42505,21.8999996,,22.6812496
2025-11-20 15:34:16,17.6812496,1049.34375,21.7250004,,
2025-11-20 15:34:17,17.6812496,1050.15625,21.875,,
2025-11-20 15:34:18,17.6812496,1049.42505,21.6499996,,
2025-11-20 15:34:19,17.6812496,1049.42505,21.6499996,,
2025-11-20 15:34:20,17.6812496,1048.8562,21.9874992,,22.6812496
2025-11-20 15:34:21,17.6812496,1049.6687,22.1499996,,
2025-11-20 15:34:22,17.6812496,1049.6687,22.1499996,,
2025-11-20 15:34:23,17.6812496,1050.15625,21.9624996,,
2025-11-20 15:34:24,17.6812496,1049.91248,22.0125008,,
2025-11-20 15:34:25,17.6812496,1049.91248,22.0125008,,22.6812496
2025-11-20 15:34:26,17.6812496,1049.50623,21.9624996,,
2025-11-20 15:34:27,17.6812496,1047.96252,22.125,,
2025-11-20 15:34:28,17.6812496,1047.96252,22.125,,
2025-11-20 15:34:29,17.6812496,1047.71875,22.0125008,,
2025-11-20 15:34:30,17.6812496,1047.3938,22.0125008,,22.6812496
2025-11-20 15:34:31,17.6812496,1047.63745,22.0625,,
2025-11-20 15:34:32,17.6812496,1047.80005,22.0,,
2025-11-20 15:34:33,17.6812496,1047.80005,22.0,,
2025-11-20 15:34:34,17.6812496,1048.61255,22.0625,,
2025-11-20 15:34:35,17.6812496,1048.61255,22.0625,,22.6812496
2025-11-20 15:34:36,17.6812496,1047.47498,22.0874996,,
2025-11-20 15:34:37,17.6812496,1047.71875,21.9125004,,
2025-11-20 15:34:38,17.6812496,1047.63745,21.8374996,,
2025-11-20 15:34:39,17.6812496,1048.2063,21.7875004,,
2025-11-20 15:34:40,17.6812496,1048.2063,21.7875004,,22.6812496
2025-11-20 15:34:41,17.6812496,1047.63745,22.0375004,,
2025-11-20 15:34:42,17.6812496,1047.63745,22.0375004,,
2025-11-20 15:34:43,17.6812496,1048.36877,22.0499992,,
2025-11-20 15:34:44,17.6812496,1048.36877,22.0499992,,
2025-11-20 15:34:45,,,,,22.6812496
2025-11-20 15:34:46,17.6812496,1046.09375,22.1375008,,
2025-11-20 15:34:47,17.6812496,1048.36877,22.0874996,,
2025-11-20 15:34:48,17.6812496,1048.36877,22.0874996,,
2025-11-20 15:34:49,17.6812496,1046.4187,21.5750008,,
2025-11-20 15:34:50,17.6812496,1046.4187,21.5750008,,22.6812496
2025-11-20 15:34:51,17.6812496,1047.88123,21.9750004,,
2025-11-20 15:34:52,17.6812496,1048.125,21.8624992,,
2025-11-20 15:34:53,17.6812496,1046.5813,21.8624992,,
2025-11-20 15:34:54,17.6812496,1046.5813,22.25,,
2025-11-20 15:34:55,17.6812496,1046.5813,22.0,,22.6812496
2025-11-20 15:34:56,17.6812496,1046.90625,22.0,,
2025-11-20 15:34:57,17.6812496,1046.90625,21.9375,,
2025-11-20 15:34:58,17.6812496,1048.28748,22.0625,,
2025-11-20 15:34:59,17.6812496,1048.28748,22.0625,,
2025-11-20 15:35:00,17.6812496,1047.80005,22.1625004,,22.6812496
2025-11-20 15:35:01,17.6812496,1048.69373,21.875,,
2025-11-20 15:35:02,17.6812496,1048.2063,21.9125004,,
2025-11-20 15:35:03,17.6812496,1048.2063,21.9125004,,
2025-11-20 15:35:04,17.6812496,1048.53125,21.8250008,,
2025-11-20 15:35:05,17.6812496,1048.53125,21.8250008,,22.6812496
2025-11-20 15:35:06,17.6812496,1047.47498,21.8624992,,
2025-11-20 15:35:07,17.6812496,1047.63745,21.7875004,,
2025-11-20 15:35:08,17.6812496,1047.63745,21.7875004,,
2025-11-20 15:35:09,17.6812496,1047.47498,21.8624992,,
2025-11-20 15:35:10,17.6812496,1047.47498,21.9249992,,22.6812496
2025-11-20 15:35:11,17.6812496,1047.80005,22.0,,
2025-11-20 15:35:12,17.6812496,1047.55627,22.0625,,
2025-11-20 15:35:13,17.6812496,1047.55627,22.0625,,
2025-11-20 15:35:14,17.6812496,1048.2063,22.1499996,,
2025-11-20 15:35:15,17.6812496,1048.61255,21.8374996,,22.6812496
2025-11-20 15:35:16,17.6812496,1048.61255,21.8374996,,
2025-11-20 15:35:17,17.6812496,1047.3938,22.2374992,,
2025-11-20 15:35:18,17.6812496,1049.75,21.9375,,
2025-11-20 15:35:19,17.6812496,1049.26245,21.9125004,,
2025-11-20 15:35:20,17.6812496,1049.26245,21.9125004,,22.6812496
2025-11-20 15:35:21,17.6812496,1049.18127,21.9249992,,
2025-11-20 15:35:22,17.6812496,1049.75,21.9249992,,
2025-11-20 15:35:23,17.6812496,1049.75,21.9375,,
2025-11-20 15:35:24,17.6812496,1049.18127,21.9375,,
2025-11-20 15:35:25,17.6812496,1049.8313,21.8500004,,22.6812496
2025-11-20 15:35:26,17.6812496,1049.91248,21.9375,,
2025-11-20 15:35:27,17.6812496,1049.8313,21.9624996,,
2025-11-20 15:35:28,17.6812496,1049.8313,21.9624996,,
2025-11-20 15:35:29,17.6812496,1049.8313,22.2625008,,
2025-11-20 15:35:30,17.6812496,1049.58752,22.2625008,,22.6812496
2025-11-20 15:35:31,17.6812496,1049.18127,22.2625008,,
2025-11-20 15:35:32,17.6812496,1049.34375,21.9750004,,
2025-11-20 15:35:33,17.6812496,1049.34375,22.0375004,,
2025-11-20 15:35:34,17.6812496,1050.07495,22.0375004,,
2025-11-20 15:35:35,17.6812496,1050.5625,21.9624996,,22.6812496
2025-11-20 15:35:36,17.6812496,1050.5625,21.9624996,,
2025-11-20 15:35:37,17.6812496,1051.4563,21.6749992,,
2025-11-20 15:35:38,17.6812496,1050.88745,22.0125008,,
2025-11-20 15:35:39,17.6812496,1050.88745,22.0125008,,
2025-11-20 15:35:40,17.6812496,1052.1062,21.9125004,,22.6812496
2025-11-20 15:35:41,17.6812496,1052.1062,21.9125004,,
2025-11-20 15:35:42,17.6812496,1052.1062,22.0249996,,
2025-11-20 15:35:43,17.6812496,1052.1062,22.0249996,,
2025-11-20 15:35:44,17.6812496,1052.59375,22.0499992,,
2025-11-20 15:35:45,17.6812496,1052.83752,21.8250008,,22.6812496
2025-11-20 15:35:46,17.6812496,1052.83752,21.8250008,,
2025-11-20 15:35:47,17.6812496,1052.51245,22.0375004,,
2025-11-20 15:35:48,17.6812496,1052.51245,22.0375004,,
2025-11-20 15:35:49,17.6812496,1052.1875,21.8125,,
2025-11-20 15:35:50,17.6812496,1052.1875,21.8125,,22.6812496
2025-11-20 15:35:51,17.6812496,1052.83752,21.9249992,,
2025-11-20 15:35:52,17.6812496,1052.59375,22.1499996,,
2025-11-20 15:35:53,17.6812496,1052.59375,22.1499996,,
2025-11-20 15:35:54,17.6812496,1052.59375,22.0625,,
2025-11-20 15:35:55,17.6812496,1053.48755,22.1124992,,22.6812496
2025-11-20 15:35:56,17.6812496,1053.24377,22.0625,,
2025-11-20 15:35:57,17.6812496,1054.7063,21.9874992,,
2025-11-20 15:35:58,17.6812496,1054.7063,21.9874992,,
2025-11-20 15:35:59,17.6812496,1053.97498,21.9375,,
2025-11-20 15:36:00,17.6812496,1053.97498,21.9375,,22.6812496
2025-11-20 15:36:01,17.6812496,1055.19373,21.8250008,,
2025-11-20 15:36:02,17.6812496,1056.25,21.7625008,,
2025-11-20 15:36:03,17.6812496,1056.25,21.7625008,,
2025-11-20 15:36:04,17.6812496,1056.41248,22.0625,,
2025-11-20 15:36:05,17.6812496,1056.41248,22.0625,,22.6812496
2025-11-20 15:36:06,17.6812496,1056.65625,22.0375004,,
2025-11-20 15:36:07,17.6812496,1056.65625,22.0375004,,
2025-11-20 15:36:08,17.6812496,1057.875,22.1375008,,
2025-11-20 15:36:09,17.6812496,1057.46875,21.875,,
2025-11-20 15:36:10,17.6812496,1056.9812,22.1124992,,22.6812496
2025-11-20 15:36:11,17.6812496,1056.9812,22.1124992,,
2025-11-20 15:36:12,17.6812496,1059.25623,21.7875004,,
2025-11-20 15:36:13,17.6812496,1059.25623,21.7875004,,
2025-11-20 15:36:14,17.6812496,1059.17505,22.0,,
2025-11-20 15:36:15,17.6812496,1059.17505,22.0,,22.6812496
2025-11-20 15:36:16,17.6812496,1059.4187,21.9624996,,
2025-11-20 15:36:17,17.6812496,1059.4187,21.9624996,,
2025-11-20 15:36:18,17.6812496,1058.6062,22.1000004,,
2025-11-20 15:36:19,17.6812496,1058.93127,22.0249996,,
2025-11-20 15:36:20,17.6812496,1058.93127,22.0249996,,22.6812496
2025-11-20 15:36:21,17.6812496,1058.6062,21.6375008,,
2025-11-20 15:36:22,17.6812496,1059.4187,21.9750004,,
2025-11-20 15:36:23,17.6812496,1059.4187,21.9750004,,
2025-11-20 15:36:24,17.6812496,1058.44373,21.8875008,,
2025-11-20 15:36:25,17.6812496,1058.44373,21.8875008,,22.6812496
2025-11-20 15:36:27,17.6812496,1061.44995,21.9624996,,
2025-11-20 15:36:28,17.6812496,1061.44995,21.9624996,,
2025-11-20 15:36:29,17.6812496,1060.80005,0.587499976,,
2025-11-20 15:36:30,17.6812496,1062.58752,0.637499988,,22.6812496
2025-11-20 15:36:31,17.6812496,1062.58752,0.637499988,,
2025-11-20 15:36:32,17.6812496,1061.9375,0.612500012,,
2025-11-20 15:36:33,17.6812496,1062.99377,0.649999976,,
2025-11-20 15:36:34,17.6812496,1062.99377,0.649999976,,
2025-11-20 15:36:35,17.6812496,1062.18127,0.75,,22.6812496
2025-11-20 15:36:36,17.6812496,1061.77502,0.5625,,
2025-11-20 15:36:37,17.6812496,1061.77502,0.5625,,
2025-11-20 15:36:38,17.6812496,1064.61877,0.600000024,,
2025-11-20 15:36:39,17.6812496,1064.61877,0.600000024,,
2025-11-20 15:36:40,17.6812496,1063.72498,0.612500012,,22.6812496
2025-11-20 15:36:41,17.6812496,1066.0813,0.699999988,,
2025-11-20 15:36:42,17.6812496,1066.0813,0.699999988,,
2025-11-20 15:36:43,17.6812496,1066.24377,0.837499976,,
2025-11-20 15:36:44,17.6812496,1066.24377,0.837499976,,
2025-11-20 15:36:45,17.6812496,1065.2688,0.462500006,,22.6812496
2025-11-20 15:36:46,17.6812496,1065.67505,0.8125,,
2025-11-20 15:36:47,17.6812496,1066.0813,0.800000012,,
2025-11-20 15:36:48,17.6812496,1066.0813,0.800000012,,
2025-11-20 15:36:49,17.6812496,1065.67505,0.537500024,,
2025-11-20 15:36:50,17.6812496,1065.2688,0.675000012,,22.6812496
2025-11-20 15:36:51,17.6812496,1065.2688,0.675000012,,
2025-11-20 15:36:52,17.6812496,1067.30005,0.875,,
2025-11-20 15:36:53,17.6812496,1066.8938,1.0625,,
2025-11-20 15:36:54,17.6812496,1066.8938,1.0625,,
2025-11-20 15:36:55,17.6812496,1069.00623,0.762499988,,22.6812496
2025-11-20 15:36:56,17.6812496,1069.41248,0.512499988,,
2025-11-20 15:36:57,17.6812496,1069.41248,0.512499988,,
2025-11-20 15:36:58,17.6812496,1070.55005,0.550000012,,
2025-11-20 15:36:59,17.6812496,1070.0625,0.774999976,,
2025-11-20 15:37:00,17.6812496,1070.0625,0.774999976,,22.6812496
2025-11-20 15:37:01,17.6812496,1071.52502,0.800000012,,
2025-11-20 15:37:02,17.6812496,1071.52502,0.800000012,,
2025-11-20 15:37:03,17.6812496,1071.84998,0.837499976,,
2025-11-20 15:37:04,17.6812496,1071.84998,0.837499976,,
2025-11-20 15:37:05,17.6812496,1071.7688,0.774999976,,22.6812496
2025-11-20 15:37:06,17.6812496,1072.09375,0.625,,
2025-11-20 15:37:07,17.6812496,1072.66248,0.524999976,,
2025-11-20 15:37:08,17.6812496,1072.66248,0.524999976,,
2025-11-20 15:37:09,17.6812496,1072.17505,0.8125,,
2025-11-20 15:37:10,17.6812496,1072.17505,0.8125,,22.6812496
2025-11-20 15:37:11,17.6812496,1073.47498,0.774999976,,
2025-11-20 15:37:12,17.6812496,1073.71875,0.587499976,,
2025-11-20 15:37:13,17.6812496,1073.71875,0.587499976,,
2025-11-20 15:37:14,17.6812496,1075.42505,0.975000024,,
2025-11-20 15:37:15,17.6812496,1074.9375,0.9375,,22.6812496
2025-11-20 15:37:16,17.6812496,1074.9375,0.9375,,
2025-11-20 15:37:17,17.6812496,1075.0188,0.574999988,,
2025-11-20 15:37:18,17.6812496,1075.58752,0.449999988,,
2025-11-20 15:37:19,17.6812496,1075.58752,0.449999988,,
2025-11-20 15:37:20,17.6812496,1076.88745,0.787500024,,22.6812496
2025-11-20 15:37:21,17.6812496,1076.88745,0.787500024,,
2025-11-20 15:37:22,17.6812496,1076.5625,0.837499976,,
2025-11-20 15:37:23,17.6812496,1076.5625,0.837499976,,
2025-11-20 15:37:24,17.6812496,1077.86255,0.637499988,,
2025-11-20 15:37:25,17.6812496,1077.86255,0.637499988,,22.6812496
2025-11-20 15:37:26,17.6812496,1078.67505,0.662500024,,
2025-11-20 15:37:27,17.6812496,1078.67505,0.662500024,,
2025-11-20 15:37:28,17.6812496,1078.2688,0.625,,
2025-11-20 15:37:29,17.6812496,1078.1062,0.762499988,,
2025-11-20 15:37:30,17.6812496,1078.1062,0.762499988,,22.6812496
2025-11-20 15:37:31,17.6812496,1078.2688,0.8125,,
2025-11-20 15:37:32,17.6812496,1078.2688,0.8125,,
2025-11-20 15:37:33,17.6812496,1080.625,0.712499976,,
2025-11-20 15:37:34,17.6812496,1080.625,0.712499976,,
2025-11-20 15:37:35,17.6812496,1079.56873,0.949999988,,22.6812496
2025-11-20 15:37:36,17.6812496,1081.59998,0.712499976,,
2025-11-20 15:37:37,17.6812496,1081.59998,0.712499976,,
2025-11-20 15:37:38,17.6812496,1081.59998,0.712499976,,
2025-11-20 15:37:39,17.6812496,1082.3313,1.08749998,,
2025-11-20 15:37:40,17.6812496,1081.76245,0.524999976,,22.6812496
2025-11-20 15:37:41,17.6812496,1081.76245,0.524999976,,
2025-11-20 15:37:42,17.6812496,1081.76245,0.537500024,,
2025-11-20 15:37:43,17.6812496,1083.38745,0.400000006,,
2025-11-20 15:37:44,17.6812496,1083.38745,0.400000006,,
2025-11-20 15:37:45,17.6812496,1084.36255,0.537500024,,22.6812496
2025-11-20 15:37:46,17.6812496,1084.93127,0.699999988,,
2025-11-20 15:37:47,17.6812496,1084.93127,0.699999988,,
2025-11-20 15:37:48,17.6812496,1085.4187,0.6875,,
2025-11-20 15:37:49,17.6812496,1085.4187,0.6875,,
2025-11-20 15:37:50,17.6812496,1085.82495,0.474999994,,22.6812496
2025-11-20 15:37:51,17.6812496,1085.17505,0.837499976,,
2025-11-20 15:37:52,17.6812496,1085.66248,0.574999988,,
2025-11-20 15:37:53,17.6812496,1085.66248,0.574999988,,
2025-11-20 15:37:54,17.6812496,1085.66248,1.07500005,,
2025-11-20 15:37:55,17.6812496,1084.6875,0.625,,22.6812496
2025-11-20 15:37:56,17.6812496,1084.6875,0.625,,
2025-11-20 15:37:57,17.6812496,1084.6875,0.662500024,,
2025-11-20 15:37:58,17.6812496,1087.36877,0.662500024,,
2025-11-20 15:37:59,17.6812496,1087.36877,0.850000024,,
2025-11-20 15:38:00,17.6812496,1086.2312,0.487500012,,22.6812496
2025-11-20 15:38:01,17.6812496,1086.2312,0.487500012,,
2025-11-20 15:38:02,17.6812496,1088.26245,0.787500024,,
2025-11-20 15:38:03,17.6812496,1088.26245,0.787500024,,
2025-11-20 15:38:05,17.6812496,1087.8562,0.5,,22.6812496
2025-11-20 15:38:06,17.6812496,1088.0188,0.537500024,,
2025-11-20 15:38:07,17.6812496,1088.0188,0.537500024,,
2025-11-20 15:38:08,17.6812496,1088.58752,0.625,,
2025-11-20 15:38:09,17.6812496,1088.58752,0.625,,
2025-11-20 15:38:10,17.6812496,1090.4563,0.725000024,,22.6812496
2025-11-20 15:38:11,17.6812496,1090.4563,0.725000024,,
2025-11-20 15:38:12,17.6812496,1089.72498,0.662500024,,
2025-11-20 15:38:13,17.6812496,1089.72498,0.662500024,,
2025-11-20 15:38:14,17.6812496,1090.2937,0.8125,,
2025-11-20 15:38:15,17.6812496,1091.83752,0.612500012,,22.6812496
2025-11-20 15:38:16,17.6812496,1092.0813,0.725000024,,
2025-11-20 15:38:17,17.6812496,1092.0813,0.725000024,,
2025-11-20 15:38:18,17.6812496,1092.16248,0.762499988,,
2025-11-20 15:38:19,17.6812496,1091.2688,0.474999994,,
2025-11-20 15:38:20,,,,,22.6812496
2025-11-20 15:38:21,17.6812496,1091.2688,0.637499988,,
2025-11-20 15:38:22,17.6812496,1091.2688,0.637499988,,
2025-11-20 15:38:23,17.6812496,1091.1062,0.512499988,,
2025-11-20 15:38:24,17.6812496,1091.1062,0.512499988,,
2025-11-20 15:38:25,17.6812496,1091.1062,0.725000024,,22.6812496
2025-11-20 15:38:26,17.6812496,1091.1062,0.725000024,,
2025-11-20 15:38:27,17.6812496,1091.34998,0.612500012,,
2025-11-20 15:38:28,17.6812496,1091.34998,0.612500012,,
2025-11-20 15:38:29,17.6812496,1091.67505,0.725000024,,
2025-11-20 15:38:30,17.6812496,1091.9187,0.75,,22.6812496
2025-11-20 15:38:31,17.6812496,1091.9187,0.75,,
2025-11-20 15:38:32,17.6812496,1091.9187,0.737500012,,
2025-11-20 15:38:33,17.6812496,1091.9187,0.737500012,,
2025-11-20 15:38:34,17.6812496,1093.86877,0.75,,
2025-11-20 15:38:35,17.6812496,1093.86877,0.75,,22.6812496
2025-11-20 15:38:36,17.6812496,1093.46252,0.800000012,,
2025-11-20 15:38:37,17.6812496,1093.46252,0.800000012,,
2025-11-20 15:38:38,17.6812496,1093.46252,0.787500024,,
2025-11-20 15:38:39,17.6812496,1092.8125,0.9375,,
2025-11-20 15:38:40,17.6812496,1092.8125,0.9375,,22.6812496
2025-11-20 15:38:41,17.6812496,1092.8938,0.574999988,,
2025-11-20 15:38:42,17.6812496,1092.8938,0.574999988,,
2025-11-20 15:38:43,17.6812496,1093.46252,0.912500024,,
2025-11-20 15:38:44,17.6812496,1092.48755,0.550000012,,
2025-11-20 15:38:45,17.6812496,1092.8125,0.600000024,,22.6812496
2025-11-20 15:38:46,17.6812496,1092.97498,0.762499988,,
2025-11-20 15:38:47,17.6812496,1092.97498,0.762499988,,
2025-11-20 15:38:48,17.6812496,1094.5188,0.887499988,,
2025-11-20 15:38:49,17.6812496,1094.59998,0.662500024,,
2025-11-20 15:38:50,17.6812496,1094.59998,0.662500024,,22.6812496
2025-11-20 15:38:51,17.6812496,1094.3562,0.75,,
2025-11-20 15:38:52,17.6812496,1094.3562,0.712499976,,
2025-11-20 15:38:53,17.6812496,1094.11255,0.712499976,,
2025-11-20 15:38:54,17.6812496,1094.59998,1.01250005,,
2025-11-20 15:38:55,17.6812496,1094.59998,1.01250005,,22.6812496
2025-11-20 15:38:56,17.6812496,1095.1687,0.612500012,,
2025-11-20 15:38:57,17.6812496,1095.1687,0.649999976,,
2025-11-20 15:38:58,17.6812496,1094.4375,0.649999976,,
2025-11-20 15:38:59,17.6812496,1093.7063,0.862500012,,
2025-11-20 15:39:00,17.6812496,1093.625,0.725000024,,22.6812496
2025-11-20 15:39:01,17.6812496,1093.625,0.725000024,,
2025-11-20 15:39:02,17.6812496,1093.86877,0.587499976,,
2025-11-20 15:39:03,17.6812496,1093.86877,0.587499976,,
2025-11-20 15:39:04,17.6812496,1092.65002,0.587499976,,
2025-11-20 15:39:05,17.6812496,1092.8938,0.649999976,,22.6812496
2025-11-20 15:39:06,17.6812496,1093.38123,0.787500024,,
2025-11-20 15:39:07,17.6812496,1093.38123,0.787500024,,
2025-11-20 15:39:08,17.6812496,1093.625,0.675000012,,
2025-11-20 15:39:09,17.6812496,1093.13745,1.0,,
2025-11-20 15:39:10,17.6812496,1093.13745,1.0,,22.6812496
2025-11-20 15:39:11,17.6812496,1092.8938,0.75,,
2025-11-20 15:39:12,17.6812496,1092.8938,0.75,,
2025-11-20 15:39:13,17.6812496,1092.65002,1.03750002,,
2025-11-20 15:39:14,17.6812496,1092.16248,0.649999976,,
2025-11-20 15:39:15,17.6812496,1092.16248,0.649999976,,22.6812496
2025-11-20 15:39:16,17.6812496,1092.16248,0.725000024,,
2025-11-20 15:39:17,17.6812496,1091.43127,0.725000024,,
2025-11-20 15:39:18,17.6812496,1090.86255,1.03750002,,
2025-11-20 15:39:19,17.6812496,1091.02502,0.5,,
2025-11-20 15:39:20,17.6812496,1091.02502,0.5,,22.6812496
2025-11-20 15:39:21,17.6812496,1092.0813,0.725000024,,
2025-11-20 15:39:22,17.6812496,1092.0813,0.725000024,,
2025-11-20 15:39:23,17.6812496,1091.67505,1.0,,
2025-11-20 15:39:24,17.6812496,1091.67505,1.0,,
2025-11-20 15:39:25,17.6812496,1091.43127,0.975000024,,22.6812496
2025-11-20 15:39:26,17.6812496,1091.1062,0.774999976,,
2025-11-20 15:39:27,17.6812496,1091.1062,0.774999976,,
2025-11-20 15:39:28,17.6812496,1091.59375,0.850000024,,
2025-11-20 15:39:29,17.6812496,1090.94373,0.600000024,,
2025-11-20 15:39:30,17.6812496,1090.94373,0.600000024,,22.6812496
2025-11-20 15:39:31,17.6812496,1091.67505,0.587499976,,
2025-11-20 15:39:32,17.6812496,1090.86255,0.600000024,,
2025-11-20 15:39:33,17.6812496,1090.86255,0.600000024,,
2025-11-20 15:39:34,17.6812496,1090.53748,0.762499988,,
2025-11-20 15:39:35,17.6812496,1090.53748,0.762499988,,22.6812496
2025-11-20 15:39:36,17.6812496,1090.53748,0.762499988,,
2025-11-20 15:39:37,17.6812496,1089.88745,0.625,,
2025-11-20 15:39:38,17.6812496,1089.40002,0.762499988,,
2025-11-20 15:39:39,17.6812496,1089.40002,0.762499988,,
2025-11-20 15:39:40,,,,,22.6812496
2025-11-20 15:39:41,17.6812496,1088.0188,0.762499988,,
2025-11-20 15:39:42,17.6812496,1088.0188,0.762499988,,
2025-11-20 15:39:43,17.6812496,1088.0188,0.725000024,,
2025-11-20 15:39:44,17.6812496,1088.18127,0.987500012,,
2025-11-20 15:39:45,17.6812496,1088.18127,0.987500012,,22.6812496
2025-11-20 15:39:46,17.6812496,1088.0188,0.737500012,,
2025-11-20 15:39:47,17.6812496,1088.0188,0.737500012,,
2025-11-20 15:39:48,17.6812496,1088.99377,0.662500024,,
2025-11-20 15:39:49,17.6812496,1087.0437,0.737500012,,
2025-11-20 15:39:50,17.6812496,1087.0437,0.737500012,,22.6812496
2025-11-20 15:39:51,17.6812496,1087.53125,1.04999995,,
2025-11-20 15:39:52,17.6812496,1087.53125,1.04999995,,
2025-11-20 15:39:53,17.6812496,1084.84998,0.6875,,
2025-11-20 15:39:54,17.6812496,1085.90625,0.824999988,,
2025-11-20 15:39:55,17.6812496,1085.90625,0.824999988,,22.6812496
2025-11-20 15:39:56,17.6812496,1085.90625,0.612500012,,
2025-11-20 15:39:57,17.6812496,1085.5813,0.875,,
2025-11-20 15:39:58,17.6812496,1085.90625,0.662500024,,
2025-11-20 15:39:59,17.6812496,1085.90625,0.662500024,,
2025-11-20 15:40:00,17.6812496,1085.82495,0.8125,,22.6812496
2025-11-20 15:40:01,17.6812496,1085.90625,0.762499988,,
2025-11-20 15:40:02,17.6812496,1085.90625,0.762499988,,
2025-11-20 15:40:03,17.6812496,1084.28125,1.10000002,,
2025-11-20 15:40:04,17.6812496,1084.28125,1.10000002,,
2025-11-20 15:40:05,17.6812496,1081.76245,0.762499988,,22.6812496
2025-11-20 15:40:06,17.6812496,1081.76245,0.762499988,,
2025-11-20 15:40:07,17.6812496,1081.5188,0.912500024,,
2025-11-20 15:40:08,17.6812496,1080.21875,0.800000012,,
2025-11-20 15:40:09,17.6812496,1080.21875,0.800000012,,
2025-11-20 15:40:10,17.6812496,1080.21875,0.762499988,,22.6812496
2025-11-20 15:40:11,17.6812496,1078.83752,0.762499988,,
2025-11-20 15:40:12,17.6812496,1079.16248,0.8125,,
2025-11-20 15:40:13,17.6812496,1078.43127,0.875,,
2025-11-20 15:40:14,17.6812496,1078.43127,0.875,,
2025-11-20 15:40:15,17.6812496,1078.1062,0.625,,22.6812496
2025-11-20 15:40:16,17.6812496,1078.1062,0.625,,
2025-11-20 15:40:17,17.6812496,1078.83752,0.862500012,,
2025-11-20 15:40:18,17.6812496,1078.83752,0.862500012,,
2025-11-20 15:40:19,17.6812496,1078.2688,0.712499976,,
2025-11-20 15:40:20,17.6812496,1077.4563,0.762499988,,22.6812496
2025-11-20 15:40:21,17.6812496,1077.53748,0.574999988,,
2025-11-20 15:40:22,17.6812496,1077.53748,0.574999988,,
2025-11-20 15:40:23,17.6812496,1074.77502,0.662500024,,
2025-11-20 15:40:24,17.6812496,1074.9375,0.787500024,,
2025-11-20 15:40:25,17.6812496,1074.9375,0.787500024,,22.6812496
2025-11-20 15:40:26,17.6812496,1074.8562,0.824999988,,
2025-11-20 15:40:27,17.6812496,1074.8562,0.824999988,,
2025-11-20 15:40:28,17.6812496,1074.0437,0.824999988,,
2025-11-20 15:40:29,17.6812496,1074.36877,0.725000024,,
2025-11-20 15:40:30,17.6812496,1074.36877,0.725000024,,22.6812496
2025-11-20 15:40:31,17.6812496,1071.84998,0.600000024,,
2025-11-20 15:40:32,17.6812496,1071.84998,0.600000024,,
2025-11-20 15:40:33,17.6812496,1072.33752,0.899999976,,
2025-11-20 15:40:34,17.6812496,1072.33752,0.899999976,,
2025-11-20 15:40:35,17.6812496,1071.84998,0.5625,,22.6812496
2025-11-20 15:40:36,17.6812496,1071.93127,0.699999988,,
2025-11-20 15:40:37,17.6812496,1071.93127,0.699999988,,
2025-11-20 15:40:38,17.6812496,1070.875,0.975000024,,
2025-11-20 15:40:39,17.6812496,1070.875,0.975000024,,
2025-11-20 15:40:40,17.6812496,1069.57495,0.524999976,,22.6812496
2025-11-20 15:40:41,17.6812496,1069.57495,0.524999976,,
2025-11-20 15:40:42,17.6812496,1068.68127,0.962499976,,
2025-11-20 15:40:43,17.6812496,1067.94995,0.649999976,,
2025-11-20 15:40:44,17.6812496,1067.94995,0.649999976,,
2025-11-20 15:40:45,17.6812496,1066.56873,1.01250005,,22.6812496
2025-11-20 15:40:46,17.6812496,1066.32495,0.524999976,,
2025-11-20 15:40:47,17.6812496,1066.32495,0.524999976,,
2025-11-20 15:40:48,17.6812496,1066.40625,0.574999988,,
2025-11-20 15:40:49,17.6812496,1066.40625,0.574999988,,
2025-11-20 15:40:50,17.6812496,1066.32495,0.524999976,,22.6812496
2025-11-20 15:40:51,17.6812496,1066.32495,0.524999976,,
2025-11-20 15:40:52,17.6812496,1064.69995,0.787500024,,
2025-11-20 15:40:53,17.6812496,1061.44995,0.412499994,,
2025-11-20 15:40:54,17.6812496,1062.91248,0.762499988,,
2025-11-20 15:40:55,17.6812496,1062.91248,0.762499988,,22.6812496
2025-11-20 15:40:56,17.6812496,1062.58752,0.75,,
2025-11-20 15:40:57,17.6812496,1062.18127,0.699999988,,
2025-11-20 15:40:58,17.6812496,1062.18127,0.699999988,,
2025-11-20 15:40:59,17.6812496,1060.2312,0.850000024,,
2025-11-20 15:41:00,17.6812496,1060.2312,0.850000024,,22.6812496
2025-11-20 15:41:01,17.6812496,1059.4187,0.850000024,,
2025-11-20 15:41:02,17.6812496,1059.4187,0.850000024,,
2025-11-20 15:41:03,17.6812496,1059.01245,0.699999988,,
2025-11-20 15:41:04,17.6812496,1059.01245,0.699999988,,
2025-11-20 15:41:05,17.6812496,1058.6062,0.550000012,,22.6812496
2025-11-20 15:41:06,17.6812496,1058.6062,0.550000012,,
2025-11-20 15:41:07,17.6812496,1058.28125,0.675000012,,
2025-11-20 15:41:08,17.6812496,1057.9563,0.8125,,
2025-11-20 15:41:09,17.6812496,1057.9563,0.8125,,
2025-11-20 15:41:10,17.6812496,1055.92505,0.662500024,,22.6812496
2025-11-20 15:41:11,17.6812496,1055.92505,0.662500024,,
2025-11-20 15:41:12,17.6812496,1055.3562,0.387499988,,
2025-11-20 15:41:13,17.6812496,1055.3562,0.387499988,,
2025-11-20 15:41:14,17.6812496,1054.38123,0.637499988,,
2025-11-20 15:41:15,17.6812496,1053.97498,0.600000024,,22.6812496
2025-11-20 15:41:17,17.6812496,1053.97498,0.600000024,,
2025-11-20 15:41:18,17.6812496,1054.30005,0.8125,,
2025-11-20 15:41:19,17.6812496,1054.30005,0.8125,,
2025-11-20 15:41:20,17.6812496,1053.0813,0.712499976,,22.6812496
2025-11-20 15:41:21,17.6812496,1053.0813,0.712499976,,
2025-11-20 15:41:22,17.6812496,1053.0813,0.712499976,,
2025-11-20 15:41:23,17.6812496,1053.40625,0.837499976,,
2025-11-20 15:41:24,17.6812496,1053.0813,0.75,,
2025-11-20 15:41:25,17.6812496,1053.0813,0.75,,22.6812496
2025-11-20 15:41:26,17.6812496,1053.40625,0.824999988,,
2025-11-20 15:41:27,17.6812496,1052.43127,0.625,,
2025-11-20 15:41:28,17.6812496,1052.43127,0.625,,
2025-11-20 15:41:29,17.6812496,1053.48755,0.574999988,,
2025-11-20 15:41:30,17.6812496,1053.48755,0.574999988,,22.6812496
2025-11-20 15:41:31,17.6812496,1052.1062,0.6875,,
2025-11-20 15:41:32,17.6812496,1053.40625,0.737500012,,
2025-11-20 15:41:34,17.6812496,1052.2688,18.125,,
2025-11-20 15:41:35,17.6812496,1052.2688,18.125,,22.6812496
2025-11-20 15:41:36,17.6812496,1052.2688,17.8500004,,
2025-11-20 15:41:37,17.6812496,1052.2688,17.8500004,,
2025-11-20 15:41:38,17.6812496,1052.51245,15.9750004,,
2025-11-20 15:41:39,17.6812496,1052.51245,15.9750004,,
2025-11-20 15:41:40,17.6812496,1052.51245,15.5124998,,22.6812496
2025-11-20 15:41:41,17.6812496,1052.51245,15.5124998,,
2025-11-20 15:41:42,17.6812496,1052.1875,19.7124996,,
2025-11-20 15:41:43,17.6812496,1052.1875,19.7124996,,
2025-11-20 15:41:44,17.6812496,1053.40625,20.5,,
2025-11-20 15:41:45,17.6812496,1053.32495,20.6000004,,22.6812496
2025-11-20 15:41:46,17.6812496,1053.32495,20.6000004,,
2025-11-20 15:41:47,17.6812496,1053.24377,52.2874985,,
2025-11-20 15:41:48,17.6812496,1053.65002,56.7000008,,
2025-11-20 15:41:49,17.6812496,1053.65002,56.7000008,,
2025-11-20 15:41:50,17.6812496,1053.7312,56.6500015,,22.6812496
2025-11-20 15:41:51,17.6812496,1053.7312,56.6500015,,
2025-11-20 15:41:52,17.6812496,1054.94995,87.2125015,,
2025-11-20 15:41:53,17.6812496,1054.94995,87.2125015,,
2025-11-20 15:41:54,17.6812496,1055.59998,92.5749969,,
2025-11-20 15:41:55,17.6812496,1055.59998,92.5749969,,22.6812496
2025-11-20 15:41:56,17.6812496,1056.57495,92.5250015,,
2025-11-20 15:41:57,17.6812496,1056.57495,92.5250015,,
2025-11-20 15:41:58,17.6812496,1056.9812,115.387497,,
2025-11-20 15:41:59,17.6812496,1056.9812,115.387497,,
2025-11-20 15:42:00,17.6812496,1057.71252,115.612503,,22.6812496
2025-11-20 15:42:01,17.6812496,1059.4187,115.4375,,
2025-11-20 15:42:02,17.6812496,1059.4187,115.4375,,
2025-11-20 15:42:03,17.6812496,1059.17505,130.762497,,
2025-11-20 15:42:04,17.6812496,1058.6062,130.574997,,
2025-11-20 15:42:05,17.6812496,1058.6062,130.574997,,22.6812496
2025-11-20 15:42:06,17.6812496,1059.5,130.449997,,
2025-11-20 15:42:07,17.6812496,1058.44373,137.524994,,
2025-11-20 15:42:08,17.6812496,1058.44373,137.524994,,
2025-11-20 15:42:09,17.6812496,1058.52502,138.625,,
2025-11-20 15:42:10,17.6812496,1058.52502,138.625,,22.6812496
2025-11-20 15:42:11,17.6812496,1060.63745,138.5625,,
2025-11-20 15:42:12,17.6812496,1060.63745,138.5625,,
2025-11-20 15:42:13,17.6812496,1062.26245,144.1875,,
2025-11-20 15:42:14,17.6812496,1062.26245,144.237503,,
2025-11-20 15:42:15,17.6812496,1062.99377,144.237503,,22.6812496
2025-11-20 15:42:16,17.6812496,1061.9375,144.237503,,
2025-11-20 15:42:17,17.6812496,1061.9375,144.237503,,
2025-11-20 15:42:18,17.6812496,1063.40002,144.324997,,
2025-11-20 15:42:19,17.6812496,1063.88745,144.375,,
2025-11-20 15:42:20,17.6812496,1063.88745,144.375,,22.6812496
2025-11-20 15:42:21,17.6812496,1065.9187,144.112503,,
2025-11-20 15:42:22,17.6812496,1065.9187,144.112503,,
2025-11-20 15:42:23,17.6812496,1064.94373,146.774994,,
2025-11-20 15:42:24,17.6812496,1064.94373,146.774994,,
2025-11-20 15:42:25,17.6812496,1065.1062,146.399994,,22.6812496
2025-11-20 15:42:26,17.6812496,1065.1062,146.399994,,
2025-11-20 15:42:27,17.6812496,1065.67505,148.100006,,
2025-11-20 15:42:28,17.6812496,1065.2688,148.337494,,
2025-11-20 15:42:29,17.6812496,1067.625,148.375,,
2025-11-20 15:42:30,17.6812496,1067.625,148.375,,22.6812496
2025-11-20 15:42:31,17.6812496,1068.19373,148.699997,,
2025-11-20 15:42:32,17.6812496,1068.19373,148.699997,,
2025-11-20 15:42:33,17.6812496,1069.08752,149.837494,,
2025-11-20 15:42:34,17.6812496,1069.08752,149.837494,,
2025-11-20 15:42:35,17.6812496,1069.08752,149.837494,,22.6812496
2025-11-20 15:42:36,17.6812496,1071.11877,150.875,,
2025-11-20 15:42:37,17.6812496,1070.71252,151.074997,,
2025-11-20 15:42:38,17.6812496,1070.71252,151.074997,,
2025-11-20 15:42:39,17.6812496,1072.5,150.774994,,
2025-11-20 15:42:40,17.6812496,1072.5,150.774994,,22.6812496
2025-11-20 15:42:41,17.6812496,1071.52502,151.024994,,
2025-11-20 15:42:42,17.6812496,1072.33752,151.625,,
2025-11-20 15:42:43,17.6812496,1072.33752,151.625,,
2025-11-20 15:42:44,17.6812496,1071.6875,151.350006,,
2025-11-20 15:42:45,17.6812496,1071.6875,151.350006,,22.6812496
2025-11-20 15:42:46,17.6812496,1071.93127,151.274994,,
2025-11-20 15:42:47,17.6812496,1071.93127,151.274994,,
2025-11-20 15:42:48,17.6812496,1072.25623,151.337494,,
2025-11-20 15:42:49,17.6812496,1071.84998,151.625,,
2025-11-20 15:42:50,17.6812496,1071.84998,151.625,,22.6812496
2025-11-20 15:42:51,17.6812496,1073.96252,151.737503,,
2025-11-20 15:42:52,17.6812496,1074.28748,152.25,,
2025-11-20 15:42:53,17.6812496,1073.3125,152.175003,,
2025-11-20 15:42:55,17.6812496,1073.3125,152.175003,,22.6812496
2025-11-20 15:42:56,17.6812496,1074.9375,151.962494,,
2025-11-20 15:42:57,17.6812496,1074.9375,151.962494,,
2025-11-20 15:42:58,17.6812496,1076.07495,152.512497,,
2025-11-20 15:42:59,17.6812496,1075.91248,152.550003,,
2025-11-20 15:43:00,17.6812496,1075.91248,152.550003,,22.6812496
2025-11-20 15:43:01,17.6812496,1074.69373,152.399994,,
2025-11-20 15:43:02,17.6812496,1074.69373,152.399994,,
2025-11-20 15:43:03,17.6812496,1075.58752,152.362503,,
2025-11-20 15:43:04,17.6812496,1075.58752,152.362503,,
2025-11-20 15:43:05,17.6812496,1075.09998,152.362503,,22.6812496
2025-11-20 15:43:06,17.6812496,1075.09998,152.212494,,
2025-11-20 15:43:07,17.6812496,1077.53748,152.212494,,
2025-11-20 15:43:08,17.6812496,1077.53748,152.212494,,
2025-11-20 15:43:09,17.6812496,1076.5625,152.300003,,
2025-11-20 15:43:10,17.6812496,1076.5625,152.300003,,22.6812496
2025-11-20 15:43:11,17.6812496,1076.40002,152.487503,,
2025-11-20 15:43:12,17.6812496,1079.0813,152.237503,,
2025-11-20 15:43:13,17.6812496,1079.0813,152.237503,,
2025-11-20 15:43:14,17.6812496,1078.83752,152.225006,,
2025-11-20 15:43:15,17.6812496,1078.83752,152.225006,,22.6812496
2025-11-20 15:43:16,17.6812496,1079.0813,152.375,,
2025-11-20 15:43:17,17.6812496,1079.0813,152.375,,
2025-11-20 15:43:18,17.6812496,1078.1875,152.25,,
2025-11-20 15:43:19,17.6812496,1077.94373,152.162506,,
2025-11-20 15:43:20,17.6812496,1077.94373,152.162506,,22.6812496
2025-11-20 15:43:21,17.6812496,1078.34998,152.475006,,
2025-11-20 15:43:22,17.6812496,1078.34998,152.475006,,
2025-11-20 15:43:23,17.6812496,1078.02502,152.387497,,
2025-11-20 15:43:24,17.6812496,1079.24377,152.25,,
2025-11-20 15:43:25,17.6812496,1079.24377,152.25,,22.6812496
2025-11-20 15:43:26,17.6812496,1079.24377,152.137497,,
2025-11-20 15:43:27,17.6812496,1078.1875,152.262497,,
2025-11-20 15:43:28,17.6812496,1078.1875,152.262497,,
2025-11-20 15:43:29,17.6812496,1077.94373,152.412506,,
2025-11-20 15:43:30,17.6812496,1077.94373,152.412506,,22.6812496
2025-11-20 15:43:31,17.6812496,1079.16248,152.324997,,
2025-11-20 15:43:32,17.6812496,1079.16248,152.324997,,
2025-11-20 15:43:33,17.6812496,1079.8125,152.449997,,
2025-11-20 15:43:34,17.6812496,1079.8125,152.449997,,
2025-11-20 15:43:35,17.6812496,1080.86877,152.237503,,22.6812496
2025-11-20 15:43:36,17.6812496,1079.7312,152.1875,,
2025-11-20 15:43:37,17.6812496,1079.7312,152.1875,,
2025-11-20 15:43:38,17.6812496,1079.97498,152.237503,,
2025-11-20 15:43:39,17.6812496,1080.05627,152.362503,,
2025-11-20 15:43:40,17.6812496,1080.05627,152.362503,,22.6812496
2025-11-20 15:43:41,17.6812496,1082.00623,152.024994,,
2025-11-20 15:43:42,17.6812496,1082.00623,152.024994,,
2025-11-20 15:43:43,17.6812496,1082.25,152.649994,,
2025-11-20 15:43:44,17.6812496,1082.25,152.649994,,
2025-11-20 15:43:45,17.6812496,1081.27502,152.300003,,22.6812496
2025-11-20 15:43:46,17.6812496,1081.3562,152.324997,,
2025-11-20 15:43:47,17.6812496,1081.3562,152.324997,,
2025-11-20 15:43:48,17.6812496,1084.11877,152.3125,,
2025-11-20 15:43:49,17.6812496,1083.30627,152.475006,,
2025-11-20 15:43:50,17.6812496,1083.30627,152.475006,,22.6812496
2025-11-20 15:43:51,17.6812496,1082.9812,152.412506,,
2025-11-20 15:43:52,17.6812496,1083.9563,152.274994,,
2025-11-20 15:43:53,17.6812496,1084.03748,152.375,,
2025-11-20 15:43:54,17.6812496,1084.03748,152.375,,
2025-11-20 15:43:55,17.6812496,1083.55005,152.350006,,22.6812496
2025-11-20 15:43:56,17.6812496,1084.84998,152.5625,,
2025-11-20 15:43:57,17.6812496,1084.84998,152.5625,,
2025-11-20 15:43:58,17.6812496,1084.84998,152.199997,,
2025-11-20 15:43:59,17.6812496,1084.84998,152.199997,,
2025-11-20 15:44:00,17.6812496,1085.90625,152.412506,,22.6812496
2025-11-20 15:44:01,17.6812496,1085.09375,152.212494,,
2025-11-20 15:44:02,17.6812496,1085.09375,152.212494,,
2025-11-20 15:44:03,17.6812496,1085.82495,152.212494,,
2025-11-20 15:44:04,17.6812496,1085.17505,152.262497,,
2025-11-20 15:44:05,17.6812496,1085.17505,152.262497,,22.6812496
2025-11-20 15:44:06,17.6812496,1085.90625,152.225006,,
2025-11-20 15:44:07,17.6812496,1085.90625,152.225006,,
2025-11-20 15:44:08,17.6812496,1084.6062,152.350006,,
2025-11-20 15:44:09,17.6812496,1085.66248,152.475006,,
2025-11-20 15:44:10,17.6812496,1085.25623,152.412506,,22.6812496
2025-11-20 15:44:11,17.6812496,1085.25623,152.412506,,
2025-11-20 15:44:12,17.6812496,1085.33752,152.387497,,
2025-11-20 15:44:13,17.6812496,1085.25623,152.25,,
2025-11-20 15:44:14,17.6812496,1085.25623,152.25,,
2025-11-20 15:44:15,17.6812496,1085.01245,152.475006,,22.6812496
2025-11-20 15:44:16,17.6812496,1085.25623,152.350006,,
2025-11-20 15:44:17,17.6812496,1085.25623,152.350006,,
2025-11-20 15:44:18,17.6812496,1085.25623,152.324997,,
2025-11-20 15:44:19,17.6812496,1084.6062,152.375,,
2025-11-20 15:44:20,17.6812496,1084.6062,152.375,,22.6812496
2025-11-20 15:44:21,17.6812496,1086.71875,152.587494,,
2025-11-20 15:44:22,17.6812496,1086.06873,152.087494,,
2025-11-20 15:44:23,17.6812496,1086.06873,152.087494,,
2025-11-20 15:44:24,17.6812496,1086.88123,152.350006,,
2025-11-20 15:44:25,17.6812496,1086.88123,152.350006,,22.6812496
2025-11-20 15:44:26,17.6812496,1086.55627,152.212494,,
2025-11-20 15:44:27,17.6812496,1086.55627,152.212494,,
2025-11-20 15:44:28,17.6812496,1087.2063,152.712494,,
2025-11-20 15:44:29,17.6812496,1088.50623,152.237503,,
2025-11-20 15:44:30,17.6812496,1088.50623,152.237503,,22.6812496
2025-11-20 15:44:31,17.6812496,1088.0188,152.300003,,
2025-11-20 15:44:33,17.6812496,1088.0188,152.300003,,
2025-11-20 15:44:34,17.6812496,1087.9375,152.449997,,
2025-11-20 15:44:35,17.6812496,1088.09998,152.175003,,22.6812496
2025-11-20 15:44:36,17.6812496,1087.9375,152.387497,,
2025-11-20 15:44:37,17.6812496,1087.9375,152.387497,,
2025-11-20 15:44:38,17.6812496,1087.9375,152.574997,,
2025-11-20 15:44:39,17.6812496,1088.8313,152.574997,,
2025-11-20 15:44:40,17.6812496,1088.42505,152.262497,,22.6812496
2025-11-20 15:44:41,17.6812496,1088.8313,152.350006,,
2025-11-20 15:44:42,17.6812496,1088.8313,152.350006,,
2025-11-20 15:44:43,17.6812496,1088.42505,152.300003,,
2025-11-20 15:44:44,17.6812496,1088.0188,152.162506,,
2025-11-20 15:44:45,17.6812496,1088.0188,152.162506,,22.6812496
2025-11-20 15:44:46,17.6812496,1089.5625,152.274994,,
2025-11-20 15:44:47,17.6812496,1089.72498,152.625,,
2025-11-20 15:44:48,17.6812496,1089.80627,152.274994,,
2025-11-20 15:44:49,17.6812496,1089.80627,152.274994,,
2025-11-20 15:44:50,17.6812496,1090.375,152.225006,,22.6812496
2025-11-20 15:44:51,17.6812496,1090.375,152.225006,,
2025-11-20 15:44:52,17.6812496,1091.2688,152.487503,,
2025-11-20 15:44:53,17.6812496,1091.75623,152.425003,,
2025-11-20 15:44:54,17.6812496,1091.34998,152.350006,,
2025-11-20 15:44:55,17.6812496,1091.34998,152.350006,,22.6812496
2025-11-20 15:44:56,17.6812496,1091.02502,152.337494,,
2025-11-20 15:44:57,17.6812496,1092.0,152.300003,,
2025-11-20 15:44:58,17.6812496,1092.0,152.300003,,
2025-11-20 15:44:59,17.6812496,1091.2688,152.300003,,
2025-11-20 15:45:00,17.6812496,1092.24377,152.5,,22.6812496
2025-11-20 15:45:01,17.6812496,1091.51245,152.600006,,
2025-11-20 15:45:02,17.6812496,1091.34998,152.350006,,
2025-11-20 15:45:03,17.6812496,1091.34998,152.350006,,
2025-11-20 15:45:04,17.6812496,1092.16248,152.212494,,
2025-11-20 15:45:05,17.6812496,1092.16248,152.212494,,22.6812496
2025-11-20 15:45:06,17.6812496,1092.16248,152.3125,,
2025-11-20 15:45:07,17.6812496,1093.625,152.1875,,
2025-11-20 15:45:08,17.6812496,1093.625,152.1875,,
2025-11-20 15:45:09,17.6812496,1093.625,152.1875,,
2025-11-20 15:45:10,17.6812496,1093.13745,152.475006,,22.6812496
2025-11-20 15:45:11,17.6812496,1093.13745,152.475006,,
2025-11-20 15:45:12,17.6812496,1094.5188,152.3125,,
2025-11-20 15:45:13,17.6812496,1094.5188,152.3125,,
2025-11-20 15:45:14,17.6812496,1094.92505,152.524994,,
2025-11-20 15:45:15,17.6812496,1096.30627,152.262497,,22.6812496
2025-11-20 15:45:16,17.6812496,1096.30627,152.262497,,
2025-11-20 15:45:17,17.6812496,1096.71252,152.199997,,
2025-11-20 15:45:18,17.6812496,1098.5,152.412506,,
2025-11-20 15:45:19,17.6812496,1098.5,152.412506,,
2025-11-20 15:45:20,17.6812496,1098.4187,152.25,,22.6812496
2025-11-20 15:45:21,17.6812496,1097.6875,152.324997,,
2025-11-20 15:45:22,17.6812496,1097.6875,152.324997,,
2025-11-20 15:45:23,17.6812496,1098.66248,152.199997,,
2025-11-20 15:45:24,17.6812496,1098.66248,152.199997,,
2025-11-20 15:45:25,17.6812496,1097.44373,152.487503,,22.6812496
2025-11-20 15:45:26,17.6812496,1097.44373,152.487503,,
2025-11-20 15:45:27,17.6812496,1099.80005,152.112503,,
2025-11-20 15:45:28,17.6812496,1100.0437,152.100006,,
2025-11-20 15:45:29,17.6812496,1100.0437,152.100006,,
2025-11-20 15:45:30,17.6812496,1100.77502,152.487503,,22.6812496
2025-11-20 15:45:31,17.6812496,1100.77502,152.487503,,
2025-11-20 15:45:32,17.6812496,1101.09998,152.300003,,
2025-11-20 15:45:33,17.6812496,1101.09998,152.300003,,
2025-11-20 15:45:34,17.6812496,1101.6687,152.300003,,
2025-11-20 15:45:35,17.6812496,1101.6687,152.300003,,22.6812496
2025-11-20 15:45:36,17.6812496,1103.94373,152.1875,,
2025-11-20 15:45:37,17.6812496,1103.94373,152.1875,,
2025-11-20 15:45:38,17.6812496,1102.6438,152.25,,
2025-11-20 15:45:39,17.6812496,1104.9187,152.487503,,
2025-11-20 15:45:40,17.6812496,1104.2688,152.274994,,22.6812496
2025-11-20 15:45:41,17.6812496,1104.2688,152.274994,,
2025-11-20 15:45:42,17.6812496,1104.2688,152.449997,,
2025-11-20 15:45:43,17.6812496,1104.2688,152.449997,,
2025-11-20 15:45:44,17.6812496,1105.0813,152.262497,,
2025-11-20 15:45:45,17.6812496,1105.0813,152.262497,,22.6812496
2025-11-20 15:45:46,17.6812496,1104.51245,152.350006,,
2025-11-20 15:45:47,17.6812496,1104.51245,152.350006,,
2025-11-20 15:45:48,17.6812496,1104.2688,152.362503,,
2025-11-20 15:45:49,17.6812496,1104.67505,152.412506,,
2025-11-20 15:45:50,17.6812496,1104.67505,152.412506,,22.6812496
2025-11-20 15:45:51,17.6812496,1106.30005,152.287506,,
2025-11-20 15:45:52,17.6812496,1106.30005,152.287506,,
2025-11-20 15:45:53,17.6812496,1106.86877,152.175003,,
2025-11-20 15:45:54,17.6812496,1106.86877,152.175003,,
2025-11-20 15:45:55,17.6812496,1105.65002,152.262497,,22.6812496
2025-11-20 15:45:56,17.6812496,1107.4375,152.425003,,
2025-11-20 15:45:57,17.6812496,1107.4375,152.425003,,
2025-11-20 15:45:58,17.6812496,1107.19373,152.587494,,
2025-11-20 15:45:59,17.6812496,1107.19373,152.587494,,
2025-11-20 15:46:00,17.6812496,1107.4375,152.262497,,22.6812496
2025-11-20 15:46:01,17.6812496,1107.4375,152.262497,,
2025-11-20 15:46:02,17.6812496,1109.38745,152.425003,,
2025-11-20 15:46:03,17.6812496,1109.38745,152.425003,,
2025-11-20 15:46:04,17.6812496,1109.0625,152.475006,,
2025-11-20 15:46:05,17.6812496,1109.46875,152.112503,,22.6812496
2025-11-20 15:46:06,17.6812496,1109.46875,152.112503,,
2025-11-20 15:46:07,17.6812496,1109.71252,152.149994,,
2025-11-20 15:46:08,17.6812496,1109.71252,152.149994,,
2025-11-20 15:46:09,17.6812496,1111.74377,152.225006,,
2025-11-20 15:46:10,17.6812496,1111.74377,152.225006,,22.6812496
2025-11-20 15:46:11,17.6812496,1110.6875,152.449997,,
2025-11-20 15:46:13,17.6812496,1110.11877,152.274994,,
2025-11-20 15:46:14,17.6812496,1110.11877,152.274994,,
2025-11-20 15:46:15,17.6812496,1110.6875,152.024994,,22.6812496
2025-11-20 15:46:16,17.6812496,1110.6875,152.024994,,
2025-11-20 15:46:17,17.6812496,1110.93127,152.5625,,
2025-11-20 15:46:18,17.6812496,1110.93127,152.5625,,
2025-11-20 15:46:19,17.6812496,1111.5,152.262497,,
2025-11-20 15:46:20,17.6812496,1111.5,152.262497,,22.6812496
2025-11-20 15:46:21,17.6812496,1110.6875,152.5,,
2025-11-20 15:46:22,17.6812496,1110.6875,152.5,,
2025-11-20 15:46:23,17.6812496,1110.36255,152.287506,,
2025-11-20 15:46:24,17.6812496,1111.66248,152.274994,,
2025-11-20 15:46:25,17.6812496,1111.4187,152.125,,22.6812496
2025-11-20 15:46:26,17.6812496,1111.4187,152.125,,
2025-11-20 15:46:27,17.6812496,1111.66248,152.050003,,
2025-11-20 15:46:28,17.6812496,1111.5813,152.212494,,
2025-11-20 15:46:29,17.6812496,1111.5813,151.9375,,
2025-11-20 15:46:30,17.6812496,1110.93127,152.125,,22.6812496
2025-11-20 15:46:31,17.6812496,1110.93127,152.125,,
2025-11-20 15:46:32,17.6812496,1110.93127,152.225006,,
2025-11-20 15:46:33,17.6812496,1110.6875,152.225006,,
2025-11-20 15:46:34,17.6812496,1111.66248,152.362503,,
2025-11-20 15:46:35,17.6812496,1110.6875,152.524994,,22.6812496
2025-11-20 15:46:36,17.6812496,1110.7688,152.649994,,
2025-11-20 15:46:37,17.6812496,1110.7688,152.649994,,
2025-11-20 15:46:38,17.6812496,1111.66248,152.412506,,
2025-11-20 15:46:39,17.6812496,1112.47498,152.3125,,
2025-11-20 15:46:40,17.6812496,1112.96252,152.237503,,22.6812496
2025-11-20 15:46:41,17.6812496,1112.47498,152.324997,,
2025-11-20 15:46:42,17.6812496,1112.47498,152.324997,,
2025-11-20 15:46:43,17.6812496,1113.0437,152.100006,,
2025-11-20 15:46:44,17.6812496,1113.0437,152.100006,,
2025-11-20 15:46:45,17.6812496,1113.2063,152.237503,,22.6812496
2025-11-20 15:46:46,17.6812496,1112.2312,152.362503,,
2025-11-20 15:46:47,17.6812496,1112.2312,152.362503,,
2025-11-20 15:46:48,17.6812496,1112.88123,152.1875,,
2025-11-20 15:46:49,17.6812496,1113.2063,152.137497,,
2025-11-20 15:46:50,17.6812496,1113.2063,152.137497,,22.6812496
2025-11-20 15:46:51,17.6812496,1113.2063,152.137497,,
2025-11-20 15:46:52,17.6812496,1112.2312,152.662506,,
2025-11-20 15:46:53,17.6812496,1112.2312,152.662506,,
2025-11-20 15:46:54,17.6812496,1112.80005,152.1875,,
2025-11-20 15:46:55,17.6812496,1112.80005,152.1875,,22.6812496
2025-11-20 15:46:56,17.6812496,1112.47498,152.475006,,
2025-11-20 15:46:57,17.6812496,1113.2063,152.175003,,
2025-11-20 15:46:58,17.6812496,1113.36877,152.225006,,
2025-11-20 15:46:59,17.6812496,1112.80005,152.237503,,
2025-11-20 15:47:00,17.6812496,1112.80005,152.237503,,22.6812496
2025-11-20 15:47:01,17.6812496,1110.84998,152.237503,,
2025-11-20 15:47:02,17.6812496,1110.84998,152.25,,
2025-11-20 15:47:03,17.6812496,1110.44373,152.412506,,
2025-11-20 15:47:04,17.6812496,1111.33752,152.137497,,
2025-11-20 15:47:05,17.6812496,1110.44373,152.3125,,22.6812496
2025-11-20 15:47:06,17.6812496,1110.44373,152.3125,,
2025-11-20 15:47:07,17.6812496,1111.09375,152.212494,,
2025-11-20 15:47:08,17.6812496,1111.09375,152.212494,,
2025-11-20 15:47:09,17.6812496,1110.6875,152.475006,,
2025-11-20 15:47:10,17.6812496,1110.6875,152.475006,,22.6812496
2025-11-20 15:47:11,17.6812496,1111.66248,152.25,,
2025-11-20 15:47:12,17.6812496,1111.17505,152.237503,,
2025-11-20 15:47:13,17.6812496,1111.17505,152.237503,,
2025-11-20 15:47:14,17.6812496,1110.7688,152.662506,,
2025-11-20 15:47:15,17.6812496,1110.7688,152.662506,,22.6812496
2025-11-20 15:47:16,17.6812496,1111.33752,152.387497,,
2025-11-20 15:47:17,17.6812496,1111.33752,152.387497,,
2025-11-20 15:47:18,17.6812496,1110.84998,152.362503,,
2025-11-20 15:47:19,17.6812496,1110.84998,152.362503,,
2025-11-20 15:47:20,17.6812496,1111.25623,152.475006,,22.6812496
2025-11-20 15:47:21,17.6812496,1110.7688,152.612503,,
2025-11-20 15:47:22,17.6812496,1110.6875,152.287506,,
2025-11-20 15:47:23,17.6812496,1110.6875,152.287506,,
2025-11-20 15:47:24,17.6812496,1109.22498,152.362503,,
2025-11-20 15:47:25,17.6812496,1109.875,152.037506,,22.6812496
2025-11-20 15:47:26,17.6812496,1109.875,152.037506,,
2025-11-20 15:47:27,17.6812496,1109.30627,152.037506,,
2025-11-20 15:47:28,17.6812496,1109.30627,152.324997,,
2025-11-20 15:47:29,17.6812496,1108.08752,152.425003,,
2025-11-20 15:47:30,17.6812496,1108.08752,152.425003,,22.6812496
2025-11-20 15:47:31,17.6812496,1108.41248,152.449997,,
2025-11-20 15:47:32,17.6812496,1108.08752,152.462494,,
2025-11-20 15:47:33,17.6812496,1108.08752,152.462494,,
2025-11-20 15:47:34,17.6812496,1105.8125,152.0625,,
2025-11-20 15:47:35,17.6812496,1105.8125,152.0625,,22.6812496
2025-11-20 15:47:36,17.6812496,1105.8125,152.287506,,
2025-11-20 15:47:37,17.6812496,1105.32495,152.412506,,
2025-11-20 15:47:38,17.6812496,1104.67505,152.4375,,
2025-11-20 15:47:39,17.6812496,1104.67505,152.4375,,
2025-11-20 15:47:40,17.6812496,1104.2688,152.475006,,22.6812496
2025-11-20 15:47:41,17.6812496,1104.2688,152.475006,,
2025-11-20 15:47:42,17.6812496,1105.40625,152.212494,,
2025-11-20 15:47:43,17.6812496,1104.43127,152.149994,,
2025-11-20 15:47:44,17.6812496,1104.43127,152.149994,,
2025-11-20 15:47:45,17.6812496,1105.40625,152.149994,,22.6812496
2025-11-20 15:47:46,17.6812496,1104.51245,152.375,,
2025-11-20 15:47:47,17.6812496,1104.51245,152.375,,
2025-11-20 15:47:48,17.6812496,1102.6438,152.237503,,
2025-11-20 15:47:49,17.6812496,1103.21252,152.324997,,
2025-11-20 15:47:50,,,,,22.6812496
2025-11-20 15:47:51,17.6812496,1103.21252,152.324997,,
2025-11-20 15:47:52,17.6812496,1100.9375,152.25,,
2025-11-20 15:47:53,17.6812496,1100.9375,152.25,,
2025-11-20 15:47:54,17.6812496,1100.61255,152.199997,,
2025-11-20 15:47:55,17.6812496,1100.61255,152.199997,,22.6812496
2025-11-20 15:47:56,17.6812496,1101.0188,152.625,,
2025-11-20 15:47:57,17.6812496,1101.0188,152.625,,
2025-11-20 15:47:58,17.6812496,1099.63745,152.137497,,
2025-11-20 15:47:59,17.6812496,1100.0437,152.300003,,
2025-11-20 15:48:00,17.6812496,1099.06873,152.587494,,22.6812496
2025-11-20 15:48:01,17.6812496,1099.06873,152.587494,,
2025-11-20 15:48:02,17.6812496,1097.52502,152.350006,,
2025-11-20 15:48:03,17.6812496,1097.52502,152.350006,,
2025-11-20 15:48:04,17.6812496,1097.52502,152.274994,,
2025-11-20 15:48:05,17.6812496,1098.33752,152.274994,,22.6812496
2025-11-20 15:48:07,17.6812496,1097.11877,152.162506,,
2025-11-20 15:48:08,17.6812496,1097.11877,152.162506,,
2025-11-20 15:48:09,17.6812496,1096.55005,152.274994,,
2025-11-20 15:48:10,17.6812496,1096.9563,152.412506,,22.6812496
2025-11-20 15:48:11,17.6812496,1096.9563,152.412506,,
2025-11-20 15:48:12,17.6812496,1094.59998,152.337494,,
2025-11-20 15:48:13,17.6812496,1094.59998,152.337494,,
2025-11-20 15:48:14,17.6812496,1092.8938,152.425003,,
2025-11-20 15:48:15,17.6812496,1092.97498,152.324997,,22.6812496
2025-11-20 15:48:16,17.6812496,1092.40625,152.412506,,
2025-11-20 15:48:17,17.6812496,1092.40625,152.412506,,
2025-11-20 15:48:18,17.6812496,1091.1875,152.0625,,
2025-11-20 15:48:19,17.6812496,1091.1875,152.0625,,
2025-11-20 15:48:20,17.6812496,1091.43127,152.100006,,22.6812496
2025-11-20 15:48:21,17.6812496,1092.24377,152.425003,,
2025-11-20 15:48:22,17.6812496,1092.24377,152.175003,,
2025-11-20 15:48:23,17.6812496,1092.0,152.175003,,
2025-11-20 15:48:24,17.6812496,1089.72498,152.425003,,
2025-11-20 15:48:25,17.6812496,1089.72498,152.425003,,22.6812496
2025-11-20 15:48:26,17.6812496,1088.34375,152.375,,
2025-11-20 15:48:27,17.6812496,1089.15625,152.237503,,
2025-11-20 15:48:28,17.6812496,1088.99377,152.199997,,
2025-11-20 15:48:29,17.6812496,1088.99377,152.199997,,
2025-11-20 15:48:30,17.6812496,1088.99377,152.449997,,22.6812496
2025-11-20 15:48:31,17.6812496,1086.80005,152.449997,,
2025-11-20 15:48:32,17.6812496,1084.84998,152.387497,,
2025-11-20 15:48:33,17.6812496,1085.25623,152.462494,,
2025-11-20 15:48:34,17.6812496,1085.25623,152.462494,,
2025-11-20 15:48:35,17.6812496,1085.82495,152.1875,,22.6812496
2025-11-20 15:48:36,17.6812496,1085.82495,152.1875,,
2025-11-20 15:48:37,17.6812496,1085.82495,152.1875,,
2025-11-20 15:48:38,17.6812496,1085.90625,152.387497,,
2025-11-20 15:48:39,17.6812496,1084.93127,152.425003,,
2025-11-20 15:48:40,17.6812496,1084.93127,152.425003,,22.6812496
2025-11-20 15:48:41,17.6812496,1082.9812,152.675003,,
2025-11-20 15:48:42,17.6812496,1082.9812,152.675003,,
2025-11-20 15:48:43,17.6812496,1081.19373,152.412506,,
2025-11-20 15:48:44,17.6812496,1081.19373,152.412506,,
2025-11-20 15:48:45,17.6812496,1079.8125,152.262497,,22.6812496
2025-11-20 15:48:46,17.6812496,1079.8125,152.262497,,
2025-11-20 15:48:47,17.6812496,1078.51245,152.1875,,
2025-11-20 15:48:48,17.6812496,1078.51245,152.1875,,
2025-11-20 15:48:49,17.6812496,1078.51245,152.149994,,
2025-11-20 15:48:50,17.6812496,1079.24377,152.475006,,22.6812496
2025-11-20 15:48:51,17.6812496,1079.24377,152.475006,,
2025-11-20 15:48:52,17.6812496,1076.31873,3.5250001,,
2025-11-20 15:48:53,17.6812496,1076.31873,3.5250001,,
2025-11-20 15:48:54,17.6812496,1076.15625,0.975000024,,
2025-11-20 15:48:55,17.6812496,1074.9375,0.787500024,,22.6812496
2025-11-20 15:48:56,17.6812496,1074.9375,0.787500024,,
2025-11-20 15:48:57,17.6812496,1074.77502,0.8125,,
2025-11-20 15:48:58,17.6812496,1074.77502,0.8125,,
2025-11-20 15:48:59,17.6812496,1075.09998,0.8125,,
2025-11-20 15:49:00,17.6812496,1075.09998,0.9375,,22.6812496
2025-11-20 15:49:01,17.6812496,1073.63745,0.675000012,,
2025-11-20 15:49:02,17.6812496,1073.63745,0.675000012,,
2025-11-20 15:49:03,17.6812496,1073.15002,0.762499988,,
2025-11-20 15:49:04,17.6812496,1073.15002,0.762499988,,
2025-11-20 15:49:05,17.6812496,1072.4187,0.412499994,,22.6812496
2025-11-20 15:49:06,17.6812496,1072.4187,0.412499994,,
2025-11-20 15:49:07,17.6812496,1072.09375,0.550000012,,
2025-11-20 15:49:08,17.6812496,1071.52502,0.824999988,,
2025-11-20 15:49:09,17.6812496,1071.52502,0.824999988,,
2025-11-20 15:49:10,17.6812496,1072.33752,0.712499976,,22.6812496
2025-11-20 15:49:11,17.6812496,1072.4187,0.712499976,,
2025-11-20 15:49:12,17.6812496,1072.4187,0.699999988,,
2025-11-20 15:49:13,17.6812496,1071.84998,0.699999988,,
2025-11-20 15:49:14,17.6812496,1071.6062,0.837499976,,
2025-11-20 15:49:15,17.6812496,1071.6062,0.837499976,,22.6812496
2025-11-20 15:49:16,17.6812496,1071.44373,0.725000024,,
2025-11-20 15:49:17,17.6812496,1071.44373,0.725000024,,
2025-11-20 15:49:18,17.6812496,1072.01245,0.987500012,,
2025-11-20 15:49:19,17.6812496,1072.4187,0.675000012,,
2025-11-20 15:49:20,17.6812496,1072.4187,0.675000012,,22.6812496
2025-11-20 15:49:21,17.6812496,1071.84998,0.8125,,
2025-11-20 15:49:22,17.6812496,1071.84998,0.8125,,
2025-11-20 15:49:23,17.6812496,1071.44373,0.8125,,
2025-11-20 15:49:24,17.6812496,1071.44373,0.8125,,
2025-11-20 15:49:25,17.6812496,1071.6875,0.837499976,,22.6812496
2025-11-20 15:49:26,17.6812496,1071.6875,0.837499976,,
2025-11-20 15:49:27,17.6812496,1071.93127,0.762499988,,
2025-11-20 15:49:29,17.6812496,1071.93127,0.762499988,,
2025-11-20 15:49:30,17.6812496,1074.125,0.574999988,,22.6812496
2025-11-20 15:49:31,17.6812496,1074.125,0.574999988,,
2025-11-20 15:49:32,17.6812496,1074.36877,0.637499988,,
2025-11-20 15:49:33,17.6812496,1075.0188,0.837499976,,
2025-11-20 15:49:34,17.6812496,1075.0188,0.837499976,,
2025-11-20 15:49:35,17.6812496,1075.0188,0.800000012,,22.6812496
2025-11-20 15:49:36,17.6812496,1075.0188,0.800000012,,
2025-11-20 15:49:37,17.6812496,1074.61255,0.5625,,
2025-11-20 15:49:38,17.6812496,1074.61255,0.5625,,
2025-11-20 15:49:39,17.6812496,1075.42505,0.737500012,,
2025-11-20 15:49:40,17.6812496,1075.42505,0.737500012,,22.6812496
2025-11-20 15:49:41,17.6812496,1076.88745,0.574999988,,
2025-11-20 15:49:42,17.6812496,1076.88745,0.8125,,
2025-11-20 15:49:43,17.6812496,1077.69995,0.8125,,
2025-11-20 15:49:44,17.6812496,1077.69995,1.04999995,,
2025-11-20 15:49:45,17.6812496,1078.43127,0.875,,22.6812496
2025-11-20 15:49:47,17.6812496,1078.9187,1.17499995,,
2025-11-20 15:49:48,17.6812496,1078.9187,1.17499995,,
2025-11-20 15:49:49,17.6812496,1078.9187,1.02499998,,
2025-11-20 15:49:50,17.6812496,1079.0813,1.02499998,,22.6812496
2025-11-20 15:49:51,17.6812496,1079.24377,1.11249995,,
2025-11-20 15:49:52,17.6812496,1079.24377,1.11249995,,
2025-11-20 15:49:53,17.6812496,1079.24377,0.9375,,
2025-11-20 15:49:54,17.6812496,1079.8938,1.16250002,,
2025-11-20 15:49:55,17.6812496,1080.21875,1.125,,22.6812496
2025-11-20 15:49:56,17.6812496,1080.21875,1.125,,
2025-11-20 15:49:57,17.6812496,1081.3562,1.11249995,,
2025-11-20 15:49:58,17.6812496,1081.3562,1.11249995,,
2025-11-20 15:49:59,17.6812496,1081.3562,1.125,,
2025-11-20 15:50:00,17.6812496,1083.1438,1.125,,22.6812496
2025-11-20 15:50:01,17.6812496,1083.1438,0.912500024,,
2025-11-20 15:50:02,17.6812496,1083.30627,0.912500024,,
2025-11-20 15:50:03,17.6812496,1083.30627,0.975000024,,
2025-11-20 15:50:04,17.6812496,1084.84998,0.975000024,,
2025-11-20 15:50:05,17.6812496,1085.82495,0.875,,22.6812496
2025-11-20 15:50:06,17.6812496,1084.93127,0.949999988,,
2025-11-20 15:50:07,17.6812496,1084.93127,0.949999988,,
2025-11-20 15:50:08,17.6812496,1085.74377,0.850000024,,
2025-11-20 15:50:09,17.6812496,1085.74377,0.850000024,,
2025-11-20 15:50:10,17.6812496,1085.90625,0.987500012,,22.6812496
2025-11-20 15:50:11,17.6812496,1085.90625,0.987500012,,
2025-11-20 15:50:12,17.6812496,1085.90625,0.9375,,
2025-11-20 15:50:13,17.6812496,1084.7688,1.11249995,,
2025-11-20 15:50:14,17.6812496,1084.7688,1.11249995,,
2025-11-20 15:50:15,17.6812496,1084.84998,1.0625,,22.6812496
2025-11-20 15:50:16,17.6812496,1085.5,0.637499988,,
2025-11-20 15:50:17,17.6812496,1085.5,0.637499988,,
2025-11-20 15:50:18,17.6812496,1087.2063,0.8125,,
2025-11-20 15:50:19,17.6812496,1087.2063,0.8125,,
2025-11-20 15:50:20,17.6812496,1086.88123,0.612500012,,22.6812496
2025-11-20 15:50:21,17.6812496,1087.36877,0.899999976,,
2025-11-20 15:50:22,17.6812496,1087.2063,0.512499988,,
2025-11-20 15:50:23,17.6812496,1087.2063,0.512499988,,
2025-11-20 15:50:24,17.6812496,1088.26245,0.712499976,,
2025-11-20 15:50:25,17.6812496,1088.26245,0.712499976,,22.6812496
2025-11-20 15:50:26,17.6812496,1088.26245,0.712499976,,
2025-11-20 15:50:27,17.6812496,1088.26245,0.662500024,,
2025-11-20 15:50:28,17.6812496,1087.9375,1.125,,
2025-11-20 15:50:29,17.6812496,1088.0188,1.07500005,,
2025-11-20 15:50:30,17.6812496,1088.0188,1.07500005,,22.6812496
2025-11-20 15:50:31,17.6812496,1087.8562,0.962499976,,
2025-11-20 15:50:32,17.6812496,1087.8562,0.962499976,,
2025-11-20 15:50:33,17.6812496,1087.9375,0.762499988,,
2025-11-20 15:50:34,17.6812496,1088.0188,0.587499976,,
2025-11-20 15:50:35,17.6812496,1088.0188,0.587499976,,22.6812496
2025-11-20 15:50:36,17.6812496,1088.0188,1.92499995,,
2025-11-20 15:50:37,17.6812496,1088.09998,1.92499995,,
2025-11-20 15:50:38,17.6812496,1088.09998,9.63749981,,
2025-11-20 15:50:39,17.6812496,1089.5625,9.6875,,
2025-11-20 15:50:40,17.6812496,1089.5625,9.66250038,,22.6812496
2025-11-20 15:50:41,17.6812496,1090.69995,9.66250038,,
2025-11-20 15:50:42,17.6812496,1089.88745,27.2749996,,
2025-11-20 15:50:43,17.6812496,1089.88745,27.2749996,,
2025-11-20 15:50:44,17.6812496,1089.88745,27.2875004,,
2025-11-20 15:50:45,17.6812496,1089.5625,27.2875004,,22.6812496
2025-11-20 15:50:46,17.6812496,1089.5625,33.7249985,,
2025-11-20 15:50:47,17.6812496,1090.13123,33.7249985,,
2025-11-20 15:50:48,17.6812496,1091.75623,80.7125015,,
2025-11-20 15:50:49,17.6812496,1091.75623,80.7125015,,
2025-11-20 15:50:50,17.6812496,1091.51245,80.7874985,,22.6812496
2025-11-20 15:50:51,17.6812496,1091.34998,80.9375,,
2025-11-20 15:50:52,17.6812496,1091.34998,80.9375,,
2025-11-20 15:50:53,17.6812496,1091.75623,80.9124985,,
2025-11-20 15:50:54,17.6812496,1091.1062,81.1374969,,
2025-11-20 15:50:55,17.6812496,1091.1062,81.1374969,,22.6812496
2025-11-20 15:50:56,17.6812496,1091.83752,83.5749969,,
2025-11-20 15:50:57,17.6812496,1091.2688,108.824997,,
2025-11-20 15:50:58,17.6812496,1091.2688,108.824997,,
2025-11-20 15:50:59,17.6812496,1091.2688,108.987503,,
2025-11-20 15:51:00,17.6812496,1091.2688,108.987503,,22.6812496
2025-11-20 15:51:01,17.6812496,1091.2688,110.537498,,
2025-11-20 15:51:02,17.6812496,1091.2688,110.537498,,
2025-11-20 15:51:03,17.6812496,1091.2688,120.5,,
2025-11-20 15:51:04,17.6812496,1091.2688,120.5,,
2025-11-20 15:51:05,17.6812496,1091.9187,120.349998,,22.6812496
2025-11-20 15:51:06,17.6812496,1091.9187,120.349998,,
2025-11-20 15:51:07,17.6812496,1090.94373,132.25,,
2025-11-20 15:51:08,17.6812496,1091.67505,131.975006,,
2025-11-20 15:51:09,17.6812496,1091.67505,131.975006,,
2025-11-20 15:51:10,17.6812496,1090.94373,132.0625,,22.6812496
2025-11-20 15:51:11,17.6812496,1090.94373,132.0625,,
2025-11-20 15:51:12,17.6812496,1091.1062,141.800003,,
2025-11-20 15:51:13,17.6812496,1091.34998,142.475006,,
2025-11-20 15:51:15,17.6812496,1091.34998,142.475006,,22.6812496
2025-11-20 15:51:16,17.6812496,1092.32495,142.287506,,
2025-11-20 15:51:17,17.6812496,1092.32495,142.287506,,
2025-11-20 15:51:18,17.6812496,1091.2688,147.212494,,
2025-11-20 15:51:19,17.6812496,1092.32495,147.387497,,
2025-11-20 15:51:20,17.6812496,1092.32495,147.387497,,22.6812496
2025-11-20 15:51:21,17.6812496,1092.40625,147.337494,,
2025-11-20 15:51:22,17.6812496,1092.40625,147.337494,,
2025-11-20 15:51:23,17.6812496,1092.0,150.550003,,
2025-11-20 15:51:24,17.6812496,1091.02502,150.337494,,
2025-11-20 15:51:25,17.6812496,1091.02502,150.337494,,22.6812496
2025-11-20 15:51:26,17.6812496,1092.8938,150.412506,,
2025-11-20 15:51:27,17.6812496,1093.21875,150.774994,,
2025-11-20 15:51:28,17.6812496,1093.21875,150.774994,,
2025-11-20 15:51:29,17.6812496,1093.05627,152.037506,,
2025-11-20 15:51:30,17.6812496,1092.8125,152.037506,,22.6812496
2025-11-20 15:51:31,17.6812496,1093.86877,152.137497,,
2025-11-20 15:51:32,17.6812496,1093.86877,152.137497,,
2025-11-20 15:51:33,17.6812496,1092.65002,153.449997,,
2025-11-20 15:51:34,17.6812496,1093.86877,153.6875,,
2025-11-20 15:51:35,17.6812496,1092.65002,153.537506,,22.6812496
2025-11-20 15:51:36,17.6812496,1092.65002,153.537506,,
2025-11-20 15:51:37,17.6812496,1093.21875,153.399994,,
2025-11-20 15:51:38,17.6812496,1093.21875,153.399994,,
2025-11-20 15:51:39,17.6812496,1092.8125,153.487503,,
2025-11-20 15:51:40,17.6812496,1092.8125,153.487503,,22.6812496
2025-11-20 15:51:41,17.6812496,1094.27502,153.425003,,
2025-11-20 15:51:42,17.6812496,1094.4375,153.612503,,
2025-11-20 15:51:43,17.6812496,1094.4375,153.612503,,
2025-11-20 15:51:44,17.6812496,1095.1687,153.887497,,
2025-11-20 15:51:45,17.6812496,1095.1687,153.887497,,22.6812496
2025-11-20 15:51:46,17.6812496,1095.41248,153.574997,,
2025-11-20 15:51:47,17.6812496,1094.27502,153.662506,,
2025-11-20 15:51:48,17.6812496,1094.27502,153.662506,,
2025-11-20 15:51:49,17.6812496,1096.9563,153.537506,,
2025-11-20 15:51:50,17.6812496,1096.9563,153.537506,,22.6812496
2025-11-20 15:51:51,17.6812496,1096.1438,153.662506,,
2025-11-20 15:51:52,17.6812496,1096.1438,153.662506,,
2025-11-20 15:51:53,17.6812496,1096.71252,154.1875,,
2025-11-20 15:51:54,17.6812496,1096.71252,154.1875,,
2025-11-20 15:51:55,17.6812496,1095.81873,154.087494,,22.6812496
2025-11-20 15:51:56,17.6812496,1096.30627,154.024994,,
2025-11-20 15:51:57,17.6812496,1096.9563,154.475006,,
2025-11-20 15:51:58,17.6812496,1096.9563,154.475006,,
2025-11-20 15:51:59,17.6812496,1097.52502,154.149994,,
2025-11-20 15:52:00,17.6812496,1097.52502,154.149994,,22.6812496
2025-11-20 15:52:01,17.6812496,1098.25623,154.350006,,
2025-11-20 15:52:02,17.6812496,1097.6062,154.149994,,
2025-11-20 15:52:03,17.6812496,1097.6062,154.149994,,
2025-11-20 15:52:04,17.6812496,1097.44373,154.300003,,
2025-11-20 15:52:05,17.6812496,1098.01245,153.875,,22.6812496
2025-11-20 15:52:06,17.6812496,1098.01245,153.875,,
2025-11-20 15:52:07,17.6812496,1097.6875,154.399994,,
2025-11-20 15:52:08,17.6812496,1097.6875,154.399994,,
2025-11-20 15:52:09,17.6812496,1098.5813,154.699997,,
2025-11-20 15:52:10,17.6812496,1097.44373,154.612503,,22.6812496
2025-11-20 15:52:11,17.6812496,1098.17505,154.0,,
2025-11-20 15:52:12,17.6812496,1098.17505,154.0,,
2025-11-20 15:52:13,17.6812496,1097.84998,154.137497,,
2025-11-20 15:52:14,17.6812496,1097.84998,154.137497,,
2025-11-20 15:52:15,17.6812496,1098.17505,154.287506,,22.6812496
2025-11-20 15:52:16,17.6812496,1097.7688,154.199997,,
2025-11-20 15:52:17,17.6812496,1097.7688,154.199997,,
2025-11-20 15:52:18,17.6812496,1097.6062,153.762497,,
2025-11-20 15:52:19,17.6812496,1097.6062,153.712494,,
2025-11-20 15:52:20,17.6812496,1098.66248,153.712494,,22.6812496
2025-11-20 15:52:21,17.6812496,1097.52502,153.887497,,
2025-11-20 15:52:22,17.6812496,1097.52502,153.887497,,
2025-11-20 15:52:23,17.6812496,1097.6875,154.212494,,
2025-11-20 15:52:24,17.6812496,1097.6875,154.212494,,
2025-11-20 15:52:25,17.6812496,1097.7688,154.225006,,22.6812496
2025-11-20 15:52:26,17.6812496,1097.7688,154.225006,,
2025-11-20 15:52:27,17.6812496,1098.4187,153.9375,,
2025-11-20 15:52:28,17.6812496,1097.52502,153.962494,,
2025-11-20 15:52:29,17.6812496,1097.52502,153.962494,,
2025-11-20 15:52:30,17.6812496,1098.09375,154.137497,,22.6812496
2025-11-20 15:52:31,17.6812496,1098.09375,154.137497,,
2025-11-20 15:52:32,17.6812496,1097.52502,154.074997,,
2025-11-20 15:52:33,17.6812496,1097.52502,154.074997,,
2025-11-20 15:52:34,17.6812496,1098.5813,154.412506,,
2025-11-20 15:52:35,17.6812496,1098.4187,154.4375,,22.6812496
2025-11-20 15:52:36,17.6812496,1098.4187,154.4375,,
2025-11-20 15:52:37,17.6812496,1097.44373,153.962494,,
2025-11-20 15:52:38,17.6812496,1097.44373,153.962494,,
2025-11-20 15:52:39,17.6812496,1098.5,154.012497,,
2025-11-20 15:52:40,17.6812496,1098.5,154.012497,,22.6812496
2025-11-20 15:52:41,17.6812496,1098.5,154.112503,,
2025-11-20 15:52:42,17.6812496,1098.66248,154.137497,,
2025-11-20 15:52:43,17.6812496,1098.66248,154.137497,,
2025-11-20 15:52:44,17.6812496,1097.52502,153.949997,,
2025-11-20 15:52:45,17.6812496,1097.52502,153.949997,,22.6812496
2025-11-20 15:52:46,17.6812496,1097.7688,153.725006,,
2025-11-20 15:52:47,17.6812496,1097.7688,153.725006,,
2025-11-20 15:52:48,17.6812496,1097.52502,153.912506,,
2025-11-20 15:52:49,17.6812496,1097.93127,154.149994,,
2025-11-20 15:52:50,17.6812496,1097.93127,154.149994,,22.6812496
2025-11-20 15:52:51,17.6812496,1098.09375,154.287506,,
2025-11-20 15:52:52,17.6812496,1098.09375,154.287506,,
2025-11-20 15:52:53,17.6812496,1097.44373,154.449997,,
2025-11-20 15:52:55,17.6812496,1098.4187,154.787506,,22.6812496
2025-11-20 15:52:56,17.6812496,1098.4187,154.787506,,
2025-11-20 15:52:57,17.6812496,1098.5813,154.612503,,
2025-11-20 15:52:58,17.6812496,1097.6875,154.175003,,
2025-11-20 15:52:59,17.6812496,1097.6875,154.175003,,
2025-11-20 15:53:00,17.6812496,1097.11877,154.537506,,22.6812496
2025-11-20 15:53:01,17.6812496,1097.11877,154.537506,,
2025-11-20 15:53:02,17.6812496,1096.9563,154.487503,,
2025-11-20 15:53:03,17.6812496,1097.03748,154.625,,
2025-11-20 15:53:04,17.6812496,1097.03748,154.625,,
2025-11-20 15:53:05,17.6812496,1096.63123,154.637497,,22.6812496
2025-11-20 15:53:06,17.6812496,1096.9563,154.925003,,
2025-11-20 15:53:07,17.6812496,1096.9563,154.925003,,
2025-11-20 15:53:08,17.6812496,1094.4375,154.387497,,
2025-11-20 15:53:09,17.6812496,1094.4375,154.387497,,
2025-11-20 15:53:10,17.6812496,1095.1687,154.375,,22.6812496
2025-11-20 15:53:11,17.6812496,1094.59998,154.387497,,
2025-11-20 15:53:12,17.6812496,1094.68127,154.5,,
2025-11-20 15:53:13,17.6812496,1093.13745,154.725006,,
2025-11-20 15:53:14,17.6812496,1093.13745,154.725006,,
2025-11-20 15:53:15,17.6812496,1093.05627,154.725006,,22.6812496
2025-11-20 15:53:16,17.6812496,1093.05627,154.649994,,
2025-11-20 15:53:17,17.6812496,1093.625,154.712494,,
2025-11-20 15:53:18,17.6812496,1093.625,154.712494,,
2025-11-20 15:53:19,17.6812496,1092.65002,154.412506,,
2025-11-20 15:53:20,17.6812496,1092.65002,154.412506,,22.6812496
2025-11-20 15:53:21,17.6812496,1091.75623,154.412506,,
2025-11-20 15:53:22,17.6812496,1091.75623,154.412506,,
2025-11-20 15:53:23,17.6812496,1092.24377,155.1875,,
2025-11-20 15:53:24,17.6812496,1091.34998,154.712494,,
2025-11-20 15:53:25,17.6812496,1091.34998,154.712494,,22.6812496
2025-11-20 15:53:26,17.6812496,1091.34998,154.387497,,
2025-11-20 15:53:27,17.6812496,1092.40625,154.387497,,
2025-11-20 15:53:28,17.6812496,1092.40625,154.712494,,
2025-11-20 15:53:29,17.6812496,1091.83752,154.8125,,
2025-11-20 15:53:30,17.6812496,1091.83752,154.8125,,22.6812496
2025-11-20 15:53:31,17.6812496,1092.0813,155.0,,
2025-11-20 15:53:32,17.6812496,1092.0813,155.0,,
2025-11-20 15:53:33,17.6812496,1092.40625,155.412506,,
2025-11-20 15:53:34,17.6812496,1092.0,155.1875,,
2025-11-20 15:53:35,17.6812496,1092.0,155.1875,,22.6812496
2025-11-20 15:53:36,17.6812496,1090.4563,154.712494,,
2025-11-20 15:53:37,17.6812496,1089.88745,154.387497,,
2025-11-20 15:53:38,17.6812496,1089.88745,154.387497,,
2025-11-20 15:53:39,17.6812496,1090.4563,154.387497,,
2025-11-20 15:53:40,17.6812496,1090.4563,154.387497,,22.6812496
2025-11-20 15:53:41,17.6812496,1088.58752,154.149994,,
2025-11-20 15:53:42,17.6812496,1088.58752,154.149994,,
2025-11-20 15:53:43,17.6812496,1088.42505,155.074997,,
2025-11-20 15:53:44,17.6812496,1088.75,154.587494,,
2025-11-20 15:53:45,17.6812496,1087.9375,154.75,,22.6812496
2025-11-20 15:53:46,17.6812496,1087.9375,154.75,,
2025-11-20 15:53:47,17.6812496,1088.99377,154.912506,,
2025-11-20 15:53:48,17.6812496,1088.99377,154.912506,,
2025-11-20 15:53:49,17.6812496,1086.63745,155.074997,,
2025-11-20 15:53:50,17.6812496,1086.3938,155.012497,,22.6812496
2025-11-20 15:53:51,17.6812496,1086.63745,154.975006,,
2025-11-20 15:53:52,17.6812496,1086.63745,154.975006,,
2025-11-20 15:53:53,17.6812496,1084.6875,154.6875,,
2025-11-20 15:53:54,17.6812496,1084.6875,154.6875,,
2025-11-20 15:53:55,17.6812496,1085.66248,154.800003,,22.6812496
2025-11-20 15:53:56,17.6812496,1085.01245,155.0,,
2025-11-20 15:53:57,17.6812496,1085.01245,155.0,,
2025-11-20 15:53:58,17.6812496,1085.74377,155.300003,,
2025-11-20 15:53:59,17.6812496,1085.90625,155.012497,,
2025-11-20 15:54:00,17.6812496,1085.90625,155.012497,,22.6812496
2025-11-20 15:54:01,17.6812496,1085.82495,155.100006,,
2025-11-20 15:54:02,17.6812496,1085.90625,155.25,,
2025-11-20 15:54:03,17.6812496,1085.90625,155.25,,
2025-11-20 15:54:04,17.6812496,1084.11877,154.962494,,
2025-11-20 15:54:05,17.6812496,1083.30627,154.949997,,22.6812496
2025-11-20 15:54:06,17.6812496,1083.30627,154.949997,,
2025-11-20 15:54:07,17.6812496,1082.1687,154.899994,,
2025-11-20 15:54:08,17.6812496,1082.1687,154.899994,,
2025-11-20 15:54:09,17.6812496,1079.65002,154.824997,,
2025-11-20 15:54:10,17.6812496,1079.65002,154.824997,,22.6812496
2025-11-20 15:54:11,17.6812496,1080.7063,155.100006,,
2025-11-20 15:54:12,17.6812496,1080.7063,155.100006,,
2025-11-20 15:54:13,17.6812496,1079.24377,155.0625,,
2025-11-20 15:54:14,17.6812496,1077.94373,155.0625,,
2025-11-20 15:54:15,17.6812496,1077.94373,155.0625,,22.6812496
2025-11-20 15:54:16,17.6812496,1079.32495,154.962494,,
2025-11-20 15:54:17,17.6812496,1079.32495,154.962494,,
2025-11-20 15:54:18,17.6812496,1079.32495,85.4875031,,
2025-11-20 15:54:19,17.6812496,1079.16248,85.1875,,
2025-11-20 15:54:20,17.6812496,1079.16248,85.1875,,22.6812496
2025-11-20 15:54:21,17.6812496,1077.94373,85.0374985,,
2025-11-20 15:54:22,17.6812496,1077.94373,85.0374985,,
2025-11-20 15:54:23,17.6812496,1076.96875,59.25,,
2025-11-20 15:54:24,17.6812496,1077.2937,59.2750015,,
2025-11-20 15:54:25,17.6812496,1077.2937,59.2750015,,22.6812496
2025-11-20 15:54:26,17.6812496,1075.34375,59.125,,
2025-11-20 15:54:27,17.6812496,1075.99377,55.0,,
2025-11-20 15:54:28,17.6812496,1074.9375,46.2374992,,
2025-11-20 15:54:30,17.6812496,1074.9375,46.2374992,,22.6812496
2025-11-20 15:54:31,17.6812496,1074.61255,46.1749992,,
2025-11-20 15:54:32,17.6812496,1073.2312,46.5999985,,
2025-11-20 15:54:33,17.6812496,1073.2312,46.5999985,,
2025-11-20 15:54:34,17.6812496,1073.47498,8.11250019,,
2025-11-20 15:54:35,17.6812496,1073.47498,8.11250019,,22.6812496
2025-11-20 15:54:36,17.6812496,1072.01245,7.94999981,,
2025-11-20 15:54:37,17.6812496,1072.01245,7.94999981,,
2025-11-20 15:54:38,17.6812496,1071.6062,1.60000002,,
2025-11-20 15:54:39,17.6812496,1071.52502,1.73749995,,
2025-11-20 15:54:40,17.6812496,1071.52502,1.73749995,,22.6812496
2025-11-20 15:54:41,17.6812496,1071.44373,1.45000005,,
2025-11-20 15:54:42,17.6812496,1071.19995,1.16250002,,
2025-11-20 15:54:43,17.6812496,1071.19995,1.16250002,,
2025-11-20 15:54:44,17.6812496,1069.41248,0.875,,
2025-11-20 15:54:45,17.6812496,1069.41248,0.875,,22.6812496
2025-11-20 15:54:46,17.6812496,1068.59998,0.762499988,,
2025-11-20 15:54:47,17.6812496,1067.625,0.675000012,,
2025-11-20 15:54:48,17.6812496,1065.2688,0.4375,,
2025-11-20 15:54:49,17.6812496,1066.24377,0.637499988,,
2025-11-20 15:54:50,17.6812496,1066.24377,0.637499988,,22.6812496
2025-11-20 15:54:51,17.6812496,1066.24377,0.850000024,,
2025-11-20 15:54:52,17.6812496,1066.24377,0.75,,
2025-11-20 15:54:53,17.6812496,1066.24377,0.75,,
2025-11-20 15:54:54,17.6812496,1066.24377,0.75,,
2025-11-20 15:54:55,17.6812496,1065.1875,0.737500012,,22.6812496
2025-11-20 15:54:56,17.6812496,1065.1875,0.737500012,,
2025-11-20 15:54:57,17.6812496,1064.86255,0.8125,,
2025-11-20 15:54:58,17.6812496,1064.86255,0.8125,,
2025-11-20 15:54:59,17.6812496,1064.375,0.850000024,,
2025-11-20 15:55:00,17.6812496,1064.375,0.850000024,,22.6812496
2025-11-20 15:55:01,17.6812496,1063.88745,0.699999988,,
2025-11-20 15:55:02,17.6812496,1064.13123,0.8125,,
2025-11-20 15:55:03,17.6812496,1064.13123,0.8125,,
2025-11-20 15:55:04,17.6812496,1062.0188,0.75,,
2025-11-20 15:55:05,17.6812496,1061.61255,0.637499988,,22.6812496
2025-11-20 15:55:06,17.6812496,1061.61255,0.637499988,,
2025-11-20 15:55:07,17.6812496,1062.18127,0.787500024,,
2025-11-20 15:55:08,17.6812496,1062.18127,0.787500024,,
2025-11-20 15:55:09,17.6812496,1062.75,0.699999988,,
2025-11-20 15:55:10,17.6812496,1062.75,0.699999988,,22.6812496
2025-11-20 15:55:11,17.6812496,1061.61255,0.6875,,
2025-11-20 15:55:12,17.6812496,1062.99377,0.850000024,,
2025-11-20 15:55:13,17.6812496,1062.99377,0.850000024,,
2025-11-20 15:55:14,17.6812496,1062.75,0.875,,
2025-11-20 15:55:15,17.6812496,1062.75,0.875,,22.6812496
2025-11-20 15:55:16,17.6812496,1063.5625,0.6875,,
2025-11-20 15:55:17,17.6812496,1064.86255,0.8125,,
2025-11-20 15:55:18,17.6812496,1064.86255,0.8125,,
2025-11-20 15:55:19,17.6812496,1063.88745,0.824999988,,
2025-11-20 15:55:20,17.6812496,1063.88745,0.824999988,,22.6812496
2025-11-20 15:55:21,17.6812496,1065.51245,0.762499988,,
2025-11-20 15:55:22,17.6812496,1065.51245,0.762499988,,
2025-11-20 15:55:23,17.6812496,1066.16248,0.699999988,,
2025-11-20 15:55:24,17.6812496,1065.1875,0.699999988,,
2025-11-20 15:55:25,17.6812496,1065.1875,0.824999988,,22.6812496
2025-11-20 15:55:26,17.6812496,1065.9187,0.824999988,,
2025-11-20 15:55:27,17.6812496,1065.9187,0.600000024,,
2025-11-20 15:55:28,17.6812496,1066.40625,0.837499976,,
2025-11-20 15:55:29,17.6812496,1066.40625,0.837499976,,
2025-11-20 15:55:30,17.6812496,1066.8125,0.600000024,,22.6812496
2025-11-20 15:55:31,17.6812496,1068.11255,0.9375,,
2025-11-20 15:55:32,17.6812496,1068.11255,0.9375,,
2025-11-20 15:55:33,17.6812496,1068.5188,0.675000012,,
2025-11-20 15:55:34,17.6812496,1068.5188,0.675000012,,
2025-11-20 15:55:35,17.6812496,1068.5188,0.725000024,,22.6812496
2025-11-20 15:55:36,17.6812496,1071.52502,0.462500006,,
2025-11-20 15:55:37,17.6812496,1071.52502,0.462500006,,
2025-11-20 15:55:38,17.6812496,1071.6062,0.699999988,,
2025-11-20 15:55:39,17.6812496,1071.52502,0.649999976,,
2025-11-20 15:55:40,17.6812496,1071.52502,0.649999976,,22.6812496
2025-11-20 15:55:41,17.6812496,1072.5,0.587499976,,
2025-11-20 15:55:42,17.6812496,1072.5,0.587499976,,
2025-11-20 15:55:43,17.6812496,1074.0437,0.762499988,,
2025-11-20 15:55:44,17.6812496,1074.9375,0.875,,
2025-11-20 15:55:45,17.6812496,1074.9375,0.875,,22.6812496
2025-11-20 15:55:46,17.6812496,1075.50623,0.649999976,,
2025-11-20 15:55:47,17.6812496,1075.50623,0.649999976,,
2025-11-20 15:55:48,17.6812496,1076.5625,0.762499988,,
2025-11-20 15:55:49,17.6812496,1076.31873,0.899999976,,
2025-11-20 15:55:50,17.6812496,1076.31873,0.899999976,,22.6812496
2025-11-20 15:55:51,17.6812496,1078.43127,0.712499976,,
2025-11-20 15:55:52,17.6812496,1078.83752,0.887499988,,
2025-11-20 15:55:53,17.6812496,1078.83752,0.887499988,,
2025-11-20 15:55:54,17.6812496,1078.34998,0.787500024,,
2025-11-20 15:55:55,17.6812496,1079.0813,0.550000012,,22.6812496
2025-11-20 15:55:56,17.6812496,1079.0813,0.550000012,,
2025-11-20 15:55:57,17.6812496,1081.19373,0.5625,,
2025-11-20 15:55:58,17.6812496,1081.03125,0.449999988,,
2025-11-20 15:55:59,17.6812496,1083.9563,0.875,,
2025-11-20 15:56:00,17.6812496,1084.03748,0.662500024,,22.6812496
2025-11-20 15:56:01,17.6812496,1084.03748,0.662500024,,
2025-11-20 15:56:02,17.6812496,1084.03748,0.662500024,,
2025-11-20 15:56:03,17.6812496,1085.5,0.762499988,,
2025-11-20 15:56:04,17.6812496,1085.5,0.762499988,,
2025-11-20 15:56:05,17.6812496,1085.5,0.824999988,,22.6812496
2025-11-20 15:56:06,17.6812496,1085.25623,0.824999988,,
2025-11-20 15:56:07,17.6812496,1086.15002,0.8125,,
2025-11-20 15:56:08,17.6812496,1086.15002,0.8125,,
2025-11-20 15:56:09,17.6812496,1088.18127,0.912500024,,
2025-11-20 15:56:10,17.6812496,1088.18127,0.912500024,,22.6812496
2025-11-20 15:56:11,17.6812496,1088.75,0.675000012,,
2025-11-20 15:56:13,17.6812496,1088.42505,0.75,,
2025-11-20 15:56:14,17.6812496,1088.42505,0.75,,
2025-11-20 15:56:15,17.6812496,1089.80627,0.75,,22.6812496
2025-11-20 15:56:16,17.6812496,1089.80627,0.487500012,,
2025-11-20 15:56:17,17.6812496,1092.32495,0.8125,,
2025-11-20 15:56:18,17.6812496,1092.32495,0.8125,,
2025-11-20 15:56:19,17.6812496,1091.34998,0.574999988,,
2025-11-20 15:56:20,17.6812496,1091.67505,0.875,,22.6812496
2025-11-20 15:56:21,17.6812496,1091.67505,0.875,,
2025-11-20 15:56:22,17.6812496,1091.1062,0.612500012,,
2025-11-20 15:56:23,17.6812496,1091.1062,0.612500012,,
2025-11-20 15:56:24,17.6812496,1092.8125,0.712499976,,
2025-11-20 15:56:25,17.6812496,1092.8125,0.712499976,,22.6812496
2025-11-20 15:56:26,17.6812496,1094.59998,0.5625,,
2025-11-20 15:56:27,17.6812496,1094.59998,0.5625,,
2025-11-20 15:56:28,17.6812496,1096.7937,0.649999976,,
2025-11-20 15:56:29,17.6812496,1096.38745,0.912500024,,
2025-11-20 15:56:30,17.6812496,1097.44373,0.962499976,,22.6812496
2025-11-20 15:56:32,17.6812496,1098.09375,0.762499988,,
2025-11-20 15:56:33,17.6812496,1097.6875,0.699999988,,
2025-11-20 15:56:34,17.6812496,1097.19995,0.725000024,,
2025-11-20 15:56:35,17.6812496,1097.19995,0.725000024,,22.6812496
2025-11-20 15:56:36,17.6812496,1099.96252,0.762499988,,
2025-11-20 15:56:37,17.6812496,1099.96252,0.762499988,,
2025-11-20 15:56:38,17.6812496,1101.34375,0.75,,
2025-11-20 15:56:39,17.6812496,1100.61255,0.762499988,,
2025-11-20 15:56:40,17.6812496,1100.61255,0.762499988,,22.6812496
2025-11-20 15:56:41,17.6812496,1101.75,1.0,,
2025-11-20 15:56:42,17.6812496,1100.61255,0.600000024,,
2025-11-20 15:56:43,17.6812496,1100.61255,0.600000024,,
2025-11-20 15:56:44,17.6812496,1103.53748,0.824999988,,
2025-11-20 15:56:45,17.6812496,1102.6438,0.887499988,,22.6812496
2025-11-20 15:56:46,17.6812496,1102.6438,0.887499988,,
2025-11-20 15:56:47,17.6812496,1103.86255,0.800000012,,
2025-11-20 15:56:48,17.6812496,1104.1875,0.75,,
2025-11-20 15:56:49,17.6812496,1104.59375,0.6875,,
2025-11-20 15:56:50,17.6812496,1104.59375,0.6875,,22.6812496
2025-11-20 15:56:51,17.6812496,1104.59375,0.662500024,,
2025-11-20 15:56:52,17.6812496,1104.2688,0.725000024,,
2025-11-20 15:56:53,17.6812496,1104.2688,0.725000024,,
2025-11-20 15:56:54,17.6812496,1104.51245,0.662500024,,
2025-11-20 15:56:55,17.6812496,1104.51245,0.662500024,,22.6812496
2025-11-20 15:56:56,17.6812496,1105.40625,0.699999988,,
2025-11-20 15:56:57,17.6812496,1105.8938,0.612500012,,
2025-11-20 15:56:58,17.6812496,1106.38123,0.800000012,,
2025-11-20 15:56:59,17.6812496,1105.97498,0.824999988,,
2025-11-20 15:57:00,17.6812496,1105.97498,0.824999988,,22.6812496
2025-11-20 15:57:01,17.6812496,1106.78748,0.637499988,,
2025-11-20 15:57:02,17.6812496,1108.41248,0.712499976,,
2025-11-20 15:57:03,17.6812496,1107.76245,0.899999976,,
2025-11-20 15:57:04,17.6812496,1107.76245,0.899999976,,
2025-11-20 15:57:05,17.6812496,1108.1687,0.912500024,,22.6812496
2025-11-20 15:57:06,17.6812496,1108.1687,0.912500024,,
2025-11-20 15:57:07,17.6812496,1109.9563,0.574999988,,
2025-11-20 15:57:08,17.6812496,1109.9563,0.574999988,,
2025-11-20 15:57:09,17.6812496,1109.9563,0.737500012,,
2025-11-20 15:57:10,17.6812496,1109.1438,0.737500012,,22.6812496
2025-11-20 15:57:11,17.6812496,1110.93127,0.524999976,,
2025-11-20 15:57:12,17.6812496,1111.66248,0.837499976,,
2025-11-20 15:57:13,17.6812496,1111.66248,0.837499976,,
2025-11-20 15:57:14,17.6812496,1111.66248,0.662500024,,
2025-11-20 15:57:15,17.6812496,1111.5,0.662500024,,22.6812496
2025-11-20 15:57:16,17.6812496,1111.5,0.600000024,,
2025-11-20 15:57:17,17.6812496,1111.33752,0.600000024,,
2025-11-20 15:57:18,17.6812496,1110.52502,0.800000012,,
2025-11-20 15:57:19,17.6812496,1110.52502,0.800000012,,
2025-11-20 15:57:20,17.6812496,1110.6062,0.675000012,,22.6812496
2025-11-20 15:57:21,17.6812496,1110.6062,0.850000024,,
2025-11-20 15:57:22,17.6812496,1111.09375,0.875,,
2025-11-20 15:57:23,17.6812496,1111.09375,0.875,,
2025-11-20 15:57:24,17.6812496,1110.6062,0.774999976,,
2025-11-20 15:57:25,17.6812496,1110.93127,0.75,,22.6812496
2025-11-20 15:57:26,17.6812496,1110.93127,0.75,,
2025-11-20 15:57:27,17.6812496,1110.52502,0.887499988,,
2025-11-20 15:57:28,17.6812496,1110.52502,0.887499988,,
2025-11-20 15:57:29,17.6812496,1110.52502,0.962499976,,
2025-11-20 15:57:30,17.6812496,1110.52502,0.962499976,,22.6812496
2025-11-20 15:57:31,17.6812496,1113.2063,0.5625,,
2025-11-20 15:57:32,17.6812496,1112.88123,0.524999976,,
2025-11-20 15:57:33,17.6812496,1112.88123,0.524999976,,
2025-11-20 15:57:34,17.6812496,1113.36877,0.862500012,,
2025-11-20 15:57:35,17.6812496,1112.15002,1.01250005,,22.6812496
2025-11-20 15:57:36,17.6812496,1112.71875,0.675000012,,
2025-11-20 15:57:37,17.6812496,1111.98755,0.737500012,,
2025-11-20 15:57:38,17.6812496,1111.98755,0.737500012,,
2025-11-20 15:57:39,17.6812496,1112.47498,0.9375,,
2025-11-20 15:57:40,17.6812496,1112.47498,0.9375,,22.6812496
2025-11-20 15:57:41,17.6812496,1114.18127,0.6875,,
2025-11-20 15:57:42,17.6812496,1114.18127,0.6875,,
2025-11-20 15:57:43,17.6812496,1113.36877,0.862500012,,
2025-11-20 15:57:44,17.6812496,1114.0188,0.649999976,,
2025-11-20 15:57:45,17.6812496,1114.0188,0.649999976,,22.6812496
2025-11-20 15:57:46,17.6812496,1113.2063,0.550000012,,
2025-11-20 15:57:47,17.6812496,1114.75,0.850000024,,
2025-11-20 15:57:48,17.6812496,1114.75,0.850000024,,
2025-11-20 15:57:49,17.6812496,1114.75,0.850000024,,
2025-11-20 15:57:50,17.6812496,1113.61255,0.675000012,,22.6812496
2025-11-20 15:57:51,17.6812496,1113.61255,0.675000012,,
2025-11-20 15:57:52,17.6812496,1114.6687,0.649999976,,
2025-11-20 15:57:54,17.6812496,1114.6687,0.649999976,,
2025-11-20 15:57:55,17.6812496,1113.9375,0.662500024,,22.6812496
2025-11-20 15:57:56,17.6812496,1113.9375,0.662500024,,
2025-11-20 15:57:57,17.6812496,1113.125,0.75,,
2025-11-20 15:57:58,17.6812496,1113.125,0.75,,
2025-11-20 15:57:59,17.6812496,1113.61255,0.587499976,,
2025-11-20 15:58:00,17.6812496,1113.77502,1.0625,,22.6812496
2025-11-20 15:58:01,17.6812496,1113.77502,1.0625,,
2025-11-20 15:58:02,17.6812496,1113.8562,0.75,,
2025-11-20 15:58:03,17.6812496,1113.77502,0.550000012,,
2025-11-20 15:58:04,17.6812496,1113.77502,0.550000012,,
2025-11-20 15:58:05,17.6812496,1114.58752,0.675000012,,22.6812496
2025-11-20 15:58:06,17.6812496,1114.58752,0.675000012,,
2025-11-20 15:58:07,17.6812496,1115.6438,0.9375,,
2025-11-20 15:58:08,17.6812496,1115.6438,0.9375,,
2025-11-20 15:58:09,17.6812496,1115.6438,1.07500005,,
2025-11-20 15:58:10,17.6812496,1115.40002,0.699999988,,22.6812496
2025-11-20 15:58:11,17.6812496,1115.96875,0.787500024,,
2025-11-20 15:58:13,17.6812496,1116.2937,0.5,,
2025-11-20 15:58:14,17.6812496,1116.4563,0.962499976,,
2025-11-20 15:58:15,17.6812496,1116.4563,0.962499976,,22.6812496
2025-11-20 15:58:16,17.6812496,1115.40002,0.712499976,,
2025-11-20 15:58:17,17.6812496,1115.15625,0.762499988,,
2025-11-20 15:58:18,17.6812496,1115.40002,0.850000024,,
2025-11-20 15:58:19,17.6812496,1115.40002,0.850000024,,
2025-11-20 15:58:20,17.6812496,1116.2937,0.725000024,,22.6812496
2025-11-20 15:58:21,17.6812496,1115.88745,0.612500012,,
2025-11-20 15:58:22,17.6812496,1115.88745,0.612500012,,
2025-11-20 15:58:23,17.6812496,1115.88745,0.699999988,,
2025-11-20 15:58:24,17.6812496,1115.88745,0.699999988,,
2025-11-20 15:58:25,17.6812496,1117.1875,0.675000012,,22.6812496
2025-11-20 15:58:26,17.6812496,1117.02502,0.9375,,
2025-11-20 15:58:27,17.6812496,1117.02502,0.9375,,
2025-11-20 15:58:28,17.6812496,1116.2937,0.574999988,,
2025-11-20 15:58:29,17.6812496,1114.99377,0.912500024,,
2025-11-20 15:58:30,17.6812496,1117.1875,0.699999988,,22.6812496
2025-11-20 15:58:31,17.6812496,1116.375,0.600000024,,
2025-11-20 15:58:32,17.6812496,1116.375,0.600000024,,
2025-11-20 15:58:33,17.6812496,1116.21252,0.912500024,,
2025-11-20 15:58:34,17.6812496,1115.31873,0.949999988,,
2025-11-20 15:58:35,17.6812496,1115.31873,0.949999988,,22.6812496
2025-11-20 15:58:36,17.6812496,1116.53748,0.675000012,,
2025-11-20 15:58:37,17.6812496,1116.53748,0.675000012,,
2025-11-20 15:58:38,17.6812496,1115.5625,0.712499976,,
2025-11-20 15:58:39,17.6812496,1115.5625,0.712499976,,
2025-11-20 15:58:40,17.6812496,1115.96875,0.675000012,,22.6812496
2025-11-20 15:58:41,17.6812496,1115.96875,0.675000012,,
2025-11-20 15:58:42,17.6812496,1116.4563,0.612500012,,
2025-11-20 15:58:43,17.6812496,1115.4812,0.287499994,,
2025-11-20 15:58:44,17.6812496,1115.4812,0.287499994,,
2025-11-20 15:58:45,17.6812496,1116.05005,0.899999976,,22.6812496
2025-11-20 15:58:46,17.6812496,1116.05005,0.899999976,,
2025-11-20 15:58:47,17.6812496,1115.4812,0.800000012,,
2025-11-20 15:58:48,17.6812496,1115.4812,0.800000012,,
2025-11-20 15:58:49,17.6812496,1116.13123,0.637499988,,
2025-11-20 15:58:50,17.6812496,1115.5625,0.712499976,,22.6812496
2025-11-20 15:58:51,17.6812496,1115.5625,0.712499976,,
2025-11-20 15:58:52,17.6812496,1115.5625,0.875,,
2025-11-20 15:58:53,17.6812496,1114.91248,0.875,,
2025-11-20 15:58:54,17.6812496,1114.91248,0.699999988,,
2025-11-20 15:58:55,17.6812496,1114.09998,0.824999988,,22.6812496
2025-11-20 15:58:56,17.6812496,1114.09998,0.824999988,,
2025-11-20 15:58:57,17.6812496,1113.61255,0.787500024,,
2025-11-20 15:58:58,17.6812496,1114.18127,0.675000012,,
2025-11-20 15:58:59,17.6812496,1114.18127,0.675000012,,
2025-11-20 15:59:00,17.6812496,1114.58752,0.662500024,,22.6812496
2025-11-20 15:59:01,17.6812496,1114.58752,0.662500024,,
2025-11-20 15:59:02,17.6812496,1113.53125,0.787500024,,
2025-11-20 15:59:03,17.6812496,1114.0188,0.75,,
2025-11-20 15:59:04,17.6812496,1114.0188,0.75,,
2025-11-20 15:59:05,17.6812496,1113.77502,0.774999976,,22.6812496
2025-11-20 15:59:06,17.6812496,1113.77502,0.774999976,,
2025-11-20 15:59:07,17.6812496,1114.75,0.612500012,,
2025-11-20 15:59:08,17.6812496,1114.0188,0.850000024,,
2025-11-20 15:59:09,17.6812496,1114.0188,0.850000024,,
2025-11-20 15:59:10,17.6812496,1113.69373,0.824999988,,22.6812496
2025-11-20 15:59:11,17.6812496,1113.69373,0.824999988,,
2025-11-20 15:59:12,17.6812496,1113.77502,0.8125,,
2025-11-20 15:59:13,17.6812496,1113.77502,0.8125,,
2025-11-20 15:59:14,17.6812496,1112.71875,0.649999976,,
2025-11-20 15:59:15,17.6812496,1113.2063,0.699999988,,22.6812496
2025-11-20 15:59:16,17.6812496,1113.2063,0.699999988,,
2025-11-20 15:59:17,17.6812496,1112.55627,0.800000012,,
2025-11-20 15:59:18,17.6812496,1112.55627,0.800000012,,
2025-11-20 15:59:19,17.6812496,1112.2312,0.550000012,,
2025-11-20 15:59:20,17.6812496,1112.2312,0.550000012,,22.6812496
2025-11-20 15:59:21,17.6812496,1113.125,0.587499976,,
2025-11-20 15:59:22,17.6812496,1113.125,0.587499976,,
2025-11-20 15:59:23,17.6812496,1110.52502,0.949999988,,
2025-11-20 15:59:24,17.6812496,1110.52502,0.949999988,,
2025-11-20 15:59:25,17.6812496,1111.01245,0.725000024,,22.6812496
2025-11-20 15:59:26,17.6812496,1111.01245,0.725000024,,
2025-11-20 15:59:27,17.6812496,1111.25623,0.850000024,,
2025-11-20 15:59:28,17.6812496,1111.09375,0.887499988,,
2025-11-20 15:59:29,17.6812496,1111.74377,0.962499976,,
2025-11-20 15:59:30,17.6812496,1111.74377,0.962499976,,22.6812496
2025-11-20 15:59:32,17.6812496,1110.93127,0.6875,,
2025-11-20 15:59:33,17.6812496,1110.36255,0.9375,,
2025-11-20 15:59:34,17.6812496,1110.36255,0.9375,,
2025-11-20 15:59:35,17.6812496,1110.36255,1.13750005,,22.6812496
2025-11-20 15:59:36,17.6812496,1110.52502,1.13750005,,
2025-11-20 15:59:37,17.6812496,1111.4187,0.850000024,,
2025-11-20 15:59:38,17.6812496,1111.4187,0.850000024,,
2025-11-20 15:59:39,17.6812496,1110.84998,0.875,,
2025-11-20 15:59:40,17.6812496,1110.84998,0.875,,22.6812496
2025-11-20 15:59:41,17.6812496,1110.6875,1.22500002,,
2025-11-20 15:59:42,17.6812496,1110.6875,1.22500002,,
2025-11-20 15:59:43,17.6812496,1108.73755,0.862500012,,
2025-11-20 15:59:44,17.6812496,1108.73755,0.862500012,,
2025-11-20 15:59:45,17.6812496,1108.90002,0.862500012,,22.6812496
2025-11-20 15:59:46,17.6812496,1108.90002,0.862500012,,
2025-11-20 15:59:47,17.6812496,1108.65625,1.11249995,,
2025-11-20 15:59:48,17.6812496,1107.19373,18.9125004,,
2025-11-20 15:59:49,17.6812496,1107.19373,18.9125004,,
2025-11-20 15:59:50,17.6812496,1108.00623,31.2625008,,22.6812496
2025-11-20 15:59:51,17.6812496,1105.65002,31.25,,
2025-11-20 15:59:52,17.6812496,1105.65002,31.25,,
2025-11-20 15:59:53,17.6812496,1105.8938,31.3624992,,
2025-11-20 15:59:54,17.6812496,1106.5437,31.2625008,,
2025-11-20 15:59:55,17.6812496,1106.5437,31.2625008,,22.6812496
2025-11-20 15:59:56,17.6812496,1104.1875,31.1625004,,
2025-11-20 15:59:57,17.6812496,1104.1875,31.1625004,,
2025-11-20 15:59:58,17.6812496,1105.32495,31.3624992,,
2025-11-20 15:59:59,17.6812496,1105.32495,31.3624992,,
2025-11-20 16:00:00,17.6812496,1103.94373,31.2999992,,22.6812496
2025-11-20 16:00:01,17.6812496,1104.2688,31.2875004,,
2025-11-20 16:00:02,17.6812496,1104.51245,31.4874992,,
2025-11-20 16:00:03,17.6812496,1104.51245,31.4874992,,
2025-11-20 16:00:04,17.6812496,1104.83752,31.2999992,,
2025-11-20 16:00:05,17.6812496,1104.67505,31.0625,,22.6812496
2025-11-20 16:00:06,17.6812496,1104.34998,31.2875004,,
2025-11-20 16:00:07,17.6812496,1104.34998,31.2875004,,
2025-11-20 16:00:08,17.6812496,1103.4563,32.7249985,,
2025-11-20 16:00:09,17.6812496,1103.4563,32.7249985,,
2025-11-20 16:00:10,17.6812496,1103.05005,32.9124985,,22.6812496
2025-11-20 16:00:11,17.6812496,1100.69373,32.6624985,,
2025-11-20 16:00:12,17.6812496,1100.69373,32.6624985,,
2025-11-20 16:00:13,17.6812496,1101.26245,32.9000015,,
2025-11-20 16:00:14,17.6812496,1100.77502,33.0374985,,
2025-11-20 16:00:15,17.6812496,1100.77502,33.0374985,,22.6812496
2025-11-20 16:00:16,17.6812496,1101.0188,32.7000008,,
2025-11-20 16:00:17,17.6812496,1101.0188,32.7000008,,
2025-11-20 16:00:18,17.6812496,1098.98755,32.5875015,,
2025-11-20 16:00:19,17.6812496,1098.98755,32.5875015,,
2025-11-20 16:00:20,17.6812496,1099.2312,32.7874985,,22.6812496
2025-11-20 16:00:21,17.6812496,1097.6062,32.8125,,
2025-11-20 16:00:22,17.6812496,1097.6062,32.8125,,
2025-11-20 16:00:23,17.6812496,1097.7688,32.7999992,,
2025-11-20 16:00:24,17.6812496,1097.6062,32.6624985,,
2025-11-20 16:00:25,17.6812496,1097.6062,32.6624985,,22.6812496
2025-11-20 16:00:26,17.6812496,1097.6875,32.7625008,,
2025-11-20 16:00:27,17.6812496,1097.44373,32.4000015,,
2025-11-20 16:00:28,17.6812496,1097.44373,32.4000015,,
2025-11-20 16:00:29,17.6812496,1098.01245,32.8499985,,
2025-11-20 16:00:30,17.6812496,1096.63123,32.5,,22.6812496
2025-11-20 16:00:31,17.6812496,1095.9812,31.6625004,,
2025-11-20 16:00:32,17.6812496,1095.9812,31.6625004,,
2025-11-20 16:00:33,17.6812496,1094.92505,31.125,,
2025-11-20 16:00:34,17.6812496,1095.3313,31.1000004,,
2025-11-20 16:00:35,17.6812496,1095.3313,31.1000004,,22.6812496
2025-11-20 16:00:36,17.6812496,1093.05627,31.3374996,,
2025-11-20 16:00:37,17.6812496,1093.78748,30.9249992,,
2025-11-20 16:00:38,17.6812496,1092.0813,31.0750008,,
2025-11-20 16:00:39,17.6812496,1091.83752,31.4624996,,
2025-11-20 16:00:40,17.6812496,1090.86255,31.3125,,22.6812496
2025-11-20 16:00:41,17.6812496,1090.86255,31.3125,,
2025-11-20 16:00:42,17.6812496,1091.2688,31.3875008,,
2025-11-20 16:00:43,17.6812496,1092.24377,31.4624996,,
2025-11-20 16:00:44,17.6812496,1092.24377,31.4624996,,
2025-11-20 16:00:45,17.6812496,1092.24377,31.3875008,,22.6812496
2025-11-20 16:00:46,17.6812496,1089.40002,31.3875008,,
2025-11-20 16:00:47,17.6812496,1090.13123,31.2000008,,
2025-11-20 16:00:48,17.6812496,1090.13123,31.2000008,,
2025-11-20 16:00:49,17.6812496,1088.91248,30.875,,
2025-11-20 16:00:50,17.6812496,1088.91248,30.875,,22.6812496
2025-11-20 16:00:51,17.6812496,1087.8562,29.9375,,
2025-11-20 16:00:52,17.6812496,1087.8562,29.4249992,,
2025-11-20 16:00:53,17.6812496,1086.80005,28.8500004,,
2025-11-20 16:00:54,17.6812496,1086.3938,29.0874996,,
2025-11-20 16:00:55,17.6812496,1086.3938,29.0874996,,22.6812496
2025-11-20 16:00:56,17.6812496,1085.25623,29.2000008,,
2025-11-20 16:00:57,17.6812496,1085.17505,29.2999992,,
2025-11-20 16:00:58,17.6812496,1085.17505,29.2999992,,
2025-11-20 16:00:59,17.6812496,1085.74377,29.0499992,,
2025-11-20 16:01:00,17.6812496,1085.74377,29.0499992,,22.6812496
2025-11-20 16:01:01,17.6812496,1085.82495,29.4624996,,
2025-11-20 16:01:02,17.6812496,1084.84998,29.4500008,,
2025-11-20 16:01:03,17.6812496,1084.84998,29.4500008,,
2025-11-20 16:01:04,17.6812496,1084.11877,29.0125008,,
2025-11-20 16:01:05,17.6812496,1084.11877,29.0125008,,22.6812496
2025-11-20 16:01:06,17.6812496,1083.55005,29.2875004,,
2025-11-20 16:01:07,17.6812496,1083.55005,29.2875004,,
2025-11-20 16:01:08,17.6812496,1081.92505,28.9750004,,
2025-11-20 16:01:09,17.6812496,1081.4375,29.0874996,,
2025-11-20 16:01:10,17.6812496,1081.4375,29.0874996,,22.6812496
2025-11-20 16:01:11,17.6812496,1079.7312,26.9624996,,
2025-11-20 16:01:12,17.6812496,1079.65002,26.6124992,,
2025-11-20 16:01:13,17.6812496,1079.65002,26.6124992,,
2025-11-20 16:01:14,17.6812496,1080.21875,26.5750008,,
2025-11-20 16:01:15,17.6812496,1080.21875,26.5750008,,22.6812496
2025-11-20 16:01:17,17.6812496,1079.0,27.0249996,,
2025-11-20 16:01:18,17.6812496,1078.9187,26.8250008,,
2025-11-20 16:01:19,17.6812496,1078.9187,26.8250008,,
2025-11-20 16:01:20,17.6812496,1078.1875,26.7250004,,22.6812496
2025-11-20 16:01:21,17.6812496,1078.1875,26.7250004,,
2025-11-20 16:01:22,17.6812496,1079.0813,26.375,,
2025-11-20 16:01:23,17.6812496,1078.83752,26.6375008,,
2025-11-20 16:01:24,17.6812496,1078.67505,26.7000008,,
2025-11-20 16:01:25,17.6812496,1078.02502,26.7250004,,22.6812496
2025-11-20 16:01:26,17.6812496,1078.02502,26.7250004,,
2025-11-20 16:01:27,17.6812496,1078.2688,26.6749992,,
2025-11-20 16:01:28,17.6812496,1079.32495,26.6124992,,
2025-11-20 16:01:29,17.6812496,1079.32495,26.6124992,,
2025-11-20 16:01:30,17.6812496,1079.32495,26.6124992,,22.6812496
2025-11-20 16:01:31,17.6812496,1077.94373,26.6000004,,
2025-11-20 16:01:32,17.6812496,1079.0813,26.9249992,,
2025-11-20 16:01:33,17.6812496,1079.0813,26.9249992,,
2025-11-20 16:01:34,17.6812496,1079.24377,22.6000004,,
2025-11-20 16:01:35,17.6812496,1079.0813,22.6499996,,22.6812496
2025-11-20 16:01:36,17.6812496,1079.16248,22.5874996,,
2025-11-20 16:01:37,17.6812496,1079.0813,22.5874996,,
2025-11-20 16:01:38,17.6812496,1079.0813,22.8624992,,
2025-11-20 16:01:39,17.6812496,1079.24377,23.0125008,,
2025-11-20 16:01:40,17.6812496,1079.24377,23.0125008,,22.6812496
2025-11-20 16:01:41,17.6812496,1078.2688,22.75,,
2025-11-20 16:01:42,17.6812496,1079.0813,22.8624992,,
2025-11-20 16:01:43,17.6812496,1078.51245,22.7999992,,
2025-11-20 16:01:44,17.6812496,1078.51245,22.7999992,,
2025-11-20 16:01:45,17.6812496,1078.51245,22.8500004,,22.6812496
2025-11-20 16:01:46,17.6812496,1078.34998,22.8500004,,
2025-11-20 16:01:47,17.6812496,1079.48755,22.6749992,,
2025-11-20 16:01:48,17.6812496,1079.48755,22.6749992,,
2025-11-20 16:01:49,17.6812496,1079.48755,22.8374996,,
2025-11-20 16:01:50,17.6812496,1082.3313,22.8374996,,22.6812496
2025-11-20 16:01:51,17.6812496,1080.94995,22.8250008,,
2025-11-20 16:01:52,17.6812496,1080.94995,22.8250008,,
2025-11-20 16:01:53,17.6812496,1080.94995,19.5,,
2025-11-20 16:01:54,17.6812496,1083.71252,19.4375,,
2025-11-20 16:01:55,17.6812496,1083.71252,19.4375,,22.6812496
2025-11-20 16:01:56,17.6812496,1084.93127,19.1375008,,
2025-11-20 16:01:57,17.6812496,1084.93127,19.1375008,,
2025-11-20 16:01:58,17.6812496,1084.93127,19.1625004,,
2025-11-20 16:01:59,17.6812496,1084.93127,19.1625004,,
2025-11-20 16:02:00,17.6812496,1085.09375,19.0625,,22.6812496
2025-11-20 16:02:01,17.6812496,1084.84998,19.2250004,,
2025-11-20 16:02:02,17.6812496,1084.84998,19.2250004,,
2025-11-20 16:02:03,17.6812496,1086.80005,19.0499992,,
2025-11-20 16:02:04,17.6812496,1086.80005,19.0499992,,
2025-11-20 16:02:05,17.6812496,1087.8562,18.8999996,,22.6812496
2025-11-20 16:02:06,17.6812496,1087.8562,18.8999996,,
2025-11-20 16:02:07,17.6812496,1089.88745,19.2999992,,
2025-11-20 16:02:08,17.6812496,1089.88745,19.25,,
2025-11-20 16:02:09,17.6812496,1090.69995,19.25,,
2025-11-20 16:02:10,17.6812496,1090.69995,19.3125,,22.6812496
2025-11-20 16:02:11,17.6812496,1091.51245,19.1749992,,
2025-11-20 16:02:12,17.6812496,1091.51245,19.1749992,,
2025-11-20 16:02:13,17.6812496,1092.16248,16.7875004,,
2025-11-20 16:02:14,17.6812496,1092.16248,16.7875004,,
2025-11-20 16:02:15,17.6812496,1093.86877,16.3500004,,22.6812496
2025-11-20 16:02:16,17.6812496,1095.00623,16.4375,,
2025-11-20 16:02:17,17.6812496,1094.5188,16.6124992,,
2025-11-20 16:02:18,17.6812496,1094.5188,16.6124992,,
2025-11-20 16:02:19,17.6812496,1094.5188,16.375,,
2025-11-20 16:02:20,17.6812496,1097.6062,16.375,,22.6812496
2025-11-20 16:02:21,17.6812496,1097.6062,16.0874996,,
2025-11-20 16:02:22,17.6812496,1098.09375,16.0874996,,
2025-11-20 16:02:23,17.6812496,1098.66248,16.5625,,
2025-11-20 16:02:24,17.6812496,1098.66248,16.5625,,
2025-11-20 16:02:25,17.6812496,1099.96252,16.375,,22.6812496
2025-11-20 16:02:26,17.6812496,1099.06873,16.3500004,,
2025-11-20 16:02:27,17.6812496,1099.06873,16.3500004,,
2025-11-20 16:02:28,17.6812496,1100.9375,16.7000008,,
2025-11-20 16:02:29,17.6812496,1100.53125,16.3250008,,
2025-11-20 16:02:30,17.6812496,1100.53125,16.3250008,,22.6812496
2025-11-20 16:02:31,17.6812496,1103.69995,16.4375,,
2025-11-20 16:02:32,17.6812496,1105.0,16.3875008,,
2025-11-20 16:02:33,17.6812496,1105.24377,16.4375,,
2025-11-20 16:02:34,17.6812496,1104.51245,16.5375004,,
2025-11-20 16:02:35,17.6812496,1104.51245,16.5375004,,22.6812496
2025-11-20 16:02:36,17.6812496,1104.51245,13.2875004,,
2025-11-20 16:02:37,17.6812496,1104.51245,13.2875004,,
2025-11-20 16:02:38,17.6812496,1107.3562,12.5375004,,
2025-11-20 16:02:39,17.6812496,1108.1687,12.5124998,,
2025-11-20 16:02:40,17.6812496,1108.1687,12.5124998,,22.6812496
2025-11-20 16:02:41,17.6812496,1108.90002,11.0625,,
2025-11-20 16:02:42,17.6812496,1110.36255,10.5124998,,
2025-11-20 16:02:43,17.6812496,1110.36255,10.5124998,,
2025-11-20 16:02:44,17.6812496,1111.25623,10.6875,,
2025-11-20 16:02:45,17.6812496,1111.25623,10.6875,,22.6812496
2025-11-20 16:02:46,17.6812496,1110.52502,6.6875,,
2025-11-20 16:02:47,17.6812496,1111.66248,5.67500019,,
2025-11-20 16:02:48,17.6812496,1112.96252,5.63749981,,
2025-11-20 16:02:49,17.6812496,1112.96252,5.63749981,,
2025-11-20 16:02:50,17.6812496,1114.75,5.76249981,,22.6812496
2025-11-20 16:02:51,17.6812496,1114.75,5.76249981,,
2025-11-20 16:02:52,17.6812496,1113.61255,7.4749999,,
2025-11-20 16:02:53,17.6812496,1115.80627,7.8375001,,
2025-11-20 16:02:54,17.6812496,1115.80627,7.8375001,,
2025-11-20 16:02:55,17.6812496,1116.4563,7.6624999,,22.6812496
2025-11-20 16:02:57,17.6812496,1116.4563,7.6624999,,
2025-11-20 16:02:58,17.6812496,1117.1875,1.21249998,,
2025-11-20 16:02:59,17.6812496,1117.1875,1.21249998,,
2025-11-20 16:03:00,17.6812496,1117.1875,1.27499998,,22.6812496
2025-11-20 16:03:01,17.6812496,1117.51245,1.27499998,,
2025-11-20 16:03:02,17.6812496,1116.69995,0.550000012,,
2025-11-20 16:03:03,17.6812496,1116.69995,0.550000012,,
2025-11-20 16:03:04,17.6812496,1118.24377,0.75,,
2025-11-20 16:03:05,17.6812496,1118.24377,0.75,,22.6812496
2025-11-20 16:03:06,17.6812496,1121.08752,0.625,,
2025-11-20 16:03:07,17.6812496,1121.08752,0.625,,
2025-11-20 16:03:08,17.6812496,1123.11877,0.887499988,,
2025-11-20 16:03:09,17.6812496,1121.9812,0.737500012,,
2025-11-20 16:03:10,17.6812496,1121.9812,0.737500012,,22.6812496
2025-11-20 16:03:11,17.6812496,1123.84998,0.699999988,,
2025-11-20 16:03:12,17.6812496,1123.84998,0.699999988,,
2025-11-20 16:03:13,17.6812496,1124.74377,0.824999988,,
2025-11-20 16:03:14,17.6812496,1124.74377,0.824999988,,
2025-11-20 16:03:15,17.6812496,1124.66248,0.975000024,,22.6812496
2025-11-20 16:03:16,17.6812496,1124.74377,0.4375,,
2025-11-20 16:03:17,17.6812496,1124.74377,0.4375,,
2025-11-20 16:03:18,17.6812496,1124.66248,0.574999988,,
2025-11-20 16:03:19,17.6812496,1124.66248,0.574999988,,
2025-11-20 16:03:20,17.6812496,1125.3125,0.75,,22.6812496
2025-11-20 16:03:21,17.6812496,1125.3125,0.75,,
2025-11-20 16:03:22,17.6812496,1127.50623,0.725000024,,
2025-11-20 16:03:23,17.6812496,1127.50623,0.725000024,,
2025-11-20 16:03:24,17.6812496,1127.75,0.675000012,,
2025-11-20 16:03:25,17.6812496,1126.69373,0.787500024,,22.6812496
2025-11-20 16:03:26,17.6812496,1126.69373,0.787500024,,
2025-11-20 16:03:27,17.6812496,1126.77502,0.962499976,,
2025-11-20 16:03:28,17.6812496,1128.88745,0.899999976,,
2025-11-20 16:03:29,17.6812496,1128.88745,0.899999976,,
2025-11-20 16:03:30,17.6812496,1129.2937,0.737500012,,22.6812496
2025-11-20 16:03:31,17.6812496,1129.2937,0.737500012,,
2025-11-20 16:03:32,17.6812496,1130.1062,0.550000012,,
2025-11-20 16:03:33,17.6812496,1130.1062,0.550000012,,
2025-11-20 16:03:34,17.6812496,1130.59375,0.637499988,,
2025-11-20 16:03:35,17.6812496,1130.59375,0.637499988,,22.6812496
2025-11-20 16:03:36,17.6812496,1130.59375,0.925000012,,
2025-11-20 16:03:37,17.6812496,1130.1875,0.725000024,,
2025-11-20 16:03:38,17.6812496,1130.1875,0.725000024,,
2025-11-20 16:03:39,17.6812496,1130.51245,0.662500024,,
2025-11-20 16:03:40,17.6812496,1130.83752,0.787500024,,22.6812496
2025-11-20 16:03:41,17.6812496,1130.83752,0.787500024,,
2025-11-20 16:03:42,17.6812496,1130.75623,0.75,,
2025-11-20 16:03:43,17.6812496,1130.75623,0.75,,
2025-11-20 16:03:44,17.6812496,1131.40625,0.699999988,,
2025-11-20 16:03:45,17.6812496,1131.8938,0.912500024,,22.6812496
2025-11-20 16:03:46,17.6812496,1131.8938,0.912500024,,
2025-11-20 16:03:47,17.6812496,1132.30005,0.912500024,,
2025-11-20 16:03:48,17.6812496,1132.30005,0.537500024,,
2025-11-20 16:03:49,17.6812496,1134.3313,0.662500024,,
2025-11-20 16:03:50,17.6812496,1133.19373,0.587499976,,22.6812496
2025-11-20 16:03:51,17.6812496,1133.19373,0.587499976,,
2025-11-20 16:03:52,17.6812496,1133.3562,0.600000024,,
2025-11-20 16:03:53,17.6812496,1133.3562,0.75,,
2025-11-20 16:03:54,17.6812496,1135.55005,0.75,,
2025-11-20 16:03:55,17.6812496,1135.30627,0.574999988,,22.6812496
2025-11-20 16:03:56,17.6812496,1135.38745,0.875,,
2025-11-20 16:03:57,17.6812496,1135.38745,0.875,,
2025-11-20 16:03:58,17.6812496,1134.90002,0.600000024,,
2025-11-20 16:03:59,17.6812496,1134.90002,0.600000024,,
2025-11-20 16:04:00,17.6812496,1134.90002,0.787500024,,22.6812496
2025-11-20 16:04:01,17.6812496,1137.17505,0.774999976,,
2025-11-20 16:04:02,17.6812496,1137.17505,0.774999976,,
2025-11-20 16:04:03,17.6812496,1137.17505,0.824999988,,
2025-11-20 16:04:04,17.6812496,1136.93127,0.824999988,,
2025-11-20 16:04:05,17.6812496,1136.93127,0.612500012,,22.6812496
2025-11-20 16:04:06,17.6812496,1136.6062,0.612500012,,
2025-11-20 16:04:07,17.6812496,1137.33752,0.800000012,,
2025-11-20 16:04:08,17.6812496,1137.33752,0.800000012,,
2025-11-20 16:04:09,17.6812496,1136.84998,0.762499988,,
2025-11-20 16:04:10,17.6812496,1136.84998,0.762499988,,22.6812496
2025-11-20 16:04:11,17.6812496,1136.28125,0.512499988,,
2025-11-20 16:04:12,17.6812496,1136.6062,0.837499976,,
2025-11-20 16:04:13,17.6812496,1136.6875,0.675000012,,
2025-11-20 16:04:14,17.6812496,1136.93127,0.637499988,,
2025-11-20 16:04:15,17.6812496,1136.93127,0.637499988,,22.6812496
2025-11-20 16:04:16,17.6812496,1136.44373,0.774999976,,
2025-11-20 16:04:17,17.6812496,1137.17505,0.8125,,
2025-11-20 16:04:18,17.6812496,1136.6875,0.824999988,,
2025-11-20 16:04:19,17.6812496,1136.6875,0.824999988,,
2025-11-20 16:04:20,17.6812496,1137.25623,1.11249995,,22.6812496
2025-11-20 16:04:21,17.6812496,1137.25623,1.11249995,,
2025-11-20 16:04:22,17.6812496,1136.36255,0.662500024,,
2025-11-20 16:04:23,17.6812496,1137.4187,1.11249995,,
2025-11-20 16:04:24,17.6812496,1137.4187,1.11249995,,
2025-11-20 16:04:25,17.6812496,1137.4187,0.512499988,,22.6812496
2025-11-20 16:04:26,17.6812496,1137.4187,0.512499988,,
2025-11-20 16:04:27,17.6812496,1136.6875,0.600000024,,
2025-11-20 16:04:28,17.6812496,1137.5,1.10000002,,
2025-11-20 16:04:29,17.6812496,1137.5,1.10000002,,
2025-11-20 16:04:30,17.6812496,1137.25623,1.08749998,,22.6812496
2025-11-20 16:04:31,17.6812496,1136.6875,0.675000012,,
2025-11-20 16:04:33,17.6812496,1136.6875,0.675000012,,
2025-11-20 16:04:34,17.6812496,1137.82495,0.675000012,,
2025-11-20 16:04:35,17.6812496,1138.2312,0.737500012,,22.6812496
2025-11-20 16:04:36,17.6812496,1138.2312,0.737500012,,
2025-11-20 16:04:37,17.6812496,1137.98755,0.587499976,,
2025-11-20 16:04:38,17.6812496,1137.98755,0.587499976,,
2025-11-20 16:04:39,17.6812496,1138.88123,0.762499988,,
2025-11-20 16:04:40,17.6812496,1138.71875,0.512499988,,22.6812496
2025-11-20 16:04:41,17.6812496,1138.88123,0.6875,,
2025-11-20 16:04:42,17.6812496,1138.88123,0.6875,,
2025-11-20 16:04:43,17.6812496,1138.2312,0.8125,,
2025-11-20 16:04:44,17.6812496,1138.2312,0.8125,,
2025-11-20 16:04:45,17.6812496,1138.3938,0.712499976,,22.6812496
2025-11-20 16:04:46,17.6812496,1138.06873,0.550000012,,
2025-11-20 16:04:47,17.6812496,1138.06873,0.550000012,,
2025-11-20 16:04:48,17.6812496,1138.2312,0.425000012,,
2025-11-20 16:04:49,17.6812496,1138.2312,0.4375,,
2025-11-20 16:04:50,17.6812496,1139.0437,0.4375,,22.6812496
2025-11-20 16:04:51,17.6812496,1139.0437,0.737500012,,
2025-11-20 16:04:52,17.6812496,1139.77502,0.662500024,,
2025-11-20 16:04:53,17.6812496,1139.77502,0.662500024,,
2025-11-20 16:04:54,17.6812496,1138.3125,0.637499988,,
2025-11-20 16:04:55,17.6812496,1139.77502,1.04999995,,22.6812496
2025-11-20 16:04:56,17.6812496,1139.8562,0.625,,
2025-11-20 16:04:57,17.6812496,1139.8562,0.625,,
2025-11-20 16:04:58,17.6812496,1139.61255,0.675000012,,
2025-11-20 16:04:59,17.6812496,1139.61255,0.675000012,,
2025-11-20 16:05:00,17.6812496,1140.58752,0.850000024,,22.6812496
2025-11-20 16:05:01,17.6812496,1140.09998,0.787500024,,
2025-11-20 16:05:02,17.6812496,1140.18127,0.899999976,,
2025-11-20 16:05:03,17.6812496,1140.18127,0.899999976,,
2025-11-20 16:05:04,17.6812496,1140.18127,0.899999976,,
2025-11-20 16:05:05,17.6812496,1138.06873,0.8125,,22.6812496
2025-11-20 16:05:06,17.6812496,1138.06873,0.8125,,
2025-11-20 16:05:07,17.6812496,1137.82495,0.574999988,,
2025-11-20 16:05:08,17.6812496,1137.82495,0.574999988,,
2025-11-20 16:05:09,17.6812496,1138.15002,0.699999988,,
2025-11-20 16:05:10,17.6812496,1138.15002,0.699999988,,22.6812496
2025-11-20 16:05:11,17.6812496,1137.98755,0.762499988,,
2025-11-20 16:05:12,17.6812496,1137.98755,0.762499988,,
2025-11-20 16:05:13,17.6812496,1138.3938,0.787500024,,
2025-11-20 16:05:14,17.6812496,1138.3938,0.787500024,,
2025-11-20 16:05:15,17.6812496,1138.80005,0.800000012,,22.6812496
2025-11-20 16:05:16,17.6812496,1138.3938,0.675000012,,
2025-11-20 16:05:17,17.6812496,1138.3938,0.675000012,,
2025-11-20 16:05:18,17.6812496,1139.125,0.800000012,,
2025-11-20 16:05:19,17.6812496,1139.125,0.800000012,,
2025-11-20 16:05:20,17.6812496,1137.82495,0.637499988,,22.6812496
2025-11-20 16:05:21,17.6812496,1137.82495,0.637499988,,
2025-11-20 16:05:22,17.6812496,1139.0437,0.637499988,,
2025-11-20 16:05:23,17.6812496,1137.82495,0.6875,,
2025-11-20 16:05:24,17.6812496,1137.82495,0.6875,,
2025-11-20 16:05:25,17.6812496,1138.71875,0.6875,,22.6812496
2025-11-20 16:05:26,17.6812496,1138.71875,0.6875,,
2025-11-20 16:05:27,17.6812496,1138.15002,0.587499976,,
2025-11-20 16:05:28,17.6812496,1138.15002,0.587499976,,
2025-11-20 16:05:29,17.6812496,1137.25623,0.662500024,,
2025-11-20 16:05:30,17.6812496,1137.25623,0.662500024,,22.6812496
2025-11-20 16:05:31,17.6812496,1137.25623,0.9375,,
2025-11-20 16:05:32,17.6812496,1137.25623,0.75,,
2025-11-20 16:05:33,17.6812496,1137.25623,0.75,,
2025-11-20 16:05:34,17.6812496,1137.33752,0.837499976,,
2025-11-20 16:05:35,17.6812496,1136.6875,0.725000024,,22.6812496
2025-11-20 16:05:36,17.6812496,1136.6875,0.725000024,,
2025-11-20 16:05:37,17.6812496,1136.6875,0.574999988,,
2025-11-20 16:05:38,17.6812496,1136.6875,0.574999988,,
2025-11-20 16:05:39,17.6812496,1136.6875,0.662500024,,
2025-11-20 16:05:40,17.6812496,1137.25623,0.574999988,,22.6812496
2025-11-20 16:05:41,17.6812496,1137.25623,0.574999988,,
2025-11-20 16:05:42,17.6812496,1136.36255,0.762499988,,
2025-11-20 16:05:43,17.6812496,1136.36255,0.762499988,,
2025-11-20 16:05:44,17.6812496,1137.09375,0.550000012,,
2025-11-20 16:05:45,17.6812496,1137.09375,0.550000012,,22.6812496
2025-11-20 16:05:46,17.6812496,1136.6875,0.75,,
2025-11-20 16:05:47,17.6812496,1137.4187,0.75,,
2025-11-20 16:05:48,17.6812496,1137.4187,0.787500024,,
2025-11-20 16:05:49,17.6812496,1136.52502,0.787500024,,
2025-11-20 16:05:50,17.6812496,1137.17505,0.787500024,,22.6812496
2025-11-20 16:05:51,17.6812496,1137.17505,0.774999976,,
2025-11-20 16:05:52,17.6812496,1136.84998,0.774999976,,
2025-11-20 16:05:53,17.6812496,1137.4187,0.8125,,
2025-11-20 16:05:54,17.6812496,1137.4187,0.8125,,
2025-11-20 16:05:55,17.6812496,1135.38745,0.425000012,,22.6812496
2025-11-20 16:05:56,17.6812496,1135.38745,0.425000012,,
2025-11-20 16:05:57,17.6812496,1135.0625,0.675000012,,
2025-11-20 16:05:58,17.6812496,1135.71252,0.737500012,,
2025-11-20 16:05:59,17.6812496,1135.71252,0.737500012,,
2025-11-20 16:06:00,17.6812496,1134.3313,0.8125,,22.6812496
2025-11-20 16:06:01,17.6812496,1134.3313,0.8125,,
2025-11-20 16:06:02,17.6812496,1134.3313,0.574999988,,
2025-11-20 16:06:03,17.6812496,1133.4375,0.574999988,,
2025-11-20 16:06:04,17.6812496,1134.00623,0.462500006,,
2025-11-20 16:06:05,17.6812496,1134.00623,0.462500006,,22.6812496
2025-11-20 16:06:06,17.6812496,1132.30005,0.675000012,,
2025-11-20 16:06:07,17.6812496,1132.30005,0.675000012,,
2025-11-20 16:06:08,17.6812496,1132.05627,0.699999988,,
2025-11-20 16:06:09,17.6812496,1131.40625,0.637499988,,
2025-11-20 16:06:10,17.6812496,1131.0813,0.762499988,,22.6812496
2025-11-20 16:06:11,17.6812496,1131.0813,0.762499988,,
2025-11-20 16:06:12,17.6812496,1130.34998,0.75,,
2025-11-20 16:06:13,17.6812496,1130.34998,0.75,,
2025-11-20 16:06:15,17.6812496,1129.94373,0.425000012,,22.6812496
2025-11-20 16:06:16,17.6812496,1129.94373,0.425000012,,
2025-11-20 16:06:17,17.6812496,1130.59375,0.800000012,,
2025-11-20 16:06:18,17.6812496,1129.94373,0.6875,,
2025-11-20 16:06:19,17.6812496,1129.94373,0.6875,,
2025-11-20 16:06:20,17.6812496,1130.51245,0.699999988,,22.6812496
2025-11-20 16:06:21,17.6812496,1130.2688,0.699999988,,
2025-11-20 16:06:22,17.6812496,1130.2688,0.5,,
2025-11-20 16:06:23,17.6812496,1128.72498,0.5,,
2025-11-20 16:06:24,17.6812496,1128.72498,0.725000024,,
2025-11-20 16:06:25,17.6812496,1129.05005,0.725000024,,22.6812496
2025-11-20 16:06:26,17.6812496,1127.09998,0.587499976,,
2025-11-20 16:06:27,17.6812496,1126.8562,0.899999976,,
2025-11-20 16:06:28,17.6812496,1126.8562,0.899999976,,
2025-11-20 16:06:29,17.6812496,1126.53125,0.649999976,,
2025-11-20 16:06:30,17.6812496,1125.3125,0.774999976,,22.6812496
2025-11-20 16:06:32,17.6812496,1125.55627,0.524999976,,
2025-11-20 16:06:33,17.6812496,1125.55627,0.524999976,,
2025-11-20 16:06:34,17.6812496,1124.66248,0.637499988,,
2025-11-20 16:06:35,17.6812496,1124.66248,0.637499988,,22.6812496
2025-11-20 16:06:36,17.6812496,1124.90625,1.13750005,,
2025-11-20 16:06:37,17.6812496,1123.6875,0.850000024,,
2025-11-20 16:06:38,17.6812496,1123.6875,0.850000024,,
2025-11-20 16:06:39,17.6812496,1123.28125,0.912500024,,
2025-11-20 16:06:40,17.6812496,1123.28125,0.912500024,,22.6812496
2025-11-20 16:06:41,17.6812496,1122.875,0.637499988,,
2025-11-20 16:06:42,17.6812496,1122.875,0.637499988,,
2025-11-20 16:06:43,17.6812496,1122.1438,0.787500024,,
2025-11-20 16:06:44,17.6812496,1120.11255,0.6875,,
2025-11-20 16:06:45,17.6812496,1120.11255,0.6875,,22.6812496
2025-11-20 16:06:46,17.6812496,1120.5188,0.425000012,,
2025-11-20 16:06:47,17.6812496,1120.5188,0.425000012,,
2025-11-20 16:06:48,17.6812496,1118.8125,0.612500012,,
2025-11-20 16:06:49,17.6812496,1118.8125,0.612500012,,
2025-11-20 16:06:50,17.6812496,1117.9187,0.625,,22.6812496
2025-11-20 16:06:51,17.6812496,1117.9187,0.625,,
2025-11-20 16:06:52,17.6812496,1116.86255,1.14999998,,
2025-11-20 16:06:53,17.6812496,1118.0,0.975000024,,
2025-11-20 16:06:54,17.6812496,1118.0,0.975000024,,
2025-11-20 16:06:55,17.6812496,1117.02502,1.10000002,,22.6812496
2025-11-20 16:06:56,17.6812496,1117.9187,0.762499988,,
2025-11-20 16:06:57,17.6812496,1117.9187,0.762499988,,
2025-11-20 16:06:58,17.6812496,1115.31873,0.887499988,,
2025-11-20 16:06:59,17.6812496,1114.75,0.725000024,,
2025-11-20 16:07:00,17.6812496,1114.75,0.725000024,,22.6812496
2025-11-20 16:07:01,17.6812496,1114.75,0.6875,,
2025-11-20 16:07:02,17.6812496,1113.8562,0.612500012,,
2025-11-20 16:07:03,17.6812496,1113.8562,0.612500012,,
2025-11-20 16:07:04,17.6812496,1112.06873,0.524999976,,
2025-11-20 16:07:05,17.6812496,1112.06873,0.524999976,,22.6812496
2025-11-20 16:07:06,17.6812496,1110.93127,0.5625,,
2025-11-20 16:07:07,17.6812496,1110.36255,0.962499976,,
2025-11-20 16:07:08,17.6812496,1110.36255,0.962499976,,
2025-11-20 16:07:09,17.6812496,1111.66248,0.675000012,,
2025-11-20 16:07:10,17.6812496,1110.84998,0.800000012,,22.6812496
2025-11-20 16:07:11,17.6812496,1110.84998,0.800000012,,
2025-11-20 16:07:12,17.6812496,1110.36255,0.662500024,,
2025-11-20 16:07:13,17.6812496,1110.36255,0.662500024,,
2025-11-20 16:07:14,17.6812496,1108.9812,0.699999988,,
2025-11-20 16:07:15,17.6812496,1108.9812,0.699999988,,22.6812496
2025-11-20 16:07:16,17.6812496,1108.9812,0.699999988,,
2025-11-20 16:07:17,17.6812496,1108.00623,0.925000012,,
2025-11-20 16:07:18,17.6812496,1108.00623,0.925000012,,
2025-11-20 16:07:19,17.6812496,1106.7063,0.387499988,,
2025-11-20 16:07:20,17.6812496,1106.7063,0.387499988,,22.6812496
2025-11-20 16:07:21,17.6812496,1105.0813,0.8125,,
2025-11-20 16:07:22,17.6812496,1105.0813,0.8125,,
2025-11-20 16:07:23,17.6812496,1104.51245,1.0625,,
2025-11-20 16:07:24,17.6812496,1104.51245,1.0625,,
2025-11-20 16:07:25,17.6812496,1104.51245,0.550000012,,22.6812496
2025-11-20 16:07:26,17.6812496,1104.83752,0.587499976,,
2025-11-20 16:07:27,17.6812496,1103.2937,0.699999988,,
2025-11-20 16:07:28,17.6812496,1102.72498,1.22500002,,
2025-11-20 16:07:29,17.6812496,1102.72498,1.22500002,,
2025-11-20 16:07:30,17.6812496,1101.0188,0.962499976,,22.6812496
2025-11-20 16:07:31,17.6812496,1100.69373,0.9375,,
2025-11-20 16:07:32,17.6812496,1100.69373,0.9375,,
2025-11-20 16:07:33,17.6812496,1101.58752,1.0625,,
2025-11-20 16:07:34,17.6812496,1100.2063,0.912500024,,
2025-11-20 16:07:35,17.6812496,1100.2063,0.912500024,,22.6812496
2025-11-20 16:07:36,17.6812496,1098.5,0.862500012,,
2025-11-20 16:07:37,17.6812496,1098.5,0.862500012,,
2025-11-20 16:07:38,17.6812496,1097.52502,1.22500002,,
2025-11-20 16:07:39,17.6812496,1097.52502,1.22500002,,
2025-11-20 16:07:40,17.6812496,1098.01245,0.800000012,,22.6812496
2025-11-20 16:07:41,17.6812496,1098.01245,0.800000012,,
2025-11-20 16:07:42,17.6812496,1095.9812,0.612500012,,
2025-11-20 16:07:43,17.6812496,1095.9812,0.612500012,,
2025-11-20 16:07:44,17.6812496,1093.86877,0.875,,
2025-11-20 16:07:45,17.6812496,1095.1687,0.837499976,,22.6812496
2025-11-20 16:07:46,17.6812496,1095.1687,0.837499976,,
2025-11-20 16:07:47,17.6812496,1092.7312,23.9125004,,
2025-11-20 16:07:48,17.6812496,1092.16248,26.9874992,,
2025-11-20 16:07:49,17.6812496,1092.16248,26.9874992,,
2025-11-20 16:07:50,17.6812496,1091.1062,26.6625004,,22.6812496
2025-11-20 16:07:51,17.6812496,1091.1062,26.6625004,,
2025-11-20 16:07:53,17.6812496,1092.24377,26.5499992,,
2025-11-20 16:07:54,17.6812496,1092.0813,26.5499992,,
2025-11-20 16:07:55,17.6812496,1092.0813,26.6124992,,22.6812496
2025-11-20 16:07:56,17.6812496,1089.88745,26.6124992,,
2025-11-20 16:07:57,17.6812496,1089.88745,26.6124992,,
2025-11-20 16:07:58,17.6812496,1088.18127,26.7749996,,
2025-11-20 16:07:59,17.6812496,1088.18127,26.7749996,,
2025-11-20 16:08:00,17.6812496,1088.09998,26.7875004,,22.6812496
2025-11-20 16:08:01,17.6812496,1087.36877,26.75,,
2025-11-20 16:08:02,17.6812496,1087.36877,26.75,,
2025-11-20 16:08:03,17.6812496,1084.6875,26.4750004,,
2025-11-20 16:08:04,17.6812496,1084.6875,26.4750004,,
2025-11-20 16:08:05,17.6812496,1084.84998,26.875,,22.6812496
2025-11-20 16:08:06,17.6812496,1085.82495,26.6749992,,
2025-11-20 16:08:07,17.6812496,1085.82495,26.6749992,,
2025-11-20 16:08:08,17.6812496,1085.33752,25.2374992,,
2025-11-20 16:08:09,17.6812496,1085.66248,25.0625,,
2025-11-20 16:08:10,17.6812496,1085.66248,25.0625,,22.6812496
2025-11-20 16:08:11,17.6812496,1084.44373,25.0874996,,
2025-11-20 16:08:12,17.6812496,1084.44373,25.0874996,,
2025-11-20 16:08:13,17.6812496,1083.55005,25.2374992,,
2025-11-20 16:08:14,17.6812496,1083.55005,25.2374992,,
2025-11-20 16:08:15,17.6812496,1081.4375,25.3500004,,22.6812496
2025-11-20 16:08:16,17.6812496,1081.92505,25.3875008,,
2025-11-20 16:08:17,17.6812496,1081.92505,25.3875008,,
2025-11-20 16:08:18,17.6812496,1079.8938,25.1875,,
2025-11-20 16:08:19,17.6812496,1080.46252,25.1000004,,
2025-11-20 16:08:20,17.6812496,1080.46252,25.1000004,,22.6812496
2025-11-20 16:08:21,17.6812496,1078.34998,25.1875,,
2025-11-20 16:08:22,17.6812496,1078.34998,25.1875,,
2025-11-20 16:08:23,17.6812496,1078.59375,24.9874992,,
2025-11-20 16:08:24,17.6812496,1078.59375,24.9874992,,
2025-11-20 16:08:25,17.6812496,1078.51245,25.2999992,,22.6812496
2025-11-20 16:08:26,17.6812496,1078.1062,25.0750008,,
2025-11-20 16:08:27,17.6812496,1078.2688,21.1875,,
2025-11-20 16:08:28,17.6812496,1078.2688,21.1875,,
2025-11-20 16:08:29,17.6812496,1079.24377,20.7625008,,
2025-11-20 16:08:30,17.6812496,1079.24377,20.7625008,,22.6812496
2025-11-20 16:08:31,17.6812496,1078.51245,20.6625004,,
2025-11-20 16:08:32,17.6812496,1078.51245,20.6625004,,
2025-11-20 16:08:33,17.6812496,1079.32495,20.875,,
2025-11-20 16:08:34,17.6812496,1079.32495,20.875,,
2025-11-20 16:08:35,17.6812496,1078.02502,20.9624996,,22.6812496
2025-11-20 16:08:36,17.6812496,1077.53748,20.7875004,,
2025-11-20 16:08:37,17.6812496,1077.2937,21.0125008,,
2025-11-20 16:08:38,17.6812496,1076.96875,20.8374996,,
2025-11-20 16:08:39,17.6812496,1076.96875,20.8374996,,
2025-11-20 16:08:40,17.6812496,1076.80627,20.8999996,,22.6812496
2025-11-20 16:08:41,17.6812496,1076.5625,20.9500008,,
2025-11-20 16:08:42,17.6812496,1076.5625,20.9500008,,
2025-11-20 16:08:43,17.6812496,1075.91248,21.0750008,,
2025-11-20 16:08:44,17.6812496,1075.42505,21.0249996,,
2025-11-20 16:08:45,17.6812496,1075.42505,21.0249996,,22.6812496
2025-11-20 16:08:46,17.6812496,1075.91248,17.8374996,,
2025-11-20 16:08:47,17.6812496,1075.91248,17.8374996,,
2025-11-20 16:08:48,17.6812496,1074.69373,17.2749996,,
2025-11-20 16:08:49,17.6812496,1075.75,17.2124996,,
2025-11-20 16:08:50,17.6812496,1075.75,17.2124996,,22.6812496
2025-11-20 16:08:51,17.6812496,1075.75,17.375,,
2025-11-20 16:08:52,17.6812496,1075.42505,17.4249992,,
2025-11-20 16:08:53,17.6812496,1075.42505,17.4249992,,
2025-11-20 16:08:54,17.6812496,1075.75,17.2999992,,
2025-11-20 16:08:55,17.6812496,1075.0188,17.3250008,,22.6812496
2025-11-20 16:08:56,17.6812496,1075.0188,17.3250008,,
2025-11-20 16:08:57,17.6812496,1074.8562,17.6000004,,
2025-11-20 16:08:58,17.6812496,1075.18127,17.5750008,,
2025-11-20 16:08:59,17.6812496,1075.18127,17.5750008,,
2025-11-20 16:09:00,17.6812496,1075.42505,17.3624992,,22.6812496
2025-11-20 16:09:01,17.6812496,1075.42505,17.3624992,,
2025-11-20 16:09:02,17.6812496,1075.99377,17.5750008,,
2025-11-20 16:09:03,17.6812496,1075.26245,17.3250008,,
2025-11-20 16:09:04,17.6812496,1075.26245,17.3250008,,
2025-11-20 16:09:05,17.6812496,1074.8562,17.4500008,,22.6812496
2025-11-20 16:09:06,17.6812496,1075.42505,12.7250004,,
2025-11-20 16:09:07,17.6812496,1075.42505,12.7250004,,
2025-11-20 16:09:08,17.6812496,1075.42505,12.6000004,,
2025-11-20 16:09:09,17.6812496,1075.34375,12.6000004,,
2025-11-20 16:09:10,17.6812496,1075.34375,12.6000004,,22.6812496
2025-11-20 16:09:11,17.6812496,1075.34375,12.7250004,,
2025-11-20 16:09:12,17.6812496,1075.75,12.8125,,
2025-11-20 16:09:13,17.6812496,1075.6687,12.4499998,,
2025-11-20 16:09:14,17.6812496,1075.6687,12.4499998,,
2025-11-20 16:09:15,17.6812496,1075.6687,12.3625002,,22.6812496
2025-11-20 16:09:16,17.6812496,1075.91248,12.5124998,,
2025-11-20 16:09:17,17.6812496,1074.77502,12.3125,,
2025-11-20 16:09:18,17.6812496,1074.77502,12.3125,,
2025-11-20 16:09:19,17.6812496,1075.8313,12.6625004,,
2025-11-20 16:09:20,17.6812496,1075.8313,12.6625004,,22.6812496
2025-11-20 16:09:21,17.6812496,1075.18127,12.7250004,,
2025-11-20 16:09:22,17.6812496,1074.53125,12.5249996,,
2025-11-20 16:09:23,17.6812496,1074.53125,12.5249996,,
2025-11-20 16:09:24,17.6812496,1075.34375,12.5375004,,
2025-11-20 16:09:25,17.6812496,1075.99377,12.5749998,,22.6812496
2025-11-20 16:09:26,17.6812496,1075.99377,12.5749998,,
2025-11-20 16:09:27,17.6812496,1075.34375,11.5625,,
2025-11-20 16:09:28,17.6812496,1075.8313,11.125,,
2025-11-20 16:09:29,17.6812496,1076.15625,11.5375004,,
2025-11-20 16:09:30,17.6812496,1076.15625,11.5375004,,22.6812496
2025-11-20 16:09:31,17.6812496,1075.91248,11.2875004,,
2025-11-20 16:09:32,17.6812496,1074.77502,11.7124996,,
2025-11-20 16:09:33,17.6812496,1075.09998,11.1750002,,
2025-11-20 16:09:34,17.6812496,1075.09998,11.1750002,,
2025-11-20 16:09:35,17.6812496,1075.50623,11.3125,,22.6812496
2025-11-20 16:09:37,17.6812496,1074.61255,11.3125,,
2025-11-20 16:09:38,17.6812496,1074.61255,11.3374996,,
2025-11-20 16:09:39,17.6812496,1075.91248,11.5500002,,
2025-11-20 16:09:40,17.6812496,1075.34375,11.1000004,,22.6812496
2025-11-20 16:09:41,17.6812496,1075.34375,11.1000004,,
2025-11-20 16:09:42,17.6812496,1075.18127,11.3000002,,
2025-11-20 16:09:43,17.6812496,1075.18127,11.3000002,,
2025-11-20 16:09:44,17.6812496,1077.21252,11.4624996,,
2025-11-20 16:09:45,17.6812496,1077.21252,11.4624996,,22.6812496
2025-11-20 16:09:46,17.6812496,1077.05005,11.6000004,,
2025-11-20 16:09:47,17.6812496,1077.05005,11.6000004,,
2025-11-20 16:09:48,17.6812496,1076.40002,11.5375004,,
2025-11-20 16:09:49,17.6812496,1076.40002,11.5375004,,
2025-11-20 16:09:50,17.6812496,1077.13123,11.6125002,,22.6812496
2025-11-20 16:09:51,17.6812496,1077.13123,11.6125002,,
2025-11-20 16:09:52,17.6812496,1077.13123,11.4750004,,
2025-11-20 16:09:53,17.6812496,1079.0,11.4750004,,
2025-11-20 16:09:54,17.6812496,1079.0,17.0249996,,
2025-11-20 16:09:55,17.6812496,1079.0813,17.0249996,,22.6812496
2025-11-20 16:09:56,17.6812496,1079.32495,17.1875,,
2025-11-20 16:09:57,17.6812496,1078.51245,17.0874996,,
2025-11-20 16:09:58,17.6812496,1078.51245,17.0874996,,
2025-11-20 16:09:59,17.6812496,1078.2688,17.1875,,
2025-11-20 16:10:00,17.6812496,1078.67505,17.2999992,,22.6812496
2025-11-20 16:10:01,17.6812496,1078.67505,17.2999992,,
2025-11-20 16:10:02,17.6812496,1078.51245,17.3250008,,
2025-11-20 16:10:03,17.6812496,1078.51245,17.3250008,,
2025-11-20 16:10:04,17.6812496,1077.86255,17.0874996,,
2025-11-20 16:10:05,17.6812496,1077.86255,17.0874996,,22.6812496
2025-11-20 16:10:06,17.6812496,1077.86255,17.4125004,,
2025-11-20 16:10:07,17.6812496,1077.86255,17.4125004,,
2025-11-20 16:10:08,17.6812496,1079.7312,16.9750004,,
2025-11-20 16:10:09,17.6812496,1079.7312,16.9750004,,
2025-11-20 16:10:10,17.6812496,1080.05627,17.4750004,,22.6812496
2025-11-20 16:10:11,17.6812496,1080.05627,17.4750004,,
2025-11-20 16:10:12,17.6812496,1082.1687,21.6625004,,
2025-11-20 16:10:13,17.6812496,1082.1687,21.6625004,,
2025-11-20 16:10:14,17.6812496,1081.92505,22.0874996,,
2025-11-20 16:10:15,17.6812496,1081.27502,21.8500004,,22.6812496
2025-11-20 16:10:16,17.6812496,1083.9563,21.6375008,,
2025-11-20 16:10:17,17.6812496,1083.9563,21.6375008,,
2025-11-20 16:10:18,17.6812496,1084.19995,22.0499992,,
2025-11-20 16:10:19,17.6812496,1084.19995,22.0499992,,
2025-11-20 16:10:20,17.6812496,1084.84998,22.1625004,,22.6812496
2025-11-20 16:10:21,17.6812496,1084.84998,22.1625004,,
2025-11-20 16:10:22,17.6812496,1084.84998,21.8500004,,
2025-11-20 16:10:23,17.6812496,1085.82495,22.1124992,,
2025-11-20 16:10:24,17.6812496,1085.82495,22.1124992,,
2025-11-20 16:10:25,17.6812496,1085.4187,21.8125,,22.6812496
2025-11-20 16:10:26,17.6812496,1085.4187,21.8125,,
2025-11-20 16:10:27,17.6812496,1085.25623,21.8374996,,
2025-11-20 16:10:28,17.6812496,1086.47498,22.0625,,
2025-11-20 16:10:29,17.6812496,1086.47498,22.0625,,
2025-11-20 16:10:30,17.6812496,1086.96252,22.0625,,22.6812496
2025-11-20 16:10:31,17.6812496,1088.6687,22.1499996,,
2025-11-20 16:10:32,17.6812496,1088.0188,25.4375,,
2025-11-20 16:10:33,17.6812496,1088.34375,25.3250008,,
2025-11-20 16:10:34,17.6812496,1088.34375,25.3250008,,
2025-11-20 16:10:35,17.6812496,1087.9375,25.5874996,,22.6812496
2025-11-20 16:10:36,17.6812496,1087.9375,25.5874996,,
2025-11-20 16:10:37,17.6812496,1090.53748,25.5750008,,
2025-11-20 16:10:38,17.6812496,1090.375,25.7749996,,
2025-11-20 16:10:39,17.6812496,1090.375,25.7749996,,
2025-11-20 16:10:40,17.6812496,1091.1875,25.4750004,,22.6812496
2025-11-20 16:10:41,17.6812496,1091.67505,25.5874996,,
2025-11-20 16:10:42,17.6812496,1091.67505,25.5874996,,
2025-11-20 16:10:43,17.6812496,1090.94373,25.5874996,,
2025-11-20 16:10:44,17.6812496,1090.94373,25.5750008,,
2025-11-20 16:10:45,17.6812496,1092.24377,25.5750008,,22.6812496
2025-11-20 16:10:46,17.6812496,1092.16248,25.2749996,,
2025-11-20 16:10:47,17.6812496,1091.51245,25.3125,,
2025-11-20 16:10:48,17.6812496,1091.51245,25.3125,,
2025-11-20 16:10:49,17.6812496,1093.05627,25.1749992,,
2025-11-20 16:10:50,17.6812496,1093.05627,25.3875008,,22.6812496
2025-11-20 16:10:51,17.6812496,1092.7312,25.3875008,,
2025-11-20 16:10:52,17.6812496,1092.7312,26.9249992,,
2025-11-20 16:10:53,17.6812496,1095.41248,26.9249992,,
2025-11-20 16:10:54,17.6812496,1095.1687,26.7625008,,
2025-11-20 16:10:55,17.6812496,1095.1687,26.7625008,,22.6812496
2025-11-20 16:10:56,17.6812496,1095.73755,27.0,,
2025-11-20 16:10:57,17.6812496,1095.73755,27.0,,
2025-11-20 16:10:58,17.6812496,1096.1438,26.8250008,,
2025-11-20 16:10:59,17.6812496,1096.1438,26.8250008,,
2025-11-20 16:11:00,17.6812496,1098.4187,26.6749992,,22.6812496
2025-11-20 16:11:01,17.6812496,1098.4187,26.6749992,,
2025-11-20 16:11:02,17.6812496,1098.4187,26.5874996,,
2025-11-20 16:11:03,17.6812496,1098.09375,26.5874996,,
2025-11-20 16:11:04,17.6812496,1097.93127,27.0874996,,
2025-11-20 16:11:05,17.6812496,1097.93127,27.0874996,,22.6812496
2025-11-20 16:11:06,17.6812496,1098.25623,27.1000004,,
2025-11-20 16:11:07,17.6812496,1099.15002,27.2000008,,
2025-11-20 16:11:08,17.6812496,1099.15002,27.2000008,,
2025-11-20 16:11:09,17.6812496,1100.61255,27.2000008,,
2025-11-20 16:11:10,17.6812496,1100.61255,27.2374992,,22.6812496
2025-11-20 16:11:11,17.6812496,1101.0188,28.125,,
2025-11-20 16:11:13,17.6812496,1101.0188,28.125,,
2025-11-20 16:11:14,17.6812496,1101.42505,27.8250008,,
2025-11-20 16:11:15,17.6812496,1100.69373,28.2250004,,22.6812496
2025-11-20 16:11:16,17.6812496,1103.69995,27.8125,,
2025-11-20 16:11:17,17.6812496,1103.69995,27.8125,,
2025-11-20 16:11:18,17.6812496,1104.2688,27.8875008,,
2025-11-20 16:11:19,17.6812496,1105.40625,28.2749996,,
2025-11-20 16:11:20,17.6812496,1104.2688,28.1375008,,22.6812496
2025-11-20 16:11:21,17.6812496,1104.2688,28.1375008,,
2025-11-20 16:11:22,17.6812496,1104.02502,27.9249992,,
2025-11-20 16:11:23,17.6812496,1104.02502,27.9249992,,
2025-11-20 16:11:24,17.6812496,1104.1062,28.3374996,,
2025-11-20 16:11:25,17.6812496,1104.1062,28.3374996,,22.6812496
2025-11-20 16:11:26,17.6812496,1105.0,27.6499996,,
2025-11-20 16:11:27,17.6812496,1104.9187,27.9249992,,
2025-11-20 16:11:28,17.6812496,1104.9187,27.9249992,,
2025-11-20 16:11:29,17.6812496,1105.8938,28.1875,,
2025-11-20 16:11:30,17.6812496,1105.8938,28.1875,,22.6812496
2025-11-20 16:11:31,17.6812496,1107.92505,28.2250004,,
2025-11-20 16:11:32,17.6812496,1107.92505,28.2250004,,
2025-11-20 16:11:33,17.6812496,1107.84375,28.125,,
2025-11-20 16:11:34,17.6812496,1108.9812,28.0249996,,
2025-11-20 16:11:35,17.6812496,1109.55005,28.0375004,,22.6812496
2025-11-20 16:11:36,17.6812496,1109.7937,27.6749992,,
2025-11-20 16:11:37,17.6812496,1108.90002,23.7875004,,
2025-11-20 16:11:38,17.6812496,1108.90002,23.7875004,,
2025-11-20 16:11:39,17.6812496,1111.5813,23.7875004,,
2025-11-20 16:11:40,17.6812496,1110.44373,23.9249992,,22.6812496
2025-11-20 16:11:41,17.6812496,1110.44373,23.9249992,,
2025-11-20 16:11:42,17.6812496,1110.6875,9.8125,,
2025-11-20 16:11:43,17.6812496,1110.6062,9.67500019,,
2025-11-20 16:11:44,17.6812496,1111.25623,9.36250019,,
2025-11-20 16:11:45,17.6812496,1111.25623,9.36250019,,22.6812496
2025-11-20 16:11:46,17.6812496,1111.01245,9.35000038,,
2025-11-20 16:11:47,17.6812496,1111.01245,9.35000038,,
2025-11-20 16:11:48,17.6812496,1110.28125,9.51249981,,
2025-11-20 16:11:49,17.6812496,1112.2312,9.47500038,,
2025-11-20 16:11:50,17.6812496,1112.2312,9.53750038,,22.6812496
2025-11-20 16:11:51,17.6812496,1112.06873,9.53750038,,
2025-11-20 16:11:52,17.6812496,1112.06873,5.05000019,,
2025-11-20 16:11:53,17.6812496,1113.61255,4.5875001,,
2025-11-20 16:11:54,17.6812496,1113.61255,4.5875001,,
2025-11-20 16:11:55,17.6812496,1114.18127,4.94999981,,22.6812496
2025-11-20 16:11:56,17.6812496,1114.18127,4.94999981,,
2025-11-20 16:11:57,17.6812496,1113.77502,0.75,,
2025-11-20 16:11:58,17.6812496,1114.42505,0.75,,
2025-11-20 16:11:59,17.6812496,1113.77502,0.774999976,,
2025-11-20 16:12:00,17.6812496,1113.77502,0.774999976,,22.6812496
2025-11-20 16:12:01,17.6812496,1114.34375,1.04999995,,
2025-11-20 16:12:02,17.6812496,1114.34375,1.04999995,,
2025-11-20 16:12:03,17.6812496,1115.72498,0.699999988,,
2025-11-20 16:12:04,17.6812496,1115.72498,0.699999988,,
2025-11-20 16:12:05,17.6812496,1116.61877,0.675000012,,22.6812496
2025-11-20 16:12:06,17.6812496,1116.61877,0.675000012,,
2025-11-20 16:12:07,17.6812496,1115.40002,0.524999976,,
2025-11-20 16:12:08,17.6812496,1115.40002,0.524999976,,
2025-11-20 16:12:09,17.6812496,1116.94373,0.725000024,,
2025-11-20 16:12:10,17.6812496,1117.75623,0.649999976,,22.6812496
2025-11-20 16:12:11,17.6812496,1117.75623,0.649999976,,
2025-11-20 16:12:12,17.6812496,1117.34998,0.75,,
2025-11-20 16:12:13,17.6812496,1116.94373,0.699999988,,
2025-11-20 16:12:14,17.6812496,1116.86255,0.862500012,,
2025-11-20 16:12:15,17.6812496,1116.86255,0.862500012,,22.6812496
2025-11-20 16:12:16,17.6812496,1116.94373,0.649999976,,
2025-11-20 16:12:17,17.6812496,1116.94373,0.649999976,,
2025-11-20 16:12:18,17.6812496,1118.0,1.04999995,,
2025-11-20 16:12:19,17.6812496,1118.0,1.04999995,,
2025-11-20 16:12:20,17.6812496,1117.2688,0.725000024,,22.6812496
2025-11-20 16:12:21,17.6812496,1116.94373,0.662500024,,
2025-11-20 16:12:22,17.6812496,1116.94373,0.662500024,,
2025-11-20 16:12:23,17.6812496,1117.34998,0.787500024,,
2025-11-20 16:12:24,17.6812496,1117.9187,0.5625,,
2025-11-20 16:12:25,17.6812496,1117.83752,0.824999988,,22.6812496
2025-11-20 16:12:26,17.6812496,1117.83752,0.824999988,,
2025-11-20 16:12:27,17.6812496,1117.59375,0.487500012,,
2025-11-20 16:12:28,17.6812496,1117.2688,0.899999976,,
2025-11-20 16:12:29,17.6812496,1116.69995,0.637499988,,
2025-11-20 16:12:30,17.6812496,1116.69995,0.637499988,,22.6812496
2025-11-20 16:12:31,17.6812496,1116.94373,0.637499988,,
2025-11-20 16:12:32,17.6812496,1116.94373,0.725000024,,
2025-11-20 16:12:33,17.6812496,1118.65002,0.725000024,,
2025-11-20 16:12:34,17.6812496,1118.8125,0.8125,,
2025-11-20 16:12:35,17.6812496,1118.8125,0.8125,,22.6812496
2025-11-20 16:12:36,17.6812496,1119.625,0.699999988,,
2025-11-20 16:12:37,17.6812496,1119.625,0.699999988,,
2025-11-20 16:12:38,17.6812496,1118.56873,0.8125,,
2025-11-20 16:12:39,17.6812496,1118.56873,0.8125,,
2025-11-20 16:12:40,17.6812496,1118.8125,0.537500024,,22.6812496
2025-11-20 16:12:41,17.6812496,1118.97498,0.787500024,,
2025-11-20 16:12:42,17.6812496,1118.97498,0.787500024,,
2025-11-20 16:12:43,17.6812496,1118.7312,0.800000012,,
2025-11-20 16:12:44,17.6812496,1118.7312,0.975000024,,
2025-11-20 16:12:45,17.6812496,1118.65002,0.737500012,,22.6812496
2025-11-20 16:12:46,17.6812496,1118.65002,0.737500012,,
2025-11-20 16:12:47,17.6812496,1119.46252,0.462500006,,
2025-11-20 16:12:48,17.6812496,1119.46252,0.462500006,,
2025-11-20 16:12:49,17.6812496,1119.05627,0.462500006,,
2025-11-20 16:12:50,17.6812496,1118.40625,0.5,,22.6812496
2025-11-20 16:12:51,17.6812496,1118.40625,0.5,,
2025-11-20 16:12:52,17.6812496,1118.40625,0.362500012,,
2025-11-20 16:12:53,17.6812496,1119.30005,0.612500012,,
2025-11-20 16:12:54,17.6812496,1119.05627,0.699999988,,
2025-11-20 16:12:55,,,,,22.6812496
2025-11-20 16:12:56,17.6812496,1119.05627,0.699999988,,
2025-11-20 16:12:57,17.6812496,1119.38123,0.875,,
2025-11-20 16:12:58,17.6812496,1119.38123,0.875,,
2025-11-20 16:12:59,17.6812496,1119.5437,0.725000024,,
2025-11-20 16:13:00,17.6812496,1119.5437,0.725000024,,22.6812496
2025-11-20 16:13:01,17.6812496,1119.30005,0.699999988,,
2025-11-20 16:13:02,17.6812496,1119.46252,0.625,,
2025-11-20 16:13:03,17.6812496,1118.97498,0.524999976,,
2025-11-20 16:13:04,17.6812496,1118.97498,0.524999976,,
2025-11-20 16:13:05,17.6812496,1117.9187,0.725000024,,22.6812496
2025-11-20 16:13:06,17.6812496,1117.34998,0.712499976,,
2025-11-20 16:13:07,17.6812496,1117.34998,0.712499976,,
2025-11-20 16:13:08,17.6812496,1118.0813,0.649999976,,
2025-11-20 16:13:09,17.6812496,1117.34998,0.875,,
2025-11-20 16:13:10,17.6812496,1117.34998,0.875,,22.6812496
2025-11-20 16:13:11,17.6812496,1117.43127,0.824999988,,
2025-11-20 16:13:12,17.6812496,1118.0813,0.75,,
2025-11-20 16:13:13,17.6812496,1118.0813,0.75,,
2025-11-20 16:13:14,17.6812496,1116.86255,0.75,,
2025-11-20 16:13:15,17.6812496,1116.86255,0.762499988,,22.6812496
2025-11-20 16:13:16,17.6812496,1117.51245,0.725000024,,
2025-11-20 16:13:17,17.6812496,1117.51245,0.725000024,,
2025-11-20 16:13:18,17.6812496,1116.94373,0.612500012,,
2025-11-20 16:13:19,17.6812496,1117.02502,0.612500012,,
2025-11-20 16:13:20,17.6812496,1117.02502,0.612500012,,22.6812496
2025-11-20 16:13:21,17.6812496,1117.02502,0.612500012,,
2025-11-20 16:13:22,17.6812496,1117.2688,0.800000012,,
2025-11-20 16:13:23,17.6812496,1116.94373,0.487500012,,
2025-11-20 16:13:24,17.6812496,1117.02502,1.01250005,,
2025-11-20 16:13:25,17.6812496,1115.6438,0.6875,,22.6812496
2025-11-20 16:13:26,17.6812496,1115.6438,0.6875,,
2025-11-20 16:13:27,17.6812496,1115.5625,0.675000012,,
2025-11-20 16:13:28,17.6812496,1115.5625,0.762499988,,
2025-11-20 16:13:29,17.6812496,1113.61255,0.762499988,,
2025-11-20 16:13:30,17.6812496,1113.8562,0.800000012,,22.6812496
2025-11-20 16:13:31,17.6812496,1113.8562,0.800000012,,
2025-11-20 16:13:32,17.6812496,1113.2063,0.524999976,,
2025-11-20 16:13:33,17.6812496,1114.34375,0.662500024,,
2025-11-20 16:13:34,17.6812496,1114.34375,0.662500024,,
2025-11-20 16:13:35,17.6812496,1113.69373,0.612500012,,22.6812496
2025-11-20 16:13:36,17.6812496,1113.69373,0.612500012,,
2025-11-20 16:13:37,17.6812496,1113.36877,0.75,,
2025-11-20 16:13:38,17.6812496,1113.36877,0.75,,
2025-11-20 16:13:39,17.6812496,1112.2312,0.612500012,,
2025-11-20 16:13:40,17.6812496,1112.88123,0.487500012,,22.6812496
2025-11-20 16:13:41,17.6812496,1112.88123,0.487500012,,
2025-11-20 16:13:42,17.6812496,1110.6875,0.725000024,,
2025-11-20 16:13:43,17.6812496,1110.6875,0.725000024,,
2025-11-20 16:13:44,17.6812496,1110.84998,0.662500024,,
2025-11-20 16:13:45,17.6812496,1111.5,0.487500012,,22.6812496
2025-11-20 16:13:46,17.6812496,1111.5,0.487500012,,
2025-11-20 16:13:47,17.6812496,1111.5,0.787500024,,
2025-11-20 16:13:48,17.6812496,1111.66248,0.787500024,,
2025-11-20 16:13:49,17.6812496,1111.66248,0.712499976,,
2025-11-20 16:13:50,17.6812496,1110.84998,0.487500012,,22.6812496
2025-11-20 16:13:51,17.6812496,1108.90002,0.774999976,,
2025-11-20 16:13:52,17.6812496,1108.90002,0.774999976,,
2025-11-20 16:13:53,17.6812496,1109.875,0.725000024,,
2025-11-20 16:13:54,17.6812496,1107.3562,0.762499988,,
2025-11-20 16:13:55,17.6812496,1107.3562,0.762499988,,22.6812496
2025-11-20 16:13:56,17.6812496,1108.00623,0.550000012,,
2025-11-20 16:13:57,17.6812496,1105.56873,0.712499976,,
2025-11-20 16:13:58,17.6812496,1105.56873,0.712499976,,
2025-11-20 16:13:59,17.6812496,1106.625,0.725000024,,
2025-11-20 16:14:00,17.6812496,1104.75623,0.587499976,,22.6812496
2025-11-20 16:14:01,17.6812496,1104.75623,0.587499976,,
2025-11-20 16:14:02,17.6812496,1104.1062,0.8125,,
2025-11-20 16:14:03,17.6812496,1105.0,0.349999994,,
2025-11-20 16:14:04,17.6812496,1105.0,0.349999994,,
2025-11-20 16:14:05,17.6812496,1103.94373,0.712499976,,22.6812496
2025-11-20 16:14:06,17.6812496,1103.94373,0.712499976,,
2025-11-20 16:14:07,17.6812496,1104.43127,0.787500024,,
2025-11-20 16:14:08,17.6812496,1104.43127,0.787500024,,
2025-11-20 16:14:09,17.6812496,1102.88745,0.762499988,,
2025-11-20 16:14:10,17.6812496,1102.15625,1.04999995,,22.6812496
2025-11-20 16:14:11,17.6812496,1102.15625,1.04999995,,
2025-11-20 16:14:12,17.6812496,1101.09998,0.774999976,,
2025-11-20 16:14:13,17.6812496,1101.09998,0.774999976,,
2025-11-20 16:14:14,17.6812496,1100.9375,0.587499976,,
2025-11-20 16:14:15,17.6812496,1100.9375,0.587499976,,22.6812496
2025-11-20 16:14:16,17.6812496,1100.0437,0.462500006,,
2025-11-20 16:14:17,17.6812496,1100.0437,0.462500006,,
2025-11-20 16:14:18,17.6812496,1098.66248,0.675000012,,
2025-11-20 16:14:19,17.6812496,1098.66248,0.699999988,,
2025-11-20 16:14:20,17.6812496,1098.25623,0.699999988,,22.6812496
2025-11-20 16:14:21,17.6812496,1098.25623,0.712499976,,
2025-11-20 16:14:22,17.6812496,1097.84998,0.712499976,,
2025-11-20 16:14:23,17.6812496,1098.5,0.662500024,,
2025-11-20 16:14:24,17.6812496,1098.5,0.662500024,,
2025-11-20 16:14:25,17.6812496,1095.90002,0.899999976,,22.6812496
2025-11-20 16:14:26,17.6812496,1095.73755,0.612500012,,
2025-11-20 16:14:27,17.6812496,1095.73755,0.612500012,,
2025-11-20 16:14:28,17.6812496,1094.3562,0.787500024,,
2025-11-20 16:14:29,17.6812496,1094.4375,0.675000012,,
2025-11-20 16:14:30,17.6812496,1094.4375,0.675000012,,22.6812496
2025-11-20 16:14:31,17.6812496,1092.0813,0.787500024,,
2025-11-20 16:14:32,17.6812496,1092.16248,0.800000012,,
2025-11-20 16:14:33,17.6812496,1092.16248,0.800000012,,
2025-11-20 16:14:34,17.6812496,1091.83752,0.574999988,,
2025-11-20 16:14:35,17.6812496,1091.83752,0.574999988,,22.6812496
2025-11-20 16:14:36,17.6812496,1091.51245,2.625,,
2025-11-20 16:14:37,17.6812496,1091.51245,2.625,,
2025-11-20 16:14:38,17.6812496,1089.6438,10.6499996,,
2025-11-20 16:14:39,17.6812496,1089.88745,10.8374996,,
2025-11-20 16:14:40,17.6812496,1089.88745,10.8374996,,22.6812496
2025-11-20 16:14:41,17.6812496,1087.9375,9.14999962,,
2025-11-20 16:14:43,17.6812496,1087.9375,9.14999962,,
2025-11-20 16:14:44,17.6812496,1089.15625,2.42499995,,
2025-11-20 16:14:45,17.6812496,1087.8562,2.54999995,,22.6812496
2025-11-20 16:14:46,17.6812496,1087.8562,2.54999995,,
2025-11-20 16:14:47,17.6812496,1086.3125,2.1624999,,
2025-11-20 16:14:48,17.6812496,1086.3125,2.1624999,,
2025-11-20 16:14:49,17.6812496,1085.25623,0.725000024,,
2025-11-20 16:14:50,17.6812496,1085.25623,0.725000024,,22.6812496
2025-11-20 16:14:51,17.6812496,1085.33752,0.637499988,,
2025-11-20 16:14:52,17.6812496,1085.5813,0.487500012,,
2025-11-20 16:14:53,17.6812496,1085.98755,1.23749995,,
2025-11-20 16:14:54,17.6812496,1085.98755,1.23749995,,
2025-11-20 16:14:55,17.6812496,1084.44373,0.9375,,22.6812496
2025-11-20 16:14:56,17.6812496,1082.00623,0.912500024,,
2025-11-20 16:14:57,17.6812496,1082.00623,0.912500024,,
2025-11-20 16:14:58,17.6812496,1079.65002,13.4875002,,
2025-11-20 16:14:59,17.6812496,1079.8938,13.6499996,,
2025-11-20 16:15:00,17.6812496,1079.8938,13.6499996,,22.6812496
2025-11-20 16:15:01,17.6812496,1078.83752,13.7875004,,
2025-11-20 16:15:02,17.6812496,1078.43127,17.9249992,,
2025-11-20 16:15:03,17.6812496,1078.43127,17.9249992,,
2025-11-20 16:15:04,17.6812496,1079.0,47.1375008,,
2025-11-20 16:15:05,17.6812496,1079.0,47.1375008,,22.6812496
2025-11-20 16:15:06,17.6812496,1077.05005,47.0125008,,
2025-11-20 16:15:07,17.6812496,1077.05005,47.0125008,,
2025-11-20 16:15:08,17.6812496,1074.69373,46.9874992,,
2025-11-20 16:15:09,17.6812496,1075.6687,47.3624992,,
2025-11-20 16:15:10,17.6812496,1075.6687,46.9874992,,22.6812496
2025-11-20 16:15:11,17.6812496,1073.3125,46.9874992,,
2025-11-20 16:15:12,17.6812496,1072.98755,48.9874992,,
2025-11-20 16:15:13,17.6812496,1072.98755,48.9874992,,
2025-11-20 16:15:14,17.6812496,1071.52502,48.6500015,,
2025-11-20 16:15:15,17.6812496,1071.52502,48.6500015,,22.6812496
2025-11-20 16:15:16,17.6812496,1071.6875,46.5499992,,
2025-11-20 16:15:17,17.6812496,1071.6875,46.5499992,,
2025-11-20 16:15:18,17.6812496,1071.6875,46.5499992,,
2025-11-20 16:15:19,17.6812496,1071.28125,34.7625008,,
2025-11-20 16:15:20,17.6812496,1070.71252,34.9749985,,22.6812496
2025-11-20 16:15:21,17.6812496,1070.71252,34.9749985,,
2025-11-20 16:15:22,17.6812496,1069.49377,24.7124996,,
2025-11-20 16:15:23,17.6812496,1069.49377,24.7124996,,
2025-11-20 16:15:24,17.6812496,1067.05627,24.4750004,,
2025-11-20 16:15:25,17.6812496,1067.05627,24.4750004,,22.6812496
2025-11-20 16:15:26,17.6812496,1065.59375,23.6375008,,
2025-11-20 16:15:27,17.6812496,1065.59375,23.6375008,,
2025-11-20 16:15:28,17.6812496,1065.59375,23.6375008,,
2025-11-20 16:15:29,17.6812496,1065.51245,17.4249992,,
2025-11-20 16:15:30,17.6812496,1065.1875,17.3875008,,22.6812496
2025-11-20 16:15:31,17.6812496,1065.34998,16.4624996,,
2025-11-20 16:15:32,17.6812496,1065.34998,16.4624996,,
2025-11-20 16:15:33,17.6812496,1064.86255,11.6875,,
2025-11-20 16:15:34,17.6812496,1064.86255,11.6875,,
2025-11-20 16:15:35,17.6812496,1064.4563,11.8500004,,22.6812496
2025-11-20 16:15:36,17.6812496,1064.4563,11.8500004,,
2025-11-20 16:15:37,17.6812496,1061.9375,8.73750019,,
2025-11-20 16:15:38,17.6812496,1061.9375,8.73750019,,
2025-11-20 16:15:39,17.6812496,1061.9375,8.53750038,,
2025-11-20 16:15:40,17.6812496,1061.77502,8.71249962,,22.6812496
2025-11-20 16:15:41,17.6812496,1061.77502,8.71249962,,
2025-11-20 16:15:42,17.6812496,1061.9375,6.69999981,,
2025-11-20 16:15:43,17.6812496,1061.44995,6.4625001,,
2025-11-20 16:15:44,17.6812496,1061.44995,6.4625001,,
2025-11-20 16:15:45,17.6812496,1060.06873,6.5875001,,22.6812496
2025-11-20 16:15:46,17.6812496,1061.36877,6.1875,,
2025-11-20 16:15:47,17.6812496,1061.36877,6.1875,,
2025-11-20 16:15:48,17.6812496,1059.82495,4.6624999,,
2025-11-20 16:15:49,17.6812496,1059.82495,4.6624999,,
2025-11-20 16:15:50,17.6812496,1059.5,4.4124999,,22.6812496
2025-11-20 16:15:51,17.6812496,1059.66248,4.5,,
2025-11-20 16:15:52,17.6812496,1059.09375,4.88749981,,
2025-11-20 16:15:53,17.6812496,1059.09375,4.88749981,,
2025-11-20 16:15:54,17.6812496,1058.36255,4.625,,
2025-11-20 16:15:55,17.6812496,1058.36255,4.625,,22.6812496
2025-11-20 16:15:56,17.6812496,1058.44373,4.57499981,,
2025-11-20 16:15:57,17.6812496,1058.6062,3.63750005,,
2025-11-20 16:15:58,17.6812496,1058.6062,3.63750005,,
2025-11-20 16:15:59,17.6812496,1058.52502,3.76250005,,
2025-11-20 16:16:00,17.6812496,1058.52502,3.7249999,,22.6812496
2025-11-20 16:16:01,17.6812496,1059.09375,3.7249999,,
2025-11-20 16:16:02,17.6812496,1059.66248,2.57500005,,
2025-11-20 16:16:03,17.6812496,1058.93127,2.875,,
2025-11-20 16:16:04,17.6812496,1058.93127,2.875,,
2025-11-20 16:16:05,17.6812496,1058.28125,2.63750005,,22.6812496
2025-11-20 16:16:06,17.6812496,1059.5,2.51250005,,
2025-11-20 16:16:07,17.6812496,1059.5,2.51250005,,
2025-11-20 16:16:08,17.6812496,1059.66248,2.4375,,
2025-11-20 16:16:09,17.6812496,1059.4187,2.0625,,
2025-11-20 16:16:10,17.6812496,1059.4187,2.0625,,22.6812496
2025-11-20 16:16:11,17.6812496,1058.28125,1.83749998,,
2025-11-20 16:16:12,17.6812496,1059.25623,1.58749998,,
2025-11-20 16:16:13,17.6812496,1059.25623,1.58749998,,
2025-11-20 16:16:14,17.6812496,1058.7688,1.67499995,,
2025-11-20 16:16:15,17.6812496,1061.125,1.79999995,,22.6812496
2025-11-20 16:16:16,17.6812496,1061.125,1.79999995,,
2025-11-20 16:16:17,17.6812496,1061.125,1.375,,
2025-11-20 16:16:18,17.6812496,1060.88123,1.58749998,,
2025-11-20 16:16:19,17.6812496,1061.125,1.5,,
2025-11-20 16:16:20,17.6812496,1061.125,1.5,,22.6812496
2025-11-20 16:16:21,17.6812496,1060.47498,1.78750002,,
2025-11-20 16:16:22,17.6812496,1061.61255,1.58749998,,
2025-11-20 16:16:23,17.6812496,1061.61255,1.58749998,,
2025-11-20 16:16:24,17.6812496,1061.8562,1.58749998,,
2025-11-20 16:16:25,17.6812496,1061.8562,1.58749998,,22.6812496
2025-11-20 16:16:26,17.6812496,1062.58752,1.41250002,,
2025-11-20 16:16:27,17.6812496,1062.42505,0.875,,
2025-11-20 16:16:28,17.6812496,1062.42505,0.875,,
2025-11-20 16:16:29,17.6812496,1062.42505,0.8125,,
2025-11-20 16:16:30,17.6812496,1062.91248,1.0625,,22.6812496
2025-11-20 16:16:31,17.6812496,1061.9375,0.537500024,,
2025-11-20 16:16:32,17.6812496,1062.18127,1.04999995,,
2025-11-20 16:16:33,17.6812496,1062.18127,1.04999995,,
2025-11-20 16:16:34,17.6812496,1062.26245,0.9375,,
2025-11-20 16:16:35,17.6812496,1062.26245,0.9375,,22.6812496
2025-11-20 16:16:36,17.6812496,1063.23755,0.787500024,,
2025-11-20 16:16:37,17.6812496,1063.88745,0.725000024,,
2025-11-20 16:16:38,17.6812496,1063.88745,0.725000024,,
2025-11-20 16:16:40,17.6812496,1065.43127,0.725000024,,22.6812496
2025-11-20 16:16:41,17.6812496,1065.43127,0.725000024,,
2025-11-20 16:16:42,17.6812496,1065.1062,0.612500012,,
2025-11-20 16:16:43,17.6812496,1065.1062,0.612500012,,
2025-11-20 16:16:44,17.6812496,1065.1062,0.9375,,
2025-11-20 16:16:45,17.6812496,1065.2688,0.9375,,22.6812496
2025-11-20 16:16:46,17.6812496,1066.40625,0.824999988,,
2025-11-20 16:16:47,17.6812496,1065.59375,0.824999988,,
2025-11-20 16:16:48,17.6812496,1065.59375,0.75,,
2025-11-20 16:16:49,17.6812496,1066.16248,0.712499976,,
2025-11-20 16:16:50,17.6812496,1066.0,0.887499988,,22.6812496
2025-11-20 16:16:51,17.6812496,1066.0,0.887499988,,
2025-11-20 16:16:52,17.6812496,1067.05627,0.550000012,,
2025-11-20 16:16:53,17.6812496,1067.05627,0.550000012,,
2025-11-20 16:16:54,17.6812496,1069.25,0.699999988,,
2025-11-20 16:16:55,17.6812496,1069.00623,0.912500024,,22.6812496
2025-11-20 16:16:56,17.6812496,1069.00623,0.912500024,,
2025-11-20 16:16:57,17.6812496,1070.1438,0.675000012,,
2025-11-20 16:16:58,17.6812496,1070.875,0.699999988,,
2025-11-20 16:16:59,17.6812496,1070.875,0.699999988,,
2025-11-20 16:17:00,17.6812496,1071.7688,0.675000012,,22.6812496
2025-11-20 16:17:01,17.6812496,1072.01245,0.762499988,,
2025-11-20 16:17:02,17.6812496,1071.7688,0.824999988,,
2025-11-20 16:17:03,17.6812496,1071.7688,0.824999988,,
2025-11-20 16:17:04,17.6812496,1072.09375,0.612500012,,
2025-11-20 16:17:05,17.6812496,1071.52502,0.762499988,,22.6812496
2025-11-20 16:17:06,17.6812496,1071.52502,0.762499988,,
2025-11-20 16:17:07,17.6812496,1071.44373,0.637499988,,
2025-11-20 16:17:08,17.6812496,1073.47498,0.787500024,,
2025-11-20 16:17:09,17.6812496,1073.80005,0.662500024,,
2025-11-20 16:17:10,17.6812496,1074.36877,0.762499988,,22.6812496
2025-11-20 16:17:11,17.6812496,1074.36877,0.762499988,,
2025-11-20 16:17:12,17.6812496,1075.8313,0.774999976,,
2025-11-20 16:17:13,17.6812496,1075.91248,0.774999976,,
2025-11-20 16:17:14,17.6812496,1075.34375,0.875,,
2025-11-20 16:17:15,17.6812496,1074.9375,0.699999988,,22.6812496
2025-11-20 16:17:16,17.6812496,1074.9375,0.699999988,,
2025-11-20 16:17:17,17.6812496,1075.34375,0.649999976,,
2025-11-20 16:17:18,17.6812496,1075.34375,0.649999976,,
2025-11-20 16:17:19,17.6812496,1076.40002,0.425000012,,
2025-11-20 16:17:20,17.6812496,1076.40002,0.425000012,,22.6812496
2025-11-20 16:17:21,17.6812496,1077.86255,0.5,,
2025-11-20 16:17:22,17.6812496,1077.86255,0.5,,
2025-11-20 16:17:23,17.6812496,1078.1875,0.4375,,
2025-11-20 16:17:24,17.6812496,1078.2688,0.837499976,,
2025-11-20 16:17:25,17.6812496,1078.2688,0.837499976,,22.6812496
2025-11-20 16:17:26,17.6812496,1079.0813,5.48750019,,
2025-11-20 16:17:27,17.6812496,1079.16248,16.4375,,
2025-11-20 16:17:28,17.6812496,1078.43127,16.2374992,,
2025-11-20 16:17:29,17.6812496,1078.43127,16.2374992,,
2025-11-20 16:17:30,17.6812496,1078.43127,16.4500008,,22.6812496
2025-11-20 16:17:31,17.6812496,1080.38123,16.2000008,,
2025-11-20 16:17:32,17.6812496,1080.94995,16.4624996,,
2025-11-20 16:17:33,17.6812496,1080.94995,16.4624996,,
2025-11-20 16:17:34,17.6812496,1081.4375,16.7875004,,
2025-11-20 16:17:35,17.6812496,1082.41248,16.5625,,22.6812496
2025-11-20 16:17:36,17.6812496,1082.41248,16.5625,,
2025-11-20 16:17:37,17.6812496,1082.00623,16.4624996,,
2025-11-20 16:17:38,17.6812496,1082.00623,16.4624996,,
2025-11-20 16:17:39,17.6812496,1082.9812,16.2250004,,
2025-11-20 16:17:40,17.6812496,1083.1438,16.3125,,22.6812496
2025-11-20 16:17:41,17.6812496,1085.82495,16.6124992,,
2025-11-20 16:17:42,17.6812496,1085.82495,16.6124992,,
2025-11-20 16:17:43,17.6812496,1085.90625,16.5,,
2025-11-20 16:17:44,17.6812496,1084.84998,16.2999992,,
2025-11-20 16:17:45,17.6812496,1084.84998,16.2999992,,22.6812496
2025-11-20 16:17:46,17.6812496,1085.82495,19.0874996,,
2025-11-20 16:17:47,17.6812496,1085.82495,19.0874996,,
2025-11-20 16:17:48,17.6812496,1085.82495,24.9500008,,
2025-11-20 16:17:49,17.6812496,1085.5813,24.7749996,,
2025-11-20 16:17:50,17.6812496,1085.5813,24.7749996,,22.6812496
2025-11-20 16:17:51,17.6812496,1085.90625,25.0,,
2025-11-20 16:17:52,17.6812496,1085.90625,25.0,,
2025-11-20 16:17:53,17.6812496,1086.47498,25.0375004,,
2025-11-20 16:17:54,17.6812496,1086.3938,24.9375,,
2025-11-20 16:17:55,17.6812496,1087.2063,25.1000004,,22.6812496
2025-11-20 16:17:56,17.6812496,1087.2063,25.1000004,,
2025-11-20 16:17:57,17.6812496,1087.9375,24.8875008,,
2025-11-20 16:17:58,17.6812496,1088.09998,25.0249996,,
2025-11-20 16:17:59,17.6812496,1088.09998,25.0249996,,
2025-11-20 16:18:00,17.6812496,1088.58752,25.0874996,,22.6812496
2025-11-20 16:18:01,17.6812496,1088.09998,25.0249996,,
2025-11-20 16:18:02,17.6812496,1088.09998,25.0249996,,
2025-11-20 16:18:03,17.6812496,1088.09998,25.0249996,,
2025-11-20 16:18:04,17.6812496,1088.6687,25.0750008,,
2025-11-20 16:18:05,17.6812496,1088.6687,25.0750008,,22.6812496
2025-11-20 16:18:06,17.6812496,1089.07495,24.9125004,,
2025-11-20 16:18:07,17.6812496,1090.13123,25.9249992,,
2025-11-20 16:18:08,17.6812496,1090.13123,25.9249992,,
2025-11-20 16:18:09,17.6812496,1089.5625,27.5874996,,
2025-11-20 16:18:10,17.6812496,1089.40002,27.6749992,,22.6812496
2025-11-20 16:18:11,17.6812496,1089.96875,27.7625008,,
2025-11-20 16:18:12,17.6812496,1089.96875,27.7625008,,
2025-11-20 16:18:13,17.6812496,1091.59375,27.5249996,,
2025-11-20 16:18:14,17.6812496,1091.67505,27.7000008,,
2025-11-20 16:18:15,17.6812496,1091.1875,27.9249992,,22.6812496
2025-11-20 16:18:16,17.6812496,1091.1875,27.9249992,,
2025-11-20 16:18:17,17.6812496,1091.1875,27.7749996,,
2025-11-20 16:18:18,17.6812496,1091.9187,27.6124992,,
2025-11-20 16:18:19,17.6812496,1091.2688,27.7625008,,
2025-11-20 16:18:20,17.6812496,1091.2688,27.7625008,,22.6812496
2025-11-20 16:18:21,17.6812496,1092.0813,27.625,,
2025-11-20 16:18:22,17.6812496,1092.0813,27.625,,
2025-11-20 16:18:23,17.6812496,1091.59375,28.0750008,,
2025-11-20 16:18:24,17.6812496,1091.59375,28.0750008,,
2025-11-20 16:18:25,17.6812496,1092.8125,27.875,,22.6812496
2025-11-20 16:18:26,17.6812496,1092.8125,27.875,,
2025-11-20 16:18:27,17.6812496,1092.40625,27.7000008,,
2025-11-20 16:18:28,17.6812496,1094.19373,27.6375008,,
2025-11-20 16:18:29,17.6812496,1094.19373,27.6375008,,
2025-11-20 16:18:30,17.6812496,1094.19373,27.7749996,,22.6812496
2025-11-20 16:18:31,17.6812496,1094.92505,28.1875,,
2025-11-20 16:18:32,17.6812496,1094.92505,28.1875,,
2025-11-20 16:18:33,17.6812496,1095.49377,28.8624992,,
2025-11-20 16:18:34,17.6812496,1096.0625,28.5249996,,
2025-11-20 16:18:35,17.6812496,1096.0625,28.5249996,,22.6812496
2025-11-20 16:18:36,17.6812496,1095.73755,28.625,,
2025-11-20 16:18:37,17.6812496,1095.73755,28.625,,
2025-11-20 16:18:38,17.6812496,1098.5813,28.6375008,,
2025-11-20 16:18:39,17.6812496,1097.52502,28.4500008,,
2025-11-20 16:18:40,17.6812496,1098.09375,28.3374996,,22.6812496
2025-11-20 16:18:41,17.6812496,1098.09375,28.3374996,,
2025-11-20 16:18:43,17.6812496,1098.33752,28.9375,,
2025-11-20 16:18:44,17.6812496,1098.33752,28.9375,,
2025-11-20 16:18:45,17.6812496,1097.52502,28.9500008,,22.6812496
2025-11-20 16:18:46,17.6812496,1097.52502,28.9500008,,
2025-11-20 16:18:47,17.6812496,1098.17505,28.8999996,,
2025-11-20 16:18:48,17.6812496,1097.44373,28.75,,
2025-11-20 16:18:49,17.6812496,1097.44373,28.75,,
2025-11-20 16:18:50,17.6812496,1097.52502,29.0750008,,22.6812496
2025-11-20 16:18:51,17.6812496,1097.52502,29.0750008,,
2025-11-20 16:18:52,17.6812496,1097.6875,29.3875008,,
2025-11-20 16:18:53,17.6812496,1097.6875,29.3875008,,
2025-11-20 16:18:54,17.6812496,1097.52502,29.4624996,,
2025-11-20 16:18:55,17.6812496,1097.36255,29.7250004,,22.6812496
2025-11-20 16:18:56,17.6812496,1099.80005,29.5125008,,
2025-11-20 16:18:57,17.6812496,1099.80005,29.5125008,,
2025-11-20 16:18:58,17.6812496,1099.06873,29.6499996,,
2025-11-20 16:18:59,17.6812496,1099.55627,29.6625004,,
2025-11-20 16:19:00,17.6812496,1099.3938,29.7875004,,22.6812496
2025-11-20 16:19:01,17.6812496,1099.3938,29.7875004,,
2025-11-20 16:19:02,17.6812496,1099.06873,29.5874996,,
2025-11-20 16:19:03,17.6812496,1099.47498,29.5499992,,
2025-11-20 16:19:04,17.6812496,1099.47498,29.5499992,,
2025-11-20 16:19:05,17.6812496,1100.77502,29.5625,,22.6812496
2025-11-20 16:19:06,17.6812496,1100.77502,29.5625,,
2025-11-20 16:19:07,17.6812496,1100.9375,29.7875004,,
2025-11-20 16:19:08,17.6812496,1101.8313,29.8374996,,
2025-11-20 16:19:09,17.6812496,1101.58752,29.9375,,
2025-11-20 16:19:10,17.6812496,1101.26245,29.7000008,,22.6812496
2025-11-20 16:19:11,17.6812496,1101.26245,29.7000008,,
2025-11-20 16:19:12,17.6812496,1101.0188,29.2250004,,
2025-11-20 16:19:13,17.6812496,1101.0188,29.2250004,,
2025-11-20 16:19:14,17.6812496,1100.69373,29.3250008,,
2025-11-20 16:19:15,17.6812496,1101.0188,29.2625008,,22.6812496
2025-11-20 16:19:16,17.6812496,1101.0188,29.2625008,,
2025-11-20 16:19:17,17.6812496,1100.61255,29.1375008,,
2025-11-20 16:19:18,17.6812496,1100.61255,29.1375008,,
2025-11-20 16:19:19,17.6812496,1100.61255,28.9874992,,
2025-11-20 16:19:20,17.6812496,1100.77502,29.25,,22.6812496
2025-11-20 16:19:21,17.6812496,1100.77502,29.25,,
2025-11-20 16:19:22,17.6812496,1101.75,29.3374996,,
2025-11-20 16:19:23,17.6812496,1101.8313,29.1375008,,
2025-11-20 16:19:24,17.6812496,1101.8313,29.1375008,,
2025-11-20 16:19:25,17.6812496,1103.375,29.2250004,,22.6812496
2025-11-20 16:19:26,17.6812496,1102.72498,29.2124996,,
2025-11-20 16:19:27,17.6812496,1102.72498,29.2124996,,
2025-11-20 16:19:28,17.6812496,1102.80627,29.2374992,,
2025-11-20 16:19:29,17.6812496,1103.375,29.4249992,,
2025-11-20 16:19:30,17.6812496,1103.375,29.4249992,,22.6812496
2025-11-20 16:19:31,17.6812496,1103.86255,30.7374992,,
2025-11-20 16:19:32,17.6812496,1103.86255,30.7374992,,
2025-11-20 16:19:33,17.6812496,1102.72498,33.0,,
2025-11-20 16:19:34,17.6812496,1102.72498,33.0,,
2025-11-20 16:19:35,17.6812496,1103.2937,33.0625,,22.6812496
2025-11-20 16:19:36,17.6812496,1103.69995,32.0499992,,
2025-11-20 16:19:37,17.6812496,1103.86255,30.3624992,,
2025-11-20 16:19:38,17.6812496,1103.86255,30.3624992,,
2025-11-20 16:19:39,17.6812496,1103.61877,30.1749992,,
2025-11-20 16:19:40,17.6812496,1102.80627,30.1124992,,22.6812496
2025-11-20 16:19:41,17.6812496,1102.80627,30.1124992,,
2025-11-20 16:19:42,17.6812496,1102.5625,13.1374998,,
2025-11-20 16:19:43,17.6812496,1102.5625,13.1374998,,
2025-11-20 16:19:44,17.6812496,1103.21252,12.8999996,,
2025-11-20 16:19:45,17.6812496,1103.21252,12.8999996,,22.6812496
2025-11-20 16:19:46,17.6812496,1103.53748,10.4624996,,
2025-11-20 16:19:47,17.6812496,1102.88745,6.625,,
2025-11-20 16:19:48,17.6812496,1102.88745,6.625,,
2025-11-20 16:19:49,17.6812496,1102.88745,6.5,,
2025-11-20 16:19:50,17.6812496,1102.6438,6.25,,22.6812496
2025-11-20 16:19:51,17.6812496,1102.5625,5.5250001,,
2025-11-20 16:19:52,17.6812496,1102.5625,5.5250001,,
2025-11-20 16:19:53,17.6812496,1102.72498,3.0625,,
2025-11-20 16:19:54,17.6812496,1102.6438,3.3499999,,
2025-11-20 16:19:55,17.6812496,1102.6438,3.3499999,,22.6812496
2025-11-20 16:19:56,17.6812496,1102.4812,2.1500001,,
2025-11-20 16:19:57,17.6812496,1103.53748,0.737500012,,
2025-11-20 16:19:58,17.6812496,1103.53748,0.737500012,,
2025-11-20 16:19:59,17.6812496,1103.61877,0.875,,
2025-11-20 16:20:00,17.6812496,1103.61877,0.875,,22.6812496
2025-11-20 16:20:01,17.6812496,1103.53748,0.425000012,,
2025-11-20 16:20:02,17.6812496,1103.94373,0.800000012,,
2025-11-20 16:20:03,17.6812496,1103.2937,0.625,,
2025-11-20 16:20:04,17.6812496,1102.5625,0.487500012,,
2025-11-20 16:20:05,17.6812496,1102.5625,0.487500012,,22.6812496
2025-11-20 16:20:06,17.6812496,1102.6438,0.649999976,,
2025-11-20 16:20:07,17.6812496,1102.5625,0.362500012,,
2025-11-20 16:20:08,17.6812496,1102.5625,0.362500012,,
2025-11-20 16:20:09,17.6812496,1101.0188,0.512499988,,
2025-11-20 16:20:10,17.6812496,1100.77502,0.524999976,,22.6812496
2025-11-20 16:20:11,17.6812496,1100.77502,0.524999976,,
2025-11-20 16:20:12,17.6812496,1101.58752,0.649999976,,
2025-11-20 16:20:13,17.6812496,1101.91248,0.725000024,,
2025-11-20 16:20:14,17.6812496,1101.91248,0.725000024,,
2025-11-20 16:20:15,17.6812496,1101.42505,0.6875,,22.6812496
2025-11-20 16:20:16,17.6812496,1101.42505,0.6875,,
2025-11-20 16:20:17,17.6812496,1101.34375,0.612500012,,
2025-11-20 16:20:18,17.6812496,1101.34375,0.612500012,,
2025-11-20 16:20:19,17.6812496,1101.42505,0.824999988,,
2025-11-20 16:20:20,17.6812496,1100.61255,0.762499988,,22.6812496
2025-11-20 16:20:21,17.6812496,1100.61255,0.762499988,,
2025-11-20 16:20:22,17.6812496,1101.0188,0.600000024,,
2025-11-20 16:20:23,17.6812496,1100.69373,0.824999988,,
2025-11-20 16:20:24,17.6812496,1100.44995,0.8125,,
2025-11-20 16:20:25,17.6812496,1100.44995,0.8125,,22.6812496
2025-11-20 16:20:26,17.6812496,1099.96252,0.8125,,
2025-11-20 16:20:27,17.6812496,1099.2312,0.662500024,,
2025-11-20 16:20:28,17.6812496,1099.55627,0.699999988,,
2025-11-20 16:20:29,17.6812496,1099.55627,0.699999988,,
2025-11-20 16:20:30,17.6812496,1098.4187,0.612500012,,22.6812496
2025-11-20 16:20:31,17.6812496,1098.4187,0.612500012,,
2025-11-20 16:20:32,17.6812496,1098.4187,0.75,,
2025-11-20 16:20:33,17.6812496,1097.7688,0.862500012,,
2025-11-20 16:20:34,17.6812496,1097.7688,0.862500012,,
2025-11-20 16:20:35,17.6812496,1097.52502,0.649999976,,22.6812496
2025-11-20 16:20:36,17.6812496,1097.52502,0.649999976,,
2025-11-20 16:20:37,17.6812496,1097.52502,0.987500012,,
2025-11-20 16:20:38,17.6812496,1097.52502,0.987500012,,
2025-11-20 16:20:39,17.6812496,1097.52502,0.987500012,,
2025-11-20 16:20:40,17.6812496,1098.17505,0.649999976,,22.6812496
2025-11-20 16:20:41,17.6812496,1098.17505,0.649999976,,
2025-11-20 16:20:42,17.6812496,1097.84998,0.9375,,
2025-11-20 16:20:43,17.6812496,1098.09375,0.612500012,,
2025-11-20 16:20:44,17.6812496,1096.9563,0.725000024,,
2025-11-20 16:20:45,,,,,22.6812496
2025-11-20 16:20:46,17.6812496,1096.9563,0.725000024,,
2025-11-20 16:20:47,17.6812496,1095.73755,0.5,,
2025-11-20 16:20:48,17.6812496,1095.73755,0.5,,
2025-11-20 16:20:49,17.6812496,1094.76245,0.875,,
2025-11-20 16:20:50,17.6812496,1094.76245,0.875,,22.6812496
2025-11-20 16:20:51,17.6812496,1095.41248,0.725000024,,
2025-11-20 16:20:52,17.6812496,1094.19373,0.612500012,,
2025-11-20 16:20:53,17.6812496,1094.19373,0.612500012,,
2025-11-20 16:20:54,17.6812496,1093.21875,0.699999988,,
2025-11-20 16:20:55,17.6812496,1093.38123,0.9375,,22.6812496
2025-11-20 16:20:56,17.6812496,1091.2688,0.550000012,,
2025-11-20 16:20:57,17.6812496,1091.2688,0.550000012,,
2025-11-20 16:20:58,17.6812496,1091.2688,0.725000024,,
2025-11-20 16:20:59,17.6812496,1092.0813,0.762499988,,
2025-11-20 16:21:00,17.6812496,1091.1875,0.512499988,,22.6812496
2025-11-20 16:21:01,17.6812496,1091.1875,0.512499988,,
2025-11-20 16:21:02,17.6812496,1090.94373,0.600000024,,
2025-11-20 16:21:03,17.6812496,1090.94373,0.600000024,,
2025-11-20 16:21:04,17.6812496,1091.1062,0.449999988,,
2025-11-20 16:21:05,17.6812496,1089.96875,0.600000024,,22.6812496
2025-11-20 16:21:06,17.6812496,1089.96875,0.600000024,,
2025-11-20 16:21:07,17.6812496,1089.88745,0.675000012,,
2025-11-20 16:21:08,17.6812496,1088.0188,0.675000012,,
2025-11-20 16:21:09,17.6812496,1088.91248,0.912500024,,
2025-11-20 16:21:10,17.6812496,1088.91248,0.912500024,,22.6812496
2025-11-20 16:21:11,17.6812496,1088.09998,0.612500012,,
2025-11-20 16:21:12,17.6812496,1088.09998,0.612500012,,
2025-11-20 16:21:13,17.6812496,1086.3938,0.837499976,,
2025-11-20 16:21:14,17.6812496,1086.3938,0.837499976,,
2025-11-20 16:21:15,17.6812496,1085.17505,0.675000012,,22.6812496
2025-11-20 16:21:16,17.6812496,1085.82495,0.975000024,,
2025-11-20 16:21:17,17.6812496,1085.74377,0.550000012,,
2025-11-20 16:21:18,17.6812496,1085.74377,0.550000012,,
2025-11-20 16:21:19,17.6812496,1085.33752,0.75,,
2025-11-20 16:21:20,17.6812496,1085.33752,0.75,,22.6812496
2025-11-20 16:21:21,17.6812496,1085.66248,0.625,,
2025-11-20 16:21:22,17.6812496,1084.93127,0.762499988,,
2025-11-20 16:21:23,17.6812496,1084.52502,0.787500024,,
2025-11-20 16:21:24,17.6812496,1084.52502,0.787500024,,
2025-11-20 16:21:25,17.6812496,1083.38745,0.875,,22.6812496
2025-11-20 16:21:26,17.6812496,1083.38745,0.875,,
2025-11-20 16:21:27,17.6812496,1081.68127,0.862500012,,
2025-11-20 16:21:28,17.6812496,1081.76245,0.762499988,,
2025-11-20 16:21:29,17.6812496,1081.76245,0.762499988,,
2025-11-20 16:21:30,17.6812496,1082.08752,0.6875,,22.6812496
2025-11-20 16:21:31,17.6812496,1081.5188,0.600000024,,
2025-11-20 16:21:32,17.6812496,1081.03125,0.462500006,,
2025-11-20 16:21:33,17.6812496,1081.4375,0.712499976,,
2025-11-20 16:21:34,17.6812496,1081.92505,0.699999988,,
2025-11-20 16:21:35,17.6812496,1081.92505,0.699999988,,22.6812496
2025-11-20 16:21:36,17.6812496,1081.84375,0.800000012,,
2025-11-20 16:21:37,17.6812496,1081.19373,0.662500024,,
2025-11-20 16:21:38,17.6812496,1081.3562,1.0,,
2025-11-20 16:21:39,17.6812496,1081.3562,1.0,,
2025-11-20 16:21:40,17.6812496,1082.9812,0.737500012,,22.6812496
2025-11-20 16:21:41,17.6812496,1082.9812,0.737500012,,
2025-11-20 16:21:42,17.6812496,1083.30627,0.587499976,,
2025-11-20 16:21:43,17.6812496,1084.19995,0.774999976,,
2025-11-20 16:21:44,17.6812496,1083.55005,0.899999976,,
2025-11-20 16:21:45,17.6812496,1083.55005,0.899999976,,22.6812496
2025-11-20 16:21:46,17.6812496,1085.74377,0.725000024,,
2025-11-20 16:21:47,17.6812496,1084.52502,0.725000024,,
2025-11-20 16:21:48,17.6812496,1084.52502,0.5,,
2025-11-20 16:21:49,17.6812496,1084.84998,0.800000012,,
2025-11-20 16:21:50,17.6812496,1084.84998,0.800000012,,22.6812496
2025-11-20 16:21:51,17.6812496,1084.84998,0.725000024,,
2025-11-20 16:21:52,17.6812496,1084.84998,0.725000024,,
2025-11-20 16:21:53,17.6812496,1084.6875,0.712499976,,
2025-11-20 16:21:54,17.6812496,1084.6875,0.712499976,,
2025-11-20 16:21:55,17.6812496,1084.84998,0.762499988,,22.6812496
2025-11-20 16:21:56,17.6812496,1086.47498,0.600000024,,
2025-11-20 16:21:57,17.6812496,1086.47498,0.600000024,,
2025-11-20 16:21:58,17.6812496,1087.61255,0.612500012,,
2025-11-20 16:21:59,17.6812496,1088.18127,0.587499976,,
2025-11-20 16:22:00,17.6812496,1088.18127,0.587499976,,22.6812496
2025-11-20 16:22:01,17.6812496,1088.0188,5.4625001,,
2025-11-20 16:22:02,17.6812496,1088.0188,5.4625001,,
2025-11-20 16:22:03,17.6812496,1090.375,9.11250019,,
2025-11-20 16:22:04,17.6812496,1092.0813,9.16250038,,
2025-11-20 16:22:05,17.6812496,1092.0813,9.16250038,,22.6812496
2025-11-20 16:22:06,17.6812496,1091.2688,6.9749999,,
2025-11-20 16:22:07,17.6812496,1091.2688,6.9749999,,
2025-11-20 16:22:08,17.6812496,1092.0813,4.13749981,,
2025-11-20 16:22:09,17.6812496,1093.46252,4.3125,,
2025-11-20 16:22:10,17.6812496,1093.46252,4.3125,,22.6812496
2025-11-20 16:22:11,17.6812496,1095.57495,3.0250001,,
2025-11-20 16:22:12,17.6812496,1095.41248,1.67499995,,
2025-11-20 16:22:13,17.6812496,1095.41248,1.67499995,,
2025-11-20 16:22:14,17.6812496,1098.5,1.76250005,,
2025-11-20 16:22:15,17.6812496,1098.5,1.76250005,,22.6812496
2025-11-20 16:22:16,17.6812496,1097.84998,0.737500012,,
2025-11-20 16:22:17,17.6812496,1097.84998,0.737500012,,
2025-11-20 16:22:18,17.6812496,1100.44995,0.774999976,,
2025-11-20 16:22:19,17.6812496,1100.44995,0.774999976,,
2025-11-20 16:22:20,17.6812496,1101.42505,0.6875,,22.6812496
2025-11-20 16:22:21,17.6812496,1102.72498,0.8125,,
2025-11-20 16:22:22,17.6812496,1102.72498,0.8125,,
2025-11-20 16:22:23,17.6812496,1105.24377,0.637499988,,
2025-11-20 16:22:24,17.6812496,1105.24377,0.637499988,,
2025-11-20 16:22:25,17.6812496,1105.24377,0.774999976,,22.6812496
2025-11-20 16:22:26,17.6812496,1106.13745,0.800000012,,
2025-11-20 16:22:27,17.6812496,1106.21875,1.32500005,,
2025-11-20 16:22:28,17.6812496,1106.21875,1.32500005,,
2025-11-20 16:22:29,17.6812496,1109.38745,1.07500005,,
2025-11-20 16:22:30,17.6812496,1110.93127,1.04999995,,22.6812496
2025-11-20 16:22:31,17.6812496,1110.93127,1.04999995,,
2025-11-20 16:22:32,17.6812496,1110.52502,4.80000019,,
2025-11-20 16:22:33,17.6812496,1110.52502,4.80000019,,
2025-11-20 16:22:34,17.6812496,1112.96252,4.75,,
2025-11-20 16:22:35,17.6812496,1114.09998,4.86250019,,22.6812496
2025-11-20 16:22:36,17.6812496,1114.09998,4.86250019,,
2025-11-20 16:22:37,17.6812496,1116.13123,4.75,,
2025-11-20 16:22:38,17.6812496,1116.86255,4.88749981,,
2025-11-20 16:22:39,17.6812496,1116.86255,4.88749981,,
2025-11-20 16:22:40,17.6812496,1116.86255,4.88749981,,22.6812496
2025-11-20 16:22:41,17.6812496,1116.86255,4.88749981,,
2025-11-20 16:22:42,17.6812496,1117.51245,4.88749981,,
2025-11-20 16:22:43,17.6812496,1119.21875,14.1374998,,
2025-11-20 16:22:44,17.6812496,1119.21875,14.1374998,,
2025-11-20 16:22:45,,,,,22.6812496
2025-11-20 16:22:46,17.6812496,1120.68127,14.1000004,,
2025-11-20 16:22:47,17.6812496,1122.1438,14.1374998,,
2025-11-20 16:22:48,17.6812496,1122.1438,14.1374998,,
2025-11-20 16:22:49,17.6812496,1123.84998,28.7625008,,
2025-11-20 16:22:50,17.6812496,1123.84998,28.7625008,,22.6812496
2025-11-20 16:22:51,17.6812496,1123.84998,28.7374992,,
2025-11-20 16:22:52,17.6812496,1125.63745,28.7749996,,
2025-11-20 16:22:53,17.6812496,1125.63745,28.7749996,,
2025-11-20 16:22:54,17.6812496,1127.6687,36.9249992,,
2025-11-20 16:22:55,17.6812496,1127.0188,36.8250008,,22.6812496
2025-11-20 16:22:56,17.6812496,1127.0188,36.8250008,,
2025-11-20 16:22:57,17.6812496,1130.2688,36.9874992,,
2025-11-20 16:22:58,17.6812496,1130.2688,36.9874992,,
2025-11-20 16:22:59,17.6812496,1130.83752,46.3624992,,
2025-11-20 16:23:00,17.6812496,1130.83752,46.3624992,,22.6812496
2025-11-20 16:23:01,17.6812496,1131.16248,46.6875,,
2025-11-20 16:23:02,17.6812496,1131.16248,46.6875,,
2025-11-20 16:23:03,17.6812496,1133.84375,49.2125015,,
2025-11-20 16:23:04,17.6812496,1133.84375,49.2125015,,
2025-11-20 16:23:05,17.6812496,1136.11877,52.6124992,,22.6812496
2025-11-20 16:23:07,17.6812496,1136.84998,54.9625015,,
2025-11-20 16:23:08,17.6812496,1136.93127,56.8875008,,
2025-11-20 16:23:09,17.6812496,1136.93127,56.8875008,,
2025-11-20 16:23:10,17.6812496,1138.71875,57.4749985,,22.6812496
2025-11-20 16:23:11,17.6812496,1140.26245,57.1624985,,
2025-11-20 16:23:12,17.6812496,1140.75,58.9000015,,
2025-11-20 16:23:13,17.6812496,1140.75,58.9000015,,
2025-11-20 16:23:14,17.6812496,1141.31873,60.2874985,,
2025-11-20 16:23:15,17.6812496,1142.69995,59.8375015,,22.6812496
2025-11-20 16:23:16,17.6812496,1142.69995,59.8375015,,
2025-11-20 16:23:17,17.6812496,1142.94373,60.4124985,,
2025-11-20 16:23:18,17.6812496,1142.94373,60.4124985,,
2025-11-20 16:23:19,17.6812496,1143.1062,60.7874985,,
2025-11-20 16:23:20,17.6812496,1144.48755,61.2374992,,22.6812496
2025-11-20 16:23:21,17.6812496,1146.84375,61.2874985,,
2025-11-20 16:23:22,17.6812496,1147.08752,61.0999985,,
2025-11-20 16:23:23,17.6812496,1147.08752,61.0999985,,
2025-11-20 16:23:24,17.6812496,1147.08752,60.9874992,,
2025-11-20 16:23:25,17.6812496,1150.5,61.1500015,,22.6812496
2025-11-20 16:23:26,17.6812496,1150.5,61.1500015,,
2025-11-20 16:23:27,17.6812496,1150.09375,65.4250031,,
2025-11-20 16:23:28,17.6812496,1150.09375,65.4250031,,
2025-11-20 16:23:29,17.6812496,1149.36255,65.4250031,,
2025-11-20 16:23:30,17.6812496,1149.36255,65.4250031,,22.6812496
2025-11-20 16:23:31,17.6812496,1151.3938,66.0625,,
2025-11-20 16:23:32,17.6812496,1151.3938,66.0625,,
2025-11-20 16:23:33,17.6812496,1152.61255,67.0999985,,
2025-11-20 16:23:34,17.6812496,1153.18127,67.2125015,,
2025-11-20 16:23:35,17.6812496,1153.18127,67.2125015,,22.6812496
2025-11-20 16:23:36,17.6812496,1154.15625,67.3000031,,
2025-11-20 16:23:37,17.6812496,1154.72498,67.5,,
2025-11-20 16:23:38,17.6812496,1156.67505,67.4250031,,
2025-11-20 16:23:39,17.6812496,1156.67505,67.4250031,,
2025-11-20 16:23:40,17.6812496,1156.59375,67.0625,,22.6812496
2025-11-20 16:23:41,17.6812496,1155.69995,68.3625031,,
2025-11-20 16:23:42,17.6812496,1155.69995,68.3625031,,
2025-11-20 16:23:43,17.6812496,1155.69995,69.6875,,
2025-11-20 16:23:44,17.6812496,1157.0813,69.4749985,,
2025-11-20 16:23:45,17.6812496,1157.0813,69.4749985,,22.6812496
2025-11-20 16:23:46,17.6812496,1159.27502,70.1999969,,
2025-11-20 16:23:47,17.6812496,1158.94995,70.4749985,,
2025-11-20 16:23:48,17.6812496,1158.94995,70.4749985,,
2025-11-20 16:23:49,17.6812496,1160.9812,70.5124969,,
2025-11-20 16:23:50,17.6812496,1160.9812,70.5124969,,22.6812496
2025-11-20 16:23:51,17.6812496,1162.6875,70.8249969,,
2025-11-20 16:23:52,17.6812496,1162.28125,70.9000015,,
2025-11-20 16:23:53,17.6812496,1162.28125,70.9000015,,
2025-11-20 16:23:54,17.6812496,1162.6875,71.1500015,,
2025-11-20 16:23:55,17.6812496,1162.6875,71.1500015,,22.6812496
2025-11-20 16:23:56,17.6812496,1164.06873,79.0500031,,
2025-11-20 16:23:57,17.6812496,1164.06873,79.0500031,,
2025-11-20 16:23:58,17.6812496,1165.44995,84.5374985,,
2025-11-20 16:23:59,17.6812496,1165.44995,84.5374985,,
2025-11-20 16:24:00,17.6812496,1166.58752,84.9000015,,22.6812496
2025-11-20 16:24:01,17.6812496,1165.44995,86.1125031,,
2025-11-20 16:24:02,17.6812496,1165.44995,86.1125031,,
2025-11-20 16:24:03,17.6812496,1167.23755,86.375,,
2025-11-20 16:24:04,17.6812496,1167.23755,86.375,,
2025-11-20 16:24:05,17.6812496,1169.34998,86.4124985,,22.6812496
2025-11-20 16:24:06,17.6812496,1169.34998,86.4124985,,
2025-11-20 16:24:07,17.6812496,1169.34998,86.6999969,,
2025-11-20 16:24:08,17.6812496,1169.75623,86.6750031,,
2025-11-20 16:24:09,17.6812496,1169.83752,86.2874985,,
2025-11-20 16:24:10,17.6812496,1169.83752,86.2874985,,22.6812496
2025-11-20 16:24:11,17.6812496,1168.86255,87.75,,
2025-11-20 16:24:12,17.6812496,1170.0,88.8125,,
2025-11-20 16:24:13,17.6812496,1170.65002,88.6999969,,
2025-11-20 16:24:14,17.6812496,1170.32495,88.7125015,,
2025-11-20 16:24:15,17.6812496,1172.03125,88.8375015,,22.6812496
2025-11-20 16:24:16,17.6812496,1172.03125,88.8375015,,
2025-11-20 16:24:17,17.6812496,1173.00623,89.6750031,,
2025-11-20 16:24:18,17.6812496,1173.00623,89.6750031,,
2025-11-20 16:24:19,17.6812496,1174.38745,89.8874969,,
2025-11-20 16:24:20,17.6812496,1174.38745,89.8874969,,22.6812496
2025-11-20 16:24:21,17.6812496,1175.36255,91.1125031,,
2025-11-20 16:24:22,17.6812496,1175.11877,91.8125,,
2025-11-20 16:24:23,17.6812496,1175.11877,91.8125,,
2025-11-20 16:24:24,17.6812496,1175.7688,91.6624985,,
2025-11-20 16:24:25,17.6812496,1175.7688,91.6624985,,22.6812496
2025-11-20 16:24:26,17.6812496,1176.17505,92.6500015,,
2025-11-20 16:24:27,17.6812496,1176.17505,92.6500015,,
2025-11-20 16:24:28,17.6812496,1176.82495,93.5500031,,
2025-11-20 16:24:29,17.6812496,1176.82495,93.5500031,,
2025-11-20 16:24:30,17.6812496,1179.18127,93.5250015,,22.6812496
2025-11-20 16:24:31,17.6812496,1179.58752,94.0500031,,
2025-11-20 16:24:32,17.6812496,1179.58752,94.0500031,,
2025-11-20 16:24:34,17.6812496,1178.61255,94.5875015,,
2025-11-20 16:24:35,17.6812496,1177.96252,94.5124969,,22.6812496
2025-11-20 16:24:36,17.6812496,1177.96252,94.5124969,,
2025-11-20 16:24:37,17.6812496,1180.6438,95.4499969,,
2025-11-20 16:24:38,17.6812496,1180.6438,95.4499969,,
2025-11-20 16:24:39,17.6812496,1180.6438,95.4499969,,
2025-11-20 16:24:40,17.6812496,1180.72498,95.9000015,,22.6812496
2025-11-20 16:24:41,17.6812496,1180.31873,95.8000031,,
2025-11-20 16:24:42,17.6812496,1180.31873,95.8000031,,
2025-11-20 16:24:43,17.6812496,1182.51245,96.4250031,,
2025-11-20 16:24:44,17.6812496,1182.9187,96.6750031,,
2025-11-20 16:24:45,17.6812496,1182.9187,96.6750031,,22.6812496
2025-11-20 16:24:46,17.6812496,1182.1062,96.3874969,,
2025-11-20 16:24:47,17.6812496,1182.1062,96.3874969,,
2025-11-20 16:24:48,17.6812496,1181.78125,97.0250015,,
2025-11-20 16:24:49,17.6812496,1181.86255,97.4875031,,
2025-11-20 16:24:50,17.6812496,1181.86255,97.4875031,,22.6812496
2025-11-20 16:24:51,17.6812496,1183.0813,97.3249969,,
2025-11-20 16:24:52,17.6812496,1183.0813,97.3249969,,
2025-11-20 16:24:53,17.6812496,1183.16248,98.2750015,,
2025-11-20 16:24:54,17.6812496,1182.1875,98.6750031,,
2025-11-20 16:24:55,17.6812496,1182.1875,98.6750031,,22.6812496
2025-11-20 16:24:56,17.6812496,1182.75623,98.6875,,
2025-11-20 16:24:57,17.6812496,1182.75623,98.6875,,
2025-11-20 16:24:58,17.6812496,1183.32495,98.4749985,,
2025-11-20 16:24:59,17.6812496,1183.32495,98.4749985,,
2025-11-20 16:25:00,17.6812496,1184.05627,98.6374969,,22.6812496
2025-11-20 16:25:01,17.6812496,1183.65002,98.5749969,,
2025-11-20 16:25:02,17.6812496,1183.65002,98.5749969,,
2025-11-20 16:25:03,17.6812496,1183.65002,99.6500015,,
2025-11-20 16:25:04,17.6812496,1183.65002,99.7125015,,
2025-11-20 16:25:05,17.6812496,1183.48755,99.7125015,,22.6812496
2025-11-20 16:25:06,17.6812496,1183.48755,99.7125015,,
2025-11-20 16:25:07,17.6812496,1183.56873,99.7624969,,
2025-11-20 16:25:08,17.6812496,1183.56873,99.7624969,,
2025-11-20 16:25:09,17.6812496,1183.56873,100.012497,,
2025-11-20 16:25:10,17.6812496,1183.8125,100.012497,,22.6812496
2025-11-20 16:25:11,17.6812496,1183.48755,99.9625015,,
2025-11-20 16:25:12,17.6812496,1183.48755,99.9625015,,
2025-11-20 16:25:13,17.6812496,1183.56873,100.387497,,
2025-11-20 16:25:14,17.6812496,1183.56873,100.387497,,
2025-11-20 16:25:15,17.6812496,1184.5437,100.5625,,22.6812496
2025-11-20 16:25:16,17.6812496,1184.5437,100.5625,,
2025-11-20 16:25:17,17.6812496,1184.21875,100.587502,,
2025-11-20 16:25:18,17.6812496,1183.8125,100.6875,,
2025-11-20 16:25:19,17.6812496,1183.8125,100.6875,,
2025-11-20 16:25:20,17.6812496,1184.46252,100.875,,22.6812496
2025-11-20 16:25:21,17.6812496,1184.46252,100.875,,
2025-11-20 16:25:22,17.6812496,1184.5437,101.012497,,
2025-11-20 16:25:23,17.6812496,1184.5437,101.012497,,
2025-11-20 16:25:24,17.6812496,1184.78748,101.6875,,
2025-11-20 16:25:25,17.6812496,1183.8938,101.550003,,22.6812496
2025-11-20 16:25:26,17.6812496,1183.8938,101.550003,,
2025-11-20 16:25:27,17.6812496,1183.56873,101.849998,,
2025-11-20 16:25:28,17.6812496,1183.56873,101.849998,,
2025-11-20 16:25:29,17.6812496,1183.0,101.837502,,
2025-11-20 16:25:30,17.6812496,1181.78125,101.762497,,22.6812496
2025-11-20 16:25:31,17.6812496,1182.2688,101.574997,,
2025-11-20 16:25:32,17.6812496,1182.2688,101.574997,,
2025-11-20 16:25:33,17.6812496,1182.67505,101.537498,,
2025-11-20 16:25:34,17.6812496,1182.67505,101.537498,,
2025-11-20 16:25:35,17.6812496,1181.78125,101.587502,,22.6812496
2025-11-20 16:25:36,17.6812496,1182.1062,101.6875,,
2025-11-20 16:25:37,17.6812496,1181.69995,101.912498,,
2025-11-20 16:25:38,17.6812496,1181.94373,101.987503,,
2025-11-20 16:25:39,17.6812496,1182.1062,102.137497,,
2025-11-20 16:25:40,17.6812496,1182.51245,102.050003,,22.6812496
2025-11-20 16:25:41,17.6812496,1182.51245,102.050003,,
2025-11-20 16:25:42,17.6812496,1182.43127,101.974998,,
2025-11-20 16:25:43,17.6812496,1182.43127,101.974998,,
2025-11-20 16:25:44,17.6812496,1182.51245,101.987503,,
2025-11-20 16:25:45,17.6812496,1182.43127,101.837502,,22.6812496
2025-11-20 16:25:46,17.6812496,1182.43127,101.837502,,
2025-11-20 16:25:47,17.6812496,1181.94373,102.512497,,
2025-11-20 16:25:48,17.6812496,1182.1875,102.650002,,
2025-11-20 16:25:49,17.6812496,1182.1875,102.650002,,
2025-11-20 16:25:50,17.6812496,1180.4812,102.487503,,22.6812496
2025-11-20 16:25:51,17.6812496,1180.31873,102.474998,,
2025-11-20 16:25:52,17.6812496,1181.375,102.387497,,
2025-11-20 16:25:53,17.6812496,1180.88745,102.599998,,
2025-11-20 16:25:54,17.6812496,1180.88745,102.599998,,
2025-11-20 16:25:55,17.6812496,1179.18127,102.550003,,22.6812496
2025-11-20 16:25:56,17.6812496,1179.18127,102.5,,
2025-11-20 16:25:57,17.6812496,1178.61255,102.125,,
2025-11-20 16:25:58,17.6812496,1178.61255,102.125,,
2025-11-20 16:25:59,17.6812496,1178.61255,102.224998,,
2025-11-20 16:26:00,17.6812496,1178.61255,102.224998,,22.6812496
2025-11-20 16:26:01,17.6812496,1178.36877,102.324997,,
2025-11-20 16:26:02,17.6812496,1178.36877,102.324997,,
2025-11-20 16:26:03,17.6812496,1176.82495,102.137497,,
2025-11-20 16:26:04,17.6812496,1177.06873,102.324997,,
2025-11-20 16:26:05,17.6812496,1175.7688,102.5,,22.6812496
2025-11-20 16:26:06,17.6812496,1174.9563,102.387497,,
2025-11-20 16:26:07,17.6812496,1175.28125,102.349998,,
2025-11-20 16:26:08,17.6812496,1175.36255,102.474998,,
2025-11-20 16:26:10,17.6812496,1175.36255,102.474998,,22.6812496
2025-11-20 16:26:11,17.6812496,1175.11877,102.412498,,
2025-11-20 16:26:12,17.6812496,1175.84998,102.474998,,
2025-11-20 16:26:13,17.6812496,1175.84998,102.474998,,
2025-11-20 16:26:14,17.6812496,1174.875,102.3125,,
2025-11-20 16:26:15,17.6812496,1175.19995,102.425003,,22.6812496
2025-11-20 16:26:16,17.6812496,1174.22498,102.537498,,
2025-11-20 16:26:17,17.6812496,1174.22498,102.537498,,
2025-11-20 16:26:18,17.6812496,1172.59998,102.525002,,
2025-11-20 16:26:19,17.6812496,1172.59998,102.525002,,
2025-11-20 16:26:20,17.6812496,1172.76245,102.612503,,22.6812496
2025-11-20 16:26:21,17.6812496,1170.16248,102.487503,,
2025-11-20 16:26:22,17.6812496,1171.05627,102.512497,,
2025-11-20 16:26:23,17.6812496,1171.05627,102.512497,,
2025-11-20 16:26:24,17.6812496,1169.1062,102.637497,,
2025-11-20 16:26:25,17.6812496,1169.51245,102.349998,,22.6812496
2025-11-20 16:26:26,17.6812496,1169.51245,102.349998,,
2025-11-20 16:26:27,17.6812496,1169.2688,102.737503,,
2025-11-20 16:26:28,17.6812496,1169.2688,102.737503,,
2025-11-20 16:26:29,17.6812496,1169.34998,102.5,,
2025-11-20 16:26:30,17.6812496,1168.94373,102.550003,,22.6812496
2025-11-20 16:26:31,17.6812496,1167.72498,102.387497,,
2025-11-20 16:26:32,17.6812496,1167.07495,102.362503,,
2025-11-20 16:26:33,17.6812496,1168.05005,102.762497,,
2025-11-20 16:26:34,17.6812496,1166.18127,102.537498,,
2025-11-20 16:26:35,17.6812496,1166.18127,102.537498,,22.6812496
2025-11-20 16:26:36,17.6812496,1166.58752,102.425003,,
2025-11-20 16:26:37,17.6812496,1165.9375,102.824997,,
2025-11-20 16:26:38,17.6812496,1165.44995,102.912498,,
2025-11-20 16:26:39,17.6812496,1165.44995,102.912498,,
2025-11-20 16:26:40,17.6812496,1163.98755,102.987503,,22.6812496
2025-11-20 16:26:41,17.6812496,1163.98755,102.987503,,
2025-11-20 16:26:42,17.6812496,1162.93127,102.837502,,
2025-11-20 16:26:43,17.6812496,1162.36255,102.824997,,
2025-11-20 16:26:44,17.6812496,1162.36255,102.824997,,
2025-11-20 16:26:45,17.6812496,1162.93127,103.162498,,22.6812496
2025-11-20 16:26:46,17.6812496,1163.33752,103.1875,,
2025-11-20 16:26:47,17.6812496,1163.33752,103.1875,,
2025-11-20 16:26:48,17.6812496,1161.0625,103.275002,,
2025-11-20 16:26:49,17.6812496,1161.0625,103.275002,,
2025-11-20 16:26:50,17.6812496,1159.59998,103.175003,,22.6812496
2025-11-20 16:26:51,17.6812496,1159.59998,103.175003,,
2025-11-20 16:26:52,17.6812496,1157.0813,102.675003,,
2025-11-20 16:26:53,17.6812496,1157.0813,102.675003,,
2025-11-20 16:26:54,17.6812496,1156.59375,103.400002,,
2025-11-20 16:26:55,17.6812496,1156.59375,103.400002,,22.6812496
2025-11-20 16:26:56,17.6812496,1155.69995,102.9375,,
2025-11-20 16:26:57,17.6812496,1155.69995,65.4250031,,
2025-11-20 16:26:58,17.6812496,1155.86255,65.4250031,,
2025-11-20 16:26:59,17.6812496,1156.43127,46.6124992,,
2025-11-20 16:27:00,17.6812496,1154.23755,46.2374992,,22.6812496
2025-11-20 16:27:01,17.6812496,1154.23755,46.2374992,,
2025-11-20 16:27:02,17.6812496,1153.58752,46.2374992,,
2025-11-20 16:27:03,17.6812496,1153.58752,46.2374992,,
2025-11-20 16:27:04,17.6812496,1152.9375,46.4375,,
2025-11-20 16:27:05,17.6812496,1153.42505,45.7625008,,22.6812496
2025-11-20 16:27:06,17.6812496,1150.90625,46.2874985,,
2025-11-20 16:27:07,17.6812496,1150.90625,46.2874985,,
2025-11-20 16:27:08,17.6812496,1149.44373,46.125,,
2025-11-20 16:27:09,17.6812496,1149.44373,46.125,,
2025-11-20 16:27:10,17.6812496,1150.25623,46.0625,,22.6812496
2025-11-20 16:27:11,17.6812496,1150.25623,46.2374992,,
2025-11-20 16:27:12,17.6812496,1149.93127,46.2374992,,
2025-11-20 16:27:13,17.6812496,1149.52502,46.0999985,,
2025-11-20 16:27:14,17.6812496,1147.9812,46.1749992,,
2025-11-20 16:27:15,17.6812496,1148.7937,46.1375008,,22.6812496
2025-11-20 16:27:16,17.6812496,1148.7937,46.1375008,,
2025-11-20 16:27:17,17.6812496,1147.1687,36.8125,,
2025-11-20 16:27:18,17.6812496,1145.05627,32.5999985,,
2025-11-20 16:27:19,17.6812496,1145.05627,32.5999985,,
2025-11-20 16:27:20,17.6812496,1143.02502,32.7374992,,22.6812496
2025-11-20 16:27:21,17.6812496,1142.94373,32.4625015,,
2025-11-20 16:27:22,17.6812496,1143.2688,32.875,,
2025-11-20 16:27:23,17.6812496,1143.83752,32.9375,,
2025-11-20 16:27:24,17.6812496,1142.4563,32.625,,
2025-11-20 16:27:25,17.6812496,1141.07495,32.4500008,,22.6812496
2025-11-20 16:27:26,17.6812496,1141.07495,32.4500008,,
2025-11-20 16:27:27,17.6812496,1139.77502,32.7374992,,
2025-11-20 16:27:28,17.6812496,1140.0188,32.5,,
2025-11-20 16:27:29,17.6812496,1137.82495,32.5625,,
2025-11-20 16:27:30,17.6812496,1137.82495,32.5625,,22.6812496
2025-11-20 16:27:31,17.6812496,1136.93127,32.5625,,
2025-11-20 16:27:32,17.6812496,1137.33752,32.5875015,,
2025-11-20 16:27:33,17.6812496,1137.09375,32.4874992,,
2025-11-20 16:27:34,17.6812496,1137.09375,32.4874992,,
2025-11-20 16:27:35,17.6812496,1137.5,32.8125,,22.6812496
2025-11-20 16:27:36,17.6812496,1137.5,32.8125,,
2025-11-20 16:27:37,17.6812496,1135.55005,34.7374992,,
2025-11-20 16:27:38,17.6812496,1134.3313,34.6124992,,
2025-11-20 16:27:39,17.6812496,1134.3313,34.6124992,,
2025-11-20 16:27:40,17.6812496,1131.56873,34.6124992,,22.6812496
2025-11-20 16:27:41,17.6812496,1131.56873,34.6124992,,
2025-11-20 16:27:42,17.6812496,1130.83752,34.5250015,,
2025-11-20 16:27:44,17.6812496,1130.75623,34.8875008,,
2025-11-20 16:27:45,17.6812496,1130.75623,34.8875008,,22.6812496
2025-11-20 16:27:46,17.6812496,1130.67505,34.6749992,,
2025-11-20 16:27:47,17.6812496,1129.375,34.9000015,,
2025-11-20 16:27:48,17.6812496,1129.375,34.9000015,,
2025-11-20 16:27:49,17.6812496,1127.34375,34.6124992,,
2025-11-20 16:27:50,17.6812496,1127.8313,34.7000008,,22.6812496
2025-11-20 16:27:51,17.6812496,1127.8313,34.7000008,,
2025-11-20 16:27:52,17.6812496,1127.75,35.1124992,,
2025-11-20 16:27:53,17.6812496,1127.75,35.1124992,,
2025-11-20 16:27:54,17.6812496,1124.5813,34.3375015,,
2025-11-20 16:27:55,17.6812496,1124.74377,34.7000008,,22.6812496
2025-11-20 16:27:56,17.6812496,1124.5,34.9625015,,
2025-11-20 16:27:57,17.6812496,1124.5,34.9625015,,
2025-11-20 16:27:58,17.6812496,1123.6062,31.5750008,,
2025-11-20 16:27:59,17.6812496,1123.52502,31.3875008,,
2025-11-20 16:28:00,17.6812496,1123.52502,31.3875008,,22.6812496
2025-11-20 16:28:01,17.6812496,1120.11255,31.2999992,,
2025-11-20 16:28:02,17.6812496,1120.5188,31.4249992,,
2025-11-20 16:28:03,17.6812496,1120.5188,31.4249992,,
2025-11-20 16:28:04,17.6812496,1117.1062,31.5750008,,
2025-11-20 16:28:05,17.6812496,1117.1062,31.5750008,,22.6812496
2025-11-20 16:28:06,17.6812496,1117.1062,31.4750004,,
2025-11-20 16:28:07,17.6812496,1117.1062,31.625,,
2025-11-20 16:28:08,17.6812496,1115.96875,31.5625,,
2025-11-20 16:28:09,17.6812496,1115.31873,31.4249992,,
2025-11-20 16:28:10,17.6812496,1113.77502,31.4375,,22.6812496
2025-11-20 16:28:11,17.6812496,1113.44995,31.4249992,,
2025-11-20 16:28:12,17.6812496,1113.44995,31.4249992,,
2025-11-20 16:28:13,17.6812496,1112.80005,31.4500008,,
2025-11-20 16:28:14,17.6812496,1113.2063,31.4874992,,
2025-11-20 16:28:15,17.6812496,1113.2063,31.4874992,,22.6812496
2025-11-20 16:28:16,17.6812496,1111.4187,31.25,,
2025-11-20 16:28:17,17.6812496,1111.4187,31.25,,
2025-11-20 16:28:18,17.6812496,1111.74377,31.3624992,,
2025-11-20 16:28:19,17.6812496,1111.74377,31.3624992,,
2025-11-20 16:28:20,17.6812496,1110.6875,31.3624992,,22.6812496
2025-11-20 16:28:21,17.6812496,1110.6875,31.3624992,,
2025-11-20 16:28:22,17.6812496,1108.00623,28.7749996,,
2025-11-20 16:28:23,17.6812496,1108.1687,28.0125008,,
2025-11-20 16:28:24,17.6812496,1108.1687,28.0125008,,
2025-11-20 16:28:25,17.6812496,1105.40625,27.7999992,,22.6812496
2025-11-20 16:28:26,17.6812496,1105.40625,27.7999992,,
2025-11-20 16:28:27,17.6812496,1105.0,30.2999992,,
2025-11-20 16:28:28,17.6812496,1104.43127,30.8250008,,
2025-11-20 16:28:29,17.6812496,1104.43127,30.8250008,,
2025-11-20 16:28:30,17.6812496,1102.6438,31.0125008,,22.6812496
2025-11-20 16:28:31,17.6812496,1102.6438,31.0125008,,
2025-11-20 16:28:32,17.6812496,1100.69373,54.7625008,,
2025-11-20 16:28:33,17.6812496,1101.42505,62.4625015,,
2025-11-20 16:28:34,17.6812496,1101.42505,62.4625015,,
2025-11-20 16:28:35,17.6812496,1099.3938,62.6375008,,22.6812496
2025-11-20 16:28:36,17.6812496,1098.25623,62.4874992,,
2025-11-20 16:28:37,17.6812496,1097.44373,69.5374985,,
2025-11-20 16:28:38,17.6812496,1097.44373,69.5374985,,
2025-11-20 16:28:39,17.6812496,1097.93127,72.2125015,,
2025-11-20 16:28:40,17.6812496,1097.93127,72.2125015,,22.6812496
2025-11-20 16:28:41,17.6812496,1096.22498,72.0374985,,
2025-11-20 16:28:42,17.6812496,1096.22498,72.0374985,,
2025-11-20 16:28:43,17.6812496,1094.3562,71.75,,
2025-11-20 16:28:44,17.6812496,1094.3562,71.75,,
2025-11-20 16:28:45,17.6812496,1093.78748,71.6125031,,22.6812496
2025-11-20 16:28:46,17.6812496,1092.24377,71.5999985,,
2025-11-20 16:28:47,17.6812496,1091.59375,61.2125015,,
2025-11-20 16:28:48,17.6812496,1091.43127,57.7750015,,
2025-11-20 16:28:49,17.6812496,1091.43127,57.7750015,,
2025-11-20 16:28:50,17.6812496,1090.375,57.875,,22.6812496
2025-11-20 16:28:51,17.6812496,1090.2937,57.9375,,
2025-11-20 16:28:52,17.6812496,1090.2937,57.9375,,
2025-11-20 16:28:53,17.6812496,1088.42505,48.0750008,,
2025-11-20 16:28:54,17.6812496,1088.42505,48.0750008,,
2025-11-20 16:28:55,17.6812496,1086.3125,48.0374985,,22.6812496
2025-11-20 16:28:56,17.6812496,1086.55627,48.3250008,,
2025-11-20 16:28:57,17.6812496,1086.55627,48.3250008,,
2025-11-20 16:28:58,17.6812496,1084.84998,42.9749985,,
2025-11-20 16:28:59,17.6812496,1084.84998,42.9749985,,
2025-11-20 16:29:00,17.6812496,1084.84998,42.9249992,,22.6812496
2025-11-20 16:29:01,17.6812496,1084.03748,43.0250015,,
2025-11-20 16:29:02,17.6812496,1084.03748,43.0250015,,
2025-11-20 16:29:03,17.6812496,1081.03125,41.7750015,,
2025-11-20 16:29:04,17.6812496,1080.21875,41.8875008,,
2025-11-20 16:29:05,17.6812496,1080.21875,41.8875008,,22.6812496
2025-11-20 16:29:06,17.6812496,1078.51245,41.5625,,
2025-11-20 16:29:07,17.6812496,1078.67505,41.1124992,,
2025-11-20 16:29:08,17.6812496,1078.67505,41.1124992,,
2025-11-20 16:29:09,17.6812496,1078.75623,41.2125015,,
2025-11-20 16:29:10,17.6812496,1077.05005,40.9000015,,22.6812496
2025-11-20 16:29:11,17.6812496,1077.05005,40.9000015,,
2025-11-20 16:29:12,17.6812496,1075.42505,41.1624985,,
2025-11-20 16:29:13,17.6812496,1075.75,41.4375,,
2025-11-20 16:29:14,17.6812496,1075.75,41.4375,,
2025-11-20 16:29:15,17.6812496,1073.63745,41.5125008,,22.6812496
2025-11-20 16:29:16,17.6812496,1073.63745,41.5125008,,
2025-11-20 16:29:17,17.6812496,1072.66248,41.3624992,,
2025-11-20 16:29:18,17.6812496,1072.09375,41.6500015,,
2025-11-20 16:29:19,17.6812496,1072.09375,41.6500015,,
2025-11-20 16:29:20,17.6812496,1072.74377,41.5999985,,22.6812496
2025-11-20 16:29:21,17.6812496,1069.90002,41.6375008,,
2025-11-20 16:29:23,17.6812496,1069.57495,42.2125015,,
2025-11-20 16:29:24,17.6812496,1069.57495,42.2125015,,
2025-11-20 16:29:25,17.6812496,1067.625,41.8375015,,22.6812496
2025-11-20 16:29:26,17.6812496,1065.67505,42.0999985,,
2025-11-20 16:29:27,17.6812496,1065.67505,42.0999985,,
2025-11-20 16:29:28,17.6812496,1066.24377,42.4625015,,
2025-11-20 16:29:29,17.6812496,1065.83752,42.5125008,,
2025-11-20 16:29:30,17.6812496,1065.83752,42.5125008,,22.6812496
2025-11-20 16:29:31,17.6812496,1065.83752,42.2249985,,
2025-11-20 16:29:32,17.6812496,1062.26245,42.2249985,,
2025-11-20 16:29:33,17.6812496,1061.9375,43.2625008,,
2025-11-20 16:29:34,17.6812496,1061.9375,43.2625008,,
2025-11-20 16:29:35,17.6812496,1061.9375,43.1624985,,22.6812496
2025-11-20 16:29:36,17.6812496,1060.3125,43.1624985,,
2025-11-20 16:29:37,17.6812496,1060.3125,43.0875015,,
2025-11-20 16:29:38,17.6812496,1058.52502,43.2374992,,
2025-11-20 16:29:39,17.6812496,1059.66248,42.875,,
2025-11-20 16:29:40,17.6812496,1058.84998,43.1875,,22.6812496
2025-11-20 16:29:41,17.6812496,1058.93127,43.4500008,,
2025-11-20 16:29:42,17.6812496,1059.25623,43.5750008,,
2025-11-20 16:29:43,17.6812496,1059.25623,43.5750008,,
2025-11-20 16:29:44,17.6812496,1057.7937,43.4625015,,
2025-11-20 16:29:45,17.6812496,1057.7937,43.4625015,,22.6812496
2025-11-20 16:29:46,17.6812496,1056.57495,43.625,,
2025-11-20 16:29:47,17.6812496,1054.38123,43.8125,,
2025-11-20 16:29:48,17.6812496,1054.38123,43.8125,,
2025-11-20 16:29:49,17.6812496,1053.97498,43.8125,,
2025-11-20 16:29:50,17.6812496,1053.97498,43.8125,,22.6812496
2025-11-20 16:29:51,17.6812496,1053.40625,43.4749985,,
2025-11-20 16:29:52,17.6812496,1053.24377,43.9249992,,
2025-11-20 16:29:53,17.6812496,1053.24377,43.9249992,,
2025-11-20 16:29:54,17.6812496,1053.0813,44.0,,
2025-11-20 16:29:55,17.6812496,1052.2688,43.9124985,,22.6812496
2025-11-20 16:29:56,17.6812496,1052.2688,43.9124985,,
2025-11-20 16:29:57,17.6812496,1052.1875,43.8875008,,
2025-11-20 16:29:58,17.6812496,1052.1875,43.8875008,,
2025-11-20 16:29:59,17.6812496,1051.2937,44.2249985,,
2025-11-20 16:30:00,17.6812496,1051.2937,44.2249985,,22.6812496
2025-11-20 16:30:01,17.6812496,1051.2937,44.4375,,
2025-11-20 16:30:02,17.6812496,1051.53748,44.4375,,
2025-11-20 16:30:03,17.6812496,1051.53748,44.4749985,,
2025-11-20 16:30:04,17.6812496,1051.53748,44.4749985,,
2025-11-20 16:30:05,17.6812496,1051.53748,44.0750008,,22.6812496
2025-11-20 16:30:06,17.6812496,1049.99377,44.2625008,,
2025-11-20 16:30:07,17.6812496,1049.99377,44.2625008,,
2025-11-20 16:30:08,17.6812496,1049.34375,44.3624992,,
2025-11-20 16:30:09,17.6812496,1049.34375,44.3624992,,
2025-11-20 16:30:10,17.6812496,1049.18127,44.6375008,,22.6812496
2025-11-20 16:30:11,17.6812496,1049.18127,44.6124992,,
2025-11-20 16:30:12,17.6812496,1050.15625,44.6124992,,
2025-11-20 16:30:13,17.6812496,1050.15625,44.5499992,,
2025-11-20 16:30:14,17.6812496,1047.96252,44.7625008,,
2025-11-20 16:30:15,17.6812496,1047.96252,44.7625008,,22.6812496
2025-11-20 16:30:16,17.6812496,1047.96252,44.3875008,,
2025-11-20 16:30:17,17.6812496,1047.63745,44.9500008,,
2025-11-20 16:30:18,17.6812496,1047.63745,44.9500008,,
2025-11-20 16:30:19,17.6812496,1047.63745,44.5750008,,
2025-11-20 16:30:20,17.6812496,1047.80005,44.7249985,,22.6812496
2025-11-20 16:30:21,17.6812496,1047.80005,44.7249985,,
2025-11-20 16:30:22,17.6812496,1046.82495,44.4625015,,
2025-11-20 16:30:23,17.6812496,1046.82495,44.4625015,,
2025-11-20 16:30:24,17.6812496,1045.7688,44.4749985,,
2025-11-20 16:30:25,17.6812496,1046.09375,44.3375015,,22.6812496
2025-11-20 16:30:26,17.6812496,1046.09375,44.3375015,,
2025-11-20 16:30:27,17.6812496,1046.01245,44.6500015,,
2025-11-20 16:30:28,17.6812496,1046.01245,44.6500015,,
2025-11-20 16:30:29,17.6812496,1046.90625,44.5250015,,
2025-11-20 16:30:30,17.6812496,1046.66248,44.625,,22.6812496
2025-11-20 16:30:31,17.6812496,1046.66248,44.625,,
2025-11-20 16:30:32,17.6812496,1045.93127,44.8499985,,
2025-11-20 16:30:33,17.6812496,1045.93127,44.8499985,,
2025-11-20 16:30:34,17.6812496,1045.93127,44.7249985,,
2025-11-20 16:30:35,17.6812496,1045.93127,44.7249985,,22.6812496
2025-11-20 16:30:36,17.6812496,1046.09375,44.6124992,,
2025-11-20 16:30:37,17.6812496,1046.09375,44.6124992,,
2025-11-20 16:30:38,17.6812496,1046.82495,44.7000008,,
2025-11-20 16:30:39,17.6812496,1046.33752,44.5750008,,
2025-11-20 16:30:40,17.6812496,1045.93127,45.0374985,,22.6812496
2025-11-20 16:30:41,17.6812496,1045.93127,45.0374985,,
2025-11-20 16:30:42,17.6812496,1046.82495,44.5750008,,
2025-11-20 16:30:43,17.6812496,1046.82495,44.5750008,,
2025-11-20 16:30:44,17.6812496,1046.33752,44.7625008,,
2025-11-20 16:30:45,17.6812496,1046.01245,44.7125015,,22.6812496
2025-11-20 16:30:46,17.6812496,1046.01245,44.7125015,,
2025-11-20 16:30:47,17.6812496,1045.93127,44.7125015,,
2025-11-20 16:30:48,17.6812496,1045.93127,44.5250015,,
2025-11-20 16:30:49,17.6812496,1046.5,44.5250015,,
2025-11-20 16:30:50,17.6812496,1046.5,44.7750015,,22.6812496
2025-11-20 16:30:51,17.6812496,1045.93127,44.9749985,,
2025-11-20 16:30:52,17.6812496,1046.82495,44.625,,
2025-11-20 16:30:53,17.6812496,1046.82495,44.625,,
2025-11-20 16:30:54,17.6812496,1047.71875,44.8125,,
2025-11-20 16:30:55,17.6812496,1047.71875,44.8125,,22.6812496
2025-11-20 16:30:56,17.6812496,1048.53125,44.5250015,,
2025-11-20 16:30:57,17.6812496,1048.44995,44.7249985,,
2025-11-20 16:30:59,17.6812496,1048.125,44.6624985,,
2025-11-20 16:31:00,17.6812496,1048.125,44.6624985,,22.6812496
2025-11-20 16:31:01,17.6812496,1047.63745,45.0,,
2025-11-20 16:31:02,17.6812496,1049.50623,44.5125008,,
2025-11-20 16:31:03,17.6812496,1049.18127,44.7999992,,
2025-11-20 16:31:04,17.6812496,1049.18127,44.7999992,,
2025-11-20 16:31:05,17.6812496,1049.0188,44.9249992,,22.6812496
2025-11-20 16:31:06,17.6812496,1049.0188,44.9249992,,
2025-11-20 16:31:07,17.6812496,1049.58752,29.1625004,,
2025-11-20 16:31:08,17.6812496,1049.09998,26.8500004,,
2025-11-20 16:31:09,17.6812496,1049.09998,26.8500004,,
2025-11-20 16:31:10,17.6812496,1049.99377,26.5874996,,22.6812496
2025-11-20 16:31:11,17.6812496,1049.99377,26.5874996,,
2025-11-20 16:31:12,17.6812496,1049.42505,26.6499996,,
2025-11-20 16:31:13,17.6812496,1049.42505,26.6499996,,
2025-11-20 16:31:14,17.6812496,1051.78125,26.8125,,
2025-11-20 16:31:15,17.6812496,1051.78125,26.8125,,22.6812496
2025-11-20 16:31:16,17.6812496,1050.40002,26.8125,,
2025-11-20 16:31:17,17.6812496,1050.72498,26.7625008,,
2025-11-20 16:31:18,17.6812496,1050.72498,26.7625008,,
2025-11-20 16:31:19,17.6812496,1052.67505,26.6124992,,
2025-11-20 16:31:20,17.6812496,1052.34998,26.9125004,,22.6812496
2025-11-20 16:31:21,17.6812496,1053.16248,26.5125008,,
2025-11-20 16:31:22,17.6812496,1053.16248,26.5125008,,
2025-11-20 16:31:23,17.6812496,1053.0813,26.5499992,,
2025-11-20 16:31:24,17.6812496,1053.0813,26.5499992,,
2025-11-20 16:31:25,17.6812496,1052.67505,26.6749992,,22.6812496
2025-11-20 16:31:26,17.6812496,1052.67505,26.6749992,,
2025-11-20 16:31:27,17.6812496,1053.0813,10.2749996,,
2025-11-20 16:31:28,17.6812496,1053.0813,10.2749996,,
2025-11-20 16:31:29,17.6812496,1052.2688,10.2624998,,
2025-11-20 16:31:30,17.6812496,1052.2688,10.2624998,,22.6812496
2025-11-20 16:31:31,17.6812496,1052.9187,10.125,,
2025-11-20 16:31:32,17.6812496,1052.9187,10.125,,
2025-11-20 16:31:33,17.6812496,1052.43127,10.3374996,,
2025-11-20 16:31:34,17.6812496,1052.2688,10.25,,
2025-11-20 16:31:35,17.6812496,1052.2688,10.25,,22.6812496
2025-11-20 16:31:36,17.6812496,1054.5437,10.1000004,,
2025-11-20 16:31:37,17.6812496,1053.65002,10.0500002,,
2025-11-20 16:31:38,17.6812496,1053.65002,10.0500002,,
2025-11-20 16:31:39,17.6812496,1053.65002,10.3999996,,
2025-11-20 16:31:40,17.6812496,1056.3313,9.83749962,,22.6812496
2025-11-20 16:31:41,17.6812496,1056.3313,9.83749962,,
2025-11-20 16:31:42,17.6812496,1055.5188,10.3125,,
2025-11-20 16:31:43,17.6812496,1055.5188,10.3125,,
2025-11-20 16:31:44,17.6812496,1055.59998,10.25,,
2025-11-20 16:31:45,17.6812496,1055.59998,10.25,,22.6812496
2025-11-20 16:31:46,17.6812496,1056.9812,16.0750008,,
2025-11-20 16:31:47,17.6812496,1056.9812,16.0750008,,
2025-11-20 16:31:48,17.6812496,1057.9563,17.3875008,,
2025-11-20 16:31:49,17.6812496,1057.9563,17.3875008,,
2025-11-20 16:31:50,17.6812496,1059.01245,17.2875004,,22.6812496
2025-11-20 16:31:51,17.6812496,1059.01245,17.2875004,,
2025-11-20 16:31:52,17.6812496,1059.09375,17.0874996,,
2025-11-20 16:31:53,17.6812496,1059.09375,17.0874996,,
2025-11-20 16:31:54,17.6812496,1059.09375,17.0874996,,
2025-11-20 16:31:55,17.6812496,1058.6875,16.9750004,,22.6812496
2025-11-20 16:31:56,17.6812496,1059.09375,17.2374992,,
2025-11-20 16:31:57,17.6812496,1059.09375,17.2374992,,
2025-11-20 16:31:58,17.6812496,1058.52502,16.9624996,,
2025-11-20 16:31:59,17.6812496,1058.52502,16.9624996,,
2025-11-20 16:32:00,17.6812496,1058.52502,17.2625008,,22.6812496
2025-11-20 16:32:01,17.6812496,1058.52502,17.2625008,,
2025-11-20 16:32:02,17.6812496,1058.84998,17.0750008,,
2025-11-20 16:32:03,17.6812496,1058.36255,17.0750008,,
2025-11-20 16:32:04,17.6812496,1059.01245,17.2374992,,
2025-11-20 16:32:05,17.6812496,1059.01245,17.2374992,,22.6812496
2025-11-20 16:32:06,17.6812496,1059.66248,17.3125,,
2025-11-20 16:32:07,17.6812496,1059.66248,17.3125,,
2025-11-20 16:32:08,17.6812496,1061.36877,22.6375008,,
2025-11-20 16:32:09,17.6812496,1061.125,22.6749992,,
2025-11-20 16:32:10,17.6812496,1061.125,22.6749992,,22.6812496
2025-11-20 16:32:11,17.6812496,1061.28748,22.6499996,,
2025-11-20 16:32:12,17.6812496,1061.28748,22.6499996,,
2025-11-20 16:32:13,17.6812496,1061.2063,22.6625004,,
2025-11-20 16:32:14,17.6812496,1062.91248,22.7374992,,
2025-11-20 16:32:15,17.6812496,1062.0188,23.0625,,22.6812496
2025-11-20 16:32:16,17.6812496,1062.0188,23.0625,,
2025-11-20 16:32:17,17.6812496,1062.91248,22.5375004,,
2025-11-20 16:32:18,17.6812496,1062.91248,22.5375004,,
2025-11-20 16:32:19,17.6812496,1062.6687,22.5125008,,
2025-11-20 16:32:20,17.6812496,1062.6687,22.5125008,,22.6812496
2025-11-20 16:32:21,17.6812496,1062.8313,22.6000004,,
2025-11-20 16:32:22,17.6812496,1062.8313,22.6000004,,
2025-11-20 16:32:23,17.6812496,1061.9375,22.6000004,,
2025-11-20 16:32:24,17.6812496,1062.50623,22.6375008,,
2025-11-20 16:32:25,17.6812496,1062.50623,22.6375008,,22.6812496
2025-11-20 16:32:26,17.6812496,1061.9375,22.9500008,,
2025-11-20 16:32:27,17.6812496,1061.9375,22.9500008,,
2025-11-20 16:32:28,17.6812496,1063.23755,22.8125,,
2025-11-20 16:32:29,17.6812496,1063.23755,22.8125,,
2025-11-20 16:32:30,17.6812496,1064.2937,22.5874996,,22.6812496
2025-11-20 16:32:31,17.6812496,1064.2937,22.5874996,,
2025-11-20 16:32:32,17.6812496,1064.53748,23.2000008,,
2025-11-20 16:32:33,17.6812496,1064.53748,23.2000008,,
2025-11-20 16:32:34,17.6812496,1064.4563,23.4874992,,
2025-11-20 16:32:35,17.6812496,1064.13123,23.2124996,,22.6812496
2025-11-20 16:32:36,17.6812496,1064.13123,23.2124996,,
2025-11-20 16:32:37,17.6812496,1065.43127,23.2625008,,
2025-11-20 16:32:38,17.6812496,1065.43127,23.2625008,,
2025-11-20 16:32:39,17.6812496,1065.43127,23.3125,,
2025-11-20 16:32:40,,,,,22.6812496
2025-11-20 16:32:41,17.6812496,1065.43127,23.5125008,,
2025-11-20 16:32:42,17.6812496,1065.9187,23.5,,
2025-11-20 16:32:43,17.6812496,1065.9187,23.5,,
2025-11-20 16:32:44,17.6812496,1066.0813,23.5625,,
2025-11-20 16:32:45,17.6812496,1065.75623,23.4249992,,22.6812496
2025-11-20 16:32:46,17.6812496,1065.75623,23.4249992,,
2025-11-20 16:32:47,17.6812496,1065.67505,23.6375008,,
2025-11-20 16:32:48,17.6812496,1065.67505,23.6375008,,
2025-11-20 16:32:49,17.6812496,1065.51245,23.3500004,,
2025-11-20 16:32:50,17.6812496,1065.59375,23.4874992,,22.6812496
2025-11-20 16:32:51,17.6812496,1065.2688,23.3999996,,
2025-11-20 16:32:52,17.6812496,1065.2688,23.3999996,,
2025-11-20 16:32:53,17.6812496,1066.0813,26.125,,
2025-11-20 16:32:54,17.6812496,1066.0813,26.125,,
2025-11-20 16:32:55,17.6812496,1065.34998,26.6749992,,22.6812496
2025-11-20 16:32:56,17.6812496,1065.34998,26.6749992,,
2025-11-20 16:32:57,17.6812496,1066.48755,26.6124992,,
2025-11-20 16:32:58,17.6812496,1066.48755,26.6124992,,
2025-11-20 16:32:59,17.6812496,1065.51245,27.0499992,,
2025-11-20 16:33:00,17.6812496,1064.94373,26.375,,22.6812496
2025-11-20 16:33:01,17.6812496,1064.94373,26.375,,
2025-11-20 16:33:02,17.6812496,1066.0813,26.5499992,,
2025-11-20 16:33:03,17.6812496,1066.0813,26.5499992,,
2025-11-20 16:33:04,17.6812496,1065.59375,26.8250008,,
2025-11-20 16:33:05,17.6812496,1065.59375,26.8250008,,22.6812496
2025-11-20 16:33:06,17.6812496,1065.2688,26.7625008,,
2025-11-20 16:33:07,17.6812496,1065.2688,26.7625008,,
2025-11-20 16:33:08,17.6812496,1065.1875,26.8250008,,
2025-11-20 16:33:09,17.6812496,1066.0,26.7250004,,
2025-11-20 16:33:10,17.6812496,1066.0,26.7250004,,22.6812496
2025-11-20 16:33:11,17.6812496,1068.03125,29.2124996,,
2025-11-20 16:33:12,17.6812496,1068.03125,29.2124996,,
2025-11-20 16:33:13,17.6812496,1066.8938,29.3125,,
2025-11-20 16:33:14,17.6812496,1067.94995,29.1875,,
2025-11-20 16:33:15,17.6812496,1067.94995,29.1875,,22.6812496
2025-11-20 16:33:16,17.6812496,1067.78748,29.0625,,
2025-11-20 16:33:17,17.6812496,1067.05627,29.2000008,,
2025-11-20 16:33:18,17.6812496,1067.05627,29.2000008,,
2025-11-20 16:33:19,17.6812496,1066.8938,29.1749992,,
2025-11-20 16:33:20,17.6812496,1066.8938,29.1749992,,22.6812496
2025-11-20 16:33:21,17.6812496,1067.05627,29.1124992,,
2025-11-20 16:33:22,17.6812496,1067.05627,29.1124992,,
2025-11-20 16:33:23,17.6812496,1067.7063,28.8875008,,
2025-11-20 16:33:24,17.6812496,1067.7063,28.8875008,,
2025-11-20 16:33:25,17.6812496,1068.03125,29.2250004,,22.6812496
2025-11-20 16:33:26,17.6812496,1068.03125,29.2250004,,
2025-11-20 16:33:27,17.6812496,1068.03125,28.8999996,,
2025-11-20 16:33:28,17.6812496,1066.8125,29.4125004,,
2025-11-20 16:33:29,17.6812496,1066.8125,29.4125004,,
2025-11-20 16:33:30,17.6812496,1067.94995,29.2250004,,22.6812496
2025-11-20 16:33:31,17.6812496,1067.94995,29.2250004,,
2025-11-20 16:33:32,17.6812496,1066.16248,31.2374992,,
2025-11-20 16:33:33,17.6812496,1066.16248,31.2374992,,
2025-11-20 16:33:34,17.6812496,1065.51245,30.9750004,,
2025-11-20 16:33:35,17.6812496,1065.43127,31.1375008,,22.6812496
2025-11-20 16:33:36,17.6812496,1065.43127,31.1375008,,
2025-11-20 16:33:37,17.6812496,1065.43127,31.2250004,,
2025-11-20 16:33:38,17.6812496,1065.51245,31.1000004,,
2025-11-20 16:33:39,17.6812496,1065.51245,31.1000004,,
2025-11-20 16:33:40,17.6812496,1065.51245,31.1000004,,22.6812496
2025-11-20 16:33:41,17.6812496,1065.51245,31.0375004,,
2025-11-20 16:33:42,17.6812496,1065.2688,31.2749996,,
2025-11-20 16:33:43,17.6812496,1065.2688,31.2749996,,
2025-11-20 16:33:44,17.6812496,1065.2688,31.1625004,,
2025-11-20 16:33:45,17.6812496,1066.16248,31.1625004,,22.6812496
2025-11-20 16:33:46,17.6812496,1065.9187,31.3374996,,
2025-11-20 16:33:47,17.6812496,1065.9187,31.3374996,,
2025-11-20 16:33:48,17.6812496,1066.32495,31.25,,
2025-11-20 16:33:49,17.6812496,1065.67505,31.3250008,,
2025-11-20 16:33:50,17.6812496,1065.1875,31.1000004,,22.6812496
2025-11-20 16:33:51,17.6812496,1065.1875,31.1000004,,
2025-11-20 16:33:52,17.6812496,1065.67505,30.1749992,,
2025-11-20 16:33:53,17.6812496,1065.67505,30.1749992,,
2025-11-20 16:33:54,17.6812496,1066.40625,30.4500008,,
2025-11-20 16:33:55,17.6812496,1066.40625,30.4500008,,22.6812496
2025-11-20 16:33:56,17.6812496,1065.34998,30.0125008,,
2025-11-20 16:33:57,17.6812496,1065.43127,30.1749992,,
2025-11-20 16:33:58,17.6812496,1065.43127,30.1749992,,
2025-11-20 16:33:59,17.6812496,1065.67505,30.0375004,,
2025-11-20 16:34:00,17.6812496,1065.67505,30.0375004,,22.6812496
2025-11-20 16:34:01,17.6812496,1064.2937,30.2124996,,
2025-11-20 16:34:02,17.6812496,1064.2937,30.2625008,,
2025-11-20 16:34:03,17.6812496,1064.86255,30.2625008,,
2025-11-20 16:34:04,17.6812496,1064.05005,30.2625008,,
2025-11-20 16:34:05,17.6812496,1064.05005,30.4874992,,22.6812496
2025-11-20 16:34:06,17.6812496,1062.99377,30.0499992,,
2025-11-20 16:34:07,17.6812496,1062.99377,30.0499992,,
2025-11-20 16:34:08,17.6812496,1063.15625,30.0874996,,
2025-11-20 16:34:09,17.6812496,1062.75,30.3624992,,
2025-11-20 16:34:10,17.6812496,1062.75,30.3624992,,22.6812496
2025-11-20 16:34:11,17.6812496,1062.91248,30.2749996,,
2025-11-20 16:34:12,17.6812496,1062.91248,30.2749996,,
2025-11-20 16:34:13,17.6812496,1062.58752,27.7625008,,
2025-11-20 16:34:14,17.6812496,1062.58752,27.7625008,,
2025-11-20 16:34:15,17.6812496,1061.2063,27.7250004,,22.6812496
2025-11-20 16:34:16,17.6812496,1061.2063,27.7250004,,
2025-11-20 16:34:17,17.6812496,1059.98755,27.7875004,,
2025-11-20 16:34:18,17.6812496,1059.98755,27.7875004,,
2025-11-20 16:34:20,17.6812496,1059.5813,27.7999992,,22.6812496
2025-11-20 16:34:21,17.6812496,1059.5813,27.7999992,,
2025-11-20 16:34:22,17.6812496,1058.84998,27.6749992,,
2025-11-20 16:34:23,17.6812496,1058.84998,27.6749992,,
2025-11-20 16:34:24,17.6812496,1059.4187,27.8500004,,
2025-11-20 16:34:25,17.6812496,1059.25623,27.7749996,,22.6812496
2025-11-20 16:34:26,17.6812496,1059.25623,27.7749996,,
2025-11-20 16:34:27,17.6812496,1058.52502,27.6124992,,
2025-11-20 16:34:28,17.6812496,1058.52502,27.6124992,,
2025-11-20 16:34:29,17.6812496,1059.5813,27.6749992,,
2025-11-20 16:34:30,17.6812496,1059.5813,27.6749992,,22.6812496
2025-11-20 16:34:31,17.6812496,1058.6875,27.4125004,,
2025-11-20 16:34:32,17.6812496,1058.6875,27.4125004,,
2025-11-20 16:34:33,17.6812496,1057.30627,26.7374992,,
2025-11-20 16:34:34,17.6812496,1056.9812,26.8875008,,
2025-11-20 16:34:35,17.6812496,1056.9812,26.8875008,,22.6812496
2025-11-20 16:34:36,17.6812496,1055.92505,27.0625,,
2025-11-20 16:34:37,17.6812496,1056.57495,26.8624992,,
2025-11-20 16:34:38,17.6812496,1055.3562,26.875,,
2025-11-20 16:34:39,17.6812496,1055.3562,26.875,,
2025-11-20 16:34:40,17.6812496,1055.03125,26.9375,,22.6812496
2025-11-20 16:34:41,17.6812496,1052.83752,27.0,,
2025-11-20 16:34:42,17.6812496,1052.34998,26.9125004,,
2025-11-20 16:34:43,17.6812496,1052.34998,26.9125004,,
2025-11-20 16:34:44,17.6812496,1052.34998,26.5625,,
2025-11-20 16:34:45,17.6812496,1052.02502,26.9375,,22.6812496
2025-11-20 16:34:46,17.6812496,1052.51245,27.2625008,,
2025-11-20 16:34:47,17.6812496,1052.51245,27.2625008,,
2025-11-20 16:34:48,17.6812496,1052.1875,26.9125004,,
2025-11-20 16:34:49,17.6812496,1052.1875,26.9125004,,
2025-11-20 16:34:50,17.6812496,1051.2937,27.1124992,,22.6812496
2025-11-20 16:34:51,17.6812496,1051.2937,27.1124992,,
2025-11-20 16:34:52,17.6812496,1051.2937,26.875,,
2025-11-20 16:34:53,17.6812496,1049.42505,27.1124992,,
2025-11-20 16:34:54,17.6812496,1048.9375,27.0625,,
2025-11-20 16:34:55,17.6812496,1049.91248,27.0249996,,22.6812496
2025-11-20 16:34:56,17.6812496,1049.91248,27.0249996,,
2025-11-20 16:34:57,17.6812496,1050.15625,25.8374996,,
2025-11-20 16:34:58,17.6812496,1050.15625,25.8374996,,
2025-11-20 16:34:59,17.6812496,1047.80005,25.5375004,,
2025-11-20 16:35:00,17.6812496,1047.80005,25.5375004,,22.6812496
2025-11-20 16:35:01,17.6812496,1046.01245,25.4500008,,
2025-11-20 16:35:02,17.6812496,1046.01245,25.4500008,,
2025-11-20 16:35:03,17.6812496,1045.93127,25.3374996,,
2025-11-20 16:35:04,17.6812496,1046.74377,25.5625,,
2025-11-20 16:35:05,17.6812496,1046.74377,25.5625,,22.6812496
2025-11-20 16:35:06,17.6812496,1045.84998,25.4750004,,
2025-11-20 16:35:07,17.6812496,1046.4187,25.3500004,,
2025-11-20 16:35:08,17.6812496,1046.4187,25.3500004,,
2025-11-20 16:35:09,17.6812496,1045.36255,25.4375,,
2025-11-20 16:35:10,17.6812496,1045.36255,25.4375,,22.6812496
2025-11-20 16:35:11,17.6812496,1044.46875,25.6000004,,
2025-11-20 16:35:12,17.6812496,1044.46875,25.6000004,,
2025-11-20 16:35:13,17.6812496,1043.41248,25.6499996,,
2025-11-20 16:35:14,17.6812496,1041.94995,25.5,,
2025-11-20 16:35:15,17.6812496,1041.94995,25.5,,22.6812496
2025-11-20 16:35:16,17.6812496,1041.625,22.7374992,,
2025-11-20 16:35:17,17.6812496,1039.2688,22.2875004,,
2025-11-20 16:35:18,17.6812496,1039.2688,22.2875004,,
2025-11-20 16:35:19,17.6812496,1040.0813,22.2374992,,
2025-11-20 16:35:20,17.6812496,1040.0813,22.2374992,,22.6812496
2025-11-20 16:35:21,17.6812496,1039.43127,21.9624996,,
2025-11-20 16:35:22,17.6812496,1039.43127,21.9624996,,
2025-11-20 16:35:23,17.6812496,1039.43127,21.9624996,,
2025-11-20 16:35:24,17.6812496,1039.2688,22.1875,,
2025-11-20 16:35:25,17.6812496,1039.2688,22.1875,,22.6812496
2025-11-20 16:35:26,17.6812496,1039.1062,22.3125,,
2025-11-20 16:35:27,17.6812496,1039.1062,22.3125,,
2025-11-20 16:35:28,17.6812496,1037.4812,22.0750008,,
2025-11-20 16:35:29,17.6812496,1037.4812,22.0750008,,
2025-11-20 16:35:30,17.6812496,1038.13123,22.2625008,,22.6812496
2025-11-20 16:35:31,17.6812496,1038.13123,22.2625008,,
2025-11-20 16:35:32,17.6812496,1037.5625,22.0499992,,
2025-11-20 16:35:33,17.6812496,1036.75,22.5,,
2025-11-20 16:35:34,17.6812496,1036.75,22.5,,
2025-11-20 16:35:35,17.6812496,1036.34375,22.2875004,,22.6812496
2025-11-20 16:35:36,17.6812496,1036.42505,22.1499996,,
2025-11-20 16:35:37,17.6812496,1036.42505,22.1499996,,
2025-11-20 16:35:38,17.6812496,1036.34375,18.0750008,,
2025-11-20 16:35:39,17.6812496,1036.34375,18.0750008,,
2025-11-20 16:35:40,17.6812496,1036.0188,18.0750008,,22.6812496
2025-11-20 16:35:41,17.6812496,1036.34375,17.8374996,,
2025-11-20 16:35:42,17.6812496,1036.34375,17.8374996,,
2025-11-20 16:35:43,17.6812496,1037.15625,18.2374992,,
2025-11-20 16:35:44,17.6812496,1037.15625,18.2374992,,
2025-11-20 16:35:45,17.6812496,1036.99377,17.9874992,,22.6812496
2025-11-20 16:35:46,17.6812496,1036.42505,17.9874992,,
2025-11-20 16:35:47,17.6812496,1036.91248,18.0125008,,
2025-11-20 16:35:48,17.6812496,1036.91248,18.0125008,,
2025-11-20 16:35:49,17.6812496,1036.42505,17.6000004,,
2025-11-20 16:35:50,17.6812496,1036.75,18.2875004,,22.6812496
2025-11-20 16:35:51,17.6812496,1036.75,18.2875004,,
2025-11-20 16:35:52,17.6812496,1036.0188,17.7625008,,
2025-11-20 16:35:53,17.6812496,1036.34375,18.1875,,
2025-11-20 16:35:54,17.6812496,1036.34375,18.1875,,
2025-11-20 16:35:55,17.6812496,1036.34375,17.9249992,,22.6812496
2025-11-20 16:35:56,17.6812496,1036.0188,17.8624992,,
2025-11-20 16:35:57,17.6812496,1036.0188,17.8624992,,
2025-11-20 16:35:59,17.6812496,1036.58752,12.0625,,
2025-11-20 16:36:00,17.6812496,1036.58752,12.0625,,22.6812496
2025-11-20 16:36:01,17.6812496,1036.09998,12.125,,
2025-11-20 16:36:02,17.6812496,1038.53748,12.4750004,,
2025-11-20 16:36:03,17.6812496,1038.53748,12.4750004,,
2025-11-20 16:36:04,17.6812496,1037.6438,12.2124996,,
2025-11-20 16:36:05,17.6812496,1037.31873,12.1750002,,22.6812496
2025-11-20 16:36:06,17.6812496,1037.31873,12.1750002,,
2025-11-20 16:36:07,17.6812496,1040.0813,12.25,,
2025-11-20 16:36:08,17.6812496,1040.40625,12.3374996,,
2025-11-20 16:36:09,17.6812496,1040.40625,12.3374996,,
2025-11-20 16:36:10,17.6812496,1039.51245,12.2749996,,22.6812496
2025-11-20 16:36:11,17.6812496,1039.51245,12.2749996,,
2025-11-20 16:36:12,17.6812496,1039.1875,12.2124996,,
2025-11-20 16:36:13,17.6812496,1039.1875,12.2124996,,
2025-11-20 16:36:14,17.6812496,1039.9187,12.1374998,,
2025-11-20 16:36:15,17.6812496,1039.9187,12.1374998,,22.6812496
2025-11-20 16:36:16,17.6812496,1039.2688,12.2250004,,
2025-11-20 16:36:17,17.6812496,1040.48755,11.9875002,,
2025-11-20 16:36:18,17.6812496,1040.97498,9.69999981,,
2025-11-20 16:36:19,17.6812496,1041.7063,9.75,,
2025-11-20 16:36:20,17.6812496,1041.7063,9.75,,22.6812496
2025-11-20 16:36:21,17.6812496,1042.4375,9.51249981,,
2025-11-20 16:36:22,17.6812496,1042.4375,9.51249981,,
2025-11-20 16:36:23,17.6812496,1042.5188,9.67500019,,
2025-11-20 16:36:24,17.6812496,1044.46875,9.75,,
2025-11-20 16:36:25,17.6812496,1044.46875,9.75,,22.6812496
2025-11-20 16:36:26,17.6812496,1045.03748,9.86250019,,
2025-11-20 16:36:27,17.6812496,1045.03748,9.86250019,,
2025-11-20 16:36:28,17.6812496,1046.5,9.72500038,,
2025-11-20 16:36:29,17.6812496,1046.5,9.72500038,,
2025-11-20 16:36:30,17.6812496,1046.01245,9.625,,22.6812496
2025-11-20 16:36:31,17.6812496,1046.01245,9.625,,
2025-11-20 16:36:32,17.6812496,1045.93127,9.625,,
2025-11-20 16:36:33,17.6812496,1046.90625,9.94999981,,
2025-11-20 16:36:34,17.6812496,1046.09375,9.77499962,,
2025-11-20 16:36:35,17.6812496,1046.4187,9.86250019,,22.6812496
2025-11-20 16:36:36,17.6812496,1045.84998,7.63749981,,
2025-11-20 16:36:37,17.6812496,1048.44995,7.61250019,,
2025-11-20 16:36:38,17.6812496,1048.44995,7.61250019,,
2025-11-20 16:36:39,17.6812496,1048.44995,7.7874999,,
2025-11-20 16:36:40,17.6812496,1049.6687,7.7249999,,22.6812496
2025-11-20 16:36:41,17.6812496,1049.6687,7.7249999,,
2025-11-20 16:36:42,17.6812496,1049.34375,7.625,,
2025-11-20 16:36:43,17.6812496,1050.15625,7.7750001,,
2025-11-20 16:36:44,17.6812496,1050.15625,7.7750001,,
2025-11-20 16:36:45,17.6812496,1049.99377,7.7750001,,22.6812496
2025-11-20 16:36:46,17.6812496,1049.99377,7.7750001,,
2025-11-20 16:36:47,17.6812496,1050.96875,7.7750001,,
2025-11-20 16:36:48,17.6812496,1050.96875,7.7750001,,
2025-11-20 16:36:49,17.6812496,1050.96875,7.6875,,
2025-11-20 16:36:50,17.6812496,1053.16248,7.7125001,,22.6812496
2025-11-20 16:36:51,17.6812496,1053.16248,7.7125001,,
2025-11-20 16:36:52,17.6812496,1052.67505,7.63749981,,
2025-11-20 16:36:53,17.6812496,1053.0813,7.5999999,,
2025-11-20 16:36:54,17.6812496,1053.0813,7.5999999,,
2025-11-20 16:36:55,17.6812496,1053.24377,7.5374999,,22.6812496
2025-11-20 16:36:56,17.6812496,1053.24377,7.75,,
2025-11-20 16:36:57,17.6812496,1052.83752,7.75,,
2025-11-20 16:36:58,17.6812496,1052.2688,7.57499981,,
2025-11-20 16:36:59,17.6812496,1053.0813,7.86250019,,
2025-11-20 16:37:00,17.6812496,1053.0813,7.86250019,,22.6812496
2025-11-20 16:37:01,17.6812496,1054.78748,8.16250038,,
2025-11-20 16:37:02,17.6812496,1053.97498,8.125,,
2025-11-20 16:37:03,17.6812496,1053.97498,8.125,,
2025-11-20 16:37:04,17.6812496,1056.49377,8.36250019,,
2025-11-20 16:37:05,17.6812496,1055.76245,8.17500019,,22.6812496
2025-11-20 16:37:06,17.6812496,1055.76245,8.17500019,,
2025-11-20 16:37:07,17.6812496,1058.03748,8.08749962,,
2025-11-20 16:37:08,17.6812496,1058.03748,8.08749962,,
2025-11-20 16:37:09,17.6812496,1057.38745,8.52499962,,
2025-11-20 16:37:10,17.6812496,1057.875,8.1875,,22.6812496
2025-11-20 16:37:11,17.6812496,1057.875,8.1875,,
2025-11-20 16:37:12,17.6812496,1059.5,8.1875,,
2025-11-20 16:37:13,17.6812496,1059.25623,8.22500038,,
2025-11-20 16:37:14,17.6812496,1059.25623,8.22500038,,
2025-11-20 16:37:15,17.6812496,1059.33752,8.1875,,22.6812496
2025-11-20 16:37:16,17.6812496,1059.09375,8.25,,
2025-11-20 16:37:17,17.6812496,1059.09375,8.25,,
2025-11-20 16:37:18,17.6812496,1058.6875,8.125,,
2025-11-20 16:37:19,17.6812496,1058.6875,8.125,,
2025-11-20 16:37:20,17.6812496,1059.82495,8.52499962,,22.6812496
2025-11-20 16:37:21,17.6812496,1058.93127,8.375,,
2025-11-20 16:37:22,17.6812496,1058.93127,8.375,,
2025-11-20 16:37:23,17.6812496,1059.5,13.7624998,,
2025-11-20 16:37:24,17.6812496,1058.84998,13.7250004,,
2025-11-20 16:37:25,17.6812496,1058.84998,13.7250004,,22.6812496
2025-11-20 16:37:26,17.6812496,1061.44995,13.6000004,,
2025-11-20 16:37:27,17.6812496,1061.44995,13.6000004,,
2025-11-20 16:37:28,17.6812496,1061.28748,13.6374998,,
2025-11-20 16:37:29,17.6812496,1061.28748,13.6374998,,
2025-11-20 16:37:30,17.6812496,1062.8313,13.4875002,,22.6812496
2025-11-20 16:37:31,17.6812496,1061.69373,13.2624998,,
2025-11-20 16:37:32,17.6812496,1061.69373,13.2624998,,
2025-11-20 16:37:33,17.6812496,1062.50623,13.3000002,,
2025-11-20 16:37:34,17.6812496,1062.50623,13.3000002,,
2025-11-20 16:37:35,17.6812496,1062.18127,13.4875002,,22.6812496
2025-11-20 16:37:36,17.6812496,1062.18127,13.4875002,,
2025-11-20 16:37:37,17.6812496,1062.09998,13.5749998,,
2025-11-20 16:37:38,17.6812496,1062.34375,13.4875002,,
2025-11-20 16:37:39,17.6812496,1062.34375,13.4875002,,
2025-11-20 16:37:40,,,,,22.6812496
2025-11-20 16:37:41,17.6812496,1062.34375,13.7375002,,
2025-11-20 16:37:42,17.6812496,1062.75,13.4624996,,
2025-11-20 16:37:43,17.6812496,1061.61255,20.3875008,,
2025-11-20 16:37:44,17.6812496,1061.61255,20.3875008,,
2025-11-20 16:37:45,17.6812496,1064.86255,20.7999992,,22.6812496
2025-11-20 16:37:46,17.6812496,1064.86255,20.7999992,,
2025-11-20 16:37:47,17.6812496,1063.5625,20.6000004,,
2025-11-20 16:37:48,17.6812496,1063.5625,20.6000004,,
2025-11-20 16:37:49,17.6812496,1064.13123,20.8125,,
2025-11-20 16:37:50,17.6812496,1064.13123,20.8125,,22.6812496
2025-11-20 16:37:51,17.6812496,1064.13123,20.8125,,
2025-11-20 16:37:52,17.6812496,1063.96875,20.4874992,,
2025-11-20 16:37:53,17.6812496,1065.2688,20.6625004,,
2025-11-20 16:37:54,17.6812496,1065.2688,20.6625004,,
2025-11-20 16:37:55,17.6812496,1065.9187,20.8125,,22.6812496
2025-11-20 16:37:56,17.6812496,1065.2688,20.875,,
2025-11-20 16:37:57,17.6812496,1065.2688,20.875,,
2025-11-20 16:37:58,17.6812496,1065.34998,20.5874996,,
2025-11-20 16:37:59,17.6812496,1065.1062,20.4375,,
2025-11-20 16:38:00,17.6812496,1065.1062,20.4375,,22.6812496
2025-11-20 16:38:01,17.6812496,1066.24377,20.5750008,,
2025-11-20 16:38:02,17.6812496,1065.34998,23.3125,,
2025-11-20 16:38:03,17.6812496,1066.0813,23.8125,,
2025-11-20 16:38:04,17.6812496,1066.0813,23.8125,,
2025-11-20 16:38:05,17.6812496,1066.0,23.8374996,,22.6812496
2025-11-20 16:38:06,17.6812496,1066.0,23.8374996,,
2025-11-20 16:38:07,17.6812496,1066.32495,23.7000008,,
2025-11-20 16:38:08,17.6812496,1065.67505,23.6000004,,
2025-11-20 16:38:09,17.6812496,1065.67505,23.6000004,,
2025-11-20 16:38:10,17.6812496,1065.59375,23.9125004,,22.6812496
2025-11-20 16:38:11,17.6812496,1065.59375,23.9125004,,
2025-11-20 16:38:12,17.6812496,1066.40625,23.8374996,,
2025-11-20 16:38:13,17.6812496,1066.40625,23.8374996,,
2025-11-20 16:38:14,17.6812496,1066.24377,23.7749996,,
2025-11-20 16:38:15,17.6812496,1066.24377,23.75,,22.6812496
2025-11-20 16:38:16,17.6812496,1065.59375,23.7000008,,
2025-11-20 16:38:17,17.6812496,1065.59375,23.7000008,,
2025-11-20 16:38:18,17.6812496,1066.16248,23.7124996,,
2025-11-20 16:38:19,17.6812496,1066.16248,23.7124996,,
2025-11-20 16:38:20,17.6812496,1066.40625,23.4249992,,22.6812496
2025-11-20 16:38:21,17.6812496,1066.40625,23.4249992,,
2025-11-20 16:38:22,17.6812496,1065.75623,25.6625004,,
2025-11-20 16:38:23,17.6812496,1065.75623,25.6625004,,
2025-11-20 16:38:24,17.6812496,1065.34998,25.5625,,
2025-11-20 16:38:25,17.6812496,1065.2688,25.5625,,22.6812496
2025-11-20 16:38:26,17.6812496,1065.2688,25.7625008,,
2025-11-20 16:38:27,17.6812496,1066.65002,25.7625008,,
2025-11-20 16:38:28,17.6812496,1065.34998,25.7000008,,
2025-11-20 16:38:29,17.6812496,1065.9187,25.5375004,,
2025-11-20 16:38:30,17.6812496,1065.9187,25.5375004,,22.6812496
2025-11-20 16:38:31,17.6812496,1065.43127,25.7999992,,
2025-11-20 16:38:32,17.6812496,1065.43127,25.7999992,,
2025-11-20 16:38:33,17.6812496,1065.43127,25.7374992,,
2025-11-20 16:38:34,17.6812496,1065.43127,25.7374992,,
2025-11-20 16:38:35,17.6812496,1065.43127,25.6124992,,22.6812496
2025-11-20 16:38:36,17.6812496,1065.43127,25.6124992,,
2025-11-20 16:38:37,17.6812496,1065.43127,25.5750008,,
2025-11-20 16:38:38,17.6812496,1065.43127,25.5750008,,
2025-11-20 16:38:39,17.6812496,1067.5437,25.9500008,,
2025-11-20 16:38:40,17.6812496,1067.94995,25.8374996,,22.6812496
2025-11-20 16:38:41,17.6812496,1067.94995,25.8374996,,
2025-11-20 16:38:42,17.6812496,1067.86877,27.3500004,,
2025-11-20 16:38:43,17.6812496,1066.8125,27.4125004,,
2025-11-20 16:38:44,17.6812496,1067.94995,27.4125004,,
2025-11-20 16:38:45,17.6812496,1067.94995,27.5249996,,22.6812496
2025-11-20 16:38:46,17.6812496,1067.94995,27.5625,,
2025-11-20 16:38:47,17.6812496,1066.97498,27.1749992,,
2025-11-20 16:38:48,17.6812496,1066.97498,27.1749992,,
2025-11-20 16:38:49,17.6812496,1066.8125,27.375,,
2025-11-20 16:38:50,17.6812496,1066.8125,27.375,,22.6812496
2025-11-20 16:38:51,17.6812496,1067.94995,27.5,,
2025-11-20 16:38:52,17.6812496,1067.94995,27.5,,
2025-11-20 16:38:53,17.6812496,1067.94995,27.5,,
2025-11-20 16:38:54,17.6812496,1067.13745,27.3875008,,
2025-11-20 16:38:55,17.6812496,1067.13745,27.3875008,,22.6812496
2025-11-20 16:38:56,17.6812496,1067.46252,27.5375004,,
2025-11-20 16:38:57,17.6812496,1067.46252,27.5375004,,
2025-11-20 16:38:58,17.6812496,1066.8938,27.5874996,,
2025-11-20 16:38:59,17.6812496,1066.8938,27.5874996,,
2025-11-20 16:39:00,17.6812496,1067.7063,27.5249996,,22.6812496
2025-11-20 16:39:01,17.6812496,1067.7063,27.5249996,,
2025-11-20 16:39:02,17.6812496,1066.48755,27.4624996,,
2025-11-20 16:39:03,17.6812496,1066.8938,27.5625,,
2025-11-20 16:39:04,17.6812496,1066.8938,27.5625,,
2025-11-20 16:39:05,17.6812496,1067.05627,27.3624992,,22.6812496
2025-11-20 16:39:06,17.6812496,1066.8938,27.375,,
2025-11-20 16:39:07,17.6812496,1067.30005,27.3999996,,
2025-11-20 16:39:08,17.6812496,1067.30005,27.3999996,,
2025-11-20 16:39:09,17.6812496,1067.78748,27.3250008,,
2025-11-20 16:39:10,17.6812496,1067.46252,27.3875008,,22.6812496
2025-11-20 16:39:11,17.6812496,1067.94995,27.6749992,,
2025-11-20 16:39:12,17.6812496,1067.94995,27.6749992,,
2025-11-20 16:39:13,17.6812496,1067.21875,27.6625004,,
2025-11-20 16:39:14,17.6812496,1067.21875,27.6625004,,
2025-11-20 16:39:15,17.6812496,1067.21875,27.4125004,,22.6812496
2025-11-20 16:39:16,17.6812496,1067.38123,27.2625008,,
2025-11-20 16:39:17,17.6812496,1067.38123,27.2625008,,
2025-11-20 16:39:18,17.6812496,1067.21875,27.3500004,,
2025-11-20 16:39:19,17.6812496,1066.8938,27.4249992,,
2025-11-20 16:39:20,17.6812496,1065.43127,27.4874992,,22.6812496
2025-11-20 16:39:21,17.6812496,1066.0813,27.3374996,,
2025-11-20 16:39:22,17.6812496,1066.0813,27.3374996,,
2025-11-20 16:39:23,17.6812496,1065.51245,27.6000004,,
2025-11-20 16:39:24,17.6812496,1065.51245,27.6000004,,
2025-11-20 16:39:25,,,,,22.6812496
2025-11-20 16:39:26,17.6812496,1065.34998,27.2625008,,
2025-11-20 16:39:27,17.6812496,1066.16248,26.3999996,,
2025-11-20 16:39:28,17.6812496,1066.16248,26.3999996,,
2025-11-20 16:39:29,17.6812496,1065.02502,2.54999995,,
2025-11-20 16:39:30,17.6812496,1065.02502,2.54999995,,22.6812496
2025-11-20 16:39:31,17.6812496,1065.43127,2.7249999,,
2025-11-20 16:39:32,17.6812496,1065.43127,2.875,,
2025-11-20 16:39:33,17.6812496,1065.43127,2.875,,
2025-11-20 16:39:34,17.6812496,1066.0813,2.3499999,,
2025-11-20 16:39:35,17.6812496,1066.0813,2.7750001,,22.6812496
2025-11-20 16:39:36,17.6812496,1066.0813,2.7750001,,
2025-11-20 16:39:37,17.6812496,1065.43127,2.5999999,,
2025-11-20 16:39:38,17.6812496,1065.43127,2.5999999,,
2025-11-20 16:39:39,17.6812496,1066.24377,2.88750005,,
2025-11-20 16:39:40,17.6812496,1066.24377,2.88750005,,22.6812496
2025-11-20 16:39:41,17.6812496,1065.2688,2.9375,,
2025-11-20 16:39:42,17.6812496,1065.83752,2.6875,,
2025-11-20 16:39:43,17.6812496,1066.0813,2.5,,
2025-11-20 16:39:44,17.6812496,1066.0813,2.5,,
2025-11-20 16:39:45,17.6812496,1065.67505,2.9124999,,22.6812496
2025-11-20 16:39:46,17.6812496,1065.83752,3.25,,
2025-11-20 16:39:47,17.6812496,1066.0813,21.5750008,,
2025-11-20 16:39:48,17.6812496,1065.2688,21.7250004,,
2025-11-20 16:39:49,17.6812496,1065.9187,21.9624996,,
2025-11-20 16:39:50,17.6812496,1065.9187,21.9624996,,22.6812496
2025-11-20 16:39:51,17.6812496,1066.16248,21.8250008,,
2025-11-20 16:39:52,17.6812496,1066.0813,21.7000008,,
2025-11-20 16:39:53,17.6812496,1066.0813,21.7000008,,
2025-11-20 16:39:54,17.6812496,1065.34998,21.6499996,,
2025-11-20 16:39:55,17.6812496,1065.67505,22.0499992,,22.6812496
2025-11-20 16:39:56,17.6812496,1065.67505,21.5249996,,
2025-11-20 16:39:57,17.6812496,1063.5625,21.5874996,,
2025-11-20 16:39:58,17.6812496,1063.5625,21.5874996,,
2025-11-20 16:39:59,17.6812496,1063.80627,21.7250004,,
2025-11-20 16:40:00,17.6812496,1063.80627,21.7250004,,22.6812496
2025-11-20 16:40:01,17.6812496,1063.88745,21.7250004,,
2025-11-20 16:40:02,17.6812496,1063.72498,21.875,,
2025-11-20 16:40:03,17.6812496,1063.72498,21.875,,
2025-11-20 16:40:04,17.6812496,1062.34375,21.6625004,,
2025-11-20 16:40:05,17.6812496,1062.34375,21.6625004,,22.6812496
2025-11-20 16:40:06,17.6812496,1062.09998,22.1124992,,
2025-11-20 16:40:07,17.6812496,1062.26245,24.9500008,,
2025-11-20 16:40:08,17.6812496,1062.26245,24.9500008,,
2025-11-20 16:40:09,17.6812496,1062.0188,24.7999992,,
2025-11-20 16:40:10,17.6812496,1062.58752,24.7000008,,22.6812496
2025-11-20 16:40:11,17.6812496,1062.58752,24.7000008,,
2025-11-20 16:40:12,17.6812496,1062.42505,24.9750004,,
2025-11-20 16:40:13,17.6812496,1062.42505,24.9750004,,
2025-11-20 16:40:14,17.6812496,1061.9375,24.8875008,,
2025-11-20 16:40:15,17.6812496,1061.9375,24.8875008,,22.6812496
2025-11-20 16:40:16,17.6812496,1059.90625,25.2124996,,
2025-11-20 16:40:17,17.6812496,1059.90625,25.2124996,,
2025-11-20 16:40:18,17.6812496,1060.63745,24.7875004,,
2025-11-20 16:40:19,17.6812496,1060.63745,24.7875004,,
2025-11-20 16:40:20,17.6812496,1059.66248,25.0249996,,22.6812496
2025-11-20 16:40:21,17.6812496,1059.66248,25.0249996,,
2025-11-20 16:40:22,17.6812496,1059.66248,24.8500004,,
2025-11-20 16:40:23,17.6812496,1058.93127,25.0375004,,
2025-11-20 16:40:24,17.6812496,1058.93127,25.0375004,,
2025-11-20 16:40:25,17.6812496,1059.90625,25.1124992,,22.6812496
2025-11-20 16:40:26,17.6812496,1059.25623,24.9500008,,
2025-11-20 16:40:27,17.6812496,1059.25623,24.9500008,,
2025-11-20 16:40:28,17.6812496,1058.6875,24.0750008,,
2025-11-20 16:40:29,17.6812496,1058.6875,24.0750008,,
2025-11-20 16:40:30,17.6812496,1059.5,23.7749996,,22.6812496
2025-11-20 16:40:31,17.6812496,1059.5,23.7749996,,
2025-11-20 16:40:32,17.6812496,1058.84998,24.0750008,,
2025-11-20 16:40:33,17.6812496,1058.84998,24.0750008,,
2025-11-20 16:40:34,17.6812496,1057.38745,23.8374996,,
2025-11-20 16:40:35,17.6812496,1056.90002,23.9874992,,22.6812496
2025-11-20 16:40:36,17.6812496,1055.19373,23.8250008,,
2025-11-20 16:40:37,17.6812496,1055.3562,24.125,,
2025-11-20 16:40:38,17.6812496,1055.3562,24.125,,
2025-11-20 16:40:39,17.6812496,1054.625,23.8374996,,
2025-11-20 16:40:40,17.6812496,1055.03125,24.0,,22.6812496
2025-11-20 16:40:41,17.6812496,1055.03125,24.0,,
2025-11-20 16:40:42,17.6812496,1052.83752,23.875,,
2025-11-20 16:40:43,17.6812496,1052.83752,23.875,,
2025-11-20 16:40:44,17.6812496,1052.43127,24.0499992,,
2025-11-20 16:40:45,17.6812496,1052.43127,24.0499992,,22.6812496
2025-11-20 16:40:46,17.6812496,1052.43127,20.7250004,,
2025-11-20 16:40:47,17.6812496,1052.51245,20.7250004,,
2025-11-20 16:40:48,17.6812496,1052.1875,20.7875004,,
2025-11-20 16:40:49,17.6812496,1053.0813,20.8624992,,
2025-11-20 16:40:50,17.6812496,1053.0813,20.8624992,,22.6812496
2025-11-20 16:40:51,17.6812496,1052.59375,20.6375008,,
2025-11-20 16:40:52,17.6812496,1052.59375,20.6375008,,
2025-11-20 16:40:53,17.6812496,1051.61877,20.9874992,,
2025-11-20 16:40:54,17.6812496,1051.05005,20.6625004,,
2025-11-20 16:40:55,17.6812496,1051.53748,20.75,,22.6812496
2025-11-20 16:40:56,17.6812496,1051.53748,20.75,,
2025-11-20 16:40:57,17.6812496,1049.75,20.6749992,,
2025-11-20 16:40:58,17.6812496,1049.75,20.6749992,,
2025-11-20 16:40:59,17.6812496,1049.58752,20.7875004,,
2025-11-20 16:41:00,17.6812496,1049.58752,20.7875004,,22.6812496
2025-11-20 16:41:01,17.6812496,1050.07495,20.8374996,,
2025-11-20 16:41:02,17.6812496,1048.36877,20.5874996,,
2025-11-20 16:41:03,17.6812496,1048.36877,20.5874996,,
2025-11-20 16:41:04,17.6812496,1047.3938,20.4249992,,
2025-11-20 16:41:05,17.6812496,1046.66248,20.8624992,,22.6812496
2025-11-20 16:41:06,17.6812496,1046.66248,20.8624992,,
2025-11-20 16:41:08,17.6812496,1045.93127,20.6000004,,
2025-11-20 16:41:09,17.6812496,1045.93127,20.6000004,,
2025-11-20 16:41:10,17.6812496,1046.98755,20.7250004,,22.6812496
2025-11-20 16:41:11,17.6812496,1046.5,23.1000004,,
2025-11-20 16:41:12,17.6812496,1046.5,23.1000004,,
2025-11-20 16:41:13,17.6812496,1045.7688,21.0375004,,
2025-11-20 16:41:14,17.6812496,1045.7688,21.0375004,,
2025-11-20 16:41:15,17.6812496,1045.03748,20.75,,22.6812496
2025-11-20 16:41:16,17.6812496,1045.03748,20.75,,
2025-11-20 16:41:17,17.6812496,1042.76245,20.8374996,,
2025-11-20 16:41:18,17.6812496,1042.19373,21.5,,
2025-11-20 16:41:19,17.6812496,1042.19373,21.5,,
2025-11-20 16:41:20,17.6812496,1041.21875,21.2999992,,22.6812496
2025-11-20 16:41:21,17.6812496,1041.21875,21.2999992,,
2025-11-20 16:41:22,17.6812496,1040.16248,21.1625004,,
2025-11-20 16:41:23,17.6812496,1040.16248,21.1625004,,
2025-11-20 16:41:24,17.6812496,1039.43127,21.3999996,,
2025-11-20 16:41:25,17.6812496,1039.43127,21.4874992,,22.6812496
2025-11-20 16:41:26,17.6812496,1039.43127,21.4874992,,
2025-11-20 16:41:27,17.6812496,1040.16248,21.3624992,,
2025-11-20 16:41:28,17.6812496,1037.72498,21.5625,,
2025-11-20 16:41:29,17.6812496,1037.23755,21.7000008,,
2025-11-20 16:41:30,17.6812496,1037.23755,21.7000008,,22.6812496
2025-11-20 16:41:31,17.6812496,1037.23755,21.5750008,,
2025-11-20 16:41:32,17.6812496,1036.91248,19.4249992,,
2025-11-20 16:41:33,17.6812496,1036.91248,19.4249992,,
2025-11-20 16:41:34,17.6812496,1035.2063,19.7999992,,
2025-11-20 16:41:35,17.6812496,1034.3125,19.2625008,,22.6812496
2025-11-20 16:41:36,17.6812496,1034.3125,19.2625008,,
2025-11-20 16:41:37,17.6812496,1032.93127,20.1625004,,
2025-11-20 16:41:38,17.6812496,1032.93127,20.1625004,,
2025-11-20 16:41:39,17.6812496,1033.09375,19.6749992,,
2025-11-20 16:41:40,17.6812496,1033.09375,19.6749992,,22.6812496
2025-11-20 16:41:41,17.6812496,1032.84998,19.8875008,,
2025-11-20 16:41:42,17.6812496,1033.09375,20.7000008,,
2025-11-20 16:41:43,17.6812496,1032.7688,20.1625004,,
2025-11-20 16:41:44,17.6812496,1032.7688,20.1625004,,
2025-11-20 16:41:45,17.6812496,1031.9563,20.2999992,,22.6812496
2025-11-20 16:41:46,17.6812496,1031.875,20.25,,
2025-11-20 16:41:47,17.6812496,1031.875,20.25,,
2025-11-20 16:41:48,17.6812496,1029.92505,20.8999996,,
2025-11-20 16:41:49,17.6812496,1029.92505,20.8999996,,
2025-11-20 16:41:50,17.6812496,1029.84375,21.0125008,,22.6812496
2025-11-20 16:41:51,17.6812496,1028.625,20.1875,,
2025-11-20 16:41:52,17.6812496,1028.625,20.1875,,
2025-11-20 16:41:53,17.6812496,1028.05627,15.7624998,,
2025-11-20 16:41:54,17.6812496,1028.05627,15.7624998,,
2025-11-20 16:41:55,17.6812496,1029.03125,15.7375002,,22.6812496
2025-11-20 16:41:56,17.6812496,1026.51245,15.8374996,,
2025-11-20 16:41:57,17.6812496,1026.51245,15.8374996,,
2025-11-20 16:41:58,17.6812496,1026.67505,15.9375,,
2025-11-20 16:41:59,17.6812496,1026.67505,15.9375,,
2025-11-20 16:42:00,17.6812496,1027.65002,15.8625002,,22.6812496
2025-11-20 16:42:01,17.6812496,1027.65002,15.8625002,,
2025-11-20 16:42:02,17.6812496,1026.83752,16.5375004,,
2025-11-20 16:42:03,17.6812496,1026.83752,16.5375004,,
2025-11-20 16:42:04,17.6812496,1026.43127,16.4874992,,
2025-11-20 16:42:05,17.6812496,1026.43127,16.4874992,,22.6812496
2025-11-20 16:42:06,17.6812496,1027.48755,16.5499992,,
2025-11-20 16:42:07,17.6812496,1027.48755,16.5499992,,
2025-11-20 16:42:08,17.6812496,1027.40625,16.8374996,,
2025-11-20 16:42:09,17.6812496,1027.40625,16.8374996,,
2025-11-20 16:42:10,17.6812496,1026.43127,16.6499996,,22.6812496
2025-11-20 16:42:11,17.6812496,1026.43127,16.6499996,,
2025-11-20 16:42:12,17.6812496,1027.32495,13.6374998,,
2025-11-20 16:42:13,17.6812496,1026.2688,13.2250004,,
2025-11-20 16:42:14,17.6812496,1026.51245,13.3625002,,
2025-11-20 16:42:15,17.6812496,1026.51245,13.3625002,,22.6812496
2025-11-20 16:42:16,17.6812496,1026.75623,13.4875002,,
2025-11-20 16:42:17,17.6812496,1027.48755,13.5249996,,
2025-11-20 16:42:18,17.6812496,1027.48755,13.5249996,,
2025-11-20 16:42:19,17.6812496,1026.75623,13.6625004,,
2025-11-20 16:42:20,17.6812496,1027.56873,13.8125,,22.6812496
2025-11-20 16:42:21,17.6812496,1027.56873,13.8125,,
2025-11-20 16:42:22,17.6812496,1026.51245,14.2124996,,
2025-11-20 16:42:23,17.6812496,1026.51245,14.2124996,,
2025-11-20 16:42:24,17.6812496,1026.67505,14.0874996,,
2025-11-20 16:42:25,17.6812496,1026.43127,14.0124998,,22.6812496
2025-11-20 16:42:26,17.6812496,1026.43127,14.0124998,,
2025-11-20 16:42:27,17.6812496,1026.75623,14.5,,
2025-11-20 16:42:28,17.6812496,1026.75623,14.5,,
2025-11-20 16:42:29,17.6812496,1027.24377,14.2749996,,
2025-11-20 16:42:30,17.6812496,1027.0,14.4499998,,22.6812496
2025-11-20 16:42:31,17.6812496,1027.0,14.4499998,,
2025-11-20 16:42:32,17.6812496,1027.24377,11.7250004,,
2025-11-20 16:42:33,17.6812496,1027.24377,11.7250004,,
2025-11-20 16:42:34,17.6812496,1026.67505,11.7749996,,
2025-11-20 16:42:35,17.6812496,1026.67505,11.7749996,,22.6812496
2025-11-20 16:42:36,17.6812496,1026.83752,11.7749996,,
2025-11-20 16:42:37,17.6812496,1026.1062,11.7375002,,
2025-11-20 16:42:38,17.6812496,1027.65002,11.5124998,,
2025-11-20 16:42:39,17.6812496,1027.65002,11.5124998,,
2025-11-20 16:42:40,17.6812496,1027.65002,11.5124998,,22.6812496
2025-11-20 16:42:41,17.6812496,1026.67505,11.8125,,
2025-11-20 16:42:42,17.6812496,1026.67505,11.8125,,
2025-11-20 16:42:43,17.6812496,1028.625,12.3374996,,
2025-11-20 16:42:44,17.6812496,1028.94995,12.0,,
2025-11-20 16:42:45,17.6812496,1028.94995,12.0,,22.6812496
2025-11-20 16:42:46,17.6812496,1028.7063,12.1499996,,
2025-11-20 16:42:47,17.6812496,1027.97498,12.6499996,,
2025-11-20 16:42:49,17.6812496,1027.97498,12.6499996,,
2025-11-20 16:42:50,17.6812496,1028.21875,12.4875002,,22.6812496
2025-11-20 16:42:51,17.6812496,1028.21875,12.4875002,,
2025-11-20 16:42:52,17.6812496,1028.21875,12.3249998,,
2025-11-20 16:42:53,17.6812496,1029.59998,12.3249998,,
2025-11-20 16:42:54,17.6812496,1029.76245,11.9875002,,
2025-11-20 16:42:55,17.6812496,1029.76245,11.9875002,,22.6812496
2025-11-20 16:42:56,17.6812496,1029.76245,11.7875004,,
2025-11-20 16:42:57,17.6812496,1029.76245,11.7875004,,
2025-11-20 16:42:58,17.6812496,1031.71252,11.7250004,,
2025-11-20 16:42:59,17.6812496,1031.71252,11.7250004,,
2025-11-20 16:43:00,17.6812496,1031.55005,11.6999998,,22.6812496
2025-11-20 16:43:01,17.6812496,1031.30627,11.8125,,
2025-11-20 16:43:02,17.6812496,1031.30627,11.8125,,
2025-11-20 16:43:03,17.6812496,1031.46875,11.5249996,,
2025-11-20 16:43:04,17.6812496,1031.46875,11.5249996,,
2025-11-20 16:43:05,17.6812496,1031.46875,11.3500004,,22.6812496
2025-11-20 16:43:06,17.6812496,1033.09375,11.3500004,,
2025-11-20 16:43:07,17.6812496,1033.09375,11.1750002,,
2025-11-20 16:43:08,17.6812496,1033.09375,10.6999998,,
2025-11-20 16:43:10,17.6812496,1033.66248,10.625,,22.6812496
2025-11-20 16:43:11,17.6812496,1032.84998,10.6499996,,
2025-11-20 16:43:12,17.6812496,1032.84998,10.6499996,,
2025-11-20 16:43:13,17.6812496,1033.01245,10.4875002,,
2025-11-20 16:43:14,17.6812496,1033.01245,10.4875002,,
2025-11-20 16:43:15,17.6812496,1033.98755,10.375,,22.6812496
2025-11-20 16:43:16,17.6812496,1033.98755,10.375,,
2025-11-20 16:43:17,17.6812496,1033.98755,9.39999962,,
2025-11-20 16:43:18,17.6812496,1032.6875,9.39999962,,
2025-11-20 16:43:19,17.6812496,1033.09375,9.36250019,,
2025-11-20 16:43:20,17.6812496,1033.09375,9.36250019,,22.6812496
2025-11-20 16:43:21,17.6812496,1033.09375,9.44999981,,
2025-11-20 16:43:22,17.6812496,1035.0437,9.44999981,,
2025-11-20 16:43:23,17.6812496,1035.0437,8.63749981,,
2025-11-20 16:43:24,17.6812496,1035.2063,8.69999981,,
2025-11-20 16:43:25,17.6812496,1036.09998,8.67500019,,18.0
2025-11-20 16:43:26,17.6812496,1036.09998,8.67500019,,
2025-11-20 16:43:27,17.6812496,1036.58752,8.22500038,,
2025-11-20 16:43:28,17.6812496,1036.58752,8.22500038,,
2025-11-20 16:43:29,17.6812496,1037.15625,8.625,,
2025-11-20 16:43:30,17.6812496,1037.15625,8.625,,18.0
2025-11-20 16:43:31,17.6812496,1036.91248,8.19999981,,
2025-11-20 16:43:32,17.6812496,1037.07495,7.7874999,,
2025-11-20 16:43:33,17.6812496,1037.07495,7.7874999,,
2025-11-20 16:43:34,17.6812496,1036.18127,8.28750038,,
2025-11-20 16:43:35,17.6812496,1037.72498,7.98750019,,18.0
2025-11-20 16:43:36,17.6812496,1037.72498,7.98750019,,
2025-11-20 16:43:37,17.6812496,1037.72498,10.5500002,,
2025-11-20 16:43:38,17.6812496,1037.72498,10.5500002,,
2025-11-20 16:43:39,17.6812496,1039.43127,9.88749981,,
2025-11-20 16:43:40,17.6812496,1040.32495,10.3374996,,22.6812496
2025-11-20 16:43:41,17.6812496,1040.32495,10.3374996,,
2025-11-20 16:43:42,17.6812496,1039.2688,10.0375004,,
2025-11-20 16:43:43,17.6812496,1040.16248,10.0249996,,
2025-11-20 16:43:44,17.6812496,1040.16248,10.0249996,,
2025-11-20 16:43:45,17.6812496,1039.1062,10.125,,22.6812496
2025-11-20 16:43:46,17.6812496,1039.02502,9.94999981,,
2025-11-20 16:43:47,17.6812496,1039.75623,10.1125002,,
2025-11-20 16:43:48,17.6812496,1039.75623,10.1125002,,
2025-11-20 16:43:49,17.6812496,1040.0,9.85000038,,
2025-11-20 16:43:50,17.6812496,1039.83752,9.89999962,,22.6812496
2025-11-20 16:43:51,17.6812496,1039.83752,9.89999962,,
2025-11-20 16:43:52,17.6812496,1040.0813,9.80000019,,
2025-11-20 16:43:53,17.6812496,1039.43127,9.75,,
2025-11-20 16:43:54,17.6812496,1039.43127,9.75,,
2025-11-20 16:43:55,17.6812496,1041.38123,9.69999981,,22.6812496
2025-11-20 16:43:56,17.6812496,1041.05627,10.6125002,,
2025-11-20 16:43:57,17.6812496,1041.05627,10.6125002,,
2025-11-20 16:43:58,17.6812496,1041.21875,13.8000002,,
2025-11-20 16:43:59,17.6812496,1042.59998,13.5874996,,
2025-11-20 16:44:00,17.6812496,1042.5188,13.8125,,22.6812496
2025-11-20 16:44:01,17.6812496,1042.5188,13.8125,,
2025-11-20 16:44:02,17.6812496,1042.27502,13.5249996,,
2025-11-20 16:44:03,17.6812496,1043.3313,13.4375,,
2025-11-20 16:44:04,17.6812496,1043.3313,13.4375,,
2025-11-20 16:44:05,17.6812496,1044.38745,13.5625,,22.6812496
2025-11-20 16:44:06,17.6812496,1044.63123,13.4624996,,
2025-11-20 16:44:07,17.6812496,1044.9563,13.7250004,,
2025-11-20 16:44:08,17.6812496,1044.9563,13.7250004,,
2025-11-20 16:44:09,17.6812496,1046.25623,13.6750002,,
2025-11-20 16:44:10,17.6812496,1046.25623,13.6750002,,22.6812496
2025-11-20 16:44:11,17.6812496,1045.93127,13.8374996,,
2025-11-20 16:44:12,17.6812496,1045.93127,13.8374996,,
2025-11-20 16:44:13,17.6812496,1045.93127,13.8374996,,
2025-11-20 16:44:14,17.6812496,1046.74377,13.5874996,,
2025-11-20 16:44:15,17.6812496,1046.5,13.7375002,,22.6812496
2025-11-20 16:44:16,17.6812496,1046.5,13.7375002,,
2025-11-20 16:44:17,17.6812496,1046.4187,19.6499996,,
2025-11-20 16:44:18,17.6812496,1046.90625,19.8500004,,
2025-11-20 16:44:19,17.6812496,1046.90625,19.4125004,,
2025-11-20 16:44:20,17.6812496,1046.5,19.4125004,,22.6812496
2025-11-20 16:44:21,17.6812496,1046.5,19.7374992,,
2025-11-20 16:44:22,17.6812496,1046.98755,19.4375,,
2025-11-20 16:44:23,17.6812496,1046.98755,19.4375,,
2025-11-20 16:44:25,17.6812496,1047.3938,18.9500008,,22.6812496
2025-11-20 16:44:26,17.6812496,1047.3938,18.9500008,,
2025-11-20 16:44:27,17.6812496,1047.3938,19.2625008,,
2025-11-20 16:44:28,17.6812496,1047.3125,19.2999992,,
2025-11-20 16:44:29,17.6812496,1047.3125,19.2999992,,
2025-11-20 16:44:30,17.6812496,1049.99377,19.1499996,,22.6812496
2025-11-20 16:44:31,17.6812496,1049.99377,19.1499996,,
2025-11-20 16:44:32,17.6812496,1049.99377,19.1499996,,
2025-11-20 16:44:33,17.6812496,1050.40002,19.1875,,
2025-11-20 16:44:34,17.6812496,1050.40002,19.1875,,
2025-11-20 16:44:35,17.6812496,1049.18127,19.2000008,,22.6812496
2025-11-20 16:44:36,17.6812496,1048.9375,19.0625,,
2025-11-20 16:44:37,17.6812496,1048.9375,19.0625,,
2025-11-20 16:44:38,17.6812496,1049.99377,23.9249992,,
2025-11-20 16:44:39,17.6812496,1051.4563,23.8624992,,
2025-11-20 16:44:40,17.6812496,1051.4563,23.8624992,,22.6812496
2025-11-20 16:44:41,17.6812496,1050.96875,24.0625,,
2025-11-20 16:44:42,17.6812496,1050.72498,24.2250004,,
2025-11-20 16:44:43,17.6812496,1050.72498,24.2250004,,
2025-11-20 16:44:44,17.6812496,1052.59375,24.0874996,,
2025-11-20 16:44:45,17.6812496,1052.59375,24.0874996,,22.6812496
2025-11-20 16:44:46,17.6812496,1052.83752,24.1749992,,
2025-11-20 16:44:47,17.6812496,1053.24377,23.8500004,,
2025-11-20 16:44:48,17.6812496,1053.24377,23.8500004,,
2025-11-20 16:44:49,17.6812496,1052.43127,24.0,,
2025-11-20 16:44:50,17.6812496,1052.43127,24.0,,22.6812496
2025-11-20 16:44:51,17.6812496,1053.24377,23.7374992,,
2025-11-20 16:44:52,17.6812496,1052.43127,23.3875008,,
2025-11-20 16:44:53,17.6812496,1052.43127,23.3875008,,
2025-11-20 16:44:54,17.6812496,1052.51245,23.7000008,,
2025-11-20 16:44:55,17.6812496,1052.9187,23.75,,22.6812496
2025-11-20 16:44:56,17.6812496,1052.9187,23.75,,
2025-11-20 16:44:57,17.6812496,1054.38123,25.875,,
2025-11-20 16:44:58,17.6812496,1054.05627,25.9125004,,
2025-11-20 16:44:59,17.6812496,1054.05627,25.9125004,,
2025-11-20 16:45:00,17.6812496,1054.46252,26.0874996,,22.6812496
2025-11-20 16:45:01,17.6812496,1054.46252,26.0874996,,
2025-11-20 16:45:02,17.6812496,1055.3562,25.5750008,,
2025-11-20 16:45:03,17.6812496,1055.76245,25.6749992,,
2025-11-20 16:45:04,17.6812496,1055.76245,25.6749992,,
2025-11-20 16:45:05,17.6812496,1055.3562,25.625,,22.6812496
2025-11-20 16:45:06,17.6812496,1055.3562,25.625,,
2025-11-20 16:45:07,17.6812496,1058.03748,25.75,,
2025-11-20 16:45:08,17.6812496,1057.55005,25.6875,,
2025-11-20 16:45:09,17.6812496,1057.9563,25.5625,,
2025-11-20 16:45:10,17.6812496,1057.63123,25.4624996,,22.6812496
2025-11-20 16:45:11,17.6812496,1057.63123,25.4624996,,
2025-11-20 16:45:12,17.6812496,1057.9563,25.7875004,,
2025-11-20 16:45:13,17.6812496,1057.9563,25.7875004,,
2025-11-20 16:45:14,17.6812496,1059.09375,26.125,,
2025-11-20 16:45:15,17.6812496,1059.09375,26.125,,22.6812496
2025-11-20 16:45:16,17.6812496,1058.6062,26.0874996,,
2025-11-20 16:45:17,17.6812496,1058.6062,26.0874996,,
2025-11-20 16:45:18,17.6812496,1058.6875,26.5499992,,
2025-11-20 16:45:19,17.6812496,1059.09375,26.7250004,,
2025-11-20 16:45:20,17.6812496,1059.09375,26.7250004,,22.6812496
2025-11-20 16:45:21,17.6812496,1059.09375,26.3500004,,
2025-11-20 16:45:22,17.6812496,1058.84998,26.6499996,,
2025-11-20 16:45:23,17.6812496,1058.84998,26.6499996,,
2025-11-20 16:45:24,17.6812496,1059.17505,26.9624996,,
2025-11-20 16:45:25,17.6812496,1058.6062,26.5874996,,22.6812496
2025-11-20 16:45:26,17.6812496,1058.84998,26.5499992,,
2025-11-20 16:45:27,17.6812496,1058.93127,26.4874992,,
2025-11-20 16:45:28,17.6812496,1058.52502,26.1375008,,
2025-11-20 16:45:29,17.6812496,1058.52502,26.1375008,,
2025-11-20 16:45:30,17.6812496,1058.6875,26.6124992,,22.6812496
2025-11-20 16:45:31,17.6812496,1058.52502,26.2250004,,
2025-11-20 16:45:32,17.6812496,1058.52502,26.2250004,,
2025-11-20 16:45:33,17.6812496,1059.82495,26.1375008,,
2025-11-20 16:45:34,17.6812496,1059.82495,26.1375008,,
2025-11-20 16:45:35,17.6812496,1059.09375,26.4249992,,22.6812496
2025-11-20 16:45:36,17.6812496,1059.09375,26.4249992,,
2025-11-20 16:45:37,17.6812496,1059.66248,25.8624992,,
2025-11-20 16:45:38,17.6812496,1060.96252,25.9375,,
2025-11-20 16:45:39,17.6812496,1060.96252,25.9375,,
2025-11-20 16:45:40,17.6812496,1060.55627,25.9375,,22.6812496
2025-11-20 16:45:41,17.6812496,1060.71875,25.625,,
2025-11-20 16:45:42,17.6812496,1060.71875,25.625,,
2025-11-20 16:45:43,17.6812496,1060.47498,25.2124996,,
2025-11-20 16:45:44,17.6812496,1061.0437,25.25,,
2025-11-20 16:45:45,17.6812496,1061.0437,25.25,,22.6812496
2025-11-20 16:45:46,17.6812496,1060.55627,24.9375,,
2025-11-20 16:45:47,17.6812496,1060.96252,24.9375,,
2025-11-20 16:45:48,17.6812496,1060.2312,24.5874996,,
2025-11-20 16:45:49,17.6812496,1060.2312,24.5874996,,
2025-11-20 16:45:50,17.6812496,1060.3938,24.8374996,,22.6812496
2025-11-20 16:45:51,17.6812496,1060.3938,24.8374996,,
2025-11-20 16:45:52,17.6812496,1061.125,25.0375004,,
2025-11-20 16:45:53,17.6812496,1061.44995,24.8624992,,
2025-11-20 16:45:54,17.6812496,1061.44995,24.8624992,,
2025-11-20 16:45:55,17.6812496,1060.96252,24.9125004,,22.6812496
2025-11-20 16:45:56,17.6812496,1060.96252,24.9125004,,
2025-11-20 16:45:57,17.6812496,1060.3938,24.6625004,,
2025-11-20 16:45:58,17.6812496,1060.3938,24.6625004,,
2025-11-20 16:45:59,17.6812496,1059.98755,24.5375004,,
2025-11-20 16:46:00,17.6812496,1060.63745,24.8374996,,22.6812496
2025-11-20 16:46:01,17.6812496,1060.63745,24.8374996,,
2025-11-20 16:46:02,17.6812496,1061.53125,24.7124996,,
2025-11-20 16:46:03,17.6812496,1061.53125,24.7124996,,
2025-11-20 16:46:05,17.6812496,1059.82495,24.5874996,,22.6812496
2025-11-20 16:46:06,17.6812496,1059.4187,24.7749996,,
2025-11-20 16:46:07,17.6812496,1059.4187,24.7749996,,
2025-11-20 16:46:08,17.6812496,1059.25623,25.2875004,,
2025-11-20 16:46:09,17.6812496,1059.25623,25.2875004,,
2025-11-20 16:46:10,17.6812496,1058.84998,25.125,,22.6812496
2025-11-20 16:46:11,17.6812496,1059.5813,24.8624992,,
2025-11-20 16:46:12,17.6812496,1059.5813,24.8624992,,
2025-11-20 16:46:13,17.6812496,1059.4187,25.1124992,,
2025-11-20 16:46:14,17.6812496,1058.52502,25.2749996,,
2025-11-20 16:46:15,17.6812496,1058.52502,25.2749996,,22.6812496
2025-11-20 16:46:16,17.6812496,1059.5813,25.3374996,,
2025-11-20 16:46:17,17.6812496,1059.4187,25.0375004,,
2025-11-20 16:46:18,17.6812496,1059.4187,25.0375004,,
2025-11-20 16:46:19,17.6812496,1059.33752,25.1875,,
2025-11-20 16:46:20,17.6812496,1058.84998,25.3875008,,22.6812496
2025-11-20 16:46:21,17.6812496,1058.84998,25.3875008,,
2025-11-20 16:46:22,17.6812496,1058.6875,25.2999992,,
2025-11-20 16:46:23,17.6812496,1058.6875,25.2999992,,
2025-11-20 16:46:24,17.6812496,1059.5,24.5,,
2025-11-20 16:46:25,17.6812496,1059.5,24.5,,22.6812496
2025-11-20 16:46:26,17.6812496,1059.82495,24.7999992,,
2025-11-20 16:46:27,17.6812496,1057.71252,24.1875,,
2025-11-20 16:46:28,17.6812496,1056.90002,24.0249996,,
2025-11-20 16:46:29,17.6812496,1056.90002,24.0249996,,
2025-11-20 16:46:30,17.6812496,1056.90002,23.8875008,,22.6812496
2025-11-20 16:46:31,17.6812496,1056.41248,24.0125008,,
2025-11-20 16:46:32,17.6812496,1056.41248,24.0125008,,
2025-11-20 16:46:33,17.6812496,1056.25,24.2875004,,
2025-11-20 16:46:34,17.6812496,1056.25,24.2875004,,
2025-11-20 16:46:35,17.6812496,1055.92505,24.1625004,,22.6812496
2025-11-20 16:46:36,17.6812496,1055.92505,24.1625004,,
2025-11-20 16:46:37,17.6812496,1053.65002,24.125,,
2025-11-20 16:46:38,17.6812496,1054.05627,25.1000004,,
2025-11-20 16:46:39,17.6812496,1053.8125,24.9500008,,
2025-11-20 16:46:40,17.6812496,1053.8125,24.9500008,,22.6812496
2025-11-20 16:46:41,17.6812496,1052.02502,24.4750004,,
2025-11-20 16:46:42,17.6812496,1052.2688,24.4500008,,
2025-11-20 16:46:43,17.6812496,1052.2688,24.4500008,,
2025-11-20 16:46:44,17.6812496,1052.2688,24.5499992,,
2025-11-20 16:46:45,17.6812496,1052.75623,24.5499992,,22.6812496
2025-11-20 16:46:46,17.6812496,1052.75623,24.7000008,,
2025-11-20 16:46:47,17.6812496,1053.24377,24.6124992,,
2025-11-20 16:46:48,17.6812496,1053.24377,24.6124992,,
2025-11-20 16:46:49,17.6812496,1053.32495,24.625,,
2025-11-20 16:46:50,17.6812496,1052.2688,24.7875004,,22.6812496
2025-11-20 16:46:51,17.6812496,1052.2688,24.7875004,,
2025-11-20 16:46:52,17.6812496,1050.31873,24.6875,,
2025-11-20 16:46:53,17.6812496,1050.80627,24.7250004,,
2025-11-20 16:46:54,17.6812496,1050.80627,24.7250004,,
2025-11-20 16:46:55,17.6812496,1050.80627,24.8125,,22.6812496
2025-11-20 16:46:56,17.6812496,1050.07495,24.8125,,
2025-11-20 16:46:57,17.6812496,1050.07495,25.0874996,,
2025-11-20 16:46:58,17.6812496,1050.5625,25.3374996,,
2025-11-20 16:46:59,17.6812496,1050.5625,25.3374996,,
2025-11-20 16:47:00,17.6812496,1050.15625,25.3500004,,22.6812496
2025-11-20 16:47:01,17.6812496,1047.63745,24.7999992,,
2025-11-20 16:47:02,17.6812496,1047.63745,24.7999992,,
2025-11-20 16:47:03,17.6812496,1047.63745,24.8374996,,
2025-11-20 16:47:04,17.6812496,1046.09375,24.8374996,,
2025-11-20 16:47:05,17.6812496,1046.33752,24.375,,22.6812496
2025-11-20 16:47:06,17.6812496,1046.01245,24.9624996,,
2025-11-20 16:47:07,17.6812496,1046.01245,24.9624996,,
2025-11-20 16:47:08,17.6812496,1045.93127,25.2124996,,
2025-11-20 16:47:09,17.6812496,1045.93127,25.2124996,,
2025-11-20 16:47:10,17.6812496,1046.5,25.0874996,,22.6812496
2025-11-20 16:47:11,17.6812496,1045.93127,25.0750008,,
2025-11-20 16:47:12,17.6812496,1045.93127,25.0750008,,
2025-11-20 16:47:13,17.6812496,1045.19995,25.4750004,,
2025-11-20 16:47:14,17.6812496,1045.19995,25.4750004,,
2025-11-20 16:47:15,17.6812496,1045.19995,25.2999992,,22.6812496
2025-11-20 16:47:16,17.6812496,1043.08752,25.2999992,,
2025-11-20 16:47:17,17.6812496,1043.08752,25.8125,,
2025-11-20 16:47:18,17.6812496,1042.11255,25.75,,
2025-11-20 16:47:19,17.6812496,1042.11255,25.75,,
2025-11-20 16:47:20,17.6812496,1041.78748,25.9874992,,22.6812496
2025-11-20 16:47:21,17.6812496,1039.67505,24.7999992,,
2025-11-20 16:47:22,17.6812496,1039.67505,24.7999992,,
2025-11-20 16:47:23,17.6812496,1039.1062,23.375,,
2025-11-20 16:47:24,17.6812496,1039.1062,23.375,,
2025-11-20 16:47:25,17.6812496,1039.1062,23.3999996,,22.6812496
2025-11-20 16:47:26,17.6812496,1039.83752,23.8374996,,
2025-11-20 16:47:27,17.6812496,1039.83752,23.8374996,,
2025-11-20 16:47:28,17.6812496,1039.2688,24.4624996,,
2025-11-20 16:47:29,17.6812496,1038.53748,24.4750004,,
2025-11-20 16:47:30,17.6812496,1038.53748,24.4750004,,22.6812496
2025-11-20 16:47:31,17.6812496,1037.5625,24.8624992,,
2025-11-20 16:47:32,17.6812496,1037.5625,24.8624992,,
2025-11-20 16:47:33,17.6812496,1035.9375,25.9624996,,
2025-11-20 16:47:34,17.6812496,1035.9375,25.9624996,,
2025-11-20 16:47:35,17.6812496,1035.9375,25.9125004,,22.6812496
2025-11-20 16:47:36,17.6812496,1037.15625,25.9125004,,
2025-11-20 16:47:37,17.6812496,1037.15625,26.6625004,,
2025-11-20 16:47:38,17.6812496,1035.125,26.6625004,,
2025-11-20 16:47:39,17.6812496,1035.125,26.4874992,,
2025-11-20 16:47:40,17.6812496,1032.93127,26.7124996,,22.6812496
2025-11-20 16:47:41,17.6812496,1032.93127,26.7124996,,
2025-11-20 16:47:42,17.6812496,1034.06873,26.8500004,,
2025-11-20 16:47:43,17.6812496,1034.06873,26.8500004,,
2025-11-20 16:47:44,17.6812496,1032.93127,26.7875004,,
2025-11-20 16:47:45,17.6812496,1032.93127,26.7875004,,22.6812496
2025-11-20 16:47:46,17.6812496,1032.93127,25.0125008,,
2025-11-20 16:47:47,17.6812496,1033.5,22.1000004,,
2025-11-20 16:47:48,17.6812496,1033.5,22.1000004,,
2025-11-20 16:47:50,17.6812496,1032.03748,21.7250004,,22.6812496
2025-11-20 16:47:51,17.6812496,1032.03748,21.7250004,,
2025-11-20 16:47:52,17.6812496,1031.46875,21.9125004,,
2025-11-20 16:47:53,17.6812496,1031.1438,22.4624996,,
2025-11-20 16:47:54,17.6812496,1031.1438,22.4624996,,
2025-11-20 16:47:55,17.6812496,1031.71252,22.4249992,,22.6812496
2025-11-20 16:47:56,17.6812496,1031.71252,22.4249992,,
2025-11-20 16:47:57,17.6812496,1030.90002,22.3624992,,
2025-11-20 16:47:58,17.6812496,1030.90002,22.3624992,,
2025-11-20 16:47:59,17.6812496,1030.90002,22.3624992,,
2025-11-20 16:48:00,17.6812496,1029.84375,22.3624992,,22.6812496
2025-11-20 16:48:01,17.6812496,1029.84375,22.7124996,,
2025-11-20 16:48:02,17.6812496,1029.5188,22.7124996,,
2025-11-20 16:48:03,17.6812496,1029.5188,22.7625008,,
2025-11-20 16:48:04,17.6812496,1028.46252,23.25,,
2025-11-20 16:48:05,17.6812496,1028.46252,23.25,,22.6812496
2025-11-20 16:48:06,17.6812496,1028.94995,23.3125,,
2025-11-20 16:48:07,17.6812496,1028.625,23.4500008,,
2025-11-20 16:48:08,17.6812496,1028.625,23.4500008,,
2025-11-20 16:48:09,17.6812496,1027.97498,16.2250004,,
2025-11-20 16:48:10,17.6812496,1028.625,16.1375008,,22.6812496
2025-11-20 16:48:11,17.6812496,1028.94995,16.375,,
2025-11-20 16:48:12,17.6812496,1027.8125,16.2875004,,
2025-11-20 16:48:13,17.6812496,1027.8125,16.3875008,,
2025-11-20 16:48:14,17.6812496,1028.625,16.3875008,,
2025-11-20 16:48:15,17.6812496,1028.625,16.4375,,22.6812496
2025-11-20 16:48:16,17.6812496,1029.19373,16.2625008,,
2025-11-20 16:48:17,17.6812496,1029.19373,16.2625008,,
2025-11-20 16:48:18,17.6812496,1028.78748,16.7250004,,
2025-11-20 16:48:19,17.6812496,1028.78748,16.7250004,,
2025-11-20 16:48:20,17.6812496,1028.625,16.5874996,,22.6812496
2025-11-20 16:48:21,17.6812496,1028.625,16.5874996,,
2025-11-20 16:48:22,17.6812496,1028.30005,16.875,,
2025-11-20 16:48:23,17.6812496,1029.11255,16.9750004,,
2025-11-20 16:48:24,17.6812496,1029.11255,16.9750004,,
2025-11-20 16:48:25,17.6812496,1029.11255,17.0249996,,22.6812496
2025-11-20 16:48:26,17.6812496,1027.97498,15.8999996,,
2025-11-20 16:48:27,17.6812496,1027.97498,15.8999996,,
2025-11-20 16:48:28,17.6812496,1028.38123,13.7375002,,
2025-11-20 16:48:29,17.6812496,1028.38123,13.7375002,,
2025-11-20 16:48:30,17.6812496,1028.46252,13.6625004,,22.6812496
2025-11-20 16:48:31,17.6812496,1028.46252,13.6625004,,
2025-11-20 16:48:32,17.6812496,1028.94995,14.0749998,,
2025-11-20 16:48:33,17.6812496,1028.94995,14.0749998,,
2025-11-20 16:48:34,17.6812496,1029.19373,14.2875004,,
2025-11-20 16:48:35,17.6812496,1029.19373,14.2875004,,22.6812496
2025-11-20 16:48:36,17.6812496,1028.46252,14.4750004,,
2025-11-20 16:48:37,17.6812496,1028.46252,14.4750004,,
2025-11-20 16:48:38,17.6812496,1030.57495,14.5,,
2025-11-20 16:48:39,17.6812496,1030.3313,14.3500004,,
2025-11-20 16:48:40,17.6812496,1030.3313,14.3500004,,22.6812496
2025-11-20 16:48:41,17.6812496,1030.49377,14.4375,,
2025-11-20 16:48:42,17.6812496,1030.49377,14.4375,,
2025-11-20 16:48:43,17.6812496,1029.92505,14.7375002,,
2025-11-20 16:48:44,17.6812496,1029.76245,14.6875,,
2025-11-20 16:48:45,17.6812496,1029.76245,14.6875,,22.6812496
2025-11-20 16:48:46,17.6812496,1030.41248,13.6374998,,
2025-11-20 16:48:47,17.6812496,1029.76245,12.1875,,
2025-11-20 16:48:48,17.6812496,1029.76245,12.1875,,
2025-11-20 16:48:49,17.6812496,1030.25,12.2375002,,
2025-11-20 16:48:50,17.6812496,1030.25,12.2375002,,22.6812496
2025-11-20 16:48:51,17.6812496,1029.68127,12.0500002,,
2025-11-20 16:48:52,17.6812496,1029.68127,12.0500002,,
2025-11-20 16:48:53,17.6812496,1031.30627,12.0500002,,
2025-11-20 16:48:54,17.6812496,1031.30627,12.4250002,,
2025-11-20 16:48:55,17.6812496,1031.30627,12.4250002,,22.6812496
2025-11-20 16:48:56,17.6812496,1031.1438,12.6000004,,
2025-11-20 16:48:57,17.6812496,1031.1438,12.6000004,,
2025-11-20 16:48:58,17.6812496,1031.63123,12.4750004,,
2025-11-20 16:48:59,17.6812496,1031.9563,12.4125004,,
2025-11-20 16:49:00,17.6812496,1031.9563,12.4125004,,22.6812496
2025-11-20 16:49:01,17.6812496,1031.46875,12.4499998,,
2025-11-20 16:49:02,17.6812496,1031.46875,12.4499998,,
2025-11-20 16:49:03,17.6812496,1031.55005,12.3999996,,
2025-11-20 16:49:04,17.6812496,1031.9563,12.4499998,,
2025-11-20 16:49:05,17.6812496,1031.9563,12.4499998,,22.6812496
2025-11-20 16:49:06,17.6812496,1031.71252,12.5,,
2025-11-20 16:49:07,17.6812496,1031.71252,12.5,,
2025-11-20 16:49:08,17.6812496,1031.38745,12.3000002,,
2025-11-20 16:49:09,17.6812496,1031.38745,12.3000002,,
2025-11-20 16:49:10,17.6812496,1032.84998,12.3500004,,22.6812496
2025-11-20 16:49:11,17.6812496,1032.93127,11.7250004,,
2025-11-20 16:49:12,17.6812496,1032.93127,11.7250004,,
2025-11-20 16:49:13,17.6812496,1033.5,11.5625,,
2025-11-20 16:49:14,17.6812496,1033.5813,11.5124998,,
2025-11-20 16:49:15,17.6812496,1033.5813,11.5124998,,22.6812496
2025-11-20 16:49:16,17.6812496,1032.84998,11.1999998,,
2025-11-20 16:49:17,17.6812496,1032.84998,11.1999998,,
2025-11-20 16:49:18,17.6812496,1033.5,10.8125,,
2025-11-20 16:49:19,17.6812496,1034.06873,10.7124996,,
2025-11-20 16:49:20,17.6812496,1034.06873,10.7124996,,22.6812496
2025-11-20 16:49:21,17.6812496,1033.5,10.2749996,,
2025-11-20 16:49:22,17.6812496,1033.5,10.2749996,,
2025-11-20 16:49:23,17.6812496,1033.01245,10.25,,
2025-11-20 16:49:25,17.6812496,1032.44373,10.25,,22.6812496
2025-11-20 16:49:26,17.6812496,1032.44373,10.3000002,,
2025-11-20 16:49:27,17.6812496,1033.82495,10.3000002,,
2025-11-20 16:49:28,17.6812496,1033.90625,12.2124996,,
2025-11-20 16:49:29,17.6812496,1033.90625,12.2124996,,
2025-11-20 16:49:30,17.6812496,1032.7688,11.8874998,,22.6812496
2025-11-20 16:49:31,17.6812496,1032.7688,11.8874998,,
2025-11-20 16:49:32,17.6812496,1033.33752,11.5625,,
2025-11-20 16:49:33,17.6812496,1033.33752,11.5625,,
2025-11-20 16:49:34,17.6812496,1032.7688,11.3999996,,
2025-11-20 16:49:35,17.6812496,1032.7688,11.3999996,,22.6812496
2025-11-20 16:49:36,17.6812496,1033.82495,11.5249996,,
2025-11-20 16:49:37,17.6812496,1033.82495,11.5249996,,
2025-11-20 16:49:38,17.6812496,1033.4187,11.1999998,,
2025-11-20 16:49:39,17.6812496,1033.5,10.8500004,,
2025-11-20 16:49:40,17.6812496,1033.5,10.8500004,,22.6812496
2025-11-20 16:49:41,17.6812496,1032.93127,10.8999996,,
2025-11-20 16:49:42,17.6812496,1033.74377,10.8000002,,
2025-11-20 16:49:43,17.6812496,1033.74377,10.8000002,,
2025-11-20 16:49:44,17.6812496,1033.74377,10.6750002,,
2025-11-20 16:49:45,,,,,22.6812496
2025-11-20 16:49:46,17.6812496,1032.93127,10.6374998,,
2025-11-20 16:49:47,17.6812496,1033.17505,14.5375004,,
2025-11-20 16:49:48,17.6812496,1033.17505,14.5375004,,
2025-11-20 16:49:49,17.6812496,1034.80005,18.0874996,,
2025-11-20 16:49:50,17.6812496,1034.96252,18.1375008,,22.6812496
2025-11-20 16:49:51,17.6812496,1034.96252,18.1375008,,
2025-11-20 16:49:52,17.6812496,1034.71875,17.875,,
2025-11-20 16:49:53,17.6812496,1034.3938,17.5249996,,
2025-11-20 16:49:54,17.6812496,1034.3938,17.5249996,,
2025-11-20 16:49:55,17.6812496,1034.47498,17.4125004,,22.6812496
2025-11-20 16:49:56,17.6812496,1034.47498,17.4125004,,
2025-11-20 16:49:57,17.6812496,1035.28748,17.75,,
2025-11-20 16:49:58,17.6812496,1035.69373,17.6875,,
2025-11-20 16:49:59,17.6812496,1035.69373,17.6875,,
2025-11-20 16:50:00,17.6812496,1036.42505,17.6124992,,22.6812496
2025-11-20 16:50:01,17.6812496,1036.91248,17.6749992,,
2025-11-20 16:50:02,17.6812496,1036.18127,17.8624992,,
2025-11-20 16:50:03,17.6812496,1036.26245,17.875,,
2025-11-20 16:50:04,17.6812496,1036.26245,17.875,,
2025-11-20 16:50:05,17.6812496,1036.0188,17.6499996,,22.6812496
2025-11-20 16:50:06,17.6812496,1036.0188,17.6499996,,
2025-11-20 16:50:07,17.6812496,1036.0188,17.7124996,,
2025-11-20 16:50:08,17.6812496,1036.0188,17.7124996,,
2025-11-20 16:50:09,17.6812496,1036.18127,18.1625004,,
2025-11-20 16:50:10,17.6812496,1036.0188,17.9375,,22.6812496
2025-11-20 16:50:11,17.6812496,1036.0188,17.9375,,
2025-11-20 16:50:12,17.6812496,1036.34375,19.5375004,,
2025-11-20 16:50:13,17.6812496,1036.6687,21.0125008,,
2025-11-20 16:50:14,17.6812496,1036.6687,21.0125008,,
2025-11-20 16:50:15,17.6812496,1038.05005,20.75,,22.6812496
2025-11-20 16:50:16,17.6812496,1037.72498,20.8250008,,
2025-11-20 16:50:17,17.6812496,1037.6438,21.0125008,,
2025-11-20 16:50:18,17.6812496,1037.5625,21.1124992,,
2025-11-20 16:50:19,17.6812496,1037.5625,21.1124992,,
2025-11-20 16:50:20,17.6812496,1037.96875,21.3999996,,22.6812496
2025-11-20 16:50:21,17.6812496,1038.69995,21.3500004,,
2025-11-20 16:50:22,17.6812496,1038.69995,21.3500004,,
2025-11-20 16:50:23,17.6812496,1039.1875,20.9624996,,
2025-11-20 16:50:24,17.6812496,1039.2688,21.0625,,
2025-11-20 16:50:25,17.6812496,1039.2688,21.0625,,22.6812496
2025-11-20 16:50:26,17.6812496,1039.2688,20.8374996,,
2025-11-20 16:50:27,17.6812496,1039.2688,20.8374996,,
2025-11-20 16:50:28,17.6812496,1039.9187,20.9874992,,
2025-11-20 16:50:29,17.6812496,1039.9187,20.9874992,,
2025-11-20 16:50:30,17.6812496,1040.0813,21.1499996,,22.6812496
2025-11-20 16:50:31,17.6812496,1040.24377,20.9249992,,
2025-11-20 16:50:32,17.6812496,1040.24377,20.9249992,,
2025-11-20 16:50:33,17.6812496,1039.83752,21.0125008,,
2025-11-20 16:50:34,17.6812496,1039.83752,21.0125008,,
2025-11-20 16:50:35,17.6812496,1040.16248,20.9500008,,22.6812496
2025-11-20 16:50:36,17.6812496,1040.16248,20.9500008,,
2025-11-20 16:50:37,17.6812496,1040.0813,21.1124992,,
2025-11-20 16:50:38,17.6812496,1038.94373,20.5375004,,
2025-11-20 16:50:39,17.6812496,1038.94373,20.5375004,,
2025-11-20 16:50:40,17.6812496,1040.24377,21.0249996,,22.6812496
2025-11-20 16:50:41,17.6812496,1039.59375,21.0625,,
2025-11-20 16:50:42,17.6812496,1039.59375,21.0625,,
2025-11-20 16:50:43,17.6812496,1039.02502,21.0375004,,
2025-11-20 16:50:44,17.6812496,1039.75623,20.9624996,,
2025-11-20 16:50:45,17.6812496,1039.75623,20.9624996,,22.6812496
2025-11-20 16:50:46,17.6812496,1041.78748,21.3250008,,
2025-11-20 16:50:47,17.6812496,1041.05627,20.875,,
2025-11-20 16:50:48,17.6812496,1041.05627,20.875,,
2025-11-20 16:50:49,17.6812496,1041.5437,20.9125004,,
2025-11-20 16:50:50,17.6812496,1041.38123,20.9624996,,22.6812496
2025-11-20 16:50:51,17.6812496,1041.38123,20.9624996,,
2025-11-20 16:50:52,17.6812496,1042.84375,19.6749992,,
2025-11-20 16:50:53,17.6812496,1042.84375,19.7000008,,
2025-11-20 16:50:54,17.6812496,1043.41248,19.5,,
2025-11-20 16:50:55,17.6812496,1043.41248,19.5,,22.6812496
2025-11-20 16:50:56,17.6812496,1042.4375,19.5,,
2025-11-20 16:50:57,17.6812496,1042.4375,19.5,,
2025-11-20 16:50:58,17.6812496,1043.3313,19.8875008,,
2025-11-20 16:50:59,17.6812496,1043.41248,19.7749996,,
2025-11-20 16:51:00,17.6812496,1043.41248,19.7749996,,22.6812496
2025-11-20 16:51:01,17.6812496,1042.84375,20.6499996,,
2025-11-20 16:51:02,17.6812496,1042.84375,20.6499996,,
2025-11-20 16:51:03,17.6812496,1044.55005,20.7749996,,
2025-11-20 16:51:04,17.6812496,1044.55005,20.7749996,,
2025-11-20 16:51:05,17.6812496,1045.03748,20.7749996,,22.6812496
2025-11-20 16:51:06,17.6812496,1044.46875,20.3250008,,
2025-11-20 16:51:07,17.6812496,1044.46875,20.3250008,,
2025-11-20 16:51:08,17.6812496,1044.63123,20.8500004,,
2025-11-20 16:51:10,17.6812496,1044.46875,20.75,,22.6812496
2025-11-20 16:51:11,17.6812496,1044.46875,20.75,,
2025-11-20 16:51:12,17.6812496,1046.66248,19.7999992,,
2025-11-20 16:51:13,17.6812496,1046.66248,19.7999992,,
2025-11-20 16:51:14,17.6812496,1046.90625,18.9249992,,
2025-11-20 16:51:15,17.6812496,1046.90625,18.9249992,,22.6812496
2025-11-20 16:51:16,17.6812496,1045.6875,19.0375004,,
2025-11-20 16:51:17,17.6812496,1045.6875,19.0375004,,
2025-11-20 16:51:18,17.6812496,1046.25623,18.75,,
2025-11-20 16:51:19,17.6812496,1045.6875,18.6375008,,
2025-11-20 16:51:20,17.6812496,1045.6875,18.6375008,,22.6812496
2025-11-20 16:51:21,17.6812496,1046.5,18.7000008,,
2025-11-20 16:51:22,17.6812496,1046.90625,18.8125,,
2025-11-20 16:51:23,17.6812496,1046.90625,18.8125,,
2025-11-20 16:51:24,17.6812496,1046.25623,18.5125008,,
2025-11-20 16:51:25,17.6812496,1046.25623,18.5125008,,22.6812496
2025-11-20 16:51:26,17.6812496,1046.66248,18.4375,,
2025-11-20 16:51:27,17.6812496,1046.66248,18.4375,,
2025-11-20 16:51:28,17.6812496,1046.66248,17.9874992,,
2025-11-20 16:51:29,17.6812496,1046.09375,17.9750004,,
2025-11-20 16:51:30,17.6812496,1046.66248,18.0625,,22.6812496
2025-11-20 16:51:31,17.6812496,1046.66248,18.0625,,
2025-11-20 16:51:32,17.6812496,1045.6875,17.5249996,,
2025-11-20 16:51:33,17.6812496,1045.6875,17.5249996,,
2025-11-20 16:51:34,17.6812496,1045.6875,17.7124996,,
2025-11-20 16:51:35,17.6812496,1045.84998,17.7124996,,22.6812496
2025-11-20 16:51:36,17.6812496,1046.74377,17.6749992,,
2025-11-20 16:51:37,17.6812496,1046.74377,17.6749992,,
2025-11-20 16:51:38,17.6812496,1047.55627,17.5249996,,
2025-11-20 16:51:39,17.6812496,1047.55627,17.5249996,,
2025-11-20 16:51:40,17.6812496,1047.55627,17.3500004,,22.6812496
2025-11-20 16:51:41,17.6812496,1047.47498,17.1875,,
2025-11-20 16:51:42,17.6812496,1048.0437,17.3624992,,
2025-11-20 16:51:43,17.6812496,1048.0437,17.3624992,,
2025-11-20 16:51:44,17.6812496,1048.0437,17.3624992,,
2025-11-20 16:51:45,17.6812496,1047.96252,17.4750004,,22.6812496
2025-11-20 16:51:46,17.6812496,1047.96252,17.4750004,,
2025-11-20 16:51:47,17.6812496,1048.44995,17.3624992,,
2025-11-20 16:51:48,17.6812496,1047.55627,17.4874992,,
2025-11-20 16:51:49,17.6812496,1047.55627,17.4874992,,
2025-11-20 16:51:50,17.6812496,1048.28748,17.4750004,,22.6812496
2025-11-20 16:51:51,17.6812496,1048.28748,17.4750004,,
2025-11-20 16:51:52,17.6812496,1049.58752,18.6875,,
2025-11-20 16:51:53,17.6812496,1049.58752,18.6875,,
2025-11-20 16:51:54,17.6812496,1049.34375,19.2875004,,
2025-11-20 16:51:55,17.6812496,1049.34375,19.2875004,,22.6812496
2025-11-20 16:51:56,17.6812496,1049.99377,19.4375,,
2025-11-20 16:51:57,17.6812496,1049.99377,19.4375,,
2025-11-20 16:51:58,17.6812496,1049.18127,19.3500004,,
2025-11-20 16:51:59,17.6812496,1049.99377,19.4125004,,
2025-11-20 16:52:00,17.6812496,1049.99377,19.4125004,,22.6812496
2025-11-20 16:52:01,17.6812496,1049.99377,19.5874996,,
2025-11-20 16:52:02,17.6812496,1049.99377,19.5874996,,
2025-11-20 16:52:03,17.6812496,1049.50623,19.4249992,,
2025-11-20 16:52:04,17.6812496,1049.50623,19.4249992,,
2025-11-20 16:52:05,17.6812496,1049.0188,19.4249992,,22.6812496
2025-11-20 16:52:06,17.6812496,1049.34375,19.2374992,,
2025-11-20 16:52:07,17.6812496,1049.34375,19.2374992,,
2025-11-20 16:52:08,17.6812496,1049.34375,19.4500008,,
2025-11-20 16:52:09,17.6812496,1049.75,19.4500008,,
2025-11-20 16:52:10,17.6812496,1049.75,19.5874996,,22.6812496
2025-11-20 16:52:11,17.6812496,1049.34375,19.4375,,
2025-11-20 16:52:12,17.6812496,1049.34375,19.4375,,
2025-11-20 16:52:13,17.6812496,1049.09998,19.7749996,,
2025-11-20 16:52:14,17.6812496,1049.09998,19.7749996,,
2025-11-20 16:52:15,17.6812496,1049.0188,19.2999992,,22.6812496
2025-11-20 16:52:16,17.6812496,1049.91248,19.7875004,,
2025-11-20 16:52:17,17.6812496,1049.91248,19.7875004,,
2025-11-20 16:52:18,17.6812496,1049.18127,20.75,,
2025-11-20 16:52:19,17.6812496,1049.18127,20.75,,
2025-11-20 16:52:20,17.6812496,1049.91248,20.875,,22.6812496
2025-11-20 16:52:21,17.6812496,1050.23755,20.6000004,,
2025-11-20 16:52:22,17.6812496,1049.58752,20.6000004,,
2025-11-20 16:52:23,17.6812496,1049.58752,20.7625008,,
2025-11-20 16:52:24,17.6812496,1049.58752,20.8875008,,
2025-11-20 16:52:25,17.6812496,1049.58752,20.8875008,,22.6812496
2025-11-20 16:52:26,17.6812496,1049.91248,20.875,,
2025-11-20 16:52:27,17.6812496,1049.91248,20.875,,
2025-11-20 16:52:28,17.6812496,1049.18127,20.8125,,
2025-11-20 16:52:29,17.6812496,1049.18127,20.8125,,
2025-11-20 16:52:30,17.6812496,1049.75,21.2250004,,22.6812496
2025-11-20 16:52:31,17.6812496,1049.75,21.2250004,,
2025-11-20 16:52:32,17.6812496,1049.50623,21.125,,
2025-11-20 16:52:33,17.6812496,1049.8313,21.1875,,
2025-11-20 16:52:34,17.6812496,1049.8313,21.1875,,
2025-11-20 16:52:35,17.6812496,1049.42505,21.2374992,,22.6812496
2025-11-20 16:52:36,17.6812496,1049.18127,21.7250004,,
2025-11-20 16:52:37,17.6812496,1049.18127,21.7250004,,
2025-11-20 16:52:38,17.6812496,1048.125,22.0874996,,
2025-11-20 16:52:39,17.6812496,1048.125,22.0874996,,
2025-11-20 16:52:40,17.6812496,1047.55627,21.5625,,22.6812496
2025-11-20 16:52:41,17.6812496,1047.55627,21.5625,,
2025-11-20 16:52:42,17.6812496,1048.28748,21.8125,,
2025-11-20 16:52:43,17.6812496,1048.28748,21.8125,,
2025-11-20 16:52:44,17.6812496,1047.96252,21.7000008,,
2025-11-20 16:52:45,17.6812496,1048.44995,21.7625008,,22.6812496
2025-11-20 16:52:46,17.6812496,1047.47498,21.6375008,,
2025-11-20 16:52:48,17.6812496,1047.47498,21.6375008,,
2025-11-20 16:52:49,17.6812496,1045.84998,21.5625,,
2025-11-20 16:52:50,17.6812496,1046.82495,21.4375,,22.6812496
2025-11-20 16:52:51,17.6812496,1046.82495,21.4375,,
2025-11-20 16:52:52,17.6812496,1046.82495,21.5375004,,
2025-11-20 16:52:53,17.6812496,1046.4187,21.5375004,,
2025-11-20 16:52:54,17.6812496,1046.33752,21.3374996,,
2025-11-20 16:52:55,17.6812496,1046.33752,21.3374996,,22.6812496
2025-11-20 16:52:56,17.6812496,1046.09375,21.4874992,,
2025-11-20 16:52:57,17.6812496,1046.5813,21.0125008,,
2025-11-20 16:52:58,17.6812496,1046.5813,21.0125008,,
2025-11-20 16:52:59,17.6812496,1046.5,20.5375004,,
2025-11-20 16:53:00,17.6812496,1046.5,20.5375004,,22.6812496
2025-11-20 16:53:01,17.6812496,1045.84998,20.6875,,
2025-11-20 16:53:02,17.6812496,1045.84998,20.6875,,
2025-11-20 16:53:03,17.6812496,1045.84998,21.1000004,,
2025-11-20 16:53:04,17.6812496,1046.98755,21.0249996,,
2025-11-20 16:53:05,17.6812496,1046.98755,21.0249996,,22.6812496
2025-11-20 16:53:06,17.6812496,1047.06873,21.0249996,,
2025-11-20 16:53:07,17.6812496,1046.17505,20.7875004,,
2025-11-20 16:53:08,17.6812496,1046.17505,20.7875004,,
2025-11-20 16:53:09,17.6812496,1044.1438,20.8999996,,
2025-11-20 16:53:10,17.6812496,1045.28125,20.8250008,,22.6812496
2025-11-20 16:53:11,17.6812496,1044.9563,21.0,,
2025-11-20 16:53:12,17.6812496,1044.9563,21.0,,
2025-11-20 16:53:13,17.6812496,1043.49377,21.2625008,,
2025-11-20 16:53:14,17.6812496,1043.49377,21.2625008,,
2025-11-20 16:53:15,17.6812496,1042.3562,21.1875,,22.6812496
2025-11-20 16:53:16,17.6812496,1041.94995,20.4750004,,
2025-11-20 16:53:17,17.6812496,1041.94995,20.4750004,,
2025-11-20 16:53:18,17.6812496,1040.8125,20.5874996,,
2025-11-20 16:53:19,17.6812496,1041.86877,20.3875008,,
2025-11-20 16:53:20,17.6812496,1041.05627,20.4874992,,22.6812496
2025-11-20 16:53:21,17.6812496,1041.05627,20.4874992,,
2025-11-20 16:53:22,17.6812496,1039.1062,20.2875004,,
2025-11-20 16:53:23,17.6812496,1039.1062,20.2875004,,
2025-11-20 16:53:24,17.6812496,1040.40625,20.6499996,,
2025-11-20 16:53:25,17.6812496,1040.40625,20.6499996,,22.6812496
2025-11-20 16:53:26,17.6812496,1039.51245,20.5499992,,
2025-11-20 16:53:27,17.6812496,1039.9187,20.6124992,,
2025-11-20 16:53:28,17.6812496,1040.0813,21.0249996,,
2025-11-20 16:53:29,17.6812496,1040.0813,21.0249996,,
2025-11-20 16:53:30,17.6812496,1039.1062,20.5499992,,22.6812496
2025-11-20 16:53:31,17.6812496,1039.83752,20.6625004,,
2025-11-20 16:53:32,17.6812496,1039.83752,20.6625004,,
2025-11-20 16:53:33,17.6812496,1037.72498,21.0125008,,
2025-11-20 16:53:34,17.6812496,1037.72498,21.0125008,,
2025-11-20 16:53:35,17.6812496,1038.53748,20.9624996,,22.6812496
2025-11-20 16:53:36,17.6812496,1038.53748,20.9624996,,
2025-11-20 16:53:37,17.6812496,1038.53748,20.9624996,,
2025-11-20 16:53:38,17.6812496,1036.34375,19.3250008,,
2025-11-20 16:53:39,17.6812496,1036.34375,19.3250008,,
2025-11-20 16:53:40,17.6812496,1036.09998,19.3250008,,22.6812496
2025-11-20 16:53:41,17.6812496,1036.91248,19.375,,
2025-11-20 16:53:42,17.6812496,1035.9375,19.4125004,,
2025-11-20 16:53:43,17.6812496,1035.9375,19.4125004,,
2025-11-20 16:53:44,17.6812496,1034.3938,19.7374992,,
2025-11-20 16:53:45,17.6812496,1034.71875,19.4125004,,22.6812496
2025-11-20 16:53:46,17.6812496,1034.80005,19.4874992,,
2025-11-20 16:53:47,17.6812496,1034.80005,19.4874992,,
2025-11-20 16:53:48,17.6812496,1032.6875,19.7999992,,
2025-11-20 16:53:49,17.6812496,1033.25623,19.6124992,,
2025-11-20 16:53:50,17.6812496,1032.7688,19.7124996,,22.6812496
2025-11-20 16:53:51,17.6812496,1032.7688,19.7124996,,
2025-11-20 16:53:52,17.6812496,1033.33752,20.0,,
2025-11-20 16:53:53,17.6812496,1032.7688,19.625,,
2025-11-20 16:53:54,17.6812496,1033.74377,19.5874996,,
2025-11-20 16:53:55,17.6812496,1033.74377,19.5874996,,22.6812496
2025-11-20 16:53:56,17.6812496,1032.6875,20.0125008,,
2025-11-20 16:53:57,17.6812496,1032.6875,20.0125008,,
2025-11-20 16:53:58,17.6812496,1031.1438,18.2124996,,
2025-11-20 16:53:59,17.6812496,1031.1438,18.2124996,,
2025-11-20 16:54:00,17.6812496,1030.00623,17.9500008,,22.6812496
2025-11-20 16:54:01,17.6812496,1030.00623,17.9500008,,
2025-11-20 16:54:02,17.6812496,1030.3313,17.8875008,,
2025-11-20 16:54:03,17.6812496,1028.5437,18.5625,,
2025-11-20 16:54:04,17.6812496,1028.5437,18.5625,,
2025-11-20 16:54:05,17.6812496,1028.7063,18.5,,22.6812496
2025-11-20 16:54:06,17.6812496,1027.0813,18.7000008,,
2025-11-20 16:54:07,17.6812496,1027.48755,18.5750008,,
2025-11-20 16:54:08,17.6812496,1027.48755,18.5750008,,
2025-11-20 16:54:09,17.6812496,1026.51245,18.9249992,,
2025-11-20 16:54:10,17.6812496,1026.51245,19.2374992,,22.6812496
2025-11-20 16:54:11,17.6812496,1027.24377,19.2374992,,
2025-11-20 16:54:12,17.6812496,1027.40625,18.8125,,
2025-11-20 16:54:13,17.6812496,1026.34998,19.0625,,
2025-11-20 16:54:14,17.6812496,1026.34998,19.0625,,
2025-11-20 16:54:15,17.6812496,1025.78125,19.1375008,,22.6812496
2025-11-20 16:54:16,17.6812496,1025.78125,19.1375008,,
2025-11-20 16:54:17,17.6812496,1023.83124,18.8500004,,
2025-11-20 16:54:18,17.6812496,1024.15625,19.625,,
2025-11-20 16:54:19,17.6812496,1024.15625,19.625,,
2025-11-20 16:54:20,17.6812496,1023.42499,19.7124996,,22.6812496
2025-11-20 16:54:21,17.6812496,1022.85626,19.4125004,,
2025-11-20 16:54:22,17.6812496,1022.85626,19.4125004,,
2025-11-20 16:54:23,17.6812496,1023.91248,14.7124996,,
2025-11-20 16:54:24,17.6812496,1022.36877,14.4750004,,
2025-11-20 16:54:25,17.6812496,1021.96252,14.3874998,,22.6812496
2025-11-20 16:54:26,17.6812496,1021.88123,14.5625,,
2025-11-20 16:54:28,17.6812496,1021.88123,14.5625,,
2025-11-20 16:54:29,17.6812496,1020.82501,14.9499998,,
2025-11-20 16:54:30,17.6812496,1020.41876,15.0249996,,22.6812496
2025-11-20 16:54:31,17.6812496,1020.41876,15.0,,
2025-11-20 16:54:32,17.6812496,1019.84998,15.0,,
2025-11-20 16:54:33,17.6812496,1020.25623,14.9499998,,
2025-11-20 16:54:34,17.6812496,1020.25623,14.9499998,,
2025-11-20 16:54:35,17.6812496,1020.82501,15.25,,22.6812496
2025-11-20 16:54:36,17.6812496,1020.09375,14.8500004,,
2025-11-20 16:54:37,17.6812496,1020.09375,14.8500004,,
2025-11-20 16:54:38,17.6812496,1020.90625,15.3374996,,
2025-11-20 16:54:39,17.6812496,1020.90625,15.3374996,,
2025-11-20 16:54:40,17.6812496,1019.84998,15.6125002,,22.6812496
2025-11-20 16:54:41,17.6812496,1019.84998,15.6125002,,
2025-11-20 16:54:42,17.6812496,1019.76874,13.0500002,,
2025-11-20 16:54:43,17.6812496,1019.52502,12.625,,
2025-11-20 16:54:44,17.6812496,1019.52502,12.625,,
2025-11-20 16:54:45,17.6812496,1019.6875,12.6000004,,22.6812496
2025-11-20 16:54:46,17.6812496,1020.66248,12.4125004,,
2025-11-20 16:54:47,17.6812496,1020.66248,12.4125004,,
2025-11-20 16:54:48,17.6812496,1019.52502,12.5249996,,
2025-11-20 16:54:49,17.6812496,1020.09375,12.4125004,,
2025-11-20 16:54:50,17.6812496,1020.74377,12.5500002,,22.6812496
2025-11-20 16:54:51,17.6812496,1020.74377,12.5500002,,
2025-11-20 16:54:52,17.6812496,1020.33752,12.8000002,,
2025-11-20 16:54:53,17.6812496,1020.33752,12.8000002,,
2025-11-20 16:54:54,17.6812496,1019.84998,12.8999996,,
2025-11-20 16:54:55,17.6812496,1019.6875,12.7124996,,22.6812496
2025-11-20 16:54:56,17.6812496,1019.6875,12.7124996,,
2025-11-20 16:54:57,17.6812496,1020.82501,12.75,,
2025-11-20 16:54:58,17.6812496,1020.82501,12.75,,
2025-11-20 16:54:59,17.6812496,1019.60626,12.6499996,,
2025-11-20 16:55:00,17.6812496,1019.60626,12.6499996,,22.6812496
2025-11-20 16:55:01,17.6812496,1021.39374,11.5749998,,
2025-11-20 16:55:02,17.6812496,1021.39374,11.5749998,,
2025-11-20 16:55:03,17.6812496,1023.34375,11.2124996,,
2025-11-20 16:55:04,17.6812496,1023.34375,11.2124996,,
2025-11-20 16:55:05,17.6812496,1023.91248,11.0625,,22.6812496
2025-11-20 16:55:06,17.6812496,1023.09998,11.625,,
2025-11-20 16:55:07,17.6812496,1023.01874,11.7124996,,
2025-11-20 16:55:08,17.6812496,1023.01874,11.7124996,,
2025-11-20 16:55:09,17.6812496,1024.88745,11.7124996,,
2025-11-20 16:55:10,17.6812496,1024.88745,11.7124996,,22.6812496
2025-11-20 16:55:11,17.6812496,1026.67505,11.8000002,,
2025-11-20 16:55:12,17.6812496,1026.67505,12.2375002,,
2025-11-20 16:55:13,17.6812496,1026.83752,12.2375002,,
2025-11-20 16:55:14,17.6812496,1027.16248,11.8500004,,
2025-11-20 16:55:15,17.6812496,1027.16248,11.8500004,,22.6812496
2025-11-20 16:55:16,17.6812496,1026.51245,12.1000004,,
2025-11-20 16:55:17,17.6812496,1026.51245,12.1000004,,
2025-11-20 16:55:18,17.6812496,1029.03125,11.8125,,
2025-11-20 16:55:19,17.6812496,1028.5437,11.9375,,
2025-11-20 16:55:20,17.6812496,1030.49377,11.8874998,,22.6812496
2025-11-20 16:55:21,17.6812496,1030.49377,11.8874998,,
2025-11-20 16:55:22,17.6812496,1031.46875,9.88749981,,
2025-11-20 16:55:23,17.6812496,1031.46875,9.88749981,,
2025-11-20 16:55:24,17.6812496,1033.33752,9.83749962,,
2025-11-20 16:55:25,17.6812496,1033.17505,9.9375,,22.6812496
2025-11-20 16:55:26,17.6812496,1033.17505,9.9375,,
2025-11-20 16:55:27,17.6812496,1033.74377,10.0874996,,
2025-11-20 16:55:28,17.6812496,1032.52502,10.1750002,,
2025-11-20 16:55:29,17.6812496,1032.52502,10.1750002,,
2025-11-20 16:55:30,17.6812496,1035.28748,10.1750002,,22.6812496
2025-11-20 16:55:31,17.6812496,1035.28748,10.1374998,,
2025-11-20 16:55:32,17.6812496,1036.99377,10.1625004,,
2025-11-20 16:55:33,17.6812496,1036.50623,10.2624998,,
2025-11-20 16:55:34,17.6812496,1036.50623,10.1750002,,
2025-11-20 16:55:35,17.6812496,1036.50623,10.1750002,,22.6812496
2025-11-20 16:55:36,17.6812496,1037.88745,10.1750002,,
2025-11-20 16:55:37,17.6812496,1039.2688,9.97500038,,
2025-11-20 16:55:38,17.6812496,1039.75623,9.8125,,
2025-11-20 16:55:39,17.6812496,1039.75623,9.8125,,
2025-11-20 16:55:40,17.6812496,1039.2688,9.92500019,,22.6812496
2025-11-20 16:55:41,17.6812496,1039.2688,9.92500019,,
2025-11-20 16:55:42,17.6812496,1041.78748,9.23750019,,
2025-11-20 16:55:43,17.6812496,1041.78748,9.23750019,,
2025-11-20 16:55:44,17.6812496,1043.65625,8.92500019,,
2025-11-20 16:55:45,17.6812496,1043.65625,8.92500019,,22.6812496
2025-11-20 16:55:46,17.6812496,1045.44373,8.75,,
2025-11-20 16:55:47,17.6812496,1045.44373,8.75,,
2025-11-20 16:55:48,17.6812496,1046.5813,8.52499962,,
2025-11-20 16:55:49,17.6812496,1046.5813,8.52499962,,
2025-11-20 16:55:50,17.6812496,1045.93127,8.44999981,,22.6812496
2025-11-20 16:55:51,17.6812496,1046.09375,8.52499962,,
2025-11-20 16:55:52,17.6812496,1046.09375,8.52499962,,
2025-11-20 16:55:53,17.6812496,1047.71875,8.01249981,,
2025-11-20 16:55:54,17.6812496,1047.80005,7.5999999,,
2025-11-20 16:55:55,17.6812496,1047.80005,7.5999999,,22.6812496
2025-11-20 16:55:56,17.6812496,1049.58752,7.9375,,
2025-11-20 16:55:57,17.6812496,1050.15625,7.5625,,
2025-11-20 16:55:58,17.6812496,1050.15625,7.5625,,
2025-11-20 16:55:59,17.6812496,1050.88745,7.3499999,,
2025-11-20 16:56:00,17.6812496,1050.88745,7.3499999,,22.6812496
2025-11-20 16:56:01,17.6812496,1053.0813,7.32499981,,
2025-11-20 16:56:02,17.6812496,1052.43127,8.38749981,,
2025-11-20 16:56:03,17.6812496,1052.2688,8.9375,,
2025-11-20 16:56:04,17.6812496,1052.2688,8.9375,,
2025-11-20 16:56:05,,,,,22.6812496
2025-11-20 16:56:06,17.6812496,1053.40625,9.11250019,,
2025-11-20 16:56:07,17.6812496,1053.0813,8.91250038,,
2025-11-20 16:56:08,17.6812496,1053.0813,8.91250038,,
2025-11-20 16:56:09,17.6812496,1054.46252,8.76249981,,
2025-11-20 16:56:10,17.6812496,1054.46252,8.76249981,,22.6812496
2025-11-20 16:56:11,17.6812496,1056.08752,8.8125,,
2025-11-20 16:56:12,17.6812496,1056.08752,8.8125,,
2025-11-20 16:56:13,17.6812496,1056.9812,8.21249962,,
2025-11-20 16:56:14,17.6812496,1056.9812,8.21249962,,
2025-11-20 16:56:15,17.6812496,1056.90002,7.9124999,,22.6812496
2025-11-20 16:56:16,17.6812496,1056.90002,7.9124999,,
2025-11-20 16:56:17,17.6812496,1058.6062,8.19999981,,
2025-11-20 16:56:18,17.6812496,1058.6062,8.19999981,,
2025-11-20 16:56:19,17.6812496,1059.25623,7.9625001,,
2025-11-20 16:56:20,17.6812496,1059.25623,7.7249999,,22.6812496
2025-11-20 16:56:21,17.6812496,1059.5813,7.7249999,,
2025-11-20 16:56:22,17.6812496,1059.5813,8.02499962,,
2025-11-20 16:56:23,17.6812496,1059.4187,7.63749981,,
2025-11-20 16:56:24,17.6812496,1060.2312,7.57499981,,
2025-11-20 16:56:25,17.6812496,1060.2312,7.57499981,,22.6812496
2025-11-20 16:56:26,17.6812496,1060.47498,7.5374999,,
2025-11-20 16:56:27,17.6812496,1062.34375,9.21249962,,
2025-11-20 16:56:28,17.6812496,1062.50623,10.4125004,,
2025-11-20 16:56:29,17.6812496,1062.50623,10.4250002,,
2025-11-20 16:56:30,17.6812496,1062.99377,10.4250002,,22.6812496
2025-11-20 16:56:31,17.6812496,1062.18127,10.3374996,,
2025-11-20 16:56:32,17.6812496,1062.18127,10.3374996,,
2025-11-20 16:56:33,17.6812496,1064.94373,10.0625,,
2025-11-20 16:56:34,17.6812496,1064.21252,9.92500019,,
2025-11-20 16:56:35,17.6812496,1063.5625,9.77499962,,22.6812496
2025-11-20 16:56:36,17.6812496,1064.61877,9.63749981,,
2025-11-20 16:56:37,17.6812496,1064.61877,9.63749981,,
2025-11-20 16:56:38,17.6812496,1064.94373,9.72500038,,
2025-11-20 16:56:39,17.6812496,1064.94373,9.72500038,,
2025-11-20 16:56:40,17.6812496,1065.43127,9.60000038,,22.6812496
2025-11-20 16:56:41,17.6812496,1066.40625,9.5,,
2025-11-20 16:56:42,17.6812496,1066.40625,9.5,,
2025-11-20 16:56:43,17.6812496,1065.51245,9.51249981,,
2025-11-20 16:56:44,17.6812496,1065.51245,9.51249981,,
2025-11-20 16:56:45,17.6812496,1065.83752,9.75,,22.6812496
2025-11-20 16:56:46,17.6812496,1066.16248,12.7250004,,
2025-11-20 16:56:47,17.6812496,1065.34998,13.8625002,,
2025-11-20 16:56:48,17.6812496,1065.75623,13.6875,,
2025-11-20 16:56:49,17.6812496,1065.75623,13.6875,,
2025-11-20 16:56:50,17.6812496,1065.83752,13.6750002,,22.6812496
2025-11-20 16:56:51,17.6812496,1066.24377,13.6374998,,
2025-11-20 16:56:52,17.6812496,1066.24377,13.6374998,,
2025-11-20 16:56:53,17.6812496,1067.46252,13.625,,
2025-11-20 16:56:54,17.6812496,1067.7063,13.6750002,,
2025-11-20 16:56:55,17.6812496,1068.19373,13.625,,22.6812496
2025-11-20 16:56:56,17.6812496,1068.19373,13.625,,
2025-11-20 16:56:57,17.6812496,1068.4375,13.6499996,,
2025-11-20 16:56:58,17.6812496,1069.41248,13.5500002,,
2025-11-20 16:56:59,17.6812496,1068.59998,13.8125,,
2025-11-20 16:57:00,17.6812496,1068.59998,13.8125,,22.6812496
2025-11-20 16:57:01,17.6812496,1069.3313,13.7375002,,
2025-11-20 16:57:02,17.6812496,1069.41248,13.875,,
2025-11-20 16:57:03,17.6812496,1069.41248,13.875,,
2025-11-20 16:57:04,17.6812496,1070.0625,14.1999998,,
2025-11-20 16:57:05,17.6812496,1070.0625,14.1999998,,22.6812496
2025-11-20 16:57:06,17.6812496,1070.0625,17.4249992,,
2025-11-20 16:57:07,17.6812496,1070.0625,17.4249992,,
2025-11-20 16:57:08,17.6812496,1070.71252,18.6375008,,
2025-11-20 16:57:09,17.6812496,1070.71252,18.6375008,,
2025-11-20 16:57:10,17.6812496,1071.11877,18.5249996,,22.6812496
2025-11-20 16:57:11,17.6812496,1071.7688,18.6000004,,
2025-11-20 16:57:12,17.6812496,1071.7688,18.6000004,,
2025-11-20 16:57:13,17.6812496,1071.93127,18.6875,,
2025-11-20 16:57:14,17.6812496,1071.93127,18.6875,,
2025-11-20 16:57:15,17.6812496,1072.66248,18.4624996,,22.6812496
2025-11-20 16:57:16,17.6812496,1072.17505,19.0874996,,
2025-11-20 16:57:17,17.6812496,1071.84998,18.7000008,,
2025-11-20 16:57:18,17.6812496,1071.84998,18.7000008,,
2025-11-20 16:57:19,17.6812496,1071.84998,18.7875004,,
2025-11-20 16:57:20,17.6812496,1071.84998,18.7875004,,22.6812496
2025-11-20 16:57:21,17.6812496,1072.66248,19.1000004,,
2025-11-20 16:57:22,17.6812496,1072.66248,19.1000004,,
2025-11-20 16:57:23,17.6812496,1072.90625,19.25,,
2025-11-20 16:57:24,17.6812496,1072.90625,19.25,,
2025-11-20 16:57:25,17.6812496,1072.09375,18.9375,,22.6812496
2025-11-20 16:57:26,17.6812496,1071.84998,19.0499992,,
2025-11-20 16:57:27,17.6812496,1071.84998,19.0499992,,
2025-11-20 16:57:28,17.6812496,1072.25623,22.375,,
2025-11-20 16:57:29,17.6812496,1072.4187,22.8374996,,
2025-11-20 16:57:30,17.6812496,1071.6875,22.7374992,,22.6812496
2025-11-20 16:57:31,17.6812496,1071.6875,22.7374992,,
2025-11-20 16:57:32,17.6812496,1071.84998,22.6749992,,
2025-11-20 16:57:33,17.6812496,1072.66248,22.7124996,,
2025-11-20 16:57:34,17.6812496,1072.66248,22.7124996,,
2025-11-20 16:57:35,17.6812496,1072.33752,22.5249996,,22.6812496
2025-11-20 16:57:36,17.6812496,1072.90625,22.8374996,,
2025-11-20 16:57:37,17.6812496,1072.90625,22.8374996,,
2025-11-20 16:57:38,17.6812496,1072.4187,23.1375008,,
2025-11-20 16:57:39,17.6812496,1072.66248,23.125,,
2025-11-20 16:57:40,17.6812496,1072.66248,23.125,,22.6812496
2025-11-20 16:57:41,17.6812496,1071.6875,23.2374992,,
2025-11-20 16:57:42,17.6812496,1071.6875,23.2374992,,
2025-11-20 16:57:43,17.6812496,1072.4187,23.625,,
2025-11-20 16:57:44,17.6812496,1072.74377,23.3999996,,
2025-11-20 16:57:45,17.6812496,1072.25623,23.5499992,,22.6812496
2025-11-20 16:57:46,17.6812496,1072.25623,23.5499992,,
2025-11-20 16:57:48,17.6812496,1071.6875,24.6124992,,
2025-11-20 16:57:49,17.6812496,1071.6875,24.6124992,,
2025-11-20 16:57:50,17.6812496,1074.0437,25.0249996,,22.6812496
2025-11-20 16:57:51,17.6812496,1074.0437,25.0249996,,
2025-11-20 16:57:52,17.6812496,1073.63745,24.9874992,,
2025-11-20 16:57:53,17.6812496,1073.63745,24.9874992,,
2025-11-20 16:57:54,17.6812496,1073.3938,25.7999992,,
2025-11-20 16:57:55,17.6812496,1073.3125,26.0874996,,22.6812496
2025-11-20 16:57:56,17.6812496,1073.3125,26.0874996,,
2025-11-20 16:57:57,17.6812496,1074.2063,25.625,,
2025-11-20 16:57:58,17.6812496,1074.2063,25.625,,
2025-11-20 16:57:59,17.6812496,1074.36877,25.8875008,,
2025-11-20 16:58:00,17.6812496,1074.36877,25.8875008,,22.6812496
2025-11-20 16:58:01,17.6812496,1073.88123,25.8875008,,
2025-11-20 16:58:02,17.6812496,1073.2312,26.0,,
2025-11-20 16:58:03,17.6812496,1073.2312,26.0,,
2025-11-20 16:58:04,17.6812496,1073.2312,25.4750004,,
2025-11-20 16:58:05,17.6812496,1073.2312,25.8125,,22.6812496
2025-11-20 16:58:06,17.6812496,1074.125,25.8125,,
2025-11-20 16:58:07,17.6812496,1073.2312,25.2374992,,
2025-11-20 16:58:08,17.6812496,1073.3938,23.7000008,,
2025-11-20 16:58:09,17.6812496,1074.44995,23.5,,
2025-11-20 16:58:10,17.6812496,1073.2312,23.3374996,,22.6812496
2025-11-20 16:58:11,17.6812496,1073.96252,23.5249996,,
2025-11-20 16:58:12,17.6812496,1074.53125,23.4624996,,
2025-11-20 16:58:13,17.6812496,1074.53125,23.4624996,,
2025-11-20 16:58:14,17.6812496,1073.80005,23.4500008,,
2025-11-20 16:58:15,17.6812496,1074.28748,23.6625004,,22.6812496
2025-11-20 16:58:16,17.6812496,1073.55627,23.5874996,,
2025-11-20 16:58:17,17.6812496,1073.88123,23.5125008,,
2025-11-20 16:58:18,17.6812496,1074.125,23.7250004,,
2025-11-20 16:58:19,17.6812496,1074.125,23.7250004,,
2025-11-20 16:58:20,17.6812496,1073.96252,23.6625004,,22.6812496
2025-11-20 16:58:21,17.6812496,1073.80005,23.7875004,,
2025-11-20 16:58:22,17.6812496,1074.125,23.6625004,,
2025-11-20 16:58:23,17.6812496,1074.125,23.6625004,,
2025-11-20 16:58:24,17.6812496,1073.96252,23.7875004,,
2025-11-20 16:58:25,17.6812496,1073.96252,23.7875004,,22.6812496
2025-11-20 16:58:26,17.6812496,1074.125,24.1124992,,
2025-11-20 16:58:27,17.6812496,1073.88123,23.7749996,,
2025-11-20 16:58:28,17.6812496,1073.88123,23.7749996,,
2025-11-20 16:58:29,17.6812496,1074.125,23.5,,
2025-11-20 16:58:30,17.6812496,1074.125,23.5,,22.6812496
2025-11-20 16:58:31,17.6812496,1071.52502,23.7374992,,
2025-11-20 16:58:32,17.6812496,1071.52502,23.7374992,,
2025-11-20 16:58:33,17.6812496,1072.33752,23.5375004,,
2025-11-20 16:58:34,17.6812496,1071.6062,23.75,,
2025-11-20 16:58:35,17.6812496,1071.6062,23.75,,22.6812496
2025-11-20 16:58:36,17.6812496,1072.17505,23.75,,
2025-11-20 16:58:37,17.6812496,1072.17505,23.75,,
2025-11-20 16:58:38,17.6812496,1072.4187,23.375,,
2025-11-20 16:58:39,17.6812496,1071.93127,23.9249992,,
2025-11-20 16:58:40,17.6812496,1071.93127,23.9249992,,22.6812496
2025-11-20 16:58:41,17.6812496,1071.84998,23.5750008,,
2025-11-20 16:58:42,17.6812496,1071.84998,23.5750008,,
2025-11-20 16:58:43,17.6812496,1071.7688,23.6625004,,
2025-11-20 16:58:44,17.6812496,1072.17505,23.8999996,,
2025-11-20 16:58:45,17.6812496,1072.17505,23.8999996,,22.6812496
2025-11-20 16:58:46,17.6812496,1072.5,24.0499992,,
2025-11-20 16:58:47,17.6812496,1072.4187,23.6625004,,
2025-11-20 16:58:48,17.6812496,1072.4187,23.6625004,,
2025-11-20 16:58:49,17.6812496,1071.93127,23.6875,,
2025-11-20 16:58:50,17.6812496,1072.4187,23.5499992,,22.6812496
2025-11-20 16:58:51,17.6812496,1072.4187,23.5499992,,
2025-11-20 16:58:52,17.6812496,1071.84998,22.5750008,,
2025-11-20 16:58:53,17.6812496,1071.84998,22.5750008,,
2025-11-20 16:58:54,17.6812496,1072.82495,22.4375,,
2025-11-20 16:58:55,17.6812496,1070.71252,22.3999996,,22.6812496
2025-11-20 16:58:56,17.6812496,1071.11877,22.4125004,,
2025-11-20 16:58:57,17.6812496,1071.11877,22.4125004,,
2025-11-20 16:58:58,17.6812496,1069.90002,22.5125008,,
2025-11-20 16:58:59,17.6812496,1069.90002,22.5125008,,
2025-11-20 16:59:00,17.6812496,1069.3313,22.8125,,22.6812496
2025-11-20 16:59:01,17.6812496,1068.84375,22.6375008,,
2025-11-20 16:59:02,17.6812496,1068.84375,22.6375008,,
2025-11-20 16:59:03,17.6812496,1069.25,22.7999992,,
2025-11-20 16:59:04,17.6812496,1069.25,22.7999992,,
2025-11-20 16:59:05,17.6812496,1067.94995,22.5499992,,22.6812496
2025-11-20 16:59:06,17.6812496,1067.38123,22.8624992,,
2025-11-20 16:59:07,17.6812496,1067.38123,22.8624992,,
2025-11-20 16:59:08,17.6812496,1067.38123,22.8624992,,
2025-11-20 16:59:09,17.6812496,1066.0813,23.0625,,
2025-11-20 16:59:10,17.6812496,1066.0813,23.0625,,22.6812496
2025-11-20 16:59:11,17.6812496,1066.32495,23.0125008,,
2025-11-20 16:59:12,17.6812496,1065.43127,22.3624992,,
2025-11-20 16:59:13,17.6812496,1065.43127,22.3624992,,
2025-11-20 16:59:14,17.6812496,1066.24377,22.6499996,,
2025-11-20 16:59:15,17.6812496,1066.40625,22.5249996,,22.6812496
2025-11-20 16:59:16,17.6812496,1066.40625,22.5249996,,
2025-11-20 16:59:17,17.6812496,1065.43127,23.0249996,,
2025-11-20 16:59:18,17.6812496,1065.43127,23.0249996,,
2025-11-20 16:59:19,17.6812496,1066.48755,22.8125,,
2025-11-20 16:59:20,17.6812496,1066.48755,22.8125,,22.6812496
2025-11-20 16:59:21,17.6812496,1064.2937,22.6499996,,
2025-11-20 16:59:22,17.6812496,1064.2937,22.6499996,,
2025-11-20 16:59:23,17.6812496,1063.72498,23.0375004,,
2025-11-20 16:59:24,17.6812496,1062.42505,22.8624992,,
2025-11-20 16:59:25,17.6812496,1062.42505,22.8624992,,22.6812496
2025-11-20 16:59:26,17.6812496,1062.18127,22.8875008,,
2025-11-20 16:59:28,17.6812496,1062.42505,22.8875008,,
2025-11-20 16:59:29,17.6812496,1062.42505,22.9750004,,
2025-11-20 16:59:30,17.6812496,1062.42505,23.0375004,,22.6812496
2025-11-20 16:59:31,17.6812496,1062.42505,23.0375004,,
2025-11-20 16:59:32,17.6812496,1060.2312,23.0750008,,
2025-11-20 16:59:33,17.6812496,1060.80005,21.8500004,,
2025-11-20 16:59:34,17.6812496,1060.80005,21.8500004,,
2025-11-20 16:59:35,17.6812496,1059.66248,21.625,,22.6812496
2025-11-20 16:59:36,17.6812496,1059.66248,21.625,,
2025-11-20 16:59:37,17.6812496,1059.74377,22.0625,,
2025-11-20 16:59:38,17.6812496,1059.25623,21.8374996,,
2025-11-20 16:59:39,17.6812496,1059.25623,22.0874996,,
2025-11-20 16:59:40,17.6812496,1059.74377,22.0874996,,22.6812496
2025-11-20 16:59:41,17.6812496,1059.74377,22.1499996,,
2025-11-20 16:59:42,17.6812496,1057.1438,22.0,,
2025-11-20 16:59:43,17.6812496,1057.1438,22.0,,
2025-11-20 16:59:44,17.6812496,1056.65625,22.125,,
2025-11-20 16:59:45,17.6812496,1056.65625,22.125,,22.6812496
2025-11-20 16:59:46,17.6812496,1056.41248,22.2374992,,
2025-11-20 16:59:47,17.6812496,1056.41248,22.2374992,,
2025-11-20 16:59:48,17.6812496,1054.86877,22.6499996,,
2025-11-20 16:59:49,17.6812496,1052.43127,22.5125008,,
2025-11-20 16:59:50,17.6812496,1052.43127,22.5125008,,22.6812496
2025-11-20 16:59:51,17.6812496,1052.67505,22.4125004,,
2025-11-20 16:59:52,17.6812496,1052.51245,21.0249996,,
2025-11-20 16:59:53,17.6812496,1052.51245,21.0249996,,
2025-11-20 16:59:54,17.6812496,1052.51245,20.8624992,,
2025-11-20 16:59:55,17.6812496,1052.51245,20.8624992,,22.6812496
2025-11-20 16:59:56,17.6812496,1050.6438,21.0125008,,
2025-11-20 16:59:57,17.6812496,1050.72498,21.5375004,,
2025-11-20 16:59:58,17.6812496,1049.99377,21.5874996,,
2025-11-20 16:59:59,17.6812496,1049.0188,21.8374996,,
2025-11-20 17:00:00,17.6812496,1049.0188,21.8374996,,22.6812496
2025-11-20 17:00:01,17.6812496,1050.07495,21.8374996,,
2025-11-20 17:00:02,17.6812496,1050.07495,21.9750004,,
2025-11-20 17:00:03,17.6812496,1047.71875,22.1375008,,
2025-11-20 17:00:04,17.6812496,1047.71875,22.1375008,,
2025-11-20 17:00:05,17.6812496,1046.82495,21.8125,,22.6812496
2025-11-20 17:00:06,17.6812496,1046.33752,22.1124992,,
2025-11-20 17:00:07,17.6812496,1046.33752,22.1124992,,
2025-11-20 17:00:08,17.6812496,1046.09375,22.6124992,,
2025-11-20 17:00:09,17.6812496,1046.09375,22.6124992,,
2025-11-20 17:00:10,17.6812496,1046.66248,22.5,,22.6812496
2025-11-20 17:00:11,17.6812496,1046.66248,22.5,,
2025-11-20 17:00:12,17.6812496,1046.5,19.8500004,,
2025-11-20 17:00:13,17.6812496,1045.84998,20.0874996,,
2025-11-20 17:00:14,17.6812496,1045.6875,20.0125008,,
2025-11-20 17:00:15,17.6812496,1045.6875,20.0125008,,22.6812496
2025-11-20 17:00:16,17.6812496,1043.9812,19.8500004,,
2025-11-20 17:00:17,17.6812496,1043.9812,19.8500004,,
2025-11-20 17:00:18,17.6812496,1043.08752,20.375,,
2025-11-20 17:00:19,17.6812496,1043.08752,20.7250004,,
2025-11-20 17:00:20,17.6812496,1043.08752,20.9125004,,22.6812496
2025-11-20 17:00:21,17.6812496,1040.65002,20.9125004,,
2025-11-20 17:00:22,17.6812496,1040.65002,20.875,,
2025-11-20 17:00:23,17.6812496,1040.97498,20.875,,
2025-11-20 17:00:24,17.6812496,1040.8125,20.8999996,,
2025-11-20 17:00:25,17.6812496,1040.8125,20.8999996,,22.6812496
2025-11-20 17:00:26,17.6812496,1039.1875,21.3374996,,
2025-11-20 17:00:27,17.6812496,1039.1875,21.3374996,,
2025-11-20 17:00:28,17.6812496,1039.51245,21.1375008,,
2025-11-20 17:00:29,17.6812496,1039.51245,21.1375008,,
2025-11-20 17:00:30,17.6812496,1039.83752,21.5499992,,22.6812496
2025-11-20 17:00:31,17.6812496,1040.0813,14.9250002,,
2025-11-20 17:00:32,17.6812496,1040.0813,14.9250002,,
2025-11-20 17:00:33,17.6812496,1039.43127,14.5625,,
2025-11-20 17:00:34,17.6812496,1039.43127,14.5625,,
2025-11-20 17:00:35,17.6812496,1039.34998,14.6750002,,22.6812496
2025-11-20 17:00:36,17.6812496,1039.34998,14.6750002,,
2025-11-20 17:00:37,17.6812496,1039.51245,14.9499998,,
2025-11-20 17:00:38,17.6812496,1039.51245,14.9499998,,
2025-11-20 17:00:39,17.6812496,1039.67505,14.9499998,,
2025-11-20 17:00:40,17.6812496,1039.43127,14.7124996,,22.6812496
2025-11-20 17:00:41,17.6812496,1039.43127,14.7124996,,
2025-11-20 17:00:42,17.6812496,1039.2688,15.75,,
2025-11-20 17:00:43,17.6812496,1039.43127,15.4499998,,
2025-11-20 17:00:44,17.6812496,1039.43127,15.4499998,,
2025-11-20 17:00:45,17.6812496,1039.9187,15.4250002,,22.6812496
2025-11-20 17:00:46,17.6812496,1039.9187,15.4250002,,
2025-11-20 17:00:47,17.6812496,1039.51245,15.5,,
2025-11-20 17:00:48,17.6812496,1039.51245,15.5,,
2025-11-20 17:00:49,17.6812496,1039.1062,15.5874996,,
2025-11-20 17:00:50,17.6812496,1039.1062,15.5874996,,22.6812496
2025-11-20 17:00:51,17.6812496,1039.1062,16.2250004,,
2025-11-20 17:00:52,17.6812496,1040.0813,16.3374996,,
2025-11-20 17:00:53,17.6812496,1040.0813,16.3374996,,
2025-11-20 17:00:54,17.6812496,1040.16248,16.375,,
2025-11-20 17:00:55,17.6812496,1039.83752,16.3250008,,22.6812496
2025-11-20 17:00:56,17.6812496,1039.83752,16.3250008,,
2025-11-20 17:00:57,17.6812496,1041.86877,13.6125002,,
2025-11-20 17:00:58,17.6812496,1041.86877,13.6125002,,
2025-11-20 17:00:59,17.6812496,1041.86877,13.6999998,,
2025-11-20 17:01:00,17.6812496,1040.48755,13.1875,,22.6812496
2025-11-20 17:01:01,17.6812496,1040.48755,13.1875,,
2025-11-20 17:01:02,17.6812496,1040.97498,14.0,,
2025-11-20 17:01:03,17.6812496,1040.97498,14.0,,
2025-11-20 17:01:04,17.6812496,1042.84375,13.6374998,,
2025-11-20 17:01:05,17.6812496,1042.84375,13.6374998,,22.6812496
2025-11-20 17:01:06,17.6812496,1042.84375,13.6374998,,
2025-11-20 17:01:08,17.6812496,1042.84375,14.2624998,,
2025-11-20 17:01:09,17.6812496,1042.4375,14.3874998,,
2025-11-20 17:01:10,17.6812496,1042.4375,14.3874998,,22.6812496
2025-11-20 17:01:11,17.6812496,1042.76245,14.4250002,,
2025-11-20 17:01:12,17.6812496,1042.76245,14.4250002,,
2025-11-20 17:01:13,17.6812496,1044.63123,15.0249996,,
2025-11-20 17:01:14,17.6812496,1044.71252,15.3874998,,
2025-11-20 17:01:15,17.6812496,1044.71252,15.3874998,,22.6812496
2025-11-20 17:01:16,17.6812496,1044.875,15.1374998,,
2025-11-20 17:01:17,17.6812496,1044.875,15.1374998,,
2025-11-20 17:01:18,17.6812496,1046.82495,11.9624996,,
2025-11-20 17:01:19,17.6812496,1046.5,11.7875004,,
2025-11-20 17:01:20,17.6812496,1046.66248,11.7375002,,22.6812496
2025-11-20 17:01:21,17.6812496,1046.66248,11.7375002,,
2025-11-20 17:01:22,17.6812496,1046.4187,11.6875,,
2025-11-20 17:01:23,17.6812496,1046.4187,11.6875,,
2025-11-20 17:01:24,17.6812496,1045.84998,11.5874996,,
2025-11-20 17:01:25,17.6812496,1046.4187,11.5,,22.6812496
2025-11-20 17:01:26,17.6812496,1046.4187,11.5,,
2025-11-20 17:01:27,17.6812496,1047.06873,11.8500004,,
2025-11-20 17:01:28,17.6812496,1047.06873,11.8500004,,
2025-11-20 17:01:29,17.6812496,1046.90625,11.3625002,,
2025-11-20 17:01:30,17.6812496,1046.5,11.5500002,,22.6812496
2025-11-20 17:01:31,17.6812496,1047.55627,11.0874996,,
2025-11-20 17:01:32,17.6812496,1048.2063,10.8374996,,
2025-11-20 17:01:33,17.6812496,1048.2063,10.8374996,,
2025-11-20 17:01:34,17.6812496,1049.26245,10.8125,,
2025-11-20 17:01:35,17.6812496,1049.58752,10.6000004,,22.6812496
2025-11-20 17:01:36,17.6812496,1049.58752,10.6000004,,
2025-11-20 17:01:37,17.6812496,1049.58752,9.9375,,
2025-11-20 17:01:38,17.6812496,1049.18127,9.73750019,,
2025-11-20 17:01:39,17.6812496,1049.18127,9.73750019,,
2025-11-20 17:01:40,17.6812496,1049.34375,9.41250038,,22.6812496
2025-11-20 17:01:41,17.6812496,1049.8313,9.76249981,,
2025-11-20 17:01:42,17.6812496,1049.8313,9.76249981,,
2025-11-20 17:01:43,17.6812496,1051.53748,9.22500038,,
2025-11-20 17:01:44,17.6812496,1051.53748,9.22500038,,
2025-11-20 17:01:45,17.6812496,1050.88745,9.0625,,22.6812496
2025-11-20 17:01:46,17.6812496,1051.13123,9.25,,
2025-11-20 17:01:47,17.6812496,1052.34998,8.72500038,,
2025-11-20 17:01:48,17.6812496,1052.34998,8.72500038,,
2025-11-20 17:01:49,17.6812496,1052.2688,8.52499962,,
2025-11-20 17:01:50,17.6812496,1052.2688,8.78750038,,22.6812496
2025-11-20 17:01:51,17.6812496,1052.83752,8.78750038,,
2025-11-20 17:01:52,17.6812496,1053.0813,8.39999962,,
2025-11-20 17:01:53,17.6812496,1053.24377,8.38749981,,
2025-11-20 17:01:54,17.6812496,1053.24377,8.38749981,,
2025-11-20 17:01:55,17.6812496,1052.2688,8.27499962,,22.6812496
2025-11-20 17:01:56,17.6812496,1052.2688,8.27499962,,
2025-11-20 17:01:57,17.6812496,1052.67505,10.1625004,,
2025-11-20 17:01:58,17.6812496,1052.9187,10.2624998,,
2025-11-20 17:01:59,17.6812496,1053.40625,10.3625002,,
2025-11-20 17:02:00,17.6812496,1053.40625,10.3625002,,22.6812496
2025-11-20 17:02:01,17.6812496,1053.8938,10.5124998,,
2025-11-20 17:02:02,17.6812496,1053.8938,10.5124998,,
2025-11-20 17:02:03,17.6812496,1054.5437,10.5124998,,
2025-11-20 17:02:04,17.6812496,1054.5437,9.94999981,,
2025-11-20 17:02:05,17.6812496,1056.57495,9.96249962,,22.6812496
2025-11-20 17:02:06,17.6812496,1056.57495,9.96249962,,
2025-11-20 17:02:07,17.6812496,1055.4375,9.625,,
2025-11-20 17:02:08,17.6812496,1056.57495,9.89999962,,
2025-11-20 17:02:09,17.6812496,1056.57495,9.89999962,,
2025-11-20 17:02:10,17.6812496,1057.1438,9.67500019,,22.6812496
2025-11-20 17:02:11,17.6812496,1057.9563,9.89999962,,
2025-11-20 17:02:12,17.6812496,1057.9563,9.89999962,,
2025-11-20 17:02:13,17.6812496,1057.9563,9.23750019,,
2025-11-20 17:02:14,17.6812496,1057.9563,9.14999962,,
2025-11-20 17:02:15,17.6812496,1058.28125,9.14999962,,22.6812496
2025-11-20 17:02:16,17.6812496,1059.5813,9.17500019,,
2025-11-20 17:02:17,17.6812496,1058.44373,12.9875002,,
2025-11-20 17:02:18,17.6812496,1058.44373,12.9875002,,
2025-11-20 17:02:19,17.6812496,1059.66248,13.3125,,
2025-11-20 17:02:20,17.6812496,1059.25623,13.8249998,,22.6812496
2025-11-20 17:02:21,17.6812496,1058.84998,13.5375004,,
2025-11-20 17:02:22,17.6812496,1058.84998,13.5375004,,
2025-11-20 17:02:23,17.6812496,1059.09375,13.1999998,,
2025-11-20 17:02:24,17.6812496,1059.74377,13.2875004,,
2025-11-20 17:02:25,17.6812496,1059.74377,13.2875004,,22.6812496
2025-11-20 17:02:26,17.6812496,1059.17505,13.1499996,,
2025-11-20 17:02:27,17.6812496,1059.17505,13.1499996,,
2025-11-20 17:02:28,17.6812496,1059.4187,12.7875004,,
2025-11-20 17:02:29,17.6812496,1059.4187,12.7875004,,
2025-11-20 17:02:30,17.6812496,1058.44373,12.4499998,,22.6812496
2025-11-20 17:02:31,17.6812496,1058.44373,12.4499998,,
2025-11-20 17:02:32,17.6812496,1059.25623,12.875,,
2025-11-20 17:02:33,17.6812496,1059.25623,12.875,,
2025-11-20 17:02:34,17.6812496,1061.28748,12.8125,,
2025-11-20 17:02:35,17.6812496,1061.28748,12.8125,,22.6812496
2025-11-20 17:02:36,17.6812496,1060.3938,12.7875004,,
2025-11-20 17:02:37,17.6812496,1060.3938,16.25,,
2025-11-20 17:02:38,17.6812496,1060.2312,16.4500008,,
2025-11-20 17:02:39,17.6812496,1060.2312,16.4500008,,
2025-11-20 17:02:40,17.6812496,1062.8313,16.4125004,,22.6812496
2025-11-20 17:02:41,17.6812496,1063.15625,16.6375008,,
2025-11-20 17:02:42,17.6812496,1062.42505,16.7749996,,
2025-11-20 17:02:43,17.6812496,1062.42505,16.7749996,,
2025-11-20 17:02:44,17.6812496,1061.77502,16.125,,
2025-11-20 17:02:45,17.6812496,1062.26245,16.4375,,22.6812496
2025-11-20 17:02:46,17.6812496,1062.26245,16.4375,,
2025-11-20 17:02:47,17.6812496,1062.0188,16.0874996,,
2025-11-20 17:02:49,17.6812496,1062.0188,16.0874996,,
2025-11-20 17:02:50,17.6812496,1062.91248,16.5874996,,22.6812496
2025-11-20 17:02:51,17.6812496,1062.0188,16.1625004,,
2025-11-20 17:02:52,17.6812496,1062.0188,16.1625004,,
2025-11-20 17:02:53,17.6812496,1062.91248,15.9875002,,
2025-11-20 17:02:54,17.6812496,1062.91248,15.9875002,,
2025-11-20 17:02:55,17.6812496,1064.69995,15.9875002,,22.6812496
2025-11-20 17:02:56,17.6812496,1063.80627,16.2625008,,
2025-11-20 17:02:57,17.6812496,1063.80627,16.2625008,,
2025-11-20 17:02:58,17.6812496,1064.61877,15.875,,
2025-11-20 17:02:59,17.6812496,1064.78125,15.9624996,,
2025-11-20 17:03:00,17.6812496,1065.83752,16.1625004,,22.6812496
2025-11-20 17:03:01,17.6812496,1065.83752,16.1749992,,
2025-11-20 17:03:02,17.6812496,1065.34998,16.1749992,,
2025-11-20 17:03:03,17.6812496,1065.34998,19.3374996,,
2025-11-20 17:03:04,17.6812496,1065.43127,19.3374996,,
2025-11-20 17:03:05,17.6812496,1065.1062,19.0125008,,22.6812496
2025-11-20 17:03:06,17.6812496,1065.1062,19.0125008,,
2025-11-20 17:03:07,17.6812496,1065.2688,19.0874996,,
2025-11-20 17:03:08,17.6812496,1065.2688,19.1124992,,
2025-11-20 17:03:09,17.6812496,1065.9187,19.1124992,,
2025-11-20 17:03:10,17.6812496,1065.43127,19.5125008,,22.6812496
2025-11-20 17:03:11,17.6812496,1065.43127,19.5125008,,
2025-11-20 17:03:12,17.6812496,1065.83752,19.0874996,,
2025-11-20 17:03:13,17.6812496,1065.83752,19.0874996,,
2025-11-20 17:03:14,17.6812496,1066.0813,19.0625,,
2025-11-20 17:03:15,17.6812496,1066.0813,19.0249996,,22.6812496
2025-11-20 17:03:16,17.6812496,1066.0813,19.0249996,,
2025-11-20 17:03:17,17.6812496,1065.75623,19.7000008,,
2025-11-20 17:03:18,17.6812496,1065.75623,19.7000008,,
2025-11-20 17:03:19,17.6812496,1067.05627,19.5499992,,
2025-11-20 17:03:20,17.6812496,1067.05627,19.5499992,,22.6812496
2025-11-20 17:03:21,17.6812496,1068.11255,19.7124996,,
2025-11-20 17:03:22,17.6812496,1068.11255,19.7124996,,
2025-11-20 17:03:23,17.6812496,1067.78748,22.4375,,
2025-11-20 17:03:24,17.6812496,1068.19373,22.125,,
2025-11-20 17:03:25,17.6812496,1068.19373,22.125,,22.6812496
2025-11-20 17:03:26,17.6812496,1067.7063,22.2124996,,
2025-11-20 17:03:27,17.6812496,1067.7063,22.2124996,,
2025-11-20 17:03:28,17.6812496,1068.92505,22.75,,
2025-11-20 17:03:29,17.6812496,1068.92505,22.75,,
2025-11-20 17:03:30,17.6812496,1069.57495,22.8250008,,22.6812496
2025-11-20 17:03:31,17.6812496,1069.57495,22.8250008,,
2025-11-20 17:03:32,17.6812496,1069.65625,22.8250008,,
2025-11-20 17:03:33,17.6812496,1069.65625,22.8250008,,
2025-11-20 17:03:34,17.6812496,1069.57495,22.7999992,,
2025-11-20 17:03:35,17.6812496,1069.9812,22.7625008,,22.6812496
2025-11-20 17:03:36,17.6812496,1070.0625,22.7625008,,
2025-11-20 17:03:37,17.6812496,1070.0625,22.7124996,,
2025-11-20 17:03:38,17.6812496,1070.0625,22.625,,
2025-11-20 17:03:39,17.6812496,1070.0625,22.625,,
2025-11-20 17:03:40,17.6812496,1070.71252,22.6625004,,22.6812496
2025-11-20 17:03:41,17.6812496,1070.71252,22.6625004,,
2025-11-20 17:03:42,17.6812496,1070.55005,23.2000008,,
2025-11-20 17:03:43,17.6812496,1070.55005,23.2000008,,
2025-11-20 17:03:44,17.6812496,1070.55005,22.9500008,,
2025-11-20 17:03:45,17.6812496,1072.25623,23.2999992,,22.6812496
2025-11-20 17:03:46,17.6812496,1072.82495,23.0750008,,
2025-11-20 17:03:47,17.6812496,1072.82495,23.0750008,,
2025-11-20 17:03:48,17.6812496,1072.4187,22.7999992,,
2025-11-20 17:03:49,17.6812496,1072.4187,22.7999992,,
2025-11-20 17:03:50,17.6812496,1072.5,22.7749996,,22.6812496
2025-11-20 17:03:51,17.6812496,1072.01245,22.6124992,,
2025-11-20 17:03:52,17.6812496,1072.01245,22.6124992,,
2025-11-20 17:03:53,17.6812496,1071.7688,22.6000004,,
2025-11-20 17:03:54,17.6812496,1071.6875,22.5375004,,
2025-11-20 17:03:55,17.6812496,1071.6875,22.5375004,,22.6812496
2025-11-20 17:03:56,17.6812496,1071.84998,22.8374996,,
2025-11-20 17:03:57,17.6812496,1071.6875,22.8250008,,
2025-11-20 17:03:58,17.6812496,1071.6875,22.8250008,,
2025-11-20 17:03:59,17.6812496,1072.5,22.7625008,,
2025-11-20 17:04:00,17.6812496,1072.5,22.7625008,,22.6812496
2025-11-20 17:04:01,17.6812496,1072.09375,22.8624992,,
2025-11-20 17:04:02,17.6812496,1071.6062,23.2749996,,
2025-11-20 17:04:03,17.6812496,1071.6062,23.2749996,,
2025-11-20 17:04:04,17.6812496,1071.6062,23.0125008,,
2025-11-20 17:04:05,17.6812496,1072.66248,23.1625004,,22.6812496
2025-11-20 17:04:06,17.6812496,1072.66248,23.1625004,,
2025-11-20 17:04:07,17.6812496,1071.93127,23.3500004,,
2025-11-20 17:04:08,17.6812496,1071.93127,23.3500004,,
2025-11-20 17:04:09,17.6812496,1071.84998,23.375,,
2025-11-20 17:04:10,17.6812496,1072.4187,23.125,,22.6812496
2025-11-20 17:04:11,17.6812496,1071.6875,23.625,,
2025-11-20 17:04:12,17.6812496,1071.6875,23.625,,
2025-11-20 17:04:13,17.6812496,1071.6875,23.1875,,
2025-11-20 17:04:14,17.6812496,1072.82495,23.3125,,
2025-11-20 17:04:15,17.6812496,1072.82495,23.3125,,22.6812496
2025-11-20 17:04:16,17.6812496,1071.6062,22.9750004,,
2025-11-20 17:04:17,17.6812496,1071.6062,22.9750004,,
2025-11-20 17:04:18,17.6812496,1072.09375,23.1000004,,
2025-11-20 17:04:19,17.6812496,1072.09375,23.1000004,,
2025-11-20 17:04:20,17.6812496,1072.25623,23.3250008,,22.6812496
2025-11-20 17:04:21,17.6812496,1072.5813,22.9249992,,
2025-11-20 17:04:22,17.6812496,1072.5813,22.9249992,,
2025-11-20 17:04:23,17.6812496,1072.09375,23.8250008,,
2025-11-20 17:04:24,17.6812496,1072.09375,23.8250008,,
2025-11-20 17:04:25,,,,,22.6812496
2025-11-20 17:04:26,17.6812496,1071.7688,23.8500004,,
2025-11-20 17:04:27,17.6812496,1072.33752,23.8999996,,
2025-11-20 17:04:28,17.6812496,1072.4187,23.9874992,,
2025-11-20 17:04:29,17.6812496,1072.4187,23.9874992,,
2025-11-20 17:04:30,17.6812496,1072.25623,23.7625008,,22.6812496
2025-11-20 17:04:31,17.6812496,1071.6875,23.8125,,
2025-11-20 17:04:32,17.6812496,1071.6875,23.8125,,
2025-11-20 17:04:33,17.6812496,1071.6875,23.9249992,,
2025-11-20 17:04:34,17.6812496,1072.90625,23.9874992,,
2025-11-20 17:04:35,17.6812496,1072.90625,23.9874992,,22.6812496
2025-11-20 17:04:36,17.6812496,1071.84998,23.9375,,
2025-11-20 17:04:37,17.6812496,1071.6062,23.7124996,,
2025-11-20 17:04:38,17.6812496,1071.6062,23.7124996,,
2025-11-20 17:04:39,17.6812496,1072.74377,24.5750008,,
2025-11-20 17:04:40,17.6812496,1072.74377,24.5750008,,22.6812496
2025-11-20 17:04:41,17.6812496,1072.17505,24.7000008,,
2025-11-20 17:04:42,17.6812496,1072.17505,24.7000008,,
2025-11-20 17:04:43,17.6812496,1071.84998,25.0625,,
2025-11-20 17:04:44,17.6812496,1072.09375,25.2374992,,
2025-11-20 17:04:45,17.6812496,1072.09375,25.2374992,,22.6812496
2025-11-20 17:04:46,17.6812496,1071.6062,24.875,,
2025-11-20 17:04:48,17.6812496,1071.6062,24.8250008,,
2025-11-20 17:04:49,17.6812496,1071.28125,24.7625008,,
2025-11-20 17:04:50,17.6812496,1071.28125,24.7625008,,22.6812496
2025-11-20 17:04:51,17.6812496,1071.11877,24.6875,,
2025-11-20 17:04:52,17.6812496,1071.11877,24.6875,,
2025-11-20 17:04:53,17.6812496,1070.1438,24.5,,
2025-11-20 17:04:54,17.6812496,1071.03748,24.4375,,
2025-11-20 17:04:55,17.6812496,1071.03748,24.4375,,22.6812496
2025-11-20 17:04:56,17.6812496,1070.9563,24.5249996,,
2025-11-20 17:04:57,17.6812496,1070.9563,24.5249996,,
2025-11-20 17:04:58,17.6812496,1070.30627,24.7250004,,
2025-11-20 17:04:59,17.6812496,1070.9563,24.7749996,,
2025-11-20 17:05:00,17.6812496,1070.38745,24.6749992,,22.6812496
2025-11-20 17:05:01,17.6812496,1070.38745,24.6749992,,
2025-11-20 17:05:02,17.6812496,1068.92505,24.3624992,,
2025-11-20 17:05:03,17.6812496,1068.59998,24.0249996,,
2025-11-20 17:05:04,17.6812496,1068.59998,24.0249996,,
2025-11-20 17:05:05,17.6812496,1069.00623,24.4624996,,22.6812496
2025-11-20 17:05:06,17.6812496,1068.59998,24.7124996,,
2025-11-20 17:05:07,17.6812496,1069.57495,24.5750008,,
2025-11-20 17:05:08,17.6812496,1069.57495,24.5750008,,
2025-11-20 17:05:09,17.6812496,1068.03125,24.4624996,,
2025-11-20 17:05:10,17.6812496,1068.59998,24.2625008,,22.6812496
2025-11-20 17:05:11,17.6812496,1068.59998,24.2625008,,
2025-11-20 17:05:12,17.6812496,1068.03125,25.0375004,,
2025-11-20 17:05:13,17.6812496,1068.03125,25.0375004,,
2025-11-20 17:05:14,17.6812496,1067.625,24.5874996,,
2025-11-20 17:05:15,17.6812496,1067.78748,24.6499996,,22.6812496
2025-11-20 17:05:16,17.6812496,1067.78748,24.6499996,,
2025-11-20 17:05:17,17.6812496,1066.8938,24.7625008,,
2025-11-20 17:05:18,17.6812496,1066.8938,24.875,,
2025-11-20 17:05:19,17.6812496,1067.21875,24.875,,
2025-11-20 17:05:20,17.6812496,1067.7063,24.9249992,,22.6812496
2025-11-20 17:05:21,17.6812496,1067.7063,24.9249992,,
2025-11-20 17:05:22,17.6812496,1067.7063,24.9249992,,
2025-11-20 17:05:23,17.6812496,1066.32495,25.3374996,,
2025-11-20 17:05:24,17.6812496,1066.32495,25.3374996,,
2025-11-20 17:05:25,17.6812496,1066.32495,25.4500008,,22.6812496
2025-11-20 17:05:26,17.6812496,1065.51245,25.2875004,,
2025-11-20 17:05:27,17.6812496,1065.51245,25.2875004,,
2025-11-20 17:05:28,17.6812496,1066.32495,23.9874992,,
2025-11-20 17:05:29,17.6812496,1065.02502,23.8500004,,
2025-11-20 17:05:30,17.6812496,1065.02502,23.8500004,,22.6812496
2025-11-20 17:05:31,17.6812496,1066.32495,24.0625,,
2025-11-20 17:05:32,17.6812496,1066.48755,24.4249992,,
2025-11-20 17:05:33,17.6812496,1066.48755,24.4249992,,
2025-11-20 17:05:34,17.6812496,1066.40625,24.5,,
2025-11-20 17:05:35,17.6812496,1066.40625,24.5,,22.6812496
2025-11-20 17:05:36,17.6812496,1066.0813,24.5249996,,
2025-11-20 17:05:37,17.6812496,1066.0813,24.5249996,,
2025-11-20 17:05:38,17.6812496,1066.0813,24.4750004,,
2025-11-20 17:05:39,17.6812496,1065.51245,24.7625008,,
2025-11-20 17:05:40,17.6812496,1065.51245,24.7625008,,22.6812496
2025-11-20 17:05:41,17.6812496,1066.0,24.6499996,,
2025-11-20 17:05:42,17.6812496,1066.0,24.6499996,,
2025-11-20 17:05:43,17.6812496,1065.75623,25.25,,
2025-11-20 17:05:44,17.6812496,1065.75623,25.25,,
2025-11-20 17:05:45,17.6812496,1066.48755,25.0,,22.6812496
2025-11-20 17:05:46,17.6812496,1066.48755,25.0,,
2025-11-20 17:05:47,17.6812496,1064.53748,22.6375008,,
2025-11-20 17:05:48,17.6812496,1064.53748,22.6375008,,
2025-11-20 17:05:49,17.6812496,1064.69995,22.8125,,
2025-11-20 17:05:50,17.6812496,1064.94373,22.6749992,,22.6812496
2025-11-20 17:05:51,17.6812496,1064.61877,22.8624992,,
2025-11-20 17:05:52,17.6812496,1064.61877,22.8624992,,
2025-11-20 17:05:53,17.6812496,1063.72498,22.5249996,,
2025-11-20 17:05:54,17.6812496,1062.18127,22.75,,
2025-11-20 17:05:55,17.6812496,1062.18127,22.75,,22.6812496
2025-11-20 17:05:56,17.6812496,1061.9375,22.7374992,,
2025-11-20 17:05:57,17.6812496,1061.9375,22.7374992,,
2025-11-20 17:05:58,17.6812496,1062.91248,22.8999996,,
2025-11-20 17:05:59,17.6812496,1062.91248,22.8999996,,
2025-11-20 17:06:00,17.6812496,1062.18127,22.9125004,,22.6812496
2025-11-20 17:06:01,17.6812496,1062.18127,22.9125004,,
2025-11-20 17:06:03,17.6812496,1062.58752,22.7124996,,
2025-11-20 17:06:04,17.6812496,1062.09998,22.6625004,,
2025-11-20 17:06:05,17.6812496,1062.0188,23.0625,,22.6812496
2025-11-20 17:06:06,17.6812496,1062.0188,23.0625,,
2025-11-20 17:06:07,17.6812496,1060.3938,22.9125004,,
2025-11-20 17:06:08,17.6812496,1060.3125,20.6875,,
2025-11-20 17:06:09,17.6812496,1060.3125,20.6875,,
2025-11-20 17:06:10,17.6812496,1060.47498,20.4375,,22.6812496
2025-11-20 17:06:11,17.6812496,1060.47498,20.4375,,
2025-11-20 17:06:12,17.6812496,1058.84998,20.9249992,,
2025-11-20 17:06:13,17.6812496,1058.84998,20.9249992,,
2025-11-20 17:06:14,17.6812496,1059.66248,20.4874992,,
2025-11-20 17:06:15,17.6812496,1058.84998,20.4500008,,22.6812496
2025-11-20 17:06:16,17.6812496,1058.84998,20.4500008,,
2025-11-20 17:06:17,17.6812496,1058.6062,20.75,,
2025-11-20 17:06:18,17.6812496,1058.6062,20.75,,
2025-11-20 17:06:19,17.6812496,1058.7688,20.6749992,,
2025-11-20 17:06:20,17.6812496,1059.90625,20.6000004,,22.6812496
2025-11-20 17:06:21,17.6812496,1059.90625,20.6000004,,
2025-11-20 17:06:22,17.6812496,1058.6062,20.6375008,,
2025-11-20 17:06:23,17.6812496,1056.9812,20.9249992,,
2025-11-20 17:06:24,17.6812496,1056.9812,20.9249992,,
2025-11-20 17:06:25,17.6812496,1057.9563,20.8624992,,22.6812496
2025-11-20 17:06:26,17.6812496,1057.9563,20.8624992,,
2025-11-20 17:06:27,17.6812496,1056.3313,20.9874992,,
2025-11-20 17:06:28,17.6812496,1056.1687,19.0,,
2025-11-20 17:06:29,17.6812496,1054.46252,19.3374996,,
2025-11-20 17:06:30,17.6812496,1053.8938,19.1499996,,22.6812496
2025-11-20 17:06:31,17.6812496,1053.8938,19.1499996,,
2025-11-20 17:06:32,17.6812496,1053.8125,19.5249996,,
2025-11-20 17:06:33,17.6812496,1052.43127,19.7749996,,
2025-11-20 17:06:34,17.6812496,1052.43127,19.7749996,,
2025-11-20 17:06:35,17.6812496,1052.34998,19.4750004,,22.6812496
2025-11-20 17:06:36,17.6812496,1052.43127,19.2999992,,
2025-11-20 17:06:37,17.6812496,1052.1875,19.6499996,,
2025-11-20 17:06:38,17.6812496,1052.1875,19.6499996,,
2025-11-20 17:06:39,17.6812496,1052.9187,19.9624996,,
2025-11-20 17:06:40,17.6812496,1052.9187,19.9624996,,22.6812496
2025-11-20 17:06:41,17.6812496,1053.48755,19.3875008,,
2025-11-20 17:06:42,17.6812496,1053.48755,19.3875008,,
2025-11-20 17:06:43,17.6812496,1050.4812,19.875,,
2025-11-20 17:06:44,17.6812496,1050.80627,19.7749996,,
2025-11-20 17:06:45,17.6812496,1050.80627,19.7749996,,22.6812496
2025-11-20 17:06:46,17.6812496,1049.18127,19.3875008,,
2025-11-20 17:06:47,17.6812496,1049.18127,19.3875008,,
2025-11-20 17:06:48,17.6812496,1049.91248,15.1625004,,
2025-11-20 17:06:49,17.6812496,1049.91248,15.1625004,,
2025-11-20 17:06:50,17.6812496,1049.26245,14.9624996,,22.6812496
2025-11-20 17:06:51,17.6812496,1048.53125,14.7124996,,
2025-11-20 17:06:52,17.6812496,1048.53125,14.7124996,,
2025-11-20 17:06:53,17.6812496,1047.96252,15.5375004,,
2025-11-20 17:06:54,17.6812496,1048.44995,15.1625004,,
2025-11-20 17:06:55,17.6812496,1048.44995,15.1625004,,22.6812496
2025-11-20 17:06:56,17.6812496,1046.33752,15.1625004,,
2025-11-20 17:06:57,17.6812496,1045.7688,15.0749998,,
2025-11-20 17:06:58,17.6812496,1045.84998,15.1499996,,
2025-11-20 17:06:59,17.6812496,1045.84998,15.1499996,,
2025-11-20 17:07:00,17.6812496,1046.90625,15.1000004,,22.6812496
2025-11-20 17:07:01,17.6812496,1046.01245,15.3374996,,
2025-11-20 17:07:02,17.6812496,1046.01245,15.3374996,,
2025-11-20 17:07:03,17.6812496,1047.15002,15.7749996,,
2025-11-20 17:07:04,17.6812496,1047.15002,15.7749996,,
2025-11-20 17:07:05,17.6812496,1046.90625,15.4624996,,22.6812496
2025-11-20 17:07:06,17.6812496,1046.90625,15.4624996,,
2025-11-20 17:07:07,17.6812496,1046.09375,14.5249996,,
2025-11-20 17:07:08,17.6812496,1045.6875,14.6875,,
2025-11-20 17:07:09,17.6812496,1045.6875,14.6875,,
2025-11-20 17:07:10,17.6812496,1045.84998,14.7375002,,22.6812496
2025-11-20 17:07:11,17.6812496,1046.90625,14.7375002,,
2025-11-20 17:07:12,17.6812496,1045.44373,14.6499996,,
2025-11-20 17:07:13,17.6812496,1044.875,14.6625004,,
2025-11-20 17:07:14,17.6812496,1044.875,14.6625004,,
2025-11-20 17:07:15,17.6812496,1044.1438,14.8000002,,22.6812496
2025-11-20 17:07:16,17.6812496,1045.52502,14.6875,,
2025-11-20 17:07:17,17.6812496,1045.03748,14.7749996,,
2025-11-20 17:07:18,17.6812496,1045.03748,14.7749996,,
2025-11-20 17:07:19,17.6812496,1045.11877,14.5749998,,
2025-11-20 17:07:20,17.6812496,1045.11877,14.5749998,,22.6812496
2025-11-20 17:07:21,17.6812496,1045.52502,14.9125004,,
2025-11-20 17:07:22,17.6812496,1045.52502,14.9125004,,
2025-11-20 17:07:23,17.6812496,1045.28125,14.6999998,,
2025-11-20 17:07:24,17.6812496,1045.28125,14.6999998,,
2025-11-20 17:07:25,17.6812496,1045.84998,14.6875,,22.6812496
2025-11-20 17:07:26,17.6812496,1045.84998,15.0124998,,
2025-11-20 17:07:27,17.6812496,1046.01245,15.0124998,,
2025-11-20 17:07:28,17.6812496,1046.01245,15.125,,
2025-11-20 17:07:29,17.6812496,1046.09375,15.125,,
2025-11-20 17:07:30,17.6812496,1045.84998,15.1875,,22.6812496
2025-11-20 17:07:31,17.6812496,1045.84998,15.1875,,
2025-11-20 17:07:32,17.6812496,1046.09375,13.8500004,,
2025-11-20 17:07:33,17.6812496,1047.55627,13.9624996,,
2025-11-20 17:07:34,17.6812496,1047.47498,13.9624996,,
2025-11-20 17:07:35,17.6812496,1047.47498,14.2875004,,22.6812496
2025-11-20 17:07:36,17.6812496,1049.09998,13.8249998,,
2025-11-20 17:07:37,17.6812496,1049.91248,14.5124998,,
2025-11-20 17:07:38,17.6812496,1049.91248,14.5124998,,
2025-11-20 17:07:39,17.6812496,1051.53748,14.3249998,,
2025-11-20 17:07:40,17.6812496,1051.05005,14.5249996,,22.6812496
2025-11-20 17:07:41,17.6812496,1051.05005,14.5249996,,
2025-11-20 17:07:42,17.6812496,1052.43127,14.5874996,,
2025-11-20 17:07:43,17.6812496,1052.43127,14.5874996,,
2025-11-20 17:07:44,17.6812496,1052.43127,14.6875,,
2025-11-20 17:07:45,,,,,22.6812496
2025-11-20 17:07:46,17.6812496,1052.43127,14.6750002,,
2025-11-20 17:07:47,17.6812496,1053.97498,14.6750002,,
2025-11-20 17:07:48,17.6812496,1053.97498,15.1000004,,
2025-11-20 17:07:49,17.6812496,1053.97498,15.1875,,
2025-11-20 17:07:50,17.6812496,1057.63123,15.1875,,22.6812496
2025-11-20 17:07:51,17.6812496,1058.52502,15.0874996,,
2025-11-20 17:07:52,17.6812496,1059.74377,14.5749998,,
2025-11-20 17:07:53,17.6812496,1059.74377,14.5749998,,
2025-11-20 17:07:54,17.6812496,1059.5,12.3249998,,
2025-11-20 17:07:55,17.6812496,1059.5,12.3249998,,22.6812496
2025-11-20 17:07:56,17.6812496,1061.61255,12.3249998,,
2025-11-20 17:07:57,17.6812496,1061.61255,12.5625,,
2025-11-20 17:07:58,17.6812496,1061.61255,12.5625,,
2025-11-20 17:07:59,17.6812496,1064.375,12.6374998,,
2025-11-20 17:08:00,17.6812496,1066.56873,12.75,,22.6812496
2025-11-20 17:08:01,17.6812496,1066.0813,12.9875002,,
2025-11-20 17:08:02,17.6812496,1066.0813,12.9875002,,
2025-11-20 17:08:03,17.6812496,1065.34998,13.5,,
2025-11-20 17:08:04,17.6812496,1067.21875,13.6499996,,
2025-11-20 17:08:05,17.6812496,1067.21875,13.6499996,,22.6812496
2025-11-20 17:08:06,17.6812496,1070.55005,13.4375,,
2025-11-20 17:08:07,17.6812496,1070.55005,13.4375,,
2025-11-20 17:08:08,17.6812496,1071.6875,13.8249998,,
2025-11-20 17:08:09,17.6812496,1071.84998,13.6000004,,
2025-11-20 17:08:10,17.6812496,1072.82495,13.5625,,22.6812496
2025-11-20 17:08:11,17.6812496,1072.82495,13.5625,,
2025-11-20 17:08:12,17.6812496,1074.9375,10.3000002,,
2025-11-20 17:08:13,17.6812496,1075.09998,10.375,,
2025-11-20 17:08:14,17.6812496,1075.09998,10.375,,
2025-11-20 17:08:15,17.6812496,1076.40002,10.1374998,,22.6812496
2025-11-20 17:08:16,17.6812496,1076.40002,10.1374998,,
2025-11-20 17:08:17,17.6812496,1078.75623,9.72500038,,
2025-11-20 17:08:18,17.6812496,1079.24377,9.76249981,,
2025-11-20 17:08:19,17.6812496,1079.24377,9.76249981,,
2025-11-20 17:08:20,17.6812496,1079.8938,9.71249962,,22.6812496
2025-11-20 17:08:21,17.6812496,1079.8938,9.71249962,,
2025-11-20 17:08:22,17.6812496,1082.00623,9.08749962,,
2025-11-20 17:08:23,17.6812496,1083.30627,9.23750019,,
2025-11-20 17:08:24,17.6812496,1083.30627,9.23750019,,
2025-11-20 17:08:25,17.6812496,1085.25623,9.38749981,,22.6812496
2025-11-20 17:08:26,17.6812496,1085.25623,9.38749981,,
2025-11-20 17:08:27,17.6812496,1085.5,8.53750038,,
2025-11-20 17:08:28,17.6812496,1085.17505,8.91250038,,
2025-11-20 17:08:29,17.6812496,1085.17505,8.91250038,,
2025-11-20 17:08:30,17.6812496,1088.58752,8.63749981,,22.6812496
2025-11-20 17:08:31,17.6812496,1088.34375,8.82499981,,
2025-11-20 17:08:32,17.6812496,1088.34375,8.82499981,,
2025-11-20 17:08:33,17.6812496,1089.88745,9.01249981,,
2025-11-20 17:08:34,17.6812496,1089.80627,8.92500019,,
2025-11-20 17:08:35,17.6812496,1092.16248,8.85000038,,22.6812496
2025-11-20 17:08:36,17.6812496,1092.16248,8.85000038,,
2025-11-20 17:08:37,17.6812496,1092.16248,8.73750019,,
2025-11-20 17:08:38,17.6812496,1092.16248,8.73750019,,
2025-11-20 17:08:39,17.6812496,1092.16248,8.9375,,
2025-11-20 17:08:40,17.6812496,1092.8125,8.78750038,,22.6812496
2025-11-20 17:08:41,17.6812496,1092.8125,8.78750038,,
2025-11-20 17:08:42,17.6812496,1095.25,8.01249981,,
2025-11-20 17:08:43,17.6812496,1095.25,8.01249981,,
2025-11-20 17:08:44,17.6812496,1096.30627,7.80000019,,
2025-11-20 17:08:45,17.6812496,1096.30627,7.80000019,,22.6812496
2025-11-20 17:08:46,17.6812496,1098.25623,7.9625001,,
2025-11-20 17:08:47,17.6812496,1098.25623,7.9625001,,
2025-11-20 17:08:48,17.6812496,1097.52502,7.67500019,,
2025-11-20 17:08:49,17.6812496,1097.52502,7.67500019,,
2025-11-20 17:08:50,17.6812496,1098.5813,7.7750001,,22.6812496
2025-11-20 17:08:51,17.6812496,1099.2312,7.9625001,,
2025-11-20 17:08:52,17.6812496,1100.36877,10.0500002,,
2025-11-20 17:08:53,17.6812496,1100.36877,10.0500002,,
2025-11-20 17:08:54,17.6812496,1100.69373,10.4375,,
2025-11-20 17:08:55,17.6812496,1100.69373,10.4375,,22.6812496
2025-11-20 17:08:56,17.6812496,1102.31873,10.0124998,,
2025-11-20 17:08:57,17.6812496,1102.31873,10.0124998,,
2025-11-20 17:08:58,17.6812496,1103.53748,9.6875,,
2025-11-20 17:08:59,17.6812496,1105.40625,9.875,,
2025-11-20 17:09:00,17.6812496,1105.40625,9.875,,22.6812496
2025-11-20 17:09:01,17.6812496,1104.34998,9.82499981,,
2025-11-20 17:09:02,17.6812496,1104.34998,9.82499981,,
2025-11-20 17:09:03,17.6812496,1105.0813,8.85000038,,
2025-11-20 17:09:04,17.6812496,1105.0813,8.85000038,,
2025-11-20 17:09:05,17.6812496,1106.78748,9.17500019,,22.6812496
2025-11-20 17:09:06,17.6812496,1106.78748,9.17500019,,
2025-11-20 17:09:07,17.6812496,1107.92505,8.91250038,,
2025-11-20 17:09:08,17.6812496,1107.92505,8.91250038,,
2025-11-20 17:09:09,17.6812496,1109.1438,8.76249981,,
2025-11-20 17:09:10,17.6812496,1109.1438,8.76249981,,22.6812496
2025-11-20 17:09:11,17.6812496,1109.875,9.88749981,,
2025-11-20 17:09:12,17.6812496,1109.875,9.88749981,,
2025-11-20 17:09:13,17.6812496,1111.82495,16.25,,
2025-11-20 17:09:14,17.6812496,1111.82495,16.25,,
2025-11-20 17:09:15,17.6812496,1111.82495,16.4624996,,22.6812496
2025-11-20 17:09:16,17.6812496,1111.5,16.4624996,,
2025-11-20 17:09:17,17.6812496,1111.66248,15.8999996,,
2025-11-20 17:09:18,17.6812496,1111.66248,15.8999996,,
2025-11-20 17:09:19,17.6812496,1113.125,15.8999996,,
2025-11-20 17:09:20,17.6812496,1113.125,15.8999996,,22.6812496
2025-11-20 17:09:21,17.6812496,1112.3938,15.4875002,,
2025-11-20 17:09:22,17.6812496,1112.3938,15.4875002,,
2025-11-20 17:09:23,17.6812496,1114.34375,15.5749998,,
2025-11-20 17:09:24,17.6812496,1114.34375,15.6000004,,
2025-11-20 17:09:25,17.6812496,1113.69373,15.6000004,,22.6812496
2025-11-20 17:09:27,17.6812496,1115.40002,15.75,,
2025-11-20 17:09:28,17.6812496,1115.40002,15.75,,
2025-11-20 17:09:29,17.6812496,1115.40002,15.75,,
2025-11-20 17:09:30,17.6812496,1115.6438,15.4624996,,22.6812496
2025-11-20 17:09:31,17.6812496,1117.83752,15.9125004,,
2025-11-20 17:09:32,17.6812496,1117.83752,15.9125004,,
2025-11-20 17:09:33,17.6812496,1118.0,15.5500002,,
2025-11-20 17:09:34,17.6812496,1118.0,15.5500002,,
2025-11-20 17:09:35,17.6812496,1117.43127,15.6999998,,22.6812496
2025-11-20 17:09:36,17.6812496,1117.43127,15.6999998,,
2025-11-20 17:09:37,17.6812496,1117.9187,16.8500004,,
2025-11-20 17:09:38,17.6812496,1117.1062,24.3875008,,
2025-11-20 17:09:39,17.6812496,1117.1062,24.3875008,,
2025-11-20 17:09:40,17.6812496,1118.7312,24.4125004,,22.6812496
2025-11-20 17:09:41,17.6812496,1118.56873,24.2124996,,
2025-11-20 17:09:42,17.6812496,1118.56873,24.2124996,,
2025-11-20 17:09:43,17.6812496,1120.59998,24.8875008,,
2025-11-20 17:09:44,17.6812496,1120.4375,24.2999992,,
2025-11-20 17:09:45,17.6812496,1120.4375,24.2999992,,22.6812496
2025-11-20 17:09:46,17.6812496,1122.0625,24.5874996,,
2025-11-20 17:09:47,17.6812496,1122.0625,24.5874996,,
2025-11-20 17:09:48,17.6812496,1121.9812,24.9249992,,
2025-11-20 17:09:49,17.6812496,1124.4187,24.9500008,,
2025-11-20 17:09:50,17.6812496,1124.4187,24.9500008,,22.6812496
2025-11-20 17:09:51,17.6812496,1123.6875,24.4750004,,
2025-11-20 17:09:52,17.6812496,1123.52502,24.6499996,,
2025-11-20 17:09:53,17.6812496,1123.52502,24.6499996,,
2025-11-20 17:09:54,17.6812496,1123.84998,24.7875004,,
2025-11-20 17:09:55,17.6812496,1124.66248,24.8624992,,22.6812496
2025-11-20 17:09:56,17.6812496,1124.66248,24.8624992,,
2025-11-20 17:09:57,17.6812496,1124.5,27.0375004,,
2025-11-20 17:09:58,17.6812496,1124.5,27.0375004,,
2025-11-20 17:09:59,17.6812496,1124.09375,27.2625008,,
2025-11-20 17:10:00,17.6812496,1123.93127,26.7999992,,22.6812496
2025-11-20 17:10:01,17.6812496,1123.93127,26.7999992,,
2025-11-20 17:10:02,17.6812496,1124.66248,27.5874996,,
2025-11-20 17:10:03,17.6812496,1124.66248,27.5874996,,
2025-11-20 17:10:04,17.6812496,1126.2063,27.4624996,,
2025-11-20 17:10:05,17.6812496,1126.0437,27.5874996,,22.6812496
2025-11-20 17:10:06,17.6812496,1126.0437,27.5874996,,
2025-11-20 17:10:07,17.6812496,1125.2312,27.8250008,,
2025-11-20 17:10:08,17.6812496,1125.2312,27.2749996,,
2025-11-20 17:10:09,17.6812496,1127.91248,27.2749996,,
2025-11-20 17:10:10,17.6812496,1127.0188,28.25,,22.6812496
2025-11-20 17:10:11,17.6812496,1126.8562,27.7374992,,
2025-11-20 17:10:12,17.6812496,1126.8562,27.7374992,,
2025-11-20 17:10:13,17.6812496,1127.58752,27.4500008,,
2025-11-20 17:10:14,17.6812496,1127.75,27.8374996,,
2025-11-20 17:10:15,17.6812496,1127.75,27.8374996,,22.6812496
2025-11-20 17:10:16,17.6812496,1127.75,27.7625008,,
2025-11-20 17:10:17,17.6812496,1126.77502,27.7625008,,
2025-11-20 17:10:18,17.6812496,1126.77502,28.8250008,,
2025-11-20 17:10:19,17.6812496,1126.9375,28.5499992,,
2025-11-20 17:10:20,17.6812496,1126.9375,28.5499992,,22.6812496
2025-11-20 17:10:21,17.6812496,1127.42505,28.3125,,
2025-11-20 17:10:22,17.6812496,1126.69373,28.4125004,,
2025-11-20 17:10:23,17.6812496,1126.69373,28.4125004,,
2025-11-20 17:10:24,17.6812496,1127.09998,28.375,,
2025-11-20 17:10:25,17.6812496,1127.6687,28.7250004,,22.6812496
2025-11-20 17:10:26,17.6812496,1127.6687,28.7250004,,
2025-11-20 17:10:27,17.6812496,1126.77502,28.3374996,,
2025-11-20 17:10:28,17.6812496,1126.77502,28.3374996,,
2025-11-20 17:10:29,17.6812496,1127.34375,28.5499992,,
2025-11-20 17:10:30,17.6812496,1127.18127,28.3624992,,22.6812496
2025-11-20 17:10:31,17.6812496,1127.18127,28.3624992,,
2025-11-20 17:10:32,17.6812496,1127.34375,28.6000004,,
2025-11-20 17:10:33,17.6812496,1127.09998,28.875,,
2025-11-20 17:10:34,17.6812496,1127.09998,28.875,,
2025-11-20 17:10:35,17.6812496,1127.42505,28.5249996,,22.6812496
2025-11-20 17:10:36,17.6812496,1127.18127,28.2999992,,
2025-11-20 17:10:37,17.6812496,1126.61255,28.8374996,,
2025-11-20 17:10:38,17.6812496,1126.61255,28.8374996,,
2025-11-20 17:10:39,17.6812496,1126.77502,28.75,,
2025-11-20 17:10:40,17.6812496,1127.75,28.75,,22.6812496
2025-11-20 17:10:41,17.6812496,1127.75,28.9125004,,
2025-11-20 17:10:42,17.6812496,1126.61255,28.7374992,,
2025-11-20 17:10:43,17.6812496,1126.61255,28.7374992,,
2025-11-20 17:10:44,17.6812496,1127.50623,29.0499992,,
2025-11-20 17:10:45,17.6812496,1127.50623,29.0499992,,22.6812496
2025-11-20 17:10:46,17.6812496,1126.61255,28.5,,
2025-11-20 17:10:47,17.6812496,1126.61255,28.5,,
2025-11-20 17:10:48,17.6812496,1127.91248,28.7374992,,
2025-11-20 17:10:49,17.6812496,1127.58752,28.75,,
2025-11-20 17:10:50,17.6812496,1127.58752,28.75,,22.6812496
2025-11-20 17:10:51,17.6812496,1127.58752,28.6875,,
2025-11-20 17:10:52,17.6812496,1126.8562,28.9500008,,
2025-11-20 17:10:53,17.6812496,1126.8562,28.9500008,,
2025-11-20 17:10:54,17.6812496,1127.91248,29.2625008,,
2025-11-20 17:10:55,17.6812496,1127.91248,29.2625008,,22.6812496
2025-11-20 17:10:56,17.6812496,1125.80005,29.0750008,,
2025-11-20 17:10:57,17.6812496,1125.80005,29.0750008,,
2025-11-20 17:10:58,17.6812496,1125.80005,29.6124992,,
2025-11-20 17:10:59,17.6812496,1125.80005,29.6124992,,
2025-11-20 17:11:00,17.6812496,1125.2312,29.1749992,,22.6812496
2025-11-20 17:11:01,17.6812496,1125.63745,29.125,,
2025-11-20 17:11:02,17.6812496,1125.63745,29.125,,
2025-11-20 17:11:03,17.6812496,1125.47498,28.8624992,,
2025-11-20 17:11:04,17.6812496,1124.66248,28.8624992,,
2025-11-20 17:11:05,17.6812496,1124.66248,29.0625,,22.6812496
2025-11-20 17:11:07,17.6812496,1123.84998,29.0625,,
2025-11-20 17:11:08,17.6812496,1124.66248,29.1875,,
2025-11-20 17:11:09,17.6812496,1124.66248,29.1875,,
2025-11-20 17:11:10,17.6812496,1123.93127,29.0499992,,22.6812496
2025-11-20 17:11:11,17.6812496,1124.33752,29.2999992,,
2025-11-20 17:11:12,17.6812496,1124.33752,29.2999992,,
2025-11-20 17:11:13,17.6812496,1124.01245,29.2875004,,
2025-11-20 17:11:14,17.6812496,1124.01245,29.2875004,,
2025-11-20 17:11:15,17.6812496,1123.84998,29.3374996,,22.6812496
2025-11-20 17:11:16,17.6812496,1123.84998,29.3374996,,
2025-11-20 17:11:17,17.6812496,1123.84998,28.7875004,,
2025-11-20 17:11:18,17.6812496,1124.09375,27.8875008,,
2025-11-20 17:11:19,17.6812496,1123.6875,28.0,,
2025-11-20 17:11:20,17.6812496,1123.6875,28.0,,22.6812496
2025-11-20 17:11:21,17.6812496,1124.09375,28.0249996,,
2025-11-20 17:11:22,17.6812496,1122.1438,28.1749992,,
2025-11-20 17:11:23,17.6812496,1122.1438,28.1749992,,
2025-11-20 17:11:24,17.6812496,1122.1438,28.125,,
2025-11-20 17:11:25,17.6812496,1121.9812,28.0625,,22.6812496
2025-11-20 17:11:26,17.6812496,1121.9812,28.0625,,
2025-11-20 17:11:27,17.6812496,1120.19373,28.4874992,,
2025-11-20 17:11:28,17.6812496,1120.19373,28.4874992,,
2025-11-20 17:11:29,17.6812496,1120.4375,29.2999992,,
2025-11-20 17:11:30,17.6812496,1121.1687,29.3250008,,22.6812496
2025-11-20 17:11:31,17.6812496,1121.1687,29.3250008,,
2025-11-20 17:11:32,17.6812496,1118.97498,29.0,,
2025-11-20 17:11:33,17.6812496,1118.8938,29.75,,
2025-11-20 17:11:34,17.6812496,1117.34998,29.5249996,,
2025-11-20 17:11:35,17.6812496,1117.34998,29.5249996,,22.6812496
2025-11-20 17:11:36,17.6812496,1117.2688,29.8374996,,
2025-11-20 17:11:37,17.6812496,1117.1875,30.0375004,,
2025-11-20 17:11:38,17.6812496,1117.1875,30.0375004,,
2025-11-20 17:11:39,17.6812496,1117.67505,30.2374992,,
2025-11-20 17:11:40,17.6812496,1117.67505,30.2374992,,22.6812496
2025-11-20 17:11:41,17.6812496,1117.02502,30.2000008,,
2025-11-20 17:11:42,17.6812496,1117.02502,30.2000008,,
2025-11-20 17:11:43,17.6812496,1118.0813,30.4125004,,
2025-11-20 17:11:44,17.6812496,1116.13123,30.4375,,
2025-11-20 17:11:45,17.6812496,1116.13123,30.4375,,22.6812496
2025-11-20 17:11:46,17.6812496,1115.4812,30.4375,,
2025-11-20 17:11:47,17.6812496,1115.4812,31.1000004,,
2025-11-20 17:11:48,17.6812496,1114.09998,31.1000004,,
2025-11-20 17:11:49,17.6812496,1113.77502,31.1124992,,
2025-11-20 17:11:50,17.6812496,1113.77502,31.1124992,,22.6812496
2025-11-20 17:11:51,17.6812496,1114.26245,30.8624992,,
2025-11-20 17:11:52,17.6812496,1114.26245,30.8624992,,
2025-11-20 17:11:53,17.6812496,1112.3938,31.4624996,,
2025-11-20 17:11:54,17.6812496,1112.88123,31.6375008,,
2025-11-20 17:11:55,17.6812496,1112.88123,31.6375008,,22.6812496
2025-11-20 17:11:56,17.6812496,1110.93127,31.3999996,,
2025-11-20 17:11:57,17.6812496,1110.93127,31.3999996,,
2025-11-20 17:11:58,17.6812496,1110.6875,31.7875004,,
2025-11-20 17:11:59,17.6812496,1110.6875,31.7875004,,
2025-11-20 17:12:00,17.6812496,1111.4187,31.6625004,,22.6812496
2025-11-20 17:12:01,17.6812496,1110.6062,31.9750004,,
2025-11-20 17:12:02,17.6812496,1110.6062,31.9750004,,
2025-11-20 17:12:03,17.6812496,1111.25623,33.2750015,,
2025-11-20 17:12:04,17.6812496,1110.11877,33.1375008,,
2025-11-20 17:12:05,17.6812496,1110.11877,33.1375008,,22.6812496
2025-11-20 17:12:06,17.6812496,1108.9812,33.1875,,
2025-11-20 17:12:07,17.6812496,1108.9812,33.1875,,
2025-11-20 17:12:08,17.6812496,1107.68127,33.8125,,
2025-11-20 17:12:09,17.6812496,1107.68127,33.8125,,
2025-11-20 17:12:10,17.6812496,1105.8938,33.8375015,,22.6812496
2025-11-20 17:12:11,17.6812496,1105.8938,33.8375015,,
2025-11-20 17:12:12,17.6812496,1104.1875,34.0250015,,
2025-11-20 17:12:13,17.6812496,1105.0,33.5374985,,
2025-11-20 17:12:14,17.6812496,1105.0,33.5374985,,
2025-11-20 17:12:15,17.6812496,1105.0,34.1500015,,22.6812496
2025-11-20 17:12:16,17.6812496,1105.0,34.1500015,,
2025-11-20 17:12:17,17.6812496,1105.40625,34.4625015,,
2025-11-20 17:12:18,17.6812496,1104.9187,34.4124985,,
2025-11-20 17:12:19,17.6812496,1104.9187,34.4124985,,
2025-11-20 17:12:20,17.6812496,1103.69995,34.5250015,,22.6812496
2025-11-20 17:12:21,17.6812496,1103.69995,34.5250015,,
2025-11-20 17:12:22,17.6812496,1101.0188,33.5999985,,
2025-11-20 17:12:23,17.6812496,1101.0188,33.5999985,,
2025-11-20 17:12:24,17.6812496,1101.09998,33.5999985,,
2025-11-20 17:12:25,17.6812496,1100.77502,33.5750008,,22.6812496
2025-11-20 17:12:26,17.6812496,1100.77502,33.5750008,,
2025-11-20 17:12:27,17.6812496,1099.47498,33.9249992,,
2025-11-20 17:12:28,17.6812496,1099.47498,33.9249992,,
2025-11-20 17:12:29,17.6812496,1098.33752,33.7750015,,
2025-11-20 17:12:30,17.6812496,1098.33752,33.7750015,,22.6812496
2025-11-20 17:12:31,17.6812496,1098.5813,34.1875,,
2025-11-20 17:12:32,17.6812496,1098.5813,34.1875,,
2025-11-20 17:12:33,17.6812496,1097.6062,34.2125015,,
2025-11-20 17:12:34,17.6812496,1097.6062,34.2125015,,
2025-11-20 17:12:35,17.6812496,1096.63123,34.5875015,,22.6812496
2025-11-20 17:12:36,17.6812496,1095.90002,34.5499992,,
2025-11-20 17:12:37,17.6812496,1095.90002,34.5499992,,
2025-11-20 17:12:38,17.6812496,1094.4375,34.9874992,,
2025-11-20 17:12:39,17.6812496,1093.625,34.9249992,,
2025-11-20 17:12:40,17.6812496,1093.625,34.9249992,,22.6812496
2025-11-20 17:12:41,17.6812496,1092.0813,34.5875015,,
2025-11-20 17:12:42,17.6812496,1092.0813,34.5875015,,
2025-11-20 17:12:43,17.6812496,1092.40625,32.8875008,,
2025-11-20 17:12:44,17.6812496,1092.40625,32.8875008,,
2025-11-20 17:12:45,17.6812496,1092.0,33.3250008,,22.6812496
2025-11-20 17:12:46,17.6812496,1092.0,33.3250008,,
2025-11-20 17:12:47,17.6812496,1091.2688,33.7999992,,
2025-11-20 17:12:48,17.6812496,1091.2688,33.7999992,,
2025-11-20 17:12:49,17.6812496,1088.99377,33.7249985,,
2025-11-20 17:12:50,,,,,22.6812496
2025-11-20 17:12:51,17.6812496,1088.91248,33.4749985,,
2025-11-20 17:12:52,17.6812496,1087.77502,33.7125015,,
2025-11-20 17:12:53,17.6812496,1087.77502,33.7125015,,
2025-11-20 17:12:54,17.6812496,1086.80005,34.3125,,
2025-11-20 17:12:55,17.6812496,1086.80005,34.3125,,22.6812496
2025-11-20 17:12:56,17.6812496,1085.4187,34.2874985,,
2025-11-20 17:12:57,17.6812496,1085.4187,34.2874985,,
2025-11-20 17:12:58,17.6812496,1085.74377,35.2999992,,
2025-11-20 17:12:59,17.6812496,1085.74377,35.2999992,,
2025-11-20 17:13:00,17.6812496,1085.66248,34.8875008,,22.6812496
2025-11-20 17:13:01,17.6812496,1085.09375,34.8875008,,
2025-11-20 17:13:02,17.6812496,1085.09375,33.5250015,,
2025-11-20 17:13:03,17.6812496,1083.71252,33.5250015,,
2025-11-20 17:13:04,17.6812496,1081.84375,33.5250015,,
2025-11-20 17:13:05,17.6812496,1081.4375,30.2124996,,22.6812496
2025-11-20 17:13:06,17.6812496,1081.4375,30.2124996,,
2025-11-20 17:13:07,17.6812496,1079.8125,30.1875,,
2025-11-20 17:13:08,17.6812496,1079.8125,30.1875,,
2025-11-20 17:13:09,17.6812496,1078.34998,30.6749992,,
2025-11-20 17:13:10,17.6812496,1078.1875,30.8374996,,22.6812496
2025-11-20 17:13:11,17.6812496,1078.67505,30.7250004,,
2025-11-20 17:13:12,17.6812496,1078.83752,31.5249996,,
2025-11-20 17:13:13,17.6812496,1078.83752,31.5249996,,
2025-11-20 17:13:14,17.6812496,1078.9187,31.6749992,,
2025-11-20 17:13:15,17.6812496,1078.9187,31.6749992,,22.6812496
2025-11-20 17:13:16,17.6812496,1077.69995,31.6625004,,
2025-11-20 17:13:17,17.6812496,1075.26245,31.8624992,,
2025-11-20 17:13:18,17.6812496,1075.26245,31.8624992,,
2025-11-20 17:13:19,17.6812496,1075.91248,32.0625,,
2025-11-20 17:13:20,17.6812496,1075.91248,32.0625,,22.6812496
2025-11-20 17:13:21,17.6812496,1076.07495,30.1875,,
2025-11-20 17:13:22,17.6812496,1076.07495,30.1875,,
2025-11-20 17:13:23,17.6812496,1075.0188,26.25,,
2025-11-20 17:13:24,17.6812496,1075.0188,26.25,,
2025-11-20 17:13:25,17.6812496,1073.47498,26.1499996,,22.6812496
2025-11-20 17:13:26,17.6812496,1074.125,26.2250004,,
2025-11-20 17:13:27,17.6812496,1074.125,26.2250004,,
2025-11-20 17:13:28,17.6812496,1072.09375,26.4750004,,
2025-11-20 17:13:29,17.6812496,1072.09375,26.4750004,,
2025-11-20 17:13:30,17.6812496,1072.17505,26.4624996,,22.6812496
2025-11-20 17:13:31,17.6812496,1072.17505,26.4624996,,
2025-11-20 17:13:32,17.6812496,1072.01245,26.4624996,,
2025-11-20 17:13:33,17.6812496,1072.01245,27.1375008,,
2025-11-20 17:13:34,17.6812496,1071.7688,27.2999992,,
2025-11-20 17:13:35,17.6812496,1071.28125,27.4500008,,22.6812496
2025-11-20 17:13:36,17.6812496,1071.28125,27.4500008,,
2025-11-20 17:13:37,17.6812496,1072.5,27.7625008,,
2025-11-20 17:13:38,17.6812496,1072.5,27.7625008,,
2025-11-20 17:13:39,17.6812496,1072.5,27.8125,,
2025-11-20 17:13:40,17.6812496,1072.5,27.8125,,22.6812496
2025-11-20 17:13:41,17.6812496,1071.52502,26.1625004,,
2025-11-20 17:13:42,17.6812496,1071.52502,26.1625004,,
2025-11-20 17:13:43,17.6812496,1070.22498,22.1124992,,
2025-11-20 17:13:44,17.6812496,1070.22498,22.1124992,,
2025-11-20 17:13:45,17.6812496,1070.7937,22.2250004,,22.6812496
2025-11-20 17:13:46,17.6812496,1070.7937,22.2250004,,
2025-11-20 17:13:47,17.6812496,1069.3313,22.4375,,
2025-11-20 17:13:48,17.6812496,1069.3313,22.4375,,
2025-11-20 17:13:49,17.6812496,1069.25,22.6875,,
2025-11-20 17:13:50,17.6812496,1068.5188,22.4874992,,22.6812496
2025-11-20 17:13:51,17.6812496,1069.41248,22.9249992,,
2025-11-20 17:13:52,17.6812496,1069.41248,22.9249992,,
2025-11-20 17:13:53,17.6812496,1069.73755,23.0,,
2025-11-20 17:13:54,17.6812496,1069.73755,23.0,,
2025-11-20 17:13:55,17.6812496,1069.3313,23.1875,,22.6812496
2025-11-20 17:13:56,17.6812496,1069.3313,23.1875,,
2025-11-20 17:13:57,17.6812496,1068.59998,23.8999996,,
2025-11-20 17:13:58,17.6812496,1068.59998,23.8999996,,
2025-11-20 17:13:59,17.6812496,1067.46252,23.5625,,
2025-11-20 17:14:00,17.6812496,1067.46252,23.5625,,22.6812496
2025-11-20 17:14:01,17.6812496,1067.21875,24.0,,
2025-11-20 17:14:02,17.6812496,1067.21875,24.0,,
2025-11-20 17:14:03,17.6812496,1067.05627,24.2999992,,
2025-11-20 17:14:04,17.6812496,1067.86877,24.0625,,
2025-11-20 17:14:05,17.6812496,1067.86877,24.0625,,22.6812496
2025-11-20 17:14:06,17.6812496,1068.03125,21.5,,
2025-11-20 17:14:07,17.6812496,1067.94995,16.5375004,,
2025-11-20 17:14:08,17.6812496,1067.94995,16.5375004,,
2025-11-20 17:14:09,17.6812496,1067.94995,16.3125,,
2025-11-20 17:14:10,17.6812496,1067.94995,16.3125,,22.6812496
2025-11-20 17:14:11,17.6812496,1067.7063,16.5249996,,
2025-11-20 17:14:12,17.6812496,1068.03125,16.5,,
2025-11-20 17:14:13,17.6812496,1068.03125,16.5,,
2025-11-20 17:14:14,17.6812496,1067.21875,16.8500004,,
2025-11-20 17:14:15,17.6812496,1067.21875,16.8500004,,22.6812496
2025-11-20 17:14:16,17.6812496,1067.21875,16.7875004,,
2025-11-20 17:14:17,17.6812496,1067.21875,16.7875004,,
2025-11-20 17:14:18,17.6812496,1066.97498,17.4750004,,
2025-11-20 17:14:19,17.6812496,1067.30005,17.1000004,,
2025-11-20 17:14:20,17.6812496,1067.30005,17.1000004,,22.6812496
2025-11-20 17:14:21,17.6812496,1068.03125,17.2374992,,
2025-11-20 17:14:22,17.6812496,1067.05627,17.1000004,,
2025-11-20 17:14:23,17.6812496,1067.05627,17.1000004,,
2025-11-20 17:14:24,17.6812496,1068.03125,17.2124996,,
2025-11-20 17:14:25,17.6812496,1068.03125,17.2124996,,22.6812496
2025-11-20 17:14:26,17.6812496,1066.8125,15.25,,
2025-11-20 17:14:27,17.6812496,1066.8125,15.25,,
2025-11-20 17:14:29,17.6812496,1067.46252,12.4250002,,
2025-11-20 17:14:30,17.6812496,1067.46252,12.4250002,,22.6812496
2025-11-20 17:14:31,17.6812496,1067.625,12.2375002,,
2025-11-20 17:14:32,17.6812496,1067.625,12.2375002,,
2025-11-20 17:14:33,17.6812496,1068.4375,12.0,,
2025-11-20 17:14:34,17.6812496,1068.4375,12.0,,
2025-11-20 17:14:35,17.6812496,1069.49377,12.1000004,,22.6812496
2025-11-20 17:14:36,17.6812496,1069.49377,12.1000004,,
2025-11-20 17:14:37,17.6812496,1069.41248,11.6000004,,
2025-11-20 17:14:38,17.6812496,1069.41248,11.6000004,,
2025-11-20 17:14:39,17.6812496,1068.76245,11.4125004,,
2025-11-20 17:14:40,17.6812496,1069.1687,11.1750002,,22.6812496
2025-11-20 17:14:41,17.6812496,1068.4375,11.5249996,,
2025-11-20 17:14:42,17.6812496,1068.4375,11.5249996,,
2025-11-20 17:14:43,17.6812496,1069.08752,10.6875,,
2025-11-20 17:14:44,17.6812496,1069.08752,10.6875,,
2025-11-20 17:14:45,17.6812496,1069.08752,10.5,,22.6812496
2025-11-20 17:14:46,17.6812496,1069.08752,10.5,,
2025-11-20 17:14:47,17.6812496,1069.08752,10.5,,
2025-11-20 17:14:48,17.6812496,1068.5188,9.5625,,
2025-11-20 17:14:49,17.6812496,1068.5188,9.5625,,
2025-11-20 17:14:50,17.6812496,1068.5188,9.77499962,,22.6812496
2025-11-20 17:14:51,17.6812496,1070.38745,9.71249962,,
2025-11-20 17:14:52,17.6812496,1070.1438,9.48750019,,
2025-11-20 17:14:53,17.6812496,1070.1438,9.48750019,,
2025-11-20 17:14:54,17.6812496,1070.1438,9.53750038,,
2025-11-20 17:14:55,17.6812496,1070.1438,9.53750038,,22.6812496
2025-11-20 17:14:56,17.6812496,1070.71252,9.125,,
2025-11-20 17:14:57,17.6812496,1070.71252,9.125,,
2025-11-20 17:14:58,17.6812496,1070.875,9.33749962,,
2025-11-20 17:14:59,17.6812496,1070.55005,9.22500038,,
2025-11-20 17:15:00,17.6812496,1070.55005,9.22500038,,22.6812496
2025-11-20 17:15:01,17.6812496,1070.875,8.88749981,,
2025-11-20 17:15:02,17.6812496,1070.875,8.88749981,,
2025-11-20 17:15:03,17.6812496,1072.66248,8.72500038,,
2025-11-20 17:15:04,17.6812496,1071.52502,8.78750038,,
2025-11-20 17:15:05,17.6812496,1071.52502,8.78750038,,22.6812496
2025-11-20 17:15:06,17.6812496,1071.7688,9.53750038,,
2025-11-20 17:15:07,17.6812496,1072.25623,10.8125,,
2025-11-20 17:15:08,17.6812496,1072.25623,10.8125,,
2025-11-20 17:15:09,17.6812496,1071.84998,10.75,,
2025-11-20 17:15:10,17.6812496,1071.84998,10.75,,22.6812496
2025-11-20 17:15:11,17.6812496,1071.84998,10.75,,
2025-11-20 17:15:12,17.6812496,1072.74377,10.6750002,,
2025-11-20 17:15:13,17.6812496,1072.74377,10.6750002,,
2025-11-20 17:15:14,17.6812496,1072.5,10.3374996,,
2025-11-20 17:15:15,17.6812496,1071.44373,10.4624996,,22.6812496
2025-11-20 17:15:16,17.6812496,1071.44373,10.4624996,,
2025-11-20 17:15:17,17.6812496,1071.52502,10.1000004,,
2025-11-20 17:15:18,17.6812496,1072.66248,10.2624998,,
2025-11-20 17:15:19,17.6812496,1072.66248,10.2624998,,
2025-11-20 17:15:20,17.6812496,1072.01245,10.0375004,,22.6812496
2025-11-20 17:15:21,17.6812496,1072.01245,10.0375004,,
2025-11-20 17:15:22,17.6812496,1072.4187,9.88749981,,
2025-11-20 17:15:23,17.6812496,1071.6062,9.75,,
2025-11-20 17:15:24,17.6812496,1071.6062,9.75,,
2025-11-20 17:15:25,17.6812496,1071.93127,10.0874996,,22.6812496
2025-11-20 17:15:26,17.6812496,1071.93127,10.0874996,,
2025-11-20 17:15:27,17.6812496,1071.84998,11.6125002,,
2025-11-20 17:15:28,17.6812496,1072.4187,12.7749996,,
2025-11-20 17:15:29,17.6812496,1072.4187,12.7749996,,
2025-11-20 17:15:30,17.6812496,1073.55627,12.7250004,,22.6812496
2025-11-20 17:15:31,17.6812496,1073.55627,12.7250004,,
2025-11-20 17:15:32,17.6812496,1074.2063,12.6125002,,
2025-11-20 17:15:33,17.6812496,1073.2312,12.8374996,,
2025-11-20 17:15:34,17.6812496,1075.91248,12.8625002,,
2025-11-20 17:15:35,17.6812496,1075.91248,12.8625002,,22.6812496
2025-11-20 17:15:36,17.6812496,1074.77502,12.4125004,,
2025-11-20 17:15:37,17.6812496,1074.77502,12.4125004,,
2025-11-20 17:15:38,17.6812496,1075.34375,12.6875,,
2025-11-20 17:15:39,17.6812496,1075.34375,12.6875,,
2025-11-20 17:15:40,17.6812496,1075.26245,12.625,,22.6812496
2025-11-20 17:15:41,17.6812496,1075.91248,12.8374996,,
2025-11-20 17:15:42,17.6812496,1074.77502,12.8874998,,
2025-11-20 17:15:43,17.6812496,1074.77502,12.8874998,,
2025-11-20 17:15:44,17.6812496,1076.5625,12.4875002,,
2025-11-20 17:15:45,17.6812496,1076.5625,12.4875002,,22.6812496
2025-11-20 17:15:46,17.6812496,1076.96875,14.375,,
2025-11-20 17:15:47,17.6812496,1077.2937,16.1375008,,
2025-11-20 17:15:48,17.6812496,1077.2937,16.1375008,,
2025-11-20 17:15:49,17.6812496,1077.2937,16.5375004,,
2025-11-20 17:15:50,17.6812496,1078.67505,16.5375004,,22.6812496
2025-11-20 17:15:51,17.6812496,1078.83752,16.5249996,,
2025-11-20 17:15:52,17.6812496,1078.83752,16.5249996,,
2025-11-20 17:15:53,17.6812496,1079.24377,16.5375004,,
2025-11-20 17:15:54,17.6812496,1079.24377,16.5375004,,
2025-11-20 17:15:55,17.6812496,1077.78125,16.5874996,,22.6812496
2025-11-20 17:15:56,17.6812496,1078.34998,16.3875008,,
2025-11-20 17:15:57,17.6812496,1078.34998,16.3875008,,
2025-11-20 17:15:58,17.6812496,1077.78125,16.4500008,,
2025-11-20 17:15:59,17.6812496,1077.78125,16.4500008,,
2025-11-20 17:16:00,17.6812496,1078.2688,16.4750004,,22.6812496
2025-11-20 17:16:01,17.6812496,1078.1875,16.7749996,,
2025-11-20 17:16:02,17.6812496,1078.1875,16.7749996,,
2025-11-20 17:16:03,17.6812496,1079.40625,16.4874992,,
2025-11-20 17:16:04,17.6812496,1078.02502,16.875,,
2025-11-20 17:16:05,17.6812496,1078.02502,16.875,,22.6812496
2025-11-20 17:16:06,17.6812496,1080.78748,16.6375008,,
2025-11-20 17:16:07,17.6812496,1080.78748,16.6375008,,
2025-11-20 17:16:08,17.6812496,1079.8125,17.0625,,
2025-11-20 17:16:09,17.6812496,1079.8125,17.0625,,
2025-11-20 17:16:10,17.6812496,1080.78748,17.0750008,,22.6812496
2025-11-20 17:16:11,17.6812496,1080.78748,17.0750008,,
2025-11-20 17:16:13,17.6812496,1082.25,17.7000008,,
2025-11-20 17:16:14,17.6812496,1081.76245,17.3875008,,
2025-11-20 17:16:15,17.6812496,1081.76245,17.3875008,,22.6812496
2025-11-20 17:16:16,17.6812496,1084.11877,17.7374992,,
2025-11-20 17:16:17,17.6812496,1084.11877,17.7374992,,
2025-11-20 17:16:18,17.6812496,1083.1438,17.1875,,
2025-11-20 17:16:19,17.6812496,1083.1438,17.2749996,,
2025-11-20 17:16:20,17.6812496,1083.0625,17.2749996,,22.6812496
2025-11-20 17:16:21,17.6812496,1083.0625,17.5625,,
2025-11-20 17:16:22,17.6812496,1085.17505,17.5375004,,
2025-11-20 17:16:23,17.6812496,1085.17505,17.5375004,,
2025-11-20 17:16:24,17.6812496,1084.84998,17.1625004,,
2025-11-20 17:16:25,17.6812496,1085.25623,17.2625008,,22.6812496
2025-11-20 17:16:26,17.6812496,1085.25623,17.2625008,,
2025-11-20 17:16:27,17.6812496,1085.82495,17.0499992,,
2025-11-20 17:16:28,17.6812496,1085.82495,17.0499992,,
2025-11-20 17:16:29,17.6812496,1085.90625,16.9125004,,
2025-11-20 17:16:30,17.6812496,1085.09375,16.7875004,,22.6812496
2025-11-20 17:16:31,17.6812496,1085.09375,16.7875004,,
2025-11-20 17:16:32,17.6812496,1085.82495,16.9750004,,
2025-11-20 17:16:33,17.6812496,1085.82495,16.9750004,,
2025-11-20 17:16:34,17.6812496,1087.36877,16.7875004,,
2025-11-20 17:16:35,,,,,22.6812496
2025-11-20 17:16:36,17.6812496,1087.44995,16.875,,
2025-11-20 17:16:37,17.6812496,1087.44995,16.875,,
2025-11-20 17:16:38,17.6812496,1088.75,16.9624996,,
2025-11-20 17:16:39,17.6812496,1088.75,16.9624996,,
2025-11-20 17:16:40,17.6812496,1088.18127,16.7875004,,22.6812496
2025-11-20 17:16:41,17.6812496,1088.18127,16.7875004,,
2025-11-20 17:16:42,17.6812496,1087.9375,16.7875004,,
2025-11-20 17:16:43,17.6812496,1087.9375,16.3250008,,
2025-11-20 17:16:44,17.6812496,1088.75,16.6375008,,
2025-11-20 17:16:45,17.6812496,1088.75,16.6375008,,22.6812496
2025-11-20 17:16:46,17.6812496,1087.8562,16.3500004,,
2025-11-20 17:16:47,17.6812496,1088.50623,16.2250004,,
2025-11-20 17:16:48,17.6812496,1088.50623,16.2250004,,
2025-11-20 17:16:49,17.6812496,1089.96875,16.375,,
2025-11-20 17:16:50,17.6812496,1089.96875,16.375,,22.6812496
2025-11-20 17:16:51,17.6812496,1089.80627,17.5,,
2025-11-20 17:16:52,17.6812496,1090.13123,18.9375,,
2025-11-20 17:16:53,17.6812496,1090.13123,18.9375,,
2025-11-20 17:16:54,17.6812496,1091.43127,18.5125008,,
2025-11-20 17:16:55,17.6812496,1091.34998,18.5249996,,22.6812496
2025-11-20 17:16:56,17.6812496,1091.34998,18.5249996,,
2025-11-20 17:16:57,17.6812496,1091.43127,18.6875,,
2025-11-20 17:16:58,17.6812496,1091.43127,18.6875,,
2025-11-20 17:16:59,17.6812496,1091.9187,18.875,,
2025-11-20 17:17:00,17.6812496,1091.9187,18.875,,22.6812496
2025-11-20 17:17:01,17.6812496,1091.2688,18.8500004,,
2025-11-20 17:17:02,17.6812496,1091.2688,18.75,,
2025-11-20 17:17:03,17.6812496,1091.1062,18.75,,
2025-11-20 17:17:04,17.6812496,1091.2688,18.7250004,,
2025-11-20 17:17:05,17.6812496,1091.2688,18.7250004,,22.6812496
2025-11-20 17:17:06,17.6812496,1092.0,18.9624996,,
2025-11-20 17:17:07,17.6812496,1092.0,18.9624996,,
2025-11-20 17:17:08,17.6812496,1092.0,18.9624996,,
2025-11-20 17:17:09,17.6812496,1092.8125,18.6375008,,
2025-11-20 17:17:10,17.6812496,1092.8125,18.6375008,,22.6812496
2025-11-20 17:17:11,17.6812496,1093.05627,18.6375008,,
2025-11-20 17:17:12,17.6812496,1093.05627,18.6375008,,
2025-11-20 17:17:13,17.6812496,1095.3313,21.2000008,,
2025-11-20 17:17:14,17.6812496,1095.3313,21.2000008,,
2025-11-20 17:17:15,17.6812496,1094.11255,21.2250004,,22.6812496
2025-11-20 17:17:16,17.6812496,1094.11255,21.2250004,,
2025-11-20 17:17:17,17.6812496,1094.59998,21.125,,
2025-11-20 17:17:18,17.6812496,1094.76245,21.0499992,,
2025-11-20 17:17:19,17.6812496,1094.76245,21.0499992,,
2025-11-20 17:17:20,17.6812496,1094.76245,21.25,,22.6812496
2025-11-20 17:17:21,17.6812496,1096.55005,21.25,,
2025-11-20 17:17:22,17.6812496,1096.55005,21.1000004,,
2025-11-20 17:17:23,17.6812496,1095.9812,21.0750008,,
2025-11-20 17:17:24,17.6812496,1095.9812,21.0750008,,
2025-11-20 17:17:25,17.6812496,1097.6062,21.5499992,,22.6812496
2025-11-20 17:17:26,17.6812496,1097.6062,21.5499992,,
2025-11-20 17:17:27,17.6812496,1097.6062,21.2000008,,
2025-11-20 17:17:28,17.6812496,1098.33752,21.2000008,,
2025-11-20 17:17:29,17.6812496,1098.17505,21.375,,
2025-11-20 17:17:30,17.6812496,1098.17505,21.375,,22.6812496
2025-11-20 17:17:31,17.6812496,1097.6062,22.5125008,,
2025-11-20 17:17:32,17.6812496,1097.6062,22.5125008,,
2025-11-20 17:17:33,17.6812496,1098.25623,23.1000004,,
2025-11-20 17:17:34,17.6812496,1098.25623,23.1000004,,
2025-11-20 17:17:35,17.6812496,1097.6875,22.9874992,,22.6812496
2025-11-20 17:17:36,17.6812496,1097.6062,23.5125008,,
2025-11-20 17:17:37,17.6812496,1097.7688,23.125,,
2025-11-20 17:17:38,17.6812496,1097.7688,23.125,,
2025-11-20 17:17:39,17.6812496,1098.25623,23.3374996,,
2025-11-20 17:17:40,17.6812496,1098.5813,23.3999996,,22.6812496
2025-11-20 17:17:41,17.6812496,1098.5813,23.3999996,,
2025-11-20 17:17:42,17.6812496,1097.7688,23.2749996,,
2025-11-20 17:17:43,17.6812496,1097.7688,23.2749996,,
2025-11-20 17:17:44,17.6812496,1098.01245,23.2999992,,
2025-11-20 17:17:45,17.6812496,1097.6875,23.0375004,,22.6812496
2025-11-20 17:17:46,17.6812496,1097.6875,23.0375004,,
2025-11-20 17:17:47,17.6812496,1099.47498,23.6375008,,
2025-11-20 17:17:49,17.6812496,1099.47498,23.6375008,,
2025-11-20 17:17:50,17.6812496,1099.15002,23.3374996,,22.6812496
2025-11-20 17:17:51,17.6812496,1099.63745,23.2250004,,
2025-11-20 17:17:52,17.6812496,1099.63745,23.2250004,,
2025-11-20 17:17:53,17.6812496,1098.90625,24.0499992,,
2025-11-20 17:17:54,17.6812496,1098.90625,24.0499992,,
2025-11-20 17:17:55,17.6812496,1100.0437,24.2875004,,22.6812496
2025-11-20 17:17:56,17.6812496,1100.0437,24.2875004,,
2025-11-20 17:17:57,17.6812496,1099.15002,24.2374992,,
2025-11-20 17:17:58,17.6812496,1100.0437,24.0874996,,
2025-11-20 17:17:59,17.6812496,1100.0437,24.0874996,,
2025-11-20 17:18:00,17.6812496,1100.9375,24.4125004,,22.6812496
2025-11-20 17:18:01,17.6812496,1101.42505,24.625,,
2025-11-20 17:18:02,17.6812496,1101.42505,24.625,,
2025-11-20 17:18:03,17.6812496,1101.34375,23.7374992,,
2025-11-20 17:18:04,17.6812496,1101.34375,23.7374992,,
2025-11-20 17:18:05,17.6812496,1101.0188,24.0499992,,22.6812496
2025-11-20 17:18:06,17.6812496,1101.0188,24.0499992,,
2025-11-20 17:18:07,17.6812496,1100.61255,23.9624996,,
2025-11-20 17:18:08,17.6812496,1100.61255,23.9624996,,
2025-11-20 17:18:09,17.6812496,1101.91248,24.1375008,,
2025-11-20 17:18:10,17.6812496,1101.58752,24.5125008,,22.6812496
2025-11-20 17:18:11,17.6812496,1101.75,24.0375004,,
2025-11-20 17:18:12,17.6812496,1101.75,24.0375004,,
2025-11-20 17:18:13,17.6812496,1101.75,24.1499996,,
2025-11-20 17:18:14,17.6812496,1101.91248,24.1499996,,
2025-11-20 17:18:15,17.6812496,1101.34375,24.4375,,22.6812496
2025-11-20 17:18:16,17.6812496,1101.34375,24.4375,,
2025-11-20 17:18:17,17.6812496,1101.99377,26.5750008,,
2025-11-20 17:18:18,17.6812496,1100.9375,26.5625,,
2025-11-20 17:18:19,17.6812496,1100.9375,26.5625,,
2025-11-20 17:18:20,17.6812496,1100.77502,26.6749992,,22.6812496
2025-11-20 17:18:21,17.6812496,1100.77502,26.6749992,,
2025-11-20 17:18:22,17.6812496,1101.91248,26.8875008,,
2025-11-20 17:18:23,17.6812496,1101.58752,26.9125004,,
2025-11-20 17:18:24,17.6812496,1101.58752,26.9125004,,
2025-11-20 17:18:25,17.6812496,1099.15002,26.9624996,,22.6812496
2025-11-20 17:18:26,17.6812496,1099.15002,26.9624996,,
2025-11-20 17:18:27,17.6812496,1099.06873,26.5125008,,
2025-11-20 17:18:28,17.6812496,1099.06873,26.5125008,,
2025-11-20 17:18:29,17.6812496,1099.06873,26.7749996,,
2025-11-20 17:18:30,17.6812496,1100.28748,26.6625004,,22.6812496
2025-11-20 17:18:31,17.6812496,1100.28748,26.6625004,,
2025-11-20 17:18:32,17.6812496,1099.15002,26.7374992,,
2025-11-20 17:18:33,17.6812496,1099.06873,26.6499996,,
2025-11-20 17:18:34,17.6812496,1098.33752,26.5499992,,
2025-11-20 17:18:35,17.6812496,1098.33752,26.5499992,,22.6812496
2025-11-20 17:18:36,17.6812496,1098.4187,26.5874996,,
2025-11-20 17:18:37,17.6812496,1098.4187,26.5874996,,
2025-11-20 17:18:38,17.6812496,1098.66248,26.2250004,,
2025-11-20 17:18:39,17.6812496,1097.52502,26.6375008,,
2025-11-20 17:18:40,17.6812496,1097.52502,26.6375008,,22.6812496
